2815
0: 139 2722 141 2629 555 620 2282 496 1648 2076 1590 2421 602 1083 701 703 554 
139: 0 14 37 51 620 1650 756 141 149 2704 1047 285 1189 2085 553 554 555 2484 1083 1857 2624 583 331 1615 2001 602 1115 2774 549 868 
2722: 0 27 28 49 131 198 249 261 292 401 418 426 436 440 445 486 492 494 586 600 660 693 698 708 726 795 796 835 853 864 885 955 971 1006 1092 1095 1105 1144 1174 1224 1267 1282 1317 1372 1384 1415 1416 1444 1531 1558 1563 1579 1583 1590 1608 1724 1821 1824 1872 1930 1979 1980 2010 2032 2061 2111 2174 2184 2208 2270 2277 2280 2302 2323 2331 2332 2343 2355 2377 2398 2438 2451 2473 2500 2501 2513 2522 2618 2642 2672 2701 2711 2720 2760 
141: 0 139 14 1666 2083 494 368 885 1399 2674 768 1153 643 404 1045 407 1307 1823 1190 1958 2217 181 1083 2704 2624 719 1615 601 348 1763 
2629: 0 6 9 10 16 24 51 53 54 55 71 77 88 91 95 121 123 124 131 142 146 149 162 163 167 170 174 181 184 189 191 198 203 204 226 230 237 238 242 243 247 254 264 268 277 279 294 296 298 299 304 307 310 314 316 317 320 339 343 356 368 371 373 386 395 403 407 411 415 426 427 431 439 449 473 476 479 484 492 493 503 508 515 522 535 539 541 545 546 547 552 559 561 562 563 566 569 572 574 576 580 582 602 604 606 612 622 625 637 640 643 651 652 654 670 683 690 693 699 700 701 705 706 715 721 723 725 726 727 731 739 745 747 752 757 758 773 774 786 802 808 810 835 852 853 864 867 871 878 885 886 888 902 919 926 931 945 948 951 952 954 955 961 965 979 984 986 987 993 997 1002 1006 1007 1008 1009 1010 1017 1028 1035 1037 1038 1041 1048 1049 1055 1056 1059 1060 1063 1066 1070 1076 1083 1085 1089 1100 1101 1114 1118 1120 1121 1122 1124 1126 1130 1131 1148 1151 1153 1154 1155 1157 1161 1162 1165 1169 1172 1173 1176 1177 1184 1185 1192 1200 1209 1218 1231 1243 1247 1254 1255 1260 1270 1272 1275 1276 1277 1300 1301 1310 1318 1319 1327 1329 1338 1339 1341 1342 1344 1347 1356 1359 1362 1365 1370 1372 1373 1375 1395 1398 1399 1424 1426 1447 1449 1451 1455 1464 1483 1490 1492 1494 1502 1506 1509 1515 1517 1523 1526 1528 1533 1534 1548 1549 1553 1557 1558 1560 1567 1571 1572 1576 1590 1592 1598 1617 1619 1626 1627 1635 1640 1645 1657 1661 1662 1663 1666 1684 1685 1689 1697 1699 1702 1707 1713 1721 1727 1729 1735 1746 1757 1768 1769 1785 1796 1803 1815 1827 1832 1838 1848 1851 1853 1857 1876 1887 1889 1906 1917 1931 1949 1951 1961 1971 1972 1990 1993 2001 2011 2013 2022 2023 2026 2033 2036 2037 2041 2042 2047 2049 2052 2073 2081 2083 2088 2093 2098 2110 2115 2125 2128 2141 2149 2150 2152 2154 2160 2162 2167 2171 2179 2198 2201 2202 2226 2232 2242 2247 2254 2256 2257 2261 2262 2281 2285 2287 2300 2302 2314 2325 2326 2329 2332 2337 2346 2348 2350 2358 2366 2370 2371 2372 2382 2388 2392 2404 2416 2423 2425 2429 2433 2452 2459 2466 2469 2472 2475 2480 2481 2483 2497 2502 2504 2506 2522 2524 2525 2528 2543 2550 2553 2570 2574 2575 2576 2594 2602 2606 2625 2773 2631 2636 2655 2665 2669 2677 2698 2708 2717 2720 2734 2649 2745 2750 2758 2761 2774 2776 2783 2786 2792 2795 2808 2810 
555: 0 139 97 149 176 200 218 244 268 403 553 554 2150 755 1907 1169 898 2183 2704 665 2624 1186 2085 1963 559 1711 2775 1076 2098 1083 1291 2217 583 2757 1697 1747 2260 2772 2776 1912 993 2398 
620: 0 139 583 588 909 784 2001 1083 2774 2108 1316 1881 
2282: 0 53 995 1912 2022 
496: 0 37 75 86 143 296 327 351 406 426 477 494 1618 603 1871 747 2669 885 1270 1997 2596 2041 1533 2044 515 643 1372 522 2314 1167 530 1683 1884 1477 2415 1949 825 1572 2509 2255 1066 1579 685 1327 560 2477 2356 604 755 1590 2011 553 1209 1849 955 1212 701 830 2745 2481 566 2439 1313 1291 703 2763 1905 2498 601 602 1917 864 810 2016 1763 1381 
1648: 0 3 199 387 396 415 425 493 615 643 695 755 756 777 818 950 973 993 1017 1078 1115 1124 1280 1283 1310 1311 1313 1341 1368 1370 1424 1442 1493 1515 1537 2418 2164 2296 2806 2044 2692 2317 1681 1817 2075 2041 1958 1705 1988 2223 2551 2224 2502 1856 1857 2779 1865 2506 1874 2004 1886 1764 
2076: 0 14 89 91 130 156 174 181 185 189 199 214 232 243 285 292 300 317 321 322 324 350 372 390 409 410 411 414 425 430 491 503 519 530 535 537 539 541 572 596 599 602 606 607 643 644 669 673 674 679 689 703 715 725 730 740 776 788 789 791 804 807 809 810 812 836 839 885 901 902 903 909 931 964 968 970 998 1014 1045 1054 1063 1080 1102 1108 1115 1119 1120 1127 1156 1169 1172 1201 1223 1239 1249 1251 1259 1293 1294 1306 1322 1349 1352 1370 1378 1428 1452 1505 1510 1512 1533 1547 1557 1573 1590 1597 1635 1683 1706 1737 1758 1797 1820 1861 1874 1875 1915 1918 1931 1958 1969 2019 2022 2041 2048 2060 2536 2617 2533 2562 2085 2596 2108 2124 2551 2156 2159 2669 2674 2130 2809 2187 2188 2701 2198 2713 2217 2729 2223 2246 2398 2768 2806 2302 2309 2618 2325 2348 2349 2756 2339 2458 2185 2507 2515 
1590: 0 2722 2629 496 2076 203 259 264 390 515 530 649 701 734 740 788 789 791 793 868 907 951 975 992 1101 1102 1156 1157 1169 1222 1239 1264 1269 1353 1397 1401 1513 1533 1542 2022 2019 1830 2679 1904 2340 2290 1683 2305 2048 2395 1941 2583 2584 2585 1949 2587 2589 2590 2591 2773 2339 2595 2596 1798 2649 1596 2588 2421 1715 2482 1998 1849 2497 1797 1863 2586 2505 2255 2370 2768 2166 2267 1992 
2421: 0 1590 27 127 214 285 350 356 372 377 380 445 476 477 493 596 643 725 740 752 755 777 810 829 834 836 839 864 887 906 934 941 953 955 975 998 1027 1034 1045 1061 1078 1108 1115 1142 1157 1165 1169 1185 1263 1286 1318 1319 1368 1370 1381 1383 1434 1442 1505 1507 1524 1552 1567 1568 1584 1715 1723 1733 1738 1763 1764 1820 1823 1831 1875 1917 2044 2049 2060 2063 2097 2136 2153 2182 2183 2184 2198 2217 2257 2300 2302 2307 2372 2551 2608 2669 2674 2730 2745 2432 2439 2441 2456 2460 2476 
602: 0 139 2629 496 2076 2 27 37 50 52 74 79 82 89 91 106 127 129 155 156 165 174 185 189 199 204 206 207 210 214 215 230 232 238 263 268 273 285 292 300 315 316 321 341 349 355 364 376 377 381 384 386 407 408 409 410 411 418 426 446 459 472 484 486 491 503 509 528 530 534 535 537 539 541 549 552 553 554 562 567 568 573 599 601 998 1019 1020 1023 1034 1047 1070 1074 1080 1089 1100 1101 1102 2716 1108 1117 1120 1127 2041 1142 1144 1154 1184 1185 1188 1189 1197 1206 1222 1226 1247 1264 1272 1274 703 1288 1296 1303 1306 1313 1314 1337 1357 1388 1397 1401 2091 1437 1443 1499 1509 1521 1524 1537 1539 1544 1547 1557 1560 1573 1574 1587 1589 1597 1600 1612 1621 1630 1635 1641 1643 1646 1649 1659 1695 1701 1706 1708 1709 1713 1718 1723 1737 1738 1763 1784 1792 1796 1812 1823 1831 1835 1840 1846 1861 1867 1868 1874 1875 1884 1900 1907 1917 1918 1922 1936 1940 1952 1954 1967 1978 1980 1998 2003 2015 2017 2022 2533 2046 2048 2060 2082 2083 2085 2108 2118 2129 2131 2134 2154 2156 2171 2176 2181 2187 2193 2217 2224 2228 2229 2232 2226 2249 2255 2296 2302 2307 2309 2325 2340 2348 2584 2351 2353 2359 2382 2388 2395 2409 2416 2431 2442 2459 2460 2467 2482 2484 2493 2506 2507 2511 2515 2526 2534 2540 2543 2544 2547 2572 2574 2583 2585 2586 2587 2588 2589 2590 2591 2600 2607 2609 2621 2622 2627 2646 2641 603 604 606 623 2666 2674 637 644 2692 651 2698 2709 671 2714 673 674 2719 2725 2745 705 706 2753 712 714 2761 725 2768 2772 732 2777 740 751 752 2797 763 767 768 2809 2810 774 783 784 788 789 791 2665 803 807 808 812 821 863 866 868 880 893 901 902 907 909 924 934 951 953 955 965 968 988 
1083: 0 139 141 2629 555 620 52 75 163 179 284 290 319 399 423 430 440 473 488 541 554 606 693 714 759 881 2156 1394 2595 1658 1918 1792 2183 1807 1698 1572 2085 2349 2224 1461 2622 1990 1970 1102 1746 2135 2646 1117 1631 1888 1125 
701: 0 2629 496 1590 16 37 143 327 425 426 504 553 560 601 747 755 884 1270 2439 2695 1552 1683 2576 1477 2415 1572 2669 810 2726 948 1778 2356 1209 1849 1212 1607 1313 1993 2546 2255 1875 1494 1884 
703: 0 496 2076 602 3 37 79 89 104 144 243 244 300 329 351 376 398 407 411 472 537 552 601 606 673 674 695 1012 2035 2046 2048 1547 2060 1553 1045 1047 1573 2600 2091 1266 2627 2607 2608 1080 1594 2108 1600 2621 2622 1607 1185 2120 1100 1101 1613 1697 1615 1868 2128 1108 1117 1630 1120 2154 1646 2678 1660 1666 1158 2690 2193 1184 2209 1202 1206 2228 706 1737 1738 1747 2515 2779 738 1762 755 2296 2745 2302 1796 777 784 786 1303 1819 1820 1831 2351 1843 1861 1357 1886 1381 2409 2595 2416 1397 1398 1401 1402 2424 2436 1418 907 2460 929 941 1587 953 955 1470 906 964 2439 968 973 2506 1997 1998 1501 2017 
554: 0 139 555 602 1083 95 97 176 185 243 261 348 403 419 427 440 468 476 477 507 521 553 1512 1006 2041 2044 1034 1567 2079 1573 2083 2085 1579 556 1583 2098 1078 2624 583 2118 1697 601 1115 1117 2141 1123 2153 2165 1147 643 1678 1169 1688 1186 2217 698 1212 1224 2757 2764 1747 2772 2774 2775 2776 1251 1763 1766 1767 2281 755 756 2302 1289 1291 2365 1870 2674 2392 2398 2399 1897 1394 885 2427 901 2439 2451 1949 1958 1755 1963 651 1483 2517 2010 
14: 139 141 2076 1 12 1004 1009 1010 1012 1019 1034 1078 1084 1089 1100 2391 1102 1108 1115 1117 1148 1150 1151 1152 1153 1155 1158 1169 2729 1186 1189 1190 1191 1196 219 1204 1214 2735 1219 1221 1223 1226 1228 1237 1249 1250 1251 1254 1269 1275 1276 1277 1278 1279 1283 1284 1290 1291 1307 1309 1321 1329 1330 1341 1345 1346 1351 1355 1367 1370 1372 1381 1384 1385 1394 1410 1412 1413 1422 1424 388 1431 1446 1450 1452 1456 1459 1473 1483 2104 1531 1545 2792 2454 1597 1604 758 1607 1615 1618 1635 85 1647 1649 1656 89 1666 1677 1681 1689 1704 1729 1730 1736 1738 1740 1744 1746 1747 1769 1792 1796 1798 1799 1808 1812 1821 1823 1838 1839 1844 1861 1868 1870 1878 1881 1896 1905 1911 1922 1924 1928 1934 1954 1955 1957 1962 1969 1971 1973 1976 1980 146 2017 2022 2035 2036 2046 2052 2196 2065 2066 2069 2070 32 2079 2082 2083 2085 48 55 2097 2099 2543 64 70 71 75 82 2124 2126 2128 88 2130 91 2134 2143 104 2146 2147 2153 2154 2156 122 123 2165 2166 133 2178 142 2187 152 155 2199 2201 2206 2210 2212 173 174 2216 177 188 2230 200 209 212 218 2260 225 2271 238 2281 2287 2293 2297 256 2302 263 2578 272 2318 2319 289 290 2336 298 301 2348 2351 2358 2359 324 326 2370 331 334 2378 2383 2388 348 2393 2394 2398 359 2405 367 368 2416 377 2427 2431 389 393 2439 403 404 405 407 408 409 410 411 2455 2460 422 2466 2468 429 430 563 441 444 2491 565 2498 2500 2505 2509 2513 472 473 476 2523 2524 491 2535 2538 497 498 501 506 2549 509 510 522 2568 2572 2573 2575 535 537 2593 2600 2602 2627 2608 567 573 2618 2624 584 586 2636 2643 251 2646 606 2655 619 2665 2666 2667 2678 2682 643 2686 645 659 2703 665 669 670 2713 673 674 681 687 693 2745 2748 2749 2753 716 725 728 729 2772 738 740 743 751 754 756 2798 2801 766 772 785 786 790 791 793 801 802 810 843 848 867 869 878 880 883 885 893 896 898 901 1664 945 946 947 308 954 957 965 972 985 
37: 139 496 602 701 703 2 426 12 998 2533 2540 2543 503 1019 1020 2046 2048 1547 2060 1557 535 1560 537 539 2583 2584 2585 2586 2587 2589 2590 2591 1573 552 2086 2600 1070 51 1074 2607 2608 2609 567 1080 1597 2108 1600 2621 1695 2035 2627 673 1100 1101 1442 86 89 91 601 2646 604 1117 606 1119 1635 106 1127 2151 2153 2154 2156 1144 2678 637 2300 1671 2696 863 156 671 1184 1185 674 1188 2719 1701 774 174 185 695 189 2232 1630 2226 706 1222 1737 1738 2249 214 1747 2768 2777 1762 740 2274 2656 238 1264 755 603 1275 2745 768 2301 2302 1797 1288 268 784 786 1306 1819 1646 965 803 2340 881 810 285 301 1838 2348 1330 2351 821 1846 324 1861 839 2588 1358 1875 1884 2395 1886 2397 868 1659 880 129 1296 1905 2416 1397 376 1401 292 381 1917 1918 2622 300 902 906 2439 2445 1412 1437 2460 1951 1952 1826 430 2482 951 2484 953 2493 907 1521 968 461 2098 1998 1999 2511 472 2519 988 1505 
51: 139 2629 37 426 229 643 2364 885 2226 2526 1936 378 1757 
1650: 139 998 149 69 102 1897 2168 1349 1766 2141 2524 2806 2319 834 459 706 1150 1870 1881 2069 2079 82 123 2439 404 2568 170 2654 2337 371 907 599 1318 440 689 1368 2217 30 39 275 350 421 452 652 660 752 841 871 924 986 1024 1050 1081 1170 1171 1239 1266 1322 1371 1461 1476 1497 1579 2530 2033 2556 2049 2581 2086 2644 2647 2170 2198 2708 2202 2220 2744 2244 2245 2768 1788 1846 1894 2443 2493 1990 2527 
756: 139 1648 554 14 477 601 1509 234 2430 322 149 2704 292 159 1191 69 418 1992 993 387 11 1307 86 108 243 27 181 1268 355 356 2156 15 36 58 70 74 89 91 104 150 156 158 162 174 189 198 215 244 261 285 300 345 348 353 359 368 384 448 455 478 479 488 528 530 534 535 537 539 549 556 569 643 651 660 673 674 717 754 755 1512 2533 2534 1006 2543 1021 1023 1536 1030 2052 1345 2057 2576 893 2625 2118 1579 979 1596 2624 1100 1101 1697 1615 2657 1642 2164 2674 2677 1665 2183 2132 1166 1169 1684 1694 1184 2050 1189 1190 2223 1034 864 2242 1226 1741 1920 2768 2781 1763 1127 1272 2296 2806 768 1796 1583 1729 1515 1810 2321 793 1306 1685 1316 808 1838 2359 830 2365 2367 839 1568 2382 2165 853 855 2410 881 885 1398 1909 1912 1915 902 907 910 1424 1936 1939 2451 2454 925 1221 931 1924 1961 1670 2478 963 2497 2524 2504 1489 1491 
149: 139 2629 555 1650 756 601 381 3 998 234 1874 1918 2430 516 518 790 322 2302 20 55 69 70 148 2019 489 2022 2533 1006 2191 1512 2543 1513 491 517 519 399 1034 2117 2451 530 2065 2576 534 2454 1056 1864 1060 549 553 367 1583 2605 2608 1080 569 1596 1598 1599 578 584 2118 1100 1101 1616 1618 2132 2718 1117 2141 2145 2470 1447 2160 1653 766 2165 2167 2677 2679 1150 174 1152 853 646 1160 2726 150 151 1687 2198 158 1690 2204 673 2716 1699 348 2215 2217 182 185 2739 700 193 693 201 1223 712 2246 1737 715 1741 719 2768 727 728 220 612 2781 740 1764 2277 2281 247 1272 528 2297 2806 1795 2305 1797 2618 788 789 791 1815 1307 285 2332 1826 804 806 807 808 809 299 1169 1327 1332 205 1338 830 321 324 1348 839 841 1866 844 847 1870 849 2674 1875 1371 2392 356 359 1535 364 1900 881 1394 2415 884 1491 1399 2596 891 1404 893 1917 2429 390 902 903 1919 906 907 909 910 2504 1424 1936 667 1752 1434 2458 420 1924 425 938 2477 948 439 440 952 1927 1466 964 2497 455 1993 1488 1489 1490 979 1495 2006 1252 2009 315 2523 1507 
2704: 139 141 555 756 50 601 730 3 1874 2430 518 2302 53 69 91 115 133 151 158 159 174 181 186 198 243 244 285 348 359 368 390 399 420 439 445 479 488 492 503 517 523 528 530 534 535 536 537 553 569 588 632 653 671 673 712 740 766 768 788 791 810 830 839 846 855 868 876 884 886 903 907 910 931 938 955 959 964 1100 1101 1117 1127 1139 1149 1154 1169 1176 1188 1189 1190 1191 1209 1252 1273 1288 1301 1320 1322 1398 1417 1437 1489 1495 1510 1515 1547 1549 1572 1573 1587 1609 1615 1616 1617 1618 1646 1659 1684 1737 1738 1795 1797 1826 1870 1875 1912 1917 1993 2014 2022 2048 2085 2108 2118 2190 2198 2204 2215 2217 2219 2305 2351 2391 2456 2458 2460 2470 2478 2523 2526 2557 2576 2618 2624 2657 2677 2678 2679 
1047: 139 602 703 2193 1370 2745 1666 1151 2351 1594 2607 953 755 786 1831 1117 2735 1412 1738 1861 1868 2046 104 2416 407 2460 606 2655 2678 1737 1763 777 25 329 540 552 556 603 676 784 837 906 968 1127 2533 1646 1266 1398 2296 2108 1547 1553 1573 1319 1819 2091 1501 1202 1206 2228 1217 2621 2622 1101 1613 1997 2048 2209 2768 2506 1630 2779 
285: 139 2076 2421 602 37 756 149 2704 426 941 2193 1381 2044 601 2041 1666 1918 518 322 2302 934 315 316 1542 321 1115 2011 1511 758 387 646 179 2224 1475 2763 425 1268 355 356 901 643 2191 755 2467 2098 2806 459 1805 2335 1723 1152 1473 1647 1747 1796 1823 2022 2082 2085 2154 2281 331 2405 377 2427 2439 404 405 407 408 430 2568 2666 869 898 147 1045 351 2654 1659 1188 519 1048 2347 1368 1912 2226 2108 1119 1518 1033 1267 1616 423 1670 675 1717 702 718 1378 745 1262 1265 2307 536 2325 1820 1322 327 839 347 349 350 1388 1931 1426 1937 1945 415 2015 483 2528 
1189: 139 602 14 756 2704 426 601 1158 322 1191 993 1511 1897 1307 179 445 86 243 425 2607 181 411 768 13 152 535 348 1190 2359 2624 1615 2098 2118 2524 406 1610 135 2335 18 28 54 71 83 88 89 110 111 117 123 124 174 189 203 244 331 368 384 403 423 478 483 484 528 530 534 537 559 579 603 604 607 657 674 688 725 740 753 839 868 870 902 907 909 935 975 1033 1048 1050 1100 1101 1127 1510 1512 2022 1518 1936 2049 2574 1587 1621 2159 2160 1958 2184 2696 2190 2202 1693 1695 1699 1701 2217 1217 1729 1732 1747 2768 1247 1382 1796 1561 1831 2427 1849 2507 2410 1915 2460 1979 1980 1490 1507 2515 1763 
2085: 139 555 2076 602 1083 554 14 2704 285 477 1381 1370 1666 934 1115 2011 1511 2166 86 643 755 582 1034 1290 1681 1747 1823 1928 2036 2052 2079 97 104 174 323 331 368 386 491 507 558 603 685 810 955 1045 1052 1066 1318 1366 1368 1573 1699 1935 2532 2774 2165 2682 2493 2217 2138 2772 2439 2669 2124 
553: 139 555 496 602 701 554 149 2704 477 1381 1370 2745 1156 2302 2065 1157 292 1115 993 1511 367 1307 1594 535 1190 2098 2118 885 1152 1169 1747 1838 2153 2165 142 218 2281 289 2398 2439 429 2600 619 674 693 2772 810 2809 539 964 2679 2669 2306 907 1699 615 1006 1697 1289 967 2725 1127 1993 2217 2540 503 2609 1101 1630 603 1288 268 1884 752 1841 144 1050 2810 97 112 151 294 468 494 507 1026 1552 559 1611 1660 2726 2705 1688 2253 2764 2774 2775 2776 796 1822 1829 1872 1366 1963 
2484: 139 602 37 2745 2011 445 643 2348 539 1045 549 1264 379 546 680 1554 1843 2276 
1857: 139 2629 1648 426 1151 1156 1158 1157 292 1511 1897 758 2166 385 387 11 2224 1690 445 1475 2763 27 425 531 2156 643 1674 2191 152 535 755 1766 2359 26 83 111 115 124 135 138 140 144 158 174 182 189 284 331 364 378 386 406 408 423 430 467 474 483 524 537 547 581 584 599 706 715 751 752 834 839 870 889 1071 1101 1149 1173 1188 1220 1223 1271 1290 1316 1317 1318 1319 1334 1377 1388 1471 1476 1518 1519 1534 1563 1587 1592 1610 1638 1661 1669 1694 1723 1732 1763 1767 1768 1796 1805 1819 2534 2544 2545 2049 2051 2575 2624 2152 2118 2121 2141 2154 2669 2630 1958 2683 2198 2202 2050 2733 2231 2746 2761 2657 2797 2299 2809 2577 2309 2316 2319 2348 2358 2525 2364 1859 2369 2179 2335 1895 1896 2339 2452 2439 1934 2448 1942 1944 2459 2460 1971 1976 2499 2015 2010 2524 2016 2018 
2624: 139 141 555 554 14 756 2704 1189 1857 601 1666 1874 1151 1918 1158 322 2302 1157 1191 315 321 1992 1115 993 1511 1897 758 387 11 12 1307 179 445 86 27 425 531 181 2156 768 643 13 2191 535 1310 348 1190 2467 2359 54 65 79 83 89 91 95 111 112 113 124 135 174 189 203 244 269 327 331 351 368 384 406 423 430 463 467 478 519 530 534 537 546 558 607 667 671 674 688 706 722 740 752 839 862 870 889 902 907 909 924 929 935 964 965 970 975 1025 1033 1080 1100 1101 1104 1108 1114 1127 1142 1161 1220 1290 1322 1341 1368 1376 1382 1431 1490 1491 1510 1518 1548 1557 1558 1561 1610 1615 1618 1621 1649 1695 1699 1701 1729 1745 1763 1764 1767 1792 1796 1805 1806 1846 1905 1915 1928 1936 1944 1958 1969 1980 2022 2042 2049 2060 2075 2098 2103 2116 2118 2141 2159 2184 2198 2230 2323 2335 2340 2348 2364 2410 2416 2418 2460 2472 2485 2507 2524 2574 2797 2695 2768 2806 2674 
583: 139 555 620 554 1085 1958 
331: 139 14 285 1189 2085 1857 2624 941 998 1151 1191 2351 1542 1115 2011 1511 836 1897 387 900 1922 1564 179 1690 445 2763 425 844 531 901 643 1674 1675 2191 1503 2141 406 834 1610 935 2358 2364 2748 722 1004 1283 1413 1618 1647 1649 1747 1969 1971 1976 2543 2154 78 83 186 203 221 269 1510 2533 1006 403 2545 2038 509 524 2574 1063 1691 1583 2103 2108 1094 1101 1646 1659 430 2710 1188 1202 702 1737 1755 1763 1471 2307 2309 2332 839 1353 1867 334 2380 340 1382 1895 1388 1399 2429 902 1421 1936 1937 408 448 964 463 2015 1998 483 2016 486 
1615: 139 141 703 14 756 2704 1189 2624 601 234 1151 1191 993 1434 1897 247 387 11 179 86 27 2492 2607 1361 181 2156 768 348 1190 755 1907 864 89 110 174 189 242 263 284 363 368 397 406 429 463 478 521 528 530 534 573 658 764 870 872 902 907 955 1007 1023 1100 1101 1121 1123 1127 1129 1149 1171 1267 1284 1382 1438 1490 1491 1573 1610 2544 2793 2596 2098 2118 1620 1621 2814 2152 2667 2690 2695 1677 2189 2190 2705 2729 1729 1730 2248 2257 2768 1755 1768 2307 1822 2343 1868 1915 1936 1929 
2001: 139 2629 620 426 1370 179 643 2524 885 1108 1117 1330 1385 1747 1861 2017 2022 2046 2378 472 2618 2646 669 673 674 308 300 2349 964 79 911 237 995 1646 2622 1428 1510 1120 83 483 1426 1785 
1115: 139 1648 2076 2421 554 14 285 2085 553 2624 331 426 2193 1381 2044 1370 381 2745 730 2041 2397 1666 3 1874 1151 1156 518 2302 1157 934 1191 2351 1542 5 13 22 24 27 40 44 63 65 68 73 79 86 89 91 108 117 121 135 140 152 155 156 162 165 174 175 179 181 182 185 189 203 211 218 225 243 246 247 269 290 314 319 328 334 341 348 356 364 366 378 380 384 385 387 395 399 405 406 409 411 417 423 429 445 447 471 472 474 483 503 506 515 531 535 536 537 550 557 558 581 582 603 604 606 611 618 634 637 643 665 669 673 674 706 724 729 733 734 745 752 755 757 758 763 768 774 777 786 789 809 819 827 834 836 837 839 843 844 847 870 877 885 889 890 893 900 901 902 903 905 907 909 912 950 953 965 975 1008 1013 1020 1022 1025 1027 1044 1064 1065 1079 1080 1089 1091 1094 1096 1100 1101 1102 1104 1106 1108 1114 1117 1119 1123 1127 2596 1148 1150 1153 1155 1167 1168 1169 1174 1184 1186 1188 1195 2052 1218 1247 1250 1272 1275 1283 1292 1303 1304 1310 1311 1313 1316 1318 1319 1321 1322 1341 1346 1353 1358 1386 2766 2427 2772 1442 1443 1450 1456 1458 1461 2776 1471 1475 1483 2104 1510 1511 1512 1515 1518 1531 1539 1557 1558 1559 1561 1563 1567 1571 1573 1580 1583 2797 2460 2120 1605 1610 1616 1632 1633 1659 1680 1694 1695 1698 1699 1705 1715 1745 1746 1747 1758 1762 1763 1766 1767 1768 1769 1779 1780 1781 1790 1792 1796 1805 1806 1817 1820 1843 1849 1850 1863 1867 1869 1875 1881 1886 1894 1897 1917 1922 1926 1930 1936 1937 1940 1944 1945 1953 1958 1959 1966 1980 1989 1993 1995 2525 2010 2011 2016 2019 2028 2036 2057 2060 2075 2082 2083 2103 2545 2118 2119 2124 2141 2150 2151 2154 2155 2159 2160 2166 2223 2184 2188 2190 2191 2192 2211 2217 2224 2233 2240 2245 2230 2265 2281 2296 2298 2305 2309 2316 2319 2335 2337 2340 2347 2356 2359 2364 2372 2412 2418 2422 2429 2432 2433 2444 2462 2477 2481 2487 2491 2506 2522 2524 2530 2532 2533 2542 2543 2544 2575 2577 2607 2608 2289 2623 2630 2634 2648 2655 2657 2664 2665 2666 2669 2674 2680 2689 2693 2695 2696 2705 2646 2726 2747 2748 2757 2763 2768 2773 2777 2780 2806 
2774: 139 2629 620 554 2085 553 1151 934 758 243 901 2083 953 1167 2806 1610 1152 1169 218 359 430 2306 1006 521 653 2183 2451 556 580 1806 1995 2597 
549: 139 602 756 149 2484 426 2193 1381 1370 2041 1666 1156 2065 2763 622 27 181 411 901 643 535 1190 755 459 1805 885 607 1152 1681 1861 2022 177 2348 2439 606 810 964 79 859 2674 199 1763 351 2677 907 955 1023 97 163 171 323 372 415 468 1512 1644 1958 2477 2063 2048 2198 1646 1285 872 1317 1320 1064 562 952 1567 2108 968 1101 1605 1630 579 2526 
868: 139 1590 602 37 2704 1189 426 941 1381 2044 1370 2745 2041 348 1190 948 755 1167 1796 1839 1980 2052 2509 2772 810 1273 2184 1856 1368 2217 2226 1568 631 1024 1554 1688 1820 1380 1977 1086 2747 963 1271 1979 1678 2273 
27: 2722 2421 602 756 1857 2624 1615 1115 549 714 1381 2044 1370 2745 2041 2302 1157 418 2011 2166 1307 646 6 108 243 492 506 1023 522 530 1558 535 1048 537 32 40 328 1583 54 1587 245 2118 2636 2136 2635 2656 2657 2659 2669 1653 2165 2677 1152 643 2184 1173 2707 158 162 689 682 2725 685 181 182 1729 2749 1228 721 1747 2399 728 2281 2791 755 759 448 772 784 28 1818 1316 1317 2339 810 2347 819 2160 1853 2364 1856 1862 1864 1355 853 1368 355 356 466 879 880 2415 1912 2427 901 2439 1127 1240 406 411 1949 1958 430 2477 948 440 952 955 1980 1844 2498 1993 2509 474 2522 486 
28: 2722 1189 27 1381 1370 1666 2302 2166 1307 108 243 355 1349 948 755 1167 1102 1424 2427 2439 2460 2573 810 893 351 466 1583 615 955 1802 440 1173 162 2399 1768 521 2061 1300 2217 1544 2226 926 952 2526 1090 1991 1368 486 
49: 2722 425 535 1329 430 537 2576 2777 955 1101 1185 902 450 2662 1490 1745 1037 642 2463 2592 
131: 2722 2629 292 1475 755 2797 2060 2383 2498 2509 170 2669 1583 955 182 1318 2184 1127 486 2061 1101 2456 752 642 1970 1319 2640 2800 469 254 2814 397 1054 2464 2614 384 1866 468 1492 2003 610 
198: 2722 2629 756 2704 1766 834 1767 1150 1169 290 926 2532 1718 1447 
249: 2722 1634 1766 2359 1420 935 1934 1382 351 763 671 1319 2018 83 184 760 1421 402 789 1072 2353 2499 483 891 
261: 2722 554 756 730 518 1157 318 1992 2403 900 1690 2372 2168 181 411 768 1797 535 809 1478 724 459 2060 2469 1034 1102 1117 1249 1250 1291 1412 1413 1452 2454 1681 1769 1796 1955 1962 2022 2134 2431 409 410 501 537 2665 2798 772 791 848 893 2215 1763 2679 2190 2669 1583 2677 259 907 1699 955 519 1085 1114 697 1289 2343 447 2725 1993 1544 2341 2356 1101 604 1185 1846 839 902 632 807 808 1042 204 1512 2019 2285 2562 127 2545 2711 789 1584 1619 1515 126 197 1516 2026 1596 1513 1549 550 2087 1076 1106 2144 1129 1164 1682 1172 2205 520 1207 707 1239 2773 732 739 2785 747 2793 2794 1778 1795 680 1312 1830 817 827 596 325 634 1378 1658 1320 374 1910 2453 2458 1444 1244 949 1197 2000 2518 966 
292: 2722 2076 602 37 756 553 1857 131 426 941 2193 1381 601 1370 2745 1666 3 2302 11 15 89 156 174 185 214 268 503 2057 2060 1557 535 537 539 1567 1568 1573 2083 1579 1583 2118 1100 1101 2377 2639 1117 2153 1653 1958 1108 2682 2725 2183 2184 2695 430 2191 673 674 676 2216 2219 690 2234 2226 1223 1224 720 1233 2781 2786 1266 755 1045 1796 1563 1321 810 2351 834 835 1483 1868 853 856 351 2398 2763 2215 2439 2515 406 418 425 2335 1477 1988 1992 1993 1998 472 2011 466 
401: 2722 1175 1045 2638 2553 2280 
418: 2722 602 756 27 292 3 2430 516 1156 1191 40 162 209 212 215 216 286 294 398 1765 2196 1129 2280 494 878 2266 501 1235 758 1272 761 1531 1405 2166 2640 1539 1795 2306 2184 2111 2281 1683 1812 2195 665 2456 546 1768 2214 2474 2348 1585 1965 440 1724 1979 1980 873 907 2115 861 1226 1611 2250 719 1107 2641 2134 1802 975 734 741 1250 2781 1764 
426: 2722 2629 496 602 701 37 51 285 1189 1857 2001 1115 549 868 292 2 33 44 48 53 70 89 91 129 156 158 174 181 185 189 214 238 269 300 324 327 348 356 376 386 399 411 425 998 2532 2533 2540 2543 2035 1019 491 2046 2048 2049 2561 1034 2056 1548 1660 2060 1045 535 2579 2588 539 1052 2585 2586 544 1570 2590 2591 1065 1074 563 2607 1589 2609 567 501 575 1600 2621 1695 581 503 2627 2118 1100 1101 1102 2639 601 2646 604 1117 606 1119 612 1127 1641 1020 2154 1646 2666 2674 2677 1659 1151 1665 2685 1156 1158 2183 2132 2191 863 2196 2197 1184 673 674 2210 1701 2217 2729 1200 2602 2740 2232 607 2745 706 1547 1222 2753 2515 2249 2255 725 2768 1819 2777 1762 1763 1264 2583 755 603 758 2482 767 768 2302 1796 1813 1288 2748 784 786 1560 1307 1823 1314 953 1563 808 1322 1835 2348 541 818 2351 1846 1849 1567 2364 1856 1859 1861 839 1863 1353 1355 1868 847 2165 1875 1366 1372 2395 1886 1573 2398 2402 1895 876 2409 637 552 2416 1397 1401 1406 2427 1280 2431 2622 902 1415 907 909 752 1341 643 2587 1437 2460 1951 1442 1328 2589 1924 2471 430 2474 1587 1842 1971 951 1465 955 1504 965 1521 968 1583 2505 1488 1998 1999 2511 1493 2003 472 2584 740 988 989 2011 1739 2524 
436: 2722 955 486 2061 
440: 2722 1083 554 1650 149 27 28 418 941 381 2430 243 2168 425 755 864 607 1169 1249 1250 1531 2178 212 2439 430 476 510 673 878 492 1558 2261 26 1006 2115 1085 1107 1273 2805 162 185 189 215 281 330 344 398 419 420 487 494 1007 1524 1525 1538 2050 1032 1550 2061 1048 1054 558 561 1778 2611 536 2111 2117 2465 610 612 1127 1147 2184 2204 1541 2214 2742 1630 2770 1247 1759 2781 759 2800 1811 2067 1300 2322 822 830 2796 1364 1369 1890 872 873 980 933 2477 1724 2779 469 992 486 
445: 2722 2421 2704 1189 2484 1857 2624 331 1115 173 601 730 1151 1156 2302 1157 934 719 5 1511 1897 758 387 1807 1922 1564 1570 646 1321 179 2224 1690 75 83 93 219 299 340 351 366 386 425 430 1510 1512 2543 2544 515 2049 2568 536 1050 547 2092 1598 577 585 1610 2141 1647 2669 2674 1659 637 2683 643 1670 1674 1681 1173 2705 2197 1153 1692 1694 1186 2726 2735 2341 1223 2763 725 2769 1755 1756 2780 1766 1767 1769 755 2797 768 1283 2309 1290 1805 1812 2335 1831 2347 1843 1336 2364 834 2372 2380 1371 1382 885 893 1322 2174 727 1428 935 2485 1466 2492 1475 2497 1991 1483 1421 2519 483 
486: 2722 602 331 27 28 131 436 440 1151 2302 1191 719 1897 794 425 844 1361 411 1456 948 2098 1167 834 1805 2060 935 885 1372 1394 1531 1821 2052 212 404 2468 2500 2523 522 681 725 893 954 1583 1558 955 853 1006 1095 1617 2167 1687 1243 2332 2501 1958 2477 99 183 242 288 320 340 437 484 1512 490 2032 1014 1768 2556 1036 2061 1579 1580 2093 1081 1601 2117 596 600 2464 632 642 1162 2699 660 2198 2711 1719 698 709 1224 525 2760 1745 1235 727 2781 2277 2280 1267 2804 1795 875 2323 1837 835 1872 2111 1883 1901 1415 904 1930 2451 1444 1970 956 1416 
492: 2722 2629 2704 27 440 1151 1156 1158 2455 934 719 103 2392 2166 1155 900 411 535 551 755 1223 1767 885 219 1394 1796 1823 2281 2287 2398 2500 501 2682 659 801 2669 23 24 111 215 397 1765 2338 494 1006 752 2546 512 1378 1678 2061 1048 1567 546 1318 1319 680 558 1710 2477 2609 955 727 2657 578 1092 2115 2537 2631 1998 1494 2451 986 1243 2103 1058 
494: 2722 141 496 553 418 440 492 2044 730 2041 790 411 643 953 1766 2098 1767 885 218 409 410 1045 2306 2217 204 288 1931 323 1266 1311 
586: 2722 14 2011 834 1152 99 182 2720 1608 971 1580 2695 1583 1213 676 2184 
600: 2722 486 646 1610 1531 1618 430 954 1062 1583 955 853 1687 201 1653 2184 1127 1579 2032 156 1745 835 2183 2451 427 484 596 984 2077 1608 
660: 2722 1650 756 486 425 535 1766 1610 1767 2364 885 1372 1980 2287 954 1583 1558 955 1006 1687 1768 2032 1806 1909 1460 889 2205 1444 2799 1058 2238 
693: 2722 2629 1083 14 149 553 588 2011 1839 501 43 1421 2253 1916 2261 1402 893 1258 2316 967 
698: 2722 554 486 2398 404 1583 955 853 2061 2631 1215 1416 1624 1502 
708: 2722 2498 955 1318 447 1127 2061 1970 254 2003 140 1608 971 2720 2270 
726: 2722 2629 2763 2066 2439 810 1045 466 955 1991 2463 1540 1147 739 2672 2059 449 451 2192 2671 
795: 2722 941 2193 1370 1666 1511 1922 643 1635 1823 88 2468 1659 763 776 1755 1428 2015 2307 211 1357 1380 
796: 2722 553 182 148 2720 971 1608 2331 
835: 2722 2629 292 486 600 2083 885 2735 1372 1394 1531 2206 212 2260 2398 565 2500 539 1442 1583 955 853 1085 201 1273 2332 2501 2061 1579 632 1146 1490 1745 642 320 2474 66 216 1512 2804 2186 1580 1841 1224 1988 1741 2507 1872 2518 2205 
853: 2722 2629 756 149 27 292 486 600 698 835 1542 243 2492 425 943 535 713 471 1610 2335 2364 1078 1372 1394 1531 1681 1821 1980 2388 2398 2439 2468 430 2498 506 522 2682 2753 725 2798 883 954 1592 2266 1272 2669 1583 470 1558 2677 1764 25 26 40 63 66 201 214 311 364 437 447 484 487 525 526 642 804 2030 2032 1525 1035 2061 1048 1567 1568 1579 1580 2611 2105 1085 1095 2631 1617 2642 1127 2161 1687 2711 2205 2214 2238 2239 2761 1745 2781 2782 2785 2277 2280 1267 2799 875 1304 1312 1318 2345 1837 2360 1856 1864 1872 2332 891 1415 1416 2443 2451 2476 956 1988 996 
864: 2722 2629 496 2421 756 1615 440 601 2745 730 1874 518 322 2302 2351 315 316 318 321 517 1897 11 1475 2607 1797 2083 535 809 1907 33 91 156 158 174 182 207 226 230 232 317 329 376 390 409 410 468 472 485 503 509 519 537 539 552 569 606 607 671 675 715 725 731 740 788 789 791 808 818 819 2019 999 2022 1005 1533 2048 2052 1547 1549 1557 2585 1573 1574 2596 1070 2603 1596 1599 2110 1100 2631 1101 1621 1120 2657 2155 2162 1143 2215 1152 2690 2217 1676 1169 2701 1172 2194 1699 2211 1030 2216 2726 2219 1201 1204 2226 2739 2761 2762 1234 2768 1751 1767 1272 2803 1796 2493 1293 2327 1316 1318 885 1905 1846 2385 2595 1398 893 1917 902 903 907 909 2454 2460 1442 2773 2471 1466 1829 2497 2498 1993 2506 975 1489 988 1849 2528 
885: 2722 141 2629 496 2076 554 14 51 756 553 2001 1115 549 445 486 492 494 660 835 864 714 2044 381 2041 1874 1151 2430 516 2058 934 318 1992 2047 247 900 1175 425 844 943 2607 2536 2156 1139 13 535 1113 75 1766 85 1491 406 2223 1610 1767 2335 935 1723 2364 26 52 55 64 72 81 82 95 100 111 123 133 137 142 156 158 162 174 182 185 199 201 204 212 232 267 300 302 309 320 326 343 362 364 368 378 384 397 402 409 415 417 427 430 447 470 484 485 490 491 493 528 530 534 537 539 545 558 578 580 581 596 604 642 644 657 681 682 715 725 729 751 754 759 761 783 793 819 832 859 875 881 883 1000 1006 1007 1023 1026 1029 1045 1058 1070 1095 1100 1101 1102 1120 1134 1147 1152 2725 1159 1173 1192 1194 2052 1200 1208 1219 1228 1233 1243 1254 1264 1276 1277 1278 1279 2067 1306 1314 1316 1318 1331 1337 1345 1372 1384 1394 1415 1416 1427 1433 1442 1444 1461 1464 1470 1490 1512 2105 1518 1533 1537 1539 1540 1548 1557 1558 1563 1567 1568 1573 1583 1597 1607 2799 1617 1635 2126 1641 1660 1677 1681 1687 1699 1709 1718 1745 1746 1755 1763 1764 1768 1795 1799 1802 1821 1829 1830 1832 1838 1846 1847 1849 1856 1862 1864 1870 1886 1909 1942 1949 1967 1980 1990 2003 2032 2033 2049 2061 2081 2111 2112 2115 2165 2177 2184 2186 2187 2194 2205 2214 2238 2253 2269 2277 2290 2297 2307 2313 2321 2325 2326 2327 2329 2332 2339 2342 2355 2377 2388 2391 2592 2398 2254 2439 2442 2451 2452 2459 2464 2470 2471 2476 2493 2498 2500 2501 2504 2507 2526 2540 2554 2556 2576 2603 2604 2618 2622 2638 2646 2650 2669 2675 2679 2697 2716 2647 2727 2741 2749 2764 2768 2772 2773 2776 2777 2781 2809 2810 2812 886 887 889 892 902 903 905 907 909 912 928 938 954 955 956 963 2183 972 984 986 988 996 
955: 2722 2629 496 2421 602 703 2704 2085 1615 549 27 28 49 131 261 426 436 486 492 600 660 698 708 726 835 885 2745 2058 2302 1157 2351 993 1897 2166 1594 108 243 943 2607 411 355 356 901 535 713 2319 834 328 1610 2519 1767 2060 935 2364 1100 1102 1117 1351 1372 1394 1422 1531 1635 89 1796 1821 1881 2022 2196 82 91 123 142 2187 155 174 2427 2439 409 410 2468 2498 2500 2538 506 510 522 537 2608 2636 673 674 681 2749 2753 728 2772 740 791 810 883 945 947 308 954 1303 539 33 300 79 485 1138 170 1592 1875 2787 1442 1763 777 1583 1558 250 1188 2009 2777 25 36 40 59 60 84 87 99 138 140 153 162 169 183 189 204 214 228 242 244 245 267 311 320 364 390 437 447 457 463 467 482 483 484 487 490 503 525 528 541 556 558 569 579 581 596 628 642 664 695 832 863 875 881 887 933 949 951 1008 1011 1014 1022 1035 1036 1037 1048 1054 1058 1065 1086 1092 1095 1101 1107 1114 1119 1127 1171 1172 1194 1202 1213 1216 1222 1224 1243 1252 1262 1264 1287 1289 1294 1306 1308 1312 1314 1316 1317 1388 1397 1401 1415 1416 1444 1462 1470 1477 1512 1513 1527 1547 1552 1557 1560 1573 1580 1587 1600 1617 1660 1682 1687 1693 1719 1724 1745 1813 1816 1837 1843 1862 1867 1872 1885 1894 1912 1944 1949 1988 1993 1998 2015 2016 2018 2030 2032 2033 2061 2093 2111 2131 2136 2152 2161 2177 2198 2214 2217 2239 2768 2244 2280 2316 2323 2329 2330 2332 2339 2340 2343 2360 2395 2415 2438 2451 2458 2477 2482 2501 2507 2517 2522 2526 2546 2577 2583 2584 2585 2586 2587 2588 2589 2590 2591 2592 2603 2630 2642 2657 2707 2711 2725 2744 2760 2761 2779 2781 2782 2785 2799 2808 2812 956 963 975 988 990 992 996 
971: 2722 586 708 796 900 622 1361 1766 1767 1763 1764 599 1587 2184 1127 1568 1567 2183 1454 856 2063 1235 2720 1824 1282 2270 1703 2457 923 1608 2331 
1006: 2722 2629 554 756 149 553 331 2774 440 486 492 660 885 2745 1151 1156 1158 2058 2302 1157 2351 1897 758 385 387 900 2763 2492 844 531 411 355 356 901 1674 535 348 75 1456 755 2098 2118 1167 2524 2806 406 2199 1341 2797 1805 2364 1034 1100 1102 1152 219 2735 1250 1290 1291 2454 1618 1730 1796 1821 1823 1924 1957 2196 2154 174 218 225 2287 2318 2398 359 368 409 430 476 2568 537 2666 2682 674 725 801 947 954 2809 964 2576 530 1763 931 2266 2155 1583 259 2306 1699 1188 734 1764 26 83 87 99 117 130 140 182 210 214 447 489 490 512 521 541 558 581 612 644 648 680 717 757 767 789 819 842 902 904 2027 1007 1512 2546 2042 1563 1264 1926 2101 2103 1085 1599 1611 1101 1617 2640 1621 1577 1127 1640 1653 1144 1145 2167 2180 2183 2184 1173 2202 2204 1185 2217 2228 1724 1970 2246 2768 1246 1255 1768 1336 2286 1271 2805 2309 2177 2323 1305 1825 1317 1323 2356 1353 1368 1388 1401 2630 1925 1421 1937 2690 2459 2465 1958 2475 2477 2501 2525 1847 2452 2517 2518 2528 2015 
1092: 2722 492 955 1583 1558 2061 642 397 
1095: 2722 486 853 885 955 758 425 943 2199 1531 2500 2576 1583 26 281 314 333 397 610 1518 1580 2061 1990 1324 2501 1872 1270 
1105: 2722 535 953 1372 1617 2032 2376 397 1261 2476 1058 
1144: 2722 602 37 1006 901 637 674 1653 2184 1568 417 2183 2057 2220 1678 1563 1546 1567 
1174: 2722 1115 998 315 2047 535 2098 2806 406 834 1291 1861 2535 946 1368 2341 2768 96 1970 1760 1863 319 890 1002 
1224: 2722 554 292 486 835 955 1156 1191 943 1766 1610 1767 1108 1152 1372 2398 893 954 530 1583 1558 534 1764 1617 1243 2184 1568 2032 1567 1490 1745 2592 415 2180 1154 528 2177 2183 2451 204 1616 1580 427 362 1830 2638 596 2122 1058 2033 2205 1444 2237 2238 2111 
1267: 2722 285 1615 486 853 2044 1874 2302 836 2224 1475 411 755 1117 1169 1283 1868 2154 188 409 2535 2568 674 893 1442 199 1763 1659 1188 763 776 2160 2061 1020 2583 2340 1886 2482 2016 1286 1936 204 2010 2015 413 2042 2176 2780 2634 1313 2458 1994 
1282: 2722 971 1992 1511 243 2081 2679 244 1527 1486 
1317: 2722 1857 549 27 955 1006 2044 2041 588 993 243 355 755 1766 1610 2066 88 2370 2787 2769 1316 281 309 558 819 938 2533 2339 1461 1378 
1372: 2722 2629 496 14 426 486 660 835 853 885 955 1105 1224 2397 998 2302 2351 243 2156 2191 535 953 1610 1767 2364 1100 36 79 82 172 174 244 245 267 307 320 384 427 484 503 525 537 558 581 596 642 681 740 907 909 956 961 963 1035 1036 1037 1101 1127 1200 2022 2533 2032 2033 1527 2787 1531 2553 1558 1567 1579 1583 1587 2102 1600 2111 2121 1617 2642 2666 1653 1660 2184 2186 1687 2707 1737 2768 2775 2777 1763 1768 1638 2277 2799 2814 2323 1821 2332 2338 2339 1846 1990 1397 1823 1830 1401 1415 1416 2451 1444 2500 2501 1993 1489 1507 1573 
1384: 2722 14 885 2745 108 243 2492 1805 32 162 307 466 522 526 682 810 1085 1127 1272 2534 2657 2540 1394 1413 1546 2439 1812 1823 2216 1709 2348 1840 1970 2238 2498 1740 1624 2441 
1415: 2722 426 486 853 885 955 1372 2538 751 1583 2657 2061 1970 1580 2003 1072 956 1944 1872 596 
1416: 2722 486 698 853 885 955 1372 2065 1770 1767 1367 1531 2500 2538 725 801 1583 2501 1993 2061 1579 2032 1970 2781 1580 1548 1301 484 397 2003 875 1872 596 2122 1444 267 1058 1180 
1444: 2722 261 486 660 885 955 1224 1372 1416 1766 1767 1394 1821 2165 1583 2306 2032 1405 2323 596 2031 1194 1058 2033 2237 
1531: 2722 14 1115 418 440 486 600 835 853 955 1095 1372 1416 1151 411 643 2191 535 2319 834 1254 1394 1410 204 397 409 410 484 539 596 902 954 1073 1101 1127 1443 2153 2032 2556 2177 2693 2451 2457 1821 1699 2592 2477 2470 1583 1617 
1558: 2722 2629 2624 1115 27 440 486 660 853 885 955 1092 1224 1372 758 538 425 943 355 901 535 1167 2524 2797 1394 1796 1799 2216 2427 2431 430 565 2500 501 537 2682 754 2787 23 466 1583 470 36 67 144 201 320 327 397 525 596 642 839 875 932 996 1022 1127 1184 1264 1297 1318 1405 1490 2032 2556 2061 1579 2033 2109 2205 2122 1617 2642 2177 1699 2728 2227 2232 1732 2261 1758 2781 1771 1795 2329 2332 2345 1937 2451 2458 2493 2501 2517 2518 2522 
1563: 2722 1857 1115 292 426 885 1006 1144 385 535 582 1102 1747 725 1583 2306 1764 2332 2184 1949 1768 1568 1755 1567 581 2546 2183 591 2476 2712 1933 1720 
1579: 2722 496 554 1650 756 292 486 600 835 853 1372 1416 1558 2745 1156 2302 1157 1191 2351 1992 425 535 1766 1223 2098 1167 1767 2060 2335 2364 582 1108 1394 89 1769 1796 1821 1980 174 2388 2398 430 473 537 673 893 539 33 2215 1687 2332 1048 2184 1864 1958 2477 1993 1768 59 99 185 214 325 503 515 526 581 642 715 720 832 875 996 1097 1101 1126 1233 1293 1304 1490 1557 1567 1573 2032 2033 2638 2214 2219 2234 2237 2238 1745 1795 2329 2360 1872 1988 
1583: 2722 554 756 149 331 1115 27 28 131 261 292 426 486 586 600 660 698 835 853 885 955 1006 1092 1095 1224 1372 1415 1416 1444 1531 1558 1563 477 173 1151 2058 159 1191 69 1992 1434 1897 758 387 425 943 531 411 2191 535 348 755 471 2118 406 1610 135 2335 935 2748 722 607 1152 219 1250 1290 1394 1431 1649 1799 1821 1973 1980 2196 2154 2216 212 2287 2388 2398 368 2439 404 407 409 410 430 2500 476 501 522 537 2608 2753 725 2798 848 954 33 1382 2576 1200 1592 2787 1272 2669 23 26 36 63 67 124 182 201 204 214 215 254 267 423 427 447 525 546 558 575 642 655 657 709 727 749 752 804 839 863 875 956 1046 1048 1058 1127 1185 1194 1289 1318 1319 1401 1407 1421 1535 1567 1568 1580 2490 2030 2032 1795 2451 1862 1864 2105 2111 2122 2313 2177 2184 1687 2711 2205 1699 1701 2307 2746 2760 2761 1721 2781 1764 1771 2799 2804 2239 2323 2329 2332 2345 1820 2360 1856 2377 1872 1830 1916 1936 1949 2476 2477 2479 2482 2501 1993 1979 2010 2522 
1608: 2722 586 600 708 796 971 1564 1570 535 1990 1580 2720 1824 2270 2331 
1724: 2722 418 440 955 1006 2500 1107 611 2280 513 
1821: 2722 14 486 853 885 955 1006 1372 1444 1531 1579 1583 1766 1610 1767 201 409 484 490 596 956 1007 2032 2306 2061 2451 2332 
1824: 2722 971 1608 268 884 215 1849 2720 1682 2040 
1872: 2722 553 486 835 853 955 1095 1415 1416 1579 1583 247 943 1422 1881 405 954 1875 2115 1687 201 1048 2061 1101 2511 2016 1064 2214 1605 484 1202 2800 397 1054 2464 281 1986 267 487 596 933 1550 2799 2329 
1930: 2722 1115 486 2044 2041 68 406 834 2748 1934 2154 2491 791 810 2787 931 1659 1188 1458 1958 1991 2016 1757 57 1014 1072 1319 2595 2596 1959 2691 2692 2693 1932 2634 2502 2018 2015 
1979: 2722 1189 868 418 1583 2745 1992 385 355 356 901 948 2141 2524 1102 1219 1649 1796 1881 1980 2066 64 2153 2165 2187 2398 2427 801 896 1200 1109 2707 1560 2049 2463 1518 2546 386 842 1748 124 242 512 657 886 1143 1305 1343 1378 1577 1662 1841 2033 2054 2525 2138 2376 2010 
1980: 2722 602 14 1189 2624 1115 868 27 418 660 853 885 1579 1583 1979 2745 2041 1992 1511 385 1321 86 2492 181 355 356 901 1383 1675 535 953 948 2359 2141 2524 2199 834 2658 2335 935 1102 1219 1649 1796 1881 1971 24 64 71 100 114 124 215 242 254 290 364 386 503 512 537 539 546 563 597 657 715 725 777 789 801 805 842 886 896 1001 1030 1051 1109 1127 1143 1200 1218 1238 1271 1305 1320 1339 1343 1378 1382 1421 1488 1516 1518 1560 1577 1587 1592 1605 1662 1669 1672 1682 1748 1777 1795 1841 1853 1864 1949 2033 2034 2362 2049 2052 2054 2066 2081 2605 2103 2631 2546 2123 2643 2138 2153 2676 2677 2685 2186 2187 2707 2206 2640 2313 2266 2270 2287 2288 2808 2809 2307 2398 2345 2376 2165 2086 2427 2458 2463 2471 1984 2500 2507 2010 2525 
2010: 2722 554 1857 1115 1267 1583 1979 1980 1151 1157 103 1897 758 387 1690 356 901 643 2570 1349 2265 1766 442 2359 68 713 589 724 441 834 1767 135 1805 935 2358 2748 1283 1730 2154 218 2378 430 2608 1659 1188 763 2184 2339 2347 1958 1184 2340 2049 2016 1286 2180 1319 83 84 113 124 483 677 789 950 1072 1391 1694 1906 1939 2244 2015 2296 2545 
2032: 2722 486 600 660 853 885 955 1105 1224 1372 1416 1444 1531 1558 1579 1583 1821 2168 425 348 1766 2524 2364 1394 212 430 2500 2509 2535 2573 2703 725 946 250 1188 36 1617 2642 2167 1687 1289 2501 2184 2339 2113 1990 165 320 427 484 578 596 642 875 956 1036 1058 1216 1270 1490 1745 1819 1977 2277 2781 2183 2451 2379 
2061: 2722 28 131 436 440 486 492 698 708 835 853 885 955 1092 1095 1267 1415 1416 1558 1821 1872 2065 943 1113 1766 713 1610 1612 1275 1277 1394 155 2260 368 2468 2498 522 681 2642 1687 2332 447 2501 1048 1958 183 311 397 437 525 545 875 933 950 956 996 1011 1014 1054 1058 1161 1312 1535 1550 1719 1745 1837 1843 1883 1901 2277 2280 2711 2161 2438 2451 2728 2093 2768 2352 2782 2329 2360 
2111: 2722 418 440 486 885 955 1224 1372 1583 2500 1687 2501 2718 2637 213 
2174: 2722 445 1151 2065 1897 900 1922 2623 948 406 725 946 1442 199 1353 1856 839 1529 2119 1692 463 1561 2246 449 1360 1438 2518 
2184: 2722 2421 1189 2624 1115 868 27 131 292 418 440 586 600 885 971 1006 1144 1224 1372 1563 1579 1583 2010 2032 477 2302 1191 2351 1992 1897 387 1321 1634 243 411 152 535 1113 953 348 948 2118 2524 406 1610 1102 1250 1290 388 1431 1681 1746 1769 1796 1881 2066 2153 2216 324 2388 2393 2398 2500 522 725 308 2809 1382 1200 1062 466 2306 907 474 2778 1764 1617 1109 1203 2332 2497 52 67 117 186 215 268 294 299 307 352 386 464 481 512 521 558 591 597 648 657 662 828 856 871 903 963 997 1073 1166 1253 1258 1292 1314 1322 1388 1421 1501 1516 1568 1721 1765 1795 1849 1864 1988 1993 2030 2033 2050 2159 2177 2183 2676 2685 2783 2198 2202 2477 2228 2742 2244 2756 2761 2313 2270 2331 2415 2681 2448 2463 2690 2525 
2208: 2722 2745 2351 411 535 273 409 410 954 1127 204 
2270: 2722 708 971 1608 1980 2184 730 530 2720 325 
2277: 2722 149 486 853 885 1372 2032 2061 535 2335 893 447 2592 2177 397 996 997 1058 1073 1216 2761 
2280: 2722 401 418 486 853 955 1724 2061 2524 1152 1479 2477 2054 294 350 2525 1057 
2302: 2722 2629 2076 2421 602 703 554 14 37 149 2704 285 553 2624 1115 27 28 292 426 445 486 864 955 1006 1267 1372 1579 2184 477 1381 2044 601 1370 381 2745 730 2041 3 998 1151 15 48 79 82 89 91 127 135 144 174 182 185 186 203 214 216 244 256 300 304 324 329 356 376 395 398 407 409 443 457 472 503 511 530 535 537 539 567 588 603 606 671 673 674 676 706 715 720 755 758 759 777 783 788 789 810 814 834 836 839 893 902 906 909 934 950 953 964 968 993 997 1012 1019 1033 1045 1064 1081 1101 1102 1108 1117 1127 1135 1136 1147 1149 1152 1169 1178 1184 1223 1233 1264 1283 1300 1322 1357 1368 1421 1470 1475 1491 1503 1507 1510 1511 1547 1557 1560 1567 1568 1570 1573 1576 1597 1617 1626 1642 1646 1653 1659 1683 1737 1738 1747 1762 1764 1796 1805 1826 1838 1849 1858 1871 1881 1896 1897 1949 1952 1958 1988 1992 1993 1998 2017 2057 2060 2063 2092 2183 2186 2187 2198 2215 2217 2219 2220 2223 2224 2226 2250 2300 2406 2583 2600 2622 2627 2628 2634 2669 2673 2729 2530 2768 2515 2482 2317 2327 2576 2348 2342 2366 2429 2439 2685 2460 2472 2351 2726 
2323: 2722 2624 486 955 1006 1372 1444 1583 411 901 535 409 410 1699 201 689 1101 2451 204 1007 
2331: 2722 796 971 1608 2184 1548 2720 
2332: 2722 2629 149 331 486 835 853 885 955 1372 1558 1563 1579 1583 1821 2061 2184 477 159 1511 1307 425 1766 1610 1291 1394 1681 2052 174 368 430 2500 476 766 530 474 26 1687 197 484 596 642 830 910 1133 1464 1471 1510 1535 1752 1795 2214 2781 2501 
2343: 2722 1615 261 955 425 26 1687 203 1289 189 449 1011 2496 
2355: 2722 885 810 2349 1127 163 302 727 2253 167 658 
2377: 2722 292 885 1583 1766 1767 1152 2398 182 1104 632 2451 1580 578 116 217 336 657 
2398: 2722 555 2076 554 14 553 292 426 492 698 835 853 885 1006 1224 1579 1583 1979 1980 2184 2377 2430 321 2166 411 356 643 535 953 1766 2141 1021 406 2199 834 1767 2335 2544 1108 1152 1769 1823 2187 26 40 117 203 204 288 295 329 344 350 384 404 409 410 414 452 512 530 537 539 560 572 578 821 870 902 909 922 926 954 963 1007 1048 1060 1101 1154 1183 1215 1266 1289 1423 1567 1568 1580 1598 1699 1715 1753 1764 1765 1768 1771 1841 2155 2167 2183 2204 2215 2217 2261 2307 2545 2546 2576 2768 2805 2451 
2438: 2722 955 2061 
2451: 2722 554 756 149 2774 486 492 600 853 885 955 1224 1372 1531 1558 1583 1821 2032 2061 2323 2377 2398 1191 2011 425 356 535 1766 1767 1473 2196 430 2500 537 954 79 530 250 1617 2167 201 2501 1958 2217 1101 185 1630 767 1490 1745 642 2592 1936 2781 2177 594 67 120 412 423 427 541 1036 2033 2229 2307 2345 2507 2775 
2473: 2722 2806 
2500: 2722 14 486 492 835 885 955 1095 1372 1416 1558 1583 1724 1980 2032 2111 2184 2332 2451 425 943 1361 535 2141 1681 1799 430 111 156 185 397 484 596 642 665 681 682 725 727 801 832 883 887 902 903 905 949 1036 1127 1162 1184 1194 1216 1264 1364 1386 1433 1617 1699 1745 1832 1856 1864 1988 2033 2086 2180 2205 2214 2237 2452 2464 2504 2690 2669 2501 2566 2556 2809 2761 2638 
2501: 2722 486 835 885 955 1006 1095 1372 1416 1558 1583 2032 2061 2111 2332 2451 2500 758 943 535 1681 1799 26 1318 99 283 397 484 596 642 731 887 889 996 1036 1185 2214 2464 2470 
2513: 2722 14 1434 794 1228 1291 254 371 452 1233 1235 1715 1771 1795 2054 2429 
2522: 2722 2629 1115 27 955 1558 1583 1381 2745 2065 758 108 243 755 406 1152 1394 1881 2216 2439 2215 470 1085 182 162 2339 99 117 364 558 642 875 982 2033 2221 
2618: 2722 2076 14 149 2704 2001 885 2193 2745 1156 2065 1157 719 1511 1897 1186 953 1478 2524 1610 1483 1747 2046 2281 2287 468 469 727 1045 1280 1353 1354 1402 1785 1809 1884 2622 2783 
2642: 2722 853 955 1372 1558 2032 2061 425 2223 430 725 1775 26 201 642 838 1184 2008 2737 2736 
2672: 2722 726 1610 2439 689 1464 284 983 1526 2171 2790 
2701: 2722 2076 864 86 2524 2287 2533 603 902 204 269 1552 
2711: 2722 261 486 853 955 1583 2061 941 2044 1370 2041 790 86 1349 1812 2405 2439 1913 1045 2677 1818 2768 2220 1094 127 2325 2296 312 577 912 1239 1407 1709 2204 2413 
2720: 2722 2629 586 708 796 971 1608 1824 2270 2331 1483 530 1243 2399 185 2016 546 1685 1638 2400 
2760: 2722 486 955 1583 397 267 
1666: 141 2629 703 14 1047 285 2085 2624 1115 549 28 292 795 2 941 2193 2044 2745 3 13 45 65 78 89 158 162 199 200 203 206 207 220 234 238 268 300 305 315 316 321 322 324 327 351 353 376 384 404 406 407 413 478 503 515 516 517 519 530 540 544 552 556 557 569 570 603 606 611 617 673 675 676 695 706 715 718 740 758 768 774 777 788 791 792 808 833 836 862 876 881 886 903 907 934 938 945 953 964 968 1004 1005 1008 1026 1048 1085 1096 1101 1108 1109 1113 1120 1142 1149 1150 1151 1154 1171 1188 1197 1217 1233 1271 1275 1286 1291 1301 1306 1322 1364 1398 1418 1482 1489 1501 1510 1511 1537 1542 1547 1560 1570 1594 1630 1635 1641 1645 1646 1659 2022 2490 2543 2533 2540 2060 2575 2198 2071 1861 2091 2603 2627 2608 2609 2108 2125 1899 1819 2655 2669 2674 2327 2019 2186 2190 2700 2048 2707 2716 1701 1706 2217 2219 2224 2229 2232 2228 2226 2209 2768 1750 1802 2777 1762 2317 2063 2482 2296 2151 2810 1796 2307 2409 1818 2753 2347 2351 1843 1846 2357 1737 2082 1893 2254 2412 2416 2424 1918 2436 2442 1936 2459 1953 2182 2476 2478 2606 2046 1749 2098 2506 1997 2511 2103 2015 
2083: 141 2629 602 554 14 1115 2774 292 835 864 2745 2351 719 1897 11 901 58 174 225 238 359 506 530 535 537 539 556 665 669 706 834 863 907 946 967 1100 1188 1571 1589 1715 1747 1756 1792 1796 1835 1963 2211 2533 2669 2289 2677 2296 2306 2261 2130 2576 2468 2230 2206 2768 2336 
368: 141 2629 14 756 2704 1189 2085 2624 1615 885 1006 1583 2061 2332 601 159 1191 69 86 768 535 1349 1190 2118 607 1100 1254 1618 1839 2022 174 359 26 94 158 893 766 1535 1557 1920 534 907 910 530 1684 409 537 1694 1490 2576 1489 1715 1417 571 2361 2204 2460 837 967 2504 1101 1996 1616 931 2768 2646 810 1758 2114 528 740 
1399: 141 2629 149 331 2763 2098 1152 1607 225 410 501 665 2261 446 967 1732 165 1481 1591 
2674: 141 2076 2421 602 554 756 149 2624 1115 549 426 445 1666 477 941 2193 2044 1370 2041 998 1269 2430 790 649 322 1157 159 315 1992 2047 758 1922 108 243 2492 2607 1797 755 2098 1167 406 1341 834 2060 2544 1413 1635 1681 1729 1730 1747 1955 2017 2022 2046 88 2130 218 444 2505 491 2655 665 2576 18 19 78 121 148 158 254 347 351 376 480 481 489 596 599 603 604 676 683 757 807 812 830 906 931 950 1065 1119 1146 1239 1304 1331 1368 1421 1482 1498 1573 1596 1655 1684 1818 1891 1936 1937 1958 2136 2151 2182 2244 2337 2406 2412 2432 2485 2497 2507 2528 2566 2634 2690 2696 2750 2698 
768: 141 602 37 756 2704 1189 2624 1615 1115 261 426 445 1666 368 941 601 1918 1157 1191 321 993 11 1570 86 181 411 356 901 746 637 26 44 68 78 189 319 348 351 535 603 643 662 725 733 740 752 755 767 2022 2544 2052 1044 1045 1046 1048 2796 1094 2118 1101 2130 2655 1642 1649 1671 1674 1167 2196 1190 2217 2142 2576 1797 1291 1304 810 1326 1328 1842 1366 2412 2416 1907 1908 2299 924 2467 1958 1450 1456 1969 950 1982 967 1482 2509 
1153: 141 2629 14 1115 445 1156 1158 1157 993 758 1186 794 1251 75 2359 2806 1148 26 725 799 952 1030 1129 2409 2427 1678 2686 1318 1958 2476 1249 2251 2386 2393 
643: 141 2629 496 1648 2076 2421 554 14 51 756 285 2085 2484 1857 2624 331 2001 1115 549 27 426 445 494 795 1531 2010 2398 768 601 1151 1156 649 1157 1542 2011 1511 1897 247 387 11 1321 1690 1186 86 531 2607 901 2536 15 38 57 88 95 111 114 143 156 174 185 189 199 203 204 218 230 232 236 270 284 299 329 347 348 409 413 417 441 450 485 505 519 530 535 537 539 551 570 572 578 581 589 603 615 1510 2019 2022 2533 1518 1769 1025 1031 1547 1548 1552 2067 1048 893 1565 2075 752 1070 1966 2439 1596 2621 2112 1763 1610 1102 2716 859 2122 1120 1633 1643 2154 2665 2669 2164 1958 1659 2684 2188 1169 2191 2196 669 1695 2462 1188 1701 1192 1704 2727 1458 1202 1714 2228 2229 2233 1034 706 1699 713 1229 1223 724 2261 2141 733 1247 741 1766 1767 1768 1264 759 1786 2296 767 2321 1642 1797 1287 1288 2309 1290 1944 788 789 1303 1561 1817 1646 1310 1311 1313 2327 1318 808 2753 1838 2348 1309 2754 2357 1849 791 834 1353 2079 1871 2382 2060 2388 1375 1894 2678 1388 1899 881 2340 2416 888 1705 1915 1322 907 777 2442 1665 1934 1936 1940 2028 1435 929 1442 2052 1450 2197 2775 2478 950 1466 1945 2693 2200 1993 2809 2507 1999 740 988 1912 2524 2525 
404: 141 14 1650 285 486 698 1583 2398 1666 2351 411 2536 535 1102 156 204 288 294 329 376 384 615 1645 512 2576 2307 1548 909 1045 410 1699 1447 1067 1580 1715 1846 2229 1598 578 452 2546 1306 1616 409 485 
1045: 141 2076 2421 703 285 2085 2484 292 401 426 494 726 885 2302 2618 2711 768 404 2044 601 2745 1874 2351 836 538 108 2607 411 356 2536 637 535 1223 1012 1100 1108 1117 1278 1597 1607 1635 1796 1823 2022 2052 64 82 123 174 377 409 2460 472 537 584 606 674 740 791 2809 1303 539 2349 79 485 2274 2576 1200 2317 1763 20 147 59 134 143 156 178 185 186 207 213 214 220 230 384 417 431 466 469 470 546 664 721 741 789 808 855 874 876 879 881 886 903 907 909 949 951 1000 1032 2019 2025 1520 1521 1537 2219 1547 1556 1557 1560 2584 2587 2081 1573 1574 2603 2620 1101 2127 2650 1120 2515 2657 1641 1642 1646 2669 1147 1659 1667 2181 2186 2698 2194 2198 1178 1179 1180 2217 2727 1709 2225 1210 2232 1630 2226 2768 1222 1750 2777 2268 2269 1676 1127 1264 1998 2803 2321 1795 2307 2308 1811 2325 1306 1308 1332 1149 2360 2589 1721 2395 1942 1894 2254 1177 2340 1331 1587 2437 2442 2443 1936 1433 1437 1439 1445 1451 2478 2482 1983 1846 2790 
407: 141 2629 602 703 14 1047 285 1583 2302 1666 941 2193 1381 2745 730 1151 2351 2224 1594 425 953 2098 1610 786 1831 1117 1738 1796 1861 1868 2046 104 2416 329 1217 2533 2678 2409 552 1398 2296 1660 906 1547 784 1553 1042 2048 2198 1646 2460 929 2209 676 2214 1819 556 2091 540 1202 968 1206 2228 777 443 2108 606 2226 2621 2622 837 2779 1737 1613 2633 1101 2768 2506 603 1501 2655 
1307: 141 14 756 149 1189 553 2624 27 28 426 2332 381 2065 1157 1191 2351 69 719 5 70 142 148 150 158 174 214 314 348 359 364 380 409 425 448 459 482 489 498 534 535 537 565 578 584 637 667 674 727 740 754 810 826 830 899 907 909 910 927 1015 1029 1034 1081 1100 1101 1102 1127 1152 1173 1221 1243 2019 2022 2049 2452 2576 2583 2075 1593 1599 2623 2118 2132 2643 2165 2167 2180 2204 1699 1705 1723 2246 1737 1747 2768 2260 1752 1755 2769 2781 1768 2287 2805 2806 2364 1349 1353 1354 2382 1920 1924 1447 2497 2504 1490 1491 2009 2358 
1823: 141 2421 602 14 285 2085 426 492 795 1006 1372 1384 2398 1045 601 2351 2607 2536 535 953 2098 2524 459 1102 1345 1394 1413 40 185 232 238 305 380 384 397 399 466 470 485 529 594 623 725 740 859 871 881 909 911 924 926 988 1232 1271 1272 1306 1430 1433 1541 1548 1557 1660 1695 1699 1701 1749 1763 2022 2533 2604 2108 2633 2186 2187 2716 2229 2232 2287 2307 1829 1846 1900 2431 2439 2460 1962 2476 2478 2483 2809 2507 
1190: 141 14 756 2704 1189 553 2624 1615 549 868 368 768 601 2430 159 1191 993 11 179 1475 86 243 425 181 2156 535 953 348 89 91 174 189 199 267 300 341 384 478 503 528 530 534 537 607 673 674 706 740 789 839 870 886 907 909 1030 1100 1101 1117 1127 2022 2060 1561 1573 1596 2118 1610 1621 1659 2217 1747 2768 1763 1729 2319 2335 1846 1341 1401 1915 1936 2460 2504 2507 1491 2524 
1958: 141 1648 2076 554 1189 1857 2624 583 1115 549 27 292 486 1006 1579 1930 2010 2061 2302 2451 2674 768 1153 643 173 941 2044 2745 2041 1874 1151 1918 1156 518 1158 322 1157 934 1576 1706 315 316 1542 321 1511 836 1897 247 2166 385 387 900 538 1321 2224 1475 425 355 356 901 1675 2570 2191 535 1310 2265 755 1766 442 2359 68 1907 1491 724 1021 2806 406 2223 1341 834 1610 1767 2797 2075 2472 2358 1078 1117 1196 1291 1431 2104 1647 1649 89 1878 1905 1934 2022 2052 2196 2082 2126 2154 2165 174 218 2260 238 2383 430 444 2491 506 606 725 539 964 2551 2317 1442 199 1865 1763 1715 777 351 2266 2190 2700 2669 2338 1659 1443 1188 615 519 1085 1458 203 763 1318 2707 1316 2347 1856 1240 97 124 130 189 192 214 313 362 515 710 733 748 752 767 770 839 840 909 949 950 951 1007 1038 1039 1046 1065 1080 1088 1094 1101 1119 1121 1137 1182 1183 1222 1239 1271 1311 1313 1319 1322 1336 1386 1388 1487 1510 1518 1524 1537 1547 1621 1641 1655 1662 1694 1705 1795 1817 1858 1859 1886 1932 1936 1937 2533 2109 2063 2583 2584 2585 2587 2588 2589 2590 2591 2204 2537 1966 2595 2164 2693 2186 2696 2202 2562 2375 2051 2226 2750 2788 2233 2482 2240 2592 2340 2586 2507 2395 2418 2341 2766 2257 2179 1959 2776 2217 1990 2504 1998 2512 2515 2015 
2217: 141 555 2076 2421 602 554 1650 149 2704 1189 2085 553 1115 868 28 426 494 864 955 1006 2302 2398 2451 1666 768 1045 1190 1958 1381 601 1370 2745 2455 1191 1576 588 2047 993 836 758 2224 1475 86 2492 844 943 181 411 356 1797 2191 535 755 1766 2394 2806 2319 406 2223 1341 1767 582 2391 1102 1108 1152 2729 89 1681 1747 1792 1796 1868 1905 2022 2196 2066 82 2124 2153 2165 2210 174 2216 2281 290 2388 2439 409 410 2468 430 2509 472 537 2600 665 669 673 674 681 729 738 743 810 869 539 79 2576 2787 1763 2444 777 2241 351 2081 2679 2266 2654 2337 2669 466 371 2306 907 1699 1188 1488 74 1273 2371 1917 2006 1023 2725 2339 1127 1993 41 101 140 143 156 204 220 270 277 305 306 343 415 417 454 456 462 468 484 578 603 715 717 752 788 832 851 902 918 924 926 942 949 987 992 1002 1024 1030 1072 1101 1129 1166 1170 1176 1192 1239 1271 1301 1362 1364 1378 1396 1418 1487 1512 1548 1552 1567 1573 1574 1621 1642 1685 1698 1750 1832 2031 2048 2057 2063 2086 2176 2180 2186 2546 2689 2705 2661 2458 2650 2341 2670 2226 2229 2249 2764 2768 2596 2812 2245 2356 2362 2459 2470 2486 2496 
181: 141 2629 2076 756 2704 1189 2624 1615 1115 549 27 261 426 1980 768 1190 2217 601 2745 322 1191 318 993 758 12 1186 86 2607 8 75 78 112 165 167 1010 2034 505 2551 1027 1034 1548 1046 535 2069 544 1060 1574 1030 2603 2608 2609 567 2628 1085 1094 2627 2118 1117 1630 2145 1127 1642 1646 1655 1148 637 2130 662 665 2712 1187 2718 1701 682 189 1723 1219 200 2754 716 725 1756 225 746 1273 1792 2811 1288 1294 788 1306 2328 1318 1832 301 204 1338 348 351 1573 356 1388 1912 2424 2427 388 904 1418 812 1936 1427 2431 409 411 924 2467 953 2097 1982 457 2524 970 1698 2081 982 985 480 481 
719: 141 149 418 445 486 492 2618 2083 1307 3 998 1156 1158 1157 1706 80 102 103 123 213 320 348 362 364 373 450 484 489 522 535 633 721 2054 1551 1261 2070 1050 2072 1587 2098 1079 1864 2104 2118 1610 2633 1619 1629 2151 1644 1155 2698 1171 2204 1186 1699 2212 1712 2737 2246 2763 725 727 2772 2281 752 2299 1897 1800 1802 787 1814 1316 1845 2364 1353 1354 844 1362 2392 878 893 1915 902 2769 1423 2477 948 1985 986 
601: 141 496 602 701 703 554 37 756 149 2704 285 1189 2624 1615 292 426 445 864 2302 368 768 643 1045 1823 1190 2217 181 2 941 2044 5 11 22 26 40 44 48 53 74 77 86 88 89 91 123 129 156 174 189 197 214 243 244 268 300 321 340 348 349 356 376 384 409 410 411 472 503 511 530 534 535 537 539 541 552 556 558 563 567 2529 2022 2533 2534 1521 1010 2543 2544 1019 2046 1239 2048 1600 1034 705 2060 1044 1557 1560 893 752 1573 1574 2540 2603 2607 2609 2118 1596 1089 2621 2623 1094 1100 1101 1618 1621 603 604 1117 606 2142 2656 1127 2151 1020 1646 1649 1146 2678 1450 2130 1157 1671 2692 1674 1323 1683 662 2196 2197 2198 1183 1695 673 674 2719 2211 1191 1706 2232 706 2753 2515 2249 2255 725 2768 671 1819 733 2777 2780 784 740 2274 746 1264 755 2797 758 2745 767 1642 1797 2309 1296 786 859 2041 1321 812 1326 2348 2351 821 1846 1849 1022 1341 1397 1861 1796 1874 1875 1366 863 637 2416 1907 1908 1401 1917 2299 1587 901 902 909 924 1437 2460 1951 1328 934 2467 2538 2474 1456 1842 950 1982 907 968 1998 1999 2511 2646 988 993 
348: 141 554 14 756 149 2704 1189 2624 1615 1115 868 426 1006 1583 2032 2184 768 643 1307 1190 181 719 601 381 2745 1151 1156 518 1157 1191 1706 69 993 1897 367 2166 387 11 1321 1594 86 243 2168 901 2156 535 58 83 89 123 150 158 174 182 189 218 244 489 2535 1007 1527 1034 528 530 2576 534 537 1567 2118 1100 1102 1617 1618 1185 2132 612 1127 1642 1649 2165 1152 1665 2183 1684 1694 1184 1699 1196 1512 1729 2749 725 2781 1763 2797 1272 2812 2359 2382 632 2410 1401 1915 1924 907 910 1936 2454 2456 946 459 754 1491 478 483 
1763: 141 496 2421 602 554 756 1047 1189 1857 2624 331 1115 549 261 426 885 955 971 1006 1267 1372 643 1045 1823 1190 1958 2217 348 941 2193 1381 2044 1370 2745 2041 1874 1151 934 2351 2403 1897 367 2602 2224 2763 411 901 535 755 1478 2098 2118 2524 1021 2806 406 2223 1341 1610 135 2075 2335 2469 607 1078 1275 1291 1330 1385 1618 1635 1747 1905 2130 2153 2165 2206 2439 2509 537 567 606 673 740 810 1382 18 237 2551 1442 199 1865 2635 1888 124 127 171 203 204 340 366 428 443 521 581 615 685 695 777 784 839 879 968 1007 1042 1064 1085 1086 1101 1313 1368 1428 1468 1504 1507 1567 1599 1630 1646 2048 2598 2159 2160 2253 2768 2779 2781 1768 2307 2211 1853 1936 2525 
6: 2629 27 1186 108 622 243 794 2168 2492 
9: 2629 
10: 2629 2047 
16: 2629 701 1151 948 1610 1382 2274 1775 1138 1530 2299 2215 145 2576 922 170 1578 1200 1592 1875 859 
24: 2629 1115 492 1980 934 321 535 1167 2524 2806 2319 1805 1424 1729 326 409 476 2643 2576 2338 2151 2025 2677 1659 1661 259 2306 907 534 2261 416 1443 1699 54 1188 2363 2633 1488 474 2009 734 2777 2778 1764 
53: 2629 2282 2704 426 601 993 1434 2364 324 1802 1768 1557 1560 156 909 414 415 
54: 2629 1189 2624 27 24 2044 1151 1897 385 387 425 535 1766 2524 1767 2335 2364 2196 2154 2318 2439 430 1382 1659 1518 2546 2805 386 2049 1669 521 1970 2482 1354 887 2374 2517 2395 
55: 2629 14 149 885 1570 2492 411 2098 459 2498 2787 148 754 162 1445 
71: 2629 14 1189 1980 2403 1580 1454 1423 1233 1042 1841 158 
77: 2629 601 637 2462 1704 2022 256 2575 740 2778 2768 2340 1199 767 1286 2396 2285 413 1714 950 196 2244 2257 1633 
88: 2629 14 1189 795 1317 2674 643 601 2041 1191 1542 1511 1897 387 900 179 1975 531 724 2098 2524 1021 2075 985 1102 1150 83 1510 2530 2159 1403 509 2655 1131 777 1419 144 1659 1559 2710 1692 2713 2333 1316 1319 2468 1581 2096 970 1984 1094 203 1863 1097 597 2296 1500 483 2423 
91: 2629 2076 602 14 37 756 2704 2624 1115 426 864 955 2302 1190 601 477 941 1370 2745 1874 1156 2065 934 2011 993 758 2166 1321 411 1310 755 2797 2060 706 582 1012 1089 89 2052 2128 2533 2281 530 1008 501 1653 1022 888 2298 1917 2309 2692 2439 705 1931 150 1938 410 1135 2460 674 676 226 810 300 812 304 604 2226 503 1184 968 673 472 2325 603 
95: 2629 554 2624 885 643 758 425 535 2467 2141 2196 218 2370 430 1109 902 767 2211 2546 1692 2063 362 668 1569 
121: 2629 1115 2674 941 730 1434 411 2156 535 953 1117 1291 410 2608 79 2151 26 2409 1022 130 784 1042 1185 2341 185 695 1080 352 929 1487 2764 189 1630 2653 
123: 2629 14 1650 1189 885 955 1045 719 601 348 2065 934 1191 2011 758 86 1021 2335 1452 1483 170 616 745 365 1133 2155 1906 2787 2640 770 2049 775 1168 156 539 1185 1442 2337 810 562 2356 2768 581 2290 1825 2635 342 1621 727 
124: 2629 1189 1857 2624 1583 1979 1980 2010 1958 1763 1511 385 755 406 1610 2335 935 1723 1413 945 1442 199 1676 182 203 776 1587 2160 1101 839 2049 1319 340 1959 83 2233 379 2304 2710 427 2346 688 1850 2630 2121 463 1421 
142: 2629 14 553 885 955 1307 2745 535 953 406 2335 1148 2167 1022 2049 902 2054 268 659 2576 2325 1950 294 2468 2470 2216 1718 952 1088 1101 214 537 2135 476 2777 
146: 2629 14 355 356 901 535 755 26 2022 364 785 1715 2165 1161 476 413 767 740 
162: 2629 756 1115 27 28 418 440 885 955 1384 2522 1666 55 2193 1381 2044 2041 108 243 411 355 356 901 2659 953 755 1167 328 1152 1483 1740 1962 2052 32 64 2134 2153 2165 2216 409 410 2498 522 2636 772 530 351 2677 182 201 1587 2136 2656 2707 1127 1371 2540 759 1548 685 1300 2198 1947 1949 2464 2339 881 682 558 1841 2476 2477 439 2725 288 1598 2800 1856 1218 204 1864 1993 1732 2399 
163: 2629 1083 549 2355 2351 2536 755 1607 2460 2665 867 603 2622 1286 72 116 493 1655 2810 2181 2697 2325 2478 1075 1208 1337 417 2507 2764 329 2644 350 741 
167: 2629 2355 181 1370 1874 2467 2319 1291 430 2635 1653 189 973 1936 349 2596 254 1327 2253 1026 658 1622 
170: 2629 1650 131 955 16 123 1151 2543 2128 965 539 902 552 815 1206 2037 2202 2768 699 
174: 2629 2076 602 14 37 756 149 2704 1189 2085 1857 2624 1615 1115 292 426 864 885 955 1006 1372 1579 2302 2332 2083 368 643 1045 1307 1190 1958 2217 601 348 477 2044 2745 2041 1191 2351 1992 367 758 2166 2224 2763 411 356 535 1223 1491 2118 1167 135 2060 2075 1108 2104 89 1681 1747 1769 1796 2052 2070 2130 2165 79 92 147 150 158 1512 2405 503 2557 1547 1042 2577 537 539 546 1573 1066 1080 1599 1611 1101 603 604 793 610 1641 627 1653 2677 2681 1154 644 650 651 673 1193 2215 685 2219 182 185 2226 2749 2750 204 2250 720 1233 214 1243 738 2781 740 2281 754 2562 2293 1557 2307 789 791 1306 2336 810 300 1845 1850 323 2368 837 839 353 872 880 1322 386 902 907 1931 409 1950 1460 1972 443 964 2439 2498 1988 968 1993 2509 482 484 2528 
184: 2629 249 406 2658 935 2748 1442 1421 1406 1915 
189: 2629 2076 602 37 756 1189 1857 2624 1615 1115 426 440 955 2343 768 643 1190 1958 181 601 348 121 167 592 1381 993 1897 387 755 2118 459 1805 2335 1078 1291 1792 1861 1868 1934 48 2439 537 2600 2678 810 2787 1659 615 1354 2339 2226 2526 2341 2048 1573 1080 604 2300 1184 185 1646 1524 2432 902 269 653 917 1178 1945 1684 1311 2016 2534 2479 1086 997 963 2257 2015 1247 231 
191: 2629 953 1029 2102 
203: 2629 1590 1189 2624 331 1115 2302 2343 2398 1666 643 1958 1763 88 124 941 2193 1156 1158 1157 2351 1511 1897 247 758 385 387 1155 1975 531 1383 2098 2199 834 1610 2060 1723 2544 1291 1747 2022 2082 2370 2378 2655 740 1442 199 777 351 907 26 182 1510 1939 541 1080 596 1147 2182 1168 1182 676 1802 2768 1239 2267 767 2300 1806 1304 2340 2341 1322 2244 2356 828 1858 1859 1619 1893 1388 2412 375 386 902 1936 1986 
204: 2629 602 261 494 885 955 1224 1267 1531 1583 2208 2323 2398 2701 643 404 2217 181 1763 162 174 1151 2058 934 86 411 535 551 75 2118 2394 2199 582 1102 1108 1152 388 1740 1747 1769 1954 1957 2046 2196 2165 218 2297 2318 359 2439 403 409 410 2509 537 2636 251 659 669 743 810 848 878 1664 947 1303 79 466 2306 907 2777 1764 2115 1617 1114 2167 182 1243 2805 1048 682 1768 2356 1547 1557 1184 1185 695 2768 2049 1755 1567 767 2546 386 2517 2180 842 67 165 2034 512 1550 1041 1054 556 1588 578 2122 1784 933 1129 2179 1679 2712 2209 1712 2228 1231 750 757 2465 2307 782 1324 1338 329 856 921 871 2432 1418 402 1950 2464 396 1470 963 454 1495 2518 987 484 
226: 2629 864 91 318 2809 2215 2435 787 2081 2264 1557 644 2219 938 569 1120 222 223 232 1259 2567 2442 2716 1371 679 2225 1244 2644 230 
230: 2629 602 864 643 1045 226 953 1108 2646 2435 787 2081 2366 1437 938 1294 2644 2442 222 232 1259 679 223 2225 1244 2553 
237: 2629 2001 1763 50 2404 941 2044 2041 1509 1542 993 1251 1355 1839 218 389 18 132 199 2690 1554 2458 1442 2330 2756 839 2635 345 741 
238: 2629 602 14 37 426 1666 2083 1823 1958 2193 1370 607 2079 2279 263 1931 2325 676 1460 2226 823 2758 2510 
242: 2629 1615 486 955 1979 1980 1767 2017 2666 2625 2014 241 
243: 2629 2076 703 554 756 2704 1189 1115 2774 27 28 440 853 955 1282 1317 1372 1384 2184 2522 2674 1190 601 348 6 162 941 592 2044 1370 2745 730 2041 1151 588 387 108 32 40 64 72 150 151 182 201 489 1527 515 522 2060 530 1557 1561 2071 541 1567 1568 558 244 1587 841 571 1604 1610 2636 599 2134 2136 2650 2654 2656 2657 2659 618 2667 628 1658 1149 1152 2216 2183 2189 1171 2707 675 682 2725 1196 2730 2226 1228 1233 1747 356 2768 728 2781 1764 2787 1127 2795 755 1780 759 1784 772 2307 1291 535 537 1732 1316 2337 2339 2341 810 819 2359 1856 328 1864 2165 665 355 2399 880 901 907 1931 1240 411 1949 1962 1455 946 1461 443 2439 2498 1993 1997 2509 2519 484 
247: 2629 149 1615 1115 885 1872 643 1958 203 1156 1158 1157 5 1897 93 194 219 1382 1767 466 363 1647 882 372 2418 808 891 385 725 387 1856 268 1805 2191 406 1175 1050 1690 2073 1439 2207 2465 425 810 2346 945 1845 952 1721 1723 448 2492 2367 964 1802 1099 1709 1230 2636 1362 1610 1422 607 
254: 2629 131 708 1583 1980 2513 2674 167 2041 1345 2201 2505 728 2356 1512 364 2530 715 1342 164 499 1396 1320 2357 2360 2514 
264: 2629 1590 2098 406 422 1303 1443 364 
268: 2629 555 602 37 553 292 1824 2184 1666 601 142 247 1381 1370 381 993 538 1223 1100 1283 1329 2022 2035 2318 472 740 300 2349 2215 2081 2189 907 2415 1127 1949 1993 1762 1131 876 1772 2183 2429 1154 2813 1552 1172 2325 2709 415 1950 299 569 1471 374 2198 1350 712 1997 2122 2511 2650 
277: 2629 2217 1807 1736 738 1659 925 158 1405 2690 275 276 1524 2428 
279: 2629 2403 953 1291 1796 1955 2568 808 1042 
294: 2629 553 418 2184 2280 404 142 535 1228 2682 470 2167 1568 1567 2183 1301 2054 2476 2173 
296: 2629 496 2044 810 807 808 1112 1923 
298: 2629 14 2044 1874 2058 1511 836 1283 1329 2753 2757 2754 1937 2418 1534 1368 2325 1438 1497 826 
299: 2629 149 445 2184 643 268 2602 1475 1019 1100 1117 2454 1861 2216 472 476 2627 793 539 1699 1048 521 185 2183 2325 2728 2298 2800 1149 520 
304: 2629 2302 91 518 588 1117 1290 1291 1976 2666 673 530 534 519 1544 503 2232 1762 399 808 528 884 1997 1008 1795 420 1572 2470 820 1849 1596 479 2014 1378 
307: 2629 1372 1384 2184 2187 2383 2509 728 893 1243 1318 96 2183 2365 94 266 2253 566 2425 1569 
310: 2629 1355 1353 
314: 2629 1115 1095 1307 714 1874 1918 758 2199 444 2155 26 158 806 2558 2204 1322 2173 1057 1378 
316: 2629 602 285 864 1666 1958 3 93 120 165 1510 2785 364 1388 758 1146 1792 1670 1926 2182 2705 2204 1184 1570 931 1699 677 1574 2485 1082 1268 2247 1607 1185 462 1487 2655 
317: 2629 2076 864 2058 315 2166 637 2654 2497 1146 364 515 2102 297 
320: 2629 486 835 885 955 1372 1558 2032 719 535 2134 2498 725 466 470 1127 52 1259 1549 657 1439 711 484 
339: 2629 
343: 2629 885 2217 847 2153 810 147 2654 2337 2006 1818 156 185 305 462 1170 2095 958 804 
356: 2629 2421 756 149 285 1115 27 426 955 1006 1979 1980 2010 2302 2398 2451 768 1045 1958 2217 181 601 146 162 174 243 2044 1370 381 2041 1874 159 1511 1564 108 8 355 100 101 180 312 324 352 1552 2573 1050 1067 563 568 2104 572 757 1101 2124 1114 2136 1630 608 1127 2154 2155 1649 2669 2165 1148 1161 1168 1681 2707 2206 685 2230 2740 1723 702 705 1237 2768 2260 1241 2773 1756 2776 1767 752 755 2797 2800 2806 769 1806 785 1306 1312 1322 819 1845 1336 855 1386 876 2409 882 1905 1906 2428 901 902 2261 925 932 2467 1483 2469 2516 483 
371: 2629 1650 2513 2217 1918 321 1352 517 1897 2166 1268 2156 1797 948 1284 2128 2416 2439 2498 2682 766 791 23 30 52 56 67 119 164 165 227 319 1893 1512 2029 1526 890 1533 1024 515 390 392 2309 908 1421 1026 2194 1698 1179 550 808 2596 2724 1472 2483 952 697 2226 1601 2480 1036 2759 1743 1239 2595 1243 1378 2781 
373: 2629 719 1853 96 556 
386: 2629 602 2085 1857 426 445 1979 1980 2184 54 174 203 204 1874 1151 1158 1157 934 1992 1897 385 387 1594 1475 794 411 535 755 1766 2806 406 834 1767 135 2364 582 1102 1108 2729 1649 1796 2022 2388 2439 725 2809 539 2349 964 485 2215 2787 2551 1865 2081 2679 466 1764 615 773 1316 819 1864 2415 1949 1768 1568 2113 1573 156 214 1306 2049 644 1567 2051 581 2219 378 1518 151 220 2534 1519 1016 1572 1071 569 594 1120 2177 2183 1176 2716 715 741 2309 1294 1314 804 1858 855 1894 1899 1904 903 420 963 966 1995 467 980 990 
395: 2629 1115 2302 2044 1918 758 1807 1564 535 2806 533 1290 1792 1875 907 2777 521 2533 1101 2768 1030 1758 562 610 1833 
403: 2629 555 554 14 1189 331 204 1511 1594 794 2168 411 1657 1766 1767 2060 2364 582 1117 1769 2079 2147 377 158 1768 2666 2159 902 903 1289 1684 410 581 1755 
411: 2629 2076 602 703 14 1189 1115 549 27 261 426 486 492 494 955 1006 1267 1531 1583 2184 2208 2323 2398 768 404 1045 2217 181 601 1763 55 91 121 162 174 204 243 386 403 1874 2058 934 2351 517 2403 2166 1594 86 622 8 40 46 75 79 89 127 130 151 164 165 182 218 219 225 244 290 300 388 396 402 409 410 2529 2533 1341 2546 512 2046 2048 1547 1042 1557 1048 2707 539 1054 1567 1587 546 2593 551 556 1585 755 2609 1080 1085 1089 1950 2115 1100 1101 2636 1617 2136 604 1117 606 1127 1642 2160 2165 2167 1152 2179 2180 2692 599 1679 2196 665 2199 1284 1114 674 603 2216 1199 1200 2228 1495 2742 705 695 1747 1755 1762 1764 2328 1769 871 2318 1264 2797 2800 2811 1285 2306 2309 1291 2314 784 786 1306 1819 1646 810 812 967 675 2245 907 757 1796 848 2382 2388 2394 1573 876 2409 2427 1917 898 2432 1418 1931 2457 1949 2460 906 932 933 1967 947 1973 2777 1184 1471 2608 963 2439 1861 2183 1991 1997 472 2517 2518 992 2525 2016 
415: 2629 1648 285 549 885 1224 2217 53 268 322 2351 2011 1268 755 1223 85 1084 1152 1607 2022 2439 2460 2523 2753 740 793 2349 1188 182 2399 1993 2226 2108 1646 1826 1936 414 1257 2795 1016 2429 650 855 783 2321 2458 1970 1209 1235 1495 1337 
427: 2629 554 600 885 1224 1372 1583 2032 2451 124 1897 387 425 1767 2335 430 863 973 2177 83 1421 412 1294 1830 1994 596 1742 
431: 2629 1045 2659 96 2441 2027 1552 2489 1696 
439: 2629 149 2704 162 2044 2041 2011 953 755 1108 1152 1204 2439 791 964 2215 787 2081 2679 1659 1188 759 2264 1573 1364 632 45 87 151 220 679 2170 2043 903 1546 2442 2446 1685 1879 2327 541 2084 1841 2606 1211 1218 980 
449: 2629 726 2174 2343 1158 1157 1310 2439 466 2769 1540 2512 1684 2638 2059 1032 
473: 2629 1083 14 1579 1172 1081 1660 1572 
476: 2629 2421 554 14 440 1006 1583 2332 24 142 146 299 1151 1897 758 531 637 535 2524 1767 533 1290 2454 1861 2287 430 472 26 489 1768 1261 1901 893 2286 2707 922 558 2477 521 2669 1512 1617 2772 1764 
479: 2629 756 2704 304 2011 2533 1111 96 2459 1042 571 1075 94 266 2742 1130 1301 1539 2272 
484: 2629 602 1189 486 600 853 885 955 1372 1416 1531 1821 1872 2032 2332 2500 2501 2217 719 174 204 243 320 425 844 943 1361 1268 953 1167 607 2187 738 751 893 2777 1617 1687 182 1587 1162 1600 1101 2768 1397 1401 1745 887 709 2132 1598 1301 2637 99 244 490 1773 1901 1527 2186 1811 1178 2233 2107 596 727 1147 
493: 2629 1648 2421 885 163 2394 2336 2439 2526 902 2456 1154 745 2637 2198 360 2561 975 
503: 2629 2076 602 37 2704 553 1115 292 426 864 955 1372 1579 1980 2302 1666 1190 601 91 174 304 477 1370 2745 2351 1992 2011 2403 535 755 1223 2060 1108 1152 89 1796 2128 2216 2281 2439 472 537 2608 673 674 810 539 300 2215 1653 1993 185 214 468 1233 1135 1008 2620 2698 1557 2463 1573 2219 705 1988 1101 718 720 1931 1106 
508: 2629 787 2477 286 
515: 2629 496 1590 1115 445 1579 1666 1958 243 317 371 1918 322 315 318 321 1352 1992 758 1594 1797 551 2359 1478 406 2335 1607 1808 2196 2153 409 2505 498 537 619 728 300 530 1442 1715 534 519 2006 1993 1101 2768 1397 902 558 808 2517 1246 2180 1293 2019 1421 87 172 197 302 352 390 2542 2290 2596 828 1533 1259 949 2483 826 715 1212 2764 1239 2595 
522: 2629 496 14 27 486 853 955 1384 1583 2061 2184 719 162 243 1156 1157 1186 108 1251 355 1456 2141 1249 1250 1738 70 2153 2439 1127 2657 1775 2677 2183 1802 2202 1567 1568 1200 1197 2669 2361 1088 1970 727 2777 1764 
535: 2629 2076 602 14 37 756 2704 1189 553 1857 2624 1115 549 27 49 261 292 426 492 660 853 864 885 955 1006 1105 1174 1372 1531 1558 1563 1579 1583 1608 1980 2184 2208 2277 2302 2323 2398 2451 2500 2501 2083 368 768 643 404 1045 1307 1823 1190 1958 2217 181 719 601 348 1763 24 54 95 121 142 146 174 204 243 294 320 386 395 476 503 714 477 173 381 2745 1151 518 934 2351 1992 2387 847 2011 102 229 1511 836 367 758 2166 11 179 86 425 1383 2191 36 41 67 79 81 89 93 117 122 130 150 158 165 172 182 185 201 210 214 235 290 300 302 328 344 352 353 399 406 409 430 433 447 472 474 504 512 530 533 1510 2507 2136 1007 1341 2543 2544 2787 1536 2194 2048 1030 2052 1033 1034 2056 2568 1550 2060 1553 2574 537 2071 2074 1567 2525 1060 1779 2285 1066 2050 1818 2287 2576 2497 2104 1596 574 1599 2110 579 1610 2476 584 1611 1102 1618 1108 604 1629 1100 612 2120 614 2153 1967 2669 2165 673 2167 2206 2299 2215 1101 642 644 2045 1671 1482 2188 657 539 1684 1712 669 1184 674 675 1699 2646 659 1547 685 2219 2741 1212 2746 2226 2750 1223 1886 2509 1741 720 1233 722 2766 2768 727 2260 2773 2464 2777 1764 1767 1769 1723 2063 752 754 755 757 1781 1044 2298 767 1796 776 910 1290 1291 1803 2068 1805 1808 1557 2749 2325 2223 2329 576 1306 1318 1319 2341 810 1326 2118 603 1431 1338 1853 2036 1568 838 2114 1450 2213 1285 2335 2393 1896 1404 2631 880 1904 2765 2418 1909 888 1747 2183 1322 902 2439 907 1931 2349 1344 1945 1953 2470 988 562 946 909 785 965 1478 1988 968 970 1993 973 975 1676 1427 1491 2781 2597 1681 1167 1573 1504 2524 994 
539: 2629 2076 602 37 756 553 2484 292 426 835 864 885 955 1531 1579 1980 2302 2398 2083 643 1045 1958 2217 601 123 170 174 299 386 411 503 535 477 941 1381 2745 1509 1156 2351 1992 1511 1594 2763 2607 953 755 1223 1167 1805 2060 2335 2364 1100 1108 2729 1279 1424 89 1747 1796 1838 2017 2022 2036 2052 2153 2281 2439 537 2646 606 673 674 740 810 965 15 2809 1303 33 78 79 185 214 372 428 443 453 466 485 2021 2532 2542 2108 1557 2555 543 1573 1085 1598 2622 1101 2654 1646 2215 644 1676 1793 2698 1179 1693 1699 603 2219 1232 1233 2768 1271 2307 2325 1830 2349 2356 2366 631 720 902 2436 907 911 938 2476 1974 1988 968 1993 
541: 2629 2076 602 1083 426 955 1006 2451 601 203 243 439 1381 2745 2041 1874 518 934 1992 2602 755 2141 834 1019 1152 1290 1483 1747 2439 810 2635 182 1949 604 1184 1185 214 94 140 2406 2315 921 2595 2471 1212 2246 718 
545: 2629 885 2061 1158 2281 1101 1220 2202 616 1460 1828 
546: 2629 2484 2624 418 492 1583 1980 2720 1045 174 411 1156 1157 1191 1992 2011 517 2607 834 2729 2439 810 848 893 530 1734 466 735 907 2777 1085 1048 1433 1101 644 1435 1512 856 81 469 1147 2437 983 1933 1439 2476 1247 1599 969 1314 1495 2779 2144 
547: 2629 1857 445 1156 1157 1511 1155 900 179 1766 406 1767 2159 1760 1552 1719 
552: 2629 602 703 37 1047 426 864 1666 407 601 170 2193 2745 1151 2351 1594 2492 953 786 1831 1117 1483 1738 1844 1861 1868 1934 2046 104 2216 2281 2416 2427 2439 606 2678 843 1382 1737 784 2048 1547 329 1646 1398 2108 2296 2556 906 1553 2325 1819 2209 2091 1202 968 1206 2228 1080 2232 2621 1613 2506 804 1501 1630 2779 1507 
559: 2629 555 1189 553 941 2044 2041 1413 429 776 988 2251 733 2026 1726 577 
561: 2629 440 179 2081 615 644 2292 753 938 2314 1209 1651 
562: 2629 602 549 123 395 535 622 1612 985 1792 787 907 2261 1699 1587 2533 1285 127 1644 680 1211 841 
563: 2629 14 426 1980 601 356 1151 901 2524 2293 463 680 2653 1481 
566: 2629 496 307 998 1861 2439 1547 1952 1042 929 1572 837 2601 
569: 2629 756 149 2704 864 955 1666 226 268 386 1381 2011 2763 755 501 810 2215 787 351 2679 1653 2264 1557 1119 2719 1306 2049 2219 72 753 892 2566 663 937 938 939 1707 143 1438 804 1466 1120 1749 
572: 2629 2076 2398 643 356 901 1580 1598 
574: 2629 535 2524 2199 2287 364 2525 
576: 2629 535 1766 1767 1228 
580: 2629 2774 885 2168 1766 1767 2364 2165 2167 182 1353 581 1042 2747 578 1832 2452 612 667 1611 482 1771 1915 1593 
582: 2629 2085 1115 1563 1579 2217 91 204 386 403 2745 1158 646 2168 13 1113 1478 2060 2335 935 156 214 1127 2534 1518 2666 1905 1906 863 893 2049 657 1683 1557 2198 644 2458 1442 1060 667 1832 2348 1213 2768 839 845 2378 674 1617 1494 1117 607 1378 1635 2528 
604: 2629 496 602 37 1189 1115 261 426 885 2674 601 91 174 189 411 535 541 173 1370 2745 998 1874 934 2351 1511 758 179 2752 2607 637 551 755 1907 2797 2060 1019 1089 1100 1117 1431 2454 89 1881 2052 48 2543 2124 2348 2416 410 472 537 567 606 674 810 300 530 2151 907 534 1443 1699 2777 74 1917 1856 2533 1020 1573 2609 1600 2621 1101 185 206 214 376 502 528 603 1510 2532 1521 1039 2603 1621 644 2692 2696 2197 705 2246 2249 2255 2768 1239 1247 752 2309 1296 812 1849 837 863 1401 909 1999 2511 1397 
606: 2629 2076 602 1083 703 14 37 1047 1115 549 426 864 2302 1666 1045 407 1958 601 1763 411 539 552 604 941 1381 2745 2351 1594 2607 901 953 2797 786 1831 607 1117 1483 1635 1738 1747 1792 1861 1868 1924 2046 104 2281 2416 2439 409 2460 127 144 148 158 171 329 351 475 2048 1547 1553 1573 2091 2108 2621 2622 1101 1613 1630 2149 1646 2678 1184 1185 2209 1202 1206 2228 2742 1737 695 1233 2764 2779 2316 1266 2296 784 1819 1826 1371 1398 2436 906 910 1945 929 958 968 2506 1997 2511 1501 2698 
612: 2629 149 426 440 1006 348 535 580 2118 2141 2524 1221 537 584 2576 1699 1753 1173 158 2477 902 578 1007 81 1832 2452 213 267 433 1771 1049 2465 2479 2761 2525 
622: 2629 549 971 6 411 562 2193 362 409 1767 1644 1394 2669 1913 1284 773 2052 2690 2703 1285 1318 2216 2477 2504 1760 2526 
625: 2629 
637: 2629 602 37 1115 426 445 1144 768 1045 1307 181 601 77 317 476 604 173 1918 322 1157 1706 318 321 2011 11 646 86 26 44 48 380 519 603 2532 2533 1745 1085 1649 755 1906 1907 1908 1148 1917 2810 1813 907 1431 1665 1296 2196 2299 1369 2328 1328 767 2467 1450 1326 1456 1842 2650 2191 1797 1101 1102 2762 1998 2639 725 1674 1832 866 
640: 2629 1156 1157 2097 351 745 2726 824 
651: 2629 602 554 756 174 1352 2403 425 1291 1955 200 430 1442 819 1076 2458 650 175 176 1972 
652: 2629 1650 1385 1753 1101 902 96 266 1130 1627 
654: 2629 1511 387 1610 1148 1413 218 1510 1843 2205 
670: 2629 14 1808 2506 2576 2518 1820 2108 2226 
683: 2629 2674 1157 1226 1905 1272 2669 1085 214 2412 1569 2202 117 2324 2200 963 
690: 2629 292 1664 1841 
699: 2629 170 1251 1100 1291 2341 1886 987 455 2644 1940 1942 1944 
700: 2629 149 1034 1535 1720 
705: 2629 602 601 91 356 411 503 604 381 1874 934 2351 755 2797 1004 1019 1089 89 410 2491 472 2627 659 674 300 734 615 1917 2533 603 812 2309 2692 2728 2135 
706: 2629 602 703 37 1650 1857 2624 1115 426 2302 1666 2083 643 1190 601 91 941 2193 1381 1370 2745 1874 2011 1897 646 13 953 1491 406 2060 15 79 89 300 398 443 472 537 570 673 674 1135 2543 2046 777 1547 1426 1646 2460 1286 968 2226 1012 1184 964 2627 1357 1108 1117 2515 1762 2017 1019 
715: 2629 2076 149 1857 864 885 1579 1980 2302 1666 2217 254 386 515 2044 1370 1874 934 755 406 2335 1102 1117 1413 2147 2154 409 537 810 1200 530 351 470 735 182 1048 1912 156 214 2768 1306 839 376 2482 594 1287 111 1515 443 499 1795 2470 2353 2229 1439 2744 1508 2401 
721: 2629 27 1045 719 1922 471 1610 1367 2439 409 2498 351 470 735 1587 452 467 1619 1925 1032 1800 727 915 1811 1177 1540 929 1179 2103 2240 1732 2639 2527 
723: 2629 
725: 2629 2076 2421 602 14 1189 426 445 486 853 864 885 1006 1416 1563 1583 1980 2032 2174 2184 2500 2642 768 1153 1823 1958 181 719 601 348 247 320 386 637 1381 2745 1151 1918 1156 1158 1157 2351 321 2011 1434 1511 1897 385 387 900 1922 1570 2623 1186 86 844 531 1251 2156 2191 152 2462 953 948 755 1907 85 2098 2118 1167 2141 2524 406 1610 2658 1805 2075 935 2748 2544 1004 1148 219 1249 1250 1290 1413 1431 2104 1649 1681 1730 1746 1896 1969 2022 2097 2216 218 2281 290 2348 2378 2388 2427 408 2460 2468 2573 537 2600 645 2749 118 158 319 329 489 579 581 603 611 677 718 2533 1007 1085 2033 2034 1027 2054 1548 1659 1561 1050 2077 1945 1064 2101 2106 1801 1101 2638 2140 1637 2660 1143 2677 2177 856 1692 1114 1695 1187 1193 1705 2220 1715 1512 1630 2237 2238 2616 1755 2775 1246 1758 740 1768 2234 1272 1795 2307 777 1304 1822 1825 1318 2339 810 2345 1856 837 839 1353 801 1363 2415 1694 727 1426 924 2464 940 2476 946 904 950 952 2777 964 967 1761 2525 
727: 2629 149 445 486 492 1583 2355 2500 2618 1307 719 123 484 522 535 721 725 1158 1157 103 2387 102 1922 943 1610 1290 1844 1905 2281 2669 1029 1802 1353 1864 2477 489 111 1220 1050 362 105 402 490 1814 1806 2698 2334 1828 1000 2736 2737 1800 2238 889 986 1551 
731: 2629 864 2501 322 2058 2394 2319 1831 2036 2190 2306 773 1895 1959 2304 1945 2229 165 1643 2284 2289 2475 
739: 2629 261 726 2052 466 1990 2768 581 2110 1435 1178 2786 451 504 525 2024 1654 1177 
745: 2629 285 1115 123 493 640 2745 2351 2607 2570 1221 1278 1309 122 2336 2635 773 1573 1713 1810 1154 2779 94 115 360 613 1893 760 1031 2229 1526 2245 1756 2144 
747: 2629 496 701 261 2735 333 488 647 2255 1651 1039 
752: 2629 2421 602 1650 553 1857 2624 1115 131 426 492 1583 768 643 1958 2217 719 601 356 535 604 2044 1874 1151 1156 1157 2392 993 229 901 948 1907 834 1610 2075 1152 1649 1796 2196 48 2187 2206 2378 2568 537 2753 810 1303 79 2576 201 1318 2226 1101 1306 353 186 197 383 504 570 578 634 2211 1640 1641 877 1906 1537 2177 1378 2698 1123 1304 1692 1121 1319 1322 1323 2144 1694 2122 1495 975 1122 
757: 2629 1115 1006 2674 204 356 411 535 1918 1158 322 1157 321 1897 758 1922 1321 355 901 1139 2806 1341 834 722 2543 409 410 2551 2317 1865 2669 1085 1567 1322 2504 1959 789 302 557 1833 2200 
758: 2629 14 285 1857 2624 1115 2774 418 426 445 1006 1095 1558 1583 2010 2302 2501 2522 1666 2674 1153 2217 181 601 91 95 123 174 203 314 316 395 476 515 535 604 757 730 1269 1874 1151 1918 518 322 1706 2351 318 321 2403 5 1511 1897 11 12 15 26 65 86 96 148 156 171 182 218 219 319 328 329 364 387 406 468 472 519 531 537 557 570 603 607 618 619 657 674 717 720 722 724 755 2019 2530 2022 2533 1515 1007 1008 2036 2551 1021 1022 1536 1033 2057 2568 2060 1659 1560 1796 2596 2098 1592 1085 1086 2623 2115 1101 2716 1104 2130 2648 2797 2150 1646 2666 1917 1169 1148 2170 2680 1152 1675 2186 2696 2191 2705 2190 2710 1692 2204 1698 2223 830 2748 1730 2750 2754 1228 2761 1746 2261 2281 1264 1268 2806 1641 789 1795 1290 2245 2317 2319 2240 1820 1314 2335 2336 1600 1321 1833 2634 1328 834 1859 1865 1368 889 1487 870 2412 881 1397 1401 890 2706 1322 2429 900 901 902 903 1421 1936 2260 1944 1922 1946 2092 2460 1442 2435 2476 1426 1461 950 1475 2498 967 968 2504 975 1494 1496 825 2103 1504 2524 994 1507 
773: 2629 386 622 731 745 1542 993 1570 1268 1349 2141 2319 2199 985 2544 1796 1868 2165 2600 251 738 2576 1715 26 96 158 281 463 676 680 2276 1386 808 1159 2309 1038 1299 916 1187 2136 2476 2477 963 2504 2038 2526 2718 
774: 2629 602 37 1115 1666 1381 1370 229 953 1152 200 182 176 1428 1762 
786: 2629 703 14 37 1047 1115 426 407 601 411 552 606 941 1381 2745 2351 836 1594 13 953 104 127 329 351 409 695 784 2678 2409 1646 1831 2416 1398 2341 2296 2108 2046 2048 906 1291 2621 1553 1819 1184 2209 2091 1501 1202 968 1206 2226 2606 1547 1861 929 1737 1738 2228 1613 1997 1868 2506 1185 1117 2779 
802: 2629 14 1156 794 1928 
808: 2629 602 756 149 261 426 864 1666 643 1045 247 279 296 304 371 515 773 1381 2044 1874 1191 2351 588 2011 993 836 2191 755 2223 834 1291 1597 1649 1681 1747 1896 2196 48 2405 2439 537 810 351 1458 2526 2341 1213 2583 1080 2108 1646 1998 807 2276 1398 888 1537 2689 1931 2325 1319 812 1923 1959 1451 1073 2598 2361 1261 1994 2780 1760 
810: 2629 496 2076 2421 701 14 37 2704 2085 553 549 868 27 28 292 726 955 1384 1930 2302 2355 368 768 1307 2217 1763 91 123 174 189 204 243 247 296 343 411 503 535 539 541 546 569 604 715 725 752 808 1381 2044 381 2745 2041 234 1151 1918 322 934 2351 321 1992 588 1897 2166 1564 1570 2607 2536 2156 1113 755 1766 471 2806 2223 1767 2060 607 1100 1102 1117 1169 2729 2735 1291 1635 1649 89 1681 1747 1796 1844 48 2099 82 2348 2388 2439 409 410 2460 491 2575 537 2600 659 669 673 674 728 2772 15 33 38 60 156 165 185 199 214 259 300 384 399 414 468 469 485 519 530 534 558 560 596 599 603 644 647 658 702 712 720 759 807 1008 1523 1524 2447 1527 1016 2556 1538 1856 1547 1548 1549 1319 1557 2585 2586 2587 1264 2591 2339 2609 1596 1600 1099 1101 1120 1127 1020 1619 1660 1172 863 2198 1693 1701 2725 2726 1630 1544 1080 1217 1732 1222 2249 2255 2515 2773 1757 1751 2780 2787 1270 1795 2307 2584 1899 1560 2325 1306 1646 1314 1322 812 1849 1854 2583 2757 2588 1866 848 1871 1875 1879 2081 2395 1573 938 1894 2406 819 1900 881 1904 2415 2511 2768 2436 907 909 1427 1070 2305 1119 1949 1442 2603 2589 1956 2349 2470 1451 2689 2477 1331 2482 951 2485 1466 958 959 963 964 965 968 1993 1994 1997 1998 2442 1252 2226 2003 2014 1507 
852: 2629 
867: 2629 14 163 592 1802 1912 
871: 2629 1650 2184 1823 204 411 477 1381 646 2098 1148 1792 225 1820 302 1640 1771 2698 1625 
878: 2629 14 418 440 719 204 2281 420 680 1637 1220 
886: 2629 2704 885 1979 1980 1666 1045 1190 1681 2165 2439 158 2341 644 2781 2296 830 293 2556 1311 1709 2255 
888: 2629 643 91 535 808 1151 1100 1102 1681 2230 409 669 673 674 300 351 2306 907 2533 2540 2048 2587 1671 2768 988 558 2463 1120 704 1386 2050 1571 2240 1631 2773 1252 
902: 2629 2076 602 37 756 149 1189 2624 331 1615 1115 49 261 426 864 885 1006 1531 2302 2398 2500 2701 2217 719 601 95 142 170 174 189 203 356 403 493 515 535 539 612 652 758 1370 1151 1156 1157 1191 2011 1511 836 179 2492 531 355 901 2191 953 809 75 755 1478 1503 2524 2223 1610 1805 2060 1723 1034 1100 1102 2735 1283 1290 1291 1450 2104 2454 1681 1747 1769 1896 2052 2543 2124 2153 2165 290 537 674 740 791 801 893 946 2317 530 2487 199 1865 2444 147 2654 2669 1699 519 1114 2167 1676 178 158 1818 1856 1127 2226 2341 2356 1101 2249 2768 839 1358 67 78 244 340 483 548 550 838 1510 1937 2545 1022 1561 1567 2597 1779 1599 2110 2120 2123 1106 1621 2647 1781 1795 2204 2726 2562 2257 1212 2574 2240 1820 1322 1841 1342 1482 2631 906 908 909 910 1427 924 2183 963 970 975 
919: 2629 1479 1990 
926: 2629 28 198 2398 1823 2217 2524 2439 2633 1243 434 2483 
931: 2629 2076 756 2704 1006 1930 368 2674 316 234 1151 1918 516 518 1158 322 1706 315 321 517 1434 2199 1878 2281 2416 430 2498 2505 754 19 1715 26 364 390 2657 1146 1802 2696 1687 1050 1327 2504 1741 975 1489 1243 
945: 2629 14 955 1666 124 247 941 592 1370 385 2224 2492 1230 953 1610 211 214 363 1382 1912 1025 1806 1438 2518 2214 1960 1207 1099 2384 1243 
948: 2629 701 149 868 27 28 486 1979 1980 2174 2184 719 16 371 725 752 847 385 11 147 151 220 223 253 525 581 755 922 2787 2155 1085 1272 1273 2425 2299 1669 2576 1949 1318 1319 2596 2159 2476 2096 2669 1610 952 1856 1548 2524 2566 2098 2388 2645 1764 
951: 2629 1590 602 37 426 955 1045 1958 810 1381 1511 2166 1922 1113 1681 1747 2165 2439 79 777 182 2347 214 641 2689 2613 2233 2119 2780 2781 
952: 2629 149 549 27 28 1153 142 247 371 725 948 1151 2098 1148 1254 619 972 2299 922 2155 1272 1085 1273 117 127 151 253 2425 1582 2096 1347 2521 
954: 2629 14 486 600 660 853 885 955 1006 1224 1531 1583 1872 2208 2398 2451 794 1766 1491 1767 409 2509 251 669 26 578 1007 2690 2485 2115 1617 
961: 2629 1372 2544 470 875 
965: 2629 602 14 37 2624 1115 426 170 535 539 810 2193 1509 1321 953 1805 1117 1279 1838 2017 2022 2297 359 537 2627 2646 674 880 15 79 485 1909 2809 1303 1699 1840 2349 
979: 2629 756 149 2166 754 893 2595 
984: 2629 600 885 1085 
986: 2629 1650 492 885 719 727 2392 2281 1846 1154 1327 658 210 374 661 2604 1402 
987: 2629 2217 204 699 1370 1475 1659 1162 709 1580 127 1447 1378 
993: 2629 555 1648 756 1189 553 2624 1615 955 1317 2302 768 1153 1190 2217 181 601 348 53 91 189 237 268 752 773 808 730 3 1874 2011 97 104 244 326 352 390 420 548 653 673 676 712 807 812 846 855 856 876 884 903 959 963 964 980 990 2543 2557 1547 1038 2305 2118 1609 2645 1127 1641 1139 2165 2677 1148 2679 2682 2198 2215 1709 1209 1218 1737 2256 1750 1252 1795 2814 1288 1313 1826 1322 2349 1337 2366 1348 1875 1149 1917 2429 2458 1950 2470 2478 1968 1464 1993 1996 2186 2523 
997: 2629 2184 2277 2302 189 1805 2643 839 2690 193 1524 1481 2078 
1002: 2629 1174 2217 794 1284 2576 1368 1388 1863 319 890 2556 596 
1007: 2629 1615 440 885 1006 1821 2323 2398 1958 348 1763 535 612 725 758 954 1897 385 2763 2492 844 75 1167 2524 406 1341 1034 1102 1152 219 1290 1730 1796 1957 2196 218 2287 2318 2568 537 2576 1764 1085 1617 2167 1173 521 2356 2528 2546 2517 2690 2177 1512 556 87 134 490 512 648 680 1255 1901 1145 2042 1795 2640 1825 2465 2152 2204 1271 2645 1882 2103 
1008: 2629 1115 955 1666 91 304 503 758 810 941 1370 1897 953 1167 2060 89 2128 290 2439 2460 472 537 673 674 793 300 2081 1185 1066 1135 1149 2645 2268 1125 
1009: 2629 14 998 2403 794 1657 2570 1349 2265 442 713 589 724 441 1503 985 928 1147 2073 1331 2246 1350 2757 
1010: 2629 14 181 601 730 86 2454 1347 
1017: 2629 1648 2745 1874 1897 953 755 2524 1291 1483 1730 2216 2439 2551 2669 863 1264 1886 378 2747 1841 1313 2409 2764 2429 215 1239 783 818 2148 1280 1493 
1028: 2629 2478 658 1651 
1035: 2629 853 955 1372 1175 953 1394 530 1062 466 2725 1567 2690 1179 1178 1554 2357 1177 1031 1073 2039 
1037: 2629 49 955 1372 1442 397 2705 1539 
1038: 2629 1958 773 993 1251 1839 2593 751 2183 165 
1041: 2629 204 518 1594 1832 
1048: 2629 285 1189 27 440 492 853 955 1579 1583 1872 2061 2398 1666 768 643 204 299 411 546 715 517 1897 2602 1797 1766 2141 1767 1413 2792 1738 1796 409 410 430 472 801 848 1875 1085 201 447 244 281 397 512 680 1513 2657 2583 1433 1538 1993 2429 1172 1285 2328 1732 2465 2477 1209 1218 2631 2122 2768 
1049: 2629 612 2011 953 2199 2427 632 610 1641 2479 634 
1055: 2629 281 
1056: 2629 149 1034 453 455 830 1447 
1059: 2629 2351 2607 2036 2439 1573 2176 1030 463 282 1640 
1060: 2629 149 2398 181 535 582 86 1766 2524 1767 2364 1034 1769 2165 1768 581 138 140 1161 2200 2525 1366 
1063: 2629 2076 331 551 2524 83 483 1406 
1066: 2629 496 2085 174 535 1008 1117 2017 537 2646 673 880 1303 79 485 907 2777 1101 2768 1264 988 909 1749 1120 207 1642 2470 2307 1840 
1070: 2629 602 37 864 885 643 810 1156 1157 1734 223 2442 2253 2255 2528 
1076: 2629 555 261 651 1897 1805 219 1237 1330 1452 430 2523 893 682 362 2198 138 1682 1332 1402 2458 
1085: 2629 583 261 440 835 853 1006 1384 2522 1666 1958 181 1763 411 539 546 637 683 725 757 758 948 952 984 1007 1048 381 730 2430 159 86 809 755 1491 406 834 1610 2364 1102 1394 1796 1976 2066 2206 225 324 409 2468 430 1382 1272 1764 615 26 117 140 144 197 215 581 839 875 963 1512 2547 2038 1086 2289 1611 1129 2159 2204 1698 1701 2728 2228 2738 1748 1768 1771 2795 1779 1271 1273 1560 1846 2356 1849 1886 1388 1910 1405 2442 1950 2470 2476 2477 
1089: 2629 602 14 1115 601 91 411 604 705 1874 934 2797 44 89 300 410 472 603 674 812 896 2533 1521 1917 2429 2309 2692 1114 1850 1599 2240 2374 1442 
1100: 2629 602 703 14 37 756 149 2704 1189 2624 1615 1115 292 426 864 885 955 1006 1372 2083 368 1045 1307 1190 601 348 268 299 411 535 539 604 699 810 888 902 477 941 1381 1370 2745 1509 934 1191 2166 1321 2224 2763 2607 953 755 1491 2118 1610 1805 134 138 156 158 182 214 223 485 512 537 603 685 740 754 848 880 909 911 2022 2052 1772 1560 2509 1584 1101 1102 2646 2153 2165 2679 1684 1182 2215 2216 1212 2235 1232 1747 2773 2781 1765 2281 1263 2719 2307 1303 2070 1322 1838 1342 2366 2368 1378 2405 1898 1909 2439 1437 1949 1445 1452 2476 2498 2507 1997 1931 2017 
1101: 2629 1590 602 703 37 756 149 2704 1047 1189 553 1857 2624 331 1615 1115 549 49 131 261 292 426 864 885 955 1006 1372 1531 1579 1872 2302 2323 2398 2451 1666 368 768 1045 407 1307 1190 1958 2217 601 1763 124 142 174 356 395 411 484 503 515 535 539 545 546 604 606 637 652 725 752 758 810 902 1066 1100 477 941 2193 2044 2745 2041 1157 1191 2351 321 1992 2011 1511 836 367 2166 179 2224 2763 2492 901 1797 2191 809 755 1478 1223 1491 2118 1167 2806 834 1610 2060 1723 607 1034 1102 1108 1117 1152 2104 1649 89 1681 1736 1796 2046 2052 2543 2124 2153 2165 2216 2281 2405 2439 409 410 422 2498 2509 537 573 2655 2665 673 738 740 754 791 300 2215 777 907 1699 182 1243 2136 158 685 2339 2160 1368 1127 1993 1768 2226 2038 2533 2048 1557 1573 78 150 171 185 214 390 490 512 540 556 578 603 676 702 720 788 789 792 881 884 908 909 924 970 988 1024 1054 2019 1510 1512 1596 2552 2574 2456 2286 2110 1781 1713 1533 2545 2342 2368 1684 2135 2219 1212 1630 1217 2647 1378 1233 1705 2768 1239 2781 1263 2235 2800 1561 1646 1829 2159 1820 1336 1342 1482 2325 1866 1655 2773 1371 1535 2412 2596 1322 2476 1418 1988 1931 2507 1997 
1114: 2629 2624 1115 261 955 204 356 411 725 902 1089 1542 1992 1897 1564 1570 1321 2224 844 355 901 1349 75 1839 1868 334 409 410 2155 26 2115 201 364 489 540 899 967 1832 1146 1684 1678 1299 2811 2465 2050 2476 2496 1605 2246 1741 2006 
1118: 2629 
1120: 2629 2076 602 703 2001 864 885 1666 643 1045 226 386 569 810 888 1066 1269 2607 1349 1167 2519 1108 1117 1329 2022 2439 472 673 674 2809 1303 300 2349 964 79 2215 911 2435 351 446 1127 2366 2264 1990 1557 1560 695 1306 1646 1884 988 2219 72 753 663 937 938 939 1707 1466 1749 1026 1906 2442 2325 2436 
1121: 2629 1615 1958 752 2404 1434 1649 974 2690 
1122: 2629 752 2309 2690 1863 2188 1396 
1124: 2629 1648 2044 2041 839 2634 1265 2164 
1126: 2629 1579 2141 273 1896 408 201 127 710 1718 1305 2426 2109 
1130: 2629 479 652 1151 809 2155 1734 1895 1490 2374 2739 1097 1702 1480 116 596 1024 2152 1684 2326 1440 1743 2514 
1131: 2629 88 268 2224 2098 1723 1214 2104 2543 2178 2210 2212 2468 2713 2669 2725 1998 2211 1421 1088 1344 2310 1552 1944 1436 2634 1504 
1148: 2629 14 1115 1153 181 142 356 637 654 725 758 871 952 993 2047 1186 1251 901 2156 2424 2359 67 79 172 410 446 565 581 799 1067 1127 1129 2543 1406 2427 1875 2016 1664 2186 1678 2409 1810 2575 2709 1187 2082 1318 1833 2476 1974 1593 2115 1249 1973 2251 1490 1363 2388 2393 2103 1250 
1151: 2629 14 1047 1857 2624 331 1615 1115 2774 426 445 486 492 885 1006 1531 1583 2010 2174 2302 1666 643 407 1958 348 1763 16 54 170 204 243 386 476 535 552 563 725 752 758 810 888 902 931 952 1130 2404 173 1381 1370 2745 3 18 74 83 93 96 144 156 179 182 199 244 322 324 340 364 372 375 383 385 387 430 471 483 487 521 528 530 534 537 570 581 597 607 646 674 676 689 695 755 818 836 843 862 872 889 893 897 904 921 924 934 947 970 1074 1086 1129 1142 1510 2535 1511 2546 2038 2551 2553 2046 2049 2534 1542 2060 1557 2285 2608 2108 2289 1610 1617 2141 2655 1638 2153 1646 2159 2669 1152 2177 2693 2695 1169 2191 2703 2196 2198 1199 1443 1184 1191 2730 2226 1576 1630 2463 1217 2429 1548 2228 1230 1747 1238 1247 2778 1249 1250 1251 1976 1767 1554 2288 2797 1275 1276 1641 2576 1793 1285 1805 2328 1820 1313 1318 1319 2344 1341 2364 1738 1867 2396 1378 1382 2412 2416 1909 2427 1922 2439 1934 1427 1701 1944 1442 2467 2470 2476 1458 1587 1467 2573 1478 1167 1990 1483 2015 2186 1493 1501 2011 2103 
1154: 2629 602 2704 1224 2398 1666 174 268 493 745 986 1434 1922 1321 1478 1214 2336 2427 2468 491 673 599 881 59 360 1079 1088 2310 1680 1436 1438 2485 1721 2360 1504 
1155: 2629 14 1115 492 719 203 547 998 1156 1158 1157 2351 103 2387 2392 5 1511 1897 2541 387 26 75 80 109 155 213 218 273 325 362 377 406 425 462 481 500 501 531 633 662 893 904 929 1061 1767 1389 2156 2797 2393 1802 1303 2570 2281 2299 1561 1690 1646 1699 1319 1193 2634 2524 1692 2096 2075 2433 2416 1354 1441 1355 1741 2763 1243 1423 1249 2769 2706 
1157: 2629 1590 2421 553 1857 2624 1115 27 261 445 955 1006 1579 2010 2618 2674 768 1153 643 1307 1958 719 601 348 203 247 386 449 522 546 547 637 640 683 725 727 752 757 902 1070 1101 1155 714 2044 3 998 1269 1156 1158 5 12 26 75 86 93 99 102 117 135 152 155 179 185 218 219 229 273 288 289 311 364 375 377 387 406 408 463 481 483 491 502 506 524 531 581 641 741 755 763 830 893 898 968 1011 1027 1050 1061 1069 1088 1096 1117 1146 1511 2049 2570 1561 2075 2597 1587 2098 1346 2108 1610 1616 2141 2156 1647 2675 1659 1166 2191 1684 2197 2199 1690 1692 1186 1187 1188 2214 1719 2748 1730 2042 1699 1741 2763 1747 1243 2769 1767 1768 2281 2296 1796 1287 2309 1802 1297 2143 1897 1617 1600 1321 1835 2351 2359 2364 1858 1859 1352 1353 1355 1869 2335 1401 1896 1518 1391 1467 2416 1938 2300 1442 1446 2468 2476 1461 1463 1656 1249 2015 2517 2524 
1161: 2629 2624 2061 146 356 1060 2011 1570 1690 901 406 1808 1928 2022 2165 491 740 785 1802 2136 767 1297 2631 
1162: 2629 486 2500 484 987 943 510 584 36 45 577 892 2084 2566 2127 2448 1375 
1165: 2629 2421 941 1381 1370 953 2022 740 862 2048 2108 2621 1646 2436 1239 
1169: 2629 555 2076 1590 2421 554 14 756 149 2704 553 1115 2774 198 440 864 1267 2302 643 758 810 1151 2065 2011 1434 1897 152 755 2335 1108 23 182 215 422 468 469 511 530 570 611 692 736 839 898 924 1033 1653 2778 1520 2341 2482 2300 1792 2049 1413 1291 2187 1858 2198 1442 1318 1963 2092 2476 2160 2735 2439 1443 1905 2429 2775 2395 
1172: 2629 2076 261 864 955 268 473 810 1048 943 1139 1797 1796 2052 2216 2568 791 2576 2019 2307 789 1022 1596 788 1327 390 1239 975 1549 490 1533 2200 2255 
1173: 2629 1857 27 28 445 885 1006 1307 612 1007 2166 2168 1766 1491 1021 1767 935 2364 1152 1881 2165 584 2167 182 81 117 364 433 578 581 610 667 1103 1768 1771 2090 1915 2231 
1176: 2629 2704 2217 386 941 2044 2041 2011 2607 2383 2509 510 1913 1243 1802 2477 2768 2340 1437 1364 286 1546 2606 
1177: 2629 1045 721 739 1035 2052 1991 1990 1184 2376 789 1684 443 1179 1178 1180 
1184: 2629 602 703 37 756 1115 426 1558 2010 2302 2500 2642 348 91 189 204 316 411 535 541 606 706 786 1151 1177 477 1370 2745 2351 2060 2364 1012 1019 1117 1483 89 2046 2128 155 2287 2348 2416 2460 472 2608 673 687 300 1737 1876 784 2226 1573 63 84 127 196 376 397 461 906 968 1079 1135 2149 1903 1398 1199 2429 2059 1819 1319 1418 1867 1713 2228 1877 2631 2506 1359 1185 1820 1997 
1185: 2629 2421 602 703 37 49 261 1006 1583 2501 348 121 123 204 316 541 606 786 1008 1184 941 2193 2745 847 538 1594 551 2394 2060 1117 1152 1729 1738 1799 2035 2046 2543 2126 155 2230 2416 2460 2608 947 1737 199 2677 599 2115 1876 2656 685 784 1300 1560 2621 84 127 130 186 196 211 346 353 370 376 378 397 463 540 644 832 860 892 906 929 968 982 1022 1079 1149 2702 1582 1613 2132 1202 1630 2653 2149 2382 1670 2693 2214 1199 1711 1713 2228 2140 1762 1258 2279 1302 1819 1319 1320 1849 2756 1867 1362 2506 2409 1398 2429 1920 2447 1461 1468 1418 1997 1338 
1192: 2629 885 643 2217 1511 2543 2081 776 2768 2747 1510 1937 349 1380 211 
1200: 2629 426 885 1372 1583 1979 1980 2184 1045 16 411 522 715 2146 289 2416 2466 156 434 666 689 735 915 1073 1107 1832 2677 1540 2452 2485 2671 1988 2761 2769 
1209: 2629 496 701 2704 415 561 993 1048 2065 934 2011 673 777 2081 1023 156 1884 644 1786 150 1212 1572 333 560 634 733 1651 1270 1477 2255 
1218: 2629 1115 1980 162 439 993 1048 794 2168 953 1491 1219 2454 2017 2439 2679 1802 2477 1765 632 1497 924 631 571 76 286 311 956 1215 2170 1703 
1231: 2629 204 2454 893 1990 2517 2527 849 1546 
1243: 2629 486 492 885 955 1224 2720 1307 174 204 307 371 926 931 945 1101 1155 1157 1176 1156 1158 2166 2602 1690 1475 1268 2659 1652 1657 1349 953 2319 2199 459 1152 1355 2143 2427 2460 430 2498 501 2600 673 738 801 2809 1303 787 26 182 697 1753 120 281 364 463 489 571 610 680 732 838 863 866 903 921 963 991 1099 1127 1207 2114 1626 1670 2698 2202 2716 1698 1701 1709 2761 2794 2812 1289 1810 2339 1840 1843 2386 1945 1982 1474 2526 
1247: 2629 602 1189 1115 440 643 189 546 604 1151 1511 1922 1478 1150 1152 1413 1838 1861 2196 509 2678 2300 156 185 812 909 2325 396 
1254: 2629 14 885 1531 368 952 1684 
1255: 2629 1006 1007 379 
1260: 2629 151 
1270: 2629 496 701 1095 2032 810 1209 1975 953 1196 1228 728 1659 1856 1949 214 1884 224 663 884 1212 1572 333 560 2172 1477 2255 
1272: 2629 602 756 149 1115 418 853 864 1384 1583 1823 348 683 725 948 952 1085 381 1918 2430 517 367 1475 1766 1491 2118 1167 406 834 1610 1767 2797 2060 2364 1226 1413 1796 2196 2126 2260 2297 754 766 883 893 1382 147 21 2155 2189 1776 117 150 158 215 259 519 536 585 648 685 734 839 870 924 963 1033 1086 1129 1145 1182 1215 1265 1271 1517 1518 2547 1539 2050 1779 2289 2122 2132 2385 1683 2204 2725 2726 2738 1743 2768 1755 2781 1764 1768 1273 1795 2324 2356 1886 2412 2766 1925 2476 1968 1481 2504 
1275: 2629 14 37 1115 2061 1666 1763 1151 477 2044 2041 934 324 326 351 734 782 895 1276 1278 1812 2728 1469 2627 1483 1870 1279 
1276: 2629 14 885 1151 1275 1361 2524 326 571 709 1854 1279 1277 1278 2525 2272 
1277: 2629 14 885 2061 1276 1361 471 2364 324 326 376 567 571 709 2551 1278 1279 1560 2460 2728 2348 1587 1854 2272 
1300: 2629 28 440 2302 162 1185 64 964 2215 1442 199 2777 40 2725 2339 1864 129 156 839 1904 1306 2327 2110 1866 2768 1501 2267 
1301: 2629 2704 1416 1666 2217 294 479 484 2044 2041 1102 2439 1111 96 2459 571 2742 1735 804 
1310: 2629 1648 2624 1115 643 1958 91 449 1542 1511 836 11 179 531 111 270 284 290 409 412 483 571 611 740 777 837 950 1188 1309 1510 2022 2154 1518 2543 1427 1659 1790 2409 1939 1940 1431 1943 1689 2075 1817 1524 1311 1705 2221 1966 1944 1723 1694 1945 2748 1478 2200 1313 2015 2383 1889 1749 2496 2527 2082 1942 
1318: 2629 2421 1650 2085 1857 1115 131 492 708 853 864 885 1558 1583 2501 1153 643 1958 181 307 535 622 725 752 948 1148 1151 1169 2044 1874 901 1907 2806 2199 834 1767 2335 1394 1649 1796 1905 1971 1976 2196 537 2576 2787 26 1774 96 114 186 504 578 634 675 821 877 2211 1512 1906 1900 2177 2698 1795 1830 1319 1712 2640 2485 2556 2707 2516 2528 1378 1339 
1319: 2629 2421 1047 1857 1115 131 249 492 1583 1930 2010 1958 88 124 535 752 808 810 948 1151 1155 1184 1185 1318 2044 2041 1918 1897 387 2607 901 755 68 1907 724 2098 406 834 1152 1796 1844 1905 2022 2491 537 2713 2576 2669 1458 1993 2211 1757 186 2177 1510 2693 1932 340 504 578 634 877 1261 1939 2691 1489 1984 1477 1419 1421 1959 1378 
1327: 2629 496 149 167 931 986 1172 1370 1269 1874 649 2047 953 2467 1221 1250 1367 1473 1838 1878 444 1699 615 2204 2595 2596 327 540 629 1705 
1329: 2629 14 49 268 298 1120 2044 1874 755 1283 417 826 839 2568 1681 1847 1534 2754 2753 2757 
1338: 2629 149 181 204 535 1185 2224 86 1167 2130 409 410 2261 158 235 
1339: 2629 1980 1318 2524 1767 1681 
1341: 2629 1648 14 2624 1115 426 1006 2674 1190 1958 2217 601 1763 411 535 757 1007 1151 1874 1158 12 1321 755 2806 2223 199 537 603 812 834 904 967 1313 1336 1767 2533 1561 1923 1937 1560 2073 2204 1442 2669 2757 2379 2639 1886 
1342: 2629 254 902 1100 1101 2166 1349 1478 2201 907 1699 2777 158 2768 127 970 302 197 1552 1967 1742 2773 
1344: 2629 535 1131 186 2596 
1347: 2629 952 1010 1150 767 1481 
1356: 2629 26 
1359: 2629 1184 2015 1380 
1362: 2629 2217 719 247 1185 1424 2667 2477 2162 205 2089 
1365: 2629 26 2802 
1370: 2629 1648 2076 2421 14 1047 2085 553 2001 1115 549 868 27 28 292 795 2302 2711 2674 2217 1763 91 167 238 243 268 356 503 604 706 715 774 902 945 987 1008 1100 1151 1165 1184 1327 2 12 79 113 185 199 200 206 215 244 329 341 355 377 432 441 459 472 485 504 551 567 570 599 607 611 641 665 669 673 728 763 789 791 793 807 812 836 846 859 881 901 906 909 934 950 953 968 973 983 985 1027 1054 1113 1117 1127 1188 1202 1217 1223 1230 1286 1294 1313 1314 1345 1348 1357 2019 1510 2533 1426 1521 1427 2556 1547 1548 2060 1552 2063 2079 2186 2091 1587 2607 1542 1597 2108 2627 2628 2017 2125 1577 2659 2151 2551 2156 2670 1527 1659 2725 2749 1792 1952 2706 2716 2750 2215 2216 1715 2228 2232 1723 1630 1732 2754 2397 1718 2209 2773 2779 1762 2782 2787 2788 1778 2289 2296 2806 2300 2809 1793 2305 2317 1646 2415 2757 1861 1871 1873 1886 2082 1894 1998 2406 2339 1904 1576 2416 1915 2431 2003 1664 2439 2442 1936 1937 1436 1437 1609 1442 2478 1418 1472 1988 1992 2506 2510 1494 1678 2015 1507 
1373: 2629 1723 607 1738 2749 1875 2551 1737 1895 1560 2232 968 1497 2693 800 2375 
1375: 2629 643 1162 1918 322 1542 321 1797 1237 1905 2082 519 709 789 1202 2406 390 1239 2379 
1395: 2629 1196 2573 2703 946 323 319 890 
1398: 2629 703 756 2704 1047 864 1666 407 552 606 786 808 1184 1185 1381 2745 790 2351 1594 425 531 2607 953 1831 1117 1738 1861 1868 1957 2022 2035 2046 2128 104 2147 2416 2427 2460 2523 2627 2678 740 2487 1737 351 1587 784 2048 1547 1573 2108 2621 1630 1819 1646 2622 906 968 2511 1997 2296 2779 2228 329 1266 180 969 1202 1206 2406 1643 2506 1553 2209 2091 1501 2120 1613 2112 1495 2595 
1424: 2629 1648 14 756 149 28 24 539 1362 941 1381 2191 2060 26 205 222 738 2153 2667 2439 2136 2086 2768 
1426: 2629 285 2001 706 725 758 1370 1874 1542 1511 179 551 406 1808 2608 1303 2725 1998 186 1510 1781 183 512 2034 
1447: 2629 149 198 404 1307 987 1056 714 381 2397 1874 425 2075 1034 1367 2454 1878 766 1547 1745 1786 2810 2117 455 830 1292 1927 
1449: 2629 68 85 1084 2600 738 1316 2526 96 267 281 382 571 1133 2376 2637 2386 
1451: 2629 1045 808 810 2041 900 1117 1649 1442 199 615 776 2482 807 812 1322 928 1842 
1455: 2629 243 953 2785 
1464: 2629 885 2332 2672 993 1766 1767 430 147 887 1733 
1483: 2629 554 14 1115 292 445 2618 2720 123 162 356 541 552 606 1017 1151 1184 1275 2044 1156 934 1897 2797 135 1214 40 79 97 311 313 351 376 577 676 695 704 782 783 784 807 837 909 964 972 1065 1088 1119 1127 1193 1225 1436 1442 1443 2537 2543 2551 1537 2577 2608 2104 1613 2124 1641 2178 1683 2715 2210 2212 2226 2240 2260 2776 2779 2271 1793 2307 2309 2317 2321 1844 1865 1886 2409 2416 1945 2468 2486 1990 2515 2012 
1490: 2629 149 1189 2624 1615 49 835 885 1224 1558 1579 2032 2451 368 1307 1130 1148 1191 2011 2141 1924 2287 74 1617 2167 201 1630 1096 138 642 982 1036 1166 2547 2452 
1492: 2629 131 2403 2564 1392 2746 
1494: 2629 701 492 582 758 1370 1874 1635 2509 848 1442 214 1212 151 1252 1685 488 1496 1849 
1502: 2629 698 2492 1580 578 720 
1506: 2629 1349 2097 1188 862 185 2015 417 183 1363 1606 
1509: 2629 602 756 237 539 965 1100 2 381 2397 15 33 68 79 485 489 537 613 674 740 801 880 911 1102 1232 1279 1303 1385 1463 2214 2022 2809 2307 1805 2199 2646 1832 1838 2349 2607 2017 2511 
1515: 2629 1648 756 2704 1115 261 715 758 1156 934 2011 385 1634 108 809 755 2806 1102 2809 922 530 1442 199 2635 2155 2477 2051 2485 1022 208 2198 
1517: 2629 1272 754 2781 1086 1552 1815 
1523: 2629 810 953 214 
1526: 2629 2672 371 745 2439 2635 1864 803 632 915 2671 1750 
1528: 2629 2756 
1533: 2629 496 2076 1590 864 885 371 515 1101 1172 2430 1797 409 2505 491 791 907 2768 2019 2545 789 2595 2596 1967 1596 788 390 2773 1239 1024 975 
1534: 2629 1857 298 1329 2044 1874 953 1283 1704 498 2753 199 777 214 1988 2754 826 1015 2757 2598 
1548: 2629 2624 426 885 1416 2331 643 404 1823 2217 181 162 725 810 948 1151 1370 1381 1191 1434 900 1186 86 2118 1152 1345 2216 2388 2427 2749 729 2787 1442 1715 2151 2677 1587 1856 2768 1293 1064 940 1299 2556 2345 2476 2525 
1549: 2629 2704 261 864 320 810 1172 1434 1139 1797 2153 791 2019 789 1596 788 390 1904 1239 975 
1553: 2629 703 1047 407 535 552 606 786 1398 2351 1594 1268 953 1831 2364 1117 1738 1861 1868 2046 104 2416 2678 530 1737 2115 784 2048 1547 2108 2621 1819 1646 906 968 2296 2779 2228 329 1202 1206 1501 1536 2209 2091 1613 2506 
1557: 2629 2076 602 37 2624 1115 292 864 885 955 1579 2302 368 1045 1823 601 53 174 204 226 243 411 503 535 539 569 582 810 1101 1120 1151 477 1381 2745 2351 1992 2763 953 755 1223 1491 1167 2060 1108 1117 1413 89 1747 1769 1796 2070 2165 2439 409 2509 537 673 674 300 2215 787 907 615 182 1653 1993 2226 2366 2264 72 143 185 214 663 720 753 839 937 938 939 1233 1306 1466 2566 1560 1573 2606 1707 2219 2254 1749 2781 2768 1988 
1560: 2629 602 37 426 955 1979 1980 2302 1666 1045 601 53 758 810 1085 1100 1120 1185 1277 1341 1373 1557 941 2193 1381 2044 2745 2041 2607 953 755 2098 2060 607 1102 1152 1394 1738 1747 2439 2749 964 2551 1737 351 1458 2226 376 443 968 980 1082 1306 1348 1406 1489 2232 2262 1573 2609 2693 2768 2515 2176 
1567: 2629 2421 554 1115 549 292 426 492 853 885 971 1144 1224 1372 1563 1579 1583 2302 2398 2217 348 1763 204 243 294 386 411 522 535 757 902 1035 477 2351 1992 2011 1897 387 425 901 152 1766 2118 1610 1767 2472 1034 1102 1108 1747 1796 2066 2153 2287 324 430 472 893 2266 2778 1764 599 42 1617 1109 1864 2415 1993 558 67 99 490 642 648 657 832 903 904 963 1036 1388 2030 2033 2053 2133 1638 2177 2183 2202 2054 2776 2781 2357 2470 2525 
1571: 2629 1115 2083 888 953 1715 1931 
1572: 2629 496 1083 701 2704 304 386 473 566 1209 1270 588 1475 1196 1949 2366 2110 127 1820 2595 1212 143 319 468 469 890 2812 2698 1683 2726 
1576: 2629 2302 1958 2217 1151 1370 1381 3 26 200 676 1013 1251 1522 2199 1839 2335 
1592: 2629 1857 853 955 1583 1980 16 758 471 2199 2383 26 525 789 1285 2787 2725 1858 
1598: 2629 149 445 2398 404 162 484 539 572 592 86 794 1349 1767 1108 2549 530 1479 734 2474 99 467 680 780 1215 1916 2507 
1617: 2629 2704 486 853 885 955 1006 1105 1224 1372 1531 1558 2032 2184 2302 2451 2500 348 204 411 476 484 582 954 1007 1151 1157 1490 1567 943 1766 2118 2223 1767 1805 2364 1250 1450 2454 1746 1769 2287 409 410 2643 2155 1764 26 99 206 397 490 570 581 1405 1510 1568 1768 2177 2183 1687 2456 2716 2464 1745 2476 2238 2077 2131 2592 
1619: 2629 261 719 203 721 810 2387 2011 102 900 2141 2454 2266 1353 2113 214 2110 1584 140 281 468 1212 1252 1315 1427 1849 
1626: 2629 2302 1243 263 2439 2115 1895 186 1313 1477 
1627: 2629 652 2166 1175 1864 399 2527 192 453 1335 2326 
1635: 2629 2076 602 14 37 795 885 955 1666 2674 1045 1763 582 606 810 1494 477 2193 1381 2745 518 755 1117 1330 351 419 430 695 777 968 1418 1496 2409 2554 2439 2081 2595 2596 2481 2226 1970 2165 1747 2608 
1640: 2629 1006 752 871 1059 2193 2044 2041 1766 2226 1573 344 2057 
1645: 2629 1666 404 941 2193 1511 943 2543 2655 448 1096 65 611 676 914 1193 2019 2412 2182 1714 1843 
1657: 2629 403 1009 1243 11 68 273 441 442 589 713 724 1349 2570 2082 2265 1945 1843 
1661: 2629 1857 24 1156 1158 1897 2492 1382 1512 1676 1939 
1662: 2629 1979 1980 1958 1706 953 406 1428 1527 1921 
1663: 2629 
1684: 2629 756 2704 368 2674 348 189 403 449 535 1100 1101 1114 1130 1157 1177 1254 2430 159 2224 1491 2118 1597 1618 2460 2466 537 766 2576 530 1715 907 534 1687 158 1127 1701 2768 1397 528 556 1616 2739 1419 
1685: 2629 756 2720 2217 439 1494 2044 2041 934 755 964 787 2679 734 2477 1990 632 631 151 1257 2170 2334 
1689: 2629 14 1310 1542 1349 376 613 738 1605 1678 2405 1798 
1697: 2629 555 703 554 756 553 322 794 1268 26 97 240 346 482 581 760 1593 2186 2034 
1699: 2629 149 1189 2085 553 2624 1115 261 864 885 1006 1531 1558 1583 2323 2398 2500 643 404 1307 1823 2217 719 348 24 299 316 535 539 562 604 612 902 965 1101 1155 1157 1327 1342 477 1918 516 1156 518 1158 322 1706 315 321 2392 847 2011 517 2403 1922 1690 2492 2536 2191 953 75 1478 1491 1167 406 2335 1034 1102 1152 2729 219 1290 1291 1355 1431 1681 1896 1955 70 2153 2165 2281 537 2665 893 79 2576 2700 907 117 158 182 214 286 309 390 399 519 548 767 860 1033 1042 1106 1212 1239 1305 1316 1340 1368 1535 1561 1658 1698 2545 2562 2595 2597 2110 2150 2167 2132 2048 2633 2204 2726 2123 2756 2773 2777 1764 1818 2341 2768 2470 2507 
1702: 2629 1130 96 345 
1707: 2629 569 1120 1557 1349 2469 2435 2366 863 1306 2219 72 753 663 937 938 939 1005 1366 1466 1749 
1713: 2629 602 745 1101 1184 1185 2193 2351 1767 2060 48 155 2348 2460 2703 2226 1573 1080 863 2768 186 1322 2198 
1721: 2629 1583 2184 1045 247 1154 941 1175 1766 2098 1767 2364 1394 2287 1568 2781 905 2180 1293 1438 
1727: 2629 1767 2690 
1729: 2629 14 756 1189 2624 1615 27 2674 1190 348 24 1185 1897 2602 2118 1767 83 127 2297 2016 
1735: 2629 1301 1861 893 2155 1776 1895 1111 96 2739 571 
1746: 2629 1083 14 1115 885 2184 725 758 1617 1570 86 108 2098 286 364 1127 1216 1568 1905 1832 2681 2050 2183 2341 2498 1764 
1757: 2629 51 1930 810 1319 941 1191 2351 1349 1792 1812 1934 2535 2573 659 2703 946 1547 2108 968 193 1495 2135 2779 
1768: 2629 1857 1615 1115 28 418 486 660 885 1006 1372 1563 1579 2398 643 1307 1763 53 204 386 403 476 725 1060 1085 1101 1157 1173 1272 1617 1156 934 1511 1897 2166 900 646 2168 425 809 1766 2359 1478 406 834 1610 1767 1805 2335 935 1831 2364 1034 1226 1394 1459 2454 1618 1730 1905 2196 225 2287 2378 444 584 2666 1442 2155 805 158 2477 215 364 380 391 578 581 657 799 875 992 1123 1129 1202 1213 1314 1322 1378 1388 1421 1471 1474 1477 1518 1539 1580 1669 2546 2049 2090 2093 2202 2207 2211 2687 2781 1771 1795 2309 1820 1845 1858 2368 2417 1832 1915 1859 2452 1970 
1769: 2629 14 1115 261 445 1579 2184 2398 643 174 204 403 411 535 902 1060 1557 1617 646 1478 533 2335 935 140 156 182 409 410 537 579 657 1001 1213 1293 1378 1388 1518 1764 2666 2415 1912 2049 2576 2220 2339 1905 1971 1976 1856 2378 2768 
1785: 2629 2001 2618 995 2622 
1796: 2629 602 703 14 756 285 1189 1857 2624 1115 868 261 292 426 492 864 955 1006 1558 1579 1979 1980 2184 2302 1666 2083 1045 407 2217 601 174 279 386 411 503 535 539 752 758 773 810 1007 1048 1085 1101 1157 1172 1272 1318 1319 1557 1567 714 2044 2745 2351 1992 1511 367 2166 385 2224 1797 755 1223 471 2524 1610 2519 2060 1102 1108 1152 89 1704 18 96 144 150 182 185 214 409 463 468 504 537 558 570 673 676 685 720 764 789 958 1064 1220 1233 1271 1273 1368 1369 1405 1501 1552 1561 1568 1573 1596 1599 1611 1737 1764 2530 2136 2568 2575 2596 2636 2666 2669 2165 2215 2183 2325 2198 2725 2219 2749 2281 2807 2244 2349 1849 1894 2595 2439 2345 2456 2518 2216 2471 1968 2485 1988 1990 1993 1997 2528 
1803: 2629 535 941 537 2349 2576 1611 
1815: 2629 149 1517 2554 891 2000 2557 
1827: 2629 309 1569 
1832: 2629 885 2500 2217 181 580 582 612 637 1041 1114 1200 1509 1746 1768 477 1019 2154 289 422 565 584 2551 907 2415 1949 581 1970 1025 2412 1789 81 380 391 610 624 1079 1562 1771 2452 2254 1877 2651 
1838: 2629 14 37 756 553 885 2302 643 539 965 1100 1247 1327 1509 2607 1361 1805 1279 1597 15 33 79 156 185 485 537 674 740 777 881 911 925 1232 1303 1308 1460 2022 2153 2428 2809 2307 2646 2229 2017 2764 2349 
1848: 2629 1233 1235 
1851: 2629 1874 11 2224 794 755 1167 1323 2196 
1853: 2629 27 1980 1763 373 535 1381 328 2364 1034 530 534 26 1537 1641 
1876: 2629 1184 1185 2199 659 26 1358 
1887: 2629 443 
1889: 2629 1310 531 1805 2075 1309 2690 950 2496 1311 1817 1790 899 2200 1705 1966 2088 
1906: 2629 2010 123 356 582 637 752 1120 1318 1874 387 646 1690 355 901 755 2524 834 1610 1649 2196 2753 2669 1701 1669 2517 1421 1712 1086 291 469 1123 1323 1694 
1917: 2629 496 2421 602 37 149 2704 1115 864 2217 601 91 411 604 637 705 758 993 1089 1874 516 934 321 2011 755 2797 89 2187 2281 2439 410 472 674 300 26 74 44 93 603 812 1296 1599 2533 2309 2692 2494 2515 2014 
1931: 2629 2076 285 494 91 174 238 243 411 503 535 808 1100 1101 1571 2351 836 531 2607 953 459 2797 1117 1284 89 1747 1792 1881 2052 82 2187 2427 409 410 2460 430 472 537 2600 251 2646 665 669 673 674 738 740 751 300 1715 907 1991 2533 2048 2587 1573 214 2768 376 2511 2515 1678 165 284 899 916 1030 1840 2698 2321 2596 2478 2229 2290 2361 2773 
1949: 2629 496 1590 554 27 885 955 1563 1583 1980 2302 162 243 268 386 411 541 810 948 1100 1270 1572 1832 477 941 2745 934 2403 108 2492 355 755 1167 2141 1152 1291 2153 2281 377 2439 772 2809 2679 1764 182 1653 197 214 468 469 558 629 644 804 1212 1405 1894 1904 2314 2698 2712 2631 2014 
1951: 2629 37 426 601 1610 233 1950 1997 
1961: 2629 756 1634 1802 
1971: 2629 14 1857 331 426 1980 1318 1769 1511 1897 531 953 809 1610 2472 2364 2104 1747 79 767 837 1147 1193 1273 1471 1518 1561 1695 1732 1773 1944 2360 1976 
1972: 2629 174 651 650 916 
1990: 2629 1083 1650 885 1095 1372 1608 2032 1958 739 919 1120 1151 1177 1231 1483 1685 1796 1766 273 1597 2153 2439 537 893 2809 2349 2679 466 1479 36 1109 2656 759 995 107 185 244 558 605 661 839 849 1140 1179 1212 1248 1374 1435 1581 1849 1894 1936 2557 2048 2227 2755 2638 2515 2604 2268 
1993: 2629 701 149 2704 553 1115 27 261 292 864 955 1372 1416 1579 1583 2184 2302 643 2217 162 174 243 268 415 503 515 535 539 810 993 1048 1101 1319 1557 1567 1796 477 1381 2044 2745 2041 1874 2065 934 2351 1992 2011 2403 1897 108 2168 355 755 2359 1223 1167 1610 2060 1108 1152 1290 1291 89 2216 2439 2509 537 673 2299 2215 2679 1764 615 182 1203 759 1368 185 214 423 720 828 982 1233 1461 1568 1573 1778 1820 1988 2630 2183 2219 2515 
2011: 2629 496 285 2085 2484 331 1115 27 292 426 586 693 2451 643 91 123 415 439 479 503 535 546 569 637 706 725 808 902 993 1049 1101 1151 1161 1169 1176 1209 1490 1515 1567 1619 1699 1917 1993 592 2745 3 1918 518 322 2351 321 15 70 74 151 199 220 300 399 406 420 472 517 519 528 530 531 534 594 629 673 674 712 729 755 767 836 839 884 907 909 938 980 1080 1147 1188 1246 1250 1252 1258 1289 1322 1350 1378 1418 1466 1510 1511 1520 1530 1544 1547 1573 1596 1610 1737 1745 1758 1764 1792 1795 1797 1805 1814 1826 1849 1864 1866 1875 1896 1897 1912 1916 1967 2190 2365 2060 2368 2075 2086 2605 2609 2108 2645 2141 2019 2191 2198 2211 2524 2726 2729 2226 2482 2768 2790 2806 2334 2416 2366 2367 2402 2197 2679 2415 2470 2460 2467 2479 2480 2182 2493 2439 2014 2507 2012 2523 
2013: 2629 594 1103 
2022: 2629 2282 2076 1590 602 14 149 2704 285 1189 2624 2001 549 261 864 955 1372 1666 368 2674 768 643 1045 1307 1823 1190 1958 2217 601 77 146 203 268 386 415 539 725 758 965 1100 1120 1161 1165 1310 1319 1398 1509 1838 477 941 2193 1381 2044 2041 1874 2065 1511 1897 2166 2372 844 2607 901 1383 2191 2462 1491 1805 1078 1108 1117 1279 1290 1413 1704 1747 2017 15 33 64 79 158 185 212 290 300 351 409 413 468 472 485 537 615 673 674 685 740 767 777 785 880 911 950 964 1232 1261 1303 1322 1368 1487 1510 1520 1633 1646 1701 1714 1822 1843 1952 2627 2635 2646 2120 2257 2226 2768 2267 2778 2809 2307 2340 2349 2370 2378 2383 2439 2515 2165 
2023: 2629 367 953 113 1145 
2026: 2629 261 559 592 429 1960 733 
2033: 2629 1650 885 955 1224 1372 1444 1558 1579 1979 1980 2184 2451 2500 2522 725 1567 551 1355 1394 1799 2287 1764 447 1568 642 2459 2183 2406 875 1520 
2036: 2629 14 2085 1115 535 539 731 758 1059 2044 2041 234 1918 518 322 1706 315 321 953 2806 156 443 478 908 1760 2700 2264 
2037: 2629 170 2113 
2041: 2629 496 1648 2076 602 554 285 1115 549 868 27 494 885 1317 1930 1980 2302 2711 2674 1958 601 1763 88 162 174 237 243 254 356 439 541 559 810 1101 1124 1176 1275 1301 1319 1451 1560 1640 1685 1993 2022 2036 2 2044 2745 40 120 144 199 244 245 324 329 387 417 425 466 491 506 590 607 615 645 673 755 777 804 812 818 839 890 903 953 980 1019 1043 1052 1102 1117 1127 1129 1202 1265 1280 1283 1349 1442 1458 1468 1489 1493 1537 1542 1547 1552 1561 1566 1573 1587 1612 1641 1646 1655 1701 1723 1737 1758 1865 1874 1886 1905 1932 1936 1952 1959 2015 2028 2531 2048 2279 2060 2063 2066 2079 2607 2609 2108 2460 2656 2551 2669 2164 2223 2170 2176 2732 2478 2138 2226 2232 2747 2753 2754 2757 2768 2264 2124 2779 2788 2806 2321 2317 2533 2334 2341 2634 2348 2351 2247 2679 2427 2429 2439 2511 
2042: 2629 2624 1006 1267 1007 1157 1570 2607 2544 1019 2281 2439 2568 584 893 79 2621 1264 578 291 676 1032 1147 1845 1885 2534 2447 
2047: 2629 885 1174 2674 2217 10 1148 1327 3 998 2430 790 359 387 1046 1402 1504 2297 2057 2569 2178 2718 2211 2468 2497 2504 2764 
2049: 2629 2421 1650 1189 1857 2624 426 445 885 1979 1980 2010 1307 54 123 124 142 204 386 569 582 1151 1157 1169 1768 1769 1918 1156 1158 2387 1897 387 2224 1690 1475 2462 2265 1766 2359 2118 2141 834 1767 135 1805 2060 2335 2469 2472 2364 1367 1704 1934 2069 389 430 2686 2787 907 1188 474 519 862 40 1912 1695 156 83 115 193 488 540 581 789 799 870 958 1050 1071 1098 1103 1106 1256 1476 1477 1507 1519 1672 1694 1749 1858 1859 1863 1944 2015 2016 2534 2630 2121 2683 2198 2051 2499 
2052: 2629 14 756 2085 1115 868 486 864 885 1980 2332 768 643 1045 1958 91 162 174 535 539 604 622 739 902 1100 1101 1172 1177 1931 714 900 1186 2536 755 1907 2524 1284 1394 1413 89 1792 114 300 384 410 469 472 537 556 603 673 674 737 859 907 928 963 1512 1587 1745 1865 1873 1936 2587 2079 2405 2810 2437 2130 2463 2338 2562 2181 2250 2120 2812 2768 2427 
2073: 2629 247 1009 1341 1775 1127 1771 
2081: 2629 885 1282 1980 1045 2217 181 226 230 268 386 439 561 810 1008 1192 1209 1635 179 1108 2729 64 2187 225 2431 2439 2643 2749 300 964 2215 20 2435 147 787 2241 222 223 323 631 679 741 804 924 1211 1244 1259 1508 1532 1582 1659 1791 1810 1967 2264 2084 2477 2086 2605 2110 2442 2219 2708 2459 2716 2327 2486 2620 2257 2644 2781 
2088: 2629 1889 934 2075 950 2496 1311 899 2200 
2093: 2629 486 955 2061 1768 900 2797 2364 2378 1382 1912 581 2368 
2098: 2629 555 554 37 285 1189 553 2624 1615 486 494 1006 1174 1579 1666 1399 2674 407 1823 719 1763 55 88 203 264 725 758 871 948 952 1131 1157 1319 1560 1721 1746 998 1542 1352 1511 836 1897 11 1690 531 1652 2191 724 42 99 134 165 182 185 200 329 364 689 777 834 839 967 1004 1099 1188 1283 1403 1405 1411 1419 1436 1442 1462 1537 1552 1574 1597 1641 1655 1659 1692 1723 1741 1767 2015 2048 2075 2096 2450 2103 2713 2210 2655 2811 2705 2199 2204 2212 2772 2296 2806 2151 2333 2506 2425 2178 2468 2477 2524 
2110: 2629 864 535 739 902 1101 1300 1572 1619 1699 2081 50 1831 607 964 2215 2356 2621 1846 2219 205 384 833 892 1005 1149 1232 1294 1371 1546 1599 1637 1651 1749 1778 1829 1894 2314 2788 2747 2566 2327 2342 2542 2385 2442 
2115: 2629 418 440 492 885 1872 204 411 758 954 1114 1148 1185 1553 1626 1542 794 393 405 409 410 2306 26 183 267 397 487 638 804 933 1054 1107 1605 1678 1820 2800 2477 2329 2734 2245 
2125: 2629 1666 1370 941 1381 1874 755 506 2669 1537 1963 1641 2670 748 
2128: 2629 703 14 91 170 371 503 1008 1184 1398 2403 1594 953 2199 89 2035 2046 15 26 300 378 472 673 674 1997 2669 2226 2228 
2141: 2629 554 1650 149 1857 2624 331 1115 445 1979 1980 2398 2500 643 95 522 541 612 725 773 1048 1126 1151 1157 1490 1619 1949 2011 2049 592 1156 1191 2351 1511 1897 11 12 1922 1321 1186 809 75 755 2359 1907 724 158 281 311 344 501 607 634 863 869 882 890 968 982 1021 1117 1207 1212 1252 1261 1306 1421 1442 1547 1573 1610 1613 1618 1620 1647 1691 1692 1730 1812 1905 1960 2046 2068 2533 2544 2710 2600 2608 2669 2196 2232 2749 2260 2276 2370 2177 2468 2515 2517 
2149: 2629 606 1184 1185 1251 2108 1762 1646 1358 2622 968 2506 130 544 
2150: 2629 555 1115 758 1699 1542 1511 1268 2524 1510 2695 
2152: 2629 1857 1615 955 1007 1130 2356 1518 2546 2542 1129 1195 
2154: 2629 602 703 14 37 285 1857 331 1115 426 1006 1267 1583 1930 2010 643 1958 54 356 715 1310 1832 1542 1511 836 1897 387 179 1690 1975 794 531 355 901 68 1907 1478 2806 834 2335 1004 1283 1309 1413 1704 1738 1896 1934 1969 2082 2543 79 284 311 312 432 483 528 558 611 763 777 837 1094 1188 1286 1418 1500 1510 1518 1659 1695 1758 1781 1783 1932 1944 2015 2016 2018 2108 2577 2287 2634 2690 2693 2307 2340 2433 2409 2432 2485 
2160: 2629 149 1189 1115 27 1267 1763 124 411 1101 1169 941 387 953 755 406 2335 2439 718 1094 1495 2159 2429 2346 
2162: 2629 864 1362 2575 2667 96 205 1866 1950 
2167: 2629 149 486 1006 2032 2398 2451 1307 142 204 294 411 535 580 902 1007 1173 1490 1699 381 159 847 1897 387 1922 1570 2156 1456 2199 1152 2165 2287 409 410 509 584 791 907 599 26 148 158 182 578 611 667 788 789 831 1314 1324 1745 1758 1771 1849 2019 2054 2726 
2171: 2629 602 2672 1175 2509 893 2226 1539 707 2606 1128 
2179: 2629 1857 1958 204 411 1570 212 409 410 793 530 2741 1213 1293 2019 675 2761 1073 
2198: 2629 2076 2421 1650 149 2704 1857 2624 549 486 955 2184 2302 1666 1045 407 601 162 268 493 582 810 993 1076 1151 1169 1515 1713 1796 2011 2049 941 2403 900 1564 1570 755 1723 2364 1102 1291 1934 2281 2427 2439 893 2669 534 1653 685 2477 156 1701 1264 2051 1042 1642 2325 1098 111 1212 804 975 1378 1392 1507 1867 2263 
2201: 2629 14 254 1342 1607 1878 197 970 1075 1742 1970 2498 2427 
2202: 2629 1650 1189 1857 1006 2184 1958 170 522 545 683 1243 1567 1768 1747 2669 1764 1568 581 1064 2183 99 1858 
2226: 2629 602 37 51 285 868 28 292 864 2302 1666 1045 407 1958 2217 91 174 189 238 243 371 415 535 670 706 752 786 810 902 1101 1151 1184 1483 1557 1560 1635 1640 1713 2011 2022 2041 2128 2171 941 2193 2044 2745 2058 1706 2351 953 2060 1034 1102 1117 1681 1861 2079 155 290 2348 2439 2460 472 509 2568 2627 2646 2665 669 673 674 893 1442 199 1856 341 376 671 821 968 1030 1142 1149 1264 1547 1573 1630 1646 1670 1820 1952 2048 2057 2609 2719 2232 2768 2515 2493 2506 
2232: 2629 602 37 426 1558 1666 1045 1823 601 304 552 1370 1373 1560 2041 2141 2226 477 2193 2044 2745 755 2319 607 1738 2153 669 2749 2551 1737 1368 1080 968 1110 2693 
2242: 2629 756 1861 
2247: 2629 316 2041 2044 1874 755 1102 2669 2533 2756 1360 
2254: 2629 885 1666 1045 1557 1832 86 2469 1108 1330 2809 964 351 2366 2781 938 223 1026 1259 2442 
2256: 2629 993 1874 1918 322 315 321 1268 755 724 2690 2718 327 2418 
2257: 2629 2421 1615 1958 77 189 902 2022 2081 2404 1511 1897 179 1251 2462 834 1473 1704 2460 506 740 530 2778 2086 185 2340 558 2690 1510 556 413 1714 950 246 463 748 908 1313 1524 1633 1781 2276 
2261: 2629 440 693 1558 2398 2083 1399 643 24 356 562 758 1338 1564 75 755 1167 388 1839 2130 225 2281 537 801 2669 26 40 239 352 364 446 521 967 1386 1741 1802 1820 1974 2034 2204 2259 2310 2811 2631 2528 
2262: 2629 1560 2404 592 2492 2570 1349 2265 442 713 589 724 441 1019 2439 429 1303 1080 1695 1630 968 2511 2515 2176 280 330 1082 1486 2012 
2281: 2629 554 14 149 285 553 1115 27 418 492 2618 2217 719 91 174 503 539 545 552 606 725 727 758 878 931 986 1100 1101 1155 1157 1699 1796 1917 1949 2042 2198 2261 2745 730 998 1918 1156 1158 322 159 2351 321 69 103 2387 2392 102 1175 1186 86 2607 2156 1223 2060 1250 1355 2104 89 1738 1868 2165 2187 2212 79 148 150 158 185 186 199 216 300 346 384 430 447 472 489 497 519 570 673 674 788 789 830 893 904 907 947 970 1029 1080 1127 1149 1264 1303 1326 1353 1354 1405 1442 1573 1587 1646 1692 1712 1737 1802 1842 1858 1953 2063 2105 2108 2211 2556 2608 2609 2813 2633 2768 2777 2803 2772 2432 2433 2613 2526 
2285: 2629 261 77 535 1151 1542 531 2359 273 2797 135 1805 2335 935 2358 218 2787 97 483 789 1072 1421 2218 2684 
2287: 2629 14 492 660 1006 1583 1980 2618 2701 1307 1823 476 535 574 1007 1184 1490 1567 1617 1721 1768 2033 2154 2167 477 794 1345 1394 1896 2543 410 578 598 642 644 648 832 839 1215 1306 1442 1543 1568 1611 1764 1847 1912 2132 2183 2237 2638 
2300: 2629 2421 37 2302 189 203 1157 1169 1247 1370 941 2193 1158 179 2060 935 1283 1290 351 158 432 718 839 1027 1094 1537 1641 2159 
2314: 2629 496 411 561 1949 2110 2745 2058 1290 2215 214 644 134 804 1495 1637 1795 
2325: 2629 2076 602 285 885 2711 1045 91 142 163 238 268 298 299 535 539 552 808 810 1101 1120 1247 1796 2198 2745 538 1594 607 89 1868 2153 430 537 2608 659 673 674 843 2809 300 79 2576 907 2540 2048 1573 185 1630 214 2768 1884 644 909 570 788 903 1026 1149 1208 1261 1427 1495 1683 2595 
2326: 2629 885 1130 1627 308 
2329: 2629 885 955 1558 1579 1583 1872 2061 535 2115 1434 1597 1808 537 728 1864 2477 1970 1820 2465 1487 397 2003 1830 281 680 487 2089 
2337: 2629 1650 1115 2674 2217 123 243 343 322 321 847 1797 20 147 2654 1170 1512 1818 1948 2006 2025 2813 2768 2362 2650 
2346: 2629 124 247 2160 953 2378 1094 2710 2169 2653 194 1921 
2348: 2629 2076 602 14 37 2484 1857 2624 549 418 426 1384 2302 643 601 582 604 725 810 1184 1277 1713 2041 2226 477 1381 2044 2745 1156 2351 901 755 471 2806 1019 1152 1278 1681 1747 1881 155 2216 290 19 97 297 324 372 376 521 567 793 843 907 963 1507 1521 1573 1820 1865 2317 2551 2439 2460 
2350: 2629 1367 1734 1895 1064 1241 478 1205 
2358: 2629 14 1857 331 2010 1307 1958 2285 1511 900 531 13 406 2658 2335 935 158 185 340 347 349 410 722 1072 1080 1421 1431 1471 1510 1695 1747 1937 2244 2748 
2366: 2629 2302 230 539 993 1100 1120 1557 1572 1707 2011 2254 2745 953 1108 33 964 485 2215 859 147 1895 72 106 207 223 232 341 671 741 803 824 938 988 1030 1043 1232 1259 1288 1306 1348 1437 1900 1996 2219 2719 2442 2714 2603 2507 
2370: 2629 1590 14 1317 95 203 2022 2141 2519 738 740 899 1316 2038 2050 2267 2340 2378 2669 
2371: 2629 2217 1913 26 130 1693 2459 
2372: 2629 2421 1115 261 445 2022 5 1511 1807 2224 1475 35 185 839 1152 1510 1715 2190 2427 
2382: 2629 602 756 643 1307 348 411 1185 1156 1191 1349 2118 1108 1250 1861 1962 225 584 2677 967 2264 556 1678 1605 2204 2596 2334 
2388: 2629 602 14 853 885 1579 1583 2184 643 2217 386 411 725 810 948 1148 1548 2193 2224 2524 1152 1413 201 558 685 893 940 1143 1443 1554 1856 2234 2464 2476 
2392: 2629 554 149 492 719 752 986 1155 1699 2281 3 998 1156 2387 288 362 893 1353 1354 1423 1712 1845 1985 2204 2389 
2404: 2629 237 1121 1151 2257 2262 2 104 148 196 201 267 372 968 970 1250 1299 1723 2012 2576 2600 2519 
2416: 2629 602 703 14 37 1047 2624 426 1666 768 643 407 601 371 552 604 606 786 931 1151 1155 1157 1184 1185 1200 1370 1398 1483 1553 2011 941 1381 1156 1158 2351 1352 1594 86 953 755 2524 1831 1117 1355 1738 1861 1868 2046 104 2393 79 130 186 329 351 603 695 784 819 906 968 1080 1110 1202 1206 1501 1510 1547 1573 1613 1646 1737 1802 1819 1997 2048 2091 2108 2209 2228 2296 2341 2621 2678 2768 2769 2779 2439 2506 
2423: 2629 88 1268 751 
2425: 2629 307 948 952 2098 393 96 1293 638 2734 
2429: 2629 149 331 1115 2302 2513 268 415 758 993 1017 1048 1089 1151 1169 1184 1185 2041 2160 2044 1874 1511 1897 425 2191 1805 607 1117 2735 1291 1736 1962 491 1303 1442 199 907 2777 158 759 2341 2533 2048 1510 1094 2530 1850 469 1670 818 1280 1297 1493 1683 1849 2705 2756 
2433: 2629 1115 1155 2154 2281 1874 1156 1511 836 1897 179 1475 1805 2543 79 1188 2769 1802 2340 1510 2015 2197 2574 
2452: 2629 1857 885 1006 2500 1307 580 612 1200 1490 1768 1832 1922 2424 584 581 81 380 391 610 1771 
2459: 2629 602 1857 885 1006 1666 2217 479 1301 2033 2081 2371 1223 1078 430 573 182 1423 2264 185 1111 1364 96 52 211 571 1261 2031 2237 2742 2747 2638 2464 
2466: 2629 14 1200 1684 466 924 1703 
2469: 2629 261 1763 356 1707 2049 2254 836 1897 2168 531 1383 13 158 199 506 641 777 837 839 950 1027 1080 1283 1290 1442 1471 1659 1723 1936 1939 2017 2104 2269 2364 2378 2543 2472 
2472: 2629 2624 2302 1958 1567 1971 2049 2469 1897 13 581 776 828 1094 1290 1660 1976 2206 2683 
2475: 2629 1006 731 
2480: 2629 371 2011 1874 1434 1820 2596 
2481: 2629 496 1115 1635 173 1511 1321 1213 647 1039 1651 
2483: 2629 1823 371 515 926 1394 1413 2633 615 1695 558 578 
2497: 2629 1590 756 149 445 864 2184 2674 1307 317 535 2047 998 234 1918 518 790 322 321 2166 387 1139 533 754 2190 26 519 58 1166 1304 1642 1810 2038 2182 2183 2504 
2502: 2629 1648 1930 1309 1962 645 2692 1487 1336 1311 1939 
2504: 2629 756 149 885 2500 368 1307 1190 1958 622 757 758 773 931 1272 2047 2497 1874 790 367 943 1268 953 1196 1221 1649 70 177 444 501 751 754 1775 859 2787 1753 158 2781 2690 1489 281 302 370 375 463 680 875 1182 1281 1642 1959 1986 2132 2276 2381 2785 2799 2681 2718 2759 
2506: 2629 1648 602 703 1047 1115 864 1666 407 552 606 670 786 1184 1185 1370 1398 1553 2098 2149 2226 2416 1381 2745 2351 229 1594 1475 2607 953 1805 1831 607 1117 1738 1861 1868 2035 2046 104 2460 2608 2678 1737 351 784 2048 1547 1573 2108 2621 1630 2768 1819 1646 2622 906 1826 968 2015 1997 2296 2779 2228 329 1266 2209 2091 1613 1501 1202 1206 966 1110 1164 1507 1660 1670 2479 
2524: 2629 14 1650 756 1189 1857 2624 2001 1115 426 1006 1558 1979 1980 2032 2184 2280 2618 2701 643 1823 1190 181 1763 24 54 88 476 535 563 574 612 725 758 902 926 948 1007 1017 1060 1063 1155 1157 1276 1339 1796 1906 2011 2052 2098 2150 2388 2416 1918 2430 2351 2166 385 11 1186 86 2168 901 1383 13 2570 152 809 1456 1766 2359 1907 1478 1167 107 145 158 172 182 219 372 376 406 474 521 578 579 584 591 597 663 860 882 935 947 970 1044 1067 1073 1187 1219 1238 1264 1363 1367 1388 1394 1446 1477 1518 1536 1568 1605 1624 1646 1649 1678 1681 1744 1764 1767 1783 1792 1802 1877 1937 1974 2096 2103 2108 2130 2177 2183 2187 2204 2231 2252 2298 2306 2335 2356 2383 2427 2444 2471 2476 2517 2518 2597 2775 2740 2675 2526 
2525: 2629 1857 1115 1006 1979 1980 2184 2280 643 1763 411 535 574 612 725 1060 1276 1548 1567 385 1186 794 809 1907 1478 406 219 1394 1649 1681 290 1764 1568 2183 1187 481 597 302 882 2231 2344 2428 
2528: 2629 285 864 1006 2674 174 582 1007 1070 1318 1796 2261 2430 588 1766 2364 2046 2427 2669 158 129 558 2554 52 648 966 1259 1599 1904 2204 2289 
2543: 2629 602 14 37 756 149 331 1115 426 445 1666 601 170 535 604 706 757 902 993 1101 1131 1148 1185 1192 1310 1483 1645 2154 2287 2433 2469 2193 159 1542 69 1511 836 1897 387 646 179 531 355 2319 1610 135 2075 1723 2735 1309 2104 1747 2082 79 99 172 200 284 311 498 537 556 587 603 611 718 777 789 837 841 899 970 1015 1027 1146 1188 1193 1285 1504 1510 1561 1611 1695 1701 1705 1760 1781 1944 1945 1953 2015 2101 2124 2341 2412 2461 2482 2529 2533 2577 2715 2655 2768 2807 
2550: 2629 2430 159 158 1810 116 400 2422 2743 
2553: 2629 401 1372 230 1151 836 2335 2568 1818 1895 1264 1306 1246 2177 1419 1552 1245 2074 
2570: 2629 2010 1958 745 1009 1155 1157 1657 2262 2524 1156 11 1383 68 183 185 340 406 441 442 589 713 724 839 935 950 1072 1349 1896 2075 2265 2479 2608 2748 
2574: 2629 602 1189 2624 331 535 902 1101 2433 1918 1511 836 1897 387 179 1108 1681 1747 2665 2803 1510 1781 2103 362 1552 1944 2197 2432 
2575: 2629 14 1857 1115 1666 77 810 1148 1796 2162 1922 1251 406 48 256 57 437 676 751 1025 1246 1461 1489 1968 1998 2148 2376 2396 2563 2669 2807 2695 2583 2756 2641 
2576: 2629 701 756 149 2704 49 885 1006 1095 1583 2302 2398 2083 368 2674 768 404 1045 1307 2217 348 16 24 142 535 612 670 752 773 948 1002 1007 1151 1172 1318 1319 1684 1699 1769 1803 2325 2404 714 477 159 2166 953 755 1491 2118 406 1034 1291 89 2134 2146 2165 225 409 2460 537 2627 659 893 300 79 2299 96 117 148 158 202 235 345 353 512 685 859 882 994 1064 1080 1160 1261 1316 1366 1427 1599 1818 1867 1909 1910 2298 2307 2341 2464 2596 2641 2669 
2594: 2629 2492 
2602: 2629 14 426 1763 299 541 1048 1243 1729 2745 1918 5 387 537 632 953 992 1241 1289 1766 1767 1858 1936 2034 2364 2365 2657 
2606: 2629 1666 439 786 1176 1557 2171 998 1251 1108 964 859 466 2086 1264 939 804 1507 1374 1508 2684 
2625: 2629 756 242 2199 26 489 2517 2518 2690 
2773: 2629 1590 1115 261 864 885 356 535 810 888 1100 1101 1342 1370 1533 1699 1931 2745 1797 1167 1681 2153 2165 2405 791 2669 907 1368 2768 839 2019 150 789 1694 1596 788 390 443 1182 1265 
2631: 2629 492 698 853 864 1980 535 902 1048 1161 1184 1949 2261 588 1612 2364 1152 1394 2666 182 1405 2456 2546 1435 1845 2712 512 969 1323 1705 
2636: 2629 14 27 955 162 204 243 247 411 1796 108 355 755 471 393 409 410 158 351 751 1489 2677 
2655: 2629 14 1047 1115 1666 2674 768 407 88 203 316 1101 1151 1645 2098 2543 941 2193 234 1918 322 1706 315 321 1511 943 953 834 1291 65 78 540 556 603 676 777 907 1096 1217 1482 1843 1893 2103 2151 2182 2190 2341 2412 2533 2768 
2665: 2629 602 14 1115 261 643 163 1101 1699 2226 2574 2058 2166 1321 1413 1681 2293 99 182 332 613 907 908 963 1428 1461 2545 
2669: 2629 496 2076 2421 701 2085 553 1857 1115 27 131 261 445 492 853 885 1583 2302 2500 1666 2083 643 1045 1958 2217 356 476 522 535 622 683 727 757 902 948 1017 1131 1151 1319 1341 1796 1906 2041 2125 2128 2141 2198 2202 2247 2261 2370 2528 2575 2576 2773 1381 2044 381 1874 229 1897 1175 646 1321 1690 86 901 1383 1674 1113 809 755 1907 406 834 1610 1805 2060 1102 1150 219 1214 1219 1283 1284 1291 1413 2454 1647 1649 1747 1844 1905 2196 48 2178 2206 2293 2336 2431 2439 2468 2491 2505 2686 645 669 2753 893 2266 22 40 186 224 353 360 383 469 504 521 556 578 597 631 634 675 682 767 783 812 831 839 877 890 963 968 988 1046 1064 1069 1088 1096 1107 1271 1293 1304 1323 1331 1378 1436 1460 1493 1682 1711 1774 1793 1818 1830 1886 1898 1908 1984 1998 2038 2050 2063 2159 2177 2183 2211 2240 2264 2471 2518 2530 2546 2619 2810 2716 2754 2757 2725 
2677: 2629 756 149 2704 549 27 261 426 853 1980 2711 2083 24 162 174 522 725 993 1185 1200 1548 2382 2636 1186 108 531 755 2394 1291 1681 2066 2230 359 2427 2439 2498 2509 537 947 2787 530 114 158 201 224 482 599 819 872 907 1109 1127 1233 1285 1587 1678 1732 1862 1873 2106 2136 2339 2361 2526 2562 2622 2656 2725 
2698: 2629 602 2674 1045 719 503 539 606 727 752 871 1243 1318 1572 1931 1949 1381 1158 934 834 1747 2439 1875 2108 2768 1264 1646 2622 968 644 2781 1064 2436 323 1212 2640 1599 788 2555 596 1609 2062 2064 
2708: 2629 1650 2081 1715 1641 1460 
2717: 2629 
2734: 2629 2115 2425 1293 2259 2796 168 605 1011 2059 2761 
2649: 2629 1590 953 259 2086 224 220 804 1378 
2745: 2629 496 2421 602 703 14 37 1047 553 2484 1115 868 27 292 426 864 955 1006 1384 1579 1979 1980 2208 2302 2522 2618 1666 2083 1045 407 1958 2217 181 601 348 1763 91 142 174 243 503 535 539 541 552 582 604 606 706 725 745 786 810 1017 1100 1101 1151 1184 1185 1398 1557 1560 1635 1796 1949 1993 2011 2041 2226 2232 2281 2314 2325 2348 2366 2506 2602 2773 2 477 941 1381 2044 60 89 104 106 127 182 185 199 214 300 326 329 376 409 472 488 521 536 537 567 573 607 644 673 674 677 685 720 729 755 784 793 821 895 896 907 934 938 953 964 968 1012 1020 1030 1080 1081 1102 1108 1113 1117 1127 1135 1152 1191 1206 1223 1233 1264 1266 1278 1306 1314 1367 1397 1401 1405 1442 1453 1491 1520 1521 1547 1573 1581 1600 1630 1646 1653 1695 1701 1737 1738 1747 1786 1856 1861 1867 1868 1934 1936 1976 1988 1992 1997 2048 2060 2079 2091 2108 2124 2155 2190 2204 2209 2215 2219 2228 2249 2296 2305 2306 2316 2317 2335 2351 2427 2436 2439 2460 2477 2489 2511 2515 2530 2533 2607 2609 2622 2627 2635 2714 2814 2768 
2750: 2629 2674 1958 174 535 758 1370 1874 444 506 615 1756 2418 557 319 417 443 748 
2758: 2629 238 263 1074 1952 937 1718 895 1933 2510 
2761: 2629 602 1857 853 864 955 1583 2184 2277 2500 612 758 1200 1243 2179 2734 794 2427 201 642 1293 709 1512 2596 610 638 854 1143 1784 1788 2127 2237 2448 
2776: 2629 555 554 553 1115 885 1958 356 1483 1567 1897 1186 355 901 1767 1394 1413 2753 2772 1358 924 374 1933 511 2775 
2783: 2629 2184 2618 953 759 214 2292 629 1842 
2786: 2629 292 739 214 1285 1179 686 
2792: 2629 14 1048 26 999 1983 2266 2608 
2795: 2629 243 415 1085 1349 953 1805 2670 2737 
2808: 2629 955 1980 2749 2100 210 
2810: 2629 602 553 885 1666 163 637 1447 2052 2669 755 1831 1345 729 1442 199 1653 1856 2533 185 603 767 924 556 94 1313 1520 
97: 555 554 2085 553 549 1958 993 1483 1697 2285 2348 1102 1738 2260 225 324 2427 2749 530 1991 414 2718 2637 
176: 555 554 651 774 953 1004 2439 2474 884 1759 1986 
200: 555 14 1666 181 651 774 1370 1576 2098 2543 2193 86 2319 1237 138 2505 567 1762 
218: 555 14 553 1115 2774 494 1006 2010 2674 643 1958 348 95 204 237 411 654 725 758 1007 1155 1157 2285 1874 1156 1158 934 229 1897 387 2623 86 531 2191 1766 2118 2806 834 1767 1805 48 870 1427 767 409 410 1817 2468 2598 950 2244 225 
244: 555 703 756 2704 1189 2624 955 1282 1372 2302 601 348 243 411 484 902 993 1048 1151 1370 1990 2041 941 2044 2166 1922 755 2118 1167 1610 2060 1152 1283 1681 2165 2427 2439 409 2460 430 2667 793 2317 2654 1764 685 2399 2477 2341 2768 839 2781 1233 150 1997 2028 2710 151 443 1461 
755: 555 496 1648 2421 701 703 554 37 756 1047 285 2085 1857 1615 1115 549 868 27 28 131 292 426 440 445 492 1006 1267 1317 1583 2302 2522 2674 768 1958 2217 601 1763 91 124 146 162 163 189 243 356 386 411 415 439 503 535 539 541 569 604 637 705 715 725 758 808 810 902 948 1017 1085 1100 1101 1151 1157 1169 1319 1329 1341 1515 1557 1560 1635 1685 1796 1851 1906 1917 1949 1993 2011 2041 2052 2125 2141 2160 2198 2232 2247 2256 2261 2348 2416 2576 2636 2669 2677 2745 2810 244 2044 1874 1156 518 2351 1992 588 229 1897 387 11 1321 1594 108 531 2607 355 901 2659 746 1675 1113 809 15 32 33 40 48 72 89 128 156 185 186 197 199 214 215 219 220 288 300 328 353 360 376 399 409 410 413 417 420 432 478 504 506 523 533 537 558 570 578 599 607 634 644 650 653 657 665 673 674 680 724 1514 1937 1019 2552 2556 807 1461 2568 2060 2063 2075 1069 1587 2305 2458 1080 928 1096 1610 1015 2292 1108 2136 1117 2515 2460 2657 1641 1642 1646 1647 1021 1649 1651 1147 2427 1159 1537 2368 1915 1683 1495 2196 2304 2409 2211 2066 1193 2215 2725 1197 1458 881 1723 2746 1732 1223 2754 2755 1378 1293 2255 1959 2146 1766 1767 2787 1396 1127 1774 1264 2206 1783 2293 763 2296 767 1284 1285 2814 777 1288 1905 877 2177 789 1303 1304 1306 1252 1314 1316 2340 812 2753 2159 1839 1336 1849 884 1856 834 2367 937 2757 1323 2376 1868 2378 803 855 1068 1573 1894 1998 876 1830 1149 2415 1907 2341 890 2622 2082 1875 1519 1020 1934 1936 1427 1939 2092 2640 1442 1446 2216 938 2471 2735 2478 1460 819 1844 964 839 967 2768 970 973 2809 2627 2187 2782 988 2608 1507 
1907: 555 602 1615 864 768 1958 601 604 637 725 752 1318 1319 2052 2141 2154 2524 2525 2669 755 1874 229 387 11 1321 86 48 128 406 530 570 767 834 866 1188 1304 1646 1647 1659 1865 2304 2187 2196 2551 2753 2757 2018 
898: 555 14 285 411 1157 1169 1158 687 1127 1513 1546 2159 2415 2321 1149 2458 964 
2183: 555 2421 1083 756 2774 292 426 600 885 971 1006 1144 1224 1563 2032 2184 2302 2398 348 243 268 294 299 307 386 411 522 535 902 1038 1567 1617 1746 1796 1993 2033 2202 2287 2497 2524 2525 2669 477 2351 1542 1992 1897 387 901 152 2118 406 834 1102 1152 1250 1291 2066 2153 2439 2787 2778 1109 1864 2415 581 1166 2781 1042 2177 67 117 227 648 657 737 903 963 1378 1388 1611 1638 1845 1944 2054 2132 
665: 555 14 1115 418 2500 2083 1399 2674 2217 181 243 411 1370 1931 755 1361 953 1413 410 443 615 2155 1925 785 1430 1818 1820 2518 2477 1591 
1186: 555 554 14 1115 445 2618 1153 643 181 719 6 522 725 1148 1157 1548 2052 2141 2281 2524 2525 2677 2776 1156 5 2166 1922 86 93 182 397 901 1080 1512 2763 1250 2797 2427 2298 1802 2517 1695 1187 1456 1249 1856 1605 1606 1353 1228 1744 1363 2769 2518 2775 1664 1251 2168 
1963: 555 554 553 2083 1169 2125 155 2336 2633 2609 2563 1786 349 483 1758 1537 904 1468 2670 2775 
1711: 555 1185 2669 2403 1291 2551 376 127 1441 
2775: 555 554 553 1372 2451 643 725 1169 2524 2776 1186 1963 381 2578 2427 1187 
1291: 555 496 554 14 261 1006 1174 2332 2513 1666 768 1958 1763 121 167 189 203 243 279 304 411 535 651 699 786 808 810 902 1017 1169 1699 1949 1993 2198 2429 2576 2655 2669 2677 2183 1711 50 1156 1542 1352 229 2403 1897 1807 538 86 108 2156 1797 2806 2735 1290 32 79 82 84 156 185 197 199 215 271 302 353 372 428 468 469 499 512 537 644 804 906 968 1027 1042 1044 1080 1211 1273 2533 1520 1521 2040 1538 1585 1596 1597 1641 1683 1732 2245 1744 2787 2063 2798 2800 2813 1302 2317 2341 1847 1865 1866 1875 1886 2406 1902 2417 1943 1955 1957 1967 1969 1495 2520 2015 
2757: 555 554 1115 298 810 1009 1329 1341 1370 1534 2041 2669 755 1907 2044 1874 953 834 1283 1905 2753 199 214 821 839 1537 417 2754 826 1396 
1747: 555 703 554 14 37 285 1189 2085 553 331 2001 1115 27 1563 2302 2618 2083 2674 1307 1190 2217 1763 174 203 204 243 411 535 539 541 606 808 810 902 951 1100 1151 1157 1557 1560 1567 1635 1931 1971 2022 2202 2348 2358 2543 2574 2669 2698 2745 1874 1191 1511 836 900 179 1594 844 2607 901 2156 2424 1674 1675 2191 1831 1723 2544 607 1004 1108 1117 78 79 83 156 185 199 334 350 377 409 410 469 483 505 537 644 673 674 740 788 789 807 812 839 903 907 909 964 970 1080 1127 1222 1264 1306 1353 1442 1537 1547 1596 1609 1611 1630 1641 1646 1683 1692 2533 2534 2108 2048 2063 2583 2585 2587 2589 2590 2591 2082 2588 2627 2643 2552 2682 2716 2393 2255 2768 2772 1755 2779 2482 2809 2306 2307 2317 1810 2584 2586 2380 1875 2395 2405 2339 1900 2215 2349 1969 1976 1998 2511 2515 2012 
2260: 555 14 835 2061 1307 1958 356 535 758 1272 1483 2141 97 1381 2166 1361 901 397 466 804 963 1423 1550 1568 1613 1774 1810 1871 2805 2718 
2772: 555 602 554 14 2085 553 1115 868 885 955 719 476 810 2098 2281 2776 1747 477 2223 2153 290 140 521 615 782 967 1252 1688 
1912: 555 2282 756 2704 285 27 955 643 181 715 867 945 1769 2011 2049 2093 2287 2044 730 1542 1434 1511 1321 179 86 1610 2544 1450 2143 2165 2187 409 1774 40 140 270 281 463 579 767 788 863 881 889 1366 1489 1559 2532 2380 2205 1970 2103 2384 2038 
588: 620 2704 693 1317 2302 2217 243 304 808 810 1572 2528 2631 755 941 3 2065 1352 245 319 355 399 423 466 468 558 1871 1394 1660 1970 1807 2712 1212 1485 2527 
909: 620 2076 602 149 1189 2624 1115 426 864 885 1372 2302 2398 404 1045 1307 1823 1190 1958 601 53 535 604 810 902 1066 1100 1101 1247 1370 1483 2011 2325 1747 477 1381 367 2166 1491 1167 1034 1413 1681 1928 2153 2165 409 2509 754 791 801 880 1715 351 907 158 685 784 2768 1884 1428 924 2211 414 702 789 1510 1512 1532 1331 949 1849 1088 2250 2781 
784: 620 602 703 37 1047 27 426 407 601 1763 121 411 552 606 786 1184 1185 1398 1483 1553 2416 2506 2745 909 941 1381 2351 1594 953 1831 1117 1738 1861 1868 2046 104 409 2667 2678 1737 127 144 246 329 695 718 2409 1646 2296 2108 2048 906 1547 1945 1819 2209 2091 1202 1660 1206 2621 968 2228 1997 2764 929 1613 1501 1630 2779 2316 
2108: 620 2076 602 703 37 2704 1047 285 331 549 1666 407 1823 415 539 552 606 670 786 808 1151 1157 1165 1370 1398 1553 1757 2011 2041 2149 2154 2281 2416 2506 2524 2698 2745 1747 784 941 1381 2044 2351 1511 1594 2607 953 1610 2335 1831 607 1117 1385 1681 1738 1861 1868 1934 2046 104 2460 2608 2678 1664 1303 2215 1737 351 1659 1188 734 2048 1547 1573 211 214 329 483 807 812 906 968 988 1110 1119 1202 1206 1266 1428 1501 1613 1630 1646 1819 1820 1826 1997 2015 2091 2621 2622 2340 2209 2228 2779 2296 2298 2409 2436 2176 2511 
1316: 620 756 1857 1115 27 864 885 955 1317 1958 719 88 243 386 1449 1699 2370 2576 755 108 355 1610 674 2787 1587 685 99 156 281 309 558 789 819 824 938 1202 1646 2339 2344 2094 1589 1859 
1881: 620 14 1650 1115 955 1872 1979 1980 2184 2302 2522 604 1173 1931 2348 518 953 2319 1034 79 185 195 281 405 409 558 933 1146 1216 1741 1765 1866 2533 2439 2798 2675 1913 2216 2695 
995: 2282 2001 1785 1990 1607 1409 31 938 1003 1233 2764 1306 1791 
75: 496 1083 14 445 885 1006 1153 181 204 411 902 1007 1114 1155 1157 1699 2141 2261 1918 1897 385 11 1175 1321 1690 1475 86 901 2156 2191 152 953 52 364 763 578 663 409 410 805 519 430 1692 393 2097 309 1090 967 1353 1354 1355 801 214 2259 856 729 2140 776 2016 
86: 496 37 756 1189 2085 2624 1615 1115 1980 2701 2711 368 768 643 1190 2217 181 601 348 123 204 411 535 637 725 758 1010 1060 1085 1157 1338 1548 1598 1746 2254 2281 2416 2524 2669 200 218 1907 1186 1291 1912 75 2193 1918 1158 322 1191 321 5 1897 12 8 26 74 83 2533 2540 2364 1856 1034 214 1574 1580 1030 2603 2097 2609 2646 2103 578 1094 2118 1610 1102 2130 603 2211 108 111 1649 632 2187 1678 662 671 1187 1723 1219 953 225 1249 2780 746 2293 767 2811 1046 1802 1293 1294 2749 1220 2328 1820 2336 805 809 1840 459 351 1388 1905 2424 2427 388 1924 906 1581 409 924 2467 1450 1974 1982 1478 457 970 1698 982 985 481 
143: 496 701 643 1045 2217 569 1557 1572 2809 485 2086 1306 1235 2788 1552 
327: 496 701 285 2624 426 1558 1666 1327 2256 1268 1221 1681 1878 2070 2431 2498 2402 2292 2554 1246 1786 1510 1642 1988 120 302 2785 629 2799 1668 1670 1163 2188 1686 2071 1183 2471 462 992 
351: 496 703 285 2624 549 28 249 292 445 1666 2674 768 1958 2217 181 162 203 569 606 640 715 721 786 808 888 1120 1275 1398 1483 1560 1635 2022 2254 2300 2416 2506 2636 909 2108 86 941 1269 2351 1511 836 385 1594 108 2265 406 1805 2060 1831 1019 1108 1150 1738 1861 2046 290 2568 2627 2608 1303 2349 964 199 777 20 114 349 1510 489 2532 1527 2048 2056 2063 1043 544 2091 1080 2103 2119 2209 1641 1646 627 644 1672 2186 914 2707 2716 676 2725 1197 1206 695 2229 1547 2228 1751 1762 2296 2307 1288 1302 1306 2327 2342 1819 1846 1860 1873 2409 376 384 2436 1418 907 1421 1936 1937 2482 968 1997 2511 
406: 496 1189 1857 2624 331 1615 1115 27 292 885 1006 1174 1583 1930 2174 2184 2398 2522 1666 2674 1958 2217 1763 124 142 184 247 264 386 515 535 547 706 715 725 758 1007 1085 1155 1157 1161 1272 1319 1426 1662 1699 1768 2011 2160 2358 2524 2525 2570 2575 2576 2669 1907 2183 351 941 2193 1158 1542 1511 1897 387 12 1922 1564 179 1690 1475 425 844 531 901 1383 2191 1766 2359 713 724 1167 2319 33 59 83 111 113 135 183 199 219 328 329 2019 2532 1004 2136 1518 2545 505 1027 1036 530 534 1559 537 557 1080 2104 2797 1441 1610 1108 2131 607 1104 1647 2159 1659 1668 1670 2693 1694 1188 677 1030 1193 1705 2728 718 1755 740 1765 1767 1781 447 1273 764 2491 767 2057 1284 611 2309 1805 2748 2316 1303 1649 2364 834 1863 1869 2335 974 1394 907 1932 1934 1427 1431 410 1944 2347 1442 2470 1458 2479 967 463 1493 2726 483 2016 
477: 496 2421 554 756 2085 553 1583 2184 2302 2332 2674 91 174 503 535 539 871 1100 1101 1184 1275 1557 1567 1635 1699 1832 1949 1993 2022 2232 2287 2348 2576 2745 2183 2772 909 2 82 199 384 410 459 472 2019 2533 512 2060 531 537 1568 558 567 1080 1597 1600 1102 607 2156 2199 673 674 2768 740 1764 1264 2809 1288 791 1313 2351 1846 1874 1875 869 1897 881 1397 1401 906 907 1936 2460 2470 1967 953 963 
1618: 496 14 149 2704 2624 331 600 1006 368 601 348 1763 535 1684 1768 2141 1156 1158 159 69 1897 387 2118 834 219 1597 115 158 467 581 766 869 882 910 1160 1297 1417 1460 1537 1616 2194 1642 1802 2321 2204 1745 2600 1927 
603: 496 602 37 1047 1189 2085 553 1115 426 2302 2701 1666 2674 768 643 407 2217 601 91 163 174 411 535 539 604 637 705 725 758 810 1089 1100 1101 1341 1917 2052 2416 2543 2655 2810 86 941 2193 1874 934 1706 2351 836 646 2752 2607 1456 2797 2060 2075 1117 1450 2454 89 2017 2196 48 2124 2130 2212 410 472 509 537 2682 674 801 300 79 777 907 2777 74 2533 1573 2609 1600 2696 863 156 2249 214 2768 129 206 335 349 540 556 2532 1574 1437 2101 1621 1665 2692 2197 676 2309 1835 767 2307 1296 1813 1217 812 837 1369 1397 1401 2457 928 2461 988 
1871: 496 2302 643 810 1370 2260 588 1434 1413 2439 2509 2299 2470 2648 
1997: 496 703 1047 1666 243 268 304 411 606 786 810 1100 1101 1184 1185 1398 1796 1951 2128 2416 2506 2745 244 784 2108 351 2193 1706 2351 1594 108 2607 1012 1117 2035 2046 104 2460 472 2627 2608 674 1303 79 907 1587 2048 1547 1573 1080 1600 695 1630 1646 1886 1397 376 1401 2622 1998 2718 180 329 468 929 1206 1266 1418 1470 1945 2409 2296 2091 2228 2112 2209 2120 
2596: 496 2076 1590 149 1615 1115 864 1930 2217 167 371 515 758 948 1101 1327 1344 1533 1635 1796 1931 2382 2480 2576 2761 1874 518 159 1897 2166 387 1797 2467 1102 1839 2498 2505 501 506 791 893 1875 199 1913 907 2777 2657 158 839 924 1698 148 2474 2214 2019 2465 2328 789 2634 107 2595 231 390 468 650 788 1239 1402 1596 2240 2443 2496 2702 
2044: 496 1648 2421 554 285 1115 868 27 494 885 1267 1317 1930 2302 2711 1666 2674 1045 1958 601 1763 54 162 174 237 243 296 298 356 395 439 559 715 752 808 810 1101 1124 1157 1176 1275 1301 1318 1319 1329 1483 1534 1560 1640 1685 1796 1993 2022 2036 2041 2226 2232 2247 2348 2429 2669 2745 244 755 2757 1912 2108 2 40 120 144 155 199 245 324 329 366 417 466 491 506 590 607 615 645 673 728 777 804 807 812 818 826 839 903 953 980 1019 1043 1052 1102 1117 1127 1129 1150 1152 1202 1280 1283 1288 1336 1349 1442 1458 1468 1493 1537 1542 1547 1561 1573 1587 1612 1641 1646 1655 1659 1670 1701 1715 1723 1737 1758 1847 1865 1874 1886 1905 1932 1936 1952 1959 1992 2004 2015 2531 2048 2279 2060 2063 2079 2595 2607 2609 2460 2511 2656 2341 2164 2223 2170 2732 2696 2478 2753 2754 2768 2264 2124 2779 2788 2806 2066 2317 2533 2334 2634 2551 2351 2321 2679 2439 2176 
1167: 496 1115 2774 868 28 486 1006 1558 1579 2674 768 24 162 174 484 535 539 725 1007 1008 1101 1120 1151 1272 1338 1557 1699 1851 1949 1993 2261 2524 2773 244 909 406 2193 2058 1434 11 108 943 531 901 2191 2359 441 26 58 82 89 99 140 201 300 469 472 490 519 530 537 596 642 667 674 759 770 856 889 907 1029 1146 2533 1514 2057 1587 1182 2105 1599 2648 1660 2185 2186 2204 2210 2211 2212 2725 2726 1214 2246 1741 1233 2768 1764 2290 1293 2070 1849 1856 1744 2406 1901 1394 1405 1941 2468 2476 2520 
530: 496 2076 1590 602 756 149 2704 1189 2624 1615 27 885 1006 1224 2270 2302 2332 2398 2451 2720 1666 2083 368 643 1190 601 348 91 162 243 304 515 535 546 604 715 810 902 1035 1151 1169 1515 1553 1598 1684 1853 2011 2179 2257 2677 97 1907 406 1167 714 2193 2065 934 1191 2351 367 2166 108 355 2659 953 551 1491 2118 1610 2335 1117 1152 1228 1649 1792 2066 2165 301 2378 409 2509 2686 893 300 18 38 150 158 182 362 366 1512 2030 2595 557 2605 585 2136 2657 1646 2172 675 685 1203 1715 2231 1213 1732 717 2313 2768 2266 1760 2781 1638 2791 2283 2805 1337 1873 633 1884 2399 2400 872 2406 1936 1427 921 2464 1967 2482 2517 2526 
1683: 496 2076 1590 701 418 2302 601 582 1272 1483 1572 2325 2429 755 1291 1747 1874 934 1767 722 1102 2735 2439 734 1421 220 1312 488 966 
1884: 496 602 701 37 553 2618 1120 1209 1270 2325 909 530 1511 1594 791 2809 2349 2215 156 333 369 560 980 1212 1294 1477 2605 2255 
1477: 496 701 292 955 1209 1270 1319 1626 1768 2049 2524 1884 1196 290 988 2292 556 323 1212 2542 2385 1460 560 333 369 1271 2255 
2415: 496 701 149 27 955 2184 268 386 725 810 1370 1567 1769 1832 2011 755 898 2183 2065 108 1228 2097 301 2439 2509 2215 1764 615 111 117 205 399 558 942 1568 1846 2014 2557 
825: 496 758 1810 
2509: 496 14 868 27 131 2032 768 2217 1763 174 204 243 307 535 954 1100 1101 1176 1494 1557 1993 2171 2677 909 1871 530 2415 517 2607 1797 1805 1102 2729 1681 1962 82 156 287 528 534 644 648 735 892 963 1285 1397 1401 1489 1495 1596 1600 1605 1642 1678 1688 1810 1894 1941 2067 2190 2250 2307 2503 2809 2768 
2255: 496 1590 602 701 426 601 604 747 810 886 1070 1172 1209 1270 755 1747 1884 1477 1381 1874 2430 934 1766 2118 1905 2439 645 2306 2477 2341 2781 753 2204 1212 1261 560 1632 
685: 496 2085 27 1763 162 174 356 535 1100 1101 1185 1272 1796 2022 2198 2388 2576 2745 244 909 1316 530 2430 2351 1922 108 355 1226 409 537 2682 740 754 766 907 534 40 1587 2657 2707 158 384 528 1127 1427 2204 1573 2339 1846 1419 2638 2781 2768 1885 
560: 496 701 2398 810 1209 1270 1884 1477 2255 321 1196 2600 671 1212 282 333 369 
2477: 496 149 1115 549 27 440 486 492 955 1006 1531 1579 1583 2184 2280 719 162 476 508 612 622 727 773 810 1048 1085 1176 1218 1362 1515 1685 1768 2081 2098 2115 2198 2329 2745 244 665 2255 381 2430 1975 108 2168 1831 1152 1278 1367 212 510 728 740 743 883 1715 787 1764 599 182 1273 447 2657 158 759 94 100 140 164 215 380 398 487 502 581 610 770 872 873 875 969 992 996 1003 1220 1239 1261 1264 1295 1378 1552 1660 1830 1841 1893 1970 2067 2096 2164 2227 2249 2373 2474 2476 2490 2563 2630 2702 2779 2693 2507 
2356: 496 701 1115 261 1006 2217 123 203 204 254 539 902 1007 1085 1272 2110 2152 2524 847 1321 809 1610 1681 33 2215 1442 199 2155 1764 1273 1568 239 789 884 1129 1195 1271 1304 1541 1605 1743 1829 1894 2019 2204 2542 2726 2696 2546 2373 2759 
1849: 496 1590 701 1189 1115 426 864 885 1824 2184 2302 643 601 304 604 810 1085 1185 1494 1619 1796 1990 2011 2167 2429 755 909 1167 321 517 1570 425 2335 607 2600 2787 2190 615 805 158 2339 214 2768 1212 830 390 215 269 333 520 990 1496 1637 
1212: 496 701 554 515 535 541 902 1100 1101 1209 1270 1494 1572 1619 1699 1949 1990 2141 2198 2698 588 1884 1477 2255 560 1849 1156 517 2156 1610 1012 2729 1681 1875 2654 734 519 1587 759 2113 214 2554 2739 107 140 333 468 469 658 889 2640 1620 1252 1308 1312 2726 1582 1332 1621 
830: 496 756 149 2704 440 2332 2674 1307 758 886 1056 1157 1447 2281 1849 159 1564 1570 2118 1034 1226 1681 893 1687 1354 1535 1616 1760 2117 455 1013 1404 1720 
2439: 496 2421 701 703 554 14 37 1650 285 2085 553 1857 549 27 28 292 440 726 853 885 955 1384 1583 2302 2522 2672 2711 643 1823 2217 1763 54 91 174 189 204 243 371 386 411 415 439 449 493 503 522 535 539 541 546 552 566 606 721 808 810 886 926 951 1008 1017 1059 1100 1101 1120 1151 1169 1218 1301 1370 1424 1526 1557 1560 1626 1635 1796 1917 1949 1990 1993 2011 2022 2041 2042 2081 2160 2198 2226 2262 2348 2416 2669 2677 2698 2745 176 244 2183 1881 1871 2044 1683 2415 2255 998 1874 518 1158 2351 1352 1992 1511 836 385 1594 108 2607 901 1797 2191 1223 1610 2060 1831 607 1019 1102 1108 1117 1150 1394 1410 1597 89 1738 1861 32 64 2216 324 2431 79 129 147 151 185 199 201 214 222 232 255 300 308 352 399 409 410 451 466 470 472 491 519 537 567 599 609 644 653 673 674 728 735 759 793 807 839 846 848 855 903 907 915 963 964 973 988 1020 1080 1106 1107 1127 1149 1222 1264 1287 1288 1294 1306 1314 1322 1378 1397 1401 1421 1433 1437 1439 1442 1507 1540 1547 1573 1577 1582 1587 1596 1600 1622 1630 1646 1700 1737 1750 1762 1795 1806 1864 1875 1900 1904 1941 1998 2048 2159 2186 2207 2290 2339 2345 2349 2395 2447 2556 2562 2585 2586 2587 2588 2768 2460 2627 2647 2725 2583 2703 2742 2498 2515 2769 2789 2496 2679 2589 2590 2622 2777 2470 2609 2511 2584 2591 
1313: 496 1648 602 701 1115 1267 643 1958 1763 993 1017 1151 1310 1341 1370 1626 2257 2810 477 1874 1897 387 2806 2223 2075 1078 2551 2317 1442 199 1865 1764 615 1368 1886 1428 950 94 818 1027 1265 1280 1311 1641 2164 1493 1537 1817 1705 1336 2754 2004 
2763: 496 285 1857 331 1115 549 292 445 726 1006 1399 719 1763 174 539 569 1007 1100 1101 1155 1157 1557 1186 1874 1156 1158 2351 5 1511 1564 646 179 1975 2623 33 79 93 446 480 481 483 485 537 674 737 834 893 967 1004 1068 1107 1117 1306 1355 1421 1758 1805 1810 2060 2296 2460 2716 2725 2809 2768 2769 
1905: 496 14 37 2624 864 1958 2217 1763 356 582 683 727 1169 1318 1319 1375 1746 1768 1769 2041 2141 2669 755 2757 86 2044 2255 1874 321 229 1897 1175 1321 355 901 1766 834 1610 1767 1805 2364 219 1214 2454 1649 1844 1861 48 289 581 674 767 831 839 866 893 999 1088 1304 1605 1678 1908 2235 2196 2211 2190 2468 2753 2050 2754 2739 2530 2012 2569 2518 2266 
2498: 496 14 27 131 708 853 864 885 955 1384 2061 55 162 174 243 320 371 721 758 931 1100 1101 1243 1746 2201 2677 327 2596 2439 1918 322 2058 315 321 108 355 2364 32 26 111 158 596 1127 1397 1401 1600 1970 2034 2177 2180 2482 2768 2777 
2016: 496 1857 331 1115 955 1267 1872 1930 2010 2720 189 411 1148 1729 2049 2154 75 406 1542 1511 836 179 1349 68 273 2335 935 607 1004 1102 1283 1413 1934 1969 2147 251 79 1659 1188 763 2526 1695 1119 2340 558 1146 46 281 432 469 483 806 837 963 1286 1360 1411 1489 1510 1552 1783 2015 2276 2159 2432 2690 2222 2611 2233 2485 2018 
1381: 496 2421 703 14 285 2085 553 1115 549 868 27 28 292 2302 2522 407 2217 1763 162 189 268 539 541 569 606 706 725 774 786 808 810 871 951 1100 1151 1165 1398 1424 1548 1557 1560 1576 1635 1853 1993 2022 2125 2348 2416 2506 2669 2698 2745 2260 909 784 2108 2255 2 12 144 156 185 199 206 214 329 352 377 384 409 472 504 537 558 567 570 599 607 673 695 728 740 777 807 836 839 901 950 963 968 1019 1074 1080 1102 1108 1113 1117 1127 1149 1150 1202 1222 1240 1264 1283 1286 1306 1357 1510 2533 1521 2556 2048 1547 1941 2060 1552 2063 2583 2585 2586 2587 2588 2589 2590 2591 2600 2607 2608 2609 1594 1542 1831 2628 1442 1868 1475 1641 2551 1646 2670 1659 2046 1677 1678 2209 2725 2219 1715 1630 2395 2482 1738 2228 2768 2515 2779 1762 2787 2788 2290 2296 1795 2307 2317 2749 2327 1732 1819 2584 2351 1737 2364 1856 1861 1867 1873 1874 1875 1573 1894 2406 2409 2431 2082 1418 2339 2091 1952 1537 1450 1452 2462 1992 1998 2511 2003 2015 1507 
3: 1648 703 149 2704 1115 292 418 2302 1666 719 316 993 1151 1157 1576 2011 2047 2392 588 998 234 1269 1874 1918 2430 516 1156 518 1158 790 649 322 2058 2065 2455 159 934 1191 1706 2351 315 318 1542 321 69 1352 1992 103 2387 847 517 102 229 
199: 1648 2076 602 549 885 1267 2174 1666 643 1190 1958 1763 124 203 237 810 902 1151 1185 1300 1341 1370 1451 1515 1534 2011 2041 2226 2281 2429 2469 2745 2810 755 1291 2757 1747 351 406 477 2596 2044 2356 2439 1313 1381 941 2193 1874 934 2224 2359 1478 2806 2223 1612 135 2060 2075 1831 1102 1152 2735 1283 1290 1413 1681 2070 2535 2753 729 18 2551 2317 1442 57 111 125 182 1003 1042 1088 1094 2635 2633 2718 2754 1741 777 2341 1856 839 1865 846 340 1368 1888 1387 365 366 1405 1920 904 2476 1468 1487 2511 
387: 1648 756 285 1857 2624 331 1615 1115 445 1006 1583 2010 2184 643 1958 348 54 88 189 203 243 247 386 427 654 725 758 1151 1155 1157 1319 1567 1906 2041 2047 2049 2154 2160 2167 2497 2543 2574 2602 218 755 1907 2183 406 1618 2596 1313 2193 730 1874 1918 1156 1158 2351 103 229 2403 5 1511 836 1897 385 13 39 67 68 83 111 135 152 172 219 270 273 312 326 340 1510 489 2534 1512 2544 1033 524 1642 1518 2075 1568 581 2169 2101 570 1524 2713 1088 2797 2623 1096 2118 1610 1616 597 1132 2159 1142 1659 2683 646 2188 2191 1690 2710 1694 1695 1188 2210 2212 688 2748 1730 1738 2230 740 1764 1766 1767 2653 1775 1783 763 2304 619 935 2635 1922 1806 1297 789 2333 2335 805 1321 2359 1858 839 2378 1875 2468 424 1382 1896 1388 1392 889 2427 2432 1421 1932 1934 1383 408 410 900 929 1442 531 611 423 425 1452 430 2476 2482 1984 2693 1478 1504 2015 1998 1674 474 1500 2103 481 483 
396: 1648 204 411 1247 1874 2806 1078 2153 409 410 615 185 1886 1266 2267 1750 2164 
425: 1648 2076 701 149 285 1189 1857 2624 331 49 292 426 440 445 486 660 853 885 1095 1558 1579 1583 2032 2332 2343 2451 2500 2642 407 1307 1190 1958 54 95 247 427 484 535 651 1155 1398 1447 1567 1768 2041 2429 406 1849 387 381 1542 229 1511 1897 1922 1564 1570 179 2623 7 67 183 201 273 412 423 1510 2530 1518 1524 1033 1034 1036 537 1568 1582 573 1599 1090 2117 1610 1102 1104 2666 1649 1659 642 2177 2191 2703 1178 2200 1204 2733 2251 722 1766 1767 1259 1804 1805 1297 1830 828 2364 834 1864 1378 1936 1937 2460 2464 430 943 953 2335 1674 
615: 1648 553 28 643 404 1958 1763 189 386 561 705 1085 1327 1451 1557 1993 2022 2041 2483 2750 665 2772 2044 2415 1849 1313 396 1874 1268 2806 1078 2079 290 2431 645 740 893 2551 2317 1865 25 138 185 187 223 374 457 1386 1264 2288 2164 644 2180 1537 2315 667 2595 682 1967 1336 2105 1602 1988 1846 1314 855 1498 1886 921 
695: 1648 703 37 955 1666 1763 121 204 411 606 786 1120 1151 1483 1635 2416 784 351 1997 1381 941 2607 1108 1117 2046 472 673 674 1303 300 964 79 127 2409 1646 1660 2436 1820 1826 929 2511 
777: 1648 2421 703 1047 1115 955 1980 2302 1666 643 407 1958 2217 1763 88 203 706 725 951 1101 1209 1310 1534 1635 1838 2022 2041 2098 2154 2469 2543 2655 755 351 603 2044 1381 199 941 2193 1542 229 1511 836 385 1922 179 901 607 1309 1413 2082 48 2460 2667 740 19 211 284 349 540 556 570 611 676 776 1510 2533 1518 1537 2584 2585 2586 2587 2588 2589 2590 2591 1641 2670 1660 2683 2715 1188 1217 1222 2768 1286 2321 2583 837 2395 1380 1893 2428 1937 1944 925 2478 2482 907 1998 2511 2782 1500 2015 
818: 1648 426 864 1017 1151 2041 2429 2044 1313 2223 366 417 2598 2756 1708 1493 1280 2164 
950: 1648 1115 2010 2061 2302 2674 768 643 1958 601 77 725 758 1310 1370 1889 2022 2088 2257 2469 2570 218 1313 1381 941 531 1383 2462 2265 442 713 589 724 441 2075 1309 1647 1704 1861 2378 740 2551 2317 1865 2778 2340 413 1714 270 899 1305 1790 2432 1939 1940 1942 1943 1817 2304 1944 2200 1705 1966 1311 1945 2496 2101 1633 
973: 1648 703 167 427 535 1370 755 2439 50 953 1478 1607 430 537 214 1320 
1078: 1648 2421 554 14 853 1958 1763 189 2022 2459 1313 396 615 1874 1321 185 359 506 682 740 791 2533 2164 1659 1792 2019 2703 1565 1846 1336 
1280: 1648 426 2618 1017 2041 2429 2044 1313 818 1874 1434 1511 1797 2223 712 417 2598 2756 1493 1833 2164 1708 
1283: 1648 14 331 1115 445 1267 2010 2302 268 298 902 1329 1534 2041 2098 2154 2300 2469 2669 244 2757 2044 2016 1381 199 1874 1511 1922 2224 1475 1766 1610 2060 607 763 826 839 1188 1510 1659 2667 1660 1421 2317 2082 1286 2340 2753 1336 1547 2754 2634 2511 2015 2527 
1311: 1648 1115 494 643 1958 189 886 1310 1889 2088 2502 1313 950 531 2075 1309 1868 537 1659 1188 185 1104 807 789 1945 2496 2197 1944 270 899 1790 2691 1939 1940 1942 1817 2200 1943 1705 1966 1585 
1368: 1648 2421 1650 285 2085 2624 868 27 28 1006 1174 2302 2674 1763 298 758 1002 1101 1699 1796 1993 2022 2232 2773 1313 199 1918 1511 836 1766 441 1004 1792 2082 2210 2468 740 79 2787 2317 1442 767 924 1264 1265 1510 1641 1660 1537 1793 1547 2057 1436 1936 2533 2321 2478 1863 2634 1573 
1442: 1648 2421 37 1115 426 835 864 885 955 1267 2174 643 1958 1763 123 124 184 203 237 515 582 651 758 810 1037 1089 1151 1157 1169 1300 1341 1370 1451 1483 1494 1515 1548 1768 2041 2098 2141 2226 2281 2287 2429 2469 2745 2810 755 1747 406 2044 2356 2439 1313 1381 199 387 1368 941 1874 934 1992 2403 836 1897 2224 531 746 953 1478 135 1805 2060 2075 1152 2735 1290 1681 1955 2070 2187 2206 290 619 18 2551 2317 111 117 214 216 267 288 340 365 366 433 511 579 711 839 846 1023 1042 1110 1127 1213 1305 1353 1437 1512 2532 1520 2053 2635 1705 2768 2769 2307 1856 1865 2341 1936 1468 
1493: 1648 426 1017 1151 2041 2429 2669 406 2044 1313 818 1280 1874 1511 2806 2223 2335 2155 1937 366 1336 417 2598 824 2756 2639 2164 1708 
1537: 1648 602 885 1666 1045 1958 752 808 1483 1853 2041 2098 2125 2300 755 1963 2757 1747 1618 2044 1313 1381 615 777 1368 941 1511 836 1897 2806 2223 2082 791 776 2048 1886 2511 1428 807 1510 1843 340 1500 2063 2228 2788 112 183 211 284 366 641 798 1014 1261 1641 2321 2670 1655 2478 2754 2250 
2418: 1648 2624 1115 1958 247 298 535 2256 2750 1874 2468 537 127 1438 2004 
2164: 1648 756 643 1958 1124 2041 2044 2477 1313 396 615 818 1078 1280 1493 1874 2297 557 1644 
2296: 1648 602 703 756 1047 1115 2010 2711 1666 2083 643 407 88 552 606 786 886 1157 1370 1398 1553 2098 2416 2506 2745 755 784 2108 351 1997 2763 1381 2193 1156 1158 2351 1897 1922 179 1594 794 2607 953 834 1805 935 1831 607 1102 1117 1738 1792 1861 1868 2046 104 177 2427 2460 2667 2678 751 1737 2769 2533 2048 1547 1573 2621 1630 2768 1264 1819 1646 2622 906 968 1428 2690 1510 2214 83 329 483 611 929 1202 1206 1266 1421 1501 1561 1613 1694 1709 1945 2091 2209 2228 2637 2779 
2806: 1648 2076 1650 756 149 285 2624 1115 2774 1006 1174 2473 1153 1307 1958 2217 1763 24 356 386 395 757 758 810 1101 1318 1341 1370 1515 2011 2036 2041 2098 2154 2348 218 1291 2044 1313 199 396 615 1493 1537 2193 998 649 934 1511 1897 385 12 1922 1570 901 1383 2191 1223 724 1021 414 497 506 521 733 765 767 839 876 883 922 982 1084 1123 1196 1274 1328 1336 1353 1391 1423 1454 1472 1487 1550 1552 1593 1610 1641 1681 1745 1792 1820 1863 1865 1886 1888 1924 1925 1944 2057 2130 2213 2223 2240 2315 2317 2341 2364 2551 2598 2634 2635 
2692: 1648 602 1930 601 91 411 604 705 1089 1917 2502 603 1874 934 2224 2797 89 410 472 645 674 300 2533 2696 812 2309 319 1487 1945 
2317: 1648 2302 1666 1045 1958 757 758 902 1370 1483 2041 2348 2745 244 1291 1747 2044 1313 1381 199 615 950 1283 1368 1442 2806 941 934 2403 1897 2224 1021 2060 2075 2748 2735 1955 18 2551 366 428 767 839 1042 1094 1336 1487 1865 1886 1960 2151 2246 2341 2680 2635 2637 
1681: 1648 14 2085 549 261 445 853 885 2184 2332 2500 2501 2674 2217 174 356 535 725 808 810 886 888 902 951 1101 1329 1339 1699 2226 2348 2524 2525 2574 2773 2665 2677 244 909 2108 327 2509 2356 1212 830 199 1442 2806 1874 1918 322 315 1542 1897 901 2156 2191 1766 1767 2335 985 1102 1394 44 67 78 82 156 359 384 446 472 537 565 657 789 872 881 893 1079 1188 1201 1222 1294 1353 1364 1428 1611 2534 2583 2584 2585 2586 2587 2588 2589 2590 2591 2119 2595 2153 2684 1691 2206 2228 2768 2293 2395 1998 2458 2482 
1817: 1648 1115 643 1958 1310 1889 218 1313 950 1311 934 531 2075 1309 1945 2496 1939 270 899 1705 1790 1940 1942 1943 2200 1966 
2075: 1648 2624 1115 643 1307 1958 1763 88 174 725 752 1155 1157 1310 1447 1889 2011 2088 2098 2543 2570 755 603 1313 199 387 950 1311 1442 2317 1817 1156 934 1352 1897 900 646 531 1383 13 1674 2265 442 713 589 724 441 1805 270 312 469 498 619 899 958 1015 1033 1309 1355 1518 1600 1616 1621 1647 1705 1760 1771 1790 1913 1939 1940 1942 1943 1945 1966 1998 2533 2101 2200 2710 2293 2431 2340 2378 2395 2461 2470 2482 2496 2515 
1705: 1648 1115 643 1307 1958 725 1101 1310 1327 1889 2543 2631 406 1313 950 1311 1442 1817 2075 1542 1897 531 1383 441 533 935 1309 498 738 1991 1760 1421 1945 2496 1939 270 1790 899 1940 1942 1943 2200 1015 1966 2461 
1988: 1648 292 835 853 955 1579 2184 2302 2500 174 503 535 539 1101 1200 1370 1534 1557 1796 1993 2745 327 615 934 2351 1992 1223 2060 1108 89 537 673 2749 946 2215 1573 185 214 642 2292 2554 2219 1233 720 712 1320 
2223: 1648 2076 756 1115 885 2302 2642 1958 2217 1763 535 758 808 810 902 1341 1617 2041 2772 2044 1313 199 818 1280 1493 1537 2806 934 1511 1897 385 12 1922 1570 99 130 182 376 414 506 521 922 929 1084 1123 1127 1322 1336 1510 1610 1669 1694 1745 1844 1865 1886 1923 1984 2082 2130 2240 2598 2551 2753 2627 2634 2635 
2551: 1648 2076 2421 1958 181 1763 386 757 758 1017 1151 1277 1370 1373 1483 1560 1832 2041 2232 2348 1907 1711 2044 1313 1381 199 615 950 1442 2806 2317 2223 941 934 1897 2224 471 1021 607 2735 1278 1738 2578 2460 567 2749 18 366 376 428 767 839 968 1042 1080 1188 1336 1487 1499 1507 1737 1865 1886 1913 1960 2015 2028 2151 2246 2341 2693 2702 2635 
2224: 1648 602 1083 285 1857 1115 445 1267 2302 1666 407 1958 2217 1763 174 945 1100 1101 1114 1131 1338 1684 1796 1851 2049 2372 2388 199 1283 1442 2692 2317 2551 649 1542 1992 5 1511 836 1897 1807 1922 646 93 172 214 366 536 537 585 644 711 740 770 798 824 907 949 1000 1065 1074 1119 1239 1264 1286 1322 1377 1388 1421 1471 1495 1503 1507 1510 1573 1597 1616 1670 1709 1801 1865 1886 1952 1960 1976 1984 1991 2063 2082 2546 2568 2607 2235 2797 2807 2309 2240 2436 2496 2510 
1856: 1648 868 27 426 853 885 1583 2174 2500 1958 162 243 247 604 725 810 902 948 1270 1548 1769 2226 2388 2745 2810 755 1186 86 1167 1381 199 1442 941 2430 108 1704 2427 964 787 2679 2725 92 215 286 800 841 940 1024 1050 1125 1520 1820 1822 2345 2464 2476 2238 2638 
2779: 1648 703 1047 440 955 407 1763 546 552 606 745 786 1370 1398 1483 1553 1757 2041 2416 2506 1747 784 2108 2044 2477 1381 2296 941 2351 1594 953 85 1805 1831 1102 1117 1738 1861 1868 2046 104 2460 2667 2678 1737 2048 1547 2621 214 1819 1646 1358 906 968 2511 378 2436 183 329 443 1202 1206 1501 1613 2091 2209 2228 2409 
1865: 1648 1958 1763 386 757 758 902 1483 2041 2052 2348 1907 1291 2044 1313 199 615 950 1442 2806 2317 2223 2551 2224 2193 1918 518 934 1897 1349 1021 1805 2060 2735 1597 444 18 319 366 378 490 676 767 890 1182 1336 1487 2341 2103 2635 2379 1886 
1874: 1648 2076 602 149 2704 2624 1115 864 885 1267 1045 1958 601 1763 91 167 298 314 356 386 411 541 604 705 706 715 752 758 808 993 1017 1089 1318 1327 1329 1341 1426 1447 1494 1534 1851 1906 1917 1993 2022 2041 2125 2247 2256 2429 2433 2480 2504 2669 2750 218 755 1907 2757 1747 477 603 2596 2044 1683 2255 2439 1313 2763 1905 1381 3 199 387 396 615 1078 1280 1283 1442 1493 2418 2164 2692 1681 48 89 156 214 215 236 300 319 322 410 413 417 444 459 472 506 644 674 809 812 826 831 839 841 890 934 1021 1022 1064 1094 1286 1304 1322 1323 1364 1443 1487 1511 1566 1647 1649 1655 1659 1709 1843 1844 1863 2533 2530 2134 2057 2568 2080 2598 2119 2641 2689 2691 2696 2746 2753 2754 2246 2148 2797 2800 2309 2756 1897 2427 2432 2004 2443 1937 2449 1923 2485 
2004: 1648 2044 1313 2418 1874 516 2797 1019 1345 444 2753 129 807 812 423 
1886: 1648 703 37 1115 426 885 1267 1958 535 699 1017 1085 1272 1341 1370 1483 2041 2669 1291 1997 2044 1313 396 615 1537 2806 2317 2223 2551 2224 1865 934 1475 2147 645 2341 839 366 1292 1336 1487 2028 2361 2240 
1764: 1648 2421 149 2624 418 853 885 971 1006 1224 1563 1583 2184 2302 2398 24 204 243 386 411 476 522 535 948 1007 1085 1272 1567 1617 1699 1746 1769 1796 1949 1993 2011 2033 2202 2287 2524 2525 244 477 1167 2415 2477 2356 1313 387 2351 1992 844 152 1766 2359 2118 2394 834 328 1610 2519 1767 2060 1034 1102 1226 388 2066 2153 410 537 893 2306 2778 67 140 158 423 578 579 591 610 648 737 903 963 1058 1109 1271 1273 1388 1401 1535 1580 2577 2676 2177 1864 
89: 2076 602 703 14 37 756 1189 2624 1615 1115 292 426 955 1579 2302 1666 1190 1958 2217 601 348 91 174 411 503 535 539 604 705 706 810 1008 1089 1101 1184 1557 1796 1917 1931 1993 2052 2128 2281 2325 2576 2745 755 603 1167 2439 2692 1988 1874 934 1191 2351 1992 2166 953 1223 1491 2118 2797 2060 1012 1019 1108 1117 1152 15 79 2533 2046 1547 2063 537 1573 2627 1135 1653 2219 472 673 674 2215 2728 185 2228 2762 1233 214 1762 2309 789 1646 300 812 329 2378 720 2405 581 398 1936 410 2460 964 968 2515 478 2017 
130: 2076 1006 1958 121 411 535 1185 2149 2371 2416 2223 941 730 1434 2607 1117 1346 2046 2460 2608 1322 2177 127 2228 1022 2268 2409 1418 312 1336 929 1487 2764 
156: 2076 602 37 756 1115 292 426 600 864 885 2500 643 404 1045 2217 601 53 123 343 386 582 715 758 810 1100 1151 1200 1209 1247 1300 1769 1838 2036 2049 2198 755 1291 1747 1316 603 1884 2509 1381 1681 1874 941 2430 934 1634 2349 1775 147 2679 2654 2025 1659 1188 1676 1127 2341 764 1904 1779 2555 2768 2056 1072 1026 2229 2650 2120 2015 
185: 2076 602 554 37 149 1115 292 426 440 885 1579 2302 2451 2500 2720 643 1045 1823 121 174 189 299 343 503 535 539 604 810 1101 1157 1247 1370 1506 1557 1796 1838 1990 1993 2022 2098 2257 2281 2325 2358 2372 2459 2570 2745 2810 755 1291 1747 1881 2439 1381 396 615 1078 1311 1988 89 941 1156 1158 2351 1992 367 1475 2623 1223 2060 1108 1150 1152 1597 1677 1792 1870 48 2153 377 409 2468 491 537 2600 2678 673 740 2215 2654 2741 2341 1573 76 1524 1027 2063 1052 1069 1641 1646 1181 2219 1718 720 1233 214 2768 1297 1830 1891 364 881 2432 921 
214: 2076 2421 602 37 292 426 853 955 1006 1579 1583 2302 1045 1307 1958 601 142 174 386 503 535 539 541 582 604 683 715 810 945 951 1100 1101 1270 1494 1523 1534 1557 1619 1699 1796 1931 1949 1993 2314 2325 2745 2783 2786 755 2757 2108 75 86 603 1849 1212 2439 1381 973 1442 1988 2224 2779 1874 89 185 941 934 2351 1992 1511 1223 2319 2060 1108 1150 1290 1345 1394 1647 1799 2147 389 2460 537 673 2215 1875 2635 2656 2657 2540 2048 1573 80 127 134 150 1510 1513 2031 1024 2063 1046 2599 1582 2305 579 1620 1111 644 2186 2726 2219 2229 720 1233 782 732 1252 2275 753 260 1795 266 281 282 1819 1820 799 286 340 1902 1393 399 2175 452 468 1496 
232: 2076 602 864 885 643 1823 226 230 2366 2439 953 607 1108 2435 787 1437 988 1786 2726 1371 2644 2442 222 223 1259 679 2342 2225 1244 2139 
300: 2076 602 703 37 756 2001 426 885 955 2302 1666 1190 601 91 174 268 411 503 515 535 604 705 706 810 888 1008 1089 1101 1120 1184 1557 1917 1931 2011 2022 2052 2081 2128 2281 2325 2576 2745 755 603 1167 530 2439 695 2692 1874 89 934 1594 2607 953 1491 2797 2060 1012 1019 1108 1117 2017 410 2460 472 537 2627 673 674 15 1303 79 2533 1547 1639 1135 1762 2309 1646 812 2349 2436 398 911 964 968 2515 
321: 2076 602 149 285 2624 864 2398 1666 768 1958 601 24 371 515 637 725 757 758 810 931 1101 1375 1699 1917 2011 2036 2256 2281 2337 2497 2655 86 560 1849 1905 2498 3 1269 1918 2430 1191 21 26 41 74 87 93 111 120 165 178 297 302 2190 1025 517 519 2196 2569 1044 536 2070 1564 2114 1570 557 2099 2102 1087 1099 1628 2654 1637 2156 2166 1146 2681 1670 1671 1166 2705 1687 2199 2204 1698 677 1208 2739 1221 717 1741 2145 2785 2572 1268 2799 767 1792 1642 1289 778 1802 1304 2328 2361 2381 364 370 1402 1926 1462 2485 450 2494 462 1487 1504 
322: 2076 756 149 285 1189 2624 864 1666 2674 1958 181 415 515 637 731 757 758 810 931 1151 1375 1697 1699 2011 2036 2256 2281 2337 2497 2655 86 2498 3 1681 1874 2193 1269 2430 19 21 26 74 93 108 120 165 178 302 2048 531 536 2070 1564 2114 1570 1574 557 2099 1268 1099 1628 677 2654 2166 1146 1670 2182 1163 2695 1166 2705 2199 2204 1698 2211 1191 1715 1208 2739 778 1221 1741 2785 2572 2799 764 2299 1792 1290 1802 1304 2361 328 2381 364 370 1402 1926 408 2465 1450 1462 2485 450 2494 1482 462 1487 
324: 2076 14 37 149 426 2184 2302 1666 53 356 1085 1151 1275 1277 1567 2041 2348 97 2044 2439 381 1230 1767 2364 1102 1278 1279 1290 1870 15 79 2787 1469 326 414 2627 994 2056 
350: 2076 2421 1650 285 2280 2398 163 1747 953 2460 2349 964 1512 1471 
372: 2076 2421 549 247 539 1151 2348 2404 2524 1291 953 1303 2341 2533 968 970 1266 
390: 2076 1590 149 2704 864 955 371 515 931 993 1101 1172 1375 1533 1549 1699 2773 2596 1849 730 1797 2505 791 793 1715 2654 907 2741 2768 2019 2566 789 2715 2595 1967 1522 1596 788 1024 1302 1830 2095 2245 975 1239 
409: 2076 602 14 1115 261 494 864 885 955 1006 1267 1531 1583 1821 2208 2302 2323 2398 368 643 404 1045 1307 2217 181 601 24 162 174 204 411 515 535 606 622 715 721 757 786 810 888 954 1048 1085 1101 1114 1310 1338 1533 1557 1617 1769 1796 1931 2022 2115 2167 2179 2576 2636 2745 218 244 755 1747 1912 909 784 1881 75 86 530 685 2439 1381 396 185 2058 934 2403 2166 2492 2156 1478 1223 2394 2364 1102 1108 1152 388 1861 1954 1955 1962 2196 2165 2216 2427 83 140 158 165 182 183 245 402 2546 512 534 537 557 578 599 2643 2142 610 674 1712 1222 2250 1755 1772 1264 2803 2811 2306 2307 2309 1306 2328 1646 806 907 2379 848 1998 875 896 2432 410 1044 481 947 1974 446 1471 963 2517 2518 992 
410: 2076 602 14 261 494 864 955 1531 1583 2208 2323 2398 1399 404 2217 601 91 121 162 204 403 411 604 705 757 810 1048 1089 1101 1114 1148 1338 1617 1769 1917 1931 2052 2115 2167 2179 2287 2358 2636 218 755 665 1747 75 406 477 603 2439 387 396 2692 1874 1764 89 300 409 2058 934 901 551 2359 724 2394 2199 2797 2335 1102 1152 388 1954 2196 2165 2216 2578 2318 2393 99 165 182 340 402 2533 2546 512 1565 1605 2626 933 2656 1694 674 1712 422 2246 1755 2800 1285 2306 2309 2328 812 1332 824 848 1366 875 2432 947 446 963 967 472 2517 2518 
414: 2076 2398 53 415 810 97 909 2806 2223 324 1434 1349 1960 1489 
430: 2076 1083 14 37 285 1857 2624 331 2774 27 49 292 426 440 445 600 853 885 1006 1558 1579 1583 2010 2032 2332 2451 2500 2642 1958 2217 54 95 167 427 476 535 651 931 1048 1076 1085 1151 1243 1464 1567 1635 1931 2049 2281 2325 2459 244 75 387 425 973 714 381 1191 69 1511 1897 367 1139 1766 1478 1610 2519 2797 935 2364 1034 1152 1226 99 120 245 362 412 2019 2533 1524 1025 1033 537 1568 1587 1080 1659 2687 1166 2725 2220 688 1715 1211 2747 729 1758 2781 1771 1273 1806 1830 1569 846 2339 1936 1358 2518 
491: 2076 602 14 149 2085 426 885 2674 810 1154 1157 1161 1533 2041 2429 2044 2439 185 1156 2065 1511 1214 1792 2046 2336 2427 2468 196 340 360 1510 872 2151 1265 2194 577 839 1110 
519: 2076 149 285 2624 261 864 1666 643 1958 304 515 637 758 810 902 1272 1375 1699 2011 2049 2281 2497 75 1167 1212 2439 321 1269 2430 516 1158 1191 2156 2199 2335 1831 1792 1878 2635 26 1029 297 319 364 462 2785 2799 1402 1642 1926 1166 2705 2204 1574 1472 1146 1863 1353 890 2759 1698 1741 1802 2145 
537: 2076 602 703 14 37 756 2704 1189 1857 2624 1115 27 49 261 292 864 885 955 1006 1372 1558 1579 1583 1980 2302 2398 2451 2083 368 643 1045 1307 1190 2217 601 348 1763 142 174 189 204 243 503 515 535 539 604 612 706 715 725 752 758 808 810 902 965 1007 1008 1066 1100 1101 1151 1318 1319 1341 1509 1557 1684 1699 1769 1796 1803 1838 1931 1990 1993 2022 2052 2261 2325 2329 2543 2576 2602 2677 2745 755 1291 1747 406 477 603 1167 685 2439 2763 1381 425 973 1311 2418 1681 1988 2224 1764 89 185 214 300 409 430 941 2351 1992 2403 1511 836 367 2166 179 108 2607 1797 2191 953 1478 1223 1491 2118 1610 1805 2060 1723 1102 1108 1117 1152 1279 2104 1955 2017 2153 2165 212 472 15 33 79 158 353 398 485 512 521 1510 1512 1233 1547 1042 1568 1573 1596 1599 1781 2627 2136 1646 2215 644 657 659 673 674 2646 2219 720 2768 2515 2777 1762 740 2787 2063 754 2809 2814 2307 1303 1306 807 967 2349 1232 880 881 1904 1909 1322 907 911 2339 1427 2470 964 970 2526 
596: 2076 2421 261 486 600 885 955 1224 1372 1415 1416 1444 1531 1558 1821 1872 2032 2332 2500 2501 2674 203 427 484 810 1002 1130 2698 1167 2498 953 1394 2798 466 1687 1745 457 970 2096 2814 956 875 507 1147 1538 1032 1180 2771 
599: 2076 602 1650 1857 971 2674 243 411 810 1154 1185 1370 1567 2167 2677 755 2477 2439 1381 409 2065 1922 2729 1413 2427 25 376 558 581 2341 944 1991 2769 
607: 2076 1189 2624 549 426 440 864 1583 368 1190 1763 238 247 484 582 606 758 810 1101 1151 1370 1373 1560 2041 2110 2141 2232 2325 2429 2506 2745 755 1747 2108 406 477 2044 1849 2439 2016 1381 777 1283 2296 2551 232 941 2351 2403 1511 179 901 13 953 1491 2319 1610 1767 2335 171 263 423 536 1510 2048 1547 1507 2097 2608 1110 1641 1646 2670 1653 1152 2693 1164 2726 1709 1630 2749 1737 1738 1806 1820 1355 2436 1418 1945 2460 2490 966 968 2518 
644: 2076 602 885 1006 174 226 386 535 539 546 561 582 604 810 886 1185 1209 1949 2287 2314 2325 2698 2745 755 1291 1747 351 2509 2439 615 2224 1874 214 537 998 934 1610 2079 584 2635 759 2339 41 215 488 753 1651 647 1039 1709 1396 1609 2764 1496 1252 
669: 2076 14 2001 1115 2083 643 2217 204 535 810 888 954 1370 1931 2226 2232 2669 2193 1117 2427 2646 329 443 2151 1266 2307 2621 968 
673: 2076 602 703 14 37 756 149 2704 2001 1115 292 426 440 955 1579 2302 1666 1190 2217 601 1763 91 174 304 503 535 539 706 810 888 993 1008 1066 1101 1120 1154 1184 1209 1243 1370 1557 1796 1931 1993 2011 2022 2041 2052 2128 2226 2281 2325 2745 755 1747 477 2044 2439 1381 695 1988 89 185 214 300 537 1156 2351 1992 2607 953 1223 1491 2060 1012 1108 1117 1152 2017 2460 472 2627 15 26 33 79 182 186 398 2534 1547 1573 1125 1135 1653 1149 2215 674 676 2219 720 1233 2515 1762 1303 1306 1646 2349 839 1895 2436 906 911 964 968 1991 1994 
674: 2076 602 703 14 37 756 1189 553 2624 2001 1115 292 426 955 1006 1144 1267 2302 1045 1307 1190 2217 601 91 411 503 535 539 582 604 705 706 758 810 888 902 965 1008 1089 1120 1151 1509 1557 1838 1917 1931 2011 2022 2052 2128 2226 2281 2325 2745 755 1747 1316 477 603 1997 1167 2439 2763 1905 695 2692 1874 89 300 409 410 537 673 941 934 1191 367 1475 2607 953 1766 1223 1491 1767 2797 1805 2060 1019 1108 1117 1152 1279 2017 290 472 2627 15 33 79 158 398 468 485 2533 1547 1646 1653 1149 1737 2768 2515 2781 2809 2309 1303 1135 812 2349 856 895 2436 911 964 1762 
679: 2076 226 230 439 2081 232 1268 2435 787 1846 2644 2442 222 1259 223 295 1244 2225 
689: 2076 1650 27 2323 2672 1151 1200 2098 1610 2549 
730: 2076 2704 1115 261 445 494 864 2270 2302 407 121 243 758 993 1010 1085 2281 1912 387 130 390 2 93 126 408 444 591 1015 1273 2046 1027 1797 2690 791 1805 1934 789 1306 2455 1182 2461 1443 1945 1322 953 1596 1349 1612 1251 2768 1239 1760 1762 2359 
740: 2076 1590 2421 602 14 37 149 2704 1189 2624 426 864 955 1372 1666 368 768 643 1045 1307 1823 1190 601 1763 77 146 174 203 268 415 539 725 902 1100 1101 1161 1165 1310 1398 1509 1838 1931 2022 2257 2370 1747 406 477 685 2477 1381 387 615 777 950 1078 1368 2224 185 537 941 934 2607 901 2156 2462 1491 1117 1228 1290 1413 1704 1861 2017 64 2165 2378 2383 2523 2627 2646 26 158 413 485 2019 2063 1582 2120 1633 1714 1232 2267 2778 2781 767 1701 2307 785 1303 2340 1364 1366 1406 911 1421 2515 2015 
776: 2076 795 1267 124 535 559 1192 1451 2472 75 777 1537 538 1690 1975 953 2335 1150 2468 2151 26 590 1641 2811 1181 928 1468 1097 1098 
788: 2076 1590 602 149 2704 864 2302 1666 643 2217 181 1101 1172 1533 1549 2167 2281 2325 2773 2698 1747 1912 2596 390 836 1797 953 834 1221 2153 2505 501 791 793 859 907 2526 2768 2019 2566 2762 789 2595 1967 1522 1596 975 1239 
789: 2076 1590 602 149 1115 249 261 864 1006 1980 2010 2302 643 1045 1190 174 757 758 1101 1172 1177 1370 1375 1533 1549 1592 1796 2049 2167 2281 2285 2543 2773 755 1747 909 1316 2596 2356 387 1311 1681 89 390 730 788 1570 1797 2359 1610 1420 533 935 722 1221 2104 2505 791 793 859 907 2768 1512 2693 2019 1421 1522 1406 1024 2496 1179 2595 1239 1967 1596 2246 975 1622 
791: 2076 1590 602 14 149 2704 261 864 955 1930 1666 643 1045 174 371 439 902 1101 1172 1370 1533 1549 2167 2773 909 477 2596 1884 1078 1537 390 730 788 789 1797 1221 1792 1934 290 2505 2019 872 1641 1524 1786 893 1024 2566 793 2595 1596 1967 819 2496 907 975 1547 2768 1239 2769 2526 2654 
804: 2076 149 853 1583 343 386 552 569 1301 1949 2041 2081 2115 2198 2314 2606 2649 1291 2260 2044 2403 2293 2460 2749 787 2155 2533 468 1741 295 1933 1170 
807: 2076 602 149 261 2674 296 808 810 993 1370 1451 1483 755 1747 2108 2044 2439 1381 1311 1537 2004 537 1102 1649 48 2526 2583 1646 1998 211 1904 2689 812 1322 2307 1994 2780 
809: 2076 149 1115 261 864 902 1085 1101 1130 1515 1768 1971 2141 2524 2525 2669 755 86 2356 1874 11 2156 523 575 1766 1767 1129 2155 2546 907 2059 1304 2542 2215 1195 1599 1744 2646 1628 
812: 2076 602 2674 181 601 91 411 604 705 808 810 993 1089 1247 1341 1370 1451 1917 2041 2669 755 1747 2108 603 2044 2692 1874 2004 89 300 410 674 807 934 1897 953 2797 48 472 738 2635 2526 2533 2583 1080 1646 1998 1904 2689 1427 1054 2307 2309 1867 2747 1994 2780 1366 
836: 2076 2421 331 1115 1267 2302 1666 1045 1958 2217 298 535 786 808 902 1101 1151 1310 1370 1931 2011 2098 2154 2433 2469 2543 2553 2574 1747 351 603 2439 2016 1381 387 777 1368 1442 1537 2224 537 788 941 2455 1542 5 1511 79 83 179 284 349 385 483 505 536 611 641 763 834 1510 2533 2541 2583 1860 2082 2104 1610 2119 1634 1641 2670 1653 1659 1149 2726 2197 2715 1188 1723 2752 2252 1594 2768 2780 1781 1804 1806 1309 2361 837 844 2395 2340 1396 2432 1413 1936 1937 1944 2458 2482 970 1994 2015 1998 1500 1503 2018 
839: 2076 2421 37 756 149 2704 285 1189 1857 2624 331 1115 261 426 1558 1583 2174 2302 1190 1958 1763 124 174 237 582 715 725 902 997 1085 1124 1169 1272 1300 1329 1557 1990 2011 2041 2098 2287 2300 2372 2469 2570 2773 2669 244 755 2757 1747 2596 2044 2439 1905 1381 199 387 1283 1442 2806 2317 2551 1874 1886 491 673 2193 934 1511 1897 538 1922 646 1230 531 2191 152 953 2265 1766 713 724 2118 1610 1767 135 1805 2060 935 1108 219 2735 1934 2070 2336 2378 2608 2753 2487 1273 158 2341 1573 1080 1695 2696 2768 67 340 432 511 536 744 783 1510 2532 1064 1106 2138 1793 2240 2754 2756 2485 2278 1265 2321 1305 2588 1421 1937 2478 2482 1468 1471 1998 2511 
901: 2076 602 554 14 285 331 1115 2774 549 27 955 1006 1144 1558 1979 1980 2010 2323 2083 768 643 1958 601 348 1763 146 162 243 356 563 572 606 752 757 758 902 1101 1114 1148 1161 1318 1319 1370 1567 1906 2022 2154 2348 2524 2669 2776 755 2183 1186 1747 2260 75 406 1167 2439 1905 1381 777 2806 1681 410 607 740 941 381 934 1511 385 108 8 355 96 171 172 352 483 558 608 767 785 834 863 882 2546 2048 1552 1050 1067 2599 2797 2118 2124 1630 1127 2155 1646 2165 1160 2707 2230 1723 1237 1241 1756 2780 2781 1766 1767 1779 1784 2811 1820 1386 2428 1418 925 1953 2476 2489 970 2187 2516 
903: 2076 149 2704 1115 864 885 2184 2500 1666 1045 386 403 439 758 993 1243 1567 2041 2325 2183 1747 2044 2439 1764 1330 2216 787 2679 1568 631 1064 1287 92 286 443 2170 2699 2744 1163 
964: 2076 703 149 2704 553 2624 331 2001 549 1006 2302 1666 1958 174 247 386 439 706 725 810 993 1120 1300 1483 1560 1685 2022 2081 2110 2254 2366 2606 2745 755 898 1747 351 2439 695 1856 89 300 350 537 673 674 941 998 1511 2607 953 2060 1019 1108 1117 1896 1976 2017 2097 2147 2293 472 2627 880 15 1303 2349 72 79 150 151 223 384 398 483 759 787 911 2019 1510 1547 1097 1098 1109 2652 1127 1646 2679 2215 2177 1692 2204 2219 2515 1762 2292 2436 980 
968: 2076 602 703 37 1047 549 426 2302 1666 407 601 1763 91 174 535 539 552 606 706 758 786 810 1157 1184 1185 1370 1373 1398 1553 1560 1635 1757 2141 2149 2226 2232 2262 2404 2416 2506 2669 2698 2745 1291 784 2108 351 1381 2296 2551 2779 89 300 372 607 669 673 941 1156 2351 1594 2492 2607 1797 953 2060 1831 1012 1019 1117 1250 1355 1738 1861 1868 2046 104 2216 2460 472 2667 2678 2749 1737 2341 2048 1547 1573 2621 1819 1646 2622 906 329 463 524 544 2091 1613 1660 2693 1027 2209 1202 1206 2228 1135 1335 1867 1357 2386 2436 2176 1501 1507 
970: 2076 2624 181 88 535 902 1101 1151 1342 2201 2281 2404 2524 2543 755 1747 86 372 537 596 836 901 1511 179 1475 355 1610 1723 2104 1730 2427 2600 1382 201 1895 2768 1510 1820 1781 197 1182 1073 1742 
998: 2076 2421 602 37 1650 149 331 426 1174 1372 2302 2674 719 566 604 1009 1155 1157 2047 2098 2281 2392 2497 2606 2439 3 2806 644 964 103 117 318 489 649 658 790 828 2151 1642 1520 2341 1158 2057 2058 2430 1221 1868 1413 1156 1950 1183 1239 2605 1460 1182 1353 1354 2365 1349 1350 1863 2246 2759 2505 2387 1496 2006 1802 
1014: 2076 486 955 1930 2061 1537 2126 1991 591 875 
1054: 2076 131 440 955 1872 2061 204 411 1101 1370 2115 812 1870 558 2456 1322 1064 2800 397 487 933 1866 
1080: 2076 602 703 37 149 2624 1115 1958 121 174 189 203 411 552 808 810 1713 2011 2232 2262 2281 2358 2416 2469 2576 2745 755 1186 1291 1747 351 406 477 1997 2439 1381 2551 430 812 839 2065 1897 1922 1690 746 953 2359 2060 533 2748 1152 2104 2046 79 2778 2341 662 1552 1695 2463 1500 2482 1694 1998 2395 1524 
1102: 2076 1590 602 1083 14 1115 28 261 426 885 955 1006 1563 1979 1980 2184 2302 643 404 1307 1823 2217 348 88 204 386 535 637 715 810 888 902 1007 1085 1100 1101 1301 1509 1515 1560 1567 1699 1796 2041 2198 2226 2247 2669 2745 97 2183 86 477 2596 2044 1683 2509 2439 2016 1381 199 425 2296 1681 2779 1764 324 409 410 537 807 518 1191 1992 1922 2607 1478 2118 459 1610 1034 87 215 413 488 738 793 841 848 881 884 893 904 963 2535 2030 1427 2048 2562 1547 1552 1566 1568 2078 1573 1574 1587 2622 2153 2666 1659 1664 2180 2691 2695 2188 1682 2209 2210 1741 2253 2768 1765 2787 1266 1802 1820 2336 2347 1348 1378 2399 2339 2412 1413 1419 1431 1437 1950 2470 1461 2505 1501 
1108: 2076 2421 602 703 14 2624 2001 1115 292 1224 1579 2302 2398 1666 1045 2217 174 204 230 386 439 503 535 539 706 1101 1120 1169 1557 1567 1598 1796 1993 2022 2081 2254 2366 2382 2574 2606 2745 755 1747 351 406 2439 1381 695 1988 89 185 214 232 300 409 537 673 674 839 964 941 2351 1992 1511 179 108 2607 2156 953 1223 834 2060 59 72 79 151 223 398 467 472 483 610 720 767 787 911 980 1026 1065 2562 1547 1573 2627 1607 1117 1127 1659 2679 2177 2215 2725 2219 1233 2515 1762 2787 2809 1303 1306 1646 1320 2349 1330 1896 2436 1934 1244 2017 
1119: 2076 37 285 1115 426 955 2674 1958 569 810 1483 2108 2016 2224 1918 1511 2335 2082 506 645 2349 1065 1915 2063 2240 
1127: 2076 602 37 756 2704 1047 1189 553 2624 1615 1115 27 131 426 440 600 708 853 955 971 1006 1372 1384 1531 1558 1583 1980 2208 2302 2355 2500 1045 1307 1190 2217 181 601 348 162 243 268 320 356 411 522 582 810 902 993 1101 1120 1148 1243 1370 1483 1684 1746 2041 2073 2281 2677 2745 755 898 1747 2044 685 2439 2498 1381 1442 2223 156 901 964 1108 941 1191 1897 367 646 108 2118 2335 1012 1084 1152 1394 1597 1740 32 64 2165 2216 290 510 2809 2349 2215 2189 907 182 447 2136 2657 158 682 151 443 542 610 631 1005 1050 2540 1565 2084 1678 2709 2219 1211 2253 2264 2781 1263 2812 1829 1840 1879 1411 1970 2507 2511 2003 2442 
1156: 2076 1590 553 1857 1115 549 418 426 445 492 1006 1224 1579 2618 1153 643 1958 719 348 91 203 247 522 539 546 547 640 725 752 802 902 1070 1155 1157 1243 1483 1515 1661 1699 1768 2049 2141 2281 2348 2382 2392 2416 2433 2570 218 755 1186 1291 1618 1212 2763 3 387 2296 2075 185 491 673 968 998 714 5 26 80 84 93 99 102 135 152 289 325 364 377 398 408 481 483 502 506 531 534 581 623 628 641 697 763 806 869 893 929 935 949 1050 1061 1088 1146 1511 1547 2597 1587 2117 1610 2122 1616 2659 1647 1659 1158 1792 2693 2187 2707 2199 1690 1180 1692 1719 2650 2748 1802 1736 1228 1741 2766 1188 1249 1766 1767 1582 1776 1510 2809 1897 1217 1297 1298 2156 2072 1321 2359 1352 1353 1354 1355 2376 1656 1405 2769 1749 1928 1420 1936 2263 2468 1461 1976 1504 2015 2517 1507 
1201: 2076 864 1681 518 69 581 999 2542 2739 
1223: 2076 14 149 1857 292 445 492 1579 2302 643 1045 174 268 415 503 535 539 1101 1370 1557 1796 1993 2281 2459 2745 755 2439 2806 1988 89 185 214 409 537 673 674 1108 2351 1352 1992 11 794 2359 290 459 720 1023 1149 1896 1530 2215 2060 2063 1573 2728 2605 1715 1233 1802 1653 2219 
1239: 2076 1590 1650 261 2711 2674 1958 2217 601 203 371 515 604 1017 1101 1165 1172 1375 1533 1549 1699 2596 2477 2224 390 730 788 789 791 998 318 179 1594 1797 2797 1367 1792 408 2505 506 793 1737 2444 1264 2493 2019 2545 2595 1850 1622 1149 577 587 623 975 1943 1302 2102 
1249: 2076 14 261 440 1153 522 725 1148 1151 1155 1157 1186 86 1156 1158 1251 1805 26 182 267 359 364 397 558 904 1146 2063 2811 1688 1820 2233 1353 2138 1250 
1251: 2076 554 14 1153 237 522 699 725 1038 1148 1151 1576 2149 2257 2575 2606 1186 730 1249 7 64 109 127 158 359 364 490 591 676 680 863 904 929 1250 2811 2306 1559 2063 1302 2143 1820 1717 1868 1805 
1259: 2076 226 230 320 515 2081 2254 2366 2528 425 232 679 2319 1612 2079 2635 2435 787 753 2644 2442 222 223 1244 2225 
1293: 2076 864 1579 515 1548 1721 1769 2179 2425 2669 2734 2761 755 86 1167 714 2165 393 534 1774 2657 558 59 593 1143 1788 1784 1795 2448 1686 2127 
1294: 2076 955 181 230 386 427 1370 2110 86 1884 2439 1681 1564 1570 1737 1846 1437 1569 1772 1655 
1306: 2076 602 37 756 885 955 1666 404 1045 1823 181 174 356 386 411 535 569 715 752 810 1120 1300 1557 1560 1707 2141 2287 2366 2553 2745 755 1747 995 143 351 2439 2763 1381 409 537 673 730 1108 2193 1766 1034 2729 1290 2216 2427 2215 2435 787 182 1802 2264 2719 72 663 753 937 938 939 1232 2681 2442 1829 2219 1466 1749 
1322: 2076 1650 2704 285 2624 1115 426 445 2184 2302 1666 643 1958 174 203 314 356 535 752 757 758 810 902 993 1100 1101 1451 1713 1768 2011 2022 2439 2223 2224 1874 130 537 730 807 1054 2455 1511 367 1922 355 2191 953 2118 1610 2060 1649 122 2523 738 2155 1659 2707 2339 558 1698 1025 63 2309 540 882 889 890 1123 1133 2019 2413 2432 1925 1546 2706 1621 1946 2188 
1349: 2076 1650 28 2010 2711 368 1307 773 1009 1114 1120 1243 1342 1506 1598 1657 1689 1707 1757 2041 2262 2382 2570 2795 2044 2016 1865 414 730 998 1434 11 1797 18 68 186 245 340 352 359 441 442 463 551 589 632 658 663 713 724 738 783 884 893 899 906 938 1072 1152 1250 1284 2556 2079 2796 1605 2046 2693 1678 1688 1798 1732 2265 1772 2406 2307 2336 1839 2361 1873 2405 1896 1899 1915 1934 2431 1941 1945 2608 1991 2511 2526 
1352: 2076 371 515 651 1157 2098 2416 1291 588 2439 3 2075 1156 1223 173 1158 1542 103 458 531 662 722 824 949 1061 1147 1193 1256 1391 1402 1587 2703 1646 1732 2725 1606 2091 2096 2104 2120 2507 2611 2393 
1378: 2076 285 261 492 1317 1979 1980 2217 304 314 371 582 752 987 1100 1101 1151 1318 1319 1768 1769 2011 2198 2669 2649 755 2183 2477 2439 425 1102 714 1766 1767 2364 2196 2656 2768 906 2051 581 2236 2755 2503 
1428: 2076 2001 445 795 1763 774 1662 2665 909 2108 1313 1537 2296 1681 1542 1690 551 834 1792 2017 48 2608 869 147 1701 1846 376 2511 206 329 908 1026 1206 1286 1418 1641 1552 2091 2478 2229 2228 2507 2258 
1452: 2076 14 261 123 1076 1100 1381 387 2455 117 1772 1950 
1505: 2076 2421 37 2193 953 2735 2151 1304 2177 
1510: 2076 2704 1189 2624 331 2001 1115 445 2302 2332 1666 643 1958 88 203 316 535 604 654 902 1101 1151 1192 1310 1319 1370 1426 1617 2011 2022 2150 2154 2257 2358 2372 2416 2429 2433 2543 2574 909 327 351 2016 1381 387 425 777 1283 1368 1537 2296 2223 2224 214 491 537 607 836 839 964 970 1156 941 1191 2351 1542 1511 385 900 1922 1321 179 1690 1975 844 2424 2191 152 2462 953 1478 1503 273 834 1610 1805 2335 1723 722 2544 1152 1309 1413 2104 1597 1649 1656 2082 2378 506 2568 79 1737 1659 1188 1458 763 1353 925 2347 1240 505 2533 2583 2768 2301 2340 1998 1755 1936 2747 65 83 284 340 349 413 483 611 692 702 837 870 1094 1149 1305 1388 1396 1421 1500 1860 2103 2619 1641 2670 1561 2683 1672 2197 1691 1692 2715 2726 2733 1717 2246 2485 1781 2807 1804 1806 1843 2380 1894 1937 1944 2432 1959 2476 2015 2018 
1512: 2076 554 756 149 1189 1115 549 261 445 486 835 885 955 1006 2217 348 174 254 371 476 546 725 1007 1085 1101 1318 1661 2052 2337 2761 1186 909 530 387 1442 350 537 789 2058 2455 1706 385 900 1570 179 1475 794 531 2424 1766 68 2118 1610 2797 1346 2097 2505 2646 2798 893 2266 2654 2190 2189 178 151 231 364 483 610 1081 1160 1498 1507 2207 1942 2231 1866 1863 2170 
1547: 2076 602 703 37 2704 1047 426 864 955 2302 1666 643 1045 407 1958 174 204 411 535 552 566 606 706 786 810 993 1370 1398 1447 1553 1757 2011 2041 2141 2226 2416 2506 2745 1747 784 2108 351 1997 2044 2439 1381 1283 1368 2296 2779 89 300 537 607 673 674 791 964 968 1102 1108 1156 941 2351 229 1594 2607 2156 953 441 2060 1831 1034 1117 1738 1861 1868 2017 2046 104 2427 2460 472 2627 2678 1737 1818 2048 211 329 398 443 544 641 906 1015 1094 1202 1206 1266 1472 1501 1573 2091 2621 2622 1613 1630 2209 2228 2515 2307 1819 1646 1820 1762 
1573: 2076 602 703 554 37 2704 1047 2085 1615 1115 292 426 864 885 955 1372 1579 2302 2674 1045 1190 2217 181 601 174 189 386 411 439 503 535 539 604 606 745 810 1059 1101 1184 1398 1557 1560 1640 1713 1796 1931 1993 2011 2041 2141 2226 2281 2325 2348 2416 2506 2745 755 2108 603 1997 2044 685 2439 1381 1368 2296 1988 2224 89 185 214 537 673 839 968 1102 1108 1223 1547 941 2351 1992 2607 459 2060 1831 1019 1117 1152 1196 1607 1861 104 2165 155 290 334 2460 567 2678 793 843 2215 182 201 1653 2048 140 329 720 1206 1233 1266 1331 1555 1559 2580 2091 1584 2609 2621 2622 1646 2176 2209 2219 1630 2764 2768 2316 2762 1936 2511 
1597: 2076 602 14 37 885 2302 1045 808 1370 1684 1838 1990 2098 2329 1291 477 1618 2439 2224 1865 185 1127 1510 1511 1413 377 881 924 1026 1042 1182 1308 1524 2153 1795 2809 1772 2194 2070 1955 2600 1850 1678 
1706: 2076 602 1666 1958 719 601 348 637 758 931 1662 1699 2036 2226 2655 603 1997 3 1512 1191 93 103 120 165 364 450 677 778 1004 1146 1289 1388 1487 1570 1607 1670 2785 2533 2431 1792 2690 2705 2199 1926 1969 2099 2739 2492 2494 2485 
1737: 2076 602 703 37 149 2704 1047 331 1372 2302 1666 407 1307 552 606 786 993 1184 1185 1373 1398 1553 1560 1796 2011 2041 2232 2281 2416 2506 2745 784 2108 2044 2439 1381 2296 2551 2779 607 674 968 1239 1294 1510 1547 941 2351 1511 1594 108 2492 1268 953 1766 1805 1831 1117 1150 1738 1861 1868 2046 104 2216 2293 2678 2749 18 26 329 364 702 906 924 1072 1149 1197 1202 1206 1264 1474 1501 1552 1613 1631 1646 1653 1695 2048 2091 2621 2209 2693 2718 2228 1819 1820 2409 2479 
1758: 2076 1115 1558 368 395 725 2011 2041 2154 2167 1963 2044 2763 430 2455 2593 883 2769 158 2086 1630 642 1489 1863 93 197 1160 1182 1599 1925 1867 
1797: 2076 1590 37 149 2704 261 864 2674 768 643 2217 601 371 515 637 1048 1101 1172 1375 1533 1549 1796 2011 2337 2773 1291 2596 2509 2439 1280 390 537 730 788 789 791 968 1239 1349 2065 2455 1191 11 263 468 793 907 975 1024 1074 1168 1366 1596 1622 2019 1894 2768 1813 2595 2505 1967 2048 2526 2654 2814 
1820: 2076 2421 703 285 1115 868 1583 670 758 871 902 1101 1151 1184 1572 1768 1993 2115 2226 2261 2329 2348 2480 665 2108 86 695 2806 1856 214 607 901 970 1102 1249 1251 1547 1737 1992 1321 1594 2607 2191 1117 1250 1738 1868 2097 155 2297 405 2608 1303 79 1659 907 1188 734 1107 697 447 1630 1819 1646 2493 2564 2563 974 364 2259 281 297 325 732 933 1149 1421 1495 1559 1643 1778 1795 2569 2091 2133 2228 2800 2384 1840 
1861: 2076 602 703 14 37 1047 2001 549 426 1174 1666 407 601 189 299 411 476 552 566 606 786 1247 1370 1398 1553 1735 2226 2242 2382 2416 2506 2745 784 2108 351 2439 1905 1381 950 2296 2779 409 740 968 1547 1573 1737 941 2193 1158 2351 1594 794 2607 1139 953 2060 1831 1117 1738 79 104 329 472 906 929 1149 1199 1202 1206 1495 1501 1613 1646 1734 1819 2035 2046 2048 2091 2621 2627 2126 2147 2678 2209 2228 1863 1868 1945 
1875: 2076 2421 602 701 37 149 2704 1115 426 955 1872 601 16 395 810 993 1048 1148 1373 2011 2698 755 1291 1747 477 2596 1212 2439 1381 387 214 2065 2455 2403 1012 1812 2153 126 150 281 379 399 819 877 1544 1584 2341 2136 2096 2235 
1915: 2076 756 1189 2624 1615 643 1190 719 348 184 580 1173 1370 1768 755 1119 1349 1191 2364 2082 2165 290 676 1125 
1918: 2076 602 1083 37 149 285 2624 1666 768 1958 314 371 395 515 637 725 757 758 810 931 1272 1319 1375 1699 2011 2036 2049 2256 2281 2497 2524 2574 2602 2655 75 86 2498 3 387 1368 1681 1865 321 1119 21 26 74 93 111 120 158 165 178 302 319 364 370 450 462 531 536 557 677 778 1004 1065 1099 1146 1163 1166 1191 1208 1221 1268 1304 1367 1402 1462 1472 1487 1564 1570 1574 1628 1642 1668 1670 1686 1698 1741 1792 1802 1835 1897 2530 2191 2569 2070 2199 2099 2289 2114 2654 2156 2166 2705 2204 2211 2739 2244 2145 2785 2572 2799 2361 2381 2406 1926 2430 2465 1969 2485 2494 1992 
1969: 2076 14 2624 331 768 725 2154 1291 1747 2016 1706 1918 900 1570 179 2467 1004 83 186 334 340 408 483 1042 1755 2307 2583 1998 2395 2018 
2019: 2076 1590 149 1115 261 864 1666 643 1045 1307 515 758 1101 1172 1370 1533 1549 1645 2011 2167 2179 2773 406 477 2596 2356 1078 390 430 740 788 789 791 964 1239 1322 1797 1542 69 2492 2191 953 1896 1934 290 2505 498 2241 907 1107 2768 489 846 860 975 1015 1024 1027 1079 1324 1522 1596 1622 1760 1938 1945 1953 1967 2530 2715 2566 2461 
2048: 2076 1590 602 703 37 2704 1047 549 426 864 1666 407 2217 601 1763 189 411 535 552 606 786 888 1101 1165 1398 1553 1699 1931 1990 2041 2098 2226 2325 2416 2429 2506 2745 1747 784 2108 351 1997 2044 2439 1381 1537 2296 2779 214 322 607 901 968 1102 1547 1573 1737 1797 1861 941 2351 1594 2607 953 1831 1117 1738 1868 2046 104 2460 2678 171 329 544 890 906 1202 1206 1258 1266 1418 1487 1501 1613 1630 1646 1819 1945 2091 2621 2622 2209 2228 2566 2246 2803 2511 
2060: 2076 2421 602 703 37 2624 1115 131 261 292 426 486 955 1579 2302 1666 2674 643 1190 601 91 174 203 243 403 503 535 539 582 604 706 758 810 902 1008 1101 1151 1184 1185 1272 1370 1424 1557 1560 1713 1796 1993 2011 2041 2049 2226 2281 2300 2669 2745 244 755 351 477 603 2044 2439 2763 1381 199 1283 1442 2317 1988 1865 1764 89 185 214 300 537 673 674 839 964 968 1080 1108 1223 1322 1547 1573 1861 941 2193 934 2351 1992 2166 1922 646 355 13 953 1491 834 1610 79 100 127 171 182 290 398 472 511 591 611 676 718 720 1012 1117 1135 1136 1149 1152 1233 1290 1348 1436 1520 1556 1646 1653 1762 1934 1942 2017 2600 2627 2800 2487 2210 2187 2219 2229 2768 2515 2070 2341 2378 2335 2436 2215 2460 2468 
2536: 2076 885 643 404 1045 1823 163 810 1699 2052 2193 11 337 459 1330 2129 2539 
2617: 2076 
2533: 2076 602 37 756 149 1047 331 1115 426 1317 1372 2701 1666 2083 643 407 1823 1958 601 91 395 411 479 562 604 637 705 725 758 888 1089 1101 1341 1370 1917 1931 2041 2141 2247 2429 2543 2655 2745 2810 1291 1747 1881 86 477 603 2044 1167 1381 777 1078 1368 2296 2692 2075 1874 89 300 372 410 430 674 804 812 836 1510 1706 173 941 2193 934 2351 1511 1897 2166 646 1321 179 2752 2797 533 1290 1431 1450 2454 1792 1976 2196 48 2130 2165 2427 472 801 2341 115 206 284 540 556 676 767 820 837 855 928 1183 1217 1336 1369 1406 1507 1665 1716 1813 1945 1966 2063 2101 2119 2197 2211 2267 2309 2361 2532 2634 2696 2768 2814 
2562: 2076 261 1958 174 902 1699 2052 2677 2439 1102 1108 2544 1413 79 2622 1850 
2124: 2076 14 2085 1115 2217 356 604 902 1101 1483 2041 2543 2745 603 2044 901 2430 1897 355 1723 2104 311 837 1193 1953 2529 2554 2577 2715 
2156: 2076 602 1083 14 37 756 1857 2624 1615 885 1372 1190 348 121 371 725 810 1148 1155 1157 1370 2167 2281 1291 1747 75 477 1212 1681 321 409 519 740 809 1108 1156 1547 1918 1269 2430 516 1158 2166 11 70 319 364 459 793 967 1196 1261 1413 1472 1491 1698 1924 2118 2153 2361 2341 2427 2476 2454 2206 
2159: 2076 1189 2624 1115 2184 1763 88 403 547 948 1085 1101 1151 2160 2300 2669 755 898 406 2439 2016 387 1321 1975 2752 834 1767 2335 2735 1659 2341 2445 1518 2747 1937 1094 67 463 718 1168 1524 1552 1880 1921 1944 1984 2018 2595 2634 
2130: 2076 14 2083 2674 768 181 601 1763 174 758 1338 2052 2261 2524 86 603 2806 2223 2533 1542 1922 222 225 239 446 767 967 982 1363 1580 2675 2365 2781 
2809: 2076 602 553 1857 885 1006 1980 2184 2500 643 1045 1823 226 386 539 965 1120 1243 1370 1509 1515 1838 1949 1990 2022 2254 2325 755 1747 143 477 1884 2509 2763 537 674 1108 1127 1156 1597 367 1766 1767 1805 1034 1279 1330 2017 2066 290 2427 793 15 33 72 79 362 443 485 787 819 980 1026 1303 1433 2215 2219 2264 2344 2345 2349 2442 2540 2566 2645 2781 
2187: 2076 602 14 885 955 1979 1980 2302 2398 1823 307 484 752 1169 1917 1931 2081 2281 2524 755 1907 1912 86 1442 901 1156 2060 1413 1868 40 100 101 579 880 1025 1104 1559 1561 1587 1717 1867 1933 2572 2646 2233 
2188: 2076 1115 643 535 1122 327 387 1102 1322 1897 152 1723 2544 1250 1936 347 1336 1718 2194 
2713: 2076 14 88 1131 1319 2098 387 1897 724 2797 1403 1419 1471 1659 2096 2333 
2729: 2076 14 1615 426 2302 2217 386 539 546 810 1699 2011 2081 2509 1212 599 1306 1434 1016 1898 2378 2690 
2246: 2076 149 1006 2174 1307 719 541 604 1009 1114 1167 2317 2551 1874 410 789 998 1510 2048 790 649 2623 2118 1021 834 1150 1868 754 2151 158 759 1818 1521 2781 1642 313 658 841 949 1180 1183 
2768: 2076 1590 602 37 1650 756 149 1047 1189 2624 1615 1115 426 864 885 955 1006 1174 1372 2061 2302 2398 2711 1666 2083 368 1045 407 1307 1190 2217 601 1763 77 123 170 203 204 243 356 395 484 515 535 539 582 604 715 739 810 888 902 1048 1066 1101 1176 1192 1272 1300 1342 1424 1533 1548 1557 1560 1684 1699 1713 1769 1931 2011 2022 2041 2052 2226 2281 2325 2337 2416 2506 2543 2773 2655 2698 2745 244 755 1747 909 477 603 2044 1167 530 2509 685 1849 2439 2763 2498 1381 777 1442 2296 1681 156 185 390 537 674 730 788 789 791 836 839 970 1102 1378 1510 1573 1797 2019 2060 2533 941 2193 934 1191 2351 847 1511 1897 2166 1175 179 2607 953 1491 2118 1610 2519 1805 1723 1117 1152 1250 2104 2070 2153 2165 2216 290 2405 2427 2600 2667 754 1775 147 2679 2654 2025 907 182 1273 1587 158 759 1240 2249 83 151 157 338 376 512 540 556 675 676 792 875 942 963 988 1024 1217 1263 1336 1522 1596 1624 1781 1850 1894 1937 1945 2056 2368 2476 2482 2527 2650 2781 
2309: 2076 602 1857 331 1115 445 1006 643 601 91 371 386 411 604 705 773 1089 1122 1157 1483 1768 1917 406 603 2692 2224 1874 89 300 409 410 674 812 1322 2533 173 2397 1158 159 934 385 900 1564 1570 1594 1475 1268 2797 2335 1896 472 2666 158 1936 148 60 347 929 1336 1693 1927 2726 
2349: 2076 1083 2001 2355 1045 268 386 415 535 539 810 965 993 1120 1509 1796 1803 1838 1990 2022 1747 351 1884 2439 156 300 350 537 673 674 964 1108 1119 1127 2809 941 538 1594 953 1805 1117 1279 1330 2017 2271 472 880 15 1303 33 47 72 79 485 523 717 911 924 937 1417 1646 2086 2215 2219 2269 2620 2781 
2756: 2076 2184 237 1185 1528 1699 2247 2429 2575 818 1280 1493 1874 839 1897 2487 2634 2138 783 1265 
2339: 2076 1590 1857 27 885 955 1317 1372 2010 2032 2522 2217 162 189 243 725 810 1101 1243 1300 1370 1769 2677 1747 1316 685 1849 2439 1381 430 537 644 1102 1322 714 2403 108 355 2319 2364 1976 2165 2216 2427 2749 2787 466 907 2136 1653 570 819 894 1421 1554 1596 1755 1781 2697 2476 2496 
2458: 2076 149 2704 261 955 1267 1558 1980 2217 237 415 582 651 993 1076 755 898 1681 836 2735 1354 2341 2583 2482 1998 2780 140 1923 1994 
2185: 2076 1167 2157 
2507: 2076 602 1189 2624 835 885 955 1980 2451 2674 643 1823 1190 1958 163 535 1100 1101 1598 1699 2011 2366 2477 1127 1352 1428 1191 1542 2166 2492 1034 2165 907 967 2038 1695 1437 2051 2781 2611 1461 2225 
2515: 2076 602 703 1189 292 426 2302 1045 1958 601 706 810 1483 1560 1917 1931 1990 1993 2022 2141 2226 2262 2745 755 1747 2439 1381 2075 89 300 537 673 674 740 964 1108 1547 2060 941 934 69 953 1012 1117 2017 104 472 501 2627 1303 1676 1653 759 1762 1646 129 376 364 196 398 1266 
259: 1590 261 1006 24 810 1272 2649 1158 953 2563 2408 1631 
649: 1590 2674 643 1327 3 2806 2224 998 2246 1269 790 11 557 2505 2605 1350 2166 2058 1542 1182 
734: 1590 1115 418 1006 24 705 1272 1275 1598 1685 2108 1683 1212 1820 1158 1511 60 378 581 748 1402 
793: 1590 14 756 885 174 299 415 1008 1370 2179 2348 2745 244 2439 390 788 789 791 1102 1239 1573 1797 2156 2809 318 1330 301 2460 567 19 2545 907 1732 2595 942 2414 2739 2240 967 2251 1233 1678 
907: 1590 602 703 37 1650 756 149 2704 1189 553 2624 1615 1115 549 261 418 426 864 885 1372 2184 1666 2083 368 643 1045 1307 1190 2217 601 348 24 174 203 204 243 268 395 411 535 539 546 562 604 637 810 888 1066 1101 1342 1533 1557 1684 1699 1832 1931 2011 2049 2052 2167 2281 2325 2348 2429 2773 2655 2665 2677 2745 1747 909 351 406 477 603 1997 2596 1167 685 2439 777 2224 390 409 537 788 789 791 809 1127 1797 1820 2019 2768 2339 2507 793 2193 381 934 1191 1542 2403 1511 367 2166 900 2492 1478 1491 2118 1503 2335 1723 1152 1196 2735 1290 2097 2153 2165 2405 738 754 150 158 182 512 550 578 675 676 2136 2545 1024 1033 1779 1596 1599 1106 1134 2580 1182 1893 2781 2307 2347 1841 1846 2368 2470 2476 963 
975: 1590 2421 1189 2624 1115 418 864 955 493 535 752 758 902 931 1172 1533 1549 2198 390 788 789 791 1239 1797 2019 1897 2191 834 2505 893 2719 1146 578 397 1596 215 710 718 811 855 
992: 1590 440 955 2217 411 1768 2602 327 2477 409 135 2427 558 1765 1405 2690 1580 1642 1866 1081 2353 2354 
1222: 1590 602 37 426 955 1045 1958 810 1747 2439 1381 777 1681 409 1511 2166 1922 1113 2097 2165 79 182 2347 2689 2613 2233 2119 2781 
1264: 1590 602 37 2484 426 885 955 1006 1558 2302 2500 643 1045 601 411 758 810 1017 1066 2042 2198 2226 2281 2524 2553 2606 2698 2745 755 1747 477 2477 2439 1381 615 1368 2296 2224 409 1239 1737 941 794 1805 1117 82 290 2769 1802 1074 98 114 397 676 711 1000 1168 1898 1655 1837 2485 2530 2376 2695 2705 
1269: 1590 14 2674 758 1120 1157 1327 351 3 321 322 519 2156 649 941 459 908 1034 2176 2058 2605 1587 
1353: 1590 331 1115 426 1006 2174 2618 643 1307 719 310 580 725 727 1157 1619 2281 2392 1186 1747 75 1442 2806 1681 519 998 1156 1249 1510 1158 103 2387 102 1511 1897 531 2199 2797 1805 2364 1382 2151 26 1802 93 364 667 767 1146 1187 1391 1985 2706 1354 2476 1845 1741 
1397: 1590 602 703 37 426 955 1372 601 484 515 604 758 1684 2745 477 603 1997 2509 2439 2498 2427 443 718 2476 
1401: 1590 602 703 37 426 955 1006 1372 1583 1190 601 348 484 604 758 1157 2745 477 603 1997 2509 2439 2498 1764 2749 1600 718 2273 
1513: 1590 149 261 955 1048 898 214 2455 953 1386 383 827 2012 1514 
1542: 1590 285 331 1115 853 1666 643 1958 88 237 773 1114 1151 1310 1370 1375 1426 1689 2041 2098 2115 2150 2154 2285 2543 2183 1291 1912 406 2044 2016 1381 3 425 777 1681 1705 2224 836 1352 1428 1510 2019 2130 2507 649 907 941 2430 19 40 65 70 104 171 179 284 345 370 384 489 505 506 548 611 722 738 801 834 837 900 938 991 1004 1188 1266 1289 1305 1309 1321 1388 1466 1498 1500 1503 1511 1936 2568 2368 2082 1591 2103 2619 1611 2134 2178 2205 1704 2733 1717 2038 2244 2762 1781 1813 1843 2378 1896 1897 2442 1935 1937 1944 2518 2015 
1830: 1590 261 885 1224 1372 1583 427 539 1318 2329 2669 755 2477 425 185 390 430 466 158 1435 1427 423 983 1644 
2679: 1590 149 2704 553 261 885 1282 2217 386 439 569 993 1100 1218 1685 1949 1990 1993 2011 2041 2044 2439 1856 156 903 964 1108 2768 941 2455 517 64 2215 922 20 147 41 151 213 222 258 286 631 632 634 668 917 980 1211 1244 1841 1879 2084 2170 2264 2327 2334 2442 2620 2716 
1904: 1590 386 535 810 1300 1370 1549 1949 2528 2439 156 537 807 812 159 1805 1394 2635 819 281 
2340: 1590 602 37 2624 1115 955 1267 2010 643 1045 1958 77 203 1176 2022 2154 2257 2370 2433 755 2108 2016 950 1283 2075 740 836 1510 2193 1511 179 2462 953 68 1831 1004 1413 1704 1870 2082 2378 79 1659 1188 2778 763 215 284 413 1142 1286 1500 1633 1714 2015 2018 2267 2432 
2290: 1590 885 123 515 1931 1167 2439 1381 1922 1133 2518 
2305: 1590 149 2704 1115 810 993 1370 2745 755 214 50 953 1288 488 712 1552 2181 
2395: 1590 602 37 426 955 1045 1958 54 810 1169 1747 2439 1381 777 1681 2075 836 1080 1969 1511 1897 2166 1922 1113 1004 2165 79 182 2347 183 1336 1863 1953 1956 2119 2233 2689 2613 2780 2781 
1941: 1590 1167 2509 2439 1381 1349 2383 720 2518 2139 
2583: 1590 602 37 426 955 1267 2302 1307 1958 808 810 1048 2575 1747 2439 1381 777 1681 807 812 836 1510 1969 2458 934 1511 2166 1922 1975 1113 1004 2165 2568 79 1659 182 2347 120 1471 1994 2119 2233 2432 2530 2689 2611 2613 2780 2781 
2584: 1590 602 37 426 955 1045 1958 810 1747 2439 1381 777 1681 1511 2166 1922 1113 2165 79 182 2347 2119 2233 2689 2613 2781 
2585: 1590 602 37 426 864 955 1958 810 1747 2439 1381 777 1681 1511 2166 1922 1113 2165 79 182 2347 366 2119 2233 2689 2613 2781 
2587: 1590 602 37 426 955 1045 1958 810 888 1931 2052 1747 2439 1381 777 1681 1511 2166 1922 1113 2165 79 182 2347 2119 2233 2689 2613 2781 
2589: 1590 602 37 426 955 1045 1958 810 1747 2439 1381 777 1681 1511 2166 1922 1113 953 2165 79 182 2347 2119 2233 2689 2613 2780 2781 
2590: 1590 602 37 426 955 1958 1747 2439 1381 777 1681 1511 2166 1922 1113 2735 2165 79 182 2347 2119 2233 2689 2613 2781 
2591: 1590 602 37 426 955 1958 810 1747 2439 1381 777 1681 1511 2166 1922 1113 2165 79 182 2347 2119 2233 2689 2613 2780 2781 
2595: 1590 1083 703 864 1930 1958 371 515 541 979 1327 1398 1533 1572 1635 1699 1796 2325 2596 2044 530 615 1681 390 788 789 791 1239 1797 2159 793 516 518 2191 1413 848 1913 2189 2657 2622 1936 2634 107 423 658 718 882 1402 1577 2138 
1798: 1590 14 1689 1349 192 738 1574 1605 1678 2405 1928 1926 
1596: 1590 756 149 261 864 2674 643 1190 601 304 535 810 1101 1172 1533 1549 1796 2011 2773 1291 1747 2596 2509 2439 390 537 730 788 789 791 1797 2019 2768 2339 907 975 2193 953 1808 2079 2336 2505 2654 150 1967 1622 
2588: 1590 602 37 426 955 1958 810 1747 2439 1381 777 1681 839 1511 2166 1922 1113 2165 79 182 2347 2119 2233 2689 2613 2781 
1715: 1590 2421 1115 2398 2513 2083 368 404 1958 146 515 725 773 931 1370 1548 1571 1684 1931 2372 2708 909 2044 530 2477 1381 322 390 430 1223 173 518 69 794 1228 1237 82 177 510 2686 754 19 38 62 80 112 197 362 631 632 696 1050 1149 1193 1274 1487 1577 1605 1641 1678 2412 2289 2680 2376 2702 2177 2054 2718 1818 2306 2605 1842 
2482: 1590 602 37 426 955 1267 1583 2302 1666 1045 1958 54 715 810 1169 1451 2011 2543 1747 351 530 2498 1381 387 777 1681 2075 836 839 1080 2768 2458 941 2193 934 1511 1897 2166 1922 1570 531 1113 2359 834 1117 2165 2568 2686 79 182 2347 376 67 113 183 676 928 1471 1561 1694 1994 2119 2233 2432 2689 2530 2762 2611 2613 2780 2781 
1998: 1590 602 703 37 331 292 426 492 955 2302 1045 1958 601 637 808 810 1131 1370 1426 2575 2669 755 1747 1997 2439 1381 387 777 1681 2075 409 807 812 836 839 1080 1510 1969 2458 934 1511 1897 2166 1922 531 1113 1766 1767 1831 1150 1345 2165 619 729 79 182 2347 1090 2696 1358 906 46 83 113 120 183 483 611 924 1104 1469 1569 1925 1944 2119 2461 2780 2689 2613 2233 2781 2782 
1863: 1590 1115 426 1174 88 1002 1122 2049 406 1368 2806 1874 519 998 1512 1758 1861 2395 315 794 2535 946 1913 1676 1802 2656 319 890 
2586: 1590 602 37 426 955 1958 810 1747 2439 1381 777 1681 1511 2166 1922 1113 2165 79 182 2347 2119 2233 2689 2613 2780 2781 
2505: 1590 14 426 2674 254 515 931 1533 2669 200 2596 390 788 789 791 998 1102 1239 1512 1797 2019 649 975 1596 516 518 790 847 1345 290 140 1090 2135 2155 
2166: 1590 14 2085 1857 1115 27 28 418 492 955 2398 1958 348 91 174 317 371 411 535 810 951 979 1100 1101 1173 1243 1342 1627 1768 1796 2022 2497 2524 2576 2665 244 1186 2260 909 2596 530 89 321 322 409 537 1918 2060 2533 2156 2768 2507 649 907 1222 2395 2583 2584 2585 2587 2589 2590 2591 2588 2482 1998 2586 234 1191 315 517 5 15 158 182 384 433 444 472 512 528 534 578 581 584 844 908 910 1152 1182 1221 1226 1250 1314 1462 1766 1767 1771 1846 1900 2118 2787 2622 2189 2190 2700 2460 
2267: 1590 203 1300 2022 2370 396 740 2533 2340 152 2017 2378 1371 577 904 1946 
1992: 1590 756 2624 261 292 885 1282 1579 1583 1979 1980 2184 2302 2674 174 386 503 515 535 539 541 546 810 1101 1114 1370 1557 1567 1796 1993 2745 755 2183 2044 2439 1381 3 1442 1988 2224 1764 89 185 214 537 673 1102 1108 1223 1573 1820 1918 2060 1191 2351 186 225 311 720 754 787 863 924 953 982 1034 1116 1233 1413 1568 2219 2215 
127: 2421 602 261 2302 2711 1763 411 562 606 786 952 987 1126 1184 1185 1342 1572 1729 2745 1711 784 695 2418 130 214 1251 2060 355 1412 272 2608 79 1433 1630 1819 1646 2177 2409 2796 1022 1559 2209 1202 832 1696 1867 1613 1369 2268 2142 483 
377: 2421 602 14 285 1045 403 1155 1157 1370 1949 1747 1381 185 1156 1597 1158 1766 1767 1413 52 1023 2427 653 1052 2600 1471 1348 
380: 2421 1115 1307 1823 637 1768 1832 2452 2477 584 578 1522 
829: 2421 1103 
834: 2421 1650 1857 331 1115 198 292 445 486 586 955 1174 1531 1930 1980 2010 2302 2398 2083 2674 643 1958 203 386 541 546 752 757 758 808 1085 1101 1272 1318 1319 1341 1768 1906 2049 2098 2154 2257 2655 2669 2698 218 755 1907 2183 2757 406 1618 2763 1905 425 2296 1764 788 836 901 1108 1428 1510 2060 2159 2246 975 1542 2482 173 2397 229 1511 1897 900 12 1321 943 531 2191 1021 110 135 219 347 353 505 570 581 619 710 767 821 1518 2545 1022 2368 1081 1086 1088 1096 1610 2637 1647 1649 2298 1659 2689 2211 1712 2747 1767 1271 1273 1789 1805 1806 1304 1305 1323 2364 837 2378 2468 2769 1937 1431 1944 1959 1984 1504 
887: 2421 885 955 2500 2501 54 484 1464 1383 2666 2182 2307 1461 
906: 2421 703 37 149 1047 2302 2674 407 411 552 606 786 902 1184 1185 1370 1398 1553 2416 2506 1291 784 2108 86 477 2296 2779 673 968 1349 1378 1547 1737 1861 2048 1998 934 2351 1594 953 2519 1831 2364 1019 1117 2735 1345 1704 1738 1868 2046 104 2678 687 2341 2621 1819 1646 881 1358 309 329 423 891 924 1182 2209 2091 1202 1206 2228 1611 1613 1501 1658 
934: 2421 602 285 2085 1115 2774 445 492 885 2302 1666 1958 601 1763 24 91 123 204 386 411 535 541 604 705 715 810 1089 1100 1151 1209 1275 1370 1483 1515 1685 1768 1917 1949 1993 2088 2698 2745 218 603 530 1683 2255 3 199 1442 2806 2692 2317 1817 2075 1988 2223 2551 1865 1874 1886 89 156 214 300 409 410 644 674 740 812 839 901 2060 2533 2768 2309 2515 907 2583 2482 1998 906 2193 19 134 171 182 225 376 413 472 506 531 534 536 692 732 733 1521 1068 2609 2634 1117 2151 1021 1659 1152 2206 2598 1468 2797 1286 2240 2341 1846 1888 2443 1968 1461 1487 988 990 
941: 2421 703 285 331 868 292 440 795 2711 1666 2674 768 407 1958 601 1763 91 121 203 237 243 539 559 606 706 786 945 1008 1100 1101 1165 1176 1185 1424 1560 1645 1721 1757 1803 1949 2022 2125 2160 2198 2226 2300 2416 2655 2745 244 588 784 2108 351 406 603 199 695 777 950 1442 1537 2317 2551 1856 2779 130 156 185 214 537 607 674 740 836 901 964 968 1108 1127 1510 1547 1573 1737 1861 2048 2060 2533 2768 2349 2515 1264 1269 1542 2679 2482 2 44 65 78 179 290 329 347 349 355 374 523 538 631 641 676 763 814 895 914 1511 1936 1019 1552 2063 1181 2607 2609 1594 1600 2622 2119 2462 1188 1641 1646 1147 1659 2182 2700 2193 2725 1202 1714 1723 1630 1738 2228 2209 1762 2788 1286 1288 1805 1561 1831 1819 2351 1843 1860 1867 1387 2409 2412 1149 1418 1937 2460 2519 963 1482 2511 2782 2015 1507 
953: 2421 602 703 37 1047 1115 2774 426 494 1105 1372 1980 2184 2302 2398 2618 1666 407 1823 1190 181 121 142 162 191 230 279 439 484 539 552 606 706 725 774 786 902 945 965 1008 1017 1035 1049 1100 1165 1218 1243 1270 1327 1370 1398 1455 1523 1534 1553 1557 1560 1571 1662 1699 1931 1971 2023 2036 2041 2128 2160 2226 2346 2366 2416 2504 2506 2576 2602 2655 2649 2745 2783 2795 176 665 2757 784 2108 1881 75 86 477 2044 530 425 973 1442 2296 2779 89 232 300 350 372 537 596 607 673 674 730 776 788 812 839 964 968 1080 1108 1322 1505 1510 1547 1737 1861 2019 2048 2060 2768 2349 2515 259 1513 2340 2305 2589 1596 1992 906 2193 381 2351 11 1807 1594 108 31 33 80 104 116 133 134 150 193 211 221 246 253 260 266 281 329 340 352 382 388 398 412 452 463 472 497 501 528 544 571 573 623 631 632 638 657 676 684 737 748 761 763 782 799 801 811 893 947 2020 2540 2031 2039 2046 2561 1546 2568 1046 2071 1541 1944 1762 1064 1580 2091 2609 2613 1647 1088 2621 1091 2627 1613 1952 1111 2209 1117 2656 2657 1129 2151 1020 2158 1146 2678 2554 2688 2460 2556 2199 2200 1194 1709 1202 1799 1188 1206 2229 1495 2240 1220 1738 2228 1755 1759 2275 2279 1394 1809 2292 1393 2298 1284 2307 2295 1899 2319 1106 1819 1646 2666 1831 1903 1843 2718 2363 1855 1345 1974 2375 1868 1358 2759 1878 1879 1371 1374 2101 2762 1895 1386 1914 2409 1902 2414 1150 2428 2599 2175 2518 2454 1436 1994 1438 1950 1196 2215 1501 1461 2182 2063 956 2493 2784 2499 1419 2186 2511 981 1498 2017 1423 1232 2015 2527 
1027: 2421 1115 181 725 1157 1370 2300 2469 2543 1291 406 1313 185 730 968 2019 385 1475 1413 2104 2468 448 2341 837 557 432 1524 
1034: 2421 602 554 14 756 149 2085 261 426 1006 643 1307 181 601 348 535 700 902 1007 1056 1060 1101 1447 1567 1699 1768 1853 2226 2576 909 1881 86 830 425 1764 430 1102 1306 1547 2809 2507 1269 1992 1475 2607 2118 459 2364 47 138 150 165 182 384 451 455 485 489 594 635 893 972 1535 2165 1404 1919 2307 1927 1166 1599 1580 1330 1846 2229 1417 2204 1226 2117 1924 1616 1364 
1061: 2421 1155 1157 1156 1352 1479 
1142: 2421 602 2624 1666 1151 2226 387 2340 2293 2725 895 536 
1263: 2421 1100 1101 1127 2768 
1286: 2421 1267 2010 1666 77 163 706 1370 2154 2016 1381 777 1283 2224 1874 1428 2340 934 941 1922 1766 2364 48 1659 1188 763 2696 1646 284 581 2015 2782 
1383: 2421 1980 203 535 2022 2469 2524 2570 2669 406 387 950 2806 2075 1705 887 1897 11 1475 2492 68 79 147 152 424 441 442 713 724 1024 1086 1767 1766 2295 2194 1805 2241 2748 2367 2368 1610 2265 2018 
1434: 2421 149 1615 1583 2513 53 121 725 931 1121 1154 1169 1548 1549 2329 2480 1912 1871 1167 1280 130 414 1349 2729 4 96 148 165 202 281 284 325 370 463 499 534 581 605 632 709 712 779 787 801 877 890 895 905 1143 1160 1226 1357 2190 2068 2328 1570 2718 1489 2467 2476 1919 2563 1481 1594 2109 2367 1810 1772 1879 
1507: 2421 149 1189 1372 2302 1763 552 758 810 1370 2049 2198 2348 2506 2606 755 2439 1381 2551 2224 607 968 1156 1512 2533 941 2168 2359 1767 1019 2427 1580 1487 1357 443 1471 1660 
1524: 2421 602 440 1958 189 277 810 997 1310 2257 387 425 185 430 791 1080 1597 2159 1027 1511 459 2196 2678 767 895 1380 1396 
1552: 2421 701 553 955 2701 643 2217 268 356 431 547 1131 1342 1370 1517 1796 2041 2098 2553 2574 143 2477 2016 1381 2806 901 1080 1102 1428 1737 2159 2305 941 2193 516 2403 355 2735 1330 388 1812 2568 2368 1722 1959 2780 2527 1168 2233 175 275 544 827 876 1123 1380 2616 2695 1680 2740 
1568: 2421 756 868 292 853 885 971 1144 1224 1563 1583 2184 2302 2398 243 294 386 522 535 1617 1721 1746 1796 1993 2033 2202 2287 2524 2525 2260 477 2415 2356 387 425 430 537 903 1102 1992 2351 385 152 1766 2118 1767 2364 2544 2066 2153 2393 2749 33 2215 466 2306 474 2778 1109 1864 67 490 512 558 591 648 963 1233 1388 2546 2177 2313 2194 2054 1927 
1584: 2421 261 1100 1619 1573 1875 517 1268 399 2554 571 94 107 2557 
1723: 2421 602 285 1857 885 1307 181 124 203 247 356 535 902 1101 1131 1310 1370 1373 2041 2098 2198 2404 2469 2543 755 1747 86 2044 537 836 901 970 1510 2124 2188 2768 907 941 1511 179 355 13 1610 135 144 311 611 837 1033 1091 1104 1182 1382 1561 1647 1895 1781 2715 1953 2104 1994 
1733: 2421 1464 922 2155 1734 1895 2546 2637 116 208 453 2059 1877 
1738: 2421 602 703 14 37 2704 1047 2302 407 522 552 606 786 1048 1151 1185 1373 1398 1553 1560 2154 2232 2281 2416 2506 2745 97 784 2108 351 2439 1381 387 2296 2551 2779 607 968 1547 1737 1820 1861 2048 906 941 953 790 2351 1594 1831 1117 26 104 201 329 364 397 1110 1146 1188 1202 1206 1358 1501 1613 1646 1653 2693 2046 2431 2614 1819 1741 2091 2678 2621 2749 1867 2228 1868 2209 2015 
1831: 2421 602 703 1047 1189 445 407 552 606 731 786 1398 1553 1768 2110 2416 2506 2810 1747 784 2108 351 2477 2439 1381 199 2296 2779 519 968 1547 1573 1737 1861 2048 2340 1998 906 941 953 1738 50 592 518 2351 179 1594 2492 2607 1268 13 64 83 104 205 224 329 364 924 1019 1081 1110 1117 1146 1202 1206 1266 1303 1345 1501 1520 1613 1646 1741 1765 1819 2046 2091 2621 2678 2209 2215 2219 2228 1868 2414 
2063: 2421 549 971 2302 1666 1958 2217 95 535 1370 2041 2281 2669 755 1291 1747 351 2044 1381 1537 2224 89 185 214 537 740 1119 1223 1249 1251 2533 941 953 2193 135 2735 1250 1704 1744 946 2341 183 361 443 676 1183 1266 1641 2670 2673 
2097: 2421 14 181 640 725 1506 75 86 2415 607 964 1512 1820 907 1222 551 1012 1219 1744 26 64 82 186 255 556 680 1215 1771 1795 1841 1996 2034 2038 2151 2749 2204 2725 2493 
2136: 2421 27 955 2674 162 243 356 411 535 773 1101 1161 1424 1796 2677 755 406 530 537 1127 1875 2339 907 108 355 2335 2066 64 2134 2153 2216 501 2682 2787 1587 245 222 360 366 468 504 611 963 1605 2142 
2153: 2421 554 14 37 553 292 1531 1979 1980 2184 2217 1763 162 343 515 522 535 539 902 1100 1101 1151 1424 1549 1567 1699 1838 1949 1990 2232 2325 2773 2183 2772 909 396 1681 1764 185 537 788 1102 1597 1875 2156 2768 907 1568 2136 385 441 1607 20 26 96 147 151 205 267 393 632 856 863 881 893 949 1057 1064 1147 1220 1233 1364 1454 1544 1602 1621 1643 1660 1686 1765 1795 1818 1846 1862 1892 2003 2057 2123 2540 2545 2654 2657 2716 2727 2229 2742 2749 2764 2777 2804 2813 2307 2345 2427 2470 2476 2516 
2182: 2421 1666 2674 203 316 1645 2011 2497 2655 322 887 941 953 2191 1478 2151 2412 2221 2307 676 1893 1390 
2307: 2421 602 285 331 1615 795 885 1583 1980 2398 2451 1666 404 1045 1823 1763 174 204 243 539 725 810 1066 1100 1172 1483 1509 1838 2022 2154 2576 1747 351 603 2509 1381 1442 409 537 669 740 807 812 1349 1547 1969 907 887 953 1034 2153 2182 1511 1594 2607 1503 1004 1330 1896 2017 82 2646 1303 485 911 1188 2656 879 1895 2086 96 2532 340 2015 483 1232 1541 2197 2715 
2608: 2421 703 14 37 149 1115 955 1583 2010 1666 181 121 411 503 1151 1184 1185 1426 1483 1635 2141 2281 2325 2506 2570 2792 755 2108 351 1997 1381 130 607 839 1349 1428 1820 127 2193 2351 2403 2265 442 68 713 589 724 441 2335 1152 2046 155 2460 501 26 144 182 329 340 443 929 949 1660 2228 2341 2409 2511 
2730: 2421 243 1151 889 1750 
2432: 2421 1115 2674 189 204 411 2154 2281 2574 2016 387 950 1874 185 409 410 836 1322 1510 2340 2583 2482 1511 1897 179 531 2191 1805 2293 1659 1188 763 2015 413 1106 
2441: 2421 1384 431 848 2615 
2456: 2421 2704 131 418 348 493 1101 1617 1796 2631 1054 1191 2066 2082 40 556 1866 2800 
2460: 2421 602 703 14 37 2704 1047 1189 1857 2624 1115 28 426 864 2302 368 1045 407 1823 1190 601 91 163 411 415 606 706 725 758 810 1008 1184 1185 1243 1277 1398 1684 1713 1931 2011 2041 2226 2257 2348 2506 2576 2745 244 755 2108 477 1997 2044 2439 2763 425 777 2296 2551 2779 89 130 214 300 350 607 673 804 968 1547 1573 2048 2060 793 2166 941 953 2608 2351 2607 1268 1491 471 1012 1019 1117 1150 1152 1278 2046 2082 64 104 155 2427 147 182 284 329 472 536 567 738 921 966 1135 1206 1266 1303 1357 1418 1630 1641 1646 1653 1841 1945 2091 2209 2220 2342 2409 2622 2762 2511 
2476: 2421 853 885 1105 1563 1583 1666 1153 1823 162 294 535 539 546 725 758 773 948 1085 1100 1101 1114 1148 1151 1157 1169 1272 1548 1617 2388 2524 1167 2477 199 387 1856 901 1510 2156 2768 2339 907 1353 1397 1434 2153 229 1511 1897 1214 1649 1799 2178 2210 2216 289 290 2468 2749 728 2787 2777 201 2657 767 2569 2106 2464 2054 1088 1795 536 823 877 940 963 1436 1438 2234 2238 2310 2345 2357 2598 2616 2490 
2: 602 37 426 1666 601 1370 1509 2041 2404 2745 477 2044 1381 730 941 714 173 592 2193 381 2397 
50: 602 2704 237 2110 1291 973 2305 1831 1 2403 2292 2554 653 1285 1698 1955 1960 2219 1330 2351 564 2735 64 714 2803 
52: 602 1083 885 2184 320 371 2459 2528 75 377 2430 2058 2399 1698 631 1879 1472 2080 
74: 602 756 2217 601 604 1151 1490 1917 2011 86 603 321 322 1918 234 2467 2199 26 1273 767 2445 1959 2485 884 
79: 602 703 2624 2001 1115 549 955 1372 2302 2451 1045 2217 121 174 204 411 535 539 706 752 951 965 1066 1120 1148 1370 1483 1509 1699 1838 1971 2022 2042 2154 2281 2325 2416 2433 2543 2576 1291 1747 1881 603 1997 2439 2763 2016 695 1368 89 300 324 537 673 674 836 964 1080 1108 1510 1820 1861 2060 2562 2809 2349 1222 2340 2395 2583 2584 2585 2587 2589 2590 2591 2588 2482 1998 2586 127 1383 1511 179 794 2607 1805 1019 1117 1152 1279 1649 1934 2017 104 2378 472 880 15 1303 33 489 2580 2613 1642 1646 2176 347 675 2221 182 1188 1732 763 2341 813 2368 1659 2436 911 1500 2018 2015 485 
82: 602 14 1650 885 955 1372 2302 1045 2217 810 1931 1291 477 1167 2509 1681 1264 1715 2097 2307 1594 844 1610 1150 1152 1413 872 2405 1653 2165 1287 543 2216 323 206 1240 353 
106: 602 37 2366 2745 2193 1630 
129: 602 37 426 601 1300 2528 603 2439 2004 2515 2193 1413 2045 
155: 602 14 1115 955 2061 1155 1157 1184 1185 1713 2226 2348 1963 2044 1573 1820 2608 2460 2193 2351 1610 2544 1355 2321 1561 929 2609 1695 2511 2273 
165: 602 1115 2032 1399 181 204 316 371 411 535 731 810 1038 1931 2098 321 322 409 410 1706 1918 1034 1434 2430 516 518 315 517 1321 2492 1268 935 1221 1847 1417 1421 2204 281 
206: 602 1666 604 1370 1617 603 1381 1428 2533 82 1839 889 
207: 602 864 1666 1045 1066 2366 2193 1064 
210: 602 1006 535 986 2808 2199 2544 2100 
215: 602 756 418 440 492 1583 1824 1980 2184 1017 1085 1169 1272 1370 1768 755 1291 2477 1849 1856 1874 644 1102 975 2340 2403 2199 1226 1962 2196 326 1273 2609 2781 1042 1841 2328 1400 1539 2204 2542 420 151 1795 213 1129 419 1709 717 2014 
263: 602 14 1615 238 1626 2758 607 1797 2430 1422 2134 144 195 490 2673 1274 895 913 1952 1074 2690 1718 463 720 1489 2641 
273: 602 2208 1126 1155 1157 1657 1990 2285 2016 387 425 1510 2193 1897 12 1925 1968 1659 2621 1188 
315: 602 149 285 2624 864 1174 1666 2674 1958 317 515 931 1699 2036 2256 2655 2498 3 1681 1863 2166 165 2058 19 26 93 120 178 302 2785 364 2535 1146 1792 1670 1926 778 2573 2703 408 536 2199 2204 677 1462 1208 2739 1268 2492 450 2494 2099 1607 1994 1487 462 2485 1628 1246 2705 
341: 602 1115 1190 1370 2226 2366 1191 671 1810 2181 211 504 2114 
349: 602 285 601 167 1192 2358 1963 351 603 777 836 1510 941 1511 385 179 1475 2797 1805 2082 2535 2568 2573 2703 946 2700 1104 65 1937 2577 495 2220 1843 2119 347 783 2321 1304 1710 1498 2478 2782 
355: 602 756 285 27 28 955 1006 1317 1558 1979 1980 1958 146 162 243 356 522 757 902 1114 1370 1906 1949 1993 2154 2543 2636 2776 755 588 1316 530 685 1905 2498 901 970 1322 2060 2124 2339 127 941 1552 1723 2136 11 108 8 32 40 201 328 525 1050 1067 556 558 1587 2134 1630 2656 2657 2659 1649 628 1171 2707 682 2725 2230 2749 1732 1237 728 2263 1755 2780 2787 2293 772 785 819 1867 1386 1902 2467 483 
364: 602 149 1857 1115 853 885 955 1980 2522 1307 719 146 254 264 316 317 574 758 931 1114 1151 1157 1173 1243 1746 1768 2098 2261 75 185 321 322 519 1156 1249 1251 1512 1706 1737 1820 1918 2156 2515 1353 1738 1831 315 69 1175 1321 2467 1117 1152 1250 359 2431 2538 754 2190 1443 1188 1029 2105 1676 178 182 697 1753 763 805 1326 1354 1233 2015 117 120 128 269 1539 1129 718 2799 1462 1978 2003 
376: 602 703 37 426 864 2302 1666 2674 404 601 604 715 1184 1185 1277 1483 1560 1689 1931 2226 2348 2524 2745 755 1711 351 1997 2223 2551 599 1428 2768 2515 2482 934 2193 1491 471 1767 1152 1278 567 2749 2399 2264 2699 676 2220 
381: 602 37 149 1115 440 885 2302 1307 348 268 356 535 705 810 1085 1272 1447 1509 2167 2669 2775 2477 425 324 430 901 907 953 2 69 148 158 197 1767 1273 2470 1418 2709 1191 821 2364 2118 1762 2397 2017 
384: 602 756 1189 2624 1115 131 885 1372 2398 1666 404 1045 1823 1190 601 810 2052 2110 2281 351 477 685 1381 1681 964 1542 2166 1034 2193 1191 1491 2118 459 2165 2378 754 147 2654 1437 1847 2781 1064 1539 512 526 
408: 602 14 285 1857 331 725 1126 1157 387 322 730 1156 1239 1969 315 518 1158 1690 2359 1004 1214 1413 1812 1896 2178 2210 2212 2336 334 2378 186 876 1691 1659 2769 1305 1188 2211 2468 1436 2347 1468 1088 710 483 2015 
446: 602 1399 1120 1148 2261 2763 1681 409 410 2130 1897 1839 225 2427 26 1765 2406 2545 1147 2564 1678 1701 1840 967 
459: 602 1650 285 549 261 1307 1823 348 55 189 1243 1370 1931 86 477 1874 1102 1223 1573 2536 2156 1269 1034 1524 384 592 1897 12 1766 136 489 1641 506 1792 2176 2178 2693 1678 2572 2204 2727 1719 2621 863 1377 2143 
472: 602 703 14 37 2001 1115 292 426 864 2302 1045 2217 601 91 268 299 411 476 503 535 604 705 706 758 1008 1048 1089 1120 1184 1370 1567 1917 1931 2011 2022 2052 2128 2226 2281 2745 477 603 1997 1167 2439 1381 695 2692 1681 1874 89 300 410 537 673 674 812 964 968 1108 1547 1861 2060 2533 2309 2349 2515 2166 934 953 2460 79 2403 2607 1491 2797 1012 1117 1152 2454 2017 2147 290 15 186 398 1058 2627 1135 1653 676 2728 2240 1762 1303 1646 2341 1357 2436 911 474 
509: 602 14 331 864 88 1247 2167 2226 603 2544 78 1624 
528: 602 756 149 2704 1189 1615 885 955 1224 368 1190 348 304 604 1151 1684 2011 2154 2509 685 2166 953 714 2065 1191 367 1491 2118 1152 2165 301 2378 182 2657 158 2399 2781 63 150 453 633 2172 1550 557 1967 2400 
534: 602 756 149 2704 1189 2624 1615 885 1224 368 1307 1190 601 348 24 304 515 604 810 1151 1684 1853 2011 2198 406 2509 685 409 1156 1293 2166 934 1434 714 2065 1191 367 1491 2118 2335 1152 2165 301 2378 38 63 81 150 158 182 1638 2657 2805 894 2172 2605 2067 1873 2400 1967 557 820 633 2399 921 2781 2313 
567: 602 14 37 426 2302 181 601 1763 604 1277 1370 2348 2745 200 477 2439 1381 2551 1573 793 2460 376 2193 1321 844 471 1278 290 963 
568: 602 356 
573: 602 14 1615 1101 2459 2745 425 953 2427 2135 1651 863 2074 
1019: 602 14 37 426 2302 601 299 541 604 705 706 1184 1832 2041 2042 2262 2348 755 351 2044 2439 1381 2004 89 300 674 964 968 1573 906 941 1507 1831 2460 79 2351 2607 1766 15 1896 2556 1413 2621 1206 1082 1355 1868 2646 1117 2017 
1020: 602 37 1115 426 1267 601 604 810 2745 755 2439 953 671 1630 
1023: 602 756 1615 549 27 885 2217 1209 1442 1223 377 177 634 1605 1873 1850 
1074: 602 37 426 1151 2758 1381 2224 1797 1264 263 538 1594 794 1456 895 2670 1718 2263 1952 
2716: 602 149 885 1666 643 1823 226 386 758 1243 1370 1617 2081 2669 1747 351 2763 2679 2153 714 367 1330 147 787 2654 2445 2781 2096 443 717 
1117: 602 1083 703 554 14 37 149 2704 1047 2001 1115 261 292 426 955 1267 2302 1045 407 1190 1958 181 601 121 299 304 403 411 552 582 604 606 706 715 786 810 965 1066 1101 1120 1157 1184 1185 1370 1398 1451 1553 1557 1635 1931 2022 2041 2141 2226 2416 2429 2506 2745 755 1747 784 2108 603 1997 2044 530 2439 2763 1381 695 2296 2779 89 130 300 537 669 673 674 740 964 968 1108 1547 1573 1737 1820 1861 2048 2060 2768 2349 2515 1264 2482 906 934 953 1738 1831 2460 79 364 472 1019 2351 538 1594 1475 2607 1491 2319 15 104 180 188 290 329 398 399 738 798 911 1110 2046 2057 2091 2646 2611 2621 1695 2120 2627 1613 1630 2666 1653 1146 2678 1152 1792 1646 2209 2212 1202 1206 2754 2228 1762 1266 1290 1303 1819 1840 1141 1868 1870 1394 2622 2436 2493 1501 2523 2017 
1188: 602 37 2704 285 1857 331 1115 955 1006 1267 1930 2010 2032 1666 2083 643 1958 2217 24 415 439 1157 1310 1370 1506 2011 2049 2098 2154 2433 2543 1907 2108 406 2016 387 777 1283 1311 1681 2551 156 836 1156 1510 1820 1542 2340 941 953 1286 1738 2307 2432 79 273 364 408 2193 1158 1511 1897 179 1690 2359 68 2118 1610 2335 1004 1309 1413 1896 1934 2066 2082 1659 26 284 432 483 611 763 837 1518 1695 2233 1925 1944 1500 2015 2526 2018 
1197: 602 261 1666 522 755 351 1737 2193 1030 1088 2373 
1206: 602 703 1047 407 170 552 606 786 1398 1553 2416 2506 2745 784 2108 351 1997 2296 2779 968 1428 1547 1573 1737 1861 2048 906 953 1738 1831 2460 1019 1117 2351 1594 2607 1868 2046 104 251 2678 2621 1630 1819 1646 2622 2176 2228 329 1266 2209 2091 1613 1501 1202 929 2479 
1226: 602 14 756 418 683 1272 1768 685 830 1764 430 2166 1034 1434 215 2455 69 367 1922 1475 746 117 158 584 585 648 754 924 1030 1129 1145 1215 1642 2412 2547 1539 2050 1670 2316 1498 2726 1841 1795 2253 1616 2781 
1274: 602 2806 1715 263 
1288: 602 37 2704 553 426 643 181 993 2366 755 351 477 2044 2439 2305 941 2065 1230 2719 2181 
1296: 602 37 601 604 637 1917 603 
1303: 602 703 1115 955 643 1045 204 264 539 752 965 1066 1100 1120 1155 1243 1426 1509 1838 2022 2262 2281 2429 755 2108 351 406 1997 695 300 372 537 673 674 740 964 1108 1820 2809 2349 2515 1831 2307 2460 79 472 1117 1634 2607 1805 1152 1279 2104 1649 1934 2017 422 2646 880 15 33 182 311 485 544 837 911 1232 1765 2529 1646 1396 1659 2436 2580 1953 2221 2621 2622 1500 
1314: 602 426 885 955 2184 386 546 758 810 1370 1768 2167 2745 755 2439 615 2166 1767 2364 2299 2635 158 1630 1388 345 
1337: 602 885 163 415 993 530 1225 1233 1616 828 
1357: 602 703 795 2302 706 1370 1381 968 1434 1507 2460 472 1762 2511 144 2228 2428 
1388: 602 285 1857 331 955 1006 2184 643 1958 181 203 316 1002 1085 1567 1768 1769 2524 2183 86 387 2224 1764 1510 1706 1542 1568 1314 1511 1564 1475 1431 2427 893 1659 182 805 2347 1895 1630 581 578 83 483 641 658 1106 1670 2056 1421 1859 2630 
2091: 602 703 1047 1666 407 552 606 786 1370 1398 1553 2416 2506 2745 784 2108 351 1997 1381 2296 2779 968 1352 1428 1547 1573 1737 1820 1861 2048 906 953 1738 1831 2460 1117 1206 2351 1594 2607 1868 2046 104 2678 2621 2696 1630 1819 1646 2622 2228 329 1266 2209 1202 1501 1613 1945 2479 
1437: 602 37 2704 426 1045 601 230 1100 1176 1370 2366 603 2439 1442 232 1102 1294 2507 384 1152 893 222 223 938 1018 1522 1651 2566 2235 1508 2342 
1443: 602 1115 1531 1958 24 264 604 1151 1169 1483 2388 1874 730 364 551 1792 422 2801 841 1149 2707 1696 2240 
1499: 602 2551 751 1776 1847 303 
1521: 602 37 426 1045 601 604 1089 1370 2348 2745 1291 1381 2246 934 2391 2165 967 2341 
1539: 602 1115 418 885 479 1037 1272 1768 2171 215 364 384 1226 367 2593 754 1029 158 1810 2781 571 94 117 402 1129 2547 1795 
1544: 602 28 261 304 810 2011 1875 2153 1289 1315 1543 2582 
1574: 602 864 1045 2217 181 601 316 2098 86 603 322 519 1102 1918 1798 518 498 1326 2214 1220 
1587: 602 703 2704 1189 1857 27 426 955 971 1372 1980 1045 719 601 124 162 243 411 484 562 721 1151 1157 1277 1370 1398 1548 2041 2052 2281 2677 755 1316 1997 2044 1167 685 1212 2439 430 1102 1156 1352 2187 2768 1269 2136 355 1158 2065 1922 1475 108 2168 2364 1152 2066 2165 2427 801 880 782 1125 1991 2637 
1589: 602 426 2083 1316 1835 
1600: 602 703 37 426 955 1372 601 484 604 758 810 1157 2745 477 603 1997 2509 2439 2498 2075 1401 941 1704 443 718 2273 
1612: 602 2061 562 2041 2631 2044 199 730 1259 12 543 904 2214 
1621: 602 1189 2624 1615 864 1006 1190 1958 2217 601 123 604 902 603 1212 2075 1322 2153 1191 1897 2191 2635 1753 1745 2204 616 365 2410 2604 
1630: 602 703 37 1047 553 549 440 2451 1666 1045 181 1763 121 356 552 606 725 810 1101 1151 1185 1370 1398 1490 2226 2262 2325 2506 2745 1747 784 2108 1997 2439 1381 2296 607 901 1547 1573 1758 1820 2048 127 941 2460 106 355 1020 1117 1206 1314 1388 2091 2351 229 2607 1868 2079 104 429 171 329 680 824 877 1266 1646 2447 2209 2622 2499 1867 2511 
1641: 602 426 885 1666 1045 1958 174 752 758 993 1049 1151 1483 1853 2041 2098 2125 2300 2708 755 1291 1747 351 2044 1313 1381 777 1368 1537 2806 185 607 776 791 836 1428 1510 1715 941 2063 2460 459 1511 1975 1413 2082 2427 506 1659 2341 1500 2788 2321 1261 284 798 1471 2670 2479 2250 
1643: 602 643 731 1398 1820 2153 2747 1616 702 2273 
1646: 602 703 37 2704 1047 331 2001 549 426 2302 1666 643 1045 407 181 601 1763 189 411 415 539 552 606 706 758 786 808 810 1101 1120 1151 1155 1165 1370 1398 1553 2022 2041 2149 2226 2281 2416 2506 2524 2698 2745 755 1907 1747 784 2108 1316 351 1997 2044 530 2439 1381 695 2296 2779 89 185 300 409 537 607 673 674 807 812 901 964 968 1108 1352 1547 1573 1737 1820 1861 2048 2060 2349 2515 127 906 941 953 1286 1738 1831 2460 79 472 1117 1206 1303 2091 1630 2351 1897 1594 2607 1152 1355 1868 2017 2046 104 2431 2627 2678 859 911 2347 2621 1762 1819 117 171 211 329 398 443 504 536 929 988 1110 1202 1266 1418 1501 1613 2622 2197 2209 2228 1826 2436 2511 
1649: 602 14 2624 331 1583 1979 1980 768 1958 601 348 356 386 637 725 752 808 810 1101 1121 1318 1451 1906 2504 2524 2525 2669 755 86 406 530 1905 425 1874 807 1322 1510 834 2476 79 355 1303 1511 1897 1321 1690 1230 531 2359 1610 1767 1450 340 570 1044 1304 1323 1328 1701 2196 2517 1944 1844 2468 2132 
1659: 602 37 2704 285 331 1115 426 445 795 1267 1930 2010 2302 1666 643 1045 1190 1958 24 54 88 189 277 439 725 758 987 1157 1270 1310 1370 2081 2098 2154 2469 1907 2108 406 2044 2016 1381 387 425 1078 1283 1311 1874 156 430 836 1102 1108 1156 1322 1510 1820 2159 2713 2340 2583 834 934 941 1286 2432 79 273 408 1188 1303 1388 1641 2193 1158 2351 1511 1897 385 179 1690 531 2424 2191 2462 2265 2359 68 1478 1503 1610 2335 935 2544 219 1290 1431 1446 1896 1934 2066 2082 2627 1382 83 183 275 284 432 483 763 925 1033 1104 1336 1380 1471 1474 1500 1518 2597 1781 2673 2693 2710 1695 2233 2244 1783 1841 1858 1925 1932 2485 2015 2018 
1695: 602 37 1189 2624 1115 426 643 1823 601 725 1971 2049 2154 2262 2358 2483 2543 2745 1186 2016 387 839 1080 1737 2507 155 1117 1188 1659 234 1897 385 900 1922 531 2359 1345 70 766 763 2341 2621 924 1518 1694 2051 2015 
1701: 602 37 1189 2624 426 1583 1666 643 1823 181 810 1085 1151 1243 1684 1906 2022 2041 2198 2543 2745 2044 740 1428 446 1649 2193 2351 2104 463 1380 1577 1945 2747 2715 
1708: 602 818 1280 1493 518 444 1336 
1709: 602 885 1384 2711 1045 247 886 993 1243 2296 2224 1874 607 644 953 215 1570 1766 1610 1767 2006 1090 186 2675 2238 
1718: 602 198 885 142 1126 1370 2758 185 2188 263 1074 1150 1228 308 1952 468 895 1460 
1784: 602 204 243 2761 901 1293 2544 2306 2341 591 
1792: 602 1083 14 2624 1115 2083 2217 181 189 316 395 562 606 871 1169 1370 1757 1931 2011 2052 2524 530 1078 1368 2296 2806 185 321 322 491 519 791 1156 1239 1428 1706 1918 2533 315 459 1117 1443 2430 1766 1767 533 1152 1290 1413 19 188 319 360 504 890 1324 1336 1694 2336 1840 2523 
1812: 602 14 418 445 1384 2711 1275 1757 2141 1875 1552 408 2544 25 558 658 1896 2661 1877 2611 
1835: 602 426 2083 1157 603 1918 1589 
1840: 602 1384 965 1066 1243 1931 86 1127 1820 446 1117 1792 1839 2646 880 363 463 1719 
1846: 602 37 1650 2624 261 426 864 885 1372 1666 404 1045 1823 1190 601 986 1085 2110 351 477 2415 685 615 1078 679 1294 1428 907 2166 934 1034 2153 2193 367 388 2165 2568 2654 2777 1064 1532 2204 
1867: 602 331 1115 955 1151 1184 1185 2198 2576 2745 1381 812 968 1758 2187 127 941 1738 355 1630 2797 2378 2667 1826 884 483 2228 443 1418 2628 
1868: 602 703 14 1047 1615 292 426 1267 407 2217 189 552 606 773 786 1114 1398 1553 2281 2325 2416 2506 2745 755 784 2108 1381 1311 2296 2779 968 998 1251 1547 1737 1820 1861 2048 2187 2246 906 953 1738 1831 1019 1117 1206 2091 1630 1646 2351 1570 1594 1268 104 177 329 463 751 880 1096 1202 1489 1501 1613 1819 2147 2678 2436 2046 2690 2386 2621 2703 2178 2718 1945 2228 2209 
1900: 602 149 1823 810 1318 2366 1747 2439 2166 1491 1808 1899 2552 
1922: 602 14 331 1115 445 795 2174 2674 721 725 727 757 758 951 1151 1154 1247 1699 2141 2167 2452 2575 244 1186 406 685 387 425 777 1283 2296 2806 2223 2224 599 839 1080 1102 1322 1510 2060 2130 1222 2290 2395 2583 2584 2585 2587 2589 2590 2591 2588 2482 1998 2586 1286 1226 1587 1695 1158 159 5 1511 385 105 117 225 245 328 347 366 413 417 483 570 794 859 1013 1321 1345 1475 1478 1489 1518 1593 1642 2707 2211 2726 2781 2805 2316 2319 2335 2336 2378 1925 1937 2503 
1936: 602 51 756 149 1189 2624 331 1615 1115 1267 1583 2451 1666 2674 643 1045 1190 1958 181 348 1763 167 203 415 758 1370 1990 2041 2052 2469 2602 2745 755 351 477 2044 530 425 1368 1442 89 430 836 1156 1510 1573 2188 2309 1542 2595 941 1191 1511 179 1766 1503 1767 2082 104 2165 1382 759 1765 193 478 536 658 1077 1094 1438 1781 2715 
1940: 602 1115 643 699 1310 950 1311 1817 2075 1705 1309 289 2468 1945 1088 2496 1944 2479 1939 270 1942 1943 1966 
1952: 602 37 2302 566 1370 2022 2041 2226 2758 2044 1381 2224 953 263 1074 1718 790 1491 1610 2035 2079 2147 2627 2686 1578 352 895 2510 2640 
1954: 602 14 204 409 410 
1967: 602 885 411 535 1342 1533 2011 2081 1291 477 530 615 390 788 789 791 1797 2019 1596 528 534 2364 1330 2454 922 2155 1818 140 286 1065 1829 1916 2470 2373 2638 
1978: 602 364 1808 697 
2003: 602 131 426 708 885 1415 1416 810 1370 2329 1381 1127 2153 364 1511 2046 447 2357 2360 
2015: 602 285 1857 331 795 955 1006 1267 1930 2010 1666 1958 189 1151 1157 1310 1359 1370 1506 2041 2049 2098 2154 2433 2506 2543 1291 2108 2044 2016 1381 387 777 1283 2551 156 740 836 1156 1510 1542 2340 941 953 1286 1738 2307 2432 79 364 408 1188 1659 1695 1158 1511 1897 179 2492 2424 2359 68 1503 2319 1610 2335 1004 1152 2735 1290 1309 1413 1896 1934 2082 2165 763 2526 505 2511 1970 1094 284 323 432 483 536 611 837 949 1500 1944 2233 2018 
2017: 602 703 14 2001 2302 2674 242 539 706 965 1066 1100 1218 1370 1509 1838 2022 2469 603 89 300 537 673 674 740 964 1108 1428 1547 2060 2809 2349 2515 2267 953 2307 79 381 472 1019 1117 1303 1646 2397 2607 1805 1279 15 33 398 485 880 911 972 1232 1438 1460 1489 1762 2646 2627 2580 
2046: 602 703 14 37 1047 2001 426 2618 1666 2674 407 601 204 411 552 606 706 786 1101 1151 1184 1185 1398 1553 2128 2141 2416 2506 2528 784 2108 351 1997 1381 695 2296 2779 89 130 491 730 968 1080 1349 1547 1737 1861 2048 906 953 1738 1831 2608 2460 1117 1206 2091 1646 1868 2003 2193 2351 1594 1361 1250 1385 2035 42 104 196 281 329 540 929 1202 1501 1613 1660 1732 1819 1943 1945 2621 2627 2718 2147 2678 2690 2204 2209 2228 2796 2511 
2082: 602 14 285 1115 1666 1958 203 1148 1310 1370 1375 1657 2154 2543 755 1747 1381 777 1283 1368 1537 2223 2224 836 1119 1510 1915 1542 2340 2456 2460 349 1188 1641 1659 1936 2015 1511 179 844 1503 2335 2544 1309 1413 284 432 505 611 763 837 870 1149 1299 1396 1421 1500 1781 1804 1843 1873 1937 1944 2715 2646 2726 2670 
2118: 602 554 756 149 2704 1189 553 1857 2624 1615 1115 27 292 426 1006 1583 2184 368 768 1307 1190 181 719 601 348 1763 174 189 204 535 612 725 993 1100 1101 1272 1548 1567 1617 1684 1729 2049 2382 2576 218 244 2183 86 1618 530 2255 830 387 1764 89 537 839 901 1102 1127 1322 1512 2156 2246 2768 907 2166 1034 1568 381 384 528 534 1188 2065 1191 2351 69 103 11 1321 2359 1491 58 70 117 158 182 359 468 485 691 754 910 912 924 1152 1183 1405 1427 1642 1665 1694 1895 1924 2056 2165 2199 2781 2364 2410 2454 2518 
2129: 602 2536 337 2539 
2131: 602 955 1617 406 1433 443 1719 
2134: 602 14 261 418 162 243 320 2576 1874 1542 2136 263 355 173 794 1250 419 2641 
2176: 602 1267 2217 1059 1560 2041 2262 2108 2044 968 1573 1269 79 459 1206 592 2193 2351 2492 2607 1736 2427 2609 2621 2493 253 2613 109 1487 1532 1555 2807 2324 2233 
2181: 602 1045 163 2052 2305 341 1288 
2193: 602 703 1047 285 1115 549 292 795 2618 1666 2674 407 1763 162 203 238 552 622 706 965 1101 1185 1560 1635 1640 1645 1713 2022 2226 2232 2300 2388 2543 2655 200 86 406 603 1997 1167 530 199 387 777 2296 2806 1865 322 669 839 1306 1505 1861 2060 2536 2533 2768 907 2340 1596 2482 934 941 953 1552 2063 2608 2 106 129 155 207 273 376 384 567 1188 1197 1659 1701 1846 2046 2176 65 108 282 305 441 469 489 540 556 611 676 821 824 833 876 1199 1217 1364 1413 1418 1594 1674 1675 1749 1774 1819 1893 1897 2079 2151 2186 2678 2627 2646 2725 2228 2229 2209 2787 2341 2364 2397 2409 2412 2431 2436 2493 2511 
2228: 602 703 1047 1006 2184 1666 643 407 204 411 552 606 786 1085 1151 1184 1185 1370 1398 1553 2128 2416 2506 2745 784 2108 351 1997 1381 1537 2296 1681 2779 89 130 968 1428 1547 1737 1820 1861 2048 906 941 953 1738 1831 2608 1117 1206 1357 2091 1646 1867 1868 2046 2193 2351 1594 1150 104 2667 2678 2621 1819 1826 329 443 616 621 850 929 1202 1332 1418 1501 1613 1660 2209 2273 
2229: 602 2451 1666 643 404 1823 2217 715 731 745 1838 1931 351 156 214 1428 2060 953 1034 2153 2193 2492 2405 2299 2292 309 2470 1795 2012 
2249: 602 37 426 2217 601 604 810 902 2745 603 2477 2768 2378 1802 879 2095 
2351: 602 703 14 37 2704 1047 331 1115 292 426 864 955 1006 1372 1579 2184 2208 2302 1666 2083 404 1045 407 1307 1823 601 1763 163 174 203 411 415 503 535 539 552 604 606 705 725 745 758 786 808 810 1059 1101 1155 1157 1184 1398 1553 1557 1567 1713 1757 1796 1931 1993 2011 2041 2141 2226 2281 2348 2416 2506 2524 2745 755 2183 784 2108 351 477 603 1997 2044 530 685 2439 2763 1381 3 387 2296 1988 2779 1764 89 185 214 537 607 673 968 1108 1223 1510 1547 1573 1737 1861 2048 2060 2533 2768 1992 906 941 953 1568 1738 1831 2608 2460 50 155 1019 1117 1206 2091 1630 1646 1659 1701 1868 2046 2118 2176 2228 18 99 104 197 284 290 302 329 720 792 1152 1202 1216 1233 1266 1355 1366 1491 1501 1511 1594 1607 1610 1613 1653 1694 1762 1819 1897 1945 2209 2215 2219 2627 2678 2621 2622 2666 2797 2359 2417 2493 2607 
2353: 602 249 715 992 1896 1678 1421 1149 963 
2359: 602 14 756 1189 1857 2624 1115 249 1980 2010 1153 1958 348 243 515 1148 1157 1768 1993 2049 2141 2285 2524 406 1167 199 387 1764 410 730 789 1080 1156 1223 2482 1507 408 1188 1649 1659 1695 2015 2118 2351 1158 1897 11 1475 531 83 340 423 483 533 558 722 799 935 1065 1072 1098 1420 1421 1446 1581 1642 1669 1694 1767 2244 2335 2748 2658 2597 2364 
2409: 602 703 426 1666 1153 407 121 356 411 786 1017 1148 1185 1310 1483 1635 2154 755 784 2108 351 1997 1381 695 2779 130 1737 127 941 953 2608 2460 2193 2627 2667 2725 1030 329 1022 824 929 1660 1945 
2431: 602 14 261 426 1558 1823 181 1370 2081 2669 327 2439 1381 615 2075 1349 1706 1738 364 1646 2193 2623 2492 2216 26 1015 2556 
2442: 602 885 1666 643 1045 226 230 439 810 1070 1085 1120 1370 2081 2110 2254 2366 232 679 1127 1259 1306 2809 1542 2679 2435 787 182 2264 631 2566 938 571 2644 222 223 1244 2225 
2467: 602 285 2624 768 181 601 95 167 356 637 1151 1327 2011 86 2596 1969 1434 74 355 364 1191 11 1570 2191 291 597 767 1025 1044 1146 1405 1642 1671 1686 2196 2199 
2493: 602 37 1650 2085 864 885 1558 2011 2226 1239 1820 953 2097 1117 2176 2193 2351 2492 2319 1704 2787 448 60 1577 2413 
2511: 602 37 426 1872 1666 601 268 604 606 810 1398 1509 1931 2041 2262 2745 1747 2108 351 2044 2439 1381 199 695 777 1283 1537 2779 839 1127 1349 1428 1573 2048 941 953 2608 2460 155 1357 1630 1646 2015 2046 2193 159 2403 1897 1690 135 2335 1150 1802 1826 329 1471 1660 1712 1945 2670 2746 
2526: 602 51 2704 549 28 885 955 189 493 622 773 808 1243 1449 2281 2524 2677 530 2016 537 788 791 807 812 1349 1797 1188 2015 108 2319 177 2573 738 819 281 361 916 1052 1285 1605 1628 2250 2530 2637 
2534: 602 756 1857 1384 601 189 386 582 1151 2042 2049 1747 387 1681 673 1511 1897 1767 2364 1896 2666 1895 2051 1518 109 1073 1519 1858 1859 
2540: 602 37 553 426 885 1384 1666 601 162 888 2325 86 214 1127 2809 953 2153 108 2189 443 2781 
2544: 602 1857 1615 1115 445 2398 2674 768 601 203 535 725 773 961 2042 2141 1747 1912 387 1510 2562 2188 1568 155 210 509 1659 1784 1812 2082 229 1511 1897 900 1570 179 13 2265 1766 1610 1767 722 44 65 78 83 110 158 202 284 311 463 483 696 760 763 1004 1057 1266 1471 1474 1559 1730 1755 1771 1808 1858 1859 2056 2155 2691 
2547: 602 1085 1272 1490 1226 1539 794 754 158 117 
2572: 602 14 321 322 1918 2187 459 234 518 422 924 2700 
2600: 602 703 14 37 553 2302 2217 189 725 773 810 1243 1449 1931 2141 2404 1618 560 1849 1381 185 970 1597 2060 2768 377 159 1610 2427 100 281 738 783 855 1220 1474 2360 2496 2675 
2607: 602 703 37 1047 1189 1615 1115 426 864 885 955 2674 643 1045 1823 181 601 539 546 604 606 745 810 1059 1100 1120 1176 1319 1370 1398 1509 1560 1838 1931 2022 2041 2042 2281 2506 2745 755 1747 2108 603 1997 2044 2509 2439 1381 695 2296 2224 130 300 537 673 674 740 964 968 1102 1108 1547 1573 1820 1861 2048 2768 941 1034 1831 2307 2460 79 472 1019 1117 1206 1303 2091 1630 1646 2017 2176 2351 7 104 290 311 329 463 485 680 728 863 911 959 974 1149 1152 1232 1266 1360 1458 1559 1945 2209 2214 2427 2436 2621 2622 2646 2678 2762 
2609: 602 37 553 426 492 1666 181 601 411 604 810 1560 2011 2041 2226 2281 2745 1963 86 603 2044 2439 1381 1573 934 941 953 155 215 2176 1191 318 1736 1818 521 463 1082 2324 2742 
2621: 602 703 37 1047 426 643 407 601 552 604 606 786 1165 1185 1398 1553 2042 2110 2416 2506 784 2108 2296 2779 669 968 1547 1573 1737 1861 2048 906 953 1738 1831 273 459 1019 1117 1206 1303 2091 1646 1695 1868 2046 2176 2228 2351 2607 592 1690 1594 64 104 251 2678 1653 329 382 463 597 1146 1166 1202 1207 1266 1501 1613 1819 2059 2209 2794 2807 
2622: 602 1083 703 37 1047 2001 426 885 2302 2618 407 163 539 606 1398 1785 2149 2506 2677 2698 2745 755 2108 1997 2439 2296 968 1102 1547 1573 2048 2562 2595 2166 941 2460 1117 1206 1303 2091 1630 1646 2351 2607 104 2216 2656 329 1253 1266 1285 1461 1658 1809 2209 2436 
2627: 602 703 14 37 426 2302 1666 181 299 705 706 965 1275 1370 1398 2022 2226 2576 2745 755 1747 351 1997 2439 2223 89 300 324 537 673 674 740 964 1108 1547 1861 2060 2515 953 472 1117 1646 1659 1952 2017 2046 2193 2351 2409 2319 1870 2035 2079 2147 290 2523 180 383 398 895 990 1107 1149 1287 1460 1605 1762 1826 2120 2510 2678 2646 2753 
2646: 602 1083 14 37 2001 1115 426 885 368 601 230 535 539 965 1066 1100 1509 1838 1931 2022 2226 86 537 669 740 809 1512 2187 2307 1019 1117 1303 1840 2017 2082 2193 2607 2627 2397 1321 485 521 880 911 1232 2635 
2641: 602 418 2575 2576 1874 263 2134 2725 
623: 602 1823 1156 1239 953 1808 619 1698 186 362 1261 
2666: 602 14 285 1115 426 1006 1372 242 304 403 582 758 1768 1769 1796 2631 425 1102 2309 887 953 1117 2351 2534 385 1766 1478 1767 2364 1957 2378 581 667 1382 1669 2510 2517 
2709: 602 268 1148 1127 381 2155 1086 2321 764 1779 1271 
671: 602 37 2704 2624 249 864 2302 601 2226 2366 86 560 341 1020 1413 1030 
2714: 602 2366 2745 
2719: 602 37 601 569 1100 2226 2366 1306 975 1288 474 1030 1348 
2725: 602 553 27 261 292 885 955 2217 162 243 810 1035 1131 1272 1300 1370 1426 1592 1796 2669 2677 755 351 1167 2439 2763 1381 1856 430 1108 1352 941 1142 2097 355 2193 2409 2641 1610 2427 2749 360 783 1233 1554 2321 2478 2605 
2753: 602 14 426 853 955 1583 1666 643 601 298 415 752 1329 1534 1906 2041 2669 2776 755 1907 2757 2044 1905 199 1283 2223 1874 2004 839 2627 2735 2147 487 783 826 869 1497 2006 2341 2614 2696 2754 
712: 602 149 2704 268 810 993 2011 1280 1988 2305 1434 2455 2554 2470 2112 
714: 602 1083 27 885 314 535 1157 1447 1796 2052 2576 530 430 1156 1293 1378 2339 2 50 528 534 2716 70 108 385 557 597 648 2148 1518 1158 1818 963 1478 2244 1924 2764 2778 
732: 602 261 1243 214 1820 934 863 1489 2074 1546 1360 1778 
2777: 602 37 1115 49 426 885 955 1372 1666 1045 601 24 142 204 395 411 484 522 535 546 604 725 1066 1300 1342 1699 2281 2429 603 2596 2439 2498 537 2153 2476 1846 2492 1152 2735 182 512 578 1599 1779 2545 
751: 602 14 1857 885 1415 484 1038 1931 2423 2504 2575 2636 2296 1499 1868 2455 1361 2126 136 267 370 676 1261 2038 2050 1299 1847 
2797: 602 1857 2624 1115 131 445 1006 1558 1958 601 348 91 356 411 604 606 705 758 1089 1151 1155 1272 1483 1917 1931 2093 2285 1186 406 603 387 2692 2224 1874 2004 89 300 410 430 674 812 901 1239 1512 2533 2713 2309 1353 934 349 472 1867 2351 1158 385 1807 1564 1570 646 1321 1475 2492 13 2191 347 483 585 929 1022 1097 1221 1413 1581 1605 1672 1693 1806 2177 2244 2341 2365 2496 2769 
763: 602 1115 249 795 1267 2010 1958 1157 1370 2154 755 75 2016 387 1283 836 1156 1510 2340 941 953 1286 2432 79 364 1188 1659 1695 2015 2082 2544 1511 1897 179 1420 1413 26 284 432 1421 1094 1500 2018 
767: 602 426 1006 2451 768 643 1958 601 77 95 146 203 204 535 637 1161 1347 1699 1971 2011 2022 2669 2810 218 755 1907 1912 86 406 603 1905 1368 2806 2317 2551 1865 321 740 901 1108 2533 2130 1353 834 1524 2476 74 2467 1158 1897 2623 746 1610 219 1450 2196 48 2378 967 611 662 2021 1642 877 2517 1665 1305 2211 1323 2092 
783: 602 885 2302 415 1017 1483 2669 839 1349 2756 349 2600 2725 2753 2747 2321 2478 1793 
803: 602 37 1526 2366 755 2378 2747 
821: 602 37 2398 601 1318 2226 2745 2757 834 381 2193 2659 1610 417 591 718 
863: 602 37 426 955 1583 2083 601 427 582 604 810 1017 1243 1707 1713 2141 1912 603 901 1251 1992 2153 459 573 2607 732 592 159 68 2319 2165 44 119 337 764 2788 2794 1555 1670 1043 1879 1778 1207 1719 1970 1065 1360 1877 
866: 602 637 1243 1907 1905 592 2718 857 
880: 602 14 37 27 174 243 535 965 1066 1100 1509 2022 909 537 964 2187 2349 79 1303 1587 1840 1868 2017 2646 85 1084 1642 
893: 602 14 756 149 1115 28 261 445 486 693 864 1224 1267 1579 2277 2302 368 643 719 601 307 476 484 546 582 902 979 1076 1151 1155 1157 1231 1272 1567 1699 1735 1990 2042 2171 2198 2226 2281 2388 2392 2576 2669 2596 530 830 2763 1905 615 1681 1764 791 1102 1156 1349 1512 975 953 1034 2153 1388 1437 1158 103 2191 1766 2519 1767 2364 1221 1250 2454 1896 70 2165 2318 359 2491 754 99 447 478 483 579 641 717 824 849 2034 2095 1097 1129 1642 1160 2231 1271 1802 1864 1421 1427 1489 
924: 602 1650 2624 768 1823 2217 181 601 725 902 1101 1151 1169 1218 1272 2081 2466 2776 2810 909 86 2596 1368 1597 1737 2349 1998 1992 906 1831 1226 1695 2118 2572 2191 1150 1345 1367 48 729 946 2654 2769 2086 511 1520 1786 2556 929 1841 2244 
988: 602 37 426 864 885 955 643 1823 601 535 559 888 1066 1101 1120 2366 2669 755 2108 603 1477 2439 232 2768 934 1646 2378 2696 2445 319 577 710 733 890 1651 2342 1546 1678 1305 2751 2144 
179: 1083 285 1189 2624 331 1615 2001 1115 445 1190 88 535 547 561 604 902 1101 1151 1157 1310 1426 2081 2154 2257 2300 2433 2543 2574 1747 1912 406 2763 2016 425 777 2296 537 607 836 970 1108 1239 1510 1512 1969 2533 2768 1542 2340 941 1723 1831 2432 79 349 1188 1659 1936 2015 2082 2544 763 5 1511 2541 900 11 646 83 128 154 524 2568 2066 536 1561 2096 2103 2104 1610 611 1647 1149 2683 2191 2197 1690 2733 2752 205 1634 1755 1781 775 2321 1305 284 1309 2368 837 1866 334 1896 2424 1413 2769 1944 1945 424 2478 2485 1975 1471 1475 2514 1498 1500 1503 2018 483 2527 
284: 1083 1857 1615 2672 643 1310 1931 2154 2543 777 1537 836 1510 2533 1542 2340 1286 1434 2460 1188 1641 1659 2015 2082 2351 2544 763 179 1511 844 1503 1309 1413 505 1873 2690 1937 1500 1421 1781 2637 379 837 611 2726 1149 1944 1716 1396 718 2670 
290: 1083 14 1115 198 1980 2217 411 535 725 902 1008 1310 2022 2226 2348 2525 2772 351 1477 615 1442 674 791 1127 1223 1573 1915 2019 2060 2809 2768 1264 2505 941 2476 472 567 1117 2351 2607 2627 1594 2319 1898 2286 2559 2814 1495 848 
319: 1083 1115 1174 768 371 725 758 1002 1395 1572 2750 588 2692 1865 1874 519 1918 2156 1863 1792 988 2430 516 517 1367 2196 2099 444 2573 2703 946 1786 1616 309 161 297 1894 1655 890 
399: 1083 149 2704 1115 426 1823 304 535 810 1627 1699 2011 755 588 2415 2439 214 1875 1584 1117 2455 2147 2216 44 117 1778 806 2726 2373 469 
423: 1083 285 1189 1857 2624 1115 1583 2451 1993 588 387 425 2004 1764 607 1830 2595 906 2359 2058 1897 697 2347 1518 1694 1741 2253 374 
488: 1083 756 2704 747 1494 2049 2745 1683 644 1102 2305 1252 
759: 1083 27 440 885 2302 643 162 243 439 810 1990 1993 2429 2783 1167 2477 1212 2439 644 964 2246 2768 2515 1936 518 108 1361 2216 659 787 466 286 1894 1580 1778 
881: 1083 37 756 149 885 955 1666 643 1045 1823 162 758 810 1101 1154 1370 1838 755 1912 477 1681 185 537 1102 1597 906 2153 367 1361 1413 2070 1826 2251 
1394: 1083 554 14 149 486 492 835 853 885 955 1384 1444 1531 1558 1579 1583 2032 2061 2332 2522 1823 622 1035 1085 1318 1560 1721 1768 2033 2052 2287 2483 2524 2525 2631 2776 588 406 1167 2439 1681 214 596 1127 1904 953 1117 1139 1766 1603 1767 2364 59 201 216 466 470 501 642 801 875 2556 2638 2237 2465 2216 2345 1839 2122 2715 2633 2390 
1658: 1083 261 243 1699 906 2622 2735 1795 1461 
1807: 1083 445 277 395 2372 1291 588 2224 953 2797 5 347 585 597 646 929 1475 2341 2735 2788 
1698: 1083 1115 2217 181 371 758 1085 1243 1699 86 2596 321 322 519 1322 1918 2156 50 52 623 517 1321 2468 501 1273 2113 309 1402 1472 2214 2634 
1461: 1083 1650 1115 885 1317 243 758 1157 1185 1993 2575 2665 244 755 1102 1156 2507 887 934 953 2622 1658 2427 2667 558 1968 2204 2304 780 
1970: 1083 131 486 708 1006 1174 1384 1415 1416 54 415 522 1635 1768 1832 2201 2329 1912 588 2477 2498 1127 2015 863 2319 444 681 2190 2189 1687 1289 632 581 1003 1248 1566 1580 1804 2785 2742 
2135: 1083 142 705 1101 1757 2505 573 592 1826 1843 1850 1125 1609 
1631: 1083 888 1737 259 2216 225 688 1481 
1888: 1083 1763 199 2806 934 18 2635 
1125: 1083 1008 1856 673 1915 1587 2135 
504: 701 535 739 752 1318 1319 1370 1796 2669 755 1381 2136 341 1646 1792 2191 1367 2066 1786 778 782 432 
884: 701 149 2704 1824 304 993 1101 1270 2011 176 755 2356 1102 1349 74 1867 2065 2216 389 2215 2155 1779 1271 2000 
2695: 701 2624 1615 1115 292 586 1151 2150 2575 1881 322 1102 1264 1552 538 2191 2568 743 1273 2653 1858 375 333 1467 1877 
2726: 701 149 553 1115 445 864 2302 640 810 902 1272 1572 1699 2011 2167 406 1167 2356 1212 214 232 607 836 1510 2309 1226 1922 2082 284 399 1511 1475 2297 2155 1818 753 2545 1220 1599 1013 2354 2565 
1778: 701 261 440 1370 1993 2110 1820 732 863 399 759 794 2554 571 1582 1005 2074 1995 
1607: 701 703 14 885 1399 1045 163 316 415 515 2201 995 973 1108 1573 1706 2153 315 2351 1361 1478 158 240 498 
2546: 701 492 955 1006 1563 1979 1980 2398 404 2217 54 95 204 411 1007 1151 1768 2152 2631 2669 2356 2224 409 410 809 901 1568 1733 2364 2435 2155 474 140 208 512 579 1460 1536 1743 
104: 703 14 756 1047 2085 407 552 606 786 993 1398 1553 2404 2416 2506 2745 784 2108 1997 2296 2779 968 1547 1573 1737 1861 2048 2515 1542 906 953 1738 1831 2460 79 1117 1206 2091 1630 1646 1868 1936 2046 2228 2351 2607 2621 2622 1594 2678 1266 1925 1819 2209 1613 1501 1202 2611 329 1358 
144: 703 553 1857 1558 2302 88 606 1085 1151 1796 2041 784 2044 1381 1723 2608 263 1357 1021 1610 1273 1418 1561 311 895 611 1380 
329: 703 1047 864 2302 2398 643 404 407 163 204 552 606 725 758 786 1370 1398 1553 2041 2098 2416 2506 2745 784 2108 406 1997 2044 1381 2296 2779 89 669 968 1428 1547 1573 1737 1861 2048 906 941 953 1738 1831 2608 2460 1117 1206 2091 1630 1646 1868 2046 2228 2351 2409 2511 2607 2621 2622 104 1594 2335 2678 1819 1266 1501 1945 2209 1418 1202 1613 
398: 703 418 440 2302 706 2477 89 300 537 673 674 964 1108 1156 1547 2060 2515 953 472 1117 1646 2017 2627 2682 1762 213 
1012: 703 14 2302 1045 91 706 1184 2745 1997 1212 89 300 673 968 1127 1875 2060 2515 2097 2460 472 182 1135 1152 1413 1050 1839 
2035: 703 14 37 426 268 1185 1398 2128 2506 1997 1861 1952 2046 2627 790 1594 1704 180 196 895 1929 2147 2120 2079 2510 
1266: 703 1650 1047 292 494 2398 606 1398 2506 2745 2108 1997 396 2296 372 669 1102 1547 1573 2048 2515 1542 1831 2063 2460 1117 1206 2091 1630 1646 2351 2544 2607 2621 2622 104 329 1766 1767 2230 2578 1678 578 1605 1984 977 1216 1546 1622 1302 2209 1780 2005 
1594: 703 1047 553 955 1666 407 348 386 403 411 515 539 552 606 786 1041 1185 1398 1553 2128 2325 2416 2506 755 1747 784 2108 351 1997 1884 2439 1381 2296 2779 300 836 968 1239 1547 1737 1820 1861 2048 2309 2349 906 941 953 1434 1738 1831 2307 82 1074 1117 1206 2091 1646 1868 2046 2193 2228 2351 2621 290 104 329 2035 1158 5 538 1094 1202 1501 1613 2678 2209 1819 2012 
2120: 703 1115 535 902 1398 2022 2052 1997 156 740 1352 1117 2627 2035 1870 2147 2405 2523 2678 
1613: 703 1047 407 552 606 786 1185 1398 1483 1553 2141 2416 2506 2260 784 2108 2296 2779 968 1547 1737 1861 2048 127 906 953 1738 1831 1117 1206 2091 1646 1868 2046 2228 2351 2621 104 329 1594 2678 2347 1819 353 2209 1202 1501 
2678: 703 14 37 2704 1047 643 407 601 189 552 606 786 1247 1398 1553 2416 2506 784 2108 2296 2779 185 968 1547 1573 1737 1861 2048 906 953 1524 1738 1831 1117 1206 2091 1646 1868 2046 2193 2228 2351 2607 2621 2627 104 329 1594 2120 1613 94 1202 1501 1819 2209 
1660: 703 553 426 885 955 1372 407 1823 473 810 2472 2506 588 784 1167 2477 695 777 1283 1368 968 1507 2153 2608 2046 2228 2409 2511 2364 1152 182 1819 1518 1418 536 
1158: 703 14 1189 1857 2624 426 492 1006 1153 1958 719 203 247 386 449 545 582 725 727 757 931 1155 1157 1243 1341 1661 1699 2049 2281 2300 2416 2698 218 898 86 406 1618 2439 2763 3 387 2296 185 519 998 1156 1249 1352 1861 2156 2309 259 734 1353 377 408 1188 1587 1659 1922 2015 2359 714 2797 767 893 1594 80 102 150 152 213 219 288 452 463 481 483 524 633 635 908 929 933 1096 1097 1511 1518 2541 1261 1569 1862 2623 1610 1616 1647 1674 1700 1719 2748 1730 1741 1766 1767 2769 1802 1475 1304 1858 1859 1354 1355 1869 1656 2399 1897 1976 1986 1991 1501 
2690: 703 1615 864 1006 2184 2500 2674 237 277 622 954 997 1007 1035 1121 1122 1727 1889 2154 2256 2257 2504 2625 2016 2296 730 1706 2729 992 263 1868 2046 284 2126 133 225 946 2487 2190 1458 201 819 521 1090 2038 1671 581 148 1968 62 109 202 286 417 463 489 540 662 663 667 676 709 816 1072 1143 1168 1171 1227 1261 1369 1396 1487 1611 1717 2344 2368 2384 2496 2548 
2209: 703 1047 1666 407 204 552 606 786 1370 1398 1553 2416 2506 2745 784 2108 351 1997 1381 2296 2779 968 1102 1547 1573 1737 1861 2048 127 906 941 953 1738 1831 2460 1117 1206 2091 1630 1646 1868 2046 2193 2228 2351 2607 2621 2622 104 329 1266 1594 1613 2678 1819 2018 929 1129 1202 1501 
1202: 703 1047 331 955 1872 643 407 552 606 786 1185 1370 1375 1398 1553 1768 2041 2416 2506 784 2108 1316 2044 1381 2296 2779 968 1547 1737 1861 2048 127 906 941 953 1738 1831 1117 1206 2091 1646 1868 2046 2228 2351 2621 104 329 1594 1613 2678 2209 2364 1413 967 1819 1489 1501 1302 
738: 703 14 2217 174 277 484 773 1101 1243 1424 1449 1689 1931 2370 1705 812 1102 1322 1349 907 1542 1798 2460 1117 2526 2600 1268 2319 48 2405 2427 916 1678 963 1605 1611 2386 
1762: 703 37 1115 426 2302 1666 268 304 411 706 774 1185 1370 2149 200 351 2439 1381 89 300 537 673 674 730 964 1108 1547 2060 2515 941 953 381 472 1117 1357 1646 2017 2351 2627 398 2397 801 186 676 
1819: 703 37 1047 1857 426 2032 1666 407 601 411 552 606 786 1184 1185 1398 1553 2416 2506 784 2108 351 1381 2296 2779 214 968 1547 1737 1820 1861 2048 127 906 941 953 1738 1831 1117 1206 2091 1646 1868 2046 2193 2228 2351 2621 104 329 1594 1613 2678 1660 2209 1202 1150 733 1501 1945 1826 
1843: 703 2484 1115 445 955 2061 1666 654 1243 1645 1657 2022 2655 1537 1874 1510 1542 941 953 349 2082 2135 1511 900 531 1139 2424 1113 441 1503 1413 2568 2633 1991 1104 1096 1518 2781 65 1937 2577 495 1860 2220 347 718 858 1094 1304 2807 2619 1984 2119 2384 
1402: 703 693 2618 986 1076 2047 2596 321 322 519 1352 1918 734 2595 1698 318 1962 1107 2253 1079 2443 
2424: 703 1666 181 1148 2452 1747 86 1510 1512 1659 2015 179 1843 1511 11 483 1366 1450 1503 1610 1781 2341 2737 
2436: 703 1666 539 606 810 1120 1165 2698 2745 2108 351 695 2224 2779 300 607 673 674 964 968 1108 2060 79 472 1117 1303 1646 1868 2193 2607 2622 794 138 
1418: 703 1666 2217 181 204 411 1101 1184 1185 1370 1635 2011 2154 351 1997 1381 130 607 901 1428 2048 941 2460 381 1646 1867 2193 2228 144 329 1660 2378 501 2667 182 2781 929 2479 
929: 703 2624 643 407 121 566 606 721 786 1155 1185 784 1997 387 695 2296 2223 130 1156 1251 1861 2309 2608 155 1206 1646 2046 2228 2409 2797 924 1807 1158 2209 1418 1897 1250 2568 196 536 2316 1013 
1470: 703 885 955 2302 204 1997 
1501: 703 1047 2184 1666 407 552 606 786 1151 1300 1398 1553 1796 2416 2506 784 2108 2296 2779 968 1102 1547 1737 1861 2048 906 953 1738 1831 1117 1206 2091 1646 1868 2046 2228 2351 2621 104 329 1594 1613 2678 1158 2209 1202 1819 538 1805 1934 2749 2635 2406 1508 
419: 554 440 1635 215 2134 2474 1546 
468: 554 553 549 131 864 2618 2217 503 758 810 1169 1572 1619 1796 1949 2022 1291 588 1997 2596 1212 214 674 804 1797 2136 1718 2118 518 517 900 1478 2364 2190 466 632 2554 1406 469 2373 1620 
507: 554 2085 553 596 2492 
521: 554 1615 2774 28 1006 2184 1763 54 299 395 476 1007 1151 2261 2348 2524 2669 2745 2772 2806 2223 537 2609 2646 2690 1766 1767 2364 2454 289 619 360 455 1898 
2079: 554 14 1650 2085 643 238 403 1370 2041 2052 2226 2745 2044 615 644 1259 1349 1596 1630 1952 2193 2627 2035 17 262 895 1644 1678 2147 2582 2163 2510 
556: 554 756 1047 2774 955 1666 2083 407 601 204 373 411 1007 1101 1684 2052 2257 2382 2543 2655 2669 2810 603 1477 777 2533 2768 2097 2456 355 2193 2168 68 1873 2301 1199 2211 378 540 676 2465 1217 610 2782 
1123: 554 1615 1115 752 1768 1906 2806 2223 1322 1552 1220 680 325 
2165: 554 14 756 149 2085 553 27 426 885 1444 1979 1980 1307 1958 2217 348 1763 146 162 174 204 243 356 411 535 580 773 886 902 951 993 1060 1100 1101 1161 1173 1557 1635 1699 1796 2022 2167 2281 2576 2773 244 1912 909 530 409 410 537 740 901 1127 1293 1573 1915 2533 2768 2339 2507 907 1222 2395 2583 2584 2585 2587 2589 2590 2591 2588 2482 1998 2586 1034 82 384 528 534 1521 1587 1846 1936 2015 2118 863 893 2430 1191 108 2199 1237 15 26 40 346 352 579 584 754 785 859 1171 1233 2145 2712 2682 2204 2231 2306 2657 
1147: 554 440 726 885 2302 1045 203 484 546 1009 1971 2011 2042 755 596 1352 941 2153 446 2403 2623 2496 1460 963 1411 
1678: 554 868 492 1144 1153 1114 1148 1370 1689 1931 2115 2382 2524 2677 86 2509 1905 1381 1127 1349 1597 793 1798 1715 446 459 2353 988 1266 738 2079 328 1647 1844 2146 177 2405 1776 967 2707 1873 72 267 281 877 1605 2142 1688 2050 2354 2361 
1688: 554 553 868 2772 2509 1249 1349 1678 471 2293 581 2298 
2764: 554 553 885 2217 121 163 515 606 1017 1838 2047 784 995 130 644 1573 2153 714 1361 1413 444 728 1802 1818 140 469 1261 1854 2251 
1766: 554 1650 1857 1115 198 249 445 494 660 885 971 1224 1317 1444 1579 1821 2010 2032 2061 2332 2377 2398 2451 643 1958 2217 54 386 403 547 576 580 810 954 1048 1060 1173 1272 1464 1567 1617 1640 1721 1768 1990 2049 2524 2528 2602 218 755 406 2255 1905 387 425 1283 1368 1681 1764 430 674 809 839 901 1156 1306 1378 1512 1737 2809 1998 2166 377 1286 1383 1568 459 1019 1709 1792 1936 2544 2666 893 1394 1266 1158 521 11 646 2191 182 334 352 461 474 512 570 578 584 597 632 634 648 657 667 680 724 862 896 935 1001 1064 1152 1213 1215 1271 1305 1409 1446 1474 1478 1491 1518 1546 1610 1669 1672 1673 1694 1767 2038 2728 2068 2368 2592 2207 2638 2748 2178 2196 2215 2237 1806 2276 2805 2239 2335 2360 1991 2364 1859 2378 2380 2417 2517 2454 
1767: 554 1857 2624 1115 198 445 492 494 660 864 885 955 971 1224 1372 1416 1444 1579 1821 2010 2377 2398 2451 643 1958 2217 54 242 247 356 386 403 427 476 535 547 576 580 622 810 954 1048 1060 1151 1155 1157 1173 1272 1318 1339 1341 1464 1567 1598 1617 1713 1721 1727 1729 1768 2049 2098 2524 2602 2776 218 755 406 1683 1905 387 425 1681 1764 324 607 674 809 839 901 1156 1378 2159 2809 1998 2166 377 834 1383 1507 1568 376 381 1314 1649 1709 1792 1936 2359 2534 2544 2666 893 1394 1266 1158 521 1766 2065 1897 646 13 1674 2191 1478 724 1610 135 182 352 391 405 461 463 470 474 512 570 578 584 610 648 657 667 680 775 862 877 896 935 1001 1058 1064 1152 1213 1216 1271 1284 1297 1421 1446 1459 1474 1487 1518 1546 1672 1673 1694 2530 2038 2728 1859 2592 2090 1783 2239 2142 2748 2196 2707 2215 2238 1806 2781 2805 2335 2360 2364 2417 2368 2378 2675 2517 2454 2177 2266 2520 2103 
1289: 554 553 261 955 1583 2032 2343 2398 403 1243 2011 2602 321 1706 1542 1544 1970 1564 794 1361 1367 26 1687 158 397 1011 1058 1216 1258 2799 1916 1580 2605 2244 
2365: 554 756 307 2011 2602 998 2130 2797 2403 844 2378 1802 2211 67 236 792 1468 1672 
1870: 554 14 1650 149 2704 885 1275 185 324 1054 2340 1117 2627 2120 2635 2523 
2399: 554 27 28 2720 162 243 415 244 530 1102 52 376 528 534 1158 1423 80 255 286 577 753 761 1350 1546 1580 1841 2050 2517 
1897: 554 1650 1189 1857 2624 331 1615 1115 445 486 864 955 1006 1583 2010 2174 2184 2302 2618 2083 643 1958 719 348 1763 54 88 189 203 247 371 386 427 476 706 725 757 758 810 1007 1008 1017 1048 1076 1114 1155 1157 1169 1319 1483 1567 1661 1729 1768 1971 1993 2011 2022 2049 2098 2141 2154 2167 2257 2429 2433 2469 2472 2543 2574 2669 2776 218 755 2183 1291 75 86 406 477 1618 2596 1313 1905 387 425 1442 1537 2296 2806 2317 1681 2075 1705 2223 2551 2224 1865 1874 430 812 839 1080 1127 1156 1918 2533 2124 2188 2713 2768 2756 975 1353 1542 2395 2482 1998 834 1383 2432 2476 273 446 459 1188 1621 1646 1649 1659 1695 2015 2193 2351 2359 2511 2534 2544 763 767 423 1158 929 1767 173 1191 5 1511 7 13 39 41 48 83 111 135 152 158 172 183 219 271 291 312 334 340 385 424 447 483 531 558 578 618 619 646 676 722 724 733 775 837 889 891 900 935 963 1025 1033 1067 1088 1097 1132 1297 1305 1321 1355 1386 1392 1406 1419 1421 1431 1445 1450 1462 1504 1518 1610 1616 1656 1669 1672 1673 1674 1690 1692 1694 1783 1804 1805 1806 1842 1858 1859 1864 1896 2532 2099 2103 2104 2051 2210 2653 2341 2807 2683 2218 2191 2233 2230 1976 2293 2685 2319 2335 2212 2364 2378 2333 2748 1953 2496 
2427: 554 14 285 1189 1115 27 28 426 955 1558 1979 1980 1153 181 411 552 725 1049 1148 1151 1154 1243 1398 1548 1931 2041 2052 2198 2201 2372 2524 2528 2677 2745 2761 97 244 755 1186 2775 86 387 2296 1856 1874 409 491 599 669 970 1306 1547 2533 2156 2809 2768 2339 992 1397 377 1507 2153 2460 446 573 1388 1587 1641 2176 2600 2607 2725 1461 738 900 1570 1250 1744 1896 2070 2336 301 245 302 352 360 393 467 635 819 932 967 1187 1386 1498 1550 1642 1732 1822 1914 1944 1991 2034 2071 2155 2263 2306 2568 2650 2657 2718 2741 2787 2479 
1755: 554 331 1615 445 795 885 1563 1307 204 403 411 725 1272 1747 406 409 410 1510 1969 2339 953 355 2544 179 1511 2191 722 1004 1976 2393 2306 40 505 83 483 575 1489 2109 
2517: 554 955 1006 1558 54 204 411 515 1007 1157 1231 1906 2141 2524 2625 1186 530 409 410 1156 1649 2666 767 1766 1767 2399 1805 219 2196 2578 922 474 632 849 1841 2055 2251 2518 
1: 14 50 
12: 14 37 2624 181 758 1157 1341 1370 2141 86 406 1381 2806 2223 834 273 459 1612 5 1021 2319 2199 328 1610 2519 
1004: 14 331 1666 705 725 2098 2154 176 1747 406 2763 2016 1368 1706 1918 1969 1542 2340 2395 2583 2307 408 1188 2015 2544 1755 1511 83 186 334 340 483 1413 1421 2113 2018 
1084: 14 415 1449 2806 2223 1127 880 1361 85 182 302 360 916 946 1895 2667 1152 1133 2336 1976 2376 1358 
2391: 14 2704 885 2217 1521 2403 1955 463 921 1042 2127 
1150: 14 1650 149 1115 198 1666 88 1247 1347 2669 351 2044 2439 1381 185 214 776 1737 2246 1998 953 2460 82 1718 2228 2511 924 1819 2065 211 311 378 2028 1305 1719 1471 1380 
1152: 14 149 285 553 2774 549 27 586 864 885 1006 1224 1583 2280 2302 2377 2398 2522 1399 1307 2217 348 162 204 243 411 415 439 503 541 752 758 774 1007 1101 1151 1173 1185 1243 1247 1319 1548 1560 1699 1796 1949 1993 2167 2348 2372 2388 2631 2745 244 2183 2044 530 2477 199 1442 89 185 409 410 430 537 607 673 674 1080 1127 1349 1510 1573 2060 2768 907 2166 934 2608 2460 79 82 364 376 472 528 534 1117 1303 1437 1587 1646 1792 2015 2118 2351 2607 2777 1012 1660 1766 1767 1084 1191 108 1139 85 1491 1805 26 40 182 353 575 578 581 682 855 904 962 2597 2613 1788 2225 1215 1250 2573 2316 1350 1909 2470 
1191: 14 756 2704 1189 2624 331 1615 1115 418 486 1224 1579 1583 2184 2451 368 768 1307 1190 2217 181 601 348 88 123 174 546 808 902 1100 1101 1151 1490 1548 1757 2141 2382 2745 1747 86 530 3 89 321 322 430 519 674 1102 1127 1510 1706 1797 1915 1918 2768 2507 907 2166 1992 2456 341 381 384 528 534 1621 1936 2118 2467 2609 2165 1897 1152 2430 15 33 69 70 83 182 201 478 483 500 650 657 1511 2034 2177 2364 1924 1450 1475 1491 
1196: 14 1958 348 243 1270 1395 1572 2504 1477 560 2806 1573 2156 907 953 2403 2292 1955 190 323 394 761 949 1042 2274 1935 1816 1485 2385 1632 
219: 14 445 492 1006 1583 247 411 725 758 1007 1076 1157 1699 2524 2525 2669 755 406 1618 1905 387 839 834 1659 767 1158 1897 2517 2623 943 1805 2748 109 1518 1984 2293 1421 1730 1104 225 
1204: 14 864 439 425 1361 571 631 632 1090 2341 2471 1458 1400 2385 
1214: 14 1131 1154 1483 2669 1167 1905 491 2476 408 289 877 1046 1088 2784 1413 2310 2569 1436 2178 2336 2210 2211 2212 2468 2106 1241 1504 
2735: 14 1047 445 835 1006 747 810 902 1169 2429 2543 755 1291 1683 199 1442 2317 2551 1865 839 1505 2159 2458 907 2590 906 1552 2063 50 2015 2753 2777 1658 1807 2403 1955 900 538 60 84 197 271 347 405 428 648 1042 1094 1237 1726 1744 1896 1962 2014 2040 2116 2341 2417 
1219: 14 885 1979 1980 181 1218 2524 2669 86 2097 512 956 1058 1215 1866 1841 1731 
1221: 14 756 1307 612 745 1327 2504 327 321 322 788 789 791 998 1918 2166 165 2797 893 234 516 518 790 517 1475 201 1642 1281 2190 1959 2381 
1228: 14 27 885 2513 243 294 576 758 1270 1186 530 2415 740 1156 1715 1718 108 1770 655 741 1073 1910 2676 2682 1454 1235 
1237: 14 356 1076 1375 200 901 1715 355 2165 2735 138 499 785 
1250: 14 1115 261 418 440 1006 1583 2184 522 725 1148 1151 1327 1617 2011 2281 2382 2404 2183 1186 968 1249 1251 1349 1820 2188 2768 2166 2063 364 2046 2134 893 929 2427 1152 592 1805 158 182 201 680 904 1199 1788 2811 1919 1299 1717 2240 2126 
1278: 14 885 1045 745 1275 1276 1277 2348 2745 2477 2551 324 2460 376 567 1361 471 326 571 1854 1279 2272 
1279: 14 885 539 965 1275 1276 1277 1509 1838 2022 324 537 674 2809 2349 79 1303 2017 1278 1361 1805 15 33 326 485 571 709 895 2728 1854 2272 
1284: 14 1615 371 411 622 1002 1931 2052 2669 755 406 1349 953 1767 1285 
1290: 14 2085 1857 2624 445 1006 1583 2184 643 304 395 476 535 541 725 727 758 902 1007 1699 1993 2022 2300 2314 2469 2472 1291 199 1442 214 322 324 740 1306 2060 2533 907 1117 1659 1792 2015 2403 1955 2191 1610 180 1292 2470 1331 1859 
1309: 14 643 745 1310 1889 2154 2502 2543 777 950 1311 1817 2075 1705 836 1510 1542 1188 1940 2015 2082 179 284 1511 531 270 611 632 837 899 1790 1939 1942 1943 1944 1945 1966 2496 
1321: 14 1115 292 445 1980 2184 643 1958 601 348 91 757 758 965 1100 1114 1154 1157 1341 2141 2481 2665 2669 755 1907 1912 75 2356 1905 387 1078 1156 1510 1820 2533 2159 1542 834 165 364 567 1649 1922 2118 2646 2797 1698 1897 5 1511 1570 26 48 60 447 531 557 613 1386 1805 2316 1413 2336 1456 1580 2230 1475 2759 2780 2611 1633 
1330: 14 37 2001 1763 1076 1635 2254 903 1108 2536 2809 2349 793 1034 1552 2307 50 2716 1967 33 72 147 485 542 1026 2567 2342 
1345: 14 756 885 1823 254 1370 1548 2287 2810 2004 214 1998 2505 906 953 1831 1695 1922 924 581 729 957 2151 1520 1358 2379 2251 
1346: 14 1115 1157 130 1512 1564 2492 676 1413 
1351: 14 955 1491 
1355: 14 27 426 237 310 1155 1157 1243 1699 2033 2281 2416 75 2763 2075 607 968 1156 155 1019 1646 2351 1158 1897 103 1511 1690 26 462 1354 1802 1561 1391 1692 1741 
1367: 14 1416 721 1327 1447 2049 2350 2524 2745 2477 1239 1918 924 319 504 1289 175 271 676 800 890 1000 2530 2155 1786 2216 1546 1995 
1385: 14 2001 1763 652 1509 2108 2046 18 1094 2478 2321 1413 2647 
1410: 14 1531 2439 2319 506 936 2769 2074 1760 2780 
1412: 14 37 1047 261 127 
1413: 14 331 261 1384 2674 1823 124 559 654 715 725 1048 1169 1247 1272 1557 2022 2052 2154 2388 2483 2665 2669 2776 665 909 1871 2016 199 777 599 740 836 998 1102 1510 1597 2562 2156 2187 2340 2595 1992 377 1027 82 129 408 1019 1188 1641 1792 2015 2082 2193 671 2797 763 179 284 881 1012 1202 1843 2764 1004 1214 1321 1346 1385 1511 900 538 1690 1975 1475 2462 42 83 109 180 194 212 267 270 293 413 432 481 483 577 718 735 781 859 896 946 1030 1031 1067 1104 1168 1334 1387 2107 2535 2573 2067 1559 1633 1984 2178 2301 2703 2197 2210 2211 2212 1801 2310 1756 1781 1793 2321 1859 2378 2380 1943 2471 1472 1504 1436 1725 1500 
1422: 14 955 1872 247 263 1570 2364 158 281 397 680 1839 2637 2012 
388: 14 2184 181 204 411 2261 86 1764 409 410 953 1552 1846 2065 967 946 801 
1431: 14 2624 1583 2184 1958 535 604 637 725 1310 1699 2358 406 1102 2533 834 1388 1659 1897 173 1610 83 172 1030 1098 1909 2683 2054 1934 1942 1694 2470 1939 
1446: 14 1157 2524 755 1659 2359 1766 1767 1475 1382 2597 
1450: 14 1115 768 643 601 535 637 902 1617 1912 86 603 1381 322 2533 1649 767 2424 1897 1191 2364 1044 
1456: 14 1115 486 1006 768 601 522 637 2167 2524 1186 603 1074 1321 367 11 158 754 1580 2781 
1459: 14 1768 1767 2364 
1473: 14 285 2451 1327 2257 1094 1146 1380 2611 2028 
2104: 14 1115 1958 719 174 356 535 725 902 1101 1131 1483 1971 2281 2469 2543 406 537 789 836 970 1080 1352 1510 2124 2768 1027 1723 1303 1701 179 1897 1511 646 1610 135 211 311 611 837 946 1193 1561 1611 1647 1741 1781 1802 1953 2101 2577 2529 2715 
1545: 14 281 510 680 
2454: 14 756 149 261 864 1006 348 299 476 604 902 1010 1218 1231 1447 1617 1619 1768 2669 603 1905 2533 2156 953 472 1967 2118 893 521 1766 1767 2191 1805 520 849 922 1160 2055 2295 2318 2682 
1604: 14 243 1268 357 
85: 14 885 415 725 1449 2779 880 1084 1152 11 1605 1030 778 2376 182 946 584 1075 1540 
1647: 14 285 331 445 1958 247 1157 2141 2669 755 1907 406 950 2075 1874 214 1156 834 953 1723 179 1158 1678 2104 1511 83 611 1096 2412 2367 2368 
1656: 14 1157 1156 1510 1158 1897 1511 
1677: 14 1615 885 1381 185 709 1052 
1704: 14 643 77 1534 1796 2022 2049 2154 2257 950 1856 740 1542 2340 906 2063 1600 2493 2035 2462 312 382 413 570 780 1487 1633 1925 2051 2220 1714 2778 
1730: 14 1615 1006 2010 2674 725 758 1007 1017 1157 1768 2141 387 970 2544 1158 219 2623 1805 581 
1736: 14 277 1101 2429 1156 2176 2609 275 276 785 925 2428 
1740: 14 1384 162 204 1127 
1744: 14 2524 1186 1291 1167 809 2063 2097 2427 2403 2735 2065 1042 2341 2520 2070 
1799: 14 885 1558 1583 2500 2501 1185 2033 214 953 2476 875 
1808: 14 515 535 670 1161 1426 2329 1596 1900 1978 2544 623 855 1516 2147 
1839: 14 868 693 368 237 1038 1114 1576 2261 755 2596 1349 206 446 1840 1394 1012 1422 2168 251 359 501 658 729 770 921 936 946 967 980 1031 1466 1968 2487 
1844: 14 27 552 727 810 1319 1483 2669 755 1905 2223 1874 1649 1678 1605 2086 2012 
1878: 14 1958 931 1327 1447 2201 327 519 953 159 231 754 766 1535 1720 2006 
1896: 14 1857 2302 535 725 808 902 1126 1157 1699 2011 2154 2287 2570 387 964 1108 1223 1349 2019 2309 1542 2307 408 1019 1188 1659 1812 2015 2353 2534 893 179 1897 2427 2735 173 1475 2191 2265 713 589 724 441 1610 1805 172 782 869 1258 1377 1916 2715 2354 
1911: 14 
1924: 14 756 149 426 1006 1307 348 606 1490 86 2806 2156 1034 2118 714 1191 2430 516 518 367 19 70 150 158 168 345 581 584 691 856 1271 1487 1920 2204 2132 2781 
1928: 14 2085 2624 802 1161 909 1156 1798 543 785 877 1427 1522 1909 1916 2146 
1934: 14 1857 249 1930 643 1958 189 552 1151 1757 2049 2154 2198 2745 755 2108 406 2016 387 730 791 839 1108 1349 2019 2060 79 1188 1303 1659 2015 1501 2803 1431 173 531 152 68 325 946 949 1382 1932 2693 1944 2491 1991 2018 
1955: 14 261 2674 279 651 1699 1291 1442 2317 409 537 1597 50 2403 108 2391 1196 2735 1290 197 271 1042 1957 2341 
1957: 14 1006 204 1007 1398 1291 2666 2403 1955 2364 1042 
1962: 14 261 1823 162 243 2382 2429 2502 2509 409 215 1402 2403 2735 228 811 896 1304 2705 2137 
1973: 14 1583 411 1148 318 1361 
1976: 14 1857 331 304 1085 1151 1318 1769 1971 2472 2745 1747 2224 964 1156 2533 2339 1158 1897 1755 1084 1511 1475 2364 340 466 770 1273 1471 1732 1859 2592 
2196: 14 418 426 955 1006 1583 2451 768 643 1958 2217 601 54 95 204 411 515 637 752 808 1007 1151 1247 1272 1318 1768 1851 1906 2141 2669 755 1907 603 1905 321 409 410 1378 2533 1524 215 1649 2467 767 319 1766 1767 2517 531 1610 158 201 269 474 557 1033 1642 2236 2518 
2065: 14 149 553 549 1416 2061 2174 2522 2618 1307 91 123 1169 1209 1993 2022 588 530 2415 3 491 599 1080 1797 1875 528 534 1288 1587 2118 884 1767 2554 1285 1150 388 1744 26 83 158 362 389 397 846 876 911 1386 1423 1732 1810 1826 2805 
2066: 14 726 1317 1979 1980 2184 2217 1085 1567 2041 2677 755 2183 2044 530 1764 2809 1568 2136 2456 1188 1587 1659 179 504 1511 794 819 928 1405 1732 2367 2368 
2069: 14 1650 181 2049 592 1460 
2070: 14 719 174 1100 1557 327 1167 199 1442 321 322 839 1597 1918 2060 2768 881 2427 1744 318 158 1187 1265 1468 1655 1866 2634 2138 
32: 14 27 1384 162 243 755 1291 2439 2498 1127 355 108 2341 1676 2633 505 
48: 14 426 2302 601 189 604 637 752 808 810 1713 2575 2669 218 755 1907 603 1905 777 1874 185 807 812 1428 2533 1286 767 924 738 1897 1321 531 2364 2532 2212 2178 2210 2211 1328 581 1096 
2099: 14 810 321 322 1706 1918 315 319 1897 234 518 2700 
64: 14 885 1979 1980 1045 162 243 1300 2022 2081 2439 740 1127 1251 2679 1831 2097 2136 2460 50 2621 1175 1475 108 501 2177 787 1948 2747 594 980 
70: 14 756 149 426 1307 522 1699 2011 2504 2156 1542 1695 2118 714 893 1191 1924 516 518 318 1166 158 2611 2766 2132 
2126: 14 885 1958 1185 1272 1014 1861 751 2690 1250 39 133 1187 1919 2718 
2143: 14 1157 1243 1912 1251 459 592 1268 463 889 974 991 1166 1474 2112 2133 2147 2794 
2146: 14 1200 2576 755 1678 1928 928 1605 1694 
2147: 14 403 715 1398 2016 1886 214 964 1861 472 1868 1952 2046 2627 2753 399 2035 2120 2079 1808 2143 646 443 466 895 963 1299 2018 2510 
122: 14 535 745 1322 360 1287 1756 2336 
133: 14 2704 885 953 2690 2126 
2178: 14 440 1131 1483 2047 2098 2669 1542 2476 408 459 1868 1766 1214 1413 48 592 900 1570 166 266 289 361 375 680 1015 1046 1088 1302 1436 1504 1833 1942 2106 2784 2310 2569 2276 2336 2210 2211 2212 2468 
152: 14 1189 1857 1115 2184 725 1157 1169 1567 2524 2183 75 387 1764 839 1156 1510 2188 2267 1383 1568 1158 1897 1934 1511 11 1475 83 1518 1519 2811 1802 1421 935 1610 1741 483 
2199: 14 1006 1095 1980 2398 203 204 314 411 574 773 931 1049 1157 1243 1318 1509 1576 1592 1876 2098 2128 2167 2625 477 321 322 410 519 1156 1706 1918 1353 953 74 210 215 315 2118 2467 2165 12 518 2387 102 1175 42 100 101 313 328 447 512 697 870 1029 1234 1326 1354 1389 1550 1753 2105 2190 2288 2710 2335 2306 
2206: 14 835 1980 2083 1763 356 535 752 1085 2472 2669 755 1442 1681 2156 934 2430 1271 1273 1909 2204 2561 
2210: 14 426 2217 1131 1483 2098 1167 387 1368 1102 2060 2476 408 1897 1214 1413 48 2178 99 211 289 1046 1088 1182 1436 1504 1942 2106 2784 2310 2569 2336 2211 2212 2468 
2212: 14 719 1131 1483 2098 2281 603 1167 387 408 1117 1897 1214 1413 48 2178 2210 289 967 1046 1088 1096 1436 1504 1802 2106 2211 2784 2310 2468 
173: 14 445 1583 1958 535 604 637 1151 2481 1352 2533 2309 1715 834 2 2134 1897 1431 1896 1934 83 1909 385 2191 1694 2470 1974 455 1610 2765 
2216: 14 292 864 1384 1558 1583 2184 2522 2217 142 162 243 299 411 503 552 622 725 1017 1100 1101 1172 1370 1548 1796 1993 2348 755 1881 2439 409 410 903 968 1127 1306 1737 2768 2339 2136 2476 82 2431 2622 399 759 1394 1631 884 1367 94 281 466 501 525 558 680 728 848 875 1894 2086 2122 2123 2787 2556 2345 2744 2235 
177: 14 549 2504 2296 1715 1023 1868 2526 1678 1285 201 2334 2718 
188: 14 1267 1117 1792 
2230: 14 2624 1115 2083 356 888 1185 2677 387 901 355 1266 1897 1321 1610 286 
209: 14 418 2080 
212: 14 418 440 486 835 885 1583 2032 2022 2179 2477 537 1413 420 2373 2362 2266 2018 
225: 14 1115 1006 2083 1399 181 411 871 1085 1768 2081 2261 2382 2576 97 218 86 2130 1992 934 446 1922 1631 2690 219 1805 26 2675 2170 1414 2086 1593 967 982 
2271: 14 1483 2349 
2293: 14 174 563 2665 2669 755 86 1681 2075 804 964 1737 1142 2432 355 1688 1897 219 531 1805 17 1042 1075 1687 1692 2103 2211 2486 
2297: 14 149 885 204 965 1272 1729 2047 2164 1820 2726 794 943 2191 119 443 
256: 14 2302 77 2575 57 2563 1968 1025 437 1246 2396 
2578: 14 2775 2551 410 1266 2517 366 895 1390 2215 
272: 14 127 
2318: 14 1006 54 204 268 411 1007 410 893 2454 
2319: 14 1650 1857 1115 955 1531 1190 2217 24 167 731 758 773 1243 2232 2543 200 1881 406 214 607 1259 2339 953 1117 1922 2015 2493 2526 2627 863 290 1970 738 1897 12 1410 2430 1268 26 93 178 302 328 352 413 444 697 833 877 938 963 1050 1257 1386 1405 1825 1937 2074 2137 2812 2335 2381 
289: 14 553 1157 1200 1832 1905 1156 2476 1940 521 1214 2178 2210 2212 2310 2569 1046 1436 2336 2211 2468 2106 1088 2635 1504 
2336: 14 2083 174 493 745 758 1154 2669 1963 86 491 839 1102 1349 1596 408 1792 1922 2427 1084 1214 1321 122 2178 2210 289 1511 1475 2168 531 360 506 1088 1436 1504 1680 1756 2142 2211 2417 2468 
301: 14 37 181 530 2415 793 528 534 2427 2341 558 2794 
326: 14 885 24 993 1275 1276 1277 2745 387 324 215 1278 1279 1361 291 2728 1460 571 1854 860 2272 
334: 14 331 1115 1114 1747 1573 1969 408 179 1766 1897 1004 592 1511 385 328 2658 2748 42 83 186 197 501 764 2050 2568 2611 2107 2503 340 483 1360 
2378: 14 2001 2010 203 582 725 752 1768 1769 2022 2093 2346 2370 2469 755 530 387 950 2075 89 740 839 1510 2060 2729 1542 2340 2267 834 79 384 408 528 534 1867 1922 2249 2666 767 803 988 1418 1766 1767 2365 1897 1413 1690 531 1503 2364 33 78 147 581 610 677 710 856 1241 1244 1305 1382 1561 1691 1719 1894 1937 1942 1945 1966 2169 2327 2367 2368 2710 2685 
2383: 14 131 1958 307 1176 1310 1592 2022 2524 740 1941 96 578 631 633 1016 1235 1407 1454 2330 2448 2471 
2393: 14 2184 1153 535 1148 1155 2416 1747 410 1352 1568 1755 1420 935 1732 2180 2306 2712 
2394: 14 2217 204 411 493 731 1185 2677 1764 409 410 11 1605 2306 2702 
359: 14 756 149 2704 2774 1006 2083 368 1307 204 965 2047 2677 1078 1681 1249 1251 1349 364 2118 893 1839 69 158 2657 754 1145 1920 967 2145 891 
2405: 14 285 2711 174 808 1100 1101 1689 2052 2773 1747 89 1349 2768 907 1798 82 2229 2120 738 1678 1511 18 1030 1582 1642 2269 
367: 14 149 553 348 1763 174 535 1101 1272 1796 2023 2504 909 530 185 430 537 674 1127 1322 2809 907 528 534 2716 1226 1539 1846 881 1456 1924 2430 159 5 158 754 1665 963 2781 
389: 14 237 2049 214 884 2065 1825 
393: 14 2115 2425 2636 75 1293 2153 2427 967 879 1774 2259 444 638 2240 
405: 14 285 1115 1872 2115 1881 1820 1767 2735 281 1802 2667 2798 2675 2611 1913 
2455: 14 492 2217 3 730 836 1322 1452 1512 1758 1797 1875 1513 2679 1226 712 751 399 69 876 896 937 1252 1466 1805 2155 
422: 14 264 1101 1169 1832 410 1303 1443 2572 1361 362 1039 2512 2707 
2468: 14 486 795 853 955 2061 2083 2217 88 142 725 1085 1131 1154 1157 1483 2047 2098 2141 2669 218 1167 1905 387 1368 2418 185 491 776 1156 2060 834 1027 2476 408 1649 1940 1698 1214 2178 2210 2212 289 2336 229 211 361 877 1046 1088 1096 1380 1436 1438 1504 1680 1750 1942 2106 2151 2211 2289 2310 2361 2784 2569 2769 
429: 14 553 1615 1115 559 2026 2262 1630 1268 382 787 
441: 14 2010 643 1009 1370 1657 2262 2570 1167 950 1368 2075 1705 1349 1547 1383 2153 2608 2193 1843 1896 11 13 2191 2265 442 68 713 589 724 183 340 1561 1945 2727 1072 1966 2647 1503 481 921 
444: 14 2674 1958 314 1327 1768 2504 2750 1865 1874 2004 730 2166 1708 319 1970 2764 2319 393 1268 1655 890 2194 597 869 
2491: 14 1115 1930 1958 705 1319 2669 406 893 1934 68 1336 1458 1932 1959 1991 2693 2696 2691 
565: 14 835 1558 1307 1148 1832 1681 
2523: 14 149 2704 486 415 993 1076 1398 2011 740 1322 1117 1792 2627 2120 1870 2430 2492 246 2204 
2535: 14 1174 1267 2032 348 1151 1757 199 1102 1863 315 349 1413 101 347 611 946 1527 2499 2573 2703 2628 
2538: 14 955 1415 1416 601 364 281 1786 
497: 14 2281 2806 953 2155 1779 
498: 14 1307 515 1534 2543 2075 1705 2019 1574 1607 385 794 531 1478 197 302 1760 1945 1015 899 1220 
501: 14 261 418 426 492 693 1558 1583 1399 91 569 1155 1243 2141 2504 2596 788 2515 953 2136 2608 1394 1698 1418 564 64 1839 2216 334 2492 194 281 309 352 397 463 467 1894 1233 1258 2034 1530 1216 2807 2556 875 910 918 1559 2799 2089 558 819 2101 2103 2038 1057 1099 2633 2568 
506: 14 1115 27 853 955 2083 1958 1157 2041 2125 2257 2469 2750 755 2596 2044 1078 2806 2223 1874 1119 1156 1239 1510 1542 934 459 1641 1410 2336 1511 531 1503 1610 26 448 1894 748 645 2151 577 1065 613 
2549: 14 1598 689 99 2781 
510: 14 440 955 1162 1176 2477 1127 1715 1545 375 1003 632 2170 2334 923 
2568: 14 1650 285 445 1006 1267 279 535 752 758 1007 1172 1329 1796 2042 2226 2553 755 351 2224 1874 1510 1542 2583 2482 953 1552 349 1846 179 2695 1843 929 2427 334 501 2397 1511 794 65 347 495 676 718 1000 1104 1129 1168 1262 1581 1680 1781 1852 1860 1937 1991 2119 2151 2220 2577 2619 2769 
2573: 14 28 2032 356 725 1151 1395 1757 315 349 2526 319 1152 1413 2535 347 611 890 946 1396 1939 2703 
2593: 14 411 1038 1758 1539 2403 2781 2611 
584: 14 149 1857 1045 1307 535 612 1162 1173 1768 1832 2042 2167 2382 2452 2524 644 2166 380 1226 2165 1766 1767 85 1924 2168 2364 81 117 578 581 1771 2090 831 1103 1240 
2643: 14 1980 1307 24 997 1617 2081 1747 409 
251: 14 204 773 954 1931 2016 1206 2621 1839 967 463 1261 676 
619: 14 553 515 758 952 387 1442 2075 1998 834 623 521 1897 1694 
2667: 14 1615 243 1362 1424 2162 244 784 777 1283 2296 2779 968 2768 1867 2228 2409 1461 1418 1084 405 205 1487 2142 
2682: 14 2085 292 492 853 1006 1558 294 371 993 1747 603 685 2136 398 2165 1228 2454 2335 62 182 657 1233 1235 1454 1585 1653 1841 2800 
2686: 14 1153 2049 2669 530 1715 2482 1952 44 1079 1487 
645: 14 725 2041 2502 2669 2044 2255 615 2692 1886 1119 506 67 1760 2240 
659: 14 492 142 204 535 705 810 1757 1876 2325 2576 537 759 517 94 1495 1427 896 2301 2715 
2703: 14 2032 622 1151 1395 1713 1757 2439 425 1078 1352 315 349 1868 319 1413 2535 2573 312 347 540 611 636 657 848 890 916 946 1043 1527 1760 2138 2213 2384 2628 
681: 14 486 885 955 1372 2061 2500 2217 1970 682 
687: 14 1184 898 906 138 753 2269 
2748: 14 331 1115 426 1583 1930 2010 184 725 758 1157 1310 2358 2570 406 387 2317 1080 1156 1383 2359 1158 1766 1767 1897 219 334 13 2265 68 713 589 724 1610 135 1805 2364 83 1097 1098 1297 1670 1673 1694 1945 2062 2347 2417 
2749: 14 27 885 955 348 174 535 725 1370 1373 1548 1560 1796 2081 2141 2232 2808 97 86 1381 1988 2551 607 804 968 1737 2339 1401 1568 1738 2097 2153 2476 355 376 2725 1501 222 558 823 967 1236 1605 2086 2096 2100 2512 2693 2787 
716: 14 181 
728: 14 149 27 955 243 254 307 515 810 1270 1370 2329 2044 2477 2439 1381 2476 355 2607 2764 2216 108 40 245 487 916 1859 1864 
729: 14 1115 885 2217 1548 2011 2745 2810 75 199 430 1998 924 1345 1839 722 2151 1090 1520 
743: 14 2217 204 2477 2695 592 2089 2781 
754: 14 756 885 1558 1307 348 55 174 535 931 979 1100 1101 1272 1517 2497 2504 909 685 537 2246 2768 907 1715 1992 364 384 1226 1539 2118 2547 893 2165 1456 1878 359 367 2430 518 790 159 1491 117 148 150 158 613 1145 766 2312 1665 2204 2781 2006 
2798: 14 261 853 1583 1291 1881 596 1512 2403 405 794 1866 2465 
2801: 14 1443 895 
766: 14 149 2704 2332 368 371 1272 1447 1684 1618 685 1695 1878 754 159 69 1610 99 117 148 158 489 1927 1687 2071 1616 
772: 14 27 261 162 243 1949 355 108 
785: 14 146 356 535 1161 2022 665 740 901 355 2165 1237 1736 1928 592 611 925 2428 
790: 14 149 494 2711 2674 1398 2047 2497 2504 3 998 2246 649 2505 1738 1952 2035 1221 754 302 2785 2406 1268 2799 2306 1675 2058 1182 2605 1350 2006 2782 
801: 14 492 1006 1416 1979 1980 2500 725 902 1048 1243 1509 2261 909 75 603 2533 1542 953 1434 1587 1394 1762 388 108 466 1215 1795 2446 967 2101 1864 856 2518 
843: 14 1115 552 1151 2325 2348 1573 1460 
848: 14 261 1583 204 411 546 810 1048 1100 1494 2439 409 410 1102 2595 2441 290 2216 2703 517 2657 874 2040 2194 2080 1090 1877 2640 1495 856 
869: 14 285 2217 2141 477 1618 1156 1428 2753 1896 444 943 412 1166 2151 2747 
883: 14 853 885 955 2500 1272 2477 2806 1758 171 748 
896: 14 1979 1980 1089 2745 409 1766 1767 1285 1413 1962 2455 659 794 471 657 1129 1271 2299 2177 2561 932 
1664: 14 204 690 1148 1370 1186 2108 1102 2335 2214 
946: 14 1174 2032 2174 2083 348 243 535 725 902 1395 1757 1988 1863 2063 349 924 319 2690 1084 1413 388 2104 85 1839 1934 2535 2573 2703 1268 57 101 347 611 837 890 916 1527 2055 2577 1371 2101 1864 2140 
947: 14 955 1006 204 411 1151 1185 2281 2524 2677 409 410 953 872 1605 2306 2142 1220 2298 
308: 14 2001 955 2184 2326 2439 1718 266 2742 
957: 14 1345 1994 2379 1616 2780 
972: 14 885 952 1483 1034 2017 1478 2172 2077 1419 
985: 14 181 88 562 773 1009 1370 86 1681 13 2364 
2086: 37 1650 1980 2500 2217 1424 2011 2081 2257 2606 2649 143 1758 2349 2307 924 2219 1844 2216 225 2749 787 2241 93 96 266 362 618 1350 1810 2486 2605 2231 
2151: 37 1115 1666 2674 719 601 24 121 604 1370 1548 2098 2655 2317 2551 491 669 776 998 1505 2246 1353 934 953 2097 2182 2193 1345 2468 506 2568 729 869 2364 676 551 675 1168 1302 1354 1460 2657 2204 2634 
1671: 37 768 601 535 888 321 2467 2690 746 662 
2696: 37 1189 1115 2674 1958 604 758 931 603 2044 2356 2692 1874 839 2533 1998 1286 2091 2753 988 2491 531 1511 1253 1396 2691 2693 
2274: 37 1045 601 16 1196 1081 2638 
2656: 37 27 601 162 243 1185 1990 2041 2677 2044 214 410 1378 1863 953 2307 355 2622 1285 108 1610 245 2659 1107 
2301: 37 1510 556 1413 659 1511 1475 
1358: 37 1115 902 1876 2149 2776 2779 430 1998 906 953 1738 104 1084 1345 2519 2471 1199 183 511 1903 
2397: 37 1115 1372 1370 1447 1509 2309 834 2 381 2017 2193 2646 1762 2568 1610 2253 
2445: 37 2159 74 2716 988 
1826: 37 149 2704 2302 415 606 993 2011 2506 2108 695 1646 1867 2228 2511 2627 881 2135 1819 2065 157 
461: 37 1184 1766 1767 2364 
1999: 37 426 643 601 604 1919 
2519: 37 445 955 243 1120 1796 2370 2404 1764 430 2768 906 941 893 12 538 328 288 362 1134 1358 1569 
229: 51 535 752 774 1157 2506 2669 218 755 1907 1291 1905 3 387 425 777 1547 834 2476 1630 2544 2468 1610 1475 2321 2211 928 2650 1241 
2364: 51 1857 2624 331 1115 27 426 445 660 853 885 955 1006 1372 1579 2032 1307 719 53 54 386 403 539 580 1060 1085 1151 1157 1173 1184 1272 1277 1553 1617 1721 1768 1853 1971 2049 2093 2198 2469 2528 2602 2631 86 406 1905 2498 1381 425 2806 324 409 430 1378 1915 2339 1353 834 906 1034 1286 1568 381 1314 1587 1967 2118 2193 2359 2534 2666 893 1394 2546 1660 1202 468 521 1766 1767 1897 1191 1422 1450 1459 1957 1976 48 2378 584 2748 985 581 1511 385 646 531 13 1675 1478 1610 2335 935 109 182 240 271 353 391 461 463 469 558 578 610 657 667 862 875 963 996 1001 1050 1178 1213 1364 1474 1518 1577 1611 1669 1783 1858 2018 2090 2151 2207 2361 2577 2653 2805 2668 2796 2376 2604 2518 
378: 51 1857 1115 885 386 1017 1185 2128 2779 1865 734 556 1150 1094 1487 2137 
69: 1650 756 149 2704 1583 368 1307 348 2281 2543 1618 3 430 1201 2019 2515 1715 364 381 1226 2118 1191 359 2455 766 148 158 2430 159 999 1616 1920 1029 1926 1417 1802 150 678 2739 1489 2766 2654 1722 
102: 1650 719 535 727 1157 1619 2281 3 1156 1353 1158 2199 2204 103 935 1845 1985 1354 2434 1629 2650 105 
2168: 1650 261 440 2032 348 6 403 580 582 1173 1218 1768 1993 2469 2524 1186 2477 1507 1587 556 1839 2336 584 489 2530 1460 831 150 578 667 787 642 
2654: 1650 285 2217 243 317 343 539 902 2337 244 1212 156 185 321 322 390 791 1512 1797 1918 2768 1596 2153 384 2716 1846 924 2700 69 2190 234 518 318 2006 178 20 147 2241 2266 306 1024 1170 1948 2362 2647 2650 
30: 1650 371 
39: 1650 387 1897 2126 1225 
275: 1650 277 1552 1659 1736 318 925 1072 276 2428 
421: 1650 1862 
452: 1650 2398 2513 404 721 214 953 1158 158 2807 2496 
841: 1650 149 243 562 2543 1856 1874 1102 2246 1443 2211 1436 890 1460 2785 2368 
1024: 1650 868 2217 371 1101 1130 1533 1856 214 390 789 791 1797 2019 2768 907 1383 2402 2654 2241 2295 2362 
1050: 1650 1189 553 445 719 247 356 725 727 931 1157 2049 1856 901 1127 1156 1715 355 1012 2319 2364 1364 1022 94 2389 
1081: 1650 486 2302 1307 473 2745 1512 992 834 1831 592 135 935 2274 1240 150 1953 
1170: 1650 2217 343 2337 804 2654 2650 2025 2031 2269 2095 
1171: 1650 1615 955 1666 719 243 355 2690 2165 2191 713 1460 
1371: 1650 149 445 162 226 606 1101 2110 232 2267 953 946 1909 2492 2215 938 1599 1244 1829 
1476: 1650 1857 2049 575 1739 1674 2384 2268 2291 
1497: 1650 298 1218 1373 2753 2058 1460 42 41 2375 2614 
2530: 1650 1115 2302 88 254 758 1796 2429 2669 2745 1905 425 1874 1918 2019 1264 2583 2482 2526 1767 1367 2740 1937 2168 935 1025 1421 591 667 831 1877 2691 2638 
2556: 1650 486 885 1531 1558 2500 552 810 886 1002 1318 1370 1548 2281 755 2439 1381 1349 953 1019 2431 924 1394 2216 501 1818 558 2276 2341 466 642 186 1435 1460 536 525 2345 
2581: 1650 
2644: 1650 163 226 230 699 2081 232 679 1259 2442 1466 787 2435 223 1244 2225 222 
2647: 1650 885 902 1101 2439 1385 441 2654 2781 1417 147 2095 
2170: 1650 439 758 1218 1685 2041 2044 903 1512 2679 225 510 2474 631 787 632 1841 379 2253 433 630 2027 
2220: 1650 1144 2302 2711 725 1769 430 2460 349 376 1843 1704 2568 65 347 2119 1805 1937 611 1104 2577 495 1605 
2744: 1650 955 715 903 2216 2746 982 1508 
2244: 1650 955 2010 2184 2674 77 203 1796 2358 218 1918 1542 1659 2359 714 2797 924 1289 724 135 1805 935 2269 83 483 1072 1421 2020 2684 
2245: 1650 1115 2217 411 745 758 2115 1291 390 267 2341 1460 183 
1788: 1650 2761 1293 1152 1250 856 
1894: 1650 1115 955 643 1045 386 810 1370 1796 1949 1990 2110 755 2509 2356 1381 1510 1797 2768 319 759 2219 2216 2378 501 506 570 900 1503 1062 819 2650 424 733 
2443: 1650 853 1045 2596 1874 934 1402 1795 1453 2283 1308 2200 
2527: 1650 721 1231 1310 1627 588 1283 2768 953 1552 179 1460 135 935 286 107 
234: 756 149 1615 1666 810 931 2036 2497 2655 3 2166 74 1695 2572 1221 2099 1570 557 1099 120 1670 536 677 2204 93 21 178 2785 370 1926 778 1304 2705 302 1462 1208 2485 2361 450 2494 2114 462 2381 2145 2654 
2430: 756 149 2704 418 440 885 2398 2674 1190 1085 1272 1533 1684 2047 2524 2528 2550 2255 685 2477 3 1856 156 321 322 519 998 1918 2124 2156 1542 52 165 263 1792 319 2165 1191 1924 2206 2319 367 2523 754 158 1818 2700 69 1273 1491 2204 517 1271 150 159 822 908 1086 1166 1281 1810 2112 2221 2558 2799 2781 
159: 756 2704 1583 2332 368 2674 1190 356 1085 1684 2167 2281 2543 2550 2576 1618 2596 830 3 2309 1904 1922 2511 2600 863 1878 367 754 766 148 158 385 558 69 1491 2430 117 140 150 1417 1810 1535 2558 910 2447 1687 288 806 822 1033 193 578 2117 2781 
11: 756 1857 2624 1615 292 864 2083 768 643 1190 601 348 535 637 758 948 1310 1657 1851 2098 2141 2524 2570 755 1907 75 1167 809 1223 1349 1797 2536 2156 649 953 1383 355 2118 2359 2467 179 2424 1766 1456 85 152 2394 441 2191 1478 538 2462 1674 1675 1113 5 2659 746 1139 1652 13 646 551 2265 442 68 1603 713 589 1491 724 471 1503 
108: 756 1115 27 28 955 1384 2522 2674 1045 6 162 243 356 522 1515 1746 1949 1993 2636 2677 755 1291 1316 86 351 1997 1167 530 2415 685 2477 2439 2498 1856 322 537 901 1108 1127 1737 2339 953 2136 355 1587 2193 2526 2540 714 759 2165 2403 1955 64 1152 1228 32 728 772 801 201 20 40 2656 2787 2788 2659 1789 1042 2707 675 2084 682 668 2221 819 2542 288 2657 2268 1732 1862 1864 1610 345 
1268: 756 285 316 371 415 484 758 773 1243 1553 1697 2150 2256 2423 2504 327 615 321 322 679 1737 1918 2309 1584 1831 2460 165 315 1868 738 1604 2143 2319 429 444 790 946 1570 676 1482 2276 1674 2327 1847 846 2103 2605 2038 2693 8 250 680 753 1261 1538 1438 2496 2545 2375 1611 1623 
15: 756 292 2302 643 539 706 758 810 965 1509 1838 2011 2022 2128 755 89 300 324 537 673 674 964 2809 2349 2166 79 472 1019 1117 1303 2017 2165 1191 1279 33 1805 485 
36: 756 955 1372 1558 1583 2032 535 1162 1990 466 26 1991 1361 248 1433 
58: 756 2083 348 2497 1167 2118 974 1166 1810 2781 1433 1435 
150: 756 149 1307 348 91 174 243 535 1101 1209 1272 1796 2281 2773 244 530 214 964 1875 907 1596 953 1034 528 534 1158 1924 754 148 158 1081 489 1795 2215 69 2204 2430 159 117 1166 2168 2781 937 1252 
158: 756 149 2704 1857 27 426 864 885 1666 368 2674 1307 348 71 174 277 314 403 535 606 612 725 773 886 902 1100 1101 1272 1338 1342 1684 1699 1768 2022 2141 2167 2281 2300 2358 2429 2469 2504 2524 2528 2550 2576 2636 2677 909 1618 2596 530 685 2477 1849 2498 1764 409 537 674 740 839 1127 1251 1758 1918 2246 2768 2309 907 1830 2166 381 528 534 1226 1314 1539 2118 2544 2547 1607 1289 1897 1250 1422 1456 1924 2196 2065 2070 70 359 367 754 766 148 201 2430 516 518 159 69 847 517 1564 1475 2492 844 1230 2462 1491 922 1774 1802 117 150 489 2558 2050 2563 1261 2103 581 585 1611 1141 636 2681 1665 1166 2204 433 676 2213 1717 193 194 2259 2276 246 1810 288 800 806 822 1312 1869 2384 891 1919 1926 908 910 2488 452 2496 458 463 1489 2781 
345: 756 237 1702 2576 1542 1314 1924 108 676 2038 1538 1717 2496 
353: 756 1666 174 535 752 1185 2576 2669 755 1291 537 834 82 1613 1152 44 2364 2341 
448: 756 331 27 1307 247 1645 1027 2493 506 2778 78 1015 2461 1945 1760 413 1271 109 770 
455: 756 149 699 1056 1447 830 1034 521 173 1113 186 1404 1927 
478: 756 1189 2624 1615 1666 1190 348 2036 2350 755 89 1936 893 1191 2638 
717: 756 1006 2217 758 530 321 2349 215 2716 893 
1021: 756 2398 1958 1763 88 123 758 1173 2141 755 2806 2317 2551 1865 1874 2246 834 934 144 12 1570 1336 2211 1463 900 1564 710 748 2240 2633 
1536: 756 535 758 1553 2524 2546 2492 1745 202 1903 
1030: 756 864 1980 1153 1190 2217 181 395 535 1059 1931 2226 2366 2745 86 406 1197 1226 2409 671 2719 1413 1431 85 2405 2191 340 2335 921 
2057: 756 1115 292 1144 2302 2217 758 1640 2047 2226 406 1167 1368 2806 1874 998 2153 1117 1160 1132 
2657: 756 2704 1857 1115 27 492 864 955 1384 1415 1045 243 522 931 1048 2602 755 2596 530 685 2477 214 1127 1293 2595 953 2153 2476 355 528 534 2165 2427 359 848 108 558 1610 2151 1489 792 2781 1073 2516 
1642: 756 2302 768 643 1045 2217 181 601 348 411 1066 2198 2497 2504 755 327 1618 2509 387 321 519 998 1918 2246 992 79 1226 1922 2118 2359 2467 767 880 893 2427 1221 2196 2405 1818 1694 1511 1959 1616 93 585 1160 2252 
1665: 756 426 643 348 637 603 2533 2118 767 367 754 158 2781 861 
2132: 756 149 426 1307 348 484 1185 1272 1699 2287 2504 2183 1649 1924 70 1687 691 
1166: 756 2184 2217 1157 1490 2497 2183 321 322 430 519 1918 1034 2621 70 2143 869 158 463 2492 2430 722 58 150 1810 2496 
1694: 756 1857 1115 445 2010 368 1958 348 725 752 1310 1906 2049 2773 406 387 2296 2223 410 1080 2482 1695 1792 2118 2351 2359 423 1766 1767 1897 1431 2146 173 619 2748 2191 1406 1475 2658 135 533 2335 935 722 1669 340 1642 1421 1098 
2050: 756 1857 440 2184 535 888 1114 1272 1746 2370 2669 1905 1226 751 1678 2399 334 158 1478 1511 245 1386 105 1091 1825 1946 2400 
1741: 756 149 835 535 931 1114 1155 1157 2098 2261 1881 1167 199 321 322 519 804 1102 1156 1918 1353 1738 1831 423 1158 1355 2104 152 2045 489 1795 1326 1354 1175 697 2769 805 525 
1920: 756 368 1307 1185 199 1924 359 558 69 518 2450 
2781: 756 149 292 418 440 486 853 885 955 1416 1558 1583 2032 2332 2451 1307 348 1763 174 243 371 535 886 951 1100 1101 1272 1517 1557 1567 1721 1768 2081 2254 2504 2698 244 2183 909 530 2255 685 430 674 740 901 1127 2130 2809 2246 2768 2349 2507 907 1222 2395 2583 2584 2585 2587 2589 2590 2591 2588 2482 1998 2586 215 384 528 534 2716 1226 1539 1922 2118 2540 1843 1418 1767 1456 1924 367 2549 2593 743 754 158 1065 1665 847 1475 1795 1129 1273 93 2430 159 1487 1086 1467 150 2025 2805 2657 58 99 239 451 594 861 978 1145 1393 1811 1852 1890 2647 2796 
1810: 756 745 1148 1243 2081 2497 2550 1747 2260 825 2509 2763 1434 341 1539 2065 148 158 489 2086 2430 159 1166 58 67 482 1411 1585 2231 
2321: 756 885 643 1045 415 1483 1931 2041 898 1618 2044 777 1368 1537 839 155 349 1641 2709 2725 783 179 1385 1413 1511 2478 229 2635 211 666 782 1261 1793 2697 
2367: 756 247 2011 755 1383 1434 1647 2066 2378 2518 1802 1216 67 1672 
855: 756 2704 1045 356 386 415 993 755 2439 615 2533 975 2600 1152 1808 340 938 241 916 
2410: 756 1189 2624 348 1621 2118 
1909: 756 660 885 535 965 1100 1151 2576 537 1152 1431 1928 2206 173 1818 2470 1616 1235 2054 1371 453 
910: 756 149 2704 2332 368 1307 348 535 606 902 1618 2166 2118 501 148 158 1491 517 159 1752 
1939: 756 2010 203 1310 1319 1661 2469 2502 755 950 1311 1817 2075 1705 1940 1309 1431 2573 1478 1610 340 2347 1944 1104 1966 2479 2496 1942 270 1943 
925: 756 277 356 1838 777 901 1510 1659 1736 785 1511 26 275 41 276 2428 
1670: 756 285 445 316 1185 1243 2226 2429 2506 327 406 2044 2224 321 322 1706 1918 315 1226 1388 863 2748 148 385 1610 2700 1559 2492 489 2341 1475 234 1975 2190 2769 193 
2478: 756 2704 1666 643 1045 1823 163 993 1028 1370 1931 2041 755 2044 777 1368 1537 839 1428 349 2725 783 179 1385 1511 1336 2635 2298 1380 2321 2697 211 443 782 1719 1793 
963: 756 868 885 955 1372 2184 2398 189 204 386 411 683 773 810 902 993 1085 1243 1272 1567 2052 2348 2665 2669 2183 2260 477 2509 2439 2016 1381 1764 409 410 1102 2768 907 941 1568 2136 2476 567 2353 714 738 1147 1897 2403 2147 2319 367 2364 557 1610 1273 879 1580 840 2345 1554 2354 
1489: 756 149 2704 864 1372 1666 368 931 1319 1560 2041 2504 2575 2636 1912 2509 2016 414 1758 1434 263 1868 1922 2017 732 893 1202 1755 158 385 2778 676 1482 463 2045 781 489 2327 1458 69 1139 697 2657 2038 658 1082 2158 1538 2195 1582 1717 
1491: 756 149 2624 1615 885 2302 1307 1190 1958 348 174 535 706 954 1085 1100 1101 1173 1218 1272 1557 1684 1699 2022 2576 2745 909 530 89 300 537 607 673 674 740 2060 2156 2768 907 2460 376 384 472 528 534 1117 1900 1952 2118 2351 1766 1152 1191 1351 754 148 158 540 1113 11 182 2430 159 117 578 910 2805 
516: 149 418 885 1666 931 1699 1917 3 2004 519 2156 2595 2505 1552 165 319 1221 1924 70 158 1570 1655 1472 2204 297 517 518 1213 1487 
518: 149 2704 285 1115 261 864 1958 348 304 535 541 758 931 1041 1635 1699 2011 2036 2497 755 1881 2596 2439 3 1865 1102 1201 2595 1715 2505 1831 165 408 1574 1708 2572 759 468 653 1221 1924 2099 70 2199 754 158 1570 2186 1655 536 2190 2204 93 516 517 19 21 297 302 370 450 462 629 1920 778 2485 1462 2361 1487 2739 1628 2705 2465 2494 2654 
20: 149 1045 2081 2337 351 2679 2153 2402 108 2654 2435 147 787 2241 2266 
148: 149 796 2674 1307 55 606 758 2167 2281 2404 2576 2596 2309 1434 381 2690 754 766 159 69 1475 1491 158 93 2558 1159 910 150 1810 806 1670 822 193 
489: 149 1006 2674 1307 719 348 243 476 725 727 1114 1243 1509 2281 2625 351 387 998 2019 1542 1034 79 459 2193 2690 766 158 1207 1475 2168 1802 1146 642 186 1810 1094 150 1489 2718 2785 2799 1670 806 1216 2112 1717 2759 1741 2142 
2191: 149 285 1857 2624 331 1115 292 426 1372 1531 1583 643 1958 2217 247 535 637 725 758 808 902 1101 1151 1157 1424 1699 2011 2022 2098 2429 218 1747 75 406 1167 2439 387 425 2806 1681 537 839 1322 1510 1820 1918 2019 975 2595 834 2182 2432 1621 1659 2467 2797 893 924 179 504 2695 1766 1767 1897 1755 1290 2454 1896 173 2297 441 1511 11 1475 531 1139 172 442 713 958 1030 1171 1258 1297 1610 1694 1818 1916 2605 2650 2811 2470 
517: 149 2704 864 1666 371 411 546 931 1048 1272 1699 2011 2509 1849 1212 3 321 2679 2166 1584 165 319 1698 468 1221 659 848 158 1472 677 2190 2204 93 890 516 2430 518 297 2785 910 1682 2705 
2117: 149 440 486 1447 830 425 1156 1034 159 1163 250 1927 
1864: 149 27 853 885 1579 1583 1980 2184 2500 719 162 243 386 727 1300 1526 1567 1627 2011 2329 2183 2439 425 1764 1568 893 1897 728 801 946 108 1795 466 2214 2463 1062 915 1529 1611 2545 
2605: 149 1980 2011 2081 530 1884 998 1223 649 1269 1715 534 2725 1289 790 2191 417 2086 197 1268 57 136 286 1350 2598 
1599: 149 864 1006 1307 1763 174 535 546 902 1089 1796 1917 2110 2528 2576 2698 1167 425 537 809 1758 907 1034 2777 2726 2471 2155 2306 186 1371 1829 
578: 149 492 885 2032 2377 2398 643 404 1307 2217 204 580 612 752 954 1101 1173 1318 1319 1502 1768 2042 2167 2287 2483 2524 2669 755 75 86 1764 409 907 975 2166 380 1388 2777 1266 1766 1767 1897 1152 2383 584 581 2364 512 1183 2289 1491 862 1271 159 117 2168 474 1580 1546 1036 1305 667 1771 1103 2640 
1616: 149 2704 285 1115 1224 368 404 1157 1684 1618 830 387 2075 2224 1156 1034 1226 1337 1643 319 1158 1897 766 957 531 1909 1642 69 115 467 882 1927 
2718: 149 2111 181 773 2047 2256 2504 97 2260 1997 199 1737 1715 953 1434 1868 2046 866 2427 2126 177 676 463 2384 489 2038 1261 1968 76 1611 1717 2702 
2145: 149 181 321 519 1918 2165 359 2190 234 1776 
2470: 149 2704 885 1531 2501 2217 142 304 535 715 810 993 1066 1085 1151 1567 1699 2011 406 477 1871 2439 2075 537 1102 907 2153 381 1967 2229 712 1152 1290 1431 173 2191 1478 2335 1273 347 340 309 2298 1427 966 1320 1909 
1653: 149 27 292 600 1006 1144 1372 2302 91 167 174 503 569 1169 1557 1949 2198 2745 2810 89 607 673 674 836 1223 1573 1737 2060 2339 2515 1738 2460 82 472 1117 2351 2621 2682 1149 2787 1113 466 1022 1062 96 1235 1454 1611 
646: 149 285 27 445 600 582 637 706 871 1151 1768 1769 1906 2543 2669 603 2763 387 2075 2224 839 1127 2060 2533 2797 179 1807 1766 1767 1897 2104 2147 581 2364 1842 1518 531 1561 611 1675 1475 5 11 22 2623 60 483 2683 1305 837 806 
1160: 149 2576 1618 901 1512 1758 1434 893 2454 1642 2057 1926 328 2400 
151: 149 2704 553 243 386 411 439 948 952 1260 1494 1685 2011 244 2439 964 1108 1127 1512 2768 2679 2153 215 557 531 631 980 2253 632 379 1257 286 1211 
1687: 149 486 600 660 853 885 955 1372 1579 1583 1872 2032 2061 2111 2332 2343 484 931 1617 1684 830 321 596 1970 1289 2293 766 201 2132 26 2214 159 117 2465 844 397 642 680 
1690: 149 1857 331 261 445 2010 643 247 1155 1157 1161 1243 1699 1906 2049 2098 2154 2669 75 406 387 776 1080 1156 1428 1510 408 1188 1649 1659 2511 2621 179 1897 1355 1413 2378 1570 1518 83 1974 1610 1511 1937 463 611 5 483 900 110 1305 1335 1421 2811 1691 2092 2563 2613 2752 
2204: 149 2704 440 1006 2398 2711 368 1307 1958 719 314 316 758 902 1007 1085 1272 1327 1341 1699 2098 2261 2382 2392 2524 2528 2745 1618 1167 2255 685 2356 321 322 519 964 1918 1034 2097 165 215 315 459 1621 1846 2046 1461 2165 1924 2206 2523 754 158 1570 1818 2700 2151 1273 234 2430 516 518 517 102 1138 2009 2693 150 2221 890 1086 1261 1271 1460 1779 1845 2785 
2215: 149 2704 261 292 864 1579 2302 2398 2522 16 174 226 268 386 439 503 535 539 569 993 1100 1101 1120 1300 1370 1557 1796 1993 2081 2110 2314 2366 2745 755 1747 2108 1884 2415 2356 1988 89 185 214 537 673 809 964 1108 1127 1223 1306 1573 2060 2809 2349 2679 1992 953 1568 1831 2351 884 1766 1767 2219 2578 1749 980 2264 150 571 720 787 879 892 937 938 990 1005 1233 1244 1371 1651 1829 2113 2155 2542 2566 
182: 149 1857 1115 27 131 586 796 864 885 1006 1583 2302 2377 2522 348 124 162 174 203 204 243 411 415 484 535 541 580 715 758 774 951 1100 1101 1151 1169 1173 1243 1557 1699 1769 1796 1949 1993 2098 2167 2459 2524 2631 2665 2745 1186 530 2477 199 2223 409 410 673 1127 1249 1306 1573 2060 2768 907 1222 2395 2583 2584 2585 2587 2589 2590 2591 2588 2482 1998 2586 2166 934 1034 2608 2460 79 364 528 534 1303 1388 2118 2442 2777 1012 1660 1418 1766 1767 2403 1084 1152 1191 1250 85 2682 201 575 581 2364 558 2186 2628 26 1491 2363 2545 1069 1087 2715 657 720 1261 2805 819 1845 1350 682 1405 904 195 1215 
2739: 149 864 1130 1684 1735 1212 1905 321 322 1201 1706 1918 793 315 1895 2471 2700 2406 1847 69 518 2564 999 2385 
193: 149 997 1757 2049 953 1936 148 158 1670 159 794 
201: 149 600 835 853 885 1558 1583 1821 1872 2323 2451 2642 162 243 535 752 1048 1114 1126 1490 2388 2404 2677 2761 1167 2439 425 970 1573 1738 2476 355 1394 2690 1191 1221 1250 2196 177 108 26 1687 182 158 2785 875 2742 2360 447 2239 1879 856 
220: 149 1666 1045 2217 386 439 948 2011 2649 755 1683 905 1064 2414 2645 
1795: 149 2704 261 418 486 885 1558 1579 1583 1980 2184 2332 2513 1045 1958 304 715 725 758 810 902 993 1007 1272 1318 1768 2011 2314 2439 1381 214 1293 1597 1820 2097 2153 2476 215 1226 1539 2229 1658 801 2518 2787 1864 1405 2781 2294 150 856 2328 2728 2814 1741 236 657 1129 1252 1308 1320 1495 1577 2604 2443 2094 
806: 149 314 2016 409 1156 399 148 158 2518 489 1959 159 646 1913 1025 361 2020 2034 
1332: 149 1045 1076 1212 410 2228 692 
205: 149 1362 1424 2110 2162 2415 1831 2153 179 2667 733 224 1680 
1348: 149 993 1370 1560 2366 1102 2060 377 2719 2715 1793 
1866: 149 131 810 1101 1300 2011 2162 1291 1881 1054 1512 992 2456 179 1219 2070 2798 2148 1405 2800 1213 1000 
844: 149 331 1115 486 885 1006 2217 719 484 725 1007 1114 2022 1747 406 1764 836 1510 2166 82 567 2082 284 2365 158 1511 99 1687 7 258 632 2728 1072 959 
847: 149 1115 426 343 535 948 1185 1699 2167 2337 2356 3 2768 2505 44 158 778 2213 2542 2781 
849: 149 1231 1990 893 2517 2454 2518 1546 2610 2055 
1535: 149 1583 2061 2332 368 700 1101 1699 830 1764 1034 1878 159 47 1771 1580 2555 
891: 149 249 853 247 1815 906 1897 359 158 1610 
1404: 149 535 830 1034 455 710 1927 2059 
1919: 149 1034 1434 1250 2126 158 1999 1772 
667: 149 2624 1307 580 582 1173 2167 1167 615 1353 2666 2690 1766 1767 581 2364 1328 2530 831 578 2168 482 1611 
1752: 149 2332 1307 910 
420: 149 2704 440 304 386 878 993 2011 755 215 212 1405 140 
938: 149 2704 885 1317 1666 226 230 539 561 569 810 1120 1557 1707 2011 2254 2366 2745 755 1316 995 1306 1349 1542 1437 2442 2219 2319 1749 2264 2215 819 2741 72 753 892 2566 663 937 855 1829 939 2225 1466 1371 
1927: 149 1447 1618 2309 1034 1568 766 455 2117 1616 1404 
1466: 149 445 864 643 569 810 1120 1557 1707 2011 1306 1542 1839 2455 1749 938 72 753 663 937 939 816 2644 
1488: 149 426 1980 2217 24 2211 
1495: 149 2704 204 411 415 546 752 1398 1757 2160 2314 2325 755 1291 2509 2224 1820 1861 953 290 659 848 2040 1795 2640 874 1039 1252 
2006: 149 2217 343 515 1114 2337 998 1709 2753 1878 754 790 26 2654 
1252: 149 2704 955 810 888 993 1494 1619 2011 2141 755 2772 1212 214 644 488 2455 1795 150 1495 753 1620 
2009: 149 955 1307 24 2204 
115: 2704 1857 745 2049 1618 2533 1616 1614 2683 
186: 2704 331 2184 2302 1045 752 1185 1318 1319 1344 1426 1626 1713 2281 2416 2669 755 673 1349 1969 1992 2097 408 472 1709 623 1762 1004 334 531 455 1149 489 611 2556 2138 613 483 713 1913 57 2580 1179 1599 323 
523: 2704 755 809 2349 941 2620 2269 709 
536: 2704 285 1115 440 445 1272 2745 2224 321 322 607 836 839 1918 934 1142 2460 2476 315 1646 1936 2015 179 1660 929 2532 2700 2556 1475 234 518 1634 860 
632: 2704 261 486 835 2377 348 439 1049 1218 1526 1685 2602 86 1349 2679 1715 953 1434 2153 1970 468 1766 2517 1204 1309 510 269 1364 980 2170 675 483 151 844 41 258 490 634 2043 1287 2446 1841 
653: 2704 2774 189 993 755 2439 377 50 518 385 1022 1093 
846: 2704 993 1370 2439 199 1442 430 2019 2065 1268 1139 
876: 2704 426 1666 1045 268 356 411 993 755 2806 1552 408 2193 2065 2455 1850 877 
959: 2704 810 993 2607 844 1546 
1139: 2704 885 757 993 1172 1549 2497 430 1861 1394 1843 1152 2191 1895 78 11 846 1489 904 379 2479 2133 
1149: 2704 1857 1615 2302 1666 1045 243 299 993 1008 1185 2110 2226 2281 2325 755 898 2439 1381 673 674 836 1223 1239 1510 1737 1820 1861 2060 1715 941 1443 2082 2353 2607 2627 179 284 2402 1511 245 1653 682 2264 1146 186 1500 1072 443 434 2354 2005 
1273: 2704 868 440 835 2217 181 948 952 1085 1272 1796 1971 1291 406 2477 2356 1764 430 730 839 2768 834 74 215 381 1698 2695 144 1976 2206 963 2470 1610 26 2289 2430 1382 117 1086 1271 1898 1405 2204 1950 1910 2738 1877 2781 
1320: 2704 549 261 1980 254 1185 973 1988 1108 2470 1795 2814 1324 
1417: 2704 368 1618 2349 1034 165 69 2071 159 2308 2620 2269 354 892 2647 1722 
1609: 2704 993 1370 2698 1747 644 2135 2292 1805 1042 
2014: 2704 242 304 810 1917 1949 2011 2415 215 2735 558 
2190: 2704 1189 1615 1115 261 1666 1958 731 758 2011 2372 2497 2655 2745 2509 1849 1905 321 1512 2166 1434 364 1970 2690 468 1221 2199 1570 2569 120 1670 1146 2211 518 517 794 2444 2654 21 93 302 629 1281 1304 1703 2145 2785 2799 2465 2494 2381 
2219: 2704 292 864 1579 2302 1666 1045 174 226 386 503 535 539 569 1101 1120 1557 1707 1796 1993 2081 2110 2366 2745 1381 1988 89 185 214 537 673 964 1108 1127 1223 1306 1573 2060 2809 2349 1992 1831 50 2351 2215 2113 2264 2086 223 571 720 892 937 938 990 1005 1233 1546 1749 1829 1894 2566 2652 
2557: 2704 174 993 1815 1990 2415 1584 1850 
25: 1047 853 955 615 599 1812 1975 
540: 1047 1666 407 1101 1114 1185 1327 2049 2655 603 777 1322 2533 2768 2046 2193 2690 556 2703 676 1491 1676 1217 
676: 1047 292 586 2302 1666 2674 407 91 203 238 773 993 1101 1151 1483 1576 1645 1796 2042 2575 2655 351 603 777 1865 673 1251 1915 2060 2533 2768 907 1264 2482 941 953 2063 2182 376 472 2193 751 2690 1762 556 1897 1960 1346 1367 2568 251 158 1268 2151 2347 2396 1489 2718 1482 345 540 611 1893 2276 1205 2619 1217 2503 895 2782 
837: 1047 1115 368 407 174 566 604 725 1310 1483 1971 2154 2469 2543 603 2016 777 836 1510 2533 2124 1542 834 1027 1723 1188 1303 2015 2082 179 284 1897 1309 2104 946 1511 1561 611 2529 1953 646 1944 135 311 900 2577 2715 211 1193 2101 1611 
1217: 1047 1189 1666 407 810 1101 1151 1370 2655 603 777 1156 2533 2768 2193 556 1610 676 540 2306 
1511: 285 1189 2085 553 1857 2624 331 1115 445 795 1282 1980 2302 2332 2618 1666 643 1958 88 124 203 298 356 403 535 539 547 604 654 725 758 902 951 1101 1151 1155 1157 1192 1247 1310 1426 1645 1768 1796 1971 2011 2022 2098 2141 2150 2154 2257 2358 2372 2429 2433 2481 2543 2574 2655 1747 1912 2108 351 406 1884 2439 2763 2016 387 425 777 1280 1283 1368 1493 1537 2806 2223 2224 1874 214 430 491 537 607 836 839 901 964 970 1108 1119 1156 1322 1510 1597 1737 2533 2768 734 907 1222 1353 1542 2340 2395 2583 2584 2585 2587 2589 2590 2591 2588 2482 1998 2586 834 941 1524 1723 2307 2432 2476 79 349 1188 1388 1641 1649 1659 1922 1936 2003 2015 2082 2351 2534 2544 763 179 284 2726 1158 1843 2424 1897 1755 1004 1191 1309 1321 1355 1413 2104 1647 1656 1976 2066 152 2336 334 2405 506 2568 1299 269 2532 581 2191 2197 2364 385 597 1518 1478 558 83 1610 65 78 347 5 67 99 221 246 323 360 366 413 480 481 483 505 524 570 611 722 775 837 844 858 870 900 925 969 1094 1097 1149 1265 1304 1305 1324 1396 1421 1463 1471 1498 1500 1503 2541 2050 1691 1692 2628 2619 1781 2103 1642 2670 1561 1674 1690 2710 2733 1717 2769 2782 1765 1945 2807 2301 1801 1804 1806 2321 2335 2752 1734 2347 1841 2380 1937 1944 2462 2478 2485 1975 1634 2696 2018 
1475: 285 1857 1115 131 445 864 1267 2302 1190 1958 2217 299 386 758 987 1243 1272 1572 2049 2372 2433 2506 75 406 1381 1283 1886 185 674 970 1512 2309 1027 1034 1383 349 1117 1226 1388 1587 1922 2359 2797 179 1807 2726 1158 64 1191 1221 1321 1413 1446 1896 1976 152 2336 148 158 1052 2191 1478 83 1694 1610 814 2492 1099 489 229 5 646 35 93 309 536 585 594 770 870 889 1033 1086 1377 1471 2781 1605 2177 1670 2240 2316 2301 1801 1806 2335 1833 2347 1926 2453 2263 2496 
1805: 285 1857 2624 1115 549 445 486 1006 1384 2010 2302 24 189 247 535 539 725 902 965 997 1076 1100 1151 1509 1617 1768 1838 1889 2011 2022 2049 2285 2429 2433 2506 2669 2795 218 351 406 2509 2763 1905 425 1442 2296 2075 2779 1865 537 674 730 839 1249 1251 1510 1737 2809 2768 2349 1264 1353 1904 834 941 1383 2432 79 349 1303 2017 1501 1897 2517 1152 219 1250 1279 1321 2454 1730 1896 225 2293 2455 2748 33 1859 385 1478 2244 531 13 15 67 172 183 271 483 485 611 819 1067 1104 1421 1609 1682 1790 2186 2200 2220 1841 1937 1943 
2335: 285 1189 1857 2624 1115 292 445 853 885 1579 1583 1980 2277 2398 1190 1763 54 123 124 142 189 427 515 535 539 582 715 758 1157 1169 1318 1576 1699 1768 1769 2049 2154 2160 2285 2358 2524 2553 2745 2108 406 530 1849 2016 387 425 1493 1681 410 519 607 776 1119 1127 1510 2060 2159 2309 907 2136 2608 534 1188 1659 1922 2015 2082 2359 2511 329 1766 1767 1897 2199 2319 2682 1664 33 581 2364 385 1518 2470 83 1694 1511 611 1475 1427 60 677 1030 13 713 724 135 87 140 483 872 1033 1072 1097 1651 1945 2116 2545 2710 2746 2347 2499 
147: 285 1045 174 343 902 948 1272 1464 2081 2337 2366 2439 156 1428 2768 2679 1383 2153 2460 384 2716 1330 2378 2402 980 2654 20 1522 2266 787 2295 2362 2241 2647 253 
2347: 285 1115 27 445 2010 1666 1958 951 406 1102 1510 907 1222 2395 2583 2584 2585 2587 2589 2590 2591 2588 2482 1998 2586 408 1388 1646 423 1613 2748 676 1511 1475 340 2335 935 1097 1421 1939 2233 
1518: 285 1189 1857 2624 1115 885 1095 1979 1980 643 1958 54 386 582 1157 1272 1310 1768 1769 1971 2152 2154 2524 406 387 425 777 2075 2159 834 1188 1659 1695 1922 2534 714 423 1660 1158 1843 1766 1767 1897 219 152 581 2364 1406 385 1511 646 1690 1230 531 1478 1610 1420 2335 1382 474 83 467 483 889 1471 1519 1801 2024 1806 
1033: 285 1189 2624 2302 535 758 1169 1272 1699 387 425 2075 430 907 1723 1659 1897 2196 531 1475 2335 159 688 467 
675: 285 864 1666 243 411 535 1318 2179 2669 530 2768 907 79 108 2151 632 2396 1703 
1717: 285 1251 1510 2187 1542 2690 1250 158 1511 463 489 1489 2718 345 
702: 285 331 356 810 1101 909 1510 1737 1643 83 
718: 285 1666 503 541 725 2160 2300 2543 784 406 2060 2159 975 1397 1401 2595 364 1600 821 284 1843 1413 2568 558 1959 2634 1146 2138 1097 1334 1377 
1262: 285 955 2568 
1265: 285 1124 1272 2041 2773 1313 1368 491 839 2756 2070 1511 1468 1094 
347: 285 2674 643 2358 2188 2309 834 941 79 349 1922 2797 1807 1843 2735 2535 2568 2573 2703 946 2470 65 1511 1104 1937 2577 495 2220 2119 1304 1710 688 2002 
1937: 285 331 1115 1006 1558 2674 1958 298 902 1192 1341 1370 2358 2524 755 351 425 777 1493 1874 836 839 1510 2159 2768 1542 834 941 349 1922 2082 284 1843 2319 2378 2568 1610 65 347 1511 2119 1805 900 1690 1975 1104 413 495 792 1304 1500 1527 1800 1806 2530 2577 1953 2220 2782 
1945: 285 1115 643 189 535 606 725 731 1243 1310 1483 1657 2543 784 1997 950 1311 2296 2692 1817 2075 1705 607 730 1349 1861 2019 2048 2533 2768 2460 2091 1701 1868 1940 2046 2351 2409 2511 2607 179 329 1819 1309 2378 441 498 2748 531 1511 2306 2335 1015 2265 442 713 589 724 448 1760 136 270 899 1942 1943 2200 1966 2496 
483: 285 1189 1857 331 2001 1115 249 445 955 2010 348 88 356 902 1063 1151 1157 1310 2154 2285 1963 1747 2108 406 2763 2016 387 2296 836 901 964 1108 1156 1510 1512 1969 1998 127 2307 355 408 1188 1388 1659 1867 1922 2015 2359 2544 2797 893 179 1158 2424 1897 1755 1004 1191 1413 152 334 385 1518 2244 83 1610 641 1511 1805 2492 2628 340 2335 646 1690 1975 533 935 722 2769 505 632 186 2545 1421 2733 524 1691 1241 1471 
13: 1189 2624 1115 885 1666 582 706 786 2358 2469 2472 2524 387 2075 607 2060 1723 1831 2544 2797 1767 1897 441 2748 985 2364 1805 11 1230 2335 2658 135 1420 533 935 713 589 722 724 68 2265 
1610: 1189 1857 2624 331 1615 1115 2774 445 600 660 853 885 955 1224 1317 1372 1583 1821 2061 2184 2332 2618 2672 643 407 1190 1958 719 1763 16 124 203 243 247 535 654 721 725 727 752 902 945 948 1085 1100 1101 1151 1157 1272 1567 1768 1796 1906 1951 1971 1993 2011 2141 2543 2669 244 755 1912 2108 1316 86 406 530 2356 1212 2439 1905 387 425 1283 2806 2223 1764 430 537 607 644 689 789 836 839 970 1102 1156 1322 1510 1512 2060 2768 834 1383 1723 82 155 1188 1649 1659 1709 1952 2015 2351 2544 2600 2725 767 821 179 144 1158 2424 1766 1767 1897 12 1290 1431 2104 1896 2196 152 173 2230 506 2748 766 2397 2191 2364 108 1518 963 83 229 1511 900 1175 1690 1975 1475 1634 1675 45 60 78 110 128 137 154 168 245 257 470 483 655 686 710 819 838 889 891 894 905 935 1069 1094 1098 1132 1211 1217 1256 1273 1305 1334 1377 1382 1421 1527 1565 1578 1939 1775 2656 2657 2671 1670 1672 1673 1781 1800 1806 2121 1991 1655 2401 2406 1923 1937 1942 1959 
135: 1189 1857 2624 1115 1583 2010 2302 1763 174 386 1157 1483 2049 2285 2543 406 199 387 1442 839 1156 992 834 1723 2063 2511 1767 1897 2104 2748 1478 2244 83 1694 1081 340 2335 13 1382 724 2527 837 1421 2577 2715 935 1193 311 533 
18: 1189 2674 1763 237 1151 1796 530 199 1442 2317 2551 1865 1349 1737 2351 1888 1385 2405 2787 2635 2487 
83: 1189 1857 2624 331 2001 249 445 1006 2010 348 88 124 427 1063 1151 1729 2049 1747 86 406 387 2296 409 836 1510 1969 2768 1998 1831 1388 1659 2359 2544 179 1897 1755 1004 1191 1413 1431 1647 2065 152 173 334 2748 1518 2244 1511 900 1690 1475 2492 1610 2658 135 1420 533 2335 935 722 1382 2769 340 78 2028 2545 1419 1421 2733 702 1097 1098 483 1781 
110: 1189 1615 834 2544 385 1610 1382 1690 2121 
111: 1189 1857 2624 492 885 2500 643 715 727 1310 2198 86 406 2415 2498 199 387 1442 321 1918 1897 
117: 1189 1115 1006 2184 2398 2522 535 683 952 1085 1157 1173 1272 1699 2576 2183 2415 1442 998 1452 364 1226 1539 1646 1922 2118 2547 399 584 754 766 158 1273 1491 2155 159 1687 150 578 2324 1086 
579: 1189 549 955 535 725 1769 2524 1912 1442 1764 214 2187 893 2546 2165 2681 100 
657: 1189 885 1583 1979 1980 2184 2377 320 535 582 758 1567 1768 1769 755 2183 1681 537 953 1766 1767 1191 2682 2703 896 581 2364 1739 2186 1795 182 1175 1235 2417 1072 2238 736 
688: 1189 2624 124 387 430 1631 347 2492 1033 
753: 1189 561 569 1120 1557 1707 2255 214 644 1259 1306 2726 2399 687 1895 1749 938 1268 1088 1466 1252 937 787 72 1676 663 939 
870: 1189 1857 2624 1615 1115 2398 1190 758 1272 2049 218 1510 2082 2199 1511 1475 1753 
935: 1189 2624 331 249 445 486 885 955 1583 1980 2010 124 184 582 725 1173 1768 1769 2285 2300 2358 2524 2570 2016 387 2296 1705 430 789 839 1156 165 1659 2359 1766 1767 1897 152 2393 581 2364 2244 83 1694 1610 1081 340 113 2530 13 2347 103 102 1487 483 1086 1382 135 724 1420 533 172 722 2499 1421 1067 2018 1633 1098 1625 2527 
1693: 1189 955 539 810 2371 2309 2797 1022 2316 2769 1013 722 585 
1732: 1189 1857 1558 1399 162 243 721 810 1048 1370 1971 2677 755 1291 530 1381 1349 1352 793 79 355 2046 2427 1976 2065 2066 2393 108 2341 1554 
1382: 1189 2624 331 1615 249 445 1583 1980 2184 1763 16 54 247 552 945 1085 1151 1272 1661 2093 387 970 1353 1723 1659 1936 2666 1446 1934 2378 385 1518 83 1610 1714 1273 1271 889 1634 135 935 110 344 474 775 1077 1765 1672 1421 2597 1880 
1561: 1189 2624 1115 2174 643 1190 243 725 902 1101 1155 1157 1341 1699 1796 1971 2041 2543 2044 2296 1510 2187 2482 941 1723 155 179 144 1355 2104 2378 441 1859 1511 646 2715 837 1193 311 611 1944 1953 
323: 2085 549 494 174 1395 2081 2698 1477 82 2015 1196 2471 1511 186 1935 1632 805 1816 
558: 2085 2624 1115 440 492 885 955 1006 1317 1372 1583 2184 2522 601 162 243 476 515 810 888 1567 1796 1949 1990 2154 2257 2388 2483 2528 755 588 1316 1881 477 2415 2016 1381 599 901 1054 1249 1293 1322 992 1568 355 1812 2359 1461 1897 2216 301 501 2749 267 2364 159 1511 2266 182 1802 2657 2707 879 38 265 413 2406 2675 2556 2177 1920 2106 832 718 2122 2800 2518 2014 
1052: 2085 426 2041 2044 185 377 2526 1677 1475 360 
1366: 2085 553 426 768 601 1060 1707 2576 1912 410 740 812 1797 2351 2424 2623 
1935: 2085 1542 1196 2611 323 1816 
2532: 2085 1115 198 426 539 604 637 1912 351 406 603 1442 839 2533 2307 1897 48 1511 536 1966 2634 
2138: 2085 1979 1980 2041 839 1249 2756 2595 2070 2703 2634 186 2611 718 2663 
2306: 553 2774 418 494 1006 1444 1563 1821 2184 2083 2217 24 204 411 731 888 2115 2524 2745 1747 2255 1764 409 410 1251 1715 1568 1784 2165 2427 1755 2199 2393 2394 790 947 1217 2406 26 1593 1599 1933 1945 2345 
967: 553 693 2083 368 1399 768 411 725 758 1114 1341 2098 2261 2382 755 2772 75 406 2763 410 537 2156 2130 2507 793 446 1521 767 1202 1678 2427 388 1839 2212 225 359 393 251 2749 801 1570 1974 2406 26 859 1436 2103 1564 2122 1386 2034 2681 2096 1580 1605 1996 936 2564 2811 2259 2771 
1841: 553 835 1979 1980 2398 71 162 439 690 902 1017 2477 907 2679 2097 2460 215 1226 1659 924 2399 2517 1219 2682 2474 512 631 1511 1805 466 2170 632 922 76 956 1141 1215 1703 2345 
112: 553 2624 181 1537 1715 1938 543 
1026: 553 885 1666 167 371 1120 2254 2325 156 1108 1428 1597 2809 1330 2741 811 1829 2645 
1611: 553 418 1006 174 535 580 1085 1796 1803 2287 2543 2183 1747 1681 1542 906 2690 738 2104 158 581 2364 611 2787 1653 904 1268 1864 2718 667 837 379 1471 
2705: 553 1615 1115 445 2217 316 758 1037 2098 2429 321 322 519 1706 1918 1264 315 1962 360 2253 234 517 518 922 2328 1541 2194 
2253: 553 693 885 2355 1763 167 307 1070 1102 1127 1226 423 1402 2397 374 2170 1042 571 151 630 1829 2673 2705 
1822: 553 1615 725 2022 1856 2427 2552 
1829: 553 864 885 1823 1101 2110 2356 1127 1306 1967 2219 2215 938 2253 1026 2673 2342 1599 1371 2435 1546 2566 
379: 2484 124 1255 1875 284 2327 2170 151 1139 1611 2354 
680: 2484 261 492 1006 562 563 773 878 1007 1048 1243 1598 2329 2504 755 1251 2097 1630 2607 1123 1766 1767 1250 1422 1545 2178 2216 2740 2276 1458 1268 629 1261 1687 281 2330 1407 
1554: 2484 868 237 1035 1151 2388 2339 2725 963 2787 1732 2390 
2276: 2484 773 808 2141 2257 2504 2016 1766 2178 592 158 676 463 943 1268 2637 680 889 1929 2556 
385: 1857 1115 1006 1563 1979 1980 1958 54 124 203 247 386 725 945 948 1007 1151 1515 1796 2524 2525 75 351 2439 387 777 2806 2223 836 901 1510 1512 2309 1027 1568 2153 349 1659 1695 1922 2666 714 2797 1897 653 173 334 498 2364 1859 159 5 1511 93 110 194 340 1382 1518 882 2658 1765 1670 1805 2316 1942 474 889 2335 2169 1991 862 1975 828 524 483 1489 467 597 2263 480 1380 
531: 1857 2624 331 1115 1006 1583 643 88 203 476 725 758 902 1155 1157 1310 1398 1889 1931 1971 2011 2098 2154 2285 2358 2469 2543 2677 218 755 406 477 1167 387 950 1311 1442 1817 2075 1705 322 839 1156 1352 1512 1918 1353 2482 1998 834 934 2432 1649 1659 1695 2359 1843 1897 1309 1321 1934 2196 48 2293 2336 2378 498 506 2191 2364 1518 900 1564 646 1634 7 67 68 128 151 172 186 270 312 424 1015 1033 2580 1945 1067 570 1616 1669 2693 2696 2706 1760 2787 1805 1305 805 1913 899 1421 1932 1966 958 1984 
1674: 1857 331 445 1006 768 601 637 2669 1747 387 425 2075 2193 1158 1767 1897 592 1511 11 1268 724 974 1097 1305 1421 1476 2630 2252 
26: 1857 440 853 885 1006 1095 1583 2332 2343 2398 2501 2642 368 768 1153 601 121 146 203 314 476 637 758 773 931 954 1085 1114 1155 1157 1243 1318 1356 1365 1424 1576 1592 1617 1697 1853 1876 1917 2115 2128 2167 2261 2371 2497 2625 2792 86 1167 2498 321 322 519 673 740 776 1156 1249 1737 1918 1353 1738 2097 2153 2608 74 315 446 1188 2431 763 2165 1289 1152 1321 1355 2065 225 2319 506 201 1774 1458 2387 1175 2306 1029 36 42 2105 1107 1109 1676 1687 178 182 1203 697 1234 2769 1753 1273 2805 1802 805 1326 1354 862 1409 1423 925 435 447 967 2006 
138: 1857 955 1060 1076 1100 1490 200 615 1034 2436 1237 687 1199 1386 140 
140: 1857 1115 708 955 1006 2217 541 1060 1085 1619 1769 2772 1912 1167 2477 1212 1764 409 1573 2458 2505 1967 2546 2764 2406 2335 159 420 2266 1090 138 1072 
467: 1857 2624 955 386 721 1598 1618 1108 2427 501 385 1518 2211 2177 1616 1033 424 691 748 
474: 1857 1115 27 2184 2332 24 535 2049 2524 387 1568 472 2719 2546 1766 1767 2517 2196 385 1518 512 1382 578 2805 2266 
524: 1857 331 1157 387 968 179 1158 385 1511 677 483 1380 1068 
581: 1857 1115 426 885 955 1006 1372 1563 1579 643 1763 123 386 403 580 725 739 948 1060 1085 1148 1151 1157 1173 1617 1697 1768 1832 2049 2093 2202 2452 2472 2183 1618 2477 1905 387 89 599 1156 1201 1378 734 2166 834 1286 1434 1388 2666 1970 2690 1688 1152 1345 1730 1924 48 2378 584 158 1511 900 646 1478 2335 935 2364 2155 182 1213 375 391 578 1518 1569 1088 1611 610 2681 657 667 2207 2785 1771 799 1858 1859 904 1471 
889: 1857 2624 1115 660 885 2501 727 758 1151 1912 1167 1212 387 1322 2730 206 1897 2143 1859 385 1518 1610 2276 1475 2103 1382 2051 2121 1565 1858 257 2275 
1071: 1857 386 2049 1094 
1220: 1857 2624 545 727 878 1796 86 2477 953 2153 1574 2600 2726 1123 498 947 1478 302 1686 2597 2051 1111 2089 
1271: 1857 868 1006 1980 1666 1823 1958 2217 539 1007 1085 1272 1796 2669 1477 2356 1764 834 2709 893 884 1766 1767 1924 2206 896 2289 1273 2155 2204 2430 1175 1382 448 2563 578 2728 1086 1779 1743 2218 
1334: 1857 1413 1610 718 
1377: 1857 2224 459 1896 1610 1475 718 1077 1474 
1471: 1857 331 1115 2332 268 411 1768 1971 2358 2469 2224 350 409 839 2713 2583 2482 377 1507 1641 1659 2511 2544 179 1150 1976 581 1518 1511 1475 483 900 1611 1781 2345 
1519: 1857 386 2049 755 2534 152 1895 1518 291 2051 
1638: 1857 1372 2720 1151 1567 2183 530 534 
1669: 1857 1980 54 948 1768 1906 2223 2359 2666 1766 1897 2364 531 1694 
2545: 1857 331 1115 261 2010 2398 902 1101 1533 1699 2665 406 1239 793 907 834 2153 446 2777 2726 564 1570 83 182 2155 2335 483 1268 1421 1864 
2051: 1857 1958 386 1515 2049 2198 1378 2507 1695 2534 1897 1704 44 1859 889 2766 1858 2611 589 2715 456 1103 1220 1519 
2121: 1857 1372 124 2049 1610 889 1858 110 
2630: 1857 1115 955 1006 124 1993 2049 2477 1388 1674 1022 1775 805 775 
2683: 1857 445 2049 2472 387 777 1510 179 1897 1431 646 115 505 
2733: 1857 425 1510 1542 179 83 1511 483 2611 1781 
2231: 1857 1173 2524 2525 530 1512 893 2165 2086 2058 1810 447 
2746: 1857 1583 535 1492 755 1874 2511 2335 2744 
2299: 1857 768 719 601 16 535 637 948 952 1155 1993 2576 1871 322 1314 2229 896 1323 2762 
2577: 1857 1115 955 174 1483 2154 2543 1764 2124 349 1843 2104 2568 946 2364 65 347 2119 1937 135 2220 311 837 1193 1104 495 
2316: 1857 1115 693 955 606 2745 784 406 1573 1226 1922 929 1152 1321 1570 385 1475 1564 2769 1097 610 1693 
1859: 1857 426 1958 203 758 1157 1768 2049 1316 1388 2534 2544 1158 1766 1767 1897 1290 1413 1976 728 581 385 1805 2051 1561 246 741 889 
2369: 1857 
1895: 1857 331 426 731 1130 1373 1626 1735 2350 2366 2553 673 970 953 1723 1733 2307 1388 2118 2534 1084 2659 1139 1603 922 2155 1734 31 35 252 253 286 288 595 753 960 976 1091 1111 1245 1508 1519 1595 1722 1750 2031 2419 1926 2113 2320 1942 2453 2100 2715 2385 2739 2007 2650 
2448: 1857 2184 1162 2761 1293 2383 1213 443 678 709 
1942: 1857 885 1045 699 1310 950 1311 1817 2075 1705 1512 2060 1940 1309 1431 2178 2210 2378 2468 2197 1895 385 597 1610 1436 1945 1944 1088 724 1091 1966 2479 1801 2496 1939 270 2784 1943 
1944: 1857 2624 1115 955 1415 643 699 758 1131 1151 1310 1971 2049 2154 2543 2574 2183 406 777 950 1311 2806 836 1510 2159 1542 1998 834 953 1188 1649 1940 2015 2082 179 284 2427 1309 1934 1478 1511 1561 611 570 2780 1042 837 1939 1942 1943 1966 2479 1994 
2499: 1857 249 2049 953 1630 2535 1749 1094 113 2335 935 1097 
2018: 1857 249 955 1930 2154 1907 2016 836 1510 1969 2159 2340 1383 79 1188 1659 2015 763 179 2209 1004 1934 2147 212 2364 1406 1511 432 68 935 1420 1421 2710 
65: 2624 1115 1666 758 1645 2655 1510 1542 941 349 2193 2544 1843 2568 1511 900 2492 1503 1104 1096 1937 2577 495 1860 2220 1094 2119 347 
113: 2624 2010 1370 2023 406 2482 1998 1406 366 340 2658 935 1421 1097 1098 2499 
269: 2624 331 1115 426 2701 189 1849 364 2196 1511 1802 632 974 594 1850 
463: 2624 331 1615 955 2174 124 563 773 1059 1157 1185 1243 1796 2257 2504 1912 406 968 1349 2159 953 1434 263 1701 1840 1868 2544 2607 2609 2621 1158 2690 1767 2391 2143 501 251 592 1299 158 2364 1690 2769 1166 1489 2718 1581 1559 2569 281 375 1261 2276 1216 2068 1566 1207 1555 1717 2380 2384 2518 
722: 2624 331 1583 535 757 758 2358 1683 425 789 1352 1510 1542 2359 2544 1897 1755 729 83 1694 1511 13 831 483 1166 935 1693 1072 
862: 2624 1666 1151 1165 1506 2049 1766 1767 2364 385 26 578 
1025: 2624 1115 643 945 1832 2575 321 430 1322 2187 2467 1897 256 611 2530 2071 2396 806 1968 1246 57 1916 
1104: 2624 1115 2377 758 406 425 1311 2187 1998 1723 349 1659 1843 219 1413 2568 65 347 2119 1805 1937 40 2689 1097 2220 724 208 495 1939 2577 2715 
1376: 2624 
1745: 2624 1115 49 486 600 835 853 885 955 1224 1579 2032 2061 2451 2500 484 637 1447 1617 2011 2052 2167 1618 2806 2223 596 1621 2214 453 1536 
1806: 2624 1115 2774 660 203 356 727 945 2439 387 430 607 836 1510 834 2797 1766 1767 1897 1518 1610 1511 1937 1475 2406 1655 1094 1975 1634 1775 1578 470 1565 2638 168 257 686 838 1624 
2103: 2624 331 1115 492 1006 1980 1666 721 758 1007 1148 1151 2098 2524 2574 2655 1912 86 351 387 1865 1510 1542 179 1767 1897 2293 501 158 1842 1511 1268 1503 967 2177 325 748 889 1441 
2116: 2624 2403 2735 2335 
2485: 2624 445 2674 316 810 954 1154 1200 1318 1515 1796 2154 2016 1874 321 322 839 1510 1706 1918 1264 74 315 1659 179 1511 2700 1655 234 518 2785 183 2799 
900: 331 1115 261 492 885 971 1006 2174 1958 88 547 725 758 1451 1548 1619 1768 2052 2093 2198 2358 1747 387 2075 1510 1512 1969 2309 907 1542 834 1695 2544 179 1843 468 1897 2427 2735 1413 2178 44 581 531 83 1610 65 78 1511 1937 611 2341 1894 5 1094 1982 93 2028 1354 1021 1690 1503 837 1804 1471 2068 1710 1845 2109 
1564: 331 445 1608 356 395 810 1114 2198 2261 406 830 2763 425 321 322 1294 1918 2309 1388 2797 1289 1346 158 1570 1818 531 40 5 2316 1021 447 967 1042 1258 1386 1916 2330 2465 2728 
1675: 331 1980 1958 758 755 1747 2193 790 2364 1610 11 646 724 1132 1305 1420 1804 
1503: 331 2302 902 1009 2224 836 1510 907 1542 2307 1659 1936 2015 2082 179 284 1843 2424 2378 441 506 65 1511 1894 11 2103 900 1975 505 1305 1500 1781 2205 
78: 331 1666 2674 768 181 539 902 1101 2655 1747 1681 941 509 2544 2378 83 1610 1511 900 1139 448 2177 2412 1482 
221: 331 953 1511 
2038: 331 773 1085 1101 1151 2370 2497 2669 1912 2507 1542 2097 751 2690 1766 1767 501 40 1489 2759 1268 805 34 345 1248 2681 2811 2718 
1691: 331 2141 1681 1510 408 2378 1511 483 1690 1305 1781 710 
1094: 331 1115 2711 768 1958 181 601 88 2154 2160 2300 2346 2429 2472 86 199 2317 1874 1510 1547 2159 1936 2015 763 1594 1843 2735 1385 1473 2197 1610 65 641 1511 489 2341 1336 900 378 2180 1015 1067 1071 1265 1781 1806 1304 2233 1098 2499 1097 1500 1380 
2710: 331 88 124 758 2141 2346 244 387 2075 1659 2199 2378 1511 2335 1781 211 2018 109 1380 1921 2169 2731 
2380: 331 445 1747 1912 1510 1766 1413 1511 463 
340: 331 445 486 601 1763 124 902 1151 1319 2358 2570 199 387 1442 1537 214 410 491 839 1349 1510 1969 953 2307 2608 1649 2359 1897 1004 1976 334 441 385 2470 83 1694 746 2265 442 68 713 589 724 135 935 2347 228 113 1939 1030 1072 1098 855 483 
1421: 331 249 445 693 1006 1583 1980 2184 2302 2674 124 184 371 427 515 758 1131 1319 1768 1906 2141 2285 2358 351 1683 2439 2763 387 1283 2296 1705 2224 740 789 839 1510 1820 2339 165 1388 2082 2353 2359 763 893 284 1767 1897 1004 219 152 1570 2197 2244 531 83 1694 1610 1511 1805 1674 1458 746 113 2530 2347 483 1382 135 935 1690 1420 724 2018 2545 172 1067 1072 1392 2762 
2492: 1615 445 853 1006 1384 1980 2674 2217 6 55 247 552 902 945 1007 1101 1502 1661 1699 1949 2262 2594 409 968 1706 1737 2019 2507 907 1383 1831 165 315 2015 2176 2229 2431 2493 2777 2797 507 1346 2523 501 592 2012 158 597 83 65 2518 2360 1475 2623 119 202 291 302 311 344 483 688 697 710 775 956 974 976 1057 1141 1166 1304 1371 1374 1414 1536 1543 1670 1880 1885 1929 2186 2264 2794 
1361: 1615 486 971 2500 484 1276 1277 1838 665 2260 2046 751 759 881 1607 2764 1289 1084 1204 1278 1279 1973 326 422 570 2387 2805 105 8 31 36 402 490 2029 
363: 1615 247 945 1840 2059 
397: 1615 131 492 885 1092 1095 1105 1416 1531 1558 1872 2061 2277 2500 2501 2760 1823 1037 1048 1184 1185 1617 2115 2329 1186 2260 1054 1249 975 1264 1738 1289 1422 2065 501 2785 2800 487 2122 933 1687 2633 447 2564 2563 709 281 875 1550 548 
658: 1615 2355 167 810 986 1028 1212 998 1349 2246 2595 1388 1812 1936 1839 374 1489 2640 
764: 1615 1796 406 156 322 2709 863 334 2512 358 2008 
872: 1615 549 440 174 1151 2677 530 2477 1681 491 791 82 1285 947 2335 2107 
1129: 1615 261 418 1153 2217 204 1085 1148 1151 1272 1768 2041 2152 2044 2356 809 953 215 364 1226 1539 893 2209 2568 896 1795 2155 2781 2542 1086 1877 
1438: 1615 2174 298 569 945 1154 1721 2418 953 2476 1936 2017 1960 2468 2360 2211 1022 2357 1268 
2793: 1615 261 1578 
1620: 1615 2141 1212 214 468 2387 1252 
2814: 1615 131 1372 993 2745 755 537 596 1797 2533 290 1795 525 1320 
2189: 1615 243 268 1272 1127 1512 2595 2166 2540 1970 21 697 1776 
2248: 1615 1555 915 
1929: 1615 2035 2276 2492 1760 2109 
911: 2001 1823 539 1100 1120 1509 1838 2022 300 537 673 674 740 964 1108 2349 2307 79 472 1117 1303 1646 2017 2607 2646 2065 485 17 1232 
5: 1115 445 1307 601 247 758 1155 1157 2372 2602 1186 86 2763 387 2224 836 1156 2166 1922 179 1807 1594 1897 12 1321 367 1570 385 538 1511 1475 2541 900 11 1175 1564 646 1690 1975 2623 2752 1634 
22: 1115 601 2669 646 
40: 1115 27 418 853 955 2398 1823 601 243 411 1300 1483 2041 2049 2261 2669 755 1912 2044 685 2187 1542 2456 355 2165 1755 1152 728 108 1564 1765 2038 1405 1104 344 
44: 1115 426 768 601 637 1089 1917 1681 941 2544 863 399 2686 847 900 2051 1146 353 228 
63: 1115 853 1583 1184 1322 528 534 59 711 709 
68: 1115 1930 2010 768 1958 1319 1449 1509 1657 2154 2570 2016 387 1349 1512 2340 1383 2608 1188 1659 2015 863 556 1934 441 2491 2748 531 1932 11 340 13 2265 442 2693 2214 713 589 724 2018 
73: 1115 1981 
175: 1115 651 1552 1367 2474 1759 2251 
211: 1115 795 945 1185 1192 2459 2108 777 1537 807 1547 953 341 1646 1150 2104 2210 2468 538 2478 2754 2321 1436 837 2710 1984 928 
246: 1115 2257 784 953 2523 158 1859 1511 2788 1500 2304 769 
328: 1115 27 955 162 243 535 758 1853 755 406 1764 322 355 1922 1678 12 2199 2319 334 2519 1405 96 1160 
366: 1115 445 1763 2044 530 199 818 1442 1493 1537 2317 2551 2224 1865 1886 2585 2136 1922 2578 1511 113 1837 
417: 1115 885 1144 643 1045 2217 163 1329 1506 2041 2750 755 2757 2044 818 1280 1493 1874 1922 821 2690 2605 183 2598 
447: 1115 261 708 853 885 955 1006 1583 2061 2277 535 1048 2033 2281 406 2477 1127 1820 2003 893 1897 1321 2199 201 1570 1364 26 1146 1564 1261 2231 397 875 2227 996 
471: 1115 853 1583 721 810 1151 1277 1592 1796 2348 2636 2551 2460 376 567 1688 1278 896 11 2251 
550: 1115 261 371 902 907 1779 
557: 1115 1666 757 758 2750 406 530 2164 321 322 409 1918 649 1027 528 534 714 1321 2196 234 2623 917 151 482 2040 1703 963 2127 
611: 1115 1724 1666 725 1169 1310 1370 1645 2154 2167 2543 406 387 777 2296 836 1510 2060 1542 1998 1723 2136 1188 2015 2082 2193 767 179 284 144 1309 2104 1647 2535 2573 2703 785 946 676 1511 1805 1561 900 646 1690 2335 186 1025 2220 837 335 443 636 1944 1067 1611 1953 
618: 1115 243 758 1897 2086 2637 
634: 1115 261 752 1049 1209 1318 1319 2141 2669 755 2679 1023 1766 632 2422 
724: 1115 261 2010 643 1958 88 758 1009 1319 1657 2098 2141 2256 2262 2570 755 406 950 2806 2075 410 839 1349 2713 1383 2608 1766 1767 1897 1896 441 2748 1406 2244 1674 1675 11 340 2335 1945 13 68 135 935 1421 589 2265 442 713 183 1790 1672 1673 1942 1072 1966 1419 1104 
733: 1115 768 643 1958 601 559 1209 2026 2806 934 988 1819 1897 1842 1894 2113 2566 205 
819: 1115 27 864 885 1006 1317 243 356 386 651 810 2416 2677 755 1316 791 1875 2809 2339 1904 355 2526 2690 2427 2066 501 108 1610 1805 2787 1894 2142 182 938 309 
827: 1115 261 1513 1552 1514 
877: 1115 752 1318 1319 2669 755 1875 1434 2476 1630 767 1678 1767 1214 1928 2319 2468 876 2471 2211 1908 1850 2235 
890: 1115 1174 371 758 1002 1395 1572 2041 2141 2669 755 1865 1874 519 1322 2048 1863 1434 1792 988 319 1367 444 2573 2703 946 1655 1786 2204 517 1862 309 841 161 297 
905: 1115 885 2500 1721 1434 1610 220 1213 59 2668 
912: 1115 885 2711 2118 1676 1580 1393 
1013: 1115 1576 830 1922 2726 929 1570 2769 1693 
1022: 1115 955 1558 601 91 121 142 758 902 1172 1185 1515 1874 130 127 834 2409 2797 653 1653 2214 1261 1050 1438 1693 2630 
1044: 1115 768 601 535 2524 1291 321 409 1649 2467 1450 2092 
1064: 1115 549 1872 2302 1763 725 1548 1796 2202 2350 2576 2669 2698 1874 839 903 1054 953 2153 207 384 1846 1766 1767 220 2361 66 487 593 694 1000 2800 2736 2238 
1065: 1115 426 955 2674 1958 1483 2224 1108 1119 1918 1967 2359 863 506 485 2781 2240 
1079: 1115 719 1154 1184 1185 1832 1681 2019 1402 2686 2444 
1091: 1115 953 1723 1895 2050 1942 958 
1096: 1115 1666 1157 1490 1645 2655 2669 755 387 834 1868 1158 1843 1647 48 2212 2468 1570 65 1714 2412 
1106: 1115 261 503 902 1699 2049 2439 839 907 953 2432 1388 2554 469 1179 2225 
1168: 1115 123 203 356 1797 2159 1264 1552 2690 1413 2568 2151 1261 800 
1195: 1115 2152 2356 809 2155 
1292: 1115 2184 1447 1886 1290 2341 
1304: 1115 853 1579 2674 768 203 725 752 2497 2669 755 1907 2356 1905 1874 321 322 809 1505 1918 834 349 1649 1158 1843 1962 347 1511 2700 1937 2492 1094 2155 2190 234 2558 875 
1386: 1115 2500 1958 356 773 888 2261 615 901 1513 953 355 1897 2427 1321 2065 2319 1299 1564 967 1580 2050 610 138 
2766: 1115 1958 535 1272 1156 70 69 794 2051 800 
1458: 1115 1930 643 1958 808 1151 1319 1560 2041 755 406 2044 1510 2607 2690 1204 2491 1420 26 680 1421 2691 2693 1932 1959 1489 
1559: 1115 88 1912 406 1251 1573 1820 2187 127 2544 2607 1413 501 592 463 1146 974 1670 2518 
1580: 1115 486 586 835 853 955 1095 1224 1415 1416 1583 1608 2377 2398 404 71 572 987 1502 1768 86 1764 2130 992 953 1034 1507 759 1970 1289 2399 1321 1456 2474 963 512 1183 2558 99 578 1535 1386 912 922 967 598 882 956 1215 1901 2671 
1605: 1115 549 1872 1980 1114 1689 2115 2382 2524 1186 2509 2356 1905 410 1349 1798 1715 2136 1023 2526 2627 2797 1266 738 1678 85 1844 2146 2394 2749 947 1475 980 2142 84 2220 967 
1632: 1115 2255 1196 323 
1633: 1115 643 77 2022 2257 950 740 2340 1321 1413 1704 2778 2462 1714 413 935 
1680: 1115 1154 1552 2336 2468 2568 205 1419 
1779: 1115 535 902 1085 1272 156 901 907 2709 2777 884 497 2639 2155 2204 1271 550 1743 
1780: 1115 243 1266 
1781: 1115 535 902 1101 1426 2154 2257 2543 2574 406 537 836 970 1510 2768 2339 1542 1723 1659 1936 2082 179 284 2424 1413 2104 2568 2197 83 1610 1511 1094 1503 2733 1975 94 1471 1691 2710 
1790: 1115 1310 1889 950 1311 1817 2075 1705 1309 1805 2200 589 724 2265 2496 270 899 1966 
1850: 1115 124 174 1089 2429 1239 1597 2562 2768 1023 2135 269 876 629 2557 877 2251 2000 
1869: 1115 1157 406 1158 158 
1926: 1115 1006 316 321 322 519 1706 1918 1798 315 158 1895 2471 2700 1475 69 234 318 1160 1508 
1953: 1115 1666 535 2281 2543 901 2019 2124 2395 1723 1303 1897 2803 2104 1561 1937 1081 611 2715 837 1193 
1959: 1115 1930 1958 124 731 757 808 1319 2041 2504 755 2044 1510 834 1552 74 1221 2491 1610 2518 1458 1932 1634 2693 413 718 806 1281 1642 
1966: 1115 643 1958 1310 1889 950 1311 1817 2075 1705 2533 1940 1309 2378 441 2532 2197 531 1945 1944 2200 589 724 1790 2265 442 2496 1939 270 899 1942 1943 2101 
1989: 1115 
1995: 1115 2774 386 1778 1367 2742 
2028: 1115 643 2041 244 2551 1886 1150 1473 83 824 1468 900 293 1984 2137 2068 
2119: 1115 2174 951 351 1681 1874 836 2533 1222 2395 2583 2584 2585 2587 2589 2590 2591 2588 2482 1998 2586 941 349 1843 2568 65 347 1104 2211 1937 2577 495 2220 2689 
2155: 1115 864 1006 2398 123 314 356 948 952 1114 1130 1272 1515 1617 1735 1768 2745 665 2356 1493 804 809 901 1322 2505 1733 1967 2544 2709 884 2726 2546 2427 1367 2455 497 544 581 1895 2471 1240 1129 2215 21 117 239 585 1086 1195 1271 1304 1599 1734 1743 1779 2542 2545 2373 
2192: 1115 726 983 1011 2688 
2211: 1115 864 2083 601 1763 95 752 1131 1318 1319 1768 2011 2047 2281 2669 755 909 86 1167 1905 322 1918 2533 834 408 1922 767 556 2365 1214 1413 48 2178 2210 2212 2293 289 2336 2468 2471 1504 1488 2119 2569 229 1021 1913 2190 2769 239 361 467 635 841 877 1046 1088 1436 1438 2310 2598 
2233: 1115 643 1958 124 484 951 2016 1249 2187 1222 2395 2583 2584 2585 2587 2589 2590 2591 2588 2482 1998 2586 1552 1188 1659 2015 2176 1897 1094 432 2347 2034 
2240: 1115 1958 721 758 888 902 1089 1483 2669 2596 2806 2223 2224 1886 839 1119 793 934 953 472 1443 1250 393 645 1065 1475 1021 2769 2715 
2265: 1115 2010 1958 1009 1657 2049 2262 2570 351 950 2075 839 1349 1383 2608 1659 2544 1896 441 2748 895 11 340 1945 13 68 2673 589 724 1790 1966 183 442 713 1072 
2298: 1115 91 299 535 2524 2576 1186 2108 834 953 1688 947 2470 2478 
2412: 1115 1666 2674 768 203 683 758 1101 1151 1272 1645 1832 2543 2655 1102 1715 941 2182 1226 2193 1647 78 1991 1096 1482 
2422: 1115 2550 634 453 
2444: 1115 2217 902 2524 1239 2190 19 1079 
2462: 1115 643 77 725 2022 2049 2257 1381 950 740 1510 2340 941 1659 1413 1704 1299 158 2778 1511 11 413 1633 1714 
2487: 1115 902 1398 839 2060 2756 2690 1839 1460 18 
2542: 1115 515 539 2110 2152 1477 2356 809 1201 215 847 108 1129 551 2215 2155 1950 999 1743 
2289: 1115 2083 731 1085 1151 1272 1370 2528 1918 1715 2468 2569 2058 1273 248 2214 578 2250 1271 
2623: 1115 2174 1307 601 725 758 218 2763 387 425 185 2246 2431 767 1158 1147 219 1730 1366 557 2492 5 646 762 
2634: 1115 1267 1930 2302 2674 758 1124 1131 1155 2041 2154 2596 2044 1283 1368 2806 2223 2533 2159 2756 2595 934 1698 2070 2532 2151 1975 2693 93 718 1253 2138 
2648: 1115 758 1871 1167 1882 
2664: 1115 
2680: 1115 758 2317 1715 
2689: 1115 2217 808 810 951 1874 807 812 1222 2395 2583 2584 2585 2587 2589 2590 2591 2588 2482 1998 2586 834 2119 1113 1104 
2693: 1115 1531 1930 643 1958 1151 1185 1319 1373 1560 2154 2232 406 2477 387 2551 607 789 968 1156 1349 1737 1738 459 1659 1934 2491 2749 531 1458 1932 1959 2696 2634 2204 68 2691 1268 1991 1880 
2747: 1115 868 580 1017 1192 2041 2110 2459 430 812 1510 2159 834 1643 1701 783 803 64 869 538 1181 2752 1098 
2780: 1115 445 1267 601 808 810 951 86 807 812 836 901 2458 2395 2583 2589 2591 2482 1998 2586 1552 355 1321 1410 957 794 1944 1994 2379 2723 
2597: 2774 535 902 1157 1699 2524 1156 1659 2359 1152 1446 1382 1220 
859: 549 885 643 1823 601 16 1370 2052 2366 2504 2576 2606 788 789 1646 1922 2165 1413 2603 967 2225 
171: 549 1763 606 758 1101 607 901 2048 2060 1542 934 1630 1646 883 635 1925 
1644: 549 719 562 622 2164 1830 2079 1285 
1285: 549 411 535 562 622 1048 1151 1592 2543 2677 2786 755 2509 410 50 2526 2622 2065 1284 177 896 2656 872 1644 
631: 868 539 1218 1685 2081 2669 903 1127 2679 1715 941 953 52 2442 1204 2383 1364 151 223 2170 2446 2222 1841 980 
1380: 868 795 1192 1359 777 1524 1552 1659 1701 144 1150 1473 2468 385 538 1181 352 2478 2754 1094 524 928 1975 2710 1672 1783 1984 710 2514 
1977: 868 2032 245 
1086: 868 955 1763 189 758 1085 1151 1272 1517 1906 834 1383 2709 1475 1129 1273 2155 2204 1271 2430 117 935 2781 
2273: 868 1401 155 1600 1643 2228 
245: 27 955 1372 2041 588 2044 409 430 1349 2136 1922 2427 728 1610 1149 2659 2656 443 1977 2050 
2635: 27 1763 123 167 237 541 745 1515 1526 2022 2745 199 387 1442 2806 2317 2223 2551 1865 214 519 644 812 1259 1904 1314 1621 2646 1888 1501 1870 289 544 2478 2264 2321 746 18 313 798 994 1140 
2659: 27 162 243 431 1243 1370 755 530 1156 355 821 1895 108 245 2656 11 
2707: 27 955 1372 1979 1980 1666 1958 162 243 356 411 476 1318 351 685 901 1156 1322 355 1443 1922 1678 1767 422 108 558 
682: 27 885 1384 2500 181 162 204 243 1076 2669 615 1078 1127 355 1152 681 108 1149 1427 182 443 543 
2791: 27 530 1235 
1818: 27 2711 1666 2674 343 535 902 1699 2337 2553 2576 2669 665 1547 2246 1715 2153 1967 2609 714 2726 2764 1570 2191 2430 1564 1427 1642 1909 2556 2204 
1862: 27 885 955 1583 2677 2153 1158 108 890 2558 787 1062 286 421 
466: 27 28 292 726 1384 1558 2184 1045 1823 2217 204 247 320 386 449 539 546 739 1035 1990 2041 2466 2606 2260 588 2044 2439 596 2339 1830 1568 759 1394 468 1976 2147 2216 801 267 2360 469 2787 2556 23 1062 36 216 248 287 361 2411 1031 525 1433 666 1435 2457 1439 2345 915 1841 2437 838 1653 2357 2008 470 735 1864 
879: 27 1045 1763 2307 2249 393 963 558 2215 2650 2025 2715 840 857 
1240: 27 1958 243 1381 1510 2768 82 584 1081 2155 874 1363 2612 2813 
1802: 28 418 885 1666 719 53 203 247 522 727 867 931 1155 1157 1161 1176 1218 1961 2261 2281 2416 2433 2524 1186 86 1618 321 322 519 998 1102 1156 1223 1306 1918 1264 1353 1863 2249 2511 893 1158 2764 2365 1355 2104 152 2212 405 158 269 558 489 26 1326 1427 69 93 1175 2769 216 258 288 346 845 1261 1354 1692 2367 
1090: 28 75 425 1998 2505 1709 2690 1204 729 848 2471 1569 140 920 
1991: 28 445 726 1930 411 1177 1931 97 1705 2224 599 673 1014 1349 1587 1158 1843 1766 2427 1934 2491 2568 385 1610 2412 2693 1180 36 87 605 1938 2560 2345 2227 
450: 49 643 719 321 322 1706 1918 315 234 518 1175 1486 
2662: 49 
642: 49 131 486 835 853 885 955 1092 1372 1558 1579 1583 2032 2332 2451 2500 2501 2522 2642 535 1490 1567 2033 2287 2761 1167 425 1988 1758 1394 489 2556 2122 216 1687 1500 2054 594 2728 2168 470 875 2074 
2463: 49 726 1979 1980 2184 503 888 1151 2052 1080 374 1750 735 1864 98 514 2737 
2592: 49 885 955 1224 1531 2277 2451 1958 1617 1766 1767 1976 1216 656 
2640: 131 418 1006 1980 123 1007 1318 2698 755 1212 1952 848 2740 658 578 1495 1651 
2800: 131 440 1872 162 299 356 411 1101 2115 1291 1874 410 1054 1820 2060 2456 2682 558 2341 1064 397 487 1866 1986 
469: 131 440 2618 1045 546 810 1169 1572 1906 1949 2052 2429 2669 1291 1747 1167 1212 2016 2075 2193 399 468 2764 2292 2554 2364 1406 466 293 2112 1106 
2464: 131 486 885 1872 2500 2501 162 204 535 725 1617 2388 2459 2576 530 425 1856 2476 943 
2614: 131 1738 2753 1497 
610: 131 440 1095 174 395 1049 1173 1243 1832 2452 2761 2477 1764 409 1108 1127 1512 556 1767 2378 581 2364 2471 2316 2465 1386 1287 2479 
1634: 249 2184 1515 1961 156 836 1303 179 2639 531 1610 1511 1959 5 536 1382 2541 1806 2752 
1420: 249 789 1156 2359 763 2393 1406 1518 83 1675 1458 13 935 1072 1098 1421 2018 
760: 249 745 1697 2544 
402: 249 885 204 411 727 409 410 1539 1361 
1072: 249 1415 1930 2010 2217 2285 2358 2570 156 1349 1737 2359 2690 441 2244 1149 1749 340 2335 1420 1421 844 140 657 275 722 589 724 2265 312 442 713 636 533 1325 2486 
318: 261 864 885 181 226 515 637 758 3 998 1239 793 2609 1402 1973 2070 70 2402 93 19 178 275 297 2025 1926 2654 
2403: 261 1763 71 279 411 503 651 758 1009 1492 1699 1949 1993 2128 2198 1711 1291 387 1442 2317 409 537 607 804 1875 2339 907 1552 2608 50 215 472 2511 1147 2365 4 108 182 197 271 346 428 433 963 1042 1196 1290 1331 1469 1744 1902 1955 1957 1962 2040 2116 2157 2341 2391 2593 2798 2735 2417 
1478: 261 2618 1763 515 535 582 902 1101 1151 1154 1247 1310 1342 1699 1768 1769 2154 2524 2525 86 199 387 973 1442 409 430 537 1102 1510 907 2182 1659 1922 2666 714 1607 468 1766 1767 498 972 581 2364 1518 1511 11 1475 135 302 1220 1427 1474 1939 1805 1944 2050 2470 
697: 261 371 1243 1156 1820 364 1978 423 2199 2319 2492 26 1146 1489 1750 1741 2189 
2341: 261 445 1174 1958 2217 121 189 203 243 535 699 786 808 886 902 1169 1699 1746 2041 2416 2429 2543 2576 2655 244 755 1291 2044 2255 199 1442 2806 2317 2551 1865 1886 156 185 372 599 839 968 998 1080 1875 2060 2533 2156 2159 2458 906 934 1027 2063 2608 79 472 1521 1641 1695 1784 2193 2753 2797 1807 2424 1897 2403 1955 1960 2735 1204 1744 32 301 1299 1570 538 2787 900 1975 943 84 353 428 432 1042 1094 1292 1302 1520 1670 1682 1726 1732 1847 1943 2245 2556 2800 2406 
1042: 261 407 1763 71 121 174 279 411 479 566 580 1699 2198 2183 1291 199 1442 2317 2551 537 1597 1969 215 2403 1955 2735 2391 1196 1744 1957 2293 108 2341 1609 60 2253 1944 1564 629 428 337 1331 
126: 261 730 1875 2106 1439 2417 
197: 261 2332 601 515 752 1085 1342 1949 2201 755 1291 970 1758 1715 381 2351 2403 1955 2735 334 498 505 2605 302 1742 
1516: 261 1980 2184 1808 
2087: 261 
2144: 261 546 745 752 988 
1164: 261 2506 607 966 
1682: 261 955 1824 1980 1076 2669 1102 1805 2341 517 
2205: 261 660 835 853 885 1224 1558 1583 2500 654 1912 1542 1503 346 
520: 261 299 1849 2454 
1207: 261 945 1243 2141 2621 863 592 463 1233 489 1099 
707: 261 2171 1419 816 823 815 
2785: 261 853 955 316 1455 2504 327 321 322 519 1706 1918 315 1970 790 201 581 2700 1099 489 2190 2204 234 517 794 2485 1462 397 841 2139 
2794: 261 1243 2621 863 2143 301 2537 2492 1719 1578 1474 
1312: 261 853 955 2061 356 1683 1212 158 
817: 261 
325: 261 1579 2270 1155 1156 1820 1434 1123 1934 2103 710 1441 
374: 261 268 986 2776 615 941 423 538 2463 2253 658 1468 
1910: 261 1085 2576 1228 1273 
2453: 261 1895 1475 
1244: 261 226 230 2081 232 679 1108 1259 2679 2442 2378 2215 1371 761 787 2435 1546 223 2644 222 2225 
949: 261 955 2500 1045 1958 2217 515 909 2224 1156 1352 2246 2153 2608 2015 1196 1934 1676 1765 2742 627 1178 
2000: 261 1815 884 1850 
2518: 261 835 1006 1558 2174 204 411 670 945 1796 2524 2625 2669 665 1186 1905 409 410 430 607 1542 2290 1941 953 2118 2517 2196 801 592 2364 558 463 1559 2492 922 2805 1847 2367 2611 1959 806 1795 849 2384 370 1216 1719 2055 
966: 261 386 2506 2528 1683 607 2460 2470 1164 
2639: 292 426 637 721 1341 1493 1634 1779 656 
2234: 292 1579 725 2388 2476 2638 1000 2030 
720: 292 1579 2302 174 503 535 539 758 810 1101 1502 1557 1796 1993 2745 1988 89 185 214 537 673 1108 1223 1573 2060 1941 1992 263 2351 2219 2215 182 1913 1233 
1233: 292 885 1579 2302 2513 1666 71 174 243 503 535 539 606 1101 1557 1796 1848 1993 2677 2745 244 995 1167 1988 89 185 214 537 673 1108 1223 1573 2060 793 1992 1568 2153 364 1337 2351 2725 2165 2219 501 2682 575 1207 833 1043 2215 720 61 542 2457 1731 1987 2637 2077 
856: 292 971 2184 204 546 725 993 75 1167 674 2153 1924 2378 801 848 201 1795 99 435 1454 1788 2559 1836 1235 
1175: 401 885 247 1035 1627 1721 2171 2281 2669 75 1905 2768 364 64 2199 1610 5 26 1146 1271 1802 450 236 1741 481 657 92 771 1400 2064 1794 1565 1834 1457 1205 2437 1229 
2638: 401 885 1224 1579 2500 449 725 1990 2287 2459 685 1856 1967 1394 1766 2274 2530 478 2357 178 1180 1178 2234 1522 1806 2790 1794 1205 2268 2308 161 664 942 1040 1179 2612 2789 
216: 418 835 2302 2281 1442 1394 466 1802 1433 642 1194 
286: 418 508 1176 1218 1699 1746 1856 214 903 2679 1967 759 2690 2399 2230 1895 2264 1146 2605 213 1862 151 1522 2741 2527 1140 
1765: 418 492 2184 2398 1100 1218 1881 406 1102 992 1831 2153 446 1303 1936 385 1511 40 1382 949 2266 1748 
2266: 418 853 1006 1980 1958 2217 1567 1619 2669 2792 530 1905 1512 1767 212 558 2654 20 140 1765 147 474 861 1748 
1235: 418 486 971 2513 415 1848 143 1228 2383 2682 1909 1653 99 856 657 2791 1454 160 336 
761: 418 885 953 2399 1196 2435 223 2225 1244 526 1546 
1405: 418 1444 1558 277 1085 1617 1796 1949 2098 2281 2631 2745 1167 199 1156 992 2118 2467 2066 2319 1795 40 1273 182 328 420 1866 
2195: 418 1489 
2214: 418 440 853 885 955 1579 1872 2332 2500 2501 407 945 1157 1185 1509 2596 2296 1574 1612 2607 1698 1664 1022 2289 1566 68 1687 1864 1745 213 1956 
2474: 418 426 835 601 1598 176 2596 2477 419 922 61 175 255 749 1580 1841 2053 2170 2250 2676 
1585: 418 411 1291 1311 2682 1810 
1965: 418 
873: 418 440 2477 
861: 418 1665 2344 2781 2266 224 1454 1845 227 
2250: 418 2302 174 2052 909 2509 1537 409 1641 2526 2474 1427 2289 2479 
1107: 418 440 955 1724 1200 2115 2669 2439 2763 1820 2019 2627 1402 2656 26 2344 80 2812 2675 1110 
741: 418 643 1045 163 237 386 1157 2081 2366 1228 1859 
33: 426 864 955 1579 1583 539 810 1509 1838 2022 2366 755 406 2356 2763 537 673 674 2809 2349 953 1568 79 1303 2017 1330 1191 1279 2378 1805 2335 15 1639 2113 1873 2264 485 
2561: 426 493 953 2206 896 2637 
2056: 426 535 351 156 324 2768 1388 2118 2544 
2579: 426 2074 
544: 426 1666 181 2149 351 968 1547 2048 953 1552 1303 794 2635 2155 
1570: 426 445 1608 2302 1666 768 55 316 725 773 810 1114 1161 1746 2042 2167 2179 2198 1849 830 425 2806 2223 321 322 789 1294 1512 1706 1918 1969 2309 2482 1434 1709 1868 2467 2544 2797 2427 1321 1422 2178 234 516 518 5 1564 128 447 636 816 967 1013 1021 1096 1268 1421 2341 2545 2316 2190 1818 2330 2204 1690 2345 2728 2496 2465 
575: 426 1583 809 1755 1152 182 1233 1454 1476 
2685: 426 1980 2184 2302 1897 2378 1672 
2197: 426 445 643 601 604 1157 2011 2433 2574 603 1311 836 1510 2533 2307 1646 179 1413 1511 1094 1421 1781 1942 1966 
2740: 426 356 2524 1552 2530 613 2640 680 412 
1813: 426 955 637 603 1797 2533 1542 592 943 
2402: 426 2011 327 318 20 147 1024 1149 2241 2295 2362 
1406: 426 184 1063 1148 1560 740 789 2533 468 1897 724 1420 1518 2018 113 469 1694 
1328: 426 768 601 637 758 2806 1649 2803 48 94 667 
2471: 426 864 885 1980 541 1796 2524 2669 755 327 1204 1413 2383 2155 1090 1358 2211 1926 2739 323 610 1599 164 877 2385 
1842: 426 768 601 637 1451 2281 2783 1715 1897 646 746 2103 733 
1465: 426 
1504: 426 1763 535 758 1131 1154 2047 2543 387 321 1156 834 1897 1214 1413 2178 2210 2212 289 2336 2468 2211 1046 2569 1088 1436 2310 
989: 426 
1739: 426 1454 2054 657 1476 
2805: 440 1006 2398 1307 54 204 2260 530 534 1922 1766 1767 2065 2364 2518 26 182 1491 2781 1361 1479 474 
281: 440 1095 1317 1872 773 1048 1055 1243 1449 1619 2141 2329 2504 1912 1316 1881 2016 214 1820 1875 1904 953 1434 165 2046 2526 2600 1678 1422 1545 2216 405 2538 501 1299 463 375 487 1986 397 2113 2742 916 680 2386 
330: 440 2262 1390 
344: 440 2398 535 1640 2141 2492 40 1382 443 
487: 440 853 955 1872 1151 2115 2329 2477 1054 2753 728 1064 2800 794 397 281 1986 933 
1525: 440 853 1261 
1538: 440 810 1048 1291 596 1489 1268 345 
1032: 440 1045 449 721 2042 596 2496 
1550: 440 1872 2061 204 535 2260 2806 528 2427 2199 397 1423 2479 
2611: 440 853 2016 1352 2507 2583 2482 1117 1812 104 1321 1473 70 334 405 2593 2518 2138 2598 991 2368 2733 1935 2051 109 
2465: 440 1006 204 247 612 1007 1048 1114 2329 2596 322 1918 1394 556 2798 1570 2360 1581 2190 518 1564 1687 81 610 614 1836 
1541: 440 1823 2356 953 2307 2705 
2742: 440 2184 411 479 606 1301 2459 2439 2153 2609 1970 308 201 96 949 2376 1995 281 794 571 1111 1075 94 266 1480 2379 
2770: 440 
1759: 440 176 953 175 
1811: 440 1045 484 721 2781 1551 
2067: 440 885 643 2509 2477 534 1413 1760 443 
2322: 440 2521 
822: 440 148 158 2430 159 
2796: 440 768 2734 1349 127 2046 2364 2781 
1364: 440 2500 1666 2217 439 1176 2459 1681 1874 740 1034 2153 2193 2364 631 447 41 1111 258 571 632 1050 1248 2699 
1369: 440 637 1796 603 2533 127 2690 
1890: 440 2781 
980: 440 386 439 993 1560 2011 2041 2044 1884 964 1108 2809 2679 64 1839 631 2327 2215 147 2264 632 151 295 1522 1546 2334 1211 1605 
933: 440 955 1872 2061 204 411 2115 1881 410 1054 1820 1158 487 397 1986 
93: 445 247 316 535 1151 1157 1917 1186 2763 2224 321 322 730 1156 1706 1758 1918 1353 315 2319 148 385 2700 2569 1475 120 2634 2086 1642 2190 234 518 318 517 900 2769 1802 1354 2781 2180 2221 1187 302 
2092: 445 2302 758 1169 755 767 1044 1690 505 
577: 445 2711 559 1162 1483 491 1239 2267 988 2399 1413 506 787 
585: 445 1272 530 2224 1226 2797 1807 158 597 1475 1642 2155 2304 1693 
1692: 445 2174 88 95 725 752 758 1155 1157 2098 2141 2281 1747 75 964 1156 1510 1897 1355 2293 1511 1802 1891 
2769: 445 1317 1307 719 449 1155 1157 1200 2416 2433 1186 2439 2763 1442 2296 599 791 1156 1758 1264 834 408 2797 924 179 1158 1410 2468 2568 83 1511 463 1670 26 2211 2316 93 1802 483 1741 1088 1013 1391 1693 2096 2238 2240 2263 
1756: 445 2083 181 356 745 2750 901 1413 122 2336 360 613 1241 
1336: 445 1006 1958 356 1101 1341 2502 755 2044 1313 615 1078 1283 1493 2806 2317 2223 2551 1865 1886 130 2533 2188 2768 2309 2395 1659 1708 1792 2491 1021 1094 1845 1112 2478 2754 
794: 486 2513 1153 6 386 403 802 954 1002 1009 1218 1598 1697 1851 2115 2154 2287 2525 2761 2296 1223 1512 1861 1264 1715 1863 79 1074 1922 2134 2547 1778 2436 1289 2066 2297 498 2568 2798 896 544 2780 2190 2785 487 2766 1776 1879 193 1068 639 916 1479 2742 
99: 486 586 955 1006 1579 2501 2522 484 1157 1567 1598 1617 2098 2202 2543 2665 1316 1167 2223 410 430 1156 2351 893 2210 2549 766 1511 570 591 2781 844 943 709 1580 663 856 2715 1235 994 
183: 486 955 2061 1426 1506 2115 2570 406 425 1537 2779 409 2395 2482 1998 2063 1659 1897 441 1805 417 1358 413 1496 2485 505 724 2245 2265 713 1925 2100 
288: 486 494 2398 404 162 1157 2392 755 1442 1158 2519 158 1895 108 1802 159 103 2177 76 1141 956 1215 
437: 486 853 955 2061 2575 256 2396 1968 1246 2563 57 
490: 486 885 955 1006 1821 484 727 1007 1101 1172 1567 1617 1167 1865 1251 1568 263 632 1361 709 943 
1036: 486 955 1372 2032 2451 2500 2501 371 1490 1567 406 425 578 1530 2311 
1601: 486 371 
2699: 486 903 376 1364 
1719: 486 955 2061 547 1157 1156 459 1840 2131 863 1158 1150 2378 538 1181 2518 352 2478 2759 2794 1751 991 1474 1555 2194 
709: 486 1583 484 987 1276 1277 1375 2761 1434 2690 1279 1677 523 99 397 2034 589 63 943 66 490 2448 
525: 486 853 955 1372 1558 1583 2061 739 948 1592 355 2216 2787 2556 2406 466 1146 2814 1741 1213 1180 737 
2804: 486 835 1583 2153 
875: 486 853 885 955 1416 1558 1579 1583 2032 2061 2522 961 1085 1768 2033 2504 2477 409 410 596 1014 2768 1394 1799 2216 501 201 2364 1304 2177 397 2368 447 2345 642 956 932 470 2238 2030 1407 2227 
1837: 486 853 955 2061 1264 366 
1883: 486 2061 1882 2243 
1901: 486 2061 476 484 1007 1167 1580 943 
904: 486 1006 181 725 1151 1155 1341 1567 2281 1963 199 1102 1249 1251 2267 1612 1152 1250 581 182 1139 1611 
956: 486 853 885 955 1372 1415 1583 1821 2032 2061 1218 596 953 1219 2492 1760 288 1580 1841 168 875 1058 2089 
103: 492 2010 719 727 1155 2281 3 387 998 1352 1706 1353 2118 893 1355 1427 102 633 2434 1800 2387 1423 288 935 1712 1845 1985 1354 589 105 
551: 492 643 204 411 515 604 1063 1185 1370 1426 2033 530 410 1349 1428 2097 1443 2151 11 443 2542 
23: 492 1558 1583 371 1169 466 1230 1734 1479 1062 470 250 735 
2338: 492 1372 1958 24 2052 
512: 492 1006 1979 1980 2184 2398 404 204 411 535 1007 1048 1100 1101 1426 2576 2631 1291 477 409 410 537 2768 907 2166 1568 384 2777 2546 1766 1767 1219 2199 474 1873 1580 1841 578 1183 
1710: 492 349 347 370 900 943 192 
2537: 492 1958 1483 592 2794 
1058: 492 660 885 955 1105 1224 1416 1444 1583 2032 2061 2277 1764 472 1767 1289 1219 2122 956 2238 
1213: 586 955 582 808 1768 1769 2179 2481 530 1442 1766 1767 581 2364 2406 516 34 336 525 595 813 905 1016 2448 1866 
1062: 600 2184 1035 1894 466 1653 1862 1864 1439 23 1433 
2077: 600 725 1617 972 1233 
1460: 660 174 238 545 1838 2669 2708 755 1618 1477 998 1718 2017 2627 2546 1147 2069 326 843 814 2151 2556 1146 2204 1171 2168 2487 2564 1497 2527 841 865 2673 2245 2227 2516 
2799: 660 853 885 955 1372 1583 1872 2504 327 321 322 519 1918 364 1289 501 790 489 2190 1232 2430 2485 2328 
2238: 660 853 885 1224 1384 1579 725 727 1617 1856 2476 1709 1767 1064 2769 657 1855 1058 875 2030 
43: 693 
1916: 693 1583 1598 2011 1967 1289 1896 1928 2191 1564 2650 1025 1814 
1258: 693 2184 1185 2011 2048 1289 1896 501 2191 1564 
1215: 698 2398 1218 1272 1598 2287 2097 1226 1766 1152 1219 801 182 288 1423 1580 1841 255 
1624: 698 1384 2524 2768 509 1806 
1540: 726 885 449 721 1200 2439 85 1551 838 1433 
2059: 726 449 1184 2734 809 1733 2621 1404 1216 2807 363 
451: 726 739 2439 1034 2781 1180 2437 
2671: 726 1200 1526 1610 983 2737 1580 2790 735 
1146: 835 2674 601 316 317 931 1114 1157 2543 1881 1167 2016 321 322 519 1156 1249 1706 1918 975 1353 953 1738 1831 315 1117 2467 2621 1473 44 1149 1559 489 1175 2190 1029 2105 697 1753 1326 1354 447 286 525 718 1460 
66: 835 853 1064 709 
2186: 835 885 1372 1980 2302 1666 1045 1823 1958 2217 484 758 993 1148 1151 1370 1697 351 1167 2439 214 953 2193 1805 2492 518 182 657 
943: 853 885 955 1095 1224 1558 1583 1872 2061 2500 2501 2217 484 727 1162 1172 1617 1645 2504 2655 1167 425 834 219 2297 869 1813 2276 833 2341 1760 99 311 1216 2681 709 7 1710 490 923 1901 2464 
713: 853 955 2010 2061 643 1009 1657 2262 2570 406 950 2075 839 1349 1383 2608 1896 441 2748 2191 2787 11 340 2335 1945 13 1171 68 186 589 724 2265 183 442 1072 
470: 853 885 1558 2522 1045 1823 294 320 715 721 961 2439 1394 1767 1974 1610 2360 466 2357 1551 1806 642 23 735 1031 875 
311: 853 955 2061 1157 1218 1483 2141 2154 2543 2124 1992 1723 1303 2544 2607 144 1150 2104 1561 2492 135 943 2577 2715 837 
526: 853 1384 1579 384 761 594 1794 2225 
2030: 853 955 1583 2184 1567 530 1102 2234 1000 2238 875 
2105: 853 885 1583 2281 1167 615 364 2199 26 1146 1234 
2161: 853 955 2061 98 274 278 
2239: 853 955 1583 1766 1767 201 1000 
2782: 853 955 2061 1370 755 777 1998 941 1286 349 556 790 676 1511 1937 2706 
2345: 853 1558 1583 1980 2451 725 1548 1796 2439 1856 2809 2153 2476 1394 2216 1570 963 2787 2556 466 2306 2344 1991 1246 1471 1841 875 
2360: 853 955 1579 1583 2061 1045 254 1154 1971 2003 2600 1766 1767 592 201 2492 466 470 1433 2180 2465 1438 2122 
996: 853 885 955 1558 1579 2061 2277 2501 2477 2364 375 1986 447 
485: 864 885 955 643 404 1045 1823 386 539 810 965 1066 1100 1370 1509 1838 2022 2366 143 2763 537 674 740 2809 2349 1034 2307 79 1303 2017 2118 2607 2646 1330 1279 33 1065 1805 15 911 1232 
999: 864 2792 1905 1201 69 2739 2542 
1005: 864 1666 1707 2110 1127 1778 2219 2215 2435 571 
2603: 864 885 955 1666 1045 181 601 604 810 2366 86 859 
1143: 864 1979 1980 725 2388 2761 1293 1434 2690 638 
1676: 864 1045 124 535 539 902 1661 156 2515 1863 364 32 540 26 236 949 912 1445 753 
2194: 864 885 1045 371 535 1618 491 1597 2188 1383 1568 444 848 2705 1719 1308 
2762: 864 637 89 788 1573 1542 2482 953 2460 2607 2299 1421 
1234: 864 2199 26 1029 2105 
1751: 864 810 351 1719 
2803: 864 1045 2281 2574 409 2048 50 1934 1328 114 1953 
2327: 864 885 2302 1666 643 439 1300 2081 2110 351 1381 2679 2378 1268 787 980 1489 379 2342 
2385: 864 1272 2110 1477 1196 1204 1895 2471 2739 164 627 
2058: 885 955 1006 1583 204 298 317 411 731 2226 2314 2665 1167 2498 3 409 410 998 1512 649 1269 52 315 423 790 2289 383 462 1497 1753 1879 2812 2200 2231 
1113: 885 2061 2184 1666 582 810 951 1370 2669 2745 755 1381 1222 2395 2583 2584 2585 2587 2589 2590 2591 2588 2482 1998 2586 1843 455 895 11 1653 2689 1491 
72: 885 163 243 569 1120 1557 1707 2366 755 964 1108 1306 2809 2349 1678 1330 1749 938 1466 937 753 892 2566 663 939 571 
81: 885 535 546 612 1173 1832 2452 534 584 1760 2465 
100: 885 1980 356 2477 2060 2187 2600 2199 2715 38 2599 621 101 579 
137: 885 1610 
267: 885 955 1372 1416 1583 1872 2760 1190 612 1449 2115 2404 1442 1249 2153 751 1678 1413 466 558 2245 666 
302: 885 2355 515 535 757 871 1342 2504 2525 1291 327 321 322 1918 315 2351 2427 1084 2319 498 790 1478 2700 2492 197 2190 93 234 518 1220 2496 
309: 885 1317 1699 1827 1316 75 906 2229 319 1698 501 2470 1475 590 1472 890 2417 819 920 1408 
362: 885 1224 1958 719 95 622 727 1076 1155 2392 2574 530 430 2809 1715 623 2065 422 2519 2086 1569 
832: 885 955 1579 2500 2217 1185 1567 2287 127 558 
1000: 885 1045 727 2224 1264 1367 2568 1064 1866 2234 2239 2030 
1029: 885 1307 191 727 2281 1167 519 364 1539 2199 26 1146 69 1234 
1134: 885 907 2519 
1159: 885 773 755 148 916 2251 
1194: 885 955 1444 1583 2500 953 216 
1208: 885 163 2325 321 322 1918 315 2700 234 
1331: 885 2674 1045 810 1009 2669 909 1573 2403 1290 1042 
1427: 885 181 535 810 902 1151 1310 1370 1619 2325 2576 218 755 406 530 685 537 812 1102 1830 2118 893 1928 659 1818 1478 2470 103 2335 1802 682 2250 2005 
1433: 885 2500 1045 1823 546 1048 2439 2809 127 2131 2360 466 216 2737 2437 36 58 1540 1073 1062 609 915 2651 
1847: 885 1006 1329 2287 1291 2044 165 384 1499 751 2518 824 2341 1268 41 303 2275 2739 
2112: 885 643 1398 1997 712 2143 469 489 1760 2430 1392 
2177: 885 955 1006 1224 1531 1558 1583 2184 2277 2451 386 427 725 752 1007 1151 1318 1319 1567 1617 2141 2524 2553 2669 755 2183 2498 425 1764 130 964 1108 1505 1715 127 1568 2797 1767 64 1191 896 558 78 2787 1475 2264 983 2103 1203 1639 288 467 875 1133 1486 1546 
2269: 885 1045 2469 2349 2405 687 2244 523 1417 47 1170 
2313: 885 1583 1980 2184 530 1568 534 2650 2376 2407 
2342: 885 2302 1101 2110 351 232 2460 1437 988 1330 2327 223 1829 
2554: 885 1635 1815 2528 327 1212 1988 2124 953 1584 50 712 1778 468 2292 2065 469 1106 1445 2552 
2604: 885 1823 986 1990 1621 2364 1795 1486 
2650: 885 1045 2217 243 268 637 2337 156 1156 2768 2427 2191 1895 1894 1520 102 229 2654 2025 879 1170 1916 2020 2313 
2675: 885 1157 2524 1881 2130 1709 2600 1767 225 405 558 1107 
2697: 885 163 2339 2478 2321 1261 1305 782 
2727: 885 643 1045 2153 459 441 696 851 
2741: 885 535 2179 185 390 2427 938 1026 1938 286 1479 31 811 
2812: 885 955 2217 348 1243 1572 2052 1127 2319 2058 1107 443 2074 
892: 885 569 1162 1185 2110 2509 2219 2215 938 1417 72 923 
928: 885 1009 1451 2052 755 603 776 2533 2482 2066 2146 229 211 543 1380 
1138: 955 16 2204 787 2389 
2787: 955 1317 1372 1558 1583 1930 2217 55 123 189 243 386 535 810 948 1318 1370 1548 1592 2049 2285 2504 2677 755 2183 1291 1316 1849 1381 1368 324 537 1102 1108 2339 2166 2136 2476 355 2193 2493 2427 2216 2749 108 531 713 18 466 525 819 894 1073 1227 1554 1611 1653 1795 2177 2341 2345 2496 
250: 955 2032 2451 1268 2117 23 
59: 955 1579 1045 1154 406 1108 1293 1394 1974 63 905 2180 711 
60: 955 810 2745 2309 734 2493 2735 1321 1610 646 2335 1042 691 2294 894 
84: 955 2010 1184 1185 1291 1156 2735 2341 1605 
87: 955 1006 439 515 1007 321 1102 2335 1991 1241 
153: 955 
169: 955 
228: 955 1962 44 340 194 
457: 955 2302 181 86 615 596 213 
482: 955 1307 174 580 1697 2677 557 1810 667 
628: 955 243 1156 355 
664: 955 1045 2638 2373 
1011: 955 2061 2343 1157 2734 1289 2192 2688 
1216: 955 2032 2277 2500 1746 1881 2351 1266 1767 1289 501 463 2518 489 943 2592 2367 2368 1845 932 2059 
1287: 955 643 715 1157 2439 903 82 2627 122 1923 632 610 750 770 1098 
1308: 955 1045 1838 1212 1597 1795 2443 2194 224 2283 
1462: 955 2098 321 322 1918 2166 315 364 1897 1099 120 234 518 2785 2096 1637 
1527: 955 1282 1372 348 243 484 810 1370 1662 351 2535 2703 946 1610 1937 443 1582 916 
1816: 955 1196 1935 323 
1885: 955 2042 685 2492 
2330: 955 237 2383 1570 96 1564 2113 164 680 1407 2514 
990: 955 386 993 1849 934 2627 2219 2215 
1454: 971 71 2806 2153 1228 2383 2682 575 1739 1653 856 1235 861 336 736 
1703: 971 1218 2466 557 2190 675 346 1841 
2457: 971 1531 411 603 466 1233 
923: 971 510 943 892 2362 2486 1828 
648: 1006 2184 1007 1272 1567 2287 2528 2183 2509 1764 1568 1226 714 1766 1767 2735 443 
842: 1006 1979 1980 204 2676 61 749 1448 2053 
2027: 1006 431 2170 2615 
2101: 1006 725 2543 603 387 950 2075 2533 953 2104 501 801 946 837 1193 1966 
1577: 1006 1979 1980 1370 2439 2595 1715 1701 2493 2364 1795 265 
1145: 1006 1007 1272 2023 1226 359 754 2781 
2180: 1006 1224 2010 2500 1307 2217 204 411 515 1721 2498 615 1102 2393 2360 1094 93 59 
1246: 1006 515 725 2011 2553 2575 327 315 256 2396 1968 57 2563 437 1025 2345 
2286: 1006 476 1101 290 
1305: 1006 1979 1980 1126 1699 950 1442 839 1510 1542 834 408 767 988 179 1766 1897 1150 2378 531 1610 1511 1674 1675 646 1690 1503 578 1968 2697 710 1691 
1825: 1006 123 725 1007 2319 389 2050 
1323: 1006 601 752 1851 1906 2631 2669 755 1874 834 1649 767 2299 
1925: 1006 721 1272 665 2806 1322 1758 1998 273 1188 1659 1922 104 1704 171 183 
333: 1095 747 1209 1270 1884 1477 560 1849 1212 2695 
1324: 1095 204 2167 2019 1792 1511 1320 
2376: 1105 1979 1980 1177 1449 2575 755 1156 1264 1715 1084 85 2364 778 2313 2373 2742 
1261: 1105 719 476 808 1319 2022 2141 2325 2459 2576 2255 2477 1537 2156 1641 623 751 1158 2690 2764 251 158 463 1360 2321 1022 1793 182 2204 1802 1268 447 2718 2653 1168 680 1525 2697 
1546: 1144 1384 439 1176 1231 2110 898 1322 953 732 988 1266 419 1766 1767 2399 2219 1367 980 1581 2177 578 849 959 1500 761 2566 1244 2567 1430 1829 2400 
96: 1174 307 373 431 479 652 758 773 1151 1301 1318 1449 1702 1735 1796 2162 2425 2459 2576 901 1434 2153 2307 2383 305 2086 1653 328 1753 41 1111 94 266 2330 1575 1075 571 2742 2495 1480 1696 
1760: 1174 547 622 808 2036 2543 530 830 2075 1705 730 2019 1410 498 645 2703 531 1015 2461 1945 943 2633 448 81 239 899 936 956 2067 1929 2112 
2122: 1224 1416 1558 1583 643 204 268 752 1048 1272 1156 1394 2216 558 2360 967 642 397 1058 1333 
2237: 1224 1444 1579 2500 725 2287 2459 2761 1394 1766 
413: 1267 1666 643 77 146 2022 2257 755 950 1874 740 1102 1510 2340 934 2432 1922 1413 1704 2319 2778 558 1511 2462 1714 1937 1959 448 183 1633 
1994: 1267 427 808 810 673 807 812 836 2458 2583 2482 953 1723 315 2292 957 2780 1944 2379 
1486: 1282 2262 450 2177 1211 2604 942 2095 1018 854 1586 
172: 1372 515 535 1148 2524 2543 387 2224 901 1897 1431 1896 2191 531 1805 935 1421 1067 
2102: 1372 191 317 321 1239 
1770: 1416 1228 7 
1180: 1416 1045 1177 596 1156 2246 1238 1991 2638 525 451 
2031: 1444 2217 2459 214 953 1895 1111 1170 
1073: 1531 2184 2277 808 1035 1200 2179 2524 970 2534 1228 2787 2657 2737 594 2252 1433 2127 1242 
538: 1558 1045 1958 268 1185 2325 1291 776 839 2349 941 1074 1117 2695 1594 1501 2735 1413 2519 374 5 11 211 293 2341 1423 1947 1719 2747 1380 
67: 1558 1583 2184 2451 204 371 535 902 1148 1567 2183 387 425 1681 1764 839 2159 2482 1568 2365 645 531 1511 1805 1810 2368 2367 2752 253 
932: 1558 356 411 2427 896 1216 128 875 
1297: 1558 1157 1161 2429 1618 387 425 185 1156 1767 1897 2748 2191 375 
2109: 1558 1958 1126 1434 1755 1986 900 917 1929 
2728: 1558 2061 299 705 1085 1275 1277 406 89 1223 472 1766 1767 1279 326 1570 1795 1271 1564 844 642 2294 672 2175 
2227: 1558 1990 2477 1460 1991 447 875 280 
1771: 1558 1583 2398 2513 580 612 871 1085 1173 1768 1832 2073 2167 2452 2075 430 2166 2097 2544 584 581 578 1535 
591: 1563 2184 2524 1764 730 1014 1251 2060 1568 1784 821 2530 99 
2712: 1563 181 204 1949 2631 588 2165 2393 
1933: 1563 546 2758 2776 804 2187 2306 266 
1720: 1563 700 830 1878 2555 
1097: 1579 88 1130 776 964 2797 893 1158 1897 2748 83 1511 1674 1094 113 2316 2335 718 2347 778 1104 2203 2499 
655: 1583 1228 1610 
749: 1583 2474 842 1748 1892 
1046: 1583 768 1958 181 2047 2669 86 214 953 1214 2178 2210 2212 289 2468 1504 2569 2211 1436 1088 
1407: 1583 2711 2383 2330 680 875 
2490: 1583 1666 2477 607 2476 1774 
2479: 1583 189 612 1049 2011 2506 2570 406 1737 1206 2091 1641 1940 1418 2427 1944 2250 1139 2512 610 1550 1939 1942 2702 
513: 1724 
2040: 1824 1291 2403 2735 848 592 557 1495 
1986: 1872 203 2504 176 1158 2800 487 933 1879 281 710 996 2375 2109 
57: 1930 643 2575 199 256 946 2605 2396 186 1968 1246 1025 2563 437 
2691: 1930 1319 1311 1874 1102 2544 2491 1458 2279 2696 2530 2693 
1932: 1930 1958 1319 2041 2154 406 2044 387 1659 1934 2491 531 1458 68 2693 1959 
1109: 1979 1980 2184 1666 95 1567 1990 2677 2183 1764 964 1568 26 
1748: 1979 1980 1085 1765 2266 2676 61 749 2053 
1343: 1979 1980 
2054: 1979 1980 2280 2513 719 142 294 725 1567 2167 2183 1715 1568 2476 1431 1739 1909 642 434 2173 
2658: 1980 184 725 2358 2359 334 385 83 1694 113 13 
114: 1980 643 1318 2052 2677 351 1264 2803 1873 1982 613 1565 235 
597: 1980 2184 88 1151 2524 2525 2669 387 2467 2621 714 1807 1766 444 385 1511 2492 585 1942 
805: 1980 1768 75 86 1849 387 364 1388 531 26 2038 1741 2630 323 
1001: 1980 1769 1766 1767 2364 
1051: 1980 
1238: 1980 1151 2524 1180 
1672: 1980 2049 351 1510 2797 1766 1767 2365 1897 2685 1610 914 1860 1382 2368 724 2367 1804 424 1380 
1777: 1980 
2034: 1980 181 204 725 1426 1697 2261 2602 2498 2097 893 2427 1191 501 806 967 709 2233 2771 
2362: 1980 2217 2337 2292 212 2402 2654 1902 1479 923 147 1024 2241 
2123: 1980 902 1699 2153 2216 2268 1075 
2676: 1980 2184 1764 1228 2474 842 1748 
2288: 1980 1151 615 2199 458 1363 
1984: 1980 88 1319 2669 387 2223 2224 2159 834 1266 1843 219 1413 531 2028 211 1380 1913 1111 1003 
442: 2010 1958 1009 1657 2262 2570 950 2075 1349 1383 2608 441 2191 11 340 1945 68 589 724 1966 2265 1072 713 
589: 2010 643 1009 1657 2262 2570 950 2075 1349 2608 1896 441 2748 11 340 1945 13 68 103 2265 442 713 1790 2051 1072 1966 709 724 
677: 2010 316 725 2745 406 321 322 1706 1918 315 2378 2700 234 517 2335 524 
1391: 2010 1157 2806 1352 1353 1355 2769 
2113: 2032 386 1619 2037 1212 1698 2219 1004 33 1895 733 2215 281 2330 
2379: 2032 1341 1375 1865 409 1345 957 2780 1994 2742 
2352: 2061 
2637: 2111 484 493 1449 97 2296 2317 834 1733 1587 2526 284 1422 2561 1714 2276 1233 618 899 2375 
213: 2111 1045 719 612 1155 2679 215 398 1158 2214 457 286 
1529: 2174 1864 42 2107 915 
1360: 2174 2247 2016 2607 732 863 334 592 1261 
2778: 2184 24 77 1151 1169 1567 2022 2257 2183 950 1764 740 1080 2340 1568 714 1704 2462 413 448 1489 1633 1714 
1203: 2184 1993 530 26 2177 
352: 2184 121 356 515 535 993 2261 2439 1381 901 1349 953 1952 2165 1766 1767 2427 2319 501 1719 443 1380 
464: 2184 1776 
481: 2184 2674 181 1155 1157 2525 86 2763 387 409 1156 1158 1413 441 1511 1581 1175 235 
662: 2184 768 181 601 1155 86 1080 1352 767 2690 1671 
828: 2184 203 515 1993 2472 425 998 1337 385 
1253: 2184 2622 2696 2634 
2681: 2184 174 1746 2504 321 1306 158 581 370 2038 943 967 579 
1479: 2280 919 1598 1990 1061 2805 1116 794 23 31 217 475 542 1003 1018 2362 2295 1595 2741 1791 2078 
1057: 2280 314 2153 2544 501 2492 
443: 2302 407 1763 174 243 539 706 715 1177 1560 1887 2036 2773 2750 244 665 2779 669 903 1127 1547 2809 1397 1507 2063 2608 2716 1600 1646 1867 2131 2228 2540 2147 2297 648 1149 611 352 245 2478 551 1527 2812 682 344 2308 782 2448 2067 1725 969 1363 1379 
511: 2302 601 1169 2776 1442 839 2060 924 1358 1141 1520 
814: 2302 941 1475 1460 
1135: 2302 91 503 706 1008 1184 2745 89 300 673 674 968 2060 2460 472 1012 
1136: 2302 2060 
1178: 2302 1045 189 484 739 1035 1177 425 2364 949 2496 2638 
1858: 2302 1958 203 386 1157 1169 1592 1768 2049 2202 2281 2602 387 1659 2534 2544 2695 1158 1897 581 2364 889 2051 2121 
2406: 2302 2674 541 810 1370 1375 1398 2033 1291 1167 530 1381 1349 1918 446 1501 790 558 1610 2341 2306 967 1213 2739 140 525 1806 
2628: 2302 181 1370 1381 1867 2535 2703 1511 182 483 
2673: 2302 2063 263 1659 2253 1460 2265 1295 1829 
1133: 2332 123 1449 1322 2290 1084 2177 
2496: 2343 2217 1114 1310 1889 2088 2596 2439 950 1311 1817 2075 1705 2224 789 791 2339 1940 2600 2797 2690 1147 1897 1309 158 1570 2787 1475 1945 302 1166 1268 452 2200 1178 345 1790 1966 270 737 899 1032 1179 1939 1942 1943 2450 
116: 2377 163 1130 2550 953 1733 1893 1734 
217: 2377 1479 2508 
336: 2377 1213 1235 1454 
295: 2398 679 804 980 
922: 2398 16 476 948 952 1515 2806 2223 2679 1733 1967 2517 2454 158 1895 2474 2518 2705 1580 1734 1841 857 
1183: 2398 1958 601 327 998 2533 2246 2063 2118 512 1580 578 
1423: 2398 719 71 1155 2392 2459 2260 2806 953 2399 2065 538 26 103 76 1141 1215 1550 
1753: 2398 612 652 1243 2504 364 1621 2199 26 1146 2058 96 870 
594: 2451 1823 386 715 2011 2013 1034 64 269 1475 2781 642 526 1073 
120: 2451 316 1243 2041 327 2044 321 322 430 1706 1918 2583 1998 315 364 2700 234 2190 2328 93 1462 
412: 2451 427 1310 425 430 953 869 2740 1472 769 
2566: 2500 2674 569 948 1162 1557 2110 390 788 791 2019 2048 2809 1437 2442 2219 2264 733 2215 938 937 72 1546 1829 2095 
283: 2501 1903 
982: 2522 181 1185 1490 1993 2141 86 2806 2130 1992 225 1556 2744 
2221: 2522 1310 2182 79 1303 108 2204 93 2430 178 
1354: 2618 1307 719 54 189 1155 2281 2392 75 830 998 1156 2458 1353 364 1158 1355 2199 2151 26 1146 93 1802 103 2387 102 900 1845 1985 1741 
1809: 2618 953 2622 383 1845 
1775: 2642 16 522 2073 2504 387 156 2768 1610 370 1806 2630 
838: 2642 535 902 1243 1610 466 2737 1806 735 1540 2736 2008 930 
2008: 2642 466 764 2737 838 2789 930 
2737: 2642 719 727 2795 2424 2463 1433 2272 838 2008 1073 1432 2671 2736 
2736: 2642 727 1974 1064 2737 838 1432 
983: 2672 546 1370 1830 735 2177 2192 2671 
2790: 2672 1045 2011 2638 1179 2671 
1913: 2711 622 1176 2371 1881 2596 2075 2551 2595 1863 405 531 2211 720 383 806 19 186 1500 1087 1984 2084 2564 2315 
312: 2711 356 2154 387 2075 130 1897 1704 2703 531 1072 
2413: 2711 1322 2493 
2400: 2720 530 528 534 1350 1160 2563 2050 1546 
45: 1666 439 1162 1610 787 224 
305: 1666 1823 2217 343 2193 96 
570: 1666 643 706 752 758 1151 1169 1370 1617 1796 2281 2325 755 1907 1381 387 777 2339 834 1649 1922 1766 1767 1704 531 1511 1361 99 1894 1944 1441 
617: 1666 2461 
792: 1666 1101 2768 2351 2365 1937 2657 
833: 1666 2110 2193 2319 943 1233 
1482: 1666 2674 768 535 902 1101 2655 322 941 78 676 2412 1268 1489 
2071: 1666 243 535 327 953 2427 766 1025 1417 
1899: 1666 643 386 810 1349 953 1900 
2700: 1666 1958 1699 2036 2166 941 349 2572 2099 2430 2654 21 93 120 178 302 462 536 677 1208 1304 1487 1670 1926 2204 2361 2381 2485 2494 2785 2739 
1750: 1666 1045 2217 993 1526 2439 396 2730 2468 1895 697 2463 647 
2357: 1666 643 254 1035 1567 2476 2003 466 470 248 1439 2638 1438 
1893: 1666 203 371 745 2655 2477 777 907 2182 2193 676 1403 116 
1749: 1666 1823 569 1066 1120 1310 1557 1707 2049 2110 1156 1306 2193 2219 2215 72 753 663 937 938 939 1466 1072 2499 
94: 368 307 479 541 745 2810 2477 1313 1584 1539 2678 2216 659 1328 96 1050 1781 2742 266 1111 
571: 368 243 479 1218 1243 1276 1277 1301 1310 1449 1735 2459 953 1584 1539 2442 1778 2219 1204 1278 1279 326 1099 1364 2215 2253 1005 778 96 72 1111 266 1075 2742 
2361: 368 522 808 1931 2677 1886 321 322 836 1349 1918 2533 2156 1678 2468 2364 2700 1873 234 518 1652 1064 
1996: 368 993 2366 2097 967 
2114: 368 535 1243 321 322 1918 341 234 1628 2381 
1481: 1399 563 997 1272 1347 1434 1631 1487 438 
1591: 1399 665 1542 
19: 2674 931 2348 777 322 793 1542 1715 934 315 1792 1924 518 318 2444 1913 
480: 2674 181 2763 385 1511 1581 235 
1498: 2674 615 1512 1542 953 349 1226 179 2427 1511 
1655: 2674 1958 181 163 1101 2041 2098 2044 1537 1874 1294 1264 319 2070 444 1610 516 518 2485 890 1110 1806 
1891: 2674 185 1692 222 
746: 768 181 601 755 86 1442 1080 1226 767 1842 1671 11 340 1421 2635 
2142: 768 601 409 127 2136 1678 1767 2336 2667 947 360 489 819 1605 
1326: 768 601 535 637 2281 364 1574 2199 26 1146 1802 1741 
1908: 768 601 637 2669 1905 877 
1982: 768 181 601 1243 86 1873 900 114 
799: 1153 1148 1768 2049 214 953 2359 581 2706 1581 
2251: 1153 559 1148 425 793 881 2764 2517 1345 471 175 1850 1159 2440 
2386: 1153 1243 1449 968 1868 738 281 
38: 643 810 530 1715 534 558 100 
236: 643 1874 2365 824 1795 1175 1676 1088 
270: 643 2217 1310 1912 387 950 1311 1817 2075 1705 1940 1309 1413 531 1945 2200 1790 1966 2496 1942 1939 899 1943 
505: 643 181 1747 406 836 1510 1542 834 2015 2082 284 1755 32 1511 197 483 1503 2092 1187 128 183 1783 2683 1302 1943 1987 1500 
1031: 643 745 1035 1413 1839 466 470 
1565: 643 1078 410 1127 1610 889 1806 1175 114 2235 
2684: 643 2285 2606 1681 2244 
1714: 643 77 1645 2022 2257 950 740 2340 941 1704 2778 2462 1382 1096 413 1633 2637 
1229: 643 1175 
1786: 643 1209 1447 2745 1963 327 232 791 924 319 504 1367 2538 62 271 890 
2754: 643 181 298 758 1329 1370 1534 2041 2669 755 2757 2044 1313 1905 199 1283 1537 1874 839 1117 2753 826 1336 1380 211 2598 
1435: 643 546 739 1990 2631 1830 2556 466 58 
2200: 643 683 757 1060 1172 1310 1889 2088 425 950 1311 1817 2075 1705 953 1805 1945 2058 2443 2496 270 1790 899 1966 
1067: 404 356 1148 2524 901 355 1897 1413 531 1805 611 1094 935 1421 172 
134: 1045 1007 1100 2098 2314 214 934 953 1652 
178: 1045 902 321 322 1512 1918 315 364 2319 1974 2700 26 234 318 2654 2221 1425 2638 
874: 1045 848 1974 1240 1495 
2025: 1045 24 2337 156 2768 318 2781 2650 879 1170 
1520: 1045 1169 2011 2022 2033 2745 2810 1291 1442 1856 998 2060 1831 924 1345 729 2341 511 2650 
1556: 1045 2060 982 257 1448 357 
2620: 1045 503 2081 2349 2679 523 1417 1522 47 
2127: 1045 1162 2761 1293 2391 557 1073 
1667: 1045 
1179: 1045 371 539 721 1035 1177 1990 2786 789 186 1106 2790 2715 2496 2638 
2225: 1045 226 230 232 679 1259 2507 2442 1152 859 938 761 1106 2435 223 1244 2644 222 526 2139 
1210: 1045 
2268: 1045 1008 1990 130 127 108 1476 2123 2638 
2308: 1045 443 1417 1363 2638 313 47 
2437: 1045 546 2052 1974 466 1175 735 1433 451 
1439: 1045 247 320 546 715 2439 466 126 2357 1062 735 
1445: 1045 55 1100 1897 2554 1676 663 
1983: 1045 2792 
2633: 407 1823 719 24 926 1699 2281 2483 1963 199 1394 1843 32 501 1760 1021 397 
826: 1307 298 515 1329 1534 2757 2044 1283 1874 2753 2754 2598 1015 
899: 1307 1114 1889 1931 2088 2370 2543 950 1311 1817 2075 1705 1349 1309 498 531 1015 2461 1945 1760 2200 1790 1966 2496 270 1789 2637 
927: 1307 
1015: 1307 1534 2543 755 2075 1705 730 1547 2019 2431 2178 498 531 826 1094 448 1760 1945 899 2461 
1593: 1307 580 1148 1697 2806 1922 225 2306 
529: 1823 
1232: 1823 539 1100 1509 1838 2022 2110 2366 537 740 1306 953 2307 1303 2017 2607 2646 485 911 2799 
1430: 1823 665 2218 1546 
192: 1958 1627 1798 1801 1710 
313: 1958 1483 2246 2199 2635 2308 222 2055 
710: 1958 1126 975 834 408 988 2378 1610 2492 1021 375 1668 325 1986 1404 1305 1691 1380 2426 
748: 1958 2125 2257 2750 734 953 506 883 2103 1021 467 
770: 1958 123 1167 2477 2224 1839 1976 1475 1287 448 
840: 1958 963 879 
1039: 1958 604 747 2481 644 422 1569 1495 
1088: 1958 142 522 1131 1154 1157 1483 2669 909 1905 199 387 1156 834 953 2476 408 1197 1940 1897 1214 2178 2210 2212 289 2336 2468 581 1504 2569 2211 1436 236 2769 753 1046 2106 2784 1942 2310 
1137: 1958 
1182: 1958 203 1100 1272 2504 2773 1167 1865 730 970 998 1597 1758 649 907 2166 906 1723 2210 790 
1487: 1958 2217 121 316 758 2022 2329 2502 199 2806 2692 2317 2551 1865 1874 1886 130 321 322 1706 1918 2048 1715 934 1507 315 2176 2690 1767 1704 1924 2667 2686 2700 516 518 935 378 2781 1481 
2375: 1958 1373 953 375 1268 1986 1497 2637 
2788: 1958 1370 2041 2110 143 2044 1381 1537 941 1641 863 1807 108 246 
2512: 1958 449 422 2749 764 2479 92 1411 
2241: 2217 2081 2019 1383 2402 2086 2654 20 147 1024 2295 2362 
41: 2217 535 321 644 2679 1897 1199 1364 1847 96 1497 632 925 2564 1111 917 
101: 2217 356 2187 2199 2535 946 908 458 100 621 
306: 2217 2654 
454: 2217 204 
456: 2217 2051 
462: 2217 316 343 1155 327 321 322 519 1918 315 1355 2700 234 518 2058 
851: 2217 2727 696 
918: 2217 501 
942: 2217 2415 2768 793 2638 1486 
1396: 2217 254 1122 755 2757 644 836 1510 1524 1303 2082 284 2690 2573 1511 2696 1500 
2661: 2217 1812 
2670: 2217 1370 2125 2795 1963 1381 777 1537 607 836 1510 2063 1074 1641 2082 2511 284 1511 1500 2272 
2486: 2217 1483 2081 2293 2086 258 1072 923 
8: 181 356 411 86 901 355 1268 1361 
1187: 181 725 773 1148 1157 2524 2525 1186 2775 86 1353 2427 2070 2126 93 505 2106 
2811: 181 411 1114 2098 2261 86 409 776 901 1249 1251 1250 152 2191 2038 1690 967 
2328: 181 411 637 1048 1151 86 2596 321 409 410 1434 215 1795 120 2705 458 2799 
80: 719 1155 214 1156 1715 953 1158 2399 1107 917 1789 
633: 719 1155 530 528 534 1158 2383 103 
1551: 719 727 470 1540 1800 1811 
2072: 719 1156 
1629: 719 535 102 
1712: 719 204 535 1318 1906 2281 2392 409 410 834 2511 2529 103 
1800: 719 721 727 1610 1937 103 1551 2434 105 
787: 719 226 230 439 508 562 569 1243 1557 1685 2081 2477 1856 232 679 804 903 964 1108 1259 1306 2809 1992 1434 2716 2442 759 64 429 2327 2170 2264 2086 2215 45 1862 1879 20 2168 1138 2435 147 47 222 223 257 577 668 753 771 2084 1244 1419 1211 1116 2644 
1814: 719 727 2011 1916 
1845: 719 174 247 356 1768 2042 2392 2631 2183 1353 1336 182 2204 103 2387 102 1354 1216 900 861 1809 2389 
1985: 719 2392 1353 103 2387 102 1354 
2529: 601 411 2543 2124 1303 2104 1712 837 
428: 1763 539 1291 2317 2551 2403 2735 2341 1042 
1468: 1763 1185 2041 1963 2044 199 1442 776 839 934 408 2365 2070 374 2028 1265 
2598: 1763 808 1534 218 818 1280 1493 2806 2223 1874 934 2476 417 826 2754 2211 2605 2611 
1530: 16 2011 1223 501 1036 2062 2064 
145: 16 2524 1581 
1578: 16 1952 1610 1806 2794 2793 
416: 24 
2363: 24 953 182 
2374: 54 1089 1130 
1199: 77 411 1151 1184 1185 1861 2193 556 1250 1358 41 138 
2396: 77 1151 2575 256 676 675 57 2563 1968 437 1246 1025 
196: 77 1184 1185 2404 491 2515 2046 2035 929 
1975: 88 203 1270 2154 2477 2763 776 1510 2159 2583 1641 179 1413 385 1610 895 1511 1937 2341 1670 2634 5 483 1503 1781 1806 25 1380 
1403: 88 2098 2713 1893 2096 
1419: 88 1319 1684 2098 2553 685 1102 2713 953 1897 972 83 787 724 1680 707 
2333: 88 2098 387 2713 1897 2096 
1581: 88 1990 2745 86 2359 2797 2568 463 145 2465 235 480 481 799 1546 2095 
2096: 88 948 952 1155 2098 2524 2477 596 1352 1875 2713 2716 179 2749 1462 2769 1652 967 1403 2333 222 1411 2450 
1500: 88 2154 387 777 1537 836 1080 1510 1542 2340 79 1188 1303 1641 1659 2015 2082 763 179 284 1413 1511 1149 1937 2670 1094 1503 505 1913 642 246 1396 1546 
1938: 91 1157 2019 1991 2741 543 112 
668: 95 2679 108 787 
1569: 95 307 683 1827 430 1294 1998 1158 2519 581 1090 362 1039 
2653: 121 563 1185 2346 387 2695 1897 2364 1261 
616: 123 545 1621 2228 908 365 
365: 123 199 1442 1621 908 616 
775: 123 179 1767 1897 1511 2492 1382 2630 253 
342: 123 
2304: 124 731 755 1907 387 950 1461 246 585 
1950: 142 174 204 268 411 993 1085 1951 2162 998 1102 1452 953 1273 2542 233 
1947: 162 538 
1075: 163 479 2201 85 2293 96 500 571 2742 1111 2123 
1622: 167 2439 789 1239 1797 2019 1596 1266 
815: 170 823 707 
92: 174 1856 903 1175 2571 850 1400 2512 
627: 174 351 949 2385 
650: 174 415 651 1972 755 2596 1191 
1193: 174 725 1155 1483 1645 1971 2543 755 406 1352 2124 1715 2104 1561 1953 135 837 2577 2101 
2368: 174 1100 1101 1768 2011 2093 755 2768 907 1542 834 1383 1552 79 179 2690 1766 1767 1647 2066 2378 841 1216 67 769 875 1672 2611 
592: 189 243 867 945 1598 2011 2026 2141 2262 1831 2 459 2176 2621 863 866 2135 1250 2069 2143 2178 334 743 785 360 463 2276 2537 2040 2045 1674 781 2569 1813 1559 2518 1207 2360 2492 1099 2384 974 1081 2012 1360 
917: 189 2679 557 80 41 2109 
231: 189 2596 1512 1878 1103 
375: 203 1151 1157 2504 2695 2178 510 581 463 2384 1230 281 1297 710 2375 2668 2426 996 
1588: 204 
1679: 204 411 
750: 204 1287 
782: 204 1275 1483 2772 214 953 1587 504 1896 2478 2321 443 2697 
921: 204 541 1151 1243 530 615 185 2460 534 2391 1839 441 1030 280 
2435: 226 230 758 1120 1707 2081 232 679 1259 1306 2442 2546 1005 20 761 787 222 223 1244 1829 2225 2567 2644 
2264: 226 439 569 1120 1557 2036 2041 2081 2382 2459 2669 2044 1127 1306 2809 2679 376 2442 2219 33 1149 2492 980 2215 2635 787 286 937 938 2177 2566 
222: 226 230 1424 2081 2439 232 679 1259 2130 2679 2136 1437 2442 2749 2096 787 2435 223 313 1244 2225 2644 1891 
223: 226 230 948 1070 1100 2081 2254 2366 615 232 679 964 1108 1259 1437 2442 2219 631 2342 761 787 2435 2644 222 2567 2225 1244 
2567: 226 1330 2435 1546 223 
132: 237 
2279: 238 1185 2041 2044 953 2691 
823: 238 2476 2749 815 707 
2510: 238 1370 2758 2224 1952 2627 2666 2035 2079 2147 895 
241: 242 855 
194: 247 2346 1413 501 158 385 228 
882: 247 356 2141 2524 2525 2576 1618 901 1322 2595 385 1616 1580 
2207: 247 1768 2439 1512 1766 581 2364 
1099: 247 810 945 1243 2098 321 322 1918 501 592 781 1207 234 1475 571 1462 2785 
1230: 247 945 1151 1370 324 839 1288 1649 158 1518 2384 7 13 23 375 2263 
164: 254 371 411 2477 2471 2330 2385 
499: 254 715 1291 1434 1237 
2514: 254 1130 179 2169 1380 2330 2731 
1772: 268 1100 409 1294 1349 1452 1597 1434 1919 1728 
2813: 268 2281 2337 1291 2153 1240 
1350: 268 1009 2011 998 649 2399 1152 790 2086 182 2605 2400 
276: 277 1736 275 925 2428 
2428: 277 356 1838 2525 777 901 953 1357 1736 785 275 925 276 
2173: 294 314 2054 
1112: 296 1336 
1923: 296 808 1341 2223 1874 2458 1610 1287 621 
820: 304 2533 534 
266: 307 479 652 214 953 2178 308 2086 96 571 2742 1111 94 1480 1933 1696 
2558: 314 148 158 2430 159 1304 1409 1862 1580 1522 262 1003 
1082: 316 1560 2262 1019 2609 1489 
297: 317 2348 321 519 1820 319 890 516 517 518 318 
711: 320 1442 2224 1264 63 59 62 
2095: 343 390 2249 893 1581 2566 2647 1170 1486 
958: 343 606 810 1796 2049 2075 2191 531 1091 
180: 356 1398 1997 1117 2627 2035 1290 1413 
608: 356 901 2610 1787 
1241: 356 2350 2602 901 1214 2378 229 483 87 1756 
769: 356 2368 246 412 
2516: 356 1318 901 2153 1460 2657 
56: 371 
119: 371 863 2297 2492 
227: 371 2183 861 224 
2029: 371 1361 2172 
392: 371 
908: 371 902 1101 2036 2257 2665 1428 1269 2166 1158 158 2430 101 365 616 
2724: 371 
1472: 371 1370 2806 519 1547 1918 2156 52 1698 1413 516 517 309 412 
2759: 371 2504 2356 519 998 953 1321 489 2038 1719 
1743: 371 1130 1272 2356 2546 2155 1271 1779 2542 
1016: 386 415 810 2729 2383 1213 1637 1898 
533: 395 476 535 1769 2497 755 1705 789 1080 2533 1792 2359 83 1694 13 483 135 935 1879 1072 
1833: 395 757 758 1148 1280 2178 1475 
46: 411 2016 1998 
1257: 415 1685 2319 151 
1742: 427 1342 2201 970 197 
2489: 431 2745 901 2615 
1696: 431 127 1443 96 266 
2043: 439 632 258 
2446: 439 801 631 632 
1879: 439 810 1127 2679 953 1434 52 863 201 2058 1986 794 533 787 1116 
2084: 439 1162 2081 1127 2679 108 787 1913 
1211: 439 562 2081 1291 430 1127 2679 1610 980 151 787 1486 
1111: 479 1301 1735 2459 214 953 1895 1364 96 1686 41 1984 1220 571 2742 266 2031 94 621 1075 
2272: 479 1276 1277 1278 1279 326 2670 2737 1018 
1773: 484 1971 
2107: 484 1413 334 872 1529 609 
360: 493 745 1154 2669 755 491 2136 1792 2725 521 2427 1084 122 2336 592 1052 641 1511 1774 613 2705 1756 2142 
2387: 535 727 1155 1619 2049 2281 2392 3 998 1353 2199 26 103 1354 1361 1620 1845 1985 2563 2389 
235: 535 1338 2576 1581 481 480 114 
433: 535 612 1173 1442 2166 2403 158 2170 
2074: 535 2553 573 732 1778 1410 2319 2579 1582 2812 642 2133 
614: 535 2465 
2045: 535 129 592 1489 1741 
2068: 535 2141 1434 1766 463 2028 900 293 
2213: 535 2806 2703 158 847 
2765: 535 173 
994: 535 758 2576 324 2635 99 
453: 539 1056 1627 1733 528 1909 1745 2422 1734 400 
2021: 539 767 
2555: 539 2698 156 1535 1720 
543: 539 82 1612 1928 2148 1938 928 682 112 735 
1793: 539 1151 1370 1483 2669 1368 839 783 1413 2478 2321 1348 1261 
1974: 539 1148 2261 2524 86 409 953 173 1690 470 178 967 59 90 125 874 1040 1363 1606 2789 2437 2736 
2315: 541 615 2806 1913 248 
1828: 545 727 923 
1734: 546 1070 1130 2350 1861 1733 1895 1511 2155 922 23 116 453 
735: 546 715 721 1200 2509 2439 1413 466 983 2463 1606 1439 1652 2437 23 470 543 838 915 2671 
969: 546 1398 2631 2477 1511 443 2089 
1726: 559 2735 2341 
2292: 561 2783 755 327 1477 1988 964 953 50 2229 1196 469 1609 1898 1994 2362 2554 
1651: 561 747 1028 1209 2110 2481 755 644 573 1437 988 2215 2335 2640 1964 
2601: 566 
663: 569 1120 1270 1557 1707 2524 75 1306 1349 2690 1749 938 99 1466 937 1445 72 753 939 
937: 569 1120 1557 1707 2758 755 1306 2349 2219 2455 1749 2264 2215 938 150 1466 72 753 2566 663 939 
939: 569 1120 1557 1707 2606 1306 1749 938 1466 937 72 753 663 
845: 582 1802 
2752: 604 603 836 2533 2159 179 1511 5 2747 1690 2541 67 1429 1634 
502: 604 1157 2477 1156 
475: 606 1479 
824: 640 2366 1316 1493 2224 410 1352 1630 2193 2409 893 1847 2028 236 
2324: 683 1272 2176 2609 117 
1508: 715 2081 2606 1437 1501 1895 1926 2744 
2401: 715 1610 
915: 721 1200 1526 2439 466 1864 735 2248 1433 1529 
118: 725 
2106: 725 2677 2476 1214 2178 2210 2212 289 2468 558 2569 1436 126 1088 1187 2310 
1801: 725 2224 1413 1518 1511 1475 192 1942 
2140: 725 1185 75 946 
1637: 725 878 2110 2314 1849 321 1462 1016 
2660: 725 
2616: 725 1552 2476 
1363: 725 1148 1506 2524 1186 2130 1974 1240 2288 443 2308 394 2612 1754 
940: 725 1548 2388 1856 2476 
1761: 725 
105: 727 1922 103 102 1800 2434 1361 2050 
2334: 727 1685 2011 2041 2382 2044 2679 177 510 980 2702 
2284: 731 1636 
2024: 739 1518 
1654: 739 
613: 745 1509 1689 2665 1321 506 754 2740 360 186 114 1756 
647: 747 810 2481 644 1750 
383: 752 1151 2669 1513 2627 2058 1913 1809 
2706: 758 1155 1370 1322 1353 531 2782 799 
1946: 758 1322 2267 2050 
1496: 758 1494 1635 1849 214 644 998 183 
1299: 773 1114 1548 2404 2082 751 1250 2147 1511 2462 2341 463 1386 281 
916: 773 1931 1972 2526 738 1084 2703 728 946 1527 855 281 794 1159 
2447: 810 1185 2042 2439 1630 159 
1854: 810 1276 1277 2764 1278 1279 326 1855 696 2508 
1956: 810 2395 2214 
1625: 871 935 
293: 886 1413 538 469 2028 2068 
704: 888 1483 
548: 902 993 1699 1542 397 
434: 926 1200 1149 629 2054 
1960: 945 2026 2141 2317 2551 2224 414 50 2341 676 895 1438 
2384: 945 1912 1820 2690 1843 2703 592 158 463 2518 1230 2718 375 1476 
253: 948 952 953 2176 1895 67 775 147 
2645: 948 993 1007 1008 2011 2809 1043 220 1026 2414 
641: 951 1157 1370 2469 1537 836 1156 1547 941 1388 893 1094 483 2715 360 
2613: 951 2281 1222 2395 2583 2584 2585 2587 2589 2590 2591 2588 2482 1998 2586 953 79 2176 1152 1690 
1582: 952 1185 2081 1212 2439 425 214 740 1156 1778 2405 1527 1489 2074 
2521: 952 2322 
661: 986 1990 
1968: 993 1272 1796 2575 934 273 1461 2690 1839 256 2396 2718 57 2563 437 1025 1246 1305 
2078: 997 1102 1479 
1882: 1007 2648 2721 1883 
2148: 1017 2575 1874 714 543 1866 
2039: 1035 953 
282: 1059 560 214 2193 1408 
2738: 1085 1272 1273 
2235: 1100 1101 1905 2224 1875 1437 2216 877 1565 
1898: 1100 2669 2729 1264 290 521 2292 1273 1902 1877 1016 2559 
2552: 1101 755 1747 1900 2554 278 1822 
974: 1121 406 1820 2607 2143 592 269 1674 1559 2492 58 1555 
2426: 1126 375 710 
1480: 1130 96 2742 266 
1440: 1130 
2310: 1131 1154 2261 2476 1214 1413 2178 2210 2212 289 2468 1504 2211 1436 1088 2784 2106 
1436: 1131 1154 1370 1483 2098 2669 1368 2060 953 2476 408 1214 1413 2178 2210 2212 289 2336 2468 1504 2569 2211 967 1046 2106 1088 841 211 2310 1942 
897: 1151 
2344: 1151 2525 1316 2809 2690 1107 861 2345 
1467: 1151 1157 2695 2781 
2541: 1155 836 179 1158 1511 5 1634 2752 
109: 1155 1251 2176 2534 2690 219 1413 2364 2611 2710 448 2169 
500: 1155 1191 1075 
1389: 1155 2199 
1441: 1155 1711 406 570 2103 325 
1069: 1157 2669 755 185 1610 182 
1463: 1157 1509 1511 1021 
692: 1169 1510 934 1332 
736: 1169 657 1454 
1103: 1173 2013 2049 829 584 578 2051 231 
2090: 1173 1768 1767 584 2364 
1903: 1184 953 1358 1536 283 
1877: 1184 1832 2524 1733 1812 863 2695 848 1129 1273 2530 1898 
346: 1185 1697 2281 2165 2403 1802 2205 1703 
370: 1185 2504 321 322 1918 1542 1434 751 2518 234 518 1775 2681 1710 
860: 1185 1699 2524 2019 326 536 
2702: 1185 2596 2477 2551 1715 2394 2334 2718 2479 
1302: 1185 1291 351 390 1239 1251 1266 1202 2178 2151 2341 505 
666: 1200 267 466 2321 1603 
76: 1218 185 288 2718 1423 1841 
1652: 1243 2098 11 2361 134 2096 735 
991: 1243 1542 2143 1719 2611 1484 
1474: 1243 1768 1737 1659 2544 2600 1766 1767 2143 2364 1478 1719 2503 1377 2794 626 
224: 1270 2669 2677 2649 1831 45 205 861 2283 1308 227 
2172: 1270 530 528 534 972 2029 
21: 1272 321 322 1918 2700 2155 2190 234 518 2189 1776 
1776: 1272 1735 1156 1499 1678 21 2145 794 2189 464 
895: 1275 2745 2758 674 941 1142 1434 1524 263 1074 1718 1952 2627 144 2035 2079 1960 1279 2147 2578 2801 676 1975 1113 2265 1181 2510 
1469: 1275 324 1998 2403 
1943: 1310 1291 950 1311 1817 2075 1705 1239 1940 2046 1309 1413 1805 2341 1945 1944 505 1966 2496 1942 270 1939 
1774: 1318 2669 755 2260 1912 1293 2193 393 158 360 26 2490 
629: 1327 1949 2011 2783 327 2190 518 1042 1850 680 434 
2089: 1362 2329 501 743 969 1220 956 
2802: 1365 
432: 1370 2154 2300 755 2016 839 1027 1188 1659 2015 2082 763 504 1413 2341 2018 2233 
1873: 1370 2052 2677 351 530 1381 1349 534 1023 2082 284 556 1678 33 512 114 1982 2361 
800: 1373 1856 1367 158 2766 1168 460 
382: 1449 953 2621 1704 429 
1225: 1483 1337 39 
2715: 1483 2543 777 390 836 1510 2019 2124 1723 2307 1701 1936 2082 1394 2104 1896 659 1895 641 1561 1348 182 1953 99 135 311 2240 837 1104 879 100 2051 1179 
2012: 1483 2011 2262 2404 1747 1905 1513 2229 1594 1422 1844 592 2492 
2564: 1492 1820 446 1460 2739 397 41 967 1913 
1392: 1492 2198 387 1897 2112 1421 
1606: 1506 1186 1352 1974 735 394 1325 1754 
208: 1515 1733 2546 1104 
42: 1567 2098 2046 1413 2199 334 26 1497 1529 
2053: 1567 1442 2474 842 1748 
2133: 1567 1820 2143 1139 2074 
1522: 1576 390 788 789 2019 2768 380 1437 1928 980 2558 147 2620 286 1116 2638 
780: 1598 1461 1704 
1315: 1619 1544 
1335: 1627 968 1690 
914: 1645 351 941 1860 1672 
1921: 1662 2346 2159 2710 2169 
240: 1697 1607 2364 
1340: 1699 
391: 1768 1832 2452 1767 581 2364 
2687: 1768 430 
2417: 1768 1291 2351 1766 1767 2403 2735 2336 2748 126 657 309 2062 
2807: 1796 2543 2575 2224 1510 2176 2621 1843 1897 501 1511 452 2059 
1789: 1832 834 108 80 899 
624: 1832 
1562: 1832 
2651: 1832 1433 
291: 1906 2042 2467 1897 326 2492 1519 
2494: 1917 321 322 1706 1918 315 2700 2190 234 518 
233: 1951 1950 2408 
107: 1990 2524 2596 1212 2595 1584 2527 
605: 1990 2734 1434 1991 
1140: 1990 2635 286 
1248: 1990 1970 1364 2038 
1374: 1990 2606 953 2492 
2755: 1990 755 1378 
590: 2041 2044 776 309 
1043: 2041 2366 351 2044 863 2703 1233 2645 
1566: 2041 1874 1102 1970 463 2214 
2531: 2041 2044 
2732: 2041 2044 
2569: 2047 1905 321 1820 1918 2476 1214 2178 2210 289 2468 592 1504 463 2190 2211 1046 93 1088 1436 1555 2106 2289 
1098: 2049 2198 776 964 2359 1431 2748 83 1694 1610 340 1094 113 2747 778 935 1420 1287 2203 
1256: 2049 1352 1610 1198 
737: 2052 2183 2763 1764 953 2496 525 
1532: 2081 909 1846 2176 
1791: 2081 995 1479 
1411: 2098 2016 1127 1147 1810 2096 2512 
2450: 2098 1920 2096 2496 
638: 2115 2425 2761 953 393 1143 2259 
1783: 2154 2524 755 2016 387 1659 1767 1897 2364 505 1380 527 1602 
831: 2167 2669 1905 1874 584 2530 2168 722 667 
1128: 2171 2582 
2263: 2198 1156 355 1074 2427 385 1475 1230 2769 
1110: 2232 2416 2506 2108 1442 491 607 1738 1831 1117 1646 1655 1107 
239: 2261 2356 2130 2211 2155 1760 2781 
2259: 2261 2734 75 1820 393 158 967 638 977 
280: 2262 921 1628 2227 
2218: 2285 1897 1271 1430 
598: 2287 1580 
1543: 2287 1544 2492 
1948: 2337 64 2654 
2169: 2346 387 2378 385 2710 109 1921 2731 2514 
1205: 2350 676 1175 771 621 2638 2694 2420 1595 
35: 2372 1895 1475 
2389: 2392 2387 1050 1845 1138 532 742 2688 
1281: 2504 1221 1959 2190 2430 
2381: 2504 321 322 1918 1221 2319 2700 2190 234 2114 1628 
2252: 2524 836 1674 1642 1073 
587: 2543 1239 
2461: 2543 603 2075 1705 730 2019 1998 1015 448 1760 899 617 
400: 2550 691 453 
2743: 2550 1053 
1245: 2553 1895 
2563: 2575 1963 2477 1820 259 1434 256 158 1271 2387 2396 1690 397 1968 1246 920 57 437 1782 2400 
202: 2576 1434 2544 2690 2492 1536 
332: 2665 
2619: 2669 1510 1542 1843 2568 676 1511 
2062: 2698 2748 2417 1530 2064 
2064: 2698 1530 1175 2062 
168: 2734 1924 1610 1806 956 
1453: 2745 2443 
854: 2761 2612 1486 
686: 2786 1610 1806 
2100: 2808 210 2749 1895 183 
128: 755 1907 364 179 1570 531 1610 505 932 
1514: 755 1167 1513 827 
1068: 755 2763 934 524 794 1880 
271: 1291 1897 2403 1955 2735 1367 2364 1805 1786 
1902: 1291 214 953 355 2403 2362 1898 
2520: 1291 1167 1767 1744 
1485: 588 1196 
2094: 1316 1795 
195: 1881 263 182 2390 
1409: 995 1766 26 2558 678 
31: 995 953 1895 1361 1479 2741 
1003: 995 2477 199 1970 510 2558 1984 1479 
1668: 327 406 1918 710 
1163: 327 322 903 1918 2117 2278 
1686: 327 1293 1918 2153 2467 1111 1220 
1860: 351 836 1510 941 1843 2568 65 914 1672 
335: 603 611 
2283: 530 2443 224 1308 
369: 1884 1477 560 
287: 2509 466 
2503: 2509 1378 1922 334 676 1474 
1295: 2477 2673 
2373: 2477 2356 1197 1967 399 468 212 2155 2376 664 
255: 2439 2097 2399 2474 1215 
609: 2439 1433 2107 
1700: 2439 1158 2434 
2789: 2439 1974 2638 2008 
2222: 2016 631 
125: 199 1974 
1387: 199 941 1413 
1132: 387 1897 1610 1675 2057 
424: 387 1383 179 1897 531 1894 1672 1673 467 
7: 425 1251 2607 1897 531 1230 844 1770 943 
1804: 425 836 1510 2082 1970 1897 1511 1675 900 1672 
187: 615 
1602: 615 2153 1783 
798: 1537 2224 1117 1641 2635 
765: 2806 
2080: 1874 52 209 848 
2449: 1874 
1181: 185 776 941 895 2747 1380 1719 
2599: 214 901 953 100 
2275: 214 953 1847 889 
260: 214 953 2565 
1393: 214 953 2781 912 
2175: 214 953 2728 
2139: 232 1941 2785 2225 
1639: 300 33 2177 
1087: 321 182 1913 1390 
1628: 321 322 809 1918 315 2526 518 2114 2381 280 
778: 321 322 1706 1918 315 504 85 847 234 518 571 1097 1098 2376 
2626: 410 
2771: 596 2034 967 
944: 599 
744: 839 
2278: 839 1163 
2652: 964 2219 
542: 1127 1330 1233 1479 
1298: 1156 
593: 1293 1064 
458: 1352 158 2288 2328 101 2632 
2236: 1378 2196 
2258: 1428 
1555: 1573 2176 863 463 2569 974 1719 2248 
2580: 1573 907 79 1303 2017 531 186 
337: 2536 2129 863 1042 2539 
2539: 2536 2129 337 
1716: 2533 284 
1880: 2159 2492 2693 1382 1068 
157: 2768 1826 
338: 2768 
47: 2349 1034 1535 787 2269 2308 2620 
894: 2339 534 1610 2787 60 
2157: 2185 2403 
2408: 259 233 
2414: 793 953 1831 220 2645 
811: 975 953 1962 1026 2741 
2354: 992 2726 1678 1896 963 1149 379 
98: 1264 2463 2161 274 278 
258: 2679 1364 1802 844 632 2486 2043 
62: 1715 2690 2682 1786 711 
696: 1715 2544 2727 1854 851 
1116: 1992 1879 1522 787 1479 
684: 953 
2020: 953 2244 806 2650 
2158: 953 1489 
2688: 953 1011 2389 2192 
2295: 953 1383 2454 2402 1479 147 1024 2241 
1855: 953 1854 2238 
1914: 953 2427 
2784: 953 1214 2178 2210 2212 2468 1088 1942 2310 
981: 953 
635: 1034 1158 2427 2211 171 
4: 1434 2403 
779: 1434 17 913 
1722: 1552 1895 69 1417 
361: 2063 2526 2178 2468 466 2211 806 
1892: 2153 749 1836 
1390: 2182 2578 1087 330 
2615: 2441 2489 2027 
564: 50 501 2545 
813: 79 1213 
1400: 215 1204 1175 92 262 1595 
913: 263 779 
495: 349 1843 2568 65 347 2119 1937 2220 1104 2577 
136: 459 751 1945 2605 
1141: 1117 158 2492 511 288 1423 1841 
1018: 1437 1479 2272 1486 
303: 1499 1847 
2582: 1544 2079 1128 
1077: 1936 1382 1377 
691: 2118 1924 2132 60 467 400 465 
621: 2228 1923 1205 100 101 1111 1595 2694 2420 797 2303 
850: 2228 92 2767 
857: 866 879 922 
2751: 988 
154: 179 1610 
2559: 290 856 1898 
161: 319 890 2638 
1603: 1394 1895 11 666 
2390: 1394 1554 195 
2565: 2726 260 
977: 1266 2259 
2005: 1266 1149 1427 
816: 2690 1570 1466 707 
1227: 2690 2787 
2548: 2690 
858: 1843 1511 
17: 2079 2293 911 779 
262: 2079 2558 1400 
2163: 2079 678 
1673: 1766 1767 1897 2748 1610 724 424 
2055: 2517 2454 946 2518 849 313 
1093: 653 
962: 1152 2291 
190: 1196 
394: 1196 1606 1363 
1731: 1219 1233 
936: 1410 1839 1760 967 
781: 1413 592 1489 1099 
1725: 1413 443 
357: 1604 1556 920 1408 527 
2137: 1962 2319 2028 378 
166: 2178 
1414: 225 2492 
1852: 2568 2781 
636: 2703 158 1570 611 1072 
1236: 2749 
2312: 754 
2488: 158 
656: 2639 2592 
2668: 2364 375 905 
252: 1895 
595: 1895 1213 
960: 1895 
976: 1895 2492 
1595: 1895 1400 1205 1479 621 2694 2420 797 2303 
2419: 1895 
2320: 1895 
2007: 1895 
61: 2474 1233 842 1748 
265: 558 1577 
90: 1974 
1040: 1974 2638 
257: 1610 889 787 1806 1448 1556 
2002: 347 
1408: 282 309 357 920 527 
2612: 1240 1363 2638 854 
2294: 1795 60 2728 672 
248: 466 2289 2357 36 2315 
2411: 466 
630: 2170 2253 
435: 26 856 2721 
762: 2623 
2723: 2780 
678: 69 1409 2163 2448 
1987: 1233 505 
2663: 2138 
2434: 103 102 1700 1800 105 742 
865: 1460 
1425: 178 
694: 1064 
1575: 96 
2495: 96 
34: 2038 1213 
514: 2463 
1623: 1268 
1836: 2465 856 1892 
978: 2781 
1333: 2122 
2203: 1097 1098 
2560: 1991 
358: 764 
1379: 443 
2610: 849 608 
1614: 115 
354: 1417 
1484: 991 
2632: 458 
1198: 1256 
1325: 1606 1072 
1754: 1606 1363 
160: 1235 
771: 787 1175 2694 1205 2420 797 2303 
1432: 2737 2736 
742: 2434 2389 
920: 2563 309 1090 357 29 527 1408 
1782: 2563 
532: 2389 
1981: 73 
438: 1481 
1728: 1772 
1794: 1175 2638 526 2767 
1834: 1175 
1457: 1175 
1429: 2752 
2731: 2710 2169 2514 
527: 1783 357 920 1408 
2571: 92 
2694: 771 1205 1595 621 797 2303 
2420: 771 1205 1595 621 797 2303 
797: 771 1595 621 2694 2420 
2303: 771 1595 621 2694 2420 
2767: 1794 850 
639: 794 2243 
672: 2728 2294 
2243: 639 1883 
2311: 1036 
2440: 2251 
1787: 608 
2291: 1476 962 
930: 838 2008 
278: 2552 2161 98 
1964: 1651 
626: 1474 
465: 691 
1242: 1073 
1448: 257 1556 842 
2407: 2313 
2508: 1854 217 
460: 800 
274: 2161 98 
2721: 435 1882 
29: 920 
1586: 1486 
1053: 2743 
1636: 2284 
