2401
0: 1706 1670 1655 1147 
1706: 0 34 276 427 640 665 896 910 952 1069 1260 1309 1492 1493 1605 2287 2295 2140 2303 2328 2354 2129 2012 1759 2398 
1670: 0 89 153 201 392 453 474 512 554 616 699 733 738 828 894 905 919 928 943 952 982 984 1015 1039 1154 1204 1254 1293 1341 1356 1365 1396 1422 1492 1518 1558 1588 1623 1646 2294 1921 1673 2189 2073 2147 1702 2276 1717 2259 2234 2251 1882 2395 1993 1892 
1655: 0 45 350 411 443 493 499 527 569 588 691 711 835 837 894 933 977 1066 1068 1086 1163 1184 1185 1388 1424 1494 1524 1545 1605 1624 1689 1976 1967 1845 1846 2345 2130 
1147: 0 212 369 374 486 527 617 860 874 906 980 1873 2132 1607 2007 1410 1419 2312 2091 
34: 1706 510 923 1329 2131 298 626 2035 1540 1254 1822 150 1309 2287 1915 792 703 26 913 288 1718 200 1605 1482 90 353 1892 1179 
276: 1706 11 779 372 1427 1613 923 1277 689 1329 2356 1591 326 745 746 1269 1415 1416 536 1562 1847 1537 1798 1367 687 756 541 432 1656 126 1661 2176 1353 1809 1751 1476 65 154 168 220 232 2062 1276 1589 1596 585 1623 601 1625 1123 1140 2167 2178 1161 1676 1167 2197 1689 1690 2207 1191 1978 693 747 2297 773 1806 1808 277 2322 284 1309 800 2000 1343 342 1881 1374 359 362 375 904 390 910 408 411 925 2019 1957 952 1468 449 1482 1490 1687 2007 837 994 995 997 1007 
427: 1706 11 360 957 1798 77 1171 277 1872 55 158 214 229 254 296 334 353 390 393 417 2298 480 2187 1295 1041 1048 1434 2202 674 1187 1060 1704 1324 1325 1326 1588 2227 700 1343 2125 721 2127 2255 2387 474 1881 2137 2393 484 2147 1754 877 754 
640: 1706 1334 1069 2251 1798 1967 1855 2231 208 1822 345 1518 2209 1449 1309 25 131 229 325 390 520 566 568 610 620 2159 759 2177 1929 1165 1933 667 2328 799 1326 691 825 955 961 962 1095 993 2137 864 
665: 1706 326 73 63 1664 25 268 305 449 1471 2252 1167 1494 2195 1558 
896: 1706 320 1410 632 73 2131 953 2251 786 532 626 1261 668 1367 687 2101 604 1661 1163 1171 185 1734 269 362 911 343 1518 455 1491 1278 1161 1490 703 517 25 837 369 97 115 132 161 176 214 461 493 495 571 631 688 691 721 790 799 839 871 2063 1556 2076 1582 1072 2103 1603 1708 2143 1639 2155 1646 1167 1696 1558 1814 2340 1862 2382 1368 1883 2007 897 1942 1434 1437 934 1477 1998 1494 1497 1179 
910: 1706 276 32 510 1410 360 1607 779 511 403 632 923 1823 1277 689 308 2356 959 1102 1879 2131 746 299 2251 628 2049 532 1774 1562 626 638 1847 451 970 1537 1261 1371 1249 996 668 239 1519 1367 2392 687 2035 2130 604 617 860 117 1154 2176 655 733 1764 2275 625 2283 1296 1822 909 309 488 2073 1869 1872 344 356 563 1419 911 1934 1778 918 1953 150 1467 453 1806 343 995 997 1518 244 455 1687 1278 1705 1490 644 266 1435 751 792 1048 151 837 1646 1151 131 1672 1815 1326 933 1984 1873 1494 1522 586 2167 1717 728 747 1323 821 2361 65 75 102 123 124 142 153 214 332 409 415 428 437 456 461 469 472 490 535 545 566 585 599 623 653 732 752 753 766 806 851 869 900 2046 1538 1354 1543 2057 1015 1051 2084 1065 1876 2125 1117 2140 1132 1970 1153 1668 1158 1671 2183 1891 2207 1187 1188 1807 1041 2227 1814 2267 1252 1647 1276 1793 1299 1301 1849 2365 1857 2372 2388 2178 1938 1421 1441 1021 1457 1972 1768 1987 981 986 2011 1348 1504 1520 
952: 1706 1670 276 11 1160 2040 1410 360 144 372 632 1613 923 1277 689 324 326 2251 2049 536 1562 292 626 2100 1847 451 970 1537 1371 1249 1798 1367 2060 1053 1074 1075 1621 604 2169 1661 2315 160 2206 1469 733 1476 738 2275 1052 1254 1784 269 1296 1852 2073 362 479 2099 1953 402 16 18 45 62 79 129 141 150 151 169 200 201 267 284 305 312 319 325 408 411 412 417 442 447 448 450 453 468 493 505 564 566 575 608 623 709 722 735 742 747 749 764 766 771 790 806 837 897 934 935 944 1010 2033 1525 1532 1021 2046 1538 1029 1542 1038 2062 1188 1067 2297 2103 1082 1875 1602 2114 1108 1114 1632 1646 2168 1158 1161 2184 2188 1686 1687 1689 1696 2209 1718 1210 1226 1372 1236 2287 1268 1276 1794 2306 2307 1346 1814 1818 1309 2336 1316 2343 1323 1843 1343 2366 1493 1355 2385 1881 1883 1373 2179 2097 990 2182 1937 1942 1437 1988 1975 1940 972 1490 981 2007 997 1515 
1069: 1706 640 632 1334 5 137 207 232 260 261 266 267 272 311 350 409 517 566 568 624 628 654 696 784 1048 1063 1611 1544 1800 2178 1415 1929 1433 1805 1321 1967 1974 1468 1344 1354 1361 2128 1304 1368 1155 1881 2137 1379 1252 2306 1771 1520 
1260: 1706 1410 1203 1613 324 628 942 1154 1691 2208 738 309 2258 771 580 1226 1605 131 2277 1482 390 566 1520 1690 349 123 58 414 552 611 1007 1114 1252 1813 1304 1451 1974 1851 1342 1485 2137 
1309: 1706 34 276 640 952 1160 1410 779 923 1277 689 1591 1879 2136 745 1269 536 542 1105 1157 687 2082 59 1088 76 1643 126 2176 662 1809 1748 1783 1792 1835 1419 1590 2018 1440 196 19 56 142 231 232 310 359 414 429 515 601 644 690 703 751 776 812 823 827 922 994 1086 1100 1123 1167 1198 1235 1266 1267 1276 1531 1368 1553 2076 1605 1622 1625 2140 1623 1632 2150 1646 1689 1690 2063 2244 1760 1772 1805 2338 1840 1348 1349 1863 2377 1881 1901 1933 1937 1451 2011 1504 
1492: 1706 1670 372 8 923 1823 2232 958 326 746 2049 1162 536 1562 626 1847 45 150 151 162 179 206 277 296 315 325 359 362 386 388 400 419 442 463 470 490 492 496 505 527 551 559 564 568 603 634 668 709 733 738 773 791 805 807 833 840 848 871 880 883 925 929 960 1016 1019 1032 1072 1083 1100 1111 1123 1151 1158 1171 1211 1213 1233 1244 1249 1261 1278 1284 1317 1331 1332 1367 1373 1390 1396 1414 1419 1445 1454 1468 1491 2035 1526 2050 1564 1598 1623 1980 2149 1646 1647 1653 2177 1676 2084 1686 1696 1892 1702 1705 1978 1718 1730 1736 2259 2157 2284 1493 2163 1821 1830 1835 1852 2003 1864 1873 2391 2395 2397 1894 1896 1910 1929 1933 1513 1494 2007 2011 2018 
1493: 1706 952 1492 320 372 923 1823 1591 2232 957 958 959 326 204 746 299 2049 1415 1162 536 1562 626 1847 2002 451 1537 603 1249 1157 2157 668 1367 687 2035 1081 1598 1154 1171 179 1213 1733 733 738 269 791 1830 315 1852 341 1419 2018 402 1461 150 960 1227 496 1806 2284 564 1513 2395 1491 1705 417 397 400 45 792 2114 151 709 2391 1373 1646 2318 2320 1317 302 871 2007 442 1873 1494 1332 1980 2168 1676 314 388 1718 1331 2177 390 1414 1284 112 162 199 296 325 359 361 419 454 463 470 490 492 514 520 551 559 568 634 724 773 807 833 840 880 883 1016 1023 1032 1072 1093 1109 1131 1158 1185 1191 1211 1233 1244 1259 1273 1357 1420 1445 1454 1460 1526 2050 1564 1571 1623 1881 2149 2152 1653 2165 2084 1686 1814 1647 2291 1799 1821 2003 1875 1895 1896 1919 1941 2368 1755 2011 2372 
1605: 1706 1655 34 1260 1309 1203 1277 73 2136 953 628 536 1367 1217 714 1800 783 1822 1939 1495 343 1687 792 1498 26 115 221 229 232 390 471 491 594 637 711 728 735 1149 1325 1354 2166 1718 1935 1881 1863 2023 1756 2177 
2287: 1706 34 952 1160 320 1410 372 1427 923 1591 73 978 2136 746 299 2251 1415 1162 786 536 1562 626 451 1798 668 1367 687 1554 538 1018 560 2101 1081 1598 1088 2124 2132 2138 1353 2208 180 1744 1751 733 1476 738 2301 1835 1852 2073 1869 2397 2064 2099 911 1946 925 1953 402 951 443 1806 2012 1518 1525 2209 584 21 26 154 184 188 214 395 417 422 442 469 472 490 505 520 565 570 571 606 631 636 637 649 669 684 703 724 736 747 799 805 821 869 870 883 899 917 936 981 1067 1072 1089 1099 1114 1118 1125 1158 1205 1228 1343 1447 1498 1515 1536 1582 1600 1601 1624 1646 1666 1676 1696 1719 1731 1779 1814 1833 1840 1859 1866 1873 1875 1897 1904 1915 1918 1919 2054 2104 2150 2163 2165 2179 2244 2327 2332 2365 2343 2396 
2295: 1706 1475 266 803 131 1841 319 929 310 2311 2137 781 491 493 
2140: 1706 910 1309 511 1823 536 451 1537 996 1540 860 1664 1744 733 1822 909 995 997 1687 2009 1435 751 792 803 1646 691 933 1206 1431 1720 2125 688 2084 1357 2372 1198 1880 1229 
2303: 1706 1371 2132 110 1809 185 1780 784 791 2335 196 2118 1846 165 1226 2248 837 674 1841 901 442 586 1308 390 566 1520 1690 2311 122 1652 53 91 166 167 225 231 234 352 414 456 493 520 555 556 559 672 824 829 839 861 887 930 945 971 974 1035 1063 1101 1173 1259 1368 1442 1451 1460 1585 1911 1933 1988 2011 2023 2128 2137 
2328: 1706 640 1203 953 1716 2060 147 1780 1914 1468 1449 390 566 123 1652 2137 414 82 700 1063 1368 1451 2023 2151 2314 
2354: 1706 2136 311 440 1998 2137 414 
2129: 1706 372 1823 326 1102 2251 1716 628 942 451 625 654 267 439 1846 192 266 1611 25 123 262 440 969 1099 1348 1391 1520 1528 1573 1794 1839 1840 1841 2137 
2012: 1706 2287 11 2251 1798 713 617 1694 2018 81 168 744 1110 1111 1348 1719 1985 
1759: 1706 11 73 953 63 467 69 604 25 55 154 472 568 751 800 843 1019 1020 1031 1196 1265 1278 1473 1497 1517 1538 1675 1704 2054 2332 2318 2229 1862 2048 
2398: 1706 1427 73 2131 953 746 1847 1157 1053 1052 1784 343 1915 803 922 
89: 1670 2157 1344 2161 2226 2227 1015 
153: 1670 910 32 1160 360 779 511 923 308 958 959 2246 1246 2014 536 626 451 1157 239 2039 1540 1356 1574 2101 1088 2132 617 1694 2231 1744 733 1476 315 2073 1869 563 890 1934 918 416 1953 951 150 960 453 460 2000 343 1513 1518 455 1705 517 100 369 1672 1024 1029 1522 728 1323 2361 75 123 1041 2065 2084 2091 1586 854 1911 1106 1668 155 2229 1219 1731 2274 764 1289 2329 287 1833 305 470 1355 1876 2396 869 876 1671 428 1452 1972 981 987 1093 
201: 1670 952 510 779 1613 1823 2131 628 1774 292 626 970 1537 1367 2060 1154 656 2285 1822 2073 1869 362 1419 925 1953 150 343 995 14 1491 124 125 200 2036 2042 981 825 1041 2322 409 1698 1966 691 1080 2361 2372 586 1229 792 471 2274 871 747 
392: 1670 204 239 1540 1661 1163 1171 662 2073 1869 1872 1914 2098 455 1986 22 218 26 27 52 169 177 205 265 303 325 376 499 1399 1020 1204 1027 1926 395 1673 1293 2187 1298 1685 2071 397 1696 1833 2089 1324 1841 558 1332 1207 445 2236 1984 1684 1989 394 1941 461 465 1999 1873 2003 857 861 869 616 1384 1568 605 881 
453: 1670 910 952 153 11 32 1160 1275 510 779 511 403 632 923 1823 1277 689 308 2356 2232 1102 1879 628 1774 536 1562 292 626 1847 451 970 1537 1261 1249 996 239 1519 1367 2035 553 1078 1088 604 617 117 1664 1154 2176 1691 1694 174 1744 733 1476 1764 625 1822 909 309 2073 1869 362 563 1419 399 911 918 2250 1953 150 13 26 30 66 75 90 131 155 169 200 214 244 335 343 359 410 428 437 442 1522 1523 1525 516 2051 1040 1041 537 1358 1188 551 564 2103 1596 1602 2114 586 587 755 594 1106 1114 1117 2147 623 1668 1672 666 667 2209 1098 1731 1984 728 1647 1051 747 751 2159 2292 1276 1278 1993 803 792 800 806 811 2084 1324 1326 1332 2361 1343 2369 839 1323 1873 1876 1372 2395 867 2400 869 1705 1671 1915 1421 929 1957 1456 1457 1972 1976 1986 455 460 1314 1489 1490 1491 981 1495 837 1504 995 1435 1518 
474: 1670 427 1160 510 403 923 1277 1591 746 298 2049 626 2002 1537 2039 1530 1154 1809 1751 733 1052 245 1872 402 2026 1518 1456 1343 417 792 507 151 2153 837 369 2048 1110 1111 1637 2155 135 200 2277 2318 2320 302 1841 725 2007 1332 33 132 348 437 499 2163 1875 1911 2041 2291 2187 1229 1690 762 2343 1331 694 1919 824 1849 1776 1089 1612 685 597 2388 1117 1384 2150 
512: 1670 1203 
554: 1670 819 
616: 1670 392 2251 2361 1768 52 605 982 75 214 445 493 983 1112 1401 1785 1204 1400 2376 
699: 1670 738 2149 123 1723 2239 2150 1039 840 
733: 1670 910 952 1492 1493 2287 2140 153 453 474 11 320 593 372 923 978 745 204 2251 1716 628 2049 1811 942 63 451 72 2170 1261 1367 2035 1948 1036 1356 1056 1574 46 1075 1076 1077 1078 69 1620 2130 2132 604 607 101 110 1135 116 117 1664 1154 1163 656 1171 174 1230 1744 731 25 43 55 60 68 81 84 113 129 131 135 150 151 165 169 190 218 244 254 263 265 287 304 305 309 316 317 334 339 343 350 352 359 361 362 374 397 407 409 410 411 415 416 417 418 419 422 447 448 450 455 460 469 470 490 492 493 537 551 569 570 594 625 633 634 649 674 685 688 693 706 721 728 1012 1017 1023 1671 1490 1780 905 1543 1545 2057 1185 1041 1556 1109 1561 2073 1529 2076 1566 1568 1980 2085 839 1145 1582 2095 2104 1875 1602 2114 1895 1343 1110 1962 2133 1624 1997 2141 1631 2143 1125 1637 2137 2153 929 1372 1651 1373 2395 1284 1673 2187 1680 1974 961 1184 2209 1892 1702 1703 1211 2063 962 1384 928 1210 2233 2234 1726 1730 776 1735 1558 2103 1048 855 1233 1678 1474 1747 1984 734 2267 737 2270 1765 1818 1769 748 751 1696 753 2159 757 2330 2291 2294 1278 1822 773 781 1005 1299 1229 791 792 793 1305 2327 799 2332 2333 802 2084 1316 1317 747 1830 809 2343 812 1324 1328 819 821 2357 2361 2365 2368 2369 2371 2372 1863 1323 2259 2290 1870 1360 853 2387 832 2007 2396 2397 2091 869 1388 1840 1841 886 1908 1909 1364 1331 735 1404 1833 1332 1718 1923 2364 1419 1930 909 2185 1922 1435 1445 1446 1424 1850 1957 1452 1457 1968 1820 949 1972 1973 1976 1978 1475 1987 1482 1843 2026 1491 1494 911 1943 1303 938 1772 999 1517 837 2029 1521 
738: 1670 952 1260 1492 1493 2287 699 11 510 511 372 923 2356 957 958 959 628 2049 536 1847 713 907 1053 59 1598 2124 860 655 1740 14 27 83 87 123 214 252 301 309 323 374 402 404 408 409 411 448 461 491 494 517 534 596 598 625 678 683 1032 1039 1568 1067 1072 1590 2153 1206 1167 2209 1191 1704 2227 1757 747 1278 2311 2318 1822 1828 815 1331 1372 1887 1391 1419 1930 911 1934 1435 1953 934 1466 960 963 1491 2007 2026 
828: 1670 1364 929 1935 776 1678 2357 1857 1041 1920 835 1512 
894: 1670 1655 593 1527 1879 2251 1811 63 116 1171 1751 237 362 911 1475 1513 1993 1584 1611 369 1673 728 336 1434 43 231 264 357 413 457 470 471 1403 1793 932 2343 2226 1336 1229 1840 
905: 1670 733 632 1855 2132 1296 2209 1343 792 703 25 229 259 334 359 411 514 781 1284 2330 1066 1071 1730 2133 1119 
919: 1670 1410 1664 800 1491 2292 25 81 1841 1332 1331 1663 1840 
928: 1670 733 1410 511 2251 536 970 713 1097 1070 1694 1744 2073 1869 563 399 918 564 244 1098 1993 800 66 2395 2009 1705 755 373 933 295 1918 586 1323 821 1844 929 1876 325 869 60 775 776 777 186 484 556 609 624 853 2070 2076 1443 1972 1600 1478 1678 1235 
943: 1670 2257 234 
982: 1670 616 2251 600 990 869 52 653 861 983 984 985 2017 1421 2042 
984: 1670 982 455 311 600 154 869 2326 653 2128 2259 861 916 2376 2379 
1015: 1670 910 89 958 1811 451 1798 1367 2335 909 843 1419 1576 584 1435 612 440 1637 1673 1346 1770 1522 747 1844 422 2185 2311 2341 2274 437 599 438 457 470 1375 115 278 394 395 476 499 552 735 1013 1910 2310 1558 2334 1067 1071 2224 1336 1107 1342 1103 2261 1248 1377 1376 1262 
1039: 1670 699 738 2251 2149 169 2161 840 
1154: 1670 910 1260 1493 201 453 474 733 11 2034 360 2251 1811 1847 451 1749 1367 1540 69 2132 617 66 143 200 202 218 247 252 265 361 409 411 422 428 445 493 569 688 703 751 753 760 792 793 798 799 812 855 861 862 863 909 914 933 955 961 1005 1032 1123 2290 1185 1468 1556 2084 2133 1624 2167 1672 2184 1174 1176 1694 1184 1696 1702 1703 1211 1984 2263 1986 1763 2284 1273 1292 1296 2320 1230 1830 1833 1324 1841 1331 1843 2361 1343 1346 2369 1359 1360 2387 1373 2400 1384 1899 1399 1404 2007 2330 1930 1424 1953 1970 1978 1490 2367 1494 
1204: 1670 392 616 536 461 1833 2253 2187 1573 
1254: 1670 34 952 11 372 923 1591 958 299 2251 239 1865 1554 1018 1074 2101 101 2176 1764 66 82 112 135 256 258 295 314 457 468 470 566 636 648 649 666 690 753 796 800 809 849 884 899 927 933 990 998 1033 1205 1210 1968 1778 1914 2182 1420 1633 2329 2210 1569 1957 1835 1582 1966 2171 1596 2368 2371 2117 1867 1303 2385 1370 2326 2147 1897 1515 
1293: 1670 392 32 923 451 1371 796 465 397 600 1841 1029 104 2071 1298 1762 
1341: 1670 73 2002 76 119 390 2096 194 406 660 840 1757 2385 
1356: 1670 153 733 11 32 511 403 1277 1879 1157 315 460 667 728 766 853 867 869 933 988 1088 1103 1276 1289 1374 1418 1421 1738 2073 1569 1953 2343 2231 1850 1869 1744 2395 1976 1517 
1365: 1670 1329 1334 451 498 2330 1066 588 508 2329 1541 1924 1899 807 1900 1977 
1396: 1670 1492 1591 1798 2157 1967 2392 386 687 2039 1574 69 101 1737 2073 340 951 587 141 311 751 507 2114 369 575 1151 1873 1790 1024 1556 1752 2361 1718 1159 819 1654 1234 123 1981 58 86 223 250 294 378 398 545 623 766 851 874 892 973 974 1026 1067 1117 1153 1229 1247 2293 2077 1570 1588 2109 2160 2161 2187 2202 2212 1703 2265 2267 2274 1789 2321 2165 1827 1825 1859 1901 1902 1959 1982 1502 1509 
1422: 1670 2251 628 626 800 612 691 1873 652 2311 2294 527 125 1059 1262 2329 1979 1827 
1518: 1670 640 896 910 2287 153 453 474 11 510 1410 360 593 511 632 923 1823 1277 308 959 324 1879 2131 2251 628 2049 1562 626 451 1537 2157 239 1519 1367 713 1664 2208 1822 2258 2073 1869 1872 563 911 1934 918 1440 1953 150 343 2284 995 18 124 151 214 227 232 325 390 394 417 428 455 566 586 623 653 715 729 792 794 837 839 869 871 883 900 975 981 1028 1041 1051 1067 1072 1114 1151 1179 1268 1323 1324 1326 1331 1332 1358 1368 1468 1491 1502 1522 1558 2104 2114 2116 2150 1640 1652 2163 2165 1663 1668 1671 1672 1705 2226 2227 2160 2332 1840 1873 1876 2393 1901 1841 1588 1941 1972 1989 1993 1520 
1558: 1670 665 896 733 1015 1518 510 360 923 1334 536 626 970 2231 1953 995 1687 584 1986 1846 266 517 1824 131 1841 1984 1980 1522 2361 422 991 753 359 1298 248 438 986 1375 2062 683 176 1262 220 441 822 1264 1348 1541 1804 
1588: 1670 427 1396 1518 1160 923 745 1269 536 626 1519 1643 1872 2018 881 792 1637 1673 674 1998 2361 1876 1768 325 869 1276 2270 264 358 
1623: 1670 276 1309 1492 1493 1410 779 511 403 632 923 1277 689 2232 958 953 628 1269 536 292 626 1537 1371 996 2102 1748 1822 362 995 997 1161 1490 1210 448 1343 168 1646 1151 1673 302 295 350 359 123 869 1276 904 1933 2084 1504 2326 2226 157 138 404 452 552 2353 1771 
1646: 1670 896 910 952 1309 1492 1493 2287 2140 1623 779 144 923 1823 1277 689 1591 958 959 324 326 1879 2136 1246 745 204 746 298 299 1416 536 1562 626 638 1847 2002 451 1537 1105 1261 603 239 1367 2392 687 2105 1598 1088 1621 2124 604 1643 116 1353 1694 179 1202 1809 197 1744 1748 1764 1780 1822 1852 1578 362 890 1914 1426 1953 960 954 2000 1806 995 800 455 1456 1490 1210 1569 2182 1966 267 260 439 1449 644 1846 266 1611 2249 1808 994 517 2114 608 168 1226 837 440 26 1045 1110 82 102 108 155 156 258 261 290 295 304 359 411 435 437 470 495 539 589 599 623 630 634 637 753 787 788 789 839 864 870 884 891 899 904 927 988 989 1031 1072 1101 1106 1108 1114 1117 1156 1165 1167 1218 1259 1276 1284 1289 1298 1303 1314 1377 1395 1402 1442 1514 1517 1522 1535 1561 1563 1564 1582 1619 1625 2032 1859 2084 2088 2137 2113 1911 2147 1650 2167 2171 2219 2193 1676 1686 1689 1720 2214 2215 2216 2217 2218 2220 2222 2226 2320 2221 1730 1731 1743 2306 2308 1807 1843 2359 1767 1862 1873 2385 1836 1889 1897 1919 1991 2145 1985 2051 2368 2030 
2294: 1670 733 1422 779 2087 909 2073 2397 55 918 800 1687 1705 1637 1672 1561 1873 1918 129 2361 2245 1234 1579 825 325 123 121 125 175 182 212 214 234 438 469 484 527 748 758 761 805 816 1014 1020 1022 1080 1348 1750 1827 1974 1979 2072 2076 2327 
1921: 1670 90 328 869 105 108 1247 1406 1777 2259 
1673: 1670 392 733 894 1015 1588 1623 536 970 553 2073 1869 1872 1953 800 439 369 26 90 135 1672 200 234 537 548 652 691 1066 1501 2062 2361 2374 2147 1903 
2189: 1670 2048 825 1344 1533 
2073: 1670 910 952 2287 153 201 392 453 733 928 1356 1396 1518 2294 1673 11 32 1394 1277 689 324 2131 746 536 1562 1847 451 239 1519 1367 1858 2039 1540 29 77 2130 1163 656 1171 2315 1182 1694 1194 1469 698 1751 253 269 909 26 27 31 45 55 66 90 107 121 125 146 155 165 169 182 190 200 218 232 233 244 296 311 325 336 343 344 350 369 376 397 399 416 418 422 428 439 440 443 455 457 461 465 468 469 470 482 507 537 546 563 564 584 586 599 600 605 609 636 643 666 667 696 703 748 751 768 789 792 799 800 811 821 848 891 893 911 916 917 918 929 933 951 955 960 972 981 1001 1022 1024 1029 1031 1051 1067 1084 1085 1090 1109 1112 1117 1158 1174 1176 1191 1196 1206 1207 1210 1234 1240 1273 1291 1298 1307 1314 1323 1339 1342 1343 1346 1359 1360 1378 1388 1420 1436 1446 1456 1468 1479 1489 1490 1517 1522 1526 1544 1568 1575 1576 1594 1610 1624 1629 1637 1671 1672 1676 1687 1717 1747 1785 1788 1789 1803 1814 1815 1820 1821 1840 1843 1864 1872 1873 1905 1910 1916 1941 1943 1953 1962 1984 1989 1992 1993 2030 2032 2048 2054 2064 2093 2353 2215 2217 2128 2144 2147 2221 2155 2310 2187 2193 2214 2216 2218 2219 2220 2222 2238 2247 2250 2267 2289 2292 2332 2345 2346 2355 2361 2362 2369 2378 2397 2097 2088 2103 
2147: 1670 427 453 1254 1646 1673 2073 1160 510 360 779 511 626 1798 239 617 1691 1694 1744 1476 843 1869 2397 563 399 918 2250 1953 995 564 244 1098 800 587 1610 1417 1672 1399 586 107 1314 314 1489 981 636 869 58 305 335 785 1743 1916 
1702: 1670 1492 733 1154 292 1749 2157 2132 604 2169 1171 2315 2206 174 784 1296 1830 1869 362 1343 207 1324 994 792 703 1086 2133 2263 1824 1373 1424 2330 1841 411 1984 2007 1770 265 359 247 490 2084 137 2372 409 1825 1840 2290 361 1930 508 700 721 793 855 862 914 921 1023 1032 1034 1071 1185 1211 1474 1941 1899 
2276: 1670 32 510 298 2279 1367 344 2292 917 26 90 135 200 202 991 1082 1158 1522 1567 1957 
1717: 1670 910 2073 32 1160 510 1410 360 779 511 1394 2131 746 2049 451 1157 1519 1469 1744 1476 2397 911 1490 1468 267 1435 295 1873 319 1522 586 2144 142 155 468 736 750 967 1007 1009 1060 1187 1259 1268 1303 1314 1321 1348 1354 1370 1544 1633 2062 2198 1903 1883 2139 1972 
2259: 1670 1492 733 984 1921 2132 604 1171 1939 1927 148 1561 1958 2091 376 247 2165 1651 1288 134 338 404 780 983 985 1032 1516 1526 1890 1999 2378 2379 
2234: 1670 733 1540 2007 819 1377 1517 1258 
2251: 1670 640 896 910 952 2287 2129 2012 616 733 894 928 982 1039 1154 1254 1422 1518 2040 1275 1410 360 511 632 2232 957 959 2014 204 2131 953 299 6 7 16 23 44 45 46 52 64 76 77 81 94 100 101 102 117 120 123 135 138 141 155 162 163 168 169 186 189 196 197 199 200 209 225 227 233 242 248 252 255 259 261 262 265 283 287 302 309 311 319 325 328 332 333 346 350 361 363 376 402 405 409 417 418 428 431 437 443 451 455 457 460 461 463 468 477 478 479 482 484 487 492 494 516 520 532 535 536 544 545 549 562 571 576 582 583 584 587 594 599 600 602 604 605 606 608 610 620 622 623 631 636 641 663 667 688 702 703 714 747 756 768 771 783 786 789 790 791 792 796 798 815 819 820 825 829 834 837 839 861 863 864 866 871 872 880 886 909 922 930 935 936 950 954 956 964 967 972 975 976 980 990 991 1001 1005 1013 1017 1022 1048 1056 1057 1067 1068 1071 1074 1075 1076 1097 1101 1105 1114 1121 1127 1131 1132 1137 1146 1148 1157 1172 1194 1214 1216 1218 1223 1233 1237 1262 1265 1281 1283 1291 1299 1300 1316 1317 1321 1323 1324 1331 1335 1336 1348 1351 1354 1355 1357 1373 1375 1380 1388 1390 1402 1405 1421 1433 1435 1438 1443 1446 1454 1460 1461 1466 1475 1484 1488 1494 1495 1506 1520 1523 1533 1545 1557 1559 1562 1583 1585 1596 1599 1600 1610 1624 1637 1656 1657 1672 1678 1687 1688 1694 1695 1703 1707 1715 1716 1718 1727 1741 1747 1753 1756 1760 1768 1772 1779 1798 1803 1805 1809 1815 1819 1824 1828 1836 1858 1859 1871 1888 1900 1904 1909 1911 1915 1916 1926 1934 1937 1939 1951 1953 1954 1963 1972 1973 1976 1978 1982 1983 1990 1992 1994 2000 2009 2013 2021 2026 2043 2049 2057 2058 2062 2066 2085 2091 2098 2102 2105 2108 2112 2114 2135 2137 2139 2141 2143 2154 2155 2157 2158 2163 2176 2184 2195 2207 2208 2209 2229 2236 2248 2376 2253 2258 2269 2275 2283 2292 2310 2321 2329 2346 2348 2365 2366 2374 2377 2382 2394 2396 2368 
1882: 1670 1324 374 691 721 1228 228 1789 
2395: 1670 1492 1493 453 733 928 1356 1275 511 403 308 2356 958 536 1562 626 1540 2060 1078 2132 1124 860 1664 656 1691 1694 1734 1744 1476 237 918 460 564 13 1525 1098 1993 410 30 66 455 60 118 186 304 325 469 652 674 796 816 837 853 869 933 1048 1281 1637 1705 1841 1844 1876 1909 1918 1972 1988 1989 2042 2076 2198 2266 2372 
1993: 1670 453 894 928 1518 2073 2395 1275 779 1394 451 1078 1124 1691 1694 1744 1476 849 563 399 918 460 564 13 244 1525 1098 30 40 60 66 129 294 295 325 350 410 444 455 596 755 766 775 800 825 869 927 933 1186 1523 1678 1705 1752 1844 1876 1923 1997 2372 2245 
1892: 1670 34 1492 733 1203 2132 604 1171 1939 2026 792 374 1561 2330 247 508 700 869 988 1032 1211 2084 2091 
45: 1655 952 1492 1493 2073 2251 1591 324 326 451 1537 2157 1809 1852 362 995 1161 1456 23 1808 26 2032 1141 2007 1284 2179 1718 442 1980 2113 325 2391 734 2016 359 2149 
350: 1655 1069 733 1623 2073 2251 1993 626 72 617 656 1694 2156 895 150 1364 1687 267 994 151 2036 1672 1873 232 1831 44 349 1395 1013 1032 649 2062 407 543 1059 2090 1968 1043 1592 2382 1263 
411: 1655 276 952 733 738 905 1154 1646 1702 511 1591 2131 1271 786 1224 970 1157 687 2101 2132 604 1171 174 1296 791 2156 1830 340 2397 569 1953 443 997 1525 1278 1343 1324 792 703 1048 2133 1978 1824 837 1373 369 1424 26 27 691 2330 83 152 199 216 235 247 265 284 290 359 368 409 445 508 2290 1032 1548 527 1043 2084 1066 1067 2095 1595 581 598 606 862 1152 2187 657 1184 1185 700 688 693 1211 1730 721 1756 749 773 2312 793 810 2372 845 855 1899 892 1930 1932 415 1970 1474 964 1941 981 1494 986 1517 
443: 1655 2287 2073 2251 411 11 992 958 959 298 1224 1798 1053 59 1163 1469 1052 1784 26 90 135 200 218 422 2292 899 1188 933 1840 1841 1331 1332 703 1343 1730 1859 1899 792 1491 598 1499 606 2369 2277 1002 2153 1005 
493: 1655 896 952 2295 2303 616 733 1154 360 1203 923 1823 1277 958 959 326 745 786 536 1562 1249 687 2105 1598 1615 604 101 1135 1374 2099 2018 1462 150 950 496 2284 1490 1810 612 792 507 151 837 1373 1433 131 691 1317 2007 1494 1980 1718 1284 325 1006 490 1083 2085 1545 492 559 1167 880 1333 1859 773 1840 454 475 1497 514 899 1158 1016 1563 1564 551 1328 660 1864 749 1368 1756 
499: 1655 392 474 1015 779 1527 298 626 1171 1733 1953 1456 1111 200 202 1873 336 2163 248 2161 1336 667 264 2253 1404 2324 357 394 1575 1256 
527: 1655 1147 1492 1422 2294 411 1203 2232 73 2049 292 2082 433 1008 1449 2149 816 688 565 693 1084 125 212 214 220 394 408 415 1020 1022 1291 805 2080 1827 1794 872 
569: 1655 733 1154 411 11 2132 1873 792 570 1696 1730 2343 
588: 1655 1365 2130 792 2114 374 2330 933 1730 115 209 2329 1924 807 1680 
691: 1655 640 896 2140 201 1422 1673 1882 411 493 320 923 1660 1157 1077 617 619 2199 174 731 1296 402 433 557 150 1491 80 796 1449 1343 417 792 507 151 1772 837 369 374 26 90 131 135 84 115 123 136 176 318 335 412 422 514 516 520 598 606 652 1020 1022 1028 1544 2063 2123 1571 1063 1067 1587 2107 1091 1146 1158 2188 2194 1201 2225 1735 719 2252 721 1747 1758 2277 1281 1794 2306 2314 2323 1825 804 1833 1841 824 835 838 871 1910 1404 1932 1962 1976 968 980 1494 2015 1514 
711: 1655 1605 501 32 510 360 511 746 1798 1967 386 1230 1784 1822 488 1343 792 1048 36 98 132 282 361 494 611 884 1011 1654 1156 1413 1671 1443 1577 1579 2235 729 1501 
835: 1655 828 691 433 1666 2190 
837: 1655 276 896 910 952 2303 453 474 733 1518 1646 2251 2395 411 493 691 632 2356 1591 958 959 324 326 745 2131 746 298 299 628 2049 1415 1774 292 626 63 451 1224 970 1157 2157 2392 1855 2035 1540 1053 1088 1615 604 860 1645 662 160 179 180 1809 185 791 909 1830 301 309 1852 1374 362 2296 911 1953 402 1462 150 960 1939 343 2284 564 1525 800 1491 1278 2209 1596 1490 448 771 1810 218 1343 417 1435 1956 213 994 612 25 2133 1140 151 1824 74 83 97 108 115 123 369 374 414 415 442 449 457 469 470 516 537 562 568 596 599 631 637 653 674 692 693 747 749 1522 1550 1050 1057 2085 2086 2091 1072 2096 2108 1875 1100 2125 1111 1625 1630 2149 2150 1201 1145 1118 1151 2179 1167 1859 1176 1689 1191 1726 2252 1245 2158 2297 2298 1459 2163 2330 1317 2343 1837 1647 1328 1840 1841 1339 2361 839 1862 1354 1358 1873 2385 2261 1368 1881 1883 1373 1377 1390 1903 1399 1919 2007 1616 1938 933 1962 946 947 1970 1854 2391 2366 1998 1494 991 1653 
933: 1655 910 2140 928 1154 1254 1356 2073 2395 1993 443 588 837 32 1160 510 360 779 511 923 308 1591 1102 2131 953 746 299 628 2049 1774 292 626 1537 1371 996 29 2130 2132 1664 1163 1171 1744 1476 237 1296 1822 895 843 1869 1872 55 1934 918 1953 743 433 150 1470 950 1475 995 997 800 1705 1210 1845 1343 1324 2292 751 792 703 1048 151 369 374 26 570 90 131 135 200 2277 1326 75 125 129 265 458 469 494 508 514 747 807 825 836 869 874 1014 2042 1543 2076 1065 1579 2144 1680 1183 1980 1741 1750 2372 1873 1876 1330 1908 1918 1418 1421 1997 979 
977: 1655 923 1716 451 1157 2392 687 1088 2169 784 260 1151 2330 2361 1487 1567 264 736 834 
1066: 1655 905 1365 1673 411 1786 923 73 2136 1224 2035 860 1783 498 340 2099 1491 1343 792 703 1086 803 2036 1494 1301 688 490 83 487 506 730 757 793 799 820 824 989 1019 1032 2288 1165 2190 1273 1184 1185 1595 2107 1647 
1068: 1655 2251 11 2060 161 209 806 1364 1338 1869 2130 1472 1578 1132 
1086: 1655 1309 1702 1066 1329 2232 2035 2199 1687 266 1343 792 25 1048 131 214 334 469 470 657 841 1023 1060 1311 1442 1087 1609 2387 1624 1424 1901 
1163: 1655 896 392 733 2073 443 933 11 1530 1540 29 2130 90 135 200 252 446 570 840 1525 2168 2330 1171 2075 1445 2277 1470 2243 1992 1869 2125 1872 1624 1895 
1184: 1655 733 1154 411 1066 360 2172 1343 792 703 2277 2330 1730 1696 887 793 1632 1680 
1185: 1655 1493 733 1154 1702 411 1066 2132 604 2172 662 2199 1733 1296 1343 792 703 2133 1672 2330 1730 1316 2372 409 721 1776 1211 1384 334 2346 1680 581 985 1023 1496 
1388: 1655 733 2073 2251 11 32 1160 1410 1607 511 403 626 1124 1744 1476 1822 362 295 319 354 439 494 644 658 792 869 1187 1262 1264 2227 2185 2226 2112 1490 1747 
1424: 1655 733 1154 1702 411 1086 529 1315 2397 1946 771 266 1343 792 703 25 1087 165 1978 1373 97 123 132 302 334 409 508 568 683 693 855 1421 1696 2096 1730 1870 
1494: 1655 665 896 910 1492 1493 733 1154 2251 411 493 691 837 1066 923 1823 1277 1591 958 959 1102 745 2049 536 1562 2002 1371 1249 668 1367 687 2035 1598 604 860 1171 185 2344 1852 1374 2397 2018 402 1462 1939 1227 496 2284 1525 1490 1210 1810 1373 27 131 1317 353 2007 44 169 176 305 318 325 359 454 490 551 660 721 773 824 880 931 934 1007 1016 1109 1117 1158 1167 1191 1244 1248 1284 1305 1328 1538 2050 1544 1545 1555 1563 1564 2085 2088 1608 1718 1980 1756 1825 2343 2372 1864 1866 2179 1497 1755 2011 1502 1859 1517 
1524: 1655 1277 689 1591 745 1416 1748 1414 359 1276 
1545: 1655 733 2251 493 1494 1275 403 953 532 2132 1809 236 848 356 1475 496 1025 1005 2182 751 922 2048 1637 1873 852 2046 1510 68 516 2085 318 454 492 494 514 521 866 1126 1327 1497 1909 1821 2271 1577 
1624: 1655 2287 733 1154 2073 2251 1086 1163 1203 372 1394 2130 1694 1869 416 1210 1343 1324 792 825 869 414 2096 268 1814 1259 2261 214 2095 209 1041 1704 1776 394 395 401 611 1003 1680 
1689: 1655 276 952 1309 1646 837 1160 1410 779 511 1277 689 1591 958 959 326 1269 1562 2002 2237 1105 1157 1967 1367 2082 1088 1621 617 126 2176 1809 1469 1748 1822 342 1590 925 150 960 66 2182 644 1808 994 792 2159 429 1980 2144 129 232 1431 1985 155 1718 1690 2125 290 1276 904 305 1083 2066 231 268 364 408 452 515 658 690 787 1267 1632 1686 1957 1889 2229 2065 2139 
1976: 1655 453 733 1356 2251 691 1203 451 1456 740 1343 1324 792 1772 1568 1730 1538 2096 1259 1833 229 568 412 334 1680 1754 
1967: 1655 640 1069 1396 711 1689 11 632 9 1613 923 1591 1562 996 23 25 79 138 148 237 273 296 348 580 599 610 686 724 776 792 799 874 955 1048 1059 1062 1165 1179 1182 1296 1522 1529 1550 1625 1742 1795 1873 1888 1933 2159 2176 2039 1980 1984 2063 2250 2020 
1845: 1655 933 1823 1371 1278 20 1500 200 580 1104 2226 
1846: 1655 2303 2129 1558 1646 1410 1203 632 923 1823 1334 2014 1371 1855 1598 1740 2275 995 1687 1278 439 2078 20 79 99 214 266 305 394 438 525 610 657 948 1099 1413 1439 1529 1802 2020 1866 2096 2126 2387 2274 2200 
2345: 1655 2073 2131 253 80 165 369 1841 2238 2091 486 657 1338 2017 250 251 906 405 217 229 787 1250 1674 2346 
2130: 1655 910 733 2073 588 933 1068 1163 1624 11 632 298 29 46 25 26 90 131 135 200 260 265 266 267 272 311 422 600 703 771 792 909 955 961 1048 1174 1176 1359 1360 1475 1611 1704 1726 1730 1837 1869 1875 2007 2113 2311 2292 2227 2361 2369 
212: 1147 2294 527 2153 693 2117 
369: 1147 896 153 474 894 1396 1673 2073 411 691 837 933 2345 320 779 626 1053 174 1052 1296 1835 1869 362 563 402 433 972 417 1324 1915 25 1772 2391 26 27 123 135 155 176 200 229 274 288 335 353 354 355 359 514 516 2063 1571 2096 1794 2188 2201 676 683 1719 1730 1735 1225 719 1789 772 1289 1290 1304 2330 1825 1318 816 1841 824 1849 2363 839 2372 1355 1870 2383 2388 858 871 1387 1920 395 915 917 412 419 1459 949 452 1486 470 477 1501 1862 
374: 1147 733 738 1882 1892 588 691 837 933 923 1329 1334 1591 2136 451 1855 1934 1343 792 703 25 165 214 334 1538 1930 1680 1696 1063 1703 948 1730 721 1887 871 
486: 1147 2345 1105 1075 1076 1077 1078 1620 309 1008 1705 1048 200 1876 2091 2311 60 217 250 291 346 405 1908 1022 645 906 1305 2076 1466 1338 1344 836 1216 1501 2346 1134 
617: 1147 910 2012 153 453 1154 2147 350 691 1689 11 32 1160 1275 510 1410 360 779 511 403 326 1102 1879 746 1811 536 2094 638 1537 1105 1261 996 1540 1036 604 25 55 64 120 123 131 168 293 309 348 410 455 460 517 2054 1040 1098 1112 1123 2156 637 1149 1151 644 1180 1694 1191 1731 2250 1744 1476 747 755 788 792 890 1822 1342 1348 2372 869 1386 878 1911 909 1437 2018 1440 1957 1448 1456 1985 967 1490 995 1691 
860: 1147 910 2140 738 2395 837 1066 1494 11 510 360 511 73 1102 1246 953 628 1774 536 292 451 386 2039 1070 1615 1124 40 114 123 124 137 151 214 302 359 362 382 410 414 470 502 530 583 683 747 753 809 812 839 2054 969 880 911 1681 1314 1435 1054 1822 929 2209 1957 1197 1331 1186 1214 1556 1301 1862 2344 1671 1358 1559 1491 1751 2007 1885 
874: 1147 1396 933 1967 372 958 959 204 746 298 299 604 843 995 80 1449 771 1561 2007 1718 598 469 850 606 2027 
906: 1147 2345 486 80 1522 2091 1338 1028 1666 250 217 291 346 405 926 1701 1589 1466 2001 2346 2273 1134 
980: 1147 2251 691 779 433 1687 1606 1048 2153 1873 1206 2361 1985 2311 325 234 840 2236 
1873: 1147 910 1492 1493 2287 392 453 1396 1422 1518 1646 2294 2073 1717 350 499 569 837 933 1545 1967 980 1160 510 1410 360 511 632 923 689 73 1879 1246 2131 953 299 1716 626 638 1847 451 996 1519 2031 2392 1858 2035 1865 2087 560 2101 1598 69 607 619 116 1694 2231 1734 716 1744 1751 1476 237 1822 2335 1852 1869 1872 344 2397 362 563 1419 399 911 1934 1778 918 1953 557 150 343 995 997 564 1513 2026 2029 66 455 1278 2209 1490 1986 2078 644 311 1435 1956 994 751 792 62 1610 608 1683 2013 2054 27 1672 2332 1984 295 768 85 115 118 123 129 169 181 221 225 249 250 287 352 381 383 389 394 409 419 469 470 471 490 494 594 596 609 623 685 693 715 718 747 766 780 781 787 820 824 825 834 851 856 869 887 934 940 969 973 1072 1146 1158 1173 1187 1259 1316 1331 1337 1377 1391 1434 1479 1502 1520 1701 1731 1747 1752 1837 1843 1857 2084 2091 2103 2117 2125 2227 2270 2274 2281 2316 2323 1885 2346 2361 2090 1898 1902 2179 1919 2127 2128 1982 1998 2005 2357 
2132: 1147 2287 2303 153 733 905 1154 1702 2259 2395 1892 411 569 933 1185 1545 11 451 1798 129 334 359 362 409 417 557 570 604 606 662 685 688 731 734 747 748 781 787 792 855 862 964 990 999 1165 1324 1343 1373 1419 1435 1459 1474 1521 1561 1568 1664 1668 1703 1752 1837 1841 1863 1870 1894 1922 1962 1978 2084 2085 2095 2187 2198 2330 2133 2137 
1607: 1147 910 1388 2 2034 1410 15 56 73 90 107 135 168 197 232 239 249 267 314 326 370 395 414 448 456 464 468 472 511 515 520 560 566 586 587 644 658 678 686 723 751 779 812 923 929 970 981 991 994 1002 1021 1051 1187 1272 1390 1394 1415 1416 1437 1456 1478 1490 1498 1556 1569 1587 1591 2046 1951 2064 2113 2144 2167 2170 1694 1731 2250 2275 1808 2332 1843 2361 2371 2176 2392 1883 1885 1888 1985 1986 2007 2026 
2007: 1147 276 896 952 1492 1493 474 733 738 1154 1702 2234 45 493 837 1494 2130 860 874 1607 1160 320 360 372 923 1277 1591 2232 959 324 73 1102 1416 1774 1562 2002 1537 1249 1367 2392 687 2102 1076 1598 1645 1656 1661 1171 1192 1217 269 345 362 2099 2018 1227 496 343 2284 997 455 792 703 1559 1140 151 709 2391 1373 26 1317 1346 1984 44 91 325 359 388 390 394 395 442 449 454 490 492 514 551 559 598 721 750 773 799 833 880 983 990 1007 1016 1067 1083 1109 1112 1158 1244 1284 1321 1332 1339 1368 1404 1454 1563 1608 1651 1718 1755 1756 1864 1980 2150 2163 2168 2210 2286 2253 2383 2179 2017 
1410: 1147 896 910 952 1260 1309 2287 919 928 1518 1623 1717 2251 1388 1689 1846 617 1873 1607 11 2 27 37 56 65 116 126 131 135 168 171 181 192 197 232 239 244 249 260 261 266 267 269 272 295 314 340 348 404 428 437 438 440 448 456 468 472 473 484 515 518 563 565 566 586 587 594 597 632 638 641 644 655 658 667 686 689 709 723 728 748 751 762 776 779 783 800 812 836 853 871 918 923 929 944 951 956 974 981 994 1002 1021 1041 1067 1072 1074 1083 1088 1112 1117 1157 1187 1252 1268 1276 1277 1303 1314 1334 1394 2044 1536 1537 1553 1808 1556 2208 2076 2091 1593 2113 2046 1611 2123 2144 1881 1966 1641 2153 2139 2167 1489 1974 1694 1456 1779 1468 2233 2236 2237 2238 2249 2250 1748 1751 1731 1479 1739 2318 2320 2327 2346 1839 1843 2361 2369 1876 1879 2176 1883 1885 2396 1888 1909 1587 1437 2110 1442 1446 1957 2275 1478 1991 1999 
1419: 1147 910 1309 1492 1493 201 453 733 738 1015 1873 2132 11 372 1591 746 299 1811 1847 451 2157 2392 1097 69 604 1171 1751 2283 301 345 36 65 129 214 260 267 272 373 399 551 653 667 683 703 728 747 753 789 812 911 994 1006 1031 1090 1123 1131 1140 1198 1210 1368 1395 2032 2090 2215 1611 2133 2158 1676 2188 2197 2207 2214 2216 2217 2218 2219 2220 2221 2222 2226 1775 2292 2299 2168 1841 2361 2365 1883 1435 1946 1423 1446 1978 1980 1992 1998 2113 
2312: 1147 411 314 748 
2091: 1147 153 733 2259 2251 1892 837 2345 486 906 1873 1410 511 1562 488 362 890 151 1193 2013 1918 43 173 250 346 405 1063 1701 1703 1747 1894 2347 2346 2095 
510: 34 910 201 453 474 738 1518 1558 2147 2276 1717 711 933 617 860 1873 511 1537 1540 536 76 77 2131 2136 604 101 116 628 632 2172 2176 1694 292 1217 1224 746 1783 909 309 1852 848 344 1371 1374 2397 563 479 399 1953 451 1992 1806 343 995 996 997 564 2 32 4 8 21 25 36 38 44 62 64 73 107 123 129 155 161 200 232 239 244 247 266 284 299 314 360 372 422 428 434 448 450 455 457 468 470 472 1522 1552 532 1556 1051 555 1067 561 2100 2107 1601 1092 584 586 587 1610 1118 1120 623 2164 2167 2168 637 638 2177 1676 1677 706 2144 1174 669 2225 1206 2233 959 2246 2238 621 747 751 1774 753 1431 766 1791 1799 1287 779 788 2323 1308 1323 626 821 1149 1337 2361 1576 1853 1346 961 2369 981 1359 812 1354 1866 1360 850 2385 1888 868 869 1377 1391 1910 1122 1415 904 1927 1420 825 1950 1442 1962 948 953 955 1176 989 1519 1520 
923: 34 276 910 952 1309 1492 1493 2287 153 453 474 733 738 1254 1293 1518 1558 1588 1623 1646 493 691 933 977 1066 1494 1967 1846 374 1873 1607 2007 1410 11 1434 1955 2039 1537 2060 536 1613 1053 560 1074 77 2124 2131 2136 607 1643 2157 632 1664 2176 1160 2208 292 179 1809 185 1217 1224 1744 1748 1751 1476 1764 2275 746 237 2283 1823 1296 277 909 2364 341 1886 2397 563 1871 399 911 1934 1778 918 320 2034 360 4 372 992 21 23 26 36 48 56 61 66 73 75 90 97 100 112 115 129 135 137 145 151 155 168 173 200 203 204 220 232 250 259 264 273 285 290 293 299 305 307 316 318 323 324 326 332 336 343 352 357 400 408 428 435 437 439 449 451 452 469 470 473 494 515 519 532 557 564 587 599 603 612 620 623 626 631 638 641 644 653 668 674 681 687 689 690 693 697 717 724 735 736 745 747 748 751 753 757 788 805 812 830 844 850 852 854 868 883 884 891 900 902 904 913 916 922 2046 2051 2055 2062 2065 2078 2094 2112 2114 2118 2139 2155 2158 2054 2165 2166 2167 2175 2178 2210 2066 2252 2069 2256 2268 2277 2282 2284 2306 2307 2308 2334 2343 2347 2356 2365 2368 2385 2392 1277 2177 925 927 931 940 950 951 953 954 957 958 959 970 971 972 981 2197 990 994 997 2316 1000 1022 1029 1058 1098 1099 1105 1106 1108 1110 1114 1117 1136 1140 2227 1165 1197 1210 1226 1229 1246 1276 2246 1278 1281 1284 1305 1323 1324 1325 1328 1331 1335 1343 1355 1367 1385 1386 1395 1406 1431 1435 1449 1474 1475 1485 1489 1490 1495 1502 1503 1504 1511 1513 1525 1526 1535 1538 1553 1953 1567 1576 1582 2361 1591 1610 1625 1628 1632 1633 1641 1650 1669 1672 1674 1686 1687 1690 1696 1698 1729 1743 1774 1775 1798 1805 1808 1810 1814 1815 1841 1847 1848 1854 1866 1879 1881 1889 1897 1902 1942 1949 2359 1965 1980 1982 1985 1991 1998 2002 2369 2014 
1329: 34 276 1365 1086 374 1136 1611 4 266 299 372 1067 2385 131 359 267 1334 1536 1167 449 332 683 803 867 922 1060 1090 1165 1915 2049 1965 2096 2356 1609 
2131: 34 896 910 2398 201 1518 2073 1717 2251 411 837 933 2345 1873 11 1088 1082 511 2035 2060 46 1081 63 77 510 360 1394 923 1823 73 5 26 39 66 100 105 108 125 135 136 137 150 151 160 169 179 180 185 200 214 237 244 325 339 340 343 344 399 417 419 438 455 461 467 472 507 520 557 564 565 586 626 631 638 669 698 723 743 750 751 772 792 799 803 824 867 869 871 891 909 922 929 953 990 995 1005 1187 1219 1263 1296 1314 1323 1326 1331 1343 1345 1346 1373 1391 1476 1482 1489 1490 1491 1495 1610 1637 1639 1647 1651 1658 1690 1726 1744 1772 1791 1815 1816 1822 1824 1836 1837 1840 1841 1849 1852 1855 1872 1883 1902 1956 1962 1963 1970 1975 2021 2026 2031 2065 2089 2099 2320 2149 2164 2223 2150 2238 2258 2311 2167 2342 2343 2385 2388 2179 2158 2369 
298: 34 474 1646 2276 443 499 837 2130 874 511 1044 29 1598 628 120 1664 2176 865 1809 746 1792 2258 1886 1778 1946 1806 779 200 232 747 626 981 26 27 135 1463 1672 1986 2332 1984 165 806 1457 8 299 448 472 2100 1346 974 1117 1456 2320 792 90 5 105 273 631 1917 1663 524 1165 408 1324 1326 1111 570 445 1600 2368 1482 674 1110 1637 922 2277 2279 
626: 34 896 910 952 1492 1493 2287 153 201 453 474 1422 1518 1558 1588 1623 1646 2147 2395 350 499 837 933 1388 369 1873 1945 546 1082 1955 811 1097 2060 1554 29 1081 1598 1096 77 1621 2131 2136 604 1643 628 120 632 1353 180 1213 1734 1748 1751 746 909 1852 2258 848 1872 344 1371 2397 563 2099 918 923 1946 2018 2250 1953 557 451 1992 1806 343 972 564 32 510 360 155 200 1687 1798 1522 532 1576 1085 584 586 1610 638 129 1676 1210 715 728 232 747 244 1323 372 1394 8 1591 958 959 326 298 299 1416 786 1562 13 26 27 30 60 90 102 106 135 154 161 176 181 188 235 239 273 314 325 336 348 352 355 364 404 417 422 428 435 439 444 449 455 457 470 471 484 490 507 537 543 551 568 594 603 621 2048 2054 1099 674 2088 1067 1111 2104 2110 1089 1098 1109 1627 1118 1630 1637 2155 637 644 1158 1671 1672 2183 1114 653 2187 1173 666 667 1625 1608 1696 2209 2090 1705 687 1731 1228 1229 1743 1814 668 962 2261 1985 732 1986 1391 1561 2277 2279 1263 1779 2292 1273 1280 1281 1226 1285 775 776 2318 1303 1815 2332 1313 803 891 805 806 1833 1326 723 821 724 2361 1343 1346 981 2373 1866 1904 846 1875 1367 2396 878 1395 885 1397 1910 1915 736 1420 1110 1888 800 2017 929 1962 1456 1457 949 1463 2400 1600 1490 1498 2010 2011 998 1002 1372 669 
2035: 34 910 1492 1493 453 733 837 1066 1086 1494 1873 11 360 1823 2131 299 536 451 1798 239 1855 687 25 97 150 168 169 235 241 266 288 294 340 343 344 349 378 417 448 455 469 470 471 476 487 490 581 688 703 717 747 753 768 791 799 812 839 871 880 918 956 989 1019 1020 1032 1193 1331 1332 1343 1357 1435 1449 1483 1491 1495 1497 1540 1647 1663 1664 1705 1744 1810 1824 1840 1841 1862 1915 1957 1980 2063 2084 2099 2177 2178 2179 2209 2330 2343 2361 2391 
1540: 34 2140 153 392 1154 2073 2234 2395 837 1163 617 11 511 2035 510 360 451 2170 1157 2157 386 116 190 197 218 232 249 318 334 336 397 410 417 502 604 642 658 706 728 753 755 766 768 812 821 869 911 929 1040 1072 1135 1171 1188 1200 1234 1316 1323 1387 1404 1431 1435 1437 1478 1490 2167 1543 2054 1888 2064 1556 1939 2327 1957 1594 1843 2255 2110 1694 1751 1885 
1822: 34 640 910 1605 2140 201 453 733 738 1518 1623 1646 711 933 1388 1689 617 860 1873 11 1102 1044 69 2131 628 120 1664 1694 292 1230 1751 625 746 360 299 1774 451 1855 13 25 26 75 90 123 135 169 200 289 296 343 344 447 448 450 469 470 491 492 496 599 694 706 747 751 753 789 812 825 880 909 915 974 997 1031 1041 1089 1211 1287 1317 1323 1346 1435 1446 1456 1490 1556 1608 1663 1676 1696 1802 2032 1956 2113 2218 2167 2209 2214 2215 2216 2217 2063 2219 2220 2221 2222 1984 2277 2296 2324 1824 2361 2365 1862 1887 1934 
150: 34 910 952 1492 1493 153 201 453 733 1518 350 493 691 837 933 1689 1873 11 72 2035 1102 1053 69 2131 632 2206 292 1823 498 895 843 344 2397 362 563 399 1953 2014 1774 942 1261 25 26 66 90 123 135 1019 1525 1032 1048 564 2103 1602 1098 1114 1637 623 1138 1145 641 1672 151 169 1435 1206 2228 1210 2240 200 2253 2155 1509 232 749 751 1276 281 1824 1316 1317 305 1840 314 2361 1343 2366 1346 2369 839 1355 343 1880 891 1404 991 1932 570 428 1965 490 447 448 450 457 1992 1483 2026 979 469 981 997 489 1513 
1915: 34 2287 2398 453 2251 369 2035 536 63 632 662 185 1783 1934 626 296 25 299 2153 970 550 305 373 478 1329 1538 803 1324 23 198 442 1165 1471 1599 1704 1862 1913 2163 1960 2253 
792: 34 910 1493 1605 2140 201 453 474 733 905 1154 1518 1588 2073 1702 2251 1892 411 443 493 569 588 691 711 933 1066 1086 1184 1185 1388 1424 1624 1689 1976 1967 2130 374 617 1873 2132 2007 511 2039 2060 2101 69 77 2131 101 1643 117 2172 655 1171 160 1694 1192 1751 731 746 253 1823 783 1296 791 2333 909 1830 1852 2364 2258 1869 344 1371 2397 563 911 1953 433 451 343 564 360 155 200 390 1531 2003 1522 2032 1031 1576 2113 586 1676 1174 1176 2214 2215 2216 2217 2218 2219 2220 2221 2222 1210 789 713 728 244 1314 1323 821 2361 2369 1359 1360 927 929 422 428 1962 955 961 1985 455 981 994 26 27 135 457 484 644 694 799 1007 2086 2155 1672 1986 2054 2332 1394 1984 1490 1384 30 66 410 1098 1870 247 299 472 1067 2233 959 1346 850 825 687 1367 871 974 1553 1456 2320 1109 1591 298 1271 1749 273 1278 141 796 941 1351 740 1343 417 207 1324 24 49 50 51 70 71 74 83 90 114 115 127 152 169 199 202 214 256 265 302 305 323 368 384 393 408 409 412 415 445 447 491 508 524 581 605 634 685 688 721 734 772 773 781 787 841 1023 2048 2290 1032 1548 1978 1700 2084 1104 2090 1534 1084 1959 1103 1111 1107 1110 1632 922 1637 2149 862 1152 855 1668 2179 1292 1690 1696 1087 1188 2210 1201 1211 1726 1730 1048 1231 1248 2277 1373 2159 1787 1279 1566 1474 2394 793 2330 2252 1326 822 2355 1064 1849 1406 2373 845 1875 861 1884 863 1922 2263 1896 1899 1901 1581 884 1756 1404 2387 897 824 917 1932 1167 1965 1459 1970 1703 1429 975 1090 1016 2133 999 2372 
703: 34 896 1309 2287 905 1154 2073 1702 2251 411 443 933 1066 1184 1185 1424 2130 374 2007 1419 2035 2101 604 1643 628 1664 1171 731 1296 791 2333 1315 1830 2386 2397 362 890 2296 451 2026 200 2125 2003 1522 1926 239 26 1561 165 1870 25 123 359 1367 871 1123 2292 1331 1343 2330 1794 2373 305 409 302 1696 1491 1978 1332 1980 1324 1351 1271 2049 548 2372 2114 1099 1474 24 1989 1568 256 1373 861 445 2084 1107 688 380 397 54 57 368 412 446 508 581 664 1863 855 1548 1668 1700 1730 710 721 2263 1765 2077 1290 781 793 2253 2355 2387 1895 1896 1919 1922 1930 1932 1941 
26: 34 1605 2287 392 453 1646 1673 2073 2276 45 411 443 691 933 2130 369 2007 593 511 1102 1537 1036 2060 1554 536 29 2131 1643 628 1142 1664 865 1160 1476 746 1823 1822 2258 1869 1371 362 1934 923 1953 1461 150 451 200 1687 626 959 953 298 299 786 1774 1562 2279 273 1456 2257 448 218 1343 417 2342 1324 2292 400 792 703 1559 151 2036 1536 2048 2054 1045 27 1568 2086 570 575 90 1110 1111 94 1637 2155 1151 131 135 1672 674 202 1561 2277 600 1566 2318 2320 790 1815 1818 2330 2332 1317 302 1326 1841 725 1346 353 871 2380 375 1399 1984 1991 
913: 34 1537 632 180 923 1676 1808 1457 1525 359 56 1553 1618 1625 1775 603 907 172 421 629 2326 2210 1981 1106 1627 
288: 34 369 2035 451 2125 1798 1390 1161 1502 2042 
1718: 34 952 1492 1493 1605 733 1396 2251 45 493 1494 1689 874 2007 1102 327 1537 1621 101 117 1664 2199 1737 2301 362 1440 960 2002 1495 972 995 360 1798 1611 129 751 1431 955 981 994 484 2094 1246 1986 1273 2054 1525 372 1067 2168 959 1774 687 440 456 709 1879 1478 325 1567 1123 1562 1564 1427 1591 958 326 2102 2105 908 912 400 2025 1980 95 102 112 157 169 413 494 653 660 717 794 916 1144 1247 1248 1285 1383 1414 1563 1632 1663 1686 1690 2195 2197 1720 2252 2297 
200: 34 952 201 453 474 1154 1673 2073 2276 2251 443 499 933 1163 1845 2130 369 486 55 1088 1036 29 1361 2131 628 865 292 1744 1476 746 2285 1792 784 1822 2258 642 1869 1872 1426 923 557 150 451 2002 995 996 501 510 779 326 298 299 626 2279 1367 713 273 1491 1456 448 1986 751 792 507 703 151 165 26 2036 1045 27 1568 2086 570 90 1110 1111 94 1637 2155 135 1672 674 60 124 125 2042 519 524 1696 1041 2088 1080 2109 586 1223 1739 1229 2270 1561 2274 2277 1292 2318 2320 2336 1323 1326 1840 1841 1331 1332 2361 2366 1346 470 2372 565 1920 900 409 1507 414 2382 1957 437 1463 1982 1984 2332 457 974 1857 981 1503 
1482: 34 276 1260 733 1102 541 2131 604 126 1661 1476 246 344 1371 343 1276 1984 372 470 2177 658 1277 1328 1847 489 298 2297 169 547 1767 408 1956 429 601 2343 
90: 34 453 1921 1673 2073 2276 443 691 933 1163 2130 1607 55 1088 593 1036 29 628 865 662 746 1822 2258 918 923 150 1475 200 73 626 1468 26 27 135 1156 1561 1463 2155 1672 1986 1984 165 299 448 1346 869 1367 267 295 565 1456 2320 2292 792 298 970 2279 2048 1568 570 2159 758 674 1637 302 1326 1566 1877 1281 1110 1750 94 2175 1510 2277 235 867 
353: 34 427 1494 369 511 1530 1053 628 632 1664 174 1792 1823 1296 2344 1852 1934 557 1992 997 751 239 26 135 1517 1870 38 2107 1420 2153 2330 958 176 1491 1956 612 1772 917 1841 177 234 323 333 335 633 1663 1483 1932 2063 1043 1305 1179 419 1345 2088 1459 1919 1851 708 2372 461 719 598 2261 1368 2262 934 618 
1179: 34 896 1518 1967 1734 1934 1157 1517 2100 1774 958 970 1637 353 151 273 1324 225 824 1373 355 1441 2088 1211 2253 
11: 276 427 952 2012 1759 453 733 738 1154 1254 1356 1518 2073 443 569 1068 1163 1388 1967 2130 617 860 2132 1410 1419 1 9 72 2035 1102 2039 1530 1948 327 1097 1537 1865 1540 1036 2060 529 1554 1044 536 538 29 1613 541 1053 1056 1018 2082 1574 553 2087 46 1361 1070 560 1074 1075 1076 1077 1078 2101 59 1081 63 1598 1088 69 1620 1096 76 77 1621 2124 1615 595 2131 2136 604 2138 607 432 101 1124 619 110 1643 1645 1135 2157 116 117 628 120 1142 632 1656 126 2169 1661 2172 1664 2176 865 1160 1164 144 655 656 147 1171 1353 662 663 2199 2315 1691 160 1182 1694 2205 2206 2208 1192 292 1194 174 179 180 1202 1809 1469 185 698 2231 2232 1213 1217 197 1220 1733 1734 1224 1642 1737 716 1740 1230 210 1744 1748 1751 731 2264 1476 1761 1764 2275 625 746 236 237 2283 1052 2285 245 246 1780 1783 1784 253 714 2223 2301 1792 1823 1800 269 783 784 1296 277 1811 208 791 498 1822 2333 2156 2335 1315 909 1312 1830 809 1658 301 1835 2344 308 309 315 488 1852 2364 1855 895 2258 2371 330 1578 843 1867 642 1869 848 849 1872 340 341 342 2386 344 345 1371 1374 1886 2397 356 1382 362 1243 2064 222 370 563 1871 2181 890 1139 479 1914 55 1408 2099 399 2296 911 1934 1590 1426 1778 1473 654 918 923 1946 925 416 2018 1440 2250 1953 423 424 402 743 430 431 573 433 1604 557 1461 1462 951 150 1467 1136 957 1470 950 960 1983 451 1475 1939 954 1992 460 1227 2000 2002 496 1806 1495 1738 343 1364 992 2284 972 995 996 997 2098 564 1513 2026 1521 2029 1008 2031 
779: 276 910 1309 153 201 453 1623 1646 2294 2147 1717 1993 499 933 1689 369 617 980 1607 1410 1544 196 1070 77 1694 1194 1469 2275 746 237 783 909 848 2397 918 564 2 510 36 42 56 65 100 108 129 168 200 232 239 295 298 313 319 444 455 534 566 586 587 638 644 658 670 689 713 715 1523 1525 2046 1553 1561 1565 1067 2094 1083 1085 2113 1618 1625 2144 1637 1966 1522 2054 2167 1156 2182 1166 1187 1359 1210 1731 2249 2238 1252 1775 1779 1273 1276 1277 2332 1794 1808 788 1303 1815 799 800 1314 1839 2361 2373 1360 1883 1394 900 1951 1448 1962 1454 1456 1457 949 1468 967 1484 1489 1490 981 987 991 994 1007 
372: 276 952 1492 1493 2287 2129 733 738 1254 1624 874 2007 1419 1544 1530 1537 536 1613 63 2136 604 632 2176 144 1353 180 362 923 925 1953 954 1495 992 995 510 1415 1357 2125 1798 532 2115 638 713 1808 626 1246 1276 2054 1525 4 284 79 295 307 325 326 359 1527 1542 1553 1562 2297 1591 2116 598 1198 1117 606 1144 1153 2177 1161 2014 1191 687 1718 1980 1235 1277 1278 773 2316 2330 2334 1317 1334 2356 2362 1853 2385 1367 1879 1329 1413 1427 1428 408 437 958 959 452 1991 1482 463 497 
1427: 276 2287 2398 536 63 1142 1809 342 2018 957 1806 390 2144 1157 1808 891 994 1276 4 123 372 959 1367 515 1277 1334 1562 1718 958 1284 326 1591 1625 2297 550 1435 2194 92 204 214 408 745 1048 1100 1129 1191 1198 2350 2240 1600 1686 
1613: 276 952 1260 201 1967 11 511 4 372 632 992 88 97 132 185 202 273 307 324 326 348 352 359 408 507 548 600 604 606 631 644 657 658 706 789 844 891 911 923 925 956 960 981 1031 1083 1116 1117 1135 1246 1249 1276 1277 1284 1346 1352 1355 1391 1431 1435 1542 2032 1866 2085 2113 1616 1618 1625 1676 2208 2214 2215 2216 2217 2218 2219 2220 2221 2222 1783 1798 1824 2320 2334 2344 2372 1879 2391 2392 1943 2136 1965 1980 2018 
1277: 276 910 952 1309 1605 453 474 1356 1518 1623 1646 2073 493 1494 1524 1689 2007 1410 1537 536 1613 2082 76 2136 604 1643 1142 632 1656 126 1661 1664 2176 1353 1694 1809 1734 1748 1751 1476 1764 2275 746 277 2371 1382 362 918 923 925 416 1953 957 960 451 2000 1806 995 997 779 1415 1687 1798 1522 2032 1031 2113 2167 1157 1676 2214 2215 2216 2217 2218 2219 2220 2221 2222 789 232 747 751 2308 1808 1844 2361 927 1952 1468 1985 455 994 469 644 689 2094 1680 1215 1276 1303 1957 806 1095 1457 1911 66 1232 4 299 372 2168 2177 959 1853 1391 904 359 687 1367 56 65 168 295 348 515 658 800 1117 2174 1427 83 102 203 219 220 231 268 307 324 326 406 408 429 463 505 549 601 612 690 693 717 745 767 804 900 907 958 1020 1079 1080 1099 1100 1105 1119 1123 1140 1151 1167 1173 1191 1249 1266 1267 1269 1526 2062 1553 2065 2066 1562 2297 2110 2112 2116 1618 1625 1632 1633 2166 1660 2197 1690 2207 1881 1719 1980 2237 2244 2338 1284 1504 1289 1805 2322 2334 2356 1847 2362 2373 1355 2377 1879 2392 2393 1428 2350 1423 1591 2019 1451 1968 1465 1978 1991 1482 2014 
689: 276 910 952 1309 453 1623 1646 2073 1524 1689 1873 1410 2082 2087 2176 1160 1809 1744 1748 1476 1764 923 1953 451 779 1687 2032 2113 2167 1157 1676 2214 1210 747 1808 2361 1985 994 644 667 4 1394 2174 1277 66 219 231 295 324 326 408 429 452 515 534 687 1526 2054 2065 2066 1565 2090 2297 2102 806 1105 1625 1632 1151 2184 1173 1690 2207 690 693 1775 1267 1269 1276 1303 2326 2334 2350 1853 1367 1879 869 1907 1399 1457 1502 1504 
2356: 276 910 453 738 2395 837 1142 126 909 923 957 960 992 564 232 1323 2361 929 422 239 455 981 484 2332 1490 30 66 410 1525 4 372 959 2246 687 1277 2327 1562 958 373 1528 1329 1660 79 406 408 598 605 614 803 839 885 917 1191 1485 2362 
1591: 276 1309 1493 2287 474 1254 1396 1646 45 411 837 933 1494 1524 1689 1967 374 1607 2007 1419 1088 1537 1865 536 63 1598 76 2136 604 1142 632 1656 1661 2176 144 1694 292 179 180 1202 1809 1217 1761 1764 277 1315 2371 1867 1371 1374 1886 1382 362 1139 1590 1778 923 1946 2018 1953 402 1461 957 960 2002 1806 972 995 997 403 155 386 1415 1687 1798 2032 2113 73 587 1611 2144 2167 1157 1676 1210 1808 626 2361 891 1431 994 799 1672 1303 2182 1966 1490 1911 1525 4 284 372 470 1552 2168 637 2177 669 959 1377 131 1824 359 687 1367 168 566 871 1112 1277 1881 1641 1879 325 1123 1140 1180 1562 1564 1270 2300 792 2166 1840 1331 1343 1718 1847 958 324 1284 326 1569 1427 112 143 152 204 238 257 311 323 357 358 361 373 398 408 449 490 519 598 601 603 631 690 735 745 769 773 839 852 859 899 907 922 937 1093 1100 1104 1108 1114 1144 1162 1165 1169 1189 1191 1197 1212 1231 1405 1414 1428 1526 1542 1563 1568 2062 2368 2065 2066 2102 1874 2105 2128 2392 1686 2207 2227 1720 1980 1743 2297 2351 2393 1889 2195 1841 
326: 276 665 952 1492 1493 2129 1646 45 493 837 1689 617 1607 1537 1865 2060 536 1613 2101 1620 76 1621 2136 604 628 632 2176 292 179 180 1809 1469 2232 1220 1867 342 344 1371 1374 1886 362 1139 2099 1590 923 2018 1462 957 960 2002 155 200 1415 1576 2113 1611 1676 1210 232 1808 626 1431 994 689 1276 414 4 284 372 2168 2177 959 2246 1774 2385 1391 1824 359 1367 168 515 944 1277 1881 325 1123 1562 1270 1840 1331 1343 1718 1847 958 324 505 1284 1249 1427 1591 87 112 143 188 204 221 257 1526 2065 1563 549 574 1600 1093 1619 1980 773 1114 1144 1666 1161 1162 1167 1169 2195 1686 1696 2207 1191 1197 1716 2227 1743 2257 859 735 745 1267 2297 1278 769 2306 1289 2322 1814 1815 1826 1841 1332 357 358 361 1395 899 398 400 653 408 1423 937 449 2298 1491 1108 1499 2197 
745: 276 1309 733 1588 1646 493 837 1494 1524 2060 541 76 604 632 1476 1835 923 2000 751 1431 1276 1316 4 36 1067 2177 904 687 1367 56 65 515 1277 1553 1123 326 1591 1625 2297 449 1736 1767 1427 79 214 394 417 463 690 1141 1278 1542 1555 1178 1698 807 1269 1743 1756 1375 
746: 276 910 1492 1493 2287 2398 474 1646 2073 1717 711 837 933 617 874 1419 11 511 1044 536 63 1598 2157 120 632 1664 1160 1694 292 1809 1744 1476 510 320 779 992 923 1277 324 5 26 90 135 142 143 200 232 296 298 299 319 344 408 470 479 487 623 626 631 637 638 644 687 730 2061 1046 1789 1600 2114 2120 1538 1114 2320 2148 1641 1663 2179 1165 1686 1187 2230 747 1774 1778 767 1992 1810 792 1822 806 1324 1840 1331 2366 2368 2372 1869 2385 2392 1886 1914 922 1457 946 1970 950 1983 963 970 1490 1507 
1269: 276 1309 1588 1623 1689 1643 1748 370 2018 1953 747 751 1808 689 1276 1957 8 56 1277 1553 1881 2237 1879 1123 231 1660 745 429 1100 1267 1863 1504 
1415: 276 1069 1493 2287 837 1607 1476 960 501 510 372 8 1277 1591 326 359 532 603 638 808 907 1100 1191 1247 1907 1562 2252 1743 
1416: 276 1646 1524 1607 2007 632 1664 1476 654 626 8 1367 603 937 1100 1190 
536: 276 952 1309 1492 1493 1605 2287 2140 153 453 738 928 1204 1558 1588 1623 1646 1673 2073 2251 2395 493 1494 617 860 11 2035 1537 510 360 372 8 992 1427 923 1277 1591 958 959 326 73 2136 204 746 628 13 26 33 47 76 81 116 118 129 155 168 169 179 189 190 195 221 231 232 292 343 348 352 370 377 410 419 422 429 440 448 449 451 455 460 467 470 487 490 517 1535 1098 1037 1051 542 2082 1575 560 2094 1593 1084 1085 2110 2114 2115 587 1105 1106 1618 1108 1621 603 1628 1632 1633 618 623 2157 1140 1117 2054 2167 1885 637 638 644 1672 653 1677 1167 658 655 1686 667 1608 1694 1217 1698 1188 871 687 1809 1735 1226 706 1743 1678 1235 728 1751 1392 1769 2158 751 1776 1650 2076 1276 2299 769 1284 2306 1798 1296 1808 788 2327 1316 1744 1330 1490 821 2170 1562 1847 1852 1853 1314 1856 2367 981 1354 1355 852 1367 857 1883 2397 1889 1007 1386 1391 1395 886 1915 1409 900 1760 911 1431 1435 1437 1440 1448 1974 1962 1456 1968 1985 1992 972 1210 2026 1999 1495 2283 1687 994 1508 2021 1514 1519 1520 
1562: 276 910 952 1492 1493 2287 453 1518 1646 2073 2251 2395 493 1494 1689 1967 2007 2091 1537 536 1621 2157 632 1656 1661 2208 1809 1823 1811 342 362 1590 960 451 1992 2000 2002 496 360 155 1415 1798 587 626 239 955 994 26 507 1463 1246 1984 1490 1457 1525 8 25 372 1067 623 2168 2177 959 1774 1346 2385 1950 1520 131 359 687 1367 594 1072 1277 1879 325 1589 1123 1427 2356 1591 958 324 326 95 102 112 114 115 151 231 305 316 357 393 396 400 408 449 463 464 717 735 1010 1028 1110 1111 1114 1144 1167 1247 1284 1285 1300 1317 1328 1351 1395 1405 1564 2081 2085 2114 1631 1632 2178 2192 2195 1686 1690 2210 2338 1718 1719 1720 1980 2252 2277 2297 1794 1836 1847 1861 2158 1887 1900 1965 2197 1859 
1847: 276 910 952 1492 1493 2398 453 738 1154 1646 2073 1873 1419 1948 1537 536 63 604 632 144 1694 1194 179 1476 1296 2333 370 1590 923 451 360 1687 532 1611 1157 232 747 1808 239 667 1246 1276 8 123 2100 959 766 2385 1377 2103 359 687 1367 974 1117 1277 1536 1839 1562 1343 1591 326 204 942 143 323 449 599 794 856 970 1060 1093 1237 1435 1482 1538 1609 1817 2062 2121 2226 2065 2270 2307 2392 
1537: 276 910 952 1493 2140 201 453 474 1518 1623 1646 45 933 617 2007 1410 11 9 1102 510 372 632 8 923 1277 1591 959 326 73 953 628 1811 1774 536 1562 292 638 2100 1847 2002 451 26 56 66 77 81 93 102 112 116 155 168 220 260 266 267 272 295 302 309 323 357 359 362 390 393 404 440 448 449 450 461 470 471 541 559 561 564 574 587 601 623 709 717 735 747 751 753 766 769 773 800 806 812 825 852 859 891 900 909 913 918 922 944 960 981 995 996 997 1028 1067 1105 1112 1117 1123 1151 1157 1161 1188 1202 1253 1261 1276 1284 1316 1323 1324 1367 1371 1374 1377 1431 1435 1437 1456 1461 1474 1490 1491 1513 1525 1526 1773 2045 1556 2297 2105 1608 1611 1632 2051 2392 2157 1664 1671 2195 1694 2207 1881 1718 1743 1794 2307 1798 1806 1814 1818 1841 1886 2361 1869 2385 1598 1953 1970 1980 1985 1992 1995 2197 2028 2116 
1798: 276 427 640 952 2287 2012 1015 1396 2147 2251 443 711 2132 1648 9 2035 1530 1537 536 1613 2101 63 1598 2136 604 1664 1353 2231 716 1852 1374 2397 1914 923 1462 2002 992 997 501 1011 1929 1687 372 8 1277 1591 958 959 2049 1562 626 603 38 81 123 131 229 256 288 457 470 516 668 730 736 805 817 871 929 1063 1191 1210 1314 1367 1370 1375 1376 1428 1637 1663 1718 1736 2149 2167 2177 2322 1875 1888 
1367: 276 896 910 952 1492 1493 1605 2287 201 453 733 1015 1154 1518 1646 2073 2276 1494 1689 2007 9 1537 529 536 1598 69 604 1643 1656 2176 144 1202 2231 1764 783 909 1830 1852 2371 1371 1886 362 911 1590 923 925 960 451 1806 995 996 2034 200 1687 1798 73 747 1808 626 2361 955 981 994 689 799 2041 1672 1246 1276 2318 2332 1490 806 1457 372 448 623 637 2177 959 904 359 687 1427 1277 1660 1591 958 326 978 219 745 204 1416 1162 786 1562 1847 2237 16 37 50 52 65 90 92 102 106 113 128 139 168 188 202 211 397 408 420 435 462 508 537 548 549 572 575 589 598 600 606 653 674 703 735 739 773 792 889 908 937 1014 1021 1032 1100 1110 1111 1117 1161 1191 1253 1278 1284 1292 1330 1331 1340 1343 1526 1596 1600 1614 1625 1627 1631 1685 1730 2288 2289 1794 1807 1816 2366 1857 2392 1383 1841 1413 1414 1445 2297 1456 2277 1978 1430 1998 1491 1499 1504 
687: 276 896 910 1309 1493 2287 1396 1646 411 493 977 1494 2007 9 2035 536 2101 1598 2136 632 1664 144 1353 179 180 1202 1809 2275 746 1296 498 1374 1139 918 923 2018 1953 1806 2034 892 2113 1157 1808 626 239 981 457 667 689 1276 2310 2054 1911 1525 372 1118 623 637 1866 850 359 1277 2356 1591 745 1562 1847 1367 92 112 162 168 188 290 323 325 429 435 449 461 589 631 1526 1100 1072 1600 2114 1099 1618 1114 1198 1632 1666 1686 1625 690 1718 1814 1270 1284 781 792 2347 1840 2362 1903 897 899 1949 2178 1491 2011 1510 
756: 276 2251 2157 1744 1180 2297 408 467 10 
541: 276 11 1088 1537 1334 745 638 2100 38 126 154 277 284 342 408 2032 2297 1676 1690 1442 1957 2214 1809 1476 1482 1611 1744 604 867 740 
432: 276 11 511 76 65 1824 2177 2243 1355 
1656: 276 2251 2007 11 360 1277 1591 2049 1562 668 1367 2105 66 449 637 690 900 949 998 1284 1431 1463 1476 1495 1632 1661 1664 2114 2003 1764 
126: 276 1309 1689 1410 11 541 604 1277 2356 1157 38 2032 2297 1151 2177 146 1809 277 408 154 1690 1442 1957 2214 1191 1985 1476 1482 1611 342 994 1123 1770 284 
1661: 276 896 952 392 2007 11 1656 1277 1591 958 1879 1246 1562 2105 248 284 634 800 895 960 1463 1476 1482 1495 1564 2167 2197 1984 2114 
2176: 276 910 1309 453 1254 2251 1689 1967 1607 1410 11 1082 511 2082 628 32 510 360 372 923 1277 689 1591 326 298 451 1105 1367 2102 58 66 83 112 123 132 141 143 231 256 424 449 472 515 587 597 631 636 644 653 690 705 744 747 806 825 846 854 900 936 948 950 991 994 998 1270 1276 1368 1431 1437 1457 1476 1487 1504 1632 1633 1641 1743 1748 1764 1778 1809 1939 2046 2066 2109 2113 2164 2167 2210 2298 2326 2361 2393 2275 
1353: 276 2287 1646 11 372 1277 958 959 204 626 1798 687 232 515 788 960 2297 2046 1418 1457 1743 2010 2011 1764 1522 
1809: 276 1309 2303 474 1646 2251 45 837 1545 1689 11 511 536 541 2082 1621 126 2176 32 360 1427 923 1277 689 1660 1591 326 746 298 299 1562 1105 1249 2392 687 66 231 232 256 257 290 319 364 408 447 449 515 586 594 644 657 690 904 925 994 1083 1187 1267 1276 1284 1343 1431 1440 1469 1485 1504 1590 1619 1632 1686 1690 1748 1808 1985 2306 2066 1939 2210 1957 2065 2116 2256 1980 
1751: 276 2287 474 894 2073 860 1873 1410 1419 11 511 1540 536 1160 1744 403 923 1823 1277 73 626 82 232 268 309 325 416 470 471 494 792 869 876 1061 1149 1151 1435 1476 1622 1687 1778 2166 2296 1822 2364 2366 1869 1871 2114 
1476: 276 952 2287 153 453 2147 1717 2395 1993 933 1388 617 1873 11 1544 1102 541 2131 1656 126 1661 2176 1694 1748 1751 2264 32 1394 923 1277 689 959 745 746 1415 1416 1811 1847 2237 451 996 26 65 66 129 168 169 200 232 246 277 294 315 343 344 395 408 429 455 457 469 470 471 537 563 564 586 653 666 667 669 693 747 748 751 753 789 800 806 891 909 918 929 995 997 1031 1051 1140 1210 1303 1314 1323 1328 1331 1366 1368 1420 1428 1457 2032 1528 1705 1576 1594 2113 1962 2144 2221 2167 2177 2183 1676 1678 2197 2207 1490 2214 2215 2216 2217 2218 2219 2220 2222 1731 2250 1984 2296 2297 1482 2310 2327 2168 2343 2361 2364 1859 2371 1910 1953 1956 1957 1966 1992 2000 
65: 276 910 1410 1419 432 1476 2275 2018 779 638 747 455 2177 953 1367 1277 745 942 375 1875 2297 2046 1252 
154: 276 2287 1759 984 541 126 277 342 563 399 1934 1953 626 1489 991 2187 1671 414 623 869 515 382 1445 1841 449 408 2377 2114 1114 1502 268 1358 1803 2043 47 1606 2211 1245 
168: 276 2012 1623 1646 2251 617 1607 1410 1088 2035 1537 536 76 632 1694 1748 1476 2275 1855 923 2018 1953 957 960 995 779 1951 1157 1210 747 751 2361 891 1985 981 457 644 1276 1490 1457 25 637 2177 959 687 1367 1277 1660 1591 958 324 326 204 1162 1087 151 102 1526 2046 949 971 1167 1563 1564 295 1375 1839 1587 566 1348 1099 1998 325 988 1117 1901 449 2153 1627 
220: 276 1558 527 1537 1852 923 360 155 1277 2153 502 305 2313 
232: 276 1069 1309 1605 1518 2073 350 1689 1607 1410 511 1540 2060 536 628 632 1160 1353 1694 1809 716 1744 1748 1751 1476 746 315 1869 340 341 342 362 1243 1934 923 1953 743 150 2284 32 510 360 779 386 1687 1611 1157 1277 2356 326 1879 1246 298 299 626 2100 1847 2392 1525 267 260 439 266 1808 994 440 2054 1151 871 1991 295 1980 121 123 1538 1064 565 585 1451 1618 597 1625 1117 1633 620 1158 1972 1167 1696 1197 2274 261 1284 2163 272 294 2343 2377 859 357 869 359 1413 408 927 1957 1457 452 
2062: 276 952 1558 1673 1717 2251 350 1088 632 642 2397 923 416 1953 1467 972 2167 1210 751 2369 990 991 1276 1098 1525 123 904 1420 825 131 359 871 1277 1079 1847 395 1591 1815 2316 1413 2165 1093 2351 
1276: 276 910 952 1309 453 1356 1588 1623 1646 1524 1689 1410 1537 536 1613 2082 76 2136 1643 2176 1160 1694 1809 1744 1748 1764 1382 923 925 416 2018 1953 150 451 2000 1806 995 997 779 1687 1522 2167 1676 2214 747 1808 2361 1952 1468 1985 994 644 689 753 1045 2094 372 1427 1277 1660 958 324 326 1879 2014 745 1269 1847 2237 1105 1249 1367 687 1525 800 66 1140 168 1978 1226 767 1373 1151 1991 295 429 1980 1482 2177 717 1690 1414 1565 359 2347 56 231 261 272 284 348 408 435 515 549 585 601 690 693 806 900 904 1100 1114 1144 1167 1173 1191 1267 1526 2062 1553 2065 2066 2297 2116 1632 2338 1805 2207 1881 2244 1303 2326 2334 1853 2377 1625 2393 1903 1911 1504 1428 1678 1451 1457 
1589: 276 906 895 563 360 1957 806 1457 2168 1774 1479 1562 942 2279 1861 2009 1810 1465 1770 1024 2341 1854 1455 624 1167 2195 2326 2270 235 935 1464 2290 234 651 610 1762 1803 629 2184 2197 1631 503 797 813 902 1049 1274 1285 1466 2202 1701 1994 2052 
1596: 276 453 1254 2251 837 1664 451 2041 1629 1984 2209 1525 448 2367 1367 1841 839 786 2114 969 1663 790 445 16 796 941 378 651 855 2043 
585: 276 910 232 1468 753 1276 299 2225 2297 1392 2197 
601: 276 1309 1537 607 632 451 2000 2002 1276 2177 1420 359 1277 1343 1591 2297 653 773 408 1482 969 887 631 1429 684 
1625: 276 1309 1646 837 1967 1613 2157 1748 923 2018 2000 779 232 747 626 2361 644 689 1276 1525 359 687 1367 56 295 348 1277 1553 1641 1618 1427 1660 745 1324 913 421 2210 1981 231 1099 1267 1292 1430 1526 2165 1814 2373 1775 
1123: 276 1309 1492 1154 617 1419 1537 76 1615 604 2157 126 1694 1217 301 1371 362 2002 995 996 360 747 359 1277 1591 326 745 1269 1562 2292 703 1718 112 773 2092 2158 
1140: 276 837 2007 1419 1102 536 63 604 1476 1052 1315 1855 2371 1934 923 960 992 360 1210 1276 1525 25 637 959 2385 948 440 1277 2153 1591 958 2392 1161 79 86 87 255 305 449 492 559 598 606 993 1141 1375 1667 1542 1555 2203 2319 1471 2025 1348 
2167: 276 910 1154 1646 1607 1410 1088 511 2039 1540 2060 536 77 2131 2136 604 628 632 1661 2176 1160 144 662 1202 1217 1744 1476 2275 1783 1823 1822 1852 344 362 890 399 923 564 1513 32 510 360 779 403 1531 1798 532 73 1610 1277 689 1591 2350 970 244 644 1111 1151 319 95 123 171 231 312 332 405 456 472 478 566 637 664 669 675 690 989 1021 1180 1273 1276 1409 1442 1450 1520 1633 1650 1731 1743 1775 1791 1853 1866 1904 2062 2166 2308 2256 2313 2361 2298 2385 2396 2400 
2178: 276 910 1069 480 2035 656 2283 923 747 751 2369 687 1334 1562 2297 373 599 1435 1191 1980 2334 408 151 1686 214 1810 1568 1299 
1161: 276 896 952 1623 45 1537 1621 1664 1213 783 1371 2018 2284 995 1808 468 1490 806 1457 372 1367 1072 1140 1343 324 1284 326 1448 2297 1841 219 204 16 92 112 206 288 400 735 773 1756 1405 1414 1191 1580 2228 
1676: 276 1492 1493 2287 1646 2073 1419 1544 511 1613 541 607 1135 1160 2208 1476 1823 1822 1869 1139 1953 951 343 32 510 360 532 2069 586 1277 689 1591 326 626 239 66 644 417 792 151 1991 901 39 99 152 408 449 515 666 667 669 705 750 766 869 891 913 936 1188 1241 1276 1333 1348 1616 1632 2372 2308 2090 2297 2240 2373 2377 1995 1743 1889 1775 
1167: 276 665 896 1309 738 1646 493 837 1494 511 2060 536 2157 1202 1495 73 232 1808 1246 1276 1442 953 168 261 1277 1879 1991 1589 1109 1724 1562 1564 792 1840 1331 326 534 2297 1329 1491 151 1841 1332 490 408 552 834 916 1413 1191 2195 2252 
2197: 276 1419 1537 2157 632 1661 1476 362 923 1467 451 995 1808 2168 959 359 1277 325 1589 1562 1564 1718 958 1284 326 2010 204 2195 1563 585 1285 
1690: 276 1260 1309 2303 474 1689 541 63 1621 2131 126 1809 208 911 923 925 1461 950 155 1929 1808 1431 927 422 955 1985 994 689 799 1083 1276 66 948 1277 1562 792 1718 395 2159 229 1933 2116 1980 773 408 1686 290 690 2065 39 364 513 1183 2353 1889 1814 1878 2022 2329 
2207: 276 910 2251 1419 511 1537 1476 2283 918 451 995 1611 747 689 1276 1853 1277 1881 326 1591 2066 1504 304 2065 1632 
1191: 276 1493 738 2073 837 1494 617 632 126 1664 180 1748 925 1953 2000 2002 1415 1798 1276 1984 1525 372 621 1853 1420 1367 295 437 1277 1334 1879 1991 1343 1901 326 1591 2297 137 653 1167 1996 1841 449 231 1427 2356 1161 603 1858 311 1226 1937 1538 408 936 2165 1114 773 1600 102 112 143 206 361 887 1169 1190 2178 1995 
1978: 276 1492 733 1154 2251 411 1424 2132 1419 1088 1102 529 1171 1830 309 1869 362 402 403 1276 1517 1870 25 123 161 448 359 1367 1277 792 1328 1343 2330 409 302 1696 2049 1749 218 1324 400 703 2133 132 379 683 688 754 760 810 855 1233 1301 1481 1730 1841 1899 2372 
693: 276 733 411 527 837 1424 212 1873 69 604 1694 1748 1476 1823 923 689 1276 123 131 1277 409 1491 231 598 839 922 83 887 2008 795 
747: 276 910 952 2287 201 453 733 738 1015 2251 837 933 617 860 1873 2132 1419 1088 1768 511 2035 1537 63 2157 117 628 632 2176 655 662 1217 1744 1476 1764 746 237 784 1296 1822 909 1371 2397 911 1590 1778 923 925 1953 451 1495 995 997 564 32 510 360 155 2125 1687 2069 1277 689 958 959 298 299 1269 2049 626 1847 1249 668 1367 1525 455 141 448 1569 2118 1966 2078 1435 148 168 1824 1417 922 440 1536 131 1561 1998 65 75 81 121 123 214 284 293 323 408 418 437 449 516 545 598 599 1020 1538 2088 766 1625 1117 1123 1132 2178 2193 1685 2207 1188 2228 2253 2267 1252 750 752 753 754 1777 1276 2313 2323 799 2334 806 1840 1331 2361 830 1862 1358 850 1372 1377 1897 1911 900 1423 916 2274 1457 981 986 1504 1517 
2297: 276 952 837 1544 1537 541 76 126 144 1353 292 1202 1733 1476 277 1461 2002 343 995 997 2125 73 1676 1808 2361 689 1246 1276 284 372 2177 1367 65 1277 1678 1562 1718 1284 1901 326 1591 1427 745 756 907 908 1161 2362 1980 1482 102 112 206 361 408 585 601 773 1167 1189 1190 1191 1504 1686 1698 2178 2278 2338 
773: 276 1492 1493 733 411 493 1494 2007 1537 604 2157 1664 246 362 2000 2002 1495 995 892 1951 1808 284 372 1367 1991 1123 792 1343 958 1901 326 1591 2297 137 653 1161 1191 603 1858 908 1458 1317 1029 1690 1937 1386 1686 408 2165 494 86 87 102 112 143 206 601 2161 1190 897 1995 1259 
1806: 276 910 1493 2287 1646 11 511 1537 1554 2101 1598 2136 604 2157 1664 292 1217 1852 2002 510 1427 1277 1591 73 298 299 532 626 638 1367 687 66 284 325 359 448 449 623 627 666 667 868 1038 1098 1099 1101 1117 1118 1122 1276 1343 1437 1600 1632 1663 2149 2114 2137 2158 
1808: 276 1646 45 1689 1607 1410 511 536 76 1621 604 632 1160 180 1202 1809 1213 1734 1748 342 362 890 911 1590 918 923 925 2250 1953 960 2002 996 32 360 779 155 129 1157 2214 232 372 1427 1277 689 1591 958 959 324 326 1269 2094 1847 2237 1105 1249 1367 687 2102 1098 66 1161 23 152 223 225 231 290 359 364 408 449 658 767 773 820 859 869 913 994 1020 1071 1083 1106 1117 1167 1244 1267 1276 1284 1431 1504 1538 1563 1616 1619 1654 1686 1690 1747 2065 2116 2177 2228 1980 2306 2322 1814 1889 1901 2297 1985 2197 
277: 276 427 1492 11 541 126 1476 501 923 1277 1591 324 273 35 154 161 2297 408 922 1719 2195 342 729 1116 284 1766 2278 
2322: 276 201 76 632 1855 2018 1798 1808 1277 326 1980 91 102 173 1504 1743 1826 1990 
284: 276 952 411 541 126 1661 277 344 370 416 2000 2002 1806 510 1522 1210 747 1276 1303 1957 1490 372 1591 324 326 603 621 908 1991 2297 856 2103 408 1114 773 102 112 887 1995 1627 
800: 276 1759 453 919 928 1254 1422 1646 2294 1673 2073 2147 1993 837 933 1410 1876 1945 1768 1537 604 1661 1691 1694 1744 1476 1869 848 563 2099 399 1590 918 1946 2250 1953 743 564 779 586 587 244 1314 626 1489 981 469 812 1561 1276 13 66 755 1098 123 825 295 1277 204 907 908 60 124 125 183 294 325 335 346 408 652 1875 1909 1678 1428 816 1705 2236 1862 2272 2009 1747 
2000: 276 153 1646 2251 11 1102 1202 1476 344 1277 745 1562 131 284 449 601 773 887 891 1191 1276 1431 1618 1625 1686 1901 1937 1980 2278 
1343: 276 427 952 2287 453 474 733 905 1154 1623 2073 1702 411 443 691 711 837 933 1066 1086 1184 1185 1424 1624 1976 374 2132 2035 1053 2131 604 628 632 1664 144 1171 292 174 180 1202 1809 698 1296 791 498 2333 1830 1658 309 1852 1872 340 2386 344 2397 362 923 402 150 451 1939 1806 343 997 2026 1521 360 403 2003 1522 2113 1176 626 1926 1437 239 991 26 27 1561 2155 1672 1986 1517 1671 1957 165 1384 2209 30 25 123 470 623 1774 58 359 1367 871 2123 792 1328 1331 1203 1591 326 2049 1847 1491 1161 1351 1005 22 218 54 102 112 132 151 169 176 209 214 317 357 361 445 449 461 489 508 551 581 601 606 664 688 703 710 721 773 781 793 855 870 999 1023 1032 1114 1152 1181 1191 1211 1301 1324 1332 1538 1696 1566 1568 1978 1700 2387 2111 1609 2133 1637 1726 1765 1776 2290 2330 1833 2084 1841 1863 1875 1497 1896 2372 1922 1423 1941 1663 1454 1970 1980 1686 1989 1502 2114 1435 
342: 276 1689 11 511 1530 1865 541 1018 2101 604 126 277 1835 1867 1427 958 959 326 1562 2002 154 232 260 267 1590 899 1100 1808 408 2097 1205 439 2362 960 1991 1866 723 589 1239 994 2018 
1881: 276 427 952 1069 1309 1493 1605 837 1410 1537 2157 632 1664 2275 923 1946 950 73 1157 1276 1552 131 295 1277 1591 326 1269 1569 417 803 600 1875 839 270 735 1209 2207 
1374: 276 1356 493 837 1494 11 1537 529 292 180 2231 716 309 510 1591 958 326 1774 451 1798 687 58 95 123 131 132 393 422 508 730 754 960 963 1054 1093 1186 1197 1228 1303 1421 1968 1850 1862 2153 1490 1474 1391 
359: 276 1309 1492 1493 453 733 905 1558 1623 1646 1702 45 411 1494 1524 369 860 2132 2007 1102 1537 1613 2315 1744 488 362 911 957 451 1806 2284 995 996 1008 320 360 1415 584 232 1808 1360 239 1276 165 1525 123 247 372 2246 1214 1277 1329 1334 1591 326 204 1562 1847 1749 1367 687 1343 1324 703 1087 1978 2263 1568 901 1332 1980 913 1331 1284 81 152 188 347 357 2062 544 2084 2095 1093 601 1625 1123 629 1158 2197 1696 2290 1289 781 2165 2338 1833 1062 1856 1358 1875 855 859 862 361 1395 1906 409 1423 1342 983 2022 
362: 276 896 952 1492 201 453 733 894 1623 1646 1702 45 837 1388 369 860 1873 2132 2007 2091 11 593 811 1537 63 607 1744 2344 308 32 320 360 372 1277 1591 326 1562 942 451 1249 239 1367 713 26 58 81 83 99 138 150 202 232 304 347 359 361 1014 1017 508 1526 1048 544 2084 574 1123 2150 629 2167 696 1686 2197 871 1718 703 2069 1233 1234 2263 2290 771 773 1289 1808 2332 1324 1331 1332 1333 1343 2366 1346 1833 2372 852 2385 859 2347 891 402 1934 1449 1972 1978 1981 1984 969 1485 1497 997 
375: 276 1102 1643 628 26 65 348 1072 204 854 1633 91 705 846 1487 
904: 276 1623 1646 1689 76 1164 1809 1243 923 510 1951 73 638 1314 1276 1394 1966 414 1853 1277 745 953 1367 2105 907 908 1815 1837 56 316 534 846 1267 1526 2062 1553 1814 1990 1099 1504 1889 
390: 276 427 640 1260 1493 1605 2303 2328 1341 1518 2007 1537 1800 208 1371 2397 479 960 2029 501 1203 1427 959 792 1048 2362 131 2238 1437 991 2177 38 102 229 1011 1911 969 1542 1929 1814 1063 1451 1325 1001 2235 1095 1736 1354 2200 2137 2150 2023 
408: 276 952 738 527 1689 1613 541 76 126 292 1809 1476 746 277 342 918 923 960 2002 995 997 2125 1676 232 747 1808 994 689 1215 1276 1957 1525 284 299 372 2177 959 2385 1367 800 1277 2237 1678 1562 792 958 324 1284 1901 326 1591 298 534 2297 105 1167 1427 1660 2356 1191 1980 1278 773 2362 1105 756 429 1482 1690 154 1937 1686 1046 206 2178 2338 601 
925: 276 1492 2287 201 1689 11 1097 1613 1160 1809 1748 2285 923 372 1277 1879 1246 1157 1367 2102 680 747 1395 2161 1276 1808 2144 1300 1686 1951 1314 1953 1404 1966 1191 1083 1985 981 2256 994 1690 
2019: 276 1277 
1957: 276 453 733 1254 2276 1689 617 860 1410 1124 511 2035 1540 541 560 69 604 126 1664 1160 1691 1694 1809 1476 909 1869 340 1371 2397 1590 460 343 1275 200 1210 1752 232 751 1314 455 994 666 2054 1394 1277 1269 1098 410 2209 755 1490 1343 725 295 734 869 169 2084 250 284 408 658 669 975 1040 1387 1589 1839 1853 2166 2326 
1468: 276 1069 1492 2328 1154 1518 2073 1717 1410 1544 511 1102 1160 1469 1744 1869 1872 1934 1946 1953 951 564 32 779 2125 1687 586 750 1314 1888 1431 1962 1394 1277 1525 796 18 25 90 123 305 468 585 766 825 887 990 991 1002 1007 1009 1090 1126 1240 1244 1268 1276 1321 1370 1399 1403 2306 2182 1883 1538 2111 2139 
449: 276 665 837 2007 1537 536 2082 76 1621 2136 604 1643 632 1656 2176 179 1809 1852 2099 923 1946 2018 424 402 957 2000 2002 1806 403 1687 2113 1611 1157 1676 1210 747 2308 1808 626 1431 788 1986 1525 959 687 168 267 1553 1140 1562 2292 1343 1847 958 1284 326 970 1591 1329 219 745 1105 2102 1278 1606 154 1197 1937 2211 1487 2195 106 125 143 221 257 358 1535 1100 2065 1585 2319 1106 1619 1633 1650 1666 1191 1743 744 2306 794 846 859 1423 
1490: 276 896 910 952 453 733 1154 1623 1646 2073 1717 493 837 1388 1494 617 1873 1607 1088 1124 196 511 1537 1540 536 1074 1598 2131 2157 116 628 1160 1164 292 2232 1476 746 1783 1822 308 1869 1374 563 890 923 451 995 996 360 779 1157 1210 626 2361 422 644 1559 1273 2054 2182 1957 2356 1591 1879 1774 1562 1249 1367 2392 2102 1161 18 75 102 105 112 142 168 169 214 284 307 442 470 517 725 792 807 839 867 869 883 897 1108 1151 1198 1239 1270 1331 1358 2042 1569 1571 1584 1696 1814 1743 2257 1815 1866 2158 1908 1980 2372 
1687: 276 910 952 1605 2140 1558 2294 2073 2251 350 1086 1846 980 536 1053 59 77 604 607 101 2157 1751 498 2333 2156 2335 1315 2397 563 399 1590 923 451 972 564 1513 501 360 1277 689 1591 532 626 2100 1847 1798 239 1519 1367 2392 13 244 1525 587 26 54 62 125 181 232 266 267 328 336 355 405 422 428 438 439 440 447 448 449 450 461 484 502 525 591 636 637 667 732 747 751 753 776 816 825 872 891 949 981 994 1013 1050 1051 1060 1067 1117 1138 1158 1187 1235 1276 1281 1286 1295 1311 1314 1331 1375 1435 1441 1468 1474 1485 1491 1517 1568 1576 1609 1610 1611 1651 1672 2038 2048 2084 2103 2111 2113 2115 1979 2238 1743 1752 2266 1785 1817 2334 1831 1839 2361 1853 2379 1866 2348 2008 2009 2010 2011 
994: 276 1309 1646 1702 350 837 1689 1873 1607 1410 1419 511 536 2082 1621 126 2176 1809 1469 1734 1748 342 1590 923 925 960 2002 32 779 1687 129 1157 232 1808 1431 1985 1427 1277 689 1591 958 959 326 1774 1562 1105 1367 66 2182 644 23 25 231 290 305 364 408 515 690 792 2159 1267 1276 1284 2065 1696 2066 1083 1957 1616 2229 1686 1538 1106 1980 1718 1632 1889 1690 
995: 276 910 2140 201 453 1518 1558 1623 1646 2147 45 933 1846 617 874 1873 11 1544 511 1102 1537 2060 76 2131 604 101 2157 628 1664 1694 292 1476 909 309 1371 1461 960 451 2002 510 360 372 1277 1591 73 953 1774 638 996 1157 1367 18 27 92 97 102 112 155 168 200 267 323 357 359 404 408 409 447 448 450 491 551 564 574 624 715 717 747 751 753 773 812 825 859 871 900 1021 2045 2297 1608 1284 1123 1663 1161 2207 1718 1980 1234 1273 1276 1278 2308 1814 1815 1841 2361 1346 1859 1355 1377 1429 1435 1437 1456 1463 1431 1490 2197 997 
997: 276 910 952 2140 1623 411 933 1873 2007 11 1102 1537 59 76 1615 101 628 292 1217 1476 1823 1822 909 309 1371 362 911 923 150 995 996 510 320 1277 1591 73 1246 953 1774 638 2100 1261 1798 1519 13 30 58 151 165 266 267 285 353 404 408 426 440 447 448 450 461 543 551 564 667 741 747 751 812 2063 2297 1608 1611 1032 1671 2084 2195 1704 2238 1276 1794 1484 1316 1841 2361 1343 1875 1377 1442 1456 2021 1520 
1007: 276 1260 1717 1494 2007 1544 536 1160 1469 779 586 750 1314 1468 468 991 1394 792 803 1110 105 1370 1268 1321 1883 2139 1760 1009 
360: 427 910 952 153 1154 1518 1558 2147 1717 2251 493 711 933 1184 617 860 1873 2007 511 2035 1102 1865 1540 2060 536 59 77 1615 2131 604 2138 2157 1142 632 1656 2176 292 1809 2232 197 1230 269 1822 2335 909 1852 848 2397 362 2064 563 479 399 911 923 416 2250 1953 960 451 1992 2284 995 564 2 32 510 30 36 44 107 129 131 155 220 232 239 244 272 299 314 319 325 336 359 1522 2032 2038 1531 516 1031 1546 1552 532 1556 1561 1567 2318 1582 1431 1589 1079 2104 1085 2113 1109 584 1117 1122 1123 623 626 1140 2167 637 638 1206 1676 1677 1678 1680 2144 667 1180 2107 2214 2215 2216 2217 2218 2219 2220 2221 2222 697 1210 1724 2238 715 723 2260 1576 1562 747 751 1774 753 2053 1564 1270 2292 2293 2300 1287 1808 1314 789 2323 792 2166 1316 1328 1840 1331 821 1149 1334 2361 1853 1343 1346 2369 1359 587 1360 1888 869 876 878 884 1910 1404 1409 1718 2330 1847 1437 927 422 428 1962 953 955 958 961 455 457 1174 1489 1490 468 981 1176 990 1347 1687 489 1005 
957: 427 1493 738 2251 11 63 2157 1142 179 1052 246 1811 315 1934 923 4 2174 1427 1277 2356 1591 25 67 87 91 168 175 270 304 326 359 389 417 426 449 463 528 555 598 749 769 900 1141 960 2319 1048 1209 1098 1950 2066 1428 2225 2362 958 2385 959 1322 1354 2153 1743 2256 1193 1114 1758 998 1471 1435 2025 
77: 427 2073 2251 11 511 1537 32 510 360 779 403 632 923 1823 958 2136 2131 628 626 1105 996 244 248 1399 124 2167 1791 587 399 1934 792 1687 1818 669 1949 1953 939 563 564 566 1972 186 825 1869 448 1744 1733 428 843 1610 850 2385 981 344 1626 990 494 
1171: 427 896 1492 1493 392 733 894 2073 1702 2259 1892 411 499 933 1163 1494 2007 1419 11 1540 2157 942 970 49 51 123 165 177 218 397 417 470 520 662 688 703 721 792 855 861 1522 1654 2187 1939 1296 2326 1315 2253 1703 1324 2096 1211 1978 1343 1730 2114 1989 1872 2255 2368 1776 1894 1454 2155 2158 
1872: 427 910 392 474 1518 1588 1673 2073 933 1163 1873 11 2039 69 2131 604 117 1171 2199 698 1315 909 1869 626 239 80 135 200 229 336 343 344 428 445 466 468 520 568 721 732 748 929 975 1316 1324 1326 1343 1403 1456 1468 1672 1752 1776 1777 1841 1984 2155 2064 2088 2361 1959 2343 1986 1989 1992 2187 2397 1891 
55: 427 1759 733 2294 2073 933 617 41 11 978 1246 1664 1694 1784 1869 502 1544 1663 135 652 2347 816 1875 200 1747 90 1326 869 1636 
158: 427 131 324 204 1990 
214: 427 896 910 2287 453 616 738 1518 2294 527 1086 1624 1846 374 860 1419 1088 1053 2131 628 865 655 1694 698 1220 2283 1052 1792 642 2386 344 2397 2064 911 1983 451 1495 343 386 1011 2150 1556 638 747 751 981 991 1519 666 667 694 1672 2332 1517 1671 1490 161 470 1051 959 1354 953 440 1002 2292 792 1343 2330 1158 1249 313 105 169 653 611 1311 1435 270 976 1427 2014 745 1278 263 439 603 1281 668 1825 2102 1705 213 1087 580 922 1998 867 1937 2193 2365 1344 986 1375 104 149 2072 2090 568 1603 1107 1115 622 2178 673 681 1211 2154 1279 1282 1801 787 801 805 1833 830 1863 2381 650 916 934 441 966 975 1501 
229: 427 640 1605 905 1976 2345 369 2039 2172 1192 2231 1312 1872 341 2397 390 1798 1522 1576 961 1418 1095 871 137 2159 1203 1048 1110 1111 1770 1690 2137 1538 1216 1375 759 412 1715 568 334 2024 
254: 427 733 1434 63 750 1246 2103 1885 1435 736 264 674 1110 1111 2370 1242 2050 1320 
296: 427 1492 1493 2073 1967 2060 1160 746 1822 1869 451 299 1969 1915 100 1841 825 437 2042 
334: 427 733 905 1086 1185 1424 1976 374 2132 1540 1192 1469 1733 1052 1296 1371 2397 1914 992 1962 990 991 871 1126 229 2194 323 2133 1772 1324 417 2255 1373 1730 1930 2388 721 1776 772 1318 1849 412 1152 914 2196 863 
393: 427 1537 2060 1374 918 1357 1866 325 1562 792 324 1284 859 600 1197 358 577 1875 1549 629 630 
417: 427 952 1493 2287 474 733 1518 2251 691 837 369 2132 2035 1540 553 2087 2131 1171 662 180 1823 2296 1934 957 960 451 1939 2171 1676 2238 626 26 1418 623 2225 871 1881 792 1331 2330 958 1158 176 1696 1647 745 598 606 1772 1262 467 334 1048 23 2114 2277 1114 22 87 1023 1298 1178 2084 819 568 1730 419 461 2253 490 2179 
2298: 427 837 604 2176 662 1764 784 2167 788 326 690 1650 1743 998 
480: 427 41 2178 
2187: 427 392 474 733 1204 1396 2073 411 2132 1160 1171 1296 1869 848 1872 2397 2064 1934 1929 626 468 218 1324 2114 1536 154 766 1316 1446 445 452 834 855 1228 1989 
1295: 427 1687 1732 16 862 
1041: 427 910 153 201 453 733 828 1518 1624 1410 1876 656 1822 563 2296 918 1953 451 200 1011 1522 1323 239 428 455 981 1672 2332 1671 686 970 1705 2292 1332 889 305 1483 489 407 458 1557 1668 1571 2089 1488 1745 
1048: 427 910 1069 733 2251 2395 411 711 933 1086 1967 2130 486 980 1434 1102 2060 1142 662 2231 2232 1823 1800 783 1855 2397 362 563 150 957 960 386 390 1011 2151 1437 955 961 799 1246 2310 1984 414 1098 25 959 748 1553 2327 792 958 169 305 2159 611 1445 229 652 771 1017 1933 1528 1427 1413 151 1398 2279 311 417 99 252 514 568 580 764 768 823 1032 1633 1803 1859 1685 1244 2024 2329 
1434: 427 896 894 1873 41 632 923 73 2136 953 1811 2101 267 266 1611 311 1435 1048 440 1770 43 254 438 1117 1177 1234 1242 1245 2227 1870 2256 
2202: 427 1396 1384 1589 311 1568 1549 1004 
674: 427 2303 733 1588 2395 837 2060 655 1734 2397 923 200 1576 626 26 1986 1984 1525 299 1799 1520 1367 776 325 2292 90 298 544 2159 151 1110 1111 254 
1187: 427 910 1717 1388 1873 1607 1410 2131 1160 1809 746 2285 2018 320 779 1687 586 990 991 953 151 295 169 2372 769 108 1404 1198 2111 1883 
1060: 427 1717 1086 1590 1687 991 1847 1841 1329 796 
1704: 427 1759 738 1624 2130 2060 604 1664 2232 997 247 953 169 803 2377 1915 1889 1433 513 2390 
1324: 427 392 453 733 1154 1518 1702 2251 1882 411 933 1624 1976 369 2132 1537 2060 2157 632 1171 625 746 1315 1872 362 2064 2296 923 451 1521 2150 1888 1962 990 26 1463 2155 2187 1986 1517 165 850 2385 359 272 792 1343 2330 970 298 1625 1435 1696 1978 1767 2133 22 218 397 265 334 445 703 721 781 855 979 1032 1093 1179 1240 2084 2090 1875 2114 2149 1703 1730 2263 1776 2372 1863 1373 1915 1423 1989 1485 1497 
1325: 427 1605 76 1784 923 501 390 948 2177 1538 105 1413 2150 
1326: 427 640 910 453 1518 933 55 2131 1194 1734 1792 1315 1872 2296 451 200 1576 751 626 26 135 799 1986 2054 1984 299 448 1799 1346 515 2292 792 90 298 75 1696 307 1980 394 202 182 882 
2227: 427 910 89 738 1518 1388 2130 1873 1434 2138 1643 632 655 1744 1823 1371 911 923 1576 751 2369 422 1519 122 2209 1870 123 1051 2100 2107 766 1354 1520 131 437 326 1591 653 2021 1933 2348 1975 394 439 786 796 1606 311 2277 290 132 2096 2256 2226 138 297 543 968 1121 1177 1299 1348 1897 2043 2077 2128 2314 
700: 427 2328 1702 1892 411 451 501 1350 1894 
2125: 427 910 2140 837 1163 1689 1873 1544 46 1664 783 2156 1371 2064 1136 343 501 1916 372 2246 1246 204 1162 1468 260 1405 1435 2369 751 703 580 94 1637 131 1918 747 468 288 56 98 137 166 193 238 256 408 505 574 589 793 813 839 877 969 1061 1099 1127 1145 1153 1302 1310 1413 1442 1529 1580 1581 1617 1843 1885 2003 2297 2385 2150 
721: 427 896 733 1702 1882 411 691 1185 1494 374 2007 1171 1872 344 343 1521 2361 2155 165 792 1343 1696 2137 2343 1324 334 1099 1989 1875 703 798 1703 1730 855 2011 397 1895 793 1181 845 1700 
2127: 427 1873 
2255: 427 1540 29 1171 1934 1553 1435 598 334 23 768 1487 
2387: 427 733 1154 1086 1846 1315 654 1611 414 1040 266 267 272 440 792 1343 305 1696 1975 2116 2137 2063 703 
2137: 427 640 1069 1260 2295 2303 2328 2354 2129 733 1646 2251 2132 1102 59 628 632 147 1740 625 308 309 1426 654 1806 996 390 1929 1986 123 706 1391 131 520 229 310 771 2311 1933 631 1716 1499 435 568 721 781 988 1529 2020 2160 2372 2387 
2393: 427 1518 2176 2208 1276 1277 1553 1879 1591 378 1728 
484: 427 928 2294 2251 1410 1876 628 1160 1869 1687 1323 626 927 929 2356 1705 792 1399 295 1918 1718 652 325 123 60 775 776 777 2198 1443 556 1478 1235 737 118 186 664 1502 1771 624 
1754: 427 1976 619 804 1028 1146 793 
877: 427 2125 2177 259 1932 
754: 427 1102 628 292 1823 309 1374 451 747 122 123 1774 131 438 1978 1261 132 986 1709 1481 
1334: 640 1069 1365 1558 1846 374 1410 2060 541 46 2136 604 1192 1835 1953 1475 360 2113 1611 638 4 266 372 1067 2100 2177 2385 1442 1824 359 192 261 267 1203 1427 1329 106 439 531 653 672 683 803 844 922 1090 1191 1278 1536 2178 1445 1965 2096 1989 2128 1836 2049 2392 1862 
1855: 640 905 837 1846 374 11 9 2035 2131 1664 1822 1315 1275 403 958 959 978 2049 1774 2100 1157 35 62 84 85 86 168 169 176 258 259 260 266 267 273 344 439 440 580 608 717 771 802 872 1042 1048 1120 1140 1141 1318 1351 1442 1611 1647 1765 1824 1956 2322 1940 2114 2248 1980 2343 2025 
2231: 640 153 1356 1558 1873 11 511 2060 604 1160 32 2040 1798 1367 84 132 155 229 315 469 476 586 649 806 981 1028 1048 1216 1244 1360 1374 1953 2003 2128 2291 2361 
208: 640 11 169 566 791 1690 803 390 1063 1009 
345: 640 2007 1419 11 76 73 953 2049 2160 478 
2209: 640 952 2287 453 733 738 905 2251 837 860 1873 1088 593 2035 1102 553 1096 117 628 292 185 1792 1823 1822 309 340 2250 1953 451 1495 343 2040 403 584 638 244 626 891 1957 122 786 1774 1261 66 16 796 1950 23 75 97 123 131 132 166 194 516 599 623 706 730 826 834 839 869 883 963 975 1063 1110 1114 1149 1343 1358 1372 1421 1435 1456 1523 1536 1596 1602 1603 1647 1933 1949 1972 2095 2114 2227 2262 
1449: 640 2328 1646 527 691 874 2035 1036 1044 69 604 120 1160 144 147 625 2301 309 340 362 923 433 753 2054 1316 1418 2014 448 19 267 439 33 53 58 67 93 161 304 437 657 771 998 1073 1259 1313 1335 1339 1348 1354 1421 2321 1942 1956 1722 2314 2046 1920 1875 1536 2017 1552 
25: 640 665 896 2129 1759 733 905 919 837 1086 1424 1967 2130 369 374 617 2035 2136 1643 120 1142 632 1194 1469 185 1733 1052 791 1822 309 2397 2064 563 402 431 150 957 954 510 532 73 1610 1611 638 1468 994 608 1559 165 958 959 978 2049 1562 970 1351 267 260 771 266 1343 1956 1915 703 1042 1048 35 62 1087 580 2114 2133 1120 100 1140 1141 1148 148 151 168 1193 1978 709 1226 2248 2153 2263 1765 1772 767 259 1824 802 803 2362 2391 1373 373 1417 917 1433 922 440 1683 1498 2013 2025 
131: 640 910 1260 2295 453 733 1558 493 691 933 1086 1494 2130 617 1410 1102 529 1053 59 1615 604 2157 628 1694 1192 292 1733 1224 625 1784 1823 909 301 2344 308 309 1852 2258 1374 1934 451 2000 1738 343 1364 564 320 360 390 1929 2023 2125 1798 1951 1611 747 751 2361 26 753 2094 1246 122 165 2209 414 123 448 450 2177 1774 58 1329 1591 1562 1261 2102 1491 1456 439 1038 2292 1435 2153 259 1824 1498 48 97 124 1528 513 516 2062 2063 531 1063 566 1599 2119 2128 1107 1109 2137 1132 2163 132 2190 1681 661 2194 1719 157 158 676 693 2227 697 1729 225 235 752 754 1794 1305 1833 1854 2372 1868 203 1368 1881 365 1903 378 1913 385 1409 1421 1446 1451 438 447 969 1485 986 497 1862 
325: 640 952 1492 1493 392 928 1518 1588 2294 2073 2251 2395 1993 45 493 1494 980 2007 1876 511 2131 604 1664 1694 1751 2335 911 918 960 451 1806 2026 360 1522 129 626 929 455 484 799 1246 1986 1394 1671 2182 410 372 2168 959 687 168 181 594 748 800 1593 2327 1591 324 326 1562 2392 1491 1705 1569 517 2048 1568 1110 1637 674 1841 1332 1770 1718 1331 1720 1284 112 125 169 316 502 537 1563 1592 1090 1109 618 1130 1663 1674 657 2195 664 2197 1188 1201 1747 1794 1285 801 2343 816 1840 822 1336 1875 355 393 494 
520: 640 1493 2287 2303 2251 691 1607 1082 1081 2131 1171 2315 1872 343 1606 2114 94 2159 2137 1487 304 478 807 1393 
566: 640 910 952 1069 1260 2303 2328 1254 1518 1607 1410 1648 77 2199 2208 197 2275 1784 208 498 563 399 1953 1136 779 1929 2113 2167 751 314 2361 239 1962 1489 981 608 644 1731 38 472 825 131 168 295 456 515 1591 1569 1991 2033 2373 1021 1933 1839 1587 2244 1608 1116 1252 
568: 640 1069 1492 1493 1759 837 1424 1976 1053 1192 1784 1312 1835 1872 2397 479 1929 1357 2115 626 871 478 229 2137 839 214 1048 931 1226 417 1063 525 1181 
610: 640 2251 1967 1846 1544 1871 2031 267 1885 1589 137 1392 2133 435 1633 1942 1726 1956 2108 
620: 640 2251 2082 1077 101 1740 923 232 956 1885 1587 1528 1902 80 2257 95 418 1801 1291 857 1265 
2159: 640 453 733 1689 1967 1082 511 2157 655 147 2206 1934 155 994 1519 27 666 667 448 669 1520 2292 792 876 90 520 1048 674 229 303 418 759 1216 1381 1690 2165 
759: 640 2315 784 895 2159 229 657 1657 1292 962 
2177: 640 1492 1493 1605 511 2035 1530 604 432 126 1748 1476 1371 923 1462 451 510 390 1325 1798 638 1808 1276 36 372 1277 1334 1591 326 745 1562 1367 1810 168 131 1332 1482 56 65 92 166 188 231 256 408 562 601 798 877 1244 1497 1507 1563 1564 1724 2304 2193 2297 
1929: 640 1069 1492 1835 501 390 1798 131 2115 566 1520 1690 2137 1911 781 667 568 735 1617 2187 
1165: 640 1646 1066 1967 2132 2060 2136 1733 746 923 1095 299 1591 298 1329 803 1915 517 1719 114 514 1279 
1933: 640 1309 1492 2303 1623 1967 1182 911 654 155 1611 1360 667 1095 2209 64 266 1520 192 267 566 447 1203 231 1048 1683 1690 1726 2137 705 781 1063 1121 1138 1283 1348 1669 1771 1903 1924 2227 2128 
667: 640 453 1356 2073 2251 499 1410 1419 1088 511 536 628 1160 1476 1852 1869 1590 1806 997 360 1929 1687 1676 2214 626 891 666 689 204 1847 687 311 1226 2159 295 1234 825 123 869 435 1933 1972 1487 437 1114 248 669 1303 214 227 242 888 1016 1063 1614 
799: 640 896 2287 733 1154 2073 1066 1967 2007 593 2035 2131 628 1160 2283 308 1869 344 1914 911 1992 343 779 403 155 715 747 751 2361 1591 1367 1491 792 1048 1326 1841 725 1332 2097 1331 1690 825 325 169 473 571 1840 2343 949 1989 1996 
825: 640 201 2294 2189 2251 1993 933 1624 1873 546 1955 196 1537 1620 77 628 2176 292 1822 2156 1371 563 2296 1953 950 954 995 996 510 155 1687 1576 1085 1610 638 1314 1831 1468 296 469 666 667 799 1672 1517 44 1067 623 669 1774 953 942 800 2009 1705 2292 792 1111 566 1520 82 355 407 471 591 696 704 723 732 748 795 816 822 1013 1022 2062 1445 2090 2103 2110 1108 1117 1639 1652 1675 1233 2266 2349 1843 1366 864 2400 1395 1479 
955: 640 1154 2073 1967 2130 511 32 510 360 403 586 1176 715 1359 1360 1562 1367 1858 792 1048 231 409 744 1526 1781 1421 1690 1718 1368 2017 
961: 640 733 1154 2130 511 2060 632 1160 308 32 510 360 403 586 2361 1360 1203 970 792 1048 229 409 597 1463 
962: 640 733 626 122 759 1906 
1095: 640 1053 1748 2040 390 2094 1316 1277 922 1933 1165 229 
993: 640 2060 604 2157 1780 950 1738 992 73 959 953 2367 1140 79 429 2158 
864: 640 1646 2251 1784 2223 825 1840 137 
73: 665 896 1605 2287 1759 2398 1341 527 1066 860 1873 1607 2007 1434 1088 9 1537 2060 536 63 1598 1615 2131 604 101 2157 628 632 1664 292 179 185 1217 1751 1052 1783 309 345 1371 2397 2099 911 1934 923 1946 960 451 1475 1806 343 992 995 996 997 32 510 386 1357 1522 532 561 4 1591 959 5 25 38 62 1028 1561 550 2100 1367 1599 1089 1090 806 1611 1538 90 2153 2167 637 638 1167 2195 953 169 2233 2237 2238 621 1249 750 1774 247 2297 766 1794 266 267 2313 1316 295 817 1337 555 1866 856 1881 870 880 1909 384 904 1418 422 1457 1975 490 993 668 
63: 665 1759 733 894 837 11 372 8 1427 1591 957 959 324 73 978 2136 1246 2131 953 746 1811 1847 43 1522 1140 1141 1142 1913 254 1915 1797 1798 662 922 1690 422 803 1188 169 556 305 1435 440 954 704 343 330 1611 466 344 607 1428 901 362 747 839 490 
1664: 665 2140 453 733 919 1518 2395 933 2132 11 55 511 2035 2039 1537 2060 2136 604 2157 1656 923 1277 324 73 953 746 298 299 1416 1162 786 2002 451 1798 1855 687 23 26 84 102 176 199 209 237 305 317 319 325 353 428 455 461 479 505 547 551 594 644 653 662 692 703 715 773 833 856 875 911 945 995 1005 1020 1022 1072 1100 1115 1131 1133 1158 1161 1191 1245 1282 1284 1339 1343 1346 1351 1402 1414 1446 1477 1483 1502 1517 1532 1559 1568 1596 1637 1647 1663 2088 2090 2097 2104 2125 2158 1671 1686 1703 1704 1718 1722 1734 2253 1747 2261 1752 2264 1989 1777 2292 2300 2318 1806 2320 2330 1822 1843 1666 1881 2394 1924 1919 1920 1939 1940 2017 1957 2278 1980 2179 2005 
268: 665 1624 1689 69 1751 1426 2310 1277 2104 1385 154 1747 1172 1534 1248 419 1622 
305: 665 952 153 733 2147 1494 1689 1846 1544 511 1102 1053 63 2136 120 632 2172 1664 1469 625 1052 1784 1811 301 2064 923 150 1475 1611 1157 1468 994 2155 1680 123 266 2100 1120 959 1442 58 260 261 267 440 597 1041 220 1140 1562 792 958 978 1278 771 1915 703 1048 580 1141 148 151 1765 802 1417 922 1317 97 99 106 209 262 1662 1305 934 2343 1231 2387 1538 598 
1471: 665 1544 2039 628 1142 1469 1764 911 957 960 451 1611 1157 1517 414 123 266 1120 959 267 440 1140 958 970 771 978 2362 1915 357 922 1141 580 688 664 445 
2252: 665 691 837 923 1415 1672 850 1112 1562 792 1718 1167 1025 1499 102 727 1237 2247 
2195: 665 2251 1537 632 1780 277 399 496 997 73 2168 953 1991 325 1589 1562 1718 1284 326 1591 1167 449 1144 273 2197 400 461 95 902 1063 1285 1563 
320: 896 1493 2287 733 691 369 2007 511 1102 1691 292 746 269 362 923 1953 451 997 2 32 1275 58 122 123 131 161 299 2034 1187 1824 2103 1214 1489 2367 1774 359 751 
632: 896 910 952 1069 453 905 1518 1623 2251 837 1967 1846 2130 1873 1410 11 1434 9 1537 1036 1613 1070 77 2136 101 2157 510 360 4 372 8 13 25 56 73 81 122 129 142 150 151 168 179 180 232 259 261 263 264 266 267 273 305 323 326 332 353 394 399 402 437 439 440 449 451 473 519 551 564 596 599 601 603 626 631 2046 1538 2062 2070 1562 1564 1569 1360 1591 2268 1610 1611 1962 2133 1109 2137 1117 1632 1634 2155 1139 2165 2167 1151 859 1157 2182 653 1174 1686 2197 1694 2316 679 1191 683 687 2227 1210 1218 2246 717 1229 2256 728 735 736 745 746 747 748 1772 1262 2284 1264 1270 1783 1273 1277 2308 1805 1808 2319 788 2322 1302 2327 803 1827 2343 1324 1843 1847 826 1343 839 1351 2377 950 1359 1871 850 2385 1881 2392 1281 1462 2397 1897 1902 1416 1246 1914 1915 897 913 1428 923 1442 1953 1934 940 1966 1122 953 954 1980 961 1475 1259 2195 972 2366 981 1176 1517 1862 
953: 896 1605 2328 1759 2398 1623 2251 933 1545 860 1873 1434 9 1537 2060 63 595 2131 604 2157 116 628 632 1664 292 185 1737 1744 245 1783 345 1371 2064 2099 923 2250 557 950 451 343 992 995 996 997 1513 510 360 155 532 1085 73 638 2238 1437 929 26 1187 1215 1316 2182 806 1457 38 247 299 555 2100 669 2233 621 1774 766 1337 1391 904 825 5 14 65 75 93 137 138 169 214 263 267 295 384 406 429 570 749 817 854 856 870 880 1599 1090 2114 1167 2195 1704 2237 1794 2309 1802 1807 2324 1747 1372 1975 993 
786: 896 2287 2251 411 493 604 2157 1664 2026 584 1157 715 626 26 27 1561 1986 1316 2209 8 123 623 1950 1367 181 697 324 1637 1491 1841 1542 598 2227 16 121 125 183 311 445 2266 2058 1663 1810 790 1596 1814 1114 2198 2114 1758 
532: 896 910 2251 1545 511 1102 604 144 1202 1217 1224 1852 911 923 402 950 1806 32 510 360 1531 1415 1687 2151 372 8 959 73 953 25 36 64 247 262 263 266 267 318 440 2166 2167 637 1409 2100 1676 1950 1442 1572 1552 1456 946 1847 1474 1092 1975 1610 1611 1600 1601 638 2260 2396 1120 2270 1122 869 751 1519 626 
1261: 896 910 1492 453 733 1646 617 1102 1537 628 1694 292 625 1811 791 909 1371 563 399 1953 150 451 996 997 564 587 751 244 1323 314 2361 981 753 812 122 2209 8 123 448 450 1774 131 456 1456 447 1594 1435 1317 151 97 132 490 754 1022 2063 1421 2391 
668: 896 910 1492 1493 2287 1494 2157 1656 1744 1811 1473 923 1798 73 747 751 626 8 123 489 444 1696 1281 214 2175 2179 1810 934 935 1705 1000 1099 1728 1358 1998 1381 2158 
2101: 896 2287 153 1254 411 1873 11 1434 1865 1018 958 959 326 1716 970 1157 1798 687 76 117 173 179 188 236 303 342 416 604 658 703 724 792 854 870 899 936 956 981 1151 1205 1270 1479 1598 1628 1631 1730 1771 1806 1835 1866 1867 1942 1960 2051 2200 2362 2375 
604: 896 910 952 1759 453 733 1646 1702 2259 2251 1892 411 493 837 1185 1494 617 874 2132 1419 11 511 72 1540 2060 538 1613 541 1053 2101 1160 510 360 1203 372 992 1277 1334 1591 958 959 324 326 73 2246 745 204 953 786 532 1811 1774 292 626 2094 638 1847 970 1157 1798 2157 1367 126 131 179 180 237 264 265 266 325 342 414 449 491 515 548 567 597 598 1525 1539 1542 2206 1550 1050 1572 2088 2095 2298 1875 2114 1099 1611 2048 606 1633 1123 1797 1140 2054 2167 1664 644 2177 1462 662 1687 1694 1482 1703 1704 1808 690 1202 693 2231 1722 703 704 1981 960 1743 1744 1745 2263 1561 1764 2278 749 2158 883 2292 1784 766 1278 773 778 1804 784 788 790 800 1316 1328 1841 1343 1052 839 2377 1872 1362 854 2397 1890 1894 1895 879 900 1934 1590 1428 1431 922 1957 1449 945 950 954 1984 1475 1989 2280 1992 1485 2026 1941 2367 1806 2369 993 995 2018 998 1517 803 
185: 896 2303 837 1494 11 1613 2131 179 180 923 73 953 25 82 373 1525 2291 1783 1403 1915 1671 2209 803 1827 636 2021 817 1352 1747 1752 
1734: 896 2395 1873 11 1664 1277 626 448 605 657 674 994 1111 1179 1188 1326 1331 1332 1346 1463 1491 1663 2292 1808 1840 1841 2011 2010 
269: 896 952 1493 2073 2007 1410 11 1574 1074 1076 1077 1078 1620 1744 32 320 360 299 13 44 66 82 123 1841 1038 911 1953 2343 1331 826 1986 1992 2250 1869 1241 349 1724 
911: 896 910 2287 453 733 738 894 1518 2073 1717 837 860 1873 1419 11 511 1102 1865 1540 536 1613 76 2138 2169 1664 1160 656 292 1202 698 1744 269 1315 909 1869 340 344 1408 1275 360 403 923 73 2049 532 1774 451 1249 1367 386 27 74 82 169 176 214 325 343 348 359 413 439 464 594 666 728 732 747 749 792 799 839 2036 2046 1538 1700 2088 1067 2103 2109 1112 1794 1639 2153 1663 1158 1159 2193 1690 1189 1206 1229 1984 1240 1986 2284 1268 1281 2304 2307 2309 2311 1808 1314 2346 1837 1328 1840 1331 1332 1337 2361 1346 1372 2349 1904 1841 2227 1671 1420 1933 1953 1471 1991 1491 1348 997 1435 1908 
343: 896 910 1605 2398 153 201 453 733 1518 2073 837 1873 2007 11 511 2035 1102 2039 2060 536 63 2131 1160 160 1694 179 698 1642 1744 2264 1476 1823 1296 1811 791 1822 1830 309 1852 2258 642 1869 1872 340 344 2099 911 918 923 1953 150 451 1495 510 73 953 2049 626 1105 1249 2031 23 115 131 135 137 151 152 169 202 214 339 507 513 514 1031 929 2065 550 1599 2125 594 600 2149 2150 2154 1647 520 631 1970 1676 2209 1726 1219 721 1772 751 753 2297 1799 1299 792 799 1824 2342 1323 824 1343 1836 1373 868 869 871 2179 373 564 922 419 1956 1957 1962 437 448 450 1975 1482 473 490 
455: 896 910 153 392 453 733 984 1518 1646 2073 2251 2395 1993 617 1873 2007 1876 511 2035 536 1078 2131 101 628 1664 1160 1691 1694 1194 1744 1476 1296 2335 909 1869 563 1871 1934 918 1953 451 460 564 32 1275 510 360 779 403 1357 1522 2115 747 751 1323 626 2361 239 428 1394 1277 2356 958 970 13 1525 1098 410 30 66 65 141 312 325 2042 1040 1041 537 550 1072 1112 2166 2175 1668 1672 2186 1693 1705 688 1980 2274 755 459 776 2310 792 1833 869 1671 1417 1429 1435 1957 1972 1998 469 981 2009 1515 
1491: 896 1492 1493 201 453 733 738 919 1518 443 691 837 1066 860 2035 1537 2131 2157 1734 2344 344 2397 911 1953 402 451 1475 1939 2002 1495 2031 403 200 1687 1176 713 981 799 1672 2054 1671 123 1774 131 687 1367 748 1072 325 1328 1331 1343 1653 326 970 1637 14 169 353 1108 1167 302 1435 786 273 23 52 115 357 490 491 500 514 614 693 703 807 839 1023 1032 1113 1301 1373 1395 1423 2048 1568 2097 2158 2210 1703 1841 1859 1875 1956 1998 
1278: 896 910 1492 1759 453 733 738 411 837 1845 1846 1873 2087 604 2138 628 292 1744 2386 923 402 1136 992 995 892 1210 753 1246 1273 123 372 448 470 1774 2385 1442 1367 1334 2237 1567 792 324 326 14 305 599 653 449 963 2311 745 125 148 209 214 294 297 311 408 461 514 657 688 839 1266 1405 1631 1827 1441 2114 1726 1982 1864 1919 1887 2274 
517: 896 1069 153 738 1558 1646 617 536 538 1694 237 2364 340 2064 890 557 155 1556 1582 1323 1962 27 469 1672 1303 2182 1966 1490 1520 1456 325 1109 1569 2392 313 537 1108 1651 1218 1165 1395 1266 24 384 559 1837 1219 570 114 183 477 764 2048 1668 1940 1145 1964 2226 1121 1765 1514 
97: 896 837 1424 2035 529 1613 1220 625 2344 923 451 496 995 1210 2155 2209 959 1774 131 336 1840 305 1305 1435 1841 1317 897 1261 1810 2048 790 124 132 490 571 1971 
115: 896 1605 1015 588 691 837 1873 2138 2364 923 1983 1495 343 457 2041 1562 792 2357 970 1651 1491 1980 132 901 2179 880 1375 114 887 1919 355 2090 
132: 896 474 711 1424 529 1613 628 2176 2231 625 308 309 1578 1374 1934 996 2144 122 2209 299 58 131 1824 1343 324 1978 2311 1528 859 683 2227 1261 97 1301 2063 124 115 1421 2190 157 1186 676 1707 235 2372 986 490 513 754 
161: 896 1068 1088 277 424 510 320 626 1449 806 1978 1637 429 623 437 1529 1485 214 1132 1472 1130 
176: 896 1558 691 1494 369 1088 511 1620 628 1664 2344 1852 1855 642 911 972 2238 626 1985 1561 1517 2225 1343 417 1841 353 867 2088 1975 1175 2372 1305 1862 2175 355 125 175 1020 1541 537 1445 934 323 596 354 
461: 896 910 392 738 1204 2073 2251 1537 2131 1664 698 1230 2335 997 1687 2115 751 2369 1671 448 959 869 687 438 871 1109 1343 958 395 949 353 537 1355 1278 2195 417 804 1465 796 740 218 465 704 233 68 271 1785 1801 2071 2329 818 1207 1358 1263 
495: 896 1646 470 471 
571: 896 2287 2251 1598 2344 1522 799 959 2046 97 1333 1859 1971 1856 
631: 896 2287 2251 837 1613 2131 2136 632 2176 746 344 923 960 451 343 1611 2182 1966 266 299 959 687 267 473 1117 1331 1569 1591 2392 298 169 653 601 942 2137 435 1529 2343 1856 
688: 896 2140 733 1154 2251 411 527 1066 2132 2035 1171 174 1296 1914 2150 1210 239 455 165 2107 948 1843 792 1343 2330 1696 1978 1278 2133 1474 1020 1471 1032 265 703 1730 57 177 508 2290 1668 1863 855 
790: 896 952 2251 1056 604 117 809 1139 950 954 1157 26 27 123 1950 1456 105 599 204 786 97 1810 311 1758 1342 1596 125 592 2058 1137 
839: 896 2303 453 733 1518 1646 2251 837 369 860 2035 63 604 1645 2157 632 292 179 180 791 1830 1852 1371 911 1462 150 451 1939 2125 1517 1490 2209 472 1824 1072 1881 516 324 1653 970 1591 1491 1647 2356 1278 1317 1858 1596 1373 442 1998 2163 2179 2149 1875 74 111 415 562 568 693 1970 2309 2266 1550 1057 1595 2096 947 2261 1857 1862 
871: 896 1492 1493 201 1518 2251 691 369 374 1410 1082 2035 536 2131 662 1469 698 2232 344 362 399 431 343 995 1798 1576 638 2214 232 2361 1519 26 1463 1672 165 2225 1520 438 594 1591 1343 417 792 703 2277 169 229 322 334 461 466 568 2096 1022 1279 1013 2062 1304 1975 1696 2343 1730 975 2253 1647 1776 
2063: 896 1309 733 691 1967 369 2035 1615 2157 628 625 1811 1822 2156 308 1778 996 997 1513 1611 129 1561 1910 123 266 58 131 267 438 440 1072 1536 2249 1794 43 137 353 1528 264 897 1862 1261 132 2372 1729 752 1716 2163 124 676 969 986 1299 1421 1769 1877 2190 2387 
1556: 896 733 1154 1396 860 1607 1410 1768 511 1537 1540 1823 1822 308 340 890 996 32 510 360 403 2369 751 517 2048 295 38 214 819 869 883 1090 1155 1198 1297 1862 2274 
2076: 896 1309 733 928 2294 2395 933 486 1410 1768 511 536 1869 886 929 869 776 2009 151 302 1918 652 1747 2198 1909 186 1880 182 183 189 190 1062 1155 2070 2072 2265 
1582: 896 2287 733 1254 1646 1088 538 923 451 32 360 1879 1246 2392 1569 2182 1966 517 307 582 586 1108 1219 1259 1303 1395 1698 1897 
1072: 896 1492 1493 2287 738 1518 1646 837 1873 1410 1540 1615 1664 715 455 687 978 1562 1491 1161 1810 375 1998 2063 2194 732 839 490 1862 1696 897 1942 1248 1874 
2103: 896 952 453 733 2073 1873 117 144 1202 1296 911 150 451 320 403 1687 751 123 284 825 1847 1249 1435 2133 1980 1331 1618 254 75 248 591 594 599 801 1115 1372 1575 1602 1651 1743 1885 1949 
1603: 896 1036 2209 214 
1708: 896 
2143: 896 733 2251 508 
1639: 896 2131 117 1220 911 1983 2318 825 169 2175 191 1819 
2155: 896 474 2073 2251 2039 632 1160 1171 1733 1872 923 150 200 626 26 135 1705 1456 218 1343 397 1324 792 151 90 83 97 305 721 817 855 1703 1877 1984 2330 
1696: 896 952 1492 2287 392 733 1154 569 1184 1424 374 1053 628 1296 1822 1830 1852 2386 2397 923 1440 402 1604 451 403 200 2003 129 232 626 1926 994 135 1490 165 623 359 871 1072 792 1840 1331 1343 2330 326 670 1794 302 2049 1749 668 1351 417 1324 703 1978 1765 1326 688 2084 781 92 102 281 379 508 721 822 855 1023 1099 1130 1633 1919 2387 1941 2134 1899 
1814: 896 910 952 1493 2287 2073 1624 1537 76 2136 1744 2397 923 743 995 390 1951 2079 1808 626 1490 904 687 597 1112 1284 326 1625 1815 1289 1841 1660 2350 1980 463 1632 2256 786 2347 971 1690 1423 1580 1666 2226 
2340: 896 
1862: 896 1759 1646 837 369 860 2035 1102 1615 2157 632 625 1822 2156 309 1374 386 1556 1611 1157 747 1910 123 266 1377 131 192 260 261 267 438 440 800 1072 1334 1536 2249 259 970 137 176 2021 1435 736 598 439 1229 839 1915 897 941 1998 2163 2063 124 1877 86 1555 1063 1121 1228 2306 1899 
2382: 896 2251 350 2333 200 1525 302 2339 
1368: 896 1069 1309 2303 2328 1518 493 837 2007 1419 2176 1476 1764 451 1939 750 955 469 1986 1354 131 515 1840 1523 353 690 1399 1568 749 559 492 1483 
1883: 896 952 1717 837 1607 1410 1419 1544 511 536 2131 1160 1469 2285 951 779 586 750 1314 1831 1468 468 990 991 1007 1143 2139 1187 1303 1394 1841 295 169 1538 701 769 108 485 1370 1009 1198 1268 1321 1404 2042 2224 
897: 896 952 632 155 715 1246 1490 687 1072 792 773 1162 1810 2063 2372 1862 97 1283 934 1600 
1942: 896 952 2101 923 2200 1611 1449 1870 1072 1726 2163 490 610 205 
1437: 896 952 617 1607 1410 511 1537 1540 536 2176 1694 1764 1806 995 32 360 390 953 1343 1048 373 1067 1198 1339 1421 2326 1600 2347 1633 
934: 896 952 738 1494 1873 2344 1371 950 954 1517 169 176 305 353 1305 897 668 214 2372 2175 1810 1998 2088 1577 
1477: 896 1664 1663 1919 1721 
1998: 896 2354 1588 837 1873 1419 1768 2136 101 2157 923 584 1210 747 2308 422 455 30 1367 168 1072 697 169 653 1491 1332 2334 2343 839 1862 2049 668 214 2175 1000 1099 1810 1705 198 209 732 934 1387 1543 2179 2015 
1497: 896 1759 493 1494 1545 2035 1823 362 496 2177 1824 516 1343 1317 1324 2085 1743 490 1301 492 1741 
32: 910 153 453 1293 1356 2073 2276 1717 711 933 1388 617 1124 511 9 1074 1598 77 2176 1809 1469 2231 197 1476 245 269 1811 909 848 2397 362 563 399 2250 1953 451 1992 460 564 2 15 1522 2032 2034 510 1031 1951 532 1556 2069 2079 1576 1582 561 1085 2113 1092 2115 73 584 586 587 1610 1611 2144 107 1287 2167 638 129 641 1157 1676 1677 1174 1176 2214 2215 2216 2217 2218 2219 2220 2221 2222 1206 1210 789 2238 713 715 728 1752 232 747 750 751 244 1272 2308 1808 2323 1308 1314 1831 1323 626 821 1844 314 2361 320 2369 1359 1360 1888 360 886 891 388 1926 1927 1431 1437 927 929 1952 422 239 428 1962 946 955 1468 961 1985 455 1489 468 981 155 990 991 994 1519 
511: 910 2140 153 453 738 928 1356 1518 1623 2147 1717 2251 2395 411 711 933 1388 1689 617 860 1873 1607 2091 41 593 1544 2 32 1275 510 320 360 14 15 26 43 62 66 69 75 77 105 107 129 137 155 169 171 176 189 190 197 232 239 244 260 261 266 285 298 305 314 315 325 342 343 344 353 373 386 399 407 409 416 422 428 432 447 448 450 451 455 457 468 469 470 478 483 488 507 2032 1522 1540 1031 1546 929 2064 532 1556 537 591 2076 544 1359 1530 1576 2216 1323 909 561 1073 563 564 2100 1085 2113 1092 2131 586 1098 1610 1611 1613 1452 1108 1109 599 604 1628 2144 2218 2151 1642 623 2159 1651 2139 1143 2167 2168 637 638 1662 641 1664 2176 2177 649 1206 653 1676 655 1167 1680 611 995 666 667 1691 1694 2205 2207 2231 1188 2214 2215 1126 2217 2219 2220 2221 2222 1713 1337 1811 2238 715 961 1744 1748 1751 2262 746 747 2283 1774 753 1885 1782 1787 766 1791 1792 1287 2310 1806 2318 1809 789 2250 2323 792 2325 1305 2327 1311 2333 1314 1828 2344 2021 821 1844 2361 2002 1444 1346 2369 981 812 1355 587 848 1360 1879 1369 1883 2397 1888 1377 1392 1838 886 1808 1910 891 751 991 2364 1468 911 994 918 1437 2385 1442 1953 1445 1289 1957 1594 1962 944 1457 946 1972 955 956 1469 1985 2332 1992 1174 1996 1431 1490 1176 1347 2396 990 1303 2284 1507 2115 1513 1002 2026 669 1009 
403: 910 453 474 1356 1623 2395 1388 1545 617 1074 69 77 628 655 1694 716 1751 1811 909 2364 1855 344 2397 563 399 911 1953 451 1939 1992 564 2 75 302 386 1651 1331 891 1359 2054 1672 1174 1323 1176 1435 799 1696 422 1491 1576 812 1978 1456 1840 1841 1332 1591 2103 955 2361 1085 1343 469 455 449 428 599 961 1962 1360 1108 470 728 2209 990 1888 1556 1637 753 1188 2167 750 751 1647 981 
1823: 910 1492 1493 2140 2129 201 453 1518 1646 493 1494 1845 1846 11 2035 1053 77 2131 2157 1694 292 1740 1751 2283 4 992 923 13 26 27 131 150 151 192 260 262 266 267 311 343 353 365 399 417 438 447 448 450 451 490 496 542 693 751 752 753 754 789 792 812 815 909 981 988 997 1031 1048 1109 1132 1188 1231 1317 1348 1380 1456 1497 1556 1562 1594 1611 1647 1676 1774 1811 2032 2209 2113 2167 2214 2215 2216 2217 2218 2219 2220 2221 2222 2227 2249 1986 2361 2344 1914 
308: 910 153 453 1518 2395 933 11 1615 292 1224 625 2344 4 123 131 132 1794 2311 2063 1556 961 1305 2327 799 1695 1409 1456 564 447 448 450 451 2372 1490 469 728 2137 1117 362 751 753 
959: 910 1493 153 738 1518 1646 2251 443 493 837 1494 1689 874 2007 593 9 1102 1537 536 1070 2101 63 2136 604 1643 2157 1142 1353 292 179 180 1213 1476 236 1052 1800 1811 1315 315 1855 2371 342 2397 1382 1934 1590 923 416 743 1462 1136 957 960 954 2002 992 510 390 1798 1951 532 73 638 1157 1176 1210 747 1808 626 1359 886 994 26 469 2054 1232 1870 4 25 38 372 623 1427 1277 2356 1591 958 48 79 83 86 97 112 168 188 204 214 233 235 256 305 325 326 376 408 420 449 461 463 534 571 598 606 618 631 683 740 792 838 841 854 899 900 948 1546 1048 1562 1563 1564 1435 1093 1112 2149 1140 1159 1718 1686 2203 1197 2228 1980 1471 1229 2153 1265 2291 1284 1743 1322 1847 2362 1853 1236 1346 1367 1373 1104 1421 1428 1084 969 1857 2197 1348 993 2022 1626 
1102: 910 2129 453 933 1494 617 860 2007 11 320 360 4 959 2246 26 27 58 59 70 116 117 122 123 124 131 150 259 292 301 305 318 343 359 375 386 414 424 450 451 469 490 496 532 559 564 598 606 625 628 680 683 744 751 753 754 802 846 892 909 911 995 997 1048 1522 2085 1537 1612 1615 2137 2392 1140 1141 1694 2209 2214 1468 1718 1214 1733 1740 1743 2264 1476 1261 1774 1794 1824 1822 1317 1837 2362 1862 1352 1358 2391 1903 1914 1939 1435 2361 1456 1457 1978 1481 1482 2000 2021 2372 
1879: 910 1309 453 894 1356 1518 1646 617 1873 1410 511 1648 1613 1661 1748 783 909 2397 923 925 1953 2026 1522 1582 1210 232 751 927 1962 689 1083 1273 1276 1731 1671 2182 1966 1490 4 372 1791 2385 1117 1277 1527 1591 79 143 307 452 497 537 542 590 659 678 787 832 884 922 936 1167 1191 1197 1263 1269 1395 1413 1421 1445 1562 1569 1599 1666 1718 2128 2179 2393 2014 1891 1897 
299: 910 1493 2287 1254 1646 2251 837 933 874 1873 1419 2035 1044 1598 628 120 1664 2206 1809 1764 746 269 1822 1886 479 1914 1778 923 1953 950 1806 510 320 360 200 638 232 747 626 2361 929 26 135 296 2054 1457 123 1277 1329 5 953 298 84 85 90 132 257 1526 2061 1555 1046 2084 2100 2102 1789 1600 585 1107 1117 2148 623 631 639 1663 1165 1686 674 1810 723 730 767 2320 792 1326 2365 2368 2385 2388 2392 869 1915 408 922 1456 971 483 487 
628: 910 1069 1260 1605 2129 201 453 733 738 1422 1518 1623 837 933 860 11 1102 1537 536 59 77 1615 1135 2157 1275 510 403 8 326 73 953 298 299 13 26 54 58 62 90 123 124 129 131 132 135 155 162 176 192 200 214 232 239 244 267 292 301 309 353 375 382 404 405 413 447 448 450 451 455 460 470 472 484 544 563 564 596 625 626 1433 1528 2045 2063 1051 2084 2110 1602 1608 1612 1110 2137 1627 1371 2167 2168 638 2176 1671 656 667 1696 2209 1194 1719 703 1471 2248 718 728 2277 747 751 1774 754 1573 2292 767 1281 771 1794 1811 1740 1302 799 1822 815 2344 1840 1332 825 1261 2361 1343 2372 812 856 2392 1391 1395 1409 1922 1413 1421 909 995 929 940 1456 1968 1461 1278 969 972 1490 2002 2008 2010 683 990 996 997 2021 1514 
2049: 910 952 1492 1493 474 733 738 1518 1717 2251 527 837 933 1494 2157 1656 1811 1855 345 911 431 557 451 954 343 2026 1798 747 751 1314 422 1910 312 8 25 123 448 450 623 1346 1334 1331 1343 464 169 591 599 1435 1696 1978 1332 1329 2334 151 551 1827 167 235 703 732 757 787 855 1019 1131 1248 1342 1358 1372 1417 1627 1654 1668 1705 1810 1998 2179 2080 2085 
1774: 910 201 453 837 933 860 2007 511 1102 1537 59 1615 2136 604 628 292 179 1733 625 746 1823 1811 1822 909 301 309 1855 1371 1374 911 923 1461 150 451 2002 995 996 997 510 320 360 155 2150 73 638 751 2361 239 994 26 469 812 1316 1910 1490 2209 410 8 123 448 450 470 326 953 58 87 97 131 151 169 394 447 516 577 598 683 754 757 766 825 986 989 1017 1117 1179 1261 1278 1331 1332 1343 1372 1373 1391 1409 1421 1456 1491 1562 1573 1589 1718 1724 2045 1794 1840 1841 2372 1903 2021 
638: 910 1646 617 1873 1410 1088 511 1537 536 541 2131 604 116 628 1694 292 1217 1224 2275 746 1783 309 1852 1371 923 451 1806 995 996 997 32 510 360 779 155 1415 532 73 1611 372 8 1334 959 953 299 1774 626 25 36 65 214 247 264 266 295 555 621 623 637 2046 1552 2100 1601 1099 1120 1122 1149 2177 2209 871 1252 766 1799 788 1308 825 2383 868 869 870 1391 904 1950 970 1519 803 
451: 910 952 1493 2287 2140 2129 153 453 733 1015 1154 1293 1365 1518 1646 2073 1717 2251 1993 45 837 977 1976 374 860 1873 2132 1419 11 1876 1088 1082 593 1768 811 511 2035 1102 1537 1540 536 553 560 2157 117 628 120 632 1664 2176 144 292 1202 1217 1744 1476 1764 625 237 246 1823 784 1296 1822 909 308 309 1869 340 1374 362 563 1871 1914 399 911 1590 918 923 1953 402 32 510 320 360 403 8 1277 689 73 953 2049 1162 1774 1562 626 638 1847 23 26 51 54 66 68 75 79 81 86 97 100 108 124 131 137 143 151 165 169 188 194 200 214 239 244 265 273 288 293 296 302 323 325 332 333 336 343 359 365 400 417 428 439 448 1522 1525 1523 1536 929 1041 2207 537 1188 551 1582 2095 565 2043 2103 1596 1602 2114 856 598 2133 601 516 1114 1117 1529 1120 1633 2051 1641 623 1647 1651 631 637 2177 1668 1671 1672 1421 2084 697 1687 1696 2209 1705 2228 1719 700 1724 703 1471 1218 1731 1736 1739 1742 2253 1559 606 1249 1252 747 751 753 754 1270 1276 1314 1302 792 1308 1145 1824 806 1051 1321 1358 1318 1326 1328 1840 1332 2358 1850 2361 2365 1857 2369 839 2372 1323 1868 1324 855 1367 1368 859 1372 2158 868 869 1972 880 1841 1331 821 1922 1417 1930 1423 914 1937 1435 826 1949 1950 2359 1456 1457 1970 1980 1343 1986 1939 455 1599 1261 970 1685 1490 1491 469 981 1495 478 990 1504 995 996 564 491 2025 496 2197 
970: 910 952 201 453 928 1558 1673 411 837 1607 1865 1018 2101 69 604 2157 1171 746 1867 370 399 1473 923 451 2002 1738 564 2167 638 715 751 244 1323 2361 422 961 455 27 135 753 2041 1561 1629 1672 2332 1943 165 8 25 448 1346 1866 948 440 1041 1843 1404 1847 90 1089 395 1203 1786 23 51 83 115 409 415 449 559 704 735 781 802 839 855 940 1573 1595 1599 1637 2152 1471 1179 1726 2268 1765 2290 1280 2334 1324 1842 2365 2366 1862 1358 1903 1915 1491 988 1435 
1371: 910 952 2303 1293 1623 933 1494 1845 1846 11 1537 1081 116 628 292 2285 1811 2335 909 309 488 510 1203 8 1591 326 73 204 953 1774 626 638 1261 26 92 155 192 199 231 334 390 404 442 447 448 450 552 586 717 729 747 751 792 825 839 931 934 974 995 996 997 1087 1101 1123 1157 1161 1367 1539 2125 1617 2177 2188 1608 2227 1771 1794 2307 2316 2361 2381 1376 1377 2400 1911 1957 1456 1461 1462 1482 1520 
1249: 910 952 1492 1493 453 493 1494 2007 593 811 1613 2157 1809 809 2371 362 911 424 451 1495 343 1364 2284 73 1210 747 751 1808 1246 1276 1490 1525 8 2103 437 956 1277 1839 1284 326 1105 112 214 394 494 599 1028 1132 1244 1529 1719 1435 1355 1632 1372 1627 2158 
996: 910 2140 453 1623 933 1967 617 1873 11 1537 77 2157 116 628 1694 292 1476 1811 909 309 1371 563 1461 451 995 510 8 73 1246 953 1774 638 1261 132 155 200 244 285 359 404 428 447 448 450 469 564 587 653 715 717 751 753 812 825 856 900 981 1808 1556 1123 1608 1446 2063 1456 1384 2137 1980 2361 1176 1367 1490 997 1377 1051 
239: 910 153 392 453 1254 1518 1646 2073 2147 1607 1410 1876 511 2035 2136 628 1160 1744 909 1869 1872 362 563 399 2296 918 1953 451 564 32 510 360 779 1687 1522 129 1676 1323 626 8 2356 1774 1562 1847 13 38 1032 1041 566 576 1668 1671 1672 1705 687 688 703 704 2260 1248 1794 2307 2330 2332 295 2343 1328 1840 1841 1331 1332 1343 2372 2376 353 1890 869 359 1399 428 940 1980 455 1483 469 981 
1519: 910 453 1518 1588 2073 1717 1873 1088 536 2087 2138 655 656 1733 1744 997 32 510 1531 1687 532 638 751 2361 8 123 214 311 323 394 437 653 851 871 971 975 976 1051 1079 1149 1299 1348 1354 1378 2159 1651 2227 2274 1982 2226 1760 2400 1520 2365 
2392: 910 1396 1646 837 977 1873 1607 2007 1419 1088 9 1102 1537 1613 1615 1643 628 632 179 1809 1744 731 746 1783 895 1871 1426 923 423 954 1992 1513 1687 1582 1157 232 1303 2182 1966 1490 123 299 637 1122 1367 723 1277 1334 325 1567 1140 1847 324 1569 1591 1162 542 603 23 332 349 442 517 631 635 817 931 940 1073 1108 1193 1219 1222 1242 1259 1281 1318 1352 1395 1474 1538 1584 1616 1632 1868 1897 1964 2106 2114 2203 2256 2257 2366 
117: 910 453 733 2251 11 1102 553 2101 451 1522 1793 899 950 402 790 792 1824 2209 1452 1872 1201 1972 1718 2103 1722 1980 2369 333 850 469 1639 747 281 
655: 910 738 1410 11 511 536 1621 2138 403 1519 123 214 237 290 311 323 653 2159 1651 890 1844 1289 674 656 1299 2198 1051 1234 1824 1314 1744 2128 2227 1303 2361 2362 2365 1508 1348 1354 1740 975 976 792 851 2226 2188 869 2274 753 1513 747 751 1520 
1764: 910 453 1254 1646 11 604 1656 2176 1353 923 1277 689 1591 299 451 1367 2102 112 173 256 515 598 653 690 747 784 806 854 891 900 936 998 1098 1276 1368 1437 1457 1471 1504 1641 1778 2164 1934 2326 2210 2298 2361 2153 
2275: 910 952 2251 1846 1607 1410 11 1088 76 2176 779 923 1277 638 1157 687 56 65 168 192 260 261 266 267 456 472 566 644 751 781 1021 1252 1442 1553 1587 1611 1839 1881 2046 2167 2361 
625: 910 2129 453 733 738 11 1102 529 46 628 292 1224 308 1774 451 1261 97 122 124 131 132 301 305 439 771 1283 2311 909 2063 753 1683 654 1578 1305 1822 1961 1449 812 1324 815 1456 947 2344 2361 2372 1671 1409 1794 2137 1862 751 1903 
2283: 910 2251 1419 11 511 536 2136 923 1823 83 151 214 751 752 799 1198 1229 1435 1726 1946 2178 2207 
1296: 910 952 905 1154 1702 411 691 933 1185 1967 369 11 536 1056 2131 1171 1182 923 1847 451 687 169 334 343 344 353 409 455 508 634 688 703 747 791 792 888 2306 1696 2330 2343 2084 1830 2103 1343 2187 2089 1875 1373 1435 1899 
909: 910 2140 453 733 1015 1154 2294 2073 2251 837 2130 617 11 511 1102 1537 2131 2136 628 1160 1691 1694 292 698 1220 1476 625 1823 1822 32 1275 510 360 779 403 923 2356 1879 1774 626 451 1261 1371 996 239 1367 111 114 123 129 131 151 183 309 410 455 460 582 586 599 747 753 755 792 869 1522 1525 1040 1065 1602 1098 1117 1637 1132 1647 1158 1188 1705 1206 1212 1738 1344 2372 1869 1872 1891 1421 911 1934 1957 2365 2009 988 2011 995 997 
309: 910 1260 453 733 738 2251 837 486 617 11 1537 529 1056 116 628 1694 1751 909 301 510 73 1774 638 451 1371 996 25 58 80 131 132 771 1794 2311 1675 1421 803 1485 1186 2209 1449 1197 2361 690 1978 447 1343 450 1730 1301 1862 1323 448 1612 343 2137 1374 995 997 754 751 
488: 910 711 2091 11 511 2060 1371 359 1397 1869 1793 1742 
1869: 910 2287 153 201 392 453 928 1356 1518 1673 2147 1702 933 1068 1163 1624 2130 369 1873 11 55 1544 811 2039 1537 77 1694 1751 746 269 909 488 2371 1203 1394 451 239 26 27 66 107 155 169 170 190 200 232 244 296 336 343 361 399 409 416 422 428 439 455 457 469 470 477 482 484 502 507 537 563 564 584 586 666 667 669 696 748 751 789 792 799 800 848 863 911 917 918 929 951 981 1001 1022 1031 1067 1109 1158 1174 1176 1196 1210 1314 1323 1342 1359 1360 1372 1420 1468 1478 1489 1490 1517 1522 1576 1610 1629 1637 1671 1672 1676 1705 1747 1803 2048 2064 2076 1978 2088 2215 2217 2144 2032 2187 2214 2216 2218 2219 2220 2221 2222 2225 2250 1984 2292 2296 2332 2346 2369 1872 2397 1910 2054 1943 1953 1957 1962 1992 
344: 910 2073 2276 1873 11 1082 511 2035 63 77 2131 160 179 698 1642 1744 1476 746 246 1296 1822 1852 1855 2258 1872 340 510 403 326 626 2002 467 603 2031 83 100 135 137 150 151 169 214 244 284 339 343 2065 557 564 2099 1599 1610 2149 2150 1647 631 2167 1149 669 678 2224 1726 1219 721 1772 1791 772 2311 792 799 1824 803 2342 1836 1330 1343 2385 2388 1373 2397 356 871 2179 1903 373 399 911 1939 922 419 1956 1970 950 1975 1980 1482 2000 1491 1495 
356: 910 1545 11 2205 344 304 2320 539 2145 1098 972 466 
563: 910 153 453 928 1518 2073 2147 1993 369 1873 1410 11 1876 511 77 628 1160 1691 1694 1744 1476 843 1869 32 510 360 403 923 958 626 451 1261 996 239 13 25 30 66 123 150 151 154 244 248 335 399 428 455 1522 755 1013 1098 1041 1048 564 566 1589 586 587 939 2168 1668 1671 1672 1678 1687 1705 2250 750 792 1818 800 1314 2343 1323 825 1399 1934 918 929 1953 932 1972 956 1489 1490 981 990 
1934: 910 153 738 1518 2251 933 374 1873 11 1053 77 604 1142 632 160 1469 1764 1811 1822 909 2364 2371 1867 2397 362 563 399 992 923 957 958 959 73 978 26 58 66 75 86 87 122 123 124 131 132 154 177 232 244 266 267 289 353 414 417 423 428 440 455 468 469 470 564 598 606 653 683 749 751 771 802 806 812 819 891 960 981 1067 1098 1120 1140 1141 1179 1210 1346 1428 1435 1468 1552 1563 1610 1611 1637 1641 1731 1765 1866 1900 1915 2057 2065 2066 2153 2159 2187 2238 2240 2255 2361 2369 2399 1962 2025 
1778: 910 1254 1873 11 2185 2176 1744 1751 1764 746 923 1591 298 299 256 690 747 998 1457 1641 2164 2063 2326 2210 
918: 910 153 453 928 1518 2294 2073 2147 2395 1993 933 1873 1410 11 1876 1124 511 2035 1537 1621 1160 1691 1694 1744 1476 1811 1869 563 399 1590 779 923 1277 626 451 239 687 49 60 66 90 125 169 183 189 190 244 295 325 335 343 393 408 428 455 514 564 586 587 637 652 755 800 816 853 869 884 1522 1032 1041 1357 2072 1098 1115 1668 1671 1672 1678 2193 2207 1705 2236 2250 1747 2332 2054 1808 1314 1323 1331 1909 929 1953 1986 972 1489 981 2009 1364 2021 1875 
1953: 910 952 2287 153 201 453 738 1154 1356 1518 1558 1646 1673 2073 2147 2251 411 499 837 933 1873 11 1876 511 2039 1537 69 77 632 1160 1691 1469 2231 210 1744 1476 269 2335 843 1869 848 563 399 911 1590 918 923 925 2250 32 510 320 360 403 372 1277 689 1334 1591 1879 1246 299 1269 626 451 1261 239 687 2105 13 14 26 27 66 105 112 123 150 151 154 168 177 232 244 248 314 332 335 343 384 428 434 448 455 460 469 470 561 564 566 586 587 594 608 644 649 653 670 747 750 753 788 792 800 825 829 859 869 883 892 939 940 949 972 981 983 990 1041 1067 1117 1143 1151 1191 1215 1273 1276 1314 1323 1331 1332 1373 1391 1399 1420 1468 1489 1491 1522 1525 1563 1575 1637 1668 1671 1672 1676 1705 1725 1731 1803 1808 1818 1831 1840 1841 1843 1951 2041 2042 2062 2113 1962 2209 2214 1981 2256 2300 2330 2334 2165 2054 1974 2361 1966 1987 1992 2009 
1467: 910 11 958 223 224 225 767 2197 2238 2061 2062 
244: 910 453 733 928 2073 2147 1993 1410 511 77 2131 628 1691 1694 1744 843 1869 848 344 563 399 1934 918 2250 1953 451 996 564 32 510 360 1687 586 587 1610 2167 1394 626 970 1261 13 66 755 1791 1678 335 792 800 1314 2209 1098 428 1489 437 1972 1389 448 2343 981 1323 2385 939 990 1747 669 
1705: 910 1492 1493 153 453 928 1518 2294 2395 1993 933 486 1876 1544 1768 2035 1476 909 1869 563 918 1953 451 1522 1323 626 1844 929 239 428 455 981 484 2155 1672 2318 1671 123 825 776 800 836 1041 1478 325 1332 652 1153 2049 668 214 2175 1810 1998 124 1963 1747 16 186 2009 732 1668 725 737 775 816 822 1397 1543 1918 2198 2072 1770 2048 
644: 910 1309 1646 1388 1689 617 1873 1607 1410 536 1613 2082 76 604 1664 2176 1160 1694 1809 1748 2275 746 2285 923 1953 460 779 2032 1031 2113 586 587 2144 2167 1157 1676 2214 2215 2216 2217 2218 2219 2220 2221 2222 789 751 626 2361 994 1277 689 324 1105 2102 1490 19 168 173 188 231 295 456 472 515 566 1013 1021 2054 2061 1587 1083 2110 1625 1632 1144 690 1303 1267 1276 767 1284 1300 792 2326 2373 1395 1404 1968 
266: 910 1069 2295 2129 1558 1646 1086 1424 1846 2130 1410 1434 511 2035 1537 1070 1598 604 632 2205 1740 1744 1761 2275 1823 1811 1852 1855 1871 1934 1738 997 1513 510 2200 1687 532 73 1610 1611 638 232 1308 25 62 123 1329 1334 771 20 23 74 79 99 137 148 243 1012 1529 2063 567 596 1099 2126 2153 631 1659 948 645 1177 1231 1237 1760 1763 2274 1259 1270 1802 1804 2316 2341 637 310 311 1854 1862 898 2387 305 868 1381 1391 377 389 1413 1933 1435 852 437 438 440 1975 1471 1982 452 969 473 476 2020 2116 
1435: 910 2140 453 733 738 1015 1717 2251 837 860 1873 2132 1419 1434 1088 1768 2035 1102 1537 1540 536 1613 59 63 1142 292 180 1202 1751 2283 1296 1822 2335 340 911 1934 1590 923 150 957 960 451 995 403 2125 1687 1522 1611 747 751 2361 2369 455 469 2209 66 123 247 266 637 959 1442 131 1824 2103 260 261 267 438 440 1536 2249 336 516 697 1343 1847 958 1249 970 2170 900 75 478 599 1427 2049 1261 1491 439 1324 23 97 151 214 234 254 598 707 859 867 916 1100 1110 1121 1132 1151 1301 2178 2226 2228 1980 2255 1777 1805 2334 2351 2365 1862 2193 1970 
751: 910 1309 2140 1759 453 733 1154 1396 2073 933 1545 1873 1607 1410 511 1102 1537 536 2131 628 655 656 292 1476 2275 625 2283 1823 1822 308 309 1869 1371 1934 1426 923 150 451 1992 343 995 996 997 32 510 320 360 403 200 2125 1687 532 1556 586 1277 1879 745 1269 2049 1774 970 1261 1249 668 1519 455 644 23 2292 1435 75 123 124 131 151 168 169 214 295 332 353 461 469 478 490 565 566 599 653 1020 1538 2062 1051 2211 851 2103 1112 1132 1647 2178 1354 2227 1718 753 1299 799 1824 1358 1323 1326 2361 830 2365 1857 1348 2372 859 869 1841 2011 1587 1421 916 1957 938 1457 1972 1980 1984 1991 988 1520 
151: 910 952 1492 1493 474 733 1518 350 493 691 837 933 860 2007 2091 72 1053 2131 2157 632 292 2283 1052 1823 498 909 895 843 344 2397 563 2296 923 1953 150 451 1495 343 992 972 997 200 2032 1031 2113 641 1157 1676 2214 2215 2216 2217 2218 2219 2220 2221 2222 789 751 1323 2361 2369 929 981 26 135 457 2155 1672 1187 1215 2318 165 66 1098 25 123 448 450 1774 1824 168 594 2076 1843 1562 1343 1404 489 447 1637 169 305 409 1167 302 1435 547 1317 2049 1261 2004 1048 102 1019 1555 551 1063 570 1138 636 2178 1179 159 674 2253 749 2326 2391 898 979 492 
1151: 910 1492 1396 1518 1623 837 977 617 1537 1865 2101 632 126 1694 1748 1751 2397 370 1953 1513 1611 2167 1210 715 232 1314 1888 1962 26 27 689 1672 1986 1276 2054 1303 1966 1490 66 637 766 1277 2110 1567 1404 1108 1435 834 940 1395 1968 1205 2365 2256 1515 
1672: 910 153 453 1154 1518 2294 1673 2073 2147 2251 350 1185 1873 1876 1088 536 1160 1733 1869 1872 563 918 923 1953 150 451 2002 403 200 1687 1522 584 1323 626 239 428 455 981 26 135 469 1591 298 970 1367 1491 1950 1705 1343 792 517 151 90 1151 123 214 357 437 817 825 871 1041 1112 1114 1229 1331 1332 1501 1538 1668 1671 1841 1825 1840 2252 
1815: 910 2073 2251 2131 923 972 995 779 626 26 1490 123 904 597 326 102 1263 1814 1980 1990 2062 
1984: 910 392 453 733 1154 1558 2073 1702 1967 1873 2007 593 2060 604 1661 1160 1744 1476 1822 1869 1872 362 911 1495 155 200 751 26 135 2155 1986 298 1562 1596 2292 792 1048 90 1110 1111 674 1818 1326 1399 420 537 739 1051 1117 1191 1348 1482 1504 1686 2128 
1522: 910 153 453 1015 1518 1558 1646 2073 2276 1717 837 1967 906 1876 1955 811 511 1102 327 63 1135 117 1160 1171 1353 1744 783 909 1869 563 918 1953 951 451 1521 32 510 360 779 1277 73 1879 626 239 455 1576 1705 2257 1210 1343 1435 792 703 2054 1637 1672 2277 1790 67 105 111 124 217 229 234 284 325 336 378 394 428 457 491 494 537 571 594 611 624 648 660 789 851 869 870 981 1041 1071 1112 1170 1262 1264 1276 1279 1300 1323 1342 1375 1376 1517 1538 2088 1668 1701 2374 2230 1731 2334 1832 1843 2376 1885 1671 1928 1963 1972 
586: 910 2303 201 453 928 1518 2073 2147 1717 1607 1410 1544 811 511 2131 1160 1691 1809 1469 2231 1744 1476 909 843 1869 1371 2397 563 399 918 2250 1953 960 1364 564 32 510 779 200 1582 1394 626 2237 244 1098 800 66 587 1468 644 751 792 1433 1346 295 293 314 335 422 468 1538 1553 2139 1630 1143 1676 1174 1176 1177 1187 2226 750 1268 769 1314 1321 1359 1360 1370 1883 869 891 1404 955 961 1489 981 990 991 1007 1009 
728: 910 1605 153 453 733 894 1356 1410 1419 1540 536 628 632 308 911 460 1738 32 403 626 792 135 123 1906 1831 956 869 750 
1323: 910 952 153 453 733 928 1518 2073 2251 1876 511 1537 1540 2131 1160 1744 1476 1822 309 1869 563 918 923 1953 451 1495 1738 343 564 32 510 403 200 1522 751 244 2356 626 970 1261 239 455 2009 1705 792 517 151 1672 302 1399 1918 44 60 118 169 186 428 484 494 556 624 652 775 776 777 869 929 981 1041 1235 2372 1668 1909 1443 2361 2236 1671 2198 1478 
821: 910 2287 733 928 2073 511 1540 536 2018 451 32 510 360 2079 2308 626 2009 792 190 264 589 736 1397 1801 1418 1100 2361 1987 840 1248 
2361: 910 153 201 453 616 733 1154 1396 1558 1588 2294 1673 2073 837 977 2130 980 1873 1607 1410 1419 511 2035 1102 1537 2060 1053 101 628 2176 1160 655 1694 1194 2231 1744 1476 1764 2275 625 237 2285 1823 1822 309 1872 1371 911 1934 923 1953 150 451 1495 1738 995 996 997 564 32 510 360 779 403 200 1687 2113 2167 129 1210 713 747 751 2323 1323 626 821 314 1277 689 2356 1591 978 299 1774 970 1261 1519 1367 1525 455 141 796 1499 1490 448 644 1435 1697 792 151 168 1045 131 1346 871 1730 64 75 121 123 125 130 169 332 409 437 456 472 475 494 565 566 594 599 609 653 697 721 753 780 799 806 851 869 915 961 981 1021 1051 1065 1132 1158 1188 1245 1276 1288 1299 1316 1348 1354 1421 1457 1504 1520 1625 1633 1647 1724 1857 1972 1982 2011 2088 2139 2161 2243 2270 2274 2297 2310 2343 2365 2372 
75: 910 153 453 616 933 511 1036 2232 1822 1934 923 451 403 747 751 2361 469 1490 2209 953 2103 1079 1331 958 1435 1110 1326 1980 137 820 2365 599 
102: 910 1646 2251 1537 1664 783 995 390 1210 626 1490 1457 284 1346 1367 168 1277 1562 1343 1718 324 1794 1815 2297 1696 1191 1980 773 151 1686 2322 435 2252 1114 1889 1417 1663 574 1990 361 
123: 910 1260 2328 2129 153 699 738 1396 1623 2294 2251 691 837 1424 369 617 860 1873 1955 1102 1948 529 1574 46 59 1615 628 2176 655 1171 1694 292 1194 1733 269 1822 2156 909 301 308 2371 1374 563 1934 654 416 1953 951 150 496 972 510 320 1357 1798 1576 1610 1611 2167 728 232 747 750 751 1831 2361 891 1468 1519 469 484 666 667 753 1672 1273 1517 122 165 2209 414 1203 1427 204 299 2049 786 1774 1847 1261 668 2392 800 1491 1278 1705 1456 448 267 260 439 192 266 1343 2292 1435 450 703 151 1978 1824 440 1683 2048 1568 131 790 1815 1399 697 336 1520 1301 2063 359 58 513 880 516 2062 1051 1054 2084 2088 2090 559 170 1533 2103 1594 2109 1599 683 583 591 594 598 2137 606 1121 1153 653 1681 664 1197 1709 181 2224 693 2227 1214 1471 1235 732 748 1263 754 758 1279 776 2327 124 2334 125 2341 815 305 2349 2372 1067 1354 1358 355 1903 382 1930 1441 1802 438 447 963 1481 471 986 490 157 1862 
124: 910 201 1518 860 1102 77 1615 628 292 625 1934 960 451 200 892 1522 1576 751 1517 122 414 123 448 450 1051 58 131 800 1456 447 1862 1825 97 132 2372 2365 2063 969 1705 1013 775 986 
142: 910 1309 1717 632 731 746 981 1490 1616 530 
332: 910 2251 632 923 1953 451 1513 1576 1611 2167 751 2361 2369 2318 2392 478 1527 1329 442 856 1485 514 
409: 910 1069 201 733 738 1154 1702 2251 411 1185 1424 1873 2132 511 1296 1830 1869 995 200 1357 1174 1176 2361 2369 1359 1360 955 961 247 1346 359 2346 1843 792 970 949 169 703 2133 151 1978 1373 964 265 734 598 693 83 781 508 1292 2201 415 1595 1474 983 606 1889 1766 
415: 910 733 411 527 837 1784 1830 792 1331 970 1569 409 1332 606 839 1373 975 781 
428: 910 153 453 1154 1518 2073 2251 1410 1876 511 77 1664 1744 1869 1872 563 399 1934 918 923 1953 150 451 996 564 32 510 360 403 1687 1522 244 1323 626 239 455 1705 792 1672 1818 1399 248 394 1668 1671 2310 916 939 1041 597 2343 981 2245 469 
437: 910 453 474 1015 1646 2251 1410 2138 632 1852 1139 923 424 2002 343 1364 200 1611 1174 1210 747 244 2361 1360 422 1519 296 667 1672 1394 1671 1449 1943 161 266 372 448 450 1520 260 267 467 1249 263 311 440 1683 1980 2149 1050 1089 1837 74 143 262 1348 2175 787 1299 1529 680 1191 2227 2357 594 2226 1062 
456: 910 2303 1607 1410 2315 2275 2167 2361 991 644 472 1261 1417 922 1718 566 1117 1121 1021 
469: 910 2287 733 2294 2073 2395 837 933 1086 874 1873 511 2035 1102 117 1160 179 2231 1733 1476 236 1822 308 2364 1869 1139 1934 923 1953 150 451 460 972 996 564 403 1085 584 1157 2238 751 1844 422 239 428 455 1394 1277 958 959 1774 800 1435 1956 517 803 1433 1672 2332 825 123 623 75 82 93 125 333 394 419 1020 1539 1543 1061 1149 2316 2334 2357 2366 2367 2368 853 1368 2396 1908 1404 470 471 
472: 910 2287 1759 1607 1410 2131 628 2176 2275 510 2167 2361 1952 644 1911 470 298 792 566 1866 169 839 2096 2396 1825 1421 2343 2366 316 456 2373 1021 514 1248 2021 
490: 910 1492 1493 2287 733 1702 493 1066 1494 1873 2007 2035 1102 536 63 2157 1823 791 340 150 1939 496 343 73 751 626 2369 123 623 989 1824 709 1072 516 1591 169 1167 1491 1647 1317 323 1261 1825 1100 97 132 318 400 2114 1114 1942 417 912 862 559 840 2261 1497 492 
535: 910 2251 1446 1079 537 1445 1996 2261 539 1397 540 
545: 910 1396 2251 1164 747 599 1380 217 935 
599: 910 1015 1646 2073 2251 837 1967 1088 511 1574 1135 632 656 1744 1822 909 923 403 747 751 2361 2209 1799 2103 1847 1249 75 2049 1278 796 1435 790 1188 445 545 552 2178 916 2267 
623: 910 952 453 1396 1518 1646 2251 1873 511 1537 536 746 1852 923 2018 150 451 1806 510 360 638 929 469 2310 2054 1303 165 1101 2209 66 1098 161 299 1118 958 959 2049 786 1562 1367 687 1343 417 2114 825 154 1866 1875 1428 490 188 323 598 930 1502 1158 1801 1696 931 805 1099 1600 1743 724 1114 1390 1117 1263 1776 
653: 910 982 984 1518 837 1419 511 536 2138 632 1664 2176 655 656 1740 1744 1476 1764 1934 923 1953 2002 996 751 626 2361 1519 753 123 1051 706 1354 869 1520 1824 1367 1334 1180 1718 326 1651 1278 1351 1110 1998 1937 1686 2365 773 2226 2227 1191 214 1288 206 323 601 631 2306 1299 1190 2128 1348 975 851 1106 976 1760 1378 1903 
732: 910 327 1733 1872 911 1687 584 626 62 123 825 1072 2049 1810 1998 1071 248 1705 146 650 1541 
752: 910 1070 2283 1823 1871 960 747 1911 131 1198 311 2063 85 306 485 
753: 910 733 1154 1254 1558 1646 860 1419 511 2035 1102 1537 1540 1160 655 662 1744 1476 625 1823 1822 2333 909 308 340 923 1953 451 343 995 996 510 360 403 1687 747 751 1844 2361 970 1261 1278 1449 131 295 44 349 123 585 653 1276 899 1866 787 766 1188 1297 1198 1972 2372 1355 869 1125 
766: 910 952 1356 1396 1993 1873 1544 511 1537 1540 604 607 1135 2199 2205 784 2344 951 972 2098 510 1026 73 638 1676 1752 747 750 1431 1468 753 2187 1671 434 1774 953 1847 2362 1151 1508 1747 2274 1188 1901 1502 1020 769 1286 2227 1022 2368 986 2396 
806: 910 952 453 1068 1537 2060 76 2157 2176 2231 1744 1476 1764 746 1934 1462 451 2040 73 747 626 2361 689 1246 1276 165 312 1277 953 298 1367 1161 1538 161 888 1457 1472 986 988 1504 1589 1132 
851: 910 1396 1873 655 1522 715 751 2361 1519 1561 2038 653 1162 311 935 1299 2274 1947 2005 1898 
869: 910 2287 153 392 453 733 928 982 984 1356 1518 1588 1623 1921 2147 2395 1993 1892 933 1388 1624 617 1873 55 1876 1540 1077 69 2131 101 116 655 1694 1744 1751 909 315 2371 843 340 2397 399 918 1953 451 496 343 1364 564 510 360 2003 1522 2032 1031 532 1556 2113 2115 586 1287 638 129 1676 2215 2218 2220 1206 789 728 232 751 1808 1314 1323 2361 2369 1888 1927 929 239 1962 1985 455 667 689 753 812 2310 2054 1303 1517 1957 1966 1490 2209 66 410 1098 299 1067 2225 2233 1337 1346 2170 796 1456 1005 397 1697 148 1417 90 2277 600 725 1520 1958 1923 2245 1212 154 49 111 118 121 175 181 189 338 352 363 395 419 461 605 618 653 720 723 748 758 787 832 858 2071 2076 2077 2110 1103 1880 1631 1130 1665 2201 1188 1125 2224 1207 2270 1747 1781 1286 1838 1843 1850 2379 1411 1391 1909 1445 1446 1454 1968 949 1972 1479 983 985 
900: 910 1518 1537 536 604 1142 1656 2176 1764 370 923 2018 957 995 996 779 200 2113 747 1276 1457 959 515 1277 1641 1564 1435 2326 256 690 998 1542 1632 
2046: 910 952 1545 1607 1410 632 2176 1353 2275 2344 911 923 779 638 1449 65 168 1252 571 1839 
1538: 910 952 1759 1494 1976 374 1948 1053 2136 632 1469 1744 746 1052 1784 341 2397 911 923 557 1992 2200 1325 2023 1522 73 586 715 232 747 751 1808 1314 1468 990 994 1561 1672 2054 1883 1517 1394 1671 806 66 1098 1343 1847 2392 305 611 1392 229 270 2348 2194 1191 1915 612 580 1772 917 233 1913 243 462 772 1263 1336 1501 2305 2388 2196 
1354: 910 1069 1605 1717 2251 837 536 655 1811 957 510 390 1531 751 2361 1519 1449 123 1051 2078 1841 1520 2274 2365 2227 1982 214 653 323 394 975 976 1299 1348 2166 1368 1378 2400 
1543: 910 733 933 1876 1768 1540 929 469 1908 776 853 1651 1153 2070 1998 1358 1705 2198 840 1987 
2057: 910 733 2251 1934 960 1028 1859 1730 485 1228 
1051: 910 453 1518 2073 1607 1088 536 2138 628 655 1476 451 996 510 1687 751 2361 1519 1984 123 1520 124 2274 1188 2365 248 2227 214 1651 323 653 975 976 1299 1348 1354 1378 
2084: 910 1492 1493 2140 153 453 733 1154 1623 1646 1702 1892 411 1873 2132 2035 628 1296 791 1830 1852 362 1243 451 997 1687 457 1957 165 66 123 247 299 448 470 637 1824 2367 359 1885 792 1343 2330 1696 2133 1324 2366 1749 2372 357 1474 417 1423 1989 361 1032 1373 502 1875 1970 207 703 1730 99 281 347 508 634 855 862 979 1703 
1065: 910 933 909 2361 2054 
1876: 910 153 453 928 1518 1588 2395 1993 933 486 1410 41 1160 451 239 563 918 1953 800 455 2009 1705 1672 1918 1770 1522 1752 1323 929 428 981 183 186 325 484 737 775 776 822 836 840 869 1041 1443 1478 1543 1544 1668 1671 1747 1768 2198 2272 
1117: 910 453 474 1396 1646 2073 1494 1410 1434 1537 536 1613 2087 632 1694 1744 2156 909 308 923 1953 451 1806 360 1687 232 747 1808 981 666 1984 299 372 623 1774 1377 825 1367 168 456 1277 1879 298 1847 1456 1810 259 2320 1841 852 108 631 730 735 736 840 931 2319 2065 1849 1616 1634 2047 
1132: 910 2251 1068 1823 909 747 751 2361 2369 806 161 131 1249 105 1651 1435 2365 1529 209 1130 1472 
1970: 910 1154 411 837 1537 2131 746 344 451 343 165 792 1343 2330 169 1435 2343 839 1969 575 2084 1211 
1153: 910 1396 1768 784 2125 135 123 372 776 1602 190 1858 1705 186 2072 1358 1543 
1668: 910 153 453 1518 2132 1876 1945 2185 784 563 918 1953 451 1522 1323 239 428 455 981 1672 1671 272 1041 792 1005 591 1841 2049 1395 2309 517 688 703 796 1300 855 1705 1115 
1158: 910 952 1492 1493 2287 2073 2276 493 691 1494 1873 2007 593 1664 1744 909 1852 1869 911 1495 1687 232 750 626 2361 1067 623 359 1840 259 311 417 2114 1111 1720 1663 820 1114 248 494 214 2269 1116 1893 
1671: 910 153 453 733 1518 2073 711 860 1876 1537 628 1664 1160 185 625 1869 563 911 918 1953 451 997 1522 1611 1210 1323 626 239 428 455 981 457 1672 1879 1491 1705 1343 922 1841 1332 1331 652 325 154 1663 1538 461 766 817 437 1840 214 256 1041 1668 924 1080 1348 
2183: 910 2185 1476 626 1594 226 1539 
1891: 910 1598 909 1872 1576 1206 1879 724 1330 
1188: 910 952 453 443 1088 1082 1544 511 1537 1540 536 63 607 1135 662 1734 1744 1823 909 451 972 403 1676 747 750 2361 1431 753 1316 1517 1870 1051 766 869 2396 325 792 1637 599 922 1286 2088 2365 
1807: 910 1646 1738 1157 1962 1303 953 1367 736 2116 264 439 1526 1090 420 
2267: 910 733 1396 2073 1164 370 747 599 2372 1857 121 2274 1186 1757 
1252: 910 1069 1260 1410 2275 451 779 638 747 65 267 566 2046 
1647: 910 1492 1493 453 837 1066 1088 2035 2131 1664 1823 909 1855 340 344 451 343 403 751 2361 2369 812 2209 989 871 169 1841 1332 417 400 2179 1663 839 490 1020 2343 2253 2377 
1793: 910 894 2138 117 488 2397 501 1831 1553 932 1366 1484 2309 
1299: 910 733 2251 2138 655 1744 416 343 751 2361 422 1519 1051 1354 1520 437 1651 653 323 2227 2178 2365 311 1348 2063 975 2226 851 
1301: 910 1066 860 309 1578 123 1343 302 1435 1491 1978 683 132 1497 583 1730 40 2186 
1849: 910 474 369 1574 2131 1744 669 1117 1456 792 169 1772 334 883 772 1730 1441 2388 412 
2365: 910 2287 733 2251 1419 655 1822 909 923 451 751 2361 1519 299 1051 1354 1520 970 75 653 1188 1435 1151 214 124 988 1132 1299 1348 2042 
1857: 910 828 1873 451 200 129 751 2361 959 1391 1367 594 839 1362 1982 1348 907 1858 1499 287 2267 
2372: 910 1493 2140 201 733 1702 2395 1993 411 933 1185 1494 369 617 1102 1613 1615 619 628 292 1224 625 746 1783 2223 909 2344 308 362 2181 451 564 200 2032 1031 2113 1676 2214 2215 2216 2217 2218 2219 2220 2221 2222 789 751 1323 2361 239 753 812 1187 1246 2310 1517 1910 1490 123 448 450 1774 131 1553 1456 2327 1909 1446 697 792 1840 1331 1343 884 1409 447 1794 1454 176 353 1305 1978 2311 79 2137 1324 897 1259 132 311 1697 703 2391 2277 2063 502 1747 124 2084 2088 83 164 198 708 814 893 934 947 1170 1236 1283 1573 1903 2201 2267 2383 
2388: 910 474 369 1088 2131 344 2296 981 135 299 1538 1772 334 883 1849 1441 412 
1938: 910 837 237 402 
1421: 910 453 982 1356 2251 933 1424 529 1056 628 292 909 309 1374 451 2098 155 1174 751 2361 1360 1437 955 1449 2209 448 450 472 959 1774 131 1879 447 1261 132 922 1197 2063 1189 376 2341 986 935 
1441: 910 1088 2039 2386 1738 1687 123 1456 1278 824 1179 832 1849 2388 1819 1016 
1021: 910 952 1607 1410 2275 995 2167 2361 644 472 1367 456 566 958 1956 
1457: 910 453 733 511 1102 2176 1353 1476 1764 746 1778 451 2040 779 73 1157 232 747 751 626 2361 689 1276 2054 806 1277 204 953 298 299 1562 1105 1367 2102 1161 168 913 102 112 256 515 690 859 900 902 936 988 1067 2326 1589 1641 1504 
1972: 910 153 453 733 928 1518 1717 2251 2395 511 553 77 117 197 1744 2397 362 563 451 564 1522 232 751 244 1844 2361 455 468 667 753 1394 2209 66 1067 869 1420 748 853 537 1355 1012 1063 1263 1372 2226 
1768: 910 616 1588 2251 41 1876 1544 451 800 1705 1435 1998 1556 747 170 651 686 737 812 836 840 1040 1090 1153 1156 1336 1358 1375 1397 1478 1501 1543 1747 1963 2175 1804 1974 2198 2076 2347 1987 
1987: 910 733 1124 1768 1953 1206 821 1974 295 190 183 1543 
981: 910 952 2287 153 201 453 1518 2073 2147 411 1607 1410 1876 511 1537 1865 536 1613 2101 77 1621 632 1160 1691 1194 2231 1744 237 1823 843 1869 2397 563 399 1934 918 923 925 2018 2250 1953 150 451 1738 996 564 32 510 360 779 403 200 1687 1522 1951 586 587 1210 747 244 1314 1323 626 2361 891 239 428 455 1489 2356 298 1261 1367 687 800 66 1491 1705 1569 2118 1966 792 151 168 2054 1672 1818 1399 295 1980 84 105 142 214 335 434 494 500 515 566 597 939 1041 1117 1631 1668 1671 1205 1718 1725 1286 2349 2388 1885 990 991 
986: 910 1558 411 292 2171 1576 1210 747 1246 122 806 414 123 1774 766 131 594 478 214 132 112 1729 754 83 2063 1421 969 124 2163 466 
2011: 910 1309 1492 1493 2303 1494 1353 1734 909 2018 1687 751 626 2361 66 687 1162 1423 1414 1756 639 721 2109 
1348: 910 1309 2129 2012 1558 2294 1717 2251 617 1955 1070 2138 655 656 1694 1230 1744 1823 911 972 2032 1031 2113 584 1676 1174 1176 2214 2215 2216 2217 2218 2219 2220 2221 2222 789 715 751 2361 1360 422 1962 1985 1519 1629 2054 1671 1910 1449 1984 1943 448 1051 959 1354 1420 1520 168 437 1456 1567 1140 2330 958 1637 653 1933 323 2227 542 612 2365 1502 1858 213 2226 824 1279 1857 1833 462 879 1299 1313 1630 2160 1710 2269 
1504: 910 1309 453 1623 2176 1809 1748 1764 923 451 747 1808 2361 689 1276 1984 806 1457 1911 1853 904 1367 1277 2237 2297 2207 231 1660 2322 2377 1269 80 2338 
1520: 910 1069 1260 2303 2129 1518 2251 1873 536 1574 2087 655 1733 1744 1792 1371 743 997 510 1929 2167 750 751 2361 1519 666 1986 122 38 123 1051 1354 869 825 1562 311 2292 517 1226 674 871 2159 209 323 437 589 653 975 976 1229 1299 1348 1378 1460 1651 1933 1553 2274 1579 2348 2227 2365 1982 2262 2400 1769 
1160: 952 1309 2287 153 453 474 1588 2147 1717 933 1388 1689 617 1873 2007 11 1876 1544 9 604 2 26 27 129 135 155 171 232 239 296 315 343 399 422 455 457 469 484 507 563 586 587 608 641 644 666 667 689 694 715 746 753 788 789 799 812 848 891 909 911 918 923 925 929 951 961 967 981 1007 1031 1045 1083 1143 1156 2032 1522 2041 2064 1561 2086 1576 2094 2113 1463 2139 1629 2144 2221 2155 2167 1672 1676 2187 1680 1974 1694 1187 1808 2214 2215 2216 2217 2218 2219 2220 2222 1210 1215 1217 1220 2238 1559 1748 1751 1246 1986 1779 1273 1276 1287 2310 1731 2054 2318 1303 2332 1314 1316 2361 1323 1883 2397 1517 1394 1671 1910 1914 2182 1418 1953 1957 1449 1962 1966 1468 1469 1984 1992 1489 1490 1943 1194 2231 
2040: 952 2251 196 1053 2231 2 122 165 312 713 785 806 1095 1101 1384 1457 1911 1916 2209 
144: 952 1646 11 1621 2 372 2167 2297 1792 532 2358 1591 550 1449 687 382 1202 1590 1847 2103 1343 324 1602 451 1367 2112 
324: 952 1260 1518 1646 2073 45 837 2007 546 593 1613 63 604 2157 1664 144 746 783 277 923 424 2284 1808 1431 644 689 1276 1525 4 284 2385 168 295 709 1277 325 1562 1564 1328 1660 1591 79 92 102 132 158 204 504 505 1278 1917 1663 1284 1413 393 1161 400 786 406 408 1281 1826 1965 1332 1980 326 839 854 735 1631 730 2392 2278 2158 
292: 952 201 453 1623 1702 527 837 933 860 11 1102 1537 536 1615 2136 604 101 116 628 2169 510 320 360 1394 8 923 1823 308 1591 958 959 326 73 953 746 1811 1774 58 123 124 131 150 151 155 179 200 2045 516 1573 1608 598 625 638 1806 2209 715 1261 751 754 2297 1278 1794 1292 784 1822 1825 1840 1841 1331 825 1343 839 2372 2385 1371 1373 1374 1391 386 1409 909 911 404 1421 408 414 1442 1456 1426 1461 439 447 448 450 451 1490 2002 470 1176 986 990 991 995 996 997 2021 1435 
2100: 952 511 1537 541 1852 1855 997 510 1687 532 73 638 232 1308 8 62 299 1203 1334 953 298 81 138 238 305 505 637 852 868 948 1121 1179 1391 1847 2001 2227 
2060: 952 2328 201 2395 1068 11 360 992 923 1334 326 73 2014 745 2131 953 1811 626 2157 26 27 82 202 232 245 296 315 330 343 373 393 416 468 470 488 507 530 560 578 604 674 792 803 806 824 872 929 950 954 956 961 993 995 1025 1048 1053 1067 1165 1167 1174 1229 1266 1273 1314 1316 1318 1324 1346 1360 1391 1463 1473 1502 1529 1539 1561 1590 1632 1663 1664 1704 1738 1739 1810 1917 1956 1984 1986 2111 2163 2167 2231 2270 2292 2332 2343 2361 2277 2367 
1053: 952 2398 738 443 837 369 11 2060 501 2040 992 923 1823 131 150 151 165 214 305 353 568 604 749 769 950 1052 1780 1784 1792 1538 1525 1731 1121 1934 1681 1687 1696 1451 1840 1841 2361 1343 1373 1509 2021 1897 1095 
1074: 952 1254 2251 1410 11 1530 1574 32 403 923 269 295 612 648 1075 1077 1078 1730 2250 1490 1620 1241 
1075: 952 733 2251 486 11 1074 2157 548 1076 1620 1078 1560 1925 1077 2158 
1621: 952 1646 1689 11 536 144 326 1562 626 66 155 206 270 290 449 468 636 655 784 787 918 981 994 1067 1098 1161 1202 1268 1484 1619 2306 1808 1809 1718 2124 1632 1690 
2169: 952 1702 977 11 292 85 260 515 784 911 1215 1292 1484 1567 1618 2206 2315 
2315: 952 2073 1702 11 2169 257 260 264 359 456 515 520 531 551 698 736 759 784 890 1172 1215 1292 1484 1487 1618 1868 2023 2206 
160: 952 837 11 2131 2157 343 344 2292 1949 1799 991 1028 169 1956 2188 1934 792 
2206: 952 1702 11 604 2169 2315 299 27 150 260 264 515 736 784 1172 1173 1484 1618 1627 2159 
1469: 952 2073 1717 443 1689 11 1544 511 1160 1809 32 779 1394 326 25 82 165 295 305 334 468 586 654 750 871 948 991 994 1007 1009 1234 1268 1314 1321 1370 1399 1468 1538 2306 2182 2054 1934 2069 2241 1953 2318 2064 1471 1883 2139 1888 
1052: 952 2398 474 443 369 11 1053 604 1744 992 957 958 959 73 25 151 214 301 305 334 749 948 950 954 960 1140 1525 1784 1538 1731 1502 1889 1384 
1784: 952 2398 443 711 11 55 196 1053 604 2208 1744 1052 992 91 105 131 301 305 415 470 500 566 568 582 608 749 769 864 950 954 1325 1451 1525 1538 1731 1800 1956 1911 2236 
1852: 952 1492 1493 2287 1646 45 837 1494 1873 11 536 1598 2131 510 360 532 626 638 2100 1798 1367 81 131 165 169 176 220 264 266 343 344 353 400 437 449 473 623 637 667 792 839 859 1158 1289 1343 1355 1391 1600 1696 1806 2167 1893 2114 2084 2149 2150 
479: 952 2251 11 2157 1664 746 510 360 299 390 568 1946 1251 
2099: 952 2287 493 1066 2007 11 2035 2131 344 326 73 953 626 169 188 343 449 800 1304 2343 2114 2284 
402: 952 1493 2287 474 738 2251 691 837 1494 369 11 2157 117 120 632 2333 2364 362 399 1591 532 451 23 25 302 2054 1278 1939 414 1696 1063 1595 442 1978 1938 449 470 1491 1343 1373 2320 
16: 952 2251 1576 584 1927 2209 706 1950 1367 1456 1005 1161 1351 786 740 1499 119 1025 141 1294 1295 796 1705 941 1458 1340 1596 
18: 952 1518 196 1164 995 1210 1468 1986 2182 1966 1490 448 1569 2118 2257 1584 
62: 952 1873 511 628 1855 510 1687 2079 73 1610 1611 25 2100 267 192 266 247 637 435 732 2116 
79: 952 1967 1846 451 992 2200 1610 1611 1752 1246 122 266 372 959 1391 1442 192 260 261 267 438 2153 2249 1879 1140 958 324 2356 745 204 439 263 1141 2362 1837 1877 993 1529 99 2372 1485 2256 
129: 952 733 2294 1993 933 1689 1873 2132 1419 1088 511 536 101 628 632 1160 1744 1476 909 340 1871 923 460 1495 32 510 360 779 219 626 239 1499 1005 1808 1697 994 1417 1110 44 121 1013 508 915 2186 869 1696 293 1067 2063 494 1844 1718 2361 1724 1857 325 287 887 853 729 1355 1885 2270 2274 594 
141: 952 1396 2251 101 2176 747 2361 455 468 38 1112 792 1009 16 671 1859 582 
169: 952 392 453 733 1039 2073 2251 1494 1873 511 2035 1948 536 553 560 63 2131 619 1645 160 179 698 1642 1476 1296 208 1822 301 1852 1855 2258 1869 340 344 1408 2099 911 918 150 1470 451 1495 343 2031 2150 73 751 1314 1323 2361 2369 990 991 135 799 1187 1883 1957 1490 66 1098 472 637 1774 953 1824 871 325 792 1331 1343 1718 137 2049 467 1491 2342 1956 1048 151 1772 2391 1373 922 570 1998 1482 1726 2311 2179 2149 1837 704 1032 2065 2095 2096 1599 1119 1639 1647 631 648 1704 692 1219 2324 214 1263 1776 764 772 2313 1318 1836 1849 339 866 820 381 1423 409 419 934 1970 1507 490 494 
267: 952 1069 2129 1646 1717 350 2130 1607 1410 1419 1434 1537 1070 628 632 2205 1217 1740 1744 1761 2275 1823 1855 342 1871 1934 1738 995 997 1513 1687 532 73 232 1449 25 62 123 1337 1866 1950 948 953 1329 1334 273 19 20 79 90 99 137 148 1012 1529 2063 2096 567 1099 2126 610 2153 631 645 1177 1982 1231 1237 729 1760 1252 2274 1259 771 2307 2316 2341 305 1839 310 1854 1862 2387 1381 377 389 1413 1933 1433 1435 437 1471 449 452 965 969 473 2020 2116 
312: 952 1088 2157 1744 1992 2040 2167 455 2054 204 2049 1098 806 
319: 952 2295 1717 2251 1388 1664 1809 746 2285 360 779 1026 2167 715 218 397 600 1841 31 1024 420 233 1404 643 1283 1028 1685 677 1840 1715 1594 2112 328 1663 734 2030 
412: 952 691 1976 369 792 302 229 1772 334 657 883 772 1849 2388 703 
442: 952 1492 1493 2287 2303 453 45 837 2007 2157 236 2364 1371 1139 402 1992 2238 27 1490 470 2392 382 1841 332 839 1915 2366 
447: 952 733 593 511 628 292 1809 1733 245 1823 1822 308 309 1371 2018 150 995 996 997 1687 123 1774 131 473 792 1261 151 2036 2277 124 1933 248 2372 528 1651 2037 1032 1421 1318 1829 
448: 952 733 738 1623 837 1607 1410 593 511 2035 1537 1036 536 77 628 292 1733 1734 1744 245 2301 1823 1822 308 309 1371 2018 1953 150 451 1806 343 972 995 996 997 1513 510 200 1357 1687 2113 747 244 1844 2361 422 26 135 2041 1463 1559 2318 1449 1911 123 298 2049 1774 970 467 1261 2279 1367 1278 1596 18 33 82 90 124 131 151 248 304 307 317 407 437 2036 2037 1016 1032 2084 2095 565 594 596 2149 861 2159 1651 2188 528 1700 2226 2277 2292 764 1281 2311 2329 1829 1321 1348 2372 2380 2391 1836 1372 1887 1326 1919 1924 1421 1936 1978 1980 461 1487 979 473 497 
450: 952 733 593 511 1102 1537 628 292 1733 245 1823 1822 308 309 1371 2018 150 343 995 996 997 510 1687 1559 123 1203 958 2049 1774 1261 23 33 68 124 131 151 248 317 437 1651 2037 764 1032 2036 1421 528 1089 1829 1067 2372 1735 473 1794 2391 739 1980 2277 675 
468: 952 1254 2073 1717 2251 1607 1410 1544 511 2060 1554 1621 1469 1872 2397 1934 32 510 360 2125 586 750 1314 1888 891 1468 1394 1161 141 1268 1273 2187 664 1321 1972 1370 1883 2139 1007 1009 
505: 952 1492 2287 593 76 2157 1664 2125 2100 1277 324 1527 326 1841 497 1631 2158 
564: 952 1492 1493 453 928 2073 2147 2395 1993 837 1873 11 511 1102 1537 1078 1598 77 2131 628 632 1691 1694 1744 1476 237 308 1869 848 344 563 399 1934 918 923 2250 1953 150 451 460 343 995 996 997 32 1275 510 360 779 403 2356 1246 626 970 1261 239 13 30 66 131 244 302 335 394 410 428 455 469 494 755 1525 587 586 1098 1610 1110 939 2167 1678 1687 704 747 1791 792 1818 800 1314 2343 1323 2361 2372 2385 869 1399 946 1972 1468 1489 981 669 
575: 952 1396 1744 2181 1157 26 1367 1005 1970 1010 915 2289 
608: 952 1646 2251 1873 1160 1784 1855 1953 25 566 1288 1980 844 
709: 952 1492 1493 2007 1410 1537 967 25 324 490 2229 1718 
722: 952 991 594 31 140 727 
735: 952 1605 733 1015 1537 632 1800 923 1929 171 1246 1367 1117 1881 1562 1564 324 1284 326 970 1591 1794 606 1161 2133 1720 1563 211 1928 2336 1330 
742: 952 
749: 952 411 493 837 1053 604 1052 1784 911 1934 150 957 953 1331 1369 151 942 2088 1368 
764: 952 153 370 2029 457 448 450 169 1048 856 517 228 
771: 952 1260 2251 837 1424 2130 874 2138 628 1744 625 309 1855 1578 362 1934 960 1611 2308 1449 25 266 1442 948 192 260 261 267 438 2153 305 1203 19 439 290 323 2311 1048 2277 1471 2137 1121 
935: 952 2251 1589 668 1810 907 1465 1421 405 545 2016 2341 96 851 873 1208 1438 1250 2146 1973 
944: 952 1410 511 1537 1946 1985 2054 2332 326 452 
1010: 952 72 470 1562 471 575 1988 
2033: 952 2208 210 64 565 566 2194 852 47 1050 368 1652 
1525: 952 2287 453 2395 1993 411 837 1163 1494 1537 1053 2087 1078 1598 2136 604 1691 1694 179 180 185 1052 1784 909 2397 1590 923 1946 1953 1462 150 451 460 564 1275 779 155 1687 1210 232 747 2361 1962 1468 455 2139 1276 13 30 66 410 1098 372 2356 1591 324 204 1162 1562 1249 687 23 143 152 295 359 408 449 515 674 829 913 1020 1140 1191 1268 1366 1373 1423 1511 2062 2065 2066 1569 1585 1596 1625 2149 1686 1718 1743 1564 1843 1856 2382 1901 1937 1981 
1532: 952 2157 1664 985 
1029: 952 153 1293 2073 1097 923 1026 1112 773 1294 1568 31 509 1298 1084 
1542: 952 1613 604 1733 784 390 2150 1210 1561 372 2246 1140 2330 1591 1775 900 745 786 376 1428 1903 1771 
1038: 952 269 783 1806 2023 1085 131 1284 204 1917 22 
1067: 952 2287 738 1015 1396 1518 2073 2251 411 691 2007 1410 1088 1537 2060 1621 1744 1869 2397 911 1934 1953 972 510 779 1687 129 626 1437 1962 135 1273 2054 1457 123 450 1329 1334 745 1562 908 792 1841 1399 1718 1720 825 869 867 1391 1972 494 1281 664 323 418 1917 1158 1169 
1082: 952 2276 41 2131 626 451 1081 2176 147 1733 344 1351 2292 871 2159 478 520 2188 1188 2088 2376 1393 
1875: 952 1493 2287 474 733 837 2130 55 604 2157 1296 2333 918 997 1798 1272 626 1246 1986 1449 247 623 2385 359 65 800 1881 325 792 1840 1331 1343 108 105 1491 1841 1332 1324 839 2114 1114 2184 361 1032 235 1373 393 1458 218 1918 1389 346 627 721 818 840 1258 1930 2084 2088 
1602: 952 453 733 628 144 1202 909 150 451 2209 2103 1536 1197 1043 1722 1153 
2114: 952 1493 453 733 1396 1518 1646 2251 588 536 1598 604 1656 1661 1171 1751 746 2333 1852 1855 2099 923 950 451 954 1806 972 2187 1986 2310 2054 1517 2209 25 623 1866 953 687 565 2320 1562 1343 1158 520 1498 2392 1594 724 2116 1980 1278 2133 1324 786 1600 805 1596 417 703 154 252 490 1114 1131 1833 1875 2163 2261 2148 
1108: 952 1646 511 536 890 923 403 1582 584 1210 422 788 1303 2182 1966 1490 1911 825 2396 1079 326 1569 1591 2392 1105 1491 80 517 1151 1743 854 1106 1395 1803 1198 1535 1514 
1114: 952 1260 2287 453 1518 1646 2251 1554 1598 76 2124 1694 746 923 150 957 451 1611 1157 626 990 991 667 1672 1276 2054 2209 284 623 1866 687 1562 1343 1158 326 1591 1484 724 1191 603 1686 786 290 435 805 2114 2306 796 417 1226 154 1875 490 1189 1666 102 206 1063 2304 1248 1627 1619 
1632: 952 1309 1184 1689 1537 2060 536 2082 1621 632 1656 2176 1809 1748 923 1806 1676 994 644 689 788 1276 687 515 1277 1562 792 1840 1718 1249 2392 900 1628 2207 231 1105 867 1814 936 690 582 1106 2111 1627 1650 1631 882 
2168: 952 1493 1163 2007 1419 511 628 1476 563 1590 2284 510 155 1277 1591 326 1562 2342 31 91 325 494 888 1284 1285 1563 1564 1589 1718 1720 2195 2197 
2184: 952 1154 2251 929 1962 689 1536 1589 189 1980 796 1050 1875 1189 338 1049 1742 
2188: 952 691 369 1419 1082 69 655 160 1371 416 448 2292 1980 1766 
1686: 952 1492 1493 1646 1689 536 632 1664 179 1809 746 362 370 923 925 2018 1462 2000 2002 1808 1985 990 994 788 1083 1984 1525 299 470 959 687 1991 1562 1343 1718 2330 1901 326 1591 2297 653 1841 1427 773 408 603 1690 1837 1663 71 87 102 112 567 887 1104 1114 1600 1627 2203 2178 1995 
1210: 952 733 1254 1623 1646 2073 933 1494 1624 1419 196 536 101 632 1160 1476 237 1869 2397 1139 1934 923 150 1939 1738 972 32 360 779 1798 1522 1157 1206 689 1591 959 326 1879 626 1249 621 2102 1525 1278 18 1490 2257 97 102 112 168 177 235 284 306 307 365 434 437 449 491 494 544 590 688 696 792 863 867 981 986 1016 1100 1108 1140 1151 1542 2054 2062 1561 1569 2166 1671 2182 1721 1743 1239 1262 1281 1286 1818 1316 2361 2362 2396 1384 1395 1957 1966 1998 1941 
1226: 952 1260 2303 1646 536 2124 923 1008 626 667 1276 25 1520 1191 2343 290 435 2306 1114 568 1190 2304 1619 
1372: 952 453 733 738 553 179 1869 911 451 747 626 2209 448 669 1774 953 2103 1536 2153 1249 1972 1980 2049 1105 87 1375 570 1682 1833 
1236: 952 959 2372 2307 
1268: 952 1518 1717 1410 1544 1621 1469 911 960 586 750 1314 1468 468 1007 2041 2139 1883 1394 1525 2257 1841 2290 1370 1009 1321 1274 
1794: 952 2129 527 691 369 1102 1537 101 628 292 625 2344 308 309 1371 911 997 779 73 239 450 1774 953 131 1367 686 2327 1999 325 1562 439 703 580 2063 2311 969 1528 78 102 216 243 445 735 832 1012 1253 1259 1454 1573 1592 1696 1719 1781 2339 2106 2372 
2306: 952 1069 1646 691 536 1621 2124 1809 1469 1296 923 386 2308 1808 1888 1468 991 2182 958 326 653 449 2256 1862 290 435 1226 1114 2304 1580 1619 
2307: 952 2039 1537 619 2208 498 1371 911 923 584 239 1962 38 267 1847 1805 1236 1563 1577 
1346: 952 1015 1154 2073 2007 511 2060 1613 1070 1076 2131 1664 662 1733 1734 1822 362 911 1934 150 960 995 510 360 200 586 626 2361 26 135 1246 1316 959 958 298 2049 1562 970 2292 792 90 1110 600 1326 102 409 478 598 648 807 869 932 1825 
1818: 952 733 1537 77 2397 563 399 1953 972 564 1210 314 428 981 26 1986 1517 1984 1284 548 2088 643 
2336: 952 200 2054 1479 735 1406 
1316: 952 733 2251 1185 1873 1537 1540 2060 536 604 607 1135 1160 1872 340 150 992 997 2026 360 73 1210 2361 135 1561 2187 1986 1203 745 953 786 1774 1449 2292 1346 1089 883 1188 778 1095 1989 1977 2158 
2343: 952 2287 474 733 894 1356 569 837 1494 2035 2060 2131 632 698 731 1476 1783 269 1296 1855 2258 1872 340 222 563 2099 399 923 1462 564 1176 232 244 2361 1359 1360 239 428 799 2332 472 1824 438 871 1456 325 137 305 373 1647 1975 1980 1482 631 467 1956 1226 1373 202 1998 1726 2179 2149 1837 1859 1903 1833 339 524 721 744 857 1119 1219 1503 1970 2065 
1843: 952 733 1154 1646 2073 1873 1607 1410 1540 632 1664 1953 950 2125 1522 1525 869 825 295 970 439 151 1433 688 409 551 
2366: 952 2251 837 546 632 179 1751 746 301 362 150 972 200 469 470 472 1367 1840 970 2392 1956 442 2084 492 1526 2228 1674 
1355: 952 153 2251 369 511 536 1613 432 1852 923 951 150 1983 460 995 155 1951 129 753 669 1277 1249 1972 461 1219 
2385: 952 1254 1341 1646 837 511 1537 77 2131 2136 632 292 1740 746 344 362 399 923 957 960 992 564 510 2125 1610 2167 244 1246 299 372 669 1791 850 1527 1329 1334 324 326 1879 1562 1847 907 1278 1324 1140 2362 1414 1875 1618 466 1937 1901 408 497 769 1429 1526 1756 2008 2128 
1373: 952 1492 1493 733 1154 1702 2251 411 493 837 1424 1494 2132 2007 1053 2131 292 1217 2264 1296 791 344 1953 402 1475 1939 1495 343 171 1276 1525 25 247 959 1774 2327 792 1840 1331 169 409 1787 1491 1841 1332 2343 1324 839 334 494 1474 1810 83 1032 1179 703 415 634 781 914 1875 2084 1895 1745 2095 
2179: 952 2287 45 837 1494 1873 2007 2035 2131 1664 746 340 344 343 584 1879 792 1328 169 1332 1647 81 2070 1302 2343 839 2049 668 115 400 1810 1998 417 1663 172 491 1228 1464 2253 
2097: 952 2073 1664 342 799 1840 1331 1491 1841 1332 1663 52 1858 465 218 31 2093 643 893 1240 
990: 952 982 1254 2251 2132 2007 511 77 2131 628 292 843 848 563 399 923 1953 573 451 1939 1992 32 360 403 155 586 587 750 244 314 388 1468 981 1324 2263 71 105 169 261 334 457 785 939 2290 1187 2062 1577 1597 1728 2253 1686 1538 1883 2139 991 1114 
2182: 952 1254 1646 1545 1689 1648 1076 1077 632 1160 1469 1744 1992 779 1582 1210 314 1888 891 1468 994 788 1273 2054 1591 1879 953 2392 18 1490 2257 1569 307 325 517 631 637 867 1108 1259 1395 1447 1606 1698 1903 1966 2306 2314 
1937: 952 1309 2251 179 451 2000 2002 1986 1525 64 2385 653 449 1191 1980 773 408 214 112 1874 82 887 2299 
1988: 952 2303 2395 2158 1110 1989 917 1010 708 
1975: 952 2131 344 343 532 73 1517 266 953 871 176 1203 99 385 2387 2227 2343 2316 
1940: 952 1664 1855 1362 517 385 
972: 952 2073 2251 369 11 1088 536 1598 628 632 1733 1744 356 918 923 1953 743 1203 1591 626 22 123 151 162 176 394 395 434 448 469 470 471 515 613 766 859 2032 1286 2054 2062 1399 1815 1563 1951 1188 1067 1718 1210 1513 1980 2366 2367 2113 2114 1687 1348 1818 
1515: 952 2287 1254 455 2110 649 1151 1968 1063 2349 
5: 1069 2131 746 73 299 953 298 
137: 1069 1702 860 511 2131 2136 1740 344 923 451 343 2125 1611 1157 266 1442 953 260 261 267 438 75 1203 439 311 2063 1186 169 773 2343 1191 1862 864 610 229 
207: 1069 1702 792 2084 22 
260: 1069 1646 977 2130 1410 1419 511 1537 2169 2315 2206 1761 2275 1823 1855 342 1871 1364 1513 2125 232 25 123 948 19 79 99 137 148 1012 377 1529 437 389 262 1413 2316 1050 1435 1567 2341 305 771 567 1726 1854 452 1231 2116 1862 2126 1237 1381 645 1259 
261: 1069 1646 2251 1410 511 632 2275 1364 1513 232 990 991 1276 1337 948 1334 771 1435 305 1854 2116 1167 137 79 99 1904 1413 2316 1839 567 1862 389 1259 
272: 1069 2130 1410 1419 1945 2185 1537 1740 1578 2064 1738 360 584 232 422 1276 1391 989 1324 1050 1508 1529 99 2038 389 1412 1413 525 824 2104 965 1739 2001 2387 1121 1668 
311: 1069 2354 984 1396 2073 2251 2130 1873 1434 529 1081 655 1823 1811 2296 1611 1519 667 266 1520 437 438 853 1587 1158 1591 43 137 736 2348 1191 1278 264 2227 786 1048 2372 830 22 98 136 187 216 278 1291 1423 790 2202 2331 420 1570 1699 1850 851 1789 1299 580 329 2122 1234 2226 1242 862 752 1004 
624: 1069 928 573 995 1522 1323 929 484 1910 776 1478 1589 537 652 1235 2334 899 1417 2036 60 775 777 1443 556 477 1062 
654: 1069 2129 11 2138 1469 1740 625 1716 1416 542 123 419 1138 1529 2041 1933 1683 1956 1726 2373 2387 2137 988 1903 
696: 1069 2073 1733 1869 362 1210 825 942 1234 
784: 1069 2303 1702 977 11 72 1621 604 2169 2315 2206 292 1764 451 47 85 200 264 515 690 736 747 759 766 895 1153 1668 1292 1172 1567 1568 2210 2298 1723 1731 1797 1484 1618 1542 
1063: 1069 2303 2328 691 374 2091 1694 1811 208 402 960 390 1798 667 1303 1910 2209 850 131 2153 2357 1972 1933 598 151 2195 1862 971 1114 1968 568 914 1290 1515 
1611: 1069 2129 894 1646 2130 1410 1419 1434 511 1537 541 63 604 2157 632 126 2199 2205 2232 1740 1744 1761 2275 1823 1811 1855 1871 1934 1738 997 1513 32 2200 1687 532 73 1329 1334 1591 326 638 1847 1569 771 20 266 25 62 79 99 123 131 137 148 232 259 264 305 310 311 332 377 389 437 449 452 473 567 631 645 884 927 948 965 969 1012 1099 1114 1151 1177 1231 1237 1242 1259 1337 1381 1391 1412 1413 1435 1471 1502 1529 1546 2041 2096 2126 2153 1671 2207 2063 1718 1901 2274 1802 2316 2165 2341 1854 1862 1866 2387 1760 1933 1942 2001 2020 2116 
1544: 1069 2073 1717 691 1494 41 55 1876 501 1160 779 511 372 1394 1135 1469 1476 1869 848 2397 995 1098 1705 1468 439 440 2054 295 586 1676 750 1314 1985 468 948 184 170 305 610 766 892 1007 1009 1188 1268 1286 1321 1370 1471 2297 2125 1714 1883 2139 2396 1768 
1800: 1069 1605 11 1784 501 959 386 390 420 735 823 969 1048 1244 1769 2305 
1433: 1069 2251 493 628 586 469 25 470 267 1843 471 657 1352 1704 70 82 289 
1805: 1069 1309 2251 2157 632 923 1276 1277 1435 2307 471 
1321: 1069 1717 2251 2007 1544 1469 451 586 750 1314 1468 468 1007 2139 1883 1394 448 1268 1009 1772 2290 1370 1302 
1974: 1069 1260 733 2294 1410 1768 536 1160 2018 1953 295 652 816 1747 1987 
1344: 1069 89 2189 486 2185 909 1576 2054 438 336 214 250 1375 80 163 346 
1361: 1069 11 200 300 
2128: 1069 2303 984 2073 1873 2082 655 2231 788 1246 1986 1984 2385 131 1334 1879 1591 949 1628 653 1017 1933 2227 1105 922 1106 1511 1535 1633 1650 1743 1087 969 1529 915 221 378 614 744 858 983 1585 1627 1631 1753 1856 2083 
1304: 1069 1260 369 1088 2397 2099 2225 871 464 
1155: 1069 1744 1556 2076 189 190 652 2070 1747 186 1880 182 183 241 1062 2265 2072 
1379: 1069 
1771: 1069 1623 1648 2101 1691 783 1371 2003 484 1866 850 956 1999 1454 1933 1542 2051 
1203: 1260 1605 2328 512 1892 493 527 1624 1976 1846 604 662 2335 2344 1869 1371 972 390 961 1143 2054 1316 1394 122 1101 44 123 450 2100 956 1334 1079 1343 970 100 108 137 591 3 166 229 231 270 310 349 425 547 646 652 724 736 771 945 963 976 1017 2311 1933 1681 1528 1251 1575 1579 2348 1975 2194 1736 2010 1767 
942: 1260 2129 733 1171 362 150 8 825 65 1553 1589 1847 976 631 696 749 1234 975 2111 2305 
1691: 1260 453 2147 2395 1993 617 11 511 1078 1275 320 2034 2102 13 30 66 199 244 335 399 410 455 460 563 564 586 587 755 800 809 848 909 918 981 1022 1040 1098 1198 1228 1314 1489 1525 1678 1771 1694 1953 2211 1957 2250 
2208: 1260 2287 1518 2251 1410 11 1613 923 1562 47 64 210 368 566 852 950 1050 1229 1652 1676 1784 1819 2017 2033 2194 2307 2214 2351 2262 2393 
2258: 1260 1518 2251 11 2131 204 298 626 26 38 90 131 135 169 200 295 330 343 344 792 1456 2292 2343 
580: 1260 1967 1845 1855 2125 25 948 1479 958 1794 305 1662 1538 214 1048 357 311 1471 
2277: 1260 474 443 691 933 1163 1184 2060 628 698 2232 1822 301 923 200 1522 626 26 448 450 869 1367 871 1562 792 90 447 1089 298 771 2311 2227 2372 417 888 2148 2226 
349: 1260 350 1648 2035 1744 269 753 44 2392 1203 82 
58: 1260 1396 2147 1102 529 2087 628 2176 292 301 2344 309 1374 362 1934 997 320 1449 122 123 1774 1343 2153 802 131 2063 124 132 1186 2341 2274 1197 305 2359 831 1854 1612 1455 1006 
414: 1260 1309 2303 2328 2354 837 1624 860 1607 1102 529 604 292 1315 1934 402 1275 200 386 1011 1246 66 326 1048 2248 2153 922 131 295 948 123 154 904 124 1413 1799 855 1825 1571 1451 1471 598 2387 1528 986 606 513 1769 
552: 1260 1015 1623 1530 1371 313 599 1167 1903 138 819 2261 2226 1997 
611: 1260 711 1624 511 1522 1048 1538 214 1501 840 1742 
1813: 1260 
1451: 1260 1309 2303 2328 1053 1784 390 232 1276 414 131 1277 
1851: 1260 353 
1342: 1260 1015 2073 617 1869 1522 991 359 958 2049 1502 790 1747 1292 1501 1742 
1485: 1260 2087 604 1809 1744 731 2223 309 362 923 1687 1752 161 131 1824 1567 963 2356 79 2362 332 1324 1616 855 988 1358 
2136: 1309 1605 2287 2354 1646 1066 374 11 1434 536 1613 63 1598 77 510 4 372 632 923 1277 1334 1591 958 959 326 25 50 137 239 292 305 449 473 626 631 687 890 909 922 956 1165 1224 1246 1276 1386 1525 1538 1664 1774 1798 1806 1814 1841 1886 1965 1998 2112 2167 2385 2283 
542: 1309 536 1070 2138 1823 654 8 473 1879 2392 1138 2160 988 1726 1121 1348 1903 
1105: 1309 1646 2251 1689 486 617 1537 536 2082 77 2176 1694 1202 1809 1748 237 923 343 1808 994 644 689 788 1276 1457 8 515 1277 1478 1284 1249 1108 1628 1289 449 231 408 1632 221 347 376 690 882 1395 2161 1650 1535 1633 1106 1856 1743 2128 1877 1627 1372 1631 1511 1585 
1157: 1309 1493 2398 153 1356 1717 2251 411 691 837 977 1689 1410 1537 1865 1540 46 2101 76 604 2157 632 126 2275 1835 2364 1855 1867 1371 925 1475 995 32 8 1427 1277 689 1591 959 1398 786 1847 603 35 83 111 137 151 168 232 305 419 449 469 470 471 575 598 644 687 790 803 936 994 1114 2058 2083 2139 2392 1179 1183 1808 1205 1210 1471 1231 1743 1758 2316 1807 1303 1337 1862 1189 1881 1428 1454 1457 1490 
2082: 1309 527 1689 11 536 1277 689 1105 221 231 449 515 620 644 690 744 788 994 1106 1276 1511 1535 1585 1627 1628 1631 1632 1633 1650 1743 1748 1809 2176 2128 2135 
59: 1309 738 443 11 593 1102 360 628 1811 1774 123 131 263 1431 1687 1435 2359 439 969 1615 2137 997 
1088: 1309 2287 153 453 1356 1646 837 977 1689 1410 41 11 1527 1591 958 73 2131 1811 638 451 1519 2392 29 541 66 69 71 90 100 129 138 155 161 168 176 188 200 214 227 248 312 394 395 422 425 470 471 537 544 547 582 599 664 667 747 750 854 867 868 891 972 1014 1051 1067 1529 2041 2050 2062 1569 1576 2088 1582 1447 1637 2152 1645 1647 1651 2167 1672 1188 1712 1731 1230 1986 2275 1263 2292 1286 1287 1304 1840 1345 2386 2388 2209 2399 1902 1420 1435 1441 1966 1463 1978 1473 1490 
76: 1309 1341 2251 11 536 2101 510 1277 1660 1591 326 745 603 1157 2157 907 1267 904 505 636 2297 644 911 658 1428 2322 408 1814 345 1567 1189 936 1808 1276 2165 995 449 806 1743 1325 1110 1111 1666 1114 168 1758 432 1123 997 2275 951 
1643: 1309 1588 1646 11 538 923 1277 958 959 1269 626 1367 2392 386 2102 25 26 375 449 703 792 884 890 927 1182 1218 1276 1779 2227 1911 
662: 1309 392 837 1185 2132 11 63 604 1664 1171 1275 1203 90 417 2167 2298 1663 1048 1568 2080 1188 1019 1915 704 1346 1489 871 2150 747 1517 753 803 
1748: 1309 1623 1646 1524 1689 1410 11 511 2082 2176 1160 1809 923 1277 689 1879 1269 626 1105 168 231 232 364 429 515 644 690 693 717 925 927 950 994 1095 1151 1173 1191 1267 1276 1303 1476 1504 1553 1608 1625 1632 2177 1760 2326 2334 1808 1980 1985 
1783: 1309 1066 11 1613 2157 632 185 1744 510 73 953 638 2392 182 198 373 637 803 817 1024 1362 1490 1599 2291 1969 2167 2343 1915 2372 2008 
1792: 1309 11 511 1053 144 298 135 200 214 265 353 354 657 1326 1520 2262 2209 
1835: 1309 1492 2287 1254 369 11 1865 1018 2101 236 501 1334 745 1716 1157 386 38 217 303 342 568 846 870 899 936 1205 1270 1631 2311 1929 2200 1960 1866 1867 2375 
1590: 1309 738 1689 11 1530 2060 604 144 1809 716 848 342 370 1591 959 326 1246 1562 1847 451 603 1367 143 648 667 747 800 918 994 1060 1237 1435 1525 2168 1808 1939 1687 2326 1953 1957 1609 1996 
2018: 1309 1492 1493 2012 1588 493 1494 617 2007 11 1613 604 1694 2335 342 1427 1591 326 1269 626 687 2102 30 65 66 121 168 447 448 449 450 494 514 567 589 609 623 637 704 788 812 821 900 981 1046 1100 1161 1187 1276 1313 1495 1625 1631 1633 1650 1678 1686 1743 1756 1826 1974 1985 1990 2008 2010 2011 2300 2322 2072 2323 2284 
1440: 1309 1518 617 11 536 1694 1809 2094 64 257 321 348 647 750 788 1259 1300 1359 1386 1911 1561 1696 1448 1718 1720 1981 1985 1731 1616 
196: 1309 2303 2251 41 2040 1275 779 327 1142 179 1784 18 1490 2257 1210 109 2351 825 1678 618 2090 
19: 1309 1615 656 1992 1513 644 1449 260 267 771 263 439 2078 1606 
56: 1309 1607 1410 1537 632 2275 923 779 2125 1276 2177 904 1277 745 1269 913 1565 1553 421 2210 1981 1618 1625 1775 
231: 1309 2303 894 1689 536 2082 2176 1809 1748 1371 2167 1808 955 1985 994 644 689 1083 1276 1303 2177 515 597 1277 1562 1625 1203 1269 1105 429 1933 1267 693 1504 1191 690 2334 1173 2289 1450 1632 
310: 1309 2295 2150 1611 991 38 266 192 267 1203 1025 1499 439 1178 2137 
429: 1309 1689 536 29 1748 1476 689 1276 161 953 687 1277 231 1144 408 1482 1269 993 106 152 1267 
515: 1309 1689 1607 1410 2082 604 2169 2176 1353 2315 2206 1809 1748 1764 784 923 972 1676 981 994 644 689 1276 1457 1525 637 1824 1427 1277 326 745 1105 1326 1980 566 852 154 1981 690 531 1368 231 279 2042 900 1459 1632 1641 
690: 1309 1254 1689 2082 604 1656 2176 1809 1748 1764 784 309 1778 923 2167 994 644 689 1276 1457 1098 2164 687 515 1277 1641 1591 900 231 745 1632 1105 112 173 2102 1690 2210 2326 256 482 2298 854 1368 998 
776: 1309 733 828 928 1967 1410 1876 1687 1206 1323 626 929 455 484 123 2009 1705 1110 1111 674 1918 60 775 186 189 477 556 624 737 1909 1153 1543 777 2198 2076 1443 1235 1880 1478 
812: 1309 733 1154 860 1607 1410 1419 1768 511 2035 1537 1540 628 1160 625 1823 1822 340 1934 923 2018 995 996 997 510 403 386 1206 1774 1261 800 295 869 883 2274 2372 1305 121 446 1647 
823: 1309 1800 1048 1255 
827: 1309 1026 1362 1084 
922: 1309 2398 2251 1545 1537 63 2131 2136 604 746 277 344 923 343 747 1671 1418 165 1095 414 25 299 948 456 1334 1879 792 1591 298 169 305 1188 1329 1772 803 214 693 1810 744 1719 1421 1683 2096 1471 2128 1903 
1100: 1309 1492 837 1664 342 2018 951 1415 1210 821 788 1276 637 687 1367 1277 1416 1591 1435 449 1427 1269 1652 1663 490 589 
1198: 1309 2140 1419 1691 716 1744 2283 1513 1556 2144 641 314 1437 171 753 1083 1187 1303 1883 1490 372 687 658 853 1885 2110 1678 1108 1009 1427 467 752 121 1912 1402 
1235: 1309 928 536 2087 1687 1323 929 484 123 372 776 1478 60 775 777 1443 556 624 672 2265 
1266: 1309 2060 2344 1277 1278 517 
1267: 1309 1689 76 1809 1748 1808 891 1985 994 644 689 1276 1303 66 1098 904 1277 326 1625 231 1269 203 429 1173 1606 840 855 
1531: 1309 501 360 532 1519 792 2167 781 1354 
1553: 1309 1410 1694 1748 2275 370 923 779 2023 1793 2115 586 1276 1303 372 904 1520 56 597 1277 745 1269 942 2237 2255 792 1048 1730 913 1565 1284 421 449 549 1099 2244 1666 2210 1775 1618 1981 1625 2393 2372 
1622: 1309 1751 1426 268 1534 
2150: 1309 2287 474 699 1518 837 2007 1598 2131 2157 662 783 1852 344 362 557 343 992 501 390 1325 2023 2125 1774 1324 2248 2391 310 2149 688 435 169 2088 1943 214 513 1517 1542 1629 1723 2010 
2244: 1309 2287 1276 566 1277 1553 
1760: 1309 2251 1044 536 1598 1748 1611 1519 1007 2041 266 267 440 653 1502 964 
1772: 1309 733 2251 691 1976 369 2131 632 791 330 341 344 950 343 991 1418 1384 25 169 353 1321 1538 417 1956 152 334 412 533 657 664 772 917 922 1803 1849 2388 1902 
2338: 1309 1276 359 1277 1562 2297 408 1504 
1840: 1309 2287 2129 733 894 919 1518 2073 1702 443 493 837 1088 2035 1053 2131 2157 628 292 1734 746 911 1953 150 451 1475 1939 360 403 200 747 239 946 799 1672 1986 2054 1671 1774 687 748 319 325 1328 1591 326 1373 2048 1568 302 1841 2097 1331 867 1875 969 1502 1167 2372 252 471 1859 1555 1113 1696 97 187 333 508 551 614 807 864 1032 1158 1368 1423 1632 1653 1703 1722 2366 2158 
1349: 1309 557 
1863: 1309 1605 733 2132 1343 1324 1269 214 549 1032 688 703 289 
2377: 1309 2251 604 632 587 1676 232 1276 2332 1098 1277 1678 1647 467 154 1504 152 1704 
1901: 1309 1396 1518 1086 593 179 2000 2002 1611 1808 1525 64 766 2385 168 792 603 1841 1923 112 408 773 887 1191 1686 1692 2297 2299 
8: 1492 72 1537 536 63 2157 628 632 292 1224 1811 1371 370 451 2002 996 2031 510 1415 1798 532 638 1157 626 239 1519 2094 4 1269 1398 1271 2049 1416 1162 786 1774 1562 542 298 942 2100 1847 2237 2170 970 1105 467 1261 1749 603 1249 668 2279 621 
2232: 1492 1493 453 1623 2251 527 1086 2007 11 360 4 75 326 457 824 871 1046 1048 1461 1490 1563 1611 1704 2008 2277 
958: 1492 1493 153 738 1015 1254 1623 1646 2395 443 493 837 1494 1689 874 1088 593 1036 536 2101 77 2136 604 1643 1142 1661 1353 663 292 179 716 1744 236 1052 1811 315 1855 2371 342 1374 1382 563 1934 923 416 1467 957 960 954 1992 2002 992 1513 360 1798 747 1808 1314 626 886 455 994 469 1273 1276 4 25 372 450 623 959 1346 948 1367 168 1021 1277 2153 2320 1478 1140 1562 1270 1718 1427 2356 1591 67 71 75 79 83 86 112 204 270 305 326 335 353 408 417 449 461 463 513 524 534 580 598 769 773 787 838 899 1348 1032 2066 1048 1093 1094 2149 1141 2197 1179 1190 1197 2228 1471 1229 1743 1776 1281 2306 1322 2359 2362 1342 1405 1917 2270 2279 1428 985 1500 2017 2021 1435 1265 
1162: 1492 1493 2287 2157 1664 1694 370 451 2125 788 1246 2054 66 1525 8 1367 168 326 1591 2392 2010 603 897 121 358 734 851 2102 1947 1850 1743 2011 1898 
162: 1492 1493 2251 628 237 951 972 1214 687 2166 2330 1452 768 
179: 1492 1493 1646 837 11 196 536 2101 2131 604 632 292 923 1591 957 958 959 326 73 2246 1774 1847 2392 687 81 169 1525 637 1535 1937 188 419 549 185 788 960 2366 1686 449 344 717 469 471 1372 343 839 1901 
206: 1492 1621 2002 561 295 2330 2297 653 1996 219 1161 1191 773 408 1114 1190 887 339 
315: 1492 1493 153 1356 11 546 511 2060 1160 2231 1476 957 958 959 43 232 2054 1637 2349 960 869 876 
386: 1492 1396 711 860 511 9 1102 1540 46 1070 1643 2205 292 1800 1811 1835 911 1513 501 403 155 1591 73 2170 214 232 2306 1289 1418 414 1862 812 1048 
388: 1492 1493 2007 32 990 
400: 1492 1493 2157 1852 399 923 451 26 1562 1718 324 1284 326 1978 1841 1332 1647 1161 2195 2149 2391 23 251 1919 2179 490 
419: 1492 1493 733 369 1873 536 2131 116 179 344 654 343 1157 422 469 869 2330 169 353 1106 417 268 235 1956 
463: 1492 1493 2251 957 372 959 1277 1562 958 745 796 1487 1814 
470: 1492 1493 153 733 894 1015 1254 1646 2073 837 1086 369 860 1873 1088 511 2035 1537 2060 536 1574 628 1171 292 1751 1476 746 1784 1822 2364 1869 890 1934 923 1953 402 992 972 510 403 200 1798 1157 626 469 1418 1490 1591 1774 1278 1343 1433 2036 1637 442 328 1482 1331 2149 2084 1686 1010 81 82 146 214 354 361 394 544 2366 931 1061 949 2357 2367 2368 581 471 472 2008 1032 495 
492: 1492 1493 733 2251 493 1545 2007 1822 1824 516 1140 151 2366 1825 1352 2085 2347 490 1497 867 70 559 1368 1608 
496: 1492 1493 493 1494 1545 2007 11 72 1102 1615 2157 1823 1822 2344 451 1562 68 97 123 318 490 516 912 1045 2195 537 1824 1825 1317 2085 684 964 1755 1497 869 2021 
551: 1492 1493 453 733 493 1494 2007 1419 632 1664 2315 2296 451 1495 995 997 626 1517 1843 1840 1331 1343 1841 978 151 2049 265 1895 1663 2088 494 1043 2050 887 630 613 
559: 1492 1493 2303 493 2007 1102 1537 2284 123 1122 1824 1140 970 1317 2165 1825 494 490 70 517 492 684 1368 
603: 1492 1493 1646 536 76 632 344 370 1590 923 1916 1415 1798 1157 626 788 8 284 1180 1901 1416 1591 2392 1191 1980 773 1162 112 152 214 1650 887 1414 913 1189 1743 1686 1631 1633 1114 1511 
634: 1492 1493 733 1646 1661 1296 792 1032 1373 2084 1930 2290 1257 
791: 1492 1493 2303 733 2251 411 837 11 2035 560 1296 208 1261 25 51 247 343 490 508 657 703 1032 792 2084 1343 2116 1772 1373 839 
805: 1492 2287 2294 527 923 1798 626 623 214 2114 1114 1013 872 2055 
807: 1492 1493 1365 588 933 498 507 1731 1490 1346 1840 1331 2330 520 1491 1841 1332 745 1080 704 1043 2329 1541 2089 1924 1222 1439 1899 765 1977 1900 
833: 1492 1493 2007 1664 1495 
840: 1492 1493 699 1039 1341 1163 980 1876 1768 2199 743 821 946 1117 611 490 1267 1875 2198 2036 816 354 2072 633 795 2037 1543 1200 
848: 1492 2073 1545 11 1544 511 1142 1160 1691 1869 32 510 360 779 626 13 66 244 295 457 564 587 750 800 1273 2187 1953 1590 1009 1916 1992 1234 990 2397 
880: 1492 1493 2251 493 1494 860 2007 2035 2157 1822 451 1495 73 123 1149 953 2158 115 494 114 1856 
883: 1492 1493 2287 1518 604 923 1953 1556 812 2310 1316 1490 2209 181 748 1234 1895 54 57 412 579 832 879 1849 1859 1994 2388 
929: 1492 2295 453 733 828 928 2073 860 1607 1410 1876 511 1540 2060 2131 628 1160 1744 1476 2335 1869 1872 340 563 918 451 1939 343 32 1798 1323 626 2356 953 299 1858 2009 1705 792 151 2153 302 295 1918 60 118 325 484 556 594 623 624 652 775 776 777 869 1543 2184 1040 2070 2076 1443 1478 1235 1112 1502 
960: 1492 1493 153 738 1646 2073 837 1689 11 593 1537 1613 604 1142 1661 1353 179 180 1052 1811 1315 315 342 1374 1382 1934 743 1462 957 360 1394 2174 1277 2356 1591 958 959 326 73 2246 1246 204 1415 1562 2002 1367 907 48 67 86 124 168 175 213 235 325 376 378 390 408 417 420 440 494 528 530 586 598 606 609 612 631 637 752 769 771 772 954 2036 2057 1048 1563 1564 1566 1063 1099 1112 2153 1140 1141 1197 2225 1718 1471 1268 1284 2310 1808 1333 2362 1346 2385 1922 1405 1435 1436 1951 994 995 
1016: 1492 1493 493 1494 2007 498 1495 1210 667 2041 448 792 2112 494 1836 445 2081 1441 2180 280 503 1592 
1019: 1492 1759 1066 2035 662 2344 150 1939 1357 151 2049 1022 1020 1193 235 581 1196 
1032: 1492 1493 738 1154 1702 2259 1892 350 411 1066 2035 791 918 150 997 1026 239 448 450 470 1367 956 792 1840 1331 1343 2330 958 447 169 1491 1841 1332 1017 1324 1048 1197 1474 361 304 1373 1837 1895 1875 688 2084 781 1201 1833 634 1023 1703 1211 1894 1863 1776 
1083: 1492 493 1689 2007 1410 1613 1160 1809 925 779 587 2308 1808 1985 994 644 1879 2054 1690 64 231 1686 1198 2373 
1111: 1492 2012 474 499 837 76 1734 200 2167 626 26 1986 1984 825 1367 776 1562 792 2330 1158 298 229 2362 1229 674 1110 254 
1211: 1492 1493 733 1154 1702 1892 411 1185 1171 1822 1830 792 1343 2330 214 1032 1179 1956 1970 1703 999 1023 1701 1894 1899 
1213: 1492 1493 11 2157 959 1246 626 2002 1161 2228 1808 
1233: 1492 1493 733 2251 362 825 1978 734 1464 121 2289 
1244: 1492 1493 1494 2007 2231 1800 1808 1468 2177 1249 1048 1116 522 
1284: 1492 1493 733 905 1646 45 493 1494 2007 593 1537 536 1613 2157 1656 1664 180 1809 2397 923 960 1495 995 232 1808 1431 994 644 2168 959 359 687 1367 1277 1553 325 1180 1562 1404 324 1427 1591 326 1105 1249 1161 1038 400 1818 1980 357 393 408 449 494 735 1004 1190 1526 2297 1663 1285 2197 1401 1821 1814 1743 2195 
1317: 1492 1493 733 2251 493 837 1494 2007 1102 2039 1823 1822 150 496 26 27 372 1824 516 1562 305 773 1261 912 151 68 97 365 490 514 559 839 1825 1608 1755 1497 1887 
1331: 1492 1493 474 733 738 919 1154 1518 2251 443 860 1873 2035 2131 292 1734 1476 746 269 2333 2397 362 399 911 918 923 1953 451 1939 360 403 200 1687 747 239 946 507 799 1672 2054 1671 1490 470 1774 2103 359 1367 748 1999 325 1328 1840 1591 326 2049 2105 1491 1343 417 703 35 1373 2048 1568 2097 75 83 169 333 415 551 631 685 749 807 855 861 862 1032 1113 1167 2158 1696 1700 1703 1721 1722 2305 2372 1875 1899 1919 1423 2368 1859 1653 
1332: 1492 1493 392 453 474 733 919 1518 443 2007 2035 2157 628 1734 246 362 1914 911 1953 451 1475 1939 403 200 715 1360 239 946 799 1672 2054 1671 30 2177 1774 359 748 1041 325 1328 1343 324 1653 326 1454 1167 302 1841 2049 1705 400 1956 703 1373 2048 1568 317 333 415 500 807 1032 1054 1113 1859 2179 1703 1850 2097 1722 1998 1941 1875 1423 1647 2158 
1390: 1492 2251 837 1607 623 288 1234 940 1001 
1414: 1492 1493 1524 1664 1276 2385 1367 295 2300 1718 1591 42 1565 2010 1161 603 358 2011 2008 
1445: 1492 1493 733 1163 511 869 825 1367 1334 1879 1446 176 537 204 1048 1683 901 154 1895 535 2291 
1454: 1492 1493 2251 2007 1171 1939 779 1157 869 956 1343 1089 1794 978 204 1841 1332 1837 2372 1771 
1526: 1492 1493 2073 2259 1537 783 362 923 955 689 2041 1246 1276 299 2385 904 687 1367 168 1277 1284 326 1591 1625 1660 219 606 2366 1340 1499 397 889 420 139 211 572 1330 1807 1685 2243 
2050: 1492 1493 1494 1088 551 254 167 2088 104 
1564: 1492 1493 1646 493 1494 632 1661 960 360 1525 2168 2177 959 168 1562 1591 324 1110 1718 1720 1167 203 464 618 735 900 2197 
1598: 1492 1493 2287 738 1646 493 1494 1846 1873 2007 11 1537 1554 1018 2101 32 1591 73 978 2136 746 298 299 626 1798 1367 687 180 188 236 266 422 494 564 571 606 637 684 831 899 972 1099 1114 1418 1475 1490 1495 1525 2341 1910 1866 1760 1806 2165 2200 1719 1852 1601 2114 1919 1891 2150 2151 
1980: 1492 1493 733 1558 45 493 933 1494 1689 1967 2007 1419 2035 1537 1613 101 2157 117 632 1664 1809 1748 1315 1855 344 1408 2296 923 451 2000 2002 1495 972 995 996 155 2144 232 751 1808 927 239 455 981 994 608 1246 1276 1490 30 372 448 450 959 2103 359 437 440 515 594 1277 1991 1562 1343 1718 324 1284 326 1591 1815 2297 75 1435 603 907 703 2114 1326 50 74 102 112 115 361 408 494 504 567 856 859 887 1372 1397 1633 1690 1773 1814 1930 1937 2178 2184 2188 2322 2343 
2149: 1492 1493 699 1039 45 527 837 2131 2157 180 1852 344 1806 343 992 2284 2150 1798 1525 448 470 637 959 437 792 958 169 2343 1324 839 400 2248 2036 1020 1600 1723 1906 
1653: 1492 1493 837 593 2333 2344 1939 1840 1331 1491 1841 1332 2163 839 2042 
1730: 1492 733 905 1646 411 443 569 588 1184 1185 1424 1976 2130 369 374 1074 1076 2101 1171 1733 1830 309 1914 2003 2361 27 788 247 1367 871 1553 792 2330 2373 1369 1978 2133 1324 1271 334 1474 417 152 256 841 1756 772 1849 445 2084 1107 688 703 2057 2263 51 368 581 721 781 793 845 1023 1301 1318 1548 1595 1930 1932 2355 1899 
1736: 1492 451 390 1798 1203 745 1698 240 
2157: 1492 1493 89 1396 1518 1702 2251 45 837 1419 11 1537 1540 2060 536 1075 76 604 360 632 8 992 923 1823 957 959 324 73 953 746 628 2049 1162 786 1562 2002 451 1224 970 1749 1249 996 1157 23 119 131 143 151 160 180 312 314 400 402 442 479 490 491 496 500 505 516 550 556 668 707 730 747 756 768 773 806 839 868 880 888 993 995 1123 1126 1131 1167 1171 1213 1248 1284 1302 1324 1332 1362 1418 1473 1490 1491 1513 1532 1577 1600 1611 1625 1663 1664 1678 1687 1758 1783 1805 1806 1825 1840 1841 1862 1875 1881 1887 1907 1932 1949 1956 1962 1980 1998 2026 2063 2078 2104 2149 2150 2153 2159 2199 2228 2243 2291 2313 2197 2367 2371 
2284: 1492 1493 1154 1518 493 837 1494 2007 11 511 1645 632 2099 911 923 2018 1495 360 324 1249 199 232 248 359 494 559 734 1161 2149 2168 2253 
2163: 1492 2287 474 1518 2251 499 837 2007 2185 2060 107 232 886 131 1653 43 839 1915 1862 494 2114 1942 2063 1358 986 801 1062 
1821: 1492 1493 2073 1545 1284 1594 1104 1789 
1830: 1492 1493 733 1154 1702 411 837 11 1296 1367 165 343 409 415 703 792 793 839 1211 1343 1696 1730 2330 2084 1956 1978 1899 
2003: 1492 1493 392 1656 2231 501 2125 218 1343 397 792 703 165 1730 956 869 1837 2096 1696 209 1680 1771 1776 
1864: 1492 2073 493 1494 2007 204 1278 
2391: 1492 1493 45 837 369 2007 2035 1102 1613 1733 1914 2150 25 448 450 169 151 1261 2372 400 
2397: 1492 2287 733 2294 2073 2147 1717 411 1424 1494 1873 11 1544 511 536 604 2138 607 632 1160 1744 1869 848 1872 344 32 510 360 779 403 923 959 73 1879 1246 626 1798 25 150 151 214 229 334 390 468 494 514 568 586 597 674 703 747 792 869 891 892 951 981 991 1001 1009 1048 1067 1151 1210 1212 1284 1304 1314 1331 1343 1399 1431 1491 1525 1538 1687 1696 1793 1814 1818 1911 1916 1922 1934 1957 1972 1992 2042 2062 2139 2187 
1894: 1492 2132 2091 604 1171 1939 700 1032 1211 
1896: 1492 1493 165 792 1343 832 703 
1910: 1492 1015 2073 691 511 538 1598 1160 1476 1869 510 360 584 626 1844 886 422 2049 1774 1956 2063 624 2372 1862 1013 1063 1446 1348 1071 622 975 1248 476 1385 
1513: 1492 1493 153 894 1873 11 511 1537 2157 655 2156 890 923 416 430 150 972 958 953 2392 386 19 155 260 261 264 266 267 332 440 448 478 736 1119 1151 1198 1442 1484 1611 2167 2063 1687 
204: 1493 392 733 1646 2251 874 536 604 1353 1192 180 783 2258 1371 923 960 2125 667 1561 2318 312 1457 1525 4 123 959 359 1367 168 800 2153 1847 958 324 326 1591 1454 1445 2010 1427 978 79 158 375 1146 1024 2051 1161 1555 790 2197 1038 2096 1207 1990 1864 466 730 1741 
2002: 1493 474 1341 1646 1494 1689 2007 11 511 1537 2157 628 1664 292 1213 342 344 923 950 960 954 8 1591 958 959 326 1246 1774 1562 200 206 284 357 408 437 449 601 653 660 773 884 887 891 908 970 994 995 1123 1190 1191 1273 1391 1431 1491 1672 1686 1718 1798 1806 1808 1901 1937 1980 2297 2228 2113 2278 
1081: 1493 2287 11 1082 2131 626 1371 311 520 834 
1733: 1493 499 1185 11 1082 2185 1102 327 77 101 1694 1774 1519 25 123 131 304 334 416 447 448 450 469 507 696 723 732 755 891 951 972 1013 1085 1165 1193 1346 1456 1463 1473 1520 1528 1542 1576 1672 1730 2048 1831 2297 2371 2391 2155 
341: 1493 11 2039 2285 923 229 232 2291 1538 2386 1606 2153 1772 
1461: 1493 2251 11 1948 1537 628 292 2232 1371 1591 1774 996 23 26 105 991 995 2297 1690 
1227: 1493 1494 2007 11 247 
397: 1493 392 733 1293 2073 1540 1171 2003 2155 869 1367 594 1999 319 550 1324 600 1526 52 265 333 703 798 465 855 857 889 2290 22 218 380 1551 1319 721 
2318: 1493 1759 474 738 1410 511 1664 1160 1469 360 200 626 991 26 1986 204 1367 741 1705 448 151 2153 332 1502 1639 1841 1870 1887 
2320: 1493 474 1154 1646 1410 1613 2131 1664 746 356 402 200 26 135 1418 299 295 1117 958 298 792 2114 90 1663 
302: 1493 474 1623 2251 1424 860 1537 895 2296 402 451 564 403 750 1323 929 946 26 1986 1214 2076 1909 792 1328 1840 2330 90 537 1491 703 151 1978 114 379 508 1922 781 1696 1043 1301 412 2317 683 2382 1841 1332 1429 333 2383 
314: 1493 1254 2147 1607 1410 2312 511 1076 1077 2157 340 1953 150 1992 32 510 360 2113 586 626 1261 2182 507 2036 1818 295 1918 566 1447 1198 2361 1981 594 990 991 
112: 1493 1254 1537 2176 1764 923 1953 995 892 2144 1210 1731 1490 1457 247 284 959 687 325 1123 1562 1343 1718 958 1249 1901 326 1591 2297 1161 1191 1980 773 603 1686 2210 1937 2326 986 2161 256 824 690 998 
199: 1493 2251 411 1664 1691 1371 2284 792 1663 2248 
361: 1493 733 1154 1702 2251 711 811 1869 362 247 470 359 1343 326 1591 2297 1191 1980 102 1090 1875 2084 2290 347 508 1032 1707 1472 1833 
454: 1493 493 1494 1545 2007 2085 
514: 1493 905 493 691 933 1545 369 2007 2397 918 2018 343 472 2104 1491 1278 1317 332 1048 2085 1965 1165 2096 1084 872 2111 
724: 1493 2287 1967 1018 2101 923 1576 626 1418 1601 623 637 1866 723 2104 1203 2114 1114 1891 
1023: 1493 733 1702 1086 1185 399 792 1343 1696 1491 417 1032 1776 1730 1930 914 1211 1895 793 
1093: 1493 153 1374 959 359 1847 958 326 1591 2062 1324 
1109: 1493 733 2073 1494 2007 511 632 1823 1869 360 626 1950 131 1824 325 2257 792 517 1841 461 1167 464 
1131: 1493 2251 1419 2157 1664 2049 2114 
1259: 1493 2303 1646 1717 1624 1976 1873 1615 632 1694 2285 2301 1440 1582 1611 1273 2182 1449 1966 266 1791 1442 260 261 267 2249 1569 2392 100 108 1794 1251 773 439 2372 316 2135 
1273: 1493 1154 2073 1066 2060 632 1160 848 1953 1992 2002 995 779 2167 626 468 1143 2139 958 1879 1278 1490 2182 2054 1718 123 1825 1259 1067 2042 1404 2236 
1357: 1493 2140 2251 2035 340 2181 918 501 372 73 455 448 612 135 123 657 83 393 409 487 568 647 1019 2107 1609 
1420: 1493 1254 2073 1088 1744 1476 1869 911 1953 510 584 626 422 612 353 1972 494 1191 1336 2062 181 1107 1348 413 601 801 1571 
1460: 1493 2303 2251 1520 
1571: 1493 691 369 2296 1490 414 2225 1420 1041 1404 2111 
2152: 1493 1088 1473 970 
2165: 1493 2287 1396 1518 2259 1598 76 632 2199 923 1953 2113 1611 2214 1962 359 1625 2159 1126 1191 773 2062 852 559 209 500 684 1577 1825 2304 
2291: 1493 474 733 2039 2157 185 2231 1783 341 959 1445 917 
1799: 1493 160 2285 343 510 638 1418 414 674 1326 105 599 
1895: 1493 733 1163 604 1561 1445 606 2362 551 883 1032 1373 52 703 721 1023 1700 2384 
1919: 1493 2287 474 1646 837 1873 1598 1664 174 431 2086 448 1331 353 1696 1278 115 400 1375 466 703 121 2274 758 708 710 1477 
1941: 1493 392 1518 2073 1702 411 604 1210 715 1561 165 1343 2330 1696 1332 703 2095 1899 218 
2368: 1493 733 1254 1646 2251 1171 746 2364 923 992 2069 469 299 434 470 766 2367 1331 1591 298 313 471 271 
1755: 1493 1494 2007 496 1317 
1217: 1605 2007 11 536 1160 510 923 1591 73 532 638 2237 451 267 637 747 868 997 1123 2167 1806 1373 
714: 1605 2251 11 501 2153 
783: 1605 2251 1410 11 1648 501 779 324 1879 204 1367 102 173 1522 1011 1526 1161 1038 792 1048 2125 1870 852 2150 2023 1771 
1939: 1605 2259 2251 1892 837 1494 11 1102 1540 1135 1664 2176 1171 1809 2371 344 1590 402 451 403 218 417 490 506 537 657 685 839 855 929 990 1019 1210 1310 1331 1332 1343 1368 1373 1454 1456 1491 1653 1703 1824 1840 1894 2313 
1495: 1605 453 2251 11 2035 536 1598 2131 1656 1661 344 923 2018 451 372 1249 115 129 151 169 214 343 491 551 747 773 833 878 880 1016 1089 1158 1167 1284 1323 1373 1491 1984 1981 2048 1561 2209 2284 1841 1718 2361 1980 
1498: 1605 2287 1607 330 1914 626 25 131 2123 1089 2114 
221: 1605 1873 536 2082 788 326 1628 449 1105 1106 1511 1535 1633 1650 1743 2128 1631 1627 1856 744 
471: 1605 201 894 1873 1088 2035 1537 179 1751 1476 2364 1914 743 557 992 972 1157 626 469 123 470 825 2367 1840 1805 1433 1010 82 146 1447 2368 475 2154 495 
491: 1605 2295 738 604 2157 1822 451 1495 995 1522 1210 792 1491 2179 84 
594: 1605 453 733 2251 1873 1410 1664 1809 1744 911 1953 343 1522 2113 129 626 314 2361 929 1517 123 448 2103 295 437 1562 1005 465 397 151 871 1980 2093 722 325 502 2088 1084 986 1281 1207 167 209 425 1274 2042 1996 915 1959 1857 842 1885 
637: 1605 2287 1646 837 617 511 536 1598 120 1656 1694 179 180 1217 746 1783 1852 918 2018 960 451 510 360 1687 532 73 2167 638 626 2182 1966 62 64 266 555 2100 1118 1591 2246 621 1367 2392 687 1569 1435 1140 168 803 1151 2149 1866 81 169 515 1409 1289 1693 2084 1100 724 2396 1391 1137 
1149: 1605 617 1751 344 510 360 638 1519 469 2209 669 2246 2237 796 1443 880 
2166: 1605 1751 923 360 532 2167 1210 455 1957 1354 295 1277 1591 2256 162 452 1650 
1935: 1605 828 1694 44 
2023: 1605 2303 2328 2315 783 501 390 1038 131 1553 1538 1247 2150 
1756: 1605 2251 411 493 1494 2007 2018 2385 792 745 1161 1730 2011 
978: 2287 733 55 63 1598 1855 1934 2361 4 25 948 1367 1072 2153 1454 305 1828 78 195 204 338 377 551 861 1150 1037 1175 2071 1330 1471 1732 1516 1380 
1554: 2287 1254 11 626 26 468 606 1114 1418 1752 1598 1806 
538: 2287 11 517 1582 1910 604 2135 927 1791 1487 1897 1643 1423 
1018: 2287 1254 11 1865 970 236 342 416 724 870 899 936 956 1270 1046 2200 1960 1835 1205 2101 1598 1866 1867 2375 
560: 2287 1873 1607 11 2060 536 923 451 169 791 2042 1888 1957 1678 1744 
2124: 2287 738 1646 11 1621 923 290 435 1114 1226 1619 2304 2306 2308 
2138: 2287 11 360 542 1519 115 209 237 323 437 439 653 654 655 697 771 901 911 1051 1135 1278 1299 1348 1793 1810 2227 2397 
180: 2287 837 11 1598 2131 604 2157 632 372 1591 959 326 2246 204 626 687 91 1525 637 1666 1284 1462 781 913 1435 1946 417 1191 1808 1969 185 960 839 1374 2149 1343 2158 
1744: 2287 2140 153 453 733 928 1356 1646 2147 1717 2395 1993 933 1388 617 1873 11 511 2035 536 541 560 77 2131 604 655 1694 1220 923 689 958 953 746 1811 451 2170 668 239 1519 2392 756 108 129 155 190 200 232 244 262 266 267 269 294 312 343 344 349 359 362 416 428 440 448 455 457 487 507 537 563 564 575 586 594 599 653 664 666 669 747 748 753 771 800 806 845 869 891 911 918 927 929 972 975 981 1006 1052 1062 1067 1089 1090 1117 1155 1158 1188 1198 1272 1276 1278 1299 1314 1323 1348 1420 1442 1468 1485 1520 1522 1538 1576 1608 1611 1778 1783 2335 2090 2167 2182 2227 2193 1984 1751 2242 1784 2313 1814 2351 1842 1849 2361 2371 2397 1903 1953 1972 1992 
2301: 2287 11 36 448 954 1259 1449 1718 2113 
2064: 2287 2073 1607 11 511 1540 1160 1469 1869 1872 360 2246 953 25 214 272 305 517 846 1324 1442 1743 1747 2187 2125 
1946: 2287 1424 1419 11 180 2283 479 1591 73 298 626 17 449 664 800 867 944 1338 1428 1468 1525 1743 1866 1881 2065 2117 
951: 2287 153 1396 2073 1410 11 69 76 1160 1733 1869 2397 923 123 162 173 256 295 316 766 1522 1676 1698 1452 1468 1355 1100 1883 2144 1137 1903 
584: 2287 1015 1558 2073 2251 1869 1364 32 510 360 1576 786 626 16 796 2209 118 272 359 422 469 476 1013 1910 2048 2179 1672 1420 2334 1071 1844 1336 1108 1348 1998 732 1501 1248 2307 622 1262 
21: 2287 923 510 
184: 2287 1544 37 2292 1071 2269 1103 170 1936 187 708 
188: 2287 1088 2101 1598 179 2099 451 641 1314 626 644 2139 1246 623 2177 959 1866 359 687 1367 326 1968 1046 2270 
395: 2287 392 1015 1624 369 1607 2007 1945 1088 2185 1476 2371 972 869 336 1180 2357 970 1637 1690 461 1743 1600 1336 2062 916 240 394 1769 
422: 2287 733 1015 1154 1558 2073 443 691 2130 1088 511 536 63 1598 1160 1869 1374 32 510 360 403 1687 73 584 586 1610 626 1844 2356 2049 970 1490 448 792 2048 1637 295 1998 118 242 272 419 1013 1910 1420 1121 1299 1690 679 1575 683 1963 1071 437 2227 1336 2112 469 1348 1108 476 1248 482 622 
565: 2287 527 1410 2131 451 200 232 751 2361 66 448 2114 90 2033 1439 1836 
570: 2287 733 569 933 1163 2132 890 150 200 26 135 953 90 298 169 151 517 459 2042 1372 
606: 2287 2251 411 443 691 874 2132 1102 1554 1613 1598 604 101 1315 2371 1934 960 451 2310 414 123 372 959 1367 2153 1140 1343 409 598 417 802 2025 1568 600 819 1895 1028 304 781 86 87 88 339 415 2290 1526 1430 2339 1319 1979 1997 832 735 
636: 2287 1254 2073 2147 2251 2185 76 1621 2176 185 1687 2110 1999 2292 736 151 744 2248 47 
649: 2287 733 1254 350 511 2231 1953 2332 2110 2347 1968 2351 1515 
669: 2287 511 77 2131 1744 1476 1869 344 399 564 510 1610 2167 1676 2214 244 626 891 666 667 1957 1591 953 2257 2159 825 2347 1791 1149 1849 2385 1355 1372 
684: 2287 1598 496 1824 601 2165 1825 559 
736: 2287 1717 977 632 2199 2315 2206 784 923 1513 1798 626 821 438 440 1117 1567 1569 1203 311 1566 636 1508 254 1862 1336 2109 134 264 243 1807 1172 834 
870: 2287 1646 1865 1018 2101 236 1835 1867 2200 1522 73 638 1866 953 1270 1343 899 1716 1205 
899: 2287 1254 1646 443 493 1865 1018 2101 1598 117 236 1835 1867 342 2200 753 959 1866 687 956 1002 1270 958 326 1591 1628 2362 624 870 936 195 2375 1960 1205 1631 
917: 2287 2073 2276 369 1869 2250 25 792 1005 353 2356 1538 1772 67 1459 1177 1988 2291 
936: 2287 2251 1865 1018 2101 76 2176 1764 1835 1867 1157 1676 2332 1457 1866 1879 1270 1191 1632 2256 899 2043 1960 1205 
1089: 2287 474 593 1744 1822 330 1495 73 626 1316 1517 450 437 970 1498 2277 49 945 1781 2058 2081 1836 1454 2001 1507 1509 
1099: 2287 2129 1846 1598 604 642 923 960 1806 2125 1611 638 1272 626 266 623 904 687 168 192 267 1277 1553 2249 1618 1625 1696 668 1810 703 1998 2190 721 
1118: 2287 837 1806 510 626 687 1950 637 623 1600 2253 
1125: 2287 733 753 869 867 
1205: 2287 1254 1865 1018 2101 236 1835 1867 342 2200 1157 981 1866 956 1270 1151 803 173 899 1631 870 936 328 2109 1960 
1228: 2287 1882 1620 1691 197 1737 1374 2250 460 626 2187 948 974 670 949 1452 1902 1862 1825 2118 740 2179 2148 2057 2321 1248 2161 2109 712 2196 
1447: 2287 1088 314 991 2182 105 471 1209 
1536: 2287 1410 593 557 451 2238 747 1314 26 2187 1449 2209 1391 1334 1329 1847 1435 287 1372 1651 2184 2063 2334 1982 1602 1862 2357 1903 
1600: 2287 928 2251 101 2157 746 1852 1806 532 626 1437 299 1118 623 687 1367 326 395 298 1427 1191 1686 897 2149 2114 494 238 931 
1601: 2287 1598 510 532 638 724 
1666: 2287 835 906 76 1664 180 687 1553 1879 326 449 173 1114 1698 1814 1606 
1719: 2287 2012 369 1598 628 277 2344 451 1475 1418 131 1277 1562 1249 1794 1841 1634 88 202 902 922 1165 2036 1550 2037 
1731: 2287 153 453 1646 617 1873 1607 1410 1088 1053 1160 1476 1052 1784 784 1934 1473 1440 1953 451 779 1522 2167 626 927 1879 2054 295 566 81 112 152 303 807 989 1303 2042 
1779: 2287 2251 1410 1643 1160 779 626 1303 
1833: 2287 153 392 733 1154 1204 691 1976 362 626 455 247 131 359 1343 2343 214 357 2114 1348 361 1032 1372 818 1393 
1859: 2287 1396 1646 2251 443 493 837 1494 1476 995 1562 1840 1331 1491 1841 1332 2343 1048 883 83 1563 571 141 2057 
1866: 2287 1494 1846 1865 1613 1018 2101 1598 236 1835 1867 342 1934 923 1946 510 2200 1687 73 1611 2167 626 753 1490 472 623 637 1716 970 1749 687 267 1606 2114 2362 54 1270 81 188 198 303 393 530 724 870 899 936 1114 1205 1771 1775 1960 2104 2109 2008 
1897: 2287 1254 1646 538 1053 632 656 330 399 923 1582 747 927 1246 1879 884 2392 2362 2227 600 466 2326 718 
1904: 2287 2251 911 2167 626 261 2351 
1918: 2287 928 2294 2395 933 2091 1876 1871 2125 1323 314 929 484 30 776 2076 2021 652 2257 1875 1747 186 1705 2198 775 234 816 
2054: 2287 1759 2073 617 860 1873 1544 1540 536 604 1160 1469 315 1869 890 918 923 1953 402 972 779 403 1522 1951 1576 1610 1210 232 750 1272 626 981 991 26 644 689 967 1083 1273 1731 1203 372 959 2014 299 1162 687 1491 1490 2182 1449 792 2114 105 250 294 312 318 323 418 623 682 734 854 869 944 1065 1067 1114 1151 1289 1322 1326 1331 1332 1344 1348 1457 1464 1538 1718 1839 1840 1841 1911 1957 2065 2075 2336 
2104: 2287 733 1518 2157 1664 1008 360 2069 626 457 1866 272 1810 901 1234 2341 1854 268 1358 136 514 651 724 
2327: 2287 733 2294 1410 1124 593 511 1540 536 632 1476 308 2079 2086 123 295 2356 1048 1373 652 325 1747 2274 1794 1758 186 2372 121 596 2042 
2332: 2287 1759 733 1518 2073 1873 1607 511 2060 1160 1869 362 918 779 200 626 239 26 135 469 1561 2356 298 970 1367 1456 1351 2292 792 214 295 649 861 936 944 1041 1968 2088 2110 2262 2343 2377 
2396: 2287 153 733 2251 1410 1544 511 607 1135 532 2167 1210 626 469 1561 472 637 766 1214 80 1399 1188 1108 1286 
1475: 2295 733 894 2251 933 1545 2130 11 1598 604 632 923 1334 73 1157 90 218 234 305 1332 1373 1840 1841 1719 1491 
803: 2295 2140 2398 453 1066 2060 63 2131 604 632 656 662 185 1783 1811 208 301 309 2364 330 1867 344 1287 638 1157 626 469 1007 2041 1418 25 637 706 1334 1881 550 373 2021 1329 2356 1915 774 1913 1675 1165 2196 922 1205 1704 2390 1758 1776 
1841: 2295 2303 2129 392 474 733 919 1154 1293 1518 1558 1702 2395 443 691 837 2345 369 2132 1419 2035 2039 1537 1053 2131 2136 604 2157 292 1202 1734 246 253 269 498 2333 1872 911 923 1953 451 1475 1495 995 997 2026 403 200 715 751 239 946 26 296 799 1672 2054 2318 1883 1517 1671 555 1067 1774 1354 1367 748 1117 1268 319 325 1109 2300 1328 1840 1343 2330 1005 505 1653 1901 326 1591 1454 43 176 353 1167 302 1491 1978 219 786 1161 1596 881 400 1956 1373 2048 1568 97 154 252 317 333 391 442 500 508 548 551 704 807 829 888 969 1032 1055 1060 1113 1191 1245 1282 1332 1423 1483 1502 1647 1668 1686 1700 1703 1719 1814 1859 2097 2158 2081 2374 1875 1924 2351 1977 
2311: 2295 2303 738 1015 1422 2130 486 980 1036 2131 625 301 1835 308 309 1578 344 911 1008 507 44 448 748 884 1794 169 1203 771 1278 2277 125 132 657 1827 2137 2372 
781: 2295 733 905 1873 2132 1948 180 716 2275 1531 1929 359 687 686 792 1343 970 409 302 1696 1933 606 2133 2137 1324 83 1032 256 1373 1178 703 964 975 1730 2095 415 2093 1487 765 1595 
2009: 2140 928 2251 1876 909 918 1953 1687 15 561 1085 1206 1323 821 929 455 30 410 1040 706 2233 825 776 800 2076 1909 1589 678 189 190 285 2325 1594 618 856 1336 1443 60 121 183 1062 1675 1705 2349 
1206: 2140 738 2073 980 511 909 911 150 32 510 360 2009 1210 182 183 189 190 776 812 847 869 1090 1397 1274 1288 2198 1891 1987 
1431: 2140 1689 511 1537 1540 529 536 1613 59 604 1135 1656 2176 1809 2397 923 2000 2002 992 995 32 510 360 1916 1808 891 1591 324 326 745 1468 192 994 449 766 1188 1284 1718 1720 1690 
1720: 2140 1646 1440 1431 36 1067 2168 325 1562 1564 1718 1158 1591 735 1281 2359 2326 1563 912 383 1028 1285 
1880: 2140 150 706 869 776 2076 189 190 2070 916 1155 186 183 1062 446 182 633 2072 1796 2265 
1229: 2140 201 474 733 894 1396 2060 632 2208 2283 2285 911 923 200 626 991 1672 959 1520 958 1111 734 1652 1862 647 
110: 2303 733 11 1780 
1780: 2303 2328 733 1646 11 1053 110 398 808 845 991 993 1681 2195 
2335: 2303 1015 1873 11 1744 360 1203 1371 325 455 461 507 929 1435 1592 1687 1747 1953 2018 
2118: 2303 923 747 981 18 1228 2351 
165: 2303 733 2073 1424 2345 374 1053 147 1171 1469 1740 1830 1852 451 997 2026 2040 200 2003 1926 135 298 970 1343 1324 2292 703 25 151 90 123 131 508 629 1941 922 1696 806 2084 1579 688 1970 704 721 2263 359 871 1896 623 
2248: 2303 2251 628 1855 2150 414 25 2149 199 636 
901: 2303 63 2138 607 698 1008 1676 27 359 2104 1445 115 1333 2370 
1308: 2303 451 32 510 638 2100 621 266 555 
122: 2303 1102 529 46 632 625 1934 2040 320 1246 1203 1261 2209 1824 131 1520 58 79 1528 124 513 132 1413 2190 123 157 676 2227 962 986 754 
1652: 2303 2328 1518 2208 210 825 2194 1229 1100 852 47 1050 368 2033 
53: 2303 2296 1449 590 1508 
91: 2303 2007 180 1784 957 2168 2322 375 1826 
166: 2303 2125 2209 2177 1203 1302 
167: 2303 594 2049 2050 
225: 2303 2251 1873 1467 1808 131 1289 1527 767 1179 223 224 2061 
234: 2303 943 2294 1673 980 1886 1475 1522 1561 948 748 1589 353 1651 1435 1022 1406 175 125 346 2161 1566 2036 1918 1288 
352: 2303 733 1873 1097 536 1613 923 626 946 869 1079 1218 152 2229 
555: 2303 957 510 73 638 1308 891 953 1841 637 
556: 2303 928 63 2157 1323 929 484 776 1478 1235 83 1071 1212 624 1443 60 775 777 
672: 2303 1334 464 1235 149 
824: 2303 474 691 1066 1494 369 1873 2060 2131 2232 343 892 1391 272 1456 792 1996 112 1348 1179 1441 
829: 2303 2251 2264 1953 155 1525 1289 1841 1251 157 1930 
861: 2303 392 982 984 1154 2251 1171 1926 2332 448 1999 792 1331 978 881 703 983 857 1711 888 
887: 2303 1184 1873 370 2000 2002 129 1468 284 1478 1901 1191 1980 551 601 603 1686 115 290 693 531 257 1190 206 1937 223 2117 
930: 2303 2251 1315 623 1567 1173 
945: 2303 604 1664 2026 1089 1203 1663 533 
971: 2303 101 923 1962 1519 299 168 1814 661 1063 
974: 2303 1396 1410 1822 1371 200 298 1847 792 598 1228 
1035: 2303 1986 
1101: 2303 1646 2251 1371 1806 2040 1203 623 
1173: 2303 1873 2206 1748 2308 626 689 1276 1098 1277 537 1289 231 1267 209 930 
1442: 2303 1646 1086 1410 511 541 632 126 292 1744 1761 2275 1855 2064 1871 1364 997 1513 510 2125 532 2167 1334 1278 771 1435 948 2341 305 1854 2116 598 645 1167 137 79 99 87 377 567 1259 1402 1413 2316 2126 
1585: 2303 2251 2082 788 1525 449 1105 1106 1511 1535 1650 1743 2128 744 1856 1753 
1911: 2303 153 474 1646 2251 617 1643 1694 1784 1371 2397 1243 1440 2040 155 390 1929 1752 747 1985 788 2094 1276 2054 1277 1591 687 1456 448 1747 64 203 348 472 752 1108 1289 1386 1448 1504 
1716: 2328 2129 733 2251 977 1873 1948 2101 301 1835 654 950 2200 1866 1270 2357 326 2137 940 2063 7 870 1121 1177 
147: 2328 11 1082 2159 2022 2137 1979 165 1449 1418 
1914: 2328 392 1254 1646 11 1102 632 1160 746 1823 299 451 1798 82 334 471 664 688 799 1193 1318 1332 1370 1498 1528 1575 1730 2391 
82: 2328 1254 1646 2060 1469 185 1751 269 1914 911 1992 469 448 470 825 349 471 1433 1937 
2151: 2328 511 1598 501 532 1048 2092 
2314: 2328 691 2031 991 2182 1449 2227 2111 1979 
440: 2354 2129 1015 1646 2073 1410 1434 1544 1537 536 1070 63 632 1744 1811 1855 1578 1934 960 997 1513 1687 532 232 747 25 123 266 1337 1391 948 437 970 2257 1435 1140 2153 802 214 243 248 264 305 389 1471 1802 2316 1177 1567 2063 1718 1980 1854 969 2387 1242 736 1760 1862 
439: 2129 1646 1673 2073 1388 1846 546 1544 2039 59 1615 2138 632 2205 292 1740 1761 625 1855 1869 342 1871 911 923 451 1687 232 626 457 1449 123 1337 131 438 1334 1843 1569 1794 137 1444 1435 310 771 79 2116 2316 452 866 394 19 20 214 243 248 377 389 1529 645 2226 2227 525 1807 1381 2341 2096 1862 1612 1231 2126 1237 1006 2274 1259 
192: 2129 1410 628 2205 1740 1761 2275 1823 1371 1871 1431 62 123 1334 771 20 79 99 148 1012 377 1529 389 645 1413 1802 1933 2316 2020 310 567 1854 452 2116 1862 1099 1231 2126 473 2274 
262: 2129 2251 1744 1823 532 948 260 437 305 1726 2274 243 1763 
969: 2129 860 1873 59 628 716 1800 362 390 2125 1611 266 959 131 267 440 1840 1794 1841 1528 601 2063 2128 1596 124 1573 986 
1391: 2129 738 1873 2060 536 1613 2131 628 292 1740 2344 1852 1374 1953 2002 510 1611 638 626 66 266 1067 2100 637 1774 869 1277 326 953 440 1536 1197 2137 435 79 272 497 824 963 1907 1857 1903 
1528: 2129 628 1733 1476 1914 950 1752 122 414 131 1794 285 1305 1203 2356 1048 2063 1747 132 969 70 620 679 1183 1345 1423 1573 1887 
1573: 2129 1204 628 292 1774 970 1794 1528 2372 969 
1839: 2129 1410 2275 779 1687 2054 1957 168 261 267 566 2046 1847 1249 1168 734 1877 1587 
713: 2012 738 928 1518 9 362 32 2040 779 200 2069 372 235 273 304 938 1333 2361 792 1491 750 
1694: 2012 153 453 928 1154 1646 2073 2147 2251 2395 1993 350 1624 617 1873 1607 1410 11 55 511 1102 1537 1540 536 1078 604 120 632 1160 1691 1275 510 779 403 1823 1277 1591 2014 746 1162 2094 638 1847 1105 1261 996 13 30 64 66 123 131 168 174 214 232 237 244 293 295 309 325 343 348 394 399 410 455 460 517 563 564 637 644 693 755 788 792 800 869 890 909 918 967 995 1017 1040 1063 1098 1114 1117 1123 1151 1259 1276 1286 1348 1386 1437 1440 1448 1456 1476 1525 1539 1553 1678 1733 2250 1744 1822 1911 2361 2257 1869 2018 1957 1935 1985 
81: 2012 733 919 2251 1537 536 632 179 1852 362 451 1798 747 1731 470 2100 637 1866 359 1428 2179 304 1333 
744: 2012 1102 2082 2176 424 955 788 1456 449 2343 922 1106 1511 1535 1633 1650 1743 2128 221 636 1510 1487 1856 705 1585 846 1753 
1110: 2012 474 733 1646 76 628 923 564 200 129 626 26 1007 1986 1984 2209 1346 1367 776 325 1562 1564 792 1347 90 678 298 75 653 1435 229 598 674 83 254 1111 1216 1988 
1985: 2012 1646 1689 617 980 1607 1544 511 1537 536 1574 126 1694 1809 1748 923 925 2018 1440 32 1808 626 1277 689 2094 66 994 792 168 64 176 231 348 788 869 944 1083 1267 1276 1348 1386 1448 1686 1690 1743 1911 2066 2065 
467: 1759 536 2131 344 991 8 448 437 169 1198 2343 2377 417 756 2042 2175 1703 
69: 1759 733 1154 1396 1873 1419 11 1088 511 403 1394 970 1367 1399 459 268 2188 150 1045 792 1822 1953 1957 171 1449 2088 1962 693 951 1084 1872 1502 869 
843: 1759 1015 2147 933 874 11 77 150 151 244 399 563 586 587 981 1953 1576 990 869 939 
1020: 1759 392 2294 527 691 2035 1664 2344 2296 747 751 1808 135 469 1525 2107 766 1277 176 1647 1827 2149 2036 1663 688 576 793 1019 1439 1989 
1031: 1759 1646 2073 1419 511 1613 1160 1476 1823 1822 1869 343 32 360 1277 66 644 792 151 1991 869 2240 2372 1348 1889 1775 
1196: 1759 2073 1869 2107 1019 2036 
1265: 1759 2251 959 295 958 678 2334 620 1458 
1473: 1759 11 1088 2060 2157 1733 992 970 668 867 2152 1731 1738 
1517: 1759 733 1356 1646 2073 2234 411 1494 604 632 1664 1160 662 2344 1869 1687 2150 1522 747 1986 1343 1324 2114 1978 1568 1818 1841 353 1179 825 123 1089 869 704 124 1188 839 1538 2088 1975 248 2372 1305 214 1963 594 1471 1263 176 195 548 551 808 934 968 1103 1115 1339 2077 1885 2400 
1675: 1759 309 825 803 2009 
2229: 1759 153 2251 1689 994 709 1362 1363 352 152 
2048: 1759 474 2189 2073 1545 1036 604 1733 245 1869 743 1495 1687 1556 584 626 422 26 123 325 336 792 1840 1331 90 1491 1841 1332 97 517 1705 170 780 
2161: 89 1039 1396 499 925 2361 773 1105 600 112 1380 1228 234 609 1884 
2226: 89 894 1518 1623 1646 1388 1845 1419 655 656 698 586 1519 457 448 437 597 1847 653 1972 1435 439 2227 2256 290 357 2277 1814 311 815 1348 730 1336 517 1121 1299 1177 1606 552 1339 
2246: 153 1102 604 632 179 180 2064 923 1462 960 510 2125 4 637 2356 326 359 473 949 1149 1542 1903 
1246: 153 1646 860 1873 55 1613 63 2136 632 1661 1160 1213 1740 2344 2397 1590 923 925 1953 960 2002 996 997 564 2125 1582 232 1952 2139 4 372 1527 79 122 131 188 254 325 414 452 497 502 670 717 735 806 820 854 859 876 897 986 1048 1162 1167 1526 1278 1917 1413 2014 2334 2066 1336 2297 1249 1718 1847 1980 1854 2372 2385 1991 2128 1346 1875 1367 1965 1562 1897 
2014: 153 2251 1846 2060 1694 923 150 1246 1276 2054 1449 4 372 1277 1879 1527 214 
2039: 153 474 1396 2073 1967 860 11 923 66 159 229 341 343 439 772 792 948 1317 1441 1456 1471 1606 1663 1664 1841 1869 1872 1953 1992 2291 2167 2307 2386 2155 
1574: 153 733 1396 11 123 269 293 470 599 1074 1234 1520 1985 2257 1849 2250 2156 
890: 153 1646 617 2091 11 2136 1643 655 2315 1694 301 155 470 517 570 703 1395 2054 2167 1808 1556 1330 1219 1490 1108 1513 1514 
416: 153 733 2073 1624 11 511 2060 1018 2101 1733 1744 1751 1869 360 1277 958 959 123 284 1276 2188 785 1299 2062 1850 956 1513 
460: 153 453 733 1356 2251 2395 1993 617 11 536 1078 628 1691 1694 909 1953 32 1275 13 30 66 129 410 455 755 1525 644 2061 1040 1957 564 2357 767 1098 1355 1228 1103 1885 469 728 1121 
100: 153 2251 1088 2131 1811 344 923 451 779 155 891 991 296 66 25 850 2357 1203 769 867 108 1259 
1024: 153 1396 2073 1783 1026 319 1589 204 420 1084 465 31 
2065: 153 1689 2131 1809 344 1934 923 1946 343 155 2113 2214 1808 1985 994 689 788 1276 2054 1525 348 1117 1277 1847 326 1591 169 2207 449 2343 916 1690 
1586: 153 1428 1502 182 
854: 153 1088 2101 604 2176 1764 923 1951 1246 2054 959 953 473 324 1108 1289 690 2102 375 364 
1106: 153 453 1646 536 2082 923 155 1808 994 666 788 1853 1446 1108 1628 653 449 1632 913 1105 1743 419 2128 221 744 1395 1650 1535 2304 1633 1511 1585 1856 1345 2135 1753 1627 1631 
155: 153 453 1646 2073 1717 2251 1689 369 1088 546 511 1537 536 1621 628 1160 292 2231 1744 1869 1371 890 923 995 996 1513 501 32 510 360 1591 326 953 1774 1562 626 638 386 1525 1986 1808 792 517 1087 100 1141 1984 2159 1980 2168 1951 747 891 38 138 761 1922 1289 1421 1933 2065 799 297 825 829 2111 1911 897 1355 1106 983 220 990 1633 1690 
1219: 153 2131 344 890 343 1582 1479 2392 169 1355 2343 1395 517 882 1514 
2274: 153 201 1015 1396 1846 1873 655 200 1556 1611 129 232 747 2361 455 1519 812 266 1051 766 1354 1520 58 192 267 2249 2327 1278 263 439 1982 262 2270 287 121 851 1898 148 1683 1636 758 973 1919 2005 2267 
1289: 153 1356 1646 369 511 655 1852 362 155 386 891 2054 1911 637 359 1277 326 1105 1814 225 854 829 1173 
2329: 153 1254 1365 1422 2251 588 498 448 2330 1048 1690 461 807 1900 2036 1541 1899 1924 1977 2037 
287: 153 733 2251 1873 129 249 1536 697 1982 389 1857 1150 1683 2274 121 794 1757 609 973 664 
876: 153 1751 315 360 1246 2159 
1452: 153 733 511 1036 117 253 951 162 394 1228 
987: 153 779 2347 
656: 201 733 2073 2395 350 11 1124 628 655 1811 1519 19 245 263 599 653 1906 2178 1418 780 911 1041 803 2341 1836 1714 2226 1463 1348 1992 1234 1897 751 
2285: 201 11 1194 1371 170 200 319 341 644 895 925 1146 1187 1229 1259 1799 1819 1883 2361 
14: 201 738 511 1953 953 1491 1278 80 912 
125: 201 1422 2294 2073 527 933 2131 918 200 1687 2361 469 123 1908 473 800 325 176 449 2311 1278 1262 786 790 816 1014 1059 1483 234 
2036: 201 350 1066 911 960 200 314 26 27 135 448 450 470 447 43 2149 1020 1719 67 1193 624 2329 1138 840 633 1196 234 
2042: 201 982 2395 933 1948 560 2397 1871 1953 557 200 587 1174 1314 1359 1360 455 296 1273 1731 1883 1490 515 594 748 1456 2327 2110 1653 1787 1218 467 1362 202 2365 804 570 1583 1735 2081 1292 288 1958 648 
1698: 201 536 1243 923 951 1582 2182 678 2297 1736 745 1666 240 1239 1795 
1966: 201 1254 1646 1410 1088 1648 632 1160 1476 925 1953 1992 779 1582 1210 747 981 788 2182 1591 1879 2392 18 2257 1569 307 517 631 637 867 869 904 1108 1151 1259 1395 1743 1903 
1080: 201 2294 200 1671 1277 2330 1747 807 1258 1292 
2098: 392 2251 11 766 1005 1025 1421 1439 
1986: 392 453 1154 1558 1873 1607 1088 2060 46 101 1160 1823 269 2333 1872 911 918 451 155 200 626 298 786 1351 18 90 290 302 325 445 449 674 739 792 888 1035 1110 1111 1151 1316 1324 1326 1343 1368 1399 1517 1520 1718 1818 1840 1875 1937 1984 2318 2128 2292 2137 2114 1989 
22: 392 972 1343 1324 311 417 1465 1038 2342 207 465 397 218 380 881 
218: 392 733 1154 2073 443 837 1540 1171 1475 1939 2003 1926 26 27 2155 2187 1384 319 1343 1978 1324 2085 461 1875 2089 2342 52 265 798 1291 465 855 2290 397 2097 22 380 643 1551 558 1941 881 
27: 392 738 2073 411 1494 369 1873 1410 1102 2060 1160 2206 1194 1823 1869 911 1953 995 200 626 26 298 786 970 218 1343 2342 792 517 2153 2036 2159 1151 135 901 790 2330 1311 1317 442 295 768 1730 90 
52: 392 616 982 2251 1367 1491 2362 605 1405 233 376 218 397 2093 2097 1298 1895 
177: 392 1171 1934 1953 1210 2153 353 688 855 999 
205: 392 1999 1942 1964 
265: 392 733 1154 1702 2251 411 933 2130 604 1792 451 792 43 409 976 598 551 1324 590 1207 218 397 629 1062 688 
303: 392 2101 1835 1731 1866 2159 513 
376: 392 2073 2259 2251 960 959 1542 2362 1105 605 1858 1087 2093 52 858 1820 1728 2145 1421 
1399: 392 1154 2147 837 69 77 1469 2397 563 399 2296 1953 972 564 1323 239 428 946 1468 981 26 484 689 1986 1984 123 1067 2225 850 2396 1637 881 138 508 1043 1222 1368 2309 2088 
1027: 392 1026 1084 
1926: 392 2251 32 1499 218 1343 465 881 703 165 841 861 1291 1298 1696 
1298: 392 1293 1558 1646 2073 1926 2293 1575 1029 1848 417 1989 1568 52 1291 465 2288 2289 915 941 1307 
1685: 392 451 747 1367 319 1048 1526 465 2339 2263 1820 770 1684 
2071: 392 1293 869 550 978 461 465 
2089: 392 2131 1296 1041 807 218 
558: 392 1384 1005 1968 218 
1207: 392 2073 869 594 1999 204 461 465 881 265 104 
445: 392 616 1154 411 1872 2041 2187 1986 948 792 1343 298 1794 599 1324 1351 786 614 1471 985 1596 703 1730 2400 1016 
2236: 392 2251 980 1410 1784 918 1752 1323 1962 1273 706 800 777 664 1828 1274 2299 
1684: 392 2339 1685 729 2263 2378 770 
1989: 392 1518 2073 2395 604 1664 1171 1872 799 1561 2187 1986 1316 1334 1343 1324 1020 1956 703 1050 1298 2084 721 1988 
394: 392 1015 1518 499 527 1624 1846 1873 2007 1088 2185 632 1694 2371 972 564 1522 428 1519 469 470 1774 1354 438 1180 1249 395 1637 1452 745 439 1326 1375 2227 1336 664 1483 2015 1376 
465: 392 1293 2073 1926 594 1112 1005 1398 1363 600 1104 461 2022 2071 1024 1207 328 22 218 31 397 459 2288 893 1298 1685 818 2097 
1999: 392 2259 1410 536 1680 397 1331 636 1794 1207 209 205 861 1771 
857: 392 536 2343 620 861 397 
1384: 392 474 733 1154 1185 1052 996 2040 1210 1418 218 1343 792 1772 516 1216 1902 558 1152 2202 
1568: 392 733 738 2073 1976 2132 1664 662 784 200 1687 26 135 1517 1870 123 359 325 1840 1331 1343 90 1591 1491 1841 1332 598 606 548 2178 1029 1380 881 703 1291 1298 1368 2202 2088 
605: 392 616 2073 2251 1734 869 792 2330 949 2356 1848 52 376 2288 2289 1820 1728 
881: 392 1588 1926 1841 1399 1568 861 1207 2342 508 218 1566 22 
1275: 453 2251 2395 1993 1545 617 196 511 1078 628 1164 662 1691 1694 909 1855 911 460 564 2 13 30 66 320 410 414 455 755 1040 1098 1232 2034 1525 1957 1870 2144 
553: 453 1673 11 451 80 117 169 417 438 1952 1972 2326 1372 2209 1484 1263 
1078: 453 733 2395 1993 486 11 1074 1075 1076 1077 1275 13 30 66 269 410 455 460 548 564 1525 1925 1691 1694 1098 1620 1560 
174: 453 733 1702 411 691 369 11 1694 1919 2005 353 1343 355 2180 2015 1836 688 
399: 453 928 2073 2147 1993 1873 1419 11 511 77 2131 632 1160 1691 1694 237 1823 843 1869 344 563 32 510 360 403 923 451 970 1261 239 13 66 150 154 244 335 755 1143 1331 2167 1023 1791 587 400 1678 1934 1399 2250 918 1687 1818 800 1314 1953 402 1098 428 564 566 2343 981 586 1610 1489 2385 939 990 869 2195 871 1897 669 
2250: 453 2073 2147 1967 617 1607 1410 11 511 1574 1074 1691 1694 1476 237 269 2156 1869 563 399 918 32 360 953 626 244 293 295 335 564 586 587 800 822 917 981 1084 1228 1314 1489 1630 1808 1831 1953 2209 
13: 453 2395 1993 536 1078 628 632 1691 1694 1823 269 1822 848 563 399 1953 460 997 564 1275 1687 587 244 626 239 455 1525 1098 800 410 30 66 
30: 453 2395 1993 1124 1078 1691 1694 563 2018 460 997 564 1275 360 626 455 13 2356 1525 1098 410 1918 792 1332 1980 66 1343 1998 2009 1770 1389 
66: 453 928 1154 1254 2073 2395 1993 1689 1873 1088 511 2039 1537 1078 1621 2131 1656 2176 1691 1694 1809 1476 269 1869 848 563 399 1934 918 923 2018 1953 150 950 451 460 1806 564 1275 2032 1031 2113 586 587 1676 2214 2215 2216 2217 2218 2219 2220 2221 2222 789 244 1808 891 1985 455 981 994 689 1463 1276 2209 13 30 1277 2356 1162 1525 1098 800 410 755 1538 2066 2084 2211 565 1618 100 105 623 1151 1678 657 151 1690 169 2240 1267 792 1877 869 1391 414 1972 2193 2011 1435 
335: 453 2147 691 369 1691 563 399 2296 918 2250 1953 564 586 587 244 1314 1489 981 800 958 353 175 
410: 453 733 2395 1993 617 860 1124 1540 536 1078 1691 1694 909 340 460 564 1275 455 1957 13 30 66 2356 1774 1525 1098 118 325 755 884 1040 792 869 2009 
1523: 453 2251 1993 451 779 2209 1368 
516: 453 2251 691 837 1545 369 2157 292 1740 451 496 360 1798 747 1384 2209 123 1774 131 1435 1317 839 490 68 2096 175 365 492 2085 2111 1497 872 2158 
2051: 453 1646 1537 2101 923 451 105 204 1218 1395 1771 
1040: 453 617 1768 1540 1691 1694 909 460 1275 929 455 1957 410 755 1098 2009 2387 
537: 453 733 1673 2073 837 1088 511 1744 1476 2333 1869 451 1939 496 1522 626 455 991 2310 1984 1367 295 1879 1446 325 2357 1637 176 2257 517 302 624 1972 461 186 494 1963 1013 1264 1445 413 477 535 1397 540 1816 539 1173 1366 
1358: 453 1518 837 860 1768 1102 451 1610 747 751 2369 2310 1490 2209 123 359 2104 970 1153 2334 2049 668 1485 1810 461 1956 2163 154 1543 
587: 453 1396 2147 2251 1607 1410 511 1537 536 77 2176 1160 1691 843 848 563 399 918 923 2250 1953 996 564 32 510 360 779 1687 586 1591 1562 1261 13 244 800 66 335 1143 2042 1314 939 1083 2377 1489 981 644 990 
755: 453 928 1993 617 1540 1691 1694 1733 909 563 399 918 460 564 1275 244 455 1957 66 410 1098 800 17 1678 1040 
666: 453 1254 2073 511 1160 1744 1476 1869 911 1806 1676 2214 626 2159 1520 825 123 1957 669 1303 214 1117 173 242 667 1106 
1098: 453 928 2147 2395 1993 617 1544 511 536 1078 1621 1691 1694 1764 909 356 563 399 1934 918 923 150 957 460 1806 564 1275 1916 586 244 1808 626 455 1957 312 13 30 66 410 755 1040 219 1525 151 169 256 295 623 690 792 800 869 1048 2164 1267 2062 1538 1173 2211 2377 1877 1641 
2292: 453 919 2073 2276 2251 443 933 2130 1419 1088 1082 2060 604 628 1664 160 1734 301 2258 1869 1886 992 2031 360 751 626 991 26 135 507 1463 1986 2332 1316 1418 1984 165 123 448 1346 825 1520 131 1041 1123 1005 23 70 90 184 214 449 636 674 703 1326 1566 2021 2159 2188 2193 
811: 453 2073 41 626 451 1249 1869 362 1364 1522 586 138 361 1395 1115 
2369: 453 733 1154 2073 443 2130 1410 511 2131 604 117 1869 1934 923 150 451 32 510 360 2125 1556 23 1435 151 169 332 409 461 490 792 869 1132 1358 1647 2062 2178 2227 
867: 453 1356 1088 541 2131 1645 1426 1473 1946 2029 1210 2182 1966 1490 1067 1908 1840 90 100 176 1435 547 1329 1632 214 50 227 282 405 482 492 525 1366 1125 
2400: 453 1154 237 1371 2167 626 1519 1517 1354 825 1520 445 1115 
1456: 453 474 1646 2073 45 499 1976 617 1607 1410 1102 2039 1537 536 628 1694 292 1733 625 237 1823 1822 308 2258 1872 1371 451 1939 995 996 997 2026 779 403 200 532 626 991 26 135 694 2155 2332 1911 2209 123 299 1774 869 131 1367 295 348 597 1117 298 1261 16 90 124 517 744 790 792 824 1348 1441 2042 1820 1849 2343 2257 2204 2372 1877 1637 
1314: 453 1646 2073 2147 1717 860 1410 1544 511 2060 536 2131 1160 655 1691 1469 1744 1476 1811 1869 2397 370 563 399 911 918 925 2250 1953 451 564 32 360 779 1687 1798 586 587 750 244 1394 958 2049 800 1468 792 1536 1151 295 169 173 188 335 468 482 534 825 846 869 904 981 1007 1009 1214 1242 1268 1957 1321 1489 2042 1538 1484 1883 2139 1370 
1489: 453 2073 2147 1410 2131 1160 662 1691 1869 563 399 918 923 2250 1953 564 32 320 2034 360 779 586 587 641 244 1314 800 295 154 248 335 566 981 991 1143 
1530: 474 1163 11 511 372 1798 24 342 353 552 1074 1484 1590 2177 1576 1577 2281 
245: 474 11 2060 656 32 953 447 448 450 2048 
2026: 474 733 738 2251 1892 1873 1607 11 511 536 2131 604 2157 150 950 1879 2049 786 165 325 703 778 945 1316 1343 1456 1561 1841 1890 2095 
507: 474 1396 2073 493 691 511 2060 1613 2131 1160 1733 1744 2335 1869 343 200 626 314 991 1562 2292 24 2311 782 1824 807 1331 956 2362 
2153: 474 733 738 443 212 980 1410 2157 1142 1764 714 1867 341 1374 911 1934 957 960 992 73 1611 2144 2323 929 1962 27 2318 414 25 44 266 1120 959 58 131 168 267 440 958 978 204 771 1915 1140 1141 79 177 220 235 289 353 598 606 695 1022 1063 1372 1428 1567 2008 2010 2066 2362 2357 
1637: 474 733 1015 1588 2294 2073 2251 2395 1545 1088 2131 1664 865 2333 909 315 1869 1934 1953 150 779 403 200 2125 1798 1522 626 422 26 135 457 2310 161 470 1456 325 792 1328 1343 90 395 970 298 786 1491 151 394 525 537 664 1071 1179 1188 1336 1348 1399 2324 2253 1963 
135: 474 733 1254 1673 2276 2251 443 691 933 1163 2130 369 1607 1410 55 29 46 2131 628 865 1160 746 1792 1822 2258 642 1872 344 923 150 1470 343 200 1357 728 626 26 27 298 299 970 2279 273 1456 448 2292 792 151 165 2036 1568 2086 570 90 1637 2155 1020 1022 1153 1672 2320 1696 1316 295 169 1326 2095 1463 1346 2332 1067 1984 2388 353 1561 1635 235 
725: 474 330 2323 26 799 1957 1490 869 2326 2270 1705 1697 2092 
33: 474 536 1449 448 450 84 
348: 474 1967 617 1410 536 1613 120 1694 911 1440 626 1985 788 2094 1276 1911 64 1277 1456 375 1625 435 1448 152 2065 1386 
2041: 474 1088 1160 654 1953 1611 457 970 1367 1596 448 1956 803 373 2341 115 445 1016 1268 1526 1703 1760 
762: 474 1410 
694: 474 1160 1822 1456 792 214 
1776: 474 1185 1624 536 1171 1872 2003 623 871 1343 958 169 803 1324 334 1032 855 1023 1128 
1612: 474 1102 1615 628 301 309 991 58 439 2083 
685: 474 733 1873 2132 1939 991 247 792 1331 105 
597: 474 1410 604 2176 2397 1951 1174 1176 232 1359 1360 428 961 981 457 948 907 1456 1815 1553 305 435 1814 2256 2226 323 231 
819: 554 733 1396 2234 2251 1934 1556 38 956 313 598 606 417 552 1177 1121 
983: 616 982 2259 2007 1953 155 869 359 409 2128 787 861 
1112: 616 2073 617 2007 1410 1537 911 960 1026 1522 751 929 455 1672 959 850 295 1591 141 1294 465 1193 889 1790 1029 420 328 1814 2252 727 772 893 985 
1401: 616 1284 1858 
1785: 616 2073 1687 1005 1126 1104 461 964 396 2352 
1400: 616 
2376: 616 984 2251 1082 1522 239 572 
1723: 699 784 2150 2149 258 
2239: 699 
593: 733 894 1518 41 2 26 59 90 259 324 362 447 448 450 451 473 505 511 1653 1536 1284 1158 2327 799 2209 2357 958 960 1214 1089 1615 1984 959 1249 1901 
1811: 733 894 1015 1154 617 1419 11 1434 1088 511 1537 2060 1070 59 63 1615 604 628 656 292 1744 1476 1823 32 403 8 957 958 959 2049 100 264 266 305 311 343 386 440 668 803 918 950 960 996 1063 1242 1261 1314 1354 1371 1426 1562 1611 1774 1934 1824 2063 
72: 733 350 11 8 1010 150 151 856 889 1338 604 1820 895 1216 784 2017 645 496 
2170: 733 1607 1124 1540 536 1744 340 386 8 869 282 1435 1782 2173 
1948: 733 11 1716 1847 98 123 169 657 781 1461 1514 1538 2334 2042 
1036: 733 617 11 632 992 958 26 75 90 200 333 448 618 888 2296 2048 2311 1043 1449 1452 1071 1603 1222 1483 1496 
1056: 733 2251 11 309 790 1421 1296 
46: 733 2251 2130 11 1334 2131 1157 386 122 123 135 1986 1212 2125 625 
1076: 733 2251 486 2007 11 1075 269 314 548 1620 1077 1078 1560 1730 1346 1925 2182 1992 
1077: 733 691 486 11 1074 1075 1076 269 314 548 620 869 1620 1078 1560 2182 1925 1992 
1620: 733 486 11 1074 1075 1076 1077 1078 326 23 176 238 269 707 825 1228 1560 1925 
607: 733 1873 11 63 923 362 601 766 2396 2397 1687 1188 901 1286 1316 1676 1135 
101: 733 1254 1396 2251 493 11 510 632 73 292 1858 38 2290 1220 129 1025 1794 141 1294 1810 792 1687 1943 1550 286 455 869 606 306 1718 1210 2361 1980 1982 1600 1986 620 971 1998 2257 598 2261 478 991 1377 995 485 997 1733 
1135: 733 493 11 1544 1540 1613 2138 607 628 209 599 750 766 1522 1906 1286 1676 1939 1431 1316 1188 2069 2396 
116: 733 894 1646 1873 1410 11 1102 1537 1540 536 510 953 292 638 1371 996 340 419 309 954 1490 598 869 
1230: 733 1154 711 11 1088 360 461 1822 1348 
731: 733 691 2132 11 2392 142 703 792 2343 1485 
43: 733 894 2091 1434 511 63 315 311 2036 1841 1746 1654 1726 1242 265 1234 2163 1579 2063 
60: 733 928 2395 1993 486 1124 918 200 1323 626 929 484 1418 776 800 1478 1235 624 1443 2009 2198 775 777 556 737 
68: 733 1545 451 496 450 516 1317 2085 2096 461 1487 
84: 733 691 1664 2231 1855 981 299 2326 2230 33 85 1245 491 
113: 733 1367 
190: 733 2073 511 1540 536 1744 1869 918 1206 821 2076 189 2009 652 1508 186 1153 2334 1880 182 1155 2070 2072 1062 183 1796 1987 2265 
263: 733 59 632 656 1658 1738 532 2238 953 437 2038 79 19 148 186 214 223 243 1177 1697 1854 2274 2022 
304: 733 1646 2395 1733 356 362 957 713 1752 1449 448 520 2207 1017 598 606 81 1333 2290 1032 
316: 733 923 951 991 472 904 325 1562 1569 1259 612 1795 
317: 733 1664 448 450 1343 1841 1332 2270 2017 371 
339: 733 2131 344 343 169 1305 606 2343 206 
407: 733 350 511 448 825 1041 1197 1033 
418: 733 2073 2251 2031 747 2054 1067 956 2159 323 620 1395 
633: 733 1426 353 2070 183 840 446 2036 1880 2072 
706: 733 1540 536 1613 1822 510 2209 2009 16 796 653 1880 2137 2236 803 2233 
1012: 733 1611 266 192 260 267 2249 1794 1972 
1017: 733 2251 1694 2156 362 1983 1774 748 1203 1048 889 1234 1949 304 86 209 664 2290 1032 2090 2128 
1561: 733 1646 2294 2259 1892 874 2132 2060 604 1160 1440 1495 992 2026 360 779 200 73 1210 715 747 626 26 135 204 786 970 800 1343 703 90 78 176 234 652 661 778 851 878 879 932 1071 1245 1286 1316 1395 1538 1539 1542 2332 2063 2088 2095 1895 2109 1941 1989 2396 
1529: 733 1967 1846 1088 2060 895 654 424 451 2125 1611 161 266 192 260 267 272 437 2249 1249 79 439 631 2137 2158 1132 2128 1028 1130 1997 
1566: 733 960 26 2292 792 1343 90 652 736 881 234 2191 2190 
2085: 733 2251 493 837 1494 1545 2132 1102 1613 496 2237 516 1562 1005 2049 1025 218 68 318 454 492 514 1497 
1145: 733 837 150 451 2125 1423 2102 517 1850 211 
2095: 733 411 1624 2132 2091 604 451 2026 135 1561 2209 448 359 169 2133 1373 781 1941 
1962: 733 2073 691 837 2132 511 536 69 2131 2157 632 1160 1476 237 1869 1934 1953 343 32 510 360 779 403 2115 626 1879 1525 1468 1324 792 517 2153 2362 1151 334 566 590 657 832 869 971 1058 1067 1348 1548 1807 2307 2310 2184 2316 2165 2236 2116 2017 
2133: 733 905 1154 1702 411 837 1185 2132 1419 632 451 1521 991 1870 25 2103 792 1343 2330 409 1978 1324 2114 83 230 334 610 688 734 735 781 855 862 1730 1922 2084 2095 
1997: 733 1993 933 1908 2330 606 138 1529 552 
2141: 733 2251 1828 
1631: 733 1865 2082 2101 1202 1835 2018 981 788 1853 869 1367 1589 1562 324 505 1628 1278 603 1632 1105 902 1106 1535 1633 1650 1743 2128 899 582 2111 1627 1205 221 2375 
1651: 733 2259 2007 1088 1124 511 2131 655 451 403 1687 1519 448 450 1051 1520 2103 1536 884 447 1810 517 1747 1132 115 234 653 1299 1543 1609 2015 
1680: 733 588 933 1184 1185 1624 1976 374 511 1160 360 2003 1277 305 1999 
1703: 733 1154 1396 2251 374 2132 2091 604 1142 1664 1171 1315 1939 1521 2041 2155 247 792 1840 1331 1491 1841 1332 1324 467 1032 1663 2084 721 855 1211 2273 1286 2056 
2233: 733 1410 510 73 706 953 2009 792 869 
1726: 733 837 2130 1070 2131 2283 344 654 343 260 792 1343 970 43 169 1933 1579 1278 2343 542 357 1942 262 389 1654 610 2160 1963 1856 1887 
1735: 733 691 369 536 450 1487 2042 
855: 733 1154 1702 411 1424 2132 1171 1315 451 1939 2155 2187 414 359 792 1331 1343 970 1696 1978 2133 1324 2049 1825 1485 1267 1776 502 2084 688 703 1596 1703 218 397 2263 1722 1668 721 177 1742 
1678: 733 828 928 2251 1993 1124 196 536 560 2157 1164 1691 1694 1476 253 2371 563 399 918 2018 564 360 244 1276 66 755 800 2297 251 408 1198 2377 
1474: 733 1702 411 2132 1537 1374 923 1687 532 1870 247 1377 1824 1214 792 2392 409 1302 703 1373 1730 688 2084 508 1032 1922 
1747: 733 2073 2251 691 1388 1873 2091 55 1876 1768 1664 185 2264 2335 1869 2064 918 1752 244 1808 2086 1974 1911 766 869 953 800 2076 2327 325 189 1651 652 1528 2070 2372 268 1080 1342 618 1705 1918 2245 121 182 183 186 346 477 664 758 1013 1014 1062 1155 1274 1297 1512 2321 1898 1750 2072 2265 2117 
734: 733 45 2132 2284 2054 1957 1839 319 792 409 2133 1229 1162 1233 
737: 733 1876 1768 991 484 776 964 1705 60 1186 765 
2270: 733 1588 1873 2060 200 532 129 2361 869 1589 1847 958 1982 1609 86 1697 725 2274 188 317 609 973 1286 1692 
1765: 733 1855 1934 25 948 1343 970 305 1696 517 703 1042 
1769: 733 536 1800 414 1520 395 591 2063 1169 1487 
748: 733 2294 2073 2132 1410 2312 1124 632 1744 1476 1869 1872 923 123 869 825 1491 1048 1841 1332 1331 652 2311 325 883 1972 1084 78 234 2290 2042 1017 1827 1959 1840 965 
757: 733 1066 923 1774 2049 1417 1170 
2330: 733 905 1154 1365 1702 1892 411 588 837 977 1163 1184 1185 369 2132 2035 1664 1296 498 2333 1830 2371 1953 360 239 946 26 27 2155 247 372 658 792 1328 1343 417 1324 703 1087 2133 1978 2263 1111 162 206 214 290 302 338 353 419 508 581 605 688 807 914 1032 1080 1152 1211 1348 1459 1541 1542 1663 1686 1696 1730 1841 1899 1900 1922 1924 1930 1932 1941 1970 1977 1997 2084 2106 2289 2290 2313 2329 
1005: 733 1154 2251 443 1545 1096 2131 1664 236 2098 360 129 869 594 2292 1343 16 796 366 420 465 558 575 609 726 888 917 2288 1785 1663 1668 1820 2085 1841 2353 2362 2116 
793: 733 1154 1702 411 1066 1184 1830 2125 792 1343 1022 1020 235 703 1730 139 1487 1754 721 1023 
1305: 733 1494 486 511 625 2223 2344 308 923 812 1517 131 176 305 353 80 802 2088 1528 2372 405 97 339 863 934 1828 
2333: 733 11 511 1847 252 402 459 537 703 753 792 1221 1331 1343 1609 1637 1653 1687 1841 1875 1986 2114 2225 2330 2382 
802: 733 1102 1855 1934 25 948 58 440 970 305 1305 606 1042 
809: 733 1254 860 11 1691 1249 790 1745 1189 1483 1829 
1328: 733 493 837 1494 604 1476 911 923 451 360 239 946 1562 324 1491 1343 1956 1978 1637 2330 302 1841 1332 1482 1331 2179 494 500 1840 2324 271 1453 
2357: 733 828 1873 593 460 469 470 437 1536 2153 1716 100 250 108 115 395 537 1063 1560 1906 
2371: 733 1254 1607 11 2157 1733 1744 1476 992 1277 1591 958 959 1249 1367 123 394 395 598 606 869 1079 1140 1141 1177 1678 1844 1869 1934 1939 2330 2374 
2290: 733 1154 1702 411 101 362 990 359 748 1268 1589 792 1343 2330 970 1017 606 1321 361 304 688 704 218 397 508 634 1152 2288 2289 
1870: 733 1424 369 2132 1434 783 1408 1275 991 2318 959 1369 792 703 2133 1978 1568 353 1188 1337 850 2227 175 1474 1644 1942 
1360: 733 1154 2073 2130 511 2060 632 2231 1869 32 510 360 779 403 586 1174 1176 715 1359 1858 792 1332 328 359 409 437 597 842 955 961 1237 1313 1348 1421 1933 2343 2042 
853: 733 928 1356 2395 1410 1124 918 129 469 311 1972 1909 1198 138 2266 1543 
832: 733 2199 1962 869 1879 1794 606 883 1294 1441 1896 1890 1700 
886: 733 2251 511 536 32 958 959 1465 183 2163 1910 2076 1908 
1908: 733 933 486 2344 911 2034 886 469 1490 1234 867 252 125 138 313 357 526 968 1177 1543 1827 2316 1997 
1909: 733 2251 2395 1545 1410 1124 918 73 1323 2225 869 295 776 800 853 2076 2102 2009 302 183 1062 2372 
1364: 733 828 350 1068 11 811 918 424 1249 131 260 261 437 584 586 869 1442 
1404: 733 1154 499 691 2007 1540 925 150 360 586 2144 469 644 2139 1187 1273 1883 319 792 970 2105 151 1151 1284 452 1571 
1923: 733 1993 573 869 1901 444 2102 40 973 1186 
2364: 733 11 511 1751 1476 237 403 923 1157 115 402 442 469 470 471 517 598 648 715 792 803 878 1934 2368 
1930: 733 738 1154 1702 411 374 451 123 2330 1980 334 1875 703 829 1730 634 888 1023 
2185: 733 1015 1388 41 1945 1733 1778 272 394 395 591 636 916 1212 1344 1501 1533 1668 2163 2183 
1922: 733 2132 628 2397 960 451 155 946 457 792 1343 2330 302 598 2133 1474 703 
1446: 733 2073 2251 1410 1419 1664 1822 996 2187 1910 869 131 1663 2372 683 240 535 537 1106 1445 
1850: 733 1356 698 1374 416 451 869 1332 2316 1162 311 1145 1103 
1968: 733 1254 350 536 628 1164 1374 743 644 1303 2332 869 1277 2110 649 1151 173 2257 1063 648 188 558 1515 
1820: 733 2073 72 1456 1005 600 605 376 1685 1319 
949: 733 369 1656 1953 779 1687 626 799 470 2246 869 168 373 605 461 409 2128 1183 1228 
1973: 733 2251 253 1380 935 
1943: 733 2073 1613 101 1160 1869 2150 970 1858 437 1348 1630 
1303: 733 1254 1646 1717 1410 511 1160 655 1748 1476 1374 779 1951 1582 2144 1157 626 644 666 667 689 1156 1559 1779 1276 1731 1277 1591 2392 517 1151 869 1553 623 1267 1108 93 152 173 231 284 307 534 659 845 1063 1198 1395 1807 1968 2110 1883 
938: 733 713 751 
999: 733 2132 792 1343 1211 177 
2029: 733 1873 11 390 764 796 867 1287 1781 
1521: 733 2132 11 1983 1858 721 991 1324 1343 1522 1703 2133 
907: 738 76 960 1415 2385 904 597 800 1277 1991 1591 2297 1980 913 1965 10 1858 645 935 1857 1860 1995 
1740: 738 1846 11 1102 628 655 1823 1246 137 165 192 266 267 272 435 438 439 516 620 653 654 1121 1391 1611 2385 2137 2020 
83: 738 411 837 1066 1865 529 2176 2283 498 344 362 2181 1357 1157 2155 959 1277 792 1331 958 970 409 2133 826 2372 693 1110 1373 704 556 500 781 1043 2326 1859 986 
87: 738 1142 1934 957 1774 1442 1140 326 598 606 773 1686 88 417 1141 1193 2025 86 1667 1555 2067 2068 528 1430 1113 1372 235 
252: 738 1154 2251 1163 2333 1908 1840 1841 1048 250 2114 2008 80 217 1333 482 2058 
301: 738 837 1419 11 1102 628 625 1052 1784 1716 1774 58 123 131 169 2292 890 1802 2311 803 305 947 2366 1612 309 1123 2277 
323: 738 1537 2138 632 655 923 451 995 747 1519 2054 1051 1067 623 1354 948 1520 687 597 792 1847 1591 176 353 653 771 976 490 1348 334 1299 418 589 975 
404: 738 1623 2259 1410 1537 628 292 1371 1871 995 996 997 626 1994 
494: 738 2251 711 933 1388 1545 1873 1598 77 1751 2397 923 2018 960 1992 2284 564 1522 129 1210 1323 2361 981 1067 2168 1420 325 1328 1718 1284 1158 1249 169 537 1980 773 551 1262 1825 1600 1373 2163 559 880 1016 2090 695 
534: 738 779 789 1314 689 1303 959 904 958 2102 1167 408 2326 
596: 738 1993 837 1873 628 632 266 448 2327 176 
598: 738 411 443 691 874 2007 1102 604 101 116 292 1764 2364 2371 1867 1934 957 960 451 1738 992 1157 747 2310 414 123 372 623 959 1774 1346 1950 1442 1367 974 2153 1140 958 1591 305 353 409 1435 652 2356 786 417 2255 1141 1193 2362 1568 1110 600 819 265 67 86 87 175 304 377 528 1146 606 1375 1667 1922 2339 1063 1319 693 1555 1722 1393 1608 1430 1113 1862 1903 
678: 738 1607 344 1879 2009 1110 195 1698 1265 
683: 738 1558 1424 369 860 1419 1102 628 632 2344 1934 422 123 959 1774 1214 1334 1446 2293 382 302 1978 1329 1141 1301 132 1197 1487 844 1453 
1757: 738 1341 2323 287 2198 2267 973 1258 
1828: 738 2251 511 2236 1305 978 149 1640 2289 2141 
815: 738 2251 628 625 1823 123 2226 
1887: 738 374 2157 1822 1752 2318 448 1562 1528 1278 1317 2158 1726 
1466: 738 2251 486 906 2346 1589 1810 1500 2341 
963: 738 746 1374 2209 123 1391 1203 273 1278 1854 1485 940 2037 
1920: 828 369 1664 200 1449 708 
1512: 828 1747 
1527: 894 499 1088 1156 1246 4 372 2385 1879 505 1618 225 332 497 769 2014 
237: 894 2395 933 1967 1873 11 2131 604 2138 1664 655 1694 698 779 1394 923 451 1105 162 2309 517 399 1938 295 1962 1456 564 1210 2361 2364 981 1608 1992 2250 1248 2400 747 1263 2158 
1584: 894 1490 2392 2257 18 
336: 894 2073 499 1540 2087 1869 1872 923 451 360 1687 1522 1576 626 36 123 1435 2048 97 248 513 395 2334 1344 1234 1501 2015 1380 
264: 894 1588 499 977 604 632 2199 2315 2206 1761 784 1811 1852 923 1513 1611 638 821 1791 438 440 1567 1569 736 311 2063 1508 1197 254 1336 134 243 1807 1172 834 1218 
357: 894 499 1537 923 2002 995 232 750 1672 359 1908 1991 1562 1343 1284 326 1591 313 1491 380 580 1726 2084 2226 1471 1833 1253 
413: 894 1955 628 911 1420 1718 537 1262 622 
457: 894 1015 1254 2073 2251 837 511 1160 2232 1744 1476 1869 848 150 510 360 200 1798 1522 626 990 991 687 80 2257 439 792 151 168 1637 2084 1502 115 764 1671 1922 2041 1964 2226 2104 597 1903 
1403: 894 185 1872 1468 1251 574 213 
932: 894 563 1793 1561 1346 1608 
1336: 894 1015 2251 499 1768 1426 584 422 1246 2310 1420 325 395 1637 105 736 2334 1538 264 394 1071 2009 248 2226 118 482 1013 
259: 905 2251 593 1102 632 1855 923 1611 25 131 1117 1810 1158 1862 1483 513 877 2190 
1071: 905 1015 1702 2251 1036 1426 1522 584 1808 1844 422 1561 1910 1637 1660 184 556 732 1336 1013 278 476 1829 1248 
1119: 905 1513 1824 1277 169 2343 1115 
1663: 919 1518 55 2035 2039 2060 2157 1664 662 1734 746 1822 911 1806 995 1798 715 1671 299 2320 1446 319 325 1343 1718 2330 1005 324 1284 1158 298 353 1647 945 551 1686 786 2158 1100 102 1020 2017 1596 2097 2179 199 692 1133 1339 1402 1477 1483 1638 2088 1703 1722 
1097: 928 2251 1419 11 626 352 680 925 1029 1300 
1070: 928 860 11 779 632 959 1811 542 386 266 267 295 440 752 1237 1121 1346 1348 1726 
373: 928 1419 511 2060 185 1783 344 950 343 1437 2041 1418 25 1591 949 2356 1915 803 2178 2196 2343 
295: 928 1254 1623 1646 1717 1993 1388 1873 1410 1544 1537 1070 1074 1694 1469 237 2258 848 918 2250 951 779 1951 1556 1085 2113 73 586 2144 638 232 751 1314 314 891 929 422 239 1489 981 27 135 484 644 667 689 753 812 2139 1974 1187 1276 1731 2332 1883 1394 1957 414 1098 1525 372 953 168 1277 324 800 1456 90 600 2320 42 206 523 1565 566 594 1112 1625 2166 1191 1724 537 1265 758 1292 2327 1843 1881 1885 1909 1414 1987 1480 1775 1002 1009 
1844: 928 1015 2395 1993 511 655 2371 32 584 129 1394 1277 1705 448 278 422 469 476 753 816 1013 1071 1090 1248 1910 1972 
775: 928 1993 1876 2087 1323 626 929 484 776 1478 1235 124 624 1443 1705 2198 60 1918 556 777 
777: 928 1323 929 484 776 2236 1478 1235 624 1443 60 775 556 
186: 928 2251 2395 1876 77 1323 484 776 2076 2327 189 190 537 652 1153 263 2070 1747 1155 1705 1918 182 183 2072 1062 1880 2265 
609: 928 2073 1873 2018 431 960 2361 473 1005 1193 2270 287 2161 1697 973 
2070: 928 632 929 836 2076 189 190 652 2179 1747 1443 186 758 1880 182 1155 183 633 1062 1543 2072 2265 
1443: 928 2251 711 1876 1323 929 484 1149 776 836 1478 1235 2070 2102 624 2009 60 775 777 556 
1478: 928 1607 1410 1876 1768 1540 1869 1323 929 484 776 958 1105 1705 1718 60 775 777 1443 556 624 887 1235 
2257: 943 196 1574 101 1694 236 1522 1210 26 457 2182 1966 1490 669 621 1377 440 1268 1456 2110 1109 326 1569 2392 537 826 1281 620 1968 18 138 258 462 659 1062 1291 1584 1918 
600: 982 984 1293 2073 2251 2130 1613 2199 343 26 1463 1346 869 1367 295 1881 319 2260 598 606 1897 769 465 397 378 393 2161 1430 2201 1820 1616 858 1375 1004 
985: 982 2259 1185 869 1112 958 1903 445 1532 
2017: 982 2345 2007 72 1664 2208 895 626 1962 955 1449 958 1663 1216 317 645 914 2015 
2326: 984 1254 1623 553 2176 1171 1748 1764 1590 1778 1437 644 689 1276 1957 1457 1641 1589 534 900 151 1897 913 112 690 83 725 84 1720 256 2349 
916: 984 2073 2185 923 747 751 428 1718 395 599 1167 1435 214 1880 2065 
2379: 984 2259 1687 869 2288 2289 
1576: 1015 2073 1088 511 1530 2087 1160 1733 1744 1476 843 1869 923 950 32 510 360 403 1687 1522 326 626 1858 16 104 123 124 229 332 336 584 674 724 792 825 871 986 1311 1326 1344 1758 2310 2227 2054 1891 
612: 1015 1422 493 837 1074 923 960 1357 1420 1277 353 1538 23 316 50 1177 1348 
1770: 1015 1702 1876 1434 126 30 325 1589 229 1375 1705 
2341: 1015 1598 656 1611 2041 123 266 1442 58 260 267 2249 1589 2104 439 1421 935 1466 831 651 1006 2196 
438: 1015 1558 2294 1846 1410 1434 553 2131 698 1740 1823 1687 123 266 131 439 771 311 1435 871 1242 2063 461 137 79 243 264 394 567 2316 2343 1344 1862 736 754 
1375: 1015 1558 2251 1768 1315 1687 1798 1522 168 1140 229 745 598 394 214 600 115 2025 86 1770 1344 1372 1919 
278: 1015 1844 311 1071 622 1013 1248 476 
476: 1015 2035 2231 1426 561 584 1844 422 1910 266 1071 1013 2154 1248 278 
1013: 1015 2251 350 1733 563 1687 584 129 1844 422 644 1910 825 871 537 805 1071 124 1336 1747 477 1508 278 476 1397 1248 
2310: 1015 2073 2251 511 1160 1476 960 1576 2361 428 1962 455 687 1048 2114 1637 869 883 623 598 268 2372 606 2261 1336 1358 2186 537 1366 1732 
2334: 1015 1948 1613 1748 2344 923 1953 1687 1522 584 747 469 689 1246 1276 123 372 1824 1277 1536 336 970 190 1435 231 2049 1810 1998 624 1502 1028 1336 844 1265 1358 2178 
2224: 1015 344 1883 123 869 
1107: 1015 299 1420 131 792 214 703 1730 
1103: 1015 1356 460 1517 869 792 1850 184 1936 2077 
2261: 1015 837 1624 101 1664 698 626 2310 353 839 2114 490 1263 535 552 1397 
1248: 1015 1494 1945 2157 237 1426 584 821 1844 422 239 1910 472 1072 792 1718 2049 2175 1114 268 1071 1013 1803 651 1228 278 476 
1377: 1015 1646 2234 837 1873 511 1537 101 1371 995 996 997 510 747 1591 1847 2257 1743 1862 306 485 1117 2045 1474 
1376: 1015 1371 1798 1522 394 2025 
1262: 1015 1422 1558 2251 1388 632 698 1522 584 1210 417 494 125 413 1264 
2034: 1154 1607 1691 923 2 32 1275 320 687 1214 1367 1489 1908 
1749: 1154 1702 2157 8 1866 359 792 1696 1978 2006 2084 1899 
143: 1154 2157 2176 1202 746 1590 950 451 1525 437 1879 1847 326 1591 449 1191 773 420 
202: 1154 2276 499 2060 1613 362 343 26 1367 792 2343 2279 2353 1719 2042 1034 1326 
247: 1154 1702 2259 1892 411 791 1227 510 532 73 638 991 62 953 1435 792 1373 2330 1730 359 1837 1875 112 787 409 1701 1703 1704 1833 2084 685 1474 1122 361 
760: 1154 1978 
798: 1154 2251 2177 218 397 721 
862: 1154 1702 411 2132 359 792 1331 2133 311 490 2084 1295 
863: 1154 2251 1869 1210 792 1305 2316 334 1899 
914: 1154 1702 451 2330 334 2017 1373 1063 1023 
1174: 1154 2073 2130 511 2060 632 1869 32 510 360 403 586 1858 792 409 437 597 2042 1348 1421 1360 
1176: 1154 2073 837 2130 511 632 292 1869 996 32 510 360 403 586 959 1491 1343 792 409 597 955 2343 1359 1360 1348 
2263: 1154 1702 604 362 990 165 25 359 792 2330 1324 1499 703 1730 855 2339 1685 1684 
1763: 1154 266 262 
1292: 1154 2169 2315 292 784 200 1367 295 792 1625 409 1080 1342 1402 2042 759 
1359: 1154 2073 2130 511 632 1869 1440 32 510 360 779 403 586 1176 959 792 409 597 955 2042 1743 2343 1360 
1899: 1154 1365 1702 411 443 1296 1830 792 1331 2330 1696 1978 1862 1749 657 807 863 2329 1730 1211 508 1941 1924 
2367: 1154 2060 536 604 2157 992 972 320 469 470 1596 2084 993 471 2368 
2253: 1204 2251 499 2007 1664 1171 150 451 2284 747 990 1118 871 1637 1369 1647 151 1915 417 804 1179 2179 1555 2324 703 581 
1865: 1254 1873 11 360 1591 326 970 1157 83 173 236 342 870 899 911 936 981 988 1018 1151 1205 1270 1631 1835 2200 2101 1960 1866 1867 2375 
256: 1254 2176 1809 1764 1778 951 2125 1798 1671 1457 1098 2177 959 792 900 112 690 2210 1022 1502 2326 703 1730 781 
258: 1254 1646 1855 2257 1903 1958 182 1723 
648: 1254 1074 2364 1590 1522 1346 2110 169 1968 2042 
796: 1254 1293 2251 2395 691 2029 584 2361 1468 2209 706 1149 869 1950 792 1005 599 463 2227 844 1022 1114 1502 2184 1060 461 16 651 2288 2289 1668 2212 1959 1340 1596 1307 
849: 1254 1993 11 
884: 1254 1646 711 1643 918 923 2002 360 1611 927 410 1879 792 2311 2372 1651 1897 
927: 1254 1646 1993 538 1643 1744 1748 923 32 360 1611 232 1277 1879 792 1980 484 884 1731 1608 1690 1897 
998: 1254 604 1656 2176 1764 1778 957 626 1449 1641 900 112 690 2210 2298 
1033: 1254 407 398 
1633: 1254 1717 536 2082 604 2176 370 923 2018 424 451 155 2144 2167 232 2361 1437 788 1791 1277 1628 1696 449 1980 603 1105 1048 1106 1535 1956 375 1487 1743 2128 610 221 744 846 1631 1650 1856 
2210: 1254 2007 2176 1809 1764 784 1778 923 56 1553 1562 792 1618 1625 1775 1491 913 112 690 421 256 466 998 1981 
1569: 1254 1356 1646 1607 1088 632 1992 1582 1611 1210 747 981 788 2182 1966 1490 1525 637 566 1881 1879 325 1591 2392 18 2257 264 307 316 415 439 517 631 736 988 1108 1259 1395 
2171: 1254 1646 501 417 986 
2117: 1254 212 1873 1946 1752 1747 887 765 
1867: 1254 11 1865 1018 2101 236 1835 1591 326 970 1157 328 342 598 803 870 899 936 1205 1270 1866 1934 1960 2375 2153 
1370: 1254 1717 1544 1469 1914 1798 586 750 1314 1468 468 991 1007 2139 1883 1394 1268 1991 105 1009 1321 
104: 1293 1576 214 1207 2050 
1762: 1293 1589 152 2394 
119: 1341 2157 16 
2096: 1341 837 1424 1624 1976 1846 369 1171 2386 2003 1611 472 267 871 1334 516 169 1329 204 439 2227 839 922 68 514 1547 
194: 1341 451 2209 406 1599 
406: 1341 953 1277 324 2356 194 
660: 1341 493 1494 950 954 2002 1522 1718 2319 2121 
988: 1356 1646 1892 1865 1823 909 654 750 751 806 1457 168 970 1569 2137 542 2365 1485 
1418: 1356 933 1554 1598 1096 2157 1160 656 147 1353 950 954 386 73 715 821 946 273 1449 1500 417 2292 1772 803 373 922 2320 60 229 470 724 1384 1799 1719 1996 2021 
1738: 1356 11 2060 909 1473 970 131 263 266 267 272 598 728 981 993 1210 1239 1323 1441 1611 1807 2361 2256 
498: 1365 1066 11 687 83 150 151 1841 566 1016 1687 2329 2330 1343 807 2307 
508: 1365 1702 1892 411 933 1424 1296 791 1374 362 129 165 1367 792 1840 1343 2330 409 302 1696 1841 1474 1399 361 2084 688 703 2143 2290 1899 881 1745 
1541: 1365 1558 1712 2330 176 807 2329 732 
1924: 1365 588 1664 448 2330 1841 270 1933 807 1900 2329 1899 
1900: 1365 2251 1934 1562 2330 807 2329 1924 
1977: 1365 1316 2330 1841 807 2329 
1737: 1396 11 501 953 1228 1718 
340: 1396 411 1066 1410 11 2035 2131 116 451 2170 129 169 232 235 314 333 378 517 2179 911 1556 410 1435 1316 929 2209 1957 1449 2343 812 1197 490 1214 1343 581 343 1357 344 1885 869 753 1647 
1790: 1396 1522 991 1112 1126 808 31 763 
1752: 1396 1993 1873 2132 1876 1554 1664 1194 185 1872 32 1687 79 118 217 250 304 379 519 652 766 1138 1485 1528 1747 2269 1957 2236 1911 2117 1887 1898 
1159: 1396 911 38 959 1858 882 2353 
1654: 1396 711 1171 1808 43 1579 2049 1726 
1234: 1396 2294 2073 1434 1540 1574 655 656 1469 848 362 995 1008 2069 667 1791 1908 336 2104 1390 43 1017 942 1949 883 1854 311 426 696 193 1297 2109 1964 
1981: 1396 604 362 1440 1953 1495 314 946 1525 56 515 1553 1618 1625 1775 913 2210 421 
86: 1396 1855 1934 960 451 959 1140 958 1017 598 606 773 1862 88 87 1141 1667 1555 2067 2068 1375 2270 
223: 1396 1467 1808 263 225 767 2061 887 224 
250: 1396 2345 486 906 1873 2091 923 1752 2054 1957 2346 2357 80 163 217 252 346 1250 1344 
294: 1396 1993 2035 1744 1476 232 2054 800 1278 1932 
378: 1396 2035 340 960 1522 131 600 2393 2128 1596 
398: 1396 1780 326 1591 1033 
892: 1396 411 1544 1102 2397 1953 501 687 1278 1927 1045 124 773 112 824 1641 
973: 1396 1873 1982 2270 1150 287 2274 1923 664 1757 609 1697 1701 
1026: 1396 501 1024 1029 319 1084 766 1112 1032 827 1027 
1247: 1396 1921 1415 2023 1562 1718 489 2162 1944 
2293: 1396 360 328 1298 2088 683 1291 1237 1789 842 888 
2077: 1396 1517 869 2227 703 1177 1856 1103 1221 1936 968 
1570: 1396 311 
2109: 1396 2176 911 200 1561 123 1866 878 478 736 1903 2011 1228 1234 1205 
2160: 1396 1518 345 2137 542 1348 1903 1726 1121 1340 682 
2212: 1396 796 
2265: 1396 2076 189 190 652 1235 2070 1747 1155 186 582 183 1062 182 2072 1880 
1789: 1396 2073 1882 369 746 299 2293 1965 311 1858 893 1788 1821 
2321: 1396 2251 1449 1747 1228 
1827: 1396 1422 2294 527 632 185 433 2107 1908 748 652 2311 1278 2049 365 1020 1022 526 
1825: 1396 1702 691 1494 369 2157 292 496 992 1672 1273 414 472 1346 652 1317 2165 94 2102 124 490 492 559 494 214 684 855 1022 1228 
1902: 1396 1873 1088 2131 632 923 1384 1772 620 152 1228 
1959: 1396 1872 594 748 792 817 796 1274 
1982: 1396 2251 1873 101 923 200 2361 1519 266 1354 1520 267 1536 697 1278 1697 1683 1636 2274 2270 758 121 287 973 1150 1857 2399 2005 
1502: 1396 1518 1494 1873 2060 69 1664 1052 923 557 1611 929 457 484 689 2318 623 766 1840 1343 1841 2334 1395 796 2093 1240 288 154 256 882 1189 1342 1348 1535 1692 1577 1586 1742 1760 1903 
1509: 1396 1053 150 1089 704 
652: 1422 1673 2395 691 55 918 1752 1323 929 484 1561 1974 1671 37 748 800 2076 2327 189 190 478 1203 1705 941 1048 1566 1918 40 121 182 183 186 211 598 624 758 1155 1014 1825 664 924 1827 1062 2072 1579 1750 1747 1189 2265 2070 
1059: 1422 350 1967 125 
1979: 1422 2294 147 433 1687 2021 606 2314 816 
227: 1518 2251 1088 667 867 
715: 1518 1873 511 1664 1160 292 2364 995 996 32 360 779 786 626 970 1151 1561 1841 1332 319 1663 1538 1418 1034 1941 799 1313 2347 1072 955 1348 897 1360 851 
729: 1518 711 277 1371 129 267 2145 1684 
794: 1518 1718 1847 449 902 1743 287 
975: 1518 2251 655 1744 1872 1519 1910 1957 2209 1051 1354 850 1520 871 792 653 976 323 942 214 781 1121 415 1299 1856 
1028: 1518 691 906 1537 160 2231 424 73 1337 319 1562 1249 606 2334 931 1720 2228 1529 2057 2001 1754 
2116: 1518 1537 1809 791 1611 1808 1962 1276 62 266 372 1442 192 260 261 267 956 1277 2249 1005 439 2114 1690 152 1281 1807 2387 
1640: 1518 1828 365 
1824: 1558 1702 2251 411 837 2035 1102 1613 2131 432 117 655 1224 1811 1822 1855 344 150 451 1939 496 343 320 747 751 507 122 25 123 131 1334 1591 326 1435 151 132 169 333 490 492 515 559 653 684 697 839 1109 1119 1317 1474 1485 1497 1722 2334 2084 2343 
991: 1558 2276 2251 837 1607 511 101 2176 160 292 1469 1780 1886 2397 1461 150 1521 2031 32 779 390 586 750 314 1468 1489 981 990 1394 467 1456 1343 2292 507 2133 100 1772 2054 2318 1790 722 71 105 108 154 169 173 214 247 261 289 310 316 334 456 457 537 685 697 707 737 769 785 817 850 2062 1060 1599 1612 1114 1115 2139 1146 1187 1229 1239 2306 1797 2314 2351 1342 1870 1370 1883 1413 1447 2021 1007 
248: 1558 2251 499 1088 77 1661 563 1953 2284 1888 428 1489 667 1517 448 450 1051 2103 440 336 447 1158 1311 439 1336 732 355 405 675 
441: 1558 214 
822: 1558 1876 2250 825 325 792 1696 1705 
1264: 1558 1388 632 1522 537 1262 152 
1804: 1558 1768 604 266 1231 1963 1592 
358: 1588 326 1591 449 1162 1414 393 
2102: 1623 2251 2007 1643 2176 1691 1764 925 2018 1210 1808 891 644 689 788 1490 1457 299 131 1909 1718 1591 534 449 1162 1825 214 690 854 10 1145 1443 1627 1923 2105 
157: 1623 122 123 131 1718 1484 1413 132 657 829 
138: 1623 2251 1967 1088 811 362 155 2100 953 1908 853 2227 1399 2257 1121 209 1997 1378 552 968 
452: 1623 1689 369 923 1611 232 689 2187 1246 266 372 192 260 267 944 2249 1879 2166 1404 219 439 769 707 
2353: 1623 2073 1005 202 1690 1159 1555 
2105: 1646 2251 493 1537 1656 1661 1953 904 1331 1404 1718 1591 1144 2102 10 1861 
1202: 1646 11 1537 1621 604 144 1591 532 451 1105 1367 687 908 143 856 911 1144 1167 2167 2297 1631 1808 1435 1841 2103 1722 1343 1602 2000 1627 
197: 1646 2251 1607 1410 11 511 1540 32 360 566 1972 677 1228 
1578: 1646 1068 11 529 625 132 272 297 440 771 1121 1214 1301 1453 1683 2311 
1426: 1646 11 1945 292 1811 2392 200 268 331 476 633 651 751 787 867 1071 1172 1248 1256 1336 1385 1534 1927 2137 1622 
954: 1646 2251 11 2060 63 604 116 632 1052 246 1784 2301 923 950 960 372 992 958 959 2049 2002 2392 25 657 660 790 825 856 934 1906 1418 2114 2024 
2249: 1646 1410 2205 1761 1823 1871 779 20 79 99 148 389 452 567 1012 1099 1259 1413 1435 1529 1854 1862 2020 2063 2116 2126 2341 2274 
1045: 1646 69 1160 496 200 892 2361 26 1810 720 1362 1276 2399 
108: 1646 1921 837 2131 1744 1136 451 779 991 1187 1883 850 1117 2357 100 1203 2013 1875 105 769 257 1259 
156: 1646 1380 1178 
290: 1646 411 1689 1621 2124 655 1809 923 1808 994 1986 1791 687 2330 1484 771 2227 2256 1226 1690 47 887 2304 2306 845 435 2226 1619 2135 1114 
435: 1646 2124 1740 923 2150 626 667 1276 62 1391 687 1367 348 597 219 631 2137 290 1226 102 513 2306 1114 1619 610 
539: 1646 356 2112 537 1263 535 622 1333 
589: 1646 342 2018 2125 821 1520 687 1367 270 323 1100 1412 2059 
630: 1646 551 393 1004 
787: 1646 1689 2345 1873 2132 1621 1426 753 247 869 437 1879 792 958 2049 214 1417 1903 983 523 
788: 1646 617 536 2082 604 632 1160 1353 1694 179 370 923 2018 1440 1953 510 779 638 1985 1162 2094 1105 603 2102 1569 2182 1966 1730 64 1911 221 348 449 744 1395 1650 1535 2065 1448 1511 1585 2128 1753 1856 2298 1100 1743 1686 1106 1108 1627 1628 1631 1632 1633 1386 
789: 1646 2073 2251 1419 511 1613 1160 1476 1823 1822 1869 32 360 1522 1277 66 644 792 151 1991 534 2240 1348 2372 1889 869 1775 
891: 1646 2073 1088 511 1537 1613 2131 1160 1733 1744 1476 1764 2397 362 1934 923 150 2000 2002 992 32 403 155 1916 1687 2032 2113 586 1676 626 1888 1427 1591 621 2102 66 2209 2182 100 168 295 123 468 555 667 669 1267 1289 1431 981 
989: 1646 1066 2035 510 2167 1731 1774 490 272 1903 1647 
1156: 1646 711 1768 1160 779 1527 90 118 203 1303 
1218: 1646 2251 1643 632 451 473 264 517 2051 352 2042 
1395: 1646 350 1419 811 536 628 1194 890 923 925 1582 1210 626 644 788 1561 2139 1303 2182 1966 1791 825 359 1879 1079 1562 326 1569 2392 1108 1491 1151 1281 1105 2051 1106 517 1502 1743 1245 1668 1219 1535 2135 418 1514 
1402: 1646 2251 1664 1442 1198 1663 1292 
1514: 1646 691 1948 536 628 890 473 1079 1108 1271 1395 1219 517 1393 
1535: 1646 536 2082 179 923 788 1108 1628 449 1105 1106 1395 1502 1511 1743 2128 1633 1627 221 744 1650 1585 1856 1631 
1563: 1646 493 1494 2007 2232 1934 1953 960 972 1808 2168 2177 959 168 325 1718 326 464 1591 2197 735 1351 2195 2307 1720 1859 
1619: 1646 1621 2124 1809 1808 326 449 290 435 2306 1114 1226 
2032: 1646 2073 45 1419 511 1613 541 126 1160 1476 1823 1822 1869 972 32 360 1277 689 1591 66 644 792 151 1991 152 869 891 1348 1567 1641 1644 1743 1775 1889 2240 2372 
2088: 1646 2073 1494 1088 1082 69 604 1664 2344 1869 1872 911 200 2150 1522 747 626 2361 1561 2332 1517 123 594 1885 2293 176 353 1188 1305 551 548 2372 1399 1568 749 1758 1179 1663 1263 1875 1963 2269 1818 704 810 934 1339 2050 
2113: 1646 45 2130 1607 1410 1419 511 1613 2176 1160 1476 2301 1823 1822 1953 2002 972 32 360 779 1687 1277 689 1334 1591 326 687 66 448 644 1343 792 151 1991 295 152 314 449 566 594 869 891 900 1348 1423 1743 1775 1889 1995 2065 2090 2165 2361 2240 2372 
1650: 1646 536 2082 370 923 2018 2167 788 1853 2166 1628 449 603 1632 1105 1106 1511 1535 1633 1743 2128 1627 221 744 1585 1631 2298 1856 
2219: 1646 2073 1419 511 1613 1160 1476 1823 1822 1869 32 360 1277 66 644 792 151 1991 1348 1775 1889 2240 2372 
2193: 1646 2073 1744 911 918 747 66 2177 2292 1435 214 
2214: 1646 2073 1419 511 1102 1613 541 126 1160 2208 1476 1823 1822 1869 1953 32 360 1277 689 1660 66 644 1808 792 151 871 1991 99 666 667 669 1276 1348 1775 1889 2065 2090 2165 2240 2372 
2215: 1646 2073 1419 511 1613 1160 1476 1823 1822 1869 32 360 1277 66 644 792 151 1991 869 1348 1775 1889 2240 2372 
2216: 1646 2073 1419 511 1613 1160 1476 1823 1822 1869 32 360 1277 66 644 792 151 1991 307 1348 1775 1889 2240 2372 
2217: 1646 2073 1419 511 1613 1160 1476 1823 1822 1869 32 360 1277 66 644 792 151 1991 1348 1775 1889 2240 2372 
2218: 1646 2073 1419 511 1613 1160 1476 1823 1822 1869 32 360 1277 66 644 792 151 1991 869 1348 1775 1889 2240 2372 
2220: 1646 2073 1419 511 1613 1160 1476 1823 1822 1869 32 360 1277 66 644 792 151 1991 869 1348 1775 1889 2240 2372 
2222: 1646 2073 1419 511 1613 1160 1476 1823 1822 1869 32 360 1277 66 644 792 151 1991 1348 1775 1889 2240 2372 
2221: 1646 2073 1419 511 1613 1160 1476 1823 1822 1869 32 360 1277 66 644 792 151 1991 1348 1775 1889 2240 2372 
1743: 1646 2147 1102 1537 536 2082 76 604 1142 2176 1353 2064 370 1139 923 1946 2018 424 957 1415 1687 2032 2113 2167 1157 1676 1210 626 1359 1985 788 1966 1490 1525 623 959 1377 2103 1214 958 1284 326 395 1591 1108 1628 449 745 603 859 2322 1162 1105 1106 1197 1395 1511 1535 1633 1650 1606 1487 221 257 705 744 794 846 1497 1585 1627 1631 2128 1753 1856 2298 
2308: 1646 2124 632 923 995 32 2167 1676 1277 771 1998 449 821 1055 1083 1173 1791 2304 2306 
2359: 1646 59 923 451 58 958 657 1720 661 
1767: 1646 1203 745 1324 1482 761 1617 
1836: 1646 2251 2131 656 174 344 343 448 565 1334 1562 1089 169 888 1016 
1889: 1646 1689 536 1052 923 2032 1031 2113 1676 2214 2215 2216 2217 2218 2219 2220 2221 2222 789 1808 994 904 1991 1591 409 1690 102 364 1704 
1991: 1646 1410 342 911 923 2032 1031 2113 1676 2214 2215 2216 2217 2218 2219 2220 2221 2222 789 232 751 26 1246 1276 284 372 566 1277 907 357 773 1167 1191 1370 1627 1686 1889 1980 2195 
2145: 1646 356 464 376 78 2111 729 1183 
2030: 1646 2073 319 1238 509 
2087: 2294 1873 11 689 1519 58 336 417 591 723 775 1117 1220 1235 1278 1279 1485 1520 1525 1576 1810 2344 
2245: 2294 1993 428 869 444 1747 40 1186 1288 
1579: 2294 711 933 165 1520 43 1203 652 1654 1726 657 924 
121: 2294 2073 1124 2018 129 232 747 2361 812 869 2327 2038 652 1198 1162 786 1982 1747 287 1233 2009 816 2274 758 1919 1288 1947 2005 2267 1898 
175: 2294 957 960 1870 869 516 176 598 384 234 335 
182: 2294 2073 1194 1783 1206 2076 189 190 652 2070 1758 1326 1747 1155 186 183 1062 258 1880 1586 2072 2265 
758: 2294 123 869 295 2038 90 652 2070 1982 1747 121 1898 2274 1919 
761: 2294 155 473 1767 67 
816: 2294 2395 527 369 55 918 1687 1844 1974 825 800 325 125 1705 121 840 1014 241 1979 1918 1288 
1014: 2294 933 1088 362 1367 478 652 125 1747 816 1258 
1022: 2294 2073 2251 527 691 486 1664 1691 1869 923 135 766 825 871 2153 1827 1261 1825 657 796 1458 256 234 793 1019 1439 
1750: 2294 933 90 652 1747 964 1606 
2072: 2294 918 2018 2076 189 190 652 1153 2070 214 1747 1155 186 1705 183 840 1062 182 633 1880 2265 
328: 1921 2251 1867 1687 1360 470 1112 319 2293 1406 2342 465 31 1205 1238 509 
105: 1921 511 2131 1784 222 1953 1461 1325 1522 981 990 991 1007 2054 1490 66 1799 850 108 298 790 1875 2051 408 1432 1447 685 820 1336 2383 214 1370 478 1132 
1406: 1921 923 792 908 328 234 2336 1829 
1777: 1921 1664 1872 747 1435 1338 
548: 1673 1613 1075 1076 1077 1078 604 1517 1367 1841 703 1568 1818 2088 
1501: 1673 711 369 486 1768 2185 584 1672 836 336 611 1538 214 657 1674 1342 1742 251 
2374: 1673 2251 1945 2371 1522 1552 1841 525 
1903: 1673 1717 837 1102 1744 625 344 654 951 1287 457 1276 2182 1966 123 2246 1774 1391 989 131 687 1536 970 653 1933 1542 598 2343 542 2372 922 1502 787 985 2109 258 552 2160 
1533: 2189 2251 2185 123 1283 650 
1394: 2073 1717 1993 1624 1607 1410 1544 69 2131 1160 292 1469 1476 237 1869 960 779 586 750 244 1314 626 1844 1468 455 468 991 469 689 1007 2139 1883 1203 4 295 325 437 792 866 904 1009 1268 1321 1370 1957 1972 1538 
1858: 2073 2251 1873 101 1521 1576 1174 1360 1927 929 955 1629 1943 1153 1191 773 839 1729 1348 907 1190 376 740 1159 1084 1857 1789 10 12 286 908 1340 1401 1458 1638 1788 1817 1834 2097 1861 
29: 2073 933 1163 2130 11 1088 298 626 26 2255 90 135 200 1417 429 
1182: 2073 1967 11 1643 774 1933 2362 1487 1742 1296 
1194: 2073 2251 11 628 1160 779 1847 23 25 27 123 170 182 455 981 1146 2361 1752 1395 2285 1326 
698: 2073 11 2131 2315 169 214 237 343 344 438 461 466 2122 909 911 2075 2343 1872 1712 2226 1850 704 1983 1577 720 1746 2261 1343 901 871 2277 1262 1263 
253: 2073 2345 11 217 251 1841 792 1973 1678 1452 
31: 2073 2168 319 1029 420 1024 2342 328 465 889 2097 1790 140 275 920 2093 2355 722 726 1238 1240 
107: 2073 2147 1607 511 1869 32 510 360 2163 
146: 2073 126 641 470 2107 544 471 732 1486 
233: 2073 2251 959 319 1538 461 52 
482: 2073 2251 1869 1314 422 769 690 867 1336 252 
546: 2073 41 324 626 315 439 155 850 825 903 2366 
643: 2073 319 1818 2097 218 2093 1240 
768: 2073 2251 1873 2035 1540 2157 27 1048 162 2255 366 
893: 2073 473 1112 2372 841 1789 465 1087 2097 
1001: 2073 2251 1869 2397 1871 390 1390 856 
1084: 2073 527 536 69 2250 1026 959 594 748 792 1029 1858 908 1024 514 827 1027 1614 
1085: 2073 1955 511 536 1733 32 360 779 403 953 626 2009 1038 295 469 825 1838 
1090: 2073 1419 1768 1744 1556 73 1206 1844 1468 953 1334 325 792 189 1329 361 1333 1807 
1240: 2073 911 1468 1324 1502 2097 31 643 
1291: 2073 2251 527 1926 1479 2293 620 311 1568 2257 218 1298 915 2289 2288 1307 
1307: 2073 796 1291 1298 
1339: 2073 837 2007 1664 1437 1517 1449 1663 2088 2226 
1378: 2073 1519 1051 1354 1520 653 138 
1436: 2073 960 2068 
1479: 2073 1873 1410 2101 869 825 580 1219 2336 1291 1589 540 
1575: 2073 499 536 1914 1953 422 1950 2103 1203 1298 1130 2268 
1594: 2073 511 1540 1476 1823 123 1593 319 1261 2009 2114 1821 2183 
1610: 2073 2147 2251 1873 511 77 2131 632 1869 344 399 1934 923 564 32 510 1687 532 1092 626 244 266 25 62 36 79 123 422 669 825 1358 2167 1791 2054 2126 2385 
1629: 2073 1160 1869 2150 970 1858 1596 1348 1796 1630 
1788: 2073 1789 1858 
1803: 2073 2251 1869 1953 1589 1108 1772 1048 154 1248 
1905: 2073 
1916: 2073 2147 2251 848 2397 370 501 2040 603 1098 2144 891 1431 2125 228 274 1258 
1992: 2073 2251 1163 1419 11 511 2039 1537 536 1076 1077 604 1160 656 1744 1476 746 237 269 1869 848 1872 2397 1953 150 32 510 360 403 958 1562 626 2392 19 82 243 312 314 353 442 494 751 799 990 1273 1287 1538 1569 1966 2182 2115 
2093: 2073 594 1502 376 52 781 2097 31 643 2247 
2144: 2073 1717 933 1689 1607 1410 511 1160 1476 1869 925 951 32 1275 510 360 779 1916 1427 1591 644 2153 295 1980 112 132 1143 1198 1303 1404 1633 1831 
2238: 2073 2345 1410 511 2131 1160 1934 1467 997 32 510 360 779 390 1687 73 953 263 417 1536 442 176 469 1971 
2247: 2073 2252 2093 
2289: 2073 1367 2330 1828 231 605 796 1233 1291 2290 575 1298 818 2379 
2346: 2073 2251 1185 2345 486 906 1873 1410 2091 1869 911 250 405 346 409 333 664 2273 1466 
2355: 2073 792 703 1730 31 2352 
2362: 2073 1102 2101 655 1182 342 957 960 992 390 1210 1962 507 25 372 959 766 1866 2385 687 1277 2153 958 1005 2297 2356 79 598 52 376 408 844 899 1111 1413 1429 1471 1485 1758 1895 1897 1917 1965 2066 2203 
2378: 2073 2259 550 1684 
1417: 2147 29 451 129 747 455 25 869 456 1567 305 2049 757 102 1212 1405 787 195 624 
785: 2147 416 2040 990 991 64 769 
921: 1702 
1034: 1702 715 202 
2279: 2276 200 626 26 135 8 448 1589 958 90 298 202 363 1048 
1567: 2276 977 76 2169 784 923 360 2032 260 440 2153 2392 1278 1606 1417 1151 1718 657 264 736 834 930 1348 1485 
750: 1717 2007 1088 1544 2131 1135 1469 848 563 1440 1953 573 32 403 2069 73 586 1676 713 728 747 1394 1468 2054 302 123 254 357 468 1268 766 1158 1314 1188 1321 1368 1370 1883 2139 990 991 1007 988 1520 1009 
967: 1717 2251 617 1160 1694 779 709 2054 
1009: 1717 1544 511 1469 208 848 2397 586 750 1314 1468 468 1007 2139 1883 1394 295 1268 141 769 1370 1198 1321 2111 
2198: 1717 2395 2132 1876 1768 655 1206 1323 484 776 2076 786 964 1705 1918 60 775 840 1543 1757 
2139: 1717 2251 1689 1410 1544 511 1160 1469 2397 923 586 1157 750 1314 1831 2361 1468 468 990 991 1007 1394 1246 1525 295 1370 1883 1413 1273 1009 1404 2111 188 801 966 1268 1321 1395 
1927: 2259 1426 32 510 892 1858 1861 16 869 
148: 2259 1967 1611 747 25 266 869 192 260 267 2249 550 305 1278 263 1877 2274 1195 
1958: 2259 869 1362 2042 258 40 1186 
1288: 2259 1206 2361 608 653 318 121 234 816 2245 924 2190 
134: 2259 736 264 
338: 2259 869 2330 978 2184 1932 
780: 2259 1873 656 2361 2048 1258 
1516: 2259 978 446 2360 
1890: 2259 604 2026 239 832 1700 
1258: 2234 1916 1080 377 1875 1014 780 1757 847 
6: 2251 
7: 2251 1716 
23: 2251 45 1967 1620 2157 1664 1194 2264 923 402 1461 451 343 751 1808 2369 994 2209 1525 266 450 2292 970 2392 1435 1491 1915 417 1405 400 1697 1956 1969 213 2255 2004 351 612 
44: 2251 350 1494 2007 269 510 360 129 1323 753 1203 2153 825 349 2311 1935 
64: 2251 617 1694 2208 210 1440 510 532 2361 1985 788 1083 2094 785 1911 2033 637 1933 1448 1937 348 1386 1901 
94: 2251 992 200 2125 26 90 520 1825 657 
120: 2251 617 11 746 298 299 626 451 25 348 637 1822 1694 1449 305 402 
163: 2251 250 1344 346 
189: 2251 511 536 918 1206 869 776 2076 2009 652 1747 1090 186 1880 182 1155 2070 2072 1062 183 2184 190 2265 
209: 2251 588 1068 1624 2138 1135 1664 2003 1520 594 1999 1343 305 425 1017 1278 2165 1998 1132 1173 136 138 1115 2146 
242: 2251 422 666 667 1614 
255: 2251 1142 1140 
283: 2251 
333: 2251 1036 117 340 2296 451 469 1824 2346 1840 1331 353 302 1841 1332 397 889 1722 1932 1483 
346: 2251 486 906 2091 800 2346 250 1875 1747 1344 163 80 234 
363: 2251 869 2279 2120 1432 2075 
405: 2251 2345 486 906 2091 628 1687 2167 2346 1305 867 248 80 1338 217 291 2273 935 1925 
431: 2251 11 2049 25 831 609 1919 1665 871 
477: 2251 369 1945 1869 776 537 1816 1963 1747 517 624 1013 1397 
478: 2251 1082 511 101 345 451 1513 2167 751 1346 520 105 1369 1435 1915 652 986 332 1014 568 2109 1393 
487: 2251 1066 2035 536 1744 746 1357 299 
544: 2251 1088 511 628 362 1210 470 359 674 2090 146 145 543 1657 
549: 2251 179 950 1276 1367 1277 1553 326 1863 
562: 2251 837 2177 839 
576: 2251 1408 239 1020 
582: 2251 1088 1784 909 1582 382 1628 1632 1631 820 141 2265 
583: 2251 860 123 1301 1453 
602: 2251 
622: 2251 584 422 1910 214 278 413 539 540 1397 
641: 2251 1410 511 1160 923 150 32 151 146 188 1198 1489 
663: 2251 11 958 657 882 
702: 2251 
820: 2251 1066 1873 1808 1246 1214 1158 75 105 169 964 582 
834: 2251 977 1873 1081 2187 2209 1567 1167 736 264 1151 657 
866: 2251 1545 1394 169 439 
872: 2251 527 2060 1855 1687 516 805 2111 514 
950: 2251 493 933 11 2060 1053 604 117 632 2176 2208 1748 746 1052 246 1784 1811 1658 344 1408 923 992 953 299 1716 532 2002 2237 66 143 373 549 550 660 790 825 934 1528 1906 1418 1423 1843 954 1690 1576 2026 2114 1352 1362 1881 993 1772 1180 
956: 2251 1410 511 2035 2060 1613 1018 2101 2136 563 416 2003 728 507 38 1203 1249 819 49 418 620 842 899 1270 1032 1960 1205 2116 1454 1771 
964: 2251 411 2132 433 496 37 409 820 737 781 1785 2198 1760 2081 1781 1750 
976: 2251 655 1519 1051 1354 1520 653 1203 942 265 214 323 975 
1057: 2251 837 839 
1121: 2251 1053 1070 2199 1740 1578 1243 460 422 123 2100 272 456 1435 771 1933 2227 1862 542 1716 138 517 819 975 2226 525 2160 
1127: 2251 2125 
1137: 2251 951 637 1251 790 
1146: 2251 691 1873 1194 2285 991 204 598 170 1754 1819 
1148: 2251 25 2389 
1172: 2251 2315 2206 784 1426 736 264 268 
1214: 2251 860 593 1102 529 2199 1578 340 320 2034 1314 123 302 359 1508 820 1743 2396 1054 683 162 382 1474 
1216: 2251 486 72 2231 895 1384 2159 229 1110 2017 321 2024 
1223: 2251 200 
1237: 2251 1070 1590 1611 1360 266 260 267 2293 1847 439 2252 2342 509 
1281: 2251 2395 691 628 632 911 923 1687 1210 626 448 1067 850 594 958 90 324 2392 219 2116 668 2257 1810 1720 172 214 1395 
1283: 2251 625 319 1933 897 2372 1533 
1300: 2251 1097 925 1440 424 1522 644 1562 680 846 1668 
1335: 2251 923 1449 
1351: 2251 1082 632 1664 1855 1986 2332 25 1562 792 1343 653 1696 16 445 703 1563 
1380: 2251 1823 336 978 1129 1568 2161 156 545 1973 1488 
1405: 2251 960 2125 1562 958 1591 1161 1278 23 1294 52 1627 1417 
1438: 2251 464 935 
1484: 2251 1530 553 1621 2169 2315 2206 784 997 1513 779 1793 1314 290 1114 157 1263 
1488: 2251 1041 1380 
1506: 2251 2351 
1557: 2251 1041 1043 
1559: 2251 860 2007 1664 1160 451 26 273 1490 448 450 25 1303 
1583: 2251 2042 
1599: 2251 1783 344 451 343 73 991 123 953 131 1879 970 169 1915 194 
1657: 2251 544 759 543 
1688: 2251 502 912 
1695: 2251 308 1995 947 
1707: 2251 132 361 
1715: 2251 319 229 
1727: 2251 459 
1741: 2251 933 204 1497 1499 
1753: 2251 788 1106 1743 2128 744 1585 1856 
1819: 2251 2208 2285 1146 1639 170 1441 
1871: 2251 11 632 1751 923 451 2392 129 192 260 266 267 404 439 455 610 752 1001 1442 1487 1611 2042 1918 2249 
1888: 2251 1967 1607 1410 511 1540 560 1469 32 510 360 403 1798 626 1468 2182 1324 1151 248 468 869 891 2306 2122 
1951: 2251 1607 925 1953 960 972 32 779 155 959 168 2054 131 295 364 597 773 854 904 981 1303 1355 1814 
1954: 2251 
1963: 2251 1768 2131 1522 422 1517 1637 537 1263 1726 1705 2088 111 477 664 1804 
1983: 2251 11 698 746 115 214 1017 1355 1521 1639 2381 2090 
1990: 2251 2018 904 1815 204 2322 102 158 1826 
1994: 2251 2199 404 1589 883 1465 1046 
2013: 2251 1873 2091 25 108 1606 1429 
2021: 2251 511 1102 536 1053 2131 628 292 185 642 918 496 997 991 1418 472 1774 2292 958 803 1918 1862 2227 1979 
2043: 2251 451 2227 936 1596 154 
2058: 2251 330 1157 1089 786 790 252 533 
2066: 2251 1689 2176 1809 1934 923 957 1985 994 689 1246 1276 66 1525 1853 1277 2153 958 1591 2207 2362 
2108: 2251 837 610 
2112: 2251 1388 2136 144 923 422 1277 319 539 540 1016 1397 
2135: 2251 538 2082 642 1791 1259 290 1106 1395 1627 
2154: 2251 343 471 214 476 1282 2337 
2158: 2251 837 1419 536 1075 2131 604 1664 1171 180 237 923 451 1806 992 1316 1490 516 1123 1562 1840 1331 324 505 1249 1491 1841 1332 668 993 1663 657 880 1529 1932 730 1887 1988 2061 
2269: 2251 1752 181 1158 1348 213 184 2088 664 
2348: 2251 1687 1520 1203 311 1538 2227 
2394: 2251 1664 792 1762 
228: 1882 1916 1381 764 
1124: 2395 1993 1388 860 41 11 32 2170 30 60 121 410 458 656 748 853 918 1651 1909 1678 2327 1957 1987 1490 
118: 2395 1873 536 584 1752 1323 929 422 484 1156 410 869 1336 1043 
2266: 2395 1687 825 181 853 839 786 1714 
40: 1993 860 652 1923 1301 1958 2245 
444: 1993 779 626 668 1923 2245 
1186: 1993 860 309 1374 58 1739 137 132 2267 1923 1958 2245 737 1455 
1141: 45 1102 63 1142 1855 2371 1934 957 960 155 25 948 2153 1140 958 305 745 79 598 683 2090 87 86 1667 1555 1471 2025 
2016: 45 935 
2156: 350 411 617 11 1574 123 203 293 825 1017 1117 1513 1687 1862 2063 2125 2250 
895: 350 933 11 72 1661 2285 784 2392 150 151 302 759 2069 1529 1216 2017 1589 
1831: 350 1733 2250 1953 32 1793 1687 2144 728 123 130 825 2139 1883 
543: 350 997 626 544 2227 1657 
2090: 350 1873 1419 196 1664 1744 743 1983 2113 1676 2214 626 689 123 825 792 544 1017 1324 214 115 494 1141 1614 
1043: 350 411 1036 2296 1602 353 302 551 83 1399 807 1557 118 704 889 1483 1222 2380 133 280 281 629 
1592: 350 2335 325 1794 1016 1804 
1263: 350 1088 553 2131 698 237 1712 626 1517 123 623 1879 1815 1484 169 1972 1538 461 2088 2261 1963 539 720 
1271: 411 8 792 703 1730 1514 
1224: 411 443 837 1066 11 2136 2157 510 8 992 923 308 532 638 131 625 1824 2372 
152: 411 370 343 2032 2069 2113 1676 1808 1731 1303 1525 359 348 792 1591 2116 603 1772 1264 2377 1902 352 1616 429 1730 2229 1762 
216: 411 1794 311 
235: 411 2035 340 960 1210 713 626 135 959 131 2153 1589 90 2049 132 87 1875 793 1019 1201 419 
368: 411 2208 210 792 2194 703 1730 47 1050 2033 1652 
1548: 411 1962 792 307 703 1730 
1595: 411 1066 402 970 409 839 1730 781 
581: 411 1185 2035 340 470 792 1343 2330 703 2253 1730 1019 2243 
1152: 411 1384 792 1343 2330 334 2290 
657: 411 1086 1846 2345 1948 1613 663 1809 1734 1792 791 2386 424 1939 954 1357 1962 1449 66 325 1567 2311 1579 1278 1772 94 2158 1500 1433 2359 157 412 885 1501 759 1313 1710 1022 834 2273 1899 
810: 411 1978 808 2088 
845: 411 1744 1780 1303 792 290 1730 500 721 
1932: 411 691 2157 150 792 2330 353 2158 338 333 703 1730 1722 294 877 1459 
992: 443 11 1036 2060 536 1613 1053 604 2157 1224 746 1052 1784 1823 2371 1408 1934 1473 923 950 954 4 372 73 79 94 151 334 470 471 598 891 953 958 959 1140 2292 1278 1798 1561 1949 1825 1316 2356 2362 2367 2368 1431 1362 1363 2385 993 2149 2150 2153 2158 
1499: 443 129 2361 1926 1367 326 310 2137 2252 1526 1857 16 1549 2263 1741 
1002: 443 1607 1410 511 626 1468 295 856 214 899 2015 
1615: 493 837 860 11 593 1102 59 360 308 73 628 1811 1774 292 2392 19 123 124 131 139 439 496 577 704 997 1072 1123 1259 1612 2063 1862 2372 
1462: 493 837 1494 11 604 632 180 1371 959 326 2246 1798 806 839 960 1525 2177 1686 2343 
1810: 493 837 1494 2035 2060 2087 2138 101 2199 746 923 423 557 1045 299 2177 1072 1117 1589 2104 259 1651 2334 497 1281 897 2049 786 668 97 922 2175 2178 1000 1099 1705 20 198 664 732 790 934 935 1358 1373 1464 1465 1466 2179 1998 2015 
1006: 493 1419 1744 58 439 2175 831 2341 
1333: 493 362 960 1676 713 81 1090 304 571 252 901 539 
475: 493 2361 471 
2324: 499 246 1822 953 1328 1637 169 2253 
1256: 499 1426 
433: 527 691 835 933 369 980 11 1312 792 765 1979 1827 964 1449 
1008: 527 486 11 359 651 901 1234 1175 2104 1226 2311 
2080: 527 662 2049 
1660: 691 76 1809 2214 1276 4 1367 168 1277 324 1625 24 408 1071 1269 1413 1504 1526 2256 2356 1814 
619: 691 1873 11 501 169 1754 2372 2307 
2199: 691 1086 1185 11 2157 145 264 566 600 661 736 766 832 840 1058 1121 1214 1508 1611 1674 1718 1810 1872 1994 2165 
557: 691 1873 2132 11 2131 344 923 953 2049 626 200 353 471 517 2042 1536 1538 1810 1200 1349 1616 1502 2150 
80: 691 2345 874 906 553 309 1872 457 1122 2396 14 1108 1305 250 620 1504 1344 252 346 405 251 217 1134 
136: 691 2131 2104 311 651 209 
318: 691 1494 1545 1102 1540 923 496 532 2054 2085 490 1288 
2123: 691 1410 1343 1498 
1587: 691 1607 1410 2275 751 644 168 566 1839 311 620 96 
2107: 691 1066 510 360 1357 353 688 2227 146 1020 145 354 1196 1721 1827 
1091: 691 
2194: 691 2208 210 131 1072 1203 1427 213 2025 2370 47 2033 334 368 1050 1505 1538 1652 2037 
1201: 691 837 117 325 792 1032 235 
2225: 691 2333 1869 957 960 510 417 871 1399 869 1909 176 585 1304 1571 
719: 691 369 353 
1758: 691 76 2157 957 1576 1157 2327 2362 803 1398 786 1231 790 2088 182 1183 2083 
2323: 691 1873 511 2018 32 510 360 747 2153 725 1757 2361 
804: 691 1277 461 2253 2042 1754 
838: 691 959 958 
968: 691 1517 1908 313 2227 138 1177 2077 
2015: 691 174 1002 336 1651 394 1810 1998 2017 
501: 711 1544 1053 619 1737 714 1800 783 277 1835 2 155 200 386 390 1011 1531 1916 1026 1415 1929 2200 892 1325 1712 700 2023 1357 2125 1793 2003 1687 2171 2150 2151 1798 
36: 711 1419 2301 923 510 360 779 532 1610 638 745 948 697 1720 2177 336 
98: 711 1948 2125 311 
282: 711 2170 1782 867 2173 
1011: 711 783 501 390 1798 1048 414 214 1041 
1413: 711 1846 628 2344 1325 2125 1611 232 991 2139 1246 122 414 266 372 1442 1367 192 260 261 267 272 2249 1879 324 1167 1660 2362 1048 157 2062 
1577: 711 1545 1530 2157 698 990 2165 2307 1502 934 1464 
2235: 711 390 2200 
2190: 835 1066 122 131 259 132 1099 2063 1566 1288 215 
1645: 837 2007 11 1088 169 839 867 2284 
2296: 837 11 1036 1751 1476 1822 1869 239 53 151 302 311 333 335 417 551 703 825 1020 1041 1043 1222 1324 1326 1345 1399 1483 1571 1980 2388 
1956: 837 1873 2060 2131 2157 160 1476 246 1784 1822 1830 1855 344 654 343 2031 469 2041 1910 1449 25 1021 1328 169 353 1507 1491 1841 1332 1482 1772 2343 2366 1352 23 1633 1989 1358 419 271 610 1211 
213: 837 960 2194 214 23 1348 2269 1403 
74: 837 911 266 437 792 1980 839 1046 
692: 837 1664 169 1663 1721 
1550: 837 1967 327 604 101 839 1719 
1050: 837 604 2208 210 1687 260 272 437 2194 852 2184 1989 47 2033 368 1652 
2086: 837 1160 200 26 135 792 708 710 1222 1747 1919 2327 
1630: 837 2250 586 626 1629 1943 1348 740 1796 523 
1245: 837 1434 1664 2361 1561 1841 1395 84 85 154 1721 
1459: 837 369 2132 515 792 2330 353 917 1932 436 
1837: 837 2130 1873 2132 1102 2131 246 911 2003 247 904 437 1454 169 79 1686 2343 1032 517 49 
1616: 837 1613 1440 557 1676 1808 994 1117 2392 142 600 1485 152 
946: 837 511 746 564 32 532 2330 302 1841 1399 1332 352 840 940 1922 1331 1981 1418 1328 1840 
947: 837 625 301 2344 839 2372 1695 
1854: 837 923 1611 1246 266 1442 58 131 192 260 261 267 440 2249 1589 2104 963 263 1234 1274 
743: 933 11 2131 959 232 420 471 573 1968 2048 1814 800 960 840 1279 972 2090 1520 
1470: 933 1163 11 135 169 
458: 933 1124 1041 
836: 933 486 1410 1876 1768 1705 1443 2070 1501 
1183: 933 1157 949 1528 1690 1758 2145 
1330: 933 536 344 890 1367 978 735 1526 1891 
979: 933 150 448 151 1324 2084 
1487: 977 538 2176 2315 1182 1871 424 667 448 520 449 463 683 1633 1743 375 744 846 1735 1769 68 781 1617 2255 198 705 774 793 
1786: 1066 4 970 
506: 1066 1939 
730: 1066 2157 746 1374 1798 2209 299 1117 324 204 2158 1197 2226 
2288: 1066 1367 1005 605 796 1291 465 2339 2290 1298 818 873 2379 
1338: 1068 2345 486 906 72 1946 426 405 1777 
1472: 1068 806 161 1132 361 
841: 1086 1926 959 792 1848 1087 1730 889 893 2302 
1311: 1086 511 1687 1576 27 214 248 1310 2213 
1087: 1086 1424 1371 155 25 359 168 792 2330 214 2128 376 841 893 
1609: 1086 2333 1590 1357 1687 1343 1847 1651 1329 852 2270 1817 
446: 1163 812 1516 502 703 1817 882 1880 633 
2075: 1163 698 2054 363 367 
2243: 1163 432 2157 2361 1526 581 
2172: 1184 1185 11 510 229 305 792 1508 
1496: 1185 1036 
354: 1388 369 1792 470 2107 176 840 
658: 1388 1689 1607 1410 1540 536 1613 2101 76 779 1808 1143 1957 1277 2330 1482 173 1198 
529: 1424 11 1367 58 83 97 122 123 131 132 309 311 414 1421 1431 1054 1578 1197 1978 1214 1739 1374 625 
1315: 1424 11 1171 1591 959 1855 414 606 703 855 911 930 960 1140 1687 1703 1324 1326 1965 1980 2387 1872 1375 
2344: 1494 860 11 511 1613 2087 628 625 1823 1203 308 1246 621 58 97 131 176 353 362 496 497 571 683 766 856 934 947 1019 1020 1197 1266 1305 1391 1413 1491 1517 1653 1719 1794 1908 1965 2046 2088 2334 2372 
931: 1494 1371 923 470 623 1117 2392 270 1600 1028 568 
1555: 1494 299 1140 1840 745 204 598 151 1862 87 1141 2025 86 708 2353 2027 2253 
1608: 1494 2007 1537 536 628 292 1744 1748 237 1822 1371 995 996 997 626 927 566 598 1317 492 932 
236: 1545 11 1865 1018 2101 1598 958 959 1270 1025 899 2200 1960 1835 1205 442 469 1866 1867 2257 1628 870 1005 
1025: 1545 2060 101 236 2098 310 2085 2252 16 888 
852: 1545 1537 536 2208 210 783 362 923 266 2100 515 1117 1739 1591 2165 47 2033 513 1652 1050 1609 
1510: 1545 687 90 67 2022 744 
521: 1545 
1126: 1545 511 2157 1468 1790 2165 334 763 842 1785 
1327: 1545 
2271: 1545 
401: 1624 
1003: 1624 1383 
2237: 1689 1410 1217 1476 950 73 586 1808 1276 8 1149 953 1367 1277 1553 1269 408 1278 1504 2085 2339 
364: 1689 1809 1748 1951 1808 626 994 854 1690 1889 
740: 1976 541 959 850 792 461 1858 16 306 1630 1228 
9: 1967 11 32 1160 4 632 1367 1369 2392 953 959 1855 73 386 713 1798 1537 687 273 
273: 1967 9 1613 632 277 1855 923 451 200 713 626 26 135 1559 1418 267 792 298 1491 963 2195 1179 
686: 1967 1607 1410 1768 1794 781 1041 
1062: 1967 1744 359 437 2076 1909 189 190 1369 652 2070 2257 1747 624 1155 186 265 2009 2163 183 1880 182 2072 2265 
1742: 1967 1182 488 451 2053 611 1502 2184 1342 855 2305 1501 
1795: 1967 642 316 1698 
2020: 1967 1846 1740 1611 266 192 267 2249 2137 1381 
20: 1845 1846 1611 266 192 267 2249 439 1810 1500 
1500: 1845 1418 958 657 20 391 1466 2022 1802 
1104: 1845 959 792 1591 1686 465 1785 1944 1821 
2078: 1846 1873 2157 923 747 1354 19 
99: 1846 362 1611 1676 2214 266 1442 192 260 261 267 272 2249 305 1975 79 1048 1231 2084 
525: 1846 1687 272 1637 439 867 568 1121 2374 366 
948: 1846 374 1544 2039 2176 1469 1052 1243 510 1325 1611 414 36 266 2100 1120 959 1442 958 978 970 267 260 771 580 1140 1141 1765 802 922 440 234 261 262 323 445 597 688 1690 1228 
1439: 1846 2098 473 565 1022 1020 807 289 
1802: 1846 1822 301 1611 123 266 953 192 440 1500 2022 
2126: 1846 1610 1611 266 1442 192 260 267 2249 439 
2200: 1846 1865 1018 2101 1598 236 1835 501 390 1716 266 1611 1270 1866 1538 870 79 899 1205 1942 2235 
251: 2345 253 1678 400 1674 80 217 1501 
217: 2345 486 906 253 1835 1522 1752 250 252 405 545 80 251 271 1250 2273 1432 
1250: 2345 250 935 217 2273 
1674: 2345 2199 923 325 2366 251 1501 
274: 369 1916 1168 
355: 369 174 1687 626 123 825 325 176 115 1179 248 
2201: 369 869 409 600 2372 1319 
676: 369 122 131 132 2063 
1225: 369 592 
772: 369 2039 2131 344 960 1112 792 169 1538 1772 334 1730 412 1849 
1290: 369 1063 703 
1318: 369 2060 1855 1914 451 447 2392 169 334 1193 1730 2111 
2363: 369 
2383: 369 2007 638 105 302 2372 
858: 369 869 600 2128 376 
1387: 369 1540 1957 2316 1998 
915: 369 1822 129 2361 594 2128 2342 1291 575 1298 
1486: 369 145 146 
291: 486 906 405 2273 
645: 486 72 1611 266 1442 192 260 267 697 439 907 2017 908 
1134: 486 906 80 
2094: 617 536 604 1160 1694 923 1440 779 1808 1985 788 8 1277 64 131 348 1095 1276 1386 1448 1718 1911 
293: 617 1574 1694 2156 923 2250 451 586 129 747 
1180: 617 950 360 2167 1591 603 756 1284 653 1190 395 1995 394 
1386: 617 536 2136 1694 923 1440 1985 788 2094 1911 64 348 1448 773 
878: 617 2364 1495 360 626 1561 2109 
1448: 617 536 1694 1440 779 1985 788 2094 1911 64 348 1161 1386 
114: 860 1044 909 573 1562 792 302 115 1165 880 517 
382: 860 628 144 123 1214 442 154 1054 683 582 
502: 860 55 1540 1869 1687 1246 594 220 325 2372 446 855 888 1688 2084 
530: 860 2060 960 1866 142 
1681: 860 1053 1780 1677 123 131 1203 
1054: 860 529 1374 123 1214 382 1332 1197 
1197: 860 529 2344 309 340 1374 923 960 232 123 959 1391 58 1879 958 326 1591 1602 407 1392 449 264 683 95 393 730 1032 1054 1421 1743 
1885: 860 1873 1607 1410 1945 511 1540 536 340 460 2125 1522 129 981 1517 1950 2103 295 594 254 2084 2088 620 1198 610 
850: 874 546 77 117 632 923 510 747 991 1870 687 740 1324 792 100 1399 105 108 1281 1429 1063 975 2385 1112 1884 2252 1771 
2027: 874 2025 1555 941 2302 
926: 906 
1701: 906 1873 2091 1522 247 1589 1211 973 
2001: 906 1611 2100 272 1089 1028 
2273: 906 2346 657 405 1703 217 291 1250 
1606: 980 2039 341 2182 1866 1567 520 449 2227 1743 1267 513 1666 2013 154 2226 1964 19 898 1750 2196 
2031: 1873 11 2131 344 343 8 169 418 610 991 1491 1956 2292 2314 
716: 1873 11 403 958 1798 232 347 1590 2347 1374 969 781 1198 
1683: 1873 625 1578 654 25 123 437 1445 1933 922 1982 287 2274 
85: 1873 2169 784 1855 299 752 84 1245 385 
181: 1873 1410 1687 626 123 869 1420 786 325 883 1714 2266 2269 
249: 1873 1607 1410 1540 287 
381: 1873 169 
383: 1873 1720 
389: 1873 1142 957 1611 266 192 260 261 267 272 440 2249 439 1726 287 
718: 1873 628 473 1897 726 727 
856: 1873 72 628 1664 1202 2344 451 954 996 561 73 284 953 1002 1847 1980 332 2009 764 1001 
940: 1873 628 632 923 1953 239 946 970 1390 2392 963 1151 1716 937 
1337: 1873 511 911 424 510 73 1611 1157 1870 1120 953 267 439 440 869 1028 261 
2281: 1873 1530 
2316: 1873 632 642 1371 923 1611 1157 1962 469 266 372 1442 1908 192 260 261 267 438 440 1975 439 2062 863 1387 1850 
1898: 1873 1752 2038 1162 1747 121 851 1947 2274 758 2005 
2005: 1873 1945 1664 174 2038 1982 121 851 1898 2274 765 
2: 1607 1410 593 511 1160 144 501 32 2040 1275 510 320 2034 360 779 403 
15: 1607 511 32 2009 741 
370: 1607 11 536 8 1269 1162 1847 970 603 152 284 1650 887 764 1916 1151 900 1553 788 1314 1590 1743 1686 2267 1633 
464: 1607 911 1109 1562 1564 2049 2145 257 672 1563 1304 1438 
723: 1607 1410 2087 2131 1733 342 360 626 299 869 825 2392 724 
1272: 1607 1744 32 2054 1099 1875 
1192: 2007 11 1334 204 131 229 334 568 792 
2286: 2007 
37: 1410 1367 652 964 184 
171: 1410 511 69 1160 2167 1373 735 1198 
473: 1410 593 2136 632 1852 923 343 1712 1611 799 266 448 450 2246 192 267 542 761 70 125 447 1781 893 631 1439 1218 854 718 609 1514 
518: 1410 705 
2044: 1410 193 
1593: 1410 536 325 1594 
1641: 1410 2176 1764 746 1934 1778 923 451 892 2032 1457 1098 515 1591 1625 2326 690 998 900 
1739: 1410 2060 529 451 200 272 852 1186 
2110: 1410 1540 536 628 1164 626 644 1303 2332 869 825 1277 2257 1151 636 1949 1198 648 173 1968 649 1515 2042 
1775: 1419 923 779 2032 1031 2113 2167 1676 2214 2215 2216 2217 2218 2219 2220 2221 2222 789 689 1866 56 295 1553 1618 1625 913 421 2210 1981 1542 
2299: 1419 536 2236 1901 1937 
1423: 1419 538 950 451 2113 747 1525 359 1277 1840 1331 1343 326 169 1491 1841 1332 449 1528 2010 2350 1324 1814 311 2084 2011 1145 2008 
1193: 2091 2035 1733 1914 957 25 1112 2392 598 87 609 1019 1318 2036 
173: 2091 1865 2101 1764 783 923 951 1314 991 644 666 1303 658 2110 285 2322 1666 690 1968 1205 
2347: 2091 55 1768 716 362 923 715 1437 1276 669 687 987 649 1392 2350 908 492 1814 
1: 41 11 
41: 1 55 1876 1434 1945 480 1088 546 1082 1124 1955 593 1544 1768 811 2185 196 511 1648 
1945: 41 626 1426 800 272 395 477 1248 1366 1668 1885 2005 2374 2185 
1955: 41 923 626 1522 1085 123 413 591 825 1348 1838 
1648: 41 1879 1798 783 2182 1966 566 349 1771 
327: 11 196 1522 1718 732 1733 1550 
1044: 11 746 298 299 114 425 1449 1822 1760 
1096: 11 626 1005 1418 2209 
595: 11 953 
1142: 11 196 63 360 1427 1277 2356 1591 957 958 959 25 26 87 255 389 848 900 960 1048 1141 1934 1428 1435 2203 1703 1743 1471 2153 
865: 11 298 26 90 135 200 214 1637 
1164: 11 1275 18 545 904 1490 1968 2267 1678 2110 
2205: 11 511 386 192 266 267 356 439 766 1611 2249 
1220: 11 2087 101 1160 326 97 214 909 1639 1744 
1642: 11 511 169 343 344 
210: 11 2208 47 64 2033 2194 1050 1953 1652 368 852 
2264: 11 1102 1664 23 343 829 1373 1476 1747 
1761: 11 1591 192 260 264 266 267 439 1442 1611 2249 
246: 11 1476 957 451 38 1841 1332 950 1463 954 773 1190 1482 344 1956 1837 2324 
2223: 11 2131 864 1305 1485 2372 
1312: 11 229 433 568 
1658: 11 2131 263 950 1343 
330: 11 2060 63 2258 725 1498 1913 533 1089 803 1897 2058 1772 
642: 11 1540 135 176 200 214 343 1177 2135 2021 1099 1795 2316 2062 
2386: 11 1088 2039 341 214 657 703 1278 1343 1441 1696 2096 
1886: 11 1537 2136 746 923 1591 326 298 299 1367 234 991 2292 
1382: 11 1277 1591 958 959 960 1276 
1243: 11 232 904 948 1121 1911 1698 2084 
222: 11 105 2343 
2181: 11 83 575 1357 2372 
1139: 11 632 1591 326 687 437 442 469 790 1210 1676 1743 
1408: 11 992 169 576 911 950 1980 1870 
423: 11 1934 2392 1810 
424: 11 1102 2176 324 1249 161 1743 1633 437 1337 1529 1300 449 1028 1364 846 1487 657 744 
430: 11 1513 
573: 11 743 114 990 624 1923 750 
1604: 11 1696 
1136: 11 923 1329 959 108 566 1278 2125 
1636: 55 1982 2274 
183: 1876 909 918 1206 886 800 2076 1909 189 190 652 2070 786 1747 517 1155 186 2009 1880 182 2072 1062 633 1987 2265 
2272: 1876 800 
1177: 1434 2371 642 586 1611 266 1908 267 440 263 2227 612 917 1716 819 2226 968 2077 
1242: 1434 1811 1611 1314 438 440 2392 43 311 254 347 
2256: 1434 632 1809 923 925 1953 957 1738 2167 597 2166 2392 1660 79 1151 2227 290 1814 936 1055 2226 2306 2351 
1366: 1945 1476 1793 2310 1525 825 537 867 
71: 1088 990 991 792 958 1686 
425: 1088 1044 594 1203 209 
547: 1088 1664 591 1203 151 1482 867 
664: 1088 1744 1914 1946 2167 468 484 123 1067 2236 2346 325 1343 1637 652 1017 394 1772 1810 1471 1963 1747 287 703 2269 241 271 973 
868: 1088 2157 1217 923 451 1806 343 510 638 266 2100 
1712: 1088 698 501 473 1263 1541 
1286: 1088 1544 607 1135 1694 972 1687 1210 981 1561 434 766 869 2396 1188 2270 1703 
1287: 1088 511 1160 1822 1992 2029 32 510 360 803 869 1903 
1345: 1088 2131 2296 353 1528 1106 
2399: 1088 1934 1045 1982 
1463: 1088 2060 1656 1661 1160 656 1733 1734 246 995 200 626 961 135 298 1562 66 448 1324 2292 90 600 871 
903: 546 
1393: 1082 520 478 598 1514 1833 
591: 1955 2185 511 2087 1687 123 825 2103 1079 1203 2049 547 1668 1769 
1838: 1955 511 1085 869 285 
170: 1544 1768 1194 2285 1869 123 1146 1819 2048 184 
1714: 1544 656 181 2266 
651: 1768 1426 1008 1589 2104 136 796 1596 1248 2341 523 
1397: 1768 488 1206 626 821 2112 537 1980 477 535 622 1013 1705 2261 1649 
2175: 1768 923 455 437 697 90 176 467 668 1705 1810 1998 831 1006 934 1248 1639 
1115: 811 1664 918 991 1517 2103 214 1119 209 1668 2400 
1212: 2185 46 909 2397 869 1591 1417 556 
109: 196 
2351: 196 2208 1744 991 1079 1591 649 1435 1841 2062 2256 2118 1506 1904 
618: 196 1036 536 959 869 325 1564 353 2009 1747 
285: 511 923 996 997 561 2009 1528 173 1838 
483: 511 299 
1546: 511 360 1611 959 1347 
561: 511 1537 1953 32 510 73 2009 206 285 476 856 
1073: 511 1449 2392 
1092: 511 32 510 532 1610 
1628: 511 536 2082 2101 236 923 788 1105 1743 899 2128 582 1106 2111 1633 1627 1535 221 1650 1631 1632 
1143: 511 1160 399 1953 586 587 2144 1489 1203 658 1883 1273 2061 
1662: 511 305 580 
1713: 511 
2262: 511 2208 1792 2332 2209 1520 353 
1782: 511 2170 282 2173 
1787: 511 792 1373 2042 
1791: 511 538 77 2131 344 399 564 510 1610 2167 244 2308 669 1879 1234 290 264 1259 1395 1633 2385 2135 
2325: 511 2009 
1444: 511 1079 439 
1369: 511 9 1870 478 459 749 1062 1730 2253 
1392: 511 536 38 585 610 1197 1538 2347 
1996: 511 1590 799 1418 594 1191 824 206 535 
1347: 511 360 1546 1110 
1507: 511 746 200 2177 1089 169 1956 500 
2115: 511 536 1992 32 1929 1687 372 455 461 568 869 1553 1962 
4: 9 1102 1613 2136 632 2232 1823 308 923 957 992 510 73 689 1246 1394 372 1786 2174 8 1527 1427 1277 1329 1660 1334 2356 1591 958 959 324 326 2246 978 1879 219 2014 745 2350 204 
889: 72 1367 1041 1112 1017 1526 841 333 397 31 1043 1722 
241: 2035 1155 816 664 
717: 2035 1537 632 179 1748 1855 1371 923 995 996 1246 1276 38 1277 1562 1718 
1483: 2035 1036 1664 809 2296 150 239 1041 259 353 1841 394 1663 125 1368 333 1043 1722 1222 1699 
70: 1102 473 2292 792 1528 1433 492 559 
680: 1102 1097 925 437 846 1300 
846: 1102 2176 1835 2064 424 1314 626 904 449 1633 1743 375 680 744 1487 705 1300 
1352: 1102 1613 185 950 2392 1956 1433 492 
1481: 1102 123 1978 754 1709 
159: 2039 151 
24: 1530 507 792 1660 703 517 
93: 1537 469 1303 1449 953 1626 459 
574: 1537 362 995 2125 326 1618 859 102 1403 
769: 1537 536 1053 1784 957 960 586 991 1187 1883 785 766 2385 958 326 1591 100 108 1009 1527 452 600 482 1965 844 
859: 1537 632 1852 362 1953 451 972 995 232 751 1808 1246 1457 359 326 1591 1435 449 1980 132 1743 574 393 
1253: 1537 1367 1794 357 
1773: 1537 1980 
2045: 1537 628 292 995 1774 1377 
1995: 1537 2113 1676 284 1180 307 1191 773 1686 907 1695 2278 908 
2028: 1537 
1270: 1865 1018 2101 632 2176 236 1835 1867 451 360 2200 1490 266 1866 687 956 1591 958 326 1716 54 870 899 936 1205 1960 
1960: 1865 1018 2101 236 1835 1867 1866 956 1270 1915 899 936 1205 2375 
2375: 1865 1018 2101 1835 1867 899 1631 1960 
1200: 1540 557 1874 840 
888: 1036 2157 1296 667 1986 806 2168 2293 1005 1841 2277 1907 1836 861 502 2339 1930 1025 1781 1047 
1222: 1036 2296 2086 489 2392 1399 807 704 1483 1043 281 708 280 613 
578: 2060 
1539: 2060 604 1694 1371 469 1561 2183 
1917: 2060 1246 1067 958 324 298 2362 1038 
2111: 2060 155 1687 1468 2139 1187 516 1343 1628 1009 1632 942 1631 872 1627 2145 514 1318 1571 2314 
47: 536 2208 210 784 2194 290 852 636 2033 1050 1652 368 154 
195: 536 1517 678 978 899 2008 1417 
377: 536 1611 266 1442 192 260 267 978 598 439 1258 
1037: 536 978 
1618: 536 1613 2169 2315 2206 784 2000 779 232 66 2385 2103 687 56 1277 1553 1527 913 421 2210 1981 574 1099 1178 1679 1625 1775 
1677: 536 32 510 360 1681 
1853: 536 510 360 1687 2167 689 1276 1957 372 959 1277 904 2066 1504 1191 1106 1650 1631 2207 
1856: 536 788 1525 359 631 1105 1106 1511 1535 1633 1650 1743 2128 571 221 880 744 1726 975 1585 1753 2077 
1409: 536 628 292 625 308 360 532 2167 637 1774 131 2372 708 
1508: 536 2172 655 2199 766 1214 272 190 736 264 1013 53 
88: 1613 606 86 2067 2068 87 1719 1430 
307: 1613 923 1582 2216 1210 1303 2182 1966 1490 372 448 1277 1879 1569 1326 1995 1548 
844: 1613 923 608 1334 2334 2362 683 769 796 1429 
1116: 1613 277 566 1158 1244 
1965: 1613 2136 1315 2344 923 150 1246 1334 1562 792 324 1329 2362 769 907 514 1429 1789 
38: 541 101 126 246 1835 2258 510 155 390 1798 1556 73 239 959 953 141 353 1030 1159 1168 1306 819 310 566 956 717 1392 2307 1520 
1046: 1018 2232 746 2018 299 408 74 188 1994 
1511: 2082 923 788 1525 603 1105 1106 1743 2128 1535 221 1650 1856 744 1585 
1627: 2082 628 2206 1202 626 788 284 1367 168 1991 1249 1628 1632 1686 913 2049 1105 1106 1114 1535 1650 1743 2102 2128 1405 1631 221 2135 2111 
1952: 553 32 1277 1246 472 1276 
1279: 2087 743 1522 123 871 792 214 681 1165 1348 1280 
300: 1361 2370 
1241: 1074 269 1676 
1560: 1075 1076 1077 1078 1620 2357 2142 2384 
1925: 1075 1076 1077 1078 1620 405 2339 847 
1913: 63 330 131 1538 803 1915 533 
1797: 63 604 784 991 
704: 63 1615 604 662 698 2018 564 239 1517 165 825 970 169 1841 83 461 807 2088 51 2290 1547 1043 1222 1509 
466: 63 698 1872 356 2385 871 204 1897 2210 2008 986 1919 1130 
1428: 63 76 604 1142 632 1476 1934 1946 957 1798 1157 1276 372 623 959 800 1277 2153 958 1591 1542 81 1586 
831: 1598 431 58 2175 2341 1006 
459: 69 2333 455 1369 1626 93 570 1727 465 
238: 1620 2125 2100 1591 1600 1285 
707: 1620 2157 991 1435 452 
1189: 76 809 911 1157 1591 2297 652 603 1114 1502 2184 149 1421 
1949: 77 2157 160 923 451 992 2209 2103 687 2110 1017 1234 
939: 77 843 563 399 1953 564 587 244 428 981 990 
1626: 77 959 459 93 
270: 1621 957 1881 958 1203 1538 214 1209 931 1924 589 
2304: 2124 911 2308 2177 2165 290 2306 1106 1114 1226 
139: 1615 1367 1526 793 
577: 1615 1774 393 50 337 
39: 2131 1676 1690 
1816: 2131 1367 537 477 
2164: 2131 2176 1764 1778 510 1098 690 
2342: 2131 344 343 26 27 2168 169 22 218 31 328 808 881 915 1237 1238 
50: 2136 1367 792 1980 612 867 577 739 
567: 604 2018 1611 266 1442 192 260 261 267 438 2249 1980 1686 
1572: 604 532 
1722: 604 117 1664 1202 1449 1824 1840 1331 1602 1332 598 1663 333 855 889 1932 1483 366 629 
1745: 604 809 1041 1373 508 
2278: 604 1664 277 2000 2002 324 2297 1995 2122 
778: 604 2026 1561 1316 
1362: 604 2157 1783 950 992 1045 550 1958 1857 2229 2042 331 827 1940 
879: 604 1561 883 1348 
2280: 604 
697: 2138 923 451 360 2361 991 36 123 131 1824 786 1435 1998 287 645 2175 1982 1868 2372 
1294: 101 1112 1029 1405 420 832 16 
286: 101 1858 
306: 101 1210 1377 752 740 485 
485: 101 1883 1377 752 2057 306 
1906: 1135 656 950 954 728 359 2357 2149 145 962 1659 2074 
2069: 1135 1469 895 362 923 32 713 152 434 747 750 1234 1597 1676 2104 2368 
500: 2157 1784 981 1328 1507 1491 1841 1332 2165 83 845 
550: 2157 144 950 343 73 455 1427 397 1915 148 803 49 103 1362 1363 2071 2378 720 
1302: 2157 628 632 451 2125 166 1321 2179 1597 1474 
1907: 2157 1415 689 1391 888 
2228: 2157 1213 150 451 2002 747 1808 959 958 1435 1161 2366 1028 
2313: 2157 1744 1939 73 2167 747 220 2330 169 
281: 117 150 1696 2084 1222 1043 1429 
54: 628 451 1687 1866 1270 1343 883 590 703 
767: 628 746 1467 460 1808 644 1276 25 299 1277 225 223 224 2061 
2008: 628 2232 1783 2018 1687 470 1866 2385 2153 693 1423 1414 466 252 195 1239 
2010: 628 1353 1734 2018 1687 2150 626 2153 1203 204 1162 1414 1423 2197 
2203: 1142 959 1140 2392 2362 1686 
519: 632 923 200 1752 1591 
2268: 632 923 970 1575 
1634: 632 1117 1719 
679: 632 422 1528 
2319: 632 957 1117 1140 2373 449 660 
826: 632 269 451 2209 2257 83 
1122: 632 1806 510 360 532 638 247 2392 80 559 
1215: 2169 1160 2315 1953 1277 953 151 408 
875: 1664 
1133: 1664 1663 
1282: 1664 1841 214 2154 
2300: 1664 2018 1953 360 1591 1841 1414 
705: 2176 1676 518 1933 1743 375 744 846 1487 
2358: 144 451 
2022: 147 959 359 263 1690 1500 465 1510 1802 
49: 1171 918 869 956 792 1089 550 1837 590 
51: 1171 791 451 792 970 590 1730 704 
882: 663 1632 1105 1502 1159 1219 1326 446 
145: 2199 923 2107 544 1906 1486 
661: 2199 1561 131 971 2359 387 
1058: 2199 923 1962 
257: 2315 1809 1440 299 326 464 1591 108 449 1743 887 
531: 2315 131 515 1334 887 
1868: 2315 451 131 697 2392 
2211: 1691 751 66 1098 449 154 
774: 1182 803 1487 
2180: 174 1016 
1969: 180 1783 296 23 1970 509 
908: 1202 2002 284 1067 904 1367 800 1718 2297 773 2347 1406 1190 1084 1858 10 645 1860 1995 
1144: 1202 644 1276 372 1562 1718 326 1591 2105 429 2195 95 
2241: 1469 
817: 185 1783 1798 73 991 2155 1672 1671 953 2392 1959 
2122: 698 1888 311 2278 
720: 698 1045 869 550 1263 
1746: 698 43 
677: 197 319 671 149 
347: 716 362 359 1105 361 2084 639 1242 
2242: 1744 
1842: 1744 970 1812 
1061: 1751 2125 469 470 
1961: 625 
2061: 746 1467 460 644 1143 299 2158 225 767 223 224 
2120: 746 363 367 
2148: 746 299 2114 2277 1228 
2230: 746 1522 84 
2309: 237 911 1793 953 839 1399 739 1668 
1190: 246 2002 1180 958 1284 1416 2297 653 1191 773 1226 1858 908 887 206 
808: 1780 1415 1517 2342 1790 810 
198: 1783 1866 1915 2372 1810 1998 1487 
365: 1823 451 1210 131 516 1317 1827 1640 
1231: 1823 1611 1157 266 192 260 267 792 1591 305 439 1758 99 1804 
420: 1800 743 960 1984 959 1367 1112 319 1005 1526 311 143 1294 31 1024 1807 
2305: 1800 1331 1538 942 1742 
1724: 269 451 360 129 2361 2177 1774 295 1167 
35: 277 1855 1157 25 1331 
1766: 277 409 2188 
289: 1822 1934 991 2153 1433 1863 1439 
1221: 2333 1817 2077 
203: 2156 923 1156 1911 131 1277 1564 1267 639 
111: 909 1522 1157 869 839 1398 1963 
1829: 809 448 450 447 1406 1071 1699 
621: 2344 510 73 638 1210 1308 626 891 8 284 1552 637 953 2257 1191 
497: 2344 1246 372 448 2385 1391 131 1879 505 1527 1810 1429 
2349: 315 911 981 123 825 2326 2009 1515 
1893: 1852 1158 
1042: 1855 25 802 1765 
1120: 1855 1934 451 510 532 638 25 305 948 1337 1471 2153 
2025: 1855 1934 957 451 25 1140 1718 2194 606 87 1141 1375 1376 1555 1667 2027 
1079: 2371 360 1519 1277 1203 75 352 535 591 2351 1108 1395 1444 1514 2062 
533: 330 945 1772 2058 1913 
297: 1578 155 1278 2227 912 
1453: 1578 1328 683 583 2186 
1239: 342 1738 1210 991 1490 313 1698 2008 
92: 1371 995 2177 687 1367 324 1696 1427 1161 
1617: 1371 1929 2125 1767 1487 
2381: 1371 1983 214 1340 
95: 1374 2167 1562 1718 1144 2195 620 1197 
629: 362 165 359 1589 913 393 265 1043 1722 1425 1004 
1251: 479 1203 1259 829 1403 615 1137 
1700: 911 448 792 1331 1343 1841 832 703 1890 1895 721 
1552: 1934 510 360 532 638 1449 1591 621 1881 2374 
2240: 1934 150 2032 1031 2113 1676 2214 2215 2216 2217 2218 2219 2220 2221 2222 789 66 1427 
331: 1426 1362 1363 
1385: 1426 923 1910 268 
1534: 1426 792 268 1622 
1138: 654 150 1687 1752 1933 151 542 2036 2037 
2373: 654 779 1676 626 644 1083 472 566 1277 792 1625 703 1730 2319 
48: 923 960 959 131 
61: 923 
681: 923 214 1279 1280 
830: 923 747 751 214 311 
902: 923 1457 1589 2195 1719 1631 794 
2055: 923 805 
2282: 923 
1000: 923 668 1810 1998 
1503: 923 200 2343 
1669: 923 1933 
1729: 923 131 1858 2063 986 
1848: 923 1298 605 322 818 841 2302 
17: 1946 755 646 
1313: 2018 715 626 1360 1449 657 1348 2213 
1826: 2018 324 326 2322 91 2146 1990 
321: 1440 1216 
647: 1440 1357 1229 
384: 1953 73 953 792 175 517 
434: 1953 972 510 2069 1210 981 766 2368 1286 
670: 1953 779 1246 1696 1228 
1725: 1953 981 
1665: 431 869 
765: 433 807 781 2005 737 2117 
489: 150 360 1041 1343 668 151 1482 1247 1222 
224: 1467 225 767 2061 223 
2174: 957 960 689 4 1277 219 2350 
67: 957 960 1522 1449 958 598 917 2036 761 1510 
426: 957 997 1234 1338 
528: 957 960 448 450 447 598 87 
1209: 957 1881 270 1447 
1950: 957 451 510 532 638 1672 2209 1118 786 1562 16 796 267 598 790 1109 1575 1885 
1322: 957 2054 959 958 
1310: 1939 2125 1311 
2024: 954 229 1048 1216 
243: 1992 266 438 440 1794 736 1538 263 264 439 262 
912: 496 1718 14 1317 490 1720 1688 297 682 
627: 1806 1875 873 
513: 343 2150 122 414 123 131 336 958 259 132 435 852 1690 1704 1606 303 1692 
1363: 992 550 465 2229 331 
613: 972 551 1222 
1429: 995 455 850 2385 792 302 2362 497 601 844 1965 2013 281 
741: 997 15 2318 
1781: 2029 955 869 473 1089 1794 964 888 
1175: 1008 176 978 78 215 
2079: 32 62 821 1814 2327 
1232: 1275 1277 959 
2038: 360 1687 272 263 758 121 851 1898 1947 2005 
2260: 360 532 239 219 600 1257 
2053: 360 1742 
42: 779 295 1414 1565 
313: 779 1908 517 819 214 552 968 1239 357 2368 
1565: 779 689 1276 56 295 1553 42 1414 
1166: 779 
524: 200 792 958 298 2343 
1350: 700 
193: 2125 2044 1234 
813: 2125 1589 
1580: 2125 1161 2306 1814 885 
1581: 2125 792 
1817: 1687 1847 1609 1858 446 1221 1860 
2092: 2151 1123 725 
1170: 1522 2372 757 
1832: 1522 
1928: 1522 735 
1644: 2032 1870 
1297: 1556 753 1747 1234 
1597: 2069 990 1302 230 
965: 1611 267 272 748 1931 
1381: 1611 266 260 267 2159 439 668 2020 228 
1412: 1611 272 589 
2350: 2167 689 4 1277 2174 1427 219 1199 1423 1814 2347 
675: 2167 450 248 
1450: 2167 231 
219: 129 689 1098 4 1367 1277 2260 1841 449 2174 206 435 1526 2350 1281 452 1161 
1697: 129 2361 869 263 2372 23 1982 2270 609 725 973 
2186: 129 455 2310 1301 1453 
1398: 1157 8 111 465 1048 1758 
2083: 1157 2128 1758 1612 
847: 1206 1925 1258 
1274: 1206 594 1268 2236 1589 1854 1747 1959 
590: 1210 1962 1879 265 49 51 53 54 
1721: 1210 2107 1331 692 1245 1477 
1971: 2238 97 571 
379: 1752 302 1696 1978 1464 
1064: 232 792 
1389: 244 30 1875 
1055: 2308 1841 2256 
130: 1831 2361 
106: 626 1367 1334 305 449 429 
1280: 626 970 681 1279 
1285: 626 2168 325 1589 1562 1718 1284 2197 2195 238 1720 
885: 626 2356 657 1580 
1801: 821 623 214 620 461 
842: 1360 594 956 2293 1126 763 
1465: 886 1277 1589 1810 22 96 461 935 1464 1994 
1861: 1927 1589 1562 2105 1858 12 1340 1458 1834 
1693: 455 637 
1728: 990 668 2393 605 376 1464 
2380: 26 448 1043 
1635: 135 
1964: 457 2392 517 1234 1606 205 
782: 507 
1614: 667 1367 2090 1084 242 
78: 1561 748 1794 978 1175 701 2204 2145 
708: 2086 1409 353 2372 1555 1222 1919 1920 1988 184 187 710 
710: 2086 1343 703 1919 187 708 
801: 2139 1420 2103 325 214 2163 966 
966: 2139 214 801 
1796: 1629 190 1630 1880 
1877: 2155 66 1098 1456 1839 90 79 1862 1105 2063 148 
739: 1986 1984 450 1367 50 2309 
1732: 2310 978 1295 
682: 2054 2160 912 
1464: 2054 1589 1810 1465 2179 1233 1577 1728 96 172 379 
659: 1303 1879 2257 
701: 1883 78 2360 
924: 1671 652 1579 1288 
1030: 38 
1168: 38 1839 898 274 
1306: 38 
1709: 123 754 1481 
1130: 161 869 325 1696 1575 1132 466 1529 
1659: 266 1906 
898: 266 151 1606 1168 
639: 299 203 2011 347 
2037: 448 450 447 963 2194 1719 2329 1138 840 
1936: 448 1103 184 2077 
1169: 1067 326 1591 1191 1769 
1884: 850 792 2161 
1411: 869 
795: 825 693 840 
1455: 58 1589 1186 
2119: 131 
385: 131 1975 85 1940 2254 
128: 1367 
211: 1367 652 735 1526 1145 
462: 1367 1538 1348 2257 
572: 1367 1526 2376 
937: 1367 326 1416 1591 940 
1340: 1367 1526 16 796 1858 1861 2160 2381 
1383: 1367 1718 1003 
1430: 1367 1625 598 606 88 600 87 2068 1319 
526: 1908 1827 
421: 56 1553 1618 1625 1775 913 2210 1981 
523: 295 787 1630 651 
1480: 295 
279: 515 
322: 871 1848 
1874: 1072 1591 1937 1200 
727: 1112 2252 718 722 
2047: 1117 
695: 2153 494 
2204: 1456 78 
2339: 2237 1794 598 606 2382 2263 1685 1684 1925 2288 888 
540: 1479 2112 537 535 622 
96: 1587 1465 935 1464 
240: 1446 395 1736 1698 
1947: 2038 1162 121 851 1898 
503: 1589 1016 
797: 1589 
1049: 1589 2184 
2052: 1589 
1667: 1140 598 87 1141 2025 86 
1257: 2260 634 
396: 1562 380 481 1785 
2081: 1562 1089 1841 964 2042 1016 
2192: 1562 
941: 792 652 1862 16 1596 1298 2027 
127: 792 
271: 1328 2368 461 1956 664 217 
1113: 1840 1331 1491 1841 1332 598 87 
187: 1840 311 184 708 710 
614: 1840 1491 2356 2128 445 
1181: 1343 568 721 
2106: 2330 2392 1794 
2121: 1847 660 
1094: 958 
366: 1005 768 1722 525 
726: 1005 718 31 
504: 324 1980 
1004: 1284 600 311 629 2202 630 
1692: 1901 1502 513 2270 
2173: 2170 1782 282 
635: 2392 
1178: 1618 310 745 417 781 156 
1679: 1618 
103: 550 
1432: 105 363 217 
2196: 373 1538 803 334 1228 1606 2341 
763: 1126 1790 842 
2213: 1311 1313 
149: 1828 214 672 1189 677 671 
2317: 302 
2134: 1696 
391: 1841 1500 
3: 1203 
646: 1203 17 
615: 1251 
2370: 2194 254 901 300 28 
1505: 2194 
1129: 1427 1380 
1150: 978 1982 287 973 1912 
1199: 2350 
1319: 598 606 1820 397 1430 2201 
1912: 1198 1150 
1458: 773 1022 1265 1875 16 1858 1861 
2004: 151 23 
230: 2133 1597 
2390: 803 1704 
172: 1281 913 2179 1464 
2006: 1749 
673: 214 
650: 214 1533 732 
2067: 88 87 86 2068 
2068: 88 87 86 1430 1436 2067 
1710: 657 1348 
164: 2372 
814: 2372 
351: 23 
380: 357 703 396 397 218 22 
57: 883 688 703 
579: 883 
509: 1029 328 1237 1969 2030 
1878: 1690 
818: 1848 461 1875 465 1833 2288 2289 
2302: 1848 841 2027 
2331: 311 
1699: 311 1483 1829 1407 
329: 311 
10: 907 2102 2105 756 1858 908 
1860: 907 1817 908 
1547: 2096 704 
1944: 1104 1247 
1128: 1776 
1638: 1663 1858 
1549: 393 1499 2202 140 
2146: 1826 209 935 
1711: 861 
215: 1175 2190 
2360: 1516 701 
1320: 254 
592: 790 1225 
191: 1639 
1238: 2342 328 31 2030 
1682: 1372 
367: 2120 2075 
671: 141 677 149 
873: 935 2288 627 
1208: 935 
2389: 1148 
2056: 1703 
12: 1858 1861 
1834: 1858 1861 
2337: 2154 
2162: 1247 
337: 577 
481: 396 
226: 2183 
712: 1228 
1649: 1397 
770: 1685 1684 
1812: 1842 
280: 1016 1222 1043 
522: 1244 
1047: 888 
1195: 148 
1551: 397 218 
2059: 589 
133: 1043 
2142: 1560 178 
2384: 1560 1895 
436: 1459 
2074: 1906 
371: 317 
387: 661 
2191: 1566 
1255: 823 
140: 31 722 1549 
275: 31 
920: 31 
2352: 1785 2355 
1425: 629 
1931: 965 
1407: 1699 
2254: 385 
28: 2370 
178: 2142 
