2794
0: 548 549 614 2403 1639 490 596 1581 2060 1074 2702 694 2610 696 138 2265 140 
548: 0 95 97 138 175 184 241 258 344 399 415 422 435 462 470 471 501 515 547 2655 2149 1138 636 644 1668 1160 1678 2067 1687 1177 2200 877 1203 2736 2743 1215 2751 2753 2754 2755 1737 1745 1752 1242 2264 1756 748 749 2082 2285 550 1280 1282 2348 1755 1857 2375 2381 2382 1884 1385 2409 2421 893 2433 1936 1945 1950 1474 2499 1997 1503 998 2025 2028 1108 2063 1558 2069 1564 1026 1570 549 1574 1069 1074 2606 2102 577 691 2125 1106 595 596 1114 2137 
549: 0 548 97 138 148 175 199 217 242 265 399 547 1894 748 1899 890 2167 1282 658 1067 2069 1177 2200 2684 1950 1687 2082 1701 2134 553 1074 2606 2736 577 1160 2751 2243 2754 2755 1737 2381 985 
614: 0 138 577 582 901 2753 777 1868 2092 1074 1307 1988 
2403: 0 27 126 213 281 346 352 368 373 376 440 470 471 487 590 636 718 733 745 748 770 803 822 827 829 832 856 879 898 926 933 945 947 967 990 1019 1026 1037 1053 1069 1099 1106 1133 1148 1156 1160 1176 1254 1277 1309 1310 1359 1361 1372 1374 1425 1433 1496 1498 1515 1543 1558 1559 1575 1581 1705 1713 1723 1728 1752 1753 1809 1811 1818 1862 1904 2028 2033 2044 2047 2081 2120 2137 2166 2167 2168 2182 2200 2240 2283 2285 2290 2355 2655 2725 2414 2421 2423 2438 2442 2710 2458 2533 2590 2650 
1639: 0 3 198 383 392 411 420 487 609 636 688 748 749 770 811 942 965 985 1009 1069 1106 1115 1271 1274 1301 1302 1304 1332 1359 1361 1415 1433 1484 1506 1528 2400 2148 2785 2533 2279 2028 2758 2300 1671 2059 1806 2488 1945 1695 2206 2207 1844 2484 1975 1852 2025 1861 1843 1991 1873 1753 2673 
490: 0 37 75 86 142 292 323 347 402 421 471 488 740 1892 748 1261 2028 1468 1904 1524 1318 1871 2421 2742 636 2297 1282 516 1363 1158 524 2002 1936 547 598 2578 1304 2025 1563 2459 877 1570 678 2339 2238 554 2725 1581 509 560 1200 947 2480 694 823 696 1836 803 818 2491 2463 1984 1858 1609 1673 1998 595 596 597 856 1752 1203 1372 1058 2650 2397 
596: 0 548 490 2 27 37 50 52 74 79 82 89 91 105 126 128 138 154 155 164 173 184 188 198 203 205 206 209 213 214 229 231 237 260 265 270 281 288 296 311 312 317 337 345 351 360 372 373 377 380 382 403 404 405 406 407 414 421 441 453 466 478 480 485 497 503 522 524 528 529 531 533 535 543 546 547 556 561 562 567 593 595 2655 617 630 2673 2678 637 644 2689 2694 2696 2699 2279 2705 664 666 667 2725 2733 696 698 699 705 707 2751 2756 2331 718 725 733 2776 744 745 2788 2789 756 760 761 767 776 777 781 782 784 796 800 801 805 814 855 858 860 872 885 893 894 899 901 916 926 943 945 947 957 960 980 990 1011 1012 1015 1026 1039 1061 1065 1071 1080 1091 1092 1093 1099 1108 1111 1118 1133 2740 1135 1145 1175 2747 1179 1180 1188 1197 1213 1217 1238 1255 1263 1265 1279 1287 1294 1297 1304 1305 1328 1348 1379 1388 1392 2449 1428 1434 1490 1500 1512 2464 1515 1528 1530 1535 1538 1548 1551 1564 1565 1578 1580 1588 1591 1603 1612 1621 1626 1632 1634 1637 1640 1649 1685 1691 1696 1698 1699 1703 1708 1713 1727 1728 1752 1773 1781 1785 1801 1811 1818 1822 1827 1833 1848 1854 1855 1861 1862 1871 1887 1894 1904 1905 1909 1923 1927 1939 1941 1176 1954 1965 1967 1985 1990 2001 2003 2008 2025 2030 2032 2044 2060 2066 2067 2069 2075 2092 2102 2113 2115 2118 2565 2138 2140 2155 2160 2165 2171 2177 2200 2207 2209 2211 2212 2215 2232 2238 2285 2290 2292 2323 2334 2336 2342 2365 2371 2378 2391 2398 2413 2424 2441 2442 2466 2475 2488 2489 2493 2497 2508 2515 2516 2522 2525 2526 2529 2554 2556 2566 2567 2568 2569 2570 2571 2572 2573 2582 2589 2591 2603 2604 2609 2610 2308 2622 2627 597 598 600 2646 2647 
1581: 0 2403 490 202 257 261 386 509 524 642 694 727 733 781 782 784 786 860 899 943 967 984 1092 1093 1147 1148 1160 1213 1230 1255 1260 1344 1388 1392 1504 1524 1533 1786 1891 2378 2660 2752 2571 2032 2568 1787 1936 2565 2566 2570 2572 2702 2322 2578 2747 2288 2323 1673 2577 2005 1928 2250 2573 1705 1836 1817 2569 2479 1587 2353 2610 2464 2487 1979 2238 2060 2630 1985 2150 2273 2567 2008 1850 
2060: 0 596 1581 14 89 91 129 155 173 180 184 188 198 213 231 241 281 288 296 313 317 318 320 346 368 386 405 406 407 410 420 425 485 497 513 524 529 531 533 535 566 590 593 600 601 636 637 662 666 667 672 682 696 708 718 723 733 769 781 782 784 797 800 802 803 805 829 832 877 893 894 895 901 923 956 960 962 990 1006 1037 1046 1055 1071 1093 1099 1106 1110 1111 1118 1147 1160 1163 1192 1214 1230 1240 1242 1250 1284 1285 1297 1313 1340 1343 1361 1369 1419 1443 1496 1501 1503 1524 1538 1548 1564 1588 1626 1673 1696 1727 1748 1786 1809 1848 1861 1862 1902 1905 1918 1945 1956 2005 2008 2025 2032 2044 2655 2171 2681 2182 2578 2735 2747 2331 2229 2785 2788 2285 2292 2169 2308 2172 2322 2092 2518 2693 2440 2206 2114 2709 2489 2497 2600 2515 2200 2533 2544 2381 2143 2069 2599 2108 2332 2140 2650 
1074: 0 548 549 614 52 75 138 140 162 178 280 286 315 395 418 425 435 467 482 535 600 686 707 752 873 1648 1905 1781 2167 1957 1796 2577 2069 1688 1563 2332 2207 1452 2604 1385 2610 1977 1093 2627 1736 2119 1108 1875 1622 1116 2140 
2702: 0 1581 27 28 49 130 197 247 258 288 397 414 421 431 435 440 480 486 488 580 594 653 686 691 701 719 788 789 828 845 856 877 947 963 998 1083 1086 1096 1135 1165 1215 1258 1273 1308 1363 1375 1406 1407 1435 1522 1549 1554 1570 1574 1599 1714 1812 1859 1917 1966 1967 1997 2017 2045 2095 2157 2158 2168 2191 2253 2260 2263 2285 2306 2314 2315 2326 2338 2360 2381 2420 2433 2455 2482 2483 2495 2504 2600 2623 2653 2681 2691 2700 2739 
694: 0 490 1581 16 37 142 323 420 421 498 547 554 595 2528 1767 740 748 1261 803 2675 2558 1543 1304 876 1563 2706 2339 940 1836 1200 1203 2421 2610 1468 1598 2238 1862 1485 1673 1871 1980 2650 2397 
2610: 0 596 1581 1074 694 6 9 10 16 24 51 53 54 55 71 77 88 91 95 120 122 123 130 141 145 148 161 162 166 169 173 180 183 188 190 197 202 203 225 229 236 237 240 241 245 252 261 265 273 275 290 292 294 295 300 303 306 310 312 313 316 335 339 352 364 367 369 382 391 399 403 407 411 421 422 426 434 444 467 470 473 478 486 487 497 502 509 516 529 533 535 539 540 541 546 553 555 556 557 560 563 566 568 570 574 576 598 600 606 616 630 633 636 644 645 647 663 676 683 686 692 693 698 699 708 714 716 718 719 720 724 732 738 740 745 750 751 766 767 779 795 801 803 828 844 845 856 859 863 870 877 878 880 894 911 918 923 937 940 943 944 946 947 953 957 971 976 978 979 985 989 994 998 999 1000 1001 1002 1009 1020 1027 1029 1030 1033 1040 1041 1047 1048 1051 1052 1055 1058 1061 1067 1076 1080 1091 1092 1105 1109 1111 1112 1113 1115 1117 1121 1122 1139 1142 1144 1145 1146 1148 1152 1153 1156 1160 1163 1164 1167 1168 1175 1176 1183 1191 1200 1209 1222 1234 1238 1245 1246 1251 1261 1263 1266 1267 1268 1291 1292 1301 1309 1310 1318 1320 1329 1330 1332 1333 1335 1338 1347 1350 1353 1356 1361 1363 1364 1366 1386 1389 1390 1415 1417 1438 1440 1442 1446 1455 1474 1481 1483 1485 1493 1497 1500 1506 1508 1514 1517 1519 1524 1525 1539 1540 1544 1548 1549 1551 1558 1562 1563 1567 1583 1589 1608 1610 1617 1618 1626 1631 1636 1647 1651 1652 1653 1656 1674 1675 1679 1687 1689 1692 1697 1703 1711 1717 1719 1725 1736 1747 1757 1758 1774 1785 1792 1804 1815 1819 1825 1835 1838 1840 1844 1863 1874 1876 1893 1904 1918 1936 1938 1948 1958 1959 1977 1980 1988 1998 2000 2008 2009 2011 2018 2021 2022 2025 2026 2031 2033 2036 2057 2065 2067 2072 2077 2082 2094 2099 2109 2112 2125 2133 2134 2136 2138 2144 2146 2151 2155 2163 2182 2185 2186 2209 2215 2225 2230 2237 2239 2240 2244 2245 2264 2268 2270 2283 2285 2286 2297 2308 2309 2312 2315 2320 2329 2331 2333 2341 2349 2353 2354 2355 2365 2371 2375 2387 2398 2405 2407 2411 2415 2434 2441 2448 2451 2454 2457 2462 2463 2465 2479 2484 2486 2488 2504 2506 2507 2510 2525 2532 2535 2552 2556 2557 2558 2576 2584 2588 2607 2658 2688 2697 2700 2714 2730 2737 2752 2753 2755 2765 2771 2774 2787 2789 2762 2678 2725 2740 2617 2612 2630 2636 2646 2650 
696: 0 490 596 2060 3 37 79 89 103 143 241 242 296 325 347 372 394 403 407 466 531 546 595 600 666 667 688 1637 2659 1039 1650 2671 1656 2488 1149 2177 2192 1175 1687 2211 1193 2725 1197 699 1727 1728 1737 2758 1751 731 2589 1257 2279 748 2285 1785 770 777 779 1294 1808 1809 1818 2334 1830 1099 1071 1848 1855 1873 2391 1372 2398 2406 1388 1389 1392 1393 2418 2421 1409 898 899 2442 921 2497 1176 1091 933 1348 945 947 1461 956 960 1984 1985 965 1492 2003 2020 1004 2030 2032 2044 1538 1544 1108 1037 2577 2582 1564 2075 2590 1578 2092 2603 2604 1585 2609 1591 2104 1598 2112 1092 1604 1606 1621 1111 2138 
138: 0 548 549 614 596 1074 14 37 51 1641 749 2684 140 1039 148 2069 1180 543 281 547 2466 2606 1844 1606 577 327 2753 1988 1106 860 
2265: 0 53 987 1899 2008 
140: 0 1074 138 14 2655 488 761 364 877 1390 1144 1656 636 403 2684 1037 400 1298 1811 2067 2200 1945 1181 180 2606 1606 712 595 344 1752 
95: 548 2610 751 420 636 529 2449 2606 2125 877 2180 217 2353 425 1100 894 760 2194 2528 1682 2047 358 661 1560 
97: 548 549 985 2729 1093 1474 1728 2069 2243 224 2331 320 2409 524 1687 1945 543 1978 410 2698 2268 2618 547 
175: 548 549 945 996 2421 767 2456 876 644 1749 1973 
184: 548 596 2060 421 933 2725 1361 1372 37 2285 1147 1148 1149 148 288 2334 1979 1106 363 2605 1466 2355 636 2552 529 748 2082 1214 877 2044 2341 2659 666 733 803 1069 1099 1141 1143 1282 405 2450 1588 2482 1667 1737 1781 1785 1811 1825 1857 1868 2008 48 89 2137 173 2264 373 2421 485 531 2582 533 2198 2635 1037 609 120 435 1980 2721 2324 1570 1977 1637 76 1975 2700 1172 2202 1708 188 2747 2240 1224 713 213 1238 2789 2308 1302 1817 295 339 1878 360 873 2414 2433 392 2441 913 1497 1515 497 1019 2047 1548 1044 1564 1288 1092 598 1632 
241: 548 2060 2610 696 933 586 2725 2025 2028 1361 723 595 1142 582 2684 1106 383 6 107 27 28 32 40 64 72 149 150 161 181 200 612 2655 2149 2648 621 1648 1140 1143 2167 2168 2173 2687 1162 1980 658 2705 668 2199 1559 675 2209 1722 2747 1219 2753 1224 1737 2760 1231 721 2766 2710 1753 2774 1769 748 749 1773 242 2290 1273 765 535 1282 2320 2322 2324 1307 1308 803 2342 812 1843 1851 833 324 845 2382 1363 344 351 352 872 2421 1595 893 1918 899 2617 1936 407 1949 1446 938 1452 752 947 2480 438 1180 2491 1181 1984 2501 2504 2631 478 483 1187 1518 593 509 2044 516 2637 2055 1548 1552 529 531 1558 552 1578 565 435 1601 2118 2120 1375 2635 2638 2640 524 1118 
258: 548 2702 723 1148 512 314 1979 2386 1680 2355 892 2152 180 407 749 761 1786 529 802 1469 717 453 2044 2451 2777 765 784 840 885 1026 1093 1108 1240 1241 1282 1403 1404 405 1443 1671 1758 1785 1942 1949 2008 2118 2413 2436 406 495 531 2646 2198 1752 2660 2174 2650 1574 2658 1689 257 899 947 690 2326 1076 442 513 1280 1105 2705 1980 1535 2324 2339 1833 832 894 1176 1092 598 625 800 801 1034 203 1503 2005 2268 126 2544 2527 2691 782 1575 1610 1506 125 196 1648 627 1155 1163 2188 673 1188 1198 700 2752 1230 2764 1235 725 2772 2773 740 1767 1097 1303 1817 1311 820 732 321 810 1672 1587 1369 1897 370 2435 2440 1435 941 958 1987 2500 2011 1504 1507 1784 514 1540 2071 544 1067 590 2128 1120 
344: 548 140 241 14 421 2725 595 377 1142 1147 1148 512 148 1182 69 712 2684 1106 1696 985 2150 363 383 11 1298 1312 1585 86 1884 2152 180 893 749 761 636 1606 529 1181 2342 2606 2102 1482 58 83 89 122 149 157 173 181 188 217 242 2149 1640 625 1143 1655 2167 2168 1674 1684 1175 1176 1689 1180 1187 2729 1902 718 1752 2776 2760 747 1263 2365 860 1392 1911 2791 899 1923 902 2436 2438 938 453 472 2517 477 1503 483 2017 998 999 1633 1518 1026 2558 522 524 528 531 1558 1574 2392 1091 1093 1118 2116 1608 1609 606 2140 1719 
399: 548 549 2610 14 1502 1585 2152 787 407 1647 1755 2044 1180 2347 576 1756 1108 157 203 327 373 894 895 1280 1674 2063 406 2647 575 1745 2131 1757 1758 2143 
415: 548 1626 2118 435 2456 214 1537 
422: 548 2610 383 1884 420 877 2318 1756 1363 425 1574 2017 855 965 2161 2433 83 123 1412 408 1732 1817 1285 1215 1981 590 594 
435: 548 1074 2702 184 241 415 933 377 2412 148 414 2152 27 420 748 856 601 666 870 1160 1240 1241 1522 2162 211 2421 425 470 504 1549 486 2244 26 2784 1264 1076 28 161 188 214 277 326 340 394 416 1641 1138 2168 2187 2197 2722 1714 2749 2758 2760 1749 972 2775 2779 1767 2305 1800 1291 1238 815 823 2095 1355 1360 1877 864 865 999 2447 752 925 2459 463 984 480 481 998 488 1515 1516 2034 1529 1532 2045 1541 2051 1040 530 1046 2593 552 555 2099 2101 1118 1098 1621 1024 604 606 
462: 548 582 511 512 751 892 1786 2102 1469 856 2347 667 803 1160 1282 1785 2008 2600 2174 460 1936 543 2120 2200 213 497 625 2536 1984 547 1610 1203 2578 1397 1563 130 797 1708 2356 1611 463 
470: 548 2403 2610 435 14 1142 751 1884 525 630 529 2506 527 1756 2751 885 1281 1848 141 145 2270 2436 425 466 24 26 295 1252 998 2315 483 1888 515 2687 914 2459 552 1757 1608 2650 2269 1753 1503 1574 
471: 548 2403 490 2 2725 82 91 173 198 380 406 453 466 2655 2167 2168 2183 1175 1689 667 2215 2747 2751 1753 733 2270 1255 2788 749 2285 1266 1279 2315 784 1304 1819 2331 2334 1833 1923 1861 1862 861 1884 863 873 1388 1392 898 899 901 2442 1936 2452 1954 666 945 955 1980 2005 2515 2008 497 506 2044 2558 1548 525 529 531 533 1558 1559 2069 547 1574 552 1071 561 1588 1591 1091 1092 1093 601 1626 2140 
501: 548 2474 2069 547 590 
515: 548 470 2725 1142 1606 2506 1755 2785 2206 2347 1756 613 2751 285 2331 2436 531 2627 1752 2650 54 2244 998 2168 28 295 356 391 449 999 2591 2671 2753 1885 
547: 548 549 490 596 694 138 97 462 471 501 2725 1361 1372 2285 1147 1148 2049 148 288 2684 1106 985 363 1298 1502 1585 529 1181 2082 2102 877 613 667 686 2751 803 1143 1160 1737 1825 2137 2149 141 217 2264 285 2381 2421 424 2582 533 2788 956 2660 2650 2289 1689 899 609 1687 959 998 1280 2705 1980 1118 2200 265 1871 2522 597 497 1621 2591 1092 1279 745 1828 143 2789 1042 111 150 290 488 1650 2685 1678 2743 2236 2753 2754 2755 1810 789 1816 1859 1357 1950 2706 1018 1543 553 1602 
2655: 548 2403 596 2060 140 241 471 421 933 2177 2025 2028 1361 1656 1260 2412 2031 1148 642 783 148 158 311 318 1979 1106 990 751 1909 440 107 2474 2589 749 1786 1158 748 2082 2606 402 1332 827 2526 2044 658 1404 1626 1671 1719 1720 1737 1942 2003 2008 2030 2114 88 217 439 2487 485 2636 2558 18 19 78 120 147 157 252 343 347 372 474 475 483 543 590 593 597 598 669 676 750 800 805 823 898 923 942 1057 1110 1137 1230 1295 1322 1359 1412 1473 1489 1564 1587 1645 1674 1807 1878 1923 1924 1945 2120 2135 2166 2227 2320 2389 2394 2414 2467 2479 2489 2510 2548 2615 2671 2676 2730 2678 
2149: 548 241 344 547 14 421 2412 148 1182 985 1298 107 27 407 893 352 749 529 2102 2183 877 2663 733 747 778 885 1026 1091 1228 405 1626 1785 1967 2008 2069 82 15 26 40 145 161 173 203 242 342 348 380 406 522 524 528 531 573 574 578 766 851 855 878 894 899 901 943 1052 1092 1118 1152 1162 1164 1213 1224 1284 1435 1512 1548 1564 1578 1689 1752 1833 1899 1902 1923 1945 1966 1985 2001 2129 2151 2571 2187 2200 2692 2747 2752 2264 2289 2322 2572 2378 2565 2489 2515 2464 2567 2558 2214 2566 2568 2569 2570 2573 2638 
1138: 548 435 933 2285 1343 1998 2386 2605 748 877 1001 1958 2137 1037 202 441 2026 540 478 2478 1451 955 590 719 1402 
636: 548 2403 1639 490 2060 2610 140 95 184 344 14 421 595 1142 1147 1148 1533 642 1998 1106 245 383 11 1680 1312 1177 440 1502 86 1884 27 525 2589 893 749 761 1786 15 38 51 57 88 110 113 142 155 173 188 198 202 203 217 229 231 235 267 280 281 295 325 327 343 405 409 413 436 445 479 488 499 513 524 529 531 533 543 545 564 566 572 575 583 597 609 1634 1637 2148 2659 2665 1649 2096 2674 2172 2180 2184 2696 1685 2707 1689 1179 2323 706 1183 1695 1304 1509 2211 2212 2216 788 880 2733 1552 699 1214 1220 2754 717 801 1752 1755 1756 1757 1758 1655 1255 2279 2788 734 1775 2507 2292 1278 1279 1281 770 2304 781 1294 1806 784 1300 1301 1302 1309 2175 2331 1313 1825 1921 2340 1836 2051 2518 1844 827 733 2365 2181 2371 1587 2381 851 1881 1886 2398 1379 726 873 1899 1902 885 1238 2421 2424 2106 899 1923 745 1927 1931 1932 2444 1426 662 921 2460 1441 2466 1449 1858 942 2310 1457 752 1945 2489 1522 1980 1986 1988 1694 1704 2506 1997 980 2005 2515 2008 1501 2013 760 1344 2125 1953 2036 782 1017 2044 1026 1539 1543 1193 2059 1040 2063 1556 1366 2069 1538 1061 1691 2603 2606 1023 1601 1093 2734 2244 1160 1433 1111 1624 2646 2138 2650 1633 
644: 548 596 2610 175 1343 2386 420 749 1282 1942 173 199 425 1433 812 1067 2440 643 174 1959 
1668: 548 1361 1372 86 1340 2506 324 453 731 786 1139 1144 2130 1588 1638 1679 1787 1831 1892 2063 176 2388 2491 1705 1765 486 2658 441 959 2099 1105 2687 1118 1860 1135 860 980 72 264 277 869 1257 1596 2336 2034 2126 1918 1678 2344 2337 2365 
1160: 548 549 2403 1581 2060 2610 435 462 547 636 14 2285 1142 2049 148 2684 1998 1106 1425 751 1884 749 151 748 856 2318 2715 803 890 1099 23 181 197 214 417 463 505 524 564 605 685 729 832 916 1025 2144 1892 2464 2033 1781 2421 1511 2171 1282 1258 2324 1433 1434 1309 2076 1950 2182 2378 2283 1644 1845 1404 2411 2458 2753 2754 2757 
1678: 548 547 1668 1340 465 2751 1240 2276 2491 860 575 2281 
2067: 548 596 2610 140 14 2725 288 2334 712 1106 11 1884 893 529 58 173 224 237 355 500 524 531 533 550 658 662 699 827 828 855 856 899 938 959 1091 1179 1562 1580 1705 1737 1746 1781 1785 1822 1950 2272 2558 2658 2289 2319 2189 2279 2450 2213 2747 2244 2114 2753 2650 2515 2194 
1687: 548 549 2610 696 97 547 318 787 1259 749 26 239 342 476 575 753 1584 2019 2170 
1177: 548 549 636 14 1147 1148 712 1106 5 2150 1909 6 86 93 180 181 393 440 516 718 893 1071 1139 1144 2658 2152 2281 2507 2754 1791 1685 1178 2748 2409 1447 1241 2600 1843 2264 2742 1596 1597 1344 2500 1219 1539 1734 2755 1354 2506 2125 1240 1242 2036 2499 1503 2776 1654 
2200: 548 549 2403 596 2060 140 462 547 2149 421 2725 1361 595 1656 1372 2285 2031 582 2437 148 1182 2684 1567 1106 985 751 2207 1466 829 86 2474 836 935 180 407 352 761 1786 2175 2377 529 748 1181 856 1755 2785 2302 402 2206 1332 1180 576 1756 658 662 666 667 674 722 731 736 803 861 2709 1093 1099 1143 405 2450 1671 1737 1781 1785 1855 1892 2008 2050 2069 2108 82 89 2137 2180 2193 2199 173 2264 286 2371 2374 2381 2421 406 425 2491 466 531 2582 533 79 2558 2766 1752 2426 770 2320 2249 2635 2224 2065 347 2660 1037 2650 460 367 2289 1689 899 1179 1479 947 2354 1264 1904 1993 998 74 2705 1980 2322 1945 1015 28 1118 918 41 100 139 142 155 203 219 267 273 301 302 339 411 413 448 450 456 478 488 572 597 708 710 745 781 825 843 860 894 910 916 934 941 979 984 994 1016 1022 1063 1092 1120 1157 1161 1167 1183 1230 1262 1292 1353 1355 1369 1387 1409 1478 1503 1539 1543 1558 1564 1565 1612 1633 1641 1675 1688 1740 1819 2016 2032 2041 2047 2070 2160 2164 2170 2670 2685 2209 2212 2228 2232 2743 2747 2324 2345 2339 2433 2440 2441 2452 2791 2528 2578 2468 2478 2631 2642 2651 
877: 548 490 2060 2702 2610 140 95 184 422 547 2149 1138 14 707 2025 2028 377 2412 2031 1142 2042 314 1979 510 1861 1106 926 245 1166 440 892 420 836 935 2589 1130 749 1104 13 529 1482 85 856 2518 1755 2140 75 402 2206 1601 26 51 52 55 64 72 81 82 99 110 122 132 136 141 155 157 161 173 181 198 200 203 211 231 264 296 298 305 316 322 339 358 360 364 374 380 393 398 405 411 413 425 442 464 478 479 480 484 485 486 487 488 522 524 528 531 533 539 543 552 572 574 575 590 598 635 637 650 653 674 675 708 718 722 744 747 752 754 776 786 812 825 828 851 867 873 875 2656 2660 2696 2705 2707 2721 2729 2743 2747 2751 2752 2755 2756 2778 2788 2791 2677 878 879 881 884 894 895 897 899 901 904 920 927 930 946 947 948 955 964 976 978 980 988 992 998 999 1015 1018 1021 1037 1050 1061 1086 1091 1092 1093 1111 1125 1143 1150 1164 1183 1185 1191 1199 1210 1219 2574 1224 1234 1245 2760 1255 1267 1268 1269 1270 1297 1305 1307 1309 1322 1328 1336 1363 1375 1385 1406 1407 1418 1424 1433 1435 2789 1452 1455 1461 1481 1503 1509 1524 1528 1530 1531 1539 1548 1549 1554 1558 1559 1564 1574 1588 1598 1608 1626 2483 1632 1650 1667 1671 1677 1689 1699 1708 1713 1735 1736 1745 1752 1753 1756 1757 1784 1788 1791 1816 1817 1819 1825 1833 1834 1836 1843 1849 1851 1857 2522 1873 1896 1929 1936 1954 1967 1977 1988 1990 2017 2018 2033 2036 2045 2051 2065 2089 2095 2096 2099 2110 2157 2161 2167 2168 2170 2171 2178 2188 2197 2221 2236 2237 2586 2260 2280 2252 2290 2296 2304 2308 2309 2310 2312 2315 2318 2322 2325 2338 2347 2360 2371 2374 2381 2273 2421 2424 2433 2434 2441 2446 2452 2453 2458 2475 2480 2482 2486 2489 2508 2536 2538 2558 2585 2600 2604 2619 2627 2628 2631 2650 
1203: 548 490 694 462 582 1147 511 529 2125 2140 1601 2709 1004 1091 1671 1862 2635 1689 727 513 752 1936 1578 2097 1977 213 1871 894 1092 2536 2719 509 535 1610 106 139 329 463 554 651 881 1200 1485 2678 2182 1299 2706 1563 1303 1261 1323 1836 2238 2621 1611 1468 1573 1243 1612 
2736: 548 549 2025 2028 1361 1861 1106 1894 748 945 1332 827 2733 803 1001 1274 1320 1892 294 198 2650 213 814 832 1528 413 2734 819 1387 1525 
2743: 548 547 2200 877 707 2031 1352 721 1404 1825 2137 439 600 120 1791 777 1807 987 1564 637 162 509 129 139 463 1009 1252 1841 2234 
1215: 548 2702 422 1147 1182 288 935 1755 1601 1756 885 946 1099 1143 1363 2381 524 1574 1549 528 1753 947 1234 1608 2168 480 1559 2017 1558 1481 2574 1735 411 2164 1145 522 2161 828 2167 2433 203 1607 1571 358 1817 2619 590 1050 2018 2188 1435 2220 2221 2106 2095 
2751: 548 549 596 470 471 515 547 1678 877 14 712 1106 2082 2206 139 286 609 775 803 860 947 959 1243 1737 2069 2137 2264 2755 
2753: 548 614 2610 138 241 515 547 1160 2067 1142 926 751 893 1158 945 2785 1601 1143 2069 217 355 425 2289 998 646 2167 2433 550 574 1795 1982 2579 
2754: 548 549 547 636 1160 1177 377 2506 718 1363 2409 2560 2433 1178 1950 2755 
2755: 548 549 2610 547 1177 877 2751 2754 1106 1884 893 351 352 1756 2733 1385 1404 1474 1945 1349 1558 916 370 1920 505 
1737: 548 549 696 184 241 547 2655 2067 2200 2751 14 2725 37 2285 1142 1148 1182 1861 1106 1298 178 829 1502 1585 892 27 836 2589 407 893 1664 2175 2406 529 1181 1665 2140 2526 1818 1180 2341 1713 601 2663 666 667 733 803 996 1091 1099 1108 405 1626 78 79 83 155 173 198 202 203 281 327 330 346 373 406 463 477 499 531 533 535 600 637 781 782 800 801 805 832 894 895 899 901 943 956 962 1071 1118 1213 1255 1297 1344 1433 1528 1538 1548 1551 1554 1558 1587 1600 1602 1621 1632 1637 1673 1682 2570 2572 2573 2186 2696 2066 2238 2198 2747 2758 1745 1752 2788 2289 2290 2678 2300 1799 2322 2331 2092 2363 1862 2376 2378 2388 1887 1918 1956 1958 1963 2493 1985 2497 1988 1999 2515 2516 2008 2525 2464 2534 2032 2556 2565 2566 2568 2569 2571 2069 2047 2600 2609 2332 2624 2567 2650 
1745: 548 399 877 1737 1298 178 440 1502 407 351 2175 1606 945 402 2526 715 718 996 405 1956 1963 327 2376 406 1263 2289 2322 40 499 83 203 477 569 788 1480 1501 1554 2093 
1752: 548 2403 490 596 140 258 344 515 2149 636 2200 877 1737 421 933 2177 2725 2025 2028 1361 1372 1142 2334 1861 1106 926 2386 363 2584 2207 2742 1884 407 893 749 529 748 1181 2082 2606 1844 2102 1469 2506 2785 1013 402 2206 1332 1601 134 2059 2318 2451 1180 601 666 733 803 1069 1266 1282 1321 1363 1376 1609 1626 1811 1892 2114 2137 2189 327 2421 2491 531 561 600 1373 18 2533 1852 1433 236 2616 198 1875 123 126 170 202 203 336 362 423 438 543 575 609 678 688 770 777 832 871 947 960 963 998 999 1034 1037 1039 1056 1076 1077 1092 1258 1304 1359 1419 1459 1495 1498 1558 1590 1621 1637 2144 2194 2236 2747 2758 2760 1757 2290 1840 1923 1945 2507 2032 2580 2143 
1242: 548 2060 1177 14 723 1142 1567 7 64 108 126 157 236 355 360 484 516 585 669 673 692 718 855 896 921 1030 1139 1144 1240 1241 2790 2289 1293 1550 1809 1794 2047 2133 2588 1707 1855 2240 2557 2127 
2264: 548 2610 184 547 2149 1177 2200 2751 14 2725 723 1905 1147 1148 1149 148 158 414 2334 102 317 318 69 2370 712 1106 2375 990 101 751 1146 1166 86 27 2589 1214 2140 2044 666 667 718 870 885 939 1091 1241 1346 1728 1785 1855 2088 89 91 2171 2195 173 79 147 149 157 185 198 215 281 296 342 380 425 442 466 483 486 491 497 513 533 539 546 564 600 720 781 782 823 896 899 923 962 978 1021 1071 1092 1118 1140 1255 1294 1317 1344 1345 1396 1433 1564 1578 1637 1682 1689 1702 1727 1791 1829 1845 1904 1936 1940 2026 2047 2089 2092 2182 2194 2244 2747 2415 2756 2590 2782 2591 2792 2508 2414 2538 2595 2600 2614 
1756: 548 399 422 470 515 636 2200 877 1215 2755 377 1142 1147 1148 1149 2049 1106 2150 245 1146 383 639 2584 440 1884 616 420 893 352 1664 2175 13 529 748 802 2082 2342 2606 1844 1469 717 2506 856 1755 1374 402 1332 827 1601 2526 134 2318 927 2728 2347 601 54 181 197 217 240 320 348 372 373 382 387 401 455 457 464 468 486 488 506 541 564 570 572 574 578 604 641 650 653 660 667 673 768 803 832 854 869 885 888 946 947 963 993 1040 1050 1052 1056 1143 1164 1204 1207 1257 1262 1263 1275 1288 1305 1309 1330 1363 1369 1385 1407 1412 1435 1437 1450 1455 1465 1478 1498 1509 1537 1558 1559 1570 1589 1608 1640 1662 1663 1671 1673 1684 1699 1703 1711 1717 1719 1753 2656 2157 2161 2687 2180 2198 2708 2760 1757 2249 2784 1772 1781 1795 2512 2221 2343 2433 2351 1846 2360 2361 2381 2399 1892 1923 2436 2788 1945 1985 2499 2502 1997 2516 2074 2033 2574 2087 2222 2126 2647 2143 
748: 548 549 2403 1639 490 694 696 184 241 435 2655 1138 1160 2200 2736 1752 1756 421 2725 2025 2028 595 37 2285 1142 582 1147 1148 512 288 2334 1979 1861 1998 1106 228 751 383 11 1312 440 1585 1884 107 27 525 2589 407 893 351 352 739 1894 749 1104 630 761 1606 529 15 28 32 33 40 48 72 89 91 123 127 130 145 155 161 162 185 188 196 198 213 214 218 219 242 281 284 296 324 349 356 372 382 395 405 406 409 411 413 416 427 434 472 486 497 498 500 517 527 531 533 535 543 552 563 564 572 593 598 601 627 637 643 646 650 658 666 667 673 698 708 717 718 2144 1637 2658 1640 1642 1039 2442 2161 1831 1638 940 1665 2180 2182 1675 1826 2189 1060 2747 2198 1184 2324 1188 2215 2726 965 1713 2733 2230 1722 1214 2238 2244 1140 2331 2761 2766 1243 1755 1314 1763 2275 2276 2279 2793 2066 2287 760 1785 1275 1276 1279 770 1284 2171 1294 1295 1297 894 2323 1305 1817 796 1310 801 803 805 1320 1087 812 1836 1838 2350 2351 1843 1844 827 2239 1855 2638 1862 1076 2069 1418 847 2538 2120 1369 2391 2397 2398 868 869 1892 1893 873 1387 876 2409 1881 1902 882 2359 998 1528 1255 1332 2361 1921 1923 1924 1926 2440 1307 2194 1936 1433 1946 1673 2789 929 920 2453 1449 1451 2199 1564 1009 1945 956 1980 1437 962 1011 2497 2288 1985 2504 1486 1258 2460 1904 980 832 2715 1498 930 1505 1506 1308 1510 1327 1633 2534 2125 1012 1013 2036 782 2143 2550 2109 2047 2558 2050 2059 2130 800 2640 1452 2076 2590 1574 1601 1578 1551 1071 2604 2609 959 1772 860 2788 756 2617 1092 1150 2705 1091 802 2621 2734 1099 1108 1548 1626 2044 1118 1007 2650 1632 
749: 548 1639 138 241 258 344 471 2655 2149 636 644 1160 1687 877 1752 748 14 595 1500 233 2412 148 158 414 1182 288 318 1979 69 2684 985 383 11 1298 86 107 27 1259 180 351 352 15 36 58 70 74 89 91 103 149 155 157 161 173 188 197 214 242 281 296 341 349 355 364 380 443 449 472 473 482 522 524 528 529 531 533 543 550 563 653 666 667 710 747 2658 1181 1655 2167 1660 786 1157 1674 1675 1684 2747 1559 2206 1180 2225 1212 1899 1731 2760 885 2785 2036 1574 761 1785 1217 2304 894 1799 1297 1307 801 1825 2516 2342 2433 2350 823 1336 832 2365 1926 2606 1587 845 847 856 1527 2148 873 1896 1389 1902 1907 1911 899 1923 902 1415 2436 917 923 1175 1948 2460 1263 2525 2479 2486 955 2116 1480 1482 971 2506 1013 2515 1503 1506 998 2034 1015 2041 1022 1719 1026 2558 2279 1570 2348 2607 2102 2392 1091 1092 1606 2638 1118 2140 1633 
2082: 548 549 2610 184 547 2655 2751 1752 1756 1656 37 1148 1533 1343 712 990 751 11 1680 829 1502 1884 525 1643 2175 1606 42 55 88 98 133 164 181 199 202 261 281 325 360 403 480 488 682 717 718 770 827 832 863 940 944 959 996 998 1090 1122 1165 1179 1180 1274 1310 1390 1394 1396 1402 1410 1427 1433 1453 1528 1543 1551 1565 1570 1588 1632 1645 1649 1682 1711 1713 1731 1736 1811 2001 2032 2059 2080 2162 2685 2606 2183 2693 2187 2193 2195 2785 2279 2790 2316 2407 2432 2450 2459 2488 2506 2087 2636 2135 
2285: 548 2403 596 2060 2702 2610 696 184 471 547 1138 1160 2200 1737 748 14 421 2725 2025 2028 1361 723 595 1372 37 377 3 15 27 28 48 79 82 89 91 126 134 143 148 173 181 185 202 213 215 242 254 281 288 296 300 320 325 352 372 391 394 403 405 438 440 451 466 480 497 505 524 529 531 533 561 582 597 600 664 666 667 669 699 708 713 751 752 770 776 781 782 803 807 827 829 832 856 885 894 898 901 926 942 945 947 956 960 985 989 990 998 1004 1011 1025 1037 1056 1072 1092 1093 1099 1106 1108 1118 1126 1127 1140 1142 1143 1169 1175 1214 1224 1255 1258 1274 1291 1313 1348 1359 1363 1412 1439 1461 1466 1482 1494 1498 1501 1502 1538 1548 1551 1558 1559 1561 1564 1567 1570 1588 1608 1617 1633 1637 1644 1649 1673 1727 1728 1751 1753 1785 1794 1814 1825 1836 1845 1858 1868 1883 1884 1936 1939 1945 1975 1979 1980 1985 2003 2041 2044 2047 2076 2167 2168 2170 2171 2182 2198 2202 2203 2206 2207 2209 2233 2283 2654 2666 2709 2334 2300 2310 2325 2684 2747 2349 2604 2609 2389 2442 2411 2454 2421 2706 2565 2497 2512 2464 2558 2582 2331 2606 2615 2650 
550: 548 2067 2753 749 2177 595 1656 2152 407 351 68 2036 2081 403 2525 2636 770 2650 1039 947 1860 2747 2284 2515 597 1092 2438 1190 2194 374 203 369 534 999 1468 1674 2447 2365 669 2789 2240 1208 604 2761 
1280: 548 258 399 547 1533 317 1998 1696 1555 2584 787 1352 1358 2381 1574 947 26 1234 2326 1677 157 393 1003 1050 1207 1249 2017 1903 1535 1571 2587 1957 2227 2778 
1282: 548 549 490 184 241 258 462 644 1160 1752 50 14 1656 1147 1533 1343 228 2386 1796 532 86 1884 107 407 761 1786 529 2140 2785 779 2715 2777 803 1281 32 79 82 84 120 155 166 188 196 198 202 214 268 275 298 300 349 368 423 463 493 506 531 637 692 797 801 894 898 960 998 1009 1019 1034 1036 1071 1165 1202 1264 2399 2658 2167 2182 1673 1512 1689 1701 2228 1722 1734 2766 2779 1486 2300 1293 2315 1834 2324 1852 1853 1862 1873 2389 1889 2411 1930 1936 1942 1944 1945 1954 1956 2792 1980 2495 2502 2001 2515 1511 1529 2024 2636 2047 2558 1576 1587 1588 2650 1632 
2348: 548 749 1998 990 2386 2584 836 2776 2114 2361 1791 2194 67 235 303 785 1459 1662 
1755: 548 399 515 636 2200 877 1215 1756 748 1147 1149 1106 2150 383 639 11 2584 440 420 893 2175 802 1844 1469 1482 717 2506 54 181 197 217 247 330 348 373 382 402 425 453 455 468 488 506 541 564 570 572 574 578 591 625 627 641 650 653 660 667 673 803 832 854 885 888 927 946 963 993 1011 1040 1052 1056 1143 1164 1204 1206 1257 1262 1263 1274 1277 1296 1297 1308 1359 1369 1374 1385 1400 1435 1437 1455 1465 1503 1509 1537 1558 1559 1570 1601 1608 1631 1641 1659 1662 1663 1671 1684 1699 1711 1727 1753 2157 2162 2180 2190 2238 2198 2708 1978 1985 2728 2220 2259 1757 2784 1781 2510 2315 2318 2343 2347 2433 2351 1846 2360 2361 2363 2381 2399 1892 1923 2436 2788 1945 1977 2499 1997 2526 2017 2033 2045 2052 2574 1795 2222 2619 2647 
1857: 548 184 877 14 148 2684 1108 1266 320 1046 1641 2505 2323 2104 2616 2609 
2375: 548 2610 2264 3 1147 148 2370 712 284 358 486 745 885 978 990 1146 1344 1345 1414 1689 1702 1832 1972 2187 2372 
2381: 548 549 2060 2702 547 636 2200 877 1215 1756 1280 1755 14 421 2412 288 317 2150 407 352 529 945 2125 1013 2183 402 827 2526 2318 946 1099 1143 405 1758 1811 1967 2171 26 40 116 202 203 284 291 325 340 346 380 400 406 410 447 486 506 524 531 533 554 566 572 691 814 828 845 862 894 901 914 918 955 998 999 1040 1052 1092 1145 1174 1206 1257 1414 1558 1559 1570 1571 1574 1589 1689 1705 1743 1753 1754 1757 1760 1828 1966 2139 2151 2167 2168 2187 2198 2244 2290 2360 2747 2784 2433 2528 2527 2558 
2382: 548 241 1149 27 1093 524 528 1414 161 28 52 80 242 253 282 372 411 522 571 746 754 1341 1537 1571 1828 2034 2700 2499 
1884: 548 344 422 470 471 636 1160 2067 2755 1752 1756 748 2082 2285 1282 2177 172 1905 1147 1148 1533 1149 1182 2334 1861 712 1998 1106 5 751 245 1146 383 639 1680 1312 2207 440 1502 381 86 7 13 39 41 48 54 75 83 88 110 134 151 157 171 182 188 202 217 218 268 270 287 308 327 330 336 367 382 402 418 419 420 425 441 442 453 477 480 525 552 572 612 613 669 699 715 717 718 726 750 756 760 768 803 805 827 830 832 856 881 883 892 921 927 947 955 967 998 999 1000 1009 1017 1025 1040 1059 1067 1071 1079 1088 1105 1118 1123 1179 1180 1288 1296 1304 1310 1344 1346 1374 1377 1383 1397 1410 1412 1422 1433 1436 1441 1453 1474 1495 1509 1528 1558 1574 1601 1606 1607 1609 1612 1637 1640 1641 1646 1649 1651 1659 1662 1663 1664 1671 1682 1684 1685 1695 1719 1757 1772 1793 1794 1795 1829 1844 1845 1846 1851 1852 1883 2664 2666 2158 2316 2167 2693 2193 2206 1985 2216 2728 2735 2302 2747 2415 2276 2168 2786 2279 2083 2318 2088 2514 2151 2342 2347 2175 2378 2324 1892 2411 2414 2172 2240 2361 2785 2195 1940 2454 2458 2464 1958 1963 2478 1945 2201 1980 2493 2650 1997 2001 2516 2515 2008 2525 2526 2533 2125 2033 2035 2059 2300 2578 2556 2087 2600 2213 2606 2451 2108 2634 2138 
1385: 548 1074 877 2755 1756 1755 14 582 148 616 1130 1158 945 1594 2506 402 2347 794 1108 1375 59 200 213 215 460 464 480 486 495 590 635 828 845 867 947 1027 1076 1118 1309 2017 2538 2018 1522 1757 2036 2421 2045 2504 1671 2695 1551 2447 1811 1891 1435 2328 1570 1826 2465 1574 2199 2220 1711 2612 2614 2106 2619 2373 2507 2315 1549 2270 
2409: 548 97 1177 2754 748 14 421 2725 2025 1142 1861 1106 383 1561 86 2355 892 27 2589 180 407 2506 2140 1180 662 718 731 1139 1144 1241 405 1734 1883 1967 2036 2054 2137 2185 2319 297 28 242 243 281 298 348 356 373 389 441 461 485 546 567 593 628 812 924 947 959 962 984 1041 1145 1178 1234 1297 1377 1379 1388 1389 1452 1489 1498 1538 1539 1541 1549 1578 1632 1633 1722 1810 1843 1901 1918 1931 1966 1978 2019 2055 2139 2160 2182 2246 2279 2289 2322 2658 2698 2705 2721 2740 2747 2766 2515 2442 2788 2461 2510 2550 2582 2631 2638 
2421: 548 2403 490 694 696 175 184 241 435 547 636 1160 2200 877 1752 2285 1385 14 2725 2025 2028 1361 37 1142 512 1149 288 2334 1979 1343 1861 1998 990 829 1502 1585 381 107 27 2589 407 893 1786 2175 529 1844 1214 1601 2044 1818 601 2683 666 667 721 786 803 840 1011 1091 1093 1099 1108 2398 1141 1375 1401 1415 405 1588 1626 1728 1785 1811 1848 1868 2008 2069 32 64 89 91 2199 173 2331 304 320 2413 28 54 79 128 146 150 188 198 200 203 213 221 231 242 253 281 296 348 367 382 395 406 411 434 444 446 460 464 466 485 487 497 513 516 531 533 535 540 543 546 560 561 593 600 603 637 646 714 719 728 752 800 801 832 838 845 847 878 895 899 907 918 943 947 955 956 965 980 1000 1009 1012 1051 1071 1092 1097 1098 1111 1118 1140 1209 1213 1255 1278 1279 1285 1292 1297 1305 1313 1369 1388 1392 1412 1424 1428 1430 1433 1498 1517 1531 1538 1548 1551 1564 1568 1573 1574 1578 1587 1591 1613 1617 1621 1637 1641 1673 1690 1727 1740 1751 1784 1795 1851 1858 1862 1887 1891 1904 1928 1936 1977 1980 1985 2026 2032 2065 2143 2144 2167 2170 2182 2190 2209 2238 2245 2273 2322 2328 2332 2378 2397 2653 2658 2570 2572 2747 2705 2748 2722 2497 2756 2768 2591 2678 2604 2660 2429 2442 2452 2480 2691 2538 2493 2628 2504 2544 2565 2566 2568 2569 2571 2573 2478 2609 2567 2650 
893: 548 596 2060 241 344 2149 636 2067 1177 2753 2755 1737 1752 1756 748 1755 2421 14 933 1361 595 1372 377 1106 926 751 1502 381 107 27 8 75 96 145 161 170 171 281 327 348 351 352 402 406 477 543 552 557 566 600 601 602 733 745 750 760 761 770 778 827 855 874 1637 1135 1139 2167 2171 1151 1152 2687 1158 1671 1558 2213 1713 2243 1228 2759 2760 1232 1746 2776 2306 2458 1809 1309 1310 2331 1377 1892 1893 2410 894 1409 1768 917 1940 1945 2790 2471 1966 1967 947 962 2498 2506 1997 2008 2785 2528 998 2032 1543 1549 1042 2581 1059 2102 2108 1092 2139 1105 1621 1773 2138 1118 2650 
2433: 548 2702 184 422 2200 877 1215 2753 2754 1756 749 1755 2381 148 1182 1998 420 352 529 946 1363 1464 1522 2482 2157 2180 425 531 79 524 1574 1549 486 248 947 845 2151 200 2483 1608 1945 480 2045 2017 1621 1092 760 1481 2574 635 1735 1923 2760 2161 588 67 119 408 418 535 594 1028 2018 2212 2290 2306 2328 2360 2489 
1936: 548 490 1581 2610 241 462 471 877 1203 2264 748 2285 1282 2421 933 2725 926 2386 107 2474 27 407 351 1158 940 2125 765 803 1091 1143 1967 2137 373 2788 2660 1574 1753 947 181 1644 161 196 213 265 382 463 535 552 622 637 797 1261 1396 1554 1563 1819 1881 1891 2678 2692 2297 2612 
1945: 548 1639 2060 140 97 2655 2149 636 2200 2755 1752 1756 748 2285 1282 1755 1884 893 2433 933 172 2725 2025 2028 1905 1142 1147 1148 1533 512 1149 288 311 312 317 318 1861 1567 1106 1696 926 2150 245 383 532 1312 2207 1466 829 1502 381 892 27 420 351 352 1894 761 2552 2175 529 2342 1665 2606 437 1844 68 1482 2248 717 1301 2785 1013 402 2206 1332 827 1601 2059 2454 1180 2341 2776 718 1069 1108 1144 1187 1422 1638 1640 1865 1892 1921 2008 2036 2066 2088 2110 89 2138 2180 173 2243 217 237 2366 425 2473 439 500 600 533 956 2533 1852 2300 1433 198 1705 770 2249 347 2680 2174 2650 1649 2321 1434 1179 609 202 756 1309 1076 1449 998 513 2687 1231 1307 2330 1843 123 129 188 191 213 309 358 480 509 543 577 703 726 741 745 760 763 832 901 941 942 943 999 1030 1031 1038 1057 1071 1079 1085 1092 1110 1112 1128 1173 1174 1213 1230 1262 1302 1304 1310 1313 1327 1377 1379 1478 1501 1509 1515 1528 1538 1570 1612 1632 1645 1652 1684 1695 1784 1806 1845 1846 1873 1917 1919 1923 1924 2569 2400 2570 2676 1977 2572 2745 2187 2148 2324 2209 2216 2730 2223 2047 2240 1997 2767 2674 2323 2170 2378 2186 2358 2464 1953 2489 1946 2494 1985 2497 2544 2001 2515 2573 2519 2035 2565 2566 2567 2568 2571 2045 2574 2577 2093 2486 2163 
1950: 548 549 547 1160 2067 2754 154 2319 2614 2591 2545 1775 345 477 1748 1528 896 1459 2109 2651 
1474: 548 2610 97 2755 1884 14 2028 1142 1147 288 1106 926 440 352 134 2776 964 2398 1205 1266 2450 40 79 122 161 307 309 347 372 535 546 571 600 669 688 697 775 776 777 800 830 901 956 1009 1057 1079 1110 1118 1175 1184 1216 1427 1433 1434 2162 1673 2695 2700 2193 2195 2209 2223 2243 2758 2254 2290 1782 2292 2300 2304 1831 1852 1873 2391 1932 2468 1977 2497 1999 2519 2525 2533 1528 2559 2590 2088 2600 2108 1604 1632 
2499: 548 1177 1756 1755 2382 1147 1148 407 2506 2125 1794 405 1640 2180 218 406 2560 2647 914 524 1549 54 468 947 998 2607 625 760 203 509 841 999 1222 1828 1893 2039 2234 2500 
1997: 548 2702 636 1756 1755 1884 893 1945 1142 1148 102 1106 751 383 1680 352 2552 2342 437 1844 1340 68 706 436 583 2248 717 827 134 1794 927 2341 2728 1274 1720 1967 2138 217 2361 425 2590 1574 1649 1179 756 2168 2322 2330 1175 2323 2033 2002 1277 2164 1966 1310 83 84 112 123 477 670 782 942 1063 1258 1382 1684 1893 1926 2279 2527 2001 2227 
1503: 548 2060 258 344 470 1177 2200 877 749 1755 2437 148 2042 1106 1696 383 1561 178 440 1466 381 892 787 525 2406 2102 68 1601 1180 2776 718 2777 885 1337 2036 2081 173 2487 531 2627 524 1433 2320 2249 2635 2173 2174 367 1651 947 177 1309 1076 998 480 543 1092 901 828 150 230 252 346 360 477 540 604 782 999 1072 1151 1489 1498 2214 1929 2190 1850 1853 2154 2740 
998: 548 2702 2610 344 435 470 515 547 2200 877 2753 1752 748 749 2082 2285 1282 2381 1884 893 1945 2499 1503 2725 1142 1147 1148 1149 148 2042 2334 751 383 2742 381 892 2474 836 525 407 351 352 1664 1158 529 1447 2102 2506 75 2785 2183 402 1332 1794 2776 2347 2663 667 2715 718 794 939 946 1026 1091 1093 1143 1241 1281 405 1609 1720 1785 1811 1911 1944 2138 2157 2180 173 217 218 224 2270 2301 327 355 364 2436 425 2550 531 2647 2788 956 2558 524 923 2249 2139 1574 486 2289 1689 257 1179 727 1753 26 2151 181 2784 1344 1076 2483 442 83 87 98 116 129 139 209 213 480 483 484 506 535 552 575 606 637 641 653 673 710 750 760 782 812 834 894 896 1246 1135 2161 2671 2164 2167 2168 1554 1164 2187 1176 1644 2211 1714 2229 1308 2747 1237 1757 2269 1255 1296 1813 1314 2339 1834 2085 2434 2012 1359 1590 2186 1379 2528 1912 1913 1136 1412 1924 1392 2441 2292 2457 2459 1602 1262 2447 2500 2507 2510 2001 1118 999 2026 1327 1568 1957 2087 2306 2611 2621 1092 1608 1612 1631 
2025: 548 1639 490 596 2060 2610 241 2655 877 2736 1752 748 2285 2409 2421 1945 2 2725 27 40 88 119 143 161 173 198 236 242 243 252 281 320 325 352 383 413 420 434 460 485 488 500 535 543 553 584 595 601 609 638 666 770 797 803 805 811 832 860 882 895 945 972 1011 1035 1044 1092 1093 1106 1108 1115 1118 1120 1167 1193 1256 1266 1271 1274 1292 1308 1310 1340 1433 1442 1449 1459 1480 1484 1528 1533 1538 1543 1551 1552 1557 1564 1578 1603 1631 1632 1637 1645 1675 1691 1713 1727 1748 1852 1861 1873 1892 1917 1919 1923 1939 1946 1967 1980 2001 2008 2013 2021 2148 2660 2154 2691 2712 2206 2324 2209 2215 2727 2733 2734 2230 2747 2160 2591 2247 2758 2785 2032 2300 2304 2767 2317 2331 2334 2262 2411 2442 2460 2493 2650 2513 2515 2533 2028 2044 2637 2050 2063 2047 2589 2092 2615 2108 2122 
2028: 548 2403 1639 490 241 2655 877 2736 1752 748 2285 2421 1945 1474 2025 2 2725 27 40 54 119 143 154 161 173 198 236 242 243 281 292 294 320 325 352 362 391 413 434 460 485 488 500 553 584 595 601 609 638 666 708 721 745 770 797 800 801 803 805 811 819 832 860 895 945 972 1011 1035 1037 1044 1092 1093 1106 1108 1115 1118 1120 1141 1143 1148 1167 1193 1258 1266 1271 1274 1279 1292 1308 1309 1310 1320 1327 1340 1433 1449 1459 1484 1525 1528 1533 1538 1551 1552 1564 1578 1603 1631 1632 1637 1645 1649 1656 1660 1675 1691 1705 1713 1727 1748 1785 1834 1852 1861 1873 1892 1899 1917 1919 1923 1939 1946 1979 1980 1991 2001 2008 2021 2148 2660 2154 2676 2691 2712 2206 2324 2209 2733 2734 2230 2747 2591 2247 2758 2032 2300 2304 2767 2317 2331 2334 2442 2262 2411 2785 2460 2493 2650 2513 2515 2533 2160 2044 2637 2050 2215 2063 2577 2047 2589 2092 2615 2108 
1108: 548 596 1074 696 258 399 1737 748 2285 1857 1385 2421 1945 2025 2028 14 421 2725 1361 595 1372 37 1148 148 288 2334 2684 1106 926 532 1466 2742 1585 2589 180 407 1181 945 1482 2125 2302 2044 779 1818 699 576 2659 662 666 667 731 733 803 957 1011 1099 15 79 89 103 120 129 179 187 286 295 296 300 325 360 394 395 403 466 524 531 546 597 598 600 688 708 777 791 898 903 947 956 960 1037 1039 1058 1092 1101 1637 1132 1644 1137 1143 2192 1175 1728 2209 2211 1193 1197 2734 1727 2747 2758 1751 1255 1257 1258 2279 1781 1492 1294 1808 1809 2332 1827 1848 1855 2398 2442 1389 2411 2418 1918 1176 2475 2488 1984 2032 2497 1988 2505 2003 2008 1442 2195 2464 2030 2041 1538 1685 1544 1621 1281 1564 2075 2593 2092 2603 2604 2609 2104 1604 2627 1111 1548 1626 2647 
2063: 548 399 636 1668 2025 2028 14 2177 2725 1361 1340 2020 2036 17 237 259 609 637 887 1250 1587 1621 1635 1641 1939 2147 2131 2069 2609 2209 2492 2564 
1558: 548 2403 2610 241 344 471 2200 877 1215 2755 1737 1752 1756 2285 1755 2381 1884 893 421 288 2334 1979 1998 1106 383 420 407 529 151 2102 1601 2454 885 1026 1093 1099 1363 1785 2050 2137 2270 320 425 466 516 2249 1574 486 2757 1753 593 845 42 1608 1100 1980 1851 2397 543 1570 1135 894 552 67 98 203 290 382 484 635 641 650 750 825 895 896 955 963 1027 1028 1379 1554 2161 2167 2186 2760 2340 2018 2452 2507 2015 2037 2038 1629 2117 
2069: 548 549 596 2060 1074 138 97 471 501 2149 636 2200 2751 2753 1737 748 2421 2063 14 1361 1656 1372 2684 1998 1106 926 2150 1502 86 576 2663 803 1026 1281 1671 1811 1915 2021 2036 103 173 281 319 327 364 382 485 552 597 678 947 1037 1044 1058 1309 1357 1359 1564 1689 1922 2475 2108 2650 2514 2122 
1564: 548 596 2060 696 184 2655 2149 2200 877 2743 2264 748 2285 2421 2025 2028 1108 2069 421 933 2725 595 1372 37 288 2334 1979 2684 1998 1106 2207 2589 180 407 1606 529 1181 1214 2125 856 453 2044 1818 2659 666 786 803 835 1011 1093 1099 2398 1143 1187 1363 1598 1785 1848 154 89 103 173 286 2331 330 2442 531 561 600 533 2198 1037 1039 947 181 200 1644 678 1980 1359 2209 1570 1637 2092 1175 2747 213 2032 832 960 2493 597 497 1538 1551 1621 139 188 325 382 434 598 713 738 1051 1092 1197 1224 1257 1322 1389 1546 1548 1550 2160 2192 1703 2741 2202 2591 2279 2299 2308 2604 1918 1923 1975 2488 1984 2562 2075 1575 2603 1631 
1026: 548 2403 596 258 344 2149 636 749 998 1558 2069 14 421 595 1260 148 1979 1298 1466 86 420 2589 180 529 2102 453 2347 885 964 47 137 149 164 181 380 425 446 449 479 483 588 628 693 823 894 901 999 1571 1395 1526 1911 1914 2489 1538 2558 2101 2187 1408 1297 1689 1052 2212 1321 1048 1840 2788 1217 1093 1438 1607 1906 1355 1590 1868 1757 1092 1753 2290 1157 2209 1833 
1570: 548 490 2702 184 1756 749 2082 2285 1755 2381 1385 1945 1558 1564 2725 1147 1148 1182 288 2334 1979 420 1158 529 1214 2044 2318 2347 576 666 885 1099 1363 1758 1785 1967 89 2157 173 2371 425 467 531 533 33 2198 1549 845 2315 1677 2168 1980 1851 2459 480 1040 1757 1641 59 98 213 321 497 509 520 575 594 635 708 713 825 828 867 988 1088 1092 1117 1224 1284 1295 1407 1481 1548 2197 2202 2217 2220 2221 1735 1784 2312 2343 1859 2619 1975 2017 2018 
1574: 548 2702 258 344 422 470 471 877 1215 748 749 1280 2381 1884 1385 2421 2433 1936 1997 998 1558 421 172 1142 148 158 1182 288 2042 1979 69 1106 1425 751 383 27 420 935 525 407 2175 529 2102 465 402 1601 134 2318 927 2728 715 601 2733 718 2777 840 946 1143 1241 1281 1363 405 1422 1522 2482 1640 1788 1960 1967 2138 2157 2180 2199 211 218 2270 327 2371 364 400 403 406 425 495 516 531 2590 580 33 2558 1191 1583 1373 2766 1263 2650 23 26 28 36 63 67 123 130 181 200 203 213 214 252 264 418 442 480 519 540 552 569 594 635 648 650 653 691 702 720 742 745 797 828 832 845 855 867 947 948 1038 1040 1050 1083 1086 1118 1176 1185 1309 1310 1392 1398 1406 1407 1412 1435 1526 1549 1554 1559 1571 2161 2691 1677 2188 2726 1711 2760 2739 2740 1760 2783 2168 2290 1784 2296 2312 2315 1817 2328 2343 1753 1843 1849 1859 2778 1809 1903 2360 1851 1923 2458 1689 1966 2483 1691 1980 2459 2504 2461 2015 2017 2464 2472 2089 2095 2306 2222 2106 
1069: 548 2403 1639 184 1752 1945 14 1861 1312 2683 733 784 188 355 392 500 609 675 845 1649 1781 2148 2441 1556 1304 2005 1833 1327 2515 2008 
2606: 548 549 138 140 95 344 2655 636 1752 1756 749 2082 2285 1884 1945 14 595 1656 1905 1142 1148 1149 1182 311 317 318 1979 1861 2684 1106 985 751 383 11 12 1298 178 440 1502 86 27 420 525 180 761 2175 13 1606 529 2449 1181 2342 54 65 79 83 89 91 110 111 112 123 134 173 188 202 242 266 323 327 347 364 380 402 418 425 457 461 472 513 524 528 531 540 552 601 660 664 667 681 699 715 733 745 832 854 862 881 894 899 901 916 921 927 956 957 962 967 1017 1025 1071 1091 1092 1095 1099 1105 1118 1133 1152 1180 1211 1281 1301 1313 1332 1359 1367 1373 1422 1481 1482 1501 1509 1539 1548 1549 1552 1601 1609 1612 1640 1685 1689 1691 1719 1735 1753 1781 1785 1794 1795 1833 1844 1892 1902 1915 1923 1931 1956 1967 2008 2026 2033 2044 2059 2087 2100 2102 2125 2140 2143 2168 2182 2213 2306 2318 2323 2331 2347 2392 2398 2400 2442 2454 2467 2489 2506 2556 2747 2776 2675 2785 
2102: 548 596 344 462 547 2149 1752 749 893 1503 998 1558 1026 1574 2606 421 595 377 2049 148 1182 288 2334 102 69 712 2684 1106 985 2150 383 11 1298 1312 86 27 180 761 1606 529 1181 2342 1844 58 70 89 116 157 173 181 188 203 217 242 355 364 380 479 522 524 528 531 606 684 718 747 823 832 899 902 904 916 1091 1092 1093 1118 1143 1174 1179 1180 1263 1313 1396 1418 1482 1539 1559 1608 1609 1633 1655 1674 1684 1719 1753 1882 1911 2033 2040 2167 2168 2183 2747 2238 2760 2229 2558 2347 2365 2436 2500 2392 2140 
577: 548 549 614 138 1945 1076 
691: 548 2702 2381 1574 400 947 845 480 2045 1206 2612 1407 1615 1493 
2125: 548 2610 95 636 1177 1203 748 2381 1884 1936 2499 1108 1564 2606 586 1142 1147 1148 148 1182 2334 1998 1106 1909 11 12 1312 440 1502 1894 802 2342 1844 717 75 157 277 307 327 340 495 516 535 601 606 627 718 766 855 861 874 882 960 974 1013 1040 1117 1198 1243 1252 1297 1412 1433 1481 1538 1601 1604 1609 1610 1611 1638 1641 1681 1682 1720 1801 1892 1947 1966 1967 2030 2033 2052 2161 2180 2690 2215 2729 2243 2259 2353 2450 2482 2497 2515 2526 2582 2590 2650 
1106: 548 2403 1639 2060 138 184 241 344 547 2655 636 1160 2067 1177 2200 877 2736 2751 2755 1737 1752 2264 1756 748 2285 1755 1884 2409 893 1945 1474 1997 1503 2025 2028 1108 1558 2069 1564 1574 2606 2102 2125 14 421 2177 2725 2380 1361 723 1656 1372 377 3 1142 1147 1148 1533 512 1182 2334 839 1861 1998 5 13 22 24 27 40 44 63 65 68 73 79 86 89 91 107 116 120 134 139 151 154 155 161 164 173 174 178 180 181 188 202 210 217 224 244 245 266 281 286 310 315 324 327 330 337 352 360 362 374 376 380 381 383 391 395 401 402 405 407 413 418 424 440 442 465 466 468 477 497 500 509 525 529 530 531 544 551 552 575 576 597 598 600 605 612 627 630 658 662 666 667 699 717 722 726 727 738 745 750 751 756 761 767 770 779 782 802 812 820 827 829 830 832 835 836 862 869 881 882 885 892 894 895 897 899 901 904 926 942 945 957 967 1000 1005 1012 1014 1017 1019 1036 1056 1057 1070 1071 1080 1082 1085 1087 1091 1092 1093 1095 1097 1099 1105 2661 2670 2674 2675 2676 2685 2706 2727 2728 2742 2745 2747 2752 2756 2776 1110 1114 1118 1139 1141 1144 1146 1158 1159 1165 1175 1179 1186 1209 1238 1241 2759 1263 1266 1274 1283 2426 1294 1295 1301 1302 1304 1307 1309 1310 1312 1313 1332 1337 1344 1349 1377 2444 2104 2785 1433 1434 1441 1447 1449 1452 1462 1466 1501 1502 1506 1509 1522 1530 1548 1549 1550 1552 1554 1562 1571 1596 1601 1607 1623 1624 1649 1670 1684 1685 1688 1689 1695 2590 1705 1735 1736 1748 1751 1757 1758 1768 1769 1770 2507 1779 1781 1785 1794 1795 1806 1809 2175 1830 1836 1837 1850 1854 1856 1862 1868 1873 1881 1904 1909 1913 1917 1923 1924 1927 1931 1932 1940 1946 1953 1967 1976 1980 1982 2002 2005 2013 2021 2036 2041 2044 2059 2066 2087 2088 2103 2108 2134 2135 2138 2139 2143 2144 2150 2168 2172 2174 2176 2194 2206 2207 2213 2216 2223 2228 2248 2272 2279 2281 2288 2292 2299 2302 2318 2320 2323 2330 2339 2342 2347 2355 2394 2400 2404 2411 2414 2415 2442 2459 2463 2469 2473 2488 2504 2506 2512 2647 2514 2515 2524 2525 2526 2527 2557 2559 2578 2589 2605 2611 2615 2627 2629 2636 2638 2645 2646 2650 
595: 548 490 596 694 696 140 241 344 636 2200 748 749 2285 550 893 2025 2028 1108 1564 1026 2606 2102 2 421 933 2725 5 11 22 26 37 40 44 48 53 74 77 86 88 89 91 122 128 148 155 173 180 188 196 213 242 265 281 288 296 317 336 345 352 364 372 380 405 406 407 440 466 497 505 524 528 529 531 533 535 546 552 557 561 1637 2659 1137 2232 2673 1661 597 1664 2684 2180 2182 1673 655 2699 855 2194 1685 664 666 667 1180 1181 1182 1696 856 2215 2733 698 699 1640 2747 2591 2756 2331 2759 718 2257 726 733 2589 2776 739 1230 1255 745 2282 2032 760 761 1786 1319 1591 1287 777 2511 779 1808 1811 1312 2334 805 1829 2516 1833 1836 814 1332 1848 2181 1861 1862 1357 851 2238 2525 2398 1894 1895 1388 1392 1904 885 894 899 901 1428 1317 2442 2449 2456 926 1441 1447 751 942 916 1148 1969 1548 960 2493 1985 2497 1012 1938 980 2515 985 2008 2520 2522 2292 2526 1512 1002 1785 2030 1011 1174 1014 2044 2637 1037 1551 1565 2585 630 1578 2135 2603 2605 1587 1080 1085 1091 1092 2114 1606 2627 1609 1612 2126 598 600 1036 1118 1986 1314 1633 
1114: 548 1106 1606 2785 2206 1757 745 1313 1211 1893 1543 673 321 
2137: 548 2403 184 547 1138 2200 2743 2751 1752 2409 1936 1558 14 37 1142 288 381 529 436 2140 2729 885 1091 1093 1415 1522 1588 1598 1671 1825 1967 20 26 96 146 150 161 204 264 339 389 392 509 516 531 533 625 781 848 855 873 894 899 901 941 1049 1056 1092 1211 1224 1355 1445 1535 1540 1559 1593 1612 1634 1650 1676 1689 1753 1754 1784 1807 1833 1849 1862 1879 1966 1977 1990 2041 2107 2120 2167 2168 2707 2212 2722 2215 2747 2752 2756 2783 2792 2290 2308 2328 2696 2452 2458 2498 2522 2527 2635 2638 
148: 549 2610 138 184 344 435 547 2655 2149 1160 2200 2264 749 2285 1857 2375 1385 2433 1503 998 1108 1026 1574 2102 2125 595 377 3 233 2412 1905 511 512 2049 783 20 55 69 70 147 2144 2151 2315 1644 1141 1143 1861 639 2175 2182 1677 2698 149 150 660 2706 2198 1689 2116 2719 173 708 686 181 693 2229 192 1214 2658 1727 705 712 1731 204 2760 1742 720 721 219 1641 1753 1243 733 2505 2785 2280 1263 245 2288 295 759 1784 1786 1151 781 782 784 1298 1814 281 797 799 800 801 802 2187 1318 1323 2747 1329 311 823 200 1339 317 318 1853 320 832 833 836 839 1862 841 845 1362 1590 2525 352 2397 355 2696 360 873 363 876 1390 2411 1904 883 1906 885 1911 1851 1914 894 895 386 898 899 1923 902 1415 2436 395 2440 1425 2452 1438 2459 930 420 157 940 666 944 434 2479 1680 2486 956 1980 449 1479 1480 1481 1482 971 416 1486 1996 2260 2101 2515 2660 2005 1498 2008 990 1504 1395 483 485 901 1526 510 513 2558 578 522 524 528 2578 1048 1052 543 2587 2590 2600 1071 1587 1589 1457 572 1091 1092 563 1607 1609 2129 1887 606 1804 1993 
199: 549 644 2082 14 2177 1361 1656 1567 86 180 2302 1228 137 2525 767 561 2487 1751 
217: 549 95 344 547 2655 636 2753 1756 1755 1884 1945 1997 998 2102 1106 14 1147 1148 1149 1861 926 228 751 1146 383 2605 86 525 407 2175 2785 827 1794 718 405 2450 48 203 999 236 224 760 647 1418 1806 406 2580 942 2227 862 2268 488 
242: 549 696 241 344 2149 748 749 2285 2382 2409 2421 2025 2028 2606 2102 595 933 1361 1142 2684 985 2150 1909 407 1158 1601 2044 1180 786 1143 1274 1363 405 1671 2442 425 2648 2300 2635 1753 947 678 2459 1040 2324 1977 2747 832 894 2760 1224 149 1984 2013 2690 478 150 1273 1452 438 
265: 549 596 2610 547 1936 595 1361 1656 1372 37 377 288 985 245 532 1214 733 1091 1274 1320 2008 2020 141 2301 466 2332 296 2198 2065 2173 899 2168 1980 2397 1118 1751 868 2411 2792 370 1145 2167 1543 2308 1163 2182 1937 1812 705 411 1984 295 563 1462 2689 2106 2493 1341 2631 1122 1761 
1894: 549 596 2736 748 1945 2125 595 1861 228 383 11 1312 86 48 127 402 524 564 598 630 718 745 760 761 827 856 858 1179 1295 1309 1310 1606 1637 1638 1649 1852 2533 2287 2036 2180 2733 2171 2506 2507 2004 2138 2650 
1899: 549 2265 2149 636 749 2028 723 1533 2684 1998 1425 1312 178 1502 86 27 180 1601 2526 859 937 405 1441 1758 2127 2171 2270 947 1763 40 139 267 277 281 457 573 708 760 781 855 873 881 1357 1480 1550 2033 2188 2514 1957 2087 2077 2363 2367 
890: 549 1160 14 1148 1149 407 680 281 956 2304 1537 2440 1140 1118 1504 2397 2143 
2167: 549 2403 1074 241 344 471 877 1215 2753 749 2285 1282 2381 1884 2421 893 998 1558 2102 2137 265 421 1533 288 2334 1979 383 407 529 151 2506 402 827 1093 1143 1241 1736 1785 2050 2270 516 2766 2650 2757 2479 1608 1100 2168 1980 1851 2397 2017 1135 894 575 382 1157 2760 1034 2161 67 116 226 290 295 303 594 641 650 730 895 955 963 1030 1369 1379 1554 1602 1629 1832 1931 2018 2038 2116 2186 2507 
658: 549 241 2655 2067 2200 748 1106 14 1361 414 1352 180 407 945 406 438 609 1390 1912 1404 1918 778 1421 1807 1809 2459 1582 2482 2500 2139 
1067: 549 2610 258 644 1884 1794 885 1228 1321 1443 218 425 2505 675 358 2182 137 1672 1323 2440 1393 
2684: 549 138 140 241 344 547 1160 2200 749 2285 1857 1108 2069 1564 2606 2102 595 242 1899 50 723 3 2412 582 511 512 158 1182 2334 69 1861 53 91 114 132 150 157 173 180 185 197 281 355 364 386 395 416 434 440 473 482 486 497 517 522 524 528 529 530 531 563 625 646 664 666 705 733 759 761 781 784 803 823 832 838 847 860 868 876 878 895 899 902 923 930 947 951 956 1091 1092 1118 1130 1140 1145 1167 1179 1180 1181 1200 1243 1264 1279 1292 1311 1313 1389 1408 1428 1480 1486 1501 1506 1538 1540 1563 1578 1600 1606 1607 1608 1609 1637 1649 1674 1727 1728 1784 1786 1814 1862 1904 1980 2008 2032 2092 2174 2182 2187 2198 2202 2288 2374 2438 2440 2442 2452 2460 2505 2508 2539 2558 2600 2638 2658 2659 2660 
1701: 549 1282 2386 2533 2650 372 1176 126 1432 
2134: 549 2610 1106 1533 751 1502 1259 2506 1689 1501 2675 
553: 549 2610 547 2025 2028 933 1180 1404 424 769 980 2234 726 2011 1716 571 
2243: 549 97 893 1945 1474 2125 14 1372 2150 751 1298 1352 352 529 393 460 797 828 955 1263 1414 1541 1559 1604 1763 1799 1858 2045 2784 2698 
985: 549 1639 2610 97 344 547 2149 2200 749 2285 2606 2102 595 242 265 723 3 1861 1998 53 91 103 180 188 236 322 348 386 416 542 646 666 669 705 745 761 766 800 801 805 838 847 848 868 876 895 947 951 955 956 972 982 2658 2660 2663 1139 1140 1144 2170 2182 1130 2198 1180 1699 1209 1727 2239 1740 2332 1313 1243 2288 1279 1814 1304 1308 1328 2349 1339 1862 2411 1904 2440 1937 2452 2460 1955 1455 2793 1980 1181 1983 2505 2525 1784 2539 1538 1030 1200 1600 2626 1606 1118 1632 
582: 614 241 462 2200 1203 748 2285 1385 2684 933 3 243 300 315 351 395 418 460 552 1650 2049 1796 1308 803 1957 1476 686 1563 2612 1343 1858 2692 2509 2510 801 
901: 614 596 2060 471 2149 877 1737 2285 2381 1945 1474 1503 1026 2606 1106 595 2137 148 421 1361 1372 1998 2150 363 1298 1158 529 1181 1482 856 1180 747 784 794 803 872 1091 1363 1404 405 1671 1811 1915 400 2491 1705 347 1037 899 157 678 777 2747 1871 894 1092 598 916 1419 2194 53 410 695 782 1523 1238 2308 941 1058 1836 1322 2233 2760 1079 1501 
777: 614 596 696 2743 1752 1474 1108 595 901 421 933 2725 1372 37 2334 1585 27 407 945 779 1818 2659 2398 405 1728 1848 1855 2030 103 403 600 2648 1727 1039 120 126 143 244 325 546 688 711 2279 1389 1650 2032 1637 1621 2299 898 1544 1492 1932 1808 2192 1176 921 1175 2211 1538 1193 1197 2092 2603 2488 1984 1604 2075 2758 960 2391 
1868: 614 184 2285 2421 1026 1106 14 512 945 2302 2777 405 79 194 277 401 552 598 925 947 1137 1164 1207 1641 1731 1754 1853 1859 2675 1900 2656 2168 1918 2199 2331 1967 1966 2504 2515 
2092: 614 596 2060 696 1737 2264 2025 2028 1108 1564 2684 777 933 2725 1361 1656 1372 37 1142 1148 2334 1998 1502 1585 2589 945 2506 1601 779 2318 1818 601 2659 663 2398 1376 1654 1671 1728 1811 1848 1855 1921 2030 2138 103 327 2442 403 2590 600 1294 533 2198 1727 347 1649 1179 727 1039 543 1637 210 213 281 325 411 477 546 800 801 805 898 960 980 1101 1110 1156 1193 1197 1257 1389 1419 1492 1538 1544 1604 1621 1747 1808 1809 1814 1984 2001 2032 2075 2160 2192 2323 2211 2758 2133 2279 2281 2678 2391 2418 2488 2493 2603 2604 
1307: 614 241 877 748 749 1945 1106 712 107 27 351 1844 856 1601 667 88 2353 2558 2766 1689 947 678 2322 98 155 277 305 382 552 782 812 817 930 1193 1637 1580 2078 1578 2327 1846 1308 1440 
1988: 614 2610 138 636 877 1737 1108 421 1361 178 2506 662 666 667 1099 1321 1376 1848 2003 2008 2030 304 2361 466 2600 2627 2332 296 956 79 903 236 987 1637 2604 1419 1501 1111 83 477 1417 1774 
27: 2403 596 2702 241 435 2149 636 1737 2264 748 749 2285 2382 2409 2421 893 1936 1945 2025 2028 1574 2606 2102 1106 1899 777 1307 707 2725 1361 1372 1148 414 1998 2150 639 1298 6 107 2144 1644 1143 2168 2658 2687 1164 2705 157 161 871 675 678 682 2729 180 181 1719 1219 714 1231 721 2770 1980 752 765 1807 2322 1308 2330 803 1831 812 2347 1840 1843 1844 1849 1851 1346 324 845 1359 351 352 2397 872 402 407 2459 425 940 944 1967 947 2480 243 443 2491 460 2504 468 480 486 500 1015 516 524 1549 1040 529 531 28 32 543 40 1578 54 2616 2617 1606 2120 2637 2638 2640 1118 2650 
126: 2403 596 258 1752 1242 2285 1701 777 2725 407 351 2044 779 1403 1719 269 2590 600 79 944 1424 1637 1175 688 213 1808 1176 1621 2161 2400 1014 129 1550 2192 1563 1686 1193 556 1333 825 1854 1604 2691 2251 1360 2126 979 2391 477 1117 2775 
213: 2403 596 2060 184 462 1203 2736 748 2285 1385 2421 1936 1945 998 1564 1570 1574 595 2092 126 421 933 2725 1372 37 288 2334 1979 1861 926 1298 2207 1502 86 529 1214 75 2302 2044 576 666 803 937 1091 1099 1141 1281 1336 1638 1785 1788 89 2131 141 173 385 2442 531 533 2198 1862 1433 2616 1037 1689 947 845 1980 2637 2638 80 133 149 2159 637 1809 2706 2202 676 2212 708 1224 713 2758 2762 2765 725 2258 1243 1485 746 1261 2288 1784 2170 263 775 2308 1808 1918 277 278 792 282 1836 336 1889 1384 573 382 395 943 1975 447 965 1487 1611 1501 2522 1504 2016 1514 497 2032 1525 1016 2297 2047 1548 1038 597 598 535 2581 1573 1092 1610 1102 
281: 2403 596 2060 138 636 1737 2264 748 749 2082 2285 2409 2421 893 2025 2028 2069 1106 595 148 1899 890 2684 2092 421 933 2177 1656 1372 37 1905 1533 512 311 312 317 318 1998 926 751 383 639 2207 178 1466 2742 1502 420 1259 351 352 2175 2449 2785 453 1794 2318 1713 861 1143 1464 1638 1785 1811 2008 2066 2138 327 2388 373 400 401 403 404 425 2550 2647 146 2635 347 1037 1649 1179 513 2330 1359 1040 2209 1110 1660 1809 668 1707 695 711 738 1253 1256 1258 2290 2308 1313 832 323 343 345 346 1379 1918 1924 1417 1932 411 418 2510 2001 477 1509 1025 530 1369 1607 
346: 2403 2060 1737 2381 1503 281 945 2442 2332 956 1641 162 1462 2263 
352: 2403 2610 241 2149 2200 2755 1756 748 749 2285 2381 893 2433 1945 1474 1997 998 2025 2028 1106 595 148 2243 27 281 421 1361 377 158 1861 1555 1502 107 8 180 351 99 100 145 161 173 179 308 320 348 1640 1139 1152 2687 1159 1671 2189 678 2213 1713 695 698 2747 2752 2244 1228 1232 1746 2776 2779 745 750 761 762 1795 778 1297 1303 1313 1832 812 1327 847 2391 1377 868 1892 1893 874 2410 894 2785 917 2449 2451 924 1966 1967 947 2498 2650 477 2720 2555 1543 1037 1042 1059 2088 557 562 566 2108 1092 1118 2120 1105 1621 602 2138 2139 
368: 2403 2060 1282 2387 1142 245 945 2506 2331 1294 533 543 2324 960 2515 962 1257 
373: 2403 596 184 399 1737 1756 1755 2409 1936 281 14 1361 1372 1147 1148 1149 1146 1404 1588 52 1015 646 1037 1044 2582 1462 1339 
376: 2403 1106 1298 630 1811 578 2459 1757 572 2434 1819 1513 
440: 2403 2702 2655 636 1177 877 1745 1756 748 2285 1755 1884 1474 1503 2606 2125 1106 595 2684 172 723 1142 1147 1148 712 926 5 751 1909 383 639 1796 1680 1555 1561 1312 2207 178 75 83 93 218 295 327 336 347 362 382 420 425 1638 2664 2158 1649 1144 1660 1042 1664 2685 2181 1164 1682 1684 2706 1180 2715 2742 1214 2748 2759 718 720 1746 630 1758 2776 2292 761 1281 1794 1801 2318 2324 1818 2330 1313 1830 1327 2347 1844 2355 827 2363 1671 1362 1373 885 1412 1419 927 2466 2467 2474 1457 2479 1466 1978 2501 477 1501 1502 2525 2526 1274 2033 2550 509 530 541 2076 1589 571 1601 579 2650 
487: 2403 1639 2610 877 2421 2377 2319 2508 894 2438 1145 162 738 2618 2182 356 2543 967 
590: 2403 2060 258 422 501 2655 1138 877 1215 1385 1158 945 2777 803 1363 1522 2482 2157 2480 460 1549 947 202 2315 1677 2483 480 2017 1735 451 962 2080 478 1121 2793 594 948 867 1859 1529 2678 1406 1407 1024 1171 1435 2750 994 
718: 2403 596 2060 2610 344 1177 877 2754 1745 1242 2264 748 2082 1884 2409 1945 1503 998 1574 2102 2125 595 217 1894 440 14 421 2725 1372 1905 1142 1147 1148 1149 2334 317 712 1998 1425 245 1909 383 1561 2605 1502 381 86 892 836 525 180 630 761 2175 1158 2444 151 940 945 2506 85 856 2140 402 1601 2526 1794 2059 1180 927 2728 2639 638 2729 117 157 218 286 315 316 325 382 404 480 483 531 573 575 597 605 670 711 2658 1640 1134 1649 1139 2161 1144 1671 2199 1684 1813 1178 1695 1705 2217 2158 1720 1309 1736 2756 720 1748 1240 1241 733 1757 1092 1042 1263 2168 2290 1784 1790 1281 770 1295 1237 1810 1811 2322 794 2328 2331 803 2442 1843 2361 830 1344 2371 1354 845 848 1628 1883 2397 1932 996 2019 1404 1407 896 1682 2088 1417 1422 2446 916 2450 2458 1956 938 942 944 1967 2482 956 959 2203 2507 1184 832 2515 2008 2017 2018 999 932 1105 2038 1019 2555 1539 1685 1552 1554 2582 1056 2081 2085 2598 2220 2090 2221 1076 2619 2623 2124 1621 2641 2061 
733: 2403 596 1581 2060 184 471 2149 636 1737 1752 893 1108 1069 2606 595 148 265 2684 718 14 421 933 1656 1372 1500 37 926 383 1298 2207 2589 761 2444 1181 1482 856 1301 2140 402 1180 26 64 77 145 157 173 202 364 409 411 479 531 533 609 678 1152 1156 1691 1694 1219 2240 1223 2757 2760 2290 760 1281 770 894 778 1294 1811 2003 2323 1825 2353 1848 2361 2366 1355 1357 1359 1363 1389 1397 1404 1918 1412 903 2459 942 947 2497 2505 2250 2001 2005 2008 2047 1704 1037 1573 2609 2104 1091 1092 2627 1624 
745: 2403 596 2610 547 636 2200 2375 893 1945 2028 1574 2606 1106 595 1114 1894 985 352 421 1142 1147 1148 1861 712 228 761 529 940 1844 827 1601 2059 2733 803 1143 1640 1785 48 2171 2180 2189 2361 2550 531 1294 79 2558 486 200 1309 2209 1641 1297 1092 598 349 130 185 196 379 498 564 572 627 1369 869 2161 1682 1893 1295 2194 2678 1310 1313 1314 1113 2128 2106 1684 967 1528 1486 1112 1631 1632 
770: 2403 1639 696 636 2200 1752 748 2082 2285 550 893 1945 2025 2028 1106 718 733 933 2177 1656 1372 1533 228 1909 178 829 1502 381 1301 2451 699 601 1300 1404 1626 1825 1967 2008 2066 48 88 2138 2442 403 2525 2636 2648 198 19 202 210 280 345 347 534 564 597 605 669 769 2570 2664 1650 2695 1179 1200 1213 2747 2761 1277 2304 830 2378 1371 2410 899 1924 1931 917 2460 2464 943 947 2493 1985 1491 2001 2515 1501 1509 1525 1528 2565 2566 2567 2568 2569 2571 2572 2573 1039 1880 1092 2651 1632 1208 
803: 2403 490 2060 694 2610 184 241 462 547 1160 2200 2736 2751 1737 1752 1756 748 2285 1282 1755 1884 2421 1936 2025 2028 1108 2069 1564 2684 582 901 27 213 590 718 745 14 2725 1372 37 377 233 1905 1142 288 2334 317 318 1979 926 2150 245 1298 1555 1561 2589 407 1104 761 529 2518 2140 465 2785 2206 2044 601 652 662 666 667 2715 721 15 28 33 38 48 60 82 89 91 122 155 164 173 188 198 203 257 292 296 339 364 380 395 405 406 410 463 479 485 497 513 524 528 531 533 535 540 543 552 554 563 593 597 598 637 640 651 695 705 708 713 719 752 800 801 1637 1640 1551 2571 1650 1722 2182 1111 1981 1683 2747 2209 2232 1213 2752 1110 2331 2759 1747 1313 1243 2585 1741 1261 2288 2290 1785 2308 2766 1297 2322 1305 1310 805 2338 1831 1322 812 1836 1498 1841 1843 1853 1858 2371 1862 1587 1866 2378 1163 855 2389 1881 1375 1886 2397 1591 1442 1891 873 1418 2418 2424 1917 2429 899 2442 2452 1943 2705 2459 1784 930 2464 2467 1433 943 1457 1008 947 950 951 2565 1691 955 956 957 1980 960 2493 840 1984 1985 2497 1990 1548 1255 1000 1514 1515 1518 2538 2332 1012 1529 1538 1539 1540 2566 2568 2569 2570 2573 2065 1621 2582 2557 2591 1061 2083 2670 2238 1071 2709 860 1090 1091 1092 1093 1610 1535 2706 1887 2567 1626 1118 1671 1208 
822: 2403 1094 
827: 2403 2655 636 2067 2736 1756 748 2082 2285 2381 1884 893 1945 1997 1106 217 1894 2167 440 745 172 2380 1533 288 228 751 12 1312 2742 829 1502 892 420 935 525 2175 1844 1013 402 1332 109 134 197 202 218 327 343 349 382 480 499 535 540 564 575 580 613 703 750 760 781 801 814 1638 1641 1649 2670 1640 1165 2194 1702 2727 2229 2748 2240 1753 1757 2279 2281 1264 1778 2678 1794 1795 1295 1296 1309 1314 2347 2351 2361 830 1892 1893 1917 1924 1419 1087 1931 1422 2450 1946 2464 1262 1092 1263 1967 947 1971 1522 967 1495 1501 2527 1509 1310 2618 2033 1014 2636 2044 1072 1076 1077 1079 1601 1609 1099 2138 2650 2143 
829: 2403 2060 2200 1737 2082 2285 2421 1945 1106 770 827 933 1361 1656 1372 1142 1533 2437 1998 5 383 2207 178 79 83 280 294 327 345 347 381 477 499 529 530 531 597 605 634 756 779 781 801 1644 1649 1140 2181 2695 2706 1179 2323 2732 2235 2747 2759 1258 1770 1795 894 1300 1301 2344 1847 830 836 2378 1359 1387 2414 2415 1404 1918 1923 1924 2440 1931 2451 1433 2464 1981 962 1985 1491 2001 2002 1494 2004 2515 1501 1502 2523 2525 2535 1528 2556 2565 1037 2066 1793 2088 1585 2103 1713 2138 1601 1092 1632 1625 2651 
832: 2403 2060 258 1160 2736 1737 1752 1756 748 749 2082 2285 1755 1884 2421 1945 2025 2028 1564 1574 2606 2102 1106 148 242 2684 281 718 421 2177 1372 37 1861 1998 926 1909 383 639 532 1502 2355 1221 525 2552 2175 151 1181 945 1844 706 2248 717 2785 1601 2044 134 1794 2451 1180 927 576 666 2715 2733 1099 1274 1320 1892 1921 2054 173 218 2270 2319 2361 327 485 2590 2533 2300 1433 2469 236 198 1263 2650 1549 1264 1076 157 1291 2324 1977 2570 2676 1685 2747 2283 1071 67 123 336 427 505 530 708 737 776 2158 2223 2734 2735 2752 1256 1782 2304 894 1296 1873 2464 1412 1924 2460 2467 1459 1462 2493 1985 2514 989 2261 1548 2578 1056 1097 2122 1501 1115 
856: 2403 490 2702 2610 435 462 1160 2067 2200 877 1756 749 2285 1884 1564 595 1894 901 1307 718 733 2725 723 511 512 2334 311 312 314 317 318 1861 11 1466 2589 1786 1606 529 802 33 91 155 157 173 181 206 225 229 231 313 325 372 386 405 406 466 479 497 503 513 531 533 546 563 600 601 664 668 708 724 781 782 784 801 811 812 2146 1134 2671 1143 2681 1666 2178 1163 2194 2577 2199 2202 1389 2209 2719 1192 1195 2740 2741 1565 2747 2752 1225 1741 1263 1785 1284 2310 1816 1309 1833 1836 1590 1892 1904 885 2782 894 895 899 2436 2442 2453 2706 2198 2368 1689 2475 1457 2479 2480 2488 1980 967 1480 2510 980 2005 2008 991 997 2032 1524 2036 1538 1540 1548 2578 1111 2585 1022 1061 2094 1587 2612 1091 1092 1612 2638 1433 2567 2139 
879: 2403 877 1374 2482 2647 54 947 2483 478 1452 1455 2290 2166 
898: 2403 696 471 2655 2285 1282 1108 148 777 2092 1361 37 2334 926 1585 86 407 945 1340 2501 779 1818 2347 2659 666 2715 680 1011 2398 1336 1694 1728 1848 1855 2030 103 403 600 1727 1039 2324 1637 1175 2032 1808 1349 873 894 305 325 418 546 883 2279 1389 1648 2488 1604 2192 916 1173 1176 2075 2211 1538 1193 1985 1197 2603 1369 1544 1602 2758 1492 960 
926: 2403 596 877 2753 1752 2285 893 1936 1945 1474 1108 2069 1106 595 217 213 281 440 733 803 832 898 2177 2725 1361 1656 3 1142 1861 19 24 89 91 122 133 155 170 181 198 203 224 296 372 382 405 406 407 409 466 486 500 524 525 528 529 530 535 597 598 637 667 685 698 708 725 726 805 899 1649 1143 2678 2300 1673 1675 2189 2238 2206 2324 1200 2223 2747 2673 1757 2776 2785 1060 1266 2292 1277 1806 1833 2425 1852 1873 1875 1904 1433 2464 1955 1452 1459 1975 1980 1985 2497 1478 980 982 2515 1506 1512 2533 1013 2044 2059 2580 2072 2591 1080 2615 1091 2565 2135 
933: 2403 696 184 241 435 2655 1138 1752 893 1936 1945 1564 595 242 553 582 777 2092 213 281 733 770 829 2 44 65 78 91 120 129 155 178 198 202 236 286 288 325 327 343 345 347 351 370 402 403 517 531 532 533 597 600 601 624 634 667 669 688 699 756 761 779 788 807 860 887 906 2144 1637 2660 1140 1656 2680 2177 2182 1167 2192 1172 2747 2209 2211 1193 2725 1713 1649 1727 1728 2758 2761 1747 2767 1751 1255 2166 1260 1830 1277 1279 2300 1792 1794 1473 1808 1818 2332 2334 1156 1843 1847 1848 1585 1854 2691 2391 2398 1118 1409 1923 1924 1415 2442 2444 1433 1176 2464 937 1092 2283 942 1179 955 956 960 2493 2032 2497 2501 2001 2515 1498 2008 1501 1502 1000 2533 1011 1528 2044 1533 2047 1543 1704 1551 1552 1538 2589 2591 2604 1711 1591 2103 2109 2705 1091 2394 1636 1099 2636 1621 1378 1632 
945: 2403 596 696 175 471 2736 2753 1745 2285 2381 1385 2025 2028 1108 1106 658 777 1868 2092 346 368 590 718 832 898 421 2177 2725 1361 723 1656 37 377 2334 1979 1796 11 2584 1585 86 107 420 180 1181 31 33 75 80 89 103 115 120 132 133 141 149 161 190 192 210 220 229 231 244 251 257 263 275 277 296 325 336 348 378 384 394 403 408 434 447 457 466 478 488 491 495 522 524 531 533 538 546 565 567 600 601 617 624 625 631 650 666 667 669 677 699 730 741 754 756 767 769 775 779 781 792 794 804 805 885 894 937 939 2144 2638 1039 2159 2669 1652 1637 2166 2758 2168 1638 2170 2659 2184 2698 2192 1728 2198 1185 1187 2209 2211 2212 1193 1901 1197 1562 1538 2223 1209 1727 2747 2500 2591 1811 2762 2763 1749 1751 960 2774 1699 973 2275 2021 2278 2279 2281 2290 1489 2741 1275 1830 1788 1234 2302 2001 1808 1223 2258 2323 1818 2329 1410 2332 1313 2543 1318 1099 1156 2085 2346 2349 1842 1336 1848 2358 1882 1349 1587 1865 1866 2183 1362 1363 1365 2609 1141 2630 1102 1079 1886 1377 2398 1889 1890 2442 1384 1548 1389 2410 1918 1427 1414 2436 1931 2023 1429 1937 1939 2581 1433 1137 1981 1446 2055 1452 1689 2475 1967 1179 2481 1961 2030 2486 956 957 2493 965 2396 2288 2488 1486 2509 2600 1492 1514 2005 2006 2009 2497 2522 1504 2016 1000 2536 2538 1009 2032 1012 1525 2550 1532 2044 1537 2047 2558 1958 1038 1551 2571 1041 1496 2075 1056 1571 1027 2595 1261 2636 2003 1071 2603 2391 1082 1798 2262 1544 1091 1604 1096 1097 948 1211 2112 1501 2637 2135 1855 2647 1120 2142 2738 
947: 2403 490 596 2702 2610 696 241 258 2200 877 1215 2751 1752 1756 2285 550 1280 1884 1385 2409 2421 893 2433 1936 2499 1503 1108 2069 1564 1574 691 242 1899 2684 985 1868 1307 27 213 352 590 733 770 803 827 879 421 2725 1148 2042 2334 2150 1585 107 935 2589 407 351 1606 529 706 2302 1601 324 2501 2044 927 2347 666 667 674 2729 2733 721 784 875 937 939 946 1091 1093 1342 1363 1413 405 2450 1522 2482 1626 1785 154 2008 82 89 91 2157 122 2171 2180 141 173 304 406 2480 2520 500 504 516 531 2590 2617 1294 533 33 296 79 479 1129 169 1583 1862 1433 2766 1549 486 248 1996 1179 2756 25 28 36 40 49 59 60 84 87 98 130 137 139 152 161 168 182 188 203 227 240 243 264 307 316 360 386 431 432 442 451 457 461 476 477 478 480 481 484 497 519 522 535 543 552 563 573 575 594 621 635 653 657 688 701 719 825 828 855 867 873 925 941 943 2687 2691 2705 2724 2739 2740 2747 2758 2760 2764 2778 2787 2791 948 955 967 980 982 984 988 1000 1003 1006 1014 1027 1028 1029 1040 1046 1050 1057 1077 1083 1086 1092 1098 1105 1110 1118 2638 1162 1163 1185 1193 1204 1207 1213 1234 1243 1253 1255 2761 1278 1285 1297 1299 1303 1305 1308 1379 1388 1392 1406 1407 1435 1453 1461 1468 1504 2464 1518 1538 1543 1548 1551 1571 1578 1591 1608 1650 1672 1677 1683 1709 1714 1735 1802 1805 1824 1830 1849 1854 1859 1872 2182 1881 1931 1975 1980 1985 2001 2002 2004 2015 2017 2018 2045 2095 2115 2120 2136 2145 2161 2197 2222 2227 2263 2299 2306 2312 2313 2315 2322 2323 2326 2343 2378 2397 2420 2440 2459 2483 2489 2504 2508 2528 2559 2565 2566 2567 2568 2569 2570 2571 2572 2573 2574 2585 2611 2077 2623 
967: 2403 1581 1884 2606 1106 487 745 827 856 947 414 751 1786 2175 529 1180 784 885 2487 923 2699 894 1137 2005 572 782 2182 393 781 386 1587 214 1230 703 711 804 847 1540 1163 1524 
990: 2403 596 2060 2655 2264 2082 2285 2348 2375 2421 148 421 37 3 2412 2031 1147 1148 1149 642 783 2042 314 102 2370 712 116 327 483 560 598 637 651 821 956 1511 2785 1641 1146 2487 1340 1404 2041 1001 1344 1165 2229 1791 1937 1173 1174 2324 1212 2587 1633 1451 2479 2738 1850 1341 1855 1345 1993 1230 1487 1363 2588 2135 
1019: 2403 184 1282 1106 718 1361 723 1148 1466 381 180 402 2451 1404 2450 2088 2525 443 2324 2283 960 2005 1304 830 551 427 1515 
1037: 2403 2060 696 140 184 1138 2200 877 1752 2285 2028 1108 2069 1564 595 901 213 281 352 373 733 829 421 2725 288 2334 1861 532 107 2589 407 630 761 529 1214 2518 667 784 1004 1091 1099 1269 405 1588 1598 1626 1785 1811 2008 2036 64 82 122 173 2442 400 466 531 2600 578 600 1294 533 2332 2788 79 479 2558 1191 2257 2300 20 146 2065 59 133 142 155 177 185 206 212 219 229 380 397 413 426 460 463 464 488 540 657 714 719 734 782 801 847 866 868 871 873 878 895 899 941 943 992 1024 1637 1551 2571 1140 2165 1657 2678 2170 1666 2178 2182 1168 1170 1171 2707 2202 2208 2209 2215 1711 1201 1213 2237 2747 1740 2252 2782 1255 2251 2290 2291 2304 2308 1800 1297 1299 2323 1833 2343 2425 1923 2691 2378 1322 1881 1323 2419 1169 2424 1511 1649 1428 1929 1424 2111 2460 1784 1442 2466 1970 1547 1436 2464 1985 2497 2005 2010 2769 1512 1699 1528 1430 1538 2638 2566 1548 2569 1565 2585 1578 2602 2756 1092 2631 1621 1111 1118 2650 1632 1633 
1053: 2403 1147 1148 1343 1146 1470 
1099: 2403 596 2060 696 184 1160 2200 1215 1737 748 2285 2381 2421 1108 1558 1564 1570 2606 1106 1988 213 827 832 933 945 1037 14 2725 1656 1372 288 2334 1979 178 1502 107 2589 529 1214 2140 402 2044 699 666 667 59 72 79 89 150 173 203 222 229 231 296 347 382 394 405 434 461 466 477 497 531 533 604 688 713 760 780 903 956 972 1018 1057 1092 1637 2660 1649 2161 2705 2198 2202 2588 2237 1224 1235 2766 1751 1785 1294 1297 1311 2332 1321 2349 2365 1589 1883 2418 1921 2788 1975 1980 2497 2003 2008 2544 2556 1538 1548 2065 2609 1598 1111 1118 
1133: 2403 596 2606 1656 1142 383 2276 2705 2209 2323 887 530 
1148: 2403 1581 2610 184 258 344 547 2655 636 1177 1737 2264 1756 748 2082 1884 1945 2499 1997 998 2028 1108 1570 2606 2125 1106 595 217 890 2092 27 373 440 718 745 947 990 1019 1053 707 3 1260 1147 5 12 26 75 86 93 98 101 116 134 151 154 178 202 218 228 245 270 284 285 307 360 371 382 383 402 404 444 457 475 477 485 496 500 516 518 525 540 541 575 630 633 634 676 712 720 734 750 756 761 823 885 894 960 1003 1042 1061 1079 1087 1092 1137 1144 1146 2656 1638 1646 1649 1149 2318 1157 2181 2183 1674 1680 2197 1178 1179 1720 2742 2748 1731 1454 1234 1240 1757 1846 2279 2283 2728 2292 1278 1791 1288 1298 2175 1822 1312 2334 2342 2347 1844 1845 1337 1343 1344 1856 1346 1502 1883 2398 1382 1392 1682 1925 2450 1433 1437 2458 1452 1689 1458 2506 2001 1509 2026 1785 2033 2552 2059 1552 2579 2127 1709 1578 2600 1591 1601 1607 1608 2140 
1156: 2403 2610 2092 733 933 945 1361 1372 2008 854 1637 2032 2603 2418 1230 
1176: 2403 596 2610 696 258 344 998 1108 1574 1701 777 126 898 933 2177 2725 37 839 312 532 1585 2377 545 2044 779 939 2398 1143 1719 1728 1788 154 2020 2030 2213 2110 122 2442 2525 2590 600 1727 198 2658 593 120 1863 2483 2099 678 2637 1291 1175 372 1751 1808 49 84 129 185 195 203 210 342 349 366 374 393 457 534 535 637 825 852 884 921 960 974 1000 1014 1070 1140 2674 2682 2197 1389 1193 1907 2262 1249 1353 1293 1660 1409 1310 1311 1836 1329 1854 2365 2391 2411 2429 1452 1459 2488 1984 2735 1190 2634 2211 1703 1551 2133 1573 2603 1604 2116 2124 1621 
1254: 2403 1091 1118 2747 1092 
1277: 2403 1755 1997 770 926 933 1361 1656 1372 1861 1909 2207 2347 699 1274 48 2138 1649 1179 756 1637 2676 2323 2002 77 162 280 575 1258 1419 2761 2001 
1309: 2403 2610 636 1160 877 1756 1385 893 1945 1503 2028 2069 1574 1106 1894 718 745 827 856 1142 1861 616 180 529 940 1844 2785 2183 2318 1139 1144 1640 1785 1892 1958 1963 2180 531 2558 2766 1549 486 845 26 1763 96 113 130 185 303 498 572 627 668 701 814 869 1641 2538 2161 1784 2687 1893 2194 2678 1817 1310 1702 2467 1330 1887 2483 2621 2498 2510 1369 
1310: 2403 2610 748 2082 1884 893 1945 1997 2025 2028 1574 1106 1894 745 803 827 1176 1309 1905 1142 1146 383 2589 529 940 1844 68 717 402 2693 1143 1785 1831 1892 2008 88 2473 531 2558 2650 486 1039 1449 1980 1175 2194 801 1747 185 1917 2161 1501 2674 1919 123 130 247 336 498 572 627 869 1252 1410 1412 1926 1971 1468 1480 2672 1369 1946 
1359: 2403 1639 2655 1752 2285 1755 998 2069 1564 2606 27 281 733 829 1905 751 1502 436 996 2450 1781 1785 2008 2066 2193 294 79 2300 1433 198 2766 1689 1980 28 760 860 916 994 1092 1165 1255 1256 1304 1641 1650 1782 1528 2041 2304 1923 1427 1538 2460 2215 1850 2615 1501 2752 2515 1632 
1361: 2403 1639 2060 2610 184 241 547 2655 1668 2200 2736 1752 2285 2421 893 1108 2063 2069 1106 199 242 265 658 901 2092 1988 27 352 373 829 898 926 945 1019 1156 1277 14 2 2380 12 28 79 91 112 166 198 205 214 237 288 325 337 351 427 436 453 466 479 497 498 543 545 561 564 593 598 601 605 634 662 666 699 708 721 756 767 782 784 786 788 800 805 838 851 860 873 894 937 942 960 965 975 977 979 1000 1039 1046 1091 1104 1118 1142 1175 1179 1193 1208 1214 1221 1285 1304 1305 1318 1336 1339 1348 1637 1858 1649 1722 1654 2170 1621 2691 2199 2696 2488 2192 2198 2211 1705 1708 2729 2730 1713 2752 1567 2761 2766 2767 1751 2758 2272 1767 2785 2788 1781 1782 2300 2492 2322 2515 2686 1923 1848 2075 2389 1881 2397 2398 1891 1902 2413 1985 2424 1409 1924 1417 1418 1427 1428 1939 1433 1512 2705 1439 2460 2283 1860 1463 1975 2640 1979 1990 2288 1485 2001 2003 2005 1498 1501 2533 1518 2538 2044 1533 1538 1539 1873 2279 2215 2066 2047 1568 2589 1578 1588 2609 1543 2109 1600 2734 2135 2140 2651 
1372: 2403 490 696 184 547 1668 2200 1752 2285 893 1108 2069 1564 1106 265 2243 901 777 2092 27 213 281 373 718 733 770 803 829 832 1099 1156 1277 14 2 2725 12 28 143 155 161 188 198 205 288 325 348 380 403 405 466 498 531 533 535 543 552 561 563 564 593 600 601 666 688 699 721 767 779 800 801 860 863 942 943 955 960 1011 1065 1071 1091 1093 1104 1118 1140 1141 1142 1193 1213 1231 1255 1274 1297 1348 1637 2570 1649 1808 2678 2066 2192 1728 2211 1705 2729 1727 2747 2075 1567 2766 2767 1751 2758 2590 2273 2202 2279 2290 1784 2300 2310 2322 1818 2334 1667 2347 2391 1840 1843 1848 1854 1626 1860 1861 1862 2378 2389 2398 1389 1881 2413 1985 1409 1415 1928 2444 1939 1433 2705 1439 1441 1443 2464 2030 1466 2488 1979 1980 2493 2032 2497 1990 2504 2001 2515 1498 2008 1501 1512 2533 2651 2538 1855 1528 2044 1533 1538 1539 2565 2566 1548 2568 2569 1551 2571 2572 2573 2582 2047 2589 2591 2331 2238 1585 1543 2109 1621 2567 1722 2650 1632 
1374: 2403 1756 1755 1884 879 383 11 1466 2474 2552 529 151 437 68 706 436 2248 717 2506 79 146 202 402 419 942 1016 1077 2059 2785 2278 2728 2224 1794 2178 2451 1601 1695 1967 2350 2351 2004 2008 2650 
1425: 2403 1160 1574 148 1899 718 4 53 96 120 129 147 164 201 277 280 321 366 410 457 493 528 575 599 625 702 705 772 780 794 869 882 887 897 923 1112 1134 1145 1151 1158 1217 1271 1340 1348 2698 2545 1539 2052 2311 1472 2449 2174 2458 2462 1561 1540 2312 2093 2350 2709 1858 1799 2495 1606 1585 1906 1866 1480 1761 
1433: 2403 1639 636 644 1160 877 1737 1752 2264 748 2082 1884 2421 1945 1474 1503 2025 2028 2125 1106 213 803 829 832 856 926 933 945 947 1148 1359 1361 1372 421 2725 37 1142 1979 1861 2386 751 383 2207 525 739 1469 402 1332 2044 134 1794 2059 2451 576 613 2715 1080 1143 1281 1671 1942 2054 122 2171 2189 2270 286 18 2533 1852 2300 110 116 123 183 198 202 215 236 264 284 336 361 362 428 505 509 573 704 828 838 1015 1029 1034 1101 1118 1204 1258 1291 1296 1304 1344 1428 2158 2748 1695 2324 2209 2747 1757 2789 2290 2339 1843 2411 2616 1923 2037 1442 1485 2514 1506 1511 1539 1459 
1496: 2403 2060 945 2177 37 2715 2135 1295 2161 
1498: 2403 1752 1756 748 2285 2409 2421 1503 148 803 933 1361 1372 1147 751 2207 2152 2342 1180 601 1011 1363 2331 2533 960 2515 546 2033 1571 2488 2182 1478 1348 438 1462 1650 2588 
1515: 2403 596 184 435 1945 803 1019 383 1502 420 1301 453 2659 784 1588 2180 425 1071 188 760 2143 2240 887 1371 273 989 1387 
1543: 2403 694 547 636 2200 2082 893 2025 1114 265 352 933 947 1361 1372 2177 510 2386 351 2785 2715 1093 1321 1785 1801 384 2550 1727 2459 1071 2002 1419 2288 2351 2143 1712 1946 2681 2759 1122 426 2509 1159 2216 1333 142 174 271 538 541 820 868 1371 1508 2535 2675 2556 2598 2720 1670 
1559: 2403 241 471 877 1215 1756 749 2285 1755 2381 1574 2102 2137 2243 288 2334 1979 383 381 420 529 151 2506 2526 2347 2729 1093 1736 1785 2050 2270 2376 425 516 531 33 2198 460 2289 2757 468 845 1608 1100 2168 1980 1851 2397 67 290 382 484 506 552 585 641 860 895 955 963 1135 1224 1379 1554 2528 2038 2018 2161 2296 1914 2339 2178 1711 2507 2186 
1575: 2403 258 1564 511 1259 1091 1862 395 2536 565 94 106 2539 1610 
1705: 2403 1581 1668 2067 2381 1945 2028 1106 901 718 1361 1372 172 512 318 69 2355 787 1214 2667 747 1219 1228 82 145 176 364 400 425 2495 504 524 19 38 62 80 111 196 358 386 509 624 625 689 766 923 1042 1140 1184 1265 1478 1539 1562 1568 1596 1632 1674 2272 1918 2698 2289 2038 2688 2587 1807 2661 2459 1829 2359 2161 2682 2394 
1713: 2403 596 877 1737 748 2082 893 2025 2028 281 352 829 933 1361 2387 245 1298 178 1502 86 180 351 13 529 1844 1301 1601 134 2451 123 143 202 307 531 605 830 894 899 962 1025 1082 1092 1095 1122 1173 1364 1373 1501 1552 1638 1770 1981 2172 2525 2182 2695 1940 2088 2108 2747 1882 
1723: 2403 914 2139 1724 1882 2528 2618 115 207 1455 1864 2043 
1728: 2403 596 696 97 2264 2285 2421 1108 2684 777 2092 898 933 945 1176 1372 14 2725 37 1142 783 2334 383 1585 779 1818 601 2659 2729 2398 26 103 200 325 347 360 393 403 516 546 600 960 1039 1040 1101 1137 1179 1193 1197 1349 1364 1389 1492 1538 1544 1551 1604 1637 1644 1727 2138 2533 2413 2596 2603 1855 2674 2075 2215 1808 2192 2279 1731 2211 1848 2488 1854 2758 2001 2032 2030 1809 
1753: 2403 1639 241 470 471 877 1215 1756 2285 1755 2381 1936 998 1558 1026 1574 2606 2102 2137 148 242 827 414 2334 1979 1998 383 836 407 1158 2377 529 151 2342 940 2506 1601 324 2501 2044 885 1093 1217 1736 1758 1785 2050 2270 384 406 516 531 1263 24 2289 1689 2757 67 139 157 203 382 418 572 573 585 604 641 730 845 895 955 963 999 1050 1076 1100 1262 1264 1304 1379 1392 1526 1554 1571 1608 2657 2161 2168 2186 2339 1851 2397 2459 1980 2507 2018 2559 
1809: 2403 2060 696 1242 893 1108 1574 1106 658 2092 213 281 1728 1142 1979 751 1312 1585 86 2589 2175 2785 601 663 1093 1240 1241 1855 154 2081 2280 2331 401 2590 1294 79 1727 1649 899 1179 2244 727 690 442 2099 1098 1980 1843 2209 1757 1637 1175 688 1808 860 894 2475 1538 1621 1092 2546 2545 966 360 2242 277 293 321 725 863 925 962 1140 1412 1486 1550 1563 1634 1767 1784 2211 2779 1827 2312 2367 2462 2551 2075 2117 
1811: 2403 596 140 184 1752 2082 2381 1385 2421 998 2069 595 901 2092 281 376 718 733 945 1037 14 421 2334 2589 529 2506 2518 453 1093 1336 1363 1375 1404 40 231 237 301 380 393 395 460 464 479 486 523 588 617 788 851 863 873 903 916 918 980 1223 1262 1263 1297 1421 1424 1532 1539 1548 1650 1685 1689 1691 1739 2170 2171 2696 2212 2215 2270 2788 2290 1816 1833 1887 2413 2442 2458 2460 2465 2489 1949 2515 2008 2586 2614 
1818: 2403 596 696 1737 2421 1108 1564 777 2092 440 898 933 945 1372 1728 50 586 512 2334 178 1585 2474 2589 1259 13 779 64 83 103 198 204 223 325 347 360 403 513 546 600 724 916 960 1011 1039 1072 1101 1137 1180 1193 1197 1257 1294 1336 1389 1492 1511 1538 1544 1604 1637 1727 1731 1754 1757 1808 2659 2192 2198 2202 2211 2758 2789 2032 2323 2603 1848 1855 2396 2398 2279 2459 2488 1985 2030 2075 2094 
1862: 2403 596 2060 694 471 1203 1737 748 1282 2421 1106 595 2137 148 2684 985 213 803 947 1372 1575 421 37 2049 2437 1998 2386 383 1004 1139 1801 16 125 149 277 375 391 395 812 869 1040 1364 1535 1859 2080 2678 2578 2324 2218 2120 
1904: 2403 490 596 2610 2200 2264 748 2421 1106 595 148 2684 985 856 926 37 317 510 1861 1998 751 407 630 2776 667 1080 89 91 2171 406 466 296 26 44 74 93 597 598 698 805 1287 1590 2673 2515 2476 2497 2292 
2033: 2403 2610 1160 877 1756 1755 1884 1997 2606 2102 2125 1899 440 827 1148 1498 421 1905 1142 1147 1149 2370 383 1680 1298 2207 1466 2444 2342 1844 2248 2044 134 1794 2318 2451 2454 1180 2347 576 2667 1358 1694 1758 1921 1967 2053 122 141 385 425 2766 899 1179 54 468 854 513 40 1757 1641 1685 155 83 114 123 192 203 382 482 534 563 575 782 792 862 950 1042 1062 1089 1094 1097 1247 1467 1468 1510 1662 1684 1739 1845 1846 1850 1931 1966 2001 2002 2664 2182 2481 2516 2035 2611 2105 
2044: 2403 596 2060 696 184 241 258 399 471 2655 636 2264 748 2285 2421 2025 2028 1108 1564 1570 2606 1106 595 242 126 213 803 827 832 926 933 945 947 1099 1176 1361 1372 1433 1753 2033 421 2177 2725 1656 37 1142 288 2334 1979 1998 2150 751 1909 639 2742 351 13 529 1181 1214 1482 1601 79 89 91 99 130 170 173 181 198 202 286 296 347 394 466 480 497 505 531 533 576 585 597 598 605 666 667 669 699 711 713 894 956 960 1000 1004 1071 1092 1126 1127 1140 1143 1175 1224 1263 1274 1281 1313 1339 1415 1427 1511 1538 1547 1548 1551 1637 1644 1703 1751 1785 1848 1852 1921 1929 1975 1980 2003 2283 2193 2198 2209 2212 2747 2779 2202 2300 2171 2318 2324 2442 2418 2361 2450 2469 2497 2054 2582 2609 2650 
2047: 2403 95 184 2200 1737 1242 2264 748 2285 1282 1945 2025 2028 213 733 933 945 1361 1372 2177 1656 2207 529 1214 134 2715 938 1240 1241 1694 1734 89 531 347 2650 543 2324 1110 2515 182 357 438 669 963 1174 1257 1528 1632 2654 2651 
2081: 2403 550 1503 718 1809 14 86 180 545 75 601 2729 1004 1210 1734 26 64 82 185 253 633 673 899 956 1206 1213 1497 1760 1784 1828 1983 2019 2397 2187 2705 2475 2135 
2120: 2403 241 462 2655 748 2137 27 352 947 1862 107 407 351 529 402 2318 2663 1415 1785 2050 64 2118 2199 495 531 524 2766 2658 899 766 161 2322 243 1578 221 356 362 498 605 955 1092 1118 1152 1596 2126 
2166: 2403 2655 879 933 945 1656 312 318 1998 2175 1469 2636 2135 202 2479 1636 2394 2204 2290 669 1880 1381 
2168: 2403 2702 241 344 435 471 515 877 1215 2285 2381 1884 1997 998 1570 1574 2606 2102 1106 2137 265 2167 1868 27 718 945 1559 1753 414 1182 288 2334 1979 383 1312 1625 407 1104 529 151 940 2506 402 1601 1180 1093 1241 1281 1363 1422 2482 1671 1736 1758 1785 2050 2199 304 320 2371 2376 384 516 580 2788 1191 1373 460 1054 2289 899 2757 468 1194 2315 2479 1608 1100 52 67 116 130 185 214 290 295 303 348 382 458 475 506 552 585 591 594 641 650 655 821 848 860 863 895 955 963 989 1064 1135 1157 1244 1249 1283 1305 1313 1379 1412 1492 1507 1554 1711 1754 1784 1836 1851 1975 1980 2015 2017 2018 2034 2143 2161 2657 2662 2671 2182 2186 2211 2722 2666 2227 2740 2762 2253 2507 2296 2314 2397 2445 2430 2459 2735 
2182: 2403 2060 2610 1160 1203 2264 748 2285 1282 2409 2421 2606 595 148 265 1067 2684 985 487 803 933 947 967 1037 1498 1713 2033 2168 1656 1142 1998 2386 1555 1561 892 1844 2347 576 885 1093 1785 1921 403 2650 528 1644 161 678 2459 480 543 1641 1691 1255 155 2035 1703 1034 2308 1633 1089 110 1506 797 1369 1383 1854 2246 
2240: 2403 2610 184 1242 550 1884 1945 733 827 1515 2387 178 1502 1606 2444 1464 1694 2008 2442 500 524 2065 2757 2323 894 2070 188 552 2671 1501 77 409 1704 942 244 457 741 900 1304 1624 1770 2259 
2283: 2403 2610 1160 2285 832 933 1019 1148 1361 2044 2177 37 1149 178 927 1274 1281 347 202 157 188 427 711 1085 1238 1528 1632 2143 
2290: 2403 596 241 877 1737 1752 2381 2433 1474 1026 1574 2137 281 718 733 803 879 945 1037 1372 1433 1811 2166 1656 1500 1502 1585 2589 1494 1606 1340 662 996 1091 1321 405 1825 1883 1956 1967 2003 2008 82 2138 173 327 400 2491 531 2627 1294 533 479 2558 903 347 899 1179 871 2637 1882 597 1538 2070 96 800 805 2514 203 336 2001 1058 477 788 1163 1223 1532 2181 2695 
2355: 2403 2610 184 258 2409 1106 440 832 1705 5 1796 2207 1466 1502 35 1143 1501 2008 2174 
2725: 2403 490 596 2610 696 184 241 344 471 515 547 2067 2200 1737 1752 2264 748 2285 2409 2421 1936 1945 998 2025 2028 1108 2063 1564 1570 1106 595 777 2092 27 126 213 718 803 856 926 933 945 947 1037 1099 1176 1372 1433 1728 2044 14 2 421 37 60 89 91 103 105 141 173 180 181 198 288 296 322 325 372 403 405 466 482 497 529 530 531 533 535 546 561 567 576 598 600 601 637 666 667 670 678 699 713 722 738 779 786 814 860 887 888 899 930 956 960 1004 1009 1012 1022 1039 1071 1072 1091 1092 1093 1104 1118 1126 1142 1143 1175 1182 1197 1214 1224 1255 1257 1269 1297 1305 1358 1375 1388 1389 1392 1396 1444 1482 1511 1512 1538 1548 1551 1572 1591 1621 1626 1637 1644 1656 1685 1691 1727 1775 1785 1843 1848 1854 1855 1921 1923 1963 1966 1967 1975 1979 1980 1984 1998 2032 2075 2108 2139 2174 2187 2191 2192 2198 2202 2209 2211 2215 2232 2279 2288 2289 2297 2299 2300 2308 2318 2331 2334 2349 2418 2442 2459 2466 2471 2488 2493 2497 2504 2512 2515 2584 2589 2591 2600 2604 2609 2616 2694 2752 2747 2793 
2414: 2403 184 2655 2264 1884 1106 829 1861 383 178 1502 525 407 2175 1794 405 2138 2276 406 1649 1179 756 2323 2464 2565 188 2002 1313 1501 203 2001 409 942 1097 2556 
2423: 2403 840 1375 426 2597 
2438: 2403 344 550 2684 487 414 1182 1785 2050 2066 1608 40 1092 130 1046 1853 2779 2612 
2442: 2403 596 696 471 748 2285 2409 2421 2025 2028 1108 1564 2606 1106 595 242 2684 2092 213 346 718 770 803 856 933 945 1037 1176 1811 2044 2240 2725 14 421 37 2334 1998 2150 751 2742 420 2589 1259 407 1181 1844 1482 465 1180 699 601 666 731 786 1004 1011 1141 1143 1268 1269 154 2030 2066 64 89 91 103 2331 364 28 129 146 162 181 280 296 325 403 411 466 530 561 600 797 913 958 960 1000 1039 1126 1175 1197 1234 1257 1294 1348 1389 1409 1538 1621 1632 1637 1644 1674 1703 1828 1918 1932 1984 2032 2075 2192 2203 2209 2279 2325 2391 2741 2758 2590 2604 2488 2493 2533 2558 
2710: 2403 241 1142 881 1740 
2458: 2403 1160 877 1884 893 1574 2137 718 1148 1425 1811 1656 1142 228 751 383 1502 1158 529 940 2506 2140 2729 721 1091 1139 1144 1205 2450 1640 1788 2162 2193 2199 285 286 2371 533 198 2766 1263 899 2756 845 200 766 1344 1076 1608 1105 161 2322 1843 2459 2638 2747 1388 1092 760 1501 540 1539 2551 2090 2446 2038 290 1079 1784 530 816 869 932 955 1096 1427 1429 1554 2217 2221 2293 2328 2340 2472 2580 2598 
2533: 2403 1639 2060 1752 1884 1945 1474 2025 2028 1894 1701 832 926 933 1361 1372 1433 1498 1728 2442 1142 751 2207 180 465 2785 1013 2206 601 2715 2729 1268 1269 2331 2560 561 18 198 362 372 382 423 609 750 760 942 960 1009 1034 1071 1179 1304 1327 1364 1478 1490 1551 1727 1819 1852 1873 1900 1947 2001 2013 2135 2215 2229 2300 2324 2616 2682 2674 
2590: 2403 696 2264 748 1474 1997 1574 2125 1106 148 2092 126 832 947 1176 1372 1809 2442 14 2177 1656 37 1142 2334 2386 180 407 2552 437 1340 68 706 436 583 2248 717 2318 601 2771 1143 1626 154 2030 495 26 120 129 143 181 325 336 347 438 497 921 941 1175 1417 1419 1650 1984 2211 2308 2324 2391 2488 2493 
2650: 2403 490 2060 694 2610 258 470 515 547 636 2067 2200 877 2736 1737 748 2285 550 1282 1884 2421 893 1945 2025 2028 2069 1574 2125 1106 1894 2167 1701 27 352 440 827 832 1037 1310 1372 1374 2044 2047 2182 1656 377 1142 1861 228 639 1166 1680 1312 86 616 1104 1664 529 802 940 1844 402 1332 1601 1794 2667 638 662 2733 885 1093 1141 1205 1210 1274 1275 1404 2450 2112 2482 1638 1640 1785 1831 1892 48 2162 2180 2189 218 2276 2319 2353 2413 2436 2473 2487 2557 516 2558 2249 22 40 130 185 223 349 356 379 463 486 498 572 591 624 627 668 675 676 720 750 760 776 805 824 845 869 882 894 955 960 980 1009 1038 1056 1079 1087 1098 1122 1262 1284 1295 1314 1322 1369 1427 1451 1484 1672 1763 1782 1807 1817 1873 1885 1893 1895 1971 1985 2034 2109 2143 2161 2186 2194 2223 2230 2244 2247 2453 2500 2510 2512 2528 2601 2705 2734 2752 2789 2696 
3: 1639 696 2285 2375 1106 148 2684 985 582 926 990 1148 1656 233 1260 2412 2031 1905 1142 1147 1533 511 512 1149 642 2049 2437 783 158 414 1182 288 2042 2334 839 311 312 314 102 317 318 1979 1343 69 510 2370 1861 712 1567 1998 1696 101 228 
198: 1639 596 2060 471 636 877 2736 1737 1752 2264 748 1282 2421 1945 2025 2028 770 803 832 926 933 1176 1359 1361 1372 1433 1818 2044 2725 2458 2533 2177 1656 1142 1861 1998 2207 1181 2342 1469 2785 402 2206 1603 1332 134 2059 2451 2715 2733 722 1093 1143 1274 1281 1404 1671 2054 2517 18 1852 2300 236 2616 57 110 123 124 181 2158 2698 2324 2209 2734 1731 202 1258 2789 1291 1304 2339 838 1843 336 1875 347 1378 361 362 2411 1396 1907 894 896 1085 1442 1459 2493 1478 1506 995 1525 1034 2578 543 1079 2614 
383: 1639 241 344 422 636 1756 748 749 1755 1884 2409 1945 1997 1503 998 2025 1558 1574 2606 2102 1106 217 1894 2167 281 440 718 733 829 832 1133 1148 1310 1374 1433 1515 1559 1728 1753 1862 2033 2168 2414 2458 2177 723 2031 1905 1142 1147 1149 2334 102 1861 228 2386 5 751 245 1909 1146 13 39 54 67 68 83 88 110 134 151 171 188 202 218 267 270 308 322 327 336 381 382 2144 1123 613 2153 2664 1649 2674 1383 2172 1664 647 2690 2693 2151 1680 2193 1684 2195 1179 1304 2213 681 2728 1720 892 2776 1764 2287 1795 2525 1288 639 782 2316 2318 2175 1312 1491 2342 605 1844 1845 2361 2605 1373 1883 1379 1893 881 1919 1921 1412 1087 402 404 406 2450 927 1772 418 419 1443 2464 921 575 2479 1971 1469 1985 756 468 2001 1495 798 2516 475 477 1501 1502 483 2526 420 1509 591 2143 1025 425 1685 518 525 2059 2578 2556 2584 2085 2087 564 1079 2616 1601 1606 1607 1609 2634 2138 1633 
392: 1639 184 1069 2137 1861 407 2785 405 406 609 1873 203 1257 2250 1238 2148 1740 
411: 1639 2610 2200 877 1215 748 2382 2421 265 2092 281 733 2442 2334 318 1998 1259 1214 85 2733 786 1075 1143 1598 2008 2505 2332 1179 181 1980 543 2209 1637 1814 1923 53 410 2411 1008 643 2304 1957 1328 1200 776 1226 847 1486 2440 2774 1248 
420: 1639 2060 694 95 422 435 644 877 1756 1755 1884 2433 1945 2025 1558 1026 1570 1574 2606 148 281 440 827 945 1515 1559 2442 383 421 377 1533 288 228 245 1909 1146 1298 1555 1561 178 2605 1502 7 49 54 67 182 200 270 327 402 403 408 418 1640 1649 2161 635 2318 2683 2175 531 2184 653 1169 1180 1181 2713 1389 1195 2234 2446 715 1757 1250 1793 1794 1288 2315 1817 1836 2347 1844 1851 478 845 821 1369 1590 2411 1923 1924 1664 2326 1438 935 425 2482 2512 1501 480 2017 1509 1025 1028 1549 529 1573 567 2101 1081 1086 1601 2623 1093 1095 2647 
609: 1639 184 547 636 2751 1752 1945 2025 2028 2063 1069 658 733 2533 392 1861 1259 2785 638 885 2008 286 2413 400 1852 2300 25 28 137 186 188 222 370 382 451 555 2271 675 2148 1975 1954 2164 1528 2298 637 1548 913 660 2577 1305 1836 1304 2465 1318 1833 2089 1327 2730 1593 698 1980 1076 847 1489 1873 2397 1255 1442 1377 
688: 1639 696 1752 1474 1108 777 126 933 947 1099 1372 1809 1656 37 1142 2589 407 779 666 667 2398 1626 2030 466 600 1294 296 956 79 347 120 1637 203 1650 2418 1814 921 2391 2493 1984 1111 
811: 1639 2025 2028 856 421 1142 2206 1304 362 2411 413 1009 2580 2735 1698 2148 1271 1484 
942: 1639 2655 636 2285 1945 1997 1106 595 217 718 733 933 1361 1372 1374 2240 2414 2533 751 525 761 2552 2444 437 706 436 583 2248 717 1301 2059 2451 1300 1638 1694 1848 2008 2361 1852 2300 2757 2045 2323 77 409 1704 267 891 1932 2287 1779 1926 1927 2184 1930 1806 1296 1302 2072 1695 1304 1953 2085 2478 1929 1624 1931 1876 
965: 1639 696 422 748 2421 213 945 1361 50 529 1469 1598 425 531 166 1311 
1009: 1639 2610 2743 748 1282 1884 2421 1474 945 2725 2533 2650 811 1861 2506 1720 2199 1255 1873 855 374 2727 1828 1304 2391 2411 214 1230 776 1271 1484 2132 
1115: 1639 2610 2025 2028 832 2615 1256 2148 
1271: 1639 2025 2028 1425 811 1009 421 1861 1502 1786 2206 2600 1304 705 2411 413 2580 2735 1484 1820 2148 1698 
1274: 1639 2736 2082 2285 1755 1997 2025 2028 1106 242 265 440 832 1277 1372 2044 2283 2650 198 14 1861 1909 2207 1466 1502 1601 2451 601 2733 294 327 756 819 894 1179 1258 2138 1649 1650 1525 2300 1538 1412 2648 2066 2323 2509 1320 1327 2734 2615 2493 2001 2002 1501 
1301: 1639 2610 636 1945 2606 1106 733 770 829 1515 1713 942 1533 11 178 1502 525 1469 91 110 267 280 286 405 408 444 477 565 605 830 1179 1300 2138 1509 1932 1649 1779 2728 2509 1926 1927 1929 1930 1422 1806 1684 2066 1302 1304 2204 2059 1501 1953 2001 1695 2478 2391 2366 1739 1418 1679 2184 1876 2008 1931 2525 
1302: 1639 184 636 1945 1106 942 1301 525 2059 1300 1855 531 1649 1179 188 1095 800 782 1304 1932 488 878 2478 2181 1931 267 891 1779 2672 1926 1927 2184 1930 1806 1953 2072 1576 1695 1929 1876 2484 
1304: 1639 490 596 694 471 636 1752 1884 1945 1069 1106 985 1019 1359 1361 1433 1753 2240 2533 198 383 609 811 942 1009 1271 1301 1302 1142 1861 2785 2206 1332 2059 1852 2300 1873 1419 94 2789 1256 1258 2148 1528 1617 1806 1695 1327 2734 1484 1991 1632 
1332: 1639 2610 2655 2200 2736 1752 1756 748 1945 998 2606 1106 595 827 1433 2650 198 1304 14 421 1142 1149 1861 12 1312 407 529 1181 2785 2206 531 597 750 805 896 959 999 1327 1910 1873 1924 2057 2187 1551 1552 2362 2620 2515 
1415: 1639 2610 749 2421 2137 148 933 1372 2044 2120 14 2175 731 24 26 28 204 221 533 1353 2070 2747 2648 
1484: 1639 2025 2028 2650 811 1009 1271 1304 421 1142 1861 1502 2785 402 2206 2318 2139 1924 362 1327 2411 413 2580 817 2735 2620 2148 1698 
1506: 1639 2610 258 748 749 1106 2684 926 1433 2182 198 1147 1998 751 381 1625 107 802 2785 1093 2788 914 524 2616 2139 2459 2035 2467 1014 207 708 
1528: 1639 596 877 2736 1737 748 2082 1884 1945 1950 1474 2025 2028 745 770 829 933 1037 1359 1372 2047 2283 609 1304 1656 1502 2785 2206 784 1609 2066 769 1840 2032 1873 2493 1419 800 801 1830 1501 336 1491 2211 2767 111 182 210 280 362 634 791 1006 1252 2304 2651 1645 2734 2233 2109 1632 2460 
2400: 1639 1945 2606 1106 126 1861 245 529 2450 294 531 1429 1991 2239 2730 
2148: 1639 636 749 1945 2025 2028 1069 392 609 811 1115 1271 1304 1484 1861 2280 2459 551 1635 
2785: 1639 2060 515 2200 2753 1752 749 2082 1282 1884 893 1945 998 2025 2028 2606 1106 1114 148 217 281 352 803 832 926 990 1309 1361 1374 1543 1809 2533 198 392 609 1304 1332 1484 1506 1528 2177 642 1998 751 1909 12 1298 1561 1502 381 2175 1214 717 24 382 391 410 491 500 726 750 758 760 868 875 914 974 1013 1075 1092 1144 1165 1187 1265 1319 1327 1344 1382 1414 1445 1463 1478 1541 1584 1601 1632 1641 1671 1735 1781 1850 1852 1873 1875 1911 1912 1931 2021 2041 2114 2138 2196 2206 2223 2298 2300 2324 2331 2347 2455 2580 2615 2616 
2279: 1639 596 696 636 2067 748 749 2082 1884 2409 1997 1108 1564 1106 777 2092 827 898 945 1148 1361 1372 1728 1818 2725 2442 2177 1656 1147 1149 2334 1909 178 2742 1585 787 2589 1794 779 927 601 2659 744 1093 2398 1781 1848 1855 2030 88 103 176 403 600 2648 1727 347 1039 2748 1637 2747 1255 2032 1808 960 2515 1538 1621 546 2603 2604 1419 2671 1501 2197 83 1984 477 1412 325 605 878 921 1193 1197 1257 1389 1492 1544 1552 1604 1684 1699 1932 2075 2192 2211 2691 2758 2488 2618 
2758: 1639 696 435 1737 1752 1474 2025 2028 1108 777 2092 213 898 933 945 947 1361 1372 1728 1818 2442 2279 2334 1585 85 1794 779 2659 1093 2398 1848 1855 2030 103 403 600 2648 1727 1039 2459 1637 2032 1808 1349 960 2493 1538 546 2603 1747 374 2418 540 182 325 438 738 1193 1197 1389 1492 1544 1604 2075 2192 2211 2391 2488 
2300: 1639 1737 2285 1282 1884 1945 1474 2025 2028 242 832 926 933 1037 1359 1361 1372 1433 2044 2725 2533 198 609 942 1274 1304 2785 1656 2386 751 2207 1013 2059 2728 2715 1942 2331 18 1852 362 423 750 760 894 1034 1085 1327 1478 1873 1947 2135 2229 2661 2616 2618 2324 
1671: 1639 258 2655 2200 877 1203 1756 1755 1884 1385 893 2069 2137 242 901 2092 352 440 718 803 1433 2168 198 2785 14 1905 1533 311 318 1861 2175 529 2506 2140 2318 977 885 1093 1320 2482 44 67 78 82 155 173 323 355 380 441 466 531 543 559 650 782 801 823 845 864 873 878 880 894 943 1070 1092 1179 1192 1213 1285 1330 1344 1355 1419 1602 2665 2572 2189 1681 1689 2209 2211 2658 2747 2752 2276 2315 2331 2339 2378 2646 2440 2464 2491 1985 2507 2516 2483 2556 2565 2566 2567 2568 2569 2570 2571 2573 2577 2103 
2059: 1639 636 1752 748 2082 1884 1945 2606 1106 718 745 926 1148 1374 1433 198 383 942 1301 1302 1304 2300 1147 1343 1998 1146 639 1298 892 525 2552 1664 13 437 706 436 583 2248 717 1794 88 173 267 308 463 492 597 613 891 950 1007 1025 1300 1346 1438 1509 1591 1607 1612 1638 1695 1750 1760 1779 1806 1876 1900 1926 1927 1929 1930 1932 1953 1985 2690 2184 2276 2323 2361 2378 2413 2443 2452 2464 2478 2497 2515 2525 2072 2085 
1806: 1639 636 1945 1106 217 926 942 1301 1302 1304 2059 525 1300 1932 2478 1926 267 891 1695 1779 1927 2184 1930 1953 1876 1929 
2488: 1639 596 2610 696 2082 1108 1564 1106 777 2092 856 898 945 1176 1361 1372 1498 1728 1818 2725 2442 2590 2279 2758 1656 2334 228 1466 1585 2589 1794 779 601 2659 663 2398 1848 1855 2020 2030 103 403 600 1727 347 1039 2209 1637 1175 2747 2032 1808 1814 960 1538 1621 546 2603 2604 2001 1984 2211 325 1389 1257 1492 2192 2075 1193 1197 1604 958 1101 1155 1544 1650 1660 2133 2461 
1695: 1639 636 1884 1945 1106 718 1374 1433 942 1301 1302 1304 2059 1806 1533 1298 525 436 402 527 927 731 1300 2525 492 1978 1092 1750 1412 1932 1318 2478 2612 1926 267 1779 891 1927 2184 1930 1007 2443 1953 1929 1876 
2206: 1639 2060 515 2200 877 2751 1752 749 2285 1884 1945 2025 2028 1106 1114 803 926 2533 198 811 1271 1304 1332 1484 1528 2785 751 1909 12 1561 1502 381 529 98 129 181 372 410 500 801 894 914 921 1075 1118 1313 1327 1501 1601 1608 1659 1684 1735 1831 1852 1873 1910 1971 2066 2114 2616 2733 2623 2223 2580 2615 2609 
2207: 1639 596 1074 2200 1752 2285 1884 1945 1564 1106 213 281 440 733 829 1277 1433 1498 2033 2047 2355 2533 198 1274 2300 1656 1533 642 1979 5 1909 639 1796 93 171 173 362 403 530 531 579 637 704 763 791 817 899 937 941 992 1057 1065 1091 1092 1105 1110 1122 1230 1255 1258 1313 1329 1368 1379 1412 1462 1486 1494 1501 1502 1588 1607 1660 1674 1699 1785 1790 1838 1844 1852 1873 1939 1947 1963 1971 1978 2066 2673 2218 2223 2776 2292 2371 2418 2786 2478 2492 2528 2550 2589 
1844: 1639 2610 138 636 1752 1756 748 1755 1884 2421 1945 1997 2606 2102 2125 1307 27 440 745 827 832 1148 1309 1310 1713 2033 2182 2442 2650 383 420 2207 421 1142 1147 1149 288 2150 751 11 1680 1466 2742 1502 381 525 1664 2175 529 151 2342 26 83 110 114 123 134 137 139 143 157 173 181 188 280 327 360 374 382 402 404 418 425 461 468 477 518 531 541 575 578 593 699 708 744 862 881 1062 1092 1140 1164 1179 1211 1214 1262 1281 1308 1325 1368 1379 1462 1467 1509 1510 1525 1554 1578 1583 1601 1629 1651 1659 1684 1722 1757 1785 1794 1808 2186 2713 2664 2726 2740 2331 2163 2776 2507 2292 2299 2302 2318 2322 2341 2347 2034 2352 1846 1882 1883 1931 2430 1921 2434 1929 2441 2788 2282 1958 1963 2481 2506 2001 2002 2004 2516 2526 2527 2035 2557 2559 2214 2136 2611 2105 2638 2138 2140 
2484: 1639 2610 1302 638 1300 1949 1917 2673 1478 1327 1926 
1975: 1639 184 2285 1564 1570 213 926 947 1099 1361 2044 2168 2725 609 288 2334 1979 529 1214 666 2729 938 2482 1785 89 173 531 533 2198 1191 845 1980 497 1092 1548 635 2275 2536 2202 1224 828 713 323 705 1311 1525 
1852: 1639 1752 1282 1884 1945 1474 2025 2028 1894 926 1433 2044 2533 198 609 942 1304 2785 2300 2206 2207 2177 1905 512 751 1340 1013 1794 2715 1588 2036 2331 439 18 315 362 374 382 484 669 750 760 882 894 1173 1327 1478 2087 2616 2362 1873 2324 
1861: 1639 596 2060 471 877 2736 1737 1752 748 1884 2409 2421 1945 2025 2028 1069 2606 1106 595 148 217 1894 2684 985 213 352 745 832 856 926 1037 1277 1309 1372 1433 1904 2414 2650 3 198 383 392 609 1009 1271 1274 1304 1332 1484 2400 2148 1671 318 48 89 91 155 166 214 235 294 296 310 315 382 406 407 409 413 439 453 466 500 535 597 598 637 667 698 699 708 751 801 802 805 819 824 833 882 1013 1014 1056 1080 1085 1258 1295 1313 1314 1318 1320 1355 1417 1434 1438 1478 1485 1502 1525 1557 1638 1640 1645 1649 1673 1699 1830 1831 1838 1850 2670 2672 2673 2676 2578 2239 2726 2730 2733 2734 2735 2229 2230 2742 2238 2776 2779 2292 2425 1892 1893 2411 2415 1910 2431 1924 2462 2467 1980 1991 2512 2515 2008 2550 2041 2064 2580 2132 2103 2486 2109 2622 2118 
1843: 1639 241 1177 877 748 2409 1945 1574 27 718 803 933 1372 1433 1809 2725 2458 198 421 2412 245 86 107 1158 940 2482 1694 1758 2371 956 780 2660 845 2705 161 92 214 282 598 793 833 860 894 932 1016 1042 1116 1261 1511 1539 1810 2158 2221 2209 2619 2446 2328 2789 
1991: 1639 2028 1304 2400 1861 510 2776 2733 1011 1336 439 128 800 805 418 
1873: 1639 696 877 1282 1945 1474 2025 2028 1106 832 926 1361 2533 2650 392 609 1009 1304 1332 1528 2785 2300 2206 2207 1852 421 37 1466 529 638 2131 1263 1076 2324 362 692 1258 1283 1327 1478 2344 2223 1984 2013 
2673: 1639 596 595 926 1904 2207 2484 1861 407 2776 638 667 1080 89 91 406 466 296 2676 2515 597 598 805 1917 2292 315 698 1478 1932 
37: 490 596 694 696 138 184 1737 748 2082 2285 2421 1108 1564 595 2137 265 777 2092 213 281 733 803 832 898 945 990 1176 1433 1496 1728 1862 1904 2044 2283 2725 2442 2590 688 1873 2 421 2380 12 105 1637 2659 2570 1135 1649 2232 630 1297 2676 128 1661 2589 2699 1685 1175 666 1179 1691 2209 173 2215 1061 699 1213 1727 2747 372 2756 1110 288 2257 1751 1825 1255 237 2284 1266 2032 761 1786 767 1287 779 1808 2323 796 2331 2334 1814 296 297 1321 1833 1071 814 561 1848 320 1349 2378 1871 855 860 2398 1892 872 873 1388 1392 1905 377 1403 894 2427 899 1428 1938 1939 155 2466 425 2475 667 957 960 2493 1985 1986 455 2501 466 980 2515 2522 2525 597 2020 1512 2464 497 2030 1011 1012 1538 2565 2566 2567 2568 2569 1551 2571 2572 2573 531 533 1621 2070 2582 664 546 2591 1065 943 2135 51 2603 2604 1588 2609 1591 1091 1092 1279 2627 529 86 2637 89 598 91 600 1548 1626 2138 1118 2140 188 
75: 490 1074 877 1884 893 998 2125 213 440 945 1148 2081 14 1905 1146 11 1166 1680 1312 1466 381 86 180 407 2175 151 2140 52 360 2124 722 848 756 1144 999 894 513 769 389 656 405 406 1689 798 425 1682 794 305 1081 572 959 1344 1345 1346 2242 203 2244 1105 2002 
86: 490 344 636 1668 1177 2200 2264 749 1282 1884 2409 2069 1026 2606 2102 1106 595 199 217 1894 1899 213 718 898 945 1148 1713 1809 2081 2650 1843 37 75 2177 1905 1149 1182 317 318 5 751 12 8 26 74 83 107 1640 110 625 630 2171 2681 2691 655 2194 664 1688 1178 1180 1181 451 2729 180 1210 1211 2237 2591 1539 203 1736 2759 1240 224 739 2276 2790 760 761 1791 1284 1285 2311 2319 798 802 1827 2347 1329 347 2398 1379 1892 2406 364 1911 384 916 405 2449 407 1441 1961 1093 1967 1969 1606 1469 962 453 974 2506 977 2515 475 2522 1002 1022 1038 529 122 1052 1565 2585 1571 1572 2087 1076 1589 572 1085 1601 2114 2627 597 
142: 490 694 636 2200 1037 1543 2788 479 1297 2070 1548 563 1226 2767 1563 
292: 490 2610 2028 803 800 801 1103 1910 
323: 490 694 2606 281 1671 1975 421 1656 1259 1212 1865 2054 2413 2480 2385 1549 2275 2536 1237 1775 1501 1633 298 119 622 1658 1660 2172 1154 2055 1174 2453 2239 1318 456 2764 984 1676 2778 
347: 490 696 2655 2200 1945 1474 2606 901 2092 281 440 770 829 933 1099 1728 1818 2044 2047 2283 2290 2590 198 688 2279 2488 86 1656 1260 288 2334 1502 1585 381 107 180 761 2248 402 1794 779 1011 2398 1141 1266 1626 1848 2008 2030 286 2550 2609 2617 600 1294 2332 956 20 28 113 161 202 247 345 1637 620 1808 2170 1662 2687 2696 960 2192 2705 1188 2211 2212 1197 2237 708 714 1741 1751 633 1279 637 2310 1293 1297 2325 801 1833 1071 1923 1847 1860 2391 1389 880 372 2418 380 1409 899 1412 1924 906 2464 669 2493 1984 2032 2514 1501 483 1518 2040 2075 1538 1035 1551 538 543 2087 563 2103 1111 1632 
402: 490 2655 2200 877 1745 1752 1756 1755 2381 1884 1385 893 1945 998 1574 2606 1106 1894 2167 27 718 733 827 933 1019 1099 1148 1310 1374 1433 2120 2168 2650 198 383 420 1484 1695 1844 347 2177 1656 1533 1149 288 1998 751 245 1909 1146 12 1680 1555 178 1466 1502 836 525 2552 2175 1158 1606 529 2342 706 717 2506 2302 33 59 83 110 112 123 134 141 182 183 218 261 324 325 327 382 2144 1638 1640 2158 1649 1652 2674 1660 1152 1165 1684 2706 2708 1179 1180 966 699 541 708 2330 711 1754 1757 2776 1770 1264 1658 757 760 1275 2299 1794 1294 2318 1921 2341 531 2347 1850 1856 2527 1917 1919 899 1417 1418 1931 1422 406 1432 2461 2452 1449 1263 2473 1689 2115 442 959 670 457 2504 2507 1184 2002 2514 2005 477 2292 996 1509 999 499 2041 509 1022 2557 2558 1028 524 1550 528 2728 551 2088 1071 1076 1601 1095 601 605 2143 
421: 490 596 2702 694 2610 184 344 2655 2149 636 2200 1752 748 2285 2381 2409 1108 1558 1564 1026 1574 2102 1106 595 2167 901 777 1988 213 281 352 718 733 745 832 945 947 990 1037 1433 1811 1862 2033 2044 2725 2442 420 811 1271 1332 1484 1844 1843 1873 37 323 2 33 44 48 51 53 70 89 91 128 155 157 173 180 188 237 266 288 296 320 372 382 395 407 1637 2658 1551 2666 1649 1650 2232 630 1655 1147 1149 1554 2180 2181 855 2193 1685 2238 666 667 1691 2720 1191 1180 2215 2728 1538 2733 699 1479 1213 2584 2747 1729 2756 2331 1142 1057 2589 1255 751 2032 760 761 1319 2627 1279 894 1802 1808 1298 1305 1580 2514 2175 801 2334 2543 1829 1833 1836 2347 1846 561 1848 1850 839 1357 2378 2385 2391 1882 2398 868 1998 1388 1392 2413 1397 1911 1406 899 1855 1428 2453 1175 1346 2497 2464 495 1958 943 1456 2709 2456 2487 2571 957 960 2493 1751 1985 1986 1990 2506 1938 466 980 981 1495 2515 1313 2522 2525 485 1344 2020 1512 1785 497 2030 1011 1012 2040 425 1539 1363 2561 2566 2567 2569 2570 2572 2573 1044 533 1822 535 1561 538 543 546 2591 1065 1578 557 2603 2609 1591 569 860 575 2138 2620 1091 1092 1093 1118 2116 529 2604 2565 779 597 1110 600 601 2647 606 2568 1632 598 
488: 490 2702 140 435 547 636 2200 877 1756 2082 1755 2025 2028 217 945 1037 1302 723 783 414 407 405 406 486 2289 203 284 1918 319 1257 
740: 490 694 2610 258 2715 329 482 640 1031 1642 2238 
1892: 490 1668 1160 2200 2736 1752 1756 748 1755 1884 893 1945 2025 2028 2606 2125 352 827 832 856 1309 1310 2650 1861 37 86 14 317 228 1166 1312 351 1601 1794 2347 576 667 2733 885 1205 2450 1640 1736 1758 1831 1848 48 218 285 575 676 720 760 824 858 991 1079 1295 1366 1596 1757 2436 2551 1999 2174 2180 2194 2719 2218 2034 2238 1895 2500 2734 2249 2512 
1261: 490 694 2610 1203 1936 213 803 945 1843 1962 721 1187 1219 1649 1086 2017 1871 223 656 876 1563 1200 329 554 2156 1468 2238 
1468: 490 694 1203 550 947 1310 2033 1261 288 2506 1187 286 1757 1871 980 2275 319 2524 1200 2368 1451 1617 554 329 365 1262 2238 
1524: 490 1581 2060 2610 877 856 967 2412 1786 784 405 2487 485 367 899 2747 1092 2005 2527 509 782 2577 2578 1954 781 386 1587 2752 1230 1016 1163 
1318: 490 2610 148 945 1361 609 1695 1861 323 1260 2031 642 2449 1212 1241 1358 1464 1825 1865 439 923 1689 2187 2577 2578 166 534 622 978 1163 
1871: 490 596 694 547 1203 901 37 1261 1468 1502 1585 784 2600 2332 2788 2198 524 155 329 365 554 972 1111 1200 1285 2308 2238 2587 
2742: 490 1177 1752 998 1108 1106 281 440 827 1148 2044 2442 2279 1844 1861 1147 1149 288 2334 712 5 1146 639 1555 1962 178 2605 33 79 93 173 327 441 474 475 477 479 531 533 543 563 667 719 730 885 959 996 999 1060 1091 1092 1098 1297 1346 1390 1412 1502 1548 1748 1794 1799 2696 2705 2788 2748 2747 
2297: 490 2610 1936 213 2725 2042 407 1281 2198 637 2094 133 555 797 1486 1628 1784 
516: 490 2610 241 1177 1242 2421 1558 1574 2125 2137 2167 27 947 1148 1559 1728 1753 2168 2650 14 1147 712 107 351 1447 1240 1241 1375 70 161 480 1764 2658 720 1191 1791 2186 2045 1188 1957 2344 1118 2756 845 2638 1079 
1363: 490 2702 2610 241 422 877 1215 2754 1752 1756 2285 2433 1558 1564 1570 1574 242 901 590 733 945 947 990 1498 1811 2168 421 14 2380 2334 2175 529 2140 1601 2347 674 1091 36 79 82 171 173 243 264 303 316 380 478 480 497 519 531 552 575 635 653 828 845 899 948 953 955 1027 1028 1029 1092 1096 1118 1191 1644 2157 1650 2170 2687 1677 1727 2747 2756 2766 2260 1757 2778 2306 2315 2321 2322 1817 1833 1388 1392 1406 1407 1435 2623 2482 2483 2793 1977 1980 1480 2515 2008 2017 2018 2535 1518 1522 1549 2086 1578 2095 1591 2105 1629 1608 2647 
1158: 490 2655 2753 1385 893 1936 998 1570 1106 242 901 590 718 1425 1753 2458 1843 402 2177 1142 2042 11 107 935 525 761 2175 24 26 28 58 82 89 98 139 161 173 200 296 436 463 466 478 480 484 513 524 529 531 533 635 660 667 752 763 848 860 881 899 999 1000 1021 1092 1111 1137 1650 2169 2170 2187 2194 2195 2705 2706 1689 1205 2229 2747 2244 1731 2752 1734 1224 2273 1263 1284 2342 1836 1838 1329 1928 2389 1888 1396 2193 1173 2450 1980 2502 2506 2515 1505 2041 2054 1578 2089 1590 2629 1548 1549 
524: 490 596 1581 2060 97 241 344 2149 636 1160 2067 877 1215 749 2285 2381 2382 2433 2499 1503 998 1108 2606 2102 595 148 1894 2684 27 803 926 945 1705 2120 2240 1506 402 1871 1158 707 2177 1656 1142 2049 1182 2334 1998 2150 363 107 351 1606 529 1181 545 1482 2640 1601 2318 1180 2667 885 1143 1219 405 1640 1781 2050 91 297 2361 364 2491 296 18 38 149 157 161 181 300 358 362 509 1637 2156 626 2163 1674 2700 2577 668 678 2214 1204 1722 2747 708 710 2760 2253 1750 2770 2266 2249 2784 2508 2296 2315 1328 1840 2638 1860 2383 2015 2389 864 913 894 1923 1418 2446 2464 1954 1027 1544 540 2587 551 1589 579 1194 2658 1629 598 
2002: 490 1997 1106 829 947 1277 1543 2033 2414 1274 1844 75 402 1533 178 1502 407 1340 68 270 2318 927 601 996 1093 1139 1404 1719 1921 1956 2131 2138 249 327 79 1649 1179 756 2508 1685 1110 2323 188 552 1137 46 277 427 463 477 799 830 955 1258 1351 1402 1480 1501 1772 1859 1917 2001 2671 2467 2004 2205 2593 2216 2700 2143 2259 
598: 490 596 2610 184 258 2655 877 748 1108 1564 1106 595 1894 901 1868 213 745 803 926 990 1361 1904 2044 2725 1861 1843 2673 37 421 524 172 2334 751 178 2732 1502 2589 407 630 529 545 1180 2776 667 1011 1080 1091 2398 1422 2036 48 2108 89 91 173 2331 2436 406 466 2525 531 561 600 296 1689 899 528 1434 2135 2756 74 2232 2676 2747 372 1287 855 1388 1392 2493 1986 2515 597 1512 1012 2591 2603 1591 1092 188 205 496 522 535 637 2181 2238 698 1230 1238 2292 805 1836 830 2514 1501 1031 2585 1612 2229 
2578: 490 1581 2060 462 2200 1884 1106 148 832 856 1862 198 383 1861 1524 1318 512 158 2150 751 1786 1606 2449 940 784 885 1093 1626 1785 1826 2480 2487 495 500 2558 1900 367 899 2756 157 2638 1092 916 1688 147 1917 2456 2197 2005 2447 1918 2311 509 782 2615 106 2577 166 230 386 643 781 1230 1335 1393 1587 2223 2365 2425 2462 2478 2682 2740 
1563: 490 1074 694 2610 462 1203 1936 2684 582 126 1809 142 1261 1466 1187 467 2349 2094 382 300 2577 315 463 560 882 1200 2791 2678 2706 1673 
2459: 490 435 470 2082 998 1570 1574 1106 148 242 658 27 376 733 803 947 1543 1705 1753 1818 2168 2182 2725 2458 1506 2148 2758 377 2412 712 1962 107 616 2152 721 736 875 1143 1269 1358 1522 211 504 780 2065 486 593 181 1264 766 1076 442 2099 157 161 752 94 99 139 163 214 394 480 481 496 502 543 575 604 606 720 763 864 865 867 961 984 988 995 1040 1167 1209 1211 1230 1252 1255 1286 1353 1369 1650 1675 1757 1817 1828 1880 1957 2051 2080 2210 2232 2238 2263 2312 2356 2456 2674 2682 2472 2489 2545 2611 2638 
678: 490 1752 2069 1564 242 901 1307 27 352 733 1176 2182 2725 524 2412 2334 1909 107 351 529 2663 747 759 1091 1217 405 1785 2008 173 2371 531 2558 1263 899 528 2687 157 161 40 380 522 2760 1410 2187 2322 1833 2747 2619 1092 1118 1418 1872 2638 1578 
2339: 490 694 258 2200 998 1106 1433 1559 1753 198 1671 839 1312 802 2506 1601 122 533 33 2198 1263 2139 202 1264 1076 203 238 252 782 876 894 999 1120 1186 1262 1295 1532 1596 1733 1816 1881 2005 2094 2136 2187 2528 2676 2706 2738 2524 2356 
2238: 490 596 1581 694 1203 1737 748 1755 2421 2102 595 803 926 1372 1861 421 740 1892 1261 1468 1871 598 2459 2412 638 2289 2324 1061 2760 746 2187 1200 1252 878 1163 554 1623 
554: 490 694 1203 2381 803 1261 1468 1871 2238 317 1187 2582 664 1200 278 329 365 
509: 490 1581 2610 241 1203 2743 1945 2499 1570 1106 2137 440 1433 1705 402 1524 524 2578 1656 1905 311 314 317 318 1979 1343 751 1585 1786 545 2342 1469 2318 613 721 405 1598 1797 2180 2487 492 531 296 367 528 1993 513 1980 2747 1388 894 1092 552 801 1237 1284 2164 2005 1412 87 171 196 298 313 348 386 2273 2577 941 2465 819 821 708 1230 2524 1250 
560: 490 2610 2421 990 1563 1848 1939 1538 1034 303 921 830 2583 
1200: 490 694 2610 1203 2684 985 770 926 411 1261 1468 1871 1563 2238 554 2049 1998 666 2065 1015 1040 155 637 1775 149 329 555 627 726 1642 
2480: 490 241 877 2421 27 590 856 947 323 2578 14 1905 2042 311 317 318 751 107 351 2347 1091 1375 1736 32 55 2185 173 26 110 130 157 161 316 367 701 714 845 923 1092 1118 1234 1388 1392 1591 1957 2019 2045 2161 2164 2464 2658 2747 2756 
823: 490 435 2655 2264 749 1026 2102 148 2684 1148 1671 158 751 1298 1555 1561 885 1217 2315 1345 1677 1526 1607 1750 449 878 1395 1048 1438 1005 1836 1710 2101 
1836: 490 1581 694 636 877 1203 748 2285 1106 595 901 213 803 856 1176 2168 420 609 421 1158 598 823 511 317 1998 1561 2318 1180 601 1785 2582 2766 2174 2151 798 1076 157 2322 1977 2747 300 1610 2411 386 1485 214 266 329 514 982 1487 1628 1812 
818: 490 751 1799 
2491: 490 241 1668 1678 2200 1752 901 27 2290 1671 524 14 511 2589 761 1786 529 1794 946 2709 1091 1093 1949 82 173 130 155 203 283 303 522 528 637 641 728 860 884 955 1092 1167 1276 1388 1392 1480 1485 1486 1548 1587 1591 1596 1633 1799 1858 1881 1928 1980 2017 2051 2155 2174 2233 2397 2485 2658 2788 2747 
2463: 490 2610 1106 172 1312 1502 1626 1204 640 1031 1642 
1984: 490 696 241 462 1108 1564 242 265 777 2092 803 1176 2725 2442 2590 688 2279 2488 1873 347 2177 1656 2334 1696 1585 107 2589 407 779 667 1004 1091 2398 2112 1785 2020 2030 103 466 2609 600 1294 79 899 1039 1578 1637 1175 372 2032 1071 1388 1392 1938 1985 1538 1621 2604 1591 1092 2698 179 300 325 921 1197 1257 1389 1409 1461 1932 2192 2211 2096 2104 2075 2391 
1858: 490 636 2285 2421 2243 582 803 1361 1425 2491 1404 2282 2452 2629 
1609: 490 344 1752 1884 998 2606 2102 2125 595 148 2684 827 383 1528 14 1147 1149 158 69 529 759 861 1588 114 157 218 327 364 461 575 594 874 902 1151 1288 1408 1451 1607 1757 1914 2304 2178 1674 2187 1791 2582 1735 1633 
1673: 490 1581 2060 694 1737 1756 748 2285 1282 2421 1474 595 926 1861 1563 414 715 576 2715 1093 1263 727 2308 1412 219 2411 1303 482 958 
1998: 490 2610 1138 636 1160 748 1280 2348 1884 2421 2433 1558 2069 1564 2125 1106 1899 985 901 2092 27 281 718 829 832 1753 1862 1904 2044 2166 2182 2725 2442 3 198 411 1506 2785 2059 402 421 524 1200 1836 586 1905 1142 511 512 288 2334 317 318 15 70 74 91 122 150 219 296 327 395 416 434 466 473 497 513 522 525 528 529 540 563 580 588 622 630 666 667 686 699 705 722 760 801 876 894 899 930 972 1041 1071 1092 1152 1167 1179 1237 1241 1243 1249 1313 1341 1369 1409 1457 1481 1501 1502 1511 1521 1535 1538 1587 1601 1610 1689 1727 1735 1748 1781 1784 1786 1794 1803 1814 1851 1853 1883 1903 1954 1980 2660 2174 2175 2194 2747 2209 2317 2349 2351 2181 2385 2397 2398 2462 2449 2452 2461 2466 2475 2489 2005 2505 2506 1999 2464 2769 2070 2587 2591 2709 2626 2706 2350 
597: 490 596 547 2655 636 2200 2285 550 1108 2069 1564 1106 595 213 718 770 803 829 926 933 1904 2044 2290 1332 2059 1861 2673 37 86 421 598 2177 1656 2334 1696 751 639 2732 2589 407 630 761 529 1447 1180 2776 2663 667 794 1080 1091 2398 1441 2003 2036 48 2108 2114 89 91 2180 2195 173 2436 403 406 466 2525 503 531 2636 533 296 79 899 2756 1039 74 2232 2676 128 2747 1287 855 1388 1392 1428 155 980 2515 162 205 331 345 534 1655 2681 2181 669 1208 698 2789 760 1802 1822 805 830 1360 1591 2439 2443 2292 920 2514 1565 2591 2085 1092 1612 
1058: 490 2610 1108 2069 901 2290 529 666 872 2003 173 531 2627 1294 79 479 899 2756 2747 1255 980 1092 1739 1111 206 1000 2452 1827 1633 
2397: 490 694 748 2421 1558 148 265 890 2167 27 718 803 947 1361 1559 1753 2081 2168 609 2491 1998 2049 107 1219 1758 297 2198 110 116 204 382 395 552 934 1819 1833 2539 
2: 596 471 2025 2028 595 933 1361 1372 2725 37 421 707 2177 172 586 2380 723 2387 1656 1500 377 
50: 596 1282 2684 1818 965 1 2782 2275 236 2536 2288 1276 646 1688 2202 1947 2715 2334 1942 1321 558 2094 64 707 2386 
52: 596 1074 877 2382 373 2168 75 2412 2042 367 1688 2064 1866 2441 316 624 2510 1463 
74: 596 2200 749 595 1904 86 598 1998 597 233 1905 1142 317 318 2449 2183 26 1264 876 760 2427 1946 2467 1481 
79: 596 696 2200 1737 2264 2285 1282 2421 2433 1474 1108 2606 1106 1868 1988 126 745 829 947 1037 1099 1359 1361 1374 1809 2044 688 2742 1363 2002 1984 597 1058 1500 178 1502 787 2589 407 529 1794 699 666 667 872 957 1011 2398 1139 1143 1270 1640 1825 1848 1921 1958 2003 2008 89 2138 103 173 2361 320 466 2525 531 15 1294 533 33 2332 296 2788 956 1637 1649 2160 1722 1689 1179 668 2204 181 1213 203 756 2308 2323 2324 2004 806 2351 479 2378 343 2415 2418 903 2464 943 1985 1491 2001 120 1501 483 2026 2544 2558 2562 2566 2567 2569 2570 2571 2572 2573 543 2595 1071 2565 1111 2568 1633 
82: 596 471 2149 2200 877 2285 1282 803 947 1037 1705 2081 2290 1671 1363 1158 2491 14 1585 836 1601 1141 1143 1404 1255 1641 1644 1278 1918 537 2199 319 205 1231 2388 349 864 
89: 596 2060 696 184 344 2200 2264 748 749 2285 2421 1945 1108 1564 1570 2606 2102 1106 595 213 803 926 945 947 1099 1904 2044 2047 2725 2442 1975 1861 2673 37 421 1158 598 597 79 14 1656 1182 288 2334 1979 2150 407 1606 529 1181 1214 1482 1180 2776 699 666 667 1004 1011 1080 1143 2112 1785 2003 2030 2036 15 1126 1644 1637 1175 2198 2708 2202 2211 173 698 2741 1224 713 1751 2292 2308 782 805 296 2361 325 2388 1918 1923 394 406 956 1980 960 2497 466 472 2515 1000 497 2558 1548 531 533 1538 2609 575 1092 91 
91: 596 2060 2610 471 2264 748 749 2285 2421 2606 1106 595 2684 985 803 856 926 933 947 1361 1904 2044 2725 2442 1301 1861 2673 37 421 524 598 1998 597 89 14 1147 2049 2150 751 1312 407 1181 2776 699 576 666 667 1004 1080 2112 2036 1126 1000 2209 1644 495 497 1014 2292 1918 1925 2308 149 300 1175 805 296 880 669 698 406 960 466 2281 2515 225 
105: 596 2725 37 2177 2349 1621 
128: 596 2421 595 1991 37 421 597 2177 1404 1291 2497 2029 2510 
154: 596 1950 2028 1564 1106 947 1148 1176 1809 2442 2590 14 2177 2334 1146 1601 2526 1346 2591 2045 2304 2256 1552 1685 1175 921 2331 2209 1703 2493 
155: 596 2060 636 2200 877 1737 748 749 1282 1106 595 1307 803 856 926 933 1037 1372 2033 2182 1671 1861 37 421 1871 1200 2491 597 2412 1142 288 751 1625 576 1091 2482 1758 1825 2021 122 400 2332 1764 1191 146 2635 2660 1649 1179 2010 1666 1118 1291 2324 2747 53 1768 2537 757 1018 2040 382 2001 1238 2212 2104 1063 708 2631 1891 594 339 
164: 596 2082 1026 1106 803 1425 2412 1905 511 512 311 312 317 318 510 1696 1312 2474 1259 180 407 529 927 1212 405 406 367 2017 1834 203 1408 1918 1412 2187 1390 1030 277 724 
173: 596 2060 2610 184 344 471 2149 636 644 2067 2200 877 1737 2264 749 2285 2421 1945 1503 998 2025 2028 2069 1564 1570 2606 2102 1106 595 148 2684 213 352 733 803 832 856 947 1037 1099 2044 2290 2725 1671 2059 2207 1844 1975 37 421 2742 1363 1158 598 678 2480 2491 597 1058 79 89 14 1182 288 2334 1979 2150 363 751 1298 407 1606 529 1181 1214 1482 134 1180 666 2729 731 747 784 786 872 405 1758 1785 2036 2054 2088 2114 92 146 149 157 620 1644 1145 2233 637 643 960 2662 2202 1184 2209 2730 181 540 2658 203 1224 713 2760 1234 2276 1590 782 2315 1297 2319 1313 296 1832 1837 2351 319 349 864 364 382 894 1918 899 830 1937 2198 1959 1451 2539 438 956 1980 2510 476 478 497 2544 1538 2559 1034 1548 531 533 2388 1071 1602 1092 604 1632 
188: 596 2060 2610 184 344 435 636 748 749 1282 1884 2421 1945 1564 1069 2606 2102 1106 595 985 803 947 1372 1515 2240 2283 2414 383 609 1302 1844 37 421 2002 598 586 180 761 1606 1181 453 1794 2318 1180 2659 1781 1848 1855 1921 48 531 2582 2766 1649 120 2326 1345 2322 2508 2209 2324 1637 1175 2032 1071 894 166 230 646 266 2001 1674 909 1932 2461 1169 955 1077 2516 989 1238 
203: 596 2610 258 399 2149 636 2200 877 1215 1737 1745 1752 550 2381 2421 2499 1558 1574 2102 217 803 926 947 1099 1176 1753 2033 2290 2414 392 688 75 86 488 2339 2491 79 164 173 1142 2042 180 407 2377 529 545 2183 576 652 662 736 840 870 939 1093 1143 405 1522 1654 1730 1758 1941 1944 2030 2180 2280 249 2301 355 384 400 406 531 2617 1294 460 2289 899 2756 2151 181 1234 2784 2099 1608 1105 161 675 1040 1757 1175 2747 1538 1548 760 2528 382 2164 834 67 2163 2681 1669 2692 2191 2192 2211 1702 1222 743 1258 1773 1046 2306 775 1315 1329 325 848 863 1409 1937 398 913 2446 2447 925 750 1461 955 448 2500 1486 979 478 2019 506 1541 1033 1579 572 2106 1120 
205: 596 1361 1372 598 597 82 1656 1826 1608 2515 1419 881 
206: 596 856 1037 1058 2177 1656 2349 1056 
209: 596 998 529 2183 2526 2084 2787 978 
214: 596 415 435 1160 748 749 1282 1574 967 1361 2168 1009 1861 1843 2459 1836 414 2386 2183 1093 1217 1949 1967 2180 322 1263 486 1264 1076 1757 2323 2591 637 2760 1034 1828 2311 1391 1530 2187 2524 416 150 1784 212 1699 1812 710 1120 
229: 596 2610 636 856 945 1037 1099 2627 780 2065 2417 2349 1428 930 1285 225 2625 2424 221 222 231 2535 672 2208 1235 1250 
231: 596 2060 636 877 2421 856 945 1099 1811 229 601 780 2417 2349 1428 980 1775 225 2706 1362 2625 2424 221 2208 222 2325 672 2123 1235 1250 
237: 596 2610 2067 1945 2063 1361 1811 37 421 14 2177 1656 601 2209 1918 260 2308 669 1451 816 2737 2492 2262 
260: 596 237 14 2412 1786 1606 601 1413 2118 143 194 484 2654 1265 2671 887 905 1939 1065 1708 2737 457 2622 1617 1480 713 
270: 596 1884 1148 383 420 2002 2177 1146 12 1647 1955 2191 2603 1912 1179 1501 1649 1117 1977 2268 
288: 596 2060 2702 184 547 2067 1215 748 749 2285 2381 2421 1945 1474 1108 1558 1564 1570 1574 2102 595 2137 265 2167 213 803 827 933 1037 1099 1361 1372 1559 2044 2168 2725 3 420 1844 1975 37 347 402 421 1468 2742 1998 89 155 173 2177 1656 414 11 15 130 2663 2675 2175 2198 2199 667 2202 1644 2209 2217 1214 1224 713 2760 2765 1257 466 1785 2318 1312 2334 2360 1855 845 848 828 425 666 1979 1980 669 1985 2497 460 497 2041 1548 529 1554 531 683 533 2620 2705 1091 1092 
296: 596 2060 696 877 2264 748 749 2285 2421 1108 595 265 1988 803 926 945 947 1099 1904 2044 2725 2442 688 1861 2673 37 421 1158 524 598 509 1998 597 79 89 91 173 1656 1585 2589 407 529 1181 1482 2776 699 666 667 1004 1011 1080 2112 2003 2008 2036 406 466 531 2609 15 1294 2332 1637 1126 1175 698 1751 2292 805 880 2418 1918 903 394 956 960 2497 2515 1000 497 1538 2558 1548 2065 1111 2308 1092 1630 
311: 596 2655 1945 2606 148 281 856 3 1671 509 2480 164 1656 2042 19 26 93 119 177 298 360 2021 2150 1259 1619 1137 1781 1913 1660 2555 2683 771 2183 1165 2187 530 404 1689 923 670 2685 2719 2083 2467 2474 1199 2476 2764 313 1850 445 1598 1981 2239 1478 456 2636 1237 2517 1453 
312: 596 2610 1945 281 856 1176 2166 3 164 1656 93 119 1379 360 1259 751 1137 1781 1913 1660 2685 2187 1175 1561 1689 923 1565 670 2467 2636 1073 2230 1598 1478 456 2764 1501 
317: 596 2060 2264 1280 2381 1945 2606 595 148 281 718 803 856 1904 3 86 1892 554 509 2480 1836 1998 74 164 1656 1260 2412 1905 511 1182 21 24 26 41 87 93 110 119 177 293 298 2150 2662 1137 630 1660 1661 2174 2685 1157 2180 2183 1677 1688 1689 2719 1199 1212 2239 1731 710 1791 2764 670 2778 1259 750 751 1781 760 761 771 2311 1295 2320 2344 2364 1366 2636 360 366 367 1393 1913 923 2467 1453 2476 2479 445 1478 456 1495 2021 1017 2551 2554 513 2054 2129 1036 530 1555 1561 2083 551 2086 2098 1078 1090 1092 2187 2635 1619 1628 2140 1633 
337: 596 1106 1361 1182 1181 2209 2349 664 1799 2165 210 498 2098 
345: 596 1950 595 281 770 829 933 347 597 178 1466 1502 381 1794 2341 2776 2683 938 2066 2517 2550 2555 2680 1095 65 489 2559 1924 2203 1830 2103 343 166 1700 2304 776 1295 1183 2460 2761 1489 1501 
351: 596 241 2755 1745 748 749 550 893 1936 1945 998 582 1307 27 126 281 352 933 947 1361 1543 1713 2044 2120 1892 516 524 678 2480 11 107 8 28 32 40 145 161 200 324 1640 621 2687 1162 2705 675 2213 2729 1722 2246 1228 2759 721 2766 2276 750 765 778 2322 1308 1313 812 1854 1377 1889 1893 894 2449 1966 1967 1980 962 477 2525 2638 1549 1042 1621 1059 552 1578 519 2617 2108 2118 1105 2637 2640 2138 
360: 596 184 877 1242 2082 1503 1108 1106 148 947 1148 1728 1809 1818 1844 75 311 312 317 1905 1142 1147 318 69 712 1696 751 1166 1298 1312 2449 2140 747 1143 1240 1241 1736 1967 145 355 2413 2520 1727 923 2174 1434 1179 2244 845 1666 177 181 690 1743 1234 756 798 1317 1344 1345 1021 513 2089 1105 1164 2504 1757 1224 2001 116 119 127 252 261 266 313 711 2778 1453 1965 2497 1990 1530 568 1120 
372: 596 696 2655 1756 748 2285 2382 1474 595 1701 856 926 1176 2725 2533 2206 37 347 421 598 1984 2177 1656 1482 2506 465 2729 1143 1268 1269 1679 2331 400 561 593 2209 2247 1175 2747 2679 1918 1419 1551 669 708 2497 2203 2464 
377: 596 344 435 877 2754 1756 2285 893 2102 1106 148 265 352 803 945 2650 420 37 2459 2 2380 1500 69 147 157 196 320 2151 1263 1264 1409 899 2689 529 1298 2452 1438 425 814 2347 1076 698 1182 2003 1751 
380: 596 471 2149 877 2264 749 2381 1026 2606 2102 1106 595 803 1037 1372 1811 1671 347 1363 678 2177 1656 1533 1182 2150 1181 1482 453 1180 747 2036 2361 400 956 146 2635 1428 1834 2094 2760 1056 1530 130 506 520 
382: 596 2610 1756 748 1755 1884 2421 1936 1558 2069 1564 2167 1307 213 440 718 827 926 1099 1148 1559 1753 2033 2168 2533 383 609 2785 1844 1852 1861 402 421 1563 2397 155 173 203 1142 1149 1979 1466 1585 381 787 407 529 134 2347 576 2709 1093 1640 1785 1967 2008 2371 533 2332 2788 956 479 2198 2766 2065 2660 460 54 202 766 812 1851 1757 2097 1297 637 2035 575 2202 374 1509 150 219 2161 2696 1167 708 972 734 2292 1285 1305 797 1845 847 1881 1886 1891 895 416 1966 955 958 1982 461 982 2516 1510 1008 1062 563 588 1111 
403: 596 2610 696 140 2082 2285 550 1108 1574 777 2092 281 770 898 933 945 1372 1728 1818 2182 2725 2442 420 2279 2758 2488 2207 597 14 2177 723 1656 1142 2334 1585 1601 779 2659 2398 1785 1848 1855 2030 103 325 1637 1389 1650 2032 1034 1039 1808 1727 2192 534 921 669 2075 546 2209 2211 1538 1193 1092 1197 2603 438 2604 2614 830 2747 1544 1604 1208 2197 2636 1492 600 960 2515 2391 
404: 596 281 718 1148 383 1844 311 14 723 1147 512 1149 318 1680 2342 996 1205 1404 2450 1801 1883 1956 2162 2193 2195 2319 2361 327 330 185 868 1649 1427 1296 1681 2194 1179 2330 1459 1079 703 2748 1230 2001 477 1117 
405: 596 2060 184 258 2149 636 2200 877 1737 1745 748 2285 2381 2409 2421 2499 998 1574 1106 595 217 242 1899 901 777 1868 803 856 926 947 1037 1099 1372 2290 2725 2414 392 1301 75 86 488 1524 524 678 509 164 173 203 14 2042 2386 2150 1298 616 2474 180 407 2377 529 1469 1214 2140 779 2347 667 840 888 939 946 1093 1143 24 83 139 157 161 181 182 243 364 384 398 400 1637 2151 2157 1040 2163 2191 2199 1702 2233 1213 708 714 1758 1761 2782 1255 1258 750 2289 2292 1785 2306 2311 1297 799 1329 1848 2180 2362 867 880 1918 899 406 1941 1942 1949 2790 1961 2624 1462 955 1985 2500 593 984 475 2008 2528 1522 2126 506 2558 1548 528 531 551 1076 2099 572 2617 1092 1608 1105 600 1036 604 441 
406: 596 2060 258 399 471 2149 2200 1737 1745 748 2381 2421 893 2499 1574 595 217 658 803 856 926 947 1753 1904 2414 383 392 1861 2673 75 402 488 598 597 89 91 164 203 296 405 14 2042 407 2377 545 2342 717 2183 2318 2341 2776 667 840 939 1080 1093 1139 1143 1522 1758 1941 2036 2180 2199 2270 2301 2376 384 400 98 120 161 181 336 398 2151 2163 2191 1684 1702 2229 698 2779 750 2289 2292 1276 2306 2311 805 1323 817 1329 867 1390 1918 925 417 1092 441 955 959 2500 466 2515 1357 2528 506 2560 1040 1556 2608 2099 1596 2617 1608 1105 2637 
407: 596 2060 2610 696 241 258 399 2149 2200 1737 1745 1752 748 550 1282 2381 2409 2421 1936 2499 998 1108 1558 1564 1574 1106 595 217 242 890 2167 658 777 27 126 803 898 926 947 1037 1753 1904 2120 2168 2414 2442 2590 392 688 1332 1861 2673 75 86 421 488 2297 2002 598 1984 597 79 89 91 164 173 203 296 382 405 406 14 511 2042 2334 2386 2150 1585 616 8 180 40 46 55 120 129 150 161 163 181 218 224 286 384 398 400 2144 1637 2151 2163 2164 1808 939 2687 1669 2180 2183 1175 2199 668 2211 1191 2722 2228 540 698 2756 1751 1758 2776 2779 1255 2591 2790 2289 2292 761 1785 1275 1276 2306 2311 1578 1297 805 1848 2365 2371 840 2377 2391 863 868 2528 1918 1409 899 2439 1937 2191 925 1954 750 1092 1960 667 1462 779 924 955 1978 959 2500 593 1486 1258 2507 466 2511 984 1180 2515 480 486 2030 1522 2032 1190 1105 506 1538 1548 1040 2575 533 1046 2301 543 545 1576 1071 1076 2099 1080 2617 1091 1608 1034 1143 600 1118 1633 
414: 596 2702 435 2264 749 658 27 967 1753 2168 2438 3 488 1673 214 288 2412 1147 40 161 208 211 215 282 290 394 870 2150 495 751 1522 1396 2289 1784 1530 510 1791 899 2179 2180 1226 2197 1241 540 1182 1801 1952 1120 1576 1263 754 1966 1714 1754 2099 2456 2233 1967 1217 2621 2622 734 712 2118 1098 2331 2760 1602 853 727 2095 2263 1757 2249 865 
441: 596 1138 1668 1884 2409 1671 2742 405 406 1139 1826 2114 224 2244 26 2527 1390 2546 1691 1827 959 1111 2389 1754 
453: 596 258 344 471 1668 1755 1884 1564 1026 281 1361 1515 1811 1861 86 188 380 586 1260 12 1298 1214 2518 2140 55 135 1641 500 2162 1781 2674 1234 2554 1918 2187 2707 2127 855 543 1709 2603 2160 1093 1368 1632 483 
466: 596 696 470 471 2200 2264 2285 2421 1108 1558 1106 595 265 1988 856 926 945 1037 1099 1361 1372 1904 2044 2725 2442 688 1671 1861 2673 37 421 1158 598 1984 1998 597 79 89 91 288 296 406 407 14 2386 2150 751 2589 529 1482 2776 699 666 667 1004 1080 1143 2112 1848 2003 2008 2036 2131 286 2436 15 185 295 394 1637 1644 1126 1175 2708 669 2209 2223 698 1751 2292 1294 2324 2332 805 1348 2418 1918 903 956 960 2497 468 2515 1000 497 1538 1040 531 1050 1111 2609 
478: 596 2610 241 1138 2200 877 242 590 879 945 947 420 1363 1158 173 203 712 836 935 1352 1259 1180 601 731 744 885 1522 2482 2157 2171 2756 845 181 2315 1677 2483 1608 480 1578 2017 1153 2747 1388 1392 1591 1092 1735 316 702 2116 1589 1292 2618 98 484 1518 2170 1407 1800 1762 1169 2216 2091 1859 720 594 1888 
480: 596 2702 435 877 1215 2082 2285 1884 1385 2433 1945 1503 998 1570 1574 691 27 590 718 827 947 2044 2182 420 516 1363 1158 2459 407 478 1142 1182 712 787 836 1352 1447 940 1794 927 674 885 946 2450 1522 2482 2036 2157 211 327 400 2505 1549 845 2151 1234 2315 1677 2483 1086 1608 28 98 130 182 240 284 316 336 431 432 625 635 2679 1153 653 1709 2739 702 1735 1226 720 2260 2263 1757 2760 2783 1258 1784 2306 1917 1824 828 1859 2691 1870 1888 867 1406 1407 896 2446 1435 1957 948 484 2017 1006 2538 2045 1028 519 2077 1571 1072 2095 2101 1592 594 
485: 596 2060 184 2655 877 2409 2421 2025 2028 2069 148 803 832 1148 421 1524 14 1147 2049 1502 1205 2450 1781 2030 2319 195 336 356 2411 1145 1152 1256 2178 571 1101 2135 1501 864 
497: 596 2060 2610 184 462 471 547 2264 748 2285 2421 1564 1570 1106 595 2684 213 803 856 947 1099 1361 2044 2725 2590 1975 37 421 1363 1998 89 91 173 288 296 466 1656 2334 1979 2386 529 1181 1214 666 667 1143 2112 1785 1967 2199 531 533 2198 1644 1980 300 1126 698 2678 1918 1000 1548 2445 2602 2202 1092 711 1224 1097 713 
503: 596 856 597 14 2526 88 327 78 2209 2151 1615 1238 
522: 596 344 2149 877 1215 749 2382 2102 148 2684 945 947 598 678 2491 1998 707 1142 2049 1182 2150 363 1606 1181 1482 1180 1143 2138 297 2361 364 181 157 2638 2760 63 149 300 2156 626 1541 1674 1954 551 2383 
528: 596 344 2149 877 1215 749 2382 2606 2102 595 148 2684 803 926 1425 2182 402 598 678 509 2491 1998 405 707 1142 1147 2049 1182 2150 363 1298 1606 1181 1482 2318 1180 1143 297 2361 364 24 38 63 81 149 157 181 300 2156 626 886 2296 2051 1674 1954 551 1284 813 913 1840 2383 1860 2760 2587 2638 1629 2784 
529: 596 2060 2610 95 184 241 258 344 470 471 547 2149 636 2067 2200 877 1203 1737 1752 1756 748 749 2285 1282 2381 2421 2433 1945 998 1558 1564 1026 1570 1574 2606 2102 1106 595 2137 2167 2684 2243 901 27 213 745 803 829 856 926 947 967 1037 1099 1309 1310 1374 1559 1713 1753 1811 2044 2047 2120 2168 2725 2458 2650 420 965 1332 2400 1671 2206 1844 1975 1873 37 86 402 421 1363 1158 524 598 678 2491 1609 1998 597 1058 79 89 164 173 203 209 288 296 377 382 405 466 497 14 707 172 1142 512 2334 839 1979 2370 712 101 228 2150 363 751 11 1298 178 1502 180 761 2175 24 36 41 49 54 67 81 93 116 120 121 129 141 145 149 157 171 181 200 234 286 290 298 316 324 340 348 349 364 391 395 400 425 428 442 468 486 498 506 527 2151 635 1661 2172 957 1281 1666 2178 1214 650 1674 652 1896 2189 2191 662 1175 2198 666 667 668 1181 2579 2209 1731 2726 2729 1052 578 2744 2745 2747 1224 2752 713 715 902 720 2766 653 1313 1980 960 1758 2268 2760 1768 1770 2281 2282 760 1785 1276 2627 637 1794 2306 2308 778 2312 1807 1297 2324 2332 1317 2730 980 1335 1329 831 2376 845 1418 1883 2270 1165 1891 1932 1792 872 880 1395 894 1918 899 1422 2446 1940 2452 1538 2196 1441 1954 750 938 1689 2525 2029 2479 1548 2482 2483 1469 2202 1473 962 2756 1482 1590 2506 2507 2260 1495 1180 986 1527 1501 2556 747 2526 999 2021 1602 1549 1522 2032 2040 2034 2036 2550 2721 2489 1022 1025 1702 1541 2052 1544 2055 2058 1554 531 2318 769 533 543 2558 2088 556 2094 1587 2098 1797 568 2612 570 2104 573 1967 1599 1601 1091 1093 1096 1840 1620 1092 1036 606 608 
531: 596 2060 696 184 241 258 344 471 515 2149 636 2067 2200 877 1737 1752 748 749 2285 1282 2381 2421 2433 1503 998 1108 1564 1570 1574 2606 2102 1106 595 2137 2684 27 213 718 733 745 803 829 856 933 945 947 1037 1099 1309 1310 1372 1559 1713 1753 2044 2047 2120 2290 2725 420 965 1302 1332 2400 1671 2207 1844 1975 37 402 2742 1363 1158 598 678 509 597 1058 79 89 173 188 203 288 296 405 466 497 529 14 1500 1142 2334 1979 2386 2150 363 751 1298 2584 178 1502 107 2589 1786 2175 1181 1469 1214 1482 1601 1794 1180 699 652 666 667 747 872 957 1091 1093 1143 1270 1758 1785 1825 1942 1967 2003 2008 2036 2088 141 211 364 425 2525 15 33 49 157 349 394 479 506 1637 1977 637 650 1674 1896 2198 1689 2202 1538 2658 2747 2244 708 1223 1224 713 2756 2766 1751 2508 2308 2312 1294 1297 2322 2332 801 1891 873 894 1918 899 903 1418 2452 2788 2793 956 1980 962 2497 1501 999 1000 1770 2558 1548 1549 800 533 1792 1587 2609 1590 959 1313 1092 2627 1034 606 
533: 596 2060 2610 184 471 547 636 2067 2200 877 1737 2264 748 749 2285 2381 2421 1945 1564 1570 595 2137 2092 213 368 733 803 856 933 945 947 1037 1099 1372 2044 2290 2725 2458 1415 1975 37 421 2742 1158 2339 597 79 89 173 288 382 407 497 529 531 1500 1147 2334 1979 1502 1585 2589 1214 1794 2318 2347 666 667 2709 957 1091 1270 1522 1785 1825 1967 2003 2008 2021 2036 122 2627 600 15 1294 33 78 169 295 423 438 460 479 1637 2537 624 637 1666 1170 1683 2198 1689 2202 2747 1223 1224 713 1262 1782 2678 2308 1817 2332 2349 828 2418 894 899 2788 930 1961 1980 960 2514 2007 2524 2466 1548 537 903 2604 1076 1589 1092 2635 
535: 596 2060 1074 2610 241 1203 1737 748 2421 2433 1936 1474 998 2025 2125 595 213 803 827 926 947 1176 1372 2725 1861 421 598 512 1979 2584 1011 1143 1281 2616 181 202 1175 434 94 139 2298 913 2577 2453 711 2389 2229 
543: 596 138 97 462 2655 636 877 1752 748 749 2421 893 1945 1503 2025 1558 148 2092 27 368 803 947 1361 1372 2047 2182 198 411 1671 347 421 2742 2459 79 407 453 529 2177 1656 1147 2049 616 180 1181 1794 601 1143 1848 2008 176 2331 600 956 851 2658 899 1308 944 1015 162 170 319 1635 1637 2032 556 2466 1276 864 573 1621 1596 960 2508 1056 1092 1311 
546: 596 2610 696 2264 2409 2421 1474 1108 595 777 2092 856 898 945 1498 1728 1818 2725 2279 2758 2488 37 421 403 2177 1656 1142 2334 1585 2474 779 2659 835 2398 1831 1848 1855 1921 2030 103 2199 600 169 1373 1727 1039 1637 2215 2032 1808 1071 960 1538 1621 325 1389 2538 2308 2192 797 2211 1193 1197 2603 1544 1604 2075 1492 
556: 596 2610 126 529 543 616 1603 977 1781 122 780 1689 899 2244 1578 2515 1276 391 1635 673 1202 833 
561: 596 471 1752 2285 2421 1564 595 199 1361 1372 2725 2442 2533 37 421 598 372 14 2177 1312 836 180 465 786 1268 1269 286 2331 955 
562: 596 352 
567: 596 2409 945 2725 420 14 1606 1092 2119 1642 2441 855 2058 
593: 596 2060 241 2655 748 2409 2421 1558 803 1176 1361 1372 1844 2459 372 405 407 2049 1909 2709 1404 2658 25 552 575 1641 1145 936 2151 2324 1978 2748 963 
617: 596 945 1811 1147 613 1797 1688 185 358 1252 1230 
630: 596 2610 470 748 1106 595 1894 376 440 718 1037 1148 1904 37 86 421 598 1998 597 317 172 1905 314 318 1696 639 11 1298 180 26 44 48 77 313 513 1893 1640 2789 2282 1135 1655 761 1786 1664 899 1287 1895 2180 1802 1422 2449 1819 2175 1317 1829 1319 1985 1076 2741 2620 1092 1093 1441 1735 2631 1447 2311 1360 2514 2515 1139 858 760 
2678: 596 2610 2655 1203 1737 2421 1936 2092 590 745 827 926 1037 1309 1372 1862 1563 497 533 1149 712 600 1234 1637 2747 1255 960 2604 637 2760 1056 2418 1918 319 720 2621 781 1590 2537 863 1600 2046 2048 
637: 596 2060 877 2743 1737 748 1282 2421 1936 998 2063 213 803 926 990 1176 2725 609 2207 1861 347 2297 598 1200 2491 173 214 382 529 531 533 2678 1601 576 2270 578 2616 752 2322 41 225 482 540 555 746 1642 878 1031 2308 1387 1699 1487 1600 640 1243 
2689: 596 265 377 1139 2139 1118 1077 2304 1768 757 1262 
2694: 596 2725 2349 
2696: 596 636 877 1737 2137 148 1361 1811 2650 347 2742 382 707 1656 363 751 1321 780 146 2635 2065 2660 1234 1608 2427 2760 2080 225 438 710 
2699: 596 595 967 37 1091 468 2209 2349 1297 563 1022 1279 1339 
2705: 596 241 258 547 2200 877 748 2409 2421 27 803 933 947 1099 1133 1361 1372 2081 2650 1843 347 2742 1158 288 351 2177 1343 1601 2729 1785 425 1583 1263 2658 161 356 776 1027 1122 1224 1291 1417 1545 2304 2391 2460 2587 2622 
664: 596 2285 2606 595 2684 856 37 86 554 337 1404 2209 2349 1012 247 1022 
666: 596 2060 696 184 435 471 2200 1737 1752 2264 748 749 2285 2421 2025 2028 1108 1564 1570 1106 595 148 2684 985 1988 213 803 832 898 945 947 1099 1361 1372 2044 2725 2442 688 1975 37 421 1200 1998 1058 79 89 91 173 288 296 466 497 529 531 533 14 1656 1147 2334 1979 2589 1181 1214 1482 699 15 26 33 181 185 300 394 1126 1644 1140 1637 1143 1145 1981 1175 2198 667 669 2209 1224 713 1234 1751 2202 1785 2308 1294 1297 2003 2332 2516 1111 880 2418 1918 903 956 1978 1980 960 2497 2008 1000 1004 2036 1538 1548 2609 1882 2112 1092 1116 
667: 596 2060 696 462 471 547 2200 1737 2264 1756 748 749 2285 1755 2421 998 1108 2606 1106 595 1307 1988 803 926 933 945 947 1037 1099 1904 2044 2725 688 1861 2673 37 421 1892 2742 1158 598 1984 1998 597 79 89 91 288 296 405 406 407 466 497 529 531 533 666 14 1500 1142 1182 363 751 1298 1466 2589 1181 1214 1482 1794 1180 2776 699 576 15 33 157 286 394 479 1637 1644 1135 1140 1143 2209 698 1727 2747 2760 1751 1258 1270 2292 2308 1294 2003 2332 1825 805 848 880 2418 887 894 1918 903 2788 956 957 2497 2515 2008 1000 1011 2036 1538 1548 1111 1126 2609 1080 2112 
2733: 596 636 2736 2755 748 2025 2028 1574 595 1894 745 832 947 2650 198 411 1274 2206 1861 1991 421 1892 14 1656 2715 294 481 776 819 845 861 1320 1488 1525 1893 1993 2131 2324 2596 2609 2676 2734 
698: 596 2610 748 595 352 926 1904 609 1861 2673 598 597 89 91 296 377 406 407 466 497 667 2334 2776 652 996 1011 1080 2473 2609 727 2515 805 2292 2708 2119 
699: 596 2610 696 636 2067 2285 1884 1108 2606 1106 595 770 933 945 1099 1277 1361 1372 2044 2725 2442 1844 1861 37 402 421 1998 79 89 91 296 466 531 666 667 2177 1656 639 13 1181 1482 15 394 438 564 1126 1641 1004 1011 1637 1175 1538 2209 2030 956 960 1348 2497 1417 2003 1751 2609 2525 
705: 596 148 265 2684 985 803 1425 1271 1975 1998 2437 2536 2288 2452 2096 
707: 596 1074 877 2743 27 1148 524 2 50 522 528 529 2696 70 107 310 381 425 551 591 641 1509 1807 2036 1911 1785 1147 1149 2558 1284 1469 2322 1438 2227 955 2757 2132 1369 
2756: 596 877 2264 2421 1106 595 2137 718 947 1037 2458 37 421 516 1363 598 2578 2480 597 1058 203 407 478 529 531 1656 2474 2715 1143 141 24 1689 49 181 391 506 540 572 1291 1333 1590 1768 1833 2411 2527 
2331: 596 2060 2610 97 471 515 636 1737 748 2285 2421 893 2025 2028 1564 2606 595 1868 368 718 803 1372 1498 1809 2725 2442 2533 2785 2300 1671 1844 1852 37 421 598 154 372 414 543 561 14 1147 2334 465 576 786 835 1011 1143 1268 1269 1375 2199 286 19 293 320 899 955 1175 1512 1703 2209 2466 
725: 596 258 213 926 1809 1234 855 1480 1351 2058 1537 1767 
2776: 596 344 1177 2348 893 1945 1474 1503 998 2606 1106 595 352 440 926 1904 383 2207 1844 1861 1991 2673 402 598 597 89 91 296 345 406 407 466 667 698 1142 1149 2334 751 1146 639 1796 1555 1561 1312 1466 381 2474 2175 13 130 343 425 477 579 600 805 921 1014 1080 1088 1212 1230 1263 1344 1404 1549 1572 1596 1662 1683 1795 1854 1918 2077 2161 2227 2268 2292 2324 2478 2515 2693 2748 
744: 596 877 2279 1844 478 14 2437 1352 135 264 366 669 1252 2405 2034 1406 1918 2557 1030 1290 1834 2486 2617 1855 2110 1490 
2788: 596 2060 471 547 636 877 1737 1756 748 1755 2409 1936 998 1026 1037 1099 1361 1811 2168 1506 1844 142 1871 2742 2491 79 382 531 533 667 1500 1147 363 1794 786 957 1270 1321 1588 2482 1825 1967 2003 2008 2050 286 15 1294 33 2332 72 225 358 438 479 780 812 972 1018 1111 1118 1234 1424 1977 2198 2202 2237 2247 2308 2327 2328 2424 2522 2548 2626 2760 
2789: 596 2610 184 547 877 748 550 1433 1818 2650 198 1304 1843 597 630 1656 722 1336 2036 1644 2515 760 916 162 94 1438 1511 
756: 596 748 1884 1945 1997 1106 829 933 945 1148 1277 1361 2414 383 1274 75 2002 79 360 1147 178 1502 2526 1411 1404 2066 2138 1649 1179 26 247 280 427 1258 1412 2001 788 2323 1685 1085 1501 1491 2004 
760: 596 95 636 748 1884 893 2433 1945 2499 998 595 217 1894 1899 733 827 1099 1359 1515 2458 2533 2650 2785 2300 1852 86 402 421 1892 1998 597 74 203 317 529 630 2789 1149 2605 739 761 2449 1601 1441 1958 2008 48 2114 2180 145 218 2361 1689 202 1344 959 2515 77 605 655 869 1655 1152 1296 2194 2076 1314 1633 1338 2007 
761: 596 140 258 344 636 2200 748 749 1282 893 1945 2606 2102 1106 595 1894 2684 985 352 440 718 733 745 803 933 1037 1148 942 37 86 347 421 1158 2491 597 188 317 407 529 630 760 1656 1905 1182 11 1561 180 739 26 44 68 78 315 364 655 726 1640 1661 1664 2180 1180 1181 2775 2282 1786 1295 1317 1829 1319 1357 2394 2398 1895 916 2449 1441 1447 1969 959 1473 2008 2526 2036 1956 2636 2558 1036 1038 1040 1085 1092 2114 1606 2126 1633 
767: 596 2610 175 1106 199 945 1361 1372 37 1656 228 1143 181 1751 1419 
776: 596 877 2285 1474 832 2650 411 1009 345 2705 2733 1340 2582 2727 2304 2460 2735 1782 
781: 596 1581 2060 636 2200 1737 2264 2285 2137 148 1899 2684 827 829 856 945 967 1524 2578 2678 1656 180 1786 784 786 1212 2487 495 851 899 2151 2508 2747 1092 2005 2548 2308 2741 782 2577 1954 1513 386 1540 1163 1587 2752 1230 
782: 596 1581 2060 258 636 1737 2264 748 2285 1997 1503 998 1106 148 901 1307 856 967 1037 1361 2033 383 1302 1671 1524 2578 2339 89 173 781 723 751 1561 1786 1181 2342 1601 527 927 1411 715 784 786 1212 1785 1967 2088 2487 2525 1583 851 899 2151 2747 1092 2674 2005 2268 247 1412 386 750 1513 1168 1170 1540 1230 1163 2577 1587 1954 2478 2229 2752 1613 1397 1366 1016 
784: 596 1581 2060 258 471 636 1069 148 2684 901 856 947 967 1037 1361 1515 1528 1524 1871 2578 173 781 782 14 723 1656 1786 286 367 386 434 2151 1775 885 1781 2508 2548 894 1917 1921 1540 1163 2635 786 2577 1538 899 1954 812 2478 1587 2487 1212 2747 2748 1092 2752 1230 2005 864 1632 1016 
796: 596 748 37 2361 2349 1517 2727 
800: 596 2060 258 2655 1737 748 2421 1474 2028 148 985 2092 803 1361 1372 2290 1302 1528 1991 292 531 1093 1640 48 2508 1637 1985 2565 210 1891 2670 801 1442 805 1981 2759 1313 
801: 596 2610 258 636 1737 748 749 1282 2421 2028 148 985 582 2092 803 827 829 856 1037 1310 1372 1528 1671 2206 1861 292 347 421 509 1998 531 800 1656 1182 2334 245 2175 1588 1640 1883 48 2180 2388 367 766 1449 2508 2324 1204 1637 1071 1985 2565 275 300 1252 880 2670 1910 1918 2580 2344 1750 1946 805 1064 1389 1981 2308 2759 2259 1442 
805: 596 2060 2655 1737 748 1884 2025 2028 595 985 2092 803 926 945 1361 1904 2290 2650 1332 1861 1991 2673 598 597 89 91 296 406 407 466 667 698 2776 800 801 180 731 1080 48 2616 2508 1637 1071 1985 2515 2565 1891 1046 2670 1418 1442 2727 1854 1981 1357 1238 2759 2292 
814: 596 2736 2381 595 827 1309 2725 37 377 2177 2640 1601 2209 413 585 711 
855: 596 422 2149 2067 1242 893 1574 2125 595 2137 1899 803 947 1009 37 421 598 597 453 567 725 586 158 1979 2589 68 2302 576 1234 44 118 333 757 1767 1660 1957 1703 1546 1035 1709 2767 1198 1351 1864 1057 1866 2773 1697 
858: 596 1894 1892 630 586 1234 2698 849 
860: 596 1581 138 344 1668 1678 2200 2751 748 2025 2028 2684 803 933 1359 1361 1372 1559 1809 2168 2725 1843 37 421 1158 2491 1181 940 1180 1785 1826 1967 2036 1264 2209 624 1262 1016 1545 2256 2727 1964 1966 1077 955 1371 
872: 596 241 901 27 37 1058 79 173 529 531 14 1500 85 2171 1294 2332 1827 1578 1075 956 957 1855 1091 2627 2003 2008 1633 
885: 596 258 470 2149 636 1215 2264 1756 749 2285 1755 2375 1503 1558 1026 1570 1106 595 2137 148 1067 440 856 945 967 1148 1753 2182 2650 609 1671 1892 2742 524 2578 823 478 480 784 14 1142 1147 1149 102 712 1146 2175 1340 2501 2347 576 686 747 28 70 98 303 355 364 442 472 477 540 573 634 710 817 841 1212 2155 1151 1689 2301 2209 2214 1725 1222 2260 1241 1258 1262 1263 1791 1851 2371 1883 1379 894 1412 2436 1418 1088 1428 1120 2473 1977 1480 971 2019 1633 2026 2558 2079 1093 
894: 596 2060 2610 95 258 399 2149 2200 877 1203 1737 748 749 2285 1282 2381 893 998 1558 1026 2606 1106 595 2137 148 242 2167 901 352 487 733 829 832 856 898 945 967 1148 1361 1713 1809 2044 2240 2650 198 1274 2300 1671 2206 1852 1843 37 75 421 524 2339 509 1998 173 188 351 529 531 533 667 784 885 1142 1147 1182 712 751 178 1502 2474 525 1494 2175 1606 802 1469 2506 1601 1794 1180 2715 794 938 1091 1093 1281 1441 1522 2482 1758 1883 2036 2088 2108 141 286 327 2436 2525 169 2469 2426 146 2635 1689 2151 1666 177 202 513 1105 157 1807 1118 2209 2324 2232 2747 1349 49 67 78 336 477 542 544 606 645 831 2681 2706 1768 1770 1784 1313 1828 1333 1924 2107 1590 2187 900 902 1418 916 955 1473 962 2628 1501 2527 2544 1014 2556 1552 2579 2094 2612 2104 2223 1092 1097 1612 
899: 596 1581 696 241 258 344 471 547 2149 636 2067 2200 877 1737 2264 749 2421 2606 2102 1106 595 2137 148 265 2684 901 770 803 856 926 1037 1713 1809 2033 2081 2120 2168 2290 2725 2458 2207 37 347 402 421 1524 1363 1158 598 2578 678 1984 1998 597 1058 173 203 377 405 407 414 529 531 533 543 556 630 2331 781 782 784 2177 1656 1533 1182 2386 2150 363 1298 1502 892 2474 1786 1494 1606 1181 802 1469 1482 2318 1180 2715 731 747 786 1143 1187 1281 2036 2388 364 2636 2646 24 2658 1689 149 157 181 202 386 391 506 540 544 572 668 669 880 1125 2151 1674 1641 1173 2489 2747 2752 2760 1768 2322 1819 2330 1828 1833 2351 1333 2411 1918 2452 955 2005 2527 1016 1025 2562 1548 1880 1587 1590 2308 1092 1097 1118 
916: 596 1160 2200 2755 2606 2102 595 901 718 898 1359 1811 1818 86 2578 2789 761 894 1142 1979 180 2175 722 938 1141 1217 1336 1358 1588 48 2448 2554 2332 1727 2635 2065 1263 2748 1641 1685 1985 2070 1092 505 1511 1775 2538 1828 921 1209 2227 
943: 596 1581 2610 2149 1737 2421 1945 213 770 803 947 1037 1372 1671 37 421 79 2150 1909 1502 1104 181 2330 634 2670 2595 2216 2103 2759 2760 
957: 596 2610 1108 2606 1106 803 945 37 421 79 529 531 533 667 2788 872 14 2177 1500 1312 1794 15 169 355 479 1294 1827 2280 1270 1896 1689 2332 1825 2627 2003 2008 2609 
960: 596 2060 696 1752 2285 1282 1108 1564 2125 595 777 2092 368 803 898 933 945 1019 1148 1176 1361 1372 1498 1728 1818 2044 2725 2442 2533 2650 2279 2758 2488 37 347 421 89 91 173 296 403 466 529 533 543 546 2678 666 699 2387 1656 1147 2334 751 1585 2474 2589 1786 779 601 2659 662 2729 1004 1011 2398 1241 1346 1626 1848 1855 2030 103 2199 600 2648 1727 1039 2209 2324 1637 1175 2215 2032 1808 325 457 518 538 2160 1126 2674 2192 2211 1193 1197 1650 2245 2133 1747 1326 1854 2369 1364 1389 2418 1348 1492 1538 1551 2075 2603 2604 1544 1604 
980: 596 636 1668 877 748 2421 595 553 2092 856 926 947 1811 2650 37 421 1468 597 1058 231 529 2361 2349 1637 2676 2747 2427 315 571 703 726 880 882 1642 1537 2128 1296 2325 2731 1092 1111 
1011: 596 748 2285 1755 2421 2025 2028 1108 1564 595 898 933 1372 1498 1818 2442 1991 37 347 421 598 79 89 296 535 667 698 699 2331 960 14 2334 2589 15 295 956 1175 2026 2538 1404 1855 2003 1197 2603 1073 1819 1346 2627 2245 1883 
1012: 596 748 2421 1106 595 803 945 2725 37 421 598 664 1258 1621 
1015: 596 2200 877 749 27 373 1433 1200 543 1606 1214 176 627 1860 1837 1596 
1039: 596 696 138 1752 748 550 1108 1564 777 2092 770 898 945 1310 1361 1728 1818 2725 2442 2279 2758 2488 1984 597 403 546 960 2177 1656 1142 2334 1585 2589 779 2659 2715 2398 1403 1848 1855 2030 103 2636 600 1727 25 325 534 669 830 1637 1257 1389 2032 2211 1621 2075 1492 1808 2192 2747 1538 1193 1092 1197 2603 1544 1604 2604 2515 1118 1208 
1061: 596 2610 636 877 803 856 1148 37 2238 1147 1724 222 2510 2424 2236 
1065: 596 1372 2207 37 421 260 1142 532 1585 787 1786 1447 1255 1939 887 1708 2246 2651 2737 
1071: 596 2060 696 471 1177 1737 2264 748 1282 1884 2421 1945 2606 1106 148 803 832 945 1372 1515 1543 2044 2725 2533 37 347 402 1984 1998 79 173 188 407 546 801 805 2049 1909 1680 739 2342 527 2451 2341 2728 2398 1143 2030 2088 425 2558 2757 120 202 2324 1685 2215 655 2445 1684 2464 1703 1985 2245 2378 1491 
1080: 596 2610 1106 595 926 1433 1904 1861 2673 598 597 89 91 296 406 407 466 667 698 2776 805 14 888 44 1512 2411 1837 2223 2357 2515 1590 1105 2292 
1091: 596 2610 696 344 471 2149 2067 877 1203 1737 2264 748 749 2421 1936 998 2606 2102 1106 595 2137 148 265 2684 901 213 733 803 856 926 933 945 947 1037 1254 1361 1372 1575 2290 2725 2458 2207 37 421 2742 1363 598 678 2480 2491 1984 597 155 288 407 529 531 533 2699 872 894 14 1500 1182 2150 1298 1312 2589 1606 1181 1482 1601 1794 1180 747 840 133 137 157 181 222 295 364 479 506 692 880 903 2660 1674 1173 2199 2218 2752 1223 2760 1754 1761 1294 1313 1825 2349 2351 1333 2388 1369 1885 1896 1918 1428 1436 1443 2198 2489 2627 2003 2008 2036 1551 1092 1093 2054 
1092: 596 1581 2610 696 184 258 471 547 2149 2200 877 1203 1752 2264 748 749 2285 550 2381 2421 893 2433 1945 1503 998 2025 2028 1108 1564 1026 1570 2606 2102 1106 595 2137 148 2684 901 213 352 718 733 745 770 803 827 829 856 933 947 1037 1099 1148 1254 1359 1713 1809 2044 2120 2725 2438 2458 2785 1671 1695 2207 1844 1975 37 421 1524 2742 1363 1158 598 2578 678 509 2480 2491 1984 1998 597 1058 89 173 288 296 317 403 405 406 407 478 497 529 531 533 543 567 630 666 761 781 782 784 894 899 916 980 1039 1091 2177 1656 1182 2334 1979 2150 363 751 1298 178 1502 2474 1786 2175 1606 1181 802 1469 1214 1482 1601 1180 601 731 747 1093 1143 1522 1640 1726 1785 2030 2036 2088 2108 141 2199 327 2388 364 417 2525 2636 600 2646 2198 1689 181 1234 2144 157 1980 2322 1118 2209 1757 1637 2747 2032 873 2515 1621 49 78 123 130 149 170 386 391 484 506 534 539 540 572 645 669 695 713 785 876 900 962 1016 1046 1645 1552 2489 1674 2325 2218 2752 1224 2269 2779 2760 2306 2308 1409 1816 1313 1327 2351 1333 1703 1853 1526 1501 1859 1362 1369 2394 1918 1473 2202 2119 2005 2527 2534 1770 2556 1548 2094 1587 1208 2628 1230 2143 
1093: 596 1581 2060 1074 97 258 344 471 636 2200 877 2285 2382 2421 998 2025 2028 1558 1564 1026 2102 1106 2137 2167 803 947 1372 1543 1559 1753 1809 1811 2168 2182 2725 2650 198 420 1506 2279 2758 1671 86 421 2002 2578 2491 1673 203 214 382 405 406 453 529 531 630 800 885 894 1091 1092 14 1500 512 1182 1979 1909 1298 2589 1469 1601 731 786 840 28 87 88 320 400 409 482 708 833 873 876 880 896 955 999 1076 1551 1649 2672 2164 2675 2172 2192 2193 1689 2209 2230 2236 2747 1731 2766 1754 1654 1257 2015 1785 1791 1672 1292 2319 2322 2330 1339 1369 2394 1404 1410 1418 1422 1937 2452 1452 1966 1967 2487 1428 1492 2517 2032 2544 2062 1554 1557 1565 1538 1578 2604 2647 
1111: 596 2060 2610 696 636 877 2421 1108 1988 803 856 1037 1099 688 347 1871 1158 1058 79 296 382 441 466 666 667 2788 980 1656 1260 2589 1340 2501 1320 2008 1294 2332 956 2198 903 2417 1118 2349 2247 1977 1637 1297 1551 1548 2202 72 746 656 929 1697 931 563 1457 1739 225 880 930 1018 1893 2418 2308 2424 
1118: 596 2060 241 344 435 547 2149 1668 2200 1737 2264 748 749 2285 1884 1385 2421 893 1474 998 2025 2028 1574 2606 2102 1106 595 265 890 2684 985 27 352 803 933 947 1037 1099 1254 1361 1372 1433 2120 2725 2206 37 421 516 1363 678 2480 155 407 2689 2788 894 899 1039 1092 1111 1182 363 639 1298 107 180 1606 1181 2318 1180 576 1004 1075 1139 1143 1375 1522 1588 2482 1730 1736 1967 32 64 2199 286 504 2332 956 2198 2173 1549 2658 845 181 1234 442 157 161 675 2638 130 150 316 438 536 594 604 624 701 963 997 1042 1674 1202 2236 2247 2760 1402 2202 1816 1827 2338 2068 1866 2424 2191 2791 2489 2493 1990 2522 1957 2057 1556 
2740: 596 2610 2409 1503 1574 856 947 2168 1844 2578 751 787 2482 1191 845 200 1234 635 1284 702 606 604 2260 2714 631 846 1134 1773 1777 2111 2163 2220 2430 
1135: 596 2702 1668 893 998 1558 2167 1559 2168 37 630 667 1644 413 1554 1537 2041 2203 
1145: 596 2610 1215 2381 2409 265 2684 487 1425 173 485 593 666 1656 1909 1312 1469 1205 2450 2319 873 59 356 738 978 1070 1079 1670 1427 1429 2467 2343 1711 2293 1495 
1175: 596 2610 696 344 471 749 2285 1474 1997 1108 1564 1106 777 126 898 1176 1310 1361 1809 2044 2725 2442 2590 2488 37 421 1984 89 91 154 188 203 296 312 372 407 466 529 535 666 699 2331 960 1011 1142 2334 779 2347 680 1004 2398 2112 2482 2030 2270 600 1727 1549 1863 2623 2209 63 84 195 393 455 1070 1126 1168 1890 1190 2411 2043 1409 1854 1703 1389 2211 1350 2612 1864 1808 2133 
2747: 596 1581 2060 184 241 471 2149 2067 2200 877 1737 1752 2264 748 749 2285 550 2381 1884 2409 2421 998 2025 2028 1108 1564 2606 2102 1106 595 2137 148 242 901 352 770 803 829 832 856 926 933 945 947 1037 1254 1372 1433 1713 2044 2725 2458 1415 2279 1671 2488 37 421 1524 2742 1363 1158 524 598 678 509 2480 1836 2491 1998 597 1058 155 203 372 403 478 529 531 533 2678 667 781 782 784 894 899 980 1039 1092 1093 2177 723 1656 1182 2334 839 2150 1166 1298 178 1502 2589 1786 1606 1181 1482 1601 2501 1794 1180 576 747 2398 1143 1241 1758 2008 2036 2054 2088 122 2199 286 2388 364 2525 2582 2636 2648 1764 169 2320 146 2635 2660 1263 1689 2010 181 202 1264 157 1231 752 1040 1578 2045 1291 2209 1641 2232 77 83 150 156 334 386 391 506 534 668 669 708 732 785 867 880 934 955 962 1016 1165 1167 1183 1208 1327 1333 1369 1501 1513 1539 1548 1551 1587 1615 1674 1703 1770 1837 1881 1918 1924 1932 2005 2040 2308 2351 2464 2509 2515 2631 2691 2752 2760 
1179: 596 636 2067 2200 2082 1884 1945 1997 998 2102 1106 1894 2684 2092 281 770 829 933 945 947 1148 1277 1361 1728 1809 2033 2290 2414 2533 383 411 1274 1301 1302 1671 1844 37 402 2002 1998 79 155 270 360 404 756 2177 1656 1147 1533 1149 1680 178 1502 2342 68 1601 2318 996 1300 1404 1883 1921 2050 2066 2138 327 2525 24 1649 26 280 427 434 477 605 830 2323 2216 1258 2508 2017 2415 1912 1917 1931 1685 1491 2001 2004 1497 1501 1509 
1180: 596 138 241 344 399 2200 1737 1752 749 2082 1884 2409 1945 1503 2606 2102 595 242 2684 553 985 901 440 718 733 832 967 1498 1818 2033 2168 2442 420 86 402 421 524 598 1836 597 89 173 188 380 407 478 522 528 529 531 667 761 860 894 899 1091 1092 1118 2747 14 1149 1182 318 1298 178 1502 2589 180 13 1606 151 1181 2342 2506 1601 134 2318 18 28 54 71 83 88 109 110 116 122 123 202 327 364 418 472 477 573 601 650 681 746 862 927 1025 1040 1042 2144 2676 2174 2186 1683 1685 1719 1689 1691 1722 1238 1785 1923 1373 1902 1966 1967 2489 2497 1481 2556 2008 1509 2143 1578 2392 1552 1612 1501 1208 
1188: 596 258 748 347 516 2177 1656 1727 1022 1079 2356 
1197: 596 696 1108 1564 777 2092 898 945 1728 1818 2725 2442 2279 2758 2488 347 1984 403 546 960 1011 1039 2334 1585 2589 779 2659 2398 1848 1855 2030 103 249 600 169 1727 1637 2032 1808 1538 1621 2603 2604 1419 2160 2211 325 1389 1257 1492 2192 2075 1193 921 2461 1604 1544 
1213: 596 1581 2149 1737 2421 1945 770 803 947 1037 1372 2081 1671 37 421 79 405 2150 1909 1502 1104 181 2330 2670 2595 2216 2103 2760 
1217: 596 749 1026 1425 1753 678 823 214 414 916 14 2437 69 2150 363 1909 1466 739 747 116 157 425 578 579 641 676 1022 1120 1136 1206 2529 1263 2034 1784 1530 1660 2299 2706 1828 2236 2394 1607 2760 1489 1757 1633 
1238: 596 2610 184 435 636 1106 901 2283 392 598 155 188 503 805 1180 1142 1909 1502 1469 2659 1141 1143 1404 1825 1848 2180 2308 540 
1255: 596 1581 471 636 877 1737 2264 748 2285 2421 998 1108 595 803 933 947 1037 1359 1372 2182 2725 609 1009 2279 2207 37 421 2459 1058 82 405 407 2678 1065 751 787 2506 1794 2482 286 1727 1549 2748 1791 2209 113 393 669 704 992 1159 1230 2675 1645 2535 2466 2467 2685 2359 2588 2026 2512 1824 1885 
1263: 596 2610 344 1745 1756 749 1755 1574 2102 1106 148 2243 718 827 832 856 1753 1811 2044 2458 1873 402 1158 678 2339 1673 214 377 414 2705 2776 885 916 2747 1217 2412 1905 511 363 1466 940 1482 1601 2347 747 759 875 1375 1404 1785 2110 2180 2280 1373 146 21 1765 116 149 157 257 513 530 579 641 676 727 845 862 944 955 1025 1076 1077 1120 1136 1173 1206 1256 1262 2173 2745 1733 2760 1757 2272 1768 1264 1784 2307 2368 2187 1912 2706 1955 2486 1472 1508 1509 2529 2718 2034 1530 2106 2394 2116 2139 
1265: 596 1705 2785 260 
1279: 596 471 547 636 748 2421 2028 2684 985 933 37 347 421 2699 2049 1221 180 2349 2288 2165 
1287: 596 595 1904 37 598 597 630 
1294: 596 696 636 2264 748 1108 1106 2092 368 733 745 947 1037 1099 1809 1818 2290 2442 688 347 402 1984 1058 79 203 296 466 531 533 666 667 2788 872 957 1091 1111 1500 1146 1625 2589 1794 1143 1270 1640 1825 1921 2003 2008 2088 417 2627 15 33 181 261 307 479 538 830 903 956 1223 1234 1637 1387 1649 2562 2604 1940 2204 2411 2603 2332 2497 2245 1491 2418 1754 1417 2511 
1297: 596 2060 877 1737 748 749 1755 2409 2421 1026 2125 352 745 803 947 1037 1099 1372 1811 2725 37 142 347 2742 173 382 405 407 529 531 2699 666 1111 2177 723 1656 180 2709 1281 2199 2270 400 2198 780 2417 181 1791 1291 987 2349 2247 72 563 656 708 746 929 930 931 1223 2424 1816 2202 1551 1548 2662 1457 2535 1739 1697 
1305: 596 877 1756 748 2421 803 947 1361 2168 2725 609 421 382 2150 751 2347 2282 2616 2151 157 1757 1621 540 1379 341 
1328: 596 877 985 411 524 1216 1224 1607 162 821 
1348: 596 696 2285 1361 1372 1425 1498 2442 466 699 960 1751 2493 143 788 2211 2410 
1379: 596 636 2409 1945 998 1558 2167 281 947 1559 1753 2168 383 2207 1844 86 312 885 1305 1533 1696 1555 1466 1502 180 2506 1422 1758 327 1649 181 202 798 1076 2330 1757 1882 1621 575 1501 572 83 477 634 651 994 1097 1846 2040 1660 1412 2611 
1388: 596 1581 696 471 2409 2421 595 947 2725 2458 37 421 1363 598 509 2480 2491 1984 597 478 751 438 711 1674 
1392: 596 1581 696 344 471 2421 998 1574 595 947 1148 1753 2725 37 421 1363 598 2480 2491 1984 597 478 751 1181 2729 711 2256 1591 
2449: 596 95 2606 595 281 352 1425 86 1318 2578 1998 74 351 360 630 760 761 1142 1182 11 1561 180 2175 166 287 591 1017 1036 1137 1396 1633 1661 1676 1956 2180 2183 
1428: 596 2421 595 2684 1037 1361 1433 37 421 597 229 231 380 885 1091 1093 1143 2349 221 222 930 1010 1167 1285 2548 1513 1642 2325 2218 1499 2489 
1434: 596 1160 1945 1474 1106 1861 598 360 723 1142 545 2780 1522 1781 2371 417 24 261 833 1140 2687 1686 2223 
1490: 596 2533 744 1765 1834 299 
1500: 596 2610 749 733 2290 2 79 377 531 533 667 2788 872 957 1091 1093 1294 2380 15 33 68 236 479 483 607 794 903 1223 1270 1376 1454 1825 1794 2197 1819 2332 2589 2493 2627 2183 2003 2008 
1512: 596 2149 1282 595 926 1037 1361 1372 2725 37 421 598 2331 1080 2374 959 2324 2229 
2464: 596 1581 2149 1160 1737 2285 1884 1945 1108 1574 770 803 827 829 832 926 933 947 1037 1372 2414 383 1671 2059 37 347 421 524 2480 1998 79 372 1071 2747 2177 1656 2150 1909 1561 1502 525 1104 2342 2667 2525 2550 54 181 2330 67 112 182 669 708 920 1258 1442 1462 1552 1684 1981 2103 2216 2440 2741 2593 2670 2595 2759 2760 2512 
1530: 596 877 1106 214 360 380 414 1217 1263 363 747 2575 1021 157 1757 1029 1799 2760 565 94 116 398 473 1120 2529 2155 1784 
1535: 596 258 1280 2137 803 1862 1998 28 300 1306 1534 2564 
1538: 596 2060 696 636 1737 2285 2409 2421 1945 2025 2028 1108 1564 1026 2125 2684 985 777 2092 803 856 898 933 945 947 1037 1099 1359 1361 1372 1728 1809 1818 2044 2290 2725 2442 1274 2279 2758 2488 37 347 421 560 1984 1998 89 173 203 296 403 407 466 529 531 546 666 667 699 784 960 1039 1093 1197 1656 1147 2334 228 1585 2589 436 2140 779 601 2659 2398 1848 1855 2003 2030 103 2609 600 956 1727 1807 2209 1637 1751 2032 1808 210 325 394 438 538 634 1007 1085 1193 1257 1389 1438 1463 1492 2192 2211 2075 1747 2603 1604 2497 2604 1544 1621 
1548: 596 2060 2610 184 241 471 2149 877 1737 748 2285 2421 1108 1564 1570 2606 1106 595 213 803 832 856 945 947 1037 1099 1372 1811 2044 2725 609 1975 37 142 2742 1158 2491 89 173 203 288 296 405 407 497 529 531 533 666 667 899 1092 1111 2747 1297 1142 2334 1979 1214 1482 576 1404 1758 1785 2054 364 2198 780 181 1644 1980 2209 2349 2247 1551 53 72 225 563 656 713 746 929 930 931 1224 1457 2202 1697 2237 1739 2760 2588 2548 
1551: 596 2610 1737 748 2082 2285 1385 2421 2025 2028 1564 595 803 933 945 947 1037 1176 1372 1728 2044 2725 2533 1332 37 347 421 372 960 1091 1093 1111 2747 1297 1548 2177 1656 751 2589 601 2729 1143 1268 1967 956 1727 1076 1449 2209 2215 53 438 972 1073 1339 1364 1397 1480 2591 2674 1966 2497 2160 2245 
1565: 596 2200 2082 595 856 1037 86 597 312 1093 1905 512 318 180 1787 492 1317 513 2197 1211 
1578: 596 696 241 2149 1203 2264 748 2409 2421 2025 2028 595 2684 1307 27 947 1037 1148 1361 2120 1844 421 1363 1158 678 1984 351 407 478 556 872 1093 2747 1180 1260 1142 1147 1149 2049 1343 712 1909 1466 107 2152 2347 794 1143 1268 1967 2036 2050 2171 425 2658 161 714 123 775 963 1116 1389 1539 2618 1978 
1580: 596 2067 1307 421 1822 
1588: 596 2060 184 471 1668 877 2082 2285 1282 2421 2137 373 1037 1361 1515 2207 1852 37 1609 2788 801 916 1118 14 1502 1404 873 1018 1034 1173 1299 1501 1784 1825 1674 2312 1942 2582 1837 2178 1977 2054 1761 
1591: 596 696 471 2421 595 803 933 947 1148 2725 2059 37 421 1363 598 2480 2491 1984 597 478 1392 751 1694 438 711 2256 
1603: 596 2025 2028 198 556 723 12 537 896 1250 2612 2045 2197 
1612: 596 2200 1203 1884 1945 998 2606 595 2137 856 2059 598 597 894 1180 1182 2175 1606 1181 122 2616 1743 1735 1313 2187 361 610 2586 2392 
1621: 596 696 435 547 1737 1752 2421 893 2433 1108 2063 1564 777 2092 126 352 718 803 933 1037 1176 1361 1372 1809 2725 2442 2279 2488 37 1984 105 351 543 546 1012 1039 1092 1197 1305 1379 1538 1656 1142 2334 228 2589 180 601 1855 103 424 600 120 2209 1637 2032 2493 170 325 673 817 869 1257 1389 1481 2429 2192 2481 1854 2308 2075 2245 2604 1748 
1626: 596 2060 2610 415 471 2655 2149 877 1737 1752 748 2421 1108 770 803 947 1037 1372 2725 2590 688 37 347 2578 2463 960 14 2177 1656 512 576 1321 425 600 788 1409 1485 1487 2577 2536 2209 2065 2391 1957 
1632: 596 184 877 1737 748 2082 1282 2409 1945 1474 2025 2028 985 745 770 829 933 1037 1359 1372 1705 2047 2283 2442 1304 1528 2785 347 421 173 453 784 1656 1142 751 1962 1502 601 1404 2066 500 1649 769 1840 2324 1419 1501 1491 2767 2304 1252 2233 280 791 1041 1462 2688 2461 2109 2651 
1634: 596 636 2137 1809 2727 1607 695 1389 2256 724 
1637: 596 696 184 636 1737 1752 2264 748 2285 1884 2421 893 2025 2028 1108 1564 595 1894 2684 777 2092 1307 1988 126 803 898 933 945 1037 1099 1156 1277 1361 1372 1728 1809 1818 2044 2725 2442 411 688 2279 2758 2488 37 347 421 524 1984 79 89 188 296 403 405 407 466 531 533 543 546 2678 666 667 699 800 801 805 960 980 1039 1092 1111 1197 1294 1538 1621 1656 1142 2334 1343 751 1146 1585 2589 180 2506 779 601 2659 2398 1143 1346 1848 1855 2003 2008 2030 103 327 2413 2609 600 2332 956 851 903 1727 2330 2209 116 170 210 325 394 438 498 530 921 1101 1193 1257 1389 1409 1492 1544 1604 2181 2192 2133 1751 1808 1814 2418 2493 2497 2032 2211 2075 2603 2604 
1640: 596 344 1756 748 1884 1945 2499 1574 2606 595 352 718 745 803 827 1309 2458 2650 420 1861 86 402 1892 524 79 351 382 630 761 800 801 1092 1294 14 1680 1312 1502 1221 525 2342 2506 1601 2450 1441 327 336 564 1036 1112 1295 1313 1314 1319 1442 1501 1893 2180 1691 1831 1966 1967 2486 2116 2507 1931 
1649: 596 636 2082 2285 1884 1945 1997 2028 1069 1106 1894 2684 2092 281 440 718 827 829 926 933 1037 1099 1148 1277 1361 1372 1809 2414 383 420 1274 1301 1302 1861 37 402 421 1261 2002 79 155 188 270 404 756 1093 1179 1294 1379 1632 2177 1656 1147 1149 2334 751 1680 178 1502 381 525 1494 2175 2406 2444 1181 2342 1469 68 2248 1601 2526 2318 2451 927 2693 1281 1422 1437 1883 1921 2050 2066 88 2138 218 327 425 2609 1373 2065 24 54 83 182 271 273 280 427 434 477 788 917 979 1025 1095 1258 1313 1327 1371 1462 1465 1491 1501 1509 2654 2674 2690 1685 2323 2216 2227 1770 2001 1828 1845 1912 1917 1919 1772 2467 2004 2579 2565 2143 
1685: 596 636 1177 1884 1108 2606 1106 595 718 832 1811 2033 2725 383 37 421 2002 154 756 916 1071 1179 1180 1649 233 1909 381 892 525 2342 2341 759 1336 1958 70 2138 2525 1727 2324 1509 1684 2035 2465 2001 2603 2489 2245 
1691: 596 636 2025 2028 1574 2606 733 803 1811 2182 2725 37 421 441 1180 1640 2177 1656 1142 2334 180 2008 2088 2525 1234 1076 457 1371 1419 1568 1674 1893 2695 1932 2727 
1696: 596 2060 344 1280 1945 1503 595 3 1984 597 164 360 630 1379 1656 1182 102 712 93 119 445 670 751 771 923 996 1137 1478 1561 1598 1652 1660 1689 2021 2209 1913 1956 2183 2685 2719 2083 2467 2636 2474 2476 2413 2671 2764 1781 2515 
1698: 596 811 1271 1484 512 439 1327 
1699: 596 877 1756 1755 985 945 1037 2279 2207 1861 214 637 245 1561 1601 601 1375 1234 1993 1081 185 2691 878 2656 2221 
1703: 596 2610 1756 1564 1176 2044 2182 2442 154 2331 855 1071 1092 1175 2747 2177 2334 2683 48 2209 185 738 1313 
1708: 596 184 462 877 1361 260 1065 1141 1219 141 304 1939 1117 197 887 1451 2737 2172 
1727: 596 2060 696 2264 2285 1755 2421 2025 2028 1108 148 2684 985 777 2092 898 933 945 1176 1372 1543 1728 1809 1818 2725 2533 2279 2758 2488 37 1363 1998 360 403 546 667 916 960 1039 1175 1188 1197 1255 1538 1551 1637 1685 1656 2334 1298 1502 1585 107 2474 1259 1794 779 601 2659 2729 2398 1141 1785 1848 1855 2030 103 2199 2276 327 600 18 26 325 695 1063 1140 1193 1230 1285 1364 1389 1465 1492 1501 1544 1604 1622 1644 2674 2698 2192 2211 2215 1808 2391 2461 2032 2075 2603 
1773: 596 241 893 203 2740 2526 2289 2324 1284 585 
1781: 596 1074 184 1160 2067 2200 1756 1755 1108 1069 2606 1106 1359 1361 2785 2279 524 1998 188 311 312 317 453 485 556 784 1434 1696 14 2412 1905 1147 318 180 2506 527 1143 1281 1404 19 187 315 356 391 498 513 600 863 882 1230 1315 1327 1419 1684 1747 2505 2036 1918 2319 2515 1827 
1785: 596 2610 696 184 258 462 2149 2067 2200 2264 748 749 2285 2421 998 2028 1558 1564 1570 2606 1106 595 2167 213 281 745 803 856 947 1037 1099 1148 1309 1310 1359 1543 1559 1753 2044 2120 2168 2182 2725 2438 2650 2207 1844 1975 421 2578 678 1836 1984 89 173 288 382 403 405 407 497 529 531 533 2705 666 707 782 860 1092 1093 1180 1263 1548 1727 14 1656 2334 1979 2150 363 751 1502 381 1786 1214 2506 465 1601 2501 2729 1143 1694 18 96 143 149 181 275 457 486 498 552 564 669 713 757 766 950 999 1040 1056 1076 1163 1211 1224 1262 1264 1360 1396 1492 1549 1552 1587 1590 1602 2577 2198 2227 2500 2786 2308 2328 2332 1881 2453 1955 2467 2199 1966 1967 1977 1980 2202 2510 2512 2550 2557 2617 2647 
1801: 596 2125 440 1543 1862 404 414 14 2526 1266 1375 25 552 651 1747 2593 1864 2642 2691 1883 
1822: 596 2067 1148 421 597 1580 1905 
1827: 596 1108 1809 86 1058 441 872 957 1118 1781 1375 1826 2627 1234 1918 359 457 1709 
1833: 596 258 471 2149 877 1026 1069 2606 595 2137 856 926 1037 1811 609 37 347 421 1363 678 2397 2756 899 2177 1656 2150 363 1181 384 400 2550 2635 1076 1641 672 978 1056 1285 1419 1523 2187 2094 
1848: 596 2060 696 470 2421 1108 1564 595 777 2092 1988 733 898 933 945 1361 1372 1728 1818 2044 2725 942 2279 2758 2488 37 347 421 1892 560 79 188 403 405 407 466 543 546 960 1039 1197 1238 1538 1637 1727 14 2177 1656 1149 2334 1585 787 2589 1130 779 2659 2398 103 295 325 600 921 1140 1165 1190 1193 1389 1486 1492 1544 1604 1724 1725 1808 2192 2209 2211 2225 2603 1850 1855 2365 1932 2020 2030 2032 2075 2609 2110 2131 
1854: 596 1106 126 933 947 1176 1372 1728 2182 2725 351 2776 805 960 1175 1621 1142 2171 2361 327 2648 2558 1814 876 477 2211 1748 438 1409 1439 
1855: 596 696 2200 1242 2264 748 1108 777 2092 898 945 990 1372 1728 1809 1818 2725 1302 2279 2758 2488 421 188 288 403 546 744 872 960 1011 1039 1197 1538 1621 1637 1727 1848 14 2334 1561 1585 1259 1606 779 2659 2683 2398 103 176 325 457 600 766 1087 1105 1193 1258 1389 1480 1492 1544 1604 1808 2229 2698 2308 2671 2418 2171 1932 2192 2032 2211 2369 2603 2075 2131 2162 2030 
1887: 596 1737 2421 148 803 1309 1811 2150 1482 1797 2349 1886 2534 
1905: 596 2060 1074 2264 1884 1945 2606 148 281 718 803 1310 1359 2033 3 383 1671 1852 37 75 86 509 2480 1998 74 164 317 360 630 761 1263 1565 1781 1822 1656 2412 21 26 93 110 119 157 177 298 310 315 366 367 391 445 456 525 530 551 670 750 751 771 923 996 1057 1090 1110 1137 1154 1157 1182 1199 1212 1259 1295 1358 1366 1393 1453 1463 1478 1555 1561 1619 1633 1658 1660 1676 1688 1689 1731 1791 2150 2685 2183 2187 2194 2719 2227 2584 2239 2764 2778 2272 2344 2364 2389 1913 2447 1956 2476 2479 2175 1979 2506 2512 2021 2551 2554 2556 2054 2467 2083 2636 2098 2129 2635 2140 
1909: 596 2655 1177 2125 1106 242 440 718 770 832 1277 2044 383 420 1274 2785 2279 2206 2207 402 678 593 943 1071 1093 1145 1213 1217 1238 2464 1578 1685 14 1142 1149 158 5 751 104 116 224 243 324 327 343 362 381 409 413 477 564 714 720 750 787 788 851 1005 1312 1313 1336 1466 1469 1480 1501 1502 1509 1584 1633 1689 2151 2158 2319 2687 2194 2706 2760 2273 2784 2299 2318 2434 2361 2378 1912 1924 2114 2485 1985 2557 2565 2566 2567 2568 2569 2570 2571 2572 2573 2302 
1923: 596 344 471 2655 2149 636 1752 1756 748 749 1755 2433 1945 2025 2028 1564 1574 2606 1106 148 829 933 1037 1359 1361 1433 2725 411 420 347 524 89 1180 1656 1147 1533 1182 751 2584 178 1502 180 1494 1606 1181 2451 2036 2066 103 327 425 1373 202 752 1977 51 1754 166 192 472 530 651 1068 1085 1258 1429 1501 1770 2292 2172 2577 2695 
1927: 596 636 1106 942 1301 1302 2059 1806 1695 1300 2450 285 1932 1079 2478 692 1931 2461 1926 267 1929 1930 1953 
1939: 596 2285 2025 2028 2063 945 1361 1372 2207 37 560 260 1065 1708 783 1482 1601 2667 2008 2020 2131 2609 1569 2209 348 887 2737 2492 2621 
1941: 596 203 405 406 14 
1954: 596 471 877 1282 609 1524 524 1998 407 522 528 529 781 782 784 1786 2347 1321 2436 914 2065 2139 1807 2005 1333 139 282 386 1057 1587 1816 1903 2452 2356 2619 
1965: 596 360 1797 690 
1967: 596 2702 2149 877 2381 2409 893 1936 1997 2025 1570 1574 2606 2125 1106 2137 1868 27 352 718 770 827 945 1374 2033 2290 2725 86 214 351 360 382 414 497 529 531 533 2788 782 860 1093 1118 1180 1551 1578 1640 1785 14 1979 1312 1502 381 2474 180 2342 1665 940 2506 2183 2318 927 2639 794 888 1210 2482 1958 24 64 71 99 113 123 240 252 286 506 540 557 591 650 653 708 798 834 845 878 993 1022 1043 1100 1134 1191 1209 1229 1262 1296 1311 1330 1334 1369 1373 1412 1479 1507 1509 1568 1583 1596 1652 1659 1662 1672 1738 1766 1784 1828 1840 1851 1966 2657 2658 2666 2170 2171 2687 2189 2253 2587 2065 2249 2270 2271 2787 2507 2296 2328 2345 2528 2087 2018 2359 2440 2445 2453 2624 2489 2019 2038 2036 2050 2070 2612 2107 2621 2122 1971 
1985: 596 1581 696 2149 1737 1756 748 2285 1755 1884 2421 1945 595 770 803 829 832 898 926 947 1037 1361 1372 1818 2650 383 1671 2059 37 421 1984 79 288 405 630 800 801 805 916 1071 1909 2150 1502 525 1104 613 722 1141 1336 1956 327 2557 486 181 2330 1081 2676 1349 46 83 112 119 182 477 605 1095 1122 1417 1460 1501 1560 1912 1931 2670 2759 2440 2443 2595 2216 2761 2103 2760 
1990: 596 877 2137 803 1361 1372 421 360 1118 1502 2030 442 130 701 1406 1407 2340 2312 2343 
2001: 596 2149 2082 1282 1884 1945 1997 998 2025 2028 2092 281 733 770 829 933 945 947 1148 1277 1361 1372 1728 2033 2290 2414 2533 383 1274 1301 2488 1844 2002 79 155 188 360 404 756 1179 1649 1685 1656 1142 1147 1533 1149 178 1502 2474 1494 2406 2342 68 2302 1601 2318 2715 996 1143 1281 1300 1404 1883 1921 2066 2138 327 2525 2508 499 2323 2493 1957 1917 1085 1501 280 319 427 477 530 605 788 830 941 1258 1350 1491 1497 1931 2216 2415 2004 
2003: 596 696 2655 2285 1108 1988 733 945 1099 1361 2044 2290 597 1058 79 89 296 377 466 531 533 666 667 699 2788 872 957 1011 1091 1294 1500 1538 1637 14 2380 2589 1794 2451 964 1270 1825 15 33 240 394 479 903 956 1209 1223 1419 1429 1451 1480 1751 2562 2627 2332 2497 2250 2008 2609 
2008: 596 1581 2060 2610 2265 184 258 462 471 2655 2149 636 2200 1737 1884 2421 893 1945 2025 2028 1108 1069 2606 595 148 265 2684 1988 281 718 733 770 856 933 947 1037 1099 1156 1310 1359 1372 1374 1811 2240 2290 2355 411 609 942 1301 1861 347 1363 678 79 296 382 405 466 531 533 543 666 667 2788 760 761 872 957 1091 1111 2747 1180 1294 1500 1637 1691 1939 2003 14 2177 1656 2049 2150 751 1298 1502 836 2589 2175 2444 1181 1482 1794 778 1270 1281 1404 1694 1825 15 33 64 77 145 157 202 211 286 364 409 479 903 956 1152 1223 1252 1313 1389 1478 1501 1511 1624 1704 1810 1830 2209 2757 2332 2250 2323 2353 2361 2366 2497 2609 2104 2616 2627 
2030: 596 696 2655 1108 2125 595 777 2092 1988 898 945 1176 1372 1728 1818 2442 2590 688 2279 2758 2488 37 347 421 1984 89 203 403 407 485 546 699 960 1039 1071 1092 1175 1197 1538 1637 1727 1848 1855 1990 14 2177 723 1656 1142 2334 1585 1352 1340 779 2659 2398 1241 1376 2112 2020 42 103 129 195 277 325 534 600 921 1193 1389 1492 1544 1604 1650 1722 1808 1930 1932 2671 2187 2698 2192 2211 2775 2493 2510 2032 2075 2600 2603 2609 2131 
2032: 596 1581 2060 696 2200 1737 1752 2082 2421 893 2025 2028 1108 1564 595 2684 777 2092 213 856 898 933 945 1156 1372 1728 1818 2725 2442 1528 2279 2758 2488 37 347 421 1984 188 403 407 529 543 546 960 1039 1092 1093 1197 1538 1621 1637 1727 1848 1855 2030 1656 2334 318 1585 2589 1786 779 601 2659 2398 103 600 1689 2209 1977 170 325 538 880 882 1193 1249 1257 1389 1409 1478 1492 1544 1604 1808 1918 1932 2192 2211 2229 2782 2308 2411 2493 2548 2075 2603 2604 
2066: 596 1737 748 1945 1106 281 770 829 1359 1361 1372 2438 2442 1274 1301 1528 2206 2207 345 756 1179 1632 1649 1923 2001 14 1656 1533 178 1502 836 1647 1494 2526 2318 1139 1300 1404 202 280 427 499 605 830 862 1110 1140 1290 1366 1387 1412 1491 1501 1770 1793 1830 1860 1902 1924 1931 2138 2706 2323 2627 2651 2695 2525 
2075: 596 696 1108 1564 777 2092 898 945 1361 1372 1728 1809 1818 2725 2442 2279 2758 2488 347 1984 403 546 960 1039 1197 1538 1621 1637 1727 1848 1855 2030 2032 1656 2334 1343 1585 2589 779 2659 2398 103 600 2676 1808 2603 2604 1419 2211 325 1389 1257 1492 2192 1193 1544 1604 1932 2461 
2113: 596 2518 333 2521 
2115: 596 947 402 1608 1424 438 1709 
2118: 596 241 258 415 2120 1861 260 351 414 14 172 1533 787 1241 161 316 2622 2558 
2565: 596 1581 2149 1737 2285 2421 1945 770 803 829 926 947 1372 2414 1671 37 421 79 800 801 805 1649 1909 2150 1298 1962 1502 1104 996 1956 2550 2557 181 2330 1040 119 1258 1462 1501 1981 2103 2216 2440 2512 2670 2593 2595 2759 2760 
2138: 596 2610 696 636 1884 893 1945 1997 998 1574 1106 1894 2092 281 352 770 827 829 1277 1728 2290 2414 383 1274 1301 2785 1844 37 421 2002 79 351 522 756 1179 1649 1685 2001 2066 14 1533 1680 1962 178 1502 787 525 1469 68 2318 996 1300 1404 1694 1883 1921 1956 54 280 307 308 327 427 477 552 605 708 830 1085 1258 1409 1491 1501 1509 1748 1770 1772 1819 1917 1919 1931 2004 2671 2674 2323 2270 2391 2415 2525 2467 2559 2615 
2140: 596 2060 1074 344 471 877 1203 1737 2264 749 1282 2409 2606 2102 2137 718 733 803 1099 1148 1361 2458 1671 1844 37 75 1363 317 360 405 453 1538 1905 14 1260 2412 1147 1149 510 2150 1146 11 1606 1181 802 1482 70 120 315 367 513 786 959 1139 1187 1252 1404 1463 1688 1911 2436 2151 2189 2324 2344 
2155: 596 2610 2491 885 1530 1166 2209 700 2653 2588 1119 
2160: 596 2200 2409 2025 2028 1564 2092 79 453 960 1197 1551 2177 586 1260 2334 2474 2589 1726 2475 2591 2603 251 108 1051 1258 1478 1523 1546 2307 2786 2595 2216 2245 
2165: 596 1037 337 1279 2036 2288 162 
2171: 596 2060 1160 877 2264 748 2285 2381 893 1894 1899 745 947 1433 1811 1904 2044 86 478 872 1578 1854 1855 1967 14 1147 2506 1404 40 99 100 303 573 1017 1095 1550 1552 1707 1918 1920 1966 2065 2554 2216 2627 
2177: 596 696 2655 1752 550 1884 2063 1106 199 281 770 832 926 933 945 1176 1496 1543 2044 2047 2283 2590 198 383 2785 2279 1852 86 402 1158 524 1984 597 2 105 128 154 206 237 270 288 372 380 403 543 546 561 2705 699 814 899 957 1039 1092 2747 1179 1188 1297 2464 1551 1626 1649 1691 1703 1833 1848 2008 2030 2160 65 107 161 202 278 301 318 436 463 483 534 605 616 662 669 788 817 826 868 1190 1208 1355 1404 1409 1585 1587 1631 1636 1656 1664 1665 1739 1763 1808 1880 2135 2170 2659 2192 2324 2212 2215 2766 2525 2323 2515 2347 2518 2371 2380 2391 2413 2418 2475 2493 2209 2211 2636 2600 2609 2394 2627 
2209: 596 2610 241 2200 2285 2421 1945 1474 2025 2028 1108 2063 1564 1026 281 745 803 856 933 945 1037 1133 1433 1809 2044 2725 2442 198 411 1671 2488 1843 37 1998 91 154 173 188 237 288 337 372 403 466 503 529 2699 664 666 667 699 2331 814 860 885 894 960 1092 1093 1175 2747 1255 1538 1548 1551 1621 1626 1637 1696 1703 1848 1939 2008 2032 2155 2177 1656 1142 2042 2334 779 662 663 2112 286 2550 2609 2627 2646 367 28 51 1022 1140 1631 1660 2041 2215 2475 2497 2591 
2211: 596 696 636 998 1108 777 2092 898 933 945 1176 1361 1372 1728 1809 1818 2168 2725 2590 1528 2279 2758 1671 2488 347 1984 89 203 403 407 546 960 1039 1175 1197 1348 1538 1637 1727 1848 1854 1855 2030 2032 2075 2177 1656 1142 2334 1585 779 2659 2398 1141 2112 103 600 2648 1076 1808 1814 2603 1419 129 325 438 610 615 842 921 1193 1323 1389 1409 1492 1544 1604 1650 2192 2256 
2212: 596 636 2200 2433 1026 2137 213 945 1811 2044 347 155 2177 1656 2474 1825 2388 400 2282 1419 2275 305 1918 738 708 2452 1784 724 1999 
2215: 596 2610 471 748 2025 2028 2125 595 2137 1037 1359 1361 1728 1811 2725 2533 37 421 546 960 1071 1551 1727 2177 2209 1656 2302 601 662 2729 1549 300 1101 1364 2674 
2232: 596 2200 595 803 2725 37 421 598 2459 597 894 2747 2361 1791 871 2079 
2292: 596 2060 636 1474 998 1106 595 440 926 1148 1904 2207 1844 1861 2673 402 598 597 89 91 296 382 405 406 407 466 667 698 2776 805 1080 1923 172 2380 1149 158 1555 1561 1466 1585 381 892 1259 2318 1883 327 2647 367 766 157 1757 2515 147 60 343 921 1113 1313 1327 1683 1914 2706 
2323: 596 1581 636 748 1857 1945 1997 2606 1106 2092 733 829 945 947 1037 1133 1277 1818 2240 2414 942 1274 2059 37 2002 79 214 756 1179 1649 2001 2008 2066 2138 2177 178 1502 2444 68 996 1404 1694 2353 2361 2757 202 77 280 409 1167 1258 1491 1501 1624 1704 2004 2250 2415 
2334: 596 696 184 471 2067 1752 2264 748 2285 1884 2421 998 2025 2028 1108 1558 1564 1570 2102 2125 1106 595 2167 2684 777 2092 213 718 803 856 898 933 945 947 1037 1099 1148 1372 1559 1728 1753 1811 1818 2044 2168 2725 2442 2590 3 383 411 2279 2758 2488 1975 37 347 421 2742 1363 524 598 678 1984 1998 597 50 89 154 173 288 403 407 497 529 531 533 546 666 698 2331 2776 801 960 1011 1039 1092 1175 2747 1197 1538 1548 1621 1637 1649 1691 1703 1727 1785 1848 1855 2030 2032 2075 2160 2209 2211 14 1656 18 98 103 162 196 202 280 286 298 325 327 400 600 601 713 738 751 779 785 1051 1143 1146 1193 1207 1214 1224 1257 1298 1346 1357 1389 1482 1492 1501 1502 1544 1585 1598 1601 1604 1644 1684 1747 1751 1808 1918 1932 1979 1980 2191 2192 2198 2202 2659 2589 2342 2398 2399 2475 2506 2515 2603 2604 2609 2647 
2336: 596 1668 1883 247 1412 708 984 1140 955 
2342: 596 241 344 1756 749 1884 1945 1997 2606 2102 2125 1106 1148 1498 1753 2033 198 383 1844 402 1158 509 404 406 782 1071 1179 1180 2464 1640 1649 1685 1967 2001 2334 14 723 1147 1149 11 1466 525 83 247 336 418 477 527 552 715 792 927 1057 1063 1089 1139 1144 1214 1411 1412 1437 1572 1633 1659 1684 1757 1980 2227 2268 2318 2728 2347 2579 2506 2639 
2365: 596 2610 344 636 1668 749 550 2102 1099 1176 2578 407 1848 1147 1182 1298 1340 1241 1949 224 578 2658 959 2247 1596 2187 2317 
2371: 596 2610 636 2200 877 1570 1574 718 803 2168 2458 2207 1843 678 382 407 885 1434 2177 14 940 2506 1139 1143 1404 200 552 845 932 1134 1539 1545 2217 2446 
2378: 596 1581 2149 1160 1737 1884 2421 1945 770 803 829 947 1037 1372 1671 2059 37 421 79 1071 1909 2150 1502 1104 996 1956 54 181 2330 182 1327 1850 1940 1943 2103 2216 2670 2595 2759 2760 
2391: 596 696 748 1474 777 2092 126 352 933 945 1176 1372 2442 2590 688 1009 1301 2758 347 421 1984 403 407 2705 1626 1727 2138 2177 1656 779 1139 1144 2609 2648 120 1022 325 1014 129 817 921 1650 1932 
2398: 596 2610 696 636 748 2421 1474 1108 1564 2606 595 777 2092 898 933 945 1148 1176 1361 1372 1728 1818 688 2279 2758 2488 37 86 347 421 598 1984 1998 597 79 403 546 761 960 1039 1071 1175 2747 1197 1538 1637 1727 1848 1855 2030 2032 2075 2211 2334 14 1656 1142 1147 1149 1343 1146 1585 2506 779 2659 103 129 185 325 367 600 812 923 1101 1191 1193 1346 1389 1492 1501 1544 1604 1791 1808 2192 2324 2376 2748 2603 
2413: 596 258 2421 1361 1372 1728 1811 2650 609 2059 323 421 360 1637 1696 2177 14 2605 2474 180 1340 2199 26 1007 1549 2065 2538 
2424: 596 636 877 803 1037 1361 229 231 2788 1061 1111 1118 1297 1656 1533 780 2065 2417 2660 181 1076 2349 2247 434 2094 624 2548 565 930 2237 225 2625 221 222 672 1235 1250 2208 
2441: 596 2610 184 2200 877 998 1069 1844 52 567 1656 1214 425 2065 181 2354 1414 2247 1102 1355 96 210 473 565 1252 1292 2016 2018 2220 2722 2446 2727 2619 
2466: 596 138 636 440 1037 2725 37 1998 533 543 2331 1255 375 540 673 1545 1830 2259 
2475: 596 877 1108 2069 856 945 1809 2081 37 1998 2160 2177 2209 2334 2474 2302 1694 2766 1549 443 1641 60 1230 1568 2395 
2489: 596 2060 2655 2149 636 877 2433 1945 1026 2606 947 1811 2459 1998 529 899 1091 1092 1118 1180 1428 1685 1967 1533 1182 1343 2150 2474 1181 1689 959 2349 2035 1419 2760 828 2593 162 1589 1452 2208 
2493: 596 1737 1884 2421 2025 2028 1564 595 265 2092 770 803 832 933 945 1372 2725 2442 2590 198 688 1274 1528 2758 37 347 421 598 154 1118 1348 1500 1621 1637 2001 2030 2032 2177 1656 158 2386 1680 1340 134 2318 1141 600 1791 1814 325 1389 1419 1462 1650 1702 1859 1918 1932 2245 2726 2651 
2497: 596 2060 696 1737 748 2285 2421 1945 1474 1108 2125 595 733 803 926 933 945 1037 1099 1372 1904 2044 2725 2059 421 89 128 288 296 360 372 466 531 666 667 699 1180 1294 1538 1551 1637 2003 2008 2209 69 1004 103 495 2609 956 1666 1644 1980 752 1977 1751 195 394 1257 1918 2245 
2508: 596 877 2264 2684 487 947 524 2002 188 531 543 781 784 800 801 805 1179 2001 107 616 1786 1340 2506 2302 731 176 2555 2658 1234 766 812 28 51 277 357 908 1044 1276 1440 1596 1619 2233 2512 2618 
2515: 596 2060 471 2149 636 2067 1737 749 550 1282 1884 2409 1945 2025 2028 1069 2125 1106 595 148 1868 368 718 770 829 926 933 1359 1361 1372 1498 1811 1904 2047 2725 1332 2279 2059 1861 2673 37 86 421 1363 1158 598 597 89 91 205 296 403 406 407 466 556 630 667 698 2776 2789 760 805 1039 1080 1092 2747 1696 1781 2177 2292 2334 172 1656 2150 751 639 1312 178 2732 1502 527 794 1281 1422 1441 1963 48 2114 2180 327 2436 425 2525 2636 1308 2324 2676 114 280 391 473 534 669 797 813 830 847 880 920 1174 1208 1327 1360 1397 1501 1655 1706 1802 1918 1932 1953 2085 2103 2181 2194 2230 2250 2344 2411 2514 2793 2681 2615 
2516: 596 1737 1756 749 1884 595 2033 383 1671 1844 188 382 666 1142 1502 2347 576 1375 1883 2647 1882 2035 1509 2026 108 1064 1510 1845 1846 
2522: 596 547 877 595 2137 213 945 37 86 421 2788 1118 1656 107 1375 2173 161 438 880 2308 2760 
2525: 596 2610 1737 749 550 1884 1474 1106 595 148 199 985 440 770 829 1019 1176 1713 383 1301 2059 1695 37 421 598 597 79 351 529 531 699 782 894 1092 2747 1179 2464 1685 1691 2001 2066 2138 2177 2515 14 1656 1533 158 69 639 178 1502 525 2302 1601 134 2451 2715 1139 1300 2088 2108 2270 327 98 169 171 280 307 492 581 605 711 750 830 833 891 962 1007 1122 1137 1183 1184 1276 1495 1501 1552 1602 1636 1750 1770 1931 1932 1940 2085 2324 2394 2415 2443 2511 2695 2786 2636 2559 
2526: 596 2655 1737 1745 1756 1755 2381 1884 2125 1106 595 1899 440 718 1559 383 1844 154 209 503 529 756 761 1649 1773 1801 2066 228 1561 178 1502 892 13 1606 2248 1601 44 65 78 83 109 157 201 202 280 307 457 477 689 715 753 766 953 996 1049 1257 1462 1465 1501 1550 1720 1760 1797 1845 1846 2026 2040 2139 2172 2672 2544 
2529: 596 1217 1263 1530 787 747 1076 157 1481 116 
2554: 596 317 453 916 1905 2171 14 233 512 318 417 2680 
2556: 596 2610 1737 1884 2606 829 1099 1543 2414 383 1671 529 894 1092 1180 1905 178 1502 327 2646 2782 1501 2415 1770 2087 358 2181 1931 
2566: 596 1581 2149 1737 2421 1945 770 803 947 1037 1372 1671 37 421 79 1909 2150 1502 1104 181 2330 2103 2216 2670 2595 2760 
2567: 596 1581 2149 1737 2421 1945 770 803 856 947 1372 1671 37 421 79 1909 2150 1502 1104 181 2330 362 2103 2216 2670 2595 2760 
2568: 596 1581 2149 1737 2421 1945 770 803 947 1372 1671 37 421 79 1909 2150 1502 1104 181 2330 2103 2216 2670 2595 2759 2760 
2569: 596 1581 2149 1737 2421 1945 770 803 947 1037 1372 1671 37 421 79 1909 2150 1502 1104 2036 181 2330 880 1918 2103 2216 2670 2595 2760 
2570: 596 1581 2149 1737 2421 1945 770 803 832 947 1372 1671 37 421 79 1909 2150 1502 1104 181 2330 2103 2216 2670 2595 2760 
2571: 596 1581 2149 1737 2421 1945 770 803 945 947 1037 1372 1671 37 421 79 1909 2150 1502 1104 181 2330 2103 2216 2670 2595 2759 2760 
2572: 596 1581 2149 1737 2421 1945 770 947 1372 1671 37 421 79 1909 2150 1502 1104 2715 181 2330 2103 2216 2670 2595 2760 
2573: 596 1581 2149 1737 2421 1945 770 803 947 1372 1671 37 421 79 1909 2150 1502 1104 181 2330 2103 2216 2670 2595 2759 2760 
2582: 596 696 184 547 2200 2285 2409 2125 373 718 803 1372 2044 37 554 1836 1609 188 776 2747 1588 14 2387 158 1601 731 99 277 766 847 962 1211 1234 1440 1465 1918 2343 2478 2656 
2589: 596 696 2655 636 877 1737 2264 748 2409 2421 2025 2028 1108 1564 1026 1106 595 2092 733 803 856 933 947 1037 1099 1310 1361 1372 1809 1811 1818 2290 2725 2442 688 2279 2488 2207 37 421 598 2491 1984 597 79 296 466 531 533 666 667 855 960 1011 1039 1091 1093 1111 2747 1180 1197 1294 1500 1538 1551 1621 1637 1848 2003 2008 2032 2075 2160 2334 7 103 129 180 286 307 325 457 479 540 600 673 721 738 903 951 956 966 1051 1140 1143 1167 1223 1257 1351 1389 1449 1550 1606 1825 1918 1932 2026 2192 2197 2418 2659 2741 2603 2604 2627 
2591: 596 515 547 2264 2421 1950 2025 2028 1564 595 803 926 933 945 1372 2725 37 86 421 598 1998 597 154 214 407 1551 2160 2209 1656 1182 314 180 1726 486 1807 457 1073 2307 2722 
2603: 596 696 636 1108 1564 595 777 2092 898 945 1156 1176 1728 1818 2279 2758 2488 37 421 598 270 403 453 546 960 1011 1039 1197 1294 1538 1637 1685 1727 1848 1855 2030 2032 2075 2160 2211 2334 2398 2589 586 1680 1585 779 2659 662 64 103 249 600 1644 1808 325 378 457 591 1137 1157 1193 1198 1257 1389 1492 1544 1604 2026 2043 2094 2192 2786 2773 
2604: 596 1074 696 877 748 2285 2421 1108 1564 2092 1988 933 2725 2442 2279 2488 37 421 1984 403 533 2678 960 1039 1093 1197 1294 1538 1621 1637 2032 2075 2334 2589 2150 103 2199 2600 600 2658 2637 162 325 1244 1257 1276 1389 1452 1648 1774 1798 2133 2192 2418 2544 2577 
2609: 596 696 1737 748 2285 1857 2421 1108 2063 733 945 1099 1361 2044 2725 2206 37 347 421 1984 89 296 466 531 666 667 2733 698 699 957 1538 1637 1649 1848 1939 2003 2008 2030 2177 2209 2334 2391 2497 14 1656 180 2302 2659 1266 2020 2131 286 320 2505 179 295 379 394 887 956 982 1098 1140 1278 1389 1451 1596 1751 1814 2104 2492 2558 2627 
2308: 596 2060 2610 184 877 1564 2137 265 901 213 281 803 1037 2182 2725 2590 1871 1673 79 89 91 237 296 529 531 533 546 637 666 667 2788 781 801 899 1092 1111 2747 1238 1621 1785 1855 2032 2522 532 1585 601 652 835 141 294 425 2558 162 295 564 895 1018 1140 1199 1252 1418 1486 2577 2691 
2622: 596 1861 260 414 2705 2118 2557 2558 
2627: 596 1074 515 877 1503 1108 1106 595 1988 733 2290 37 86 421 1058 229 529 531 533 872 957 1011 1091 1294 1500 1827 2003 2008 2066 2171 2177 2209 2589 2609 14 2380 1312 802 662 1825 364 479 903 1223 1918 2616 
600: 596 2060 1074 2610 696 2743 1737 1752 2264 2285 2421 893 1945 1474 1108 1564 1106 595 777 2092 126 856 898 933 945 1037 1176 1372 1728 1818 2725 2442 688 2279 2758 2488 37 347 421 598 1984 403 405 407 533 543 546 2678 2776 960 1039 1092 1175 1197 1538 1621 1626 1637 1727 1781 1848 1855 2030 2032 2075 2211 2334 2398 2493 2589 2603 2604 14 1656 1585 779 601 2659 1911 103 143 147 157 170 325 469 2192 2722 1193 1224 1257 2299 1492 1808 1814 1362 1389 2418 902 1932 921 950 1544 1604 2133 
2646: 596 2610 258 636 1106 1671 899 1092 2209 2556 14 2042 2150 1312 1404 2276 98 162 181 328 607 900 955 1419 1452 1689 2527 
2647: 596 399 1756 1755 2499 998 1108 1106 281 879 945 420 421 1363 1093 1785 2292 2334 2516 14 751 381 1469 2347 576 1758 1944 2361 240 300 575 660 1373 1659 1757 2492 2612 
202: 1581 2610 1138 636 1737 1752 2082 2285 1282 2381 1884 1945 2606 1106 590 733 770 827 933 1148 1374 1433 1713 2044 2166 2283 198 383 347 2339 382 535 760 894 899 1071 2747 1180 1379 1923 2008 2066 2177 2323 2334 2526 1656 1147 1149 751 245 1146 1962 1502 381 525 2183 1601 88 2353 2361 327 2636 26 181 123 1159 1173 669 2227 1230 2250 1791 1795 1295 2324 2326 1313 1845 1846 821 371 1926 1973 1501 1880 2394 1610 
257: 1581 258 998 803 945 1263 1149 24 2630 2545 1622 
261: 1581 2610 2082 402 360 1294 1434 417 
386: 1581 2060 148 2684 985 856 947 967 1705 1524 2578 509 1836 781 782 784 899 1092 2747 1954 723 1786 786 2487 923 2635 367 1689 2721 2005 2548 2695 2577 1513 1016 1540 1163 1293 1817 1587 2228 2752 1230 1366 2079 
642: 1581 2655 636 990 3 2785 2207 1318 1260 1533 11 551 2150 783 2587 1173 2229 2487 1341 2042 
727: 1581 1203 998 1106 2092 1809 1673 414 698 1263 1149 1502 1266 24 60 374 575 741 1675 1393 1589 
786: 1581 1668 877 749 2421 1564 242 1361 2725 2442 411 173 561 2331 2788 781 782 784 899 1093 2140 386 14 314 1786 19 295 297 2527 1000 934 1321 2577 2719 2223 1722 2234 959 1224 1230 2163 2396 
984: 1581 435 2200 2409 947 323 2459 405 407 2336 2584 134 1757 552 1396 1754 2671 1571 1633 1853 1072 2337 
1147: 1581 2060 184 344 547 636 1177 1203 1215 2264 1756 748 1282 1755 2375 1884 1945 1474 2499 998 1570 2125 1106 217 373 440 718 745 990 1053 1148 1498 2033 3 383 1506 2279 2059 1844 421 2742 516 1609 91 360 404 414 485 528 533 543 617 666 707 2331 2788 756 885 894 960 1061 1179 1538 1578 1649 1781 1923 2001 2140 2171 2342 2365 2398 202 5 26 80 84 93 98 101 134 151 245 285 321 394 475 477 486 496 500 525 540 541 575 621 633 634 690 712 795 799 861 921 927 941 1042 1079 1137 1144 1146 1638 1646 1651 1149 2687 2183 1726 1680 1219 2728 1208 2748 1731 1396 1739 1234 1240 1757 2674 1963 1765 1573 1791 1288 1289 1312 2359 1343 1346 1502 2745 2415 2631 1915 1411 1171 1344 2450 1345 1682 1452 1689 1495 1501 2552 2056 2579 1709 2600 2246 2101 2106 1601 1607 2640 
1230: 1581 2060 258 2655 2200 1945 595 967 990 1156 1009 2207 1524 598 2578 2459 509 404 617 2776 781 782 784 1092 1255 1727 1781 2475 202 386 786 723 314 178 1585 1786 1358 2487 500 2426 367 1689 1641 2005 2527 2691 2577 1837 1613 1140 571 581 1163 1540 1930 1366 1293 2086 
1260: 1581 2655 1026 933 1148 3 347 1318 317 453 1111 1578 2140 2160 642 14 318 513 751 900 2042 2587 
1344: 1581 636 1177 1737 2264 2375 1884 998 1106 718 990 1148 1433 2458 2785 1671 75 421 360 2776 760 1147 1149 102 2370 712 101 1298 1502 525 2183 1794 2347 1240 327 2600 1373 2135 26 1791 93 306 513 574 660 720 1137 1178 1382 2686 1501 1832 1972 2158 1345 1731 1610 
1504: 1581 258 148 890 213 945 947 2437 1040 1377 379 820 1505 1999 
1533: 1581 636 2082 1280 1282 1884 1945 2025 2028 1106 1899 2167 2134 281 770 827 829 933 1361 1372 3 420 1301 1671 1695 2207 402 2002 380 899 1179 1379 1923 2001 2066 2118 2138 2424 2489 2525 642 1656 2412 1142 19 40 65 70 88 103 170 178 236 280 327 341 366 483 499 500 542 605 715 731 766 794 830 845 892 930 983 996 1105 1257 1296 1300 1312 1343 1366 1417 1419 1457 1489 1491 1494 1501 1502 2162 2188 1679 2713 1707 2227 2741 2268 1770 1802 1582 1830 2351 1883 2361 1922 1924 1931 2500 1694 2005 2550 2087 2601 2099 1602 2114 
1786: 1581 2060 258 462 2655 636 2200 1282 2421 595 148 2684 856 967 1271 37 1524 2578 509 2491 1998 260 531 630 761 781 782 784 899 960 1065 1092 2747 1785 1954 2032 2508 386 786 1230 723 2049 2437 1182 11 367 1016 1040 1159 1163 1340 1357 1366 1540 1587 1613 2793 2320 2577 2005 2487 2752 1802 1881 2635 
1891: 1581 1385 2421 1936 803 1361 155 382 529 531 800 805 158 1794 2616 812 1291 2510 277 1540 
2660: 1581 258 547 2200 877 2421 1936 2025 2028 148 2684 985 933 1099 1843 1998 155 382 2696 1091 2747 2424 511 2437 64 956 914 2198 20 146 41 150 212 221 256 282 434 563 624 625 627 661 895 909 972 1202 1209 1235 1273 1675 1828 1866 1977 1980 2068 2154 2247 2310 2317 2602 
2752: 1581 2610 258 2149 877 1106 2137 352 803 832 856 1359 1361 2725 2650 1671 1524 1158 529 781 782 784 899 1091 1092 2747 386 1786 2388 1689 149 2005 1918 880 1333 1684 1587 438 1173 1256 
1787: 1581 1668 1565 14 1340 731 1679 191 1596 1915 2388 1913 
2322: 1581 2060 241 2149 2200 877 1737 1745 2409 2421 1997 1307 27 718 803 947 1361 1372 2120 2458 1844 1363 678 1836 188 351 531 637 707 899 1092 1093 2386 107 2302 2347 2729 1758 1963 2199 425 2766 460 2658 1234 1644 161 564 812 886 1291 1308 1313 1412 1545 1587 1770 2017 2677 2478 2504 
2288: 1581 748 1106 148 2684 985 213 803 945 1361 1543 2725 50 705 1279 2165 482 
2577: 1581 1074 696 1945 2028 856 609 1671 1524 1318 524 2578 1563 509 535 781 782 784 1626 1785 1923 2604 2308 386 786 1230 1786 512 510 2175 840 1404 1900 2173 367 1689 2638 1917 2143 2615 1389 106 418 651 711 874 971 1393 1568 2122 
2005: 1581 2060 258 471 636 1069 1106 148 733 856 945 967 1019 1037 1361 402 1524 2578 2339 509 1998 781 782 784 899 1092 2747 1954 386 1230 1533 1786 2752 1656 69 751 1298 2474 2175 1883 1921 286 425 2487 492 956 2224 2151 1098 1313 1636 483 838 852 1007 1016 1070 1163 1315 1513 1540 1587 1613 1750 1925 1932 1940 2548 2443 2163 2695 2512 
1928: 1581 2421 1372 1158 2491 1340 2366 713 2500 2123 
2250: 1581 733 392 2003 2008 2323 2515 202 151 2353 2361 1291 1362 571 896 1933 
1817: 1581 184 258 422 877 1215 748 1574 1309 2650 420 1363 2459 533 386 425 460 157 1426 1418 418 975 1635 2312 
2479: 1581 2610 2655 749 148 2167 440 856 990 2166 2168 383 317 529 1905 233 2031 512 783 318 2150 1298 1130 527 747 2174 26 58 313 513 1157 1295 1633 1799 2486 
1587: 1581 258 2655 636 1737 749 1282 2421 2063 595 148 803 856 945 967 1524 2578 2491 1998 529 531 781 782 784 899 1092 2747 1785 1954 2177 386 1786 2752 2322 2005 723 1181 1797 2319 2487 2635 149 300 1163 1540 1613 
2353: 1581 2610 95 2125 1307 733 2650 2008 2323 202 2250 14 2501 731 891 1308 2034 2361 
2487: 1581 2655 1503 199 967 990 2650 421 1524 2578 509 781 782 784 1093 386 642 1230 1786 2005 1587 14 512 783 839 510 1336 286 139 252 923 1081 2119 2139 
1979: 1581 184 258 2655 877 748 749 2285 2421 2028 1558 1564 1026 1570 1574 2606 2167 213 803 945 1099 1361 1372 1433 1559 1753 1809 2044 2168 2725 3 2207 1975 509 89 173 288 382 497 529 531 533 535 666 855 916 1092 1093 1548 1785 1905 1967 2334 1182 185 224 307 540 713 747 780 974 1105 1107 1214 1224 1273 1404 1966 2202 2198 1980 
2630: 1581 2610 945 257 2070 223 219 797 1369 
2150: 1581 344 1177 1756 1755 2381 1945 2069 2102 1106 242 2243 901 27 803 947 2044 2442 1844 524 2578 89 91 173 311 317 380 405 407 414 466 522 528 529 531 899 943 1091 1092 2747 1213 1217 1305 2464 1785 1833 1887 1905 1985 2008 2565 2140 2378 2489 2515 2566 2567 2568 2569 2570 2571 2572 2573 2604 2646 642 2479 14 233 511 1182 318 5 15 28 157 181 313 367 428 439 486 506 572 575 578 836 900 902 971 1143 1164 1173 1212 1234 1241 1333 1453 1618 1757 1760 2680 2173 2174 2766 2506 2558 
2273: 1581 877 2421 1372 1158 509 1909 122 1918 1124 2500 
1850: 1581 1503 1106 990 1359 2033 2785 1861 402 421 311 1848 2378 787 938 88 2517 1900 1666 1791 513 2637 315 882 994 1113 1165 1748 
14: 2060 138 140 344 399 470 2149 636 1160 2067 1177 877 2751 1737 1242 2264 749 2285 1282 1857 2381 1385 2409 2421 893 1474 1108 2063 2069 1026 1069 2606 1106 2137 199 217 890 658 2243 1868 373 718 733 803 1099 1361 1372 1728 1811 2081 2725 2442 2590 1274 1332 1415 1671 75 1892 516 1363 2480 2491 1609 82 89 91 154 173 237 260 403 404 405 406 407 466 485 503 529 531 561 567 666 667 2733 2331 744 784 872 885 957 1011 1080 1091 1093 1180 1217 1588 1626 1640 1781 1785 1801 1848 1855 1909 1941 1967 2003 2008 2030 2066 2118 2138 2140 2171 2334 2342 2371 2398 2413 2525 2554 2582 2609 2627 600 2646 2647 786 1260 1787 2353 2487 2150 1 12 613 2659 2663 2667 638 2683 2693 652 662 663 2715 674 680 686 2729 721 722 2771 731 736 2777 2780 747 751 759 765 778 779 783 794 795 835 840 859 861 870 875 888 937 938 939 946 2709 949 964 977 996 1001 1002 1004 2728 1075 1139 1141 1142 1143 1144 1146 1149 1181 1182 1187 1195 709 1205 1210 1212 1214 1219 1228 1240 1241 1245 1266 1267 1268 1269 1270 1275 1281 1298 1300 1312 1320 1321 1336 1337 1342 1346 1358 1375 1376 1401 1403 1404 1413 1422 2450 1437 1441 1443 2112 1447 1450 1464 1522 1536 2130 1595 1598 1606 2482 1638 1646 1654 1656 1667 1679 1694 1719 1720 1726 1730 1734 1736 121 1758 1788 1797 1825 1826 1831 1865 1883 1898 1911 1915 1921 1942 1944 1949 1956 1958 1960 1963 2020 2021 2036 2213 2049 2050 2053 2054 32 2083 2088 48 55 64 2108 2110 70 71 2114 85 2127 88 2131 103 2157 2162 122 132 2180 141 2183 2185 145 2189 151 2193 2195 2199 172 176 187 208 211 2254 218 224 2270 2276 2280 249 254 2301 2302 269 2319 285 286 557 294 297 2341 304 2361 320 322 2366 327 330 2374 2376 2377 2388 355 363 364 384 385 389 2436 2437 400 401 2448 417 424 425 2473 436 439 2495 2505 2506 467 2517 2520 2531 491 492 495 500 504 2550 2555 2557 2560 2575 2584 2600 559 2617 578 580 2624 2636 2648 
129: 2060 2743 1945 998 1108 126 933 1176 1425 2442 2590 2206 407 529 2030 2211 2391 2398 2589 723 1337 120 2354 1313 2161 1014 2251 1409 921 1327 308 1478 2133 
180: 2060 2610 140 258 344 1177 2200 749 2409 1108 1564 1026 2606 2102 1106 595 199 1899 658 2684 985 27 352 718 945 1019 1309 1713 2081 2725 2533 2590 75 86 347 421 164 188 203 405 407 529 543 561 630 761 781 805 916 1118 1180 1279 1297 1379 2449 1565 1621 1637 1691 1781 1923 1967 2413 2589 2591 2609 1182 314 318 751 12 8 78 111 166 1645 1139 2692 655 2698 1178 1181 451 675 2734 1210 709 1539 1746 224 739 2790 1264 1285 2311 1819 297 1329 1418 2406 384 896 1409 1002 1439 1688 1969 474 1606 962 974 2506 977 475 2019 499 1022 2053 2129 1038 2065 538 2585 1076 1085 2114 1052 1633 
313: 2060 2610 856 509 311 360 630 2479 2150 2042 2635 1137 2086 293 
318: 2060 2655 1687 2264 749 1945 2606 148 281 803 856 1705 2166 3 411 1671 1861 86 509 2480 1998 74 164 360 404 630 1180 1565 1781 2032 2177 2554 1260 2479 2150 180 1656 2412 1142 1182 19 21 26 93 107 119 177 298 1137 1660 1154 2685 1157 2183 2187 2194 1688 1689 2719 1199 1478 1212 2239 1731 2764 724 2778 2675 1259 2282 751 757 1791 1281 771 1295 2320 2344 2364 324 1366 366 1393 1913 2447 923 1441 750 2467 1453 2476 445 1473 670 456 2021 2054 525 530 1555 1561 2083 551 2636 2098 1090 2635 1619 
320: 2060 97 1756 2285 1857 2421 2025 2028 1558 148 352 2168 37 421 79 377 2331 1093 2609 14 1656 1142 1221 2347 1266 1268 1269 1270 1281 15 53 2040 410 1460 322 1076 2766 986 
410: 2060 97 2381 901 803 1425 411 2785 2206 320 1340 1947 53 1480 
425: 2060 1074 95 422 435 470 644 2200 877 2753 2264 1755 1884 2433 1945 1997 998 1558 1026 1570 1574 2606 242 1067 27 281 440 1515 1559 1705 2033 383 420 965 1844 37 75 421 288 377 529 531 2705 707 2776 1071 1217 1578 1626 1649 1923 2441 2515 2308 2322 2005 1817 14 1142 1182 69 363 1502 1130 1469 1601 2501 927 2347 722 1143 2482 327 49 54 98 119 166 243 358 408 2668 1157 681 2727 1202 2760 1748 1760 1234 1795 2315 1349 838 845 1918 923 1455 1264 2203 2500 2017 1017 1025 1549 1040 1560 1076 2623 594 
513: 2060 258 636 1203 2264 2421 1945 2606 148 281 803 856 1818 2033 75 1158 509 1998 317 360 630 894 1263 1565 1781 2140 1260 1344 2479 1850 1656 2412 1149 1182 510 751 2183 2318 1865 2616 1689 26 1791 1021 293 300 315 456 1393 882 1913 2685 2187 1688 2738 1731 1157 1463 1137 2764 2129 1366 1633 2778 
566: 2060 2610 636 2381 893 352 1571 1589 
601: 2060 435 471 1737 1752 1756 748 2421 893 2025 2028 1574 2606 2125 2092 770 803 856 933 945 1361 1372 1498 1728 1809 2081 2725 2442 2533 2590 1274 2279 2488 402 421 2002 1836 231 237 260 478 543 960 1092 1180 1538 1551 1621 1632 1637 1699 1727 2032 2215 2334 2308 600 1142 2386 751 245 178 1502 13 1181 1482 2302 1601 2318 576 170 364 418 530 1644 1143 2674 1155 2706 2729 1795 1346 1364 1932 2411 2418 1409 2472 958 2500 1501 2651 2094 1101 
662: 2060 636 2067 2200 2409 1108 1106 1988 803 1361 2290 2650 203 529 960 2177 2209 2215 2603 2627 14 325 438 1257 880 1918 946 2135 
672: 2060 229 231 1833 2424 1259 780 2065 2417 434 225 2625 221 2208 222 291 1235 1250 
682: 2060 2082 27 1142 1601 2531 1191 2653 2306 1641 
708: 2060 2610 2200 877 748 2285 2028 1108 1570 148 1899 213 803 832 856 926 1361 1506 1844 1861 347 402 524 509 155 372 382 405 531 1093 2747 1297 2464 1967 2138 2212 2336 1656 2318 1404 2131 1191 464 728 181 1040 588 1278 110 252 438 493 1784 2384 1430 2452 2724 1499 
723: 2060 241 258 1242 2264 2285 1106 1899 2684 985 440 856 945 1019 383 488 2 403 404 782 784 2747 1297 1434 1603 2030 2342 386 1230 1786 1587 129 93 120 125 439 585 1932 1002 2443 1264 2671 1921 2437 1173 1313 1794 751 1076 1340 2253 1750 1751 1007 
769: 2060 553 770 945 1528 75 529 1632 1680 532 1962 2318 2454 1141 2450 2135 26 123 584 1258 2790 788 920 1183 1442 1459 1172 1088 1089 
797: 2060 462 1282 1936 2025 2028 1574 148 2243 2182 2442 2297 382 546 2515 2630 2386 2729 2276 780 2065 2139 845 2099 563 1292 339 1731 291 1920 1161 2588 
802: 2060 258 1756 748 1755 2125 1106 148 856 2650 1506 1861 86 2339 894 899 1092 2140 2627 11 517 569 2528 2524 2507 2139 2198 1186 1295 1958 1076 1590 2043 1757 1734 2506 1619 1120 1121 
895: 2060 399 877 1737 2421 2025 2028 1558 1106 148 2167 2684 985 856 1037 1559 1753 2168 382 2308 2660 1656 751 1321 2482 2199 780 1234 434 624 1056 1278 92 282 438 2679 1154 2724 2154 
923: 2060 2610 2655 2264 749 998 2684 967 1425 1705 1318 2480 311 312 317 360 1696 1905 2398 386 2487 318 425 233 1142 511 512 1149 510 2183 747 1865 364 19 26 1137 2676 1917 1677 1042 2486 1731 1480 1791 1234 2638 
956: 2060 696 547 1737 748 2285 2421 1945 1474 998 1108 2606 148 890 2684 985 1988 346 718 803 933 945 990 1099 2044 2081 2725 688 1843 347 79 89 173 296 380 382 466 531 543 666 667 699 872 1011 1111 1118 1294 1538 1551 1637 2003 2008 2497 2589 2609 2660 2005 1656 245 1502 1883 1963 2131 2276 327 15 2332 72 149 150 222 394 434 477 752 780 903 2161 1675 2187 1682 2198 2202 2237 1751 2275 1291 2349 2418 972 1501 2065 2588 2094 1088 1089 1100 2633 
962: 2060 1737 2264 748 2409 893 2606 368 590 829 1713 1809 86 351 529 531 894 1092 2747 2525 2582 180 2387 1142 178 1466 1502 2506 1601 1720 2088 88 2185 1373 200 1882 1501 1770 196 1173 1064 1333 1732 
1006: 2060 947 1528 480 2110 2045 1978 1917 585 867 
1046: 2060 435 1857 947 1361 2438 203 407 805 1092 2099 2045 552 1313 1056 130 2779 393 481 925 1853 1859 
1055: 2060 2610 545 2506 327 83 477 1397 
1110: 2060 2655 1945 1474 1106 2092 281 803 947 2047 2207 37 421 2002 1905 2066 1502 2318 638 500 2332 563 1057 1902 2223 
1163: 2060 2610 258 265 803 856 947 967 2290 1524 1318 2238 781 782 784 1785 386 1230 1786 2005 1587 935 1130 2036 2199 467 2550 2558 1040 1014 484 1540 2184 
1192: 2060 856 1671 512 69 575 2719 991 2524 
1214: 2060 184 636 2264 748 2285 2421 1564 1570 148 265 213 440 1037 1099 1361 1705 2044 2047 2725 411 2785 1844 1975 89 173 288 405 453 497 529 531 533 666 667 1015 1092 1548 1785 2334 2342 2441 1979 14 1343 11 787 286 486 713 1140 1644 1521 1791 2198 2708 2587 2202 1224 1980 1883 
1240: 2060 258 435 1678 1177 1242 718 1148 1809 2047 86 516 360 1147 1344 14 1142 1149 1146 1794 1139 1144 26 181 264 355 393 552 896 1137 2790 2216 2122 1241 
1250: 2060 2063 420 509 229 231 1603 2424 672 2302 2616 780 2065 2417 2349 316 2510 746 2237 225 2625 221 2208 1235 222 
1284: 2060 2149 748 1570 856 2650 86 1158 509 528 707 2740 1773 1758 389 1763 2638 552 59 587 1134 2407 1777 2163 1784 2430 1539 1676 2714 1711 2111 
1285: 2060 422 2421 947 1361 1671 86 1871 229 382 1428 1727 1833 180 1555 1561 2094 1645 1761 1560 
1313: 2060 636 2285 2421 1945 2606 2102 1106 1114 2684 985 281 352 440 745 803 945 2044 2168 2414 2206 2207 1861 421 1998 173 351 529 531 800 894 1091 1092 1612 1640 1649 1703 1909 2008 2292 202 2322 2005 129 723 1046 1656 2437 363 751 1502 2175 1601 731 121 2505 2139 310 2687 1757 1641 552 1688 1017 63 534 750 874 881 882 1124 1933 1912 1537 2686 2172 2395 1442 
1340: 2060 1668 1678 1997 2025 2028 2063 898 990 1425 2290 2590 1852 2002 776 885 1111 2030 2365 2413 2493 2508 1786 1787 1928 410 723 11 1298 1647 2552 545 437 18 28 68 185 243 336 348 355 364 436 457 583 625 651 656 706 717 731 766 876 891 930 1001 1063 1105 1143 1234 1241 1275 1333 1641 2674 2691 1679 1697 1722 2245 2248 1747 2774 2775 1761 2319 1826 2344 1860 2388 2389 1883 1886 1902 1921 1932 2538 1978 1497 1589 1596 
1343: 2060 1138 644 2082 1282 2421 582 1053 1148 3 2059 509 2705 1578 1637 2075 2398 2489 1147 1533 1214 172 1149 102 367 452 525 655 715 817 941 1184 1247 1382 1393 2104 2683 1597 2080 2593 2088 1722 2376 
1369: 2060 258 2200 1756 748 1755 2421 2167 281 745 898 1309 1310 2182 2650 420 2459 1998 707 1091 1092 1093 2747 1967 2630 1142 2347 576 1758 2180 367 486 310 1308 2637 1757 2035 575 1966 300 979 2219 2485 
1419: 2060 1752 901 2092 1988 440 827 1277 1543 2590 1304 1528 2279 1671 205 372 767 1197 1632 1691 1781 1833 2003 2075 2211 2212 2489 2493 2646 1533 1680 545 861 48 146 325 788 900 1018 1409 1652 2460 2241 
1443: 2060 258 1067 1372 383 1091 14 2437 116 122 1937 1761 
1501: 2060 636 1745 2285 1945 2606 1106 2684 2134 901 1988 213 440 770 827 829 832 933 945 1310 1359 1361 1372 1713 2240 2355 2414 2458 383 420 1274 1301 1528 2279 2206 2207 323 347 2002 598 1998 79 270 312 345 485 529 531 756 894 1092 2747 1179 1180 1379 1588 1632 1640 1649 1727 1909 1923 1985 2001 2008 2066 2565 2138 2323 2334 2398 2515 2525 2526 2556 202 1147 1344 1533 601 956 962 1656 1142 1182 1680 1312 1962 178 1502 381 892 836 1494 2175 2406 2444 151 1469 1601 1794 2318 2341 715 1143 1300 1404 1646 2088 88 2361 327 500 2550 2315 917 1449 1608 1231 2330 499 2284 2727 65 1924 1830 1847 1085 83 280 336 409 477 605 647 685 695 830 862 1140 1183 1296 1387 1412 1417 1491 2664 1662 2181 2695 1681 2706 1707 2229 2786 1795 2363 1881 2411 2415 1931 1770 1946 2467 1682 2713 2004 1552 1793 2087 2601 2651 
1748: 2060 1950 2025 2028 1106 718 2742 1998 1621 1854 2138 1850 425 2437 875 364 2575 1549 2151 2748 157 2070 635 1480 93 196 391 1151 1173 1590 1912 
1902: 2060 344 2149 636 748 749 2606 1361 1180 2066 1110 1340 1182 712 1606 1181 2347 286 1164 1757 669 574 183 1116 
1918: 2060 2610 241 1668 1737 2409 1108 1564 658 1868 213 281 733 829 945 1705 2442 488 2578 82 89 91 164 173 237 296 372 405 406 407 453 466 497 529 531 2678 666 667 2776 744 801 899 1091 1092 2747 1781 1827 2032 2171 2212 2334 2493 2497 2515 2569 2582 2589 2627 2752 2273 425 662 525 731 1275 2036 249 1978 280 891 908 1022 1562 2304 2344 2460 
1956: 2060 1737 1745 1282 2606 718 2290 2002 404 761 2449 1696 1905 1985 2565 2138 2378 14 1561 178 892 996 83 185 327 330 336 477 1034 2004 
2681: 2060 2702 856 1543 86 597 203 894 2515 2506 2270 266 
2735: 2060 1884 832 1176 2168 811 1271 1484 1861 776 2557 2469 236 1689 2615 2411 2122 1256 1519 2230 
2229: 2060 998 2102 148 827 990 2533 2300 1861 1158 598 406 535 782 1512 1855 2032 642 1501 783 712 1298 2605 1013 747 1001 1141 2135 1105 157 752 1807 2760 1633 309 651 833 941 1171 1174 2158 
2169: 2060 1158 2141 
2172: 2060 636 1884 1106 1713 383 323 529 1093 1708 1923 2526 1313 151 1241 343 1327 1113 2178 
2518: 2060 636 877 803 1037 1811 453 2113 2177 11 162 333 400 1321 1689 2036 2521 
2693: 2060 2082 1884 1310 383 2776 1649 14 717 88 1122 1394 1410 1462 2080 2316 
2440: 2060 258 644 2200 748 148 890 1067 2684 985 829 947 411 1671 2464 1967 1985 2565 576 2715 236 1549 1345 2324 2759 139 1258 1910 1981 
2114: 2060 2655 2067 1752 2348 595 2785 2206 86 597 173 441 760 761 1909 2515 1533 14 180 751 2506 2036 221 224 238 959 974 1329 1354 1571 2760 2656 2244 
2709: 2060 2200 1203 2285 803 1425 421 2491 1998 382 533 593 1297 14 1606 540 1008 1689 1885 2065 2361 2671 
2600: 2060 2702 462 1177 877 1737 2264 1884 1474 148 2684 1988 945 1037 1148 2725 1271 1871 2030 2177 2604 1147 1344 14 2049 712 1502 1469 2506 1601 2270 463 720 1345 1393 1774 1798 2762 
2544: 2060 258 2421 1945 1099 79 173 894 1093 2526 2604 1404 2036 2658 1689 1837 
2143: 2060 399 1752 1756 748 2421 2606 1106 890 827 1515 1543 2168 2283 2650 383 402 2002 1092 1180 1649 2577 1142 1312 1962 2732 940 2318 2715 88 1076 2144 2324 2427 1509 2727 1924 1085 67 457 541 711 1159 1867 1908 1931 1971 2004 2615 
2599: 2060 
2108: 2060 2200 1884 893 1474 2025 2028 2069 1106 352 1713 2725 598 597 351 894 1092 2525 14 2412 2088 307 830 1184 1940 2536 2559 2695 2511 
2332: 2060 1074 1737 2421 1108 265 985 1988 346 803 933 945 1037 1099 411 347 1871 79 155 296 382 466 529 531 533 666 667 2788 872 916 957 1111 1118 1294 1500 1637 1785 2003 2008 956 1110 532 1585 1794 1270 1321 1825 2254 15 33 47 72 479 517 710 903 929 1408 1792 1977 2070 2198 2202 2252 2338 2602 2760 
162: 1074 2610 2743 748 346 487 1277 2442 597 543 2789 1328 2165 2334 2489 2604 2308 2646 2518 859 1598 72 115 1645 2677 413 2460 2338 325 1199 2625 1066 734 
178: 1074 1737 1745 1503 2606 1106 1899 1988 281 440 770 829 933 1099 1148 1713 1818 2240 2283 2414 420 1301 2279 402 2742 2002 598 79 345 529 531 756 894 1092 2747 1179 1180 1649 1923 2001 2066 2138 2323 2515 2525 2526 2556 1230 1533 601 962 1501 1956 1142 5 639 11 1680 1962 83 88 127 153 1638 2664 1140 2175 2181 1181 2713 2732 2748 204 1404 768 2304 1296 1300 280 2351 830 327 330 555 1883 2406 2415 892 1853 1417 1931 1932 1770 2460 419 1462 1466 2496 1489 2509 1491 1494 2004 477 1502 2523 2550 2467 2050 1552 530 2065 541 2080 2087 2088 518 605 1601 1606 1625 
280: 1074 636 770 829 1277 1425 2442 1301 1528 1844 756 1179 1632 1649 2001 2066 2138 2323 2334 2515 2525 2526 1533 1501 1918 178 1502 836 1494 1606 1300 1404 499 1860 2671 1924 1491 1770 1412 2618 375 830 605 2706 1140 2653 2651 1387 1931 1706 711 
286: 1074 2200 2751 1108 1564 1106 718 933 1433 2044 2458 609 1301 347 1468 407 466 529 561 667 2331 2788 784 894 1118 2747 1255 1967 2008 2209 2334 2589 2609 2005 2487 14 1214 1902 1585 2302 840 197 1486 1000 2793 2541 2507 1885 2269 
315: 1074 1106 582 718 1852 1861 2673 1563 761 980 1781 1905 2140 1850 513 2412 511 510 751 2683 938 1358 2083 2180 439 2555 367 1775 1607 305 1165 160 882 293 1386 1645 2730 1881 994 
395: 1074 748 2421 1108 1106 148 2684 582 213 803 1575 1811 1862 421 1998 2397 529 2437 2131 2199 1689 44 116 300 1767 2706 799 2356 463 1618 
418: 1074 1884 2433 1574 2606 1106 582 281 898 1753 383 420 1844 1991 1180 2342 2577 1817 601 2042 690 1980 2330 1509 1684 1731 2236 370 
467: 1074 2610 1570 1563 14 1163 1072 1650 
482: 1074 749 2684 2033 2725 740 1673 637 1093 2288 1243 1485 
686: 1074 2702 2610 547 148 582 1998 885 14 43 495 1826 2244 1412 959 1393 1903 2299 1249 2236 
752: 1074 241 435 636 877 1203 2285 2421 27 803 1158 2459 637 2747 1923 2497 956 2229 512 107 1352 652 2199 780 460 161 1980 282 434 1571 1767 1977 2411 2762 1881 
873: 1074 184 471 636 877 748 749 2137 148 1899 803 898 947 1037 1361 1811 1671 37 531 1092 1093 1145 1588 1656 363 751 1352 1404 1825 2054 161 1814 2234 
1648: 1074 241 258 898 2604 2715 1689 1784 1452 
1957: 1074 1280 998 1899 582 411 516 2459 2480 480 855 1118 1626 2001 2302 674 1375 2185 439 2173 2174 54 1677 1757 625 575 130 701 995 1165 1239 1406 1407 1557 1571 1793 1819 2722 2764 2312 
1796: 1074 1282 582 440 945 2355 2207 2776 5 639 273 343 391 579 591 921 1466 2767 2324 2715 
1688: 1074 2200 1106 86 2578 50 52 317 617 1905 2140 180 318 513 1313 511 751 1312 2450 495 367 1689 1234 1264 1076 2097 305 1393 1463 2615 2197 
1452: 1074 241 877 748 2409 1106 242 879 926 945 1148 1176 1093 2489 2604 2646 1147 1648 751 2557 2648 1980 1308 1641 552 1955 2187 2287 773 
1977: 1074 2610 184 877 1203 1755 2421 1945 1474 2137 242 832 1363 1836 270 531 2788 885 1111 1588 1785 1923 2032 2497 2660 2332 752 1142 460 1470 36 1086 1100 2637 1641 987 2017 106 552 599 654 732 841 911 1131 1168 1170 1222 1239 1365 1426 1572 1599 1675 1881 2586 2539 2210 2251 2619 
1736: 1074 2610 877 2082 1106 2167 718 1559 1753 2168 86 1892 2480 360 1118 14 751 1561 107 282 1207 1608 2662 2034 2324 1819 
2119: 1074 567 698 1092 2487 586 141 1814 1747 1830 1837 1116 1600 
1875: 1074 1752 926 198 2785 18 2616 
1622: 1074 1727 257 2199 224 880 681 1472 
1116: 1074 1843 666 1578 1902 2119 1000 
28: 2702 241 435 515 2200 748 2285 2382 2409 2421 1574 27 803 947 1359 1361 1372 2442 609 1415 347 1158 351 480 885 1093 1180 1535 2209 2508 2150 1340 1656 1298 107 940 2555 460 1791 1164 161 944 2045 1291 918 1081 1978 1757 
49: 2702 947 1176 420 529 531 2756 894 1092 425 1320 2558 1029 1481 2574 2445 2643 635 445 1735 
130: 2702 2610 462 748 1574 745 947 1309 1310 2044 2168 2438 2650 2480 2491 288 380 480 2776 1092 1118 1990 1046 1957 1466 2366 169 181 2045 635 2621 2779 2793 393 2446 2596 252 1853 1483 463 604 
197: 2702 2610 1160 1756 749 1755 2684 827 1708 286 1141 918 2514 1438 
247: 2702 1755 1310 347 664 756 782 2336 2342 1625 927 1411 1921 1373 2004 83 477 183 753 883 1412 398 1063 2481 
397: 2702 1037 1166 2619 2535 2263 
431: 2702 947 480 2045 
486: 2702 2610 435 1668 877 2264 1756 748 2375 2381 1385 2433 998 1558 2684 27 745 926 947 1309 1310 1811 2650 488 2459 214 407 529 1785 1985 2591 1147 2150 1214 1369 1142 1149 2437 102 712 1146 892 545 2663 652 794 2482 218 2270 495 23 24 110 393 2528 506 1234 1040 2045 2321 1050 540 1700 552 2087 2612 1083 572 2638 1485 720 978 2099 673 1754 2519 
580: 2702 1574 827 2168 1998 14 1143 98 181 963 1571 1204 2700 2675 669 1599 
594: 2702 422 2433 1570 1574 2167 590 947 2168 1609 155 478 480 1118 425 639 1601 946 1522 1054 845 200 1677 1644 2017 1735 828 2061 1599 976 
653: 2702 877 1756 749 1755 998 1574 947 420 1363 480 529 1967 1601 2347 946 2270 1549 1677 1757 1641 2017 1795 1896 1451 881 2188 1435 2778 1050 2221 
701: 2702 947 1309 2480 1118 1990 1957 442 2045 252 139 963 1599 2253 2700 
719: 2702 2610 1138 2421 803 947 1037 2742 2050 460 1978 2445 1531 732 2653 2043 444 446 2176 2652 
788: 2702 636 1745 933 1361 1811 2290 756 1348 1626 1649 1909 2001 2177 769 1419 1656 1502 2450 88 210 1371 
789: 2702 547 181 147 963 2314 2700 1599 
828: 2702 2610 2067 877 1215 2381 1385 1503 1570 1574 2243 947 1433 1975 1363 288 480 533 2489 594 2715 1522 2482 2189 211 559 845 200 1264 2315 1076 2483 2045 625 1137 1481 635 1735 316 2456 66 215 2783 2188 2170 1571 1828 1731 2500 1859 
845: 2702 2610 241 749 2381 1385 2421 2433 1558 1570 1574 1069 691 148 27 213 718 1309 1559 1753 2458 2650 420 1671 1975 1843 516 1363 2480 288 360 478 480 529 2733 1118 2740 1263 1967 2371 1533 425 797 594 828 2474 935 706 465 1601 2318 2347 2663 2777 875 946 2450 1522 2157 500 1583 2249 1549 464 2658 25 26 40 63 66 200 307 432 442 481 519 520 635 2145 2315 2691 1677 2188 2197 2221 2222 1027 1735 2760 2761 2764 2260 2263 2778 1258 2593 1295 1303 2328 1824 2343 1851 1859 867 883 2425 1406 1407 1086 2623 988 2015 2017 1516 2045 1040 1571 2089 1076 2612 1608 948 
963: 2702 1752 1756 1755 1558 2167 1559 1753 2047 2168 593 1118 1578 580 701 789 892 616 1352 1445 848 1226 2700 1812 1273 2253 1693 2439 915 1599 2314 
1083: 2702 1574 947 486 1549 2045 635 393 
1086: 2702 877 1574 947 420 1261 480 1977 845 751 935 2183 1522 2482 2558 26 310 2483 277 329 393 604 1571 1509 1315 2045 1859 
1096: 2702 945 2458 1363 529 1608 2017 2359 393 1252 1050 
1165: 2702 2082 1282 1106 827 990 1359 2785 402 311 529 2747 1848 1850 315 1957 2031 938 2517 2324 96 1750 882 994 
1258: 2702 1160 1752 748 2285 1997 2028 1108 281 829 1277 1433 198 1274 1304 2207 1861 1873 2002 203 405 407 480 667 756 885 1012 1179 2464 1649 1855 1923 2001 2565 2138 2160 2323 769 2440 845 1466 1606 187 2517 2550 2144 2045 409 2026 2759 2615 1981 
1273: 2702 241 242 2660 1979 963 1502 2065 1477 1518 
1308: 2702 241 748 1755 998 2025 2028 985 582 1307 27 947 1844 351 543 2515 2322 2353 1369 1452 1601 2050 88 2766 2748 277 305 552 812 930 
1375: 2702 241 877 1385 2421 803 1811 2725 2423 516 2480 2331 1118 1263 1699 1801 1827 2516 2522 14 1957 107 2474 1794 32 161 303 460 520 675 1076 1404 1537 2199 2221 1730 1615 2638 
1406: 2702 877 1574 590 947 421 1363 480 744 1990 1957 845 2520 2638 2045 1571 1063 948 1931 1859 
1407: 2702 877 1756 1570 1574 691 590 718 947 1363 478 480 1990 1957 845 2049 1759 794 1358 1522 2482 2520 2483 1980 2045 2017 2760 1571 1539 1292 393 867 1859 2106 1435 264 1050 1171 
1435: 2702 258 2149 877 1215 1756 1755 1385 1574 590 947 1363 480 653 1407 2157 2289 2017 1396 2306 2016 1185 1050 2018 2220 
1522: 2702 435 636 1385 2433 1574 1106 2137 590 827 947 1363 2459 203 405 406 407 414 478 480 529 533 894 1092 1118 1434 14 594 828 845 1086 1407 1142 2175 2302 946 1245 1401 393 1064 2017 2538 2157 2161 2674 2439 2574 2452 1689 1608 
1549: 2702 2610 435 877 1215 1385 2409 893 2433 2499 1570 1574 2606 1106 27 590 832 947 1309 420 323 1363 1158 351 480 529 531 2776 1118 1175 1255 1785 2215 2413 2475 425 1748 2440 653 845 1083 751 532 935 2506 2663 747 2482 1788 2199 495 559 2766 23 460 36 67 143 200 316 393 464 519 635 867 924 988 1014 1288 1396 1481 2161 2188 1689 2210 1722 2244 2760 1760 1784 2312 2315 2328 1924 2708 2483 2500 2504 2017 2018 2538 2045 2093 2106 2623 1608 
1554: 2702 877 1737 1745 1936 998 1558 1574 1106 2167 718 1559 1753 2168 2458 1844 421 288 529 1093 1135 381 576 2289 2315 1757 575 2528 585 2692 1920 1710 
1599: 2702 529 1977 580 594 701 789 963 1555 1561 1571 2700 1812 2253 2314 
1714: 2702 435 998 947 414 2482 1098 605 2263 507 
1812: 2702 265 1836 214 963 1599 876 2700 1672 2024 
1859: 2702 547 1570 1574 1868 590 947 1862 2002 478 480 1092 2493 1046 828 845 1086 1406 1407 245 935 946 1413 401 200 1677 2099 1040 2045 1056 2197 1596 1193 2779 393 2446 277 1973 264 481 925 1541 2312 2778 
1917: 2702 1945 2025 2028 1106 803 827 1310 2484 2673 402 2002 2578 480 784 1179 1649 2001 2138 2577 923 1006 68 2728 1921 2473 2766 1449 1978 1747 57 1063 2672 2674 1919 1946 2615 2004 
1966: 2702 2149 2381 2409 893 1997 1574 2125 2137 1868 352 2033 2725 351 382 414 860 1093 1180 1551 1640 1785 1967 2171 1979 1369 381 940 2506 794 888 1210 2050 64 1191 1100 2687 2445 2528 1509 1738 834 123 240 506 650 878 1134 1296 1334 1568 1652 1828 2038 2507 2018 2359 2122 
2017: 2702 344 422 877 1215 1280 1755 1385 2433 1570 1574 2167 590 718 947 2168 420 1261 1363 2491 164 478 480 1179 2322 425 1977 594 653 845 1096 1407 1435 1522 1549 2152 2506 2347 2683 938 2482 2157 211 2517 2555 248 2151 1677 2483 36 2623 1608 2097 316 572 635 867 948 1028 1050 1207 1481 1735 1808 1964 2760 2362 2260 
2045: 2702 435 877 1755 1385 2433 1945 691 2243 947 942 516 2480 154 480 2747 1603 1006 1046 28 130 431 486 701 828 845 1083 1086 1258 1406 1407 1549 1859 2049 935 1104 706 1601 674 1266 1268 2450 2157 364 2315 1677 2483 442 2623 1040 182 307 393 432 519 539 867 925 948 988 1003 1050 1152 1303 1526 1541 1709 1735 1824 1830 1870 1888 2145 2420 2691 2312 2708 2077 2335 2761 2260 2263 2343 
2095: 2702 435 877 1215 1574 947 1363 414 480 2482 1677 2483 2698 2618 212 
2157: 2702 877 1756 1755 2433 998 1570 1574 590 947 1363 405 478 480 14 845 1435 1522 2017 2045 1601 200 484 948 999 2289 2315 
2158: 2702 1884 440 718 832 1433 198 1843 402 1909 1344 2229 1142 2049 2605 892 940 938 1520 2103 1682 457 1552 444 1351 1429 2500 
2191: 2702 2725 203 270 405 406 407 529 1118 2334 946 
2253: 2702 2168 524 1967 723 701 963 1599 2700 321 
2260: 2702 877 148 1363 480 529 885 2740 845 2017 2045 2318 442 2574 2161 393 988 989 1050 1064 1207 
2263: 2702 346 947 2459 414 480 397 845 1714 2045 2506 1143 1470 2038 290 2507 1049 
2306: 2702 893 2433 998 1574 2606 947 1363 203 405 406 407 480 529 1092 682 1435 1689 200 999 
2314: 2702 2168 789 963 1599 1539 2700 
2315: 2702 2610 470 471 877 1282 1755 1385 1570 1574 148 590 947 2168 420 1671 1363 524 823 173 478 480 425 1501 828 845 1549 1554 2045 2157 158 1298 1502 1601 759 2482 2036 327 364 468 26 196 635 902 1124 1455 1462 1526 1677 1742 1784 2197 2760 2483 
2326: 2702 258 1280 947 420 188 202 1606 26 444 1003 1677 2478 
2338: 2702 877 803 1118 2332 162 298 720 2236 166 651 
2360: 2702 877 1756 1755 2381 2433 1574 288 1143 181 1095 625 1571 572 115 216 332 650 
2420: 2702 947 2045 
2455: 2702 2785 
2482: 2702 184 877 2433 1574 2125 658 590 718 879 947 2168 2650 420 1671 1975 1843 1363 155 478 480 529 2788 894 1118 2740 1175 1255 1967 14 425 895 486 828 1086 1407 1549 1714 2017 2095 2315 935 1352 674 794 875 110 393 635 675 720 825 897 941 1028 1153 1185 1207 1355 1377 1424 1608 1689 1735 1788 1819 1851 2018 2070 2164 2188 2197 2220 2434 2446 2671 2548 2538 2619 2486 2483 
2483: 2702 877 2433 998 1574 590 879 947 1176 1309 1671 1363 478 480 529 828 1086 1407 1549 2017 2045 2095 2315 2482 751 935 1788 26 98 279 393 635 724 881 988 1028 2197 2446 2452 
2495: 2702 1282 1425 1705 14 787 1219 252 367 447 1224 1226 1760 1784 2038 2411 
2504: 2702 2610 241 748 1385 2421 1574 1106 1868 27 947 1372 2725 402 360 2322 1549 2049 751 107 1143 2199 2198 464 181 1076 161 98 116 552 635 867 974 2018 2204 
2623: 2702 718 947 420 2206 1363 1175 425 845 1549 2017 2045 1764 26 200 635 831 1995 2717 2716 
2653: 2702 2421 2155 682 280 719 1601 1455 975 1517 2769 
2691: 2702 258 2421 2025 2028 1574 126 933 947 1037 1361 2279 86 480 2747 1699 1801 2308 1230 1340 845 2045 783 2388 1900 2658 1807 2203 1085 308 571 904 1398 2187 2395 
2700: 2702 2610 184 2382 1474 524 2002 580 701 789 963 1599 1812 2253 2314 1234 540 1675 1629 2383 
2739: 2702 1574 947 480 393 264 
16: 694 2610 1862 1142 940 1601 1764 1129 2282 1521 2558 914 2198 1569 169 1191 1583 851 2257 144 1373 
498: 694 748 745 1309 1310 1361 1372 2120 2650 337 529 1637 1781 1785 2175 1358 2050 1775 771 775 732 427 
2528: 694 95 2200 2381 893 998 947 1559 1723 2650 2207 2339 203 405 406 407 1967 802 486 1554 1966 1142 2347 400 2417 2139 54 468 1757 139 207 506 573 999 1451 1527 1733 2136 2612 
1767: 694 258 435 1361 1809 725 855 395 752 787 1980 2536 2094 565 1573 997 2058 1982 
2675: 694 2606 1106 2134 1868 1543 288 1093 1255 318 580 1142 532 2175 1606 736 2550 2557 1264 2634 1845 371 329 1458 1864 
2558: 694 2610 344 471 2655 2149 2067 2200 877 748 749 2285 1282 2381 998 1026 1574 2102 148 2684 1307 745 945 1037 1309 1310 2290 2442 2650 402 2578 678 79 89 296 405 529 531 707 761 885 1071 1854 2118 2609 2308 2622 2150 1163 49 1086 16 2387 1142 158 1298 940 1482 652 663 2130 1758 141 224 364 400 2282 24 96 116 147 157 201 234 341 349 506 606 766 851 874 986 994 999 1056 1151 1252 1357 1418 1590 1674 1689 1792 1807 1896 1897 2281 2324 2446 
876: 694 175 748 148 2684 985 1261 2339 1998 74 1092 1093 1854 1340 1812 2049 2199 385 2198 2139 300 1768 1262 1987 
2706: 694 547 1203 2285 1106 148 213 440 803 829 856 402 1158 1563 2339 1998 231 894 1217 1263 1909 2066 2292 601 1501 280 395 1466 1502 2280 2139 1689 2151 1807 746 2527 1211 633 1005 1590 2337 2547 
940: 694 2610 748 2082 1936 148 27 718 745 1309 1310 1753 2168 2458 2650 1843 2578 480 860 1263 1967 2371 2143 28 1966 2158 16 2558 839 712 11 381 146 150 219 222 251 367 519 575 914 2548 2407 1264 1659 1539 2080 2282 944 1076 2626 1601 2506 2766 2139 
1598: 694 696 877 1564 2137 1037 1099 411 965 509 311 312 1696 2334 14 162 1352 1469 157 239 492 987 1390 2185 
1485: 694 2610 1203 213 1361 1433 1861 1836 2491 1626 482 486 751 576 840 150 1243 1675 1487 
1980: 694 2610 184 241 258 471 547 636 2200 748 2285 1282 1884 2421 2025 2028 1558 1564 1570 1574 1106 148 265 2167 2684 985 27 213 803 856 926 947 1099 1310 1359 1372 1559 1753 1809 2044 2168 2725 411 609 1975 1861 1363 1158 509 2491 1998 89 173 288 351 497 529 531 533 666 1092 1548 1785 2334 2342 2497 2660 1979 1214 418 752 1452 1407 1767 2049 2386 107 2152 1601 1143 1281 2199 2282 2198 1194 181 161 713 821 974 1040 1224 2202 2611 
6: 2610 241 1177 27 107 616 2152 2474 787 
9: 2610 
10: 2610 2031 
24: 2610 470 1106 926 1753 1415 2785 1158 317 405 528 529 2756 899 1179 1434 1649 1967 257 727 486 2558 2506 2302 1794 1719 322 2624 2658 1996 1651 2289 1689 2321 2346 54 412 2614 2135 1479 2244 2757 468 2010 
51: 2610 138 636 877 37 421 1923 2209 2508 228 2347 1747 374 
53: 2610 2265 595 2684 985 901 1425 411 421 155 1548 1551 320 410 2347 1791 1757 
54: 2610 515 1756 1755 1884 2421 2499 2028 2606 27 879 2033 383 420 382 529 1180 2464 1649 2138 2378 425 1957 2528 24 1142 381 2506 2318 2347 2180 2301 1373 2784 1509 1659 2357 1345 
55: 2610 877 2082 148 2480 407 453 14 1561 2474 747 147 2766 1436 161 
71: 2610 1180 1967 14 2386 1571 1445 1414 1224 1034 1828 157 
77: 2610 595 733 1277 2240 942 630 760 2747 2008 2323 2444 1694 254 2557 2757 1190 2379 409 1704 2227 195 1624 2268 
88: 2610 2655 636 2082 1884 2025 595 1307 770 1310 383 2279 2059 503 1093 1180 1649 202 1533 1850 14 962 1501 2693 2143 178 788 1308 1182 1962 1502 892 525 717 2506 1013 977 1141 2450 83 1550 2405 1491 2690 143 2316 1088 1682 2080 1572 1971 1085 1394 1410 2636 2512 477 591 1122 
120: 2610 184 2655 2743 1282 1108 1106 777 933 945 1176 1425 2590 688 79 188 406 407 529 1071 1621 2140 2391 129 723 2135 26 1014 1034 2324 921 1478 2634 348 
122: 2610 344 877 1474 595 803 926 947 1037 1176 1433 2033 86 2339 1998 155 533 556 2747 1180 1612 2273 14 1443 2049 1182 712 751 1013 2318 1124 1893 361 1641 338 763 768 1159 2320 1813 2621 169 2616 575 738 720 2766 2139 610 
123: 2610 422 1752 748 1945 1997 1574 2606 832 1310 1433 1713 2033 198 1844 402 1092 1180 1578 1967 202 769 1966 1502 381 1601 2318 927 937 1404 1666 181 2144 336 1946 83 2287 375 1412 2690 2216 681 1837 2105 2329 457 2611 
141: 2610 470 547 877 265 213 945 947 2033 2725 402 529 531 2756 894 1092 1708 2308 14 2119 2558 1298 2318 652 1139 2450 2151 1014 2038 1937 2452 2199 290 944 1079 
145: 2610 470 2149 748 893 352 733 1705 351 360 529 760 2008 14 778 26 409 1152 
161: 2610 241 435 2149 877 748 749 2382 893 1936 1474 2025 2028 1106 2137 27 352 945 947 1372 2120 2182 2458 1843 347 516 1158 524 2459 678 2480 203 351 405 406 407 414 2705 1118 1578 2118 2177 2522 2322 752 873 28 1375 2504 1980 55 1656 107 2640 324 765 1143 1730 1949 2036 32 64 2199 2617 2658 181 200 2687 2779 1851 1362 1291 1934 284 675 1539 1828 552 1589 434 1209 1722 2446 2637 
166: 2610 1282 1361 965 1861 1318 2578 188 345 2449 1923 180 425 2338 2302 2616 1644 252 2236 1018 651 1613 
169: 2610 947 533 546 894 957 2747 1197 2525 130 16 122 1142 2112 808 2022 1641 692 2186 
183: 2610 1433 402 1902 247 927 2728 2639 1412 1397 
190: 2610 945 1021 2086 
225: 2610 856 91 229 231 637 2696 2788 1111 1548 2424 672 1250 314 2198 780 2065 2417 2247 2202 563 930 221 222 2549 2208 2625 1362 1235 
236: 2610 1752 1242 2025 2028 217 985 1988 832 933 1433 198 50 1500 1533 2735 2440 2387 1346 1826 385 18 131 2671 1545 2313 2616 341 734 
240: 2610 1756 947 480 1967 2003 2647 1966 1606 2607 
245: 2610 636 877 1756 1884 1945 1106 148 265 368 718 803 1148 1713 383 420 2400 1843 402 801 1699 202 1147 601 956 1859 1149 5 93 193 218 359 1638 874 2175 1794 1413 2057 1166 1680 1042 2447 1430 2190 1090 937 2474 944 2350 443 2617 2329 1601 1832 883 1221 1606 1353 460 1711 381 1791 1373 
252: 2610 2655 1503 2025 1574 2339 360 1967 2487 708 130 701 2495 166 721 1336 2185 2512 1333 163 1387 493 2340 2496 2343 1311 
273: 2610 2200 1515 1649 1796 731 1726 917 157 1396 2671 271 272 2410 
275: 2610 1282 945 801 1785 2386 1942 2550 1034 
290: 2610 547 1558 2167 1559 2168 2458 414 529 2263 141 2663 1219 400 464 2151 1292 2038 
294: 2610 2736 2028 829 1359 1274 2400 1861 2733 2308 14 2042 1502 1320 1924 1488 2734 1525 1429 819 
295: 2610 184 470 515 636 1108 148 265 2167 440 2168 466 533 1011 1091 1848 2609 2308 786 2584 1466 2199 2436 1689 1040 2708 2281 2779 1140 514 
300: 2610 2285 1282 1108 582 524 1563 1836 1984 91 497 522 528 666 801 1535 2215 2647 1587 513 1369 395 876 512 1281 1963 1751 1000 1784 2452 416 473 813 
303: 2610 2348 2167 1309 2168 1363 560 2491 885 2171 1375 721 2366 1234 96 94 263 2407 2236 1560 
306: 2610 1344 1346 
310: 2610 1106 1861 707 1905 1313 1369 1086 751 1298 2183 439 2139 26 157 2187 2540 1049 799 
316: 2610 877 718 947 1363 2480 52 478 480 529 1118 2118 1250 828 1549 2017 712 460 464 1540 650 1430 704 
335: 2610 
339: 2610 184 2200 877 2137 803 155 797 839 2320 146 2635 1993 1807 301 1161 950 456 2079 
364: 2610 140 877 749 998 2069 1574 2606 2102 595 2684 733 803 1705 2442 86 524 1609 173 405 522 528 529 531 761 885 899 1091 1092 2747 1180 1548 2008 2627 14 601 923 1340 1748 2045 2315 2558 158 1182 69 1606 1181 759 1245 1826 355 26 94 157 1907 1526 902 1674 1408 1684 565 2187 2344 2098 2486 830 959 1983 1481 1480 1607 
367: 2610 2200 1884 2421 1503 1524 2578 509 2480 52 164 317 784 801 1905 2140 2209 2292 2398 386 1230 1786 2577 2150 1343 1369 315 1688 2495 940 511 1259 2663 759 1275 2112 23 30 56 67 118 163 226 2014 1641 1517 1018 388 900 2178 1234 1170 2462 2704 2465 1412 690 1463 2738 1592 882 1733 2760 544 1028 1880 944 1016 
369: 2610 550 712 1840 96 
391: 2610 515 2285 2028 1106 1862 2785 529 556 2756 899 1092 2747 1781 1905 2515 1748 1796 751 1555 527 1281 1022 604 1820 
426: 2610 1037 1543 2423 2640 96 1686 2471 2012 
434: 2610 748 2421 2025 2028 1564 148 2684 945 1099 1998 535 784 1179 1649 2424 2660 672 895 956 752 161 1143 1195 2198 780 2065 2247 1355 625 45 87 150 219 2154 2027 2428 1537 2310 1675 2588 1828 2068 1202 1209 972 1866 
444: 2610 2421 1148 1301 719 2158 2326 1149 460 2748 1531 2494 1674 2619 2043 1024 
473: 2610 749 2684 1998 1530 2441 2515 300 1102 96 1034 565 1066 94 263 2722 1292 2255 1121 
502: 2610 2459 780 282 
539: 2610 877 2264 1092 2045 1149 1211 2186 610 1451 
540: 2610 1138 2421 1503 1574 2606 803 827 1037 1148 2458 2758 524 1998 173 407 414 637 2756 885 899 1092 1238 1305 1967 2466 2589 1147 1979 2709 486 2700 511 1182 840 460 728 1724 1076 1040 1424 1426 848 81 463 2419 1920 1430 961 1486 975 2128 1590 
541: 2610 1756 1755 440 1148 1543 1844 402 1147 2143 178 1146 1502 892 1750 1709 
555: 2610 435 609 2297 1200 637 178 2065 2275 746 930 1642 
557: 2610 893 595 352 421 1967 14 1142 2506 2276 457 2634 1472 673 
563: 2610 748 749 148 265 2684 803 856 947 1372 2033 142 347 2742 1998 382 2699 1111 1297 1548 2660 797 1110 225 1656 495 2198 780 1644 2247 2202 72 746 884 2548 656 929 1697 931 1429 1457 1739 930 
568: 2610 360 529 2506 2183 2270 2507 
570: 2610 1756 1755 529 1219 
574: 2610 2149 877 2753 1756 1755 1344 1902 2152 2347 2151 181 575 1034 2727 572 2434 1819 606 660 1602 476 1584 1760 
576: 2610 399 2200 1108 2069 1570 1106 213 832 1433 2033 2044 2182 2725 1892 1673 91 155 203 382 637 667 2331 855 885 1118 2747 1548 1626 2516 2647 601 1369 2440 1554 1485 1149 639 2152 1104 13 1469 2318 927 1509 1893 650 660 1052 1819 2361 837 1608 1204 2510 
606: 2610 344 435 998 2102 2125 148 421 2459 529 531 894 2740 2558 574 2506 1212 578 1689 1743 1164 157 999 572 81 2434 2447 1819 212 264 428 2507 1041 2461 1760 
616: 2610 1756 1385 1309 2650 2459 405 407 543 556 2177 2508 963 6 358 1635 1900 2671 2036 1275 1276 766 2683 2199 2486 1750 
633: 2610 1148 2081 347 1147 2706 738 817 
645: 2610 894 1092 1376 1743 1641 96 263 1618 1121 
647: 2610 217 383 1501 1502 1601 1139 1404 1830 2188 
663: 2610 2092 1809 2488 2209 14 2558 1797 2500 
676: 2610 2655 213 1148 2650 1892 1217 1263 1076 2394 1560 2186 116 2307 2184 955 
683: 2610 288 1654 1828 
692: 2610 1242 1282 1873 1091 1927 169 2324 979 449 2625 1929 1931 
693: 2610 1026 148 1526 1710 
714: 2610 2421 27 1037 347 2480 405 1578 1909 712 465 1601 1358 464 728 447 461 720 1912 1531 1789 1024 1800 907 2087 1168 1170 921 2223 1722 2620 1610 2509 
716: 2610 
720: 2610 2264 1574 148 440 718 1148 2650 1892 516 2459 478 480 529 2678 1909 1344 2600 486 2338 2482 122 714 1149 102 2370 712 101 1298 935 1601 1281 1831 1791 1021 1851 483 110 1211 1042 358 104 398 484 881 2317 1795 1542 1803 2716 2717 1789 2221 978 992 
724: 2610 856 1818 164 1634 2212 318 2483 2042 2377 2302 2021 2174 2289 766 1882 1946 2287 1932 2272 2457 2267 
732: 2610 258 2747 1977 719 498 2036 460 575 2094 1426 1169 2765 446 519 1168 
738: 2610 1564 1106 281 487 2725 2758 1145 1703 2212 2334 2589 122 633 2552 1212 1269 1300 121 2319 2616 766 1799 94 114 356 607 1517 753 1023 1746 1880 2228 2128 
750: 2610 2655 1884 893 998 1558 1106 352 827 1148 2533 2650 1332 2785 2300 1852 203 317 351 405 406 407 529 782 1905 1909 2525 318 1313 1149 751 1312 1130 715 1076 2486 1946 298 551 2184 1820 
751: 2610 95 462 470 2655 1160 2200 2753 2264 748 2082 2285 1884 893 1997 998 1574 2606 1106 595 217 2134 2243 281 440 827 967 1359 1433 1498 1809 1904 2044 2442 2458 2533 383 942 1506 2785 2300 2206 1844 1852 1861 86 402 421 598 2578 509 2480 823 818 597 91 155 173 312 317 360 414 466 529 531 2696 667 2776 782 894 960 1092 2740 1255 1305 1388 1392 1551 1591 1632 1637 1649 1696 1785 1905 1909 1923 2008 2334 2515 2647 202 1260 2005 14 180 318 513 601 723 895 1313 2114 315 873 1688 1452 1736 1086 1549 2483 2504 1485 122 310 391 750 1656 1142 512 314 2386 5 11 12 15 26 65 96 147 170 181 218 324 325 525 551 564 612 613 650 710 713 715 717 2661 2154 2486 1139 1143 1144 2676 2170 2318 2174 2175 2685 2686 2690 1682 2728 2223 2734 2228 1720 882 1219 2244 2506 1259 1784 1281 2302 2512 2319 1846 1820 1665 1312 1319 986 2730 1076 862 2187 2411 881 2417 892 2021 1412 1417 2394 1931 1933 1466 959 1478 1487 1495 1502 999 1000 1013 1014 1527 2041 2550 1025 2076 2087 1583 2605 1077 2099 2615 1095 2629 
766: 2610 2149 2125 985 1705 2120 2458 2459 382 801 1785 1855 2292 2508 2526 2582 1533 1340 2558 616 724 738 1561 1259 2302 2183 977 731 249 26 96 157 277 457 669 673 1030 908 2698 1178 1150 2486 955 1290 2259 1377 
779: 2610 696 1282 1108 1106 595 777 2092 126 829 898 933 945 1176 1372 1728 1818 2725 688 2279 2758 2488 37 347 421 1984 403 405 407 546 960 1039 1175 1197 1538 1637 1727 1848 1855 2030 2032 2075 2209 2211 2334 2391 2398 2603 600 14 1585 13 103 325 2659 1389 1492 1808 2192 921 1193 2324 2588 1604 1544 
795: 2610 1147 14 787 1915 
844: 2610 
859: 2610 1899 14 162 586 1791 
863: 2610 471 2082 1372 1809 1811 2168 203 407 2678 1781 639 1139 224 1641 298 1616 1631 1760 
870: 2610 435 2264 203 414 14 712 416 673 1211 1628 
878: 2610 2149 877 2421 2684 1037 1302 2279 1671 2238 823 637 1699 1967 1966 1656 1181 157 2324 2760 289 2538 
880: 2610 636 1671 347 91 296 405 529 666 667 801 899 980 1091 1093 1111 2747 2032 2515 2522 2569 2752 662 1622 1142 2213 2289 1661 552 2445 697 1562 2223 2034 1243 1377 
911: 2610 1977 1470 
918: 2610 2200 2381 2421 1811 28 197 2506 2614 1234 429 2465 
937: 2610 1899 213 933 945 947 1361 2207 14 123 245 586 1656 381 2474 1221 1601 210 359 1017 1234 1795 1429 2197 1947 1198 1090 2367 2500 1373 
944: 2610 2082 148 27 126 718 543 1263 28 940 141 245 367 1142 613 964 1139 1144 1245 2282 914 2139 1264 1076 116 150 251 2407 2080 1573 1338 2503 
946: 2610 877 1215 1756 1755 2381 2433 998 1574 947 2491 405 480 14 662 594 653 845 1522 1859 2191 787 1482 26 249 572 999 2671 2467 2099 1608 
953: 2610 1363 2526 464 867 
971: 2610 749 148 885 2577 2150 747 
976: 2610 877 594 1076 
978: 2610 877 2264 2375 1318 209 1145 1833 486 720 712 1641 651 370 654 1393 2586 
979: 2610 2200 126 1361 203 1649 1369 692 1466 1153 702 1571 1438 
989: 2610 2285 832 1515 2168 188 2260 1794 2624 2671 192 2062 1472 
994: 2610 2200 590 1359 1379 1850 315 1165 2558 787 1275 882 2538 
999: 2610 344 435 515 877 1752 550 2381 1884 1945 2499 1503 998 1026 217 718 1753 1332 75 402 2742 1158 2339 529 531 1093 1785 2157 2306 2528 2558 606 751 946 381 2474 836 1606 2506 1143 1281 1720 1944 2180 218 2270 2301 2550 2151 1076 1608 1164 2510 2671 2161 87 133 484 506 641 673 1784 1869 1262 1136 2187 1813 2026 2087 2447 1246 2621 2136 2626 1888 
1000: 2610 1884 2421 1106 803 933 945 947 1176 1361 2044 2442 1158 1058 89 91 296 466 497 531 666 667 786 286 1116 300 751 1656 2112 2065 1126 1140 2626 2251 
1001: 2610 1138 2736 990 14 1340 2229 2386 787 1647 2552 1494 437 706 436 583 2248 717 977 920 2057 1322 1341 
1002: 2610 595 86 14 180 723 2436 1338 
1020: 2610 2460 651 1642 
1027: 2610 1385 1558 945 947 1363 524 2705 845 1166 460 1054 2671 1170 1169 1545 2340 1168 1023 2023 1064 
1029: 2610 947 1433 1363 1530 49 393 2685 
1030: 2610 1242 1945 2167 985 164 744 766 1826 2575 
1033: 2610 203 512 1585 1819 
1040: 2610 435 636 1756 1755 2381 1884 1570 1574 2125 242 27 281 947 1728 1862 2459 1200 203 405 406 407 466 761 2747 1180 1785 2565 1504 1786 425 708 1163 486 845 1859 2045 1980 295 540 1656 511 2584 2771 794 840 1404 200 1076 442 277 393 506 673 2638 2411 1722 1276 2311 1209 1424 2447 1529 2612 2106 
1041: 2610 2409 945 1998 1632 606 2183 625 604 2461 627 
1047: 2610 277 
1048: 2610 1026 148 823 1438 449 
1051: 2610 2421 1564 2160 2334 2589 2021 1022 457 278 1631 
1052: 2610 2149 1756 1755 2381 1026 148 86 529 180 576 2506 2347 1758 1757 575 137 139 1152 2184 1357 2507 
1076: 2610 258 435 1752 748 1385 1945 1503 998 577 718 827 832 1753 2458 609 1873 86 402 2459 2339 1836 214 377 405 407 533 630 1093 1263 1379 1551 1691 1785 1833 2211 2424 2529 180 320 425 723 802 2143 1688 828 845 1375 2504 940 540 676 750 751 944 976 999 1040 1656 2412 158 1482 1601 2347 2450 1963 2050 2189 224 1373 26 1264 116 139 143 196 575 867 955 2187 2718 1738 2774 1757 1760 2272 1768 1897 1396 1937 2452 1262 2708 1077 1602 1120 
1105: 2610 258 1668 1884 893 2606 1106 352 718 947 2458 2207 75 203 351 360 405 406 407 894 1080 1855 1533 1979 1340 2229 1555 1561 1312 836 1826 330 2139 26 200 959 1993 2099 483 534 891 1731 2790 1137 2034 1290 1674 2447 1819 2478 1596 
1109: 2610 
1112: 2610 1945 745 1425 1640 2387 1606 966 2671 
1113: 2610 745 2292 1850 2172 2671 1387 
1117: 2610 1570 2125 126 270 404 1708 1883 200 703 2408 1296 2093 
1121: 2610 590 802 473 645 1142 2139 1724 1882 1481 2357 2719 1088 1692 1471 115 1016 2309 1674 1431 2496 1733 2136 
1122: 2610 2082 265 1543 1713 2650 2207 2705 1985 2525 2693 88 1205 2450 2088 2162 2193 2195 2194 1412 1079 2293 1931 1427 2615 1495 1335 
1139: 2610 1668 1177 1242 2409 893 1106 985 352 718 1309 1862 2458 2002 79 406 441 630 2689 1118 2066 2140 2342 2371 2391 2525 14 180 1240 141 647 751 863 944 2031 2406 67 171 559 575 792 1059 1120 1397 1654 1144 2170 2557 1799 1178 1820 1241 2087 1960 1961 1584 2099 2234 1481 1354 2376 
1142: 2610 241 344 470 515 636 1160 877 2753 1737 1752 1242 1756 748 2285 2409 2421 1945 1474 1997 998 1574 2606 2125 1106 2137 242 2092 368 440 718 745 803 829 926 1133 1309 1310 1361 1372 1433 1728 1809 2033 2044 2182 2725 2710 2458 2533 2590 2650 3 198 383 688 811 1304 1332 1484 1844 421 1158 524 1998 74 155 203 360 382 403 480 522 528 529 531 546 667 2776 885 894 916 1039 1065 1175 1238 2449 1434 1548 1578 1621 1632 1637 1691 1854 1909 2001 2030 2209 2211 2398 2516 1533 14 318 320 425 601 682 923 962 1240 1369 1501 2143 178 1977 486 1522 2158 16 2528 2675 2558 54 169 557 751 880 944 1121 172 2387 1656 18 83 93 96 143 181 327 336 371 379 381 465 477 481 564 575 591 639 669 835 854 864 881 889 896 913 939 1077 1120 2161 1143 2674 2170 2683 2175 2180 2411 1208 1221 2757 1229 2268 2271 2272 1267 1782 1276 1794 1492 2311 2327 1241 2347 1373 2394 2636 1896 2445 1921 1418 1931 2452 1449 1963 1458 1469 1266 1182 2379 2517 1502 1190 2555 1539 1567 2087 1601 1606 1545 1608 2535 1629 
1144: 2610 140 1668 1177 1242 2409 1945 1106 985 440 718 1148 1309 2458 2785 75 2342 2391 1147 14 1240 751 944 1139 1149 787 2667 26 792 1022 1120 2234 2369 2376 
1146: 2610 2264 1756 2375 1884 1106 217 373 990 1053 1148 1310 383 420 2059 75 402 2742 154 270 2776 885 1294 1637 2140 2334 2398 202 1147 14 1240 486 541 1149 102 2370 712 5 26 80 108 212 321 358 456 475 494 495 525 626 655 896 921 1380 1791 1680 2552 2686 1414 1234 1552 1682 2615 2080 1432 1689 2748 1346 2282 1731 1184 1502 2376 1345 2415 2523 2506 
1152: 2610 2149 893 2606 352 733 2120 402 1998 485 760 2008 2045 145 1052 1680 1561 778 1797 1915 1791 1288 2612 
1153: 2610 478 480 2482 979 935 504 578 36 45 571 884 2111 2548 1366 2068 2430 
1164: 2610 2149 877 1756 1755 998 1868 27 440 1844 360 2150 1902 28 606 999 1298 2152 1482 1013 927 2347 1143 578 2151 181 81 116 428 572 575 604 660 1094 1757 2074 2214 1760 
1167: 2610 2200 2025 2028 2684 933 2459 2491 1998 382 2747 1428 2323 2589 2366 504 1900 1234 1791 1355 282 1537 2588 
1168: 2610 1037 782 1175 1977 714 732 1027 2036 1978 2359 1674 438 1170 1169 1171 
1183: 2610 636 2200 877 345 2747 2525 769 1501 1502 2065 2727 1924 1371 210 
1191: 2610 877 1574 1037 2168 1975 421 516 1363 155 407 2740 1967 2398 682 708 1966 16 2130 285 2448 429 659 728 907 1064 1098 2658 1531 2467 2434 1819 2748 2652 
1209: 2610 2421 1106 985 945 2459 916 1967 2003 2660 161 434 1040 2152 787 1482 1210 2436 1791 1754 1488 625 624 565 76 282 307 948 1206 2154 1693 
1222: 2610 2499 203 885 1977 2436 2509 841 1537 
1234: 2610 877 1215 1280 2409 945 947 1148 2442 2480 173 203 360 453 480 2678 2696 666 725 2788 855 858 1092 1118 2740 1294 1691 1699 1827 2508 2582 1147 2322 2150 425 895 923 1340 1688 486 2700 303 367 918 937 1146 1167 1149 1680 1298 2584 1466 1259 1643 1647 2640 2302 2183 731 794 1143 1346 2127 495 780 26 181 690 1743 119 277 457 483 565 604 673 831 913 955 983 1090 1198 2186 2773 2791 1799 1660 1830 2369 2098 1932 1969 1465 1617 
1245: 2610 877 14 1522 364 944 1674 
1246: 2610 998 999 375 
1251: 2610 150 
1266: 2610 471 1752 1857 1474 2025 2028 1106 926 37 347 1801 2609 727 14 320 2045 1142 1656 322 775 887 1267 1269 2708 1460 1270 
1267: 2610 877 14 1142 1266 1352 2506 322 565 702 2507 1841 2255 1268 1270 1269 
1268: 2610 877 2442 2533 372 561 2331 1551 1578 14 320 2045 1267 1352 465 2347 322 565 702 1269 1270 2708 1841 2255 
1291: 2610 435 2285 832 1176 1433 198 128 155 2705 2756 2747 1297 1891 2322 2250 956 28 161 64 2198 1851 40 2310 2094 1853 1492 
1292: 2610 2200 2421 2025 2028 2684 478 1093 2441 797 1407 290 473 1656 1102 96 565 2722 1725 
1320: 2610 2736 748 2028 265 832 1274 1671 1861 2733 1111 14 49 294 413 819 1834 2734 1525 2550 
1329: 2610 148 1176 2207 86 1158 203 405 406 529 180 2114 2244 157 234 
1330: 2610 1756 1309 1671 1967 2506 
1333: 2610 126 1543 2756 894 899 1091 1092 2747 1954 2752 2150 962 1340 252 1469 2185 1689 157 298 196 1732 
1335: 2610 2578 529 1122 185 
1338: 2610 760 944 1002 1141 1472 
1347: 2610 26 
1350: 2610 1175 2001 1371 
1353: 2610 2200 1176 1415 2459 245 712 2648 2146 204 2073 
1356: 2610 26 2781 
1364: 2610 1713 1728 1862 2533 960 1551 1727 2215 601 2729 1882 1488 2674 793 2358 
1366: 2610 636 1892 317 782 1905 2066 386 1230 1533 1786 318 513 1153 1228 702 1193 2389 2362 
1386: 2610 315 2683 938 1187 2555 319 882 
1389: 2610 696 749 2409 1108 1564 2684 777 2092 733 856 898 945 1176 1372 1728 1818 2725 2442 420 2279 2758 2488 347 1984 403 546 801 960 1039 1175 1197 1538 1578 1621 1634 1637 1727 1848 1855 2008 2030 2032 2075 2211 2334 2398 2493 2589 2603 2604 2609 600 2577 779 1656 783 1585 525 2659 2112 1944 2020 2131 103 2505 2469 1808 325 179 961 1193 1257 1492 2192 2096 2104 1544 1604 1486 2389 
1390: 2610 140 2082 148 658 2742 164 406 441 1598 1143 224 327 495 2244 959 1722 1472 1582 
1417: 2610 1988 281 718 1361 2590 1861 402 2705 699 1294 1985 1533 1501 178 751 1502 545 1797 185 1770 182 506 2019 
1438: 2610 1026 148 420 2059 1861 823 377 707 2789 1538 197 979 1048 2380 1298 759 1358 1865 2436 400 1735 1775 1914 449 1283 2101 
1440: 2610 1307 2508 2582 68 85 731 1075 96 264 277 378 565 1124 2369 2359 2618 
1442: 2610 2025 1108 803 1037 1433 198 609 800 801 805 2464 1640 769 1313 892 920 1829 
1446: 2610 241 945 2764 
1455: 2610 877 1756 1755 985 879 1723 425 2315 2653 146 
1481: 2610 877 1215 2433 1570 2606 2125 148 1998 74 1180 1621 2529 49 828 1549 2017 364 1121 1139 1182 1298 1606 1911 2270 2151 200 1608 1087 137 635 974 1028 1157 2434 
1483: 2610 130 2386 2546 1383 2726 
1493: 2610 691 2474 1571 572 713 
1497: 2610 184 2081 1179 2001 1340 854 413 182 1354 1597 
1508: 2610 1543 1263 747 2760 1077 1804 
1514: 2610 213 803 945 
1517: 2610 2421 796 2653 367 738 2616 1851 625 907 1740 2652 
1519: 2610 2735 
1525: 2610 2736 2028 213 770 945 198 1274 1844 1975 1861 2733 294 1320 1694 492 2734 819 1007 2580 
1539: 2610 636 1177 2200 877 2409 2606 2102 718 803 1361 1372 1425 1433 1705 1811 2458 1843 86 421 2747 1578 2371 180 1284 1407 2314 940 161 1142 1182 892 2729 722 1143 1336 2199 400 2766 2658 2135 1056 932 1290 2538 2328 2507 
1540: 2610 258 2137 2684 803 856 967 1425 781 782 784 386 1230 1786 1891 2005 1587 1163 316 1130 
1544: 2610 696 1108 777 2092 898 945 1728 1818 2279 2758 2488 524 403 529 546 960 1039 1197 1538 1637 1727 1848 1855 2030 2032 2075 2211 2334 2398 2603 600 779 1389 1585 1259 2347 2659 103 2099 1808 325 1492 2192 1193 1604 1527 
1562: 2610 2067 1106 945 1705 1918 880 
1567: 2610 2200 1242 2285 1945 199 1361 1372 3 1142 26 669 1005 1513 1826 2183 2318 
1583: 2610 1574 947 1844 2705 782 1967 845 16 751 465 2183 2366 26 519 1276 1845 2766 
1589: 2610 1756 2381 148 440 1099 86 524 478 533 2489 727 566 1340 161 586 787 400 2531 1470 2456 98 461 673 773 1206 1903 
1608: 2610 344 470 877 1215 1756 2285 1755 2433 998 1558 2102 2167 2684 947 1148 1559 1753 2168 2438 2458 2206 1363 203 205 405 406 407 478 480 2696 2115 1501 1736 845 1096 1522 1549 2017 2482 576 946 999 1142 1481 935 1794 2347 1241 1441 1758 2270 2436 2624 2139 26 1677 98 393 484 564 575 1396 2061 2446 2574 2221 2161 1757 1735 
1610: 2610 258 462 1203 2125 213 803 1575 1836 1998 202 1344 714 2370 712 101 892 2436 2249 2097 2094 139 277 1243 1306 1418 
1617: 2610 2285 2421 1304 1468 260 1234 2099 1882 185 
1618: 2610 2150 395 645 1166 1851 2509 191 1326 2309 
1631: 2610 1755 998 2025 2028 1564 745 2177 2209 863 1051 340 2041 
1636: 2610 933 2166 2177 2525 2005 1656 1502 935 400 2636 443 1087 65 605 669 906 1184 1830 1704 2394 
1647: 2610 399 270 2066 1340 1001 1234 11 68 436 437 583 706 717 1830 2248 2552 1932 
1651: 2610 1884 1503 1844 1147 24 1149 2474 1373 1666 1926 
1652: 2610 1945 945 402 1696 1967 1419 1966 1518 1908 
1653: 2610 
1656: 2610 696 140 2655 2200 2082 550 1282 2028 2069 2606 1106 199 265 2092 281 733 770 829 926 933 945 1099 1133 1277 2044 2047 2166 2182 2290 2725 2458 2590 2650 3 198 688 1528 2279 2300 2488 2207 323 347 402 524 509 1984 597 2 89 205 206 237 288 296 311 312 317 372 380 403 497 543 546 2696 666 2733 699 2756 2789 761 767 781 784 801 899 960 1039 1092 1111 1145 2747 1179 1188 1297 2464 1538 1551 1621 1626 1632 1637 1649 1691 1696 1727 1785 1833 1848 1905 1923 2001 2008 2030 2032 2066 2075 2177 2209 2211 2212 2215 2334 2391 2398 2424 2441 2493 2515 2522 2525 2591 2609 600 202 1533 2005 14 318 320 513 708 895 956 1313 1501 873 28 788 161 563 751 878 937 1000 1040 1076 1142 1266 1292 1389 1636 13 45 65 78 157 219 233 301 349 400 409 472 510 511 534 538 551 564 605 611 668 669 711 785 826 854 868 930 996 997 1018 1087 1100 1104 1140 1141 1162 1208 1224 1262 1355 1409 1473 1480 1492 1502 1561 1585 2170 2680 2174 2687 2192 1808 1740 1739 2585 2202 1830 1791 2237 2310 2330 2340 2394 1886 2406 2418 2636 1940 2460 2472 1751 2055 2588 2087 2557 1880 2109 1807 2135 
1674: 2610 344 399 2655 749 550 2102 2684 1148 1705 2442 2207 524 1609 188 522 528 529 531 899 1091 1092 1118 2747 1388 1588 1691 2558 364 444 1105 1121 1168 1245 2412 158 1482 759 2448 1677 157 2719 1607 1410 
1675: 2610 2200 748 749 2025 2028 926 2459 727 2660 956 1977 2700 1485 434 780 625 624 150 1248 2154 2317 
1679: 2610 1668 1301 372 1533 1787 14 1340 731 607 1596 2388 
1689: 2610 258 344 471 547 2149 636 2200 877 1203 2264 1282 2375 2381 998 2069 1026 1574 2606 1106 2137 148 2134 1307 213 856 945 1148 1359 1753 1811 1671 75 402 1318 1158 598 1998 79 311 312 317 529 531 533 556 2756 760 885 894 899 957 1092 1093 2747 1180 1696 1905 1909 2032 2489 2646 386 1147 1230 2752 2577 318 513 2735 2518 2709 2544 395 1648 1688 1522 1549 2306 2482 2558 2706 24 295 606 1146 1333 511 512 1149 839 510 712 2386 1680 1298 2474 2175 1469 1482 2318 1143 1281 1346 1422 1883 1942 70 218 400 2680 116 157 181 282 305 542 852 1025 1034 1097 1296 1331 1526 1552 2151 1807 2187 2579 2324 2452 2116 2527 2094 2614 2107 
1692: 2610 1121 96 341 
1697: 2610 855 1111 1297 1548 1340 563 2451 2417 2349 2202 72 746 656 929 930 931 997 1357 1457 1739 
1711: 2610 1756 2082 1755 1385 1574 933 1037 1559 2168 1145 1284 245 1166 2347 2270 2760 2164 897 1429 
1717: 2610 1756 2671 
1719: 2610 344 2655 1756 749 1884 2606 2102 27 126 1176 2002 1180 14 24 2584 1606 1181 83 2280 
1725: 2610 885 1848 1292 1765 2139 1882 1102 96 2719 565 
1747: 2610 2092 803 933 1310 2758 960 1538 1781 1801 2334 1340 2119 1917 51 1182 2683 652 938 1921 2517 2555 192 1486 
1757: 2610 399 470 636 877 1752 1756 1755 2381 1884 1385 998 1026 1570 1106 1114 376 718 827 926 1148 1433 1809 1818 2033 420 1844 402 1892 1468 1363 2459 1609 203 214 360 382 414 480 1092 1217 1263 1305 1379 1530 2292 2342 2647 984 1147 2150 802 1313 1369 1902 1957 28 653 1554 2528 53 1052 1076 1164 1608 639 1298 1502 892 2152 1606 1469 1601 1794 2318 927 2347 1450 1720 2180 224 2270 2361 2436 439 578 2139 798 157 387 572 575 650 792 867 1120 1193 1204 1412 1462 1465 1509 1571 1659 2668 2190 2194 1760 2760 1784 1819 1832 2351 1845 1846 2186 2434 2074 2077 2399 
1758: 2610 258 399 636 2381 1570 1106 1899 440 1753 2033 2168 1843 1892 2397 155 173 203 405 406 407 529 531 894 2747 1379 1548 2647 2322 14 1284 1369 2558 1052 1608 639 1469 527 2318 927 139 181 573 650 993 1204 1509 1958 2203 2361 1963 
1774: 2610 1988 2604 2600 987 
1792: 2610 933 529 531 2332 2558 1602 
1804: 2610 148 1508 2536 883 1987 2539 
1815: 2610 305 1560 
1819: 2610 471 2200 877 1936 376 2533 2397 630 899 1011 1500 2138 180 1957 1736 2482 574 576 606 1033 1105 1191 1757 285 417 559 578 575 1017 2394 1778 81 2434 387 604 618 1070 1553 1760 2237 1864 2632 
1825: 2610 184 547 636 877 2743 749 2285 2137 733 770 2290 37 1318 79 155 531 533 667 2788 957 1091 1238 1294 1500 1588 2003 2008 2212 2589 2627 14 2332 873 1352 1794 1270 15 33 479 903 917 1223 1299 1451 2410 
1835: 2610 1224 1226 
1838: 2610 748 2207 1861 1158 11 787 1314 2180 
1840: 2610 1752 1026 27 1372 1528 524 528 529 1632 1967 369 324 2347 26 
1863: 2610 1176 1175 2183 652 26 1349 
1874: 2610 438 
1876: 2610 942 1301 1302 2059 1806 1695 525 1794 1300 2671 2478 1779 891 2184 1953 2072 
1893: 2610 748 893 2499 1997 1114 352 745 827 1309 2650 383 1861 351 630 2733 1111 1640 1691 122 576 639 1680 2506 1601 2180 1659 1412 1702 1077 287 463 1314 1684 
1938: 2610 595 37 421 1984 1601 232 1937 
1948: 2610 749 1625 1791 
1958: 2610 1138 1737 1884 945 1309 1844 421 79 760 1685 1967 14 802 1758 1502 525 1601 2454 2347 327 830 1184 1264 1462 1509 1552 1722 1762 1931 2088 2343 1963 
1959: 2610 644 173 643 908 
2000: 2610 588 1094 
2009: 2610 945 363 112 1136 
2011: 2610 258 553 586 424 1947 726 
2018: 2610 877 1215 1385 2433 1558 1570 2167 718 947 1559 1753 2168 1363 1967 2441 1435 1549 1966 2482 2504 545 1346 1788 2270 442 1641 635 2389 867 1511 
2021: 2610 2025 2028 2069 1106 945 2785 155 311 317 529 533 1696 1905 14 318 724 751 1051 233 512 438 472 900 1750 2680 2247 
2022: 2610 169 2097 
2026: 2610 1138 2264 2421 998 2606 1148 79 885 1011 1255 2516 2526 2589 2603 1258 999 1561 2550 578 572 287 669 1024 1832 1872 2429 
2031: 2610 2655 2200 877 2743 990 3 383 1318 2479 1165 10 1139 2412 355 783 1038 1393 1495 2280 2162 2551 2041 2698 2194 2450 2486 
2036: 2610 636 1177 877 748 749 550 1385 2409 1945 1503 2063 2069 1106 1894 856 1037 1852 598 597 89 91 173 296 380 406 466 480 529 531 533 666 667 707 2789 761 860 894 899 1091 1092 2747 1578 1781 1923 1967 2165 2569 14 1163 1918 2518 2114 2544 2315 161 616 732 1168 892 2506 1275 1404 113 463 730 851 920 955 1735 1860 2104 2445 2791 2321 2233 2388 2419 
2057: 2610 1332 1118 245 1001 1764 1760 
2065: 2610 2200 877 2421 265 803 1037 1099 2240 2459 1200 229 296 382 2696 916 1626 1649 1954 1967 2171 2413 2424 2441 180 672 797 956 1250 2709 178 1273 225 434 555 1000 1183 2729 64 224 2624 2198 20 780 146 2224 221 222 319 624 734 1202 1235 1499 1523 1573 1780 1799 2468 2688 2310 2068 2070 2602 2625 2094 2247 2202 2760 2417 2587 
2072: 2610 926 942 1302 2059 1876 2478 891 2184 
2077: 2610 1899 947 480 2776 2045 1757 892 2347 2361 1373 575 2351 
2094: 2610 856 1818 2297 1563 2339 50 380 529 894 1092 1833 2424 2603 601 956 1285 1767 732 1291 1610 1689 2065 2198 2202 204 826 884 997 1140 1223 1362 1537 1590 1628 1642 1739 1816 1881 2548 2368 2310 2325 2727 2767 2524 
2099: 2610 435 1668 877 1176 1809 2459 203 405 406 407 414 1533 797 1046 486 1859 751 946 1105 1139 1544 1617 787 389 401 2289 26 182 264 393 481 631 925 1098 1596 2779 2228 2312 2714 
2109: 2610 748 1950 933 1361 1372 2650 1528 1861 1632 1656 500 2651 741 
2112: 2610 696 945 2650 1984 89 91 296 466 497 666 667 1175 2030 2209 2211 14 169 367 1000 1389 2386 1585 2183 15 26 374 2020 
2133: 2610 1242 2092 1176 2488 960 1175 1637 2604 600 129 1751 1349 538 
2136: 2610 947 1844 2339 2528 999 1121 1606 1509 2524 1120 1186 
2144: 2610 1160 1752 748 2421 1106 148 27 933 945 383 402 407 1092 1180 2143 1258 123 2318 711 1085 1486 2411 2329 
2146: 2610 856 1353 2557 2648 96 204 1853 1937 
2151: 2610 2149 2381 1884 2433 998 148 383 1836 203 377 405 406 407 480 503 529 593 781 782 784 894 899 1305 1909 2140 2005 1748 2017 2706 141 290 574 999 1164 1481 1689 158 839 1298 1561 1447 2183 1143 2270 578 26 147 157 181 572 605 660 824 1315 1735 1760 2038 
2163: 2610 1945 1844 524 203 405 406 407 2740 786 2005 1284 1561 211 2721 1204 668 1064 
2185: 2610 2409 2480 14 962 1957 1598 252 1333 1865 196 1066 1732 
2186: 2610 1737 1945 998 1558 2167 1559 1753 2168 2650 1844 516 1180 169 539 676 1234 1757 1641 575 1056 98 1845 
2225: 2610 749 1848 
2230: 2610 748 2025 2028 2650 1861 312 1093 2515 2735 1351 
2237: 2610 877 1037 1099 86 347 2788 1548 2424 956 1250 1656 1819 2451 1321 2349 2760 930 222 1018 
2239: 2610 748 985 2400 1861 323 311 317 1905 318 1259 717 2671 2698 
2244: 2610 435 515 636 2067 2264 748 2381 352 1809 2650 75 1158 360 441 531 556 2114 686 1549 24 751 1329 1390 1555 794 1826 224 384 26 40 238 348 959 1377 1731 1791 1961 2019 2187 2242 2293 2790 2612 2510 
2245: 2610 2421 960 1011 1071 1294 1551 1621 1685 2160 2493 2497 1340 586 2387 2474 2552 437 706 436 583 2248 717 424 276 326 1073 1477 1999 
2268: 2610 97 258 217 270 529 2776 782 2342 1533 77 1142 525 134 1794 2318 927 2341 2766 477 1063 1412 2201 2665 
2270: 2610 470 471 1385 998 1558 1574 1899 2167 832 1433 1559 1753 1811 406 529 637 1175 1297 1967 2138 2525 14 2681 2600 486 653 568 999 1481 1608 1711 1757 2018 2151 1298 787 1336 1883 572 592 635 641 825 1206 1534 1602 1834 2116 2220 2619 
2286: 2610 
2309: 2610 877 1121 1618 304 
2312: 2610 877 1570 1574 947 1425 1809 2459 529 531 1588 1990 1817 1957 1549 1859 2045 2099 721 1797 1851 2447 1478 393 277 673 481 2073 
2320: 2610 241 2655 2200 1503 1106 317 2747 1786 318 122 339 839 20 146 1161 1641 1807 1935 1993 2010 2792 2345 2635 2631 
2329: 2610 945 123 245 2144 2361 1085 2690 2153 2634 193 1908 
2333: 2610 1358 1724 1882 1056 1232 472 1196 
2341: 2610 184 1737 1945 1997 1844 402 345 406 1071 1685 14 1501 2268 1298 1502 892 525 13 2318 927 157 327 336 343 715 1063 1412 1422 1462 1924 2227 2639 2728 
2349: 2610 2285 985 945 1099 2725 1563 1998 105 206 229 231 337 533 2694 2699 664 796 980 1091 1111 1279 1297 1428 1548 1887 2424 2489 956 1250 1697 2237 33 479 2198 851 146 1882 72 222 734 817 930 1022 1035 1223 1339 1983 2202 2585 
2354: 2610 2200 2441 129 1900 26 1683 
2387: 2610 368 1713 2240 2 960 2582 962 2558 236 1112 1142 2245 103 147 195 200 264 1241 1290 1999 2501 
2405: 2610 744 88 1259 
2407: 2610 2082 1284 940 303 944 389 96 631 2714 
2411: 2610 1160 2285 1282 1884 2025 2028 1108 1106 148 265 985 1176 1433 198 411 420 811 1009 1271 1484 1861 1836 1673 485 2756 899 1080 1175 1294 2032 2515 601 1501 2735 752 2495 751 1040 1142 2144 1502 2175 1794 2715 1726 1949 327 157 2324 1085 2512 1837 463 1660 1288 2685 
2415: 2610 2264 1884 1106 829 1861 79 1179 2001 2138 2323 2525 2556 1147 1501 178 1146 1466 1502 1794 2748 1791 2181 
2434: 2610 877 998 376 1844 1909 2482 574 606 1191 1481 1757 1819 1298 2406 578 575 81 387 604 1760 
2448: 2610 916 14 1191 1674 460 1693 
2451: 2610 258 1752 1884 352 770 829 832 1019 1374 1433 1713 2033 198 942 1274 1071 1649 1923 2003 2525 1697 2237 2152 525 13 157 500 634 830 1281 1462 1926 2088 2252 2347 2361 2454 
2454: 2610 2285 1884 1945 1558 2606 2033 769 1958 2451 13 575 821 1085 1281 1650 1963 2189 2664 
2457: 2610 998 724 
2462: 2610 1425 1809 1861 2578 1998 367 
2465: 2610 1385 1811 609 509 1685 367 918 1404 2614 552 572 
2486: 2610 877 749 1945 148 945 1861 744 1263 1640 2479 923 2482 364 616 750 751 766 2031 783 363 1298 935 1259 1181 747 1187 1212 70 176 439 495 1764 851 2766 1743 157 2760 2671 1480 277 298 366 371 457 673 867 1173 1272 1633 1946 1973 2116 2259 2364 2662 2738 2778 2698 2764 
2506: 2610 470 515 636 1668 1177 2754 1752 1756 749 2082 1755 1385 2409 893 2499 998 2606 1106 1894 2167 2134 2092 1988 368 718 1148 1374 1559 1753 1811 2168 2458 1009 1671 1844 86 402 421 1468 1158 2339 1998 372 529 894 1180 1255 1379 1637 1640 1781 1785 1905 1967 2171 2334 2342 2371 2398 2508 2150 14 180 802 962 1055 2681 2114 2600 1549 1966 2017 2263 940 24 54 88 557 568 606 751 918 999 1052 1146 1267 1330 1893 2036 2412 11 381 2152 2552 13 151 1181 1447 1469 106 144 157 171 181 218 468 572 573 578 585 591 656 852 874 927 939 1036 1059 1064 1178 1210 1229 1354 1358 1437 1509 1527 1596 1615 1641 1734 1772 1791 1864 1924 1961 2080 2087 2161 2187 2214 2235 2281 2289 2318 2366 2426 2453 2500 2656 2720 2579 
2507: 2610 636 1177 1752 1385 998 1558 1106 1894 2167 718 1559 1753 2168 1671 1844 402 407 529 1640 1967 802 286 1966 2263 568 606 1052 1267 1539 381 787 1469 218 1178 475 591 298 874 2214 2327 2410 
2510: 2610 2655 1755 2409 998 582 281 856 1309 2650 52 128 173 1061 1785 2030 1891 1250 576 999 2244 2412 2347 157 552 2536 641 958 1590 2187 2272 
2532: 2610 2412 158 157 1799 115 396 2404 2723 
2535: 2610 829 1543 1363 229 1255 1297 397 1142 2318 2550 1807 1882 1237 2161 1410 1236 2058 
2552: 2610 184 1945 1997 832 1148 1374 2590 942 2059 402 1147 1340 738 1001 1146 1647 2245 2506 11 68 182 336 436 437 583 706 717 927 1063 1883 2248 2461 2728 
2557: 2610 1242 1106 803 2650 1844 402 744 1785 1909 1985 2565 2622 14 2735 1452 2675 77 1139 1656 2146 48 254 57 432 669 1017 1237 1480 1955 2132 2359 2379 2545 2786 
2576: 2610 2474 
2584: 2610 1752 1756 1280 2348 1755 945 2725 383 421 531 535 1905 1923 984 14 295 1040 1234 1719 5 625 1232 1845 2019 2347 2638 
2588: 2610 1242 990 1099 1498 1255 1548 2155 797 956 434 779 1167 1656 851 460 2070 931 1365 1499 2665 
2607: 2610 749 2499 240 2183 26 483 2500 2671 
2658: 2610 258 1668 2067 1177 748 749 1282 2409 2421 148 2684 985 27 718 1176 2120 1671 421 516 524 2480 2491 173 531 543 593 2705 899 1118 1578 1967 2365 2508 2604 2322 2544 845 2691 24 161 1191 1539 107 525 2377 939 2213 2050 355 2617 2766 113 157 200 223 476 812 864 1100 1224 1276 1722 1849 1860 2090 2344 2637 
2688: 2610 1705 1632 2065 1641 1451 
2697: 2610 
2714: 2610 2740 1284 2099 2407 2242 2775 167 599 1003 2043 
2730: 2610 2655 1945 1361 609 2400 1861 173 529 315 751 439 500 1746 551 413 438 741 
2737: 2610 237 260 1065 1708 1939 929 887 1920 2492 
2765: 2610 213 288 732 1276 1170 679 
2771: 2610 2590 14 1040 26 991 1970 2249 
2774: 2610 241 945 411 1340 1076 1794 2651 2717 
2787: 2610 947 209 1967 2729 2084 
2762: 2610 213 945 2168 2600 752 2275 622 1829 
2617: 2610 241 748 27 947 347 203 351 405 406 407 744 1785 14 161 245 2658 107 465 389 157 1480 
2612: 2610 1385 1936 691 582 856 2438 1695 529 894 1175 1603 1967 2647 486 845 2528 1040 1152 2244 2347 1143 181 1396 1426 1832 2692 506 961 1314 
2636: 2610 2655 2082 550 1282 1106 770 827 933 945 2166 597 311 312 317 403 761 899 1039 1092 2747 1696 1905 2177 2515 2525 202 14 318 88 1142 1636 1656 233 1502 935 65 78 534 669 1087 1208 1473 1830 1880 2087 2135 2174 2324 2394 
103: 696 749 1108 2069 1564 985 777 2092 898 945 1728 1818 2725 2442 2279 2758 2488 1984 79 403 546 960 1039 1197 1538 1621 1637 1727 1848 1855 1923 2030 2032 2075 2211 2334 2398 2497 2589 2603 2604 600 1533 14 779 1389 1544 2387 1585 2659 2593 1912 1257 1492 1808 2192 1193 1604 325 1349 
143: 696 547 2285 2025 2028 777 1372 1713 2590 1844 260 1348 1785 600 1549 88 1076 1142 1013 1601 1264 887 1409 1552 307 1371 605 
325: 696 636 2082 2285 2381 2025 2028 1108 1564 777 2092 718 856 898 933 945 1361 1372 1728 1818 2725 2442 2590 2279 2758 2488 402 1984 89 203 403 546 960 1039 1197 1538 1621 1637 1727 1848 1855 2030 2032 2075 2211 2334 2391 2398 2493 2589 2603 2604 600 662 1419 162 751 779 1389 1544 103 1585 2318 2659 400 1808 1409 1257 1492 2192 1932 1193 1604 
394: 696 435 2285 1108 945 1099 2044 2459 89 296 414 466 531 666 667 699 1538 1637 2003 2497 2609 1147 956 2663 1751 212 
2659: 696 184 636 1108 1564 595 2684 777 2092 898 945 1515 1728 1818 2279 2758 2488 37 188 403 546 960 1039 1197 1238 1538 1637 1727 1848 1855 2030 2032 2075 2177 2211 2334 2398 2589 2603 2609 600 14 779 1389 1544 103 325 1585 94 1193 1492 1604 1808 2104 2192 
1650: 696 547 877 2137 582 777 770 803 947 1359 1498 1811 2590 688 1274 2488 421 1363 1158 2459 403 960 2030 2211 2391 2493 467 2454 2347 1143 181 1808 1509 1409 530 
2671: 696 515 2655 998 856 2168 2240 2279 2002 260 1696 1855 2030 2138 984 723 2709 280 2482 236 273 616 946 989 999 1027 1112 1113 1717 1876 2239 2486 2607 1606 938 2110 132 224 2469 2174 200 1449 812 1081 1661 575 147 1955 62 108 201 282 413 457 483 534 655 656 660 669 702 809 1063 1134 1159 1162 1218 1252 1360 1387 1478 1602 1707 2327 2351 2367 2478 2530 
1149: 696 184 2264 1756 1755 2382 1884 2421 1945 998 2606 217 890 373 718 990 1148 2033 2283 3 383 1332 2279 1844 86 402 421 2742 1609 382 404 2678 707 2776 760 885 1179 1180 1578 1649 1848 1909 2001 2140 2292 2342 2398 202 257 727 1147 1344 14 513 923 1240 1343 486 245 444 539 576 720 750 1144 1146 1234 1651 1689 80 101 149 151 212 218 284 447 457 475 477 518 626 628 712 900 921 925 1087 1088 1638 1646 1664 2728 1720 2748 1731 1252 1295 1845 1846 1849 1585 1345 1346 1502 1509 1856 1963 1690 1973 1466 1978 1492 2523 1791 1560 1709 2605 1601 1607 
2192: 696 1108 1564 777 2092 126 898 933 945 1361 1372 1728 1818 2725 2442 2279 2758 2488 347 1984 203 403 546 960 1039 1093 1197 1538 1621 1637 1727 1848 1855 2030 2032 2075 2177 2211 2334 2398 2589 2603 2604 600 779 1389 1544 1656 103 325 2659 1585 1808 2004 1257 1492 921 1120 1193 1604 
1193: 696 636 2025 2028 1108 777 2092 1307 126 898 933 945 947 1176 1361 1372 1728 1818 2279 2758 2488 403 546 960 1039 1197 1538 1637 1727 1848 1855 2030 2032 2075 2211 2334 2398 2603 600 1859 779 1366 1389 1544 1757 103 325 2659 2192 1585 2347 1404 327 959 1808 1480 1492 1293 1604 
1751: 696 2285 2421 1108 1106 199 265 933 945 1099 1176 1361 1372 2044 37 347 421 89 296 377 407 466 531 666 667 699 767 1348 1538 1637 2003 2334 2497 2609 723 956 300 1656 2133 394 2380 794 185 669 
731: 696 1668 2200 2409 1108 2442 1415 1695 173 478 805 899 1092 1093 2508 2582 1533 1787 2353 14 1313 1340 1918 273 766 1234 1440 1679 1259 2302 48 908 2369 955 1596 1602 2388 
1257: 696 1668 1756 1755 2381 1108 1564 2092 368 1818 2047 2725 2442 392 2279 2488 488 1984 288 1039 1093 1197 1538 1621 1637 2032 2075 2334 2497 2526 2589 2603 2604 600 1533 662 1389 103 325 2192 2213 2560 1641 572 1596 1971 969 1207 1537 1293 1992 1613 1769 
1808: 696 1108 595 777 2092 126 213 898 933 945 1176 1372 1728 1809 1818 2279 2758 2488 1844 37 347 421 403 407 546 960 1039 1175 1197 1538 1637 1727 1848 1855 2030 2032 2075 2177 2211 2334 2398 2603 600 2017 779 1389 1544 1656 103 325 2659 1650 2192 1193 1585 1141 726 1492 1604 1932 1814 
1830: 696 1106 440 933 945 947 1528 1861 345 2008 2066 2466 1533 1501 2119 2045 647 1234 1636 1647 1656 2636 1502 892 525 1130 1104 1494 2406 436 1404 2550 2614 1978 1095 1087 1509 2760 65 489 2559 1924 2203 343 711 850 1085 1295 2786 2601 1971 2103 2367 1847 
2406: 696 1737 1503 86 1649 2001 180 1501 178 1139 1656 2434 1830 11 1502 1494 477 1357 1441 1601 1770 2324 2717 
1393: 696 1067 2578 317 1905 727 2577 318 513 1343 2600 686 1688 978 2031 314 1949 1098 2236 1070 2425 
2418: 696 1108 2092 803 1099 1156 2044 2725 688 2758 2207 347 79 296 466 533 2678 666 667 960 1111 1294 1637 1855 2177 2589 2604 600 601 956 1656 787 137 
1409: 696 2200 893 933 1176 1361 1372 2442 347 1984 1998 203 377 407 1092 1175 1626 1637 1854 2032 2138 2177 2211 129 180 601 1419 1656 143 325 1650 2361 495 2648 181 2760 921 2461 
921: 696 636 1242 1884 2606 777 1176 2590 383 688 2279 2206 560 1984 154 403 2776 916 1197 1637 1848 2030 2211 2292 2391 600 1147 129 1796 120 714 779 1146 1149 2192 1409 1241 2550 195 530 1005 2299 
1461: 696 877 2285 947 1984 203 
1492: 696 1108 777 2092 898 945 1728 1818 2168 2279 2758 2488 403 546 960 1039 1093 1197 1538 1637 1727 1785 1848 1855 2030 2032 2075 2211 2334 2398 2603 600 779 1142 1291 1389 1544 1656 103 325 2659 1149 2192 1193 1808 532 1585 1794 2729 1921 2616 1604 2389 1499 
2020: 696 2063 265 1176 2488 37 421 1984 1848 1939 2030 2609 14 1389 2112 783 1585 1694 179 195 887 1916 2104 2492 2131 
1004: 696 1203 2285 1037 1862 2044 2081 2725 2442 1984 89 91 296 466 666 699 960 1118 1175 2497 14 181 1126 1143 1404 1042 1826 
1585: 696 344 399 547 1737 748 2421 1108 777 2092 829 898 933 945 947 1176 1372 1425 1728 1809 1818 2290 2279 2758 2488 347 1871 509 1984 82 296 382 403 407 533 546 960 1039 1065 1197 1538 1637 1727 1848 1855 2030 2032 2075 2177 2211 2292 2334 2398 2603 2308 600 1230 2332 286 779 1033 1389 1544 1656 2112 103 325 2659 1149 2192 1193 1808 1492 2020 5 532 1085 1604 1999 
2104: 696 1857 1108 1106 733 1984 155 529 894 2008 2609 1343 1389 2036 2659 2020 2131 2388 2505 
1604: 696 1474 1108 2125 2243 777 2092 126 898 945 1176 1728 1818 2279 2758 2488 403 546 960 1039 1197 1538 1637 1727 1848 1855 2030 2032 2075 2211 2334 2398 2603 600 779 1389 1544 103 325 2659 2192 1193 1808 1492 1585 2330 349 
1606: 696 138 140 344 515 1745 748 749 2082 1884 1564 2606 2102 595 1114 1894 2684 985 27 856 947 1425 2240 2290 383 86 402 524 2578 89 173 188 260 522 528 567 761 894 899 1015 1091 1092 1118 2747 1180 1612 1855 1923 2140 2526 2589 14 180 1902 2709 178 280 1258 2326 2675 240 245 364 999 1112 1142 1481 1719 1757 2136 2671 233 1182 11 2474 1352 109 359 393 424 457 472 651 757 862 864 1120 1140 1162 1181 1275 1373 1429 1482 1601 2173 2174 2685 1667 1720 2231 2772 2793 1810 1916 2648 1611 
1641: 138 435 2200 1755 1857 1884 2421 2063 1570 2125 148 1868 346 745 827 990 1309 1359 2033 2182 2785 82 453 593 699 899 916 2747 1833 2475 1230 682 1313 1340 1452 1977 653 122 169 367 645 863 978 2018 2186 2320 2506 2688 1257 69 101 2152 2302 1141 2053 400 2550 2635 30 39 271 447 833 1016 1042 1072 1161 1162 1362 1467 1488 2154 2203 2724 2227 2228 1777 1881 2425 2509 2512 2538 2070 2563 2625 2628 
327: 138 399 636 1737 1745 1752 1884 893 998 2069 1574 2606 2125 1106 2092 281 440 827 829 832 933 990 2290 383 420 1274 1844 402 2742 2002 1609 1998 404 480 503 894 1092 1179 1180 1379 1637 1640 1649 1727 1854 1909 1923 1985 2001 2138 2292 2334 2515 2525 2556 202 1344 1533 14 425 956 1055 1501 1956 178 2315 1142 1390 1958 2341 2411 1193 1182 1680 1555 1502 892 836 525 1494 1664 2175 1665 1601 927 2728 2347 715 996 1404 1638 1963 78 83 185 220 266 2690 1681 695 2363 330 336 1882 1373 2527 1412 1924 1462 443 457 477 518 2087 1085 
987: 2265 2743 1988 1297 1977 1598 1774 1400 31 930 995 1224 1780 
400: 140 2381 1574 691 901 281 1037 1705 2290 609 155 203 372 380 405 406 407 480 529 1093 1297 1833 2212 2334 14 2518 2528 2558 290 1438 1539 1589 1636 1656 1689 325 1641 284 1571 506 1059 572 447 1607 479 
1298: 140 344 547 2149 1737 1745 749 1026 2606 2102 148 2243 901 27 213 376 733 803 1148 1713 2033 420 2785 2059 1695 421 823 173 360 377 405 453 528 529 531 630 667 899 1091 1092 1093 1118 2747 1180 1727 2008 2565 2334 2365 1344 2005 2479 14 1340 2229 28 2315 2558 141 310 720 1164 1234 1438 1481 1689 1757 2151 2270 2341 2434 2486 2049 1182 69 712 5 70 147 149 157 355 443 476 483 492 559 572 578 660 747 819 891 902 919 1007 1021 1072 1143 1212 2164 2187 2748 2760 1742 2784 2347 1907 1911 1345 2624 1482 1996 1584 2605 1590 2116 
1181: 140 241 344 547 2200 1737 1752 749 1108 1564 2606 2102 595 2684 985 901 733 832 945 2044 2442 198 420 1332 86 524 89 91 173 188 296 337 380 497 522 528 529 531 543 666 667 699 761 782 860 899 1091 1092 1118 2747 1180 1392 1612 1649 1833 1923 2008 2140 2489 1587 14 180 601 1902 178 364 878 1719 2486 2506 1606 2412 158 1182 11 1466 264 472 862 1022 2302 2318 1482 1601 1552 
712: 140 344 2067 1177 2751 2264 2082 2375 1884 2102 148 1307 440 718 745 990 1148 3 2742 516 2459 360 414 478 480 529 2678 885 894 1578 1696 1147 1344 1902 2229 2600 486 940 122 316 369 714 720 870 978 1146 1353 1610 1689 1149 1298 102 80 101 212 358 445 483 626 1635 1162 2187 2195 2717 1702 2748 1252 2282 1789 1791 1803 1832 2347 1851 780 1345 836 1414 2038 1542 2054 2056 1042 2088 1070 2614 1601 1620 2135 1972 
2180: 95 636 2200 1756 748 1755 2433 1945 2499 998 1574 2125 595 1894 745 947 1309 1515 2650 421 1892 509 597 203 214 317 405 406 407 414 630 760 761 801 1238 1263 2449 1640 2515 14 1369 315 54 999 1142 1757 1838 1893 525 1601 157 200 266 468 551 1025 1633 2500 2219 
1100: 95 1558 2167 1559 1753 2168 1967 956 1977 1966 1656 2658 26 
2194: 95 2067 1752 2264 748 550 2348 1106 595 901 745 827 856 1309 1310 2650 86 1892 1158 1998 404 760 1905 1909 2515 318 1122 1757 2031 1205 1404 2450 48 2162 2193 2195 2276 2319 285 1479 2453 1495 2103 2551 2174 1427 228 1013 1900 2748 238 357 461 628 833 869 1038 1079 1429 2293 2580 
1682: 95 1737 2264 2082 1884 2125 440 718 745 1148 75 1147 956 1501 2158 88 751 1146 1346 2276 1502 1791 1878 
358: 95 877 1215 2375 1945 1067 1705 524 617 2788 2556 425 616 720 1146 712 2049 417 2501 2070 1560 
661: 95 2660 107 780 
1560: 95 1985 425 1285 303 676 1815 1149 575 2501 1081 358 1031 
2729: 97 344 877 2125 2137 27 718 947 1361 1372 1559 1728 2081 2458 2533 1975 86 173 351 372 529 2705 960 1392 1551 1727 1785 2215 2322 14 601 797 1364 1539 2065 2787 1492 221 552 816 959 1227 1596 2070 2080 2084 2494 2674 2766 
224: 97 2067 998 1106 217 926 86 407 441 1909 2365 1979 14 180 2114 1622 2558 863 1076 1390 1757 2065 2244 2671 218 1794 26 2656 2154 1405 2070 1584 959 974 
1978: 97 1755 2409 440 1695 2207 407 593 666 1578 1006 1340 1918 28 719 1917 1168 1149 1830 1921 2473 2550 381 2394 1601 2674 1171 1925 36 87 599 2542 2328 2210 
2698: 97 2409 148 2243 945 1425 1705 198 1984 858 1727 1855 2030 180 2095 766 2031 2239 2486 2110 176 669 483 457 2367 1955 76 1252 1602 1707 2682 
2618: 97 487 827 1723 2279 2300 478 1578 2508 280 2095 1440 1413 2543 1704 2259 1224 612 891 2358 
996: 175 1737 1745 2082 718 1359 2290 402 2742 2002 404 698 1179 1696 1905 2001 2565 2138 2323 2378 2526 1533 14 1956 1656 327 1502 83 185 330 336 477 1404 1412 2097 2004 
2456: 175 415 595 421 2578 2459 414 828 1589 914 61 174 253 742 1571 1828 2037 2154 2233 2657 
1749: 175 435 945 174 
1973: 175 202 1859 2486 1149 481 925 1866 2779 277 703 988 2093 2358 
363: 184 344 547 1752 148 901 524 173 522 528 529 531 2696 667 2788 899 1092 1118 1217 1263 1530 1785 1833 14 425 1313 873 2009 2486 747 1447 1911 2412 158 5 157 1655 955 2760 
2605: 184 1138 1106 595 217 718 383 420 2742 760 2413 2229 2158 751 1149 1298 1720 218 551 1357 2474 5 639 755 
1466: 184 2200 2285 1945 1503 1108 1026 1106 281 440 856 1019 1372 1374 2033 2355 1274 2488 1844 1873 75 402 1563 345 382 667 2776 1217 1263 1379 1578 1909 2292 2342 962 178 1796 130 1258 2706 295 751 979 1234 2415 1149 1181 64 1182 1212 1312 1404 1437 1883 1963 151 2319 1469 157 2175 1044 807 483 83 1684 1601 1090 2474 530 2299 2318 1660 93 147 5 2330 228 639 35 305 579 588 763 862 881 1025 1077 1368 1462 2161 2223 2246 2760 2284 1795 1820 1913 2435 2478 1790 1596 
1141: 184 2421 2028 1106 148 213 945 1372 2442 2650 347 82 916 1238 1708 1727 1985 2211 2493 14 769 2229 197 88 1338 1656 1808 1641 2049 210 307 374 1296 1709 1462 1371 2013 
1143: 184 241 344 547 2200 877 1215 2753 1756 2285 1755 2381 1936 998 2028 1108 1564 1574 2102 148 242 2167 27 281 745 856 926 1176 1310 1433 2044 2355 2725 2442 2590 198 411 524 2459 79 82 89 203 360 372 405 406 407 466 497 522 528 531 535 543 666 667 2756 2331 767 899 1071 1092 1118 2747 1238 1294 1428 1551 1578 1637 1781 1785 2001 2334 2371 2589 2150 14 425 601 1340 1501 580 2263 2360 2504 1980 161 434 751 999 1142 1164 1234 1390 1539 1689 2151 2612 1650 1004 1298 1075 1182 107 1130 1482 85 1794 26 40 181 349 569 572 575 675 847 896 954 2299 1206 1241 1777 1341 1896 2452 2208 2555 2579 2595 
2450: 184 2067 2200 2082 1474 2125 217 718 827 947 1019 1148 1359 2044 2458 2650 383 2400 1892 1158 404 480 485 1145 1640 1927 1147 14 769 1688 788 845 2045 88 141 1076 1122 2031 1205 228 210 285 357 869 1038 1079 1087 1371 1427 1429 1495 1670 1740 1929 2090 2135 2162 2193 2194 2195 2272 2293 2319 2344 2551 2748 2763 
1667: 184 877 1372 14 1606 702 1044 
48: 184 748 2285 1884 595 217 1894 745 770 803 1277 2650 1861 421 1892 598 597 188 630 760 800 801 805 916 1703 2515 14 1419 2557 731 1312 525 2347 2162 575 2193 2194 2195 1319 1087 2514 
2198: 184 258 1737 1756 748 2285 1755 2381 1564 1570 148 265 2684 985 2092 213 856 945 1099 1361 1559 1818 2044 2725 1975 1871 2297 2339 2397 89 173 288 382 497 529 531 533 666 2788 1091 1092 1111 1118 1297 1548 1785 2334 2660 1979 802 956 1214 2332 2504 16 876 1980 225 434 563 1291 2065 2094 2349 2202 2560 1739 713 930 1224 2139 149 565 780 871 884 929 972 982 997 1235 1362 1642 1816 2097 2247 2524 2548 
2635: 184 241 2200 1203 1503 2137 242 281 155 317 380 533 2696 784 894 916 2747 1833 1905 386 1786 1587 313 318 339 2320 1641 2680 2174 233 69 512 314 177 20 2249 146 302 1016 1161 1935 1993 2224 2345 2628 2631 
2721: 184 877 2409 529 386 2163 930 1018 1925 282 1470 31 804 
2324: 184 241 258 1160 2200 748 1282 1884 1945 2025 2028 242 368 440 832 898 926 990 1019 1433 1862 2044 2047 2533 2590 198 2785 2300 1852 1873 2238 79 155 188 466 529 593 2733 2776 801 894 960 1071 1512 1632 1685 1773 2140 2177 2398 2515 2525 202 2440 2143 1796 1736 1165 2558 120 692 779 878 1689 2411 2636 2406 1947 2715 1942 2386 1195 1734 32 297 1561 532 1962 892 935 2766 84 349 423 427 1034 1085 1283 1290 1293 1511 1660 1672 1716 1722 1834 1930 2228 2779 2389 2538 
76: 184 1209 2698 284 1414 1828 
1172: 184 933 769 887 2727 1371 1709 
2202: 184 2285 1564 1570 2684 213 856 1037 1099 1372 1818 2044 2725 1975 50 89 173 288 382 497 529 531 533 666 2788 1092 1111 1118 1297 1548 1785 2334 1979 956 1214 2332 1980 225 563 1656 1697 2065 2094 2349 2198 2097 2247 2070 222 565 713 884 929 930 982 997 1224 1537 1739 1816 1881 2548 2633 
1224: 184 241 2149 877 2285 1564 1570 2137 242 213 1099 1559 2044 2725 1975 1158 89 173 288 360 497 529 531 533 2705 666 1092 1328 1548 1785 2334 600 786 1979 1214 2495 1980 71 1656 1835 2658 987 2202 2663 495 569 826 1198 713 2198 61 536 1035 2061 1974 1721 2618 2439 
713: 184 2285 1564 1570 213 803 1099 2044 2725 1975 89 173 260 288 497 529 531 533 666 1092 1548 1785 2334 1928 1979 1214 1980 751 1493 2202 181 2198 1900 1224 
1878: 184 2655 1682 221 
913: 184 2442 609 524 203 528 535 1142 1234 1826 2374 436 1022 276 
1044: 184 2025 2028 2069 373 421 2508 1667 1466 356 
1288: 184 1756 1884 1148 383 420 1609 1147 1549 1152 2411 2728 2175 371 
586: 241 2125 1818 1998 2 188 453 855 858 2160 2603 2119 859 937 1589 2011 2245 736 778 1241 2053 2127 2162 330 356 457 2024 2029 2551 1999 1664 774 1802 1550 1090 1198 2343 2474 1072 2500 2367 966 1351 2259 2519 
107: 241 2655 2149 748 749 1282 2421 893 1936 1106 1307 27 352 945 947 1037 1099 2120 1506 1843 86 347 516 1158 524 2459 678 2480 1984 2397 351 531 707 1118 1578 1727 2177 2508 2522 2322 318 752 1736 28 1375 2504 1980 6 161 2658 2617 1942 64 2386 721 765 794 1143 1219 32 20 40 2766 1849 1778 2687 2638 661 284 2640 675 812 2068 668 1722 1851 1601 200 2204 1034 2251 341 2767 2637 2524 
32: 241 748 1282 2421 27 2480 351 1118 14 1375 161 107 1666 499 2324 2614 
40: 241 2149 1745 748 2381 1474 2025 2028 1106 595 1899 27 947 1811 2033 2438 2650 678 351 407 414 2171 1533 845 1291 2244 721 1143 107 1396 1555 1095 340 1754 
64: 241 877 1242 2421 733 1037 1818 2081 2120 2442 50 1118 1967 2008 2603 2660 14 1966 161 1291 2065 1166 1466 107 495 2161 780 1935 2727 972 588 
72: 241 1668 877 748 1099 2788 1111 1297 1548 956 2332 162 563 1697 2349 1321 1739 930 1457 929 746 884 2548 656 931 565 
149: 241 344 2264 749 1026 148 242 213 945 1862 524 1200 91 173 522 528 529 899 1092 1263 1785 2752 1587 956 1149 1298 747 1911 157 483 1072 2187 2198 147 1784 69 2412 158 2152 1157 2760 116 929 1243 
150: 241 547 2421 1503 2137 148 242 2684 1099 1998 214 382 407 1118 2747 2660 956 940 1485 434 944 1251 1675 551 624 972 2236 525 625 375 282 1202 1248 
181: 241 344 1160 1177 877 1756 2082 2285 1755 1936 998 1564 1026 1574 2102 1106 148 27 856 926 2044 2725 2442 2590 198 411 2206 1844 524 2459 79 173 203 360 405 406 407 478 522 528 529 535 666 2756 767 899 943 1091 1092 1118 2747 1213 1294 1297 1379 2464 1548 1785 1985 2565 2378 2424 2441 2566 2567 2568 2569 2570 2571 2572 2573 2646 202 2150 708 1240 130 580 789 2360 2504 1980 123 161 574 751 1142 1164 1234 1689 1758 2151 2506 2612 1650 1409 1004 2386 2663 1075 1143 1182 1241 85 2347 569 575 2170 1482 2346 26 650 2695 675 1206 194 200 713 1252 2784 1832 812 1341 1396 896 1439 2527 552 1078 
200: 241 877 1385 2421 2433 1564 1574 148 745 1728 2458 420 1158 351 529 2740 2371 962 594 828 845 1549 1859 2157 2306 2623 161 1040 1105 1117 1481 2387 2658 2671 1182 1212 1241 2180 176 107 157 2343 181 26 867 2764 1677 2722 2222 442 1866 848 
612: 241 1884 1106 751 2070 2618 
2648: 241 242 777 770 1274 1415 2279 2758 960 2747 1854 2211 2391 14 1452 1353 2146 1409 1606 1075 401 204 1478 2126 
621: 241 947 351 1147 
1140: 241 2264 748 2285 2421 890 2684 985 829 933 1037 1176 1372 1705 1809 2044 1844 666 667 1434 1727 1848 2066 2209 2336 2589 2609 2308 1230 1214 1501 178 280 295 1000 1656 2094 1606 2385 1502 1644 675 243 2247 1137 185 1491 1063 438 429 2337 1992 
2173: 241 1503 265 1118 1263 2522 2577 2150 1957 1606 21 690 1765 
2687: 241 470 1668 1756 893 1945 27 352 947 1309 347 1363 678 351 407 1434 1909 1967 1147 1313 1966 161 1656 417 107 552 
1162: 241 2149 947 351 1656 2671 1606 1641 712 2175 706 1451 
668: 241 281 856 1309 2650 524 79 407 529 899 2747 1656 2163 107 2135 625 2379 1693 
2199: 241 2200 748 1385 2421 1574 1868 718 856 1361 2120 2168 2458 1009 82 288 405 406 407 497 546 2331 960 1091 1092 1118 2747 1297 1727 1785 2413 2604 2322 14 895 1163 395 752 1622 1375 1549 2504 876 1980 141 161 295 616 1539 721 840 1358 94 277 460 495 519 552 673 867 1881 2070 2106 2107 2766 2328 2724 2538 2218 
675: 241 877 1069 1067 27 2650 609 203 351 1118 180 1375 2482 161 674 1143 107 1140 181 1418 438 537 
1722: 241 748 1282 2409 803 1361 1372 1844 524 79 351 1180 2030 786 1340 1343 1549 161 714 1040 1390 1958 2658 1963 2049 2050 2376 107 2324 1545 
1219: 241 1177 877 27 733 1705 1261 524 2397 1708 1147 14 2495 290 570 751 2663 107 1759 648 734 1064 1897 2657 1445 1226 
2760: 241 344 435 877 1752 1756 749 893 2433 1558 1574 2102 148 242 2167 901 733 947 524 678 2238 173 214 288 380 414 480 522 528 529 2678 2696 667 2788 899 943 1091 1092 1118 2747 1213 1217 1263 2464 1530 1548 1909 1985 2565 2378 2489 2522 2566 2567 2568 2569 2570 2571 2572 2573 425 2229 2114 2332 845 1407 1549 2017 2315 367 878 1508 1711 1757 2065 2237 2486 1830 1409 1298 736 747 1447 1911 363 2531 2575 157 1655 1057 839 1120 93 1264 1784 1466 2412 158 149 1077 2010 2784 2638 58 98 238 446 588 853 970 1136 1384 1458 1478 1800 1839 1877 2628 2775 
1231: 241 1945 27 1372 82 2747 1501 578 1072 2139 866 2594 1354 2792 
721: 241 2743 2421 2028 148 27 803 947 1361 1372 2458 1261 2459 509 351 2589 14 252 303 2312 107 40 243 481 908 2199 1846 1851 
2766: 241 2200 748 1282 2409 1574 2167 1307 803 947 1099 1309 1359 1361 1372 2033 2120 2458 1363 1836 188 351 382 529 531 1093 2177 2475 2322 2150 320 1308 1549 1917 940 55 122 1539 1583 2268 2486 2658 2729 2199 107 2324 525 706 18 460 519 812 886 1064 1218 1545 1602 1644 1784 2161 2328 2478 
1769: 241 1106 1257 
765: 241 258 1936 27 351 14 161 107 
812: 241 644 877 748 2409 998 1106 1307 27 352 803 856 1862 351 382 2788 784 2398 2508 1891 2322 1308 2658 2671 2050 495 107 1794 2766 1601 181 930 1881 2126 305 
1851: 241 877 1884 2421 1558 1570 1574 148 2167 27 1559 1753 2168 420 1998 382 885 1967 845 2482 161 720 1291 1517 1618 2312 712 721 794 938 107 460 1784 2197 2445 1602 1054 907 1520 2527 
833: 241 148 1861 1843 556 1093 1434 2525 2229 1641 882 1427 2194 2764 2351 1451 
324: 241 1668 748 1106 27 947 1753 402 351 529 1909 318 161 751 1840 12 2183 2302 330 2501 1396 96 1151 
1595: 241 14 1259 353 
1949: 241 258 1811 2484 2491 214 405 2365 14 161 2411 1393 2715 2386 888 227 804 1295 2685 2121 
938: 241 344 2067 718 2047 1975 345 529 894 916 1850 14 315 1165 2017 2158 1386 1747 2671 2683 1259 85 57 100 343 384 605 830 882 908 1518 2039 1404 2555 1921 2559 1826 2085 2088 1075 1851 2124 1362 2517 
438: 241 1752 2285 242 658 1498 2047 2590 2758 173 403 533 2696 699 2788 1118 1388 1538 1551 1591 1637 1854 2115 2211 2522 2752 662 708 895 1168 1874 2021 2730 2131 2280 641 1140 605 243 2460 545 1518 348 675 340 2291 2430 2051 775 2791 1715 961 1354 1370 
2501: 241 440 898 933 947 1753 37 885 1111 2747 1785 2353 425 2387 12 532 324 284 358 1125 1349 1560 
2631: 241 2200 877 2409 265 1037 155 630 2747 1147 2320 2175 1882 1511 1881 101 228 2635 2010 871 1161 1903 2006 2296 
483: 241 344 470 2655 2264 998 1026 148 718 990 383 347 79 453 1500 2177 1533 2005 720 1105 1234 2607 2671 1298 712 759 157 1466 2152 1791 1137 635 185 1799 1085 149 1480 2698 1660 799 1731 1707 1198 2096 1207 2738 2126 2764 2778 
1187: 241 344 1945 1564 945 2785 1261 1468 1563 554 899 2140 14 1386 2486 2275 1942 2386 189 319 390 754 941 1034 1922 1805 2368 2257 1623 1476 
1518: 241 344 803 947 1361 347 1363 478 1273 1652 2683 938 2517 1924 1601 438 1573 908 
2637: 241 2025 2028 595 27 213 945 1176 2290 37 351 406 2604 1850 1369 1977 161 2658 1276 107 1601 243 2640 1098 
2055: 241 2409 945 323 529 1656 759 1017 1408 
1552: 241 636 2025 2028 2606 1106 718 933 1148 1713 1332 2279 154 894 1092 1180 2464 1785 2171 2525 1501 178 2158 1146 1689 1958 143 1181 1346 2088 2361 436 1846 1502 639 2695 830 1184 307 605 1931 1940 
552: 241 435 470 471 877 748 1884 893 1936 998 1558 2069 1574 2606 1106 595 582 1868 1307 803 947 1372 1559 2168 2240 1363 2002 509 2397 351 593 1785 1801 2138 2342 2371 984 1046 1240 1284 1313 1452 1977 486 1308 2504 161 880 2465 2510 2729 2199 297 495 2347 1502 2500 181 2389 2538 158 2249 1791 2687 871 2638 38 262 264 409 2779 2656 2161 1907 2090 825 2106 711 
565: 241 945 1575 1301 1530 2424 2441 1767 364 473 1209 1234 1267 1268 1292 1440 1725 2202 1195 1269 1270 322 1355 1090 2198 2236 997 771 96 72 1102 263 2722 1066 
1601: 241 636 877 1203 1215 2753 1752 1756 748 1755 1884 2421 1945 1503 1558 1574 2606 2125 1106 242 1899 2092 1307 440 718 745 827 829 832 947 1148 1374 1713 1753 2044 2168 2650 383 420 1274 2785 2206 1844 86 402 1892 1363 524 2339 1998 82 154 403 529 531 637 2705 760 782 814 894 1091 1092 1093 2747 1179 1180 1263 1640 1649 1699 1785 1939 2001 2334 2525 2526 2582 202 1147 425 601 682 962 1313 1501 2600 178 594 653 845 1308 2045 2157 2315 2653 16 940 1980 123 245 647 714 720 937 1076 1142 1757 1893 1938 1958 143 1149 2406 1606 327 1181 712 12 759 2728 1281 1422 1883 2213 2088 2180 151 172 500 2380 107 1509 955 2175 2347 78 1924 1502 1208 1665 83 228 1166 1680 1962 1466 1625 892 45 60 109 127 136 153 167 243 255 464 477 648 679 703 812 831 881 883 886 897 927 1085 1089 1123 1202 1247 1264 1296 1325 1368 1373 1412 1518 1556 1569 1645 1662 1663 1764 1770 1795 1660 2384 2389 1910 1926 1929 1946 1978 1789 2105 2637 2638 2652 
2638: 241 2149 748 749 2409 1106 2137 2684 27 213 856 945 947 1037 2458 1844 516 524 2578 2459 678 351 522 528 1118 2577 923 1284 486 1375 1406 1040 2584 840 355 107 2135 1601 1480 552 785 2760 1064 2498 
2640: 241 748 27 1361 524 351 814 1147 161 426 1234 107 1882 243 2637 11 
512: 258 344 462 748 2421 1945 1106 148 2684 1868 281 856 1705 1818 3 1852 2578 1998 164 404 529 535 1093 1565 1626 1698 2554 2577 2479 2487 923 1192 752 300 751 1033 1689 2021 646 747 1212 1911 2083 70 2183 157 1561 2170 530 2174 2187 1645 93 510 511 19 21 293 298 366 445 456 1907 2635 2685 2447 2719 2467 2344 1453 771 2476 622 1478 1619 
314: 258 877 856 990 3 509 630 2591 786 1230 180 225 751 1393 1960 2054 70 2385 93 19 177 271 293 1913 2635 2010 
2386: 258 1138 644 1752 1282 2348 1936 1701 1433 1543 1862 2182 2590 383 2300 50 214 405 407 466 497 531 899 2493 2322 601 797 1980 71 275 751 1001 1483 1689 2112 2715 1942 4 107 181 196 268 342 423 428 955 1034 1187 1281 1322 1460 1734 1889 1944 1949 2024 2100 2141 2324 2374 2399 2575 2777 
1680: 258 636 2082 1884 1997 148 440 1148 2033 2650 383 1844 75 402 404 1071 1179 1640 1649 2138 2493 2603 1147 769 1419 1501 178 245 1146 1152 1234 1689 1893 327 1346 1404 2361 1509 1561 1924 1502 605 83 1961 1601 457 5 1412 2076 477 109 892 1296 1326 2790 2545 1681 2595 2732 
892: 258 462 877 1737 1884 2409 1945 1503 998 1106 718 827 2182 383 2059 899 1685 2292 2526 1533 1501 1956 178 486 963 2158 88 541 751 1442 1539 1610 1757 2036 2077 2341 1830 327 2715 1404 2162 44 575 65 78 1924 1502 605 2324 83 1601 2013 1881 93 525 5 1969 1085 1494 1680 1345 830 1013 1793 2052 1832 1700 2093 1462 
2152: 258 344 399 435 1177 550 1498 2459 1578 2017 1980 6 574 576 1164 1209 1757 2451 2506 1641 1826 2319 578 483 2512 149 660 572 780 824 1451 635 
1469: 258 462 1752 1756 1755 1433 2166 198 383 965 1301 86 509 405 529 531 707 894 899 1092 1093 1145 1238 1649 1909 2138 2647 425 1501 2600 1598 576 1142 1333 1689 1757 1758 2506 2507 964 492 1509 11 1466 1502 134 298 575 1211 1418 1465 2034 1926 1931 2452 1794 2347 
717: 258 636 1756 748 2082 1755 1884 1945 1997 2125 1106 832 1310 1374 2590 942 2785 2059 402 406 1340 2693 88 751 1001 1647 2239 2245 2552 2728 1883 436 2227 1397 1664 1665 2318 1932 11 336 13 68 134 1412 927 583 437 706 2248 182 1779 1662 1663 1929 1953 1063 1410 1095 
2777: 258 1282 1503 1574 1868 590 14 845 2386 787 401 1853 2447 
840: 258 2421 1574 803 2423 203 405 406 407 1091 1093 2577 14 286 1485 540 1040 2683 511 2024 2178 2064 2199 1081 2621 1864 1486 848 2638 866 
1241: 258 435 1177 1242 2264 2409 998 1574 1106 2167 718 1809 2047 2168 1318 516 1998 360 414 885 960 2747 2030 2118 2365 2150 14 1240 1340 2172 1139 1142 1608 2387 921 1143 586 1794 157 181 200 673 896 1190 2790 1777 1906 1290 2110 1707 2223 
1403: 258 126 37 1039 14 
1404: 258 2655 1160 2743 2755 658 553 901 373 718 733 770 829 990 1019 1811 2650 198 2002 1858 82 128 404 593 664 2776 756 1011 1093 1179 1238 1263 1548 1588 1632 1781 2001 2008 2066 2138 2140 2171 2177 2323 2371 2646 2577 1979 14 708 1501 2544 178 280 873 1375 123 647 1040 2036 2465 1193 1830 1004 327 2683 888 938 996 1205 1312 1337 1376 1680 532 1962 1466 1502 892 2444 42 83 108 179 193 211 264 267 289 409 427 475 477 571 711 728 774 851 1022 1023 1059 1095 1159 1325 1378 1550 2162 2193 2194 2195 1715 1746 1770 2284 1782 2293 1790 2304 2517 1846 2363 2181 2361 1427 1930 2453 1971 1463 1491 1495 2555 2051 2091 1624 
1942: 258 2655 644 1282 1433 2300 50 405 531 1588 14 275 1689 2715 2386 107 1187 1281 196 268 1034 2324 1944 2374 
2436: 258 344 470 515 1756 749 1755 998 2102 148 856 945 2650 1892 598 597 466 885 894 1954 2140 2515 14 295 1002 1209 1222 1438 1608 1610 1757 2663 2301 2175 1794 514 841 914 1151 2039 2278 
495: 258 1385 1574 2125 945 2120 2590 421 2578 91 414 781 2497 14 686 1688 486 1549 563 1146 1234 1390 2486 1409 558 64 1826 2199 330 2474 193 277 305 348 393 457 461 867 2019 2786 2538 1521 2550 2085 902 910 1550 2073 1090 552 2087 812 1881 1207 2614 1224 1049 1249 2778 
2174: 258 462 1945 1503 1106 2684 1425 2355 2725 1892 1836 2491 1998 317 360 1180 2479 2150 1957 724 751 1656 2636 2671 1606 1212 2183 1561 2551 511 512 787 2426 2635 21 93 119 298 622 1137 1272 1295 1660 1693 2129 2447 2194 2764 2476 2364 2778 
690: 258 1809 360 1965 1147 418 367 1234 2183 2302 2474 1480 26 1137 1740 1731 2173 
442: 258 877 2264 1884 998 1574 1106 947 1809 402 2459 529 885 1118 1990 701 845 2045 2260 1040 2018 1312 2183 1561 1355 200 26 1137 1555 1252 393 2214 867 2210 988 
625: 258 344 462 1755 2499 2137 2684 945 1425 1705 86 480 2660 1340 1957 828 2360 434 1041 1209 1517 1675 2584 1195 1300 504 266 1355 972 2154 668 477 1278 150 836 41 256 484 2027 1828 627 2428 
1034: 258 1752 1282 2167 1433 2182 2533 198 2300 560 173 214 403 407 531 1588 1956 71 120 275 473 574 1689 2715 1942 2386 1187 1734 1944 2276 2374 107 2324 60 2236 1600 1555 1931 622 423 333 1322 
2527: 258 2381 1997 1106 2137 827 1844 402 1524 441 2756 894 899 1092 2646 786 1230 2706 1689 327 558 1561 83 181 2139 2318 1412 1259 477 1851 
125: 258 1862 723 2399 2090 1430 
196: 258 748 1282 1936 595 745 1705 509 377 2334 962 1748 2315 1076 1333 2185 2715 1942 2386 330 492 499 2587 298 1732 
627: 258 748 1755 2125 1106 745 1309 1310 2650 1200 1015 2660 1041 625 2404 
1155: 258 2488 601 958 
2188: 258 877 1215 1574 1899 1533 653 828 845 1549 2482 647 1494 342 
673: 258 1242 1756 748 1755 998 1114 2081 556 1621 2466 2589 486 557 766 870 999 1040 1234 1589 2312 2486 1241 1413 1536 2162 2199 2720 2259 1449 1259 622 1252 1677 277 2313 1398 
1198: 258 2125 855 2603 937 1234 586 483 457 1090 1224 
700: 258 2155 809 1410 816 808 
2764: 258 947 323 311 312 317 1696 1905 318 513 1957 845 1446 2486 783 575 2680 483 1090 2174 2187 200 233 511 2467 787 1453 393 833 2123 
1235: 258 1099 229 231 2424 2660 672 1250 225 2065 2361 2198 1362 754 780 2417 222 1537 221 2625 2208 
2772: 258 1606 1569 
2773: 258 855 2603 1234 2127 297 2474 2519 1709 1569 1465 
1097: 258 2421 1106 832 945 2033 2414 497 894 899 1379 1689 2536 463 1170 2208 
1303: 258 1203 352 947 1673 845 2045 157 
1311: 258 2684 1099 1176 965 1975 543 1967 252 2452 2793 1784 1315 
820: 258 1106 1543 1504 1505 
321: 258 1570 1114 1425 1809 1147 2253 1146 1921 2087 1432 703 
810: 258 
1672: 258 1067 947 2650 1093 1967 1812 1794 2324 511 
1897: 258 2558 1076 1219 1264 
370: 258 2755 265 933 609 418 978 532 2445 2236 651 1459 
2435: 258 1882 1466 
941: 258 2200 1945 2137 901 947 1037 2590 2207 509 2001 1147 1343 2229 2482 1187 1921 1169 1666 1754 2722 620 
958: 258 2442 2488 1673 382 601 2510 2452 1155 
1987: 258 876 1804 1837 
2500: 258 1177 2499 998 2102 658 945 2650 1892 203 405 406 407 1785 1533 1928 2273 425 601 828 1549 2158 663 937 2506 2607 794 2180 586 2347 457 1550 2474 914 2784 552 1834 2350 2593 1946 799 1784 841 2367 366 1207 1709 2039 
1507: 258 2168 1967 1797 
1784: 258 877 2421 1945 1570 1574 2137 148 2684 985 213 718 803 1037 1309 1372 1809 2081 2168 2458 2297 1998 214 414 480 894 1217 1263 1530 1588 1967 2212 708 1284 1648 1549 2315 2495 300 751 999 1757 794 2766 2500 1396 2793 1120 1568 1851 2760 2277 149 848 2311 2708 1731 1243 235 650 1299 1311 1486 2425 2078 2586 
514: 258 1836 295 2436 
2071: 258 
544: 258 1106 894 899 367 1768 
2128: 258 745 980 540 738 
1120: 258 2200 2025 2028 945 2339 203 214 360 414 885 1217 1263 1530 802 1076 1139 1142 1144 1757 2136 2192 1606 888 2550 2139 2760 2524 1077 1784 1864 
1182: 344 2149 2200 1215 1737 749 1884 2433 1570 1574 2606 2102 2125 1106 595 2684 2168 2725 2438 3 86 524 89 173 317 337 377 380 414 480 522 528 667 761 801 894 899 1091 1092 1093 1118 2747 1180 2449 1612 1696 1905 1923 2365 2489 2591 1786 1979 2150 14 180 318 425 513 1501 1902 88 122 364 540 1142 1481 1539 1747 1606 327 1298 1181 1143 2412 15 33 69 70 83 181 200 472 477 494 643 650 2161 2347 1911 1441 1466 1482 1502 2019 
69: 344 2264 749 1574 2102 148 2684 1705 3 1609 360 377 1217 2497 2525 2005 425 1192 364 1641 1298 759 1182 355 2437 157 1480 147 1791 2412 158 1907 1913 1021 1408 149 671 2719 1712 2745 1607 2635 991 
11: 344 636 2067 748 749 2082 1755 2606 2102 2125 595 1894 856 945 1374 1301 1844 75 1158 288 351 529 630 761 2449 2140 2342 642 1786 802 1214 1340 2518 178 940 751 1647 1838 2506 2552 2406 1606 1181 1447 85 151 2377 436 1469 2175 532 2444 1664 1665 1104 1482 545 2640 5 639 739 1130 1643 1494 13 437 1594 68 706 583 2248 717 465 
1312: 344 636 748 1884 1945 1069 2102 2125 1106 595 1894 1899 440 827 1148 1809 2168 2650 383 1332 75 1892 2339 2463 91 164 288 360 561 2776 957 1091 1145 1640 1909 1967 2515 2627 2646 1147 1533 14 1501 2143 1688 750 751 1105 5 1561 26 48 60 442 525 551 607 1447 2299 1794 2319 1571 2593 2213 1466 1404 1502 2759 1624 1377 2738 
1482: 344 877 749 2285 1755 1945 1108 2606 2102 148 901 733 2044 2725 2442 524 89 173 296 372 380 466 522 528 529 531 666 667 699 899 1091 1092 2747 1263 1548 1887 1939 2008 2140 2334 601 2558 946 1076 1164 1209 1674 1689 1606 1298 1181 747 1143 1182 1342 157 534 181 1104 2412 158 11 116 147 572 902 2784 
58: 344 2067 749 2102 1158 2479 966 1157 1799 2760 1424 1426 
83: 344 422 1737 1745 1884 1997 998 2606 1988 440 829 1818 2033 383 2279 1844 86 402 405 2747 1180 1379 1649 1985 2342 2526 1055 1501 1956 178 247 88 123 1142 1719 327 996 2728 1182 1404 1422 1638 2049 151 172 330 1509 2227 78 1502 1680 1466 892 2474 1601 134 527 2318 927 1411 715 2639 1373 2748 336 2527 1770 477 1412 1410 1088 1089 2713 695 2013 
157: 344 399 2655 877 1242 2264 749 1280 1884 2102 2125 148 2684 901 27 718 733 832 856 1753 2283 1844 421 524 2578 2459 678 2480 1836 1609 173 377 405 522 528 529 531 667 894 899 1091 1092 1118 2747 1217 1263 1305 1530 1905 2008 2292 2526 2529 600 1817 2150 1748 2229 2558 1598 71 273 310 364 606 766 878 1329 1333 1656 1674 1689 1757 2151 2341 2411 2451 2486 2506 2510 2532 2658 2617 1298 747 759 1241 1413 1447 1911 2049 2054 70 2180 355 363 2412 511 512 158 839 69 510 1555 1466 2474 836 1221 2444 1482 914 200 1763 1791 116 147 149 2662 629 1655 1157 2187 2196 669 793 1707 192 193 457 2242 2259 1252 2760 244 1132 1799 1303 284 799 815 1856 2367 883 1906 1913 900 902 2470 428 2478 447 452 1480 483 2540 2034 2545 579 2087 575 1602 
1655: 344 636 749 2102 421 597 630 760 2515 747 363 157 2760 853 
1684: 344 1756 749 1755 1884 1945 1997 2102 1106 440 718 745 2033 383 1301 2279 2206 1844 402 406 1071 2464 1685 1781 2334 2342 2752 418 364 1893 613 2728 1422 2130 172 2175 1397 1466 134 527 2318 927 715 2639 1659 336 1633 1412 1089 
747: 344 2149 877 749 2102 901 1705 678 173 360 380 529 531 885 899 1091 1092 2747 1217 1263 1530 2529 2479 1979 14 923 2229 1549 55 971 1508 2486 1298 2412 512 783 158 363 1447 1482 116 147 149 157 355 607 2295 759 1655 2187 1136 1865 1993 2760 
1911: 344 749 998 1026 2102 148 2785 86 421 707 2140 600 14 1481 1298 1182 2412 512 510 363 19 70 149 157 167 341 575 578 684 848 1262 1478 1907 2187 2116 2760 
2791: 344 2200 877 947 1563 1118 1234 2036 2302 2042 438 1098 2058 
902: 344 749 2102 148 2684 1609 529 894 600 2150 2315 364 1298 495 157 1482 147 511 158 1742 
472: 344 748 749 2606 89 885 1180 1923 1656 2021 2333 1606 1181 1182 2619 
2517: 344 198 311 345 1093 1850 14 1165 1258 2017 1142 1747 2683 938 1404 100 343 605 1439 1518 2481 2555 
477: 344 1737 1745 1884 893 1950 1997 1503 1106 2092 1988 126 281 352 440 829 947 1099 1148 2290 383 1301 2279 1844 402 2742 2002 351 404 2776 885 894 1179 1180 1379 1649 1854 1909 1985 2001 2138 2342 2526 1147 956 1055 1501 1956 178 247 88 1142 2268 1149 2406 327 996 1182 1404 151 330 381 1509 2227 634 1794 1502 83 1601 2474 2318 1439 336 185 1412 639 1680 1962 527 927 715 2748 499 625 2527 1681 2713 1232 1462 518 
1633: 344 636 2200 748 749 2285 2409 2102 595 990 1037 2182 383 323 2491 1609 1058 79 317 407 760 761 872 885 1217 2449 1905 1909 2342 984 2479 180 513 2229 2486 1212 2180 2388 1807 1502 1684 1946 93 1607 579 1151 2235 
2392: 344 749 2606 2102 1180 1612 
2116: 344 749 148 2167 1176 421 478 1263 1640 1689 2270 2486 1298 1911 70 1677 684 
1502: 399 547 636 1737 1745 2082 2285 1884 2421 893 1945 2069 2606 2125 1106 1899 2134 2092 213 281 352 440 718 770 827 829 832 933 1099 1148 1359 1515 1713 2240 2290 2355 2414 2458 383 420 1271 1274 1301 1484 1528 2785 2206 2207 1844 1861 347 402 1871 2742 2002 598 2463 1998 79 345 485 529 531 533 756 894 899 943 1092 2747 1179 1180 1213 1238 1379 2464 1588 1632 1640 1649 1727 1785 1909 1923 1967 1985 1990 2001 2008 2066 2565 2138 2323 2334 2378 2515 2516 2525 2526 2556 2566 2567 2568 2569 2570 2571 2572 2573 202 727 1147 1344 1533 425 601 956 962 1110 1313 1501 2600 178 280 788 1273 2315 2706 88 123 294 541 647 751 1142 1146 1183 1417 1636 1656 1757 1958 2341 2411 2415 2636 1149 1830 2406 327 996 1182 1300 1312 1346 1404 1638 1646 1963 2050 2088 151 2319 330 2388 500 2550 381 591 1509 1469 266 2181 2514 2175 2347 575 65 78 343 1140 2761 1924 2444 5 1680 1962 2732 67 83 98 220 244 319 356 362 409 474 475 477 499 518 552 564 605 715 768 830 836 850 862 892 917 961 1085 1088 1256 1290 1295 1296 1315 1387 1412 1439 1454 1462 1489 1491 1494 1724 1664 1681 1707 2748 1754 2786 1770 2676 1828 1790 2304 2087 2318 2330 2713 2363 1932 1931 2690 2460 2467 1682 2284 2004 2523 2034 1552 1793 1795 2601 1601 1625 2651 1633 
787: 399 1687 1280 1503 1705 2279 79 382 480 1065 2740 1255 1848 1909 2118 2138 2529 1850 1214 2495 1767 6 795 946 994 1001 1144 1209 1589 1838 2099 2270 2507 2418 2777 888 2050 2280 492 2550 538 2174 2759 2764 481 1765 2745 192 1866 1060 632 1470 908 2722 
2347: 399 462 515 877 1756 1755 1884 1385 998 1026 1570 2606 2102 1106 27 440 827 898 947 1148 1277 1372 1559 2033 2182 420 2785 1844 86 402 421 1892 1363 2480 377 382 405 533 885 1175 1263 1305 1578 1954 2177 2342 2516 2647 1344 2322 320 425 1369 1902 653 845 2017 2528 51 53 54 574 1052 1076 1142 1164 1268 1544 1608 1711 1757 1840 1958 2077 2451 2510 2584 2612 1650 1193 327 1298 712 977 2728 1182 1413 1441 1450 1944 1963 48 2361 578 381 1509 1469 955 639 1502 525 13 1665 1601 2318 927 108 181 239 268 349 387 455 457 463 552 572 575 604 650 660 854 867 988 993 1042 1169 1204 1355 1465 1568 1602 1659 1772 1845 2004 2074 2135 2190 2344 2775 2500 2784 2359 2559 2586 2634 2649 
575: 399 636 1678 1687 877 1752 998 1570 1106 2167 718 827 947 1148 1277 1425 2033 383 1844 421 1892 1363 2459 1609 89 382 593 1379 2647 727 1147 2150 1192 1369 1957 1554 940 122 574 732 1052 1076 1139 1142 1164 1608 1757 1819 2077 2186 2434 2454 2671 1143 1336 1720 1911 48 2361 578 1509 1469 157 2347 1846 639 1502 892 2318 927 2139 181 1204 371 387 572 2662 650 2190 660 2764 1760 792 1845 896 1462 1560 1079 1602 604 
2131: 399 2063 213 1873 2002 466 2733 1848 1855 1939 2030 2609 14 708 956 395 1389 2020 2104 1797 2127 639 438 460 887 955 1290 2004 2492 
1537: 415 1756 1755 2382 890 945 725 980 1135 1313 1375 434 1167 1222 2094 1257 2202 1358 1572 972 2161 1491 841 572 754 951 2548 1235 2549 1421 1816 2383 
2318: 422 1160 877 1752 1756 1755 2381 1884 1570 1574 2606 1106 2092 281 440 1148 1309 2033 2044 2120 2725 2590 383 420 1484 1671 1844 402 524 2002 509 1836 188 288 406 528 529 533 899 1118 1179 1180 1649 1909 1967 2001 2066 2138 2292 2342 2493 513 601 708 769 1110 1501 2143 845 2260 54 122 123 141 576 751 1567 1689 1757 1758 2144 2268 2341 2506 2535 325 1181 2663 1654 2183 2302 381 1509 33 2347 575 1502 605 83 1684 2452 60 670 1022 1466 13 706 717 134 87 139 477 864 1025 1063 1088 1418 1642 1932 2100 2690 2726 2330 2481 2527 
2161: 422 877 1215 1756 748 2433 998 1558 1574 2125 2167 126 718 745 947 1099 1309 1310 1496 1559 1705 1753 2168 2650 420 2480 382 2776 129 956 1522 1549 2260 999 1142 1608 2506 2535 64 888 1182 78 2766 2247 975 552 2087 1466 1194 1630 284 461 867 1124 1477 1537 
1412: 422 2655 1756 2285 1884 2421 998 1574 2125 440 733 832 1310 1809 2168 383 1274 2279 1695 2207 347 2742 509 1673 164 756 782 885 1379 1967 2066 2336 2342 2322 1501 280 686 247 123 183 367 751 1122 1757 1893 2268 2341 327 996 151 218 2227 2181 1561 1794 1502 1664 83 1684 1601 2512 1449 112 525 739 2330 134 1680 717 927 1411 1373 2004 2527 477 171 1059 1063 1383 2741 
408: 422 2433 945 420 1301 425 861 2720 1463 762 
1732: 422 962 1333 2185 196 
1981: 422 803 829 945 1713 311 666 800 801 805 2464 2565 2440 1258 2275 949 2759 1931 2362 
2412: 435 2655 2149 877 749 2381 148 2684 990 3 1843 1524 2459 678 2238 52 155 164 260 317 414 1263 1781 1905 2140 1533 318 513 2108 315 1076 1674 2031 2506 2510 2532 1181 747 1182 1911 2189 2302 363 2505 1807 157 2680 1482 2187 1264 511 1262 69 149 158 815 900 1077 1157 1272 1799 2096 2204 2760 2540 2778 
2162: 435 2082 1755 1474 2458 2650 404 453 1855 1533 14 1122 2031 1205 1404 2450 48 586 1561 892 165 263 285 357 371 673 1007 1038 1079 1293 1427 1495 1820 1929 2090 2551 2293 2193 2194 2195 2259 2319 2763 
211: 435 877 1574 2459 414 480 531 2008 14 828 2017 2163 1404 2249 2004 2356 416 2345 
504: 435 947 1705 2459 1118 14 1153 1167 1536 371 995 2154 2317 915 625 
26: 435 470 2149 1687 877 1280 2381 998 1574 595 2137 733 1148 1309 1728 1904 2081 2590 1415 1844 86 1158 2480 74 311 317 441 630 666 756 761 1179 1727 1905 2413 202 1147 1344 2479 318 513 769 923 1240 845 1086 2315 2326 2483 2623 120 145 310 364 751 766 946 1076 1105 1144 1146 1234 1347 1356 1567 1583 1608 1840 1863 2099 2112 2151 2244 2354 2607 2771 1143 1312 1346 2049 224 2302 500 1763 181 2289 1449 1264 200 2370 1166 1666 1194 177 690 2748 1225 1743 2784 42 1791 798 1317 1345 854 1677 1400 1414 917 430 442 959 1993 1021 36 2089 1098 1100 
2784: 435 1756 1755 2381 998 2243 524 203 528 1909 54 1298 2049 2347 2500 181 1482 26 2760 1352 1470 468 
1264: 435 2200 1282 2684 827 832 1753 402 2459 2339 74 214 377 860 2747 1263 1785 180 425 723 1688 828 2675 940 944 1076 1958 143 1963 2189 955 2452 1601 1396 2187 2272 2412 1373 26 116 1077 1262 1897 1937 2718 1864 2760 1885 
277: 435 1668 2125 1899 1868 1307 213 945 1425 1809 1862 2002 164 2030 2508 2582 1891 1086 1308 1859 766 1040 1047 1234 1440 1610 2312 2486 1413 1536 2199 401 2520 495 457 1290 371 481 1973 393 2097 2722 908 2369 673 
326: 435 2245 1381 
340: 435 2381 2125 529 1631 2474 40 438 1373 
416: 435 748 148 2684 985 1998 214 382 300 870 211 1396 139 
2187: 435 2149 2082 2375 2381 1945 998 1026 148 2684 2081 2725 1332 1318 1158 678 2339 2238 1609 164 214 311 312 317 453 894 1263 1612 1833 1905 2030 2365 318 513 956 1452 2691 310 364 751 999 1076 1689 2244 2506 2510 1298 712 747 1911 2189 2505 1807 157 1561 2680 2135 233 2412 511 512 510 101 1129 1996 1264 2674 149 2204 882 1077 1252 1262 1451 1768 1832 2764 
2197: 435 877 1570 947 1148 1176 2279 2578 403 414 1500 1565 1603 2589 1688 845 1859 2315 2482 2483 937 1654 1557 2272 1014 68 1677 1851 1735 212 1943 
2722: 435 2421 2137 2168 407 2441 2591 600 1957 473 1292 304 200 96 941 2359 1982 277 787 565 1102 1066 94 263 1471 2362 
2749: 435 
972: 435 2025 2028 985 1099 1871 1998 382 2788 1551 2660 956 434 64 1826 624 2198 146 2247 625 150 291 1513 1537 2310 2317 1596 1202 
2775: 435 126 761 2030 1340 2714 2347 2760 
2779: 435 1282 352 1809 2044 2438 1861 406 407 1092 1046 130 1859 161 295 2099 2663 2324 552 1056 481 1973 393 1853 
2305: 435 2503 
1800: 435 1037 478 714 2760 1542 
815: 435 157 147 2412 158 
1355: 435 2200 1026 2137 733 1671 1861 2177 2441 2482 434 1167 1656 2347 624 442 41 1102 256 565 625 1042 1239 2679 
1360: 435 126 597 630 1785 2515 2671 
1877: 435 2760 
864: 435 1671 524 2459 82 173 485 543 784 1142 2658 1606 1276 939 2318 2091 
865: 435 2459 414 
2447: 435 550 1385 998 2578 203 1905 318 245 606 999 1040 1105 2312 2777 1561 2343 1572 2174 512 1555 1677 81 604 608 1823 
925: 435 1868 947 1809 203 406 407 1046 1859 2045 2099 1149 481 393 1973 
463: 435 462 1160 1203 2743 1737 1282 1936 803 1037 2650 2059 1158 2002 1563 2177 2600 395 130 540 1893 2036 2411 2275 2536 2347 1397 460 289 2096 1097 
481: 435 947 2459 2733 1046 845 1859 1142 2099 2312 721 1056 787 2779 393 277 1973 925 
1516: 435 845 1252 
2034: 435 1668 749 2382 2168 2650 1844 1892 529 744 1217 1263 2353 1736 880 1105 330 1469 157 1502 243 1377 104 1082 1933 1813 2383 
1529: 435 1282 590 803 1040 1480 1259 341 
1532: 435 945 1811 2290 2339 2685 
1541: 435 2409 2243 2785 203 522 529 1859 2045 2183 393 1414 2461 
2051: 435 636 877 2459 2491 528 1404 1750 438 
530: 435 1106 2684 281 440 829 832 926 1133 2725 2442 2458 2207 311 317 1263 1637 1905 1923 2001 318 601 178 1650 921 2514 2680 233 512 1466 1625 2538 852 
2593: 435 1108 2002 2464 1801 2565 2489 1343 845 103 1312 1464 70 330 401 2575 2500 2122 983 2713 2351 1922 2035 108 2580 
2101: 435 1026 148 420 823 480 1147 1438 158 1154 248 1914 
1098: 435 2421 947 1809 2650 2742 414 2609 2005 1714 1191 2099 1393 2637 26 2327 80 2656 1101 2791 
1024: 435 590 1037 444 714 2026 2478 
604: 435 1756 550 1503 1099 1753 2459 173 405 1118 2740 130 1086 391 1041 1164 1234 1819 2434 2361 2347 2453 575 2299 2447 1278 1377 2461 
511: 462 1203 148 2684 856 1575 3 1836 2491 1998 164 317 407 1263 2660 2150 923 315 1688 367 540 1040 1656 1689 652 840 1212 157 670 2174 2187 882 1463 93 510 2412 293 512 2685 902 1672 2764 
460: 462 2200 1385 2421 2025 2028 2243 582 27 590 1037 1559 1811 2168 203 288 382 533 2322 1817 752 1977 28 719 1375 1549 245 316 444 540 732 1027 2448 2588 794 1963 2131 2199 463 2766 2343 1644 23 36 215 246 264 283 357 1995 2538 2419 1851 1023 659 519 2439 1424 1426 1430 2328 1054 907 1828 2340 831 464 728 2393 
2536: 462 877 1203 945 1575 1975 323 50 705 1626 2108 1767 1804 2510 2275 2049 463 1097 1436 2534 
1397: 462 1884 733 421 782 1551 2515 1055 183 1139 1509 717 1411 2004 112 463 1684 
2356: 462 2459 2339 1188 1954 395 211 2139 2359 657 
1611: 462 1203 2125 213 1606 2370 1243 
525: 470 471 636 748 2082 1884 1503 998 1574 2606 1106 217 718 827 832 926 1148 1433 2414 383 942 1301 1302 2059 1806 1695 1844 402 1158 1998 894 2464 1640 1649 1685 1905 1985 2138 2342 2525 202 1147 1344 318 1343 1918 88 751 1146 1389 1876 1958 2268 2341 2451 2658 1830 327 1300 1312 1921 48 2180 2276 2319 2361 492 500 1509 2175 2347 1794 2766 1919 2676 564 2686 1932 1750 1007 639 1555 1625 892 7 67 68 127 150 171 185 267 308 419 2674 1659 1296 798 1900 891 1412 950 1953 1025 2562 1059 1607 1971 
527: 470 748 1695 529 782 1071 1781 2342 2515 2479 391 1758 83 1684 13 134 477 927 1866 1063 
1281: 470 636 1282 998 1108 2069 1574 2606 213 440 718 733 1433 2044 2168 2283 198 1844 2297 529 535 894 899 1297 1649 1781 2001 2008 2515 14 318 320 1980 300 391 720 751 999 1689 2451 2454 1942 2386 2175 1601 179 2452 1283 1322 1846 
1252: 470 2743 2125 1310 1528 2459 2238 617 744 801 1632 2008 2140 2441 2308 1096 2558 2671 1149 712 249 157 457 1351 181 2187 2304 1782 1014 1791 2698 1259 442 2634 1159 673 1516 2677 
1888: 470 1158 478 480 2045 999 1571 935 
914: 470 2381 2499 1723 1506 2785 2206 1954 2660 16 940 944 2436 157 1882 2456 2500 2685 1571 1724 1828 849 
2269: 470 998 1092 286 
2183: 471 2149 2082 2381 998 2102 945 1148 1309 74 203 209 214 311 317 406 407 2449 1500 1696 1905 1967 202 1147 1344 14 318 513 923 1086 310 568 766 1041 1234 1567 1583 1863 2112 2151 2607 12 512 2370 101 1166 42 99 100 309 324 442 506 690 862 1021 1225 1317 1345 1380 1541 1743 2089 2174 2271 2289 2690 2318 
861: 471 2200 2125 281 1609 2733 1147 14 1419 935 408 439 1157 2727 2135 1883 
2452: 471 2200 877 2421 1558 2137 148 2684 985 803 2059 402 1858 1998 1058 377 529 531 705 899 1093 1954 2212 708 1522 2483 141 300 1076 1142 1689 1143 1281 1422 172 1469 2175 343 1896 2318 1264 336 305 2281 1418 958 1311 
955: 471 1138 877 749 2381 1884 2421 1558 2167 2243 985 803 933 947 1372 1559 1753 2120 2168 2458 2650 1363 2002 2491 188 203 382 405 406 407 561 707 2331 860 894 899 1093 2747 1263 2336 2646 676 766 1076 1234 2036 731 2386 2131 2302 363 551 1601 2347 1264 871 1571 1545 2328 2337 
506: 471 1756 1282 1755 2381 998 1559 2168 203 380 405 406 407 529 531 2756 899 1091 1092 2747 1967 2150 486 1966 2528 2558 999 1040 1417 2612 400 1210 2183 1860 468 1571 1828 572 1174 
2474: 501 2655 2200 1936 998 440 1374 1818 164 311 405 546 2756 2776 894 899 960 1092 1696 1727 1967 2001 2160 2212 2413 2475 2489 2005 845 1375 6 55 245 937 999 1493 1651 1689 2245 2576 1606 1337 2505 495 586 591 157 65 2170 83 1999 2343 2605 1466 118 201 287 298 307 340 477 681 690 703 768 948 966 968 1049 1132 1157 1295 1362 1365 1405 1527 1534 1660 1867 1872 1916 2247 2500 2773 
613: 515 547 1884 827 1433 383 2059 509 617 1985 14 751 944 1684 
285: 515 547 1148 2458 1892 1927 1147 14 1191 1819 1205 2450 2162 2193 2195 2319 2293 2551 1038 1427 2194 2090 1079 2616 1495 
356: 515 748 2409 487 2120 2650 485 2705 1145 1781 738 1075 121 2319 586 1044 634 1502 1763 607 2685 2126 1746 
449: 515 749 1026 148 823 692 1048 1438 172 1104 185 1914 1395 
1885: 515 2650 1091 1255 2709 286 2275 1264 1889 1864 1008 2541 
2049: 547 1160 1756 2102 148 582 1862 3 524 1200 2397 91 485 522 528 543 593 1071 1279 1578 2008 1786 14 2600 1407 2045 2158 2504 876 1980 122 1298 2536 1276 1141 1734 26 83 157 358 384 385 393 838 868 903 1377 1414 1722 1799 1814 2784 
424: 547 1106 553 1621 14 2011 2245 1606 1259 378 780 
2289: 547 2149 2067 2200 2753 1737 1745 1242 2409 998 1559 1705 1753 2168 2725 488 2238 203 405 406 407 414 1773 1435 1554 2157 24 724 880 2099 2506 783 939 2183 2376 2377 1208 26 1584 1590 1920 1932 2328 2389 
959: 547 1668 2067 2751 748 2082 2409 718 1332 75 402 2742 406 407 441 531 760 761 1512 2140 2365 2489 786 2114 686 364 751 1105 1390 2244 1193 2729 794 1826 2195 224 249 355 384 389 1561 1961 851 2389 1427 26 2087 1555 2106 1377 2019 2662 2080 1571 1596 1983 928 2546 2790 2750 2242 
1828: 547 2381 2382 2499 2081 2442 1009 2459 214 894 899 916 1217 1649 1967 2660 828 1966 71 161 434 683 2663 1210 2456 624 1794 1502 460 2154 506 625 2328 914 76 948 1132 1206 1693 
1042: 547 893 352 440 718 1148 1705 2033 1843 351 1118 1180 1147 923 245 720 1004 1641 712 2302 2347 1355 1014 94 2372 
111: 547 2606 1705 1528 180 1925 537 
2685: 547 2200 2082 1106 440 311 312 317 1255 1696 1905 318 513 751 1029 2411 1606 1949 356 2236 233 511 512 914 2311 1532 2178 
2236: 547 877 1752 1061 1093 1118 1217 418 686 2338 166 303 1393 2380 370 2154 1034 565 150 623 1816 2654 2685 
1810: 547 2409 718 1843 2008 1606 2534 
1816: 547 877 856 1811 2339 1092 1118 1297 1954 2094 2202 930 2198 2236 1018 2654 2325 1362 1590 2417 2548 1537 
1357: 547 2069 595 1899 733 421 406 761 805 2334 1786 2558 1052 1697 2406 2605 
1018: 547 877 1099 155 2788 1111 1588 2308 1419 166 367 1656 2237 1321 2721 804 2626 1816 
1602: 547 1737 998 2167 898 1671 173 414 529 1785 2525 1533 574 1076 1792 2270 2671 731 2088 157 2347 575 605 2766 1644 2698 1259 896 830 1851 375 660 1462 
783: 2655 148 990 1728 3 488 1939 642 2479 2487 14 2229 2691 1389 2031 2486 2020 747 298 2289 2042 1665 1259 2587 1212 1341 1993 2761 2764 1173 2389 2778 
158: 2655 2264 749 1574 2684 352 3 2578 823 1609 855 1909 2292 2493 2525 2582 1891 2315 2558 364 1076 1674 2151 2532 1181 747 759 1865 363 381 157 1482 552 147 69 2412 116 139 149 2760 2540 1526 572 1408 1025 902 1799 1677 2429 284 799 815 2101 192 
1720: 2655 1997 998 2125 718 1148 383 1009 2526 14 962 751 999 1757 1149 1606 2605 1794 218 575 
439: 2655 2743 1945 1852 1861 1991 1318 1698 2150 14 723 315 1957 310 1757 2486 2730 861 2302 389 1259 1645 882 2178 591 
18: 2655 1752 1433 2533 198 2300 1852 524 1180 1727 1785 2334 1340 1875 236 1142 1376 2388 2766 2616 2469 
19: 2655 770 926 1705 311 2331 1781 786 1533 318 923 1911 512 314 1900 2426 
78: 2655 1737 933 1671 503 533 761 894 1092 2526 180 1656 2636 327 2361 1502 892 1130 1601 443 2161 2394 1473 83 
147: 2655 2264 148 1425 2578 377 2292 600 789 2558 55 751 2151 2387 2671 1298 747 759 157 1482 1660 93 158 69 1466 2540 1150 902 1799 799 815 192 149 
343: 2655 636 281 827 933 79 345 2776 1909 2292 2172 1796 2341 1830 2715 2683 938 2517 2550 2555 65 1502 1095 489 2559 1924 2203 2103 1700 681 1295 2452 1989 
474: 2655 2742 180 381 1502 1572 234 
475: 2655 1148 2168 383 86 2742 405 1147 180 1146 2507 1149 1404 436 1502 1572 1166 234 
669: 2655 1242 2285 550 1884 1474 985 770 933 945 2044 2047 2166 1852 347 597 91 237 288 372 403 466 666 744 899 1039 1092 2747 1255 2464 1785 2177 2515 202 1902 580 766 1142 1567 1636 1656 2026 2557 2636 2671 1751 1947 1337 1358 249 2550 157 1259 2135 2330 2379 1480 2698 1473 341 534 605 1880 1196 2601 2259 1208 2761 2485 887 
1057: 2655 1945 1474 1106 947 1099 2207 421 855 1905 1954 2342 1110 500 479 2760 2223 
1137: 2655 1108 595 1868 945 967 1148 1728 1818 1158 2002 311 312 317 2449 1696 1905 2525 2603 1147 1344 313 318 513 923 1240 828 1105 1464 44 1140 483 1550 2174 1166 690 1743 1317 1345 442 1021 2089 282 519 711 1451 
1295: 2655 748 1570 1106 1894 718 745 827 1496 2650 1861 1892 2339 317 345 761 1640 1905 202 2479 318 802 845 1149 1830 1949 343 2680 1924 1502 2474 2139 2174 1085 233 2540 867 
1322: 2655 877 1564 901 803 1037 2650 1001 2386 1281 1034 
1473: 2655 933 529 761 894 1092 318 1656 2636 78 669 1259 1480 2394 
1489: 2655 2409 1503 945 609 345 1217 1533 178 1502 
1645: 2655 2082 1945 2025 2028 1528 1861 1092 1255 180 1285 162 315 2054 439 1601 882 512 510 2467 1101 1795 
1807: 2655 2743 2137 658 27 1705 2650 529 707 894 1538 1954 2591 2229 2691 2558 2706 339 1656 1689 2320 2535 2412 1555 1561 2175 1418 1633 1896 2538 2187 
1924: 2655 748 1945 998 1106 281 770 827 829 832 933 1361 420 1332 1484 1861 347 345 894 2747 1909 2066 1533 1501 2143 280 1549 294 1183 2341 2506 1830 327 2302 2361 2550 65 343 2761 1794 1680 1962 1502 892 1601 1095 489 2559 409 785 1295 1491 1518 1789 1795 1940 2203 2103 2512 
2135: 2655 2082 1106 595 926 945 990 1361 1496 2081 2166 2533 2300 37 598 485 2177 1344 662 769 2229 24 120 1539 1656 2636 712 722 861 1336 2450 500 2550 2347 669 545 668 1159 1293 1345 1451 2187 2615 2638 
2227: 2655 1280 1997 217 947 2168 707 2776 916 1649 1785 1905 2342 202 1533 77 2341 1641 717 134 1794 927 2252 83 477 1063 1412 2006 2665 
2389: 2655 2285 1282 803 1361 1372 1158 524 441 535 1905 1340 1366 1389 2018 1492 783 2324 1601 2289 959 1204 552 2719 139 519 1795 
2394: 2655 1106 933 1705 2166 761 1092 1093 1217 1263 2177 2525 202 676 751 1142 1636 1656 1819 2636 1638 78 1473 1978 1087 
2467: 2655 2606 440 803 832 1309 1506 1861 2002 74 311 312 317 1145 1255 1649 1696 1785 1905 2138 318 1501 178 946 1191 2680 1502 1645 233 512 182 2778 2764 
2548: 2655 2788 781 784 1428 1548 2032 2424 386 2005 2482 940 563 1153 2094 2202 930 2198 2247 726 929 72 1537 1816 2079 
2615: 2655 2285 2025 2028 1106 926 1359 1115 1274 2785 2206 2578 2138 2515 2577 2735 2143 1688 1258 1917 751 1122 1146 2054 2514 2135 1962 2674 93 711 1244 2122 
2676: 2655 1945 2028 1106 832 1277 1861 2673 37 598 2339 597 2733 980 1180 1985 2075 2515 923 751 2473 1502 525 1244 1387 2672 2674 
2663: 2149 1737 998 2069 985 2120 678 597 288 14 486 845 1549 290 367 394 2318 62 181 650 1219 1224 1226 1445 1576 1644 1828 2436 2779 
778: 2149 893 658 352 733 351 529 2008 14 145 1152 586 605 1915 2410 1726 917 1228 
1228: 2149 893 199 1067 352 1705 351 14 1366 2715 778 137 493 
15: 2149 636 748 749 2285 1108 803 1998 79 89 288 296 466 531 533 666 667 699 2788 957 1011 1294 1500 2003 2008 2150 320 956 2332 751 1825 2112 1182 1270 33 1794 479 
342: 2149 1687 2264 1176 2386 1791 2188 1693 
348: 2149 1756 1755 2409 2421 893 985 352 945 1372 2168 509 529 1939 1340 120 2244 2302 495 1709 438 1371 
573: 2149 1899 213 718 947 1433 1753 529 543 885 1180 2171 2528 1758 2506 2662 99 
578: 2149 1756 1755 148 376 1037 1844 529 637 1217 2365 2150 14 606 1153 1164 1757 1819 2026 2151 2434 2506 1298 1911 85 2152 2347 81 116 572 575 2074 824 1094 1231 1760 
851: 2149 636 877 595 1361 1811 543 781 782 1637 1909 16 2558 2036 2349 2486 2588 1404 2208 959 2585 
2129: 2149 148 317 1905 180 513 355 2174 233 1765 
2692: 2149 1936 582 203 180 1554 2612 2376 
2214: 2149 1503 1844 524 885 1164 2506 2507 2070 2042 1799 442 
2478: 1138 2200 1884 2421 942 1301 1302 2059 1806 1695 2207 2578 2776 782 784 1927 2582 2322 2326 1105 1876 2072 2671 1300 157 1561 2766 1932 1466 298 1157 1169 1259 341 447 2184 1779 1953 267 891 730 1024 1170 1926 1929 1930 2432 
1451: 1138 748 990 2650 1468 1609 173 237 1708 2003 2609 653 2528 539 1825 2688 835 2053 322 807 2135 2187 2538 1137 1162 2654 2509 833 1488 2228 2469 2152 2546 857 2210 2498 
1402: 1138 2082 2002 1118 1799 2080 2494 
38: 636 803 1705 524 528 552 99 
57: 636 198 1917 2557 938 254 2587 185 2379 1237 1017 2545 1955 432 
110: 636 877 1884 2606 1433 2182 198 383 1301 1844 86 402 2480 2397 317 1180 1905 708 486 2482 720 
113: 636 1309 347 1255 1967 2036 2658 2782 1860 1969 607 1556 234 
235: 636 2348 1861 817 1784 1079 1166 1666 
267: 636 2200 1899 383 942 1301 1302 2059 1806 1695 1927 1300 1404 1932 525 2184 1779 1953 2478 1926 891 1930 1929 
409: 636 748 733 926 2240 2414 942 1861 1093 1909 2008 2323 1501 1258 77 145 1656 1404 1694 2302 2757 1924 2444 1502 1704 1946 552 443 182 1624 
413: 636 2200 877 2736 748 2025 2028 1106 1037 811 1271 1484 1861 814 1135 1909 162 1320 1497 2730 2671 2587 182 2580 
436: 636 1997 2137 1359 1361 1374 2590 942 2059 1695 1158 1538 2177 14 1340 1001 1647 2245 2552 1830 1883 11 1494 2175 13 437 68 706 182 336 1932 1552 913 2707 1953 1063 583 2628 2248 717 475 
445: 636 311 317 1696 1905 318 49 712 233 512 1166 1477 
479: 636 877 1026 2102 733 803 856 947 1037 1361 1811 2290 142 2742 1058 79 382 531 533 667 2788 957 1091 1294 1500 2003 2008 2589 2627 2332 1825 2349 400 1321 1270 33 1057 1794 15 903 1223 
499: 636 1737 1745 827 829 402 2001 2066 1533 180 1501 280 32 1502 196 1494 2076 477 1178 127 182 1772 2664 1930 1293 1974 1491 
545: 636 1176 1361 2081 524 598 509 203 406 407 1434 1055 1340 1419 486 1417 2018 2135 11 438 2524 
564: 636 1160 2264 1756 748 1755 1894 745 770 827 1361 1372 383 699 1640 1785 1909 2308 2322 751 1142 1608 1656 1694 1502 525 1352 98 1432 1881 1931 
572: 636 2200 877 1756 748 1755 2381 1884 148 376 745 967 1309 1310 1753 2650 75 86 203 405 2756 899 1092 1379 2150 486 2017 2360 574 606 946 1164 1493 1757 2026 2151 2270 2465 2506 1257 400 1298 1143 2366 578 2347 575 1482 2272 506 1174 854 1262 158 116 1296 660 2152 468 1571 1537 1028 1094 2621 1760 
583: 636 1997 2590 942 2059 1340 1001 1647 2245 2552 2728 1883 436 1932 11 336 13 68 102 437 706 1779 2035 1953 1063 702 2248 717 
2665: 636 1671 2268 2588 2227 
2096: 636 877 1984 705 1389 2127 463 483 1750 2412 1383 
2674: 636 1945 1106 1176 1310 1728 2533 383 402 2459 453 782 960 1551 1649 1727 2138 2215 1147 601 1340 1522 1917 1142 1364 2729 1921 2473 2187 1449 1919 1946 2615 2676 525 68 1259 1978 1867 2672 
2184: 636 945 420 942 1301 1302 2059 1806 1695 1163 676 750 1052 1876 2072 1794 1932 2042 2478 267 1779 891 1953 2425 
2707: 636 877 2137 1037 453 436 689 843 
706: 636 1997 832 947 1374 2590 942 2059 402 1340 845 2045 1001 1647 2245 2552 2728 1883 436 2175 2766 2318 1932 11 336 13 1162 68 185 583 717 2248 437 182 1063 
1509: 636 877 1756 1755 1884 1945 2606 1106 281 770 827 1148 383 420 1301 2059 1844 402 382 707 1179 1180 1263 1649 1685 1909 1967 2138 2516 2143 418 1086 1966 54 576 1757 1758 1958 2136 2506 1650 1149 1830 151 218 381 639 1680 1502 1221 525 1469 1601 2318 1411 2347 1373 468 575 83 461 477 881 1397 1462 1510 1795 1790 
2216: 636 1884 1945 1106 1543 2002 478 943 1179 1213 2464 1649 1985 2001 2565 2160 2171 2378 2566 2567 2568 2569 2570 2571 2572 2573 1240 123 427 1085 2330 2019 
1220: 636 1166 
734: 636 1037 1148 382 414 162 236 2065 2349 1219 1846 
1775: 636 1950 2725 323 1200 231 784 916 315 498 1438 1358 2520 62 268 882 
1278: 636 2421 947 1148 82 2609 708 895 121 625 604 743 763 1089 1910 
2304: 636 877 749 1474 2025 2028 890 770 832 1037 1359 411 1528 1609 154 345 2689 2705 776 1632 1918 178 1376 1404 1502 2616 228 210 659 775 1252 1782 2677 2460 
1300: 636 770 829 942 1301 1302 2059 1806 1695 2484 1179 1927 2001 2066 2138 2525 1533 14 1501 178 280 738 1876 1502 525 267 605 625 830 891 1779 1926 1929 1930 1932 1953 2478 1931 
2175: 636 2200 1737 1745 1756 2082 1755 1884 2421 1945 1574 2606 1106 148 217 281 718 827 832 967 1148 1809 2166 2414 383 420 1415 2785 1671 1844 75 402 421 1363 1158 1998 288 529 531 630 2776 801 885 894 916 1092 2449 1612 1649 1905 2008 2577 2005 1313 1501 178 1522 498 2675 245 751 1142 1689 2411 327 1281 1883 172 2280 2436 436 1807 11 1466 1502 525 1130 171 437 706 950 1022 1162 1249 1288 1601 1684 1903 2790 2452 2587 2631 
1921: 636 748 1945 2092 832 1099 2033 2044 2182 2725 383 1844 402 2002 79 188 546 784 1179 1294 1649 2001 2138 2005 14 723 1340 247 1917 1142 1747 1492 2782 938 1422 172 525 151 68 321 941 1373 1919 2674 1978 2473 2004 1931 
2340: 636 1558 2458 1990 252 1027 1656 460 464 246 1430 2619 1429 
2181: 636 595 440 829 1148 2290 1302 421 598 1998 597 1637 2515 2556 1501 178 2415 1404 1502 1085 1770 1412 1929 1953 
1881: 636 748 1936 1106 803 947 1037 1361 1372 2339 2491 382 2747 1785 1786 1501 315 752 1977 2094 1641 2202 2199 2361 495 500 564 892 1494 1054 812 2631 419 726 
1886: 636 803 945 382 1887 1340 1656 
726: 636 1884 1945 1106 595 553 926 2785 1200 761 980 2011 1808 1829 1881 2097 2548 204 
2106: 636 1215 1385 1574 265 745 203 1263 1147 1407 1549 1040 2199 2343 552 959 635 393 1050 1324 
1931: 636 2409 2606 1106 2167 770 827 829 945 947 2033 942 1301 1302 2785 1844 402 1179 1640 1927 1985 2001 2066 2138 2525 2556 1533 1501 2143 178 280 1406 692 751 1122 1142 1958 1300 1921 1469 1502 1552 605 564 2759 1034 830 1926 1929 1930 1981 2461 1953 
1932: 636 1474 1106 777 281 718 2442 942 1301 1302 2279 2059 1806 1695 2673 1984 188 529 2747 1691 1848 1855 1927 2030 2032 2075 2334 2391 2493 2515 2525 2589 600 2005 601 723 1340 178 724 1234 1647 325 1808 2728 1300 2361 436 492 1502 2289 2318 525 437 706 583 2248 717 443 1750 135 267 891 1007 1929 1930 2184 1953 2478 
2444: 636 1106 718 733 933 1372 2033 2240 942 1649 2008 2323 1501 77 1404 1694 2757 157 11 1502 409 1290 1624 1704 
1426: 636 1817 1977 540 732 2612 460 2538 58 
2460: 636 748 749 2025 2028 2684 985 770 832 1037 1359 1361 1811 1528 345 2705 776 1419 1918 162 178 1020 1656 1376 1502 2616 2304 2281 1327 1371 2677 210 438 775 1709 1782 
1441: 636 1884 1106 595 1899 1372 86 597 529 630 760 761 894 1640 2515 14 318 1608 2406 1182 2347 1036 
1449: 636 748 1945 2025 2028 1106 1310 402 801 1551 2589 1501 1917 1142 2671 1195 2473 1411 26 673 1412 2674 1919 1946 1480 2672 
2310: 636 877 2285 856 1372 347 2660 434 1291 1656 2065 2094 2361 972 1480 1259 780 375 2325 
1457: 636 148 440 803 856 1998 1111 1297 1548 1533 563 1697 1826 2437 1739 930 72 746 656 929 931 809 2625 
1986: 636 595 37 421 598 1906 
1694: 636 733 898 2033 2047 2240 942 1843 1591 1785 2008 2138 2323 2475 1533 14 77 1525 2020 2444 308 378 409 564 773 1478 1624 1912 2035 2203 1704 2757 
1704: 636 733 933 2240 942 2008 2323 77 1636 1694 2757 2444 1373 1087 409 1624 2618 
2013: 636 2025 1106 242 2533 1873 1141 1464 817 83 1459 892 289 1971 2121 2052 
1953: 636 1945 1106 942 1301 1302 2059 1806 1695 1927 2515 1876 1300 2361 436 2181 2514 1932 525 1931 2184 583 717 1779 437 2248 2478 1926 267 891 1930 1929 2085 
1017: 636 1884 2606 1106 317 2449 2171 425 1313 937 1819 2557 254 605 2512 2055 2379 799 1237 57 1955 1903 
1556: 636 1069 406 1118 1601 881 1795 1166 113 2218 
1023: 636 738 1027 1404 1826 460 464 
2734: 636 2736 748 2025 2028 1108 832 1361 2650 198 1274 1304 1528 1861 1892 2733 180 294 751 1320 1525 1327 1371 210 819 2580 
1624: 636 1106 733 2240 942 2008 2323 77 1312 1404 1694 2757 2444 1704 409 927 
643: 644 748 411 2578 173 1959 1182 
174: 644 1106 1543 1358 2456 1749 2234 
2130: 1668 748 14 2558 1191 920 1596 1684 1915 
1638: 1668 748 1945 2125 1894 213 281 440 827 945 1148 1713 2650 942 2059 1861 402 1147 14 178 245 1149 327 1502 83 605 1087 2394 2088 2351 2350 
1831: 1668 748 1474 27 803 1310 2650 2206 1861 1892 546 1640 14 720 1596 1999 2070 
176: 1668 1705 2279 543 1015 1855 2508 14 2486 1276 200 2698 2317 
2388: 1668 1737 281 82 89 173 801 899 1091 1092 2747 2212 2752 1787 14 1340 2691 1679 2036 731 2104 1502 18 1022 1573 1633 2252 
1765: 1668 1263 1490 1147 1725 21 2129 787 458 2173 
1860: 1668 550 1361 1372 347 524 528 1015 2066 1340 280 2036 2658 33 113 506 2344 1969 
264: 1668 877 1574 2137 947 1433 1363 744 1240 1407 1859 2739 606 1440 2099 2387 1181 1404 460 552 2228 659 
869: 1668 1756 748 1106 745 1309 1310 1425 1862 2458 2650 760 1621 1205 2450 1915 2302 868 2453 2194 1895 1837 2218 
1596: 1668 1177 1106 1705 2120 1892 2339 2491 406 543 2776 1015 1967 2365 2508 2609 1787 1340 1859 1105 1679 2099 2506 731 1257 2729 939 2130 1831 85 2377 972 2126 1466 2203 84 959 
2126: 1668 1756 595 126 2120 405 761 939 2319 2648 483 356 812 1596 
2344: 1668 829 1873 516 317 801 1905 2140 2515 318 1340 1918 364 2658 2450 2347 2680 1860 233 512 1643 1056 
2337: 1668 984 2706 1883 955 1140 375 
151: 1160 1884 1558 1106 2167 718 832 1148 1374 1559 1753 2168 383 1844 75 1180 1147 2250 14 1501 2172 2506 1149 1921 11 1466 1502 83 1509 1510 2790 1791 1412 927 1601 1731 477 
2715: 1160 748 1282 998 440 803 832 898 1433 1496 1543 2047 2533 198 2300 1852 740 1673 50 2733 2756 894 899 1039 2001 2525 2572 14 2440 2143 1648 1796 828 2411 2386 532 892 60 84 196 268 343 401 423 641 1034 1085 1228 1716 1734 1883 1942 1949 2024 2100 2324 2399 
23: 1160 1574 486 1549 367 460 1221 1724 1470 464 248 728 1054 
417: 1160 406 1092 1294 1434 2554 261 14 1819 1352 358 1031 2687 2494 
505: 1160 2755 2285 595 832 1433 2044 916 1511 1349 1132 
605: 1160 1106 718 770 829 1361 1713 2044 2120 383 1301 2279 402 760 1179 1985 2001 2066 2138 2177 2525 1533 1501 178 280 1714 1636 1656 2151 143 2683 778 938 1300 1638 2088 2517 2555 669 1794 1502 1552 639 1680 892 2318 185 1017 2203 830 331 438 629 1931 1940 1059 1602 
685: 1160 926 1501 1323 
729: 1160 650 1445 
1025: 1160 2285 1884 2606 281 1713 383 420 2059 529 899 1180 1263 1649 425 751 1689 2180 2318 525 1466 158 681 461 
1511: 1160 1282 990 1037 1433 1818 2044 2725 1843 1998 2789 916 2008 2018 722 1336 2324 2631 505 
2076: 1160 748 2285 440 760 751 1036 1680 499 
1644: 1160 2285 1936 998 1108 1564 148 27 829 1728 2044 2182 2725 2442 1363 82 89 91 173 288 466 497 666 667 2789 1135 1548 1727 2334 2497 2603 2322 601 1214 594 166 563 2663 1140 2766 1104 460 1054 96 1014 1226 1445 1602 
1845: 1160 2264 2285 1884 1945 1148 2033 383 382 1649 2516 2526 202 2675 1583 1757 2186 2584 1149 2347 575 2035 2105 881 
2757: 1160 1558 2167 733 1559 1753 2168 2240 942 707 1071 2008 2323 24 77 1142 1694 2444 409 443 1480 1624 1704 
465: 1678 1574 1106 803 2442 2533 372 561 2331 1785 845 714 1142 1268 1583 2617 888 1269 11 2234 
2276: 1678 748 1884 1133 2414 2650 1671 2059 86 173 351 1727 2646 14 797 956 557 218 525 1794 17 1034 1066 1677 1682 2087 2194 2468 
2281: 1678 1177 1106 2092 827 945 91 529 2558 295 2506 939 2452 2460 
355: 2067 2753 1242 749 998 1069 2102 148 2684 1671 203 360 885 957 14 1240 1340 364 2031 2658 1298 747 1826 69 157 1136 883 1907 2638 959 2129 
500: 2067 748 1945 2025 2028 1069 1106 27 926 947 1148 2240 2785 2206 1861 2578 453 1632 1147 1230 1533 14 1110 1501 845 2109 2451 2730 638 1401 2319 1502 525 1494 1601 26 443 741 571 1057 2135 1881 607 
1746: 2067 893 352 440 180 738 2730 1404 121 2319 356 607 1232 
2272: 2067 1106 1361 1705 1263 1905 724 1076 1142 2510 2450 2551 2042 1264 246 2197 572 2233 1262 
2319: 2067 2409 1950 487 832 2650 86 173 404 485 1093 1145 1781 1909 1587 14 1340 738 751 1075 1205 1312 2450 121 2162 2193 1466 1502 2152 525 285 356 500 1079 1427 1495 1670 1746 2126 2194 2399 
2189: 2067 1752 748 352 745 926 1433 2650 1671 529 1967 2140 14 828 1076 2454 2412 1262 1264 1896 2187 2543 
2213: 2067 1884 893 2606 1106 352 1176 383 351 14 880 2658 1257 1312 1601 282 
1259: 1687 749 2134 281 1575 1818 2442 411 609 323 164 311 312 317 478 1727 1855 1905 2292 318 672 367 751 766 1234 1544 2239 2405 2486 731 783 938 1595 2127 2302 424 439 1561 669 1473 1664 2259 1834 838 2310 2087 2587 8 248 673 746 1252 1529 1429 2478 1602 1614 2358 2527 2674 
239: 1687 1598 2347 
476: 1687 947 173 574 2658 1298 551 1799 660 
753: 1687 2526 247 738 
1584: 1687 2785 1909 574 1139 1298 224 2289 
2019: 1687 2409 718 2081 2480 203 885 1967 180 1417 2244 2584 1182 495 799 959 702 2216 2750 
2170: 1687 2200 877 2285 2421 1945 985 213 945 1037 1361 1811 347 1363 1158 478 1967 2177 828 751 1139 1142 1656 1794 512 2474 181 650 
5: 1177 1884 1106 595 440 829 1148 2355 383 2207 86 2742 1909 1147 2150 178 1796 245 751 1146 2584 1585 1298 12 1312 363 381 1561 532 1502 639 11 1166 1680 1555 1962 2605 1466 2732 1625 892 2523 
93: 1177 440 1148 1904 2207 2742 311 312 317 529 1696 1905 1147 1344 318 723 1748 245 1142 2302 381 2680 2551 2174 119 2615 233 511 512 314 1466 892 2748 1791 1345 2070 147 2760 2164 2204 1633 1178 298 
393: 1177 877 1280 2243 967 1176 1728 1811 1175 1255 1046 1240 130 486 1083 1086 1096 1407 1522 1549 1859 2045 2260 2482 2483 2739 1029 1040 1608 2099 2312 1606 1413 2049 495 2764 481 2106 542 925 2614 1677 442 2546 2545 702 2779 277 867 1541 
1791: 1177 877 2743 2264 2348 990 1148 86 516 1609 317 414 885 1093 1255 1297 1905 2232 2398 2493 202 1147 1344 1850 318 513 923 1214 28 53 245 720 859 1146 1152 1167 1209 1656 1948 2244 2415 2506 1149 712 1346 2088 151 2195 401 157 266 483 1418 93 552 26 1317 69 1166 2748 215 256 284 342 837 1252 1345 1682 2350 
1178: 1177 2754 2409 718 1148 86 1344 180 766 1139 2506 2507 2054 2110 93 499 2090 
2748: 1177 2421 440 827 1148 1433 2279 2742 404 593 2776 784 916 1255 2398 1147 1748 178 1308 444 1146 1191 2415 1149 1298 712 1401 2450 2550 1502 83 457 2299 1660 93 26 2194 1791 1731 477 1079 1005 1382 1683 2080 2221 2223 2246 
1447: 1177 998 1106 595 516 597 480 630 761 1065 14 2151 2506 747 1312 363 11 157 1571 2760 
1597: 1177 1343 1497 1961 728 390 1316 1744 
1734: 1177 1282 2409 2047 2081 1158 14 802 2506 2715 2386 2049 1034 2054 2502 2324 
1354: 1177 718 2114 1139 1497 2506 1961 1231 438 2271 2291 390 2594 1744 
1654: 1177 2092 1361 203 1093 14 683 1139 2318 2197 
2437: 2200 1503 829 1862 3 705 744 1217 1504 1786 2660 14 723 1313 1443 1748 395 486 888 69 868 929 1243 1457 1794 2139 
836: 2200 877 1737 2348 998 1106 148 718 829 1753 402 82 478 480 561 2008 2066 2150 1501 280 999 1105 327 712 157 1502 98 1677 7 256 625 2708 1063 951 
935: 2200 877 1215 1574 827 947 420 1158 478 1163 845 1086 1549 1859 2045 2482 2483 720 1153 1608 1636 2486 2636 861 218 2280 1802 826 2324 2259 1750 98 307 1207 2662 702 7 1700 484 915 2446 1888 
2377: 2200 487 1176 1753 203 405 406 407 14 724 2658 11 1596 2289 2682 
2302: 2200 1884 1108 1106 199 1868 213 945 947 1844 402 855 1909 2001 2215 2475 2508 2525 2609 2322 14 601 1250 286 1957 1522 24 166 724 751 766 1234 731 1641 1181 12 1401 2412 1259 26 93 177 298 324 348 409 439 690 826 869 930 955 1042 1248 1377 1396 1813 1924 2058 2121 2364 2791 2318 
674: 2200 877 947 1363 480 14 1957 2045 2482 675 
722: 2200 877 1106 2725 198 75 1998 2789 916 1985 14 425 1539 715 1826 1336 1081 2135 1511 
736: 2200 2459 203 14 2675 586 2760 2073 
2050: 2200 748 2025 2028 1558 2167 1559 1753 2120 2168 2438 524 2788 1179 1578 1649 1967 14 178 719 1308 1966 498 1076 2658 1502 787 812 920 1396 1722 2351 2350 
2193: 2200 2082 1884 1474 1359 2044 2458 383 421 1158 404 1093 14 1122 1205 1404 2450 48 2162 98 210 285 1038 1079 1173 1427 1495 1929 2090 2763 2293 2551 2194 2195 2319 
2374: 2200 877 2684 1512 14 1942 2386 457 913 1034 2111 
2426: 2200 1106 894 1230 2506 2174 19 1070 
2249: 2200 1756 1945 1503 998 1558 2650 1892 524 414 1967 845 1610 2771 211 552 2635 20 139 1754 853 146 468 1738 
2224: 2200 1374 2005 2065 2385 2070 2635 20 1016 146 2278 2345 
1479: 2200 148 421 1967 24 2194 
1993: 2200 148 990 509 2733 1699 339 1105 2320 747 783 1865 26 2635 
41: 2200 1884 317 529 637 2660 1190 1355 1834 96 1488 917 909 1102 2546 625 
100: 2200 352 2171 938 2183 2517 900 452 99 615 
139: 2200 1203 2743 2751 998 1564 1106 1899 947 1753 1844 1158 2459 405 535 1954 2487 2440 701 2528 1052 1076 1610 1758 2318 2389 158 416 2249 1081 137 1063 
219: 2200 748 148 1037 1673 1998 382 2630 940 434 1656 897 1056 2626 2396 
301: 2200 1811 2177 339 1656 96 
302: 2200 2635 
448: 2200 203 
450: 2200 2035 
456: 2200 323 311 312 317 1905 318 513 339 1146 1346 2680 233 512 2042 
710: 2200 749 998 524 214 317 2696 885 2332 751 
825: 2200 877 1558 1570 126 947 1176 2482 2270 552 
843: 2200 2707 689 
910: 2200 495 
934: 2200 2397 2747 786 2619 1477 
1016: 2200 213 1374 1843 1524 782 784 860 899 1092 2747 386 1786 2005 367 1121 1641 2385 2635 2224 2278 2345 
1022: 2200 749 856 2725 86 402 529 2699 664 1188 1217 1967 2209 2391 180 1918 391 1051 1144 2349 1181 1404 1422 85 2388 2175 2318 336 913 
1063: 2200 1997 155 1727 2342 1340 247 1406 1917 2268 2341 2552 2671 436 2227 1140 1739 2318 336 1412 1411 715 836 139 650 271 583 717 2248 308 437 706 629 527 1316 2468 
1157: 2200 749 1026 2167 1148 2168 317 1905 2603 2479 318 425 513 1481 861 70 2127 157 457 2474 2412 149 715 58 1799 2478 
1161: 2200 797 339 2320 1641 2635 2631 2010 2016 2252 2079 
1262: 2200 1756 1755 1945 998 827 1753 1811 2650 1844 1468 2339 533 2689 860 885 1263 1785 1967 876 999 1076 1656 888 1911 2189 2139 2187 2272 1264 2412 1166 1373 443 2545 572 2708 1077 1768 1733 2201 
1387: 2200 2736 748 829 1515 637 1294 2066 1501 280 252 1113 2671 2555 1502 2676 1491 
1478: 2200 1756 1945 926 1498 1705 2533 198 2785 2300 2484 1852 1861 1873 2673 311 312 317 1696 1905 2008 2032 2160 129 318 120 751 2312 2671 2667 1694 1911 2648 2680 510 512 2760 927 374 1472 
1740: 2200 2421 985 1037 2710 392 1517 1656 2450 1882 690 2445 640 
2016: 2200 213 945 2441 1435 1882 1102 1161 
2041: 2200 749 2285 1108 1106 2137 990 1359 2785 1861 402 1158 288 1135 2209 751 1631 2031 1151 1123 
2070: 2200 2240 2290 1415 37 142 1998 916 1967 2630 1748 2332 2482 2065 2588 1641 2202 2729 1831 2199 224 93 780 2224 96 263 358 612 1341 1799 2468 2214 2587 
2164: 2200 1215 1997 998 609 509 2480 203 407 1093 2482 1711 1298 2376 2343 93 1085 59 
2670: 2200 1106 803 827 1861 800 801 805 943 1213 2464 1985 2565 2378 2566 2567 2568 2569 2570 2571 2572 2573 2103 1104 1095 
2228: 2200 1282 1106 407 386 738 751 2099 1641 2324 264 1451 182 
2345: 2200 1967 2320 2275 211 2385 2635 1889 1470 915 1016 146 2224 
2468: 2200 1474 2065 2276 2070 256 1063 915 
2642: 2200 1801 
2651: 2200 1950 770 829 1361 1372 2047 1528 1065 1632 2066 2493 601 1501 280 2109 2774 1502 1491 2255 
2042: 877 1503 998 1574 947 990 3 2297 1158 2480 52 203 311 405 406 407 2209 2646 642 1260 313 418 294 724 783 2272 379 456 1488 1743 1866 2791 2184 2214 
510: 877 148 1543 1904 3 1991 164 414 2140 2577 2487 513 923 315 1656 1689 1212 1911 70 157 1561 2187 1645 1463 511 512 293 1204 1478 
1166: 877 2264 2650 75 1892 360 2747 2155 397 245 1027 1618 1711 64 2183 1601 5 26 1137 1262 1791 445 1731 475 650 235 92 764 1391 2419 1783 1556 1821 2048 1448 1196 1220 
1130: 877 1385 2684 985 1848 2479 425 1163 750 1540 1830 1143 2175 1882 78 1480 838 11 896 375 2461 2117 
1104: 877 748 803 1361 1372 2168 2725 2650 943 1213 2464 1985 2565 2378 2566 2567 2568 2569 2570 2571 2572 2573 2045 576 1656 1830 887 449 11 2670 1644 1482 
13: 877 1756 1884 2606 1106 1713 1818 2044 383 2059 699 2776 1180 2526 601 576 779 1656 2341 2451 2454 2506 977 2728 436 2347 1794 2318 1221 11 134 527 927 1411 68 706 583 715 2248 2639 717 
85: 877 718 411 2758 872 14 1440 938 1075 1143 11 771 1066 181 2359 1531 1596 1022 578 
81: 877 528 529 540 606 1164 1819 2434 578 1750 2447 
99: 877 352 2044 2459 1967 2171 2582 2183 2695 2581 38 615 573 100 
132: 877 2684 945 14 2671 2110 
136: 877 1601 
298: 877 1282 2409 323 509 311 317 529 1905 2334 318 2338 750 863 1333 2486 2507 783 1075 2302 492 1469 2680 2474 2174 93 196 233 512 1211 2478 
305: 877 1307 898 75 2212 315 1688 1308 1689 1815 495 2452 584 882 1463 1466 2399 812 912 1399 
322: 877 985 2725 383 214 14 320 24 1266 1267 1268 1269 1270 1352 287 2255 2708 1451 1841 565 852 
374: 877 550 1106 1176 1009 2758 1844 1852 382 727 51 2112 1141 1085 1478 2121 
398: 877 203 405 406 407 1530 247 720 1352 
464: 877 1756 1385 2421 1037 1811 708 845 1549 2504 290 316 714 953 1961 1601 2343 460 2340 1542 1795 635 23 728 1023 867 
484: 877 1242 998 1558 947 1559 1852 1158 260 478 480 1092 1163 2157 720 999 1608 1352 625 702 935 
635: 877 1385 2433 1558 1570 1574 947 420 1975 1363 1158 480 529 2740 1748 49 130 828 845 1083 1549 2017 2315 2482 2483 2504 2623 1481 2018 2270 483 2538 215 2106 1491 1677 2038 588 2708 2152 464 867 2058 
650: 877 1756 748 1755 1558 1574 2167 945 2168 1671 529 531 1180 1967 1966 2360 316 576 751 1757 1758 2663 2683 888 1182 1729 2347 575 2170 181 1784 1226 1166 2399 1063 2221 729 
754: 877 2382 945 414 1187 2417 2208 1235 222 520 1537 
867: 877 1385 1570 1574 590 947 2459 405 406 480 2747 1006 845 1407 1549 2017 2045 2504 953 1076 1757 2018 2486 1788 2199 495 2347 200 1295 2161 2351 393 442 2328 635 948 924 464 1398 2210 2221 2015 
875: 877 947 2785 2459 1263 14 1748 845 2482 170 741 
2656: 877 1756 1868 1148 1699 2582 2114 2506 224 401 552 1098 
2778: 877 1280 1574 947 323 1363 317 360 1905 318 513 653 845 1859 2486 783 495 483 2174 1223 2412 2467 2311 
2677: 877 2322 162 2304 2460 1296 1252 775 
881: 877 1203 1884 2606 1106 1899 2710 383 1844 1158 205 1313 653 2483 720 751 1142 2127 381 1509 1846 1601 2259 2087 1466 1845 1373 2035 2105 1556 255 2258 
884: 877 1176 2491 563 1153 2094 2202 930 2198 1408 72 915 
897: 877 1106 1425 2482 1711 1601 219 1204 59 2649 
904: 877 2102 1106 2691 1666 1571 1384 
920: 877 748 597 2464 2515 769 1001 1442 2036 2130 2050 228 210 537 1371 
927: 877 1756 1755 1884 1997 1574 2606 440 718 832 947 2283 383 2279 1695 2002 164 480 782 1180 1649 1967 2342 1147 425 247 123 183 576 1164 1757 1758 2268 2341 2506 2552 327 151 2376 2227 2347 575 83 1684 1601 1072 2512 112 336 13 2330 102 101 1077 134 1412 1478 477 1373 2509 717 527 171 715 1411 1059 1089 2481 1616 2004 1624 
930: 877 748 148 2684 1307 803 2725 1998 229 533 1111 1297 1428 1548 2424 1533 1340 1308 225 555 563 1656 1697 2237 2349 987 2202 2302 1739 2198 812 2721 2247 72 746 884 2548 656 929 931 1457 847 1816 2208 1362 
948: 877 1574 590 945 947 1363 480 845 1406 2017 2045 2157 1209 1210 2474 1750 284 1571 1828 167 867 1050 2073 
964: 877 1474 1026 2003 14 944 1469 2156 2061 1410 
988: 877 1570 947 2459 845 1549 2045 2260 2483 2347 371 1973 442 
992: 877 1037 2207 1255 720 1358 2550 1056 1853 2217 2222 2015 
1021: 877 2264 1158 360 1530 513 190 720 1298 2183 26 1137 69 1225 
1050: 877 1215 1756 1280 1574 947 1753 466 486 653 1096 1407 1435 2017 2045 2260 1210 2106 948 2221 
1125: 877 899 2501 
1150: 877 748 766 147 908 2234 
1185: 877 1574 945 947 1435 2482 215 
1199: 877 311 317 1905 2308 318 162 2680 233 
1210: 877 2081 2650 86 1967 14 180 1966 1209 2506 506 948 1050 1206 1828 1721 1853 
2574: 877 1215 1756 1755 2433 1945 947 49 1522 2260 1608 1963 1207 649 
1269: 877 1037 2725 2442 2533 2459 372 561 2331 14 320 738 1266 1267 1268 1352 465 322 565 1270 1841 2255 
1270: 877 79 531 533 667 2788 957 1294 1500 2003 2008 14 320 2332 1266 1267 1268 1825 1269 1352 1794 15 33 322 479 565 702 887 2708 1841 2255 
1336: 877 749 213 898 945 1361 1811 1818 1991 2789 916 1685 1909 1985 2487 14 252 1539 2270 722 949 575 1511 2234 2362 1349 2135 
1418: 877 748 2102 217 803 1361 1301 402 524 678 529 531 805 885 894 1093 2308 1817 180 2558 1142 1610 652 1915 1807 1469 2452 2318 102 1791 675 2233 1992 
1424: 877 2421 126 1037 1811 2788 2115 2482 540 1040 2343 460 215 2717 2419 36 58 1064 1531 1054 603 907 2632 
1531: 877 2421 719 444 714 1191 85 1542 831 1424 
1677: 877 1280 1570 1574 148 590 947 1363 823 317 478 480 923 1957 594 653 845 1859 2017 2045 2095 2315 2326 1608 1674 759 2276 2116 200 26 2197 158 2447 116 393 836 635 673 
1735: 877 1215 2433 1570 2606 1106 590 947 2785 2206 1609 1998 478 480 630 1612 49 594 828 845 2017 2045 2482 1438 1608 2036 2151 2197 1527 
1788: 877 1574 213 945 1176 2458 14 1549 2482 2483 2018 867 
1834: 877 1282 998 2028 164 380 744 1490 1320 2270 817 2324 2500 1259 41 299 2719 2258 
1849: 877 1574 2137 27 947 2658 1149 107 882 2540 780 1054 282 
1896: 877 749 529 531 957 1091 653 2558 1142 1143 1422 1915 2189 172 1807 1607 1226 2038 2452 1362 
1929: 877 1503 1037 2044 942 1301 1302 2059 1806 1695 1844 1927 692 1300 1422 2450 2162 2193 2361 381 591 2181 1882 1601 1427 1932 1931 1079 2461 717 1082 1953 267 2478 1790 1926 1930 2763 
2089: 877 2264 1574 609 1158 360 845 2183 26 1137 1225 
2110: 877 1945 1176 744 1263 1848 14 1006 2671 1241 39 132 1178 1906 2698 
2178: 877 856 1037 1374 1559 1609 485 529 1588 2172 367 840 439 2685 1709 1299 
2221: 877 1215 1756 1570 718 2458 1843 1699 653 845 1375 720 1608 1056 2748 650 1842 867 1050 2015 
2586: 877 1811 1612 1977 978 2347 1784 1477 
2280: 877 148 1809 2148 203 957 1263 14 2706 1719 2031 787 935 2175 118 438 
2252: 877 1037 2332 2451 680 2388 2227 517 1408 47 1161 
2296: 877 1574 1559 2168 524 528 1967 2359 2631 2390 
2325: 877 2285 2442 347 231 980 1092 1428 2094 1321 2310 222 1816 
2446: 877 718 2458 420 1843 524 203 480 529 2371 2441 130 1859 2482 2483 2558 161 1608 935 
2453: 877 748 856 2650 323 421 535 1785 1967 2506 1195 1404 2366 2139 1081 1349 2194 1913 2719 319 604 1590 163 2368 869 
2538: 877 2264 748 1385 2421 803 945 1309 1361 1372 480 546 916 1011 2413 1340 1522 1549 2482 878 994 1539 1641 2199 495 1807 2324 2259 530 460 552 635 185 1426 1451 519 2328 
2585: 877 595 803 856 947 1037 86 598 180 1656 2349 851 
2619: 877 1215 1755 1385 1570 718 1843 678 1954 2441 1977 397 2482 444 2270 2512 2257 472 2340 177 1169 1171 2217 1513 2769 1795 1783 1196 2251 2291 160 657 934 1032 1170 2594 2768 
2628: 877 2421 894 1092 1641 1376 436 2635 2760 1408 146 2079 
2097: 1203 382 1688 2017 1610 2022 2202 996 33 1882 2198 726 277 2313 
2719: 1203 148 856 1892 311 317 1696 1905 786 318 1192 1121 1674 1725 1882 2453 2680 1834 2389 69 512 2546 991 2368 
106: 1203 1575 2578 2577 1977 2506 2509 
329: 1203 740 1261 1468 1871 554 1200 1836 1086 2675 
651: 1203 803 990 1379 1801 1923 2577 1340 2229 2338 166 978 1020 1606 1826 370 1480 2621 
1299: 1203 947 1037 1588 1825 1784 2425 2178 223 2266 
1323: 1203 148 1067 1037 406 2211 685 
2621: 1203 748 998 1309 414 2678 1939 1967 130 122 999 840 2720 1486 572 651 1642 
1573: 1203 2421 213 733 1176 420 1147 1767 944 2065 2388 1480 1518 2058 
1243: 1203 2751 748 2125 148 2684 985 213 803 947 1998 637 482 1485 880 1610 2437 1784 149 746 1611 1486 
819: 2736 2028 1274 1861 509 2733 294 1320 1525 1298 2734 2580 1007 
1352: 2743 1280 658 2243 478 480 744 2030 752 873 963 2482 1598 1267 1268 1825 1606 1075 1195 1269 1270 1960 322 417 564 2370 2784 104 8 31 36 398 484 2014 
1841: 2743 803 1267 1268 1269 1270 322 1842 689 2490 
2234: 2743 2499 553 420 786 873 1139 1144 1336 465 174 1837 1150 2422 
1607: 1215 1884 1026 1106 148 2684 281 1148 383 2059 2207 823 1609 1217 1328 1634 1147 315 364 1674 1149 400 759 949 1896 525 1633 69 114 461 874 1914 
1571: 1215 1280 2381 2382 1026 1574 1106 945 947 1498 1753 86 480 984 566 2114 752 1957 580 828 845 1086 1406 1407 1599 2360 71 979 1493 1757 400 1312 1447 955 2456 506 1174 2540 98 1377 1526 572 904 914 959 592 874 948 1206 2652 1888 
2220: 1215 1755 1385 1570 718 2740 2441 1435 2482 2270 
775: 2751 1474 213 945 203 1578 498 1266 1883 2304 2460 438 2677 
646: 2753 748 2421 2684 985 373 50 188 512 381 1014 1084 
1795: 2753 1756 1755 1884 2421 2606 1106 352 827 829 383 2776 202 425 601 1501 653 720 937 1509 1924 1502 1601 1645 2389 1085 1466 1962 1625 1764 1569 464 1556 2619 167 255 679 831 1615 
1982: 2753 1106 382 1767 1358 2722 
2579: 2753 1148 529 894 1649 2342 1147 1689 2506 1143 1437 1373 1211 
2560: 2754 2499 2533 406 14 1257 362 887 1381 2198 
1349: 2755 1106 898 945 1728 2758 37 894 1985 425 1863 2133 103 1075 1336 2453 2501 1190 505 182 1890 
1920: 2755 2171 797 1554 540 2737 2289 263 
1664: 1737 1756 1884 998 595 440 2650 383 420 2059 1844 630 761 2177 1149 327 586 1502 11 1259 717 966 1088 1296 1412 1467 2611 2235 
1665: 1737 748 1945 1967 2177 751 327 783 2347 639 11 717 1123 1296 1411 1601 1793 
330: 1737 1755 1884 1564 1106 404 14 1956 178 1105 327 996 2728 586 1502 381 324 2639 42 83 185 196 495 2034 2593 2550 2485 477 1351 336 757 2091 
1600: 1737 2684 985 1361 2678 637 2119 2275 1794 1034 
1799: 1737 749 2243 1425 2742 818 2491 337 1530 2479 738 1139 1234 2065 2532 2049 157 483 147 2070 2412 158 1157 58 67 476 1402 1576 2214 
2363: 1737 1755 1899 440 1501 327 1404 1502 457 
2376: 1737 1745 1559 2168 406 529 2398 14 1343 1139 1144 1146 927 1411 1722 2164 2289 2692 
1963: 1737 1745 1884 1309 2725 2207 1844 2515 1147 2322 14 956 300 1076 1142 1758 1958 2454 1149 327 1075 1466 1502 2347 336 460 763 1264 1462 1722 1846 2574 
1999: 1737 1474 1892 1998 2212 1504 2245 2387 1585 1413 1831 586 2474 
2534: 1737 748 1092 1887 2536 1810 274 
2624: 1737 405 1967 14 24 989 1608 2065 1298 
715: 1745 1884 1574 2606 420 1673 529 782 2342 2526 1533 1343 1501 750 751 2341 327 722 1502 83 1684 13 1157 477 927 1683 1063 824 
569: 1745 1574 421 802 1143 181 1224 1445 1467 
1480: 1745 749 2025 148 1899 2684 856 1310 1425 1363 2002 2491 260 725 885 1551 1855 1909 2003 410 923 1748 364 1656 2486 2557 2617 1193 381 2757 157 669 1473 483 457 2029 774 1449 69 1130 690 2638 651 1073 1529 2310 1573 1707 2179 2142 
2093: 1745 1945 1425 1549 1117 892 1973 909 1916 
1013: 1752 748 749 2381 1945 2125 827 926 2533 2785 2300 1852 1861 2229 88 122 751 1164 143 12 1561 1327 2194 1454 1555 892 703 741 2223 2614 
134: 1752 1756 2285 1884 1474 1997 1574 2606 1106 827 832 1148 1433 1713 2033 2047 198 383 1844 402 173 382 1180 2493 2525 984 1147 2268 2728 2088 1469 2227 83 1684 1072 2318 336 13 717 1412 830 2695 527 927 1184 2559 307 1373 2509 
1321: 1752 1026 1067 1988 1099 1543 2290 37 50 2696 2788 1626 1954 786 14 895 2518 2332 2237 33 72 146 479 536 1018 2549 2325 
1376: 1752 2092 1988 1500 2030 14 645 18 1085 2304 2628 2460 1404 
1373: 1752 1574 2606 440 1713 2168 383 546 1180 1263 1649 1923 1967 2647 1344 962 247 16 54 245 937 1076 1142 1651 2077 1606 327 1437 1921 2361 381 1509 1704 83 1601 1264 1262 134 1412 881 1625 927 109 340 468 768 1068 1662 2579 1867 1754 
2616: 1752 1857 27 213 1433 2725 2533 198 383 1506 2785 2300 2206 1852 535 637 805 1305 1612 2008 2627 1891 513 1250 1875 122 166 236 738 1517 1492 285 538 739 18 309 791 986 1131 2247 2304 2460 
170: 1752 893 926 2044 543 1092 1621 1637 2032 600 1533 601 751 875 1912 628 
336: 1752 1884 595 213 440 832 945 1310 1433 2290 2590 198 383 1528 406 480 485 894 1640 2342 1340 1501 1956 123 1142 2341 2552 327 996 1963 330 436 381 83 1684 2452 1022 112 739 437 68 706 583 2248 717 134 927 2330 227 1063 1926 847 1089 477 
362: 1752 2028 1106 440 1433 2120 2533 198 811 1484 1528 2300 2207 1852 1873 524 1909 2567 2560 1502 112 1824 
423: 1752 1282 2533 2300 533 2715 2386 2324 1034 
871: 1752 27 1037 2290 2232 389 955 2198 552 2631 2010 2695 849 
1056: 1752 1756 2285 1755 1106 2137 718 832 945 2650 1861 206 380 543 2678 1785 1833 895 1046 1859 2558 1539 2186 2333 219 2344 66 481 587 687 992 2779 2716 2221 
1077: 1752 827 947 1374 188 2689 860 1263 751 1076 1142 1508 1893 2139 2187 1120 1264 1262 1466 2412 927 2760 116 
1459: 1752 2348 1950 2025 2028 832 926 1176 1433 198 404 769 2054 370 1256 2013 
1495: 1752 1884 827 383 421 317 529 1145 2525 1147 751 1122 2031 1205 1404 2450 2162 2193 2195 2319 285 2194 1038 2551 1079 1427 2293 
1590: 1752 998 1026 148 856 1904 420 1158 173 529 531 2678 2756 894 899 1080 1785 802 1748 2558 2706 540 2094 2510 1298 2453 2139 2289 185 1362 1816 
2580: 1752 217 926 2458 811 1271 1484 2785 2206 1861 801 1525 413 2734 819 2194 2587 2593 
7: 1242 1884 420 2589 1221 525 836 935 1759 
108: 1242 2160 2516 1146 2671 1404 218 2347 2593 2690 443 2153 
585: 1242 1559 1753 2044 2168 814 1773 723 1006 1554 2506 2512 98 
896: 1242 2264 1950 998 1558 718 198 1332 480 1093 1603 2250 180 1240 1142 1146 1143 1241 575 181 1130 1602 
2790: 1242 2082 893 86 405 407 180 769 1240 1105 2244 1241 151 2175 1680 959 
1293: 1242 1282 1176 347 386 1230 1193 1257 2162 2135 2324 499 
1550: 1242 1564 1106 1899 126 1809 402 2171 2526 2589 88 1404 495 586 457 1137 966 1660 2500 
1794: 1242 2285 1884 2499 1997 998 2606 1106 217 1067 281 440 718 827 832 933 1374 1433 2033 2414 2650 420 2279 2758 2059 2488 1844 1852 347 402 1892 2742 2491 1998 79 188 345 480 529 531 533 543 667 2788 894 957 1091 2747 1255 1294 1500 1727 2003 2008 1344 1891 723 1240 1501 2332 1375 24 245 989 1142 1608 1757 1825 1876 2268 2411 2415 2774 1492 2728 1143 1241 1270 1312 1720 1883 218 224 2276 2436 2437 381 1469 2227 33 1846 525 13 15 67 171 182 268 477 479 605 812 1059 1095 1412 1600 1672 1779 2170 2184 2203 1828 1924 1930 
1707: 1242 281 2171 1533 1501 2671 1241 157 1502 483 457 1480 2698 341 
2127: 1242 1899 1148 453 14 1234 586 1259 457 881 966 983 1157 1465 2096 2117 2773 2131 
102: 2264 1997 2102 990 3 383 885 1696 1344 1343 486 720 1146 712 1346 1418 101 104 626 2416 1789 284 927 1702 1832 1414 1972 1345 2370 583 
2370: 2264 2375 990 2033 3 529 1344 720 1146 1610 2183 26 102 1345 1352 1611 1832 1972 2545 2372 
101: 2264 1148 3 529 1147 1344 720 1610 1149 1641 712 2183 2187 102 104 2416 927 1832 1972 1345 2631 1620 
939: 2264 998 945 947 1176 203 405 406 407 14 1142 2506 2658 864 2281 2289 2126 1211 1596 
1346: 2264 1884 27 1148 2059 75 421 2742 154 960 1011 1637 2334 2398 1147 14 601 236 306 1146 1234 1689 2018 1149 102 1680 1502 26 456 1345 1382 1791 1552 1682 1731 
2088: 2264 1884 1945 1474 1106 352 718 829 1019 1713 402 173 529 531 782 894 1071 1092 2747 1294 1691 2525 14 962 1343 1501 2108 178 1122 1958 2451 712 938 1638 639 1502 1601 134 210 307 605 830 1184 1552 1602 1731 1770 1791 1940 2085 2559 2695 2511 
2195: 2264 2082 1884 1474 1108 383 1158 597 404 14 1122 712 1205 1404 2450 48 2162 2193 285 959 1038 1079 1087 1427 1495 1791 2090 2194 2293 2763 
185: 2264 748 2285 2684 745 1037 1176 1309 1310 2081 2168 2650 404 466 617 666 1699 1703 2398 1979 1340 1956 1335 1417 1617 1751 327 996 330 1140 483 605 449 2122 2538 525 607 706 1900 57 319 2562 1170 1590 477 
215: 2264 2285 1385 1433 414 828 460 1791 1424 635 1185 
491: 2264 945 2785 14 1768 2139 
1317: 2264 595 360 529 630 761 1565 2183 26 1137 1791 1731 
1345: 2264 2375 990 75 823 188 360 1147 1344 2440 2600 54 1146 1149 1298 712 1346 2183 2135 93 26 1137 1791 102 2370 101 1731 892 1832 1972 
1396: 2264 2082 1936 2102 2725 198 1158 414 2449 1785 984 1147 1435 1549 273 1076 1608 2612 2050 2302 181 324 1264 40 416 1784 1853 
1702: 2264 2375 827 1309 203 405 406 529 2493 1893 712 2511 102 
1829: 2264 1884 595 1705 421 630 761 1442 2762 639 739 2087 726 
1940: 2264 1884 893 1106 1713 529 1294 2378 2525 2005 2108 1656 2782 2088 1924 1552 605 1072 2695 830 1184 
2782: 2264 856 1037 50 405 2032 2556 1921 1319 113 1940 
2792: 2264 1282 2137 265 2320 1231 
2595: 2264 945 79 943 1213 2464 1985 2565 2160 2378 2566 2567 2568 2569 2570 2571 2572 2573 1143 1680 
2614: 2264 1385 1950 1811 198 403 24 918 1689 2465 1830 712 32 495 1750 393 1013 
639: 1756 1755 1884 148 27 281 440 832 2044 2650 383 2059 2207 2742 597 630 699 2776 1118 2515 2525 178 1796 594 576 863 1142 1757 1758 1893 2088 2131 1509 1829 2347 575 1552 605 1665 60 525 5 11 22 2605 1466 477 2664 799 830 1296 
2728: 1756 1755 1884 1997 1574 1106 718 1148 1374 383 1301 2300 402 421 1071 2342 1147 14 1917 183 751 2341 2552 1149 327 13 68 706 583 2248 717 1601 134 1794 83 218 330 1088 1089 1288 1660 1663 1684 1932 2046 2330 2347 2399 
387: 1756 1757 1819 2434 2347 575 
401: 1756 1106 1868 281 1809 14 1859 2099 2715 2777 277 2656 1900 2648 1791 2593 
455: 1756 1755 37 1175 2347 
457: 1756 2606 1899 945 947 1148 1176 1425 2240 402 260 960 1691 1785 1827 1855 2526 2589 2591 2603 1340 2143 2158 123 557 766 1051 1234 2486 2671 1149 1606 327 2127 249 2374 495 586 157 2347 1680 2748 1157 1480 2698 1572 1550 2551 277 371 1252 2500 2052 1546 1557 1707 1198 1207 2363 2367 1290 2259 
468: 1756 1755 2499 1106 27 1559 2033 2168 383 1844 466 529 2699 2315 2528 24 2506 2180 381 1509 506 1373 2784 572 2249 
641: 1756 1755 998 1558 2167 1559 1753 2168 2491 707 1217 1263 999 2270 2510 2715 438 
660: 1756 1755 2606 148 609 1158 2647 1344 574 576 1164 2151 2671 1298 1319 2347 575 2512 1602 2152 572 476 824 
768: 1756 1884 178 122 1502 2474 1373 2611 251 
854: 1756 1755 2606 1156 2033 1142 1497 1656 381 2347 26 572 
888: 1756 1755 2725 405 1080 1967 14 1966 1276 652 2437 787 465 650 2282 2543 1404 924 1949 1262 2161 1120 
993: 1756 1755 1967 1758 2347 
1204: 1756 1755 947 1433 524 2463 801 580 576 1757 1758 2163 2347 575 2389 510 1853 34 332 519 589 806 897 1008 2430 
1207: 1756 1280 1868 947 2334 1736 2017 2260 2482 1257 495 483 457 2500 2351 935 2574 2350 1832 924 2043 
1275: 1756 748 945 2650 402 407 14 1340 1918 367 616 994 2036 1606 1276 
1437: 1756 748 1755 1148 1649 2342 14 2506 1466 1373 2579 
1450: 1756 14 1757 2347 
1465: 1756 1755 1649 1727 2526 2582 1234 1757 2127 1469 2347 1709 2485 1368 2773 619 
1662: 1756 2348 1755 1884 2033 347 2776 1967 1501 2666 906 1847 1601 1373 2351 2350 717 419 1371 1793 
1663: 1756 1755 1884 2728 1601 717 419 
2708: 1756 1755 402 89 466 698 1214 1549 2045 295 1076 1266 1268 1270 322 1561 1262 1784 1555 836 635 2277 665 2159 
1772: 1756 748 1884 383 2002 1649 2138 2506 2347 499 1371 521 1593 
2512: 1756 2285 1106 2725 2650 420 1861 1892 1255 2464 1785 1905 2565 2508 2005 88 252 751 2411 1641 1358 2720 1924 2152 927 1017 1412 585 660 824 1864 2672 2619 
2343: 1756 1755 1570 1574 947 1037 1145 1990 2582 845 2045 252 1958 586 2474 460 464 200 1424 2164 2447 1429 2106 
2351: 1756 748 1755 827 1374 1543 1998 79 173 899 1091 1092 2747 1533 178 1757 2077 2671 1638 2050 2361 67 762 833 867 1207 1662 2593 
1846: 1756 1755 1884 1945 1307 1148 2033 1844 421 1379 2516 2526 202 751 1757 1149 721 1281 1404 1963 381 1794 2035 575 1552 244 734 881 
2361: 1756 748 2348 1755 1884 1997 1988 718 733 745 827 832 2044 383 942 2059 524 79 89 380 404 522 528 760 796 980 1854 1909 2008 2232 2323 2647 202 1533 2250 2353 14 1501 2709 576 1757 1758 2077 2329 2451 1409 1404 1680 525 1494 2347 33 78 146 575 604 670 703 848 1232 1235 1296 1373 1552 1681 1709 1881 1924 1929 1932 1953 2153 2310 2350 2351 2666 2690 
2399: 1756 1282 1755 2334 1757 2715 2386 2728 2319 125 650 305 2046 
2502: 1756 1282 1158 1734 
2074: 1756 1164 1757 578 2347 
2087: 1756 2082 1884 998 2606 1106 1899 383 1852 86 347 1967 2556 1533 1501 178 486 714 751 999 1139 1142 1656 2506 2636 327 2276 495 157 1829 1502 1259 1494 959 2161 321 741 881 1432 
2222: 1756 1755 1574 947 845 200 992 
228: 748 1282 217 1894 745 770 827 1148 2458 2650 3 383 420 2488 1892 529 767 1538 1621 2526 51 2450 1601 2304 2194 1466 920 2631 1232 
739: 748 595 1433 86 760 761 1071 1217 180 1829 2616 11 336 1661 1412 
33: 748 1570 1574 803 856 945 947 1559 402 421 2742 2339 79 531 533 666 667 2788 1294 1500 2003 2008 2332 1825 2349 1321 1182 1270 2361 1794 2318 15 2097 1860 479 2247 1630 
127: 748 1894 360 178 1561 1601 525 499 924 
218: 748 1884 2499 998 1574 1067 440 718 827 832 1148 2650 383 402 1892 1609 407 760 1649 14 486 245 751 999 1689 2506 2507 1149 2728 1720 2605 935 1794 108 1509 2276 1412 1971 1095 224 
284: 748 2375 2381 1148 1433 488 480 161 1149 400 107 157 1882 2501 1791 158 102 2161 76 1132 948 1206 
349: 748 749 1282 745 827 1176 2650 82 173 529 531 2558 1656 1604 1143 44 2347 2324 
427: 748 832 1019 1361 2283 2002 756 1179 1649 2001 2066 2138 498 1404 2324 2004 2216 
517: 748 2684 933 802 2332 2602 2252 702 
1642: 748 740 1200 2463 567 637 980 1428 555 1020 2094 2198 2318 2621 1951 
1826: 748 1385 2578 205 441 860 1827 14 1340 686 236 364 1030 1105 1567 2244 1004 722 938 1413 2152 249 355 495 651 763 913 928 959 972 1023 1457 1955 2469 
1060: 748 926 2742 518 787 1867 
1184: 748 1474 718 1705 402 173 2525 1343 2108 1146 1636 1958 2088 1552 1940 134 830 2559 2085 
2726: 748 1574 1844 1861 529 2493 1483 2318 2724 
2761: 748 550 770 933 947 1277 1361 345 1985 845 2045 783 669 1502 1924 2686 
1314: 748 998 595 745 827 2650 1861 760 1640 1838 1893 2612 2282 
1763: 748 1899 2243 1309 2650 2177 1284 389 157 26 356 2472 
2275: 748 945 1975 323 1468 50 2212 956 555 2762 1187 463 1600 1885 1981 2345 2536 
2793: 748 985 590 2725 1363 531 2515 1786 286 130 1606 519 1311 1784 
2287: 748 1894 383 942 1452 123 724 244 579 
1276: 748 2491 50 406 407 529 543 556 2508 2525 2604 616 1040 1142 1583 2658 2765 2049 888 1275 176 2637 864 1635 
1087: 748 1106 827 1148 2650 383 1855 1481 1636 1656 2636 1149 1830 2450 1638 48 2195 1561 65 1704 2394 
2350: 748 749 1374 1425 1998 245 1638 2050 2361 2500 1791 1207 67 1662 
847: 748 749 2421 2684 985 352 967 1037 411 609 382 2515 2582 1143 1797 930 336 908 
868: 748 265 2684 985 352 1037 1543 2785 421 404 407 2177 1656 2049 2437 1837 869 
882: 748 2025 2125 1106 1425 2650 1852 1861 1563 980 1781 2032 1850 513 1313 315 1165 367 751 994 1386 2683 938 1358 439 2555 1775 2187 511 1849 305 833 160 293 1645 
2359: 748 1705 1255 1967 1147 1096 1966 1168 1440 2557 1075 85 2347 771 2296 2356 2722 
1926: 748 749 1997 1310 942 1301 1302 2059 1806 1695 2484 1927 202 1651 2451 1300 1422 2555 1469 1601 336 2330 1931 2461 1095 1953 267 2478 1929 1930 
1946: 748 1945 2025 2028 1106 827 1310 1543 74 801 1501 1917 123 724 750 2486 1212 2473 1601 2500 1449 1919 1625 2674 409 711 799 1272 1633 
929: 748 1111 1297 1548 2332 563 1697 2737 2202 2437 1739 930 2198 2247 149 1457 72 746 2548 656 931 
1486: 748 1282 148 2684 745 945 1809 411 2207 2297 2491 203 407 1848 2308 286 540 1389 1747 2144 652 840 2024 1784 1243 2621 866 1031 
1505: 748 1158 1504 820 
1510: 748 2033 1844 382 2516 151 1509 1882 287 2035 
1327: 748 1945 998 2028 1069 352 440 2533 609 1274 1304 1332 1484 2785 2300 2206 2484 1852 1873 1092 2747 1649 1698 1781 2292 2378 2515 129 2172 2473 2734 2460 1013 1085 1832 1103 
2550: 748 2409 998 281 440 745 945 1543 2207 1861 347 345 529 2464 1785 1833 2565 2209 1533 14 1163 1501 178 1258 2675 275 751 999 1320 2026 2535 1830 921 1641 330 495 2380 1502 787 65 343 489 669 711 992 1095 1120 1159 1253 1572 1670 1770 1839 1847 1924 1978 2103 2135 2203 2559 2601 2748 
1007: 748 2059 1695 1538 2413 2525 2005 723 1525 1298 2162 492 819 1932 2443 1750 525 443 1085 891 
233: 749 148 803 3 74 1685 2554 2479 2150 923 1656 2021 2636 1606 1212 2083 551 1561 1090 530 670 2187 119 1660 93 21 177 1913 771 1295 456 366 2685 2467 298 2344 2764 1199 2476 2098 445 2364 2635 2129 1453 
36: 749 1574 947 1363 529 1977 1549 2017 1153 460 26 1978 1352 1424 246 
70: 749 2102 148 421 516 1998 707 885 1685 2140 1533 14 1689 2486 1298 1182 1911 512 314 510 1157 157 2593 2745 2116 
341: 749 1305 1533 2558 236 1692 1911 107 669 1707 1529 2478 
443: 749 27 1019 2475 245 1636 327 1298 500 2757 78 1932 2443 1750 1007 409 1262 108 763 
1660: 749 2028 281 440 1176 2488 2207 323 402 311 312 317 855 1217 1379 1696 1905 2209 318 1234 2411 2728 381 2680 483 2324 1601 1550 2474 2174 233 1962 1466 2748 147 192 
1212: 749 990 323 1318 164 317 2776 781 782 784 885 1905 2150 14 318 606 738 2486 1298 783 233 511 512 510 1466 200 1272 2174 1946 2364 1633 
1731: 749 2082 148 1868 1148 1728 1818 198 1158 317 529 1093 1905 1147 1344 318 513 797 923 418 828 1105 1146 2244 1149 1346 2088 151 483 2029 1317 1784 1166 690 2748 798 1345 519 
1527: 749 529 2528 751 1544 2506 2474 1735 201 1890 
1907: 749 1176 198 364 1298 1911 355 552 69 512 2432 
917: 749 893 352 770 1649 1501 273 1825 778 1726 1502 26 271 41 272 2410 
1643: 2082 1234 11 2344 2080 133 728 
42: 2082 1558 2030 1404 2183 330 26 1488 1520 
98: 2082 998 1558 1570 1307 947 1148 2206 1158 406 478 480 885 2334 2525 2646 1147 425 580 2483 2504 1589 1608 2186 759 2193 2531 1502 564 585 2760 836 935 702 1571 656 848 2695 1226 986 
133: 2082 213 926 945 1037 2297 1091 999 1643 
1090: 2082 803 317 1905 318 245 937 1234 495 586 774 233 1466 565 1453 2764 1198 
1394: 2082 2693 88 1880 2080 
1410: 2082 1884 945 1310 678 1093 2693 88 1674 2535 964 83 780 717 1670 700 
1427: 2082 1474 945 1359 1361 2044 2458 2650 404 1145 1122 1205 1404 2450 2162 2193 2195 2319 285 1495 2551 959 2194 1038 2090 1079 833 210 2293 1929 
1453: 2082 1884 947 311 317 360 1905 2150 318 1090 119 233 512 2764 2080 1628 
2080: 2082 590 1862 2459 2696 1343 2693 178 940 88 944 1146 2506 2729 1453 2748 1643 959 2316 221 1394 1402 2432 
2316: 2082 1884 383 2693 88 2080 
2432: 2082 1907 2080 2478 
254: 2285 14 77 2557 57 1955 432 2379 1237 2545 1017 
451: 2285 590 947 609 86 180 212 
807: 2285 933 1466 1451 
1072: 2285 1503 827 1818 2725 480 984 467 1641 1298 586 134 927 2257 1231 149 1940 
1126: 2285 2044 2725 2442 89 91 296 466 497 666 667 699 960 1175 1000 1004 
1127: 2285 2044 
1169: 2285 1037 420 188 478 732 1027 1168 2347 2478 2619 941 
1439: 2285 1361 1372 1854 180 2683 2517 1502 181 477 
1494: 2285 829 2290 2207 894 899 1649 1923 2001 2066 1533 1501 178 280 1001 1830 2406 327 2361 436 500 65 1502 1881 11 2087 1962 892 499 1296 1491 1770 2188 
1561: 2285 2409 1503 440 718 803 1425 2182 420 2785 2206 421 823 1836 312 317 2776 761 782 2449 2464 1696 1699 1855 1905 2292 2526 318 1285 1956 1736 1599 55 766 1105 1152 1656 2026 2151 2163 1312 1413 2162 1807 233 512 510 5 1680 1555 127 442 629 809 959 1005 1013 1087 1259 1412 2299 2187 2174 2313 2324 2708 2328 2478 2447 2527 
1814: 2285 148 2684 985 2092 411 688 2488 37 1998 1637 1854 2211 2493 2609 600 873 2119 1808 2049 156 
1883: 2285 1884 2409 718 1099 1148 2290 383 1844 1998 404 529 801 885 894 1011 1179 1649 1801 2001 2138 2292 2336 2516 1533 2005 14 956 1214 1340 178 1117 1689 2270 2552 2715 861 172 1466 2175 706 436 583 2248 717 1601 1794 171 775 1249 1368 2695 2337 1903 
2203: 2285 718 2442 345 372 1135 425 2691 1758 1830 1641 1694 2550 65 343 1794 1924 2103 605 1095 489 2559 1596 
2233: 2285 901 1528 2491 173 405 414 1632 2508 2036 2456 2272 1418 2461 
2654: 2285 2047 260 1649 2236 2248 1451 1286 1816 
2666: 2285 1884 2168 421 1967 2361 1662 
68: 550 1945 1997 1503 1106 1310 1374 2590 383 2002 761 855 1179 1500 1649 2001 2138 2323 1340 1917 1440 1647 2552 2728 1921 2473 436 1919 525 11 336 13 437 2674 2197 706 583 2248 717 2004 
2284: 550 37 1501 652 1404 1502 1466 
1190: 550 1176 407 1175 1848 2177 77 1142 1241 1349 41 137 
534: 550 770 1176 2033 1318 597 403 1039 1092 2747 2030 2177 2515 1313 1105 1656 2636 2671 2683 669 1482 1666 1208 
1208: 550 770 803 1361 597 403 1039 1092 2747 1180 2177 2515 1147 1142 1656 2636 669 534 1601 2289 
1555: 1280 352 440 803 2182 420 402 2742 823 317 2776 1379 1905 2292 318 1285 1599 391 1105 2244 327 1337 1807 157 1561 2299 40 525 5 442 959 1013 1034 1249 1377 1903 2447 2708 2313 
1358: 1280 2033 2725 1318 2459 916 1905 1230 14 315 1407 498 714 1438 2333 2506 174 268 669 793 882 992 1775 1537 2199 1982 2512 2139 
1003: 1280 947 1148 2045 2326 2714 2176 2669 
1249: 1280 1176 2168 1998 2032 686 1883 495 2175 1555 
1903: 1280 1574 1998 1954 686 1589 1883 1915 2175 1555 2631 1017 1803 
2587: 1280 148 990 1705 1871 524 1998 528 2705 1967 642 1260 1214 2065 783 2175 413 196 2070 1259 57 135 282 1341 2580 
532: 1282 1945 1108 265 832 933 1037 1176 1065 2308 769 2332 1549 2675 1492 1585 2715 1404 370 5 11 210 289 1934 2324 2727 1709 1414 2501 1371 
84: 1282 1997 947 1176 1175 1147 2715 2324 1596 
268: 1282 1884 2715 1942 2386 1358 2347 1794 1775 
493: 1282 1425 708 252 1228 
1036: 1282 1106 595 317 405 529 761 2449 1640 2506 1441 2076 
1202: 1282 556 1118 2660 425 434 2065 1601 972 150 780 1477 
1853: 1282 1503 148 1868 803 2438 1998 1092 984 1046 178 130 1291 2146 2777 1210 2054 2132 1396 1204 2779 992 
1889: 1282 213 945 351 2386 2345 1885 
1930: 1282 942 1301 1302 2059 1806 1695 1927 2030 1230 1300 1404 1794 2324 1932 1931 499 1953 267 2478 1929 1926 
1944: 1282 998 203 2647 14 999 1389 1942 2386 2347 1034 
2024: 1282 1812 2715 2386 840 586 551 1486 
1576: 1282 1302 407 414 2663 1799 
67: 2348 2433 1558 1574 2167 832 1559 1753 2168 383 420 1671 203 529 894 2464 2143 1549 367 1139 638 1794 1502 525 1799 2351 2350 2732 251 
785: 2348 1092 2747 2334 1656 1924 2638 
591: 1755 2168 2650 383 707 2449 1967 2603 1796 88 1142 2506 2507 439 381 1502 2474 579 1929 
1206: 1755 2381 691 2081 1217 1263 1209 1589 2270 794 1143 1210 181 284 1414 1571 1828 253 
1296: 1755 1884 998 827 832 1433 942 404 760 980 1967 1533 1501 178 1966 1117 1689 1141 2361 1502 1664 1665 1601 525 1494 639 1680 1955 572 2677 703 1681 
1400: 1755 987 26 2540 671 
1659: 1755 1884 2206 1844 1967 2342 2647 940 54 1757 1893 2347 1684 525 
2190: 1755 2421 1503 245 1757 2347 575 
2259: 1755 2125 2240 2002 801 2466 766 2486 2162 586 157 669 457 935 1259 2618 673 881 1916 2538 
2052: 1755 2125 1425 529 457 2013 892 289 
2505: 1857 1108 148 1067 2684 985 733 411 1998 480 1781 2609 14 1313 1389 2104 2412 2474 244 2187 
1414: 2375 2381 2382 2243 945 2785 2441 71 1146 712 2049 532 26 102 76 1132 1206 1541 
1832: 2375 2167 352 173 1344 245 1757 2026 2612 712 181 2187 1327 102 2370 101 1345 892 853 1207 1798 2372 
1972: 2375 1344 712 102 2370 101 1345 
2372: 2375 2370 1042 1832 1129 526 735 2669 
116: 2381 998 2102 1106 2167 990 1148 1433 2168 2397 360 529 1180 1217 1263 1530 1637 1909 2529 1443 395 2504 2558 676 944 1076 1164 1689 747 759 578 157 1482 2139 1264 158 149 1077 1677 572 2307 
291: 2381 672 797 972 
447: 2381 213 945 2495 714 1149 1641 400 157 2478 2786 
862: 2381 2606 1106 217 2033 1844 1180 1263 2066 1501 751 1606 1181 2183 1502 1466 1743 
1174: 2381 1945 2102 595 990 2047 323 2515 2229 506 1571 572 
1743: 2381 360 1612 606 645 1234 2486 2183 26 1137 2042 96 862 
1754: 2381 2137 1868 1818 2168 402 414 441 1091 1093 1294 1923 984 486 1209 381 1502 40 1373 941 2249 1738 
1760: 2381 1574 2081 2059 2526 2150 425 1549 2495 574 606 863 1076 1164 1757 1819 2057 2151 2434 578 575 1526 572 
2139: 2381 2409 893 998 1106 658 352 856 1723 2725 1484 1506 2339 2689 1263 1954 2526 2487 797 802 1313 2528 876 2706 940 122 310 944 1105 1121 1608 1725 1757 1358 2437 491 1882 2453 538 575 2198 21 116 238 579 1077 1120 1186 1231 1262 1295 1590 1724 1733 1768 2527 2524 2356 
80: 2382 213 945 1705 1147 1146 1149 712 1098 909 1778 
253: 2382 2421 2081 2456 1206 
282: 2382 213 1843 414 1954 2660 895 752 1736 502 1167 1209 1689 2671 2213 1882 2247 1137 2587 2509 212 1849 150 2721 1513 1131 
571: 2382 1474 553 440 485 980 1230 2250 2691 1153 1404 500 780 
746: 2382 213 2238 637 1111 1180 1297 1548 1250 2706 555 563 1697 680 1882 1739 930 1259 1079 1457 929 1243 780 72 1666 656 931 
1341: 2382 265 990 1998 642 1001 783 1143 181 2070 2587 2383 
172: 1884 1945 1574 440 827 1705 598 2463 2 529 630 2118 2292 2515 14 1343 1142 1422 1883 1921 83 1896 381 2175 1684 2452 1961 2744 449 1601 
381: 1884 2421 893 1945 1503 998 1106 2137 718 770 829 1019 1559 383 1506 2785 2206 1844 75 347 345 382 707 2776 1649 1685 1785 1909 1967 2292 2647 202 1501 1554 1966 940 54 123 245 937 999 1142 2506 2507 646 172 330 492 158 5 1962 1502 93 109 193 336 1509 874 2153 881 2299 1794 518 461 1929 1373 591 2318 1660 1978 2347 1371 821 1846 474 1480 2246 468 2639 854 1754 477 
39: 1884 383 1641 2110 1216 
171: 1884 893 383 2207 1363 509 529 2525 1139 2506 1422 1883 2175 1794 525 1412 927 1059 
182: 1884 947 2047 420 1528 2758 402 405 480 2464 1649 1985 2378 2045 1417 1497 2099 2552 436 1794 413 409 1349 2467 499 717 2228 2248 1487 1912 706 2084 
287: 1884 2449 1893 2026 322 2474 1510 
308: 1884 352 383 2059 2138 129 2691 2683 1694 525 1063 
419: 1884 1374 383 178 1881 525 461 1662 1663 
830: 1884 1474 1106 718 770 827 829 1019 1713 1301 2002 598 560 597 173 403 1039 1179 1294 2001 2066 2138 2515 2525 1533 1501 2108 178 280 364 1958 2451 938 1300 2088 1502 1552 605 2511 1940 134 639 1931 307 892 2559 2695 210 1184 2085 1602 
883: 1884 148 898 247 845 245 1804 355 157 1601 
1059: 1884 893 352 351 1139 2506 400 1404 1794 605 525 1085 1412 927 171 
1079: 1884 1945 1474 901 827 945 1148 2458 2650 198 383 1892 516 404 1145 1188 1927 1147 141 1122 1205 2450 2162 2193 2195 2319 285 1495 575 2551 1427 2194 1038 2748 746 2090 235 2293 1929 2763 
1088: 1884 1570 2776 885 769 956 88 1121 1149 2728 1502 1664 83 2299 2318 112 1085 711 2330 771 1095 2481 
1123: 1884 383 1665 1601 2041 
1377: 1884 2409 893 1945 1106 352 945 609 351 1504 2482 766 880 2244 1312 2049 2302 1290 1555 959 1571 2034 604 137 
1383: 1884 2182 383 1483 2096 1412 
1422: 1884 1945 1574 2606 718 827 2168 1301 402 598 529 630 1093 1379 1649 2515 14 1689 2341 172 1601 83 171 1022 1089 1896 2664 2038 1921 1926 1929 1684 2452 
1436: 1884 1037 1091 55 2536 1666 656 
1646: 1884 1148 1147 14 1501 1149 1502 
1793: 1884 829 420 2066 1501 1957 1502 1665 892 1662 
2664: 1884 440 770 2033 383 1844 1501 178 2454 1422 639 499 114 
2786: 1884 2207 1785 2160 2525 2603 1501 2557 1830 495 1502 447 2043 
2083: 1884 803 311 317 1696 1905 14 318 315 233 512 2680 
2514: 1884 2069 1106 1899 832 1433 2290 347 402 421 598 597 533 630 2515 197 48 1502 530 1953 2615 
2201: 1884 2268 1262 1421 
2035: 1884 1945 2033 2182 1506 1844 382 1685 2489 2516 1369 1694 44 1846 1845 881 2745 583 2593 2695 1211 450 1094 1510 
2634: 1884 1176 383 2675 120 557 2329 2347 1252 
1594: 1385 1882 11 659 
794: 1385 998 901 718 945 1425 75 597 894 1500 1578 1967 2515 1533 14 486 1407 1966 2482 1040 1234 2244 1751 107 384 460 1784 2428 2085 1206 1851 959 2500 848 
59: 1385 1570 947 1037 1099 402 1145 1284 1961 63 897 2164 704 
2695: 1385 1474 770 829 1713 2290 1691 1923 2066 2525 386 2005 1501 2108 652 1883 2088 1882 634 1552 181 1339 1940 134 98 307 830 1095 2223 871 99 2035 1170 
2328: 1385 2421 2433 1574 2137 718 2458 1843 2788 1785 1967 845 1549 1539 2199 955 1561 2766 2289 460 2538 2327 1978 1237 1462 1828 867 
2373: 1385 1545 194 
2054: 2409 832 1433 2044 198 323 1158 173 317 1091 2747 1548 1588 1905 14 318 873 712 1734 314 157 1178 1256 1459 1645 1853 2615 2122 
297: 2409 37 524 2397 522 528 786 14 180 552 2773 2324 
243: 2409 2025 2028 582 27 947 2120 1363 405 1909 425 1340 721 1140 1601 2640 438 2637 2034 1964 
389: 2409 2137 75 14 1284 2099 2407 2617 2242 871 1763 2223 631 439 959 
461: 2409 2606 947 1099 1844 1609 382 714 1589 495 381 1509 2194 1025 2161 1607 419 684 741 
628: 2409 1026 1149 2194 170 
924: 2409 352 407 1549 888 1207 127 867 
1901: 2409 945 
2246: 2409 2182 351 1065 1147 381 1221 1466 2748 
2461: 2409 1574 2488 402 1998 188 1197 1632 1727 1927 2075 606 1041 2552 1409 2233 1931 1130 2494 604 1541 1926 1929 2682 
2683: 2421 1069 420 311 345 1703 1855 14 1343 315 2017 616 1142 1386 1747 308 343 534 605 629 650 840 882 908 938 1035 1404 1439 1518 1750 2122 2196 2367 2517 2555 
1401: 2421 14 1522 2302 500 928 2759 2748 1750 2058 
304: 2421 1988 947 2168 1708 14 2309 263 2722 
146: 2421 2137 281 1037 1374 2442 155 173 380 2696 894 2747 1263 2660 1419 940 339 1455 2065 2320 2349 1321 2361 2385 972 2635 20 2249 780 1513 251 2278 2345 2224 2628 
221: 2421 2120 1415 229 231 1428 2424 2660 672 1250 2114 225 2065 2729 780 2080 2417 222 309 2625 1878 2208 1235 
446: 2421 1026 719 732 2760 1171 2419 
603: 2421 1424 2091 
728: 2421 2491 708 540 714 1191 1404 460 975 2445 1597 1430 1643 2419 23 464 537 831 907 2652 
838: 2421 2684 985 1361 1433 198 2005 425 2049 1259 1130 
907: 2421 714 1191 1517 460 1851 728 2231 1424 1520 
1430: 2421 1037 708 245 316 540 460 125 2340 728 1054 
1568: 2421 998 1361 1705 1691 1967 2475 2577 1966 2347 1784 262 
1613: 2421 782 1230 1786 2005 1587 166 1257 
1690: 2421 1149 2416 
2768: 2421 1961 2619 1995 
2429: 2421 803 1176 1621 2026 158 
8: 893 352 86 351 407 180 1259 1352 
96: 893 2137 1309 1425 2290 1785 2441 1165 2558 303 369 426 473 645 751 766 1142 1292 1440 1692 1725 2146 2407 2366 301 1644 2070 324 1743 41 1102 94 263 2313 1686 1566 2722 1066 2477 565 1471 
602: 893 352 2592 1776 
874: 893 2125 352 1609 2577 1313 2558 245 2506 2507 381 1607 1571 
1151: 893 1503 148 1425 1609 885 1748 2558 2436 1633 1913 2041 324 2383 
2759: 893 1106 595 440 803 829 1543 86 351 800 801 805 943 2464 1985 2565 2378 2568 2571 2573 2440 1258 949 1312 1401 787 1931 1981 2362 2703 
1232: 893 352 2333 2584 1205 2361 228 477 87 1746 
2410: 893 352 770 945 1348 273 1825 2507 778 1726 271 917 272 
1768: 893 1106 155 529 2689 2756 894 899 1263 876 1076 491 2620 2139 2187 1262 544 1733 
2471: 893 2725 426 2597 
2498: 893 2137 352 1309 2638 1451 
2581: 893 213 945 99 
1464: 2433 281 2240 1318 14 1085 1137 1371 2593 2013 
248: 2433 947 2017 1259 2101 23 
588: 2433 1026 1811 1998 382 708 2000 64 266 1466 2760 635 520 1064 
119: 2433 2025 2028 323 311 312 317 360 1696 1905 1985 2565 318 425 1234 2680 2174 233 2311 93 1453 
1028: 2433 1558 947 420 402 1363 480 2017 2482 2483 367 1481 572 1521 2294 
622: 1936 323 1318 1998 2762 2174 512 1034 1837 673 429 
437: 1945 1997 1374 2590 942 2059 1340 1001 1647 2245 2552 436 2175 1932 11 336 68 583 717 1953 2248 1063 706 
2248: 1945 1997 1106 832 1374 2033 2590 942 2059 347 1649 2526 1340 1001 1647 2245 2552 2728 1883 436 887 1932 11 336 13 68 2654 583 717 1779 1953 437 706 182 1063 
1865: 1945 945 323 1318 14 513 923 1438 2185 747 759 158 230 1526 1710 1993 
2366: 1945 733 1301 2008 1928 14 130 303 1167 1583 2506 96 572 624 626 1008 1226 1398 1445 2313 2430 2453 
2473: 1945 1106 1310 2650 402 698 885 14 1917 1921 68 1327 1449 1919 1946 1978 2672 2674 2676 
2680: 1945 933 345 2554 2150 1656 1689 2021 2083 2412 2635 21 93 119 177 298 456 530 670 1199 1295 1478 1660 1913 2187 2344 2364 2467 2476 2719 2764 
2321: 1945 1363 486 24 2036 
2330: 1945 1997 1106 27 281 440 402 404 899 943 1093 1213 1379 2464 1637 1985 2565 2378 2566 2567 2568 2569 2570 2571 2572 2573 1501 418 1656 1604 2728 669 1502 2318 336 1466 927 1088 1412 1926 2216 
191: 1945 1787 1618 1790 1700 
309: 1945 1474 2229 2183 2616 2291 221 2039 
703: 1945 827 967 404 980 1117 2361 1601 2474 1658 371 321 1296 1973 1395 1013 1681 1371 2408 
741: 1945 945 2240 727 2109 2730 875 500 2087 1013 461 
763: 1945 2207 1158 2459 122 1826 1963 1466 1278 443 
1031: 1945 740 598 2463 637 417 1560 1486 
1038: 1945 1574 213 945 2650 86 761 180 2031 1205 2450 2162 2193 2195 285 1495 2551 1427 2194 1079 
1085: 1945 1106 595 2283 198 2300 1861 86 756 761 1538 1923 2001 2138 180 1501 2143 2691 88 2144 2329 2411 2454 1830 1585 327 2715 1376 1464 2181 65 634 1502 483 2324 1601 1256 1327 1007 892 374 2164 1059 1062 1770 1491 1295 1795 2216 2481 1088 1089 1371 
1128: 1945 
1173: 1945 898 990 1713 1852 1158 899 1091 1263 1588 202 642 2752 2150 723 962 1748 2486 783 2193 
1919: 1945 2025 2028 1310 383 402 1649 2138 1917 1921 2473 1449 525 68 2674 1946 
2745: 1945 1106 529 1263 1147 70 69 787 2035 793 
2223: 1945 1474 1106 832 926 945 2650 2785 2206 2207 1873 2578 466 894 1080 1434 786 1110 714 751 880 638 1241 389 1057 1466 2748 1013 2695 
2767: 1945 2025 2028 933 1361 1372 1528 142 855 1632 1796 2094 107 244 
2358: 1945 945 1364 1259 371 1973 1488 2618 
2494: 1945 444 2729 417 757 2461 92 1402 
2519: 1945 1474 486 586 2773 
2545: 1950 1425 1809 2459 257 2557 254 157 1262 2370 2379 1680 393 1237 912 57 1955 432 1771 2383 
1205: 1474 2458 2650 1892 1158 404 485 1145 14 1122 285 869 1038 1079 2162 2293 1404 2551 1427 2193 2194 2195 2450 2090 2319 1232 2763 1495 
307: 1474 2125 947 1148 1713 1294 2138 2525 2526 2589 1979 2108 845 2045 1209 143 1141 2088 1552 2474 134 935 2559 2695 830 
697: 1474 880 
1216: 1474 1328 39 
2254: 1474 14 2332 
1782: 1474 832 1359 1361 2650 533 776 1142 1404 2304 2460 1339 1252 
2559: 1474 1106 947 1753 1844 173 345 2138 2525 2108 1830 938 2088 2550 2347 65 343 1924 2103 134 2203 307 830 1184 1095 489 
841: 2499 148 885 1977 1222 2436 2500 2592 2039 1537 
2039: 2499 938 2436 2500 841 309 
112: 1997 2606 1361 402 2464 1985 2009 1397 362 927 2639 336 1412 1088 1089 2481 
670: 1997 718 2725 402 311 312 317 1696 1905 318 2361 2680 233 511 2318 518 
1382: 1997 1148 2785 1344 1343 1346 2748 
1337: 1503 1106 1148 14 129 1555 2474 669 1404 
177: 1503 1037 311 317 360 894 1905 318 2302 2680 1961 26 233 314 2635 1416 2619 2204 
230: 1503 2578 188 1865 1094 
2154: 1503 2025 2028 2660 895 434 751 1209 1675 1641 224 504 2456 624 780 625 1828 375 2236 428 623 2012 
2301: 998 265 203 406 407 885 14 54 999 2436 
87: 998 947 509 317 1093 434 999 2318 1978 1232 
834: 998 203 1967 1966 2657 61 742 2037 
1237: 998 718 323 509 1998 311 2535 2557 254 2379 57 1955 432 1017 2328 2545 
1813: 998 718 122 999 2302 385 2034 
2085: 998 718 945 383 942 2059 597 2515 2525 794 938 2088 495 830 1184 1953 
2012: 998 426 2154 2597 
1912: 998 658 2785 270 1179 1263 1649 1909 1985 1313 1748 714 103 1694 170 182 
1913: 998 1106 311 312 317 1696 1905 1787 318 513 157 1882 2453 2680 233 1466 69 314 1151 1499 
1136: 998 1217 1263 999 2009 747 355 2760 
2611: 998 1106 947 2033 1844 2459 1379 1980 123 1664 1014 1764 798 768 
584: 2025 2028 769 305 
638: 2025 2028 718 2650 609 2484 1873 2673 2238 14 1110 67 500 2223 1750 
1035: 2025 2028 347 855 2349 2683 1224 2626 
1256: 2025 281 832 1359 1115 1304 485 1263 2752 2735 2054 1502 1085 1459 
1557: 2025 1861 1093 1957 457 2197 
2712: 2025 2028 
2727: 2025 1106 827 1009 776 796 805 860 1634 1691 2441 425 1501 2143 574 1183 2094 64 861 532 1172 2732 1089 
2247: 2025 2028 2650 372 2788 1111 1118 1297 1548 2365 2424 2441 2660 225 434 563 2021 2065 2202 33 1140 2474 930 2198 2616 972 780 282 929 2161 2548 
2317: 2025 2028 1998 2365 2660 720 1675 176 504 972 2682 
2262: 2025 2028 945 1176 237 2672 
2513: 2025 2028 
2122: 2025 2069 832 1967 2577 1240 2735 1966 2683 2054 2615 185 2593 711 2644 
179: 1108 352 1984 2609 1389 2020 1281 1404 
187: 1108 1781 14 1258 
791: 1108 1528 2207 1632 2616 
903: 1108 1988 733 1099 1811 2290 79 296 466 531 533 666 667 1091 1111 1294 1500 1637 2003 2008 2589 2627 956 2332 1825 2049 479 17 1223 
1101: 1108 2092 1433 1728 1818 2488 485 1637 2215 2398 601 1645 1098 
1132: 1108 157 2474 505 284 1414 1828 
17: 2063 2276 903 772 
259: 2063 2540 1391 
887: 2063 933 1133 1425 1515 2725 260 667 1065 1708 1939 2609 1266 2737 143 2020 1947 2780 1270 2131 2560 669 1962 1104 2248 1172 2492 
1635: 2063 2148 543 556 1817 616 712 1276 
2147: 2063 671 
2492: 2063 1361 2207 237 1939 2609 2647 2737 2020 2131 887 
2564: 2063 1535 1119 
2015: 1558 1574 947 2168 524 1093 845 2217 992 867 2221 
2037: 1558 1433 2456 834 1738 
2038: 1558 2167 718 1559 1705 2458 1967 1966 2263 2495 141 290 2151 712 1422 1729 1896 635 429 
1629: 1558 2167 1844 1363 524 528 2700 1142 
2117: 1558 1809 2127 1130 2058 
1915: 2069 2606 901 1147 1787 14 795 1152 778 2130 537 869 1418 1513 1896 1903 
319: 2069 488 1468 82 173 543 2678 2001 1386 2065 1187 2453 1502 185 1922 1623 798 1805 
1922: 2069 1533 1187 2593 319 1805 
835: 1564 1106 546 2331 2308 14 1142 1451 
1546: 1564 855 2160 457 2551 966 1709 2231 
2741: 1564 856 945 2442 89 630 781 2464 2589 1533 2282 1412 
2299: 1564 1106 777 947 2725 1844 402 1217 1909 600 686 921 1143 1312 381 1561 1555 1466 2748 1088 604 1683 
2562: 1564 79 899 1294 2003 525 185 
47: 1026 2332 1526 780 2252 2602 2291 
137: 1026 199 1067 947 609 1844 1091 1052 1481 2418 680 1228 1190 1377 139 
1395: 1026 148 823 529 449 1914 703 2043 
1526: 1026 1574 148 1753 823 1092 2045 2315 364 693 1689 1865 158 47 1571 2537 1760 
1914: 1026 148 1559 1609 2292 1438 759 449 2101 1607 1395 
1408: 1026 2684 1609 164 2332 364 2055 69 158 2602 2252 2291 350 884 2628 1712 
1906: 1026 148 1425 1241 2110 157 1986 1761 
520: 1570 380 845 1375 754 588 1783 2208 
2217: 1570 718 2458 288 2371 2619 992 2015 
1960: 1574 407 14 1139 314 1352 
63: 1574 1106 522 528 1175 1313 845 59 702 704 
519: 1574 947 1363 351 480 845 1549 2045 940 732 1583 2199 2766 2793 460 2389 2538 1137 1731 1171 1204 730 
648: 1574 1219 1601 
702: 1574 1425 478 480 2740 979 1267 1268 1366 2671 1270 1667 517 98 393 2019 583 63 935 66 484 2430 
742: 1574 2456 834 1738 1879 
1398: 1574 2691 2366 2313 673 867 
2783: 1574 2137 480 828 
2472: 1574 2458 2459 601 1656 1763 
12: 2606 2125 827 1148 1361 1372 1332 2785 2206 37 86 402 270 453 1603 14 180 751 5 1013 2302 2183 1601 324 2501 
65: 2606 1106 933 345 2177 2526 1533 1501 751 1636 1656 2636 1830 2550 1502 892 2474 1494 1095 1087 489 2559 1924 2203 1847 2103 1085 343 
266: 2606 1106 421 1836 188 360 2681 327 2180 1502 1791 625 966 588 1837 
681: 2606 383 1180 425 1622 123 343 2474 1025 
1095: 2606 1106 1713 420 1302 402 345 1649 1985 2171 2360 751 1830 1404 218 2550 65 343 1794 1924 2103 40 2203 1088 2670 717 207 489 2559 1926 2695 
1211: 2606 1114 2137 945 1844 86 2459 1565 1785 2582 2706 539 720 870 939 492 1469 298 1676 2579 1102 2035 2073 
1367: 2606 
2100: 2606 2715 2386 2318 
684: 2102 1911 2116 60 461 396 459 
1882: 2102 945 1713 1723 2290 1844 421 666 1379 2516 962 724 1121 1364 1617 1725 2333 2349 2535 327 1075 1130 1594 2640 914 2139 1724 31 35 250 251 282 284 589 746 952 968 1082 1102 1236 1499 1510 1586 1712 1740 2016 2401 1913 1994 2303 2435 1929 2695 2719 2084 2368 2097 2631 
2040: 2102 347 421 155 529 2747 1379 2526 320 
1615: 691 503 2747 1375 2506 1795 
974: 2125 1176 2785 86 1979 180 2114 2504 1980 1481 224 2724 1547 
1681: 2125 1671 404 1501 327 2361 1502 477 1680 1296 1770 703 
1947: 2125 2533 2300 2207 50 410 937 2011 2324 669 887 1429 
2690: 2125 242 383 2059 1649 88 123 751 2329 327 2183 2361 1502 2318 1770 210 2004 108 1371 1908 2153 2711 
2380: 1106 827 1361 37 1363 2 377 1500 2003 2177 2292 2627 1438 1751 2550 1601 2236 
839: 1106 148 1176 3 421 2339 529 2747 2487 940 339 1689 2151 2320 44 157 771 2760 2196 2524 
22: 1106 595 2650 639 
44: 1106 595 933 1904 1671 421 630 761 855 1080 2526 395 2667 839 892 2035 1137 349 227 
73: 1106 1968 
210: 1106 2092 770 945 1176 1528 337 800 1538 1637 2441 788 937 1183 1141 2450 2088 2193 532 2734 2304 2460 1427 830 2690 1971 920 
244: 1106 777 945 2240 2505 157 1846 2767 1502 1491 2287 762 
551: 1106 1019 2148 402 524 317 405 522 528 707 1905 642 318 750 751 1656 2730 1312 2180 233 2605 909 150 476 2024 1693 955 2111 
1005: 1106 823 1909 2706 1567 921 1561 2748 1683 
1014: 1106 595 126 827 947 1176 1506 1861 91 2776 894 2391 129 1163 1549 120 141 751 646 1644 2197 1252 1042 1683 1429 2611 
1070: 1106 1176 1671 1145 1175 2005 1819 1393 712 2667 2426 
1082: 1106 945 1713 1882 2034 1929 950 
2661: 1106 1705 2300 751 
1159: 1106 352 1543 1255 202 1786 2143 122 2671 1404 2550 2135 1252 793 
1186: 1106 2339 802 2136 2139 
1283: 1106 2168 1873 1438 1281 2324 
1462: 1106 265 346 373 832 1498 2207 1844 405 407 2464 1632 1649 2565 2493 2526 2693 178 2315 1757 1958 2341 2451 327 1141 1963 1509 575 1502 1466 477 892 1770 1602 2328 
1623: 1106 2238 1187 319 
1670: 1106 1543 1145 2450 2319 2550 204 1410 
1770: 1106 829 1713 2240 402 529 531 894 1092 2747 1649 1923 2066 2138 2525 2556 1533 2322 962 1501 178 280 1417 2406 1404 2088 2550 2181 1502 83 1601 1085 1494 2713 1962 94 1462 1681 2690 
1779: 1106 942 1301 1302 2059 1806 1695 1876 1300 1794 2184 583 717 2248 2478 267 891 1953 
1837: 1106 173 1015 1080 2747 1588 1230 2544 2119 123 2411 266 868 622 2539 869 1987 2234 
1856: 1106 1148 402 1149 157 
1976: 1106 
2103: 1106 829 933 1671 1861 347 345 943 1213 2464 1985 2565 2378 2515 2566 2567 2568 2569 2570 2571 2572 2573 2158 1830 2550 65 343 1924 1095 2194 489 2559 2203 2670 
2176: 1106 719 975 1003 2669 
2404: 1106 2532 627 
2469: 1106 832 2044 894 2735 1389 2671 1826 18 1451 
2524: 1106 1468 2339 509 214 533 802 1192 2094 2136 107 839 2139 2198 1120 545 991 1733 1937 
2629: 1106 1158 1858 751 1869 
2645: 1106 
1661: 595 37 317 529 761 2449 880 2671 739 655 
655: 595 2168 86 760 761 1071 180 1343 1146 2671 1661 
2257: 595 1037 37 16 1187 1072 2619 
2282: 595 1844 1858 529 630 761 1305 2212 318 16 2558 940 1980 944 1146 712 888 1314 2741 
1319: 595 2785 421 630 761 1640 751 2782 48 94 660 
2511: 595 407 1294 2525 2108 2088 1702 830 
1895: 595 2650 1892 630 761 869 
1969: 595 86 761 180 1234 1860 892 113 
2520: 595 947 360 14 1406 1407 277 1775 
20: 2137 148 1037 347 2660 2065 2320 107 2385 2635 780 2249 146 2224 2417 
204: 2137 148 1818 1415 2397 178 1353 2094 2146 2648 726 223 1670 
848: 2137 985 718 2168 75 1158 203 288 667 963 540 794 840 1911 2361 200 1784 98 1226 430 1445 1777 1823 2541 
1049: 2137 2526 2263 310 495 2474 
1445: 2137 2785 963 71 2663 1219 2366 1729 569 1644 1226 853 848 332 729 
1593: 2137 609 1772 
1676: 2137 323 2449 1905 1284 1102 1211 
1879: 2137 742 1823 
2107: 2137 894 1967 1689 2199 2251 1066 
192: 148 945 2033 1923 989 1747 157 1660 147 158 787 
1742: 148 2315 1298 902 
759: 148 2684 678 1609 1263 1685 14 2315 364 367 1438 1674 747 158 69 1601 98 116 147 157 483 1914 2055 1677 1607 1865 
799: 148 2002 405 1147 395 310 157 483 2500 1946 147 158 639 1900 1017 357 2019 2006 
1339: 148 985 373 1361 2044 2699 1093 1551 2349 2695 1782 
1362: 148 440 945 231 1092 600 2250 161 225 2094 1641 938 1896 2474 930 2198 1235 1816 1590 
1996: 148 947 24 1298 2187 
1937: 265 985 945 990 173 203 407 1093 1443 141 1076 1938 2146 1264 2524 232 
1761: 265 1425 405 1091 1588 1285 1340 1443 1906 1718 
2004: 1894 829 947 1374 1844 2002 79 756 1179 1649 2001 2138 2323 1501 1956 2143 178 247 1917 2192 996 1921 2131 211 2347 1397 1502 427 68 1412 927 1411 2690 
2367: 1899 1809 937 2671 1830 2683 586 157 457 2500 1221 2698 371 1467 
680: 890 898 1175 14 137 746 2252 
226: 2167 367 853 223 
730: 2167 945 1753 2742 2036 2478 519 
1421: 658 1811 2201 1537 
1582: 658 1533 1390 
114: 2684 2033 1844 1609 2515 738 1607 2664 1605 
951: 2684 985 803 2589 836 1537 
2539: 2684 985 1575 2397 173 1977 1804 1837 
1432: 1701 402 1146 564 2087 321 
1716: 553 2715 2324 
542: 985 894 1533 1689 393 
982: 985 926 947 1836 382 2609 2202 2198 
1955: 985 926 270 1263 1785 1452 2557 2671 1826 254 2698 2379 1296 1237 1017 2545 57 432 
1983: 985 2081 364 2349 959 
2626: 985 1998 2788 940 999 1000 1035 219 1018 2396 
1476: 582 1187 
2509: 582 945 1543 1274 1301 2747 178 714 1222 1618 1641 134 927 106 282 1451 
695: 901 281 352 803 1092 1634 1727 1501 327 83 
1523: 901 1833 2160 2065 
711: 777 281 718 967 2044 2283 402 360 497 535 814 1388 1392 1591 2525 2577 2143 280 1656 2144 1830 1404 2550 1946 2615 2122 552 1137 1088 1325 1368 
194: 1868 260 181 2373 
1900: 1868 2533 2059 2578 2577 1850 2691 616 1167 2354 401 713 525 2194 185 379 799 19 1491 1078 1971 2068 2546 2298 
817: 1307 1484 2207 406 885 1621 2177 2391 1343 633 2349 1834 2013 235 
2078: 1307 1784 
2327: 1307 2788 1142 2507 2671 1098 853 2328 
2770: 27 524 1226 
269: 126 14 
1686: 126 1434 426 96 263 
2251: 126 1037 129 1977 1000 107 1467 2107 2619 
385: 213 2033 14 876 236 2049 1813 
2159: 213 945 2708 
2258: 213 945 1834 881 
263: 213 945 303 473 645 2162 304 2070 96 565 2722 1102 94 1686 1920 1471 
278: 213 554 2177 1051 1399 
792: 213 945 2033 2342 1139 1144 1757 575 1572 2686 
1384: 213 945 2760 904 
1487: 213 990 1836 637 1626 1485 751 182 
1102: 213 945 2441 473 1292 1725 1882 1355 1676 96 41 1971 1211 565 2722 263 94 615 1066 2016 
1253: 281 947 2550 
762: 352 2351 244 408 
2720: 352 1543 421 2506 2512 607 2621 673 408 
2555: 352 718 311 345 2508 14 315 28 2017 1142 1386 1747 2683 938 1143 1404 2517 343 605 882 1387 1926 
1513: 376 781 782 2747 1428 386 2005 1567 1915 972 2540 282 1107 146 2602 2619 
579: 440 2207 524 2776 1217 1263 1796 591 157 2139 1633 1466 2287 1683 
2543: 487 945 421 888 2189 2618 
1171: 590 1037 1147 2229 1407 1168 1229 1978 2619 519 446 
2750: 590 2019 959 
2639: 718 1967 2342 183 2341 330 381 83 1684 112 13 
117: 718 
1134: 718 856 1425 2740 1967 2371 1284 1966 2671 631 
1790: 718 2207 1404 1509 1502 1466 191 1929 
1628: 718 2297 1836 317 870 2094 1453 1008 
932: 718 2458 1843 2371 1539 
2598: 718 1543 2458 
2090: 718 2458 2658 1205 2450 2162 2193 2195 285 2551 1427 125 552 1079 1178 2293 
2124: 718 1176 75 938 
2641: 718 
2061: 718 594 1608 964 1224 
1223: 733 945 1811 2290 531 533 1091 1294 1297 1500 2003 2008 2589 2627 1825 2094 2349 479 903 2778 
379: 745 2650 2609 1504 1142 2042 1900 1798 
1371: 770 1515 1543 860 1649 1691 788 1183 1350 143 1141 2450 1464 381 532 1172 2734 2460 1085 348 518 920 1962 2690 1772 1971 703 1662 2496 
1491: 770 829 383 1528 79 756 1071 1179 1294 1632 1649 2001 2066 2138 2323 1533 1501 178 280 88 1404 1140 1924 1502 2651 1085 1494 499 1900 635 244 1387 1537 
1880: 770 2166 2459 899 2177 202 367 738 1656 2636 669 1394 115 
652: 803 203 529 531 698 2308 14 752 486 2558 141 1747 1863 511 94 1418 2695 1486 2284 888 
60: 803 947 2725 2292 2475 727 2715 1312 1601 639 2318 2277 1034 684 886 
640: 803 740 2463 637 1740 
1683: 803 947 533 2776 1180 2292 2354 2299 1014 2748 715 1005 579 
1741: 803 856 347 1709 
1866: 803 945 1425 52 855 1118 2660 434 200 2042 1973 787 527 780 1107 
1943: 803 2378 2197 
1008: 803 411 382 2709 2366 1628 1204 1885 
950: 803 2033 2059 1785 600 339 2175 525 1082 
1094: 822 2033 1164 2000 578 572 2035 230 
109: 827 1180 2526 1606 381 1601 1373 1680 2105 
1778: 827 1819 107 80 891 
1971: 827 1310 2650 383 2206 2207 1967 2143 88 1257 1830 1404 218 2013 525 210 1900 1102 995 1371 
634: 829 933 1148 1361 1528 885 943 1379 1538 1147 2451 1085 477 2695 356 
2732: 829 598 597 2515 2143 178 1502 2727 5 1680 2523 67 1420 1625 
2235: 829 2506 1664 1633 1064 
1847: 829 933 347 1501 1830 2550 65 906 1662 
2523: 829 178 1146 1149 1502 5 2732 1625 
1625: 829 2168 1506 155 1294 178 247 1948 2620 1502 1601 530 1946 525 5 1373 2523 1795 2732 
1221: 832 1361 1279 1640 320 245 937 1142 1509 157 2367 7 13 23 371 2246 
737: 832 
2261: 832 1154 
1666: 856 1037 155 360 529 533 894 2497 1850 123 1651 32 534 26 941 235 904 1436 746 
1195: 856 420 14 434 1352 565 624 625 1081 2368 1449 1391 2324 2453 
1225: 856 2183 26 1021 2089 
2368: 856 1468 1263 2094 1187 1195 1882 2453 2719 163 620 
991: 856 1892 1192 2771 69 2719 2524 
997: 856 1118 1767 1656 1697 2094 2202 2198 2417 565 
2425: 926 1037 1861 2578 845 1393 1641 1444 1784 2184 1299 2266 
624: 933 945 1705 2650 52 533 860 1118 2424 2660 895 1209 1675 2065 1195 2366 1355 150 222 2154 1828 2428 2205 972 
906: 933 347 1636 1847 1662 
1378: 933 198 1404 
31: 945 987 1882 1352 1470 2721 
115: 945 1723 162 2360 1121 2532 1880 1724 
220: 945 327 1502 
251: 945 2160 940 944 1882 67 768 146 
378: 945 2603 1440 1694 424 
384: 945 1543 1753 2168 86 203 405 406 407 1833 14 180 2244 794 938 2049 959 
538: 945 1543 347 421 960 1294 1538 2032 180 1656 2133 787 2616 2139 
631: 945 2740 2099 2407 389 1134 2242 
677: 945 
804: 945 967 1949 1018 2721 
2669: 945 1003 2372 2176 
2763: 945 1205 2450 2162 2193 2195 1079 1929 2293 
973: 945 
2278: 945 1374 2436 2385 1470 1016 146 2224 
2346: 945 24 181 
1842: 945 1841 2221 
1365: 945 1977 2588 2474 
1890: 945 1175 1349 1527 279 
2023: 945 1027 
1429: 945 2458 2400 1145 1923 2003 2158 294 563 937 1711 1606 1947 2450 2343 2194 1014 2340 1259 
2481: 945 2033 1844 1621 247 2517 1739 2318 112 1085 927 1088 
1961: 945 86 405 533 1139 2244 2506 172 1680 464 177 959 59 90 124 866 1032 1354 1597 2419 2716 2768 
2396: 945 1818 786 219 2626 
2006: 945 2227 799 2631 
1798: 945 2604 2600 379 1832 
2142: 945 1480 
2738: 945 990 2339 513 367 2486 1312 483 1709 
1342: 947 14 1482 
1413: 947 260 14 1859 245 1561 2347 157 277 393 673 1999 1826 2618 
1129: 947 16 2187 780 2372 
25: 947 609 593 1039 1801 845 1962 
152: 947 
168: 947 
227: 947 1949 44 336 193 
432: 947 480 845 2045 2557 254 2379 1237 2545 1955 57 
657: 947 1037 2619 2356 
2724: 947 708 895 1641 2199 974 2726 1499 
1709: 947 1148 453 480 855 1827 2115 1147 2045 541 1149 1141 2361 532 1172 2500 2460 348 2773 1741 983 1465 1546 2178 2738 
1802: 947 421 597 630 2515 1533 1786 586 935 
1805: 947 1187 1922 319 
1824: 947 480 1255 845 2045 362 
1872: 947 678 2026 2474 
2145: 947 845 2045 274 
2313: 947 236 2366 1561 1555 96 2097 163 673 1398 2496 
821: 990 2168 420 509 1328 202 1980 2454 381 
212: 1037 214 2660 2095 606 1146 394 1149 712 2197 451 282 
866: 1037 840 1961 1231 1486 
1657: 1037 
1170: 1037 533 782 1977 367 714 1027 1168 2765 185 2769 1097 2478 2695 2619 
2208: 1037 229 231 2424 2489 672 1250 225 1143 930 851 754 1097 2417 222 221 1235 2625 520 2123 
1201: 1037 
2291: 1037 438 1408 1354 2619 309 47 
2419: 1037 540 2036 1961 460 1166 728 1424 446 
2111: 1037 2740 1284 1153 2374 551 1064 
1970: 1037 2771 
1547: 1037 2044 974 255 353 
2010: 1037 155 2747 24 2320 314 2760 2631 871 1161 
2769: 1037 1998 2653 2619 1170 2652 
2602: 1037 497 2660 2332 2065 517 1408 1513 47 
1470: 1053 1977 2263 911 1589 2784 1107 787 23 31 216 469 536 995 1010 1586 2278 2345 1780 2062 2721 
222: 1099 609 229 231 1061 1091 1428 2424 672 956 1250 940 225 2065 2237 2349 2202 624 2325 754 780 2417 2625 221 2208 1235 2549 
780: 1099 1425 1843 2459 229 231 556 2696 2788 1297 1548 2424 1979 672 797 895 956 1250 752 225 434 502 563 1234 1675 2065 712 64 424 2198 2154 2247 45 2310 2070 1849 20 1866 2152 1129 47 146 221 222 255 571 661 746 764 1410 1107 2068 1202 2625 2417 1235 
371: 1148 202 2675 1142 2486 2162 504 575 457 2367 1221 277 1288 2408 703 2358 988 2649 
496: 1148 598 2459 1147 
518: 1148 383 1844 960 178 1149 327 381 1502 670 477 1371 1060 
1454: 1148 1500 1502 1013 
1925: 1148 91 2005 1978 2721 537 111 
1458: 1148 2675 1142 2760 
195: 1176 485 1175 2030 2497 77 2387 921 2020 
366: 1176 1425 317 744 1905 1533 318 2486 2500 233 512 1764 2662 1700 
852: 1176 2005 1689 2506 322 530 
2682: 1176 1705 2533 2578 2459 2377 2317 2698 2461 
2672: 1310 1302 1861 1093 2526 1917 2473 2512 1449 2262 2676 2674 
975: 1361 1817 2653 540 728 2161 2176 2652 
977: 1361 1671 86 556 14 180 88 766 1001 13 2347 
2686: 1361 1344 1313 751 1146 2761 525 792 
1463: 1361 2785 52 1538 1905 2140 513 1688 367 1404 511 510 305 408 
4: 1425 2386 
201: 1425 2526 2558 2671 2474 1527 
599: 1425 1977 2714 1978 
772: 1425 17 905 
2311: 1425 86 2578 214 317 405 406 407 630 180 1040 1142 119 1784 2685 2778 452 
1472: 1425 1263 1622 557 989 1338 1390 1478 433 
361: 1433 198 1612 122 900 610 
428: 1433 529 2150 606 1164 2386 157 2154 
704: 1433 2207 1255 316 63 59 62 
1712: 1543 1882 69 1408 
271: 1543 1649 273 1641 1726 314 917 1063 2410 272 
94: 1575 1304 2459 535 2789 1530 303 364 473 738 2659 652 2199 1319 96 1042 1770 2722 263 1102 
2667: 1705 2033 2650 524 2464 1939 14 1144 44 1070 1478 
62: 1705 2671 2663 1775 704 
689: 1705 2526 2707 1841 843 
1724: 1723 1061 1848 540 1121 2333 1882 1502 2139 914 23 115 
207: 1723 1506 2528 1095 
1864: 1723 855 1175 1801 2675 1819 2506 840 2512 1120 1264 1885 
2043: 1723 1175 2603 802 719 444 2714 1395 1207 359 2786 
2596: 1728 2733 130 1488 
2657: 1753 2168 1967 1219 2456 1738 834 
2546: 1809 441 1483 2719 393 41 1451 959 1900 
966: 1809 402 2589 1112 2127 586 266 1664 1550 2474 58 1546 
2242: 1809 75 2244 2714 389 157 959 631 969 
293: 1809 317 2331 313 513 315 882 510 511 512 314 
2551: 1809 2458 1892 317 1905 2031 1205 2450 2162 2193 285 586 1495 457 2174 2194 1038 93 1079 1427 1546 2090 2272 
523: 1811 
1739: 1811 2033 1301 1058 1111 1297 1548 2177 1147 563 1656 1697 2094 2202 2198 72 746 656 929 931 1457 930 1063 2481 
223: 1818 2650 1261 2630 2658 45 204 853 1299 2266 226 
375: 1862 2466 280 123 1246 2154 2310 1602 150 1130 2337 
2218: 1862 2207 1892 1091 1092 1428 2199 869 1556 
2476: 1904 311 317 1696 1905 318 2680 2174 233 512 
2053: 2033 14 180 1641 586 1451 
1062: 2033 1844 382 1085 
1089: 2033 2182 2342 769 956 2728 1422 83 1684 1601 2727 112 336 1085 771 927 1411 1278 
1247: 2033 1343 1601 1189 
1467: 2033 1844 1641 1729 569 1664 2367 2251 2274 
2105: 2033 1844 1363 123 1601 1845 881 109 
357: 2047 2508 2450 2162 460 2194 799 
2204: 2166 1301 79 1294 2504 107 2187 93 2412 177 
1381: 2166 2560 1078 326 
1054: 2168 594 1027 1644 460 1881 1849 1851 1430 23 1424 
1194: 2168 524 1980 26 2161 
458: 2168 1765 
1064: 2168 801 2516 962 1522 2260 1027 1191 2163 2506 1219 2766 2717 2638 588 2235 1424 2111 1233 
1244: 2168 2604 2615 2676 
2662: 2168 173 317 1297 1736 2486 157 575 366 935 959 573 
2445: 2168 497 1071 1967 49 719 1966 880 1142 2036 370 1740 728 1851 508 2717 
2430: 2168 1844 2740 1284 1153 2366 438 671 1204 702 
900: 2240 894 1092 2646 1260 2150 1419 367 2021 1149 157 2412 100 361 610 
35: 2355 1882 1466 
1444: 2725 2425 
1572: 2725 86 2776 2342 1977 88 2550 457 144 2447 475 234 474 792 1537 2079 
2597: 2423 2471 2012 
816: 2458 237 2729 808 700 
2293: 2458 1145 1122 2244 1205 1404 2450 2162 2193 2195 285 1495 1427 2194 1079 2763 2090 
824: 2650 1861 1892 2151 578 2512 715 660 2152 
2601: 2650 1533 1501 1830 2550 669 1502 
124: 198 1961 
995: 198 2459 1957 987 504 2540 1971 1470 
2153: 383 2329 2361 381 2690 108 1908 2496 2711 
1764: 383 516 155 2747 2623 16 2057 2486 1601 366 1795 2611 
798: 383 75 86 1836 360 1379 1967 1757 525 26 1731 2611 319 
1075: 411 2785 2206 872 1118 14 1440 938 1352 85 181 298 356 908 1124 1143 2319 1963 2359 1349 1882 2648 
1226: 411 142 414 480 963 2495 1835 2663 1219 2366 1896 1644 98 2770 1445 848 159 332 650 
1248: 411 1675 2302 150 
2713: 420 1844 1533 1501 178 1502 83 477 2593 1770 
1081: 420 75 1699 1985 2487 28 2671 722 840 1195 2453 1560 139 912 
186: 609 
2271: 609 1967 1142 2183 452 1354 
2298: 609 2785 535 1900 246 
891: 942 1302 2059 1806 1695 2525 2353 1340 1918 1105 1876 2072 1298 1300 492 1932 2443 1750 1007 525 2184 1779 1953 267 1778 2618 2478 
2132: 1009 1861 707 2557 537 1853 
1820: 1271 391 750 751 1139 2162 1466 
1910: 1332 2206 1861 292 801 2440 1601 1278 615 
2362: 1332 1852 405 2017 1366 949 1336 2759 1981 2722 
2620: 1332 1484 421 288 630 714 1625 1768 649 
758: 2785 
2196: 2785 529 2683 157 839 
559: 1671 14 828 1549 1139 1819 1298 
492: 2059 1695 509 1565 2525 2005 14 1598 1525 1298 381 787 525 1469 196 298 1932 1007 891 1750 1211 
1750: 2059 1695 524 823 801 2525 2005 723 1165 541 616 2021 638 2683 1401 492 1932 2443 935 525 2614 443 81 238 891 928 948 1007 2051 2096 1916 
2443: 2059 1695 597 1985 2525 2005 723 443 1750 891 611 1007 
1368: 2207 1844 453 1883 1601 711 1466 1068 1465 
1325: 1844 1404 1601 711 
2352: 1844 
2431: 1861 
2064: 1861 52 840 208 
92: 1843 173 895 1166 842 1391 2553 2494 
793: 1843 1364 1358 157 2745 1159 454 
2427: 37 74 2696 980 2143 
656: 75 1261 1111 1297 1548 1340 563 1697 2506 2671 1739 930 98 1457 929 1436 72 746 931 
1103: 292 1327 
2385: 323 421 1998 314 20 146 2224 1016 1140 2278 2345 
1658: 323 402 1905 703 
1154: 323 1905 318 895 2101 2261 
620: 347 173 941 2368 
757: 402 155 2689 855 1785 318 1606 330 2494 354 1995 
1729: 421 1445 2038 650 1467 
1456: 421 
981: 421 
2561: 421 2058 
1962: 1261 2742 2459 1632 2565 2138 202 769 1501 2143 178 88 1404 381 887 1924 1502 2324 1601 2615 1660 5 1494 477 1770 1795 25 1371 
2156: 1261 524 522 528 964 2014 
365: 1468 1871 554 
2086: 1363 317 1230 313 190 
626: 524 522 528 1146 1149 712 2366 102 
2266: 524 2425 223 1299 
2383: 524 522 528 2700 1341 1151 2545 2034 1537 
249: 2002 203 1197 2603 14 1918 766 946 1826 1252 457 669 959 
46: 2002 407 1985 
1351: 2002 725 855 2589 2158 2230 330 586 1252 
2205: 2002 624 
163: 2459 407 252 367 2453 2313 2368 
961: 2459 540 1389 2612 1502 438 2073 
1286: 2459 2654 
2210: 2459 1977 1549 1978 442 1451 867 276 
238: 2339 2114 2244 2139 1750 2194 2760 
1733: 2339 1263 2528 367 1121 2139 1262 2524 1768 
1797: 509 529 617 1887 1965 2526 1587 14 663 1152 1417 2312 847 1507 2131 
2583: 560 
1710: 823 1554 693 1865 2537 
283: 2491 460 
2485: 2491 1909 1369 330 669 1465 
1521: 1998 1214 16 495 1028 2048 2046 
1803: 1998 720 712 1903 
331: 597 605 
2439: 597 407 963 1522 1224 460 
1: 50 14 
558: 50 495 2527 
806: 79 1204 
537: 82 533 1603 1915 2132 1925 920 675 111 728 
2029: 128 529 586 1480 1731 
2256: 154 860 1392 1591 1634 2211 
2537: 155 533 2678 1526 1710 
909: 188 2660 551 80 41 2093 
1730: 203 1118 14 1375 161 
1669: 203 407 
743: 203 1278 
1315: 203 1781 2005 1086 2151 1502 1311 
1579: 203 
2084: 209 2787 2729 1882 182 
1391: 214 1195 1166 92 259 1586 
2417: 229 231 1111 1297 2424 672 1250 2528 225 751 1697 2065 997 20 754 780 221 222 1235 1816 2208 2549 2625 
2625: 229 231 2424 672 1250 162 225 692 2065 1641 1457 780 2417 222 221 1235 2208 
2123: 231 1928 2764 2208 
905: 260 772 
1630: 296 33 2161 
1619: 311 317 1905 2508 318 802 512 2098 2364 276 
771: 311 317 1696 1905 318 498 85 839 233 512 565 1088 1089 2359 
1073: 312 1011 1551 2591 2245 1480 
21: 317 1263 1905 318 2680 2139 2174 233 512 1765 2173 
2364: 317 1905 318 2486 1212 2302 2680 2174 233 2098 1619 
2098: 317 337 529 1905 318 364 1234 233 1619 2364 
1078: 317 181 1900 1381 
489: 345 1830 2550 65 343 1924 2103 2203 1095 2559 
1700: 345 486 343 366 892 935 191 
2679: 372 480 895 1355 
2608: 406 
2575: 407 1530 14 1748 1030 2386 2760 2593 
208: 414 14 2064 
2179: 414 1480 
1952: 414 
853: 414 1655 2760 2327 2249 223 1445 1832 226 
135: 453 744 1932 2587 
1762: 478 1958 
2091: 478 1404 330 864 1520 603 
1870: 480 2045 1869 2226 
1592: 480 367 
886: 528 2322 2766 1601 60 
813: 528 2515 300 
121: 529 14 1313 738 356 2319 1746 1278 
234: 529 2558 1329 1572 475 474 113 
2744: 529 172 
831: 529 894 2623 1234 1601 460 2717 1795 728 1531 1995 922 2716 
986: 529 320 2558 751 2616 98 
2058: 529 567 725 1767 2535 1401 2302 2561 1573 2791 635 2117 
1620: 529 712 101 
608: 529 2447 
2007: 533 760 
936: 593 
2046: 2678 2728 2399 1521 2048 
2048: 2678 1521 1166 2046 
1545: 2705 860 2371 2466 2322 236 1027 1142 955 2766 1722 2373 
1488: 2733 294 1209 1364 1641 2042 42 41 1451 2596 2358 
1290: 744 2066 766 1105 1539 2387 1241 2131 2444 1502 2324 457 1377 277 
1411: 756 782 2342 1147 247 2376 1509 1397 1665 83 1449 13 1412 927 1063 1089 2004 
118: 855 367 2280 2474 
333: 855 2113 2518 1034 2521 
849: 858 871 914 
1964: 860 2017 243 
2079: 885 2232 386 339 1572 2548 2628 1161 1477 
1326: 960 1618 1680 
2369: 960 1855 1144 1234 1440 731 277 
2731: 980 
2357: 1080 54 1121 
1726: 1092 2160 2591 1147 14 273 2411 778 271 272 917 2410 
2062: 1093 989 1470 
931: 1111 1297 1548 563 1697 2588 1739 930 1457 929 72 746 656 
536: 1118 1321 1224 1470 
2068: 1118 2660 434 1153 2065 107 780 1900 
846: 2740 2594 1477 
1777: 2740 1284 1641 1143 1241 848 
156: 2747 1814 
334: 2747 
2307: 1263 2160 2591 676 116 
2718: 1263 1076 1264 
1010: 1428 1470 2255 1477 
1499: 1428 708 2065 2588 1492 1882 1913 2724 
2780: 1434 14 887 
299: 1490 1834 
607: 1500 2646 738 1679 747 1312 500 2720 356 185 113 1746 
1306: 1535 1610 
1534: 1535 2270 2474 
610: 1612 2211 122 539 900 361 
359: 1827 245 937 1606 2043 
104: 1909 720 102 101 1352 2416 2034 1789 
1068: 1923 1373 1368 
1569: 1939 16 1601 1795 2773 2772 
1043: 1967 
1229: 1967 1142 2506 1171 
1334: 1967 1966 
1738: 1967 1966 1076 1754 2249 2657 61 742 2037 
1766: 1967 
1460: 1985 320 1266 2386 
2521: 2113 2518 333 
1119: 2155 2564 
826: 2177 1656 2094 2302 935 1224 
615: 2211 1910 1196 99 100 1102 1586 2402 790 
842: 2211 92 2746 
2395: 2475 1313 2691 
908: 2508 1918 766 1959 731 2683 721 938 1075 1518 847 277 787 1150 
1706: 2515 280 
581: 2525 1230 
469: 600 1470 
328: 2646 
1289: 1147 
2056: 1147 712 
983: 1533 1234 2127 1709 2593 1475 
256: 2660 1355 1791 836 625 2468 2027 
1933: 2250 1313 751 2034 
1107: 1979 1866 780 1470 1513 
1124: 2273 1313 2315 122 1440 1075 2161 
949: 14 1607 2759 1336 2362 1981 
709: 14 180 
1536: 14 277 504 673 
1898: 14 
2531: 14 682 1589 98 2760 
2668: 425 1757 
2384: 708 1601 
2633: 956 2202 
587: 1284 1056 
452: 1343 157 2271 2311 100 2613 
2219: 1369 2180 
2241: 1419 
2141: 2169 2386 
1867: 2143 2474 2674 1373 1060 
1908: 2143 1652 2329 2690 2153 
1066: 162 473 2185 85 2276 96 494 565 2722 1102 2107 
153: 178 1601 
2496: 178 252 1121 2153 2313 1371 2711 
2541: 286 848 1885 
160: 315 882 2619 
43: 686 
1239: 1957 1977 1355 
773: 1452 1589 1694 
654: 1977 978 
1131: 1977 2616 282 
2643: 49 
2652: 719 1191 1517 1601 975 2717 2769 1571 728 
66: 828 845 1056 702 
1693: 963 1209 2448 551 2174 668 342 1828 
915: 963 504 935 884 2345 2468 
1477: 1273 2245 445 2161 1202 2586 934 2079 1010 846 1577 
1759: 1407 1219 7 
507: 1714 
2335: 2045 
1520: 2158 1851 42 2091 907 
216: 2360 1470 2490 
332: 2360 1226 1204 1445 
279: 2483 1890 
1995: 2623 460 757 2717 831 2768 922 
2717: 2623 720 2774 2406 712 2445 1424 2255 1995 831 1064 1423 2652 2716 
2716: 2623 720 1961 1056 2717 831 1423 
144: 16 2506 1572 
2547: 2706 
412: 24 
2379: 77 1142 2557 254 669 668 57 1955 432 1017 1237 2545 
338: 122 
1934: 161 532 
808: 169 816 700 
2549: 225 1321 2417 222 1537 
131: 236 
193: 245 2329 1404 495 381 157 227 
272: 273 1726 271 917 2410 
2540: 310 157 147 2412 158 1295 1400 1849 1571 1513 259 995 
30: 367 1641 
56: 367 
2014: 367 1352 2156 
388: 367 
2704: 367 
45: 434 1153 1656 1601 780 223 
2027: 434 625 256 
2428: 434 794 624 625 
2255: 473 1267 1268 1269 1270 322 2651 2717 1010 
837: 576 1791 
1789: 714 720 712 1924 1601 102 104 2416 1542 
1542: 720 712 1789 464 1531 1800 
2267: 724 1627 
1616: 863 927 
289: 878 1404 532 463 2013 2052 
429: 918 1191 1140 622 2038 
2503: 944 2305 
1869: 999 2629 2701 1870 
2408: 1117 371 703 
1471: 1121 96 2722 263 
1431: 1121 
889: 1142 
494: 1146 1182 1066 
1380: 1146 2183 
659: 1191 460 2304 264 1594 
2073: 1353 2312 736 495 961 1211 948 
2781: 1356 
611: 1656 2443 
1331: 1689 
618: 1819 
1553: 1819 
2632: 1819 1424 
232: 1938 1937 
1780: 2065 987 1470 
276: 2245 1619 913 2210 
592: 2270 1571 
1935: 2320 64 2635 
1196: 2333 669 1166 764 615 2619 2402 1586 
1272: 2486 1212 2174 1946 2412 
396: 2532 684 
2723: 2532 1045 
1236: 2535 1882 
167: 2714 1911 1601 1795 948 
679: 2765 1601 1795 
809: 2671 1561 1457 700 
1218: 2671 2766 
2530: 2671 
969: 1257 2242 
1992: 1257 1140 1418 
850: 1830 1502 
1916: 2020 1606 2474 2259 1750 2093 
2231: 1606 1546 907 
2563: 1641 
919: 1298 
1084: 646 
629: 2683 157 1561 605 1063 
1227: 2729 
2295: 747 
954: 1143 2274 
189: 1187 
390: 1187 1597 1354 
1721: 1210 1224 
928: 1401 1826 1750 959 
774: 1404 586 1480 1090 
1715: 1404 438 
353: 1595 1547 912 1399 521 
2121: 1949 2302 2013 374 
165: 2162 
1405: 224 2474 
1839: 2550 2760 
2470: 157 
2649: 2347 371 897 
250: 1882 
589: 1882 1204 
952: 1882 
968: 1882 2474 
1586: 1882 1391 1196 1470 615 2402 790 
2401: 1882 
1994: 1882 
2303: 1882 
61: 2456 1224 834 1738 
649: 2620 2574 
1989: 343 
1399: 278 305 353 912 521 
90: 1961 
1032: 1961 2619 
255: 1601 881 780 1795 1547 
2277: 60 1784 2708 665 
1974: 1224 499 
246: 460 2272 2340 36 2298 
2393: 460 
623: 2154 2236 
2644: 2122 
262: 1568 552 
430: 26 848 2701 
2703: 2759 
755: 2605 
2594: 1231 1354 2619 846 
671: 69 1400 2147 2430 
2416: 102 101 1690 104 735 1789 
1416: 177 
970: 2760 
1370: 438 
687: 1056 
1614: 1259 
1823: 2447 848 1879 
1566: 96 
2477: 96 
508: 2445 
1324: 2106 
1475: 983 
2542: 1978 
2592: 841 602 
350: 1408 
159: 1226 
735: 2416 2372 
354: 757 
764: 780 1166 2402 1196 790 
2613: 452 
1189: 1247 
1316: 1597 1063 
1744: 1597 1354 
34: 1204 
912: 2545 305 1081 353 29 521 1399 
1771: 2545 
526: 2372 
1423: 2717 2716 
1605: 114 
1968: 73 
857: 1451 
433: 1472 
1718: 1761 
1783: 1166 2619 520 2746 
1821: 1166 
1448: 1166 
1420: 2732 
2711: 2690 2153 2496 
632: 787 2226 
521: 1772 353 912 1399 
2553: 92 
2402: 764 1196 1586 615 790 
790: 764 1586 615 2402 
2746: 1783 842 
665: 2708 2277 
2226: 632 1870 
2422: 2234 
2294: 1028 
1776: 602 
2274: 1467 954 
922: 831 1995 
1951: 1642 
274: 2534 2145 
459: 684 
619: 1465 
1233: 1064 
2390: 2296 
2490: 1841 216 
454: 793 
2701: 430 1869 
29: 912 
1577: 1477 
1045: 2723 
1627: 2267 
