3163
2238: 146 408 480 501 671 788 904 993 1266 1549 1585 1586 1706 1846 2163 2901 2629 2625 2287 2593 
146: 2238 2305 2437 2746 2761 2800 2812 2940 2959 2971 3005 3063 3142 3145 3162 1411 1266 2163 1785 1662 524 525 1683 283 543 2203 678 1188 193 2087 1321 432 310 1078 447 324 710 837 840 205 1481 1482 2123 1239 
408: 2238 2251 2346 2353 2408 2443 2519 2714 2766 2822 2833 2851 2898 3144 82 88 132 136 143 201 204 205 208 283 292 298 350 351 352 356 357 402 1252 1253 1255 1269 775 1291 1296 1297 799 800 1316 1318 1334 839 844 848 1390 1400 1914 1407 899 1409 1949 1950 1960 959 1469 1981 1484 1489 993 1881 1513 1518 1519 2035 2045 1050 2076 1059 1078 1589 578 1089 1618 1117 2142 1641 640 671 2210 2213 1707 1735 1408 
480: 2238 2246 2270 2287 2290 2291 2298 2368 2400 2405 2406 2419 2444 2450 2465 2472 2488 2506 2513 2541 2561 2615 2618 2633 2670 2673 2677 2688 2696 2710 2714 2755 2770 2773 2784 2808 2814 2822 2835 2845 2846 2855 2879 2881 2904 2908 2909 2910 2911 2912 2913 2914 2915 2916 2927 2932 2934 2948 2949 2955 2959 2970 3002 3011 3014 3020 3025 3056 3063 3070 3080 3085 3090 3096 3105 3115 3124 3125 3157 2 37 43 50 57 63 83 105 107 144 177 179 197 208 212 221 267 298 315 324 333 359 362 390 397 399 422 429 434 450 463 479 1240 1760 1763 745 1253 1767 750 1770 2010 1774 1785 2182 1792 1078 1612 780 1291 1804 786 1296 1298 2232 806 1679 746 1321 1186 1330 1255 825 1845 1336 1851 2108 837 840 1869 854 855 1378 1350 1901 673 1266 844 1238 902 912 1424 2078 1443 1450 1021 2233 1952 951 1789 1976 1977 1469 1476 969 1485 1491 982 2049 1496 484 2017 2028 1518 1520 2034 1015 2037 1019 1532 1538 1258 2060 1803 1463 530 2075 2076 548 1571 554 1576 561 874 563 1073 1585 2097 876 2064 2116 1098 595 1617 599 601 1111 604 610 611 1123 616 1130 2151 1644 1478 629 641 646 1567 973 1908 1164 2080 1087 1684 1292 1176 670 671 672 937 676 677 1698 680 1149 2204 1201 1716 1210 705 2083 711 559 1734 719 2090 2235 1746 1749 1239 
501: 2238 2268 2305 2452 2482 2487 2534 2540 2776 2901 2967 29 228 289 447 458 1122 1253 1002 1770 1133 504 2035 1266 1529 1120 993 1286 1421 788 1785 1765 959 1078 1181 2118 1484 595 980 
671: 2238 408 480 2248 2251 2253 2258 2282 2287 2290 2323 2330 2333 2338 2356 2368 2378 2381 2384 2400 2403 2405 2406 2408 2425 2430 2435 2441 2447 2472 2479 2481 2483 2485 2488 2506 2513 2555 2561 2566 2569 2589 2607 2615 2618 2621 2628 2654 2660 2663 2670 2688 2696 2706 2714 2728 2754 2755 2766 2784 2785 2795 2809 2810 2814 2822 2826 2832 2837 2846 2847 2855 2856 2881 2893 2895 2908 2909 2910 2911 2912 2913 2914 2915 2916 2925 2932 2934 2948 2949 2955 2959 2972 2985 3002 3011 3020 3032 3037 3047 3053 3058 3060 3066 3067 3085 3096 3106 3115 3119 3124 3142 3155 3156 3157 0 2 18 31 43 59 62 87 92 96 103 105 107 142 144 155 177 197 208 212 220 221 226 232 234 235 241 257 259 267 291 302 315 320 324 333 350 351 356 380 397 398 422 424 430 432 434 460 461 462 463 472 500 516 530 539 541 543 548 554 561 567 586 588 592 595 597 599 601 610 611 616 617 618 619 628 633 639 666 670 672 673 676 705 712 720 734 743 745 746 750 783 785 786 792 794 801 806 815 825 836 837 842 845 848 854 855 863 873 879 881 892 897 901 902 906 915 969 973 987 1002 1014 1019 1021 1040 1045 1053 1073 1015 1111 1123 1130 1143 1149 1163 1164 1206 1210 1214 1225 1238 1239 1240 1247 1255 1259 1266 1078 1282 1284 1294 1321 1330 1331 1334 1087 1336 1344 1356 1378 1405 1424 1434 1436 1450 1458 1463 1465 1468 1475 1476 1497 1522 1556 1567 1571 1589 1590 1612 1618 1692 1704 1716 1719 1733 1735 1742 1746 1756 1760 1774 1775 1789 1792 1800 1803 1804 1818 1827 1836 1840 1841 1845 1846 1848 1851 1901 1908 1914 1916 1917 1927 1934 1949 1950 1977 856 1998 2006 2010 2017 2027 2037 2045 2049 2064 2080 2088 2090 874 2097 2099 878 2121 2129 2139 2142 2148 2157 2162 2170 2184 2186 2198 2202 2210 2213 2232 
788: 2238 501 2305 2528 2800 3061 3063 156 283 2203 1095 1481 1266 1078 1814 
904: 2238 2250 2282 2285 2323 2329 2333 2347 2362 2400 2403 2408 2420 2440 2472 2478 2481 2506 2513 2561 2563 2566 2589 2605 2606 2608 2615 2616 2618 2623 2660 2663 2670 2686 2695 2702 2721 2724 2728 2748 2755 2769 2776 2784 2786 2814 2822 2849 2869 2896 2908 2909 2910 2911 2912 2913 2914 2916 2925 2928 2932 2934 2959 3029 3057 3066 3068 3070 3075 3085 3100 3115 3119 3120 3125 3152 3157 15 17 31 32 37 43 44 57 70 96 103 105 107 138 147 167 177 197 208 212 226 232 261 271 276 288 324 329 333 356 357 384 397 413 430 432 450 461 462 463 468 524 525 529 542 548 554 561 578 588 592 595 597 599 601 605 607 611 614 618 624 626 634 653 663 666 672 673 677 712 715 728 729 741 745 746 764 780 782 792 795 806 809 837 840 855 889 892 901 902 1240 1081 1756 1239 1255 1770 1259 1774 1777 1266 906 1076 2097 1760 1291 2101 973 913 1312 1315 1765 1321 1836 1851 1841 1087 1494 1339 1258 1864 1430 1364 1368 1378 1899 1799 1749 1908 2118 1238 2120 1933 1424 1425 1943 1019 1206 1966 1970 1463 1977 1979 1476 969 1485 1453 988 2010 2017 1803 2142 1021 1885 953 1599 1552 2009 2228 1549 2073 1053 2075 1891 2087 1073 2094 1468 1469 1085 1086 2115 2062 2121 1617 1646 1136 2156 1146 1825 1078 1482 2179 2188 2207 1702 2214 1980 2226 2227 1719 1722 2232 1080 1214 1237 2231 1590 1742 1745 1746 1410 1750 
993: 2238 408 501 2249 2267 2268 2282 2285 2289 2291 2294 2300 2305 2312 2313 2323 2329 2353 2359 2361 2365 2375 2408 2419 2427 2437 2439 2448 2460 2461 2469 2478 2493 2502 2504 2511 2512 2527 2534 2550 2556 2566 2584 2589 2590 2591 2593 2596 2601 2606 2609 2623 2633 2647 2660 2664 2667 2673 2713 2724 2728 2739 2740 2747 2754 2761 2769 2770 2775 2795 2800 2802 2803 2806 2810 2829 2837 2849 2866 2869 2897 2928 2929 2932 2949 2957 2959 2969 2977 2980 2983 3005 3010 3012 3036 3058 3063 3066 3067 3069 3081 3093 3111 3115 3119 3120 3123 3124 3125 3127 3128 3144 3155 3156 3157 3160 13 15 29 62 65 77 85 88 94 96 99 111 115 125 138 149 153 157 158 167 177 179 184 197 204 205 208 226 228 232 239 259 276 296 310 333 335 344 353 355 361 366 384 404 406 413 426 427 430 432 447 453 458 461 469 471 479 481 484 499 528 539 541 542 543 547 548 549 550 551 554 563 575 586 588 592 595 597 599 606 611 618 619 624 643 645 646 663 673 710 712 727 754 755 781 794 795 806 810 836 839 841 845 847 873 883 913 928 932 947 964 980 988 990 994 997 1001 2053 1013 1015 1016 1019 1021 1026 1046 1048 1053 1054 1064 1077 1079 1085 1089 1096 1108 1109 1111 1120 1125 1133 1134 1155 1176 1193 1206 1233 1238 1239 1240 1253 1259 1275 1279 1078 1287 1291 1300 1316 1318 1341 1350 1358 1364 1370 1372 1385 1390 1400 1413 1424 1438 1441 1468 1476 1481 1494 1509 1538 1552 1560 1563 1565 1585 1586 1599 1608 1615 1617 1619 1640 1643 1653 1672 2163 1682 1707 1713 1729 1733 1735 1737 1749 1756 1757 1763 1764 1767 1768 1774 1785 1800 1804 1812 1816 1823 1841 1845 1882 1885 1892 1906 1917 1927 1934 1959 1960 1969 1975 1977 1978 1979 1980 1981 2009 2013 2041 2043 2046 2063 2064 2065 2075 2082 2084 2093 2099 2235 2108 2112 2131 2172 2179 2198 2213 2214 2224 2226 2228 
1266: 2238 146 480 501 671 788 904 2282 2285 2319 2323 2332 2368 2386 2419 2442 2470 2471 2472 2474 2478 2511 2522 2540 2561 2601 2616 2623 2724 2728 2800 2802 2810 2814 2826 2901 2951 2992 3014 3047 3085 3128 3155 3160 7 31 36 43 77 103 122 173 177 179 184 187 204 205 221 271 322 355 369 390 399 412 463 494 497 568 581 602 618 647 668 670 678 698 755 840 841 959 1011 1014 1015 1019 1062 1078 1086 1095 1115 1131 1133 1141 1176 1184 1239 1247 1253 1259 1757 1766 1777 1785 1791 1800 1292 1821 1423 1319 1840 1336 1337 1338 1361 1883 1288 1888 1891 2203 1953 1960 1469 2041 1538 1549 1552 1563 1580 2101 2118 1617 1400 1671 2213 1726 
1549: 2238 904 1266 2251 2258 2262 2287 2290 2308 2330 2333 2338 2356 2400 2405 2464 2472 2474 2483 2513 2518 2536 2550 2555 2561 2566 2579 2591 2606 2608 2615 2618 2633 2670 2686 2688 2696 2702 2714 2758 2784 2797 2809 2814 2822 2832 2833 2846 2862 2869 2908 2909 2910 2911 2912 2913 2914 2915 2916 2925 2932 2934 3005 3006 3037 3066 3085 3093 3115 3126 3157 2 12 15 31 32 71 164 177 184 208 212 220 221 226 234 315 324 364 394 397 423 424 432 461 487 527 530 554 594 597 599 601 610 611 618 624 634 666 676 677 745 773 783 786 806 809 825 863 867 874 876 901 902 933 937 948 973 976 1014 1021 1072 1073 1085 1130 1149 1163 1210 1214 1238 1240 1247 1253 1255 1289 1290 1291 1306 1321 1352 1378 1397 1424 1445 1448 1463 1468 1522 1540 1778 1756 1760 1774 2017 1836 1840 1841 1845 1846 1851 1852 1662 1924 1883 1749 2072 2202 1943 1949 1950 1976 1977 2129 2009 1882 1753 2034 1630 2045 2075 1568 2080 2088 2090 2096 2097 1596 2115 1617 1625 2171 2184 1588 1740 1702 1705 1716 2226 2227 2232 1733 1746 
1585: 2238 480 993 2305 2851 2992 3063 543 663 836 959 1078 1079 1208 1538 1785 2203 1781 2174 2095 
1586: 2238 993 2267 2305 2311 2371 2802 2803 2851 3063 3084 3128 3158 296 310 425 447 541 543 663 777 806 895 959 980 1078 1193 1325 1533 1538 1781 2203 1785 2095 2227 1975 1980 1726 1984 1619 1749 
1706: 2238 2246 2251 2252 2254 2258 2262 2292 2330 2333 2346 2351 2352 2356 2392 2402 2403 2405 2406 2441 2444 2450 2478 2479 2515 2560 2561 2564 2566 2574 2584 2596 2601 2607 2613 2618 2626 2633 2641 2652 2670 2678 2684 2712 2716 2717 2724 2736 2758 2775 2777 2783 2784 2786 2845 2846 2847 2853 2855 2856 2871 2884 2888 2895 2908 2909 2910 2911 2912 2913 2914 2915 2916 2945 2951 2988 3006 3016 3022 3035 3048 3068 3073 3095 3110 3115 3116 3127 3129 3134 3152 3153 5 73 78 91 92 104 139 174 202 247 275 297 298 313 315 331 358 367 372 388 393 399 411 433 435 455 458 467 479 484 499 538 540 546 548 562 563 564 583 594 595 597 599 608 618 624 646 654 664 673 677 679 711 724 803 806 817 844 848 864 867 886 931 933 934 937 947 975 1013 1014 1015 1019 1042 1062 1073 1086 1092 1094 1151 1163 1199 1232 1235 1239 1247 1253 1258 1289 1291 1295 1296 1297 1298 1334 1336 1338 1378 1381 1405 1428 1443 1444 1445 1461 1466 1467 1472 1479 1484 1485 1487 1518 1520 1534 1556 1566 1574 1593 1642 1654 1684 1691 1693 1696 1705 1896 1761 1777 1797 1845 2169 1816 1833 1850 1879 2208 2118 1926 1934 1949 2174 1961 1969 1981 1847 1870 1740 2010 2017 2019 2021 2033 1800 2057 2061 1891 1946 1898 2134 2148 2157 2190 2076 2162 2196 2204 2209 2164 2213 1713 2086 1719 2232 2236 1733 2175 
1846: 2238 671 1549 2282 2285 2305 2371 2400 2430 2447 2503 2618 2633 2706 2710 2744 2795 2901 2956 2993 3005 3057 3063 3085 3093 3106 3128 3157 43 96 142 228 309 393 397 398 404 435 447 479 497 508 543 616 663 677 839 932 959 1064 1078 1087 1199 1214 1218 1249 1292 1296 1331 1352 1380 1396 1434 1455 1554 1785 1823 1836 1885 1893 1906 2013 1858 1870 2203 1980 2201 
2163: 2238 146 993 2258 2269 2371 2411 2507 2541 2724 2761 2762 2800 2901 2959 2971 3005 114 283 289 310 358 499 524 525 533 548 815 1078 1115 1130 1176 1249 1345 1390 1451 1524 1538 1552 1609 1617 1678 1757 1785 1852 1893 2225 2203 
2901: 2238 501 1266 1846 2163 2453 2503 2599 2629 2787 31 32 197 235 259 440 611 710 914 980 1051 1059 1100 1302 1394 1426 1509 1599 1928 
2629: 2238 2901 2305 2371 2434 228 283 404 523 528 657 959 1078 1176 1294 1608 1613 1785 1979 1980 2112 2204 2794 2925 2762 
2625: 2238 277 283 523 528 711 853 1165 1613 1614 1767 1870 2969 2775 
2287: 2238 480 671 1549 2270 15 43 49 71 105 119 145 219 221 232 309 364 393 397 423 463 487 548 600 610 616 670 676 773 783 786 811 833 874 876 1018 1047 1163 1171 1214 1239 1255 1291 1330 1331 1352 1356 1408 1514 1526 1544 1553 1568 1694 1746 1754 1819 1851 1852 1870 1943 1949 1950 2034 2045 2080 2090 2173 2175 2202 2231 2235 2290 2809 2301 2814 2817 2826 2840 2356 2618 2377 2392 2398 2400 2948 2955 2447 2459 2464 2483 3009 3011 3015 3030 3059 2555 3127 2744 3126 3140 3010 2696 2338 2755 
2593: 2238 993 2305 2336 2365 309 310 447 544 595 597 753 809 1004 1078 1609 1678 1757 1785 1800 1933 2023 2035 2043 2084 2095 2203 2776 2959 2762 
2305: 146 501 788 993 1585 1586 1846 2629 2593 2973 1078 793 1072 1979 2190 3063 1302 1816 1959 3115 2739 2095 413 2061 2311 959 980 337 543 1075 1079 1193 1563 1757 1892 2534 2499 2427 2803 2015 2800 2279 32 206 346 425 447 490 491 494 507 549 581 584 606 754 777 932 1052 1064 1091 1120 1139 1144 1181 1188 1229 1233 1437 1474 1699 1731 1751 1818 2051 2074 2105 2122 2778 2340 3129 2538 2502 2518 3050 2596 3107 2620 2723 2767 
2437: 146 993 523 2245 435 563 1253 1439 1479 1785 2118 3063 2249 2265 2267 2268 2292 2368 2411 31 62 132 209 221 241 271 297 324 332 342 343 359 369 390 394 427 429 434 436 446 458 463 472 494 507 521 532 535 580 581 595 624 651 656 664 668 716 727 731 806 936 961 973 976 1016 1019 1022 1070 1085 1095 1121 1133 1209 1240 1248 1284 1309 1336 1338 1350 1353 1380 1403 1408 1412 1418 1425 1431 1454 1476 1484 1485 1538 1550 1556 1593 1604 1661 1694 1711 1747 1763 1768 1816 1823 1840 1885 1931 1960 1961 1975 1978 1982 1993 2009 2010 2046 2052 2084 2123 2191 2222 2226 2227 2600 2799 2802 2776 2835 2836 2456 2936 2483 2951 2957 2967 2471 3016 3025 3030 2528 2561 3067 2735 2565 2618 3099 2595 2596 3106 3082 3125 3130 3155 2496 2660 2668 2673 2681 2695 2702 2759 3013 2740 3019 2763 
2746: 146 1239 2087 390 1338 1823 2330 46 3016 2010 2702 621 1188 472 550 2961 2748 3145 
2761: 146 993 2163 588 595 806 221 479 1823 2897 2095 2754 543 2802 2740 2803 232 184 2775 1064 2075 2660 
2800: 146 788 993 1266 2163 2305 29 1078 844 2434 31 356 357 554 1239 2142 2784 3115 2724 15 2300 179 416 2203 1238 2633 2921 959 355 663 2269 36 65 122 125 184 197 271 350 362 398 802 1050 1400 1552 1567 1571 1803 1804 1808 1960 2046 3124 3014 
2812: 146 2472 2020 31 554 576 586 588 592 595 1021 1239 1320 1799 2011 2227 3115 2443 3070 2695 15 1085 1885 177 2566 1240 1681 1238 3155 2932 1403 2012 855 2267 2313 2425 2507 2587 2648 2805 96 197 232 271 317 342 626 712 716 819 973 1001 1077 1166 1447 1565 1567 1571 1687 1688 1756 1803 1804 1810 1847 1883 1893 1977 2025 2094 2115 2171 2193 2954 3014 
2940: 146 3096 1950 1690 230 
2959: 146 480 671 904 993 2163 2593 384 574 1117 1252 2603 27 1078 139 399 563 711 844 1291 1297 1330 1479 1482 2076 2128 2626 2291 2891 2406 2246 107 138 160 161 162 166 169 438 449 469 493 537 561 595 607 634 705 786 806 853 902 930 1015 1115 1182 1239 1302 1312 1320 1359 1425 1764 1767 1825 1884 1906 2139 2227 2835 2248 2258 2259 2261 2268 2271 2272 2275 2282 2283 2289 2294 2319 2329 2335 2340 2346 2358 2365 2377 2392 2397 2401 2402 2412 2415 2421 2425 2433 2455 2456 2475 2481 2488 2498 2500 2502 2512 2514 2515 2519 2520 2536 2540 2543 2545 2547 2559 2561 2568 2575 2578 2589 2590 2596 2605 2612 2615 2617 2635 2639 2640 2641 2646 2654 2660 2683 2696 2704 2707 2712 2717 2725 2734 2754 2764 2768 2771 2774 2782 2783 2799 2804 2806 2809 2828 2830 2831 2833 2836 2840 2855 2865 2882 2895 2896 2897 2918 2927 2931 2947 2952 0 9 10 19 56 63 64 65 90 104 111 127 137 147 158 171 184 185 189 193 197 207 212 214 223 224 232 253 257 266 267 270 271 276 283 292 305 307 321 329 331 332 338 342 345 349 351 352 355 378 391 413 416 418 429 434 445 446 455 459 463 464 465 481 485 503 510 531 534 541 549 550 565 566 570 581 593 599 601 606 608 616 617 625 627 628 629 632 638 640 645 647 659 673 676 680 688 691 708 720 721 724 742 744 751 756 765 778 779 780 781 785 795 801 802 804 808 813 814 824 827 831 834 837 843 862 863 876 896 932 958 959 972 976 984 994 995 1009 1025 1033 1035 1043 1048 1050 1059 1067 1070 1073 1074 1077 1082 1084 1087 1103 1108 1109 1110 1121 1127 1128 1133 1134 1136 1137 1138 1147 1157 1158 1165 1168 1172 1181 1191 1195 1202 1206 1211 1219 1220 1225 1238 1257 1259 1260 1262 1265 1270 1272 1288 1292 1293 1294 1295 1303 1306 1315 1316 1322 1331 1343 1350 1364 1369 1372 1388 1398 1400 1403 1405 1413 1414 1428 1430 1434 1437 1438 1462 1472 1481 1490 1492 1504 1506 1511 1521 1527 1530 1538 1539 1541 1564 1568 1569 1574 1589 1596 1605 1622 1624 1633 1643 1648 1671 1672 1683 1685 1686 1687 1695 1701 1704 1712 1721 1729 1730 1749 1750 1754 1756 1757 1760 1771 1773 1777 1778 1793 1795 1801 1808 1813 1823 1831 1840 1841 1844 1850 1861 1862 1865 1867 1870 1888 1889 1895 1903 1909 1915 1931 1938 1939 1940 1942 1947 1960 1970 1981 1982 1997 1999 2010 2012 2016 2018 2030 2040 2044 2053 2056 2066 2069 2072 2098 2109 2111 2123 2127 2144 2169 2179 2202 2204 2205 2224 2235 3085 2961 2976 2982 2988 3001 3005 3014 3037 3046 3061 3074 3084 3094 3101 3102 3106 3120 3123 3130 3133 3134 3154 3156 3121 3139 
2971: 146 2163 2213 138 840 1133 1134 2184 643 953 1688 1481 3037 1856 472 1362 1738 1158 728 3080 767 
3005: 146 993 1549 1846 2163 2959 906 3096 2285 2472 399 711 931 1014 1253 1291 1445 1479 1482 1785 1896 2020 2076 2118 2128 2190 31 458 554 595 840 853 854 937 1015 1321 1425 1545 1816 2333 2466 2392 3157 2724 1891 2062 2126 289 1085 1484 2552 499 534 580 1002 1246 1453 2897 2843 2743 1870 2282 525 1240 2411 430 1639 2561 1551 1176 2808 2323 3120 2639 1290 2108 2218 959 643 1615 2802 2519 2377 2522 2274 46 2292 2308 2403 2432 2456 2495 2524 2536 2702 2714 2744 2765 2767 2770 2792 2825 2832 2840 2858 2896 2945 25 57 60 101 209 245 251 256 262 395 397 403 549 581 618 621 664 688 698 713 719 741 747 755 756 780 808 843 873 885 891 903 927 983 999 1070 1093 1111 1147 1199 1200 1205 1224 1234 1272 1318 1365 1370 1433 1446 1455 1466 1478 1486 1494 1611 1684 1797 1879 1886 1919 1988 2007 2010 2043 2046 2056 2119 2232 3026 3058 3156 3066 3097 3100 
3063: 146 480 788 993 1585 1586 1846 2305 2437 2973 1078 2245 1785 2211 2213 2267 2339 2359 2427 2428 2499 2500 2528 2534 2538 2561 2586 2595 2596 2623 2647 2673 2723 2739 2740 2772 2778 2780 2802 2803 2818 2833 2957 3008 3010 3039 3044 3050 3061 0 31 32 56 58 61 221 223 289 324 337 425 452 472 490 494 499 543 549 551 651 668 777 886 887 932 959 1095 1133 1229 1233 1243 1284 1317 1380 1444 1452 1536 1538 1552 1615 1619 1726 1757 1763 1793 1814 1936 1975 2038 2095 2156 3067 3127 3158 
3142: 146 671 2239 906 2340 2444 2479 2510 2543 2569 2618 2634 2794 2798 2807 2846 2951 3032 3052 3116 13 105 107 333 388 390 391 399 433 435 458 462 463 484 499 530 540 563 614 650 670 672 673 676 746 785 844 1014 1047 1053 1133 1152 1225 1235 1253 1291 1295 1298 1332 1376 1395 1434 1439 1484 1518 1662 1671 1707 1757 1765 1770 1782 1810 1877 1899 2021 2022 2046 2076 2088 2139 2157 2190 2236 
3145: 146 2746 399 1239 1321 2087 332 1453 3021 624 463 2095 184 2807 494 462 447 1188 2035 2220 2365 544 1200 1791 
3162: 146 840 1115 2009 2011 3085 2846 597 322 1403 2012 1538 663 584 1821 1483 1864 
1411: 146 498 1853 2698 1117 244 711 2190 2142 2466 3152 2695 1453 1855 1911 2085 2862 681 3128 2108 1526 355 564 713 1761 2478 2579 1958 2776 1053 1150 2054 941 3094 66 482 
1785: 146 480 501 993 1266 1585 1586 1846 2163 2629 2593 2437 3005 3063 477 3096 29 1117 1078 2245 139 151 404 435 484 487 619 844 1054 1253 1291 1482 2265 2267 2279 2300 2306 2353 2359 2368 2371 2403 2406 2427 2444 2461 2471 2494 2545 2566 2586 2596 2600 2601 2608 2611 2647 2651 2660 2673 2724 2739 2775 2776 2778 2779 2784 2791 2802 2803 2833 2875 2897 2898 2957 3010 3044 3050 3067 3086 3090 3106 3128 3144 3150 3157 26 31 32 37 40 76 82 180 196 204 205 228 232 239 241 245 283 289 296 324 365 367 368 390 413 425 427 456 458 461 462 463 479 481 507 529 534 535 543 559 581 584 589 595 597 607 624 641 651 668 677 710 727 751 777 789 803 806 808 837 840 841 885 891 898 932 937 945 953 959 968 969 980 1064 1077 1079 1133 1160 1181 1193 1229 1233 1331 1338 1341 1350 1372 1380 1408 1434 1451 1478 1481 1536 1538 1550 1563 1571 1577 1593 1604 1609 1619 1726 1731 1757 1763 1764 1767 1768 1781 2095 2017 1795 2118 1816 1892 2138 1906 1908 1931 2125 1961 1975 2213 1993 1985 2013 2035 2043 2084 1978 2179 2009 2046 2075 2162 2206 2082 2211 2226 2227 
1662: 146 1549 3142 2472 844 1253 1445 1900 2076 2190 2291 2628 2613 3022 315 458 658 746 1626 1816 2117 2444 3068 3157 2794 1484 3102 2249 179 332 499 1338 2451 2460 2495 2510 2521 2560 2561 2569 2577 2601 2641 2706 2717 2741 2798 2809 2957 3128 5 39 77 88 109 114 170 190 202 208 256 344 434 596 650 654 700 858 907 975 997 1094 1110 1156 1162 1164 1186 1221 1237 1255 1298 1337 1376 1400 1434 1551 1556 1621 1654 1773 1789 1810 1875 2129 2021 2022 2046 2108 2148 2157 2209 1707 2086 
524: 146 904 2163 2472 523 619 844 561 576 577 746 1151 1312 1825 2011 2443 1453 2368 2258 2179 525 2125 1576 2633 1403 2921 2386 2642 2866 3127 2010 611 1122 2017 1013 1927 898 653 654 1826 618 699 2231 1362 1773 
525: 146 904 2163 3005 524 2214 523 2128 2252 450 607 1151 1312 2322 1891 1453 2179 2294 2361 2447 2551 2633 2712 2747 2866 3111 3127 327 494 1245 1122 1310 1176 1576 1362 1773 
1683: 146 2959 1396 74 3086 2883 
283: 146 408 788 2163 2629 2625 2959 1785 1509 2213 2843 2282 3011 2012 2808 2624 1364 2541 2818 2820 186 189 1506 2056 1808 795 1566 809 557 1707 1483 
543: 146 671 993 1585 1586 1846 2305 2761 3063 1785 1078 931 1054 1291 2020 2118 2190 31 367 806 1321 1425 1959 2009 2834 3157 2739 546 479 1002 1133 1338 1823 1981 270 2156 2203 2346 463 2095 2561 239 2421 947 1538 3128 1526 959 980 337 1619 2267 355 541 2294 2340 2359 2367 2427 2499 2534 2538 2586 2596 2740 2744 2767 2776 2778 2802 2803 2869 2875 3010 3038 3044 3050 3056 3150 32 56 206 318 379 425 456 490 491 494 507 1757 754 1781 777 1805 789 1303 800 1310 808 1372 1380 1892 1392 1400 932 938 1975 2015 1017 1536 2051 1563 547 1070 1077 1079 2105 1726 581 1091 2112 584 2122 1615 1634 884 1144 1167 663 668 1699 1707 699 710 1233 1216 
2203: 146 788 1266 1585 1586 1846 2163 2593 2800 543 498 2251 469 1451 2134 2443 1133 1981 2442 2581 2776 2924 3027 3082 3132 64 581 646 653 699 754 969 1129 1219 1317 1406 1552 1672 1781 1808 1841 1892 2019 
678: 146 1266 1980 2649 1182 1978 2779 3157 1247 2633 461 197 445 646 494 1554 621 1707 1233 2776 1316 1400 3106 1672 2770 2762 1449 2577 781 
1188: 146 2305 2746 3145 906 1078 1239 1485 2087 624 1933 463 2095 2323 232 494 447 1052 2365 328 544 2093 1200 
193: 146 2959 1078 563 1291 138 1015 3115 1855 2855 599 1087 2377 2272 2456 2977 19 53 616 778 908 1480 1356 
2087: 146 904 2746 3145 1188 1117 2246 1239 2316 2399 2415 2681 202 945 1114 1125 1363 1370 1453 1462 1575 1707 1933 
1321: 146 480 671 904 1549 3005 3145 543 2285 1289 1078 711 844 931 1253 1291 1330 1445 1479 2649 2291 2246 107 226 324 333 530 561 595 745 746 786 840 937 1015 1214 1239 2253 2282 2316 2323 2400 2420 2447 2465 2470 2474 2481 2485 2540 2559 2561 2579 2601 2618 2702 2721 2724 2755 2767 2788 2807 2822 2831 2832 2925 2951 2955 3011 3085 3110 3115 3157 13 43 92 105 115 142 194 197 204 205 208 271 272 289 322 365 393 397 398 448 455 535 569 597 599 647 656 670 672 673 679 748 783 799 1053 1062 1076 1086 1136 1141 1163 1199 1247 1255 1276 1277 1756 1760 1755 1774 1331 1816 1596 1337 1428 1858 1870 1379 1390 1851 1434 1976 1485 2017 1512 2080 2085 1978 2010 2099 1611 1617 2148 2160 1682 2222 1715 2226 2227 2172 1746 
432: 146 671 904 993 1549 839 2987 1253 2649 1885 2420 393 535 841 1338 2037 2368 2419 1740 1870 1086 2125 1176 670 1336 1337 1538 1682 1777 2951 2447 3128 2540 2065 2294 2358 2673 168 516 1164 1612 2191 1200 456 585 1735 
310: 146 993 1586 2163 2593 1252 2100 578 1451 2924 1892 3059 2679 1821 2064 3132 1376 2762 1452 
1078: 146 408 480 501 671 788 904 993 1266 1585 1586 1846 2163 2629 2593 2305 2800 2959 3063 1785 543 1188 193 1321 3096 1252 2472 2973 2244 2251 2252 2254 2258 2265 2267 2268 2279 2300 2333 2340 2359 2381 2386 2400 2420 2427 2469 2484 2494 2499 2538 2561 2577 2581 2586 2594 2596 2600 2606 2607 2608 2618 2633 2670 2679 2681 2695 2702 2710 2723 2724 2739 2740 2752 2767 2776 2778 2780 2784 2802 2803 2810 2824 2833 2837 2851 2858 2881 2900 2908 2909 2910 2911 2912 2913 2914 2915 2916 2928 2932 2960 2992 3010 3044 3045 3050 3066 3067 3085 3093 3106 3107 3115 3119 3124 3126 3128 3129 3132 3144 3154 3157 3158 3160 28 31 32 37 40 46 56 58 69 70 92 96 97 98 102 105 107 122 138 154 156 158 171 175 184 191 197 206 212 232 255 270 271 272 273 279 289 296 321 333 337 343 346 355 363 366 398 399 425 440 461 462 463 487 490 491 507 514 520 540 541 542 544 546 547 549 554 561 564 568 581 584 586 595 597 599 601 611 621 624 634 644 646 663 668 694 700 710 733 745 746 754 773 777 783 793 809 825 867 881 928 931 932 948 969 971 980 988 990 1004 1014 1041 1052 1054 1064 1067 1069 1071 1073 1075 1077 1079 1082 1085 1091 1099 1111 1112 1114 1115 1120 1136 1139 1144 1151 1152 1165 1167 1168 1181 1193 1201 1221 1229 1233 1238 1239 1240 1246 1255 1258 2095 2097 1278 1297 1314 1315 1334 1341 1352 1363 1367 1378 1380 1400 1410 1422 1424 1425 1439 1449 1451 1452 1456 1465 1468 1470 1471 1474 1476 1478 2134 1516 1536 1538 1556 1563 1567 1571 1590 1594 1603 1615 1617 1619 1641 1653 1664 1699 1707 1708 1722 1726 1746 1747 1753 1756 1757 1760 1774 1781 1789 1795 1803 1804 1816 1821 1823 1841 1852 1866 1886 1892 1899 1933 1936 1939 1959 1975 1977 1980 2010 2015 2017 2028 2222 2031 2046 2051 2061 2063 2074 2082 2088 2099 2102 2107 2115 2118 2174 2179 2223 2227 2232 
447: 146 501 993 1586 1846 2593 2305 3145 1188 1330 1451 3157 1594 1823 2037 1950 309 2095 2924 1099 2311 980 1243 1726 1757 1892 2534 2802 2803 559 789 1331 1424 1332 425 2365 2371 2518 2883 2963 3132 84 1497 1498 544 770 1407 1536 549 1168 1041 1229 1052 1181 1821 1233 1751 
324: 146 480 671 904 1549 2437 3063 1785 1321 1426 523 484 931 1479 2076 2190 2246 3 17 2299 2323 2368 2444 2447 2470 2471 2474 2481 2490 2561 2601 2618 2647 2673 2724 2740 2822 2970 3021 3034 3066 3085 3110 3128 3133 11 43 53 105 177 197 208 1756 1247 1763 745 746 1767 1768 2010 1774 2017 1840 748 1858 840 841 1870 1372 1884 1379 1380 1390 1255 393 932 765 959 961 458 1484 472 479 2052 530 2090 561 1076 451 595 597 599 618 1664 1671 1176 670 1062 1199 2222 2226 2227 2232 1238 1239 
710: 146 993 2901 1785 543 1078 2973 595 658 1767 1971 2739 479 2545 1693 114 1538 959 980 2267 2268 2296 2321 2371 2422 2596 2740 2744 2802 2803 2833 2869 3106 56 58 130 242 528 1757 1892 2222 1563 1310 932 2123 1229 
837: 146 480 671 904 2959 1785 3096 2285 2472 399 711 931 1014 1253 1291 1297 1479 1482 1900 2076 2128 2190 2649 595 1115 1239 1485 1545 1816 2322 2466 2481 1855 2099 2897 92 204 1296 597 1465 2400 1099 1993 670 855 2951 643 1688 1733 1844 1845 2888 2371 2395 2403 2702 2744 2797 3037 57 60 209 222 228 256 395 549 594 618 673 800 2010 1772 1262 1263 1260 1898 1466 1468 1478 1481 1486 983 2046 1070 1093 
840: 146 480 904 1266 2971 3005 3162 1785 1321 324 901 906 1149 1853 3096 2285 1289 1599 2472 139 399 435 487 619 805 844 848 879 931 1014 1253 1291 1297 1479 1482 1979 1980 2076 2118 2128 2168 2190 2649 2607 2555 2246 17 31 107 167 226 246 315 333 450 469 474 493 554 561 577 589 595 634 705 745 746 806 2282 2294 2308 2322 2330 2333 2386 2392 2400 2403 2411 2412 2466 2470 2471 2488 2513 2514 2519 2536 2551 2552 2561 2563 2608 2615 2618 2636 2637 2645 2688 2695 2696 2702 2710 2748 2752 2755 2765 2770 2777 2780 2797 2807 2822 2826 2832 2833 2864 2869 2888 2897 2932 2949 2955 2992 2994 3011 3014 3016 3017 3066 3075 3085 3086 3097 3098 3100 3115 3125 3129 3155 3156 3157 11 32 36 37 43 46 57 85 105 122 143 177 184 185 208 209 212 222 241 245 256 271 272 318 363 366 395 398 422 434 461 462 463 467 471 486 494 499 536 549 564 571 582 591 594 597 599 601 605 610 611 620 624 626 643 653 666 670 673 677 712 722 727 735 753 780 783 785 795 832 841 854 855 867 897 902 903 913 930 937 960 973 982 983 988 991 999 1006 1015 1046 1058 1070 1086 1090 1093 1094 1097 1111 1133 1147 1150 1059 1199 1204 1205 1214 1220 1234 1238 1239 1247 1255 1287 1296 1300 1312 1340 1344 1379 1410 1424 1425 1446 1447 1450 1455 1465 1466 1468 1476 1478 1484 1486 1492 1502 1525 1545 1566 1589 1617 1621 1637 1639 1640 1145 1688 1702 1709 1714 1733 1745 1756 1760 1774 1789 1797 1816 1821 1841 1845 1847 1851 1852 1856 1880 1887 1889 1933 1934 1939 1943 1977 1988 2010 2017 2042 2043 2046 2054 2062 2069 2075 2090 2097 2099 2115 2126 2129 2137 2139 2160 2162 2164 2166 2179 2202 2212 2226 2227 2232 
205: 146 408 993 1266 1785 1321 29 1117 139 404 487 844 1253 1291 1979 1980 2076 2857 31 226 469 586 588 592 595 651 745 853 1019 1239 1312 1408 1515 1588 1774 1906 2227 2784 3115 2835 3085 3157 2755 2248 2262 2277 2346 2368 2420 2421 2439 2478 2553 2561 2630 2633 2647 2670 2728 2740 2754 2776 2833 2908 2909 2910 2911 2912 2913 2914 2915 2916 2961 3021 3055 3124 3151 92 99 147 184 187 197 204 1756 228 232 271 795 1316 1319 541 1332 1338 624 610 1366 863 1372 755 1378 887 1396 1400 1407 390 1920 1421 913 1017 1428 1465 1982 461 462 463 2010 1205 1556 1053 1575 1073 1468 1076 601 1133 1222 1141 641 645 646 2179 1164 1682 2232 723 727 218 1238 
1481: 146 788 993 2959 2971 1785 837 2285 29 563 711 931 1014 1253 1291 1479 1482 1980 2076 2128 2190 595 806 1312 1545 2009 2333 2466 3067 3152 2126 1855 2897 2601 1288 2786 597 2400 1292 959 643 1563 1757 2803 2403 2452 2608 2702 2765 2823 2840 2869 3037 3045 128 209 342 549 688 747 915 983 1070 1093 1293 1478 2010 1504 2123 2043 2046 1921 2209 1988 2204 1707 2121 
1482: 146 904 2959 3005 1785 837 840 1481 2285 2245 81 139 435 805 931 1014 1253 1291 1330 2258 2282 2339 2346 2466 2702 2792 2826 2832 2897 2932 3031 3033 3052 104 204 209 379 458 549 571 595 597 643 902 983 1070 1082 1093 1295 1331 1421 1637 2010 2227 1764 2142 2156 2158 2159 2046 1664 1545 2190 2076 1593 2062 1681 1705 2168 1591 2118 1970 2126 2218 
2123: 146 2437 2959 710 1481 2214 2020 2211 2213 2606 367 588 595 1816 1671 1133 1134 2897 597 2125 2686 1952 584 1070 1074 875 2171 1309 529 2647 3122 19 508 510 1082 1278 
1239: 146 480 671 904 993 1266 1706 2287 2746 2800 2812 2959 3145 1188 2087 1321 1078 324 837 840 205 2285 574 839 1117 2472 1469 139 399 844 879 931 1014 1253 1297 1479 2076 2190 2857 3009 2606 2246 333 356 367 561 595 607 705 745 806 933 991 1015 1019 1021 1151 2248 2255 2274 2282 2290 2294 2352 2358 2368 2373 2385 2386 2403 2404 2411 2412 2419 2420 2444 2447 2454 2470 2471 2474 2479 2481 2491 2540 2544 2561 2583 2586 2589 2609 2618 2637 2673 2678 2684 2692 2724 2737 2739 2775 2794 2810 2826 2846 2855 2864 2895 2921 2951 2980 2988 3085 3110 3115 3120 3128 3152 7 43 58 91 103 105 158 172 179 194 197 202 204 208 289 391 412 413 440 445 461 462 463 476 535 541 547 597 599 600 606 611 618 621 639 643 654 670 672 673 676 677 721 748 782 783 801 823 825 841 855 867 878 881 882 903 988 1020 1040 1062 1076 1094 1111 1122 1133 1153 1158 1164 1176 1202 1238 1240 1756 1247 1256 2010 1774 1777 2012 1799 1761 1506 1816 1821 1423 1836 1336 1337 1338 1851 1870 1362 1368 1888 1379 1395 1913 1403 1255 1934 1948 2041 2191 1977 1981 1485 1793 2011 1502 2017 2222 1885 1534 1545 1538 2095 1590 1912 1682 1390 2035 1906 1400 1670 1310 1726 1588 1537 1705 1707 2226 2227 2231 1729 1731 
2251: 408 671 1549 1706 2203 1078 2285 2245 81 435 540 848 1291 1297 1334 1445 1448 2076 2118 2190 2405 2291 2628 2607 92 174 177 202 204 212 221 313 315 358 367 460 486 562 596 679 825 867 886 933 934 1062 1071 1133 1151 1163 1232 1267 1296 1298 1453 1472 1693 1696 1701 1705 1740 1816 1870 1901 1950 2033 2117 2156 2160 2169 2174 2282 2809 2814 2837 2330 2855 2346 2862 2356 2406 2419 2947 2716 2489 3075 2566 2581 2601 2717 2736 2794 2252 2254 
2346: 408 1706 2959 543 205 1482 2251 2214 1123 2459 619 805 844 931 1297 1334 1445 1896 1980 2118 2405 2555 315 589 806 933 937 2322 2835 2444 3152 546 11 1133 2037 3119 174 867 1740 1870 2809 2290 2344 43 49 65 104 150 208 227 292 364 527 551 618 620 682 719 763 800 976 1070 1074 1090 1237 1272 1317 1336 1428 1569 1573 1575 1580 1591 1611 1617 1641 1733 1753 1760 1775 1800 1821 1845 1854 1857 1898 1931 1934 1954 1960 1977 2776 2351 2432 2951 2452 2467 2465 2988 2598 3011 3042 3052 3159 2404 2663 2707 2738 2767 
2353: 408 993 1785 29 1286 681 959 2540 1310 2452 1391 
2408: 408 671 904 993 575 1297 2076 83 356 578 806 1746 2142 1891 15 1885 2420 2249 11 369 390 416 535 825 841 1453 2323 2368 43 88 137 354 461 516 609 636 845 859 883 903 1090 1219 1247 1288 1295 1296 1298 1337 1362 1403 1421 1427 1429 1538 1682 1821 1905 2151 2775 2421 2951 2710 2713 2460 2540 2807 2743 2648 
2443: 408 2812 524 2203 2987 844 1253 2190 2246 356 576 577 1991 2396 2420 24 109 136 221 289 335 451 814 884 1286 1336 1376 1466 1609 1707 1770 1821 1870 1875 1910 2070 2126 2653 2796 2799 2574 3085 2452 2466 3030 2730 2988 3125 2762 3132 2889 3144 2641 
2519: 408 2959 3005 840 29 27 2459 399 711 844 580 88 597 1757 2269 1090 2379 2517 46 252 268 328 394 436 494 500 628 726 857 895 1310 1543 1554 1569 1589 1765 1954 2035 2054 2127 3159 2540 2881 2570 2673 2961 2840 2829 
2714: 408 480 671 1549 3005 29 1514 2322 2724 2794 15 289 221 2037 1950 1851 1145 681 2447 1292 1757 1914 362 2329 2471 2950 2869 
2766: 408 671 399 563 1291 2246 87 315 705 854 2444 2452 2627 11 101 111 189 323 398 664 670 855 1154 1175 1286 1292 1338 1478 1490 1575 1609 1747 1770 1847 1876 2201 2921 2951 
2822: 408 480 671 904 1549 1321 324 840 144 1426 2190 333 530 745 746 786 853 1746 2139 2227 2322 2481 2392 3085 3157 2724 1671 1891 2520 825 2258 1062 2253 105 448 597 783 1086 1247 1255 1465 1851 1976 2125 2400 2561 2323 82 119 219 391 422 559 670 1053 1141 1176 1336 1760 1858 1881 2224 2228 2955 
2833: 408 1549 2959 3063 1785 1078 710 840 205 844 1253 2606 31 423 458 3085 2724 546 624 1933 204 2311 980 1563 1757 2268 2470 2471 2476 2681 122 132 184 271 528 1106 1220 2166 
2851: 408 1585 1586 1078 15 309 670 2001 
2898: 408 1785 2213 588 204 2983 959 1919 228 1910 
3144: 408 993 1785 1078 2443 880 356 357 578 1451 2142 2095 2786 1389 114 1538 959 1975 559 2713 2806 362 2592 
82: 408 1785 2822 1117 2987 1469 484 3 2255 179 390 841 1338 1855 2368 2855 1681 430 2451 2460 2540 2706 2713 2745 2829 2976 3079 3113 1124 2145 1398 1822 1924 1932 413 1824 170 172 180 1587 702 402 1089 1351 
88: 408 993 1662 2408 2519 2214 1252 484 848 1014 1297 1896 2118 2252 554 578 810 1015 1906 2142 2444 2392 15 1484 11 221 499 1133 1134 2273 2345 2391 2517 62 101 2017 1518 1519 1520 895 643 899 1226 1543 865 1292 1293 614 1295 1318 433 1589 443 961 1090 1219 1590 461 462 463 1898 232 344 732 
132: 408 2437 2833 839 1123 1253 1297 450 595 1906 2695 179 1133 2897 2368 2407 1851 1336 1682 643 1892 2957 1220 180 1617 649 1434 2706 702 1630 2673 1316 1074 2588 2148 756 1435 172 1221 1735 
136: 408 2443 2285 484 356 357 2142 2739 2282 2740 261 350 1914 2953 2592 2908 109 351 362 1641 1400 2232 
143: 408 840 589 1816 202 562 1770 1051 
201: 408 29 2987 356 357 1015 2142 2581 1176 353 261 350 2953 1707 2969 2476 726 1597 
204: 408 993 1266 1785 1321 837 205 1482 1239 2251 2833 2898 2285 29 1117 2472 1469 484 487 844 1291 1514 1979 1980 2020 31 226 315 469 493 530 561 586 588 592 651 745 746 1019 1214 1408 1515 1705 1774 1906 2006 2227 3115 3085 2618 3157 2755 2769 15 2420 390 1133 1134 1338 2368 2179 92 2421 2480 2538 2561 2577 2615 2641 2647 2660 2673 2760 2776 2894 2922 2932 2939 2961 3121 3124 46 96 99 105 122 184 187 1760 232 208 1255 1777 1789 1279 271 272 1316 1319 1331 1851 610 1366 863 1372 755 1380 1400 1405 395 422 1465 461 462 463 2002 2010 1017 1053 1569 1612 597 1617 601 2131 611 618 1141 641 643 646 960 1682 677 1749 
208: 408 480 671 904 993 1549 1662 1321 324 840 1239 2346 204 384 1117 2987 619 711 1253 1297 2626 2891 561 595 745 1774 2006 2227 3115 3085 2618 2724 2739 1891 221 332 825 1453 2037 2258 212 1062 1296 1298 1701 2716 3061 105 597 599 1247 1851 2053 2125 2561 1156 1176 2323 850 2308 2470 2474 2515 2540 2589 2641 2681 2754 2767 2797 2802 2807 2925 2950 3015 3081 3156 43 57 66 71 89 103 137 197 1756 1327 2010 1076 1800 1290 1845 857 1882 1375 1379 1390 1405 1927 412 424 425 1473 461 988 2017 494 1459 2043 1037 548 2093 2113 2129 1629 673 1186 681 2222 2224 1205 2226 1719 220 
292: 408 2959 2346 458 1465 1793 220 1618 476 
298: 408 480 1706 2214 1253 367 658 3125 212 2951 699 2829 3039 2068 1478 
350: 408 671 2800 136 201 29 574 1117 2459 749 2190 3 315 1404 1906 2006 2794 1885 2300 2420 460 596 1870 1286 2786 3011 1678 2951 3041 2848 2663 2894 2271 2347 2451 2452 2462 2514 2574 2796 2988 3042 3079 3132 22 109 231 335 1050 352 505 511 519 868 1812 1912 2083 1317 1832 451 1641 1432 1648 1358 1875 
351: 408 671 2959 136 2459 749 844 1330 2190 3 315 1705 1906 2006 2436 1870 1286 2786 1678 2663 1331 231 1770 1875 1556 519 1050 109 1775 2988 3042 511 2574 3132 2451 1912 1812 451 1218 
352: 408 2959 350 574 2987 705 2300 2420 1286 2323 2799 2350 330 
356: 408 671 904 2800 1239 2408 2443 3144 136 201 29 574 1117 2603 2987 2539 27 2459 749 844 2190 2246 3 87 315 2271 2316 2323 2347 2350 2364 2396 2420 2451 2452 2460 2462 2514 2540 2574 2592 2653 2663 2673 2713 2786 2796 2799 2829 2889 2893 2951 2988 3019 3042 3079 3125 3132 24 48 101 102 109 125 231 330 335 1765 1770 1286 798 1309 806 1832 1842 1847 1338 843 1358 1870 854 855 1875 1876 868 1892 1905 1906 889 2207 1427 1429 415 416 1954 1451 1466 451 1478 505 511 2139 519 1541 1376 1050 1572 576 578 596 2126 2142 1641 623 1648 1154 1678 1175 670 1698 1912 705 1222 2006 1748 1237 
357: 408 904 2800 3144 136 201 29 574 1117 2603 2987 2539 849 2459 749 844 1291 2190 2246 3 87 315 2271 2290 2316 2323 2347 2364 2420 2436 2447 2451 2452 2460 2462 2466 2514 2540 2558 2574 2653 2663 2713 2762 2786 2796 2799 2829 2893 2951 2988 3011 3034 3042 3079 3132 22 24 101 109 122 231 335 1765 1770 1775 1286 1292 1304 1309 1832 814 1336 1338 841 843 1358 1870 1432 1885 868 363 1903 1905 1906 1924 1427 1429 415 1954 1466 451 1875 460 469 1625 505 511 519 1541 1376 1050 1572 589 596 1641 623 1648 1670 1678 1912 705 2006 1237 
402: 408 82 839 1117 1469 1514 15 1885 179 841 1002 1133 2368 1087 413 1285 232 1090 2289 2396 2992 3014 3121 2145 1000 1407 1409 2054 1955 857 
1252: 408 2959 310 1078 88 2241 29 2292 2365 2407 2479 2665 2762 2775 2798 2951 2976 3159 42 114 221 228 232 289 328 372 398 399 461 462 463 600 617 806 947 1012 1014 1015 1090 1225 1883 1888 1765 1770 1672 1286 2054 1484 2118 1954 1440 1253 1461 2090 1589 2226 1590 1810 1513 1514 1740 
1253: 408 480 501 993 1266 1549 1706 2437 3005 3142 1785 1662 1321 432 837 840 205 1481 1482 1239 2443 2833 132 208 298 1252 477 1475 1853 2285 2698 2214 574 2603 2472 27 2245 81 151 244 399 435 487 540 619 711 805 844 848 879 931 1014 1072 2246 2248 2249 2252 2255 2263 2271 2282 2294 2299 2304 2322 2323 2330 2331 2333 2342 2351 2352 2368 2369 2370 2373 2392 2402 2405 2406 2407 2411 2412 2420 2444 2446 2447 2451 2466 2478 2479 2486 2489 2495 2503 2523 2540 2549 2555 2557 2561 2563 2569 2577 2581 2601 2607 2613 2618 2624 2628 2633 2641 2663 2672 2678 2681 2692 2702 2703 2710 2712 2716 2717 2730 2755 2758 2776 2783 2788 2792 2809 2835 2836 2843 2845 2846 2854 2855 2856 2857 2863 2884 2896 2900 2921 2932 2950 2951 2960 2964 2981 2988 2992 2997 3000 3002 3011 3018 3023 3029 3033 3034 3035 3042 3068 3085 3088 3090 3100 3110 3113 3115 3119 3120 3123 3124 3125 3143 3152 3157 3 5 13 15 25 31 46 50 76 78 86 92 101 103 105 107 122 137 155 156 177 184 197 198 202 212 238 252 271 275 276 315 322 328 340 349 354 363 366 367 372 380 390 411 426 428 430 433 445 450 457 458 461 463 471 483 499 507 529 530 532 561 564 571 577 589 595 596 597 605 610 612 618 623 624 646 647 672 673 676 679 684 705 735 741 745 746 786 801 810 811 816 817 831 843 855 863 867 876 903 913 921 922 930 933 934 937 944 947 951 975 983 997 999 1002 1013 1015 1016 1019 1021 1026 1053 1087 1093 1099 1136 1142 1151 1152 1154 1156 1175 1199 1200 1201 1213 1214 1225 1228 1232 1234 1238 1240 1242 1245 1247 1255 1258 1263 1288 1290 1291 1292 1293 1295 1296 1297 1310 1311 1312 1317 1330 1332 1334 1338 1342 1369 1372 1375 1405 1408 1416 1428 1434 1437 1445 1454 1465 1466 1472 1473 1479 1484 1485 1510 1518 2139 1554 1617 1618 1625 1634 1637 1640 1654 1671 1705 1707 1713 2170 1726 1735 1740 2175 1756 1757 1758 1761 1763 1767 1771 1774 1781 1810 1816 1822 1838 1839 1854 1866 1870 1891 1900 1901 1905 1906 1913 1924 1959 1960 1971 1976 1977 1979 1980 1981 1982 1993 1994 2004 2006 2010 2020 2021 2032 2035 2042 2061 2068 2083 2088 2091 2097 2106 2108 2115 2118 2148 2156 2162 2164 2169 2174 2185 2190 2197 2213 2227 2229 
1255: 408 480 671 904 1549 2287 1662 1321 1078 324 840 1239 2822 204 1253 1149 2285 1426 1117 2817 619 1297 1330 2190 2555 17 333 423 450 530 588 745 746 786 1746 1774 1949 2006 2784 2795 3115 2356 2834 2481 2392 3085 2618 3157 2724 2696 2755 1852 1891 15 289 332 825 2080 2258 338 92 1901 1950 2282 2809 2581 463 943 1286 2253 105 448 597 672 783 1023 1086 1087 1202 1247 2290 2299 2338 2370 2400 2464 2467 2483 2561 2616 2712 2721 2826 2881 2932 2948 2949 2955 3002 3015 3097 3110 3126 43 71 119 137 145 203 211 322 364 391 397 454 455 598 610 616 647 670 673 676 741 773 795 823 874 876 1018 1053 1171 1176 1219 1249 1754 1756 2093 1259 1331 1819 1337 1836 1851 1841 1858 1563 1352 1694 1424 1356 1976 2034 2035 1544 2045 1292 1465 1568 2090 1281 1682 2202 2231 2235 
1269: 408 2285 2472 1291 2009 289 221 1002 1981 2407 241 2282 1288 2464 2624 3128 232 2957 1220 2706 2748 2760 2854 2888 106 472 903 1008 1221 1293 1434 1821 1735 
775: 408 477 29 2794 289 416 1296 2581 1286 1681 1777 1954 2035 2452 1400 2442 2210 1965 
1291: 408 480 904 993 1549 1706 2287 2959 3005 3142 1785 543 193 1321 837 840 205 1481 1482 2251 2766 204 357 1253 1269 1475 1599 2245 404 435 484 487 540 711 844 2246 2274 2291 2351 2356 2392 2411 2428 2439 2444 2481 2483 2496 2543 2546 2549 2561 2592 2610 2633 2665 2671 2683 2692 2696 2710 2712 2724 2759 2763 2765 2769 2775 2826 2831 2832 2847 2848 2858 2862 2865 2894 2897 2936 2951 2988 3022 3033 3034 3041 3071 3085 3102 3121 3 15 19 60 64 87 109 133 164 177 196 202 221 226 232 271 272 326 359 367 379 390 417 421 429 433 434 499 529 534 544 549 580 586 588 592 594 595 597 616 629 646 654 664 677 719 746 748 763 773 806 912 933 944 967 977 981 995 997 1002 1010 1015 1017 1037 1040 1050 1053 1069 1074 1094 1098 1133 1210 1221 1270 1282 2174 1778 1756 1671 1789 1816 1821 1823 1836 1425 1330 1845 1338 1851 1346 1870 1387 1408 1647 1694 1407 1437 1438 1950 1447 1977 1980 1478 1479 2007 1368 2020 2035 2046 1375 1550 1891 2088 2148 1590 1617 1618 2070 2131 1626 1545 1637 2029 2160 2076 1310 1908 2190 1684 2209 1705 2224 1312 1405 1726 1740 1409 1749 
1296: 408 480 1706 1846 837 840 2251 2408 208 1253 775 29 1123 98 151 244 435 540 563 711 848 1054 1297 1334 1896 1979 1980 2076 2118 2190 2405 2291 3090 2628 2555 2891 3 107 589 592 607 745 806 930 1015 1705 1746 1816 1906 2006 2322 2392 2696 1671 546 1484 1640 390 499 1002 1133 1453 1981 2099 2318 460 1071 2277 2323 2342 2367 2371 2452 2521 2540 2615 2645 2654 2717 2767 2824 2829 2884 2922 2983 2994 3033 3045 3110 3113 3116 3127 3155 5 93 103 109 117 276 319 360 397 424 448 472 548 549 560 564 581 599 608 611 618 646 694 708 709 719 794 800 896 900 974 1047 1166 1184 1197 1206 1224 1286 1293 1295 1784 1789 1793 1298 1822 1824 1833 1325 1797 1332 1865 1368 1380 1385 1898 1400 1407 1428 1954 1948 1963 1459 1460 1362 1519 1520 1560 1574 1575 1592 2154 1990 2162 1518 1698 2209 1702 
1297: 408 1706 2959 1078 837 840 1239 2251 2346 2408 88 132 208 1253 1255 1296 2285 29 1123 1469 2245 151 244 435 540 563 711 848 2277 2283 2291 2322 2342 2356 2392 2394 2405 2444 2450 2452 2454 2469 2540 2555 2559 2569 2601 2618 2628 2633 2696 2702 2767 2775 2824 2829 2835 2863 2884 2891 2922 2951 3011 3012 3090 3110 3116 3127 3157 3 5 12 31 53 101 109 117 190 202 245 256 276 289 302 318 319 346 390 397 421 424 434 458 460 499 503 520 546 548 560 564 581 583 589 607 608 618 646 670 705 708 709 756 794 800 806 808 826 843 855 926 1002 1004 1011 1015 1133 1139 1156 1184 1197 1205 1206 1224 1234 1286 1293 1295 1761 1789 1793 1803 1298 1816 1309 1823 1559 1833 1332 1333 1339 1941 1888 1891 1896 1906 1400 2117 1407 2190 1428 1429 2078 1954 1449 1617 1459 1980 1981 1471 1480 2010 1510 1797 1520 2049 1547 2077 1571 1574 2091 2118 1898 1621 1640 1642 1647 1479 2076 2165 1822 1518 1484 1713 1334 1748 
799: 408 1321 315 458 561 806 3157 624 1933 313 1870 2855 1286 2411 1099 2061 571 601 2389 2964 2888 2920 874 2679 1199 1803 2412 2559 1804 915 1567 1571 1606 1235 
800: 408 543 837 2346 1296 1297 1117 1123 3077 1469 2459 118 2118 3 138 595 806 1015 1816 1825 1906 2084 390 499 1002 1595 2368 3119 2318 1298 2633 114 1213 947 1421 1777 355 541 1914 3110 1789 1920 2540 3127 1440 1184 1332 2296 2316 2352 2467 2558 2648 2776 2829 2963 2985 3027 3037 3116 93 117 157 240 366 406 418 472 505 549 581 701 1752 1295 802 1314 808 1835 1849 1854 877 1921 984 2014 1518 1519 1527 1070 1109 2137 1680 2219 
1316: 408 993 2959 678 205 132 204 1469 1054 1979 1980 2076 31 2420 499 1133 1134 1981 2419 2633 2421 1682 643 2422 649 646 1241 7 2487 32 1985 2137 2337 2681 2933 94 680 739 1150 
1318: 408 993 3005 88 29 1816 3115 2126 1286 77 1165 2540 1954 2722 2309 2425 2452 2829 5 108 265 276 452 505 727 860 2008 1433 1766 1386 2048 1931 1570 1831 1355 
1334: 408 671 1706 1078 2251 2346 1253 1296 1297 29 2472 27 2245 81 435 540 711 848 2246 2252 2254 2267 2291 2330 2356 2368 2405 2406 2447 2489 2566 2601 2607 2628 2716 2717 2736 2837 2855 2862 2863 3016 43 92 174 177 202 221 302 313 315 367 458 460 469 486 493 679 867 933 934 1062 1133 1151 1163 1267 1298 1816 1870 1885 1901 1950 1445 1448 1472 1473 2035 2076 1896 2117 2118 2152 2156 2160 2169 2174 2190 1693 1701 1705 1713 1740 
839: 408 993 1846 432 1239 132 402 2241 2368 2419 2459 2460 2573 2706 2713 2799 2806 2875 2957 3115 3128 7 15 65 170 172 179 180 197 390 412 577 595 597 702 1050 1757 1377 1634 1924 1002 880 1777 841 1019 1021 1285 1440 1933 1682 1434 1869 1712 1912 2226 2100 1469 1735 1103 1238 
844: 408 480 1706 2800 2959 3142 1785 1662 524 1321 840 205 1239 2346 2443 2519 2833 204 351 356 357 1253 1291 29 574 2472 2459 2245 244 435 563 805 2255 2258 2271 2299 2342 2351 2365 2379 2400 2402 2405 2424 2439 2444 2478 2495 2503 2518 2540 2561 2579 2581 2601 2618 2692 2712 2720 2740 2755 2775 2803 2806 2835 2843 2846 2862 2882 2884 2888 2921 2950 2951 2964 2981 3002 3011 3018 3035 3042 3043 3048 3058 3090 3094 3097 3106 3121 3134 3152 3157 5 11 12 15 17 78 101 107 111 138 170 177 194 197 231 245 315 349 353 354 363 364 397 445 458 472 499 530 534 577 578 589 594 595 597 623 670 672 673 677 684 727 746 798 801 803 811 843 1242 2176 1689 2010 1133 1757 1795 1288 1760 1292 1804 997 1312 1424 1845 1851 1428 1941 1385 879 1905 1396 1914 1099 1014 1221 931 919 1429 930 1870 1960 1534 1220 1476 1479 1072 1485 988 1880 999 1803 1090 1517 1372 2035 1015 1016 2139 2142 2009 1293 1640 2076 1567 1571 2085 2078 1076 2118 1898 1617 1116 1678 2148 1134 1136 2162 1702 1150 2174 1162 1593 926 1484 1687 1013 1698 1491 1152 1732 1233 975 
848: 408 671 1706 840 2251 88 1253 1296 1297 1334 29 2245 435 2252 2254 2330 2339 2405 2406 2607 2716 2856 92 202 221 313 486 1901 886 1151 2190 933 1693 1062 1445 1448 1705 1592 1593 2118 1232 
1390: 408 993 2163 1321 324 1239 208 561 595 745 1774 2227 3085 2618 2419 3021 1870 105 597 599 1247 2561 272 2017 1372 1768 559 197 271 1174 2010 2226 676 7 2818 1310 1379 2470 1756 2324 2360 2474 2705 2751 2958 2968 3014 3066 72 539 602 641 883 929 1076 1119 1357 1656 2066 2221 2222 
1400: 408 993 1266 2800 2959 1662 543 678 1078 205 1239 136 204 775 1296 1297 29 1917 2539 935 1469 484 1514 1896 2606 745 1320 1451 3157 2755 1085 2420 221 416 1298 2837 2581 309 3061 1465 3155 114 2175 1364 1908 2061 1380 1975 1520 232 559 2927 2710 1098 231 197 1016 1875 3160 2679 549 877 3037 2025 3058 520 815 1295 1050 1862 1857 753 1237 2452 895 2394 1905 2364 2397 2456 2657 2658 2925 2994 3106 56 73 342 516 637 695 725 823 969 1037 1043 1067 1113 1143 1357 1660 2216 
1914: 408 671 2714 136 800 844 118 749 2190 3 705 1451 1906 2006 2481 2794 390 1338 2846 174 1870 1286 2201 3030 2786 672 2323 670 1678 2663 2231 2271 2347 2451 2452 2462 2574 2796 2988 3042 3079 3132 109 451 505 857 868 1050 1556 1707 1770 1812 1861 1875 1912 
1407: 408 447 205 402 1291 1296 1297 29 2020 806 1408 15 289 617 624 1298 2489 1286 1288 2323 1993 3159 2308 2389 494 1332 7 581 101 296 1017 1293 1295 1893 1518 2035 1409 1743 
899: 408 88 29 435 2213 589 3125 1981 358 2274 2882 2960 101 1954 1556 
1409: 408 402 1291 1407 619 2020 806 1408 15 179 221 1288 2323 77 2515 42 3159 2308 266 748 811 1047 2090 1332 7 581 2394 2401 2565 2896 2931 6 123 142 547 656 753 778 859 969 1017 1293 1758 1778 2035 1686 1464 1926 
1949: 408 671 1549 1706 2287 1255 2285 1289 29 1117 2817 1469 1208 1330 1979 2020 2555 2246 367 423 746 1115 1705 1746 2282 2290 2323 2338 2356 2400 2464 2471 2483 2488 2540 2552 2561 2618 2688 2696 2724 2779 2794 2809 2826 2862 2948 3015 3033 3059 3085 3093 3126 43 71 119 122 133 231 326 364 397 610 616 676 677 782 783 874 876 1018 1040 1062 1082 1171 1199 1290 1331 1344 1352 1356 1395 1424 1456 1497 1538 1539 1544 1568 1651 1660 1694 1753 1754 1760 1819 1837 1851 1852 1858 1870 1901 1950 1995 2010 2034 2035 2080 2090 2045 2202 
1950: 408 671 1549 2287 2940 447 2251 2714 1255 1291 1334 1949 29 880 2817 435 2555 2406 423 1746 2356 3085 2618 2724 2696 1852 15 393 2080 1062 2290 2338 2400 2464 2483 2488 2540 2561 2702 2809 2826 2862 2948 2976 3015 3023 3033 3093 3126 43 71 112 119 228 364 397 581 610 616 676 677 783 874 876 1018 1171 1181 1199 1249 1286 1331 1352 1356 1539 1544 1568 1645 1694 1754 1760 1819 1851 1858 1954 1995 2034 2035 2045 2088 2090 2129 2202 
1960: 408 993 1266 2437 2800 2959 2346 1253 844 806 1978 2126 15 1823 1367 1768 3019 2807 1770 2292 101 122 316 1219 1672 
959: 408 501 1266 1585 1586 1846 2629 2305 2800 2959 3005 3063 1785 543 324 710 1481 2353 2898 3144 3096 29 1117 2973 484 793 2213 31 595 806 1767 1816 1959 1978 2084 3067 3157 2724 2739 2794 617 1885 479 841 1823 3021 1740 2601 943 2095 2633 1538 3128 2265 2267 2279 2427 2461 2469 2493 2494 2524 2534 2538 2596 2611 2660 2673 2729 2767 2775 2957 2961 3014 3050 3106 3107 3129 3132 28 46 56 76 79 228 271 346 368 491 528 529 541 544 564 581 584 585 668 777 898 932 945 1768 1075 1781 2017 1000 1091 1892 1929 1434 1466 980 990 1795 2051 2075 1064 1077 1079 1474 1120 968 1563 1165 1181 1699 2222 1720 1757 1726 1220 1233 
1469: 408 480 904 1266 1239 82 204 402 1297 800 1316 839 1400 1949 2214 1117 2244 2255 2258 2291 2311 2322 2368 2419 2421 2434 2459 2518 2545 2596 2618 2626 2633 2654 2799 2806 2875 2897 2908 2950 2951 2974 3115 3116 3128 3151 3152 5 15 31 32 83 97 114 157 158 170 172 179 197 349 390 428 430 461 479 502 516 556 592 595 597 618 631 643 649 705 739 746 781 808 825 841 845 920 926 1012 1019 1021 1044 1089 1145 1164 1198 1199 1216 1238 1240 1336 1338 1376 1440 1777 1796 1933 1891 1906 1934 1967 1969 1981 2017 1514 1518 1519 1802 2145 1622 2151 1682 1734 1913 
1981: 408 993 1706 2959 543 2203 1239 1253 1269 1296 1297 1316 899 1469 498 563 711 931 1054 1479 1941 1979 1980 2020 2076 2118 2649 2291 2628 458 806 1485 1545 1816 1884 2009 2863 2466 2637 3157 2126 2420 2249 179 479 534 1133 1823 2337 2340 2407 2422 2456 2463 2510 2545 2569 2601 2633 2673 2697 2706 2743 2748 2776 2858 2957 3002 3128 32 63 232 241 252 428 434 441 455 472 507 643 646 649 654 719 727 781 845 893 903 980 1013 1053 1114 1164 1195 1220 1263 1352 1363 1434 1476 1478 1538 1556 1563 1593 1617 1631 1638 1654 1660 1664 1672 1713 1735 1747 1763 1781 1821 1824 1874 1920 1977 1985 1993 2035 2045 2077 2078 2137 
1484: 408 501 1706 2437 3005 3142 1662 324 840 88 1252 1253 1296 1297 844 29 435 711 931 2020 2118 2190 2213 107 589 1705 2134 2392 2126 2248 15 2368 2403 2411 2486 2577 2624 2663 2783 2846 3104 5 57 70 390 499 623 670 843 921 943 1087 1130 1238 1294 1770 1634 2148 1905 2035 1781 1839 1554 1740 
1489: 408 29 595 705 1286 670 855 2540 1954 2829 1775 2452 
1881: 408 2822 29 139 595 1015 177 1071 599 1176 600 2083 1026 838 265 36 1865 1620 
1513: 408 1252 29 1117 2100 2190 595 1019 1485 1515 2834 15 1301 2846 2407 1870 1777 541 1193 1220 1186 1733 1845 1977 1241 2675 1374 2825 903 1012 1630 1377 1847 2574 831 2512 2689 2952 52 228 747 
1518: 408 480 1706 3142 88 1253 1296 1297 800 1407 1469 29 1123 118 711 1559 2020 2118 367 578 589 806 854 1705 1825 2863 3152 1891 1885 1133 1298 1286 2633 1793 1777 1617 1920 2540 1954 3127 2659 1332 2775 2428 1333 2829 1335 109 1550 1854 2452 645 739 3043 117 345 808 1519 2219 1813 
1519: 408 88 1296 800 1469 1518 29 1123 118 212 1298 1286 1013 1520 1920 2540 64 1954 3127 2659 2829 1295 2752 109 1854 2452 926 117 2219 
2035: 408 501 2593 3145 1785 1239 2519 1253 1255 775 1291 1334 844 1407 1409 1949 1950 1981 1484 1289 487 1014 1330 2405 315 449 1015 1019 1408 1746 2009 2227 2795 2444 2356 2481 3157 3152 1852 1246 92 1163 309 677 1240 783 1465 1851 2400 2932 1593 2323 2017 2034 2345 1688 973 1463 1544 2615 2226 2702 773 2090 2483 2338 2556 2889 1836 626 1052 2075 815 1992 2383 1094 2365 2517 2656 2797 2883 101 330 360 457 725 735 742 817 976 1498 1589 1758 1773 1848 1995 
2045: 408 671 1549 2287 1255 1949 1950 1981 1149 1509 1426 2817 2607 2555 3022 226 423 577 578 657 1715 1746 1774 2356 2618 3157 2724 2696 1852 1891 2794 393 499 2080 202 1062 2809 1286 783 1465 1851 2400 2932 2464 77 1336 1568 2034 610 814 231 71 364 1171 1352 1544 2290 3126 2948 2702 1954 119 397 616 676 874 876 1018 1356 1694 1754 1819 2338 2358 2470 2474 2483 2694 2776 2826 2832 3015 3156 13 59 233 251 1040 1216 1249 1590 2090 2202 2232 
1050: 408 2800 2959 350 351 356 357 1291 839 1400 1914 575 29 2100 484 576 577 2142 2696 841 1133 1298 2156 1286 1681 3011 440 570 1099 2808 2323 413 1892 261 2540 1924 3035 1954 1490 2806 1184 1609 2829 2452 2992 22 
2076: 408 480 1706 2959 3005 3142 1662 324 837 840 205 1481 1482 1239 2251 2408 1291 1296 1297 1316 1334 844 1981 477 1853 1289 29 2116 2245 139 151 435 484 540 563 711 931 1479 1896 1900 1979 1980 2020 2252 2254 2291 2292 2293 2368 2387 2392 2400 2406 2420 2433 2444 2456 2458 2479 2487 2500 2558 2569 2577 2581 2601 2606 2615 2626 2628 2633 2638 2665 2724 2735 2754 2755 2780 2835 2836 2847 2856 2857 2881 2882 2884 2896 2900 2951 2960 2992 3022 3073 3086 3106 3110 3155 11 31 125 129 154 155 156 164 179 197 212 313 366 367 426 433 434 458 460 479 499 526 532 583 589 595 597 608 646 649 666 781 786 795 836 937 975 997 1207 1298 1374 1379 1425 1433 1523 1524 1556 1654 1713 1714 1730 1763 1789 1795 1816 1865 1874 1879 1934 1943 1977 2010 2012 2034 2174 2117 2078 2118 2160 2190 2204 2209 2236 2172 
1059: 408 2901 2959 840 29 399 1014 595 854 1302 15 534 825 2419 2258 467 398 736 1928 1924 
1589: 408 671 2959 840 2519 88 1252 2035 29 1479 1514 1979 806 1764 2392 289 977 624 463 1286 1753 2924 1176 681 1090 3159 391 2967 2684 2679 1310 3074 436 2332 1333 276 1455 2375 2452 2495 2517 2658 2681 3018 3121 443 500 895 1480 1569 2054 1810 1854 
578: 408 904 310 2408 3144 88 356 844 1518 2045 575 29 574 1117 2100 2459 711 2190 2291 2246 315 2323 2396 2451 2452 2460 2540 2601 2713 2724 2799 2829 2951 2965 3042 3104 3132 289 330 338 354 451 519 999 1775 609 1906 1541 1286 1015 1298 1362 1429 1434 1309 1310 1954 1572 1338 1847 705 1089 2083 1870 2006 1905 
1089: 408 993 82 1469 578 29 1286 2540 1310 2452 214 1391 1735 808 
1618: 408 671 292 1253 1291 1289 27 2190 1312 2006 1671 1726 615 811 673 2660 941 2495 2564 3045 3147 476 1902 
1117: 408 2959 1411 1785 2087 205 1239 82 204 208 350 356 357 402 1255 800 1949 959 1469 1513 578 575 901 2241 880 2244 2249 2255 2258 2311 2312 2367 2368 2392 2396 2400 2412 2419 2421 2444 2459 2460 2470 2472 2534 2540 2556 2561 2563 2587 2596 2695 2712 2713 2739 2743 2748 2752 2769 2776 2799 2806 2834 2846 2855 2875 2897 2921 2976 3011 3014 3058 3059 3065 3068 3079 3115 3127 3128 3152 3 23 65 83 114 155 167 170 172 173 179 197 216 228 233 246 261 276 315 332 359 390 392 399 412 430 440 450 474 479 487 493 494 512 548 576 577 586 588 592 611 618 620 626 634 643 649 670 680 702 739 745 779 792 795 808 809 825 841 878 879 881 898 900 902 903 926 937 941 947 951 954 988 991 1000 1002 1015 1016 1018 1019 1021 1070 1074 1086 1103 1214 1777 1133 2012 1512 1799 1801 1822 1312 1824 1679 1425 1440 1855 1301 1858 1379 1896 1906 1912 1403 1933 2039 1434 1954 1410 1734 1978 1537 1490 1499 2011 1191 2030 1702 2139 1290 1802 2009 1563 1596 2084 1892 2093 2097 1609 2142 2127 1622 1123 2143 2151 2153 1646 1967 1151 2162 1164 1166 1569 1681 1682 2121 1688 1708 1195 1707 1198 2227 1731 1238 
2142: 408 671 904 2800 1411 1482 2408 3144 88 136 201 356 844 1050 1117 29 574 2987 2539 2459 435 749 1439 1479 2118 2190 2291 2246 3 87 315 589 705 806 1906 2006 2271 2316 2323 2347 2364 2396 2420 2444 2451 2452 2460 2462 2466 2514 2540 2549 2574 2627 2653 2663 2686 2713 2762 2786 2796 2799 2829 2835 2843 2889 2893 2895 2927 2951 2988 3042 3079 3132 24 43 101 109 125 174 179 231 335 349 354 415 416 445 451 505 511 519 596 609 623 750 843 855 868 1201 1219 1237 1258 1286 1304 1309 1338 1358 1376 1427 1432 1434 1466 1533 1534 1541 1572 1641 1648 1678 1765 1770 1775 1832 1847 1870 1875 1885 1894 1905 1912 1954 1993 2049 2085 2196 2201 2226 
1641: 408 1078 2346 136 350 356 357 2142 2118 577 2420 261 2344 3132 1237 1842 
640: 408 2959 595 2835 2545 2452 2836 
2210: 408 671 775 2023 451 
2213: 408 671 993 1266 1706 2971 3063 1785 283 2123 2898 1253 899 959 1484 27 2245 139 399 879 931 1014 1054 2211 2268 2269 2282 2291 2294 2296 2329 2334 2351 2372 2389 2392 2403 2419 2439 2452 2498 2524 2528 2545 2546 2566 2601 2611 2628 2631 2645 2673 2681 2705 2710 2748 2752 2759 2763 2770 2794 2802 2810 2835 2836 2858 2951 2961 2966 2974 3013 3014 3016 3025 3045 3085 3154 3155 15 31 77 101 115 128 221 241 270 322 392 398 427 429 433 434 472 507 561 595 597 599 607 629 659 664 719 723 727 795 806 867 895 942 973 994 1008 1070 1098 1126 1159 1185 1240 1248 1283 1292 1336 1350 1369 1370 1433 1467 1483 1504 1507 1545 1550 1551 1593 1661 1679 1711 1713 1760 1779 1789 1795 1810 1861 1874 1877 1880 1886 1962 1993 2009 2010 2029 2044 2052 2057 2072 2084 2099 2147 2179 2191 2200 2204 2218 2226 
1707: 408 993 3142 1662 283 543 678 2087 1078 1481 1239 2443 201 1253 1914 1117 2603 2987 2472 81 435 540 619 879 1979 173 588 589 607 806 1021 1816 289 2300 390 416 499 534 841 1002 1133 1134 1301 2368 202 2033 597 2808 2323 611 1336 1013 2345 1220 197 1617 2424 1770 1702 2083 2294 801 1332 2374 2442 2463 2487 2524 2578 2745 2827 3106 258 433 451 845 884 932 945 1216 1510 1691 2172 1865 
1735: 408 671 993 432 132 1253 1269 839 1981 1089 537 2009 179 241 412 3128 2957 1434 2706 425 2025 453 2748 472 2425 2917 110 382 637 1168 
1408: 408 2287 2437 1785 205 204 1253 1291 1407 1409 2035 2214 1514 2020 2246 657 806 2308 2375 2384 2420 2495 2540 2654 2683 2710 3115 3159 7 15 179 228 289 397 472 494 581 617 753 859 1002 1017 1047 1133 1288 1332 1346 2143 1926 1807 1432 1823 1615 1461 2002 2106 1490 
2246: 480 1706 2959 2087 1321 324 840 1239 2443 2766 356 357 1253 1291 1334 1949 578 2142 1408 711 2020 2118 3 17 31 83 87 107 138 160 161 162 166 167 169 173 226 246 315 333 367 392 423 438 449 450 458 469 474 493 530 537 554 561 576 577 586 588 589 592 595 607 634 651 657 658 705 745 746 786 792 806 810 853 854 902 930 933 937 991 1015 1019 1021 1104 1115 1151 1182 1214 1287 1302 1312 1320 1359 1404 1410 1418 1425 1451 1485 1515 1545 1588 1626 1646 1705 1715 1725 1742 1746 1759 1764 1767 1774 1799 1816 1825 1884 1906 1959 1971 1978 1991 2006 2009 2011 2039 2084 2097 2117 2134 2138 2139 2198 2227 2779 2784 2795 2810 3115 2863 2322 2835 2334 2444 2785 2356 2934 2333 2436 2834 2450 2466 2634 2979 2380 2481 2392 3067 3068 3070 2568 3085 2312 2599 3125 2618 3136 2635 2636 2637 3157 2414 2724 2696 3152 2677 2255 2739 2695 2755 2247 2250 2769 
2270: 480 2287 880 1852 15 221 1911 2080 2809 2398 783 2955 1568 1840 2184 2370 43 203 219 610 1005 1331 2155 2231 2813 2326 2377 
2290: 480 671 1549 2287 1239 2346 357 1255 1949 1950 2045 2285 1426 2817 2472 1014 2555 423 595 1418 1588 1746 1774 1906 2011 2356 2481 3085 2618 3157 2724 2696 2755 1852 1891 221 393 2080 212 1062 1870 2282 2809 2814 463 677 1240 783 1851 2400 2932 2464 1403 1793 2175 2885 2323 611 670 1306 1568 1678 2017 2034 2224 43 610 2231 71 364 999 1171 1352 1544 1733 1977 119 194 391 397 429 604 616 676 874 876 995 1018 1356 1440 1694 1754 1819 1836 2090 2202 2826 2338 2712 2948 2949 2483 3015 3149 2589 3126 
2291: 480 993 2959 1662 1321 2251 1291 1296 1297 1334 1469 1981 2076 578 2142 2213 2245 139 151 435 484 879 931 1896 1900 1979 1980 2020 2118 2211 2523 2252 46 64 129 138 158 177 216 232 434 437 499 532 545 600 634 646 647 893 967 975 1019 1080 1184 1207 1236 1241 1245 1298 1312 1336 1415 1425 1523 1533 1664 1702 1714 1855 1877 1901 1911 1963 1982 2077 2078 2083 2134 2160 2174 2771 2293 2315 2847 2368 2882 2884 2387 2392 2951 2960 2967 2479 3022 3026 2651 2601 2608 2628 2633 2659 2702 2758 2768 
2298: 480 595 3115 393 2368 177 359 2856 1556 
2368: 480 671 1266 2437 1785 524 432 324 205 1239 2408 82 132 204 402 1253 800 1334 839 1469 1484 2076 1117 1707 2291 2298 1599 2116 118 244 435 563 619 1014 1900 2628 31 83 586 588 592 595 806 937 1019 1115 1485 1764 1767 1978 3115 2618 2420 2249 11 179 369 390 841 1133 1338 1823 2897 2311 68 101 105 197 212 232 272 413 430 542 597 618 670 680 768 845 855 926 1026 1040 1045 1164 1190 1198 1238 1240 1292 1329 1336 1337 1339 1364 1377 1434 1440 1575 1615 1682 1749 1768 1777 1821 1824 1847 1869 1888 1933 1940 1977 2151 2825 2951 2419 2452 2460 2633 2513 3128 2654 2690 2743 
2400: 480 671 904 1549 1846 2287 1321 1078 837 840 1481 2822 1255 844 1949 1950 2035 2045 2076 1117 2290 477 1149 3096 2285 2817 435 487 1330 1479 2190 2555 17 107 226 333 423 469 530 745 746 786 806 1214 1588 1746 1774 3115 2356 2481 3085 2618 3157 2724 2696 2755 1852 1891 15 2420 221 393 535 2080 2258 241 338 624 92 1062 1693 1870 2282 2809 2862 2566 2253 105 430 448 597 672 783 1023 1086 1247 1465 1851 1976 2235 2338 43 71 119 171 275 364 391 397 398 422 429 497 529 610 616 647 670 673 676 698 773 874 876 950 1011 1018 1053 1070 1088 1130 1136 1141 1171 1176 1199 1248 1259 1276 1292 1337 1343 1352 1356 1522 1532 1544 1568 1617 1682 1694 1754 1795 1819 1840 1919 1977 2034 2090 2202 2826 2713 2540 2932 2948 2951 2955 2464 2483 2502 2504 3015 2616 2561 2615 3126 3011 2721 
2405: 480 671 1549 1706 2251 2346 1253 1296 1297 1334 844 848 2035 2285 27 2245 81 435 484 540 563 711 931 1054 1439 1445 1448 1896 2118 2190 2523 2252 2254 2281 2329 2330 2356 43 64 92 104 177 202 206 212 245 302 303 305 313 315 367 433 458 460 479 486 493 499 589 654 717 806 886 933 1042 1053 1062 1110 1151 1162 1163 1176 1240 1242 1247 1267 1298 1337 1430 1465 1472 1473 1485 1502 1548 1550 1556 1604 1621 1654 1660 1693 1696 1705 1713 1816 1845 1870 1901 2033 2057 2077 2117 2152 2156 2158 2160 2856 2786 3033 2678 2881 2884 2908 2406 2411 2922 3052 2628 2444 2955 2447 2489 3016 3022 3048 2561 2601 2607 2618 2716 2758 2768 
2406: 480 671 1706 2959 1785 2251 1253 1334 848 1950 2076 2405 2245 81 399 435 540 711 931 1014 1445 1448 1896 2118 2190 2607 2252 2254 2330 2356 15 43 64 92 174 202 313 315 346 347 367 398 429 486 586 589 624 654 679 783 795 867 884 933 934 1133 1151 1163 1232 1472 1588 1672 1693 1705 1713 1740 1884 1901 1911 1971 2056 2117 2156 2158 2160 2169 2174 2201 2208 2786 3033 2855 2900 2716 2717 3030 2545 2566 2601 3152 2678 2688 2964 2736 
2419: 480 993 1266 432 1239 2251 1316 839 1390 1469 1059 1117 2213 2368 29 2472 2459 399 619 1014 2190 2211 2606 17 31 586 588 592 595 1015 1019 1021 1115 1302 1774 1906 2134 2784 2810 3115 2333 15 2249 390 825 841 1002 1338 2897 2258 2320 2396 46 96 103 122 184 197 232 271 272 387 394 461 462 463 597 618 644 645 649 801 862 948 964 969 994 1073 1132 1164 1195 1238 1314 1378 1394 1455 1565 1619 1716 1756 1789 1841 1928 1933 1977 2010 2064 2137 2162 2232 2846 2908 2909 2910 2911 2913 2914 2915 2916 2421 2452 2992 2487 2578 3021 2540 3051 2565 2912 3120 2670 2713 
2444: 480 1706 3142 1785 1662 324 1239 2346 2766 88 1253 1291 1297 844 2035 2076 1117 2142 2246 2405 2472 244 435 495 496 711 793 931 1900 1979 1980 2118 2190 315 367 392 458 589 595 705 806 902 937 1015 1418 1485 1705 1759 1816 1906 2117 2138 2863 2255 2258 2414 2436 11 195 196 202 276 403 479 504 597 801 1002 1040 1080 1099 1159 1279 1310 1314 1459 1538 1596 1648 1726 1827 1885 1891 1969 2920 2951 2983 3034 2556 3067 3159 2743 3152 2724 2712 2716 2769 
2450: 480 1706 1297 2246 711 933 1151 1705 202 499 617 670 672 673 1232 1473 1593 1851 2172 2197 2678 2566 2717 2846 2895 
2465: 480 1321 2346 2472 435 2118 2466 1671 15 546 460 1240 1534 891 1698 2432 2889 2767 2775 1310 1365 2172 1272 1611 2467 57 238 319 1224 1328 2570 3131 
2472: 480 671 904 1266 1549 2812 3005 1662 524 1078 837 840 1239 204 1253 1269 1334 844 1117 1707 2290 2419 2444 2465 2214 2241 384 2603 2987 2249 2258 2266 2289 2299 2308 2312 2323 2329 2333 2334 2373 2430 2434 2439 2454 2455 2471 32 48 87 92 96 101 105 116 156 157 159 177 197 232 246 299 305 322 339 340 393 399 416 458 461 462 463 469 471 484 513 519 523 530 541 551 595 597 599 618 619 620 643 647 653 670 672 735 741 745 746 754 795 798 810 812 823 829 855 867 878 928 933 947 957 973 974 1015 1019 1034 1040 1043 1048 1063 1064 1071 1110 1114 1115 1127 1128 1133 1153 1159 1176 1199 1208 1240 1247 1292 1309 1313 1320 1336 1337 1338 1395 1431 1433 1435 1478 1479 1527 1529 1545 1560 1566 1588 1672 1678 1679 1749 1753 1767 1774 1775 1778 1827 1847 1855 1870 1885 1889 1891 1905 1906 1965 1977 1979 1980 1993 2006 2010 2011 2012 2059 2090 2125 2126 2129 2139 2190 2227 2787 2794 3029 2807 3016 2983 2631 2858 2897 2921 2724 2925 2798 2767 2478 2479 2497 2503 2506 3066 3006 2524 2481 3042 3070 2540 2561 3054 2565 3084 2581 2739 3111 2608 2606 3160 2624 3085 2640 3152 3157 2651 2660 2667 2669 2673 2702 2996 2730 3102 2745 3115 2752 2754 2485 2769 
2488: 480 671 2959 840 1949 1950 2285 1214 2481 2392 3085 535 2037 338 1870 2282 2862 2581 677 1176 670 1534 2447 1757 43 1760 397 616 741 1249 1539 1995 3093 3033 
2506: 480 671 904 2472 2649 1015 3115 3085 672 670 985 43 673 2776 2829 2343 1669 
2513: 480 671 904 1549 840 2368 2459 1979 554 1359 2724 1891 2126 1315 1793 670 1421 3128 1430 713 2807 2713 1664 673 2776 1053 1362 2565 1190 2441 780 834 838 889 994 1206 1838 
2541: 480 2163 283 3075 2323 1396 801 1945 2745 1398 
2561: 480 671 904 1266 1549 1706 2437 2959 3005 3063 1662 543 1321 1078 324 840 205 1239 2822 204 208 1253 1255 1291 844 1390 1949 1950 1117 2400 2405 2472 1149 2285 1289 1123 151 399 619 879 931 1072 1330 1445 1479 2020 2118 2190 3 17 31 107 315 333 530 561 588 595 745 746 786 933 937 1015 1021 1115 1287 1312 1425 1485 1705 1746 1764 1767 1774 1978 2039 2117 2227 2784 3115 2481 3068 3070 3085 3125 2618 2635 2724 2755 1891 15 221 499 535 1002 1133 1823 2099 2897 2843 338 2179 92 867 1163 1696 2282 1240 2253 105 430 448 597 599 672 783 1086 1247 1851 1976 2053 2125 2262 2281 2299 2308 2323 2397 2439 2470 2474 2478 2479 2507 2559 32 43 57 96 142 164 197 209 242 272 285 328 359 364 397 422 445 451 461 497 514 569 618 653 670 676 743 748 795 811 873 878 907 1018 1053 1076 1121 1130 1141 1162 1176 1200 1216 1276 1277 1323 1379 1424 1428 1462 1463 1522 1534 1538 1593 1653 1682 1702 1756 1760 1768 1770 1777 1778 1800 1847 1858 1887 1995 2010 2017 2077 2094 2184 2222 2226 2228 2232 2949 2925 2579 2951 2955 2964 3025 2771 2591 2609 2602 2615 2681 2682 2686 2702 2712 2908 2740 
2615: 480 671 904 1549 2959 840 204 1296 2035 2076 2400 2561 1149 2285 711 1014 1330 806 1019 1774 2785 2481 3085 2618 3157 2724 3152 2755 1891 15 1085 1885 535 580 2085 2282 2862 322 2323 611 670 2951 43 359 2579 2310 2471 2502 2504 22 112 330 417 422 472 529 647 673 883 944 1130 1552 1702 1716 2797 2681 
2618: 480 671 904 1549 1706 1846 2287 2437 3142 1321 1078 324 840 1239 204 208 1253 1255 1297 844 1390 1949 1950 1469 2045 2246 2290 2368 2400 2405 2561 2615 1149 2285 1426 2817 435 487 1330 1900 2118 2628 2555 3 367 423 469 561 588 595 745 806 902 1705 1746 1764 1767 1774 1816 1978 2227 2795 3115 2835 2356 2481 2392 3085 2282 2338 2430 2464 2470 2474 2483 2540 2578 15 43 59 71 105 119 133 185 197 221 222 313 322 335 364 391 393 397 429 456 463 535 546 597 599 610 616 670 672 673 676 677 783 785 831 874 876 882 1018 1062 1076 1133 1171 1176 1199 1247 1295 1343 1352 1356 1367 1379 1428 1503 1520 1532 1538 1544 1568 1682 1694 1754 1756 1768 1812 1819 1836 1851 1852 1858 1870 1908 1970 1976 1977 2010 2017 2034 2037 2080 2090 2175 2202 2222 2226 2231 2809 2826 2846 2955 2932 2948 2949 2755 3002 2724 3015 3110 3126 3157 2696 2697 
2633: 480 993 1549 1706 1846 2800 524 525 678 1078 205 1253 1291 1297 800 1316 959 1469 1981 1518 2076 2291 2368 484 931 1054 1330 1448 1479 1979 1980 2118 2649 3090 2628 2606 31 367 458 589 1425 1545 1816 2198 2863 3152 1594 2126 1085 369 479 499 580 1002 1133 1338 1823 624 2601 2254 430 599 2768 2267 2337 2340 2447 2463 2502 2510 13 57 63 64 101 123 269 300 321 359 395 425 433 434 441 455 461 507 518 520 643 645 646 649 654 719 727 739 967 980 1018 1120 1126 1164 1184 1195 1220 1323 1352 1363 1427 1434 1476 1480 1529 1538 1563 1625 1638 1660 1713 1747 1754 1768 1779 1789 1817 1854 1874 1880 1931 2070 2072 2077 2137 2189 2204 2209 2801 2825 2847 3151 2840 2858 2900 2927 2929 2951 2961 3004 3140 3002 2645 2765 
2670: 480 671 904 1549 1706 1078 205 2419 2118 2190 2613 933 1151 1214 1312 2322 2724 1891 1885 2420 92 174 867 2489 2201 1176 1793 2185 3128 43 64 1502 2083 206 2369 2564 2148 2188 3029 2939 
2673: 480 993 2437 3063 1785 432 324 1239 2519 132 204 356 959 1981 2213 2472 1426 2214 29 2459 399 619 711 931 1979 1980 2211 2857 458 588 595 1015 1021 1451 1764 1767 1906 1978 3115 2392 2739 15 1085 2420 221 1038 1133 1134 1595 2037 2057 2099 2897 2407 2566 2601 463 597 599 1247 2421 2323 461 1428 643 1380 2740 1768 232 46 364 2856 1924 2713 975 1982 462 1256 2679 2460 549 777 932 1181 1329 618 3151 2470 1985 468 638 2374 2452 2647 318 385 456 508 620 889 915 1043 1077 1150 1195 1294 1366 1543 1781 1801 1983 2191 2858 2938 2954 2765 
2677: 480 2246 1289 2497 2554 2631 23 168 353 362 1153 
2688: 480 671 1549 840 1949 2406 399 487 2356 2755 1671 221 393 1062 1472 1870 463 1288 783 2955 2175 2447 918 1331 2231 364 3126 145 773 874 876 1047 1199 1841 3066 137 142 1147 1152 1159 1293 1547 3092 3003 
2696: 480 671 1549 2287 2959 840 1255 1291 1296 1297 1949 1950 2045 1050 2246 2290 2400 2618 2817 711 1330 2555 423 1214 1705 1746 1774 3115 2835 2356 3157 2724 2338 2417 2464 2483 2668 15 43 71 92 101 119 145 209 364 393 397 416 610 616 670 672 673 676 773 783 855 874 876 913 1018 1062 1171 1199 1249 1295 1298 1331 1350 1352 1356 1520 1544 1568 1671 1694 1754 1819 1851 1852 1870 2034 2080 2090 2202 2231 2807 2809 2826 2829 2951 2948 3015 3116 3126 
2710: 480 1846 1078 840 2408 1253 1291 1400 2213 1408 435 619 2211 2606 2555 31 315 806 1182 1425 1746 2117 2779 3115 2835 3085 2755 15 1640 2846 2407 2174 2282 463 1288 3155 2932 1993 2983 461 1336 1568 2036 2641 1292 272 1013 1757 2269 1090 2294 2316 2317 2430 2521 2565 2608 2679 32 101 112 273 334 335 391 394 424 443 500 548 616 639 666 703 741 823 913 1051 1094 1114 1293 1294 1332 1333 1468 1554 1556 1567 1691 1702 1749 1751 1770 1789 1804 1808 1845 1847 1943 1958 2075 2129 2136 2225 2840 2888 2925 2992 3014 3059 3066 3081 3106 3122 
2755: 480 671 904 2287 1321 840 205 204 1253 1255 844 1400 2076 2246 2290 2400 2561 2615 2618 2688 2710 1149 2285 1426 487 1330 2555 107 333 469 530 745 786 806 1588 1746 1774 2356 2481 3085 3157 2724 2282 2330 2338 2374 2420 2464 2502 2504 2515 2602 2609 2702 15 32 43 77 105 119 145 168 185 221 231 272 313 364 391 397 413 429 463 479 529 535 596 610 670 676 677 783 823 867 883 898 1037 1062 1088 1130 1136 1141 1176 1276 1290 1331 1336 1337 1356 1465 1522 1568 1682 1836 1845 1851 1858 1888 2017 2037 2057 2175 2231 2809 2814 2826 2862 2897 2932 2949 2951 3108 3110 3126 
2770: 480 993 3005 678 840 2213 2835 2466 2407 358 601 2010 7 1645 362 875 1802 3023 2451 186 983 1226 1354 3079 
2773: 480 1038 2057 2921 670 2424 2507 2295 51 72 198 199 472 473 932 1183 1598 1781 1801 2776 3013 
2784: 480 671 904 1549 1706 2800 1785 1078 205 1255 2246 2419 2561 435 931 1900 2118 2190 2628 2613 2619 588 589 933 937 1151 1214 1312 2322 2369 2420 2447 2489 2564 2716 2734 2752 43 64 92 206 393 422 748 795 867 943 1046 1053 1062 1176 1199 1654 1761 1770 1793 1870 1885 1891 1961 2148 3026 3029 3128 2939 2855 2888 3108 3115 2843 
2808: 480 3005 283 1050 1707 575 1509 574 880 1123 879 577 1799 2011 3157 2255 15 221 2407 1240 3011 322 440 878 881 1099 1395 1729 1793 2921 2385 156 227 718 951 1226 
2814: 480 671 904 1266 1549 2287 2251 2290 2755 2285 151 487 1445 1514 1896 2118 226 937 1774 2039 2356 3085 2724 1891 2520 1600 393 867 1062 1870 2282 2447 2601 43 180 364 391 670 673 676 773 1199 1290 1396 1522 1568 1654 1704 1733 1836 1840 1851 1921 2095 2175 3086 3126 2829 3006 
2835: 480 2437 2959 205 2346 1253 1297 844 2076 2142 640 2213 2246 2618 2696 2710 2770 27 2459 711 1014 1054 1479 1979 1980 2128 2211 2628 2891 458 595 806 1015 1978 2006 2249 2267 2294 2344 2351 2356 2379 2402 2403 2420 2422 2460 2487 2509 2538 2557 2565 2578 2601 2624 2660 2713 2730 2775 2824 2825 2829 11 13 15 64 101 104 106 121 165 179 195 245 278 326 369 417 422 433 507 532 534 580 629 643 644 649 654 656 664 680 726 732 841 845 903 965 989 1025 1043 1069 1070 1094 1133 1134 1147 1175 1195 1203 1209 1292 1295 1310 1332 1333 1336 1337 1370 1424 1438 1497 1504 1528 1533 1551 1556 1563 1621 1634 1664 1713 1732 1757 1768 1807 1810 1851 1855 1883 1885 1958 1977 2010 2029 2037 2046 2099 2164 2235 2837 2884 2922 2943 2951 3012 3039 3080 3127 3122 
2845: 480 1706 1253 1479 2118 458 705 937 2134 2333 393 2846 596 2566 599 672 1403 1617 2964 673 1199 2197 57 223 
2846: 480 671 1549 1706 3142 3162 1239 1253 844 1914 1484 1513 1117 2419 2450 2618 2710 2845 906 2285 484 711 1479 2118 2190 2555 107 333 367 530 537 705 746 806 854 933 1151 1705 2006 2139 3115 2322 2466 2392 3085 1891 2420 3102 2249 221 369 535 841 1453 2037 2282 2308 2323 2349 2369 2379 2447 2525 2569 2681 2712 2743 2780 2797 2807 2826 43 57 101 105 129 196 202 234 313 320 391 417 429 445 462 463 591 600 621 628 670 672 673 748 785 867 895 898 914 934 960 995 1046 1053 1062 1225 1310 1329 1368 1427 1478 1502 1534 1535 1538 1576 1604 1625 1702 1869 1870 1925 2012 2028 2130 2175 2197 2202 2209 3035 2855 3156 2988 3032 3039 3095 2964 
2855: 480 671 1706 2959 193 1239 2251 82 1253 799 1334 1117 2406 2784 2846 151 435 563 879 2118 367 589 595 786 853 933 1015 1115 1151 1705 1816 3115 2322 1671 1891 15 546 499 841 2545 2330 3075 92 202 313 679 867 934 1163 1472 1740 1870 1901 2169 2174 2349 2352 2373 2447 2581 2678 2692 2717 2736 2756 2768 2807 2841 43 180 195 227 346 398 556 597 621 652 670 672 673 843 941 1012 1094 1145 1156 1272 1286 1288 1331 1340 1447 1698 1761 1817 1850 1908 1913 1934 1973 2175 2185 2900 3055 2988 3153 
2879: 480 2968 1480 1657 1008 550 
2881: 480 671 1078 2519 1255 2076 2405 931 2555 810 2481 3085 393 1246 2080 1062 1901 2955 670 1840 2447 43 2478 507 3042 
2904: 480 2321 
2908: 480 671 904 1549 1706 1078 205 136 1469 2405 2419 2561 901 906 2190 2613 902 933 1151 1705 2724 1891 1885 2420 2843 92 174 867 2716 2489 943 2201 1793 3128 43 2888 1181 1053 2752 2369 3029 2564 2896 1654 2148 2208 2939 
2909: 480 671 904 1549 1706 1078 205 2419 2190 2613 2724 1891 1885 2420 92 867 2489 1176 1793 3128 43 2369 3029 2564 2148 2939 
2910: 480 671 904 1549 1706 1078 205 2419 2190 2613 2724 1891 1885 2420 92 867 2489 1793 3128 43 411 2369 3029 2564 2148 2939 
2911: 480 671 904 1549 1706 1078 205 2419 2190 2613 2724 1891 1885 2420 92 867 2489 1793 3128 43 2369 3029 2564 2148 2939 
2912: 480 671 904 1549 1706 1078 205 2419 2190 2613 2724 1891 1885 2420 92 867 2489 1176 1793 3128 43 391 995 2294 2369 2564 2148 3029 2939 
2913: 480 671 904 1549 1706 1078 205 2419 2190 2613 937 2724 1891 1885 2420 92 867 2489 1793 3128 43 2369 3029 2564 2148 2939 
2914: 480 671 904 1549 1706 1078 205 2419 2190 2613 2724 1891 1885 2420 221 92 867 2489 1176 1793 3128 43 2369 3029 2564 2148 2939 
2915: 480 671 1549 1706 1078 205 2419 2190 2613 2724 1891 1885 2420 3075 92 867 2489 1793 3128 43 2369 3029 2564 2148 2939 
2916: 480 671 904 1549 1706 1078 205 2419 2190 2613 2724 1891 1885 2420 92 867 2489 1793 3128 43 2369 3029 2564 2148 2939 
2927: 480 2959 1400 2142 2633 435 1979 1980 1451 2634 3085 15 332 1940 597 2269 2302 5 103 601 699 1114 1181 1977 2077 2162 2992 
2932: 480 671 904 993 1549 2812 1078 840 1482 204 1253 1255 2035 2045 2290 2400 2618 2710 2755 1149 2285 1289 1426 711 2555 333 530 607 745 746 1320 1746 1774 3115 2356 3085 3157 2724 1891 825 2037 2080 2258 92 1062 2282 2809 2566 1240 2253 542 597 599 672 783 1023 1086 1238 1247 1389 1465 1704 1851 2053 2125 2283 2338 2430 2464 2469 2479 2540 2574 2721 2826 6 43 119 145 322 346 364 391 397 520 610 670 673 676 753 773 809 831 969 1066 1081 1164 1176 1259 1292 1336 1343 1356 1568 1637 1758 1760 1821 1836 2175 2231 2948 2949 3011 3015 3108 
2934: 480 671 904 1549 2246 2285 1774 2282 2430 2481 2540 2588 2724 43 101 221 241 353 403 463 520 549 580 618 670 672 673 1053 1062 1199 1218 1292 1338 1398 1760 1870 1948 2194 3085 3082 
2948: 480 671 2287 1255 1949 1950 2045 2290 2400 2618 2696 2932 1149 1426 2817 711 1896 2555 423 657 1746 1774 2356 1852 221 2080 1901 2809 280 302 1286 783 1465 1851 2464 77 670 1306 1568 2034 43 610 1331 71 364 1171 1352 1544 2430 3126 2283 2303 2338 2358 2483 2826 119 321 397 431 516 520 616 664 673 676 741 874 876 1018 1309 1356 1357 1694 1754 1819 1858 2090 2202 3153 3015 
2949: 480 671 993 840 1255 2290 2561 2618 2755 2932 1426 2555 1746 1774 2356 3085 3157 2724 185 1640 2420 1062 2809 1240 599 783 1465 1851 2235 2464 1568 43 610 2231 364 2990 2920 119 397 676 1356 2826 3127 2338 1836 2401 2471 2721 2880 1199 1219 1412 1447 1863 1999 2024 3037 3014 
2955: 480 671 2287 1321 840 2822 1255 2270 2400 2405 2561 2618 2688 2881 3096 1289 333 530 745 746 786 1746 2039 2834 2481 3085 2724 1891 15 221 332 393 825 1246 2080 2897 2258 1870 2581 2398 2253 105 448 597 783 1086 1087 1247 1639 1851 1976 2326 2370 2447 2478 2813 43 60 203 322 359 785 1005 1112 1199 1292 1308 1437 1449 1568 1810 2093 2144 2184 2231 3015 
2970: 480 324 705 2957 1684 297 802 1676 
3002: 480 671 1253 1255 844 1981 2618 2633 1979 1980 2649 315 15 221 479 1133 270 338 1240 1538 2813 2847 2010 646 647 1982 654 2824 2569 455 1550 433 739 1874 2961 2765 2189 
3011: 480 671 2287 283 1321 840 2346 350 357 1253 1297 844 1050 1117 2400 2808 2932 498 901 906 2285 880 1123 2603 2539 244 563 619 931 1072 1439 1941 2190 458 1774 1799 2011 2810 2436 1891 2794 1885 179 393 499 535 841 2897 2258 1062 1870 2282 2716 1258 1286 1940 3030 2786 2253 672 2289 2323 2379 2386 2404 2447 2460 2686 2692 2702 2713 2799 2840 2856 2885 2951 2964 2988 22 71 91 104 114 122 133 137 157 170 180 271 388 403 422 522 538 548 611 663 666 673 718 735 748 756 843 926 1018 1199 1201 1310 1395 1403 1429 1466 1494 1534 1565 1590 1593 1670 1691 1804 1841 1854 1888 2113 2148 2162 2164 2187 2226 3035 3037 3094 
3014: 480 1266 2800 2812 2959 840 402 1390 959 1117 2213 2710 2949 27 2606 31 588 589 806 853 1019 1115 2724 289 1885 179 841 977 1453 2837 597 2012 611 1331 184 197 1789 2990 3016 3050 1943 2608 1883 128 1332 2096 2880 581 666 1447 122 3066 913 1749 2654 1350 2386 2486 2669 97 228 251 1069 1248 1427 1939 2082 2166 
3020: 480 671 43 
3025: 480 2437 2213 2561 2118 2649 1877 1122 
3056: 480 543 2017 768 296 1480 
3070: 480 904 2812 2246 2472 2561 2649 607 1906 2323 2329 3030 15 434 599 666 1146 1362 1468 1609 1821 2070 2119 
3080: 480 2971 2835 399 1479 617 2843 1753 753 53 466 
3085: 480 671 904 1266 1549 1846 2959 3162 1321 1078 324 840 205 1239 2443 2822 2833 204 208 1253 1255 1291 1390 1949 1950 2213 2246 2290 2400 2472 2488 2506 2561 2615 2618 2710 2755 2814 2846 2881 2927 2932 2934 2949 2955 2285 1426 2459 749 1330 2190 2211 2555 31 107 167 226 333 530 554 561 595 745 746 786 806 810 1019 1214 1715 1746 1774 2227 3115 2785 2356 2380 2481 2282 2326 2338 2373 2407 2464 2470 2474 2483 2504 2540 2563 2565 2575 2577 2579 2589 2601 2635 2702 2721 2724 2748 2776 2790 2809 2826 2843 2944 2965 3053 2 15 18 43 70 105 119 142 158 197 221 271 361 364 390 397 420 422 461 535 545 580 596 597 599 601 610 616 618 639 647 670 673 676 677 712 783 831 874 876 883 915 973 1005 1008 1053 1062 1076 1086 1130 1133 1141 1147 1159 1163 1176 1216 1238 1240 1247 1276 1292 1331 1338 1356 1379 1403 1424 1468 1476 1533 1552 1567 1568 1571 1575 1617 1682 1716 1756 1760 1782 1803 1804 1836 1841 1851 1858 1870 1891 1901 1908 1977 2001 2010 2016 2017 2075 2080 2088 2090 2125 2160 2162 2179 2209 2222 2226 2231 3127 3120 3157 
3090: 480 1785 1253 1296 1297 844 2633 2214 2245 81 151 435 793 805 1665 1900 1979 1980 2020 2118 2523 2626 2307 2454 2455 2579 2613 2628 2651 2697 2891 3022 13 14 15 21 190 207 245 295 367 372 458 806 1214 1235 1236 1298 1459 1472 1551 1648 1649 1747 1816 1875 1878 2156 2169 2175 3091 
3096: 480 671 2940 3005 1785 1078 837 840 959 2400 2955 2239 2241 2282 2285 2398 2478 2807 3035 3075 15 226 331 469 544 670 711 857 873 920 937 974 1445 1492 1690 1730 1870 2126 2128 3100 3097 3123 
3105: 480 603 1498 
3115: 480 671 904 993 1549 1706 2305 2800 2812 193 1321 1078 840 205 1239 204 208 1253 1255 1318 839 1469 1117 1408 2246 2298 2368 2400 2419 2472 2506 2561 2618 2673 2696 2710 2784 2846 2855 2932 3085 2285 2214 574 2603 2987 399 879 1479 2020 2118 2555 3022 138 173 588 595 746 933 937 1015 1019 1021 1151 1320 1545 1705 1774 1799 1816 1906 2011 2255 2258 2260 2282 2294 2312 2316 2323 2352 2420 2447 2454 2471 2481 2540 2589 2637 2678 2684 2724 2748 2775 2809 2826 2838 2925 2943 2951 2983 2988 3003 3037 3050 3110 43 90 103 168 177 178 179 202 221 232 271 272 322 391 413 422 440 445 535 541 597 599 600 621 647 670 672 673 747 748 795 801 811 812 824 841 867 878 881 882 951 971 980 995 1053 1062 1063 1082 1085 1094 1111 1133 1153 1176 1181 1202 1240 1256 1310 1317 1336 1337 1338 1368 1397 1403 1423 1428 1434 1435 1462 1502 1506 1538 1590 1596 1617 1661 1682 1717 1729 1749 1756 1760 1777 1789 1793 1821 1855 1870 1885 1888 1891 1934 1977 1982 1989 2012 2068 2115 2125 2164 2175 2191 2228 3120 3125 3128 
3124: 480 671 993 2800 1078 205 204 1253 27 2857 595 607 806 1906 2724 2794 369 3075 1870 463 597 672 1202 1176 2921 670 1538 541 643 232 43 2712 2540 445 158 673 2775 581 1199 1462 1802 2064 1506 2191 58 
3125: 480 904 993 2437 840 2443 298 356 1253 899 2246 2561 3115 711 1479 2606 554 576 1021 1825 2421 2601 2608 2712 2925 179 241 338 371 440 479 579 617 670 673 677 681 780 926 1112 1220 1310 1331 1336 1362 1687 1689 1770 1793 1842 2010 2017 2038 2070 2141 2224 
3157: 480 671 904 993 1549 1846 3005 1785 1662 543 678 1321 1078 447 840 205 2822 204 1253 1255 1297 799 844 1400 959 1981 2035 2045 2246 2290 2400 2472 2615 2618 2696 2755 2808 2932 2949 3085 1149 2285 1426 29 711 1479 1979 2020 2555 806 810 1015 1214 1425 1746 1767 1774 1978 2356 2481 2392 2312 2247 2282 2323 2338 2385 2411 2430 2464 2471 2479 2515 2520 2540 2566 2589 2712 2724 2809 2826 2832 2869 3057 3075 15 43 101 119 221 289 309 364 397 462 497 520 535 610 616 647 670 673 676 719 753 764 783 913 1062 1176 1216 1249 1290 1331 1343 1356 1534 1568 1617 1620 1713 1760 1836 1851 1858 1892 1901 2088 2090 2095 2231 
2: 480 671 1549 3085 2285 657 2683 535 1062 1870 2282 430 1704 2672 670 2447 43 196 7 794 811 
37: 480 904 1785 1078 840 2020 2649 17 458 745 746 2863 2635 221 1338 2258 92 2601 2253 2363 2522 2616 2624 3110 3155 1768 2053 542 1441 1704 597 2096 1843 1465 1493 599 1495 
43: 480 671 904 1266 1846 2287 1321 324 840 1239 2346 2408 208 1255 1334 1949 1950 2142 2270 2290 2400 2405 2406 2488 2506 2561 2615 2618 2670 2696 2755 2784 2814 2846 2855 2881 2908 2909 2910 2911 2912 2913 2914 2915 2916 2932 2934 2948 2949 2955 3020 3085 3115 3124 3157 2 144 1149 1123 484 487 1330 2607 107 315 333 530 554 561 595 705 745 746 786 937 1015 1019 1214 1746 1774 2011 2039 2097 2139 2795 2334 2785 2356 2481 2724 1891 2126 3102 221 825 2080 177 212 1901 1258 105 430 597 599 672 783 987 1087 1238 1851 1976 2053 2672 670 855 1840 1908 2184 2108 2017 2034 2441 2531 2559 2560 2731 2925 2990 3015 3023 3035 3060 12 18 1756 1760 743 1331 773 780 1800 1803 1804 1424 1836 1841 1854 1876 863 359 1378 334 897 397 915 1612 1437 422 1450 1617 1458 1468 969 971 973 1493 988 1284 1018 101 518 2064 1890 1567 1571 1581 1073 2233 876 1111 874 610 616 1130 626 155 673 2202 676 1700 1716 1206 1210 2232 197 267 
50: 480 1253 450 705 2139 1885 1062 1286 670 855 1013 2856 2293 3026 2320 255 395 1225 969 951 
57: 480 904 3005 837 840 208 1484 2465 2561 2633 2845 2846 901 906 244 1448 2118 589 705 854 902 2466 2126 15 1600 212 867 672 670 2432 646 673 507 1040 2467 2896 1491 823 1234 
63: 480 2959 1981 2633 469 1021 1115 177 670 2726 359 1760 1609 1756 2829 468 
83: 480 2408 1469 1117 2246 2368 575 2806 3113 15 353 841 1002 2151 1901 1777 1906 794 1309 1338 943 577 581 1734 1740 179 
105: 480 671 904 2287 3142 1321 1078 324 840 1239 2822 204 208 1253 1255 1390 2368 2400 2472 2561 2618 2755 2846 2955 3085 43 906 1149 879 1330 2190 2649 17 107 333 530 561 595 745 746 786 1746 1774 2139 2227 2724 15 2420 390 841 1338 2897 92 1870 463 2253 2294 2308 2323 2377 2470 2474 2483 2540 2569 2589 2684 2951 3032 3108 1756 1247 2010 1276 783 785 1821 1336 1337 1851 1858 1379 364 391 397 1976 448 462 2017 1225 536 1053 1076 1086 597 599 1136 1141 2162 1310 646 1682 670 672 673 2222 2226 197 
107: 480 671 904 2959 3142 1321 1078 840 1253 1296 844 1484 2246 2400 2561 2755 2846 3085 43 105 906 1330 2294 2311 2323 2377 2420 2481 2540 2557 2569 2589 2724 2951 3032 15 1115 2139 995 745 748 672 1136 333 1141 253 2165 511 1225 1276 1152 397 391 647 530 338 535 785 670 1053 673 786 1062 172 559 561 1337 1472 1858 841 588 462 463 746 
144: 480 671 2822 43 2239 2286 2447 2724 2840 670 369 672 1462 
177: 480 671 904 993 1266 1549 2812 324 840 2251 1253 1291 1334 844 1881 2291 2298 2405 2472 3115 43 63 552 384 2987 849 711 1208 138 1359 1425 2863 2312 1891 2485 1885 841 1453 2260 2271 2323 2362 2370 2441 2454 2616 2713 2802 2807 2867 2983 168 2016 366 1053 1989 1405 1155 647 2053 1176 795 670 2202 1062 297 672 456 1982 1350 1462 434 1942 668 2112 1238 
179: 480 993 1266 2800 1662 1239 82 132 402 839 1409 1469 1981 2076 1117 2142 1735 1408 2368 2835 3011 3014 3115 3125 83 575 2459 2118 2626 31 576 577 586 588 592 595 746 806 937 1015 1019 1021 1451 1906 1971 1978 2392 1594 2794 1020 2420 2249 2258 2292 2304 2311 2316 2320 2328 2351 2421 2451 2460 2468 2517 2533 2540 2559 2569 2656 2706 2712 2713 2758 2768 2776 2789 2798 2806 2829 2840 2856 2874 2897 2921 2933 2967 3019 3128 7 47 114 170 171 172 228 748 1777 1281 275 1813 1824 1765 305 825 318 1869 1870 349 862 1888 841 1387 894 676 1926 1440 1421 1933 916 1939 412 413 1434 680 947 430 455 1476 1988 1478 461 1198 1498 994 1506 1000 2025 650 1524 508 2043 515 951 520 274 1038 1634 2091 1812 597 2127 1474 2143 1817 1132 1309 646 1669 2151 1681 1682 180 702 704 197 390 1238 900 216 217 
197: 480 671 904 993 2901 2800 2812 2959 678 1321 1078 324 205 1239 208 1253 839 844 1390 1400 1469 2076 1117 1707 2368 2419 2472 2561 2618 3014 3085 43 105 179 2285 151 399 563 711 879 1479 2190 333 561 595 607 745 937 1015 1019 1214 1485 1746 1774 2227 2322 2333 2481 2637 2724 1891 15 1885 2552 2420 390 535 825 841 977 1133 1338 92 358 934 2282 2566 463 2924 597 599 672 987 1086 1202 1247 1639 881 1176 2323 413 434 461 670 1336 1337 1538 1682 1777 2951 412 3128 2017 541 232 497 3019 3110 2294 2316 2352 2379 2470 2474 2479 2507 2540 2596 2605 2684 2840 2872 2880 2900 3093 3094 7 97 108 168 172 1756 2010 1802 1294 1817 1821 823 1845 1340 1858 1006 1379 883 391 395 397 1468 1982 2222 2068 1076 365 1310 2183 1173 673 2205 693 2226 712 720 1920 
212: 480 671 904 1549 2959 1078 840 2251 208 298 1253 1519 2076 2290 2368 2405 43 57 2214 2539 435 711 1330 2020 2118 2190 2606 2252 657 1015 1115 1214 1774 2006 2779 2481 2724 1085 221 390 841 1453 2080 2323 2515 2559 2601 2608 2716 2807 2837 2847 2925 2951 3015 53 137 189 258 1292 1821 1323 1336 1337 1851 1864 855 1888 1405 1452 1473 494 516 1032 2090 597 1121 2160 659 670 673 681 1719 1221 722 2175 
221: 480 671 1266 1549 2287 2437 2761 3063 2251 2443 2714 88 208 1252 1269 1291 1334 848 1400 1409 2213 2270 2290 2400 2561 2618 2673 2688 2755 2808 2846 2914 2934 2948 2955 3002 3085 3115 3157 37 43 212 906 1509 1123 1917 2100 1514 2857 2607 2555 449 493 586 588 595 746 806 853 854 902 937 1015 1182 1214 1287 1485 1588 1705 1799 1816 1906 2795 2356 2481 3068 2255 1708 2485 15 289 1640 1885 2249 11 2258 2266 2271 2273 2278 2308 2349 2361 2374 2377 2384 2397 2398 2402 2403 2412 2432 2439 2447 2453 2470 2495 2521 2529 2532 2535 2551 2554 2557 2563 2564 2566 2574 2581 2616 2630 2643 2644 2660 2681 2684 2694 2702 2711 2712 2713 2732 2737 2743 2747 2802 2806 2825 2826 2831 2832 2837 2838 2866 2869 2882 2888 2897 2902 2925 2939 2944 2982 2990 2992 3019 3023 3033 3037 3041 3059 3060 3094 3098 3100 3101 3104 3109 3111 3121 3126 3127 3130 3131 3139 3141 3146 12 35 42 55 62 93 100 101 119 137 145 150 158 172 184 202 214 216 247 257 259 275 282 294 307 309 311 316 379 391 393 394 794 417 424 431 436 466 479 508 535 541 551 555 568 573 597 599 604 610 616 639 644 663 636 670 673 676 677 689 693 698 726 728 735 756 757 783 785 811 822 825 857 863 865 868 872 874 878 881 891 893 895 903 905 2038 978 1002 1062 1069 2064 365 1079 1087 1094 1097 1105 1110 1138 1145 1147 1156 1164 1165 1171 1186 1200 1067 1224 1228 1238 1243 1244 1245 1250 1286 1290 2101 1306 1308 1317 1331 1337 1341 1351 1352 1364 1374 416 1389 1446 1463 1464 1483 1490 1512 1533 1537 1538 1562 1563 1568 1575 1591 1595 1611 1612 1613 1617 1621 1656 1669 1688 1691 1694 1699 1700 1702 809 1704 1710 1730 1739 1756 1760 1766 1771 1789 2183 1797 1812 1836 1854 1861 1868 1871 1908 1910 1928 1969 1972 1987 1993 1994 1995 2003 2013 2022 2024 2034 2037 2047 2055 2061 529 2080 2129 2143 2144 2149 2174 2184 2204 2226 2231 
267: 480 671 2959 43 2190 2481 15 2037 1870 677 1639 2447 2813 2326 291 2535 748 391 2589 1199 3101 917 
315: 480 671 1549 1706 1662 840 2251 2346 2766 204 350 351 356 357 1253 799 1334 844 2035 578 1117 2142 2246 2405 2406 2444 2561 2710 3002 43 477 2285 2987 399 435 484 540 711 1014 2020 2613 2258 2282 2323 2330 2333 2356 2374 2447 2479 2481 2540 2566 2589 2601 2684 2702 2724 2840 2863 2888 3110 3134 3152 155 168 202 231 747 1258 2010 1797 782 1822 831 841 1870 1875 1891 367 388 391 393 1926 398 1422 1934 424 937 456 457 460 974 1485 469 479 1011 2037 1534 516 1545 1556 1053 362 577 596 2134 2157 2164 1659 1162 1176 670 1181 1062 1199 1713 1740 2175 
333: 480 671 904 993 3142 1321 1078 840 1239 2822 1255 2246 2400 2561 2755 2846 2932 2955 3085 43 105 107 197 906 1149 574 1330 17 2253 2258 2294 2323 2329 2377 2540 2569 2589 2616 2721 2724 2897 3032 92 1756 1247 745 746 1259 397 1276 773 783 785 786 1310 1840 1843 1337 1851 1852 841 391 1870 1465 448 462 463 995 1023 530 1053 1976 561 1086 2235 588 595 597 2139 1136 1141 1682 670 672 673 1225 1746 
359: 480 2437 1291 1117 2298 2561 2615 2633 2955 43 63 2285 399 1980 17 1767 2724 15 92 1870 2282 1240 430 1441 2323 1220 2502 2504 2608 112 1116 361 1387 1652 468 1437 2093 
362: 480 2800 2714 3144 136 2677 2770 315 2100 554 1404 1705 1991 1885 1870 2951 1757 231 1875 1490 519 1329 2866 2316 2317 2514 2551 2574 2627 3132 335 1304 1894 2222 780 1376 1432 1847 1114 2106 2001 
390: 480 1266 2437 2746 3142 1785 205 2408 82 204 1253 1291 1296 1297 800 839 1914 1469 1484 1117 1707 2368 2419 3085 105 179 197 212 244 435 540 619 711 1014 1330 1900 2118 2628 3022 138 577 586 588 592 595 806 1019 1115 1764 1767 1906 1852 15 2420 2249 11 369 2267 2403 2422 2654 2690 2743 2848 2897 2951 3093 3128 3160 68 101 114 157 172 271 272 1240 1777 1292 1336 1933 1821 1823 1824 1331 1847 1337 1338 845 1869 855 1888 841 1940 412 1434 430 597 1977 973 516 1377 536 1571 1068 1615 2137 2151 1133 1134 1734 2162 636 1164 1682 670 680 1198 699 1722 1238 
397: 480 671 904 1549 1846 2287 3005 1321 1255 1296 1297 844 1949 1950 2045 1408 2290 2400 2488 2561 2618 2696 2755 2932 2948 2949 3085 3157 43 105 107 197 333 1149 2817 1330 2555 423 530 595 745 786 1746 1774 2011 2356 2481 2392 1852 2520 2683 2794 393 1453 2080 1062 1870 2809 2862 677 599 783 1851 2464 1156 1403 2012 2323 611 670 1568 2088 2034 1520 610 1331 71 364 1171 1352 1544 1760 1977 2430 3126 2807 119 2338 2401 2471 2483 2658 2721 2826 3003 3015 3033 3037 3093 1754 1276 741 1819 1841 1356 876 417 1970 1995 1501 1522 1018 1539 2090 583 874 604 616 1141 2202 1694 676 1702 1199 520 
399: 480 1266 1706 2959 3005 3142 3145 1078 837 840 1239 2519 2766 1252 1253 1059 1117 2213 2406 2419 2472 2561 2673 2688 3080 3115 197 315 359 2285 2245 2282 2302 2352 2373 2386 2403 2407 2486 2518 2702 2711 2739 2768 2823 2894 3045 3120 3123 3152 8 31 115 116 122 180 184 203 271 326 347 394 398 1753 989 1288 782 1292 1302 913 1311 1765 1836 1347 841 843 855 1885 1394 1920 1928 1933 1934 430 1468 1980 1474 1485 982 1502 2021 1014 1015 1554 785 1051 1042 570 960 2128 2126 540 1133 629 633 638 1671 2190 1176 670 1184 2211 1203 
422: 480 671 840 2822 204 2400 2561 2615 2784 2835 3011 3085 3115 43 1330 1980 2481 1671 1600 393 1870 2862 783 670 1682 2447 1331 2231 2522 1760 2478 748 795 391 2674 673 2502 1199 666 1053 3093 2602 2504 3038 1130 1919 529 1895 2112 456 1177 
429: 480 2437 2959 1291 2213 2290 2400 2406 2618 2755 2846 935 1014 2211 438 2356 1062 677 1851 2088 2034 3019 973 3126 676 773 2759 2783 3003 866 1371 890 1657 1374 917 1685 802 528 1712 1841 2121 
434: 480 671 2437 2959 1662 840 1291 1297 1981 2076 2213 2291 2633 3070 177 197 523 151 435 931 1979 1980 2118 2211 173 246 458 474 595 634 658 806 1104 1320 1764 1767 1774 1978 2084 2333 2312 2724 3152 2695 1852 1085 499 2085 2258 2179 1298 2862 463 1240 542 599 1086 1247 3155 2616 2293 2329 2362 2363 2403 2440 2470 2474 2569 2608 2660 2847 2882 2884 3058 64 232 366 426 433 1768 1259 1773 795 826 1088 862 884 898 913 1428 1456 1468 1476 2010 1503 2017 1016 2046 1053 2077 960 1603 2115 2120 1112 626 1146 646 647 681 1713 1714 2226 1207 2229 712 1590 
450: 480 904 525 840 132 1253 1255 1117 2246 50 2398 2471 2642 2695 2724 2745 2844 3068 171 338 1884 2017 1645 1906 2037 1786 1992 900 653 1831 2097 1219 595 
463: 480 671 904 1266 2287 2437 2959 3142 3145 1785 543 1188 1078 840 205 1239 88 204 1252 1253 1255 1589 2290 2419 2472 2618 2673 2688 2710 2755 2846 2934 3124 105 107 197 333 434 906 244 487 563 1330 2434 3009 2252 31 173 530 576 607 746 1019 1214 1588 1746 1767 1774 1978 2139 2198 2724 1852 1891 15 289 1085 2300 2420 1133 1453 1823 2080 2580 2179 92 2716 54 2273 2323 2365 2386 2412 2413 2421 2433 2452 2471 2483 2503 2565 2569 2575 2586 2592 2651 2654 2660 2663 2669 2751 2765 2824 2825 2836 2841 2858 2917 2924 3032 3045 3082 3159 7 8 42 46 65 101 137 142 145 184 186 232 245 252 271 272 322 325 391 436 453 455 456 461 462 1052 735 1756 747 2010 1787 1789 773 2183 783 1292 785 1336 1847 1346 1350 1090 855 1372 611 874 876 1181 1396 1851 1424 1939 1446 1447 2125 1969 953 1976 1977 1468 1982 1478 976 982 1011 2034 1018 1225 615 1051 1053 551 2231 1069 843 1615 599 1114 1629 621 1654 549 1995 2191 1173 666 1176 1688 670 672 676 2206 673 688 1574 2225 1726 1220 1743 1238 
479: 480 993 1706 1846 2761 1785 543 324 710 959 1469 1981 2076 1117 2405 2444 2633 2755 3002 3125 221 315 477 1853 2973 404 435 484 931 1479 1979 1980 2020 2118 2190 367 458 595 1545 1705 1767 1816 2084 2863 2739 2249 2267 2282 2323 2367 2403 2453 2498 2508 2596 2601 2651 2712 2740 2744 2802 2843 2884 2950 2951 3010 3041 3073 6 56 58 61 64 111 202 206 228 256 276 302 337 425 430 466 1240 1242 1765 1768 1770 1757 780 1802 1295 803 1323 1336 1337 494 1354 1879 1372 1420 1784 1961 1452 1459 1975 2046 481 2019 499 2043 1804 541 1568 1064 2112 597 1622 2148 2162 2164 639 1160 1162 1164 1167 1190 1713 1719 1226 720 1740 1233 
1240: 480 671 904 993 1549 2437 2812 3005 1078 1239 1253 1469 2035 2213 2290 2368 2405 2465 2472 2561 2808 2932 2949 3002 3085 3115 359 390 434 479 901 2285 1426 1599 2539 711 2211 2434 2613 2606 2555 2252 226 577 595 705 930 991 1015 1425 1545 1746 1764 1767 1774 1816 1906 1978 2481 2724 2769 15 289 1085 1640 1885 3102 535 1002 1133 1134 1338 2037 241 2282 2265 2323 2325 2464 2511 2608 2674 2692 2748 2829 2832 2848 2880 2921 2944 2985 3031 3034 3084 3126 32 101 102 104 112 232 456 461 462 467 507 516 545 597 654 795 823 883 941 953 988 995 1017 1164 1199 1219 1220 1238 1753 1760 1763 1768 2010 1775 1789 1793 2106 1512 1868 1886 1887 1954 2125 1995 1547 1560 1591 1604 1612 2148 1651 1480 1669 1694 1704 2226 2183 
1760: 480 671 904 1549 2959 1321 1078 840 2346 2822 204 844 1949 1950 2213 2488 2561 2932 2934 3085 3115 3157 43 63 221 397 422 1240 2285 2211 1104 1774 2481 2724 1891 2520 393 1062 1870 2282 2862 677 1681 1086 1238 2125 1576 1176 670 1259 2447 1563 1331 497 1220 1637 2430 2502 3033 3093 1218 1468 1512 1539 1756 1995 
1763: 480 993 2437 3063 1785 324 1253 1981 2076 1240 595 806 1764 1767 1978 1891 1133 2179 1372 1768 646 647 2596 2775 1284 1969 2565 433 2858 3051 656 1922 1930 
745: 480 671 904 1549 1321 1078 324 840 205 1239 2822 204 208 1253 1255 1296 1390 1400 1117 2246 2400 2472 2561 2618 2755 2932 2955 3085 37 43 105 107 197 333 397 2285 1289 29 2116 1330 17 530 561 595 2253 2258 2282 2294 2323 2377 2470 2474 2481 2540 2589 2616 2721 2724 2847 15 92 209 338 369 391 448 494 535 597 599 670 1756 1247 746 2010 1774 1276 773 783 786 748 1337 1851 1858 841 1259 1870 1379 1891 1264 1359 937 1465 1977 1468 995 2017 2222 1018 1023 1294 1976 1076 1086 2235 2125 1115 2144 1136 1141 1682 1202 2225 2226 2227 1746 
1767: 480 993 2625 2959 1785 324 710 1253 959 2246 2368 2472 2561 2618 2673 3157 359 390 434 463 479 1240 1763 435 484 619 1014 1979 1980 2118 530 595 1015 2249 2265 2268 2295 2296 2383 2456 2499 2524 2545 2695 2702 2763 2769 2771 2836 2936 3016 3067 3123 3128 49 103 232 271 446 535 546 547 549 581 611 624 666 716 727 843 928 1002 1016 1017 1085 1095 1164 1165 1167 1247 1248 1284 1372 1380 1431 1538 1556 1747 2010 1816 1823 1961 1975 1977 1978 2044 2046 1891 2084 2226 2227 
750: 480 671 2142 595 862 3149 1854 969 1294 1792 2049 
1770: 480 501 904 3142 2443 2766 143 351 356 357 1252 1914 1960 1484 2142 1707 2561 2710 2784 3125 479 575 1917 2459 879 1896 2857 577 806 1302 1425 3152 1594 499 1870 2201 1593 2421 2433 855 2015 1090 261 231 862 2478 2807 2283 2432 2569 2572 2577 2594 2611 2648 2762 2798 2856 2967 2976 5 65 326 403 511 704 909 926 1142 1150 1234 1456 1609 1631 1765 1814 2090 
2010: 480 671 904 1706 2437 2746 2959 3005 524 1321 1078 324 837 840 205 1481 1482 1239 204 208 1253 1297 844 1390 1949 2076 2213 2419 2472 2561 2618 2770 2835 3002 3085 3125 105 197 315 434 463 1240 745 1767 2285 2817 849 879 1439 1479 2211 561 595 1425 1764 1774 1799 1816 1978 2011 2227 2724 15 289 2420 841 1133 1134 1911 2843 624 1870 1753 2786 597 599 783 1247 2616 1176 1315 2012 2921 1993 171 461 670 1336 1534 1777 2951 412 2017 1757 2224 1768 2231 862 1220 71 164 973 1171 1761 748 2540 2888 2386 2470 2471 2474 2479 2589 2611 2651 2747 2797 2825 2840 2896 2920 3066 3093 3153 7 133 172 307 433 520 529 549 594 794 796 971 1076 1080 1181 1200 1299 1374 1379 1433 1434 1435 1535 1575 1694 1756 1802 1817 1939 2199 2115 2222 2226 
1774: 480 671 904 993 1549 1321 1078 324 840 205 1239 204 208 1253 1255 1390 2045 2246 2290 2400 2419 2472 2561 2615 2618 2696 2755 2814 2932 2934 2948 2949 3011 3085 3115 3157 43 105 197 212 397 434 463 1240 1760 745 2010 1149 2285 1426 619 1330 2555 493 561 595 937 1746 2282 2323 2333 2338 2356 2392 2430 2464 2470 2474 2479 2481 2540 2574 2577 2589 2648 2724 2809 2826 2905 2930 2944 3015 3108 3111 119 156 228 322 364 372 391 516 597 599 610 626 636 670 672 673 676 783 831 883 944 1062 1076 1130 1176 1247 1256 1292 1337 1343 1356 1379 1494 1534 1538 1568 1756 1758 1777 1786 1812 1821 1836 1851 1844 1858 2017 2080 2162 2222 2226 2227 2231 
2182: 480 1062 1211 2747 539 
1792: 480 671 750 366 2049 
1612: 480 671 432 204 43 221 1240 167 1320 2810 2635 2724 1002 672 1238 1176 1717 2885 850 670 1617 248 259 1456 257 1531 1703 1856 2609 2491 1148 
780: 480 904 2959 3005 840 2513 3125 43 362 479 1475 554 991 1359 2097 2227 3068 2724 2695 2897 1753 1793 2624 670 1430 1664 618 1992 0 1887 159 1070 1773 1362 3034 2858 2441 19 889 1812 1687 1082 834 
1804: 480 671 993 2800 2812 1078 799 844 2710 3011 3085 43 479 574 2539 438 2724 535 1062 672 783 1793 670 1538 541 1768 2231 497 836 973 673 2679 2775 2455 1803 3093 2968 1888 2925 1648 1567 823 1140 1571 1745 
786: 480 671 1549 2287 2959 1321 2822 1253 1255 2076 2246 2400 2561 2755 2855 2955 3085 43 105 107 333 397 745 1149 711 1330 1448 2118 17 458 530 746 2253 2447 2481 2863 2951 3134 13 92 448 497 594 597 670 783 867 1522 1276 1151 1247 1337 1062 1086 1682 1976 1851 1855 1141 1870 1746 
1298: 480 1706 3142 1662 2251 2408 208 1296 1297 800 1334 1400 1407 1518 1519 1050 2076 578 2291 2405 2696 3090 434 1123 244 435 540 1479 1941 1979 1980 2118 2190 2628 2555 3 458 806 854 1816 1906 2724 1852 15 1020 1002 1133 2080 460 2342 2540 2559 2569 2674 2829 2853 2950 2951 3037 3110 3116 71 93 101 117 172 240 245 276 288 318 424 503 508 520 549 583 606 610 647 701 703 783 794 808 812 817 843 1011 1047 1052 1234 1235 1293 1295 1789 1797 1822 1824 1833 1336 1769 1865 1879 1907 1421 1428 1954 1466 1480 1520 2077 2078 2082 2091 2148 1680 1694 2209 2220 1713 2225 
2232: 480 671 904 1549 1706 3005 1078 324 840 205 136 2045 2419 2561 43 901 906 1509 435 540 1979 1980 2118 2190 2613 2619 3022 367 589 705 810 902 933 937 1151 1214 1705 2322 2724 1891 1885 2420 92 679 867 2174 2489 54 2201 783 1176 1793 2756 461 670 3128 1290 3134 2231 3035 1018 206 549 3129 1053 1517 2369 2564 2685 2734 2752 2896 2939 3023 3029 1040 1226 1242 1272 1590 1652 1769 2148 2152 
806: 480 671 904 993 1549 1586 1706 2437 2761 2959 1785 543 840 1481 1239 2346 2408 356 1252 1291 1296 1297 799 800 1407 1409 1960 959 1981 1518 1589 2142 2213 1707 1408 2246 2368 2400 2405 2444 2615 2618 2710 2755 2835 2846 3014 3085 3090 3124 3157 179 221 390 434 1763 1770 1298 2973 244 435 563 749 1054 1072 1900 1941 2020 2118 2190 2649 2606 458 589 705 2258 2267 2268 2269 2296 2322 2323 2324 2331 2345 2349 2352 2391 2392 2403 2428 2471 2490 2493 2540 2566 2602 2611 2651 2660 2695 2702 2748 2758 2767 2775 2802 2836 2856 2863 2894 2925 2950 2957 2969 2993 2995 3093 3109 3122 3134 15 80 99 101 114 174 245 276 322 354 355 364 410 425 433 460 499 597 644 646 670 672 679 713 1761 1074 1283 1333 1288 1292 1310 808 1836 1842 1332 1336 1340 1090 855 867 2200 1901 2201 1749 2117 1913 1404 1924 1434 934 937 1156 947 1969 1971 1975 1466 961 1220 2009 1609 1013 2036 2037 1017 1528 1885 2046 1898 1816 1040 1293 1061 2086 1068 1070 1086 1604 1133 1127 2148 1134 2075 2175 825 1184 1199 1200 895 2089 
1679: 480 1117 2213 2472 2214 27 2466 2765 
746: 480 671 904 3142 1662 524 1321 1078 324 840 2822 204 1253 1255 1291 844 1949 1469 2246 2400 2472 2561 2846 2932 2955 3085 3115 37 43 105 107 179 221 333 463 745 786 906 1149 1289 1979 1980 2020 17 530 561 595 2253 2258 2294 2323 2377 2481 2540 2569 2589 2616 2721 2724 2951 3032 3110 3128 3155 15 92 322 366 391 412 448 451 461 462 535 542 597 599 618 647 670 672 673 1756 1247 1259 1276 773 1284 783 785 1310 1336 1337 1338 1851 1858 841 1379 1891 1441 1465 995 2125 1005 1015 1023 2053 1053 1976 1086 1087 1048 2126 2139 1133 1136 1225 1682 1176 1062 1704 961 2231 2235 1746 
1186: 480 1662 208 1513 221 2285 2333 3102 2282 2837 2797 220 424 1882 2129 
1330: 480 671 2287 2959 1321 447 1482 351 1253 1255 1291 1949 2035 2400 2561 2615 2618 2633 2696 2755 3085 43 105 107 212 333 390 397 422 463 745 1774 786 1149 2973 2245 98 487 2303 2377 2401 2481 2483 2545 2712 2802 2809 2947 2961 3010 7 76 106 142 219 232 518 530 535 595 601 610 676 689 760 783 841 874 876 1018 1141 1213 1276 1322 1757 1671 1588 1331 1346 2034 1560 1568 2088 2098 2124 2231 
825: 480 671 1549 1078 1239 2251 2408 2822 208 1255 1469 1059 1117 2419 2932 2955 43 179 197 221 806 29 435 711 1014 1072 2649 2607 458 469 854 1015 1302 2834 2255 1891 15 2249 535 2253 2258 2308 2323 2370 2479 2515 2525 2566 2639 2702 2758 2776 2936 2951 3128 77 90 391 413 467 542 597 599 670 681 1777 1267 1784 1793 1306 1933 1839 1840 1336 1337 1870 855 1372 867 1385 1908 1923 1928 1428 1465 1977 1472 1480 2037 1529 1532 1023 1534 1538 2053 1053 1568 2080 1576 1593 2130 1389 1682 1911 1176 1062 1704 1238 
1845: 480 671 993 1549 1706 837 840 2346 208 1291 844 1513 2405 2710 2755 197 1475 2285 2190 933 1115 1151 1182 1705 2779 3152 1671 1891 1600 393 1453 2330 313 867 1062 1693 1870 2282 677 2924 881 1176 1421 1534 2308 564 1540 1733 2507 2536 2559 2584 2807 2832 3006 3046 454 516 865 1654 1924 2072 2208 
1336: 480 671 1266 1706 2437 432 1239 2346 2443 2822 132 357 1469 2045 2213 1707 2291 2368 2472 2710 2755 2835 2932 3115 3125 105 197 212 390 463 479 2010 1298 806 746 825 477 139 151 540 563 1054 2118 2190 2211 2628 3022 138 367 458 586 588 592 595 937 1015 1019 1021 1115 1705 1816 1906 2810 2863 1891 15 2895 499 841 1338 2258 1933 202 1901 2601 677 1940 2411 597 672 1238 1099 413 670 855 2412 2456 2460 2690 2884 2951 3035 13 32 64 101 104 124 125 133 155 271 272 455 536 541 625 644 673 727 761 838 973 975 1162 1181 1184 1292 1761 1777 1789 1821 1827 1337 1368 1899 1908 1405 1428 1943 1977 1550 2137 1645 2162 1702 1713 
1851: 480 671 904 1549 2287 1321 840 1239 2714 2822 132 204 208 1255 1291 844 1949 1950 2035 2045 2290 2400 2450 2561 2618 2696 2755 2814 2835 2932 2948 2949 2955 3085 3157 43 105 212 333 397 429 463 745 1774 786 746 901 906 2285 1426 2817 711 1014 1448 2118 2613 2555 367 423 469 530 588 902 1588 1746 2039 2356 2481 2724 1852 1891 393 2080 2258 92 596 1062 1870 2282 2809 677 2253 448 597 599 783 1023 1086 1247 1465 2338 2401 2464 2483 2540 2616 2664 2721 2826 3015 3037 3126 71 119 142 194 238 364 366 461 497 610 611 616 670 676 773 874 876 964 1018 1047 1111 1171 1176 1199 1249 1259 1292 1295 1306 1352 1356 1398 1520 1544 1568 1694 1754 1819 1836 1977 2034 1976 2090 2202 2231 2235 
2108: 480 993 3005 1411 1662 1253 43 1475 1853 2285 2190 595 937 3152 1671 617 1453 2085 2282 2862 2398 783 681 1678 2263 2478 2479 2495 2579 2807 66 411 713 778 1053 1147 1220 1427 1434 1454 1502 1629 1733 2231 
1869: 480 839 2368 2846 179 390 711 705 854 841 672 412 3128 966 
854: 480 671 3005 840 2766 356 1518 1059 2246 2846 57 221 1298 825 1869 244 711 931 1014 1479 2118 2190 2649 87 458 595 705 2257 2258 2379 2466 2579 2739 2775 2824 2862 2950 3143 3152 3156 90 101 111 232 245 670 672 679 719 731 832 1625 1511 1133 1906 2134 1534 1247 983 1428 1302 1486 2204 2085 855 1467 2126 2212 1719 1847 1090 1478 1816 857 
855: 480 671 904 2812 837 840 1239 2766 356 1253 1297 1489 2142 2368 2472 2696 43 50 212 390 399 463 1770 806 825 1336 854 29 81 711 1014 1072 1479 2190 595 705 1115 2011 289 11 393 499 841 1338 1453 2897 2258 1062 1232 1870 2201 672 2125 1176 413 670 2294 2379 2393 2403 2558 2692 2827 2856 2951 2988 3140 91 101 157 262 337 354 731 816 832 1292 1847 1310 1337 1876 1181 891 1466 1478 1491 1879 1625 1532 2060 1040 1090 1634 1821 1670 1175 2216 
1378: 480 671 904 1549 1706 1078 205 2419 43 2190 2613 2724 1891 1885 2420 92 867 2489 1176 1793 461 3128 2345 2369 2564 2939 3029 2148 
1350: 480 993 2437 2959 1785 2213 2696 3014 177 463 2211 2380 1246 3103 2786 1176 1538 812 795 488 763 581 819 3116 1209 3106 2764 3007 3017 19 21 319 738 781 1029 1082 1672 2222 1737 
1901: 480 671 2251 1253 1255 1334 848 1949 2291 2405 2406 2855 2881 2948 3085 3157 43 83 806 1336 1509 435 711 1900 2118 2626 2628 2252 589 937 1214 2810 2520 2037 2293 2574 2807 2832 2951 261 433 459 670 700 702 1013 1040 1332 1590 1713 2204 2148 
673: 480 671 904 993 1706 2959 3142 1321 837 840 1239 208 1253 1255 844 1618 2400 2450 2506 2513 2615 2618 2696 2814 2845 2846 2855 2932 2934 2948 3011 3085 3115 3124 3125 3157 43 57 105 107 197 212 221 333 422 463 1774 1804 746 1336 906 1149 1123 87 530 554 586 588 592 595 705 1019 1021 1151 1705 1906 2139 289 617 2743 202 934 597 672 1238 1395 2012 1993 670 2017 615 601 2373 3035 676 1440 2294 462 2569 2681 2928 3032 3095 196 234 560 1803 1854 1458 969 785 1053 2075 1567 1571 1604 712 1130 1827 1225 1716 1405 2233 714 1745 
1238: 480 671 904 993 1549 2800 2812 2959 1078 324 840 205 1239 1253 839 1469 1484 1117 2368 2419 2932 3085 43 177 179 221 390 463 1240 1760 1612 825 1336 673 1479 2020 595 1015 1021 1485 1545 1816 2810 2312 2635 2637 2724 1891 15 2420 332 535 841 1133 1338 2258 2179 1062 2566 2253 542 597 599 672 783 987 1023 2294 2316 2470 2471 2479 2491 2540 2684 2775 2951 3060 3110 3120 3128 7 150 154 391 413 610 670 778 801 953 995 1053 1176 1256 1777 1786 1506 1821 1328 1840 1337 1362 1888 1389 1423 2125 1465 2017 1538 2053 1531 1590 2119 1620 2131 1630 2191 1704 2231 1682 
902: 480 671 904 1549 2959 840 1482 1117 2246 2444 2618 2908 57 221 2232 1851 901 906 2285 574 2539 711 931 2356 2403 2478 2533 2589 2684 2724 2807 2837 2923 3029 276 289 307 329 338 391 393 416 571 597 653 841 862 1973 1115 1885 995 1891 1733 2150 1645 1800 1427 1421 1308 1568 933 1637 1214 1209 1338 1478 2117 1176 1870 1363 1453 
912: 480 1291 1475 1853 2285 2282 471 2478 2712 2923 3099 103 411 1147 1916 1443 1684 
1424: 480 671 904 993 1549 1078 447 840 1255 844 1949 2561 2835 3085 43 463 711 2020 2555 1425 2785 2481 2724 1891 535 1133 2843 1062 2786 1202 322 1176 1395 1793 461 670 681 1534 1125 1757 2802 2404 2283 748 2479 2540 2645 2776 2829 2865 2931 3034 3037 3042 3116 96 113 128 791 884 1147 1210 1311 1416 2051 2056 2202 2119 
2078: 480 1297 844 1981 2076 2291 1298 563 1979 1980 2020 2118 2190 1428 1761 2847 2856 809 646 2293 2884 275 366 433 826 997 1556 2209 
1443: 480 1706 912 1475 1853 2285 792 2011 2282 471 2478 2712 2923 3099 3127 103 1147 1158 1916 1684 1609 
1450: 480 671 840 43 2285 711 1115 2635 2724 393 535 1062 2311 1292 2435 2563 3060 618 1387 
1021: 480 671 904 993 1549 2812 1239 1253 839 1469 1117 1707 2246 2419 2561 2673 3115 3125 63 179 1336 673 1238 879 2190 595 1015 1019 2323 2420 2441 2466 2507 2589 2951 3067 3128 7 171 393 412 456 461 468 535 670 686 782 874 881 895 987 2154 1728 1224 1885 1891 1669 2125 1777 1671 2037 1405 1494 1040 1164 1310 1071 1202 1682 1590 1337 1705 1600 1924 1176 1538 
2233: 480 43 673 711 670 2143 
1952: 480 2123 2387 2296 727 1632 
951: 480 1253 1117 2808 3115 50 179 384 2603 3 595 1906 2421 2624 3128 1331 1070 2854 2468 868 
1789: 480 671 1662 1078 840 204 1291 1296 1297 800 2076 2213 2419 2633 2710 3014 3115 221 463 1240 1298 1336 2285 139 484 31 2724 2099 2282 2924 783 987 1176 670 1538 1568 2311 541 2422 2231 184 271 2294 2386 2502 2540 2968 2985 3016 122 366 398 628 719 802 872 895 1095 1264 1310 1362 1429 1749 2225 2148 1996 
1976: 480 1549 1321 2822 1253 1255 2400 2561 2618 2955 43 105 333 463 745 786 746 1851 530 1746 2724 393 338 1062 1870 2253 430 448 597 783 1086 1247 2401 2672 209 227 748 811 863 895 1331 1522 1840 2144 
1977: 480 671 904 993 1549 2812 1078 840 1239 2346 1253 1291 1981 1513 2076 2290 2368 2400 2419 2472 2618 2835 2927 3085 3115 390 397 463 745 1767 825 1336 1851 1475 2285 139 151 619 711 1014 2118 2190 226 367 458 554 595 937 1816 2322 2466 2724 3152 1891 2126 289 1600 580 841 1133 1134 1453 2037 2085 867 1062 2282 2862 2566 2601 677 700 2411 597 2125 2768 1176 611 681 1337 1428 1534 1538 2951 2447 2965 412 985 3128 1650 232 497 1220 3110 1396 2511 266 1437 1544 1617 2379 2412 2478 2479 2699 2702 2734 2826 2836 2923 3126 7 103 133 142 157 194 379 411 482 646 654 676 758 773 845 874 1053 1095 1130 1150 1173 1200 1221 1493 1550 1553 1698 1702 1802 1824 1836 1841 2110 2129 2072 2162 
1476: 480 671 904 993 2437 1078 840 844 1981 2633 3085 179 434 1980 607 2724 2420 2421 681 2965 386 1836 1556 2558 
969: 480 671 904 1785 2203 1078 1400 1409 2419 2932 43 50 750 673 849 81 1014 657 2134 2392 2581 672 670 481 180 1174 1540 1875 2226 647 2967 717 2101 639 815 1992 377 2930 106 135 516 1915 1357 1201 1147 
1485: 480 904 1706 2437 1188 1321 837 1239 1253 844 1981 1513 2246 2368 2405 2444 2561 197 221 315 399 1238 901 711 2190 2606 595 1015 1115 2255 2258 2323 2403 2407 2478 2479 2569 2693 2716 2724 2745 2834 2951 3043 3045 76 145 349 398 412 499 597 600 624 811 823 843 989 997 999 1135 1154 1263 1274 1428 1816 1905 2176 2148 1933 1827 1560 2106 1855 2152 1870 
1491: 480 844 57 855 705 3152 670 337 3149 2403 110 739 
982: 480 840 399 463 1115 3152 460 1870 1753 1176 1840 2311 2447 2745 328 2068 983 
2049: 480 671 1297 2142 750 1792 672 
1496: 480 1002 
484: 480 993 1706 3142 1785 324 82 88 136 204 1291 1400 959 1050 2076 2291 2405 2472 2633 2846 43 315 479 1767 1789 2973 2245 435 2249 2255 2267 2323 2540 2589 2596 2602 2606 2706 2739 2740 2744 2754 2802 2825 2884 2951 3010 3023 3066 3088 3121 3128 15 31 58 61 64 111 189 272 273 367 391 406 412 430 466 481 1757 1768 1769 761 1279 1643 794 1816 1309 810 1841 1338 1361 1364 1924 1435 936 950 1971 597 1979 1985 971 1995 2021 494 499 504 1524 2043 534 1054 1211 1097 2118 595 1133 1645 2162 546 1154 1162 654 1164 2190 668 1181 1719 1214 1219 1220 720 
2017: 480 671 904 1549 1706 1785 524 1321 1078 324 840 1239 88 208 1390 959 1469 2035 2290 2561 2618 2755 3056 3085 3125 43 105 197 434 450 745 2010 1774 673 1238 1509 2190 561 595 1410 1705 1825 1906 2009 2097 2227 2356 3068 2724 1708 2485 1133 2179 1062 2581 309 2398 597 599 672 1247 1153 1176 2323 670 2965 1290 2266 1250 2273 2308 2382 2439 2470 2474 2479 2532 2563 2575 2589 2702 2748 2832 2990 2992 3100 3126 3130 3133 93 101 142 150 158 172 294 311 316 379 391 437 508 601 644 647 712 756 795 815 838 857 872 891 893 1053 1067 1073 1076 1097 1171 1362 1379 1430 1480 1562 1563 1617 1687 1689 1710 1730 1756 1784 1797 1826 1987 2013 2034 2055 2222 2226 
2028: 480 1078 2846 2214 657 705 2011 1740 672 1403 1064 2760 
1520: 480 1706 88 1296 1297 1400 1519 2618 2696 397 1298 1851 1149 29 118 1559 1896 2118 31 1906 2322 15 677 2268 2540 2829 3110 266 345 519 1295 1761 1898 1954 1574 1813 
2034: 480 1549 2287 1255 1949 1950 2035 2045 2076 2290 2400 2618 2696 2948 43 221 397 429 463 1330 1851 2017 2817 2555 423 1746 2039 2356 1852 393 2080 1062 1870 2809 783 2464 2175 670 1568 2447 816 1290 2267 2338 2483 2826 3015 3126 71 119 142 364 610 616 676 874 876 1018 1171 1177 1331 1352 1356 1544 1694 1754 1819 2202 2090 
1015: 480 671 993 1266 1706 2959 3005 193 1321 840 1239 88 201 1252 1253 1291 1296 1297 800 844 1881 2035 578 1117 2246 2419 2444 2472 2506 2561 2673 2835 2855 3115 3157 43 179 197 212 221 399 1240 1767 746 825 1336 1238 1021 1485 1599 2214 574 2987 935 2459 540 1014 1445 2020 2857 3009 226 367 588 589 595 933 937 2249 2294 2323 2352 2358 2370 2372 2373 2421 2478 2481 2495 2515 2579 2624 2678 2730 2743 2748 2788 2794 2802 2807 2880 2895 2922 2951 2961 2980 3023 3039 3068 3075 7 58 91 103 111 158 168 202 272 289 322 369 379 398 403 455 550 597 599 612 654 670 680 721 770 801 841 881 895 903 1002 1245 1761 1256 1802 1816 1821 1827 1338 1362 1432 1884 1885 1891 2117 1934 1428 2125 1961 1975 1982 2009 1506 1018 1020 2057 1040 2075 2085 1068 1590 1085 1094 1099 1705 1625 1453 1133 1906 1151 1152 1670 1164 2164 1696 1198 1726 
2037: 480 671 432 447 2346 2714 208 2488 2618 2673 2755 2835 2846 2932 221 267 315 450 1240 806 825 1901 1021 1977 1509 523 595 658 1151 1906 2810 2356 2333 2724 2485 15 2249 369 1133 2258 2439 2545 2566 2702 2775 2777 2849 2929 2963 3058 3155 46 157 259 339 428 459 516 528 542 549 587 610 670 886 964 976 988 1023 1040 1043 1045 1111 1176 1389 1433 1434 1468 1538 1552 1563 1590 1602 1608 1645 1739 1749 1756 1834 1908 1963 2016 2193 2041 2064 2099 2121 
1019: 480 671 904 993 1266 1706 2437 205 1239 204 1253 839 1469 1513 2035 1117 2246 2291 2368 2419 2472 2615 3014 3085 3115 43 179 197 390 463 1336 673 1021 27 711 879 1479 2613 2857 2606 458 595 607 705 2248 2255 2294 2345 2386 2420 2421 2447 2454 2479 2540 2566 2587 2589 2601 2637 2684 2712 2724 2769 2775 2794 2810 2905 2921 2951 2988 3075 3120 3128 103 172 232 271 289 369 391 393 412 413 430 440 445 461 472 535 597 599 611 612 618 628 636 643 654 670 672 747 748 783 801 823 841 867 878 881 883 903 995 1013 1756 1256 1777 1245 1275 1793 1310 1085 1328 1840 2191 1337 1338 1855 1428 1870 1888 1891 1906 1396 1403 1934 1802 2011 2012 1506 1538 2057 2064 1053 2114 1799 1480 1821 1153 1672 1162 1682 1176 1912 1696 1199 1202 2231 1729 1740 
1532: 480 2400 2618 825 855 906 2011 2134 2333 2897 2033 670 462 618 2950 1082 1195 1915 
1538: 480 993 1266 1585 1586 2163 2437 2959 3063 3162 1785 543 432 1078 710 1239 2408 3144 1949 959 1981 2444 2561 2618 2633 2846 3002 3115 3124 197 221 1767 1774 1804 825 1350 1238 1021 1789 1977 2037 1019 1123 2973 1980 2606 554 561 595 1816 2227 2739 15 1085 1823 2258 624 92 1681 597 2672 2267 2268 2306 2350 2359 2427 2439 2499 2534 2586 2596 2604 2608 2802 2803 2865 3010 3045 3122 40 96 195 271 272 273 296 337 342 355 425 481 541 584 646 663 754 845 932 1079 1084 1165 1167 1168 1243 1372 1380 1757 1803 1858 1726 1892 1615 1975 1996 2043 2064 1567 1571 1619 1702 2224 1722 
1258: 480 904 1706 1078 1253 2142 3011 43 315 2190 2252 634 2356 1671 2330 2601 2308 2323 2479 2495 2616 564 713 1201 2137 
2060: 480 855 2118 705 670 816 2540 1924 2351 3130 832 
1803: 480 671 904 2800 2812 1078 1297 799 844 3085 43 1804 673 1538 2322 2724 535 1911 1062 672 783 670 541 2231 497 2679 1571 
1463: 480 671 904 1549 2035 2561 221 2285 29 2168 2481 1885 1062 1163 2282 2736 1068 497 145 398 478 1152 1199 2170 1821 1995 
530: 480 671 1549 3142 1321 324 2822 204 1253 1255 844 2246 2400 2472 2561 2755 2846 2932 2955 3085 43 105 107 333 397 463 745 1767 786 746 1330 1851 673 1976 906 17 2249 2253 2258 2294 2377 2398 2420 2481 2495 2540 2569 2616 2721 2724 2743 2807 2882 3032 15 92 209 322 332 369 391 448 462 1247 1259 1276 773 783 785 1310 1840 748 1858 1885 1396 1522 1465 1023 534 535 1053 2080 532 561 1086 595 597 2139 1136 1141 1225 672 1682 1176 670 1181 1193 2231 2235 1746 
2075: 480 904 993 1549 2761 1785 840 959 2035 2710 3085 806 673 1015 1853 2190 31 226 1715 2481 2312 1911 241 1062 1086 1153 2036 2493 1430 2802 184 271 973 1617 2713 1184 1982 1332 3156 1661 2775 1310 877 2969 2428 316 2611 2660 2748 3066 101 108 122 276 410 894 941 1061 1070 1264 1749 
548: 480 671 904 993 1706 2163 2287 208 1296 1297 1117 2710 3011 2285 937 1302 1705 2006 2333 2724 15 977 2282 1729 2323 2311 219 2448 2712 2767 379 1249 642 1294 1854 1365 
1571: 480 671 2800 2812 1785 1078 1297 799 844 3085 43 390 1804 673 1538 1803 1978 2724 535 1133 672 783 1793 670 1337 541 2231 3093 
554: 480 671 904 993 1549 2800 2812 3005 1078 840 88 2246 2513 3085 3125 43 362 780 673 1977 1538 1475 2285 574 711 2252 458 2282 2441 2575 2624 2695 2724 2776 2783 2921 3110 0 101 159 329 393 535 551 2231 1887 926 632 845 1664 1793 2179 2126 783 2139 919 670 672 1310 1824 618 1453 2094 1202 1490 889 834 581 1729 588 1430 1359 1362 1773 
1576: 480 524 525 2846 1760 825 563 805 879 1900 2118 2619 2254 1288 190 207 1025 1199 1713 1592 1606 
561: 480 671 904 2959 524 1321 1078 324 840 1239 204 208 1253 799 1390 2213 2246 2561 2618 3085 43 105 107 197 333 745 2010 1774 746 2017 1538 530 487 2323 2377 2470 2471 2474 2540 2724 2759 2946 3037 338 391 535 1756 1247 1379 1396 1245 1276 785 670 595 1136 618 2222 1076 2226 2227 1337 1858 1870 597 599 
874: 480 671 1549 2287 1255 799 1949 1950 2045 2290 2400 2618 2688 2696 2948 3085 43 221 397 463 1330 1851 1021 1977 2034 2817 2555 31 423 1746 2356 1671 1852 2080 1062 2809 783 2464 2175 461 670 1568 610 1331 2231 71 164 364 1171 1352 1544 3126 119 616 676 773 2338 2483 2577 2826 3003 3015 3111 137 142 275 686 1754 876 2202 1018 1694 1047 1819 2090 1356 1836 
563: 480 993 1706 2437 2959 3142 193 1481 2766 1296 1297 844 1981 2076 2368 2405 2855 3011 197 463 806 1336 2078 1576 477 2214 29 2245 151 435 540 2254 2322 2350 2352 2386 2392 2518 2601 2613 2619 2626 2628 2705 2863 2891 2951 2972 3022 13 15 138 209 226 232 245 247 367 499 793 1816 805 1839 1854 1375 1900 927 931 1442 934 1980 2056 1545 1551 1556 1054 1593 1086 2115 2118 597 1617 1114 643 646 1156 1671 1184 677 2208 1606 1199 1713 1208 
1073: 480 671 904 1549 1706 2959 1078 205 2419 43 2017 2190 2613 2724 1891 1885 2420 92 867 2489 1176 1793 3128 2369 2564 2939 3029 709 2148 
2097: 480 671 904 1549 1078 840 1253 1117 2246 43 450 780 2017 435 1115 1742 2311 2323 2344 2386 2455 2491 2702 2724 2745 2807 2844 2921 3037 19 141 172 309 445 535 670 913 983 1141 1169 1181 1288 1362 1396 1453 1539 1786 1891 2027 2095 
876: 480 1549 2287 2959 1253 1255 1949 1950 2045 2290 2400 2618 2688 2696 2948 3085 43 397 463 1330 1851 2034 874 2817 2555 423 933 1746 2356 2481 1852 15 393 1453 2080 1062 2809 783 2464 461 670 1568 610 1331 2231 71 364 1171 1352 1544 3126 2807 119 616 676 773 2338 2483 2826 2931 3015 13 142 1754 1018 1819 2202 1694 2090 1047 1356 
2064: 480 671 993 310 2419 3124 43 221 2037 1019 1538 2987 2459 2695 289 1600 2420 393 535 1855 1870 2125 1176 171 670 681 1337 2951 2447 412 1220 2888 436 1053 752 1456 1728 2358 1164 53 456 1109 1200 
2116: 480 2076 2368 745 2242 2266 2348 2363 2397 2407 2451 2458 2566 2582 2617 2635 2700 2741 2847 2865 2882 2884 2967 2983 2994 3010 3055 3079 35 39 95 187 281 282 316 318 367 660 736 814 838 875 923 1038 1083 1094 1100 1228 1250 1270 1279 1402 1539 1556 1680 1703 1714 1798 1806 1932 1934 1945 1946 1947 1965 2172 
1098: 480 1291 1400 2213 435 1439 607 841 2951 2686 2273 2455 2538 2547 2706 2776 2961 2964 3069 3074 443 637 706 1524 1374 1935 1363 
595: 480 501 671 904 993 1706 2593 2437 2761 2812 2959 3005 1785 1321 1078 324 710 837 840 205 1481 1482 2123 1239 132 208 1253 1291 800 839 844 1390 959 1469 1489 1881 1513 2076 1059 640 2213 2246 2290 2298 2368 2419 2444 2472 2561 2618 2673 2835 2855 3085 3115 3124 43 105 179 197 221 333 390 397 434 450 479 1240 1763 745 1767 750 2010 1774 746 1330 1336 2108 854 855 673 1238 1021 951 1977 1485 484 2017 1015 2037 1019 1538 530 561 2698 1599 2214 935 27 404 711 1479 1980 2020 2190 3009 31 458 577 588 2271 2286 2292 2294 2306 2308 2314 2317 2320 2321 2323 2352 2358 2362 2364 2370 2386 2420 2421 2448 2454 2468 2470 2474 2478 2481 2518 2534 2543 2545 2557 2558 2578 2586 2589 2601 2608 2616 2659 2663 2668 2678 2724 2739 2740 2769 2775 2799 2802 2803 2807 2810 2832 2836 2856 2870 2884 2888 2890 2895 2897 2922 2933 2951 2961 3081 3086 3093 3094 3112 3113 3120 3128 7 11 15 40 48 58 64 92 94 101 103 109 111 117 137 145 158 172 195 196 202 228 232 256 264 271 289 322 335 355 363 385 391 394 395 403 412 413 425 430 445 446 451 456 461 510 532 534 535 549 591 597 599 611 618 628 644 649 654 670 672 680 712 727 729 741 747 794 796 803 808 841 843 865 933 987 995 1053 1068 1087 1094 1097 1099 1111 1116 1122 1133 1134 1151 1159 1162 1164 1166 1175 1176 1177 1195 1198 1202 1243 1247 1076 1292 1310 1317 1337 1362 1372 1379 1432 1447 1453 1468 1551 1590 1604 1625 1670 1682 1698 1705 1726 1732 1746 1747 1751 1754 1756 1757 1759 1764 1768 1777 1799 1802 1814 1816 1817 1824 1835 1876 1885 1888 1891 1906 1921 1928 1933 1934 1954 1961 1975 1978 1982 2015 2018 2023 2072 2106 2112 2117 2125 2127 2131 2175 2185 2191 2198 2222 2226 2227 
1617: 480 904 993 1266 1549 2163 1321 1078 840 2346 132 204 1253 1291 1297 844 1981 1518 1707 2400 2845 3085 3115 3157 43 221 1612 1977 2017 2075 563 1475 1853 2285 574 139 151 435 711 1479 2020 2118 2190 138 226 458 589 930 933 937 1312 1715 2322 2481 2392 2724 1671 1891 1885 2085 2099 2545 3075 1062 2282 2862 2566 700 2768 322 950 2624 1428 1534 2965 1650 1396 266 2295 2316 2428 2479 2540 2579 2702 2712 2807 2832 2933 3116 3156 125 133 207 242 296 318 379 409 411 569 605 644 647 654 720 791 832 932 1053 1168 1173 1225 1249 1363 1462 1467 1517 2187 1913 2162 1687 2226 1749 
599: 480 671 904 993 1549 1706 2959 193 1321 1078 324 840 1239 208 1296 1390 1881 2213 2472 2561 2618 2633 2673 2845 2932 2949 3070 3085 3115 37 43 105 197 221 397 434 463 745 2010 1774 746 825 1851 1238 2017 1015 1019 561 595 2987 523 711 2020 2190 17 138 167 1906 2227 2785 2356 2635 2724 1852 1891 332 535 841 2258 92 1062 2566 2601 2253 542 597 2257 2271 2294 2310 2323 2470 2474 2540 2589 2616 2624 2664 2721 2775 2854 2867 3037 3110 3155 7 91 417 482 497 1756 1247 1801 1310 1324 2053 1379 1899 1389 1441 1433 932 2125 1465 2226 1480 2007 2043 1023 1076 1596 1087 603 618 1176 670 672 676 1704 2222 698 1726 712 1220 726 
601: 480 671 904 1549 2959 1078 840 205 204 799 2770 2927 3085 1330 673 2017 1149 931 493 577 2392 2724 2739 1671 1891 1133 2179 2282 2323 1993 670 1428 2965 2686 1331 271 2576 2832 2920 100 110 156 1037 1053 1440 2226 1219 1362 
1111: 480 671 993 3005 1078 840 1239 3115 43 1851 2037 595 711 2649 2356 2635 2724 672 1202 2125 670 1259 625 816 999 3035 995 1664 1883 1053 259 354 2395 2609 2731 642 790 1135 1467 1856 
604: 480 2290 221 397 1746 393 2407 1870 1753 1465 2965 1292 2401 884 
610: 480 671 1549 2287 840 205 204 1253 1255 1949 1950 2045 2270 2290 2400 2618 2696 2755 2932 2948 2949 3085 3157 43 221 397 1774 1298 1330 1851 1238 2034 2037 874 876 1426 2817 2555 423 1746 2356 2724 1671 1852 15 393 1133 2080 1062 1870 2809 1288 2398 783 2464 1176 670 1568 2326 2338 2483 2602 2826 3015 3032 3038 3126 71 119 364 391 598 1754 1819 1836 748 1858 1352 1356 1464 1018 1544 1053 2090 616 1141 1171 2202 1694 676 2231 
611: 480 671 904 993 1549 2901 524 1078 840 1239 204 1296 1117 1707 2290 2615 3011 3014 397 463 1767 1851 1977 1019 595 711 1014 2020 2190 31 226 469 1425 2785 2356 2724 185 617 1885 393 841 977 2080 2258 92 358 1870 2282 2837 677 2924 1086 2308 2311 2447 2776 2780 2797 3110 7 112 155 194 200 417 516 1200 688 628 845 1337 1292 1810 2202 676 1447 1836 1074 1849 1483 644 964 
1123: 480 671 2346 132 1296 1297 800 1518 1519 1117 2561 2808 3011 43 221 1298 673 1538 2241 880 2289 2299 2300 2323 2460 2539 2540 2634 2659 2702 2713 2724 2799 2807 2829 2931 3104 3152 3 114 118 353 367 392 478 632 712 718 728 1086 1376 1626 1639 1514 1395 1515 1855 2183 1295 1137 1689 1440 1317 2090 1328 1329 1715 1847 1854 2083 
616: 480 671 1846 2287 2959 193 1255 1291 1949 1950 2045 2290 2400 2488 2618 2696 2710 2948 3085 3157 43 221 397 1851 2034 874 876 610 2817 2555 423 1214 1746 2356 2724 1671 1852 2062 2794 2080 1870 2160 2809 783 2464 670 1568 2447 71 364 898 1171 1352 1544 3126 2540 119 2338 2471 2483 2589 2826 2869 3015 1754 2202 1018 1550 1694 676 1702 2090 1819 944 1356 1836 
1130: 480 671 1549 2163 1484 2400 2561 2615 2755 3085 43 422 1774 673 1977 2724 15 1085 535 2862 322 670 947 2447 1292 2502 227 529 2504 883 
2151: 480 2408 1469 1117 2368 83 179 390 575 2459 577 1626 3152 15 841 1133 1338 1678 1777 412 3128 386 649 676 2713 646 794 2460 768 101 1164 22 172 961 1227 1244 1433 1734 2145 
1644: 480 
1478: 480 3005 1785 1078 837 840 1481 2766 298 356 1291 1981 2472 2846 179 463 854 855 902 2214 574 711 1479 1979 1980 2128 2190 589 705 1545 1816 2392 2739 2126 15 1133 1134 241 672 461 670 232 623 64 532 1434 462 2824 2825 111 1162 354 472 1847 2403 2492 228 1405 2069 2212 1719 
629: 480 2959 1291 2213 2835 399 1014 15 2552 3102 670 520 328 753 1432 1668 
641: 480 1785 205 204 1390 1884 2387 903 1969 1632 
646: 480 993 1706 2203 678 1078 205 204 1253 1291 1296 1297 1316 1981 2076 2291 2633 3002 57 105 179 434 1763 806 2078 1977 1538 563 2151 1509 435 711 931 1054 1448 1479 1941 2649 138 1545 1884 2126 2420 1133 1823 2407 2601 1288 3030 1013 643 1903 1220 3019 649 2340 2456 2463 2765 2771 2776 3132 421 441 455 507 645 1769 739 781 1817 1824 817 824 1985 1351 1363 1893 893 1524 1017 1631 1556 2077 1070 1609 2146 1654 1672 654 666 1195 1713 1747 1224 719 727 
1567: 480 671 2800 2812 1078 799 844 2710 3085 43 1804 673 1538 574 2724 535 672 783 1793 670 541 2231 497 2775 2455 1888 
973: 480 671 904 1549 2437 2812 840 2035 2213 2472 3085 43 390 429 2010 1804 1336 2075 2285 2211 2481 1085 3119 1062 2282 1153 1793 1337 1534 1383 2740 1768 2294 3088 155 328 698 1883 1433 1893 2054 1548 1435 1310 1070 1221 1745 
1908: 480 671 904 1785 1291 1400 2618 2855 3085 43 221 825 1336 2037 2285 711 2128 1425 1600 2258 1870 2282 2175 3055 2352 2403 2447 2951 3088 7 500 520 1199 1220 1292 1548 1779 1888 
1164: 480 671 1662 432 205 1239 1469 1981 1117 2368 2419 2633 2932 221 390 479 1240 1767 1021 484 1015 2064 595 2151 2459 619 711 658 1746 1764 1906 1978 2810 2333 2481 2485 15 289 617 841 1002 1133 1134 2897 2566 542 1096 3155 114 670 1777 1292 2663 2226 2702 2706 1429 1731 1587 1622 1822 1468 101 2367 2681 55 154 172 506 512 516 703 779 926 1781 1802 1309 1493 1529 2072 2153 2143 1166 1191 1195 
2080: 480 671 1549 2287 1321 1255 1949 1950 2045 2270 2290 2400 2618 2696 2881 2932 2948 2955 3085 43 212 221 397 463 1774 1298 825 1851 2034 530 874 876 610 611 616 1289 2817 1072 2555 423 1746 2356 2481 2724 1852 2126 15 2249 332 393 534 2323 2338 2375 2398 2447 2464 2475 2483 2654 2809 2826 3015 3126 71 92 119 364 461 632 670 676 783 884 1018 1047 1062 1171 1279 1308 1317 1346 1352 1356 1405 1544 1568 1688 1694 1754 1819 1870 1946 1947 2090 2175 2202 2235 2083 
1087: 480 671 904 1846 2959 193 402 1253 1255 1484 2955 43 221 746 595 599 2020 17 1906 15 2258 92 2253 542 597 987 2447 2556 2616 2951 3155 7 2053 1441 1704 1465 2131 
1684: 480 1706 3005 1291 2970 912 1443 1475 1853 2285 458 3152 2407 2282 2601 918 471 2478 2712 2923 3099 103 411 1147 1502 2164 1916 
1292: 480 1266 1846 2959 1481 2714 2766 88 357 1253 1255 844 2213 2368 2400 2472 2710 2835 2932 2934 2955 3085 212 390 399 463 1774 806 1336 1851 855 1450 595 604 611 1130 1908 1164 906 1599 487 31 705 1115 1588 1884 2006 2134 289 393 841 1138 1338 562 1232 2033 2862 1288 878 1156 2323 461 670 1337 2951 353 2262 2269 2315 2329 2345 2379 2396 2404 2592 2663 2765 2801 2827 2882 2928 2944 3051 3059 3097 3146 3159 8 12 53 91 101 103 126 157 189 227 232 252 334 337 436 514 538 731 735 755 797 832 891 1017 1040 1094 1106 1159 1195 1199 1220 1775 1333 1299 1836 1332 1370 1905 1934 1435 2042 1456 1468 1543 1556 1847 1615 2127 2162 1821 1672 2216 1749 
1176: 480 993 1266 2163 2629 3005 525 432 324 1239 2822 201 208 1255 1881 1589 2400 2405 2472 2488 2561 2618 2670 2755 2784 2909 2912 2914 2932 3085 3115 3124 3157 177 197 315 399 463 1760 2010 1774 1612 2232 746 825 1845 1851 855 1378 1350 1238 902 1424 1021 1789 1977 982 2017 2037 1019 530 1073 2064 595 599 610 2285 1289 1917 523 879 2607 138 161 246 607 705 933 1287 1425 1715 1746 2009 2785 2333 2481 3136 2255 2897 2258 1933 92 1071 2566 542 597 783 1247 1465 3155 2616 881 2260 2294 2323 2329 2376 2435 2439 2448 2474 2480 2504 2512 2526 2527 2531 2567 2579 2584 2589 2702 2722 2728 2729 2777 2797 2849 2928 2946 2983 2992 3037 3050 3069 3127 3149 23 69 77 96 122 150 157 159 168 209 235 240 257 274 424 452 456 461 471 478 485 527 528 551 598 649 670 676 733 802 826 960 979 985 988 994 1016 1045 1082 1125 1141 1755 1756 1256 1503 1931 1812 1322 1323 1324 1836 1841 1847 1259 1360 1872 1372 1775 1937 1614 1468 1470 1494 2012 2016 2026 1975 1379 1565 1499 1590 1608 1620 2162 1800 1965 2217 1716 2115 2172 1733 1495 1325 
670: 480 671 1266 2287 3142 1321 432 324 837 840 1239 2766 2822 2851 356 1255 1297 844 1914 1484 1489 1117 2290 2368 2400 2450 2472 2488 2506 2513 2561 2615 2618 2696 2755 2773 2814 2846 2855 2881 2932 2934 2948 3085 3096 3115 3124 3125 3157 2 43 50 57 63 105 107 144 177 197 212 221 315 333 390 397 399 422 463 1760 745 2010 1774 1612 780 1804 786 2232 806 746 825 1336 1851 854 855 1901 673 1238 1424 1021 2233 1789 969 1491 2017 2034 1015 2037 1019 1532 2060 1803 530 1571 554 561 874 2097 876 2064 595 599 601 1111 610 616 1130 1478 629 1567 1164 2080 1292 1176 906 1149 2285 29 619 711 1014 1072 1479 87 138 588 592 705 1115 1425 1799 2011 2139 2466 11 369 499 841 1002 1138 1338 2258 624 1062 1232 2282 1286 597 672 783 1395 1403 2012 90 413 461 2379 2393 2403 2531 2558 2564 2569 2827 2841 2847 2856 2928 2950 2951 2990 3015 3032 3060 5 25 46 53 101 104 157 222 262 271 272 320 337 379 462 569 621 1756 743 1775 785 1847 1821 1824 1827 816 832 1337 1854 1876 1879 1887 731 915 2157 1329 1458 964 1486 1625 1040 1634 1053 1152 1225 1175 1840 676 2216 1199 1716 
672: 480 671 904 3142 1321 1239 1253 1255 844 1914 2400 2450 2472 2506 2561 2618 2696 2845 2846 2855 2932 2934 3011 3115 3124 43 57 105 107 144 177 197 333 463 1774 1612 1804 806 746 1336 1869 854 855 673 1238 969 2049 2017 2028 1019 1803 530 1571 554 595 599 1111 1478 1567 670 906 711 1479 87 705 933 1151 2139 2322 2333 185 2743 3021 92 867 934 1062 1870 2566 2253 597 2294 2349 2373 2379 2447 2467 2569 2751 2756 2826 2988 3032 3035 3039 3095 3156 101 234 320 374 462 567 600 618 621 748 1775 1368 895 1458 1535 1045 1046 1634 785 1053 1625 2157 1827 1225 
937: 480 1549 1706 3005 1785 1321 840 2346 1253 2076 1117 2246 2368 2444 2561 2784 2814 2845 2913 3096 3115 43 179 197 221 315 745 1774 2232 806 1336 2108 1901 1977 1015 548 1617 2285 2214 139 151 435 487 793 805 1054 1445 1479 1979 1980 2020 2118 2190 2523 2649 2891 226 367 589 2282 2316 2323 2389 2428 2447 2495 2545 2559 2579 2584 2641 2702 2724 2768 2777 2786 2788 2807 2862 2921 2951 3035 3075 3097 3099 3100 3102 3120 3152 245 266 272 289 379 486 569 596 598 647 795 830 841 873 1756 1757 1267 1245 1816 1593 1312 1337 1891 1387 1247 1434 1435 1961 2126 1462 1467 1705 1492 2007 1121 1053 2148 1650 2160 1654 2164 1200 2224 1214 1220 
676: 480 671 1549 2287 2959 3142 1239 1253 1255 1390 1949 1950 2045 2290 2400 2561 2618 2696 2755 2814 2932 2948 2949 3085 3157 43 179 221 397 429 463 1774 1330 1851 673 1977 2034 874 876 599 610 611 616 2151 2080 1176 670 1426 2817 1014 2190 2555 423 1746 2006 2039 2356 2724 1671 1852 1891 15 393 1062 1870 2809 677 783 2464 2175 2323 461 1568 1331 2231 71 164 364 1171 1352 1544 3126 2540 119 2338 2401 2483 2577 2721 2826 3015 3037 3082 3111 142 170 194 533 1754 773 1819 1836 1841 1356 2202 1018 1047 2090 1080 1537 1694 1198 1199 1219 
677: 480 904 1549 1706 1846 1785 840 1239 204 1291 844 1949 1950 2035 2290 2488 2618 2755 3085 3125 221 267 397 429 1760 1845 1336 1851 1977 1520 563 611 676 477 2285 1917 487 1014 1445 1980 2555 2252 458 1588 1705 1746 1764 1816 2356 2392 3068 2724 1891 535 202 596 867 1062 2282 2809 2862 2581 2601 2323 2345 2358 2589 2712 2721 2791 2825 2951 3006 3033 3093 13 194 259 276 291 413 494 541 647 1249 1836 1337 1088 1858 1396 1995 2021 1539 1305 1682 1702 2175 
1698: 480 356 1296 844 2465 2855 1977 595 435 931 2118 2466 2289 891 2432 2467 2570 2767 2889 319 1224 1272 1294 1365 1611 
680: 480 2959 1316 1117 2368 2835 179 390 1015 595 1182 1906 2779 2392 1133 1134 2897 597 643 649 494 240 2776 1985 296 2762 2836 2933 3106 94 645 1376 1672 781 
1149: 480 671 1549 840 1255 2045 2400 2561 2615 2618 2755 2932 2948 3157 43 105 333 397 1774 786 746 1330 673 1520 601 670 2239 2253 2282 2283 2285 2520 2705 2724 2869 15 17 92 332 393 785 1018 1062 1086 1672 1791 1979 1702 2090 1218 2117 1356 1645 
2204: 480 1706 2629 2959 1481 2076 2213 2633 221 854 1901 2118 367 589 1287 1816 1891 15 92 934 2174 1761 1943 1982 2771 903 1713 719 1340 2352 1435 1654 1986 2209 
1201: 480 1078 1253 2142 3011 969 1258 2190 2628 2198 1671 542 1247 3128 2957 564 2479 2495 
1716: 480 671 1549 2419 2615 3085 43 673 1176 670 1453 1090 2807 1440 1053 2667 1225 
1210: 480 671 1549 1291 43 1424 2011 1852 2184 1005 291 2479 3006 884 1634 1004 2521 3101 598 1927 
705: 480 671 2959 840 1239 2766 352 356 357 1253 1297 1914 1469 1489 578 2142 2246 2444 2845 2846 2970 43 50 57 1240 2232 806 1869 854 855 673 1491 2028 1019 2060 1478 1292 1176 670 672 29 2128 2403 2558 2592 2753 2827 2983 3108 3156 11 90 101 196 262 337 353 369 428 499 534 1879 1625 1199 1634 1284 2011 1458 1535 1143 1288 1933 1672 1604 1959 2139 2089 1220 
2083: 480 350 1253 1881 578 1707 2291 2670 1123 2080 458 1971 3152 1793 1534 2848 1068 104 999 2990 1317 2829 61 354 884 1128 1262 2135 
711: 480 1706 2625 2959 3005 1411 1321 837 1481 2519 208 1253 1291 1296 1297 1334 1981 1484 1518 2076 578 2246 2405 2406 2444 2450 2615 2673 2696 2835 2846 2932 2948 3096 3125 3157 177 197 212 315 390 1240 786 825 1851 1869 854 855 1901 902 1424 1450 2233 1977 1485 1019 554 595 1617 599 1111 611 1478 646 1908 1164 670 672 1475 1853 2245 244 435 495 619 2248 2255 2258 2263 2294 2313 2322 2323 2326 2333 2361 2371 2392 2453 2483 2485 2489 2555 2569 2584 2591 2607 2654 2660 2702 2724 2728 2736 2758 2777 2785 2797 2810 2836 2849 2951 2958 3015 3024 3033 3058 3069 3097 3122 3155 11 15 17 31 44 67 101 104 111 125 128 157 159 226 232 257 259 265 276 299 313 332 364 367 388 461 467 471 499 505 542 551 562 588 589 594 597 615 626 638 643 681 1753 741 1761 1766 1259 2012 1799 793 1816 1933 1312 805 807 816 2190 1839 2106 1332 826 1847 1848 841 845 2197 867 1379 2120 881 886 1911 1352 1913 1405 1014 1923 1428 931 1449 1181 1465 1979 1980 962 1472 964 734 1740 988 2011 1625 1541 1002 718 2032 2053 2174 2227 1556 1047 1048 1072 2094 1590 1896 1982 1386 2115 2118 1610 879 1473 2134 2137 1637 1646 2160 2162 1565 1906 2170 1154 2175 1705 1403 1713 1206 2228 1726 2001 995 1749 878 1665 2235 1746 
559: 480 1785 447 2822 3144 1390 1400 107 2214 487 634 1418 1588 1725 2392 2794 15 289 624 309 878 2921 77 980 1367 1563 1757 2269 2274 2336 2349 2351 2386 2471 2806 2869 2888 2963 2967 2976 3153 217 344 372 394 472 520 549 1758 1631 1132 2115 630 1905 1034 2054 913 1295 892 1569 1198 719 1237 
1734: 480 1469 1117 83 390 2151 1906 841 2545 541 1892 1331 2806 1434 768 2403 
719: 480 3005 2346 1291 1296 1981 2213 2633 3157 854 1789 646 2204 559 1900 1979 1980 2020 2118 2649 1816 2117 1891 2126 2174 1681 1551 647 1877 1982 2771 3093 1573 2609 2900 5 376 1654 1022 2209 1969 
2090: 480 671 1549 2287 324 840 1252 1255 1409 1949 1950 2035 2045 2290 2400 2472 2618 2696 2948 3085 3157 212 397 1770 1851 2034 874 876 610 1123 616 2080 676 1149 2817 2555 423 1746 2356 1852 15 3102 2099 2809 1681 3030 2398 783 987 2464 2175 1568 3041 231 836 862 3059 71 364 1171 1352 1544 3126 2540 119 1018 1356 1694 1754 1819 2338 2432 2483 2589 2658 2721 2760 2826 3015 200 520 859 1234 1440 1473 1821 1836 2202 
2235: 480 993 2287 2959 1255 2400 2835 2949 333 745 746 1851 530 2080 711 540 2649 3022 1705 1891 1600 2258 92 202 2253 1023 1086 1247 2616 3127 3134 155 266 341 343 686 741 1119 1259 1493 1553 1999 
1746: 480 671 904 1549 2287 1321 1078 2408 2822 1255 1296 1949 1950 2035 2045 2246 2290 2400 2561 2618 2696 2710 2755 2932 2948 2949 2955 3085 3157 43 105 197 333 397 463 1240 745 1774 786 746 1851 1976 2034 530 874 876 595 604 610 616 1164 2080 1176 676 677 711 2090 2285 1426 2817 495 1445 1479 2190 2555 423 1115 2253 2282 2323 2338 2356 2392 2464 2481 2483 2566 2685 2724 2809 2826 3015 3126 41 71 119 232 238 256 364 393 403 448 497 597 609 632 709 783 881 1018 1062 1086 1145 1166 1171 1199 1232 1247 1352 1356 1534 1544 1568 1622 1694 1754 1819 1836 1852 1870 1891 1970 2202 2231 
1749: 480 904 993 1549 1586 2959 204 1291 2368 2472 2710 3014 3115 806 1789 2037 2075 1617 1292 711 1509 810 1338 2951 1013 184 1924 2608 1332 2775 1609 1455 1590 3093 1461 101 2471 1070 1854 2595 2611 2660 2836 2869 2993 147 410 456 1061 1200 
2268: 501 993 2437 2959 1078 710 2833 2213 1767 806 1520 1538 2211 1715 1764 1978 2739 1855 2545 980 337 1619 2754 1380 1563 1757 1975 2802 42 615 1768 2013 2015 2686 2986 
2452: 501 1481 2346 2353 2443 2766 350 356 357 775 1296 1297 1318 1400 1914 1489 1518 1519 1050 1589 578 1089 2142 640 2213 2368 2419 2673 463 87 577 1182 15 535 1133 241 2601 1704 3048 2421 1428 232 2377 862 49 975 2659 462 348 1233 1751 2578 1048 12 115 116 117 349 363 1194 1391 1557 1778 1795 2098 2191 2565 2546 2952 
2482: 501 1639 980 1757 2224 2776 2225 308 
2487: 501 1316 2076 1707 2419 2835 588 2334 2300 1002 2025 2836 
2534: 501 993 2305 3063 543 447 959 1117 1538 595 1002 2601 2267 1193 1367 1120 1121 1209 2046 2063 3106 2750 
2540: 501 1266 2959 1321 432 1239 2353 2408 2519 82 208 356 357 1253 1296 1297 800 1318 844 1949 1950 1489 1518 1519 1050 578 1089 1117 2142 1408 2400 2419 2472 2618 2932 2934 3085 3115 3124 3157 105 107 179 197 315 333 745 2010 1774 1298 806 746 1851 1238 1424 1789 484 1520 1019 2060 530 561 1617 599 1123 616 676 2090 1289 118 487 619 879 31 226 1214 1425 1906 2139 2356 2466 15 1002 2099 3119 2179 92 2837 2716 2717 1465 114 878 2185 2740 180 2308 2283 2352 2467 2500 101 103 117 170 172 209 242 387 472 549 555 594 606 618 808 811 926 984 1017 1069 1094 1109 1166 1295 1332 1379 1575 1898 1921 2077 2829 2869 2963 3161 3127 3027 3149 2659 2685 2705 2939 
2776: 501 904 2593 2437 1411 1785 543 2203 678 1078 205 2346 204 1253 800 1981 2045 1117 2506 2513 2773 3085 179 825 1424 554 1098 611 646 680 2482 31 930 1320 1425 1545 1764 1978 2810 534 977 1133 2057 241 1753 430 448 1369 239 1395 1421 272 980 1726 2422 862 1220 1457 184 1889 3126 809 1924 2713 1533 2960 494 1374 688 7 1122 2775 2538 549 1120 1181 877 666 2313 2329 2344 2365 2504 2600 2642 2742 2760 110 115 122 156 186 428 544 560 566 568 735 808 829 858 978 990 1082 1092 1114 1129 1307 1435 1498 1527 1603 1724 2043 2114 2208 2228 2791 2815 2992 3033 3040 
2967: 501 2437 1589 2291 179 1770 969 2116 559 1451 3030 231 2825 349 1821 
29: 501 993 2800 1785 205 1481 2353 2519 2714 201 204 350 356 357 1252 775 1296 1297 1318 1334 844 848 1400 1407 899 1949 1950 959 1484 1489 1881 1513 1518 1519 1050 2076 1059 1589 578 1089 2142 2419 2673 3157 745 825 855 1520 1463 563 670 705 2241 2273 2311 2345 2365 2377 2421 2565 2578 2581 2596 2640 2659 2799 2803 2829 2952 2973 3116 3151 228 1246 1248 1778 252 1795 1293 1295 1310 1823 1353 349 862 1372 865 500 1578 1892 1391 1903 1428 413 1435 425 1451 1452 967 1988 487 489 494 1521 1530 101 1042 534 2072 564 565 56 1077 2098 1595 1596 1090 87 2139 1637 1133 137 147 40 697 1220 49 1233 
228: 501 993 1846 2629 1785 837 205 2898 1252 1950 959 1513 1117 1408 3014 179 479 1774 595 1478 29 2973 1626 2724 2739 2683 617 1338 2095 3030 980 668 1563 1757 1892 2427 2957 184 271 365 2775 1310 2101 932 1181 1094 122 1265 398 3106 3132 1376 2494 2586 2660 3082 200 961 
289: 501 2163 3005 3063 1785 1321 1078 1239 2443 2714 1252 1255 1269 775 1297 1407 1589 578 1707 1408 3014 3157 221 463 1240 2010 855 673 902 1977 1015 1019 2064 595 1164 1292 937 559 901 619 805 879 1896 2857 577 930 1451 1545 1742 1799 1825 1884 1906 2009 2011 2227 2312 2255 1708 2248 2258 2261 2384 2395 2422 2429 2461 2470 2543 2605 2624 2641 2655 2679 2741 2743 2747 2752 2768 2807 2825 2830 2868 2880 3050 3066 3120 3132 3138 3146 141 142 222 232 288 1245 753 1786 1305 1315 811 815 1331 824 1088 834 1344 841 1863 1357 861 353 1885 1886 360 881 1395 1396 1401 903 910 1750 922 419 1452 1964 945 948 953 1581 1982 1474 516 461 462 2132 1453 1002 1013 2043 612 1403 787 1071 2234 579 1483 1093 597 1619 1630 617 1992 654 464 1166 2187 663 1173 2193 667 1711 2226 699 1211 1220 
458: 501 993 1706 2437 3005 3142 1785 1662 324 1482 2833 292 1253 1297 799 1334 844 1981 2076 2246 2405 2444 2472 2633 2673 2835 2845 3011 3090 37 434 479 786 1298 806 825 1336 854 1977 1019 554 595 1617 1684 677 2083 1599 574 849 139 151 435 540 749 793 805 931 1014 1896 1900 1979 1980 2020 2118 2190 2626 2628 2613 2857 2619 2252 2891 3022 31 226 367 2255 2299 2352 2381 2386 2403 2411 2412 2428 2447 2564 2569 2577 2581 2601 2678 2765 2769 2779 2792 2836 2896 2897 2951 3033 3068 3134 12 69 103 125 158 174 202 206 207 245 276 363 364 393 451 1242 1758 1247 1777 1133 1797 1295 1302 795 1816 1317 1765 1340 1861 1870 1875 597 1894 1906 589 1913 1434 1435 1563 1446 1616 947 1969 1465 462 504 520 1551 2091 562 2148 1090 1604 1606 592 608 1637 623 1134 2156 2158 2159 2160 1821 2174 1156 1159 1310 1167 675 1062 679 588 1199 1713 1214 1220 1740 
1122: 501 524 525 1239 3025 595 2776 1906 3021 2296 2362 3033 3057 240 472 1779 1129 
1002: 501 671 3005 543 402 1253 1269 1291 1296 1297 800 839 1117 1707 1408 2419 2444 2561 2633 83 221 1240 1767 1612 1298 1496 1015 1164 670 711 2487 2534 2540 289 1599 118 540 1514 1979 1980 588 607 1425 1764 1906 1978 2084 2117 2481 2126 15 546 1885 3102 2249 499 534 841 954 2269 2283 2343 2425 2580 2660 2743 2792 2829 2897 2921 2957 3110 3146 32 342 413 536 541 626 644 647 681 709 798 881 918 926 971 998 1295 1301 1847 1376 1377 1380 1388 1433 1434 1947 1556 1593 1099 1103 1681 2224 1211 1235 
1133: 501 993 1266 2437 2959 2971 3063 3142 1785 543 2203 840 205 2123 1239 2251 2346 88 132 204 402 1291 1296 1297 1316 1334 844 1981 1518 1050 1117 1707 1408 2368 2406 2472 2561 2618 2633 2673 2835 3002 3085 3115 197 390 399 463 1240 1763 2010 1298 806 746 854 1238 1424 1977 484 2017 1015 2037 1571 595 601 610 2151 1478 646 1164 680 2452 2776 29 458 2459 244 435 619 879 1014 1479 1941 2020 2118 2190 2434 3022 367 588 589 1404 1884 1906 1978 2863 3152 2794 546 2300 2249 369 534 580 841 2283 2349 2351 2407 2421 2427 2451 2456 2483 2524 2544 2545 2547 2565 2569 2580 2586 2624 2705 2743 2754 2762 2774 2780 2803 2824 2825 2836 2840 2858 2888 2897 2960 3021 3030 3075 3089 3110 3121 3151 3155 7 80 102 114 145 156 245 252 288 320 398 413 433 461 494 547 549 597 618 624 712 716 744 753 781 798 801 817 843 895 913 942 947 1013 1017 1069 1077 1086 1779 1502 1284 1802 2152 1310 1823 1824 1827 1331 1844 1858 1543 1433 1403 1414 1936 2046 1486 1467 1879 1285 1534 2065 1556 1593 1603 1634 1134 1817 2189 2191 2164 1199 1661 1453 1220 1440 
504: 501 2444 484 458 477 64 1335 1621 2922 883 172 
1529: 501 2472 2633 825 1164 493 1320 1885 1870 570 2447 1250 2754 1372 2802 1406 287 699 1184 494 48 698 3038 637 
1120: 501 993 2305 1078 959 2633 2534 2776 1757 2803 2884 421 2220 
1286: 501 2353 2443 2766 350 351 352 356 357 1252 1255 775 1296 1297 799 1318 1914 1407 1950 1489 1518 1519 2045 1050 1589 578 1089 2142 2855 2948 3011 50 221 670 1289 2252 2681 114 316 584 932 1099 1160 1199 1659 1758 1310 1639 
1421: 501 205 1482 2408 800 2513 179 1298 1845 902 2776 2539 2459 2392 534 2897 2258 280 3030 2277 2584 2589 2754 2829 2882 3036 3059 3111 231 520 753 836 1152 1243 1311 2007 1720 1733 
1765: 501 904 3142 2519 356 357 1252 2142 179 399 479 1770 458 367 589 1418 1425 1451 2138 499 1090 46 3110 445 1554 1556 1456 2569 2594 926 326 1150 2648 5 2762 403 1814 1173 2577 1510 1675 
1181: 501 2305 2959 1785 1078 447 1950 959 2673 2908 2927 3115 315 463 2010 1336 855 484 530 2097 711 2776 228 2817 1979 1980 2118 31 576 607 1359 2011 2227 2392 1708 332 1870 309 2095 1369 1315 2012 461 272 232 1220 953 2712 795 1943 494 462 507 549 2371 2592 2762 2961 2992 3057 565 614 753 895 2191 1447 1608 
2118: 501 904 1266 1706 2437 3005 1785 543 1078 840 1482 2251 2346 88 1252 1253 1296 1297 800 1334 844 848 1981 1484 1518 2076 2142 1641 2246 2291 2405 2406 2444 2465 2561 2618 2633 2670 2784 2814 2845 2846 2855 3025 3090 3115 57 179 212 390 434 479 1767 786 1298 2232 806 1336 1851 854 1901 2078 1977 484 1520 2060 1576 563 1617 937 1698 2204 711 719 458 1133 1181 477 552 906 1475 2214 2245 151 244 435 540 619 805 931 1054 1471 1479 1896 1900 1980 2020 2258 2293 2322 2328 2347 2351 2352 2373 2392 2403 2421 2428 2447 2467 2473 2478 2479 2486 2489 2515 2552 2555 2579 2581 2598 2601 2628 2649 2651 2712 2716 2717 2768 2771 2775 2798 2807 2847 2856 2862 2863 2882 2895 2921 2951 3022 3052 3099 3123 3127 3152 3153 5 6 13 45 48 64 74 101 104 125 190 195 196 206 245 276 295 300 302 323 347 367 372 379 416 433 481 499 500 516 534 535 589 624 643 684 700 748 803 816 843 864 934 997 1000 1013 1047 1085 1099 1134 1136 1147 1154 1162 1203 1211 1214 1224 1235 1273 1295 1312 1338 1428 1453 1459 1467 1480 1517 1523 1551 1554 1558 1591 1593 1604 1620 1625 1671 1713 1733 1740 1747 1816 1821 1822 1824 1827 1833 1855 1865 1874 1877 1878 1879 1885 1898 1913 1940 2019 2021 2077 2084 2085 2106 2117 2126 2185 2190 2209 2227 
980: 501 993 1586 2901 2305 1785 543 1078 447 710 2833 959 1981 2633 3115 559 2268 2482 2776 228 2637 461 2265 2267 2471 2493 2611 2806 425 462 528 663 1144 1757 2046 2013 1051 1563 1466 1577 1079 1220 1084 
2248: 671 2959 205 1239 1253 1484 1019 711 289 2857 1906 2481 15 185 370 546 617 1020 1085 1600 1640 1885 2552 2300 2420 3102 2895 
2253: 671 1321 2822 1255 2400 2561 2932 2955 3011 37 105 333 745 786 746 825 1851 1238 1976 530 599 1087 672 1149 2235 1746 2020 17 15 1600 2258 270 92 2566 1681 430 448 542 597 783 921 987 1023 1086 1096 1202 1247 1369 1389 1441 1465 1613 1639 1704 2053 2125 2768 3155 2525 2672 2905 2616 
2258: 671 1549 1706 2163 2959 524 1078 1482 2822 208 1255 844 1469 1059 1117 2400 2419 2444 2472 2932 2955 3011 3115 37 179 221 315 333 434 745 806 746 825 1336 1851 854 855 1238 1485 2037 1538 530 599 611 1908 1087 1176 670 711 2235 289 1421 2118 2253 2285 1014 1072 2020 2190 2649 2607 17 469 1302 1705 1715 2481 2724 1891 15 2420 2249 393 535 1911 77 90 92 171 239 322 413 461 467 542 597 681 867 947 987 1023 1062 1086 1247 1259 1306 1337 1364 1389 1428 1441 1465 1472 1534 1551 1568 1678 1682 1704 1777 1793 1839 1840 1870 1923 1928 1933 2036 2053 2061 2125 2130 2184 2282 2311 2323 2951 2447 2370 2936 2965 2726 2525 2515 2566 2616 2641 3155 2758 2639 
2282: 671 904 993 1266 1846 2959 3005 283 1321 840 1482 1239 2251 136 1253 1255 1269 1949 2213 2290 2400 2488 2561 2615 2618 2710 2755 2814 2846 2932 2934 3011 3085 3096 3115 3157 2 197 315 359 399 479 1240 1760 745 1774 1186 1845 1851 2108 912 1443 1789 1977 1463 548 554 1617 601 611 973 1908 1684 670 937 677 1149 1746 2258 906 1853 2285 523 435 619 1445 1514 2190 31 226 423 493 1104 1320 1971 2227 2356 2481 2312 2599 2724 3152 2126 2085 867 1740 2156 2263 2271 46 71 104 164 184 266 271 272 273 364 471 551 564 571 625 655 681 713 898 999 1016 1171 1174 1308 1352 1437 1525 1540 1544 1637 1650 1681 1718 1733 1753 1761 1818 1844 1889 1934 2158 2162 2184 2777 2323 2780 2373 2389 2404 2424 2430 2964 2478 2990 3016 2522 2535 3050 2308 3072 3084 2579 2584 2597 3126 2807 2326 3097 2712 3100 3088 2862 
2323: 671 904 993 1266 3005 1188 1321 324 2408 2822 208 352 356 357 1253 1296 1914 1407 1409 1949 2035 1050 578 2142 1707 2290 2472 2541 2561 2615 2673 2846 3011 3070 3115 3157 105 107 177 197 212 315 333 359 397 463 479 1240 745 1774 806 746 825 1021 1485 484 2017 1015 1258 548 561 2097 595 599 601 1123 2080 1292 1176 937 676 677 711 1746 2258 2282 552 901 906 879 1014 1514 2190 2606 226 588 933 1151 1214 1312 1425 1545 1705 1971 2011 2810 2356 2333 3152 2255 15 1600 2099 2862 2201 2411 597 783 1086 1247 2125 3155 2616 440 878 881 1315 1395 1729 1793 2012 2921 0 145 259 271 391 417 461 462 468 478 638 663 666 712 741 752 763 795 801 811 865 898 903 1016 1025 1094 1144 1199 1259 1335 1339 1351 1379 1420 1440 1455 1456 1468 1590 1630 1700 1756 1800 1841 1887 2016 2106 2137 2942 3052 2849 3127 2373 2379 2374 2880 2438 2478 3039 3099 2569 2589 2752 
2330: 671 1549 1706 2746 840 2251 1253 1334 848 2405 2406 2755 2855 315 1845 1258 1289 1445 2190 2607 933 1151 1705 2863 3068 1891 15 2249 202 313 486 562 679 867 934 947 975 1163 1288 1428 1461 1472 1534 1541 1566 1574 1593 1693 1696 1733 1740 1862 1870 2019 2061 2096 2137 2157 2162 2164 2169 2174 2236 2601 2856 2478 3055 2736 2678 2479 3006 
2333: 671 904 1549 1706 3005 1078 840 1481 1253 2246 2419 2472 2845 197 315 434 1774 1186 2037 1532 548 1164 1176 672 711 2323 619 367 1906 2795 2271 2294 2326 15 101 112 119 155 358 413 535 620 624 647 845 1053 1202 1219 1419 1534 1870 1885 1891 2125 2154 2161 2578 2389 3121 3119 2420 2373 3021 2724 
2338: 671 1549 2287 1255 1949 1950 2035 2045 2290 2400 2618 2696 2755 2932 2948 2949 3085 3157 397 1774 1851 2034 874 876 610 616 2080 676 2090 1746 1426 2817 2555 423 2779 2356 1852 1600 393 1870 2809 783 2464 2175 1568 2231 71 364 1171 1352 1544 3126 3035 119 1018 1356 1694 1754 1819 2202 2826 2483 3015 1836 
2356: 671 1549 1706 2287 2251 1255 1291 1297 1334 1949 1950 2035 2045 2246 2290 2400 2405 2406 2618 2688 2696 2755 2814 2835 2932 2948 2949 3085 3157 43 221 315 397 429 1774 1851 902 2017 2034 2037 1258 874 876 599 1111 610 611 616 2080 676 677 2090 1746 2540 2282 2323 2338 901 906 2285 1426 2817 487 540 2607 2555 367 423 469 1816 2039 71 119 238 364 393 686 742 783 817 1018 1062 1171 1249 1306 1352 1356 1398 1465 1544 1553 1568 1600 1694 1754 1819 1836 1852 1868 1870 1885 1891 1970 2160 2202 2231 2809 2826 2401 2464 2470 2483 3015 3037 2430 2557 2601 3126 2664 2721 
2378: 671 2849 377 2852 
2381: 671 1078 458 1823 1615 497 1608 
2384: 671 1408 221 289 1626 15 2897 1740 2012 355 291 184 271 472 884 398 196 473 2972 2386 
2403: 671 904 1706 3005 1785 837 840 1481 1239 1484 2213 2835 221 390 399 434 479 806 855 902 1485 1491 1478 1908 670 705 1734 458 2118 901 931 1479 1896 1980 2128 2190 2211 2628 367 588 589 1705 1816 2062 2126 15 92 2174 1465 2951 2806 2767 2775 2824 594 101 1381 398 379 1175 1260 1387 1466 1486 1625 2836 
2425: 671 2812 2959 1318 1735 1002 2481 2125 2931 787 3008 2991 
2430: 671 1846 2472 2618 2710 2932 2934 2948 3157 397 1760 1774 2282 2356 2285 657 2795 2520 2794 92 2489 1678 2447 1343 123 282 516 796 1356 1429 1728 1948 3153 2930 2939 2588 
2435: 671 1450 1176 185 2294 380 2563 
2441: 671 1706 2513 43 177 780 1021 554 392 588 1104 1359 1852 3155 2616 881 1259 1430 3127 2589 1664 626 618 2470 1456 2016 1362 371 373 414 889 
2447: 671 1846 2287 525 1321 432 324 1239 2714 357 1253 1334 2405 2488 2633 2688 2784 2814 2846 2855 2881 2955 3011 3115 2 144 221 267 315 422 1760 786 1977 982 2034 1019 2064 611 616 1130 1908 2080 1087 672 937 458 1529 2118 2258 2430 435 487 495 2607 2555 226 588 1588 1799 2795 2481 3152 1852 2485 2085 1933 679 867 886 1062 1870 302 1753 783 2672 2464 114 1850 1428 2308 2326 2439 18 78 101 122 130 184 227 235 311 339 600 621 688 741 748 915 918 929 1053 1308 1310 1331 1344 1346 1368 1468 1700 1841 1844 1854 1873 1879 1880 1963 1988 2114 2231 2807 2826 2988 2483 3015 3066 2559 3092 2608 3127 2660 2692 2721 2849 
2479: 671 1706 3142 1239 1252 1253 2076 2291 2472 2561 2932 3157 197 315 2010 1774 825 2108 1238 1424 1977 1485 2017 1019 1258 1617 1201 1210 2118 2330 1853 1917 1445 1448 2190 226 933 1151 1705 3102 499 2085 596 1071 1696 1740 1870 2862 597 1593 1395 2184 2641 2192 918 2218 1125 2813 1688 2308 2579 2888 411 1875 2226 1702 5 109 195 454 527 650 712 718 791 858 1067 1219 1272 1556 1654 1800 1822 1888 2022 2069 2127 2148 2209 2225 2798 2858 2491 2495 3032 3153 2569 2660 2721 
2481: 671 904 2959 1321 324 837 1239 2822 1255 1291 1914 2035 2246 2290 2400 2472 2488 2561 2615 2618 2755 2881 2934 2955 3085 3115 3157 43 107 197 212 221 267 315 397 422 1240 1760 745 1774 786 746 1330 1851 1424 1015 1463 530 2075 876 595 1617 973 1164 2080 1176 1746 1002 2248 2258 2282 2425 2447 2285 1289 2190 226 469 2795 2299 2300 2326 2377 32 171 271 322 380 416 567 741 742 743 915 1062 1132 1159 1166 1282 1590 1671 1756 1836 1841 1844 1870 1875 1885 2184 2888 2809 3060 2724 
2483: 671 1549 2287 2437 1255 1291 1949 1950 2035 2045 2290 2400 2618 2696 2948 3085 105 397 463 1330 1851 2034 874 876 610 616 2080 676 711 2090 1746 1133 2338 2356 2447 2817 487 2555 423 1588 2039 1852 1600 1885 393 1062 1870 2809 783 2464 1568 2088 1290 232 1331 2231 2377 497 1220 71 364 1171 1352 1544 1733 3126 119 145 1018 1047 1356 1694 1754 1819 2202 2826 635 687 956 1499 1522 3015 3003 
2485: 671 1321 2472 177 221 2017 2037 1164 711 2447 2009 2739 2247 2769 344 391 393 456 795 814 831 1600 1669 1870 2053 2125 2140 2794 2551 2684 2558 2705 2748 
2555: 671 1549 2287 840 2346 1253 1255 1296 1297 1949 1950 2045 2290 2400 2618 2696 2710 2755 2846 2881 2932 2948 2949 3085 3115 3157 221 397 1240 1774 1298 1851 1424 2034 874 876 610 616 2080 676 677 711 2090 1746 2118 2338 2356 2447 2483 1853 1426 1917 2817 2245 540 931 1054 1900 2020 2464 2469 71 104 119 200 202 364 393 423 679 783 836 841 884 994 1018 1047 1171 1352 1356 1544 1568 1593 1600 1606 1694 1705 1754 1761 1819 1836 1852 1870 2006 2148 2175 2202 2231 2809 2968 3003 3015 3022 3030 3050 2826 3110 3116 3126 
2566: 671 904 993 1549 1706 2812 1785 2251 1334 2213 2400 2406 2450 2673 2845 2932 3157 197 221 315 806 825 1238 1977 2037 1019 2116 1617 599 1164 1176 672 1746 2253 2258 901 906 540 1514 367 2117 2334 2436 2739 1671 1852 1891 393 2897 174 886 1696 1870 96 232 271 340 379 456 461 542 597 626 741 985 1023 1202 1315 1389 1465 1493 1704 1739 1821 2053 2125 2201 3055 2990 2702 2760 
2569: 671 3142 1662 1253 1297 1981 2076 2846 3002 105 107 179 333 434 463 1770 1298 746 673 1485 530 670 672 711 458 1133 1765 2323 2479 906 367 2117 2139 3068 1671 1852 416 499 2601 2672 461 1013 231 862 180 2162 1502 1047 462 1053 70 170 196 388 433 785 1225 1262 1813 1899 2153 3032 
2589: 671 904 993 2959 1239 208 2290 3085 3115 3157 105 107 267 315 333 745 2010 1774 746 902 1021 484 2017 1019 595 599 616 1176 677 2090 1421 2323 2441 1289 1599 487 1425 1852 185 332 2897 92 597 3155 878 1259 1840 1688 1016 3050 331 2920 1836 158 594 598 712 729 944 1155 1358 1405 1887 
2607: 671 1706 1078 840 2251 1253 1334 848 2045 2405 2406 43 221 825 1176 711 2258 2330 2356 2447 2245 81 1072 1445 1448 2190 2649 2252 2254 2322 2515 2525 90 92 174 202 241 313 467 933 1151 1282 1320 1428 1693 1705 1793 1839 1911 1923 2093 2130 2936 2758 2951 2639 2716 2717 
2621: 671 1289 2117 1085 1593 2339 795 1883 1114 1158 1268 
2628: 671 1662 2251 1253 1296 1297 1334 1981 2076 2213 2291 2368 2405 2618 2633 2784 2835 3090 390 1298 1336 1901 563 1201 458 2118 2403 477 574 2245 435 540 879 1054 1208 1439 1900 1980 2190 2339 2392 2543 2601 11 15 226 271 379 460 462 589 591 624 803 811 841 893 1214 1236 1288 1293 1310 1335 1379 1592 1593 1621 1702 1747 1782 1847 1874 1978 1996 2200 2227 2651 2922 2863 2951 3022 
2654: 671 2959 1296 1469 1408 2368 3014 390 463 2080 711 2459 1514 2863 2599 841 1338 1247 2921 1090 1331 2522 649 1883 621 328 252 1810 2193 
2660: 671 904 993 2437 2761 2959 1785 204 959 1618 2472 2835 221 434 463 806 2075 711 1749 228 1002 2447 2479 15 624 1933 1288 2490 2775 1070 1061 1283 3109 
2663: 671 904 2346 350 351 356 357 1253 1914 1484 2142 463 595 1164 1292 575 2459 1054 576 577 2794 416 309 1593 461 2267 2460 103 231 232 391 462 814 1376 1569 1587 1609 1686 2065 2713 
2706: 671 1846 1662 82 132 1269 839 1981 1735 179 484 1098 1164 1978 2009 3068 15 2420 841 2057 241 412 1285 3128 2957 2511 649 1875 2292 1434 2460 2577 2692 7 472 650 716 756 832 926 1040 1159 1366 1398 1609 1691 1822 1847 2148 2745 2748 
2728: 671 904 993 1266 205 1176 711 167 493 2312 2635 1740 1870 3155 2885 1259 2522 1220 877 248 698 1401 2329 2358 2480 2512 2720 253 257 259 637 752 1206 1420 1468 1531 1871 2793 2975 
2754: 671 993 2761 2959 205 208 2076 2472 484 2268 1133 1529 1421 537 1595 1870 2266 1250 2329 2522 2640 2705 62 238 340 465 637 639 1127 1379 3082 3084 3088 2969 
2785: 671 2246 2615 3085 43 1424 599 611 1176 711 607 2533 155 499 626 753 1169 2061 
2795: 671 993 1846 1255 2035 2246 2618 43 221 2333 2430 2447 2481 2345 2581 2608 2693 2794 70 502 1395 1757 1779 1855 1911 
2809: 671 1549 2287 2959 1662 2251 2346 1253 1255 1949 1950 2045 2270 2290 2400 2618 2696 2755 2932 2948 2949 3085 3115 3157 397 1774 1330 1851 2034 874 876 610 616 2080 676 677 2090 1746 2338 2356 2481 2483 2555 1853 1426 2817 487 2020 423 2039 2779 1852 3102 393 1870 2401 2464 71 119 256 364 742 783 1018 1088 1171 1249 1305 1331 1352 1356 1544 1568 1694 1702 1754 1819 1836 1875 2202 2231 2826 3015 3126 
2810: 671 993 1266 1078 1239 2213 2246 2419 3011 1612 1336 1901 1238 2037 1019 595 1164 711 2776 2323 2190 1906 2274 2293 2420 2480 2635 2739 2794 185 932 943 1090 1337 1338 1600 1640 1669 1740 1801 1975 2125 2951 3128 
2826: 671 1266 2287 840 1482 1239 1255 1291 1949 1950 2045 2290 2400 2618 2696 2755 2846 2932 2948 2949 3085 3115 3157 221 397 1774 1851 1977 2034 874 876 610 616 2080 672 676 2090 1746 2338 2356 2447 2483 2555 2809 1426 2817 423 1852 3075 867 934 1870 783 2464 1568 2231 71 364 1171 1352 1544 3126 748 119 600 1018 1356 1694 1754 1819 2202 28 155 621 1368 1581 1836 3015 2988 
2832: 671 1549 3005 1321 840 1482 1291 2045 3157 221 1240 1845 1901 2017 595 1617 601 1475 1853 793 2190 226 1214 1312 1404 1425 1715 2392 2724 841 1453 92 1163 1870 2169 1534 3041 2848 1068 2894 571 1637 2702 1184 1883 3156 1053 417 2974 122 1573 1265 1264 2461 2831 66 569 858 
2837: 671 993 1078 2251 1334 1400 2835 3014 212 221 1186 902 611 2540 901 906 1514 2252 588 2011 2843 2507 2581 32 122 200 309 405 550 597 688 823 862 878 881 913 1030 1447 1624 1810 1832 2012 2056 2924 2968 2894 
2847: 671 1706 1291 2076 2291 2633 3002 212 434 745 2078 2116 670 2118 435 1980 2117 1891 1885 841 2283 2293 123 647 1209 1552 1657 1713 1714 2077 2882 2884 
2856: 671 1706 1253 848 2076 2298 2405 2673 3011 50 179 1770 806 855 2078 595 670 2118 2330 1426 435 540 1941 1979 1980 2523 3022 1705 1816 2134 2392 1891 499 2407 174 202 313 1428 1013 1768 862 2283 2600 2651 13 78 91 124 229 256 346 520 567 744 774 803 846 1084 1654 1660 1758 1821 1969 1985 1998 2023 2027 2077 2106 2880 3031 
2893: 671 356 357 2142 577 15 2099 261 2953 1040 516 857 476 
2895: 671 1706 2959 1239 2142 2450 1336 1015 595 2118 2248 435 367 933 1151 1705 1891 1885 2351 2678 2716 2717 202 406 1247 1753 2174 2951 3149 
2925: 671 904 1549 2629 1321 208 1400 2472 2561 2710 3115 3125 43 212 221 1804 806 1816 2392 2683 15 309 783 862 180 391 1374 618 1800 2798 1094 1824 3012 2871 115 220 424 823 873 889 960 1624 1660 2129 
2972: 671 563 2384 2897 2012 291 3066 472 2896 
2985: 671 800 1240 1789 2084 1274 1996 1624 
3032: 671 3142 2846 105 107 333 463 746 673 530 610 670 672 2479 2569 906 1853 2139 3102 2156 2175 1678 713 3035 462 1645 1053 354 785 2804 1225 1996 
3037: 671 1549 2959 2971 837 1481 800 1400 2949 3011 3115 221 397 1298 1851 1424 561 2097 599 1176 676 2356 931 2724 1891 2179 358 878 3128 663 391 2307 2309 2664 2721 2867 66 712 808 976 1053 1200 1362 1773 1802 1815 
3047: 671 1266 849 2407 1288 430 1840 2584 2455 1377 1221 1433 1227 
3053: 671 3085 2635 
3058: 671 993 3005 844 1400 1117 434 2037 711 2987 2312 1891 393 1823 1870 2125 412 1495 3128 1615 497 3110 794 877 1199 168 2329 2344 2731 253 796 798 1493 
3060: 671 43 221 1238 1450 670 2481 634 2635 1099 532 626 1468 1159 2682 1512 
3066: 671 904 993 1549 3005 1078 324 840 1390 2472 2688 2710 3014 2010 484 2075 289 2447 2972 31 392 1816 2724 393 1933 1062 1247 2125 2345 3134 3110 1165 184 271 2777 2584 1434 7 1310 1199 618 3093 2748 398 873 1272 1282 1462 1795 1996 
3067: 671 993 2437 3063 1785 1078 1481 959 2246 2444 1767 1021 404 2138 2249 2608 2743 2744 15 342 420 534 603 712 716 1526 1583 2046 2179 3139 
3106: 671 1846 2437 2959 1785 678 1078 710 844 1400 959 2076 1707 2710 1350 680 2534 228 2921 2433 2802 789 3074 1455 706 884 1524 2376 2498 2735 1283 1897 1998 2002 
3119: 671 904 993 1078 2346 1253 800 973 2540 2333 619 1410 1891 15 2249 534 535 580 2478 156 322 618 620 681 872 1090 1893 2042 3123 
3155: 671 993 1266 2437 2812 840 1296 1400 2076 2213 2710 37 434 746 2037 599 1164 1087 1176 711 1133 2253 2258 2323 2441 2589 2728 1979 1980 2020 17 930 1104 2979 1891 535 2179 92 542 597 1247 1441 1465 1704 2053 2470 2474 2512 2522 2610 2611 2616 2802 2885 3016 3110 3128 85 159 253 322 406 412 497 618 877 883 913 1082 1155 1199 1259 1493 1608 1800 2224 
3156: 671 993 2959 3005 840 208 2045 2846 854 2075 1617 672 705 2832 1475 1509 226 810 1715 185 1870 2294 621 110 618 1040 1590 1622 1858 
0: 671 2959 3063 780 554 2323 1853 619 3102 783 1793 2726 2702 2747 1219 686 157 620 155 
18: 671 3085 43 2447 2635 2144 1836 1007 
31: 671 904 1266 1549 2901 2437 2800 2812 3005 3063 1785 543 1078 840 205 2833 204 1253 1297 1316 959 1469 2076 2213 2246 2368 2419 2561 2633 2710 3014 3085 179 399 463 1789 484 1520 2075 874 595 611 1292 711 2540 2776 458 1181 2282 3066 2285 523 1014 2190 2613 2606 2386 2412 2420 2674 2695 2702 2724 2780 2951 2965 2990 2992 2994 3045 3093 3102 3137 1757 755 1777 763 271 273 794 913 802 809 796 1858 841 845 861 1891 363 366 1385 1397 398 403 1933 1939 1940 1431 472 985 987 494 502 1534 2062 2072 36 549 532 2084 1070 564 1074 64 581 588 597 2134 32 122 127 2166 1821 2179 1179 2082 184 46 2227 2228 
59: 671 2045 2618 1453 3075 77 2192 2070 1396 266 3149 794 1447 2866 2474 2358 2551 2563 1 630 1905 2187 1097 722 1493 
62: 671 993 2437 88 221 2754 2300 416 355 2070 2840 2713 2674 2327 609 1645 1905 424 698 2101 1091 1219 717 
87: 671 2766 356 357 1291 2142 2246 2472 854 673 670 672 2452 29 2731 2786 991 101 130 2139 261 1435 571 841 337 
92: 671 1706 1321 1078 837 205 2251 204 1253 1255 1334 848 2035 2400 2405 2406 2472 2561 2670 2696 2784 2855 2908 2909 2910 2911 2912 2913 2914 2915 2916 2932 37 105 197 333 359 463 745 786 2232 746 1851 1378 1538 530 1073 595 599 611 2080 1087 1176 672 1149 2204 2235 2540 2253 2258 2403 2430 2589 2607 2832 3155 2020 2649 2252 17 933 1214 1705 1906 2637 2724 2739 1671 1891 1453 2897 2254 2283 2476 2616 2681 2717 2721 2740 2744 2807 2871 2880 2905 2939 2951 3110 1247 232 1259 773 1288 783 747 1847 884 388 1943 1441 1465 987 1023 1534 2053 1551 542 2231 1086 597 114 119 2160 137 142 1693 1704 1199 1202 202 
96: 671 904 993 1846 2812 1078 204 2419 2472 2561 1424 1538 1176 2566 1479 1816 1852 15 1885 535 977 1453 1855 358 1993 947 1290 2957 2345 1924 391 2684 1310 2471 2748 234 1381 395 1397 278 1449 1858 603 
103: 671 904 1266 1239 208 1253 1296 2419 2927 3115 1767 912 1443 1977 1015 1019 595 1684 1292 2540 458 2663 1906 2769 535 2897 2601 2924 597 2125 3120 801 824 1256 2507 1091 618 2154 366 682 2386 1385 1110 
142: 671 1846 1321 1409 2561 2688 3085 463 1330 1851 1977 2017 2034 874 876 676 289 92 2698 487 540 1940 2464 2088 1331 1352 3050 2702 145 773 1819 3140 1836 1074 2046 1265 1773 2526 398 1608 2393 2781 628 1758 1506 1902 767 1152 1919 928 301 1535 1110 1581 
155: 671 1253 2076 1117 43 315 1336 611 973 2235 2333 2785 2826 0 619 367 15 617 841 1855 2951 618 3121 648 157 1821 686 620 1219 
220: 671 1549 208 292 1186 2925 1062 2924 1090 340 238 516 2681 403 2129 2797 1197 424 
226: 671 904 993 1549 1321 840 205 204 1291 2045 2246 2400 2814 3085 3096 1240 1977 1015 2075 563 1617 611 937 711 2540 458 2282 2323 2447 2479 2481 2628 2832 3156 1475 1853 2285 139 151 1445 2190 2316 2322 2428 2478 2579 2624 2712 2724 2768 2775 2807 2831 2848 2862 2921 2963 2965 3059 3075 3097 3100 3152 67 125 133 140 266 1818 810 1331 1337 1428 1870 1885 867 1891 379 393 409 411 950 930 1954 1453 1462 1017 1534 535 1555 1053 1062 2085 1575 2110 2125 2145 1129 1650 654 1678 1173 700 1730 1224 1232 
232: 671 904 993 2287 2761 2812 2959 1785 1188 1078 205 88 204 402 1252 1269 1291 1400 1981 2291 2368 2419 2472 2673 3115 3124 197 434 463 1240 1767 1330 854 1977 1019 563 595 1478 1292 711 1746 2452 289 1181 2483 2566 2663 92 523 244 2434 3009 1588 1884 1978 2724 1891 1085 2300 369 1388 1823 2580 2716 280 597 1247 1465 2464 1487 2421 2433 2624 461 541 643 1372 1380 1615 1726 42 615 2269 2273 2365 2371 2556 2565 2586 2651 2669 2762 2765 2824 2825 2858 3039 3051 3054 3146 3151 7 101 184 1756 755 1790 741 796 1331 1172 829 325 843 1868 364 1921 1939 1953 1961 942 436 1037 1969 953 961 1982 453 1110 455 456 976 1998 984 1543 1053 872 551 1069 2127 1629 1052 621 1653 773 462 647 2183 2186 2189 2191 1688 729 1751 
234: 671 1549 2846 673 672 96 2863 1600 1823 1870 997 2054 
235: 671 2901 1176 2447 2635 1870 1202 1200 1669 
241: 671 2437 1785 840 1269 1981 2213 1735 2400 2934 3125 1240 2075 1478 2452 2776 2607 2706 1917 2459 173 474 1312 2009 2250 841 1453 2057 2592 2748 2854 2957 3128 240 1220 361 798 1396 2038 1434 549 1173 667 1435 1147 1570 494 2193 712 1099 472 473 
257: 671 2959 221 1612 1176 711 2728 167 2635 1247 171 877 248 1401 2865 259 752 1420 1456 2329 253 2480 2720 2793 2975 1531 1871 
259: 671 993 2901 221 1612 2037 1111 677 711 2323 2728 257 3068 2635 2724 1247 877 248 1401 2390 2480 2609 2720 2793 2975 253 752 1531 1537 1420 1871 2001 
291: 671 267 677 1210 2384 2972 2539 2011 1594 15 1681 3030 2012 2184 1005 2281 2397 2648 2713 3101 164 218 1821 1027 520 1927 1436 547 1076 1996 
302: 671 1297 1334 2405 2948 479 2118 2447 435 2252 1705 2543 2884 12 2152 1265 511 1295 2199 2224 1862 
320: 671 2846 670 672 1133 2013 932 436 1051 
380: 671 1253 2435 2481 2635 1338 1337 2025 743 238 2364 
398: 671 1846 2800 1321 1078 840 2766 1252 1059 2213 2400 2406 2855 315 399 1789 1485 1015 1463 228 1133 2384 2403 3066 31 142 540 1014 2128 2190 2211 2606 588 2227 2126 2552 11 841 624 1933 2179 1062 1753 1928 2088 1757 46 184 271 1308 1718 1934 2780 2373 2990 809 1943 1836 1184 2608 1554 621 32 507 581 584 653 1094 3093 122 366 1969 913 2386 2486 2521 2992 2994 3045 3123 8 36 363 755 1314 843 861 1394 1939 1987 694 2166 1203 
424: 671 1549 208 1296 1297 2710 221 315 1298 1186 1176 2925 62 220 1979 1980 1891 15 2179 2702 1800 1295 455 1654 1565 2129 1512 722 
430: 671 904 993 3005 82 1253 1469 1117 2368 2400 2561 2633 2 43 179 359 390 399 479 1976 484 1019 595 2776 2253 3047 1014 1980 1588 2769 1338 2310 2421 2672 2740 2875 3122 170 222 494 1777 1227 785 915 1177 1435 1704 1840 1220 1434 1622 
460: 671 2251 350 357 1296 1297 1334 2076 2405 2465 315 1298 806 982 2628 435 540 1896 2649 2613 367 577 2117 2466 15 174 2432 2467 2564 2763 2767 3116 209 372 1365 2027 1265 1650 1395 1224 790 811 2201 1467 1611 
461: 671 904 993 1549 1785 678 1078 840 205 1239 2408 88 204 208 1252 1253 1469 2419 2472 2561 2633 2673 2710 3085 179 197 463 1240 2010 2232 746 1851 1378 1424 1021 1019 874 876 595 1478 2080 1292 1176 670 676 711 289 1133 1181 980 2258 2323 2566 2569 2663 232 2214 574 27 244 3009 3022 588 592 1764 2134 2724 1891 2794 15 1085 2300 2420 369 1823 2897 1472 2716 900 2924 597 1247 2125 1729 2421 2433 413 2365 2393 2427 2471 2507 2565 2586 2592 2651 2669 2681 2705 2765 2782 2824 2825 2830 2858 2974 3149 3159 7 42 66 101 156 184 206 272 273 391 436 453 456 1756 1777 795 802 843 1873 1372 1379 1396 1921 1939 1615 1969 953 1468 1982 666 995 1008 500 1053 551 1069 1175 1077 1726 2127 1114 1629 623 1654 643 462 654 2186 2187 2191 2193 688 1220 726 
462: 671 904 3142 3145 1785 1078 840 205 1239 88 204 1252 2419 2472 2673 2846 3157 105 107 333 463 1240 746 673 1532 530 1478 670 672 2452 289 458 1181 980 2323 2569 2628 2663 3032 232 461 906 244 435 805 1014 1900 2626 1764 1978 2139 2724 1891 15 546 1085 2300 535 1823 2545 2580 2716 2601 1288 2421 2433 918 1615 1726 42 615 1090 953 184 551 2990 391 1440 1982 2294 2365 2471 2565 2586 2592 2668 2669 2705 2765 2824 2825 2858 2903 7 137 326 328 379 436 453 455 456 735 1766 785 1810 843 1921 1939 1447 1969 476 1499 500 1053 1569 1069 2127 1629 1052 2186 2191 1225 
472: 671 2437 2746 2971 3063 324 1269 1296 800 844 1981 2213 1735 1408 2615 2773 1019 1478 559 2540 1122 2384 2706 2972 31 241 575 2211 3 607 1978 2009 2420 841 1246 1338 448 239 1099 3128 1726 2957 46 184 551 2713 494 1434 2507 7 446 2538 316 2829 1887 237 826 2748 1575 1817 817 2359 2365 2449 2469 2524 2565 2600 2742 53 242 735 1392 2027 1787 1936 978 966 847 984 
500: 671 2519 1589 2710 1908 29 2118 461 462 2857 1287 1885 1288 1259 2686 1090 3110 1883 2379 252 1543 1569 2883 2054 
516: 671 432 2408 1400 1469 2948 212 315 390 1240 1774 1845 969 2037 611 1164 289 2118 2430 2893 220 2459 1979 657 2006 3102 535 1855 114 564 2432 391 1883 2849 1429 1379 101 65 2394 12 3033 3069 152 1813 1719 857 
539: 671 993 1390 2182 469 588 1115 185 171 1822 1382 
541: 671 993 1586 2959 543 1078 205 1239 800 959 1513 2472 3115 3124 197 221 479 1804 1336 1789 1538 1803 1571 1567 677 1734 1002 232 1287 1959 546 1823 2099 2489 2095 947 272 1526 337 2267 355 2355 2427 2439 2596 2632 2802 2803 2968 3084 231 271 425 1372 2026 547 1801 663 1303 1310 808 1064 1892 1323 789 823 1722 1726 1986 836 2122 1615 668 
567: 671 672 2481 2856 367 1764 15 2421 104 2943 3089 91 1405 
586: 671 993 2812 1078 205 204 1291 1117 2246 2368 2406 2419 179 221 390 1336 673 2539 2649 2311 2420 2426 2651 2674 2675 2957 2992 3128 7 76 172 334 338 412 413 1337 1380 623 701 1777 1888 1682 796 2198 1821 1338 841 794 1751 
588: 671 904 993 2761 2812 205 2123 2898 204 1255 1291 1117 1707 2246 2368 2419 2561 2618 2673 2784 3014 3115 107 179 221 333 390 1336 1851 673 1015 554 595 670 711 2487 458 1002 1133 2323 2403 2441 2447 2837 31 398 461 539 1599 574 2649 392 2265 2311 2386 2420 2426 2433 2515 2524 2528 2542 2596 2601 2651 2674 2675 2686 2739 2824 2920 2951 2957 2992 2993 2994 3016 3026 3061 3128 3137 3151 7 44 112 122 133 172 184 271 334 338 406 411 412 413 427 507 1754 1924 1777 1271 1793 1801 794 795 1816 798 1821 1312 1319 747 1337 1338 1353 1870 1363 2198 1888 1380 841 1385 1943 930 1037 1973 977 2006 2072 1053 2096 2125 607 615 623 2162 1310 650 1165 1682 701 
592: 671 904 993 2812 205 204 1291 1296 1469 1117 2246 2368 2419 179 390 1336 673 670 458 461 574 27 2649 392 2311 2313 2420 2426 2601 2651 2674 2675 2951 2957 2992 3128 3151 7 42 44 76 94 172 334 338 412 413 427 507 1380 1003 623 701 1777 841 1609 1888 1425 1682 2198 1053 1821 1337 914 1455 1037 2096 1338 794 2072 
597: 671 904 993 1549 1706 2593 3162 1785 1321 1078 324 837 840 1481 1482 2123 1239 2519 2822 204 208 1253 1255 1291 839 844 1390 1469 2076 2213 1707 2368 2400 2419 2444 2472 2561 2618 2673 2855 2927 2932 2955 3014 3085 3115 3124 37 43 105 179 197 212 221 333 390 479 1240 745 2010 1774 786 806 746 825 1336 1851 673 1238 902 1976 1977 1485 484 2017 1015 1019 1538 530 561 563 595 599 1087 1176 670 672 680 711 1746 289 458 1133 2253 2258 2323 2479 2566 2589 2837 3155 31 92 103 232 461 901 2698 1599 2214 574 2020 2606 17 933 1151 1705 1799 1816 1906 1978 2011 2227 2863 2724 2739 2769 1891 15 1885 2420 535 580 841 1134 1453 2897 1933 202 1062 448 542 2294 2308 2352 2362 2386 2470 2474 2608 2616 2678 2951 3110 7 58 122 158 239 271 391 395 412 413 1756 1757 1247 988 1777 1802 1590 795 1310 1337 1090 1888 1379 1389 1396 1934 1441 727 783 1768 1975 1468 1982 1473 987 2018 2125 1202 1023 2053 1465 1076 1086 1094 1097 2129 2131 712 1136 654 2187 2191 1173 1704 2222 2224 2226 1682 729 
617: 671 2959 1252 1407 959 1408 2450 3080 3125 2108 673 611 1164 228 289 2248 155 1302 2273 2297 2386 2470 2601 2608 2702 3016 187 279 2012 896 1920 1156 1284 1934 917 1943 679 1572 1094 1609 1226 688 1740 1362 1619 
618: 671 904 993 1266 1549 1706 3005 524 324 837 1239 2346 204 1253 1296 1297 1469 1117 2368 2419 2472 2561 2673 2934 3085 780 746 1450 1019 1532 554 561 595 599 672 2540 1133 2441 2925 3066 3119 3155 3156 103 155 244 619 173 1115 1312 1451 1906 2227 3068 2312 2724 1852 1891 535 2057 1753 2095 1086 2053 2125 681 1337 1840 2036 2311 412 483 625 1090 1903 2041 2511 164 551 1308 1544 1718 3111 1836 158 1184 7 446 2565 2657 2708 3042 3121 3122 3123 66 84 112 126 230 319 451 1048 1817 1893 887 1419 1517 2042 620 1605 1155 2194 
619: 671 993 1785 524 840 2346 208 1253 1255 1409 1707 2368 2419 2472 2561 2673 2710 3011 390 1767 1774 1977 1164 670 711 2540 289 1133 2118 2282 2333 3119 0 155 618 2285 2214 2245 2326 2392 2634 2657 2674 2708 2724 2739 2824 2938 2951 3100 3111 3121 3122 3123 84 111 112 199 230 271 438 451 455 473 481 494 534 535 580 1263 777 1287 1308 1312 1332 841 1362 1883 1380 1893 1903 1419 1451 1453 1969 1979 1980 992 1014 2052 1563 1891 2093 621 1605 620 648 2179 1671 2190 2194 1718 1219 720 
628: 671 2959 2519 2846 1789 1019 595 611 142 138 1906 2006 1818 445 688 877 1447 1361 1849 753 941 2801 2868 
633: 671 399 
639: 671 1239 2710 3085 221 479 969 2754 15 2321 2385 1821 1856 1738 
666: 671 904 1549 840 2076 2710 3011 3014 3070 422 463 1767 646 2776 2323 461 2724 1855 624 2924 2421 2311 1331 271 2807 1095 3116 28 1178 2148 1294 1065 2225 
712: 671 904 993 2812 840 3085 197 434 673 2017 595 599 1123 1133 2323 2479 2589 3037 3067 241 597 1917 2606 607 1359 1410 1816 2724 1891 393 1453 2545 2179 681 2965 1331 2326 649 3111 545 647 2575 48 1053 2413 253 464 627 1815 994 1158 1689 1566 2228 1856 838 714 715 
720: 671 2959 197 479 484 1617 619 841 1453 1396 2752 227 913 198 2187 1211 199 842 2205 1006 
734: 671 711 15 
743: 671 2561 43 670 2481 380 2635 2339 2951 101 1159 889 
783: 671 1549 2287 1321 1078 840 1239 2822 1255 1949 1950 2035 2045 2270 2290 2400 2406 2561 2618 2688 2696 2755 2932 2948 2949 2955 3085 3157 43 105 221 333 397 422 463 745 2010 1774 1804 786 1298 2232 746 1330 1851 2108 1238 1789 1976 2034 1019 1803 530 1571 554 874 876 610 616 1567 2080 1176 670 676 2090 1746 2253 2323 2338 2356 2447 2483 2555 2809 2826 2925 0 92 597 1426 2817 487 3 423 1214 1588 1626 2724 1852 1891 393 867 1062 1870 2033 3030 2924 448 2301 2370 2377 2440 2464 2679 2721 2740 2920 3015 3126 71 119 164 271 272 364 365 773 1754 1247 1259 823 1812 1819 1821 1836 1331 1352 1356 1903 2202 1522 1018 1544 2061 1047 1465 1568 1086 1097 2231 1141 1653 1171 1694 1572 
785: 671 2959 3142 840 2618 2846 2955 105 107 221 333 399 463 746 673 530 561 670 672 1149 2569 3032 430 462 906 2139 174 681 2882 729 1053 817 2385 2792 1225 
792: 671 904 1117 2246 1443 2361 2563 2745 2769 2866 171 723 1115 1609 2222 1840 
794: 671 993 1296 1297 2 83 221 2010 1298 484 595 2151 3058 31 59 586 588 592 1439 2606 1545 1085 2897 2936 623 71 3111 654 2294 2399 122 349 403 433 507 664 716 796 1455 1713 1219 1622 
801: 671 2959 1239 1253 844 1707 2419 2444 2541 3115 1238 1015 1019 1133 2323 103 1509 1514 2190 2857 1906 2724 2769 535 1453 2897 2581 1396 1245 654 2294 2393 2980 455 584 721 728 1074 883 2093 1590 1082 1362 
815: 671 2163 1400 2035 969 2017 289 1681 2321 1053 1992 1135 
836: 671 993 1585 2076 1804 2090 1421 2555 541 1479 15 2012 1526 2274 2292 2375 2704 2745 2806 2896 152 296 391 415 748 2065 1939 1692 1461 1686 
842: 671 720 789 2748 1886 
845: 671 993 2408 1469 1981 1707 2368 2835 390 1977 1538 554 611 711 2333 31 879 1115 1799 2011 2117 1338 1855 878 1682 2320 2439 2491 2645 2685 466 565 1262 1673 1550 1347 
863: 671 1549 2959 205 204 1253 43 221 1976 1600 1870 256 227 199 
873: 671 993 3005 2561 3096 937 2925 3066 1514 469 1671 2777 2584 3088 3099 2157 1147 2007 
879: 671 840 1239 1253 844 1117 2213 1707 2291 2561 2808 2855 3115 105 197 1770 2010 1021 1019 1576 1176 711 2540 289 1133 2323 2628 845 2245 435 2255 2339 2352 2421 2543 2624 2699 2798 2863 2920 2921 3033 3120 366 440 591 803 811 843 878 2011 2012 1885 2198 1376 1891 881 883 1395 1099 1793 964 1795 1541 1799 1593 1816 1054 1440 1315 1828 1322 1479 1324 1717 1227 1592 1729 1153 1337 1403 1473 2125 1750 
881: 671 1078 1239 1117 2808 3115 197 221 1845 1021 1015 1019 1176 711 1746 289 1002 2323 2441 2837 879 2987 493 1799 2006 2011 2198 2255 15 416 535 977 1870 2156 2160 2125 322 440 878 2421 2699 2798 2885 2920 2921 3116 3120 811 2012 1376 883 1645 1395 1153 1793 913 2001 1315 1403 1719 1729 1733 1099 1750 
892: 671 904 559 15 1600 2807 1690 
897: 671 840 43 2649 2635 2144 3088 1721 
901: 671 904 1549 840 1117 2908 3011 57 1240 2232 1851 902 1485 289 2323 2356 2403 2566 2837 597 2239 2285 2362 2724 3029 238 329 1115 1891 906 2012 1671 1942 1473 1733 
906: 671 904 3005 3142 1188 840 2846 2908 3011 57 105 107 221 333 463 2232 746 1851 673 902 1532 530 1292 670 672 2118 2282 2323 2356 2566 2569 2837 3032 462 785 901 2239 2285 2362 2965 3029 3088 823 1115 2139 1377 1053 1405 1225 1891 2088 1214 1599 
915: 671 1481 799 2673 3085 43 670 2447 2481 430 931 1816 2144 471 3100 656 2994 
987: 671 43 197 1238 1021 1789 595 1087 2090 2253 2258 31 92 597 15 2099 2616 99 187 271 1704 1202 1847 1465 1086 
1014: 671 1266 1549 1706 3005 3142 1078 837 840 1481 1482 1239 88 1252 1253 844 2035 1059 2213 2290 2368 2406 2419 2615 2835 315 390 399 429 1767 825 1851 854 855 1977 969 1015 611 629 670 676 677 711 458 1133 2258 2323 31 398 430 462 619 2245 540 931 2302 2373 2407 2486 2518 2586 2605 2711 2724 2775 2790 2823 2858 3045 3121 3123 3128 3152 3159 8 15 122 184 194 195 271 326 367 394 433 570 613 624 638 843 867 989 1753 1757 1284 1301 1302 1310 1836 1332 1885 1891 1394 1928 1934 2126 1979 1980 1998 1288 1042 1554 1053 1062 1094 2128 2185 1588 2190 1184 2211 1710 1203 2099 
1040: 671 1239 1291 1949 2045 2368 2444 2472 57 2232 806 855 1901 1021 1015 2037 1292 670 2706 2893 3156 1509 2987 1439 1479 810 1312 1715 2863 2334 1855 2057 1369 2616 2921 1993 1534 2951 1290 1068 2957 2226 1018 1047 1533 1434 1800 1590 2329 2747 2764 2869 3116 3123 101 569 1371 1177 2001 
1045: 671 2368 2037 1176 672 1870 1202 171 1495 456 1493 
1053: 671 904 993 3142 1411 1321 205 2822 204 1253 1255 1291 1981 2400 2405 2513 2561 2784 2846 2908 2934 3085 3115 105 107 177 315 333 422 434 463 2232 746 825 2108 673 1238 1977 2017 1019 530 2064 595 1617 601 1111 610 670 672 937 1716 2333 2447 2569 2832 3032 3037 226 232 461 462 588 592 712 785 815 906 1014 27 244 1448 2190 3 138 589 930 1359 2139 2227 2322 3152 1671 1640 499 2085 2179 596 1870 2862 1403 467 1678 816 1650 564 1437 1889 2964 2478 2579 2807 795 2702 1018 194 1256 549 2335 2495 2729 2748 2923 3121 22 150 252 769 1503 1854 1887 1416 1497 2016 2032 1082 2110 1112 1150 2199 2222 1204 1225 
1143: 671 1400 705 657 2126 2957 3059 2664 963 
1163: 671 1549 1706 2287 1321 2251 1334 2035 2405 2406 2561 2855 3085 1463 2330 2832 2523 933 1151 1705 1799 202 313 679 867 934 2254 2292 2736 13 145 478 1068 1152 1199 1403 2169 2174 1539 1995 1472 1730 1740 
1206: 671 904 993 2959 1296 1297 2513 43 711 2728 2511 2840 1531 1946 
1214: 671 904 1549 1846 2287 1321 840 204 1253 1117 2246 2400 2488 2670 2696 2784 3085 3090 3157 43 197 212 221 463 2232 1901 902 484 616 937 2540 458 2118 2323 2628 2832 92 783 906 1896 1900 2190 2626 423 2311 2352 2520 2724 2759 2768 2807 2862 2897 2936 2951 137 171 393 535 591 700 731 832 1753 1891 1719 1428 1693 1453 2148 1332 2231 1747 
1225: 671 2959 3142 1252 1253 2846 50 105 107 333 463 746 673 530 1617 670 672 1716 2569 3032 462 785 906 1053 2139 15 2712 2748 1802 2068 2495 2643 1008 
1247: 671 1266 1549 1706 678 1321 324 840 1239 2408 2822 208 1253 1255 1390 2400 2405 2472 2561 2618 2673 2932 2955 3085 105 197 333 434 745 1767 2010 1774 786 746 1851 854 1976 2017 530 561 595 599 1176 937 1201 2235 1746 458 2253 2258 2323 2654 2895 3066 3155 92 232 257 259 461 597 783 540 931 173 493 1104 1312 2117 2227 2312 2635 2724 1891 15 393 202 1062 1870 2160 448 1023 1086 2329 2470 2474 2512 2608 2616 2702 2721 2880 2931 2951 69 85 122 773 877 1076 1155 1756 1259 1801 1812 1379 1380 1401 1468 1483 1531 2046 1465 2222 2226 1493 
1259: 671 904 993 1266 2959 1255 2400 2932 333 434 1760 745 746 1851 530 1111 1176 711 2235 2258 2323 2441 2589 2728 3155 92 500 783 1247 1514 2128 167 634 1646 2635 2724 393 1870 1023 1086 1202 1465 2616 2470 2474 2522 2720 2721 85 253 732 773 812 838 971 995 1058 1060 1155 1199 1756 1915 1429 1310 1963 2224 1468 2112 1492 
1282: 671 1291 2481 2607 3066 435 2552 596 1870 2951 1005 2702 
1284: 671 2437 3063 43 1763 1767 746 705 1133 617 1014 42 1768 471 2299 1883 2602 1135 1858 
1294: 671 2629 2959 1484 2673 2710 197 745 750 548 1698 666 1870 2786 1613 1213 1840 1380 2767 654 988 1365 1609 1611 1931 2148 53 831 1224 2570 69 1109 550 1140 
1331: 671 1846 2287 2959 1785 1321 447 1482 204 351 1255 1949 1950 2270 2688 2696 2755 2855 2948 3014 3085 3125 3157 43 221 390 397 422 1760 1330 951 1976 2034 874 876 601 676 1734 289 1133 2447 2483 2654 2809 142 226 232 666 712 783 1289 2214 98 487 138 1418 1588 1852 1640 1933 1062 1940 965 1213 1568 2088 1650 337 1615 2803 615 2013 219 2365 2375 2382 2391 2401 2462 2469 2486 2498 2535 2669 2702 2712 2871 2990 3033 3040 3099 58 137 145 209 238 274 387 395 415 426 520 527 598 600 764 928 981 1001 1018 1024 1047 1069 1106 1136 1152 1819 1836 1352 1875 1346 1919 1784 1483 1527 1462 1464 2145 2098 2127 2202 2231 
1344: 671 840 1949 289 2447 393 1870 581 2642 1224 1159 
1356: 671 2287 193 1255 1949 1950 2045 2290 2400 2618 2696 2755 2932 2948 2949 3085 3157 397 1774 1851 2034 874 876 610 616 2080 676 1149 2090 1746 2338 2356 2430 2483 2555 2809 2826 783 1426 2817 423 2779 1852 1600 393 280 2464 1568 2231 71 364 1171 1352 1544 3126 119 1018 1047 3015 1754 1819 2202 1694 1836 
1405: 671 1706 2959 204 208 1253 1291 177 212 1336 673 1021 1478 2080 711 2589 567 906 607 3102 2053 1290 3015 494 654 2148 2559 2129 1629 2605 
1434: 671 1846 2959 3142 1785 1662 1321 132 1253 1269 839 959 1981 578 1117 2142 1735 2368 2633 3115 179 390 2010 806 2108 2037 1478 937 1734 458 1002 2706 3066 241 430 472 1040 2459 931 1979 1980 3009 576 1764 1816 1978 2009 3068 1085 841 2407 596 700 2624 1682 412 1285 3128 2957 1220 2556 2713 2806 975 2292 2371 2375 2442 2460 2518 2549 2588 2692 2748 2775 3078 3113 7 24 168 172 288 650 702 716 756 817 875 990 1070 1074 1162 1221 1227 1310 1328 1366 1377 1433 1887 2199 1435 1957 1969 1990 1552 1550 2152 1668 1712 1713 
1436: 671 291 3152 71 1924 
1458: 671 43 673 670 672 705 2139 
1465: 671 1078 837 840 205 2822 204 292 1253 1255 1400 2035 2045 2400 2405 2755 2932 2948 2949 37 333 745 746 825 1851 1238 530 599 604 1087 1176 711 2540 458 2253 2258 2356 2403 2566 3155 92 232 597 783 987 1247 1259 2020 17 423 2520 393 934 1693 2160 542 1023 1086 1202 1389 1441 2352 2476 2616 2712 2721 2841 2871 2905 3134 297 346 417 476 773 1295 2185 1566 2053 1704 2231 
1468: 671 904 993 1549 1078 837 840 205 2710 3070 3085 43 197 399 434 463 1760 745 2037 595 1164 1292 1176 2323 2447 2728 3060 461 597 1247 1259 1479 1979 167 634 1646 2392 2635 2724 1891 393 841 2545 1870 1389 1993 2522 3019 3110 2041 795 811 1963 2455 877 1199 2470 1756 2829 2865 2471 2474 2720 85 159 456 732 838 1058 1060 1119 1462 1480 1915 2112 
1475: 671 1253 1291 780 1845 2108 912 1443 1977 554 1617 1684 711 2118 2832 3156 226 2239 2322 2397 2478 2515 2579 2862 3097 3102 3152 110 435 535 681 1072 1115 1147 1156 1472 1473 1600 2032 1913 1502 1534 2190 2085 1978 1853 1733 
1497: 671 447 1949 2835 1053 2380 2843 2382 1036 1140 1672 
1522: 671 1549 2400 2561 2755 2814 397 786 1976 530 2483 783 886 2144 164 1702 1609 2711 
1556: 671 1706 2437 1662 1078 205 351 1914 899 1981 2076 2298 2405 2710 2835 315 1767 2078 1476 563 2116 646 1292 711 1002 1133 1765 2479 435 540 1479 2190 2613 3022 367 1705 1764 1978 1740 1593 1428 643 1768 1220 2882 1875 1836 1245 1982 2960 1604 101 709 728 1128 
1590: 671 904 1078 1239 88 1252 1291 2045 3011 3115 434 2232 1901 1238 1021 1015 2037 595 1176 711 1749 2323 2481 3156 597 801 1040 1509 810 1312 1715 1799 2009 2863 2420 535 1453 2179 2125 3120 2951 3016 2807 1018 1256 581 1447 2469 2748 459 895 1854 
1692: 671 836 2862 2065 1990 2587 336 
1704: 671 2959 2814 2932 2 37 221 1240 746 825 1238 599 1087 2452 2253 2258 2566 3155 92 430 597 987 1465 81 2020 17 841 542 1023 1389 1441 2469 2616 2672 114 266 895 1553 1642 1672 2053 
1719: 671 904 1706 208 212 479 854 484 1478 516 881 1214 435 2190 1472 2411 1156 2515 1005 305 2702 3015 494 1800 1121 1566 1548 
1733: 671 993 1549 1706 837 840 2346 1513 2290 2814 1845 2108 902 1176 1421 2118 2282 2330 2483 881 901 1475 1853 2285 2190 933 1151 1705 3152 1671 1891 1600 313 867 1062 1693 1870 681 1534 2061 1975 2308 1540 2404 2478 2507 2536 2559 2584 2699 2777 3006 3097 3100 126 206 238 379 411 454 709 865 1144 2194 1824 2072 
1742: 671 904 2246 2097 289 1451 2907 32 338 1477 1741 2016 
1756: 671 904 993 1549 2812 2959 1321 1078 324 840 205 1239 208 1253 1255 1291 1390 2419 2561 2618 3085 3115 43 63 105 197 221 333 463 1760 745 2010 1774 746 2017 2037 1019 561 595 599 1176 670 937 2323 2481 232 461 597 1247 1259 1468 167 634 1646 2227 2635 2724 1891 535 2885 413 681 1682 2951 3128 2522 3110 271 2226 647 1963 1982 1310 877 1379 2470 2316 2474 2512 2931 85 159 253 732 838 1058 1060 1076 1858 1915 2112 2222 
1775: 671 2346 351 357 1489 578 2142 2472 1240 1292 1176 670 672 577 556 1374 101 2469 2870 326 
1800: 671 993 1266 1706 2593 2346 208 2561 43 902 1176 2323 2479 2925 3155 424 1040 1719 1705 2009 2724 15 535 1453 2085 2053 2224 1883 988 2316 2448 1155 1173 1328 1470 1888 2187 1824 2068 
1818: 671 2305 2282 226 628 2285 2469 2961 12 603 811 1017 1420 
1827: 671 2444 2472 1336 673 1485 1015 670 672 1133 2118 2459 2190 138 1959 2322 1338 1337 2951 2965 2460 2690 2929 409 635 1362 1821 
1836: 671 904 1549 1846 1239 1255 1291 2035 2290 2618 2755 2814 2932 2949 3085 3157 43 221 399 1774 806 1851 1977 1476 874 610 611 616 1292 1176 676 677 2090 1746 2338 2356 2481 2555 2589 2809 2826 18 142 398 618 783 1014 1331 1356 1556 1426 1971 2724 2739 1891 2520 1062 1870 2464 1568 483 2088 918 2231 2326 364 764 119 2202 194 137 256 494 753 983 
1840: 671 1266 1549 2437 2959 324 2270 2400 2814 2881 43 333 825 1238 1976 982 1019 530 670 2258 2589 3047 430 618 792 1294 1445 469 634 1115 1425 1515 2227 2695 332 2580 1933 2179 1870 1753 2616 1315 2983 2329 2371 2442 2470 2712 3161 158 276 419 598 620 1272 1379 1492 1654 2038 2183 2231 
1841: 671 904 993 1549 2959 2203 1078 840 1255 2419 2688 3011 3085 43 397 429 1977 484 1176 676 2323 2447 2481 487 577 1588 2724 1891 15 393 535 867 886 1870 2921 1495 2070 2920 773 647 1199 2866 2329 2783 473 1493 1687 1689 
1848: 671 2035 711 1568 814 3088 1822 53 1995 782 
1916: 671 912 1443 1684 498 577 1502 
1917: 671 993 1400 221 1770 1176 677 2479 2555 241 712 2241 2493 3012 3050 209 276 994 1115 1158 1226 1552 1738 1816 1979 1980 
1927: 671 993 524 208 1210 291 1639 2184 1290 1005 158 2106 1265 343 1041 1385 3101 223 
1934: 671 993 1706 840 1239 2346 1469 2076 2855 3115 315 399 1015 1019 2116 595 1292 2282 398 597 617 1014 2285 139 151 933 1151 1425 1705 1816 1891 2683 3102 202 679 934 1062 1472 2768 2185 3055 1428 164 1761 2352 2373 2678 2702 13 101 276 346 1094 1162 1228 1242 1272 1328 1539 1550 1797 2106 
856: 671 2224 884 
1998: 671 2856 3106 232 1014 271 2807 1455 2565 656 
2006: 671 204 208 350 351 356 357 1253 1255 1296 1914 578 1618 2142 2246 2472 2835 2846 212 548 1292 676 2555 516 588 628 881 1479 1900 1979 1980 1312 2294 2713 2744 2834 2951 3102 3152 15 22 211 354 391 445 591 976 999 1177 1219 1395 1487 1502 1534 1600 1970 
2027: 671 2097 2856 460 472 2117 2392 15 499 624 943 1753 2236 1437 3050 1970 2996 28 106 728 1488 1552 
2088: 671 1549 3142 1078 1253 1291 1950 3085 3157 397 429 1330 2483 142 398 906 1331 1836 540 2649 367 991 1425 1588 1971 2039 2099 2897 1062 2262 3003 497 2202 
2099: 671 993 1321 1078 837 840 1296 2213 2561 2673 2835 1789 2037 1617 2090 2540 2323 2893 541 987 1014 2088 2211 1312 2134 2139 15 2249 2329 2489 2993 46 101 115 116 342 391 644 1154 1242 1377 1661 1758 1761 1922 1926 
878: 671 1239 1117 2472 2561 2808 3115 221 1019 1292 711 559 2540 2323 2589 2837 3037 845 879 881 931 933 1799 2011 2134 2198 2255 1891 1870 2125 440 2421 2699 2885 2920 2921 3108 3120 42 326 2012 1376 883 1395 1403 1099 1793 1315 1717 1729 1750 964 
2121: 671 904 1481 1117 429 2037 2863 2635 2724 1891 2420 1682 2023 2417 2864 2120 
2129: 671 1549 1662 840 208 1950 2472 2710 221 1186 1977 2925 220 424 597 1405 15 393 1062 2641 1290 3088 1702 988 238 1377 974 1132 2529 2797 1327 1512 1801 1882 
2139: 671 2959 3142 840 2822 356 1253 844 1117 2246 2472 2846 43 50 105 107 333 463 746 673 530 554 670 672 705 2540 29 2569 3032 87 462 785 906 1053 1225 1458 2099 575 1115 2250 2702 2724 2796 109 1802 2070 
2148: 671 1706 1662 1321 132 1253 1291 844 1484 2670 2784 2908 2909 2910 2911 2912 2913 2914 2915 2916 3011 479 1240 1298 2232 806 1378 1901 1789 1485 1073 937 458 2479 2555 2706 666 1214 1294 1405 1509 435 540 1445 1448 2649 367 1626 1705 1906 2466 2392 3068 3152 15 499 867 886 2581 2601 1681 2421 467 3128 272 2957 180 273 471 2478 411 833 120 654 964 1332 2379 594 3151 2428 1713 252 2164 802 884 1847 388 2550 2577 2805 2896 3045 5 363 433 781 808 843 1142 1796 2152 
2157: 671 1706 3142 1662 315 670 672 2330 873 2020 2626 933 1151 1705 393 202 867 1062 2061 3041 2848 1068 2894 2953 2777 2584 2888 3129 1199 2369 2602 2900 78 189 388 433 553 1242 1466 1691 1918 2164 2194 
2162: 671 1706 1785 840 1253 1296 844 1117 2419 2927 3011 3085 105 390 479 1774 1336 1977 484 1617 1292 1176 711 2282 2330 2569 588 2285 2539 1979 1980 2190 367 469 933 1151 1705 1884 2739 393 535 841 1338 202 596 1062 1232 1696 1740 1870 3103 1613 2768 3055 1337 1428 1534 1777 2951 2224 536 2294 2678 2920 2976 119 189 216 728 1212 1550 1821 2106 2202 2228 
2170: 671 1253 1463 711 1072 2168 2779 2322 1472 2169 2174 2736 2175 2173 2767 299 1473 1913 2032 2733 2798 319 778 1224 2172 2197 
2184: 671 1549 2971 2270 2561 2955 43 221 1210 2258 2282 2479 2481 291 1927 2285 880 1816 2398 1682 2326 2813 3026 3101 394 632 1005 1780 
2186: 671 232 461 462 15 
2198: 671 993 2246 2633 463 595 1201 586 588 592 879 881 878 1799 2011 2138 2249 2255 2329 2407 2642 2743 2769 2969 156 316 369 403 440 535 681 1038 1453 1493 1506 1729 2012 2041 
2202: 671 1549 2287 2959 840 1255 1949 1950 2045 2290 2400 2618 2696 2846 2948 43 177 397 1851 1424 2034 874 876 610 611 616 2080 676 2090 1746 2338 2356 2483 2555 2809 2826 783 1331 1356 1836 2088 2162 574 2817 423 1705 2724 1671 1852 393 1062 1870 2160 2464 1568 2231 71 364 1171 1352 1544 3126 119 1018 1047 1694 1754 1819 2681 3015 1199 
2528: 788 2437 3063 2213 588 2539 3061 2499 811 1095 360 2500 1814 
3061: 788 2959 3063 208 1400 588 2528 2252 607 651 1671 2499 2500 2595 2674 2675 887 1095 1814 1889 2038 
156: 788 1078 1253 2076 2472 2808 1774 601 2776 1133 3119 461 2198 1208 474 1825 1978 2134 2601 2686 1220 180 3111 1982 1310 2752 1362 2858 1195 2524 2605 154 1226 
1095: 788 1266 2437 3063 1767 1789 1977 666 2528 3061 1979 1980 651 1764 1978 1013 1526 2499 1768 2038 2308 688 2500 2595 2751 887 961 1039 1632 1392 1910 1814 1444 
1814: 788 3063 1770 595 1765 2528 3061 1095 651 668 2224 2499 2038 1781 2595 2500 887 
2250: 904 2246 241 2139 2695 270 338 624 1933 2179 3075 
2285: 904 993 1266 1846 3005 1321 837 840 1481 1482 1239 2251 136 204 1253 1255 1269 1297 1949 2290 2400 2405 2488 2561 2615 2618 2755 2814 2846 2932 2934 3011 3085 3096 3115 3157 2 197 315 359 399 1240 1760 745 2010 1774 1186 1845 1851 2108 902 912 1443 1450 1789 1977 1463 548 554 1617 973 1908 1684 1176 670 937 677 1149 1746 2258 2282 2356 2430 2481 31 226 619 901 906 1733 1818 1934 2162 2184 2239 1853 2271 46 64 71 164 183 184 266 271 272 273 329 331 364 411 423 445 471 493 523 551 564 571 625 655 681 713 758 795 809 867 898 920 1016 1104 1171 1174 1290 1308 1320 1352 1437 1445 1479 1492 1502 1514 1525 1540 1544 1637 1650 1671 1718 1730 1740 1761 1844 1870 1875 1889 1924 1971 1993 2065 2085 2126 2134 2156 2158 2190 2226 2227 2777 2312 2780 2373 2404 2920 2424 2579 2964 2478 2990 3016 2522 3035 2535 3050 2308 3072 3084 2584 2597 2599 3126 2807 3152 2326 2702 3097 2712 3100 2724 3102 2862 
2329: 904 993 2959 2714 2213 2405 2472 3070 333 434 1292 1176 2776 2728 2754 3058 257 1040 1247 1840 1841 2099 2198 392 493 1359 2334 2724 202 358 1086 2497 77 2515 3128 2522 898 877 2025 23 168 248 698 1361 1401 1444 2332 2591 2470 2946 1784 752 1420 252 253 465 627 826 1136 1531 1543 1703 1728 2005 3093 3046 2975 2720 2974 2474 2358 2787 
2347: 904 350 356 357 1914 2142 2118 577 15 261 2953 354 
2362: 904 177 434 595 1122 597 901 906 2020 2724 1933 2179 309 1750 1793 2965 1563 180 2840 1462 913 
2420: 904 1321 432 1078 205 1239 2408 2443 204 350 352 356 357 1253 1316 1400 1981 2076 2142 1641 1408 2368 2400 2670 2673 2755 2784 2835 2846 2908 2909 2910 2911 2912 2913 2914 2915 2916 2949 3115 105 107 179 197 390 463 2010 2232 1378 1238 1021 1476 1019 530 1073 2064 595 646 2248 2258 2333 2706 2810 31 461 472 586 588 592 597 1590 2121 498 1979 1980 2190 17 576 2863 15 1020 2320 5 32 261 272 416 549 626 643 649 718 947 1103 1198 1328 1332 1338 1376 1506 1793 1831 1933 1985 2191 2799 2608 2921 2933 2953 2442 2897 2518 
2440: 904 434 783 2635 3050 2775 976 85 230 
2478: 904 993 1266 1706 1411 205 1253 844 2472 2561 2881 2955 3096 422 1770 2108 902 912 1443 1977 1485 1015 595 1684 2118 2282 2323 2330 3119 226 1053 1475 1733 2148 2285 1853 2973 1900 2190 1705 1816 1959 3152 2062 546 580 622 841 1038 1823 2085 2862 2965 2218 564 2964 2379 12 145 187 433 468 478 1047 1263 1502 1874 2150 2923 2495 
2563: 904 840 1253 1117 3085 221 1450 2017 2435 59 792 1115 1753 1793 545 
2605: 904 2959 197 289 1014 1405 156 15 1364 2013 953 2752 2183 1211 1886 3138 
2606: 904 993 1549 1078 2123 1239 2833 1400 2076 2419 2472 2633 2710 3014 3125 212 1240 806 1485 484 1019 1538 2323 31 398 597 712 794 523 2245 2267 2386 2471 2581 122 184 271 366 594 796 913 1003 1396 1462 1593 1793 1799 1858 1891 1969 1982 2125 2130 2209 2775 2780 2608 2678 3093 3036 2724 2798 
2608: 904 1549 1785 1078 840 1481 2291 2472 2710 3014 3125 212 359 434 1240 1538 595 1749 2447 2795 3067 398 597 617 1247 2420 2606 523 793 138 589 2009 1453 2156 2012 1534 1757 271 2780 2807 2806 2386 2471 2543 65 122 133 366 584 913 1003 1070 1199 1209 1384 1795 1817 1858 2046 2056 2775 2798 3093 2611 
2616: 904 1266 1255 2400 37 177 221 333 434 745 2010 746 1851 1258 530 595 599 1087 1176 2235 2253 2258 2323 2441 3155 92 597 987 1040 1247 1259 1465 1704 1840 2020 17 469 1115 2334 2724 1852 1891 393 1062 542 1023 1086 1441 2053 2374 2470 2474 2527 2529 55 85 582 598 798 1058 1219 1493 1587 2018 2224 2946 2623 3128 
2623: 904 993 1266 3063 2616 185 2511 335 808 189 728 
2686: 904 1549 2123 2142 2561 3011 1098 601 2268 500 588 156 880 2817 1514 423 1816 1453 624 2924 1568 2565 71 147 584 1090 1310 1363 1541 1544 1694 2021 3079 2807 
2695: 904 2437 2812 1411 1078 840 132 1117 2246 434 450 1767 780 806 554 2064 31 1840 2250 1764 1978 2724 2311 2345 2470 122 125 233 334 624 681 1011 1063 1385 1672 1768 1982 2872 
2702: 904 1549 2437 2746 3005 1321 1078 837 840 1481 1482 1253 1297 1950 2035 2045 2291 2472 2561 2755 3011 3085 221 315 399 1767 806 825 1977 2017 2037 2097 1617 1123 1164 1176 937 711 2566 2832 0 31 142 424 617 1053 1247 1282 1331 1719 1934 2139 2285 487 931 1448 933 1312 1425 1764 1978 2436 2724 499 534 535 867 1062 2862 2716 1753 1551 1099 1156 1793 1306 1534 2515 2641 663 1768 2345 2308 1924 2374 2386 2559 340 417 428 550 924 1018 1197 1423 1609 1700 1702 1786 1945 2775 2797 3071 2727 
2721: 904 1321 1255 2400 2932 2949 3085 333 397 745 746 1851 530 599 676 677 2090 2356 2447 2479 3037 92 783 1247 1259 1465 393 1870 1086 1306 3126 773 1199 2664 154 884 
2724: 904 993 1266 1706 2163 2800 3005 1785 1321 1078 324 1239 2714 2822 2833 208 1255 1291 1949 1950 959 2045 2076 578 2246 2290 2400 2444 2472 2513 2561 2615 2618 2670 2696 2755 2814 2908 2909 2910 2911 2912 2913 2914 2915 2916 2932 2934 2949 2955 3014 3085 3115 3124 3157 43 105 107 144 197 212 315 333 359 434 450 463 1240 1760 745 2010 1774 1612 780 1804 1298 2232 746 1851 1378 1238 902 1424 1450 1789 1976 1977 1476 1485 2017 2037 1019 1803 530 548 1571 554 561 1073 2097 595 1617 599 601 1111 610 611 1123 616 1130 1567 2080 937 676 677 1149 711 1746 228 2258 2282 2333 2481 2832 3037 3066 31 92 226 232 259 461 462 597 618 619 666 712 783 801 901 1014 1214 1247 1259 1468 1756 1800 1836 1841 2121 2139 2202 2285 2329 2362 2606 2616 2695 2702 1289 523 3135 160 161 162 166 169 173 469 493 577 607 853 933 1312 1425 1545 1799 1816 2009 2011 2084 2227 2380 2312 2283 2397 2411 2412 2417 2439 2455 2463 2471 2520 2550 2611 2679 2681 15 32 36 64 77 122 163 168 199 248 271 272 343 394 416 433 494 503 506 527 528 550 581 626 632 722 764 802 809 812 819 866 883 890 950 953 960 994 1016 1029 1043 1055 1085 1086 1097 1136 1147 1217 1245 1246 1290 1343 1369 1375 1379 1449 1456 1480 1552 1563 1579 1593 1596 1598 1608 1614 1645 1651 1657 1702 1721 1737 1777 1779 1784 1828 1852 1855 1887 1907 1933 1965 2016 2021 2094 2141 2171 2179 2224 2226 2228 2798 3008 2869 2842 2880 3050 2748 3084 2980 3107 3082 3103 3116 3041 2757 2763 2769 
2748: 904 2746 840 1269 1981 1117 2213 1735 3085 3115 1240 806 2017 1015 2075 2485 2706 3066 96 241 472 842 1053 1225 1434 1590 2724 2190 2211 3009 1410 2009 2084 1453 3128 2957 1688 271 795 626 7 2825 2575 2697 1447 2471 2982 2344 125 727 961 1008 1017 1575 1779 1858 2046 
2769: 904 993 204 1291 1117 2246 2444 2472 1240 1767 1019 595 458 2485 103 430 597 792 801 2198 2724 1599 1115 1906 2322 2557 2601 158 196 338 344 379 388 535 654 795 1088 1202 1220 1435 1483 1604 1726 2094 2125 2131 2803 
2786: 904 1706 1481 3144 350 351 356 357 1914 2142 2405 2406 3011 2010 1350 1424 937 87 1294 2252 577 930 1705 499 202 2404 206 261 1077 2953 2951 3132 
2849: 904 993 2037 1176 711 2323 2378 2447 516 1906 185 11 171 2294 377 456 1493 2852 
2869: 904 993 1549 543 710 840 1481 2714 3157 221 616 1149 559 1749 2540 1040 2724 523 1514 1855 624 596 2533 1639 1563 1726 1757 2802 2807 584 2471 209 994 403 2611 885 1128 1610 
2896: 904 2959 3005 1253 1409 2076 2908 57 2010 2232 458 2972 836 2148 3009 1404 15 1640 1870 1288 1681 90 748 3153 491 1199 1154 3099 2399 2415 2645 2671 67 285 1498 2199 3034 
2928: 904 993 1078 673 1292 1176 670 2635 1870 964 101 
3029: 904 1253 2472 2670 2784 2908 2909 2910 2911 2912 2913 2914 2915 2916 2232 1378 902 1073 901 906 931 2369 1242 
3057: 904 1846 3157 1122 1181 1453 1681 663 231 386 494 2429 2765 
3068: 904 1706 1662 1253 1117 2246 2561 221 450 780 2017 1015 677 458 2330 2569 2706 259 618 1434 2148 2857 933 1151 1705 1906 2407 2421 2556 2622 2624 313 403 499 708 838 1142 1310 1362 1374 1773 1802 1993 3102 
3075: 904 840 2251 2541 2855 2915 3096 3124 3157 1015 1019 1617 937 1133 2826 59 226 2250 98 1312 2117 15 3102 499 1453 2085 2280 2308 2366 2411 2579 2697 2712 2752 2807 2862 70 222 249 300 388 457 482 598 667 716 723 834 932 1013 1018 1173 1232 1394 1396 1700 1753 1863 1887 1958 2022 2187 2193 
3100: 904 3005 840 1253 3096 221 2017 937 2282 226 619 915 1733 2285 931 1445 2126 471 3097 183 331 620 920 1137 1492 1566 1730 
3120: 904 993 2959 3005 1239 1253 2419 3085 3115 399 1238 1019 595 937 289 103 879 881 1590 878 1479 1900 1799 1906 2011 2255 1885 2125 440 1403 1729 1793 2012 2684 172 391 497 995 1310 1328 1506 1534 1777 1912 
3152: 904 1706 1411 1481 1239 2346 1253 844 1469 1518 2035 1117 2246 2406 2444 2472 2615 2633 315 399 434 1770 1845 2108 854 1977 1491 982 1123 2151 1684 937 2083 1133 2118 2282 2323 2447 226 1014 1053 1436 1475 1733 2006 2148 2285 2478 1853 27 244 805 1559 2190 930 1816 1959 2863 2271 2299 2379 2468 2495 2576 2579 2772 2807 2862 2923 2951 2964 2965 3121 12 187 433 445 468 555 564 580 609 622 636 681 718 816 841 843 852 990 1038 1106 1150 1263 1293 1317 1379 1453 1502 1551 1595 1629 1632 1678 1751 1753 1796 1855 1885 2085 2110 2152 2174 
15: 904 993 1549 2287 2800 2812 2408 2714 2851 88 204 402 1253 1255 1291 839 844 1407 1409 1950 1960 1469 1484 1513 1059 2213 1408 2270 2400 2406 2419 2465 2561 2615 2618 2673 2696 2710 2755 2808 2835 2855 2927 2955 3002 3070 3085 3090 3096 3157 57 83 105 107 197 221 267 359 390 463 1240 745 2010 1298 806 746 825 1336 1238 484 1520 2037 1538 530 548 563 876 595 610 1130 2151 1478 629 1164 2080 1087 676 1149 2204 711 559 2090 2452 2540 1002 2248 2253 2258 2323 2330 2333 2384 2403 2628 2660 2706 2893 2925 3067 3119 96 155 291 424 460 461 462 567 597 639 734 836 881 892 987 1014 1225 1247 1800 1841 2006 2027 2099 2129 2148 2186 2347 2420 2605 2724 2896 3075 498 1509 880 2100 244 487 495 1445 1941 2626 2649 138 367 651 810 1312 1764 2117 2863 2834 1594 1671 1891 2062 2126 2249 2271 2273 2294 2311 2315 2316 2326 2345 2352 2373 2375 2377 2379 2394 2398 2427 2432 2467 2471 2486 2502 2504 2518 2529 2545 2552 2556 2580 2581 2639 2667 2668 2669 2681 2684 2705 2715 2736 2743 2745 2764 2765 2767 2792 2801 2802 2818 2848 2861 2888 2894 2903 2917 2951 2974 2988 3003 3015 3016 3017 3021 3026 3041 3052 3093 3127 3147 1 12 227 237 239 245 252 285 301 319 322 331 334 343 372 412 413 436 437 443 455 456 457 476 483 531 534 555 556 564 565 568 581 631 649 636 702 713 729 735 741 742 754 760 809 823 829 841 861 883 895 896 944 945 953 972 974 984 990 1008 1011 361 1067 1068 1069 1077 1096 369 280 1137 1138 1141 1199 1288 1290 1293 1295 1332 1335 1337 1338 1354 1365 1370 1376 1379 1385 1394 1398 1413 1429 1437 1438 1441 1446 1453 1492 1493 1495 1510 1516 1517 1533 1543 1552 1553 1560 1563 1579 1581 1596 1604 1615 1621 1625 1630 797 1634 1638 1659 1726 1744 1777 1797 1808 1809 1812 149 1821 1824 1833 1834 1864 1868 1870 1882 1885 1895 1911 1928 1939 1940 1942 1948 1953 1958 1982 2013 2023 2053 2054 36 2093 65 73 77 2133 99 104 2154 119 2160 147 2187 2189 2193 157 158 2201 2206 2209 174 187 196 200 211 
17: 904 324 840 1255 844 2246 2400 2419 2561 37 105 333 359 745 786 746 530 599 1087 1149 711 2253 2258 3155 92 597 1465 1704 2420 2616 2020 2377 2053 542 1441 1338 1086 841 
32: 904 1549 2901 2305 3063 1785 543 1078 840 1316 1469 1981 2472 2561 2710 2755 1240 1336 1002 2481 2837 31 398 1742 2420 2724 523 1514 393 580 1870 681 1534 2894 184 271 494 2674 1310 2829 122 507 1043 1070 1074 2225 1596 1462 1226 
44: 904 711 588 592 624 1924 115 
70: 904 1078 1484 3085 2569 2795 3075 1816 2601 768 817 1173 1003 
138: 904 993 2959 2971 193 1078 800 844 2246 2291 3115 177 390 1336 563 1617 599 646 1176 670 628 1053 1331 1827 2608 15 2603 2128 2311 2407 2455 2550 2601 2624 2863 2924 2965 3010 53 80 101 864 1630 381 1274 1150 1671 635 409 1311 808 1338 831 1955 1855 858 
147: 904 2959 205 1749 29 2686 15 651 1453 624 3030 2924 2421 2807 2679 584 2565 2462 2496 818 823 1363 
167: 904 993 840 1117 2246 3085 1612 599 2728 257 1259 1468 1756 1514 2470 2474 2480 2512 2522 2581 2635 2780 2885 3081 85 1119 1001 366 1646 634 253 2041 1915 1537 913 1058 1060 1963 960 627 838 2112 1740 1870 732 
261: 904 136 201 1050 1117 1641 1770 1901 2893 87 2347 2420 2786 2987 2539 2459 749 3 841 596 1870 2271 2364 2396 2451 2462 2574 2653 2796 2799 2988 3042 3132 24 109 868 505 511 519 1376 1427 415 1821 1912 1466 1875 451 623 335 1358 1237 
271: 904 1266 2437 2800 2812 2959 1321 1078 840 205 2833 204 1253 1291 1390 959 2419 3011 3085 3115 390 399 463 1767 1336 1789 1019 1538 2075 595 601 670 228 2282 2323 2384 2481 2566 2628 3066 31 398 541 588 597 619 666 783 987 1014 1756 1998 2285 2606 2608 2724 2748 32 1289 574 2603 2987 435 173 657 1764 1816 1978 2084 2227 1891 1640 841 1453 624 1933 2179 1062 114 2983 77 1337 3128 272 1068 1768 2231 497 46 184 2317 2386 2442 2454 2471 2674 2780 2807 2990 2992 2994 3003 3045 3071 3121 3139 36 85 122 127 172 735 637 1761 747 755 913 1314 809 811 1863 861 363 366 1385 1397 391 1939 1943 1444 941 971 1488 494 694 507 1552 1809 581 1633 636 2166 653 1994 2193 684 2228 1722 
276: 904 993 2959 1253 1296 1297 1318 1589 1117 2444 479 1298 806 902 2075 677 711 458 2118 1840 1917 1934 2698 523 435 1896 1980 2020 2190 1816 2636 1594 2794 2095 1086 1428 1920 1184 2884 407 2319 2463 2612 2762 2829 5 109 217 245 989 614 1237 1387 1797 502 1527 1821 1931 1550 417 1067 433 1000 1074 321 1939 1614 
288: 904 1298 289 1133 1434 27 1793 2982 1837 1498 56 
329: 904 2959 902 554 901 2285 2150 
384: 904 993 2959 208 2472 177 951 2241 2343 2454 2603 2987 168 339 403 1080 519 898 812 1313 
413: 904 993 2305 2959 1785 1239 82 402 1050 2368 2755 3115 179 197 825 1336 855 1238 1019 595 670 677 29 1002 1133 2258 2333 461 586 588 592 597 1756 15 2459 1514 1900 1971 841 1338 2897 934 1681 2364 2596 2682 2806 2875 2951 101 110 157 180 328 1888 2145 637 702 1924 2054 1413 1427 1821 1822 1824 1587 1337 2230 1090 1731 1488 1198 
468: 904 2673 63 359 1021 2323 2478 3152 1514 469 1681 2192 1609 112 2112 
529: 904 1785 2123 1253 1291 959 2400 2615 2755 221 422 2010 1130 11 2508 2862 2502 802 2504 1795 1893 1008 1939 
542: 904 993 1078 2368 2932 37 434 746 825 1238 2037 599 1164 1087 1176 1201 711 2253 2258 2566 3155 92 597 1465 1704 2616 17 2020 2635 3102 3110 159 456 1389 1023 2053 1441 1202 1493 1495 
605: 904 840 1253 1617 2489 1753 2888 1533 170 106 1858 
607: 904 2959 1785 525 1239 1296 1297 2213 1707 2246 2932 3070 3124 197 463 1476 1019 1098 1176 1002 1181 2785 472 588 712 1405 3061 2724 523 931 3009 576 2380 2395 2679 2722 2775 2868 2882 2951 3126 94 549 1220 1608 1004 1946 1777 1922 1610 1287 1802 1107 1688 819 2226 953 1082 1338 961 1092 1614 
614: 904 3142 88 1181 276 2634 953 2471 2900 2495 2524 476 1503 
624: 904 993 1549 1706 2437 3145 1785 1188 1078 840 205 2833 1253 799 1407 1589 2400 2406 2633 1767 2010 1485 1538 670 559 1133 2118 2333 2628 2660 398 666 1014 2027 2250 2686 2695 2869 44 147 271 574 2252 1640 534 535 2371 2471 2515 2524 2681 2780 2825 2829 2840 2951 2992 2993 3012 3045 3093 180 184 293 296 334 366 459 467 494 507 549 1768 1933 928 1455 948 1996 985 995 2046 1114 2145 2179 653 2224 
626: 904 2812 840 2035 1117 43 434 1774 711 1002 2441 2566 2785 3060 2420 2724 2748 1514 2863 2392 2635 1891 11 1337 3128 2894 3110 758 1664 2294 2358 2931 2946 414 889 1831 
634: 904 1549 2959 1078 840 1117 2246 2291 434 1258 559 3060 1259 1468 1756 1840 167 2312 2470 2474 2522 2885 3102 3110 85 159 253 393 1001 877 1646 898 1058 1060 1963 1915 838 1858 841 1993 1613 1870 2112 732 
653: 904 524 2203 840 2472 2561 450 902 398 271 624 477 523 3 338 1933 1062 2311 1563 273 2780 2840 1560 2838 2961 3051 100 354 2022 1773 1674 686 2094 1362 
663: 904 993 1585 1586 1846 2800 3162 543 1078 3011 221 1538 289 980 2323 3037 541 2702 3057 523 1287 1959 2095 1428 1619 2267 481 2344 2427 2454 2499 2596 2802 2803 3010 3118 514 1757 1128 1372 1079 1419 1270 668 1310 1380 1563 1892 945 1937 1726 1094 1325 
715: 904 712 1965 834 2553 2782 2783 1158 
728: 904 2971 221 1123 801 1556 2027 2162 2623 1514 1681 42 2070 2920 1440 328 1821 1362 2054 189 419 1109 1157 
729: 904 595 2589 232 597 785 15 1599 576 2897 3055 1688 158 549 2306 2560 100 110 1008 1970 2098 2228 
741: 904 3005 1253 1255 2472 2488 2710 2948 397 595 711 2235 2323 2447 2481 2566 232 15 1426 1479 497 364 391 995 1077 1854 
764: 904 3157 1331 1836 2724 180 2283 2665 
782: 904 1239 1949 315 399 1021 1848 3022 367 1705 2884 
795: 904 993 2959 283 840 205 1255 2076 1117 2213 2406 2472 2561 2784 3115 177 422 434 1240 1350 2017 937 458 1181 2323 2485 2621 461 588 597 1053 1468 2285 2748 2769 574 658 930 2009 2134 393 1870 2601 2398 850 1495 497 2454 2676 2757 125 528 557 1140 1614 1703 1449 819 2223 981 
809: 904 1549 2593 283 1078 1117 2932 221 2078 2776 31 398 2285 2724 15 271 574 2084 1430 46 273 2471 2775 3111 7 122 328 342 544 1030 
889: 904 356 2513 2673 780 554 2441 2925 743 626 1359 1430 1664 1362 636 736 371 373 414 2830 311 
1081: 904 2932 1115 947 1135 
1777: 904 1266 1706 2959 432 1239 204 775 800 839 1469 1513 1518 1117 2368 2561 3115 83 179 197 390 2010 1774 825 1336 1238 1021 1019 595 2151 1164 458 2258 31 430 461 586 588 592 597 2162 2724 3120 15 607 2459 540 367 1891 841 2897 1933 174 202 313 2201 2311 2745 2799 2875 2950 2974 65 122 157 172 405 502 620 994 1376 1622 1888 2054 1912 
1076: 904 1321 324 205 1239 208 844 1390 2561 2618 3085 105 197 745 2010 1774 2017 561 595 599 291 597 1247 1756 2227 2226 1379 2470 2135 2474 2171 2222 1695 
2101: 904 1266 221 969 228 62 493 2312 2300 2012 717 591 877 884 1254 1609 2220 
913: 904 993 840 205 1253 2696 2710 3014 3157 399 434 2097 559 1133 2837 3155 31 398 720 881 2362 2606 2608 167 271 2020 1816 3030 2012 2780 3016 122 366 2115 2393 344 1377 
1312: 904 2959 524 525 840 205 1481 1253 1291 844 1618 1117 2246 2291 2561 2670 2784 1617 937 711 2118 2323 2832 241 588 618 619 1040 1247 1590 2006 2099 2702 2724 3075 15 1479 2311 2412 2559 2601 2712 2775 2807 2936 3121 3122 26 223 365 476 494 569 594 620 679 769 820 841 1011 1162 1609 1715 1793 2077 1425 2194 1453 2126 1858 
1315: 904 2959 1078 2513 2010 289 1181 2323 2566 879 881 1840 878 1799 2011 2255 2897 440 1099 2294 2453 2471 2888 531 547 1064 1152 1279 2012 1395 1403 1750 1490 1729 
1494: 904 993 3005 3011 1774 1021 1176 1396 1137 2705 1173 
1339: 904 1297 2368 2323 2857 1799 2009 2921 2448 403 994 1006 
1864: 904 3162 212 15 2012 1526 953 1609 189 330 
1430: 904 2959 2405 2513 780 2017 2075 554 2441 809 889 991 1359 2179 2426 2267 251 371 373 636 732 1233 1362 1385 1664 2208 1773 
1364: 904 993 2959 283 1400 2368 221 484 2258 2605 1514 2834 2557 2594 2752 2798 3010 117 406 898 1016 1211 1380 1645 2166 1886 1609 
1368: 904 1239 1291 1296 2846 3115 1336 672 2447 2826 1816 867 1267 1870 748 600 621 2988 2565 
1899: 904 3142 1078 1336 599 2569 3116 650 1152 2640 2577 803 1142 1561 
1799: 904 2812 1239 1117 2246 2808 3011 3115 221 2010 1019 595 670 711 289 2447 597 845 879 881 1163 1590 878 2198 2606 2724 3120 1315 1339 2987 2255 2326 2921 51 172 338 440 811 841 1099 1337 1403 1453 1729 1750 1793 2011 2012 1891 2023 1828 
2120: 904 434 711 2121 1514 1870 
1933: 904 2593 1188 2087 1078 840 2833 799 839 1469 1117 2368 2419 179 390 399 825 1336 1485 595 1176 705 711 2258 2447 2660 3066 31 398 597 1331 1840 2250 2362 2420 2724 271 624 653 1777 2190 1816 393 535 841 1338 2897 2545 2311 2471 2476 2515 2681 2775 2892 2924 2951 2965 3128 7 19 64 122 172 184 322 412 467 497 681 948 1012 1062 1074 1114 1127 1199 1337 1502 1682 1737 1793 1821 1870 1939 2179 2225 
1425: 904 2437 2959 3005 543 1078 840 1291 2076 1117 2246 2291 2561 2633 2710 3157 177 1240 1770 2010 1424 611 1908 1176 670 2540 2776 1002 1765 2323 2589 2832 592 1840 1934 2088 2702 2724 1312 930 1115 2293 2521 2951 74 125 184 550 647 898 1013 1062 1099 1173 1211 1236 1362 1396 2160 1545 1858 1870 1702 1453 1847 1855 
1943: 904 1549 2287 840 2076 2710 3014 1336 2204 1181 92 398 588 617 271 1514 1453 2924 2311 1757 184 3016 2807 2668 122 802 883 1543 1569 2209 
1966: 904 393 328 
1970: 904 2959 1482 2618 397 1746 2356 2006 2027 729 1514 1338 1062 2156 2160 3041 2848 1068 2894 1688 1718 3126 216 2385 2146 
1979: 904 993 2629 2305 840 205 204 1253 1296 1316 1949 1981 2076 1589 1707 2291 2444 2472 2513 2633 2673 2835 2927 3002 3090 3157 434 479 1767 1298 2232 746 2078 484 1478 937 1149 711 719 458 1002 1181 2856 3155 424 516 619 1014 1434 1468 1917 2006 2162 1095 2420 1426 2539 2245 244 435 805 1054 1445 1448 1479 1900 2267 2274 2314 2339 2417 2427 2432 2463 2470 2494 2510 2533 2596 2601 2637 2647 2649 2652 2697 2739 2743 2780 2824 2840 2842 2969 3151 11 64 223 372 394 455 499 507 518 532 551 580 594 608 643 645 649 654 664 699 716 727 739 753 885 903 967 1008 1077 1093 1126 1127 1132 1135 1195 1200 1363 1366 1380 1433 1467 1534 1545 1551 1563 1578 1619 1621 1643 1660 1682 1713 1747 1768 1816 1823 1844 1855 1874 1877 1878 1884 1885 1931 1978 2169 2191 2021 2063 1980 2125 2126 2190 2224 2225 
1453: 904 3005 3145 1411 524 525 2087 2251 2408 208 1296 2846 3014 177 212 397 463 1845 2108 855 902 1977 1015 554 2097 876 595 1716 289 1133 2118 2832 59 92 96 226 241 597 619 712 720 801 1214 1590 1800 2198 2608 2686 2748 3057 3075 3152 15 147 271 1312 1799 1425 1943 98 2190 1715 1906 2011 2227 2863 2249 2280 2308 2503 2579 2596 2697 2712 2733 2807 2818 2873 2897 2988 3161 36 71 101 122 137 189 222 256 300 307 335 338 395 417 482 511 557 598 620 723 751 778 898 945 1018 1147 1156 1173 1175 1187 1317 1361 1396 1428 1435 1787 1870 1887 1919 1958 1464 1987 2022 2065 2085 2086 2173 2179 2187 2189 2191 1688 2201 1740 
988: 904 993 1078 840 1239 208 844 1117 43 1240 2037 1176 711 597 1294 1800 2129 2039 2134 1885 3102 535 622 841 2508 1870 2053 412 1526 184 1018 2301 2316 1219 
1885: 904 993 1846 2437 2812 432 1239 2408 350 357 402 1334 959 1518 2142 2444 2472 2615 2670 2784 2835 2908 2909 2910 2911 2912 2913 2914 2915 2916 3011 3014 3115 50 177 197 221 362 399 1240 2232 806 1378 902 1021 1015 1463 530 1073 595 1617 611 289 1002 1529 2118 2248 2333 2356 2481 2483 2847 2895 96 226 500 597 879 1014 3120 3152 15 1979 988 1853 1479 1980 1906 2863 1600 2369 2552 2596 2601 2624 2752 2801 2802 2803 2836 2884 2920 3024 42 91 272 499 631 700 727 926 977 994 995 1177 1213 1351 1362 1456 1492 1504 1563 1565 1740 1817 1961 
953: 904 2971 1785 463 1240 1238 289 1181 232 461 462 2605 2724 15 607 614 1864 576 322 3041 2280 2327 2448 2471 2727 2920 2992 106 1687 1688 1226 961 979 
1599: 904 993 2901 840 1291 2368 1240 1015 595 1292 458 1002 2589 588 597 906 2769 729 2240 2507 2601 2829 2897 118 244 403 654 755 758 813 1472 2154 2043 1825 
1552: 904 993 1266 2163 2800 3063 2203 2615 3085 2037 2847 1434 1917 2027 2724 15 271 523 2020 2794 2493 1563 1220 184 581 122 2471 1135 585 2992 342 2727 2943 36 755 1953 
2009: 904 993 1549 2437 3162 1785 543 1481 1269 844 1981 2035 1117 2213 1735 2246 806 2017 1015 1176 289 2485 2706 241 472 1434 1590 1800 2608 2724 2748 795 1339 2190 1115 1410 1764 2341 2345 2575 2592 2596 2729 2775 2818 2825 2929 2957 3128 7 172 265 338 727 895 936 961 1134 1307 1455 1470 1483 1575 1688 1757 1779 1863 1954 1996 2084 
2228: 904 993 2822 2561 3115 711 2776 31 712 2162 2724 271 729 523 493 577 2227 1086 1526 2224 184 2712 1440 494 1310 877 316 1992 122 1219 2471 2115 1362 1781 3130 
2073: 904 1441 3111 2502 2504 3141 361 1438 2811 774 
1891: 904 1266 1706 3005 525 2408 2822 208 1253 1255 1291 1297 1469 1518 2045 2290 2400 2444 2472 2513 2561 2615 2670 2784 2814 2846 2855 2908 2909 2910 2911 2912 2913 2914 2915 2916 2932 2955 3011 3085 3115 43 177 197 315 463 1760 1763 745 1767 2232 746 825 1845 1336 1851 1378 1238 902 1424 1021 1977 1015 1019 1073 2097 595 1617 599 601 937 676 677 2204 719 2235 1746 2258 2330 2333 2356 2566 2847 2856 2895 3037 3058 3119 3155 31 92 226 232 424 461 462 597 618 619 712 783 879 901 906 1014 1214 1247 1468 1733 1756 1836 1841 1934 878 2121 2606 2616 15 271 626 1777 1799 2214 540 2626 3022 367 933 1151 2247 1852 2308 2374 2456 2470 2565 2579 2652 2668 2684 2864 2884 2974 3021 3126 3127 91 174 202 372 391 562 620 947 1013 1016 1086 1094 1337 1338 1428 1565 1815 1817 1879 1880 1887 1969 2025 2033 1898 2201 2209 
2094: 904 2812 2561 554 711 2724 2769 653 3102 2518 1609 2558 2981 1503 
1085: 904 993 1549 2437 2812 3005 1078 1400 2615 2633 2673 3115 212 434 463 1240 1767 1015 1019 1538 1130 973 2118 2248 2621 232 461 462 794 1434 2724 2252 1115 1287 1764 1816 1978 2294 2386 2398 2518 2581 2611 2622 2763 2775 412 535 623 756 796 823 841 862 939 985 1062 1220 1768 1435 1396 1781 2125 
1086: 904 1266 1706 1321 432 840 2822 1255 1117 2400 2561 2932 2955 3085 105 197 333 434 1760 745 786 806 746 1851 1976 530 2075 563 611 1123 1149 2235 1746 1133 2253 2258 2323 92 597 618 783 987 1247 1259 1465 2329 2616 2721 2724 17 276 2228 1891 2459 540 2190 173 367 493 1104 1115 1705 2117 2312 2635 2255 1671 2552 393 1062 1870 2398 448 1023 2345 2358 2374 2470 2474 2512 2551 2765 2931 2951 85 172 465 773 877 1011 1248 1372 1889 1898 1462 1531 2046 2092 2112 2209 1199 1235 1236 
2115: 904 1549 2812 1078 840 1253 3115 434 2010 563 1176 711 559 913 2228 2649 1705 2011 1855 2179 1696 2624 2983 816 1013 2224 564 594 2474 2358 2471 354 1022 1558 
2062: 904 3005 840 1482 616 2403 31 2478 15 1479 2334 2247 1671 808 1810 1883 2126 
1646: 904 1117 2246 711 1259 1468 1756 167 634 2745 2975 85 499 732 838 909 1058 1060 1915 2054 1963 2112 1740 
1136: 904 2959 1321 1078 1253 844 2400 2755 105 107 333 745 746 530 561 2118 597 1331 2329 2724 1289 2979 338 1062 1870 1202 322 2377 1310 2526 883 1264 1276 
2156: 904 3063 543 1482 2251 1253 1334 1050 2405 2406 3090 458 2282 3032 881 2285 2608 1970 81 931 1208 2190 2252 2254 2792 2804 2920 2921 2964 3031 3033 67 571 1144 1637 2158 2159 2160 2225 
1146: 904 3070 434 469 1842 1363 2119 
1825: 904 2959 524 800 1518 2246 3125 2017 289 156 1599 1410 2249 2358 2363 2392 2524 2659 2743 117 309 451 802 1013 1362 1428 1477 1786 
2179: 904 993 2959 1785 524 525 1078 840 205 204 2213 2561 3085 434 463 1763 1238 2017 554 601 2540 3037 3067 3155 31 398 424 619 712 1053 1590 1840 2250 2362 2724 271 624 1430 1933 1453 2115 1978 1991 2392 2312 2794 535 2575 2961 3051 100 122 184 222 861 898 1062 1070 1310 1362 1396 1575 1672 1773 1793 1858 
2188: 904 2670 2469 
2207: 904 356 2508 
1702: 904 1549 840 1296 844 1117 1707 2291 2561 2615 2710 2846 221 397 1336 1977 1538 616 677 1149 2479 2628 2809 1522 2129 2702 2724 1425 1980 1062 2862 1678 2422 497 1544 2931 1654 1781 
2214: 904 993 525 2123 2346 88 298 1253 1469 1408 2472 2673 3090 3115 212 1679 2028 1015 563 595 1478 937 559 2118 461 597 619 1331 1891 2240 2249 2299 2438 2439 2565 2604 2681 2683 2743 2806 2824 2897 2974 3123 13 27 53 309 520 657 843 903 965 1013 1017 1283 1288 1301 1380 1823 2072 2095 
1980: 904 993 1586 1846 2629 678 1078 840 205 1481 2346 204 1253 1291 1296 1297 1316 1981 2076 2291 2444 2472 2633 2673 2835 2927 3002 3090 359 399 422 434 479 1767 1298 2232 746 2078 1476 1538 563 595 1478 937 677 711 719 458 1002 1181 2118 2403 2628 2847 2856 3155 424 430 619 1014 1434 1917 2006 2162 1095 2420 276 1979 1885 1702 1426 2245 151 244 435 805 931 1054 1479 1900 2274 2311 2337 2351 2393 2411 2417 2427 2470 2493 2494 2510 2524 2601 2637 2647 2649 2697 2739 2743 2824 2843 2863 2951 3012 3045 3123 3128 3151 13 64 223 270 321 394 441 455 457 481 499 507 518 520 528 532 534 549 551 580 594 608 643 645 649 654 688 716 727 739 753 864 903 967 983 1008 1077 1126 1135 1187 1193 1195 1200 1295 1363 1367 1380 1433 1446 1459 1504 1545 1551 1563 1593 1619 1621 1638 1643 1660 1678 1713 1747 1768 1801 1816 1823 1877 1878 1879 1884 1887 1931 1938 1940 1978 2016 2021 2046 2063 2126 2190 2191 
2226: 904 993 1549 2437 1785 1321 324 840 1239 208 1252 839 1390 2035 2142 2213 2561 2618 3011 3085 105 197 221 434 1240 745 1767 2010 1774 969 2017 561 595 1617 599 601 1164 289 2479 597 1040 1247 1756 2285 2724 607 1076 574 2211 3 1764 1978 2227 841 1338 1793 2951 1768 2470 2474 2705 3146 209 252 328 346 877 1106 1254 1379 1444 2222 
2227: 904 1549 1586 2437 2812 2959 1785 1321 1078 324 840 205 1482 1239 2822 204 208 1253 1390 2035 1117 2246 2472 2561 2618 3085 105 197 745 1767 2010 1774 780 2017 1538 561 595 599 711 289 1181 2118 2282 2628 31 398 597 618 1053 1247 1756 1840 2285 2724 271 1076 1453 2228 2226 477 574 469 1115 1764 1816 1978 2311 2312 2422 2470 2471 2474 2558 2651 2960 122 184 451 535 681 1106 1310 1353 1379 1396 1480 1534 1640 1768 1992 2222 
1722: 904 1078 390 1538 541 271 1816 393 3041 2848 1068 497 1444 1784 2164 1030 1861 
1080: 904 2291 2444 2010 676 384 589 2322 1228 
1237: 904 1662 2346 356 357 1400 2142 1641 559 261 276 2539 657 1884 3132 637 871 1067 1357 
2231: 904 2287 524 1239 1255 1914 2270 2290 2618 2688 2696 2755 2932 2949 2955 3085 3157 221 422 463 2010 1774 1804 2232 746 1330 1851 2108 1238 1789 1019 1803 530 1571 554 874 876 610 1567 676 1746 2338 2356 2447 2483 2555 2809 2826 92 783 1214 1331 1356 1465 1836 1840 2202 271 1426 487 1588 1852 393 338 1870 2464 2175 1568 2370 272 2740 203 2361 2377 2679 3059 119 122 278 364 365 773 1047 1141 1199 1653 
1745: 904 840 1804 673 973 2649 1793 1924 995 2907 884 
1410: 904 1078 840 1117 2246 2017 3119 712 2748 2009 1825 1115 2392 2651 2745 3102 172 545 838 995 1199 1362 1687 1688 1826 
1750: 904 2959 289 879 881 878 2362 1315 1799 2011 2255 440 1099 1395 1403 355 1279 1609 2012 
2249: 993 2437 1662 2408 1253 1981 1117 2368 2419 2472 2835 2846 179 221 390 479 1767 825 484 1015 2037 530 2080 1002 1133 2258 2330 3067 3119 2099 2198 15 1453 1825 2214 2020 2190 11 332 369 393 416 499 534 535 579 580 622 841 954 977 1038 1134 1138 1246 1301 1338 1388 1516 1595 1823 1855 1911 2057 2071 2085 2897 2545 2843 2580 2508 2407 2743 2318 3021 
2267: 993 1586 2437 2812 3063 1785 543 1078 710 1334 959 2633 2835 390 479 806 484 2034 1538 2534 980 2663 541 2606 663 1430 1979 2973 1451 1959 2739 622 1823 239 2421 3128 3041 2848 337 1619 40 279 355 481 643 668 1068 1075 1079 1167 1193 1243 1367 1372 1380 1383 1563 1615 1726 1757 1892 1975 2224 2802 2422 2740 2363 2499 2427 3010 2803 2894 
2289: 993 2959 402 2472 3011 1123 1698 880 435 3 2466 1288 2799 3059 10 891 1317 1490 1572 2299 2556 2432 2713 3111 2806 2889 2767 
2294: 993 2959 525 543 432 840 1239 1253 2213 1707 2710 2835 2912 3115 105 107 197 333 745 746 855 673 1238 1789 1015 1019 530 595 599 973 1176 672 711 2333 2435 3156 462 597 794 801 2006 2162 2849 15 626 1315 1085 2190 1959 369 841 2085 2924 2370 1013 1563 42 2326 184 391 128 621 688 822 824 964 1046 1256 1322 1332 1446 2096 2604 3160 2684 2596 2679 2507 2880 2759 2379 2722 
2300: 993 2800 1785 1078 350 352 1707 463 1123 2487 1133 2248 2481 62 232 461 462 2101 477 880 2539 3 60 331 519 717 718 814 1310 1429 1690 3160 2453 2549 2575 
2312: 993 1117 2246 2472 3115 3157 177 434 1238 2075 289 2282 2728 3058 618 1247 2285 2724 634 2101 1086 2179 2227 173 493 576 1104 1115 7 23 48 77 168 240 248 287 316 698 699 740 1016 1032 1038 1062 1093 1361 1369 1401 1444 1525 1645 1793 1889 2057 2224 2599 2424 2745 2522 2332 2591 2470 2946 2977 
2313: 993 2812 711 2776 592 1973 497 494 1560 
2359: 993 3063 1785 543 1078 1538 472 1372 1380 1892 2802 2803 3059 494 240 2968 
2361: 993 525 221 711 792 2231 114 1973 2012 1568 1544 2713 74 2394 
2365: 993 2593 2959 3145 1188 447 1252 844 2035 463 2776 29 232 461 462 472 1331 1246 1740 1288 2095 898 1754 494 1883 3074 206 549 1052 296 443 457 544 706 884 1077 1524 1810 2397 2565 2503 
2375: 993 1589 1408 2080 836 1331 1434 15 2190 3030 2924 3059 2882 1144 1333 45 149 2143 2760 2574 
2427: 993 2305 3063 1785 543 1078 959 1538 228 1133 461 541 15 663 1979 1980 2267 404 1816 2739 1134 1619 1079 1726 1975 2499 547 2112 2565 2596 
2439: 993 205 1291 844 2213 2472 2561 221 2017 2037 1538 1176 2447 541 845 2724 2214 2020 2190 577 1115 2794 393 1870 1288 1903 1310 1942 932 1543 727 
2448: 993 548 595 1176 1800 1339 953 498 416 1551 1768 2106 3042 1824 1470 
2460: 993 1662 2408 82 356 357 839 578 1117 2142 2368 2673 2835 3011 179 1336 1123 2151 2663 2706 1434 1827 2459 3 576 577 2834 841 2545 412 3128 1220 2799 180 623 2373 2840 2713 2304 172 403 1000 1052 1162 1309 1433 1435 1658 1821 1888 2025 2574 2476 
2461: 993 1785 959 289 2832 2134 1696 1740 1372 1380 1757 2802 932 387 724 
2469: 993 1078 1297 959 2932 2555 472 1331 1590 1704 1775 1818 2188 81 1959 2084 2095 2921 1892 2802 2803 494 2596 2549 240 1868 1905 1067 1152 
2493: 993 959 806 2075 980 1917 1552 1980 1823 2265 727 808 946 1193 1200 1380 1615 3116 3141 2775 
2502: 993 2305 2959 2400 2615 2633 2755 359 422 1760 1789 1130 15 529 2073 2862 1441 1526 789 361 637 1438 2530 2504 
2504: 993 2400 2615 2755 3085 359 422 1130 1176 2776 15 529 2073 2502 2862 1441 1526 1437 831 361 637 1438 2530 
2511: 993 1266 1240 1977 2706 618 1206 2623 477 173 2672 1372 2957 2281 2041 2424 189 342 419 637 696 1173 1307 1572 1645 3042 
2512: 993 2959 1513 1176 2728 3155 1247 1756 167 1086 2635 393 1870 2768 3128 1420 1531 101 1672 1155 1493 2725 
2527: 993 1176 2616 1439 2768 1313 2684 1587 1166 55 582 760 
2550: 993 1549 2148 2724 138 574 1793 391 2825 1310 2455 2016 1274 
2556: 993 2035 1117 2444 1087 232 1434 3068 15 2289 1940 497 135 884 1064 
2584: 993 1706 1845 1176 937 711 1421 2282 3047 3066 873 1733 2157 2285 469 1671 841 202 867 2924 1534 2965 2777 238 256 328 391 738 872 1011 1553 1824 2007 3036 
2590: 993 2959 1270 1831 343 
2591: 993 1549 2561 711 2329 2312 2649 493 1104 393 1870 1681 231 877 1199 2358 1169 1462 2609 
2596: 993 1706 2305 2437 2959 3063 1785 543 1078 710 959 1469 1117 197 479 1763 484 1538 29 541 588 413 663 1979 1453 1885 2009 2294 2427 2469 404 367 1705 1816 534 535 3128 1563 1757 1892 2802 2740 2499 2803 180 532 222 702 926 932 1127 1198 1274 1643 1654 1731 1967 3158 2875 
2601: 993 1266 1706 1785 1662 1321 324 1481 2251 1253 1297 1334 844 959 1981 2076 578 2213 2291 2405 2406 2633 2673 2814 2835 3085 3125 37 212 315 479 1336 1977 1019 1258 563 595 599 646 1684 677 2452 2534 458 2118 2330 2356 2569 2628 103 462 588 592 617 2148 156 2769 70 138 795 1312 1979 1885 1599 1980 574 139 151 435 487 540 749 793 805 1208 1900 2626 2613 2857 2252 3022 1705 1906 2863 499 977 3021 679 2581 2366 2386 2411 2412 2543 2600 13 64 102 158 364 433 481 647 865 1159 1162 1231 1235 1337 1606 1713 1778 1856 1868 1982 2175 2865 2951 3048 3091 3086 
2609: 993 1239 2561 2755 1612 1111 719 259 2591 393 2041 1531 2358 1493 1656 
2647: 993 3063 1785 324 205 2123 204 2673 1979 1980 2739 643 1171 699 1242 1781 1866 727 131 243 375 
2664: 993 1851 599 2356 3037 1143 2721 2885 2802 2803 453 243 409 505 602 642 774 884 1197 1628 2961 2860 
2667: 993 2472 1716 15 1396 520 2376 1037 1082 1173 2187 
2713: 993 2408 3144 82 356 357 839 578 1117 2142 2400 2419 2513 2673 2835 3011 177 179 221 2075 1123 2151 2776 2663 62 291 472 1434 2006 2289 2361 2460 2459 3 576 2834 1020 841 1338 1740 2581 1729 1337 1682 412 3128 2953 1220 180 2373 2840 2304 2476 2574 172 354 403 494 916 1221 1309 1433 1435 1658 1669 1888 2025 2112 2874 
2739: 993 2305 3063 1785 543 1078 710 1239 136 208 959 1117 2246 2472 2673 399 479 854 484 1538 595 601 1478 2268 228 2485 2566 2810 92 588 597 619 1836 2162 1979 1980 2267 2427 2647 477 2190 658 1959 2421 2586 2611 279 337 425 466 481 549 668 841 1077 1167 1199 1319 1338 1372 1380 1615 1659 1726 1757 1823 1961 2046 2063 2744 3044 2802 3121 3128 3122 2803 
2740: 993 2437 2761 3063 543 1078 324 710 205 136 844 2561 2673 479 484 595 973 2540 92 430 783 2231 2267 2596 477 2020 2190 1959 1978 499 1823 1202 3128 337 481 1167 1372 1380 1615 2802 2499 78 125 466 808 1160 1233 1536 1622 2043 2063 3010 2744 
2747: 993 525 221 2010 2182 289 0 1040 
2775: 993 1706 2625 2761 1785 1239 2408 1252 1291 1297 844 959 1518 2465 2835 3115 3124 1763 1804 806 854 1238 2037 1019 2075 595 599 1567 1749 2776 228 2118 2403 2660 226 1014 1434 2440 2606 2608 2702 607 809 1312 1933 2009 1085 2493 435 1705 1823 596 1870 1288 1613 322 2490 1243 1975 2013 862 1220 184 2432 2889 2767 2296 446 2306 2471 2570 2611 256 319 425 885 917 983 1061 1070 1224 1293 1310 1365 1609 1611 2791 2923 2992 3093 2993 
2802: 993 1266 1586 2437 2761 3005 3063 1785 543 1078 447 710 208 2213 177 221 479 806 1330 1424 484 1015 1538 2075 595 2268 1529 3106 3155 541 2869 15 663 1885 2267 2359 2461 2469 2596 2664 2739 2740 404 2434 1906 1959 2084 2334 2392 1823 1071 3030 2885 1526 1167 1367 1372 1757 2705 125 549 735 754 755 781 808 895 928 932 990 1016 1064 1127 1233 1303 1341 1554 1608 1672 1936 2013 2112 2222 2803 2806 2969 
2803: 993 1586 2305 2761 3063 1785 543 1078 447 710 1481 844 1538 595 29 1133 1120 541 1331 2769 663 1885 2267 2359 2469 2596 2664 2739 2802 546 1167 1757 1975 2744 312 425 814 932 997 1064 1233 2013 
2806: 993 2959 3144 839 844 1469 1050 1117 83 179 221 559 1734 980 2403 836 1434 2608 413 2214 2289 2802 498 880 2539 2190 1626 841 309 1681 3030 2924 2533 1337 412 3128 231 862 2799 3059 3104 3019 571 2653 200 335 415 421 520 636 688 753 843 964 1064 1328 1376 1847 1989 2220 3132 
2829: 993 2519 82 298 356 357 1296 1297 800 1318 1489 1518 1519 1050 578 2142 2506 2696 2814 2835 63 179 1240 1298 1424 1520 1123 2083 2540 29 1002 1421 472 1468 32 276 624 1599 1302 1320 2634 2636 1870 2717 1369 114 1428 287 3111 1332 581 1379 2320 2352 2467 101 109 242 318 387 457 511 808 949 972 1295 1824 1898 3116 
2866: 993 524 525 221 362 59 792 1841 853 2311 2070 2373 2840 1245 2551 2864 1362 1620 1786 1992 2030 2222 
2897: 993 2761 2959 3005 1785 837 840 1481 1482 2123 132 1291 1469 1117 2368 2419 2472 2561 2673 2755 2955 3011 105 179 221 333 390 780 855 1532 595 1164 1176 680 458 1002 1133 1421 2384 2566 2589 2972 92 103 461 597 794 801 1214 2088 2420 413 729 1777 1315 1933 1453 1599 2214 2249 2539 27 3009 1626 1764 1906 2683 535 841 1134 1301 2547 2557 2558 2807 2873 7 19 58 158 170 171 180 229 252 264 366 386 395 403 451 456 742 758 796 862 964 989 1070 1082 1116 1128 1166 1200 1233 1398 1682 1802 1888 1982 2018 2131 2132 2191 2921 3017 2924 
2929: 993 2633 2037 1827 2009 2224 1677 1109 
2957: 993 2437 3063 1785 1662 132 1269 839 959 1981 1735 2970 806 1201 228 1002 2706 96 241 472 586 588 592 1040 1143 1434 2148 2748 2009 2511 931 2128 1816 416 499 1855 2057 2843 1753 2477 1593 2421 412 3128 1650 1975 2269 2577 2861 26 84 126 180 650 1106 1112 1691 1886 1910 
2969: 993 2625 201 806 2075 2754 2198 1979 2802 3135 161 3136 2545 2843 1717 1495 2490 337 1380 1563 1975 2224 536 503 2310 2526 2531 2567 2937 182 452 733 1063 1170 1323 1324 1325 1355 2008 2021 2056 
2977: 993 193 2312 699 1093 
2980: 993 1239 1015 801 2724 2987 495 1855 3128 1553 168 1587 2343 2454 
2983: 993 2898 1296 2444 2472 2710 3115 177 2116 1176 705 1840 271 2115 2603 2987 1715 2138 2256 2260 117 256 427 812 985 1313 1495 
3010: 993 2287 3063 1785 543 1078 479 1330 484 1538 2116 138 663 1364 2267 2740 481 668 2741 3007 3008 406 528 808 932 961 1016 1310 1536 1694 1754 2063 
3012: 993 1297 2835 2925 1917 624 1980 622 1246 2379 252 457 2681 
3036: 993 1421 2606 2584 185 2777 872 1467 
3069: 993 1098 1176 711 516 495 2744 957 774 2699 
3081: 993 208 2710 595 167 440 2165 2433 316 1666 35 905 1155 
3093: 993 1549 1846 1078 1949 1950 2488 197 390 397 422 1760 2010 1804 806 1571 595 677 719 1749 3066 31 398 2329 2606 2608 15 624 2775 1764 2334 2392 2862 1768 1090 2345 898 1694 248 328 2344 2348 2816 3033 101 112 662 917 1393 1539 1810 1995 2222 3154 
3111: 993 525 2472 221 1774 874 676 1421 618 619 712 794 156 809 2073 2289 2829 498 574 161 185 622 2508 2053 1526 145 2744 137 340 403 796 1119 1147 
3123: 993 2959 1253 3096 399 1767 2118 3119 398 618 619 1014 1040 2214 1980 2190 1671 1563 1332 620 3023 419 569 1922 3122 
3127: 993 1706 2287 3063 524 525 1296 1297 800 1518 1519 1117 2835 2949 3085 221 1443 1176 2235 2540 2118 2323 2441 2447 15 1891 1816 1671 2545 2125 2311 365 654 808 1332 1572 1999 2024 3130 
3128: 993 1266 1586 1846 1411 1785 1662 543 432 1078 324 1239 1269 839 959 1469 1981 1117 1735 2368 2513 2670 2784 2908 2909 2910 2911 2912 2913 2914 2915 2916 3115 179 197 390 1767 2232 746 825 1869 1378 1238 1021 951 1977 484 1019 1073 595 2151 1201 2706 2810 3037 3058 3155 241 472 586 588 592 1014 1434 1756 2148 2329 2616 2748 271 626 1933 2009 1980 2267 2460 2512 2596 2713 2739 2740 2806 2957 2980 658 1588 546 416 841 2071 1678 2061 412 1285 2260 2379 2861 2917 2992 68 109 172 180 268 272 494 506 613 829 966 994 1102 1217 1221 1435 1440 1562 1565 1634 1647 1712 1757 1931 2026 3140 3151 
3160: 993 1266 1078 1400 2472 390 2294 2300 1246 2581 497 2321 7 1645 1773 
13: 993 3142 1321 1253 2045 2633 2835 3090 786 1336 563 876 677 2118 2856 1163 1934 2214 1980 2601 81 151 435 495 793 805 1054 1665 2020 2523 2626 2322 11 1870 700 2768 1592 2951 647 2771 2801 1387 591 803 2200 1747 
65: 993 2800 2959 2346 839 1117 463 1770 516 2608 15 1777 2794 184 170 1620 
77: 993 1266 1662 1318 1409 2045 2213 2755 2948 825 1176 559 2258 59 2329 2724 15 271 2312 2211 658 1104 2345 2386 3088 877 122 2046 2178 184 1462 
85: 993 840 3155 1247 1259 1468 1756 2440 2616 167 271 634 1086 1646 2635 185 2885 1963 1883 7 1001 2112 637 1915 1058 1060 838 1493 732 
94: 993 1316 595 680 592 607 1973 649 1672 2762 781 
99: 993 205 204 806 987 15 3009 469 11 1068 42 3126 649 187 1810 1776 1159 2645 1624 868 1737 
111: 993 2959 2766 844 479 854 484 1015 595 1478 711 619 244 1479 2466 2392 2951 2639 2308 2858 1248 1127 1769 1898 740 406 
115: 993 1321 2213 399 2452 2776 2925 2099 44 3055 1661 644 687 116 1710 
125: 993 2800 356 2076 2142 1336 1617 711 458 2118 226 2695 2748 795 1425 2740 2802 435 1472 2951 549 101 808 3065 
149: 993 15 2375 3030 
153: 993 1816 
157: 993 800 1469 2472 3011 390 855 1977 2037 1292 1176 670 711 0 155 15 413 1777 2190 1870 2125 1337 2951 551 1219 1569 1821 456 1293 
158: 993 2959 1078 1239 1469 2291 3085 3124 221 2017 1015 595 458 2589 597 618 1840 1927 2769 15 729 2601 2897 534 1288 2924 2421 2767 2296 2385 2471 1152 2183 1074 446 1603 1224 
184: 993 1266 1549 2761 2800 2959 3145 1078 840 205 2833 204 1253 2419 3014 221 399 463 1789 2075 1749 2776 228 2282 2384 2447 3066 31 232 398 461 462 472 588 1014 2285 2606 32 271 624 1933 1425 1943 988 1552 2228 2179 2227 2294 2775 65 77 493 2084 1671 393 841 2057 1870 1369 2386 2471 2674 2990 2994 3045 7 36 122 2193 363 494 755 1537 2177 1801 1310 2166 1953 1199 318 581 1939 1462 861 
239: 993 1785 543 2776 2258 472 597 15 2267 474 2254 2433 2524 2631 2642 932 494 
296: 993 1586 1785 1078 1407 3056 1538 1617 680 836 624 2365 523 2683 2095 1337 1883 2503 1624 738 1536 410 
335: 993 2443 350 356 357 2142 2618 2710 362 595 2623 261 1453 2806 574 880 577 2794 2581 556 2953 654 1374 187 2798 109 976 2836 1506 222 1503 843 
344: 993 1662 88 559 2485 2769 913 1906 655 999 2780 1018 2697 366 354 1905 609 2040 1663 2067 
353: 993 201 844 2677 2934 83 1123 1292 705 289 574 2987 3 1395 2260 2316 2451 22 109 253 303 330 883 2206 1572 
355: 993 1266 2800 2959 1411 543 1078 800 806 1538 595 2384 62 541 1750 2267 523 1757 528 1420 791 932 1614 727 
361: 993 3085 359 241 15 2073 2502 2504 27 435 1115 1441 1639 965 1526 1437 323 637 2530 1438 725 
366: 993 1078 840 1253 800 2076 177 434 1792 746 1851 2078 1789 31 103 398 879 2606 2608 167 271 624 913 2897 344 2190 423 1816 1906 546 841 309 2639 918 71 104 1352 2780 7 122 2341 2610 1624 686 
404: 993 1846 2629 1785 205 1291 479 595 3067 2427 2596 2802 2245 151 2499 1757 668 1563 2095 581 841 591 
406: 993 800 484 2895 3155 588 1364 3010 111 2190 2334 2924 2311 1380 1924 688 1769 1295 808 1211 971 476 
426: 993 1253 2076 434 1331 2085 1232 1678 1290 2388 2377 3126 621 817 1147 
427: 993 2437 1785 2213 588 592 2983 1768 2645 2687 
453: 993 1735 463 232 461 462 2664 2339 1526 808 
469: 993 2959 2203 840 205 204 357 1334 2246 2400 2472 2618 2755 3096 63 315 825 1851 611 2258 2356 2481 539 873 1840 2162 2616 2724 468 1146 2227 2584 99 1853 2674 2712 2752 2834 3139 187 231 1379 1380 1006 883 1392 885 1417 1812 2039 1688 1359 960 
471: 993 840 1253 2472 912 1443 1684 1176 711 2282 915 1284 2148 2285 3100 392 185 1701 3030 2923 3094 66 206 1492 
481: 993 2959 1785 479 969 484 1538 2118 619 663 1980 2267 2601 2739 2740 3010 139 435 3022 1593 337 2275 2744 42 56 466 1380 2043 2046 668 1956 1456 1097 
499: 993 1706 2163 3005 3063 3142 1662 840 88 1253 1291 1296 1297 800 1316 844 1484 2045 2076 1707 2291 2405 2450 2561 2633 2855 3011 434 479 1770 806 1336 855 1485 484 563 670 705 711 1002 1765 2118 2479 2569 2785 2856 1053 2027 2148 2702 2786 3068 3075 1979 1885 1646 1980 2249 2601 2740 2957 574 435 540 931 1054 1445 1896 1900 2020 2613 3022 367 1705 1816 2863 2392 1671 2794 1600 332 393 2428 2641 2652 2665 2799 2807 2888 2951 3042 3110 3116 5 109 196 202 245 379 411 1797 1801 1293 1593 808 1332 1875 1879 1377 1379 1898 1969 1982 971 1502 2022 1523 1537 1550 2061 2102 596 608 642 650 1184 1199 811 2225 
528: 993 2629 2625 710 2833 959 429 2037 1176 980 2724 795 1980 3010 355 523 160 1816 1563 1757 446 819 802 2021 726 26 1752 2058 807 1084 
547: 993 543 1078 1239 1409 1767 1133 291 541 1315 2427 1134 1823 2085 1526 1768 789 699 1310 1064 808 
549: 993 2305 2959 3005 3063 1078 447 837 840 1481 1482 1291 1296 800 1400 2673 2934 463 1767 2010 1298 2232 2037 595 559 2540 2776 1133 1181 31 241 1053 2420 607 624 729 1980 2365 2739 2802 125 27 118 3009 1545 2545 3021 1013 643 1193 1563 615 551 494 1883 2604 507 2351 2745 2850 2858 2961 2992 26 245 1377 1379 753 895 1295 1687 808 2191 1196 1918 1229 1109 
550: 993 2746 2959 2879 1015 2837 1294 2702 2724 1425 1853 185 1099 2968 831 2669 
551: 993 3063 2346 2472 221 463 554 1176 711 2282 232 461 462 472 618 2285 1979 1980 157 549 1426 880 244 358 2565 318 391 494 811 1473 
575: 993 2408 1050 578 1117 2808 83 179 1770 2151 2663 472 2139 2239 2404 2459 2574 2920 3 330 354 1753 1376 609 1906 1678 1363 576 577 1645 1870 
606: 993 2305 2959 1239 1298 2540 1639 1374 2456 635 
643: 993 2971 3005 837 840 1481 1482 1239 88 132 204 1316 1469 1981 1117 2472 2633 2673 2835 3124 1019 563 646 680 711 2118 232 461 1556 2420 1979 1980 2267 2647 549 1426 1764 1978 2545 1099 2421 1682 2283 2422 2549 71 101 180 428 456 459 532 1241 739 1135 1781 645 1695 649 1167 2191 967 1433 1467 1329 1077 1985 
645: 993 2959 205 1518 2419 2633 646 680 1979 1980 643 2421 2422 3088 7 1985 2137 3121 1817 1672 97 739 1796 781 1173 
727: 993 2437 1785 840 205 1318 844 1981 2213 2633 1767 1336 1952 595 646 597 2748 1979 1885 2009 1980 2439 2493 2647 355 1208 2211 1338 3021 3041 647 1982 2697 1008 1392 820 
754: 993 2305 543 2203 1078 2472 1538 15 2802 66 755 
755: 993 1266 3005 205 204 1292 31 232 398 271 1599 1552 2802 184 754 1289 681 497 122 603 1791 1211 
781: 993 2959 678 1469 1981 2076 1350 646 680 1133 2148 2802 94 645 2033 649 1985 1190 1672 441 428 
810: 993 88 1253 2246 2472 2881 3085 3157 2232 484 1749 3156 226 1040 1590 15 1509 803 2054 1715 1854 1226 
841: 993 1266 1785 432 324 840 1239 2408 82 357 402 839 959 1469 1050 1117 1707 2368 2419 2835 2846 2855 3011 3014 3115 83 105 107 177 179 197 212 315 333 390 399 745 2010 746 1330 1336 1869 855 1238 902 1977 1015 1019 1098 595 599 611 2151 1164 1292 670 937 711 1734 289 1002 1133 2555 2628 2654 2706 2832 2847 31 87 155 241 398 472 586 588 592 597 619 720 1434 1468 1704 2162 2478 3152 15 17 261 271 413 634 1777 1312 1799 1933 988 1085 2226 2249 2294 2460 2584 2713 2739 2806 2897 3128 184 366 404 1509 1853 435 1479 1900 2168 537 930 1115 1764 2134 2634 2636 11 535 2292 2299 2475 2690 2743 2744 2777 2799 2951 2952 2992 40 68 101 119 122 172 180 223 231 272 321 386 395 502 512 536 545 621 798 1768 1847 1821 1337 1338 1875 1376 1888 1889 883 1903 1940 926 1954 1198 2015 2025 2053 2056 1042 1568 1596 2145 1103 2131 2137 1309 1150 1159 960 1681 1682 1732 
847: 993 472 2674 1401 1531 2720 1135 2480 636 585 
883: 993 2408 1390 2615 2755 3085 197 1240 1774 1019 1130 504 3155 801 879 881 878 2724 15 1943 1136 353 469 841 2857 2011 332 2508 440 1395 1793 2433 272 1090 71 2920 1883 1645 328 527 2495 2694 3079 22 334 1063 1493 
928: 993 1078 2472 1767 142 1331 624 2802 2545 337 1996 
932: 993 1846 2305 2959 3063 1785 543 1078 324 710 959 1707 2673 2773 1538 1617 599 228 1286 2810 320 3075 2439 2461 2596 2802 2803 3010 239 355 1959 2057 2095 668 1372 1380 1563 1726 1220 699 1954 2825 2518 2600 3150 79 242 631 751 1781 1435 2222 1199 
947: 993 1706 543 1252 1253 800 1117 2472 179 806 1130 458 1133 2258 2330 96 541 2420 1081 1891 1208 367 933 1151 1705 1978 2634 546 1134 313 2958 6 287 464 699 1892 
964: 993 2419 1851 2037 611 670 711 879 878 2148 2928 2294 2806 2897 2635 1090 758 2480 2931 19 1082 
990: 993 1078 959 2776 1434 3152 15 2802 1971 194 835 61 56 
994: 993 2959 2213 2419 2513 179 1176 2555 712 1917 2724 2869 1777 1339 1885 3128 2211 1870 1337 327 2807 758 1473 926 1158 
997: 993 1662 1253 1291 844 2076 2078 1485 2118 234 2803 435 1816 2134 2533 2951 2077 2293 2351 2394 2532 3071 286 433 808 1766 1310 1550 1713 1362 
1001: 993 2812 1331 167 634 85 2470 1587 2474 2358 1303 1039 
2053: 993 2959 208 2561 2932 37 43 177 746 825 1238 599 1087 711 2253 2258 2485 2566 3155 92 597 618 1405 1465 1704 1800 2616 15 17 542 988 3111 841 2020 867 1023 1389 1441 1639 2711 42 1042 1470 1490 1526 
1013: 993 1706 524 1253 844 1981 1519 1707 2710 50 806 1901 1019 646 1749 289 1133 2118 2569 2856 1095 3075 1425 1891 2115 1825 2214 2294 549 435 931 1896 2190 2626 3022 367 589 1705 1816 2322 202 679 934 1232 1696 1740 2201 2061 2263 2314 2340 2357 2428 2432 2807 5 47 78 91 104 109 608 1738 1920 2164 1150 1918 1654 2019 1574 2216 
1016: 993 2437 1253 844 1400 1117 434 1767 1176 2282 2323 2589 2285 2724 1364 1891 2312 2802 3010 493 1115 1764 1978 1870 1768 497 2424 2471 3038 108 316 455 698 877 1449 1200 2223 1304 1493 
1026: 993 1253 1881 2368 3050 1562 1781 
1046: 993 840 2784 2846 672 2294 3016 3017 53 238 256 603 865 1548 1137 
1048: 993 2959 2472 746 711 2452 618 2334 850 20 869 1155 
1054: 993 1785 543 1078 1296 1316 1981 2213 2405 2633 2835 806 1336 484 563 646 937 2118 2555 2628 2663 879 1979 1980 13 499 2245 118 139 151 435 540 805 2252 2254 2339 2455 2543 2559 2613 2619 2626 2668 2838 2843 2863 2891 2951 3022 117 195 207 367 379 591 647 700 803 1747 1913 2056 1678 1375 1442 1439 1816 1550 1830 1935 1839 1203 1592 1593 1216 1982 1221 1236 1900 
1064: 993 1846 2305 2761 1785 1078 959 2472 479 2028 541 1315 2556 2802 2803 2806 547 2539 931 546 1823 2095 2924 2533 1850 1973 1367 1372 1380 1615 1757 789 3019 2807 1310 346 2757 2988 6 245 808 929 974 1039 1303 2112 1918 2122 1233 1747 
1077: 993 2812 2959 1785 543 1078 959 2673 29 1133 461 2786 15 741 1979 1980 2365 2739 643 1134 1823 280 2095 3030 1682 337 668 1372 1380 1615 1726 884 2112 
1079: 993 1585 2305 1785 543 1078 959 221 1538 980 663 2267 2427 2794 2057 1369 1973 2336 318 1370 1244 1781 1193 
1096: 993 1164 2253 15 1671 2324 2426 654 1074 1591 
1108: 993 2959 668 1220 
1109: 993 2959 800 2064 2540 1294 728 2929 549 1855 1490 1572 53 808 419 730 
1125: 993 2087 1424 1176 2479 2265 2490 2494 2888 808 1533 1200 
1134: 993 2959 2971 2123 88 204 1316 844 1707 2673 2835 390 1240 2010 806 1977 595 1478 1164 680 458 1133 2118 597 2009 2249 2427 2897 547 947 1077 2459 244 1479 1941 2190 1978 2863 2979 2794 580 2283 2351 2421 2454 2455 2545 2580 2586 2624 2762 2824 2840 2858 2888 2944 3030 3110 80 102 150 245 433 494 621 716 744 753 1310 2046 2122 1821 1285 1414 2189 1433 2104 2191 1823 1220 
1155: 993 177 2589 3155 618 1247 1259 1800 2512 3081 1048 2979 1600 416 1870 2041 189 905 1493 
1193: 993 1586 2305 1785 1078 1513 530 2534 1980 2267 2493 549 1079 1451 1764 1978 1619 2371 51 56 425 1370 1243 1380 
1233: 993 2305 3063 1785 543 678 1078 447 844 959 479 2452 29 1430 2740 2802 2803 2897 1064 309 2095 1487 1726 2224 349 371 1713 1781 
1275: 993 1019 971 
1279: 993 204 2444 484 2116 2080 1315 1750 1115 2779 11 1681 950 2061 1563 42 2799 1645 2383 91 843 1017 1169 
1287: 993 840 2246 2561 221 1176 2204 500 541 619 607 663 1085 2283 2798 2950 494 925 1062 1137 1627 1639 1396 1428 1580 
1300: 993 840 622 2508 862 170 1030 
1341: 993 1785 1078 221 2802 1619 242 
1358: 993 350 356 357 2142 2589 261 185 2953 
1370: 993 3005 2087 2213 2835 1292 15 1079 1193 2211 2057 1369 2345 1199 101 1366 2360 2191 
1372: 993 2959 1785 543 324 205 204 1253 844 1390 463 479 1763 1767 825 1538 595 1176 29 1529 232 461 541 663 1086 2267 2359 2461 2511 2739 2740 2802 932 1064 1077 523 1959 1823 2545 280 2421 130 1209 1328 1371 1757 1380 2046 1375 2063 1563 1615 
1385: 993 1296 844 825 31 103 588 1927 2695 15 271 1430 3021 71 1924 2744 1332 446 2818 826 122 1209 3013 1632 1392 1984 2132 
1413: 993 2959 15 413 1726 1074 1888 
1438: 993 2959 1291 2835 15 2073 2502 2504 361 1441 1526 789 1437 2836 637 2530 
1441: 993 37 359 746 599 1087 2253 2258 3155 92 597 1465 1704 2616 15 17 542 2073 2502 2504 361 2053 1438 2020 2530 637 789 1005 1437 1526 
1509: 993 2901 283 2045 2808 221 2232 1901 2017 2037 646 1749 3156 801 1040 1590 2148 15 810 841 2239 2508 2545 3023 622 1018 1565 1715 1854 
1560: 993 1296 2472 1240 1330 1485 15 653 2313 1884 2138 2779 358 1403 3097 2178 2309 2451 2614 2701 2811 2994 3114 215 860 1066 1349 1360 1361 1543 1890 2031 1656 2167 2196 1824 1843 
1563: 993 1266 2305 1785 543 1078 710 1481 2833 1255 959 1981 1117 2633 2835 221 1760 2017 2037 559 2268 228 458 980 619 2362 2724 2869 15 653 663 1979 1885 1552 1980 2267 2294 2596 2969 3123 404 528 549 932 1279 1372 523 2545 3055 1619 2371 2471 2611 2666 2762 2836 2961 2963 69 242 459 688 717 895 1127 1165 1219 1220 1310 1726 1757 2054 1931 1806 2112 
1565: 993 2812 2419 3011 1176 711 424 1885 1891 3128 1509 1870 2712 187 1493 2072 
1608: 993 2629 2037 1176 1181 2381 3155 142 2724 607 2802 523 3077 40 2722 68 1209 2984 56 242 1022 1029 1373 2058 1737 
1615: 993 3005 3063 543 1078 1408 2368 390 463 1538 1292 2381 3058 232 461 462 541 1331 15 2267 2493 2739 2740 1064 1077 1372 244 2020 1959 546 1823 2407 2743 1551 1380 2744 594 2122 
1619: 993 1586 3063 1785 543 1078 2419 1538 2268 289 617 663 1979 1980 2267 2427 1193 1341 1563 1764 2266 2499 2565 2586 3158 1127 1380 1575 1975 
1640: 993 840 1253 1296 1297 844 2710 2949 221 1240 2248 2810 1053 1331 2896 271 624 2227 2459 2780 3003 272 870 1219 2012 1863 2199 1855 
1643: 993 2959 484 1979 1980 2596 1115 1945 168 3008 
1653: 993 1078 2561 232 783 2231 2429 
1672: 993 2959 2203 678 1252 1960 1981 2406 2472 1350 1019 646 1292 680 1149 705 1497 1704 2695 2179 2512 2802 94 645 781 535 2862 1213 649 647 1199 1154 1985 2417 2692 2984 106 319 428 441 476 631 690 1172 1762 2003 
1682: 993 1321 432 205 1239 2408 132 204 1255 1316 839 1469 1117 2368 2400 2561 2618 2755 3085 3115 105 179 197 333 390 422 745 786 746 825 1238 1021 1019 530 595 677 2258 586 588 592 597 845 1434 1756 2121 2184 1933 1979 2713 2897 643 841 1077 2190 1906 11 1338 1516 1369 1337 2951 3151 170 180 274 600 1198 1220 1888 1821 
1713: 993 1706 1253 1297 1334 1981 2076 2213 2405 2406 2633 2835 3157 315 434 479 1298 1336 1901 1576 563 646 2204 711 458 2118 2847 794 1434 2148 1979 1980 2601 997 1233 477 435 540 931 1896 2190 2211 3022 589 1816 2322 867 1472 2411 1592 2061 2951 2548 2882 64 532 647 1714 1982 2884 654 2417 245 433 796 1348 1387 1550 1654 2021 1860 
1729: 993 2959 1239 2808 3115 1019 548 554 2323 461 879 881 878 2198 3120 1315 1799 2713 574 2857 2011 2255 416 2125 440 1099 1153 1395 1403 2920 2921 2012 1793 
1737: 993 1350 2724 1933 99 1608 935 503 802 1752 
1757: 993 1266 2163 2593 2305 2959 3063 3142 1785 543 1078 447 710 1481 2519 2714 2833 1253 839 844 959 2488 2710 2835 362 479 2010 1330 1424 484 1538 595 937 559 2268 2482 228 1120 980 2795 31 398 597 1014 2608 2869 663 1943 2009 2267 2461 2596 2739 2802 2803 3128 355 404 528 1064 1372 1563 523 2973 1906 1971 1823 3021 2951 40 1380 2357 2371 2471 2611 2752 2824 2825 26 130 164 494 584 598 631 1051 1152 1229 1310 1319 1398 1459 1575 1651 1961 1975 1985 2046 2013 2164 
1764: 993 2959 1785 1482 1589 2246 2368 2561 2618 2673 390 434 1240 1763 2010 595 1164 677 2268 2776 1002 461 462 567 1434 1556 1095 2695 2702 15 271 2009 1085 2226 2227 2897 3093 643 841 1016 1193 1619 880 435 1104 2336 2345 2367 2370 2456 2545 2565 2763 2836 2858 2936 3016 3102 30 334 494 535 581 644 656 716 1017 1093 1248 1338 1367 1380 1431 1781 1823 1961 1978 1975 2084 2046 
1768: 993 2437 1785 324 1390 1960 959 2368 2561 2618 2633 2673 2835 37 434 479 1240 1763 2010 1804 484 595 973 2268 2856 597 1284 1556 1095 2695 2702 271 624 1979 1085 1980 2226 2227 2448 3093 427 547 841 1016 523 435 2084 535 1823 2545 2624 2936 1380 1975 2296 2456 2470 2518 2565 2668 2763 2836 2858 3016 433 446 532 581 656 716 1248 1431 2153 1931 1961 2191 2044 2046 
1812: 993 350 351 1914 2618 179 221 1774 780 1176 783 1247 15 469 574 185 556 1526 654 1569 1119 269 1097 1808 
1816: 993 1706 2305 2437 3005 1785 1662 1321 1078 837 840 2123 1239 2251 143 1253 1291 1296 1297 800 1318 1334 959 1981 2076 1707 2246 2405 2444 2618 2633 2855 3090 3115 221 479 1240 1767 2010 1298 806 1336 854 1238 1977 1485 484 1015 1538 563 595 1478 937 677 2204 711 719 458 2118 2356 2403 2856 2925 3066 96 588 597 712 879 915 1434 1917 1934 2184 2478 2686 2724 3152 70 271 276 913 1368 1933 1979 1085 1980 2227 1722 2427 2596 2957 3127 153 366 499 528 997 1013 1054 1713 935 139 435 540 931 1445 1896 2128 2168 2190 3022 367 933 1151 1705 2301 2352 2392 2404 2413 2418 2454 2486 2624 2672 2676 2678 2705 2780 2951 2990 2992 3007 3008 3121 12 19 61 91 101 122 124 164 176 196 202 256 272 273 286 297 564 571 668 702 724 759 763 790 802 808 1000 1003 1067 1070 1094 1205 1220 1232 1236 1244 1273 1337 1361 1362 1380 1415 1428 1435 1467 1550 1551 1593 1604 1766 1780 2134 2070 2021 1875 1877 1878 1880 2033 2225 1821 2117 2126 2150 1989 1978 2164 2172 2208 2014 
1823: 993 1846 2437 2746 2761 2959 543 1078 447 1291 1297 1960 959 1981 1408 2368 2561 2633 390 463 1767 1538 646 29 1133 2381 3058 232 234 461 462 541 2478 1979 2214 1980 2249 2267 2493 2739 2740 2775 2802 547 1064 1077 1134 1372 1615 1757 1764 1768 2020 1705 1959 1978 546 534 2324 2407 2545 2743 2744 2974 3044 337 594 647 1243 1380 1575 1625 1726 1892 2046 2063 1982 
1882: 993 1549 208 1186 2129 15 789 1821 
1892: 993 2305 1785 543 2203 310 1078 447 710 132 356 959 1050 1117 3157 1538 1734 29 228 541 663 2267 2359 2469 2596 947 1823 1451 2552 2095 668 2306 2762 180 702 753 926 1452 1888 2015 
1906: 993 1846 2959 1785 205 1239 88 132 204 350 351 356 357 1253 1296 1297 800 1914 1469 578 1117 2142 2246 2290 2419 2444 2472 2673 3070 3115 3124 83 179 221 390 450 1240 1298 1336 854 673 951 2017 1520 1015 2037 1019 595 599 1164 1087 680 711 1734 2540 289 458 1122 1002 1133 2248 2333 2810 92 103 597 618 628 801 2148 2769 2849 3068 3120 1453 1885 2601 2802 2897 344 366 575 1682 1757 27 2459 1896 2857 576 577 2358 2372 2402 2421 2586 2744 2794 2807 2880 2920 2922 2951 2953 2963 3099 7 245 316 332 337 403 440 456 535 654 770 965 1162 1173 1177 1245 1295 1310 1362 1395 1396 1432 1467 1490 1505 1506 1534 1604 1669 1726 1731 1761 1863 1905 2125 1975 1978 2117 2187 
1959: 993 2305 543 1078 1253 959 2246 705 541 1827 2478 3152 663 2267 2294 2469 2739 2740 2802 932 1372 1615 1823 2421 2632 2744 2951 58 130 337 668 1380 1622 1732 1824 2015 1975 
1969: 993 1706 1469 2444 221 463 1763 806 641 719 458 2856 232 398 461 462 619 1434 2606 1891 499 552 540 3022 367 1705 174 202 562 886 1681 2201 46 455 1821 2357 2565 2668 723 803 2209 
1975: 993 1586 2437 3063 1785 543 1078 3144 1400 479 1767 806 1015 1538 595 1176 2268 2810 597 1733 2267 2427 2775 2803 2957 2969 1619 1757 1764 1768 1906 1959 2434 2857 1978 2360 2499 2586 2645 49 250 363 890 1127 1220 1936 2046 
1978: 993 2437 1785 678 1321 1960 959 1117 2246 2368 2561 2618 2673 2835 3157 179 434 463 1240 1763 1767 2010 1571 595 1164 2268 2776 1002 1133 2628 2706 232 462 472 597 1434 1475 1556 156 1095 2695 2702 271 1979 1085 2179 1980 2226 2227 2740 643 947 1016 1134 1193 1764 1816 1823 1906 1975 477 1853 27 435 931 2456 2545 2565 2624 2669 2763 2836 2900 2936 2951 3013 3016 7 272 363 436 534 535 581 644 656 675 716 822 971 1070 1220 1248 1310 1380 1431 1433 1435 1731 1781 1961 1982 2046 2081 2084 
2013: 993 1846 1785 221 2017 2268 980 320 1331 2605 15 2775 2802 2803 1757 2455 
2041: 993 1266 1239 2037 618 1468 2198 167 2511 2609 1155 2885 2624 2281 2358 2470 2474 2720 1135 1537 1802 
2043: 993 2593 3005 1785 840 1481 208 179 479 484 1538 599 2776 289 1599 2740 481 477 523 440 1793 337 1380 2744 1849 1107 1610 
2046: 993 2437 2800 3005 3142 1785 1662 1078 837 840 1481 1482 1291 2835 434 479 1767 806 2534 1133 980 3067 142 1247 2608 2748 624 1086 1980 2739 77 481 1134 1372 1757 1764 1768 1823 1975 1978 2392 1338 337 1380 1726 2522 1924 145 1677 2865 1700 465 2351 91 318 1008 1107 1135 1274 1353 1843 1935 
2063: 993 1078 2534 1979 1980 2739 2740 3010 1372 1823 2190 1367 1380 1726 2209 58 1676 
2065: 993 432 1133 2663 836 1692 2285 1453 2545 918 231 2807 1492 2532 2574 2825 3079 48 336 
2082: 993 1785 1078 3014 1298 31 999 877 316 122 1022 2874 2876 475 
2084: 993 2593 2437 1785 800 959 1117 2213 2246 434 479 1767 1002 2118 2985 31 2724 2748 271 809 2009 2469 2802 184 1764 1768 1978 523 2857 2759 122 808 895 1022 1029 1068 1375 1462 1721 1723 1817 1831 1944 
2093: 993 1188 208 1255 1117 2955 359 2607 619 801 15 2834 1855 2012 2370 2965 1437 1645 
2112: 993 2629 543 177 422 479 595 1259 1468 1756 167 468 634 1086 1646 2427 2713 2802 85 1064 1077 1563 574 2407 3030 3041 668 1726 1963 1265 732 838 1058 1060 1915 2133 
2131: 993 204 1291 1238 595 1087 597 2769 2897 841 2296 1604 196 403 1392 1537 1747 1822 2154 
2172: 993 1321 2076 1707 2450 2465 2116 1176 2170 1816 805 1072 2168 2649 2779 2322 1472 2169 2174 2736 2175 2173 2432 2767 1228 1604 299 1473 1913 2032 2733 2798 3131 433 664 778 1224 1611 2197 
2224: 993 2959 2822 208 1291 2290 3125 2010 1538 937 2482 1002 3155 302 597 1259 1800 856 2162 1814 2616 2724 624 1979 2228 2115 2267 2312 2929 2969 1233 523 2190 1671 954 1388 1855 272 40 2526 2872 2990 3098 121 507 674 730 824 1035 1119 1219 1248 1280 1322 1324 1326 1362 1406 1488 1610 1666 1782 1889 2047 
2319: 1266 2959 276 1137 1985 1989 
2332: 1266 1589 2329 2312 493 877 122 1303 2135 
2386: 1266 524 1078 840 1239 3011 3014 399 463 2010 1789 1019 563 2097 595 559 458 2384 31 103 398 588 597 617 2606 2608 2702 271 1085 2601 77 184 1302 3021 679 862 273 3016 411 2074 248 1335 122 1596 2471 1810 955 2393 
2442: 1266 2203 775 1707 1434 1840 2420 271 1471 2920 1821 1990 24 
2470: 1266 1321 324 840 1239 2833 208 1390 2045 1117 2561 2618 2673 3085 105 197 221 434 745 2010 1774 1238 2017 561 595 599 289 2356 2441 3155 597 617 1247 1259 1468 1756 1840 2329 2616 2695 167 634 1076 1979 1891 1086 1980 2226 2227 2312 1001 1768 2041 493 991 1104 1115 1884 2635 2407 2885 2624 985 2363 2522 1963 2575 903 877 1379 1401 2358 19 172 253 637 1058 1112 1131 1462 1537 1856 2081 2222 2854 2903 2474 
2471: 1266 2437 1785 324 840 1239 2714 2833 1949 2472 2615 2949 3115 3157 397 450 463 2010 806 1238 561 616 559 1749 980 96 461 462 1468 2606 2608 2724 2748 2869 15 271 614 624 809 1315 1933 953 1552 2228 2115 2227 2775 158 184 1016 1563 1757 2386 523 991 2334 332 309 1533 688 584 2371 2372 110 753 1147 1837 2223 2611 2681 2491 
2474: 1266 1549 1321 324 1239 208 1390 2045 2561 2618 3085 105 197 434 745 2010 1774 2017 561 595 599 1176 3155 59 597 1247 1259 1468 1756 2329 2616 167 634 1076 1086 2115 2226 2227 1001 2041 2470 2334 2635 1870 2885 2363 2522 1963 1379 253 1531 2358 637 736 1058 1112 1131 1135 1915 2092 2222 
2522: 1266 3005 37 422 2282 2654 2728 2754 3155 1259 1468 1756 2285 2329 167 634 2312 2046 2470 2474 1289 493 1104 2794 2885 2965 2271 71 253 316 877 1058 
2951: 1266 1706 2437 3142 1321 432 837 1239 2346 2408 2766 298 350 356 357 1252 1253 1291 1297 844 1469 2076 578 2142 2213 2291 2368 2400 2444 2561 2615 2633 2696 2755 2835 3011 3115 105 107 197 212 362 390 479 2010 786 1298 746 825 1336 855 1901 1238 1021 1977 1485 484 1015 1019 563 2064 1098 595 1908 1087 1292 670 937 677 711 1749 458 2118 2258 2403 2607 2628 2810 2895 31 92 155 588 592 597 619 743 1040 1214 1247 1282 1590 1756 1827 2006 2162 2786 3152 15 413 607 624 1933 1425 1086 1980 2226 2601 13 111 125 157 499 841 997 1054 1682 1713 1757 1816 1906 1959 1978 477 2698 139 151 435 2020 2190 3009 2619 3022 367 589 1115 1302 1705 2863 2322 2392 2126 11 393 1338 202 1472 1870 2169 2174 1940 2201 2411 1099 1337 1428 1534 2283 2351 2366 2486 2586 2690 2771 2882 2884 12 42 64 78 101 126 272 520 536 620 739 761 803 967 975 1047 1094 1154 1162 1199 1242 1374 1480 1542 1550 1604 1747 1761 1821 1824 2021 2137 2154 3034 
2992: 1266 1585 1078 840 402 1253 1050 2076 2419 2710 2927 221 2017 1176 2776 1181 31 398 586 588 592 271 624 953 1552 2775 3128 549 841 1816 1681 2921 2920 581 1455 122 1854 1209 2823 882 
7: 1266 1239 1316 839 1390 1407 1409 1408 2770 2 179 197 463 2010 1330 1238 1021 1977 1015 595 599 611 1908 1087 2776 1133 2706 3066 232 461 462 472 586 588 592 597 618 1434 2748 809 1933 2009 2312 2897 3160 85 184 366 645 1906 1978 173 580 2624 412 1650 1903 46 1889 2780 649 699 411 1924 494 2296 2468 1528 1543 172 739 698 446 122 
36: 1266 2800 840 1881 31 398 2724 15 271 1453 1552 184 562 2807 122 2963 
122: 1266 2800 1078 840 2833 204 357 1253 1949 1960 2419 3011 3014 399 1789 2075 1176 2776 228 2447 2832 2837 31 398 588 597 794 1014 1247 2606 2608 2695 2724 32 271 809 1777 913 1933 1943 1453 1552 2228 2179 2227 2231 77 184 366 755 841 1385 1816 2082 2084 2332 2386 2992 7 36 930 393 46 386 1396 1540 2990 1310 581 1199 23 740 2476 2526 2797 2854 2994 3045 101 747 318 1939 861 895 2003 127 2166 2187 1173 1179 
173: 1266 1117 1707 2246 3115 434 463 241 618 1247 2724 271 1086 2312 2511 7 2744 1889 493 272 1417 1169 1687 1070 1074 698 316 699 623 589 1104 1361 
187: 1266 205 204 2116 617 987 2478 3152 15 99 335 469 1565 1526 1068 42 2301 2645 3003 3023 1624 1274 1030 1177 2209 
322: 1266 3162 1321 1253 1255 2213 2472 2615 2618 2808 2932 2955 3115 463 1774 806 746 1424 1015 530 595 1617 1130 2258 2481 3119 3155 881 15 1933 953 1136 2775 1884 2255 1852 393 1062 1472 2581 2544 2836 2877 2944 100 223 2137 1379 1664 1688 681 1219 2119 
369: 1266 2437 2408 2368 2633 2835 2846 3124 144 390 745 1015 2037 1019 530 670 705 1133 232 461 2198 15 2249 2294 2020 2190 11 2743 3021 2140 1256 1138 1397 1802 2061 535 1870 2085 1838 534 
412: 1266 1239 208 839 1117 1735 179 197 390 2010 746 1869 1021 1977 1485 484 1019 2064 595 2151 2706 3058 3155 586 588 592 597 618 1434 15 1933 988 1085 2460 2713 2806 2957 3128 7 2259 5 180 1634 
494: 1266 2305 2437 3063 3145 525 543 678 1188 840 2519 208 1407 1117 1408 212 479 745 484 677 680 2776 29 1133 1529 1181 31 241 430 472 619 1405 1719 1836 2724 3057 32 271 624 1312 2228 2313 2359 2365 2469 2713 3128 184 239 549 551 1134 1287 1757 1764 7 2459 474 1104 534 977 1246 1855 596 1062 309 943 448 2125 1726 2422 1220 3126 1937 3140 2432 2292 2367 2429 2600 2760 2762 3027 3082 3117 3151 385 473 737 916 926 1936 1435 1972 1462 1535 1992 978 984 2026 1524 544 568 1114 1635 1052 627 1720 1219 1739 1751 
497: 1266 1846 2400 2561 3157 197 1760 1804 786 1851 1977 1803 1463 599 1567 1746 2381 2483 3058 3155 2088 3120 271 741 795 1933 1702 1722 2313 2556 3160 755 1016 1289 487 679 2398 272 615 2271 2308 2567 2735 2777 3094 3126 71 273 385 394 735 872 1528 527 1697 1546 1322 1196 1092 2109 716 
568: 1266 1078 221 2776 15 494 1320 2599 2424 699 1924 1303 421 1129 1744 1039 
581: 1266 2305 2437 2959 3005 1785 543 2203 1078 1296 1297 800 1407 1409 1950 959 1408 3014 3124 83 1767 1350 554 31 398 1344 1590 2724 15 271 1552 2829 184 404 1764 1768 1978 2992 122 2392 2499 1332 2456 1634 1989 1427 1224 808 
602: 1266 1390 2664 1666 1493 
647: 1266 2959 1321 1253 1255 2291 2400 2472 2615 3002 3085 3115 3157 107 177 434 1763 1298 746 969 2017 1617 937 677 719 1002 2333 2847 232 712 1756 1841 1425 2601 13 727 1054 1672 1713 1823 1479 2128 2649 1545 2126 2422 2840 2655 2752 455 507 739 1887 949 654 1687 1363 1195 1747 
668: 1266 2437 3063 1785 543 1078 959 177 484 228 541 1814 663 2267 2739 3010 404 481 932 1077 1108 1816 1892 1959 2112 2324 2499 2744 3158 1127 1022 1824 1726 1858 
698: 1266 3005 2400 221 599 973 1529 2728 62 2329 2312 1016 7 173 1104 2057 1062 2477 1369 1889 2424 1924 2732 2016 1531 1354 
1011: 1266 1297 2400 315 463 1298 2695 15 1312 1086 2584 1289 1708 2411 2012 2752 620 1135 760 
1062: 1266 1706 1321 324 1239 2251 2822 208 1334 848 1949 1950 2045 2290 2400 2405 2618 2688 2696 2755 2784 2814 2846 2881 2932 2934 2949 3011 3085 3115 3157 2 50 107 177 221 315 397 429 1760 1774 2182 1804 786 746 825 1845 1851 855 1238 1424 1450 1976 1977 2017 2034 1803 1463 2075 874 876 1617 599 610 973 2080 670 672 676 677 1149 1746 458 2258 2356 2447 2481 2483 3066 220 226 398 597 783 1014 1247 1331 1733 1836 1934 2088 2129 2157 2162 2202 2616 2702 271 653 1933 1425 1970 1085 1086 1136 2179 1702 2312 1287 322 494 698 1289 1072 1448 2020 2190 367 933 1151 1320 1588 1705 2436 1852 393 202 867 886 2308 2369 2412 2464 2536 2559 2579 2679 2692 2758 2797 2862 2953 2988 3050 3126 3129 71 78 91 137 145 266 272 364 388 419 527 582 598 625 709 748 773 907 971 1005 1028 1753 1761 1670 1267 1931 1306 1327 1850 1428 1870 1352 1596 1923 1429 2018 1540 2061 1555 2079 1067 1740 2164 1199 1718 
1115: 1266 2163 2959 3162 1078 837 1949 2246 2368 2419 2472 2561 2855 3014 63 107 212 390 745 1845 1336 855 902 1450 1485 982 2097 1292 670 1746 539 618 792 845 901 906 1475 1840 1917 2139 2563 2616 2769 1081 1425 2009 1085 1086 2227 1410 2312 2439 361 841 1016 1279 1643 2470 2951 1853 1289 3 474 991 1104 2514 2635 2712 2752 2777 2780 2834 2872 2979 3021 112 119 266 272 394 440 620 722 748 770 811 862 950 960 961 1112 2012 1288 1815 1821 1337 1359 1369 1965 1512 2039 1293 2183 1686 2199 2230 
1131: 1266 2470 2474 1870 1992 2720 2358 637 1915 
1141: 1266 1321 205 2822 204 2400 2561 2755 3085 105 107 333 397 745 786 1330 530 2097 610 1176 783 15 2231 2345 1184 2016 1276 2054 1362 
1184: 1266 1296 1297 800 1050 2291 2633 399 806 1336 2075 563 1529 2832 398 618 1014 276 499 1141 1855 2581 1924 2662 110 808 1152 
1766: 1266 1318 221 711 462 997 1816 128 2021 2491 
1791: 1266 3145 1149 755 2135 2454 
1821: 1266 3162 310 1078 447 840 1239 2346 2408 2443 1269 1291 1981 2368 2932 3070 3115 105 197 212 390 1774 1336 855 1238 1015 1019 1463 1292 670 2090 2967 458 2118 2566 2856 31 155 291 586 588 592 639 783 1827 2162 15 261 276 413 728 1933 2460 157 841 1134 1682 1816 1882 1969 2442 2951 1115 1289 849 435 1479 1941 423 2794 11 580 977 1338 270 202 313 1940 3030 1613 2012 2921 1337 2036 2515 483 1526 2155 536 975 1446 407 520 1609 2137 101 1550 2505 2976 3003 3034 3042 3138 124 410 1260 1263 1314 1452 1488 1826 2056 
1423: 1266 1239 3115 1238 2702 
1319: 1266 205 204 588 2739 1757 
1337: 1266 1662 1321 432 1239 2408 1255 2368 2400 2405 2472 2755 2835 3115 105 107 197 212 221 333 390 479 745 1774 786 746 825 1336 855 1238 1021 1977 1019 1571 561 2064 595 611 973 1292 670 937 677 2258 2810 226 380 586 588 592 597 618 879 1827 2162 15 271 413 626 1799 1933 1891 2601 2713 2806 157 296 841 994 1682 1816 2951 1115 1821 11 1338 202 2581 1940 2320 101 180 536 975 1159 1761 2137 
1338: 1266 1706 2437 2746 1785 1662 543 432 205 1239 2766 82 204 356 357 1253 1291 1914 1469 578 2142 2368 2419 2472 2633 2934 3085 3115 37 83 105 197 390 1240 746 1336 855 1238 902 484 1015 1019 2151 1292 670 1749 228 2118 2654 2810 380 430 472 586 588 592 845 1827 2162 2420 15 17 138 413 607 1933 1970 1891 2226 2249 2713 2739 727 841 1682 1764 2046 2951 1821 1337 540 3022 3 367 1705 2011 2392 2269 2685 2882 101 104 536 558 1006 1007 2012 1380 1625 2137 
1361: 1266 484 628 2329 1453 2312 1560 1816 173 493 1104 1677 877 
1883: 1266 1549 2812 1252 2835 3014 1111 973 2621 2654 2832 500 516 619 1284 1800 2062 2365 85 296 549 883 1426 1514 2126 309 1288 42 1090 2326 1924 391 2292 2393 2622 2679 2684 3017 3045 101 200 328 363 823 857 983 1293 1427 1797 1810 1834 1895 1990 1893 2096 
1288: 1266 2959 1481 2408 1253 1269 844 1407 1409 1408 2688 2710 2855 399 806 1576 2097 610 646 1292 705 2330 2628 2660 3047 92 462 500 1014 2896 15 2214 2289 2365 2439 2775 158 1115 1883 2252 2508 2033 2351 2498 2668 2744 195 631 724 726 893 976 1074 1203 1868 1332 1543 1528 1796 1293 2206 1961 1333 2025 
1888: 1266 2959 1239 1252 1297 2368 2755 3011 3115 179 212 390 1804 1238 1019 595 1567 1908 2479 586 588 592 597 1800 413 1777 2460 2713 2897 841 1413 1682 1892 180 1924 621 1322 503 702 1822 455 1591 1824 2764 3079 1270 
1953: 1266 232 15 1552 184 
1580: 1266 2346 1287 2252 2342 2344 2816 2025 
1671: 1266 2959 3142 324 2123 2822 1253 1291 1296 1618 2465 2688 2696 2855 399 422 1330 1845 2108 1021 1258 874 563 1617 601 610 616 676 1201 2118 2481 2566 2569 92 619 873 901 1053 1733 2202 3061 2285 15 138 1086 2062 2584 3123 3127 184 499 1096 2224 151 487 853 1151 2247 2352 2373 2432 2467 2495 2518 2529 2579 2705 2767 2787 2850 2862 2900 3055 3126 46 112 225 346 348 393 642 748 773 872 934 1082 1147 1224 1340 1365 1382 1437 1611 1819 1887 1995 2007 2085 2175 
1726: 1266 1586 3063 1785 543 1078 447 1239 1253 1291 959 1618 2444 463 1015 1538 595 599 711 2776 232 461 462 472 541 2769 2869 15 663 2267 2427 2739 932 1077 1233 1413 1563 1823 1906 2046 2063 2112 494 668 931 2581 2499 2547 2751 3033 1209 1579 
2262: 1549 1706 205 2561 1292 2088 540 3041 2848 
2308: 1549 3005 840 208 1407 1409 1408 2472 2561 2846 105 221 825 1845 2017 1258 595 611 2540 2282 2447 2479 597 1733 1095 2285 2702 3075 1453 1891 111 497 1062 1426 151 2190 393 1911 1870 1068 2281 206 405 748 1199 1329 1379 1958 2807 3006 
2464: 1549 2287 1255 1269 1949 1950 2045 2290 2400 2618 2696 2755 2932 2948 2949 3085 3157 397 1240 1774 1851 2034 874 876 610 616 2080 676 2090 1746 2338 2356 2447 2483 2555 2809 2826 142 232 783 1356 1836 2202 2231 1062 1426 2817 423 1852 393 1870 2254 2924 41 71 119 364 1018 1047 1171 1352 1544 1568 1694 1754 1819 3015 3126 
2518: 1549 2305 447 844 1469 399 563 595 1014 1434 2420 15 2094 1085 932 1768 1671 523 2190 2392 1595 1526 3059 898 1819 2679 1751 112 328 620 1988 2025 3151 2705 
2536: 1549 2959 3005 840 1845 1733 1062 622 1870 564 3006 835 2194 
2579: 1549 1411 1321 844 2561 2615 3085 3090 2108 854 1015 1617 1176 937 2118 2282 2479 226 1053 1475 2285 3075 3152 1453 1891 1062 1671 1853 1072 1445 2190 2322 2085 1232 1870 2862 681 1534 1678 2965 2192 272 1396 133 411 482 843 1150 1173 1440 1502 1854 2187 2807 2968 3018 
2758: 1549 1706 1253 2291 2405 179 806 825 711 2258 2607 1062 1072 1705 11 1911 90 467 1839 1923 2936 2515 1461 
2797: 1549 837 840 208 2035 2615 2846 2010 1186 611 1176 711 220 2129 2702 122 1062 2190 1600 1071 1870 920 238 
2862: 1549 1411 2251 1291 1334 844 1949 1950 2400 2488 2615 2755 397 422 434 1760 2108 854 1977 1617 1130 1292 937 677 2118 2282 2323 2479 226 1053 1214 1475 1692 2285 2478 2702 3075 3152 529 1702 2502 2504 3093 1672 1062 1671 2579 1853 1072 2190 3102 2085 2263 2807 133 411 482 681 843 1147 1150 1173 1440 1502 1539 1678 1854 1919 1995 2135 2192 3033 2965 3040 2903 
3006: 1549 1706 2472 2814 1845 677 1210 2330 1733 2308 2536 933 1151 1705 313 867 1693 2530 2194 3139 
3126: 1549 2287 1078 1255 1949 1950 2045 2290 2400 2618 2688 2696 2755 2814 2948 221 397 429 1240 1851 1977 2017 2034 874 876 610 616 2080 676 2090 1746 2776 2282 2338 2356 2483 2555 2809 2826 783 1356 2202 2285 2721 607 1970 1891 99 426 494 497 1062 1671 2464 1853 2817 2020 3009 423 1852 1568 71 364 1171 1352 1544 3003 3015 3023 119 206 831 1018 1694 1754 1819 
12: 1549 1297 844 43 221 1292 2452 458 302 516 1818 2478 3152 15 1816 2951 931 2392 2581 101 5 363 1150 971 
71: 1549 2287 208 1255 1949 1950 2045 2290 2400 2618 2696 2948 3011 397 2010 1298 1851 2034 874 876 610 616 2080 676 2090 1746 2282 2338 2356 2483 2555 2809 2826 783 794 1356 1436 2202 2285 2686 1453 366 643 883 1385 2522 497 1062 2464 3126 2817 1514 423 1852 393 1870 2433 1568 3015 1754 365 119 1018 1352 1150 1694 2047 1541 1544 1569 1171 1938 1819 364 1483 110 598 346 
164: 1549 1291 2076 2561 2010 874 676 2282 291 618 783 1522 1934 2285 1757 1816 487 1588 679 1005 1220 104 1761 1150 1548 1435 346 
364: 1549 2287 2346 1255 844 1949 1950 2045 2290 2400 2561 2618 2673 2688 2696 2755 2814 2932 2948 2949 3085 3157 105 397 1774 806 1851 2034 874 876 610 616 2080 676 711 2090 1746 458 2282 2338 2356 2483 2555 2809 2826 232 783 1356 1836 2202 2285 741 2231 2601 1062 2464 3126 71 1426 2817 487 423 1588 1852 185 1600 2175 1568 3015 119 1754 1018 1352 1544 1171 1819 1694 456 
394: 1549 2437 2519 2419 2710 221 399 595 559 1014 2184 2724 1979 1980 497 1115 574 1514 3102 2581 2585 1548 137 1743 
423: 1549 2287 2833 1255 1949 1950 2045 2246 2290 2400 2618 2696 2948 397 1851 2034 874 876 610 616 2080 676 2090 1746 2282 2338 2356 2483 2555 2809 2826 783 1214 1356 1465 2202 2285 2686 366 1821 2464 3126 71 364 2817 2539 487 931 3015 119 265 268 365 417 1754 1464 1018 1694 1544 1171 2039 1819 1568 1870 2144 1852 2113 1352 598 2175 
487: 1549 2287 1785 1078 840 205 204 1253 1291 2035 1117 2400 2618 2688 2755 2814 43 463 1330 561 1292 937 677 559 2540 29 2356 2447 2483 2589 2809 142 783 1331 1841 2702 15 2231 2601 497 1671 164 364 423 2245 81 2392 2523 2807 2891 3134 137 145 379 393 1514 496 1396 1665 793 1047 805 1600 1071 1199 565 495 1870 
527: 1549 2346 1176 2479 1331 2724 883 497 1062 1870 2581 189 
594: 1549 1706 837 840 1291 844 2010 786 711 2540 2403 2589 2148 2606 1312 1979 2115 1980 1615 1823 435 931 589 546 1911 867 1870 2174 1526 2301 1616 
773: 1549 2287 1078 1255 1291 2035 2400 2688 2696 2814 2932 43 333 429 463 745 746 1851 1977 530 874 876 676 92 142 232 783 1247 1259 1465 1841 2721 1086 2231 1062 1671 1853 2039 393 1870 1544 137 1047 1199 
867: 1549 1706 1078 840 1239 2251 2346 1253 1334 2213 2406 2472 2561 2670 2755 2784 2814 2846 2855 2908 2909 2910 2911 2912 2913 2914 2915 2916 3115 57 786 2232 806 825 1845 1378 1977 1019 1073 672 677 711 2258 2282 2330 2447 2826 226 783 1014 1163 1733 1841 2148 2157 2285 2702 1368 2584 2053 1713 1062 3006 594 1853 1448 2190 933 1151 1359 1705 393 202 313 679 2711 2736 2768 2777 2988 3003 3055 3129 22 104 238 256 433 600 621 748 865 1267 1730 1693 1428 1870 934 1472 1523 2042 1548 1042 2114 2130 2164 2169 2174 1177 1740 
933: 1549 1706 1239 2251 2346 1253 1291 1334 848 2246 2405 2406 2450 2472 2561 2670 2784 2846 2855 2908 3115 2232 1845 902 1015 876 595 1617 1176 672 2323 2330 2479 2607 2895 92 597 1163 1733 1934 878 2157 2162 2702 2724 3068 1891 947 1816 1062 3006 867 1289 435 540 931 1479 2190 2252 3022 367 2254 2352 2369 2509 2678 2716 2717 2736 2745 2752 2768 2853 2865 2871 3055 3095 5 202 297 313 331 391 393 433 562 596 679 709 1267 1852 1858 1870 1427 934 1534 1472 1993 2019 2021 1566 1574 1094 2164 1151 2174 2079 1693 1696 1705 1199 2169 1740 
948: 1549 1078 2419 289 624 1933 2166 
976: 1549 2437 2959 2346 2035 463 2037 3037 232 2006 2440 335 1288 853 535 1855 1844 1985 252 857 1830 
1072: 1549 2305 1253 844 2561 3011 806 825 855 2080 670 711 2258 2607 1475 2170 2172 1062 2579 2758 2862 1853 2245 244 495 496 793 805 2322 2335 2349 2453 2515 2523 2649 2716 2736 2768 2798 2891 2936 90 299 467 589 1012 2197 2032 1911 1913 2168 2169 2173 2174 2175 2190 1551 2085 2111 1467 1923 1839 1797 1472 1473 1665 1479 2004 
1289: 1549 1706 1321 840 1949 2035 2076 1618 2561 2677 2932 2955 745 746 2080 1176 2540 1286 2330 2481 2589 2621 1331 2724 271 1136 755 2522 497 1011 1062 1115 1821 933 2240 2358 2622 2924 202 209 273 313 332 488 1151 1208 1398 1924 1858 1379 1308 1693 1705 1395 1870 
1290: 1549 3005 208 1253 1949 1117 2755 2814 3157 221 2232 2017 2034 2483 96 1040 1405 1927 2129 2285 2724 15 426 393 1855 1870 2311 2263 104 223 238 346 865 1654 1548 1440 1467 1511 
1306: 1549 2959 2290 2948 221 825 1851 2258 2356 2702 2721 1062 1395 2574 967 
1352: 1549 1846 2287 1078 1255 1949 1950 1981 2045 2290 2400 2618 2633 2696 2948 221 397 1851 2034 874 876 610 616 2080 676 711 2090 1746 2282 2338 2356 2483 2555 2809 2826 142 783 1331 1356 2202 2285 366 1062 2464 3126 71 364 423 2817 367 1852 1681 2095 1568 1090 1171 3015 119 1018 1754 1541 1544 1464 1819 1694 
1397: 1549 3115 31 96 271 369 2190 1705 2407 649 1528 2937 3161 979 1216 
1445: 1549 1706 3005 1662 1321 2251 2346 1253 1334 848 2405 2406 2561 2814 3096 1015 937 677 1746 2282 2330 2479 2607 226 1840 2148 2285 3100 15 1979 499 1816 2579 1853 2245 2252 2559 2768 2838 2964 3003 3097 272 331 367 920 1502 1448 1593 1705 1730 1492 
1448: 1549 2251 1334 848 2405 2406 2633 57 786 1851 646 2479 2607 1053 2148 2702 1979 1062 867 1445 2245 2252 3035 3129 90 185 313 1267 1870 1600 
1540: 1549 1845 969 2282 1733 2285 122 1062 2190 2358 159 275 682 2022 1942 
1778: 1549 2959 1291 1409 2472 2561 2452 29 2601 2190 3 1717 42 748 227 2054 1142 
1852: 1549 2163 2287 1078 840 1255 1949 1950 2035 2045 2270 2290 2400 2618 2696 2948 333 390 397 434 463 1298 1851 2034 874 876 599 610 616 2080 676 1210 2090 1746 2338 2356 2441 2447 2483 2555 2566 2569 2589 2809 2826 96 618 783 1331 1356 2202 2616 2724 1891 2231 322 1062 2464 3126 71 364 423 933 1352 574 2817 2247 2377 3015 5 119 365 393 455 598 1018 1171 1172 1232 1395 1544 1568 1609 1694 1754 1819 1870 
1924: 1549 82 357 1253 839 1050 1059 2673 806 1845 1021 484 2060 1749 2776 96 588 1436 2285 2702 44 413 1745 406 1385 2046 7 568 698 1184 1883 1888 1289 574 2190 392 577 2924 440 1403 1793 1678 2641 862 3059 699 2296 2549 2565 2645 2692 2705 2818 3018 3026 3040 3046 22 75 93 126 196 200 222 391 403 456 774 884 1340 1379 1394 1771 1779 1810 
2072: 1549 2959 2213 2633 1845 1977 595 1164 29 31 588 592 1733 2214 1565 363 3146 418 
1753: 1549 1078 2346 1949 1589 2472 3080 399 1240 2010 780 982 604 711 2776 2282 2447 2895 398 618 1014 1214 1840 2027 2563 2702 3075 3152 605 2957 575 1062 2252 2637 1600 2489 2411 2838 2865 2884 2888 3034 3039 159 198 303 340 436 485 571 608 922 1263 1272 1311 1396 1493 1506 1544 1548 1712 1932 1942 
1630: 1549 132 1513 1238 289 2323 15 138 435 2745 3146 1211 1398 2183 
1568: 1549 2287 2959 1255 1949 1950 2045 2270 2290 2400 2618 2696 2710 2755 2814 2932 2948 2949 2955 3085 3157 221 397 479 1774 1330 825 1851 902 1789 2034 874 876 610 616 2080 676 2090 1746 2258 2338 2356 2483 2555 2809 2826 783 1331 1356 1836 1848 2202 2686 2231 2361 841 2464 3126 71 364 423 1352 1852 1426 880 2817 589 2834 393 1870 2398 2370 2377 2788 2920 3015 119 203 1018 1092 1171 1544 1754 1819 2189 1688 1694 
2096: 1549 3014 37 2330 588 592 2294 1883 1514 1151 393 313 2924 42 128 621 328 857 1427 2191 2216 
1596: 1549 2959 1321 1117 2444 3115 599 29 2724 15 32 841 2386 1062 1853 27 2334 248 3003 233 736 823 1527 
1625: 1549 357 1253 2633 2846 854 855 1015 595 670 672 705 711 2118 2403 15 1823 1338 2134 2033 101 1175 
2171: 1549 2812 2123 2724 1076 1514 1793 2825 1310 2455 2016 2390 
1588: 1549 205 1239 2246 2290 2400 2406 2472 2755 221 463 1330 1851 1292 677 559 2447 2483 232 430 783 1014 1331 1841 2088 2231 3128 1062 164 364 2649 2779 3003 145 393 1047 1199 1600 1870 
1740: 1549 1706 432 2251 2346 1252 1253 1291 1334 959 1484 2406 2855 83 315 479 2028 1019 711 458 2118 2282 2330 2384 2479 2728 2810 617 1163 1556 2162 2285 167 1453 1885 1646 2365 2461 2713 1013 1062 867 933 1426 2539 931 1439 2190 2649 2252 3 367 1151 1451 1705 2117 2134 2637 2255 1600 1911 174 202 313 562 679 934 1472 1693 1696 2274 2351 2379 2402 2432 2543 2678 2679 2736 2825 2888 2945 3073 3108 3134 22 46 78 84 104 114 119 194 266 386 415 564 718 770 803 823 862 895 1113 1118 1199 1467 1541 1574 1691 1793 1794 2169 1817 1895 1913 1926 1870 2061 2161 2164 2174 
1705: 1549 1706 1482 1239 2251 204 351 1253 1291 1296 1334 848 1949 1484 1518 2246 2405 2406 2444 2450 2561 2618 2696 2846 2855 2908 3115 221 362 479 2232 1845 1336 673 1021 2017 1015 548 595 937 677 711 2235 2258 2323 2330 2403 2479 2555 2607 2856 2895 92 302 597 1163 1556 1733 1800 1934 2148 2157 2162 2202 2478 2786 3068 782 1086 2115 2596 2601 2775 499 947 1013 1816 1823 1969 2951 1062 1338 2758 3006 867 933 1289 1397 1445 1740 435 540 931 1479 1896 2020 2190 2626 2649 2613 2252 3022 367 1151 2254 2351 2352 2402 2515 2560 2641 2652 2678 2712 2716 2717 2736 2888 2945 3055 3073 3088 3134 3153 78 104 202 313 379 393 433 467 511 562 564 571 654 679 724 769 803 934 975 1042 1094 1199 1232 1428 1440 1467 1472 1523 1534 1566 1574 1593 1637 1693 1696 1761 1833 1926 2208 1870 1877 2019 2021 2033 2061 2079 2086 1898 2164 2174 2169 
1208: 1585 1949 2472 177 563 2628 156 2156 2601 727 947 1289 2245 495 496 793 805 2339 2523 2543 2626 2661 2787 2891 3030 303 347 379 591 700 704 762 803 1665 1439 1963 1592 1593 1514 1747 
1781: 1585 1586 1785 543 2203 1078 1253 959 1981 1484 2673 2773 1164 1814 2228 1085 1702 2647 643 932 1026 1079 1233 1764 1978 651 1451 546 1038 1380 1090 1554 2674 2379 1731 2122 1329 638 101 1366 2765 2874 3007 456 665 989 1110 1114 1166 1261 1634 1695 2191 
2174: 1585 1706 1078 2251 1253 1291 1334 844 2076 2291 2406 2710 2855 221 2232 2204 711 719 458 2330 2403 2895 1163 2170 3152 2172 2951 594 867 933 1072 1740 1705 931 2168 1151 2779 202 313 679 934 1472 2160 2169 2411 2733 2736 2744 654 778 955 1173 1272 1473 1761 2173 2197 
2095: 1585 1586 2593 2305 2761 3063 3145 1785 543 1188 1078 447 1239 3144 959 2814 3157 2097 228 1181 541 618 276 663 2214 2365 2469 296 404 932 1064 1077 1233 1892 1352 2252 1594 309 2665 2681 457 544 1052 1200 1544 1751 1810 1996 2220 
2311: 1586 2305 447 2833 1469 1117 2368 107 179 1450 1789 982 548 2097 611 29 2258 586 588 592 618 666 1214 2695 15 138 653 1777 1312 1933 1943 1980 2227 2866 3127 406 1290 3022 3 991 1359 2011 2039 1595 2924 1023 950 2012 436 437 1447 1554 1958 2025 2070 3151 2428 
2371: 1586 1846 2163 2629 1785 447 710 837 1296 711 1181 232 1434 1840 624 1193 1563 1757 2471 1380 1090 1381 1500 
3084: 1586 2959 2472 1240 2282 2754 541 2285 2724 537 1870 1250 2986 898 3082 340 446 465 637 1947 
3158: 1586 3063 1078 2596 1619 668 1855 
425: 1586 2305 3063 1785 543 1078 447 208 1735 2633 479 806 1538 595 29 980 541 2739 2775 2803 1193 3077 435 1367 2759 2887 2025 1536 808 
777: 1586 2305 3063 1785 543 1078 959 2673 619 2943 2961 456 1695 1366 
895: 1586 2519 88 1400 1589 2213 2846 221 806 1021 1789 1976 1015 672 1133 1181 1590 1704 15 2009 2802 549 1563 2084 122 1740 523 2211 1090 2825 436 1609 2349 1366 2732 961 
1325: 1586 1296 1176 663 2969 1440 1322 584 1480 2225 506 2029 
1533: 1586 2142 2291 2835 3085 221 2776 1040 15 605 1125 2471 1451 2843 2407 1395 999 748 1490 2617 198 300 354 802 894 1135 1416 2001 2229 1622 
1984: 1586 1385 6 952 
2252: 1706 525 1078 2251 88 1253 1334 848 2076 2291 2405 2406 212 463 1240 1901 1258 554 677 458 1286 2607 2837 92 302 3061 2786 624 1085 2156 2601 1054 1288 1580 933 1445 1448 1753 1740 1705 2095 2539 2245 81 540 1514 54 174 202 280 309 367 486 700 900 934 943 1151 1681 1940 2160 2201 3030 3103 2411 2924 2254 2533 2716 2398 2477 2489 
2254: 1706 1078 2251 1334 848 2076 2405 2406 2633 1576 563 2607 92 1163 2156 239 1054 2464 933 1705 2252 81 174 202 486 2160 700 1551 1592 1593 2201 2398 2411 3048 2339 
2292: 1706 2437 3005 1252 1960 2076 179 595 2706 836 1163 1434 841 494 1883 2126 2639 273 995 80 120 372 654 1228 1554 2176 2674 2675 
2351: 1706 2346 1253 1291 844 2213 2835 179 2060 559 1133 2118 2895 1980 549 997 1134 2046 2951 1288 1740 1705 435 367 2134 2552 393 2085 202 1696 1870 1090 231 1199 101 360 802 835 1616 2988 
2352: 1706 1239 1253 800 2855 3115 197 399 806 1015 563 595 1908 2204 2540 458 2118 597 879 1214 1465 1934 15 2829 1816 1671 933 1705 151 2190 1151 202 679 934 2768 1156 2185 3055 1068 1761 2373 1954 346 1797 2349 1094 2678 1272 1340 238 1817 2900 2841 
2392: 1706 2287 2959 3005 840 2822 88 1253 1255 1291 1296 1297 1484 2076 1589 1117 2213 2246 2291 2488 2618 2673 2846 3157 179 397 1774 806 969 563 1617 601 1478 677 680 711 559 1746 1421 1181 2118 2628 2832 2856 2925 619 1468 2027 2148 626 1825 2179 1410 2802 3093 111 499 1816 2046 2951 581 1338 2518 12 487 805 1941 2211 3009 367 657 2314 11 53 309 326 346 385 478 862 903 974 989 999 1093 1106 1150 1265 1332 1357 1362 1593 1797 1819 1824 1826 1855 1898 2126 2181 2192 2824 2533 3048 3102 2639 2767 
2402: 1706 2959 1253 844 2835 221 1906 1740 1705 231 620 3034 
2515: 1706 2959 208 1409 2755 3157 212 825 1015 2118 2258 2607 588 1475 1719 2329 2702 624 1933 1821 2758 1072 1705 931 2190 1151 2334 2683 1020 1911 202 3030 2533 90 467 1839 1923 2936 275 520 564 621 796 835 1659 2678 
2560: 1706 1662 43 729 1705 621 
2564: 1706 1618 2670 2784 2908 2909 2910 2911 2912 2913 2914 2915 2916 221 2232 1378 1073 670 458 460 540 931 367 174 2201 1678 372 209 22 247 
2574: 1706 2443 350 351 356 357 1914 1513 2142 2932 221 362 1774 1901 261 2375 2460 2713 575 2065 1306 498 540 1514 576 577 2794 2581 2953 2394 1847 182 1311 2592 
2613: 1706 1662 1253 2670 2784 2908 2909 2910 2911 2912 2913 2914 2915 2916 3090 315 1240 2232 1851 1378 1019 563 1073 458 31 460 1556 2601 499 1054 1705 477 2245 2168 2190 2489 379 748 1235 1593 1819 1870 2882 
2626: 1706 2959 208 1469 2076 3090 179 1901 563 458 462 1214 2157 15 1891 2601 13 1013 1054 1705 1208 2245 1439 2190 2543 171 367 379 388 589 803 1593 1604 1606 1654 1747 2164 2200 
2641: 1706 2959 1662 2443 204 208 1253 2710 937 289 2258 2479 2129 2702 499 1924 1705 5 39 2022 
2652: 1706 1979 1891 499 1705 367 2134 520 
2678: 1706 1239 1253 2405 2406 2450 2855 3115 1015 595 458 2330 2895 597 1934 2162 2606 1816 933 1740 1705 2352 2515 552 3022 1151 202 313 1232 1696 2033 3048 3134 2888 1094 110 1654 2208 3073 
2684: 1706 1239 1589 3115 105 197 221 315 1238 902 1019 2485 96 3120 15 1891 2294 2527 1883 1514 2370 3050 133 328 823 1159 1784 1834 1847 1895 2705 
2712: 1706 2959 525 1253 1255 1291 844 1117 2290 2444 2561 2846 3124 3125 3157 179 221 479 1330 912 1443 1019 548 1617 1684 677 1181 2118 2282 226 1225 1331 1465 1840 2285 3075 1312 1453 2228 469 1565 1115 1705 2020 367 2568 2843 1232 2807 2412 1147 1459 1875 1887 1948 2068 2193 3042 2818 3099 
2716: 1706 2251 208 1253 1334 848 2405 2406 2444 2784 2908 3011 212 463 1485 2540 2118 2607 2895 232 461 462 2702 933 1072 1705 2252 435 2020 589 1151 2552 202 467 1245 
2717: 1706 2959 1662 2251 1253 1296 1334 2406 2450 2855 2540 2118 2607 2895 92 2829 933 1705 2020 1151 202 1295 3116 
2736: 1706 2251 1334 2406 2855 1463 711 2330 1163 2170 15 2172 867 933 1072 1740 1705 2174 2168 589 1151 2322 202 313 679 934 1472 2169 2733 299 699 831 1012 1473 1913 2004 2032 2111 2173 2175 2197 2804 2798 
2777: 1706 840 2037 1176 937 711 2282 3066 873 1733 2157 2285 2584 3036 841 497 1115 867 853 185 1600 202 1870 1534 2965 2557 238 391 872 1157 1502 1548 1553 2007 
2783: 1706 2959 1253 1484 429 554 1841 715 1856 196 1363 714 
2853: 1706 1298 933 1151 202 1295 297 3095 5 2871 
2871: 1706 2925 92 1331 1465 933 2853 139 2190 202 2965 2218 297 3095 5 
2884: 1706 1253 1296 1297 844 2076 2291 2405 2835 434 479 1336 2078 484 2116 595 1120 2847 302 276 782 1885 1891 1713 2951 1753 435 367 2636 2882 1207 1714 2077 58 865 1948 2209 
2888: 1706 837 840 1269 799 844 2710 2784 2908 221 315 2010 2064 595 559 1133 2479 2481 2157 15 605 1315 499 1125 1134 1753 1740 1705 2678 1479 393 1855 2071 202 2672 1993 2061 2283 748 2369 2602 2865 78 307 372 388 553 697 884 998 1047 1242 1311 1422 1492 1782 1854 2079 2164 2225 3034 2945 2900 3116 
2945: 1706 3005 1740 1705 2888 2061 748 
2988: 1706 2959 1239 2346 2443 350 351 356 357 1253 1291 1914 2142 2846 2855 3011 3115 855 1019 672 2447 2826 15 261 1368 1453 1064 1062 867 2351 931 2436 1870 1850 1428 2061 104 2807 748 600 621 1854 2692 78 91 1234 1670 2114 
3016: 1706 2437 2746 840 1334 2213 2405 2472 3014 1767 1789 2282 3155 588 617 1590 2285 15 913 1943 1046 1764 1768 1978 2386 2211 2636 2637 202 1220 2780 884 1575 1996 2166 
3022: 1706 1662 1291 2045 2076 2291 2405 3090 3115 390 2232 1336 563 2235 458 1133 2118 2555 2628 2856 461 1556 782 1891 2601 481 499 1013 1054 1713 1816 1969 2951 1338 933 1705 2311 2678 2245 139 151 435 540 1439 1479 1896 2857 2263 2339 2794 2863 91 101 104 174 196 202 367 372 379 591 700 803 1025 1235 1236 1550 1591 1592 1593 1604 1747 1797 1940 2200 2201 3073 3116 
3035: 1706 1253 844 1050 2846 3011 3096 43 2232 1336 673 1111 672 937 2338 3032 2285 1448 2190 589 2624 2792 3031 3033 1412 1566 
3048: 1706 844 2405 2452 2601 2254 2392 2678 139 435 2649 367 2322 2423 2612 104 123 238 272 1548 2042 
3073: 1706 2076 479 1740 1705 2678 3022 540 202 943 
3095: 1706 2846 673 672 933 2853 2871 1896 202 2411 3088 297 1961 5 1601 
3110: 1706 1321 324 1239 1253 1255 1296 1297 800 2076 2618 2755 3115 37 197 315 1298 746 1238 1977 1520 554 599 611 1002 1133 1765 2555 3058 3066 3155 92 500 597 1468 1756 542 626 634 499 1134 540 931 2020 367 1971 1246 174 202 1593 1090 2277 2950 5 109 538 822 1204 1295 1332 1569 2025 2208 3116 
3116: 1706 3142 1296 1297 800 1469 2696 1298 1350 1424 1617 29 2555 460 666 881 1040 2724 1899 2493 2829 499 2717 2888 3022 3110 540 931 1559 161 1971 2466 202 2780 1875 1954 2767 1332 503 520 1579 1295 109 2344 2495 2521 2577 73 1142 1224 
3129: 1706 2305 1078 840 959 2232 2157 1062 867 1448 880 748 621 3043 2164 
3134: 1706 2959 844 315 786 2232 806 2235 458 3066 1465 487 1740 1705 2678 202 615 2269 206 209 2023 2144 2191 
3153: 1706 2855 2948 2010 559 2118 2430 2479 2896 1705 2061 2303 508 
5: 1706 1662 1253 1296 1297 1318 844 1469 1484 2927 1770 670 719 1765 2118 2479 2148 2420 276 499 1013 412 12 933 1852 2641 2853 2871 3095 3110 435 1896 11 202 1332 1295 101 297 433 2208 2950 598 2022 
73: 1706 1400 15 3116 1094 1624 
78: 1706 1253 844 2447 2856 2157 2740 1013 2951 1062 1740 1705 2888 2988 2794 1232 1696 1870 1850 2061 1199 1574 2164 2900 2369 2602 1242 388 2079 553 1234 
91: 1706 1239 3011 855 1015 599 1292 2856 567 1885 1891 1013 1279 1816 2046 1062 2988 3022 2649 367 1870 1942 2692 502 1670 
104: 1706 2959 1482 2346 2405 2835 3011 1240 1336 670 2083 711 2118 2282 2555 567 15 366 1013 1338 164 867 1290 1740 1705 2988 3022 3048 435 540 805 589 853 2322 2843 202 886 1232 1267 1693 2411 1428 2218 2236 2342 2344 2598 2704 2767 2780 2801 3052 1758 1898 1782 1272 1150 664 2208 1573 1591 1235 1094 
139: 1706 2959 1785 840 205 1482 1239 1881 2076 2213 2291 1336 1789 1977 1617 937 458 226 1934 2601 481 1054 1816 2951 2871 3022 3048 2245 2412 2489 2612 2651 2960 3009 865 761 2042 520 379 2190 1428 2068 1169 1067 433 2211 571 1593 
174: 1706 2251 2346 1334 1914 2142 2406 2670 2908 806 458 2566 2607 2856 460 785 15 1777 1891 1969 1740 2252 2254 2564 3022 3110 540 367 2363 53 372 379 1534 2201 1870 1593 199 209 
202: 1706 1662 2087 1239 2251 143 1253 1291 1297 1334 848 2045 1707 2405 2406 2444 2450 2846 2855 3115 221 315 479 1336 673 1015 595 677 2235 458 2330 2555 2607 2856 2895 92 597 1163 1247 1934 2157 2162 2329 2786 1777 1891 2584 499 1013 1816 1969 2951 1062 1821 1337 867 933 1289 1740 1705 2174 2252 2254 2351 2352 2515 2678 2716 2717 2736 2777 2853 2871 2888 3016 3022 3073 3095 3110 3116 3134 5 104 552 540 1896 367 1151 2117 2134 2637 11 2301 2344 2559 2820 2838 176 1761 233 851 1797 297 313 864 372 1395 679 2208 934 1467 1472 2033 1523 511 1558 583 1094 596 608 627 1654 2175 1691 2201 1693 1696 2169 1219 
247: 1706 221 563 2564 367 
275: 1706 1253 2400 179 221 2078 874 1540 2515 2834 1693 1347 
297: 1706 2437 2970 177 1465 1816 933 2853 2871 3095 5 202 589 930 596 2339 571 1628 2021 1550 
313: 1706 2251 799 1334 848 2076 2405 2406 2618 2755 2846 2855 1845 711 2330 2607 2856 1163 1733 3068 1777 947 1821 3006 867 933 1289 1448 2096 1740 1705 2174 2678 2736 202 2539 1151 2968 3008 3030 1219 1472 2164 1566 1925 1609 1169 1693 1696 679 934 562 2169 1593 391 2130 
331: 1706 2959 3096 2589 2285 3100 15 2300 933 1445 2698 1613 1534 3097 920 1690 1492 1730 2164 
358: 1706 2163 2251 899 2770 197 611 2333 3037 96 2329 551 1560 209 1890 2031 2161 636 2167 1664 2196 1564 1066 1838 850 
367: 1706 1785 543 2123 1239 2251 298 1253 1291 1334 1949 1518 2076 2246 2405 2406 2444 2618 2633 2846 2855 3090 315 479 2232 1336 1851 1977 484 1015 563 2116 1123 937 2204 711 458 1133 1765 2118 2333 2356 2403 2566 2569 2895 155 460 567 1014 1556 2088 2148 2162 15 782 1777 1891 1086 2596 499 947 1013 1054 1816 1969 2951 1062 1338 933 1352 1445 1740 1705 2252 2351 2392 2564 2626 2652 2712 2884 3022 3048 3110 91 174 202 247 435 540 931 1896 2857 2274 2705 171 190 209 1797 803 1824 1879 1880 1381 372 379 589 1428 455 502 1025 520 1550 1569 1593 583 1654 2164 1151 2201 1696 2209 1199 1232 
372: 1706 1252 1253 3090 1774 559 2118 460 15 1979 1891 2292 2564 2888 3022 174 202 367 849 540 657 700 943 2201 2882 49 2355 2805 209 222 363 2200 379 433 
388: 1706 3142 3011 315 711 2569 92 2148 2157 2769 3075 1062 2626 2888 78 931 2061 3041 2848 1068 2894 1199 2106 2164 2900 2369 2602 2978 1242 761 1918 553 2022 1466 2237 
393: 1706 1846 2287 1321 432 324 1950 2045 2290 2298 2400 2472 2618 2688 2696 2784 2814 2845 2881 2955 3011 221 315 397 422 1760 1845 1851 855 902 1450 1021 1976 2034 1019 554 876 2064 604 610 611 2080 1292 676 1149 1746 458 2258 2338 2356 2483 2485 2555 2566 2809 3058 3066 226 712 783 1214 1247 1259 1344 1356 1465 1468 1841 2129 2157 2162 2202 2616 2721 32 634 795 1933 1966 1086 1722 2231 2249 2439 2512 2591 2609 184 499 2951 122 322 1062 1671 2308 2464 71 487 773 867 933 1290 1852 1568 2096 1588 1705 2351 2888 2020 2190 2523 1151 2339 2369 2559 3045 23 101 114 128 365 1464 748 995 802 1428 1870 1877 1939 1429 1437 433 1480 1199 1544 1593 2164 2079 1174 1028 693 708 
411: 1706 1253 2910 2108 912 1977 1617 1684 2479 226 588 1733 2148 2285 499 2386 7 2579 2862 2619 2085 2903 2051 1199 
433: 1706 3142 88 1253 1291 2076 2213 1707 2405 2633 2835 3002 434 1763 2010 806 1901 2078 1133 2118 2569 794 1014 2148 2157 2478 2724 3152 276 2601 997 1134 1713 1768 2172 867 933 1705 5 139 372 393 435 540 2020 2190 2211 930 1681 556 1156 1428 180 64 1875 532 967 2578 109 1550 1070 196 989 379 2836 2423 2521 2577 2650 124 217 796 2042 1548 664 538 2208 1067 2225 2200 722 583 
435: 1706 1846 2437 3142 1785 840 1482 2251 1253 1291 1296 1297 1334 844 848 899 1950 1484 2076 2142 1707 2291 2368 2400 2405 2406 2444 2465 2618 2710 2784 2855 2927 3090 212 315 390 434 479 1767 1298 2232 806 825 1901 484 563 2097 1098 1617 646 937 1698 711 458 1133 2118 2282 2447 2628 2847 2856 2895 302 460 462 879 1282 1475 1556 1719 2148 271 276 1979 1980 2289 2601 2775 13 125 361 481 499 841 997 1013 1054 1713 1764 1768 1816 1978 2951 1821 594 933 1630 1705 425 2351 2716 2884 3022 3048 5 104 367 433 477 1853 2245 81 118 151 244 2322 2349 2411 2412 2421 2423 2467 2486 2598 2649 2650 2651 2765 2767 2799 2882 2921 2950 2965 3033 3052 3091 42 45 64 74 114 190 195 245 256 299 347 379 1295 1822 1824 811 1847 1428 1879 1900 1396 679 761 1941 1273 1961 1459 1989 1479 1224 1551 2021 1517 1523 1550 1047 1558 540 532 2077 2106 1896 583 2117 2128 2158 2160 1151 1162 654 1593 2190 664 1693 2218 589 724 1234 
455: 1706 2959 1321 1255 1981 2633 3002 179 463 1336 1015 646 232 424 462 619 801 15 1979 1980 1016 1969 647 1888 1852 367 1451 2411 2398 2422 2326 1982 884 1574 620 1348 1862 
467: 1706 840 1059 1240 825 711 2258 2607 1053 2148 624 1933 2758 1072 1705 2515 2716 1911 1870 2581 90 2936 206 502 2164 1923 1177 1839 571 
538: 1706 3011 1292 3110 433 1782 264 
540: 1706 3142 1078 2251 1253 1291 1296 1297 1334 2076 1707 2405 2406 315 390 399 1298 2232 1336 1015 563 2235 458 1002 2118 2356 2555 2566 2628 2856 142 398 460 1014 1247 1556 2088 2148 1777 1891 1086 2601 499 1054 1713 1816 1969 1338 2262 933 1705 2252 2564 2574 3022 3073 3110 3116 104 174 202 367 372 433 435 2245 2302 2339 2543 2794 2857 209 379 803 1439 1472 1479 2020 2033 1025 562 1593 1896 583 591 1654 2169 1151 2194 2201 2208 699 700 709 1747 
546: 1706 543 1078 2346 2833 1296 1297 2465 2618 2855 1767 484 1002 1133 2248 462 541 2478 2803 3128 366 947 1064 1615 1823 594 1781 651 2456 2861 3055 1116 1392 2044 1801 656 789 1310 702 961 732 
562: 1706 2251 143 1292 711 458 2330 1891 1969 36 933 1740 1705 313 540 931 1151 3049 206 222 2147 1772 1523 1693 2173 1696 1636 2221 1333 1464 
564: 1706 1411 1078 840 1253 1296 1297 959 1845 1258 1201 29 2282 31 516 1053 2285 2478 3152 15 2115 1816 2536 1740 1705 2515 2190 589 1696 2768 1395 2921 2657 2708 2938 3094 84 230 502 642 911 1308 1579 835 1854 713 
583: 1706 1297 2076 397 1298 202 367 433 435 540 749 1548 2042 3089 1204 
608: 1706 2959 1296 1297 2076 458 1979 1980 499 1013 1753 202 2411 1973 1295 1082 
654: 1706 1662 524 1239 1291 1981 2405 2406 2633 2835 3002 1240 1977 484 1015 1019 595 1617 646 289 226 461 597 794 801 1294 1405 2148 2769 1979 1599 1980 3127 335 1096 1713 1812 1906 647 1705 2174 2292 435 574 151 2020 2168 2436 11 1472 556 1982 2733 2836 101 1506 1660 1374 796 1097 
664: 1706 2437 3005 2766 1291 2213 2835 2948 794 1979 2172 104 433 435 498 2794 2836 650 2022 
679: 1706 1321 2251 1253 1334 2406 2855 2232 806 854 458 2330 2447 2555 617 1163 1934 1312 2601 1013 2386 497 164 867 933 1740 1705 2174 2352 2736 202 313 435 1896 2020 1151 2421 2602 2848 2894 3041 209 374 1761 748 2169 1928 1154 1797 2185 1936 1850 1942 1817 934 704 1203 1472 1870 1068 
724: 1706 2959 2461 1816 1288 1705 435 244 2061 66 
803: 1706 1785 844 479 595 2118 2628 2856 879 1899 13 810 1054 1969 2951 1740 1705 1208 2626 3022 367 540 1900 1887 1309 2056 927 843 190 
817: 1706 1253 2035 1298 646 1133 2356 472 785 1434 70 426 27 3102 1793 1437 1889 1572 1887 835 1801 1362 
864: 1706 2118 138 1980 202 2794 2960 1550 282 
886: 1706 3063 2251 848 2405 2037 711 2447 2566 1522 1841 2148 1969 1062 104 1600 2767 238 865 1548 1870 
931: 1706 3005 543 1321 1078 324 837 840 1481 1482 1239 2346 1253 844 1981 1484 2076 2213 2291 2405 2406 2444 2561 2633 2673 2784 2881 3011 434 479 854 902 563 601 646 1698 711 458 2118 2403 2555 3037 915 1014 1247 1434 878 2702 3029 3100 607 2156 1980 2957 499 1013 1064 1713 1816 1978 1726 12 423 594 933 1740 1705 2174 2515 2564 2988 3110 3116 367 388 562 2245 151 244 2411 2466 2557 2637 2649 2672 2767 2857 2968 3088 124 196 223 245 256 395 571 589 651 790 843 1797 1824 1317 1855 1099 1921 1440 1428 1433 1435 934 1466 1479 1486 2003 2020 2021 1517 1467 1600 1604 2126 2128 1150 1151 1152 2190 2164 2218 1216 1220 1221 1224 1234 
934: 1706 2251 1253 1334 2406 2846 2855 197 806 673 563 672 2204 2118 2330 2826 1163 1465 1934 413 1013 1671 867 933 1740 1705 2174 2252 2352 2736 202 313 679 931 151 1151 2349 2373 2768 2841 2900 3055 238 346 632 1761 2169 1156 2185 1817 1068 1340 1472 
975: 1706 1662 1253 844 2076 2291 2673 1336 2452 2330 1434 2951 1821 1337 1705 244 53 
1042: 1706 2405 399 29 1014 841 2053 867 1705 1928 305 48 303 2711 304 1948 
1092: 1706 2776 607 497 1568 2336 2961 
1094: 1706 1662 840 1239 1291 2035 2710 2835 2855 3115 221 1015 2116 595 1292 2540 228 2323 2925 398 597 617 1014 1934 663 1891 1816 2951 933 1705 2352 2678 73 104 202 1941 1151 2683 417 101 222 1506 1808 1550 1956 1328 1209 
1151: 1706 524 525 1078 1239 2251 1253 1334 848 1117 2246 2405 2406 2450 2670 2784 2846 2855 2908 3115 786 2232 1845 673 1015 2037 595 672 2323 2330 2479 2607 2895 597 1163 1733 1934 2157 2162 3068 1891 947 1816 1062 1671 3006 867 933 1289 2096 1740 1705 2174 2252 2352 2515 2678 2716 2717 2736 2853 202 313 367 393 435 540 562 679 931 934 1094 2190 2551 2752 2768 535 591 596 709 1267 1328 1461 1467 1472 2019 1534 1566 2079 1574 2086 1177 1693 1696 1199 2169 
1199: 1706 1846 3005 1321 324 840 1253 799 1949 1950 1469 2400 2472 2618 2688 2696 2784 2814 2845 2934 2949 2955 3011 3124 267 315 397 422 1240 806 1851 1019 1463 1576 563 1908 1292 670 676 705 1746 458 1133 1286 2323 3058 3066 3155 92 1163 1259 1468 1841 2157 2202 2608 2721 2896 15 1933 1086 2231 1410 2591 2739 184 499 932 1370 1672 2951 122 1062 2308 487 773 933 1588 1740 1705 2351 78 367 388 393 411 1151 805 2020 2190 589 1593 1850 1428 1923 2061 64 1492 1954 1877 1429 2369 2640 101 419 857 907 1028 1263 1898 2018 2056 2079 1609 2164 
1232: 1706 2251 1253 848 2406 2450 855 1292 670 1746 226 2162 3075 426 1013 1816 2579 1852 1705 2678 2712 78 104 367 2190 2434 2277 2411 2412 2489 2559 2612 2771 2807 3050 101 114 709 1145 1203 1207 2021 1659 1502 1548 2061 1553 1693 1235 1466 1236 
1235: 1706 3142 799 3090 1298 1002 2118 1086 2601 2613 3022 104 1232 2619 2455 1879 865 1242 1270 2457 2454 2577 868 
1295: 1706 2959 3142 1482 2408 88 1253 1296 1297 800 1400 1407 1519 2618 2696 2835 479 1298 1851 1520 1123 559 2540 29 458 1002 2118 302 424 1465 15 1980 2829 406 549 1906 2717 2853 3110 3116 5 435 608 118 244 1896 2891 166 589 2322 1595 1403 1428 1761 2964 1954 1047 2659 519 240 2344 2558 2668 2685 2753 3043 93 123 360 558 701 731 1017 1197 1616 1557 1813 1574 1335 1340 1898 
1381: 1706 2403 96 2371 367 
1428: 1706 2959 1321 205 2346 1253 1296 1297 844 2561 2618 2673 3115 434 1298 825 1336 854 2078 1977 1485 1015 1019 1617 601 711 2452 29 2118 2258 2330 2447 2607 2856 226 1214 1556 1934 2162 276 663 1453 1891 1825 2829 1287 1816 2951 1062 867 1705 2988 104 139 367 393 433 435 931 1199 1295 1439 2168 2190 2649 589 2436 1870 2525 1551 1395 1793 2624 2559 2639 2692 2807 421 748 1311 1328 1452 2021 2077 1466 2114 2130 2208 2220 
1444: 1706 3063 1095 2329 271 2226 1722 2312 272 1677 
1461: 1706 1252 1408 1749 2330 836 2758 1151 2539 1626 2683 309 2398 862 2807 1554 520 
1466: 1706 3005 837 840 2443 356 357 1253 959 2142 3011 1298 806 855 980 2403 2157 261 388 931 1232 1428 2126 2794 2407 2624 2061 2953 2799 2744 903 1700 2164 2193 2874 
1467: 1706 2213 854 1617 1111 937 1133 2118 460 1979 3036 643 1816 1906 1072 1290 1740 1705 202 931 1151 1896 2211 2649 589 1696 1879 1265 1880 790 2199 
1472: 1706 2959 2251 1253 1334 2405 2406 2688 2855 3090 107 825 711 2258 2330 461 1163 1475 1719 1934 2170 1599 125 1713 2172 2951 322 867 933 1072 1740 1705 2174 2736 202 313 540 654 679 934 1151 1853 1900 2168 2190 589 2322 11 2453 2476 2733 2798 2838 299 466 503 637 955 1895 2032 1913 2169 2173 2175 2197 1963 2111 1604 1473 2004 
1479: 1706 2437 2959 3005 1321 324 837 840 1481 1239 1253 1291 1297 844 1981 2076 1589 2142 2400 2472 2561 2633 2835 2845 2846 3080 3115 3125 3157 197 479 2010 1298 854 855 1238 1019 595 1617 1478 646 670 672 937 1746 1133 2118 2403 96 836 879 1040 1468 1556 2006 2285 3120 741 1312 1979 1885 2062 1980 111 841 1134 647 1821 933 1072 1705 2888 3022 435 540 931 1853 2539 2245 1439 2307 2328 2421 2565 2581 2757 2767 2843 2858 3104 3 113 162 245 346 363 589 735 811 823 843 862 927 989 1082 1090 1220 1329 1440 1771 1854 1855 2032 1921 1940 2126 1982 2055 2056 2069 1591 2113 2128 1651 1600 
1487: 1706 232 2006 1233 2255 2421 1483 
1534: 1706 1239 844 2142 2465 2488 2561 2846 3011 3157 315 2010 1774 825 1845 854 1424 1977 1617 973 2083 1746 1133 2258 2330 2333 2832 31 92 226 1040 1475 1733 2006 2162 2608 2702 3120 32 1979 2227 2584 1906 2951 2579 933 1705 2777 174 331 1151 1853 495 1855 2299 2767 2964 1128 1317 2007 1611 
1566: 1706 283 840 2472 2330 712 1465 1719 3100 933 1705 3035 313 1151 1626 1693 3030 2894 1262 
1574: 1706 2959 1296 1297 463 1520 2330 1013 933 1740 1705 78 455 1151 1295 1696 2061 865 
1593: 1706 2437 1785 1482 844 848 1981 2035 2213 2450 2561 3011 1770 825 563 937 1002 1133 2118 2330 2479 2555 2621 2628 2663 879 1556 2606 2724 1980 2957 481 499 1054 1816 1445 1705 1208 2254 2392 2613 2626 3022 3110 139 174 313 367 393 435 540 1199 574 151 805 1439 1896 1900 2020 2128 2857 2619 589 416 2843 1592 2339 2455 2543 3108 74 195 207 245 832 1203 1272 1550 1879 1887 1637 1913 2056 
1642: 1706 1297 1704 1150 
1654: 1706 1662 1253 1981 2076 2405 2784 2814 2908 463 1845 646 937 2204 719 2479 2856 424 461 1840 1702 2596 1013 1713 1290 2626 2678 202 367 540 2768 3052 2374 1817 2611 2209 
1691: 1706 1707 2710 3011 221 2706 2157 2957 1740 202 681 
1693: 1706 710 2251 1334 848 2400 2405 2406 1845 2330 2607 92 1214 1465 1733 3006 867 933 1289 1740 1705 104 202 275 313 435 562 1151 1232 1566 1135 2135 2164 1696 
1696: 1706 2251 2405 2561 1015 1019 2330 2479 2566 2162 2115 2461 1013 933 1740 1705 2351 2678 78 202 313 367 562 564 1151 1467 1574 1693 495 2649 11 1137 2033 2061 2208 
1896: 1706 3005 2346 88 1296 1297 1334 1400 2076 1117 2291 2405 2406 2814 2948 1770 1520 711 289 458 2118 2403 460 1214 276 499 1013 1713 1816 1906 1705 3022 3095 5 202 367 435 540 679 1295 1467 1593 2245 2649 2939 3159 124 520 726 865 1302 1498 1501 1600 2164 2128 
1761: 1706 1411 1239 1253 1297 2784 2855 2010 806 1336 2078 1520 1015 2204 711 2282 2555 1934 2099 2285 271 1906 2951 1062 1337 164 1705 2174 2352 202 679 934 1295 495 2649 2185 3055 2428 346 1340 
1797: 1706 3005 840 1296 1297 221 315 1298 2017 458 1934 15 276 499 1883 1072 2352 2392 3022 202 367 679 931 2190 2322 2636 2637 2692 1234 
2169: 1706 2959 2251 1253 1334 2406 2855 3090 2330 2832 1163 2170 1979 2172 2951 867 933 1072 1740 1705 2174 2736 202 313 540 679 934 1151 1472 2168 2322 2570 2733 2768 2798 2804 299 778 1242 1473 1604 1813 1913 2032 2173 2197 
1833: 1706 1296 1297 1298 2118 15 1705 
1850: 1706 2959 2855 2447 1064 1062 2988 78 679 1199 2436 2255 1870 2692 456 502 748 1028 1234 1340 1923 2061 
1879: 1706 3005 2076 479 1298 855 670 705 1133 2118 2447 1891 1980 499 367 435 1235 1467 1593 805 657 2322 11 231 2387 2960 2509 2665 295 
2208: 1706 2406 2908 1845 563 2776 1430 1816 1705 2678 3110 5 104 202 433 540 1428 1696 2411 1005 2964 2807 1875 865 2164 2021 1548 28 376 2042 
1926: 1706 1409 1408 179 315 2099 1740 1705 1681 3030 114 386 3059 520 
1961: 1706 2437 1785 2784 479 1767 1015 595 937 232 1885 2739 1757 1764 1768 1978 1288 3095 435 2020 589 2863 2634 2636 2637 416 2411 713 2778 2025 282 
1847: 1706 2812 840 2766 356 1513 578 2142 2368 2472 2561 2710 362 390 463 854 855 1123 1478 1292 1176 670 711 1002 2628 2706 92 987 2148 1425 2806 841 2574 2684 435 1900 1301 1202 2125 2799 571 1440 1822 109 1824 2454 2509 403 650 1114 1376 
1870: 1706 1846 2625 2287 2959 3005 1321 432 324 1239 2251 2346 2443 350 351 356 357 1253 1291 799 1334 844 1390 1914 1949 1513 578 2142 2290 2400 2405 2472 2488 2618 2688 2696 2784 2814 2846 2855 2934 2955 3011 3085 3096 3115 3124 2 105 179 267 315 333 359 362 397 422 1760 745 1770 2010 786 825 1845 1851 855 902 1976 1485 982 2034 1019 561 2064 604 610 611 616 1908 2080 672 676 1746 458 1529 1181 2258 2330 2333 2338 2356 2447 2479 2481 2483 2485 2555 2566 2728 2754 2809 2826 2832 3058 3156 226 234 235 588 783 863 881 1045 1053 1247 1259 1282 1294 1344 1468 1733 1836 1840 1841 878 2162 2202 2285 2721 2896 2928 15 32 167 261 634 795 1368 2120 1933 1425 1453 988 1086 1136 2231 2439 2512 2591 2775 2829 13 157 184 575 994 1016 1155 1565 2474 2951 369 1062 1131 2308 2464 2536 2579 2797 71 423 487 527 594 773 867 933 1289 1290 1448 1852 1568 1588 1740 1705 3084 2351 2613 2777 2988 78 91 174 393 467 679 886 1428 1850 574 3 246 576 2436 2255 2317 2418 2648 2689 2692 2791 2931 2953 3045 52 227 339 365 395 403 456 536 600 621 623 683 747 748 882 929 967 1067 1220 1234 1248 1314 1433 1437 1480 1544 1670 1681 1694 1854 1942 1963 1965 2033 2061 2114 2185 
2019: 1706 2203 479 2118 2330 1013 933 1705 1151 1877 1880 
2021: 1706 3142 1662 1253 399 484 677 2118 2686 2724 1979 1980 2969 528 1713 1816 2951 1766 933 1705 297 435 931 1232 1428 2208 935 2404 1989 2164 3121 2943 286 759 808 1067 1244 1780 
2033: 1706 2251 1707 2405 1532 1292 783 1891 781 1816 1288 1625 1705 2678 202 540 1696 1870 3077 11 2807 101 2061 
2057: 1706 2213 2405 2673 2755 2773 1015 1019 2776 2706 241 618 1040 2249 2312 2957 184 932 1079 1370 698 523 2020 2211 3009 493 1038 2273 2345 2424 2611 2674 2824 3021 89 699 765 784 1147 1261 1281 1366 1910 2191 
2061: 1706 2305 1078 1253 799 1400 221 2258 2330 2785 783 1733 2157 3128 499 1013 1279 1713 369 1062 1740 1705 2888 2945 2988 3153 78 388 724 1199 1232 1466 1574 1696 1850 1870 2033 495 589 2012 2369 2385 2602 2656 2900 2963 410 553 1234 1242 1862 2164 2225 2079 2218 
1946: 1706 2116 2080 1206 607 1038 2407 2617 1945 1270 26 131 
1898: 1706 837 2346 88 1296 1297 844 806 1520 2540 2118 1891 1086 2829 111 499 1705 2392 104 1199 1295 2552 2428 2113 
2134: 1706 2203 1078 1484 2246 2291 2419 2845 315 854 969 1532 1292 711 2856 31 461 2099 878 156 2285 795 988 2461 841 997 1816 1625 1740 2351 2652 202 2274 2340 2394 2545 2656 2665 2726 46 101 299 309 520 620 644 811 972 1067 1403 1609 1681 1758 1982 1988 
2190: 1706 2305 3005 3142 1411 1662 543 324 837 840 1481 1482 1239 2251 2443 2822 350 351 356 357 1253 1255 1291 1296 1297 1334 848 1914 1484 1513 2076 578 1618 2142 2400 2405 2406 2419 2444 2472 2561 2670 2784 2846 2908 2909 2910 2911 2912 2913 2914 2915 2916 3011 3085 105 197 212 267 399 479 1298 2232 806 1845 1336 2108 854 855 1378 2078 1021 1977 1485 484 2017 1258 2075 1073 595 1617 599 611 1478 937 676 1201 711 1746 458 1133 2118 2258 2282 2323 2330 2403 2479 2481 2607 2628 2810 2832 31 226 398 619 801 1014 1053 1214 1475 1556 1719 1733 1827 2162 2285 2420 2478 2748 3152 276 1933 1979 1453 2009 1086 2156 1980 2249 2294 2375 2439 2739 2740 2806 3123 157 366 406 1013 1134 1682 1713 1816 2063 2224 2951 369 1062 2308 2518 2579 2797 2862 867 933 1072 1397 1540 1778 1924 1740 1705 2352 2515 2613 2626 2871 3035 139 393 433 435 564 931 1151 1199 1232 1428 1472 1797 498 1853 2698 574 2100 2817 2459 2245 81 244 496 805 1900 2293 2322 2357 2404 2433 2456 2489 2495 2523 2524 2604 2644 2771 2792 2807 2816 2831 2850 2880 2891 2920 2953 3033 3045 3094 3113 112 145 196 215 348 571 577 598 636 648 681 714 790 816 835 858 890 891 939 1071 1150 1220 1224 1260 1293 1328 1329 1395 1433 1473 1502 1554 1604 1637 1678 1686 1861 1880 1913 2032 2077 2085 2126 2158 2159 2160 2164 2197 
2196: 1706 2142 1560 358 2965 636 1564 2167 
2209: 1706 1662 1481 1291 1296 2076 2633 2846 3085 1298 2078 2204 719 2118 2479 2606 15 1943 1891 1086 1969 2063 187 2884 367 1654 523 338 1220 1982 2771 379 858 1435 
2164: 1706 840 1253 2835 3011 3115 315 479 1015 1684 937 1133 2330 2148 2157 1722 1013 1757 1816 1062 867 933 1740 1705 2626 2888 3129 78 313 331 367 388 393 467 931 1199 1466 1693 1896 2208 2021 2061 2190 2020 2649 2843 2581 2411 2185 2369 2602 2900 553 882 1242 2014 
2086: 1706 1662 806 1453 1705 1151 1554 865 1548 2042 3089 509 
2236: 1706 3142 2076 2330 2027 104 3055 2263 3088 3089 238 245 865 1548 2042 
2175: 1706 2287 1253 1400 2290 2618 2688 2755 2814 2846 2855 2932 3090 3115 212 315 806 2034 874 595 1908 2080 676 677 711 2090 2338 2555 3032 2170 2231 2601 2172 1671 364 423 1072 2736 202 1472 495 496 793 805 1514 1665 2523 2649 589 2322 2255 556 1145 1973 2453 2565 2798 152 299 502 811 814 1012 1473 1862 1913 2032 2173 2197 
2503: 1846 2901 1253 844 2472 463 1453 2365 296 1855 1639 440 42 2807 206 1524 831 1132 
2744: 1846 2287 3005 543 710 837 479 484 3067 92 2006 2739 2740 2803 3069 3111 481 841 1385 1615 1823 1906 1959 2043 173 668 1288 2174 1466 477 1167 2499 2107 2397 2455 2500 456 1008 1536 1858 
2956: 1846 
2993: 1846 806 1749 588 2099 624 2775 1795 737 2666 2781 
309: 1846 2287 2593 447 2851 1400 2035 3157 221 2017 2097 559 1181 2663 2837 2925 2362 1825 2214 2806 366 1233 2471 494 1883 2095 2252 2392 1461 2134 1594 2363 2658 2665 2679 2681 2780 2924 3082 1624 862 2220 753 520 1030 544 421 457 1685 1609 1744 
508: 1846 2123 2673 179 221 1298 2017 3153 1855 2818 2798 802 456 
1218: 1846 351 2934 1760 1149 2520 1681 507 
1249: 1846 2163 1255 1950 2045 2488 2696 3157 1851 548 1617 677 2356 2809 1246 2404 
1380: 1846 2437 3063 1785 543 1078 324 204 1296 1400 2673 1767 1538 2268 1002 232 586 588 592 619 1247 1294 663 1364 1979 2214 1980 2267 2359 2461 2493 2739 2740 2969 406 469 481 932 1064 1077 1193 1372 1615 1619 1757 1764 1768 1816 1823 1959 1978 2043 2046 2063 1338 1781 2371 2434 130 1127 1371 1822 1603 
1396: 1846 1683 205 844 2541 2814 463 1977 1019 530 561 2097 1617 677 289 59 241 461 597 720 801 2606 3075 1494 1425 1453 1085 2179 2227 2667 1287 1906 122 2579 487 1753 435 2634 2377 2280 2366 2409 2697 2807 2917 2933 4 222 300 307 387 482 636 667 723 751 898 945 981 1137 1173 1179 1652 1919 2187 2189 2193 1958 1727 1987 
1455: 1846 3005 840 1589 2419 1749 2323 3106 592 794 1998 624 2009 2992 574 2433 1982 1310 3074 2376 2498 2627 2707 2735 69 101 443 796 1283 1988 1931 2002 
1554: 1846 678 2519 1253 1484 2710 399 1765 2118 398 1014 2802 1781 2311 2292 1461 2190 2086 1708 2581 681 1090 862 995 154 
1893: 1846 2163 2812 1407 646 973 3119 618 619 529 1883 1514 2552 2557 
1858: 1846 1321 324 2822 1255 1949 1950 1117 2561 2618 2755 2948 3085 3157 105 107 197 745 1774 746 1538 530 561 610 677 1133 3156 31 96 1284 1756 2606 2608 2748 605 634 1312 1425 2179 668 933 1289 2744 523 3021 1379 1817 2944 1022 1152 189 1392 1632 
2201: 1846 2766 1914 2142 2406 2670 2908 1770 2232 806 855 2323 2566 460 15 1777 1453 1891 1013 1969 2951 2252 2254 2564 3022 174 202 367 372 540 53 209 379 1004 1173 
2269: 2163 2800 2519 2213 2710 2927 806 1292 559 1002 232 2957 1338 3134 2489 900 337 789 1090 1903 2273 2345 3118 
2411: 2163 2437 3005 840 1239 1253 1291 799 1484 2405 3157 1336 1977 458 2323 1719 2724 3075 1980 2601 1713 2951 1011 1753 2174 2252 2254 3095 104 435 455 608 931 1232 2208 1961 2164 376 520 1070 1220 1311 1480 2042 2103 2218 2920 2964 2731 2412 2807 2559 2651 3088 
2507: 2163 2812 2561 2773 197 1845 1021 2837 103 461 472 1733 1599 2294 2779 2549 
2762: 2163 2629 2593 678 310 2443 357 1252 2142 1770 680 1133 1765 1181 232 276 94 1134 1563 1892 494 577 2921 621 1782 2181 945 2050 
114: 2163 1662 710 3144 1252 800 1400 1469 1117 3011 179 390 806 1123 1164 2540 1133 1286 2447 92 516 1704 271 2361 2829 1740 393 435 1232 1926 2255 534 900 1681 3030 2924 2393 2422 2952 3059 3104 3132 2025 1954 808 172 702 209 1357 1875 1367 
533: 2163 676 1666 
1345: 2163 1415 
1451: 2163 1785 2203 310 1078 447 3144 356 1400 1914 2246 2673 2927 179 2967 29 289 1765 618 619 1742 2267 1193 1892 1740 1781 1533 455 1439 392 1418 410 884 1139 1367 2138 1631 1526 1743 1452 
1524: 2163 2076 179 484 1098 646 3106 2365 494 2503 532 68 
1609: 2163 2593 1785 2443 2766 1050 1117 3070 63 1770 806 1443 646 1749 2663 2706 592 617 792 1294 1522 2702 468 2101 1312 1864 1364 2094 1750 2775 1821 1852 895 313 1199 2134 309 2539 1514 449 2636 1301 1681 2314 789 1005 3059 999 699 145 2818 1310 877 2025 520 2357 2592 4 137 170 229 360 415 557 674 723 869 983 1260 1283 1498 1668 1912 2143 1747 
1678: 2163 2593 350 351 356 357 844 1914 2142 2290 2472 2108 2151 2258 2430 3032 226 1053 3152 1702 1980 3128 426 575 1054 2579 2862 1924 2564 2190 577 1911 2085 3030 2804 2953 3003 3026 137 145 1668 
2225: 2163 2710 463 745 1298 1789 2482 2479 666 32 1933 1979 2156 499 1816 1325 2888 433 2061 1514 161 2160 2924 2165 40 391 1322 102 1144 1913 112 3033 2692 2611 2792 2878 674 1082 
2453: 2901 221 479 711 1315 2300 1072 1472 2175 2020 2322 622 2335 299 756 843 1012 1195 1473 1913 2004 2032 2111 2197 2798 2729 
2599: 2901 2246 2282 2654 2285 2312 568 1104 200 808 1189 1889 3040 
2787: 2901 2472 2329 1671 1208 2334 2552 287 1039 
440: 2901 1078 1239 1050 1117 2808 3115 3125 1019 2323 879 881 878 2198 3120 1315 1799 1750 3081 883 1729 1906 2043 1115 1924 2503 574 2987 2011 2255 416 2125 2343 2454 2885 2920 2921 3055 2012 1464 1395 1153 1541 811 1403 1717 1099 1793 
914: 2901 2846 592 338 
1051: 2901 143 2710 399 463 980 320 1757 1367 1008 
1100: 2901 2116 2794 
1302: 2901 2305 2959 1059 2246 2419 399 1770 825 854 548 458 2258 617 1014 2829 2386 2951 1896 2760 2961 736 1195 2023 2154 1928 1459 
1394: 2901 2419 399 398 1014 3075 15 1924 1928 1541 227 154 557 1211 
1426: 2901 324 2822 1255 2045 2290 2618 2673 2755 2932 2948 2949 3085 3157 1240 1774 1851 610 676 1746 2338 2356 2555 2809 2826 2856 783 1356 1836 741 1979 1980 2231 551 643 1883 2308 2464 364 1568 1740 2240 2486 2903 41 119 328 417 744 1101 1135 1367 1810 1629 2218 1464 1855 1994 1828 
1928: 2901 1059 2419 221 399 825 595 2258 398 1014 15 679 1042 1302 1394 657 2711 53 735 1948 2154 
2434: 2629 2800 1469 2472 463 1240 1133 232 2802 1975 1232 1380 574 2245 69 109 337 681 1931 2842 2668 
523: 2629 2625 2437 524 525 324 2472 434 2037 599 1176 2282 31 232 2285 2606 2608 2724 2869 32 276 607 653 663 1552 2228 296 355 528 1372 1563 1608 1757 1768 2043 2084 2224 2471 2518 895 2057 2209 1858 2243 2398 2611 2691 2722 2751 2764 2931 26 40 242 277 317 405 503 1944 1373 824 1022 1029 807 935 819 1165 584 738 1610 1614 
657: 2629 2045 1408 2246 2948 2 212 969 2028 2430 516 1143 271 2214 1237 2392 372 1879 1928 2247 2261 2280 2286 2315 2385 2394 2432 2520 2533 2656 2794 2825 2850 2889 321 520 871 972 1758 1801 1357 796 1371 1067 829 1216 
1613: 2629 2625 221 2253 1294 2162 634 2775 1821 331 2698 2539 2466 2428 2767 231 796 1067 1152 1931 2192 
2794: 2629 3142 1662 1239 2251 2714 350 775 1914 1949 959 2045 2213 2472 3011 3124 179 397 1015 1019 616 559 1133 2430 2485 2663 2795 2810 461 276 1552 2179 2439 65 335 499 1079 1134 1906 2522 1821 2574 3022 78 540 664 864 1466 1100 657 2863 2834 2255 2247 2520 127 135 229 263 323 346 385 761 790 796 1067 1281 1309 1419 1510 1537 1551 1584 1695 1732 1741 1865 1875 1912 2047 2103 2107 2155 2825 2918 2950 
277: 2625 523 40 2549 2576 
853: 2625 2959 3005 205 2822 2246 2855 3014 221 2724 2866 1671 976 2777 104 2288 2952 67 252 999 1012 2160 2194 1543 
1165: 2625 2959 1078 1318 959 221 1767 1538 3066 588 1563 523 3030 2278 807 1022 1209 1322 1323 1324 
1614: 2625 1176 2724 276 607 795 355 523 819 1022 141 
49: 2287 2346 1767 2452 29 1975 372 1690 1723 
119: 2287 2822 1255 1949 1950 2045 2290 2400 2618 2696 2755 2932 2948 2949 3085 3157 221 397 1774 1851 2034 874 876 610 616 2080 676 2090 1746 2333 2338 2356 2483 2555 2809 2826 92 783 1356 1836 2162 2202 15 2231 841 1115 2464 3126 71 364 423 1352 1852 1568 1740 1426 2817 2683 943 1171 1544 3015 3023 1754 2152 1018 1694 1819 
145: 2287 1255 2688 2696 2755 2932 221 463 1485 1463 595 1133 2323 2483 142 1163 1331 2478 3111 2046 1062 487 1588 2190 1609 1678 1502 2401 2526 2640 137 1152 1047 811 1510 833 347 
219: 2287 2822 2270 1330 548 1331 2683 90 1047 
600: 2287 1239 1252 1881 2291 2846 3115 1485 672 2447 2826 1331 1368 1682 867 2988 1870 3030 3041 748 621 1490 
811: 2287 1253 844 1409 1618 2561 3115 2 221 1976 1485 2540 289 2323 2628 460 879 881 1468 1818 2528 271 1799 499 551 1115 435 1479 2134 2175 440 145 498 1514 2020 2011 1138 2160 3030 1145 1156 1395 1403 1973 2012 2756 1220 2745 2765 47 109 137 141 656 1435 1328 
833: 2287 2148 145 60 137 2024 
1018: 2287 1255 1949 1950 2045 1117 2290 2400 2561 2618 2633 2696 2948 3011 43 397 463 745 2232 1330 1851 2034 1015 874 876 610 616 2080 676 1149 2090 1746 2338 2356 2483 2555 2809 2826 783 1040 1053 1331 1356 1590 2202 2702 3075 1453 988 344 1509 2464 3126 71 364 423 1352 1852 1568 119 477 2817 1514 1545 3102 535 1911 2012 1171 1544 2807 3015 3023 100 101 760 971 1000 1863 1754 1817 1819 1694 1328 1974 
1047: 2287 3142 1296 1409 1408 2688 1298 1851 874 876 2080 676 711 2118 2483 2555 2569 783 1040 1331 1356 2202 2478 2231 2951 2464 487 773 1588 2888 435 1295 145 219 596 2577 137 632 802 2022 1142 1543 
1171: 2287 1255 1949 1950 2045 2290 2400 2618 2696 2948 221 397 2010 1851 2017 2034 874 876 610 616 2080 676 2090 1746 2282 2338 2356 2483 2555 2809 2826 783 1356 2202 2285 2647 2464 3126 71 364 423 1352 1852 1568 119 1018 2817 2039 2581 2864 3015 365 598 1754 1541 1544 1819 1694 1837 
1514: 2287 2714 204 402 1252 1400 1469 1589 1408 2814 221 1123 1002 2282 2323 2566 2654 2837 801 873 1259 2285 2686 2869 32 167 413 468 626 728 1364 2120 1943 1970 1883 71 394 487 2096 2171 1208 2252 2574 2684 2175 1893 1609 2225 811 1018 2245 81 495 496 793 805 2326 2380 2520 2523 2891 3033 3050 3139 3140 11 133 209 273 328 379 520 570 615 699 732 823 862 981 991 1012 1082 1132 1137 1427 1446 1506 1810 1834 1855 1862 1895 1915 1995 2011 1801 2054 2085 2117 2137 2160 1665 1701 
1526: 2287 1411 543 3067 541 836 1095 1864 988 2228 2502 2504 2802 3111 361 453 547 2053 1438 1441 1812 187 1821 2518 594 1451 2264 2659 3151 8 35 40 120 476 735 1354 2206 1743 
1544: 2287 1255 1949 1950 2035 2045 2290 2400 2618 2696 2948 397 1851 1977 2034 874 876 610 616 2080 676 2090 1746 2282 2338 2356 2483 2555 2809 2826 618 783 1356 2202 2285 2686 1702 2361 2464 3126 71 364 423 773 1352 1852 1753 1568 2095 393 1870 119 1018 1171 2817 2634 3015 1754 1694 1819 
1553: 2287 1977 2235 2356 1704 15 2584 2980 2777 1232 133 721 
1694: 2287 2437 1255 1291 1949 1950 2045 2290 2400 2618 2696 2948 221 397 1240 2010 1298 1851 2034 874 876 610 616 2080 676 2090 1746 2338 2356 2483 2555 2809 2826 783 1356 2202 2686 3010 3093 2464 3126 71 364 423 1352 1852 1568 1870 119 1018 1171 1544 552 2817 2020 2160 2965 3015 365 598 1462 1754 1703 1819 
1754: 2287 2959 1255 1949 1950 2045 2290 2400 2618 2633 2696 2948 397 1851 2034 874 876 595 610 616 2080 676 2090 1746 2338 2356 2483 2555 2809 2826 588 783 1356 2202 2365 3010 2464 3126 71 364 423 1352 1852 1568 119 1018 1171 1544 1694 2817 231 3015 1732 1819 
1819: 2287 1255 1949 1950 2045 2290 2400 2618 2696 2948 397 1851 2034 874 876 610 616 2080 676 2090 1746 2338 2356 2483 2555 2809 2826 142 783 1331 1356 2202 1671 2464 2518 3126 71 364 423 1352 1852 1568 2392 2613 119 1018 1171 1544 1694 1754 2817 3015 395 
2173: 2287 2170 1453 2172 1072 2174 2736 562 1472 2169 2175 2020 2168 2322 1395 2807 2733 2798 299 1473 1913 2032 2197 
2301: 2287 783 988 1816 187 594 202 2185 704 763 1254 1677 1942 2178 2582 
2817: 2287 1255 1949 1950 2045 2290 2400 2618 2696 2948 397 2010 1851 2034 874 876 610 616 2080 676 2090 1746 1181 2338 2356 2483 2555 2809 2826 783 1356 2202 2686 2464 3126 71 364 423 1352 1852 1568 2190 119 1018 1171 1544 1694 1754 1819 2241 3015 
2840: 2287 2959 3005 1481 2519 2633 2710 3011 144 179 197 315 2010 1133 62 1206 2362 624 653 1979 2460 2713 2866 1134 647 2459 171 2549 716 1088 1420 1802 
2377: 2287 2959 3005 193 2270 105 107 221 333 745 746 1330 530 561 2452 29 2481 2483 783 15 17 1136 2231 426 1852 1568 1396 416 
2398: 2287 2270 2955 3096 221 450 2108 2017 530 610 2080 2090 2184 15 795 1085 1086 497 1568 2252 2254 455 1461 523 2326 2370 2394 1005 1308 2023 2070 2813 
2459: 2287 2346 2519 350 351 356 357 800 839 844 1469 578 1117 2142 2419 2513 2673 2835 3085 179 1770 1015 2064 2151 1164 1133 1421 2654 2663 241 516 1434 1827 261 413 1777 1086 2460 2713 575 1134 1640 1906 494 2190 2840 2244 2345 117 172 349 403 576 577 999 1220 1221 1278 1310 1433 1435 1490 1639 1824 1854 1920 3033 2476 3050 3132 2499 2834 2953 2624 
3009: 2287 1239 463 1015 595 232 461 1434 2748 2896 607 2897 99 549 2951 3126 2392 139 2057 2245 2128 2401 266 1220 1504 
3015: 2287 208 1255 1949 1950 2045 2290 2400 2618 2696 2932 2948 2955 43 212 397 1774 1851 2034 874 876 610 616 2080 670 676 711 2090 1746 2338 2356 2447 2483 2555 2809 2826 783 1356 1405 1719 2202 15 2464 3126 71 364 423 1352 1852 1568 119 1018 1171 1544 1694 1754 1819 2817 2370 110 
3030: 2287 2437 2443 1914 2406 3011 3070 646 2090 2967 228 1133 1421 2555 291 783 147 913 2375 2802 2806 149 471 1077 1134 2112 1821 1208 2252 2515 313 1566 1926 114 1678 1165 600 811 2539 1626 2637 580 2274 2514 2610 2656 2788 2798 2815 2860 2952 75 123 170 229 252 266 305 316 520 688 731 732 739 748 789 909 1068 1114 1121 1226 1260 1262 1283 1311 1314 1384 1535 1637 1747 1817 1876 1938 2012 2111 2199 
3059: 2287 310 1949 1117 2710 221 1292 2090 1421 226 1143 2231 2289 2359 2375 2806 2518 1924 1926 114 1609 1626 2274 862 2514 2656 3040 89 112 200 520 748 1132 1817 2199 
3140: 2287 2633 855 142 3128 494 1514 3074 100 
2336: 2593 559 1079 1764 1092 1374 829 1527 2815 
544: 2593 3145 1188 1078 447 1291 959 3096 2776 809 2365 494 2095 309 552 1052 2220 1200 884 
753: 2593 840 1400 1409 1408 2932 3080 3157 629 289 1133 1421 1181 2785 628 1836 1979 1980 2806 549 1134 1892 2471 309 1991 1594 2533 2345 231 862 1637 2432 2594 2760 1263 1801 1577 1744 984 
1004: 2593 1078 1297 1210 607 2201 3102 1639 2455 2056 1727 19 409 1152 
2023: 2593 2210 595 2856 2121 15 1799 3134 1302 2398 574 742 960 1711 
2973: 2305 3063 1078 710 959 479 806 1330 484 1538 29 228 2478 2267 1757 2243 935 1989 3077 3076 
793: 2305 1078 959 2444 3090 563 937 711 458 2832 2608 2601 13 487 1072 1208 2175 1514 2520 2117 2322 209 1137 206 2245 81 495 496 2523 2891 11 379 1862 1665 1551 805 1314 
337: 2305 3063 543 1078 479 855 1491 1538 1292 670 705 2268 87 541 1331 2267 2739 2740 2969 481 928 1077 1823 1906 1959 2043 2046 2269 2434 101 1071 2266 151 130 1638 
1075: 2305 1078 959 2267 3045 
2499: 2305 3063 543 1078 1767 1538 2528 3061 1095 1814 663 2267 2427 2596 2740 404 1619 1975 581 668 1726 2744 2459 884 1168 2015 
2015: 2305 543 1078 1770 595 2268 841 1892 1959 2499 130 
2279: 2305 1785 1078 959 
206: 2305 543 1078 2405 2670 2784 479 2232 458 2118 461 1733 2786 2365 471 2308 3126 3134 467 562 2503 3023 1689 2348 2020 495 793 805 2523 2891 1701 2152 
346: 2305 1078 1297 959 2406 2855 2932 2856 1465 1934 2226 1064 1671 71 164 1290 2352 2392 934 1479 1761 2794 1993 2373 3055 2900 151 1369 
490: 2305 3063 543 1078 
491: 2305 543 1078 959 2896 1404 2671 67 285 2199 1498 
507: 2305 2437 1785 543 1078 1253 1981 2213 2633 2835 2881 57 1240 646 1181 398 588 592 794 32 271 624 1979 1980 549 2224 647 1218 2211 1982 2771 1374 2668 2836 1758 
584: 2305 3162 1785 543 1078 2123 959 1538 1286 398 801 2608 2686 2869 147 1757 2471 1325 523 1954 1363 1795 1070 824 822 2496 
1052: 2305 1188 1078 447 2035 463 1298 232 462 2365 2460 494 2095 544 2681 1480 2220 
1091: 2305 543 1078 959 62 103 2334 
1139: 2305 1078 1297 1451 1452 3074 2446 3028 1217 
1144: 2305 543 1078 980 2323 1733 2156 2375 2225 656 
1229: 2305 3063 1785 1078 447 710 549 1757 
1437: 2305 2959 1253 1291 2955 43 359 1977 2282 1053 2027 2285 15 2504 361 1438 1441 2093 1671 393 817 1870 535 1005 872 1652 
1474: 2305 1078 959 179 399 289 1362 1887 
1699: 2305 543 1078 959 221 11 
1731: 2305 1785 1239 1117 1164 413 2596 1906 1978 1781 2100 180 779 926 2867 55 1985 
1751: 2305 447 2710 595 2452 232 586 3152 494 2518 2095 1595 2779 
2051: 2305 543 1078 959 1424 411 
2074: 2305 1078 2386 
2105: 2305 543 2104 2501 
2122: 2305 543 541 1064 1134 1615 1781 1310 534 
2778: 2305 3063 1785 543 1078 1961 2649 2636 
2340: 2305 2959 3142 543 1078 1981 2633 646 1013 2134 2649 2637 1550 
2538: 2305 3063 543 1078 204 959 2835 1098 2776 472 2296 446 2374 452 1666 1936 2836 
3050: 2305 3063 1785 543 1078 959 3014 3115 1176 289 2282 2555 2589 142 1917 2027 2285 2440 2724 1026 1062 2684 1232 1514 2459 880 1395 2602 2693 84 101 347 403 642 1577 2135 
3107: 2305 1078 959 2724 2819 1657 
2620: 2305 
2723: 2305 3063 1078 
2767: 2305 3005 543 1321 1078 2346 208 1296 1297 959 2465 2472 806 548 1698 2403 460 1294 2170 15 2289 2775 158 2172 1671 2392 3116 104 435 886 931 1479 1534 1613 2698 238 1156 1854 2126 244 2466 1220 891 2432 2889 2467 2549 2570 256 319 405 865 983 1224 1234 1272 1310 1365 1427 1548 1611 1905 1965 3131 
2245: 2437 3063 1785 1482 2251 1253 1291 1297 1334 844 848 2076 2213 2291 2405 2406 3090 399 1330 484 563 711 2118 2555 2607 2628 619 879 1014 2606 1979 1980 404 1054 487 1072 1445 1448 1208 2252 2613 2626 3022 139 435 540 931 1479 1896 2190 2434 1514 3009 1900 2128 1439 118 244 2020 98 793 1471 81 151 495 496 749 805 1559 1665 1941 2168 2211 2523 2649 2857 2619 2891 
1439: 2437 3142 1078 2142 2405 3011 2010 1098 2628 794 1040 2527 1054 1740 1208 2626 3022 540 1428 1479 1593 1451 2245 151 244 805 2256 3024 90 162 2020 1727 1855 
2265: 2437 1785 1078 959 1240 1767 980 588 2493 1125 2490 
209: 2437 3005 837 840 1481 1482 2561 2696 745 1976 530 563 1176 2540 460 1331 1917 2869 2226 1289 2564 3134 174 358 367 372 540 679 2201 114 1514 2397 1661 1993 793 589 2905 2345 2389 2135 67 510 512 1802 1324 
332: 2437 2959 3145 1662 208 1255 1117 2927 2955 1238 530 599 2080 1149 711 1181 2589 1840 2249 499 883 1906 2471 1289 2557 2743 534 1308 579 580 
342: 2437 2812 2959 1481 1400 1538 1002 3067 2099 809 1552 2511 110 2634 1912 632 340 1769 294 2707 
343: 2437 1078 2235 1927 2724 15 2590 294 3082 341 
436: 2437 2519 1589 221 463 2064 1292 232 320 461 462 15 1978 1753 2311 895 101 1090 1068 
446: 2437 2959 1767 595 472 618 2775 158 528 1385 1768 7 3084 2421 2538 456 2296 3021 
521: 2437 1990 
532: 2437 1253 2076 2291 2835 530 595 1478 3060 31 1979 1980 2596 643 1713 1768 433 435 1524 2824 27 3151 2524 2858 2882 30 341 1550 2191 
535: 2437 1785 1321 432 1239 2408 2400 2488 2561 2615 2618 2755 2846 3011 3085 3115 3157 2 107 197 221 1240 745 1767 1804 746 1330 825 1238 1424 1450 1021 1019 1803 530 1571 554 561 2097 2064 595 599 1130 1567 677 2452 2118 2258 2333 3119 3155 96 103 226 462 516 597 618 619 801 881 1214 1475 1590 1756 1800 1841 2162 2198 2702 2769 624 1933 988 1085 2179 2227 2249 2596 2897 841 1672 1764 1768 1906 1978 369 976 1151 1018 974 589 2255 2545 284 1437 2191 
580: 2437 3005 2519 1291 2615 2633 2835 2934 3085 1977 1133 3119 597 619 2478 3152 32 1979 1980 2249 1134 7 1821 3030 332 64 445 2743 534 1517 512 3121 319 1543 2119 
651: 2437 3063 1785 205 204 2246 3061 1095 1814 15 147 1781 546 931 1363 748 3034 
656: 2437 1321 1409 2835 1763 915 1998 1764 1768 1978 546 811 1144 2843 
716: 2437 2812 1767 1133 2706 3067 794 1434 3075 1979 1980 1134 1764 1768 1978 497 2840 2545 796 
731: 2437 854 855 1292 670 1214 1295 3030 101 1876 
936: 2437 484 2009 3045 1632 940 1392 
961: 2437 324 88 806 746 2151 228 232 1095 2748 607 953 2009 3010 1115 895 546 1310 489 2125 2649 2547 2877 1632 996 1392 2050 2002 
1022: 2437 719 2115 1608 2082 2084 668 1858 523 1165 1614 26 
1070: 2437 2959 3005 543 837 840 1481 1482 2123 2346 800 1117 2213 2400 2835 780 806 951 2075 646 973 1749 2660 31 1434 2608 32 2179 2775 2897 1816 1978 173 433 2411 1435 1220 168 2921 416 246 2211 2979 11 1038 2407 2885 584 2428 1531 2342 2344 2558 2707 19 282 1166 1074 1874 
1121: 2437 2959 2561 212 937 2534 1719 3030 2974 216 2020 2144 2325 1668 
1209: 2437 2835 1350 902 2534 2847 2608 1372 1385 1608 2992 1726 1094 1165 3077 658 2433 2376 2509 1399 
1248: 2437 2213 2400 3014 1767 29 1086 111 1764 1768 1978 2224 1870 2211 
1309: 2437 2123 356 357 1297 578 2142 2472 2948 83 179 484 1164 2460 2713 841 803 2794 974 2798 520 2799 172 2025 2394 68 1606 
1353: 2437 29 588 2227 2046 
1403: 2437 2812 2959 3162 524 1239 2408 1117 2290 2845 3011 3085 3115 397 2028 1019 670 711 289 1133 879 881 1053 1163 878 3120 1315 1799 1750 1560 1729 1924 1295 2134 440 811 231 2012 3102 1395 1828 520 2603 2987 2255 2921 2011 1793 1099 1213 2730 1817 
1412: 2437 2949 3035 2964 
1418: 2437 2246 2290 2444 559 1765 1331 1451 2117 857 1082 
1431: 2437 2472 1767 31 1764 1768 1978 1156 
1454: 2437 1253 2108 2807 1622 
1550: 2437 1785 1291 1518 2213 2405 3002 1336 1977 616 845 1434 1934 2162 276 499 997 1054 1713 1816 2951 1821 3022 297 367 433 435 864 1094 1593 1377 64 2340 1877 1435 1220 1433 532 1865 1067 151 2649 2160 2339 1923 1335 2922 19 124 385 1212 2103 1621 
1604: 2437 1785 2405 2846 1240 806 673 595 705 458 2118 1556 2769 15 1816 1906 2131 2172 2951 2626 3022 931 1472 2169 2190 1900 195 1159 2168 2160 1523 196 1236 2296 
1661: 2437 2213 3115 2075 1133 2099 115 1853 2705 2295 3013 72 116 209 1183 1905 
1711: 2437 2213 289 2023 2830 
1747: 2437 1078 2766 1981 2633 3090 1767 595 646 2118 2628 1214 1979 1980 13 1054 1064 2131 2951 647 1208 2626 3022 540 1609 3030 1900 3088 2543 1159 503 2020 700 151 805 2891 2843 1005 1982 2056 927 797 1216 
1931: 2437 2959 1785 2346 1318 2633 1176 1294 276 1979 1980 3128 1563 1768 1062 1455 2434 1613 2545 
1982: 2437 2959 205 1253 2291 2673 3002 3115 177 197 463 1015 2075 595 2204 711 719 289 232 461 462 597 1556 1756 156 2606 2695 15 2601 2897 499 727 1054 1713 1823 1978 455 654 1479 2134 2209 1455 1363 2126 1195 1545 507 644 1747 2649 591 2602 2320 1126 
1993: 2437 1785 837 1253 1407 1981 2142 2213 2472 2710 221 2010 673 601 96 1040 1468 2285 3068 634 933 2888 1853 3 2705 2032 161 162 1855 1793 2256 2307 2321 2757 66 106 209 346 385 735 955 1082 1440 1541 1591 1651 1784 2113 
2052: 2437 324 2213 619 416 
2191: 2437 432 1239 2213 2673 3115 3124 463 1238 1019 595 2452 1133 1181 232 461 462 597 2420 1979 1453 1980 2897 549 643 1134 1370 1768 2096 1781 3134 2057 2705 535 2578 1329 2858 532 2211 2961 456 
2222: 2437 1321 1078 324 710 1239 208 1390 959 2561 2618 3085 105 197 362 745 2010 1774 1350 2017 561 595 599 597 792 1053 1247 1756 1076 2226 2227 2802 2866 3093 932 2470 2474 1853 681 1068 1730 1379 2944 2551 1082 1483 
2600: 2437 1785 1078 2776 2856 472 2601 932 494 1575 51 
2799: 2437 2959 2443 352 356 357 839 1469 578 1117 2142 3011 595 1123 29 2420 261 1777 2289 2460 2806 499 841 1279 435 1466 1847 577 2012 880 2436 1793 2274 68 591 1309 1631 2025 2976 
2836: 2437 2959 1253 2076 640 2213 463 1767 806 1977 595 680 711 1749 2487 458 1133 2403 1885 335 1438 1563 1764 1768 1978 322 433 654 664 1332 903 1195 2538 507 2211 2711 989 245 1333 884 2610 
2456: 2437 2959 3005 193 1400 1981 2076 1767 1336 646 1133 1891 606 1764 1768 1978 581 546 2190 1855 2077 1200 756 
2936: 2437 1291 1767 825 2258 2607 794 1214 1312 1764 1768 1978 2758 1072 2515 467 1911 27 1681 90 1839 1923 502 796 
2735: 2437 2076 3106 497 1455 1363 789 1303 
2565: 2437 1409 2419 2472 2513 2710 2835 3085 463 1763 2452 29 1133 232 461 462 472 618 1998 2686 147 1368 1891 2214 2365 2427 551 1619 1764 1768 1969 1978 1924 1479 2175 880 27 814 995 3121 1802 1069 1796 1922 2668 2669 2611 
3099: 2437 912 1443 1684 937 2118 2323 873 1331 2896 1906 2712 266 2964 2788 2389 1997 
2595: 2437 3063 1749 3061 1095 1814 171 887 
3082: 2437 2203 2934 463 676 228 2754 2724 494 3084 309 110 1071 340 1250 343 2229 2645 537 294 884 1776 341 637 661 
3130: 2437 2959 221 2017 2060 2228 3127 1991 2551 
2496: 2437 1291 147 1363 584 
2668: 2437 2696 595 462 15 1943 1891 1054 1768 1969 1288 1295 2434 2565 53 1293 507 1592 3051 
2681: 2437 2087 1078 2833 208 1253 1316 1589 2213 2561 2615 2846 221 673 1164 1286 92 220 461 2202 2724 15 624 1933 2214 3012 2471 2095 309 1954 2581 577 391 1367 1855 2211 2863 1052 2135 686 457 3034 218 945 1996 
2759: 2437 1291 2213 429 561 1214 2294 2084 425 419 56 1965 3077 819 2211 995 58 61 113 573 
3013: 2437 2213 2773 1385 1978 1661 942 1962 
3019: 2437 356 1960 179 197 221 429 646 1468 2806 1064 511 1090 644 2648 2274 1748 415 
2763: 2437 1291 2213 1767 460 2724 1085 1764 1768 1978 2455 819 2211 1657 2757 866 1217 1651 
46: 2746 3005 1078 840 2519 204 1253 959 2291 2419 2673 463 2037 670 1765 2282 31 398 472 2099 2285 271 809 1969 7 122 1671 1740 2134 1462 2274 1242 385 1575 
621: 2746 3005 678 1078 1239 2846 2855 3115 463 670 672 2447 2654 2826 3156 232 398 619 1368 2294 426 841 1134 1888 867 2096 2515 2560 2988 3129 1870 2762 600 2345 748 81 2466 2422 1664 3121 418 1346 
2961: 2746 2959 205 2519 204 959 2213 2633 3002 1330 1015 1098 595 1181 1818 653 2179 2664 549 1563 777 1092 1302 511 1913 2858 1610 1041 1920 1486 1575 3051 2191 
416: 2800 2959 2408 356 775 1400 2142 1707 2472 2696 221 902 2118 2481 2569 2663 62 881 2420 2724 2249 2448 2957 3128 1155 1729 1593 1961 440 2377 2920 231 354 999 609 576 1645 2012 1395 1855 574 2921 449 1545 2011 1020 2264 2818 3021 3064 3104 26 34 135 186 254 373 612 1905 1153 2052 702 1167 1805 1446 1070 1957 1074 442 1348 2114 459 1324 1721 
2921: 2800 524 1239 2766 1253 844 1117 2472 2773 2808 3124 179 1240 2010 1019 554 2097 937 559 1002 2118 2323 2654 3106 226 879 881 1040 1841 878 2420 1339 1799 2156 2469 2897 1729 2992 1821 435 564 2762 440 2920 1490 577 2012 2964 2798 391 1395 574 2539 2255 449 2011 416 1403 1793 2495 2592 2729 121 170 180 189 258 510 1006 1070 1082 1307 1572 1905 2054 2135 3040 
802: 2800 2959 800 2970 429 1789 1176 31 461 2148 2724 529 1943 1825 528 1737 1816 1533 2351 393 508 1047 808 1029 819 2014 2838 2495 1322 1324 2152 1937 1348 2026 
1808: 2800 2959 283 2203 2710 15 1812 1094 2100 222 1776 1506 1956 
2020: 2812 3005 543 2123 204 1253 1291 1407 1409 1949 1981 1484 1518 2076 1408 2246 2291 2561 3090 3115 3157 37 212 315 479 806 746 1238 1424 2078 1015 595 1617 599 611 1087 937 719 458 1133 2118 2253 2258 2555 2809 3155 92 597 1465 1704 2157 2362 2616 17 276 542 913 1552 2249 2439 2740 13 499 2053 1441 1615 1823 2951 369 1062 3126 1705 2712 2716 2717 3110 393 433 540 654 679 931 1199 1593 1961 2057 2164 2453 811 1694 2173 2085 1942 2117 2322 2126 2543 1439 244 2743 2824 27 252 195 2651 2745 3139 2245 1941 2552 2602 2989 2998 100 206 245 300 589 700 1121 1203 1211 1242 1551 1747 1783 1815 1886 2004 2111 
576: 2812 524 2443 356 1050 1117 2246 3125 179 463 1181 2663 1434 2420 607 729 953 2312 2460 2713 575 1906 2574 1870 2459 354 999 3 330 1376 609 749 3042 3132 109 416 451 1886 1905 1786 1198 577 1362 
1320: 2812 2959 1400 2246 2472 2932 3115 434 1612 2776 1529 2282 2607 2285 2829 568 1062 2931 316 1135 2135 
2011: 2812 3162 524 1239 1117 2246 2290 2472 2808 3011 3115 43 397 2010 855 1443 2028 1019 1532 670 1210 705 711 289 1181 2323 2837 291 597 845 879 881 878 2198 2724 3120 1315 1799 1453 2115 1750 883 1729 1338 2311 440 811 1514 2920 2012 1395 1828 574 2603 2987 2255 2921 416 2745 11 1099 1153 1311 1403 1541 1793 2125 
1681: 2812 1482 82 775 1050 1117 179 1760 1538 719 2090 1002 2253 2282 291 815 2148 2896 3057 413 468 728 2591 2806 841 1279 1969 2992 1352 2252 433 1926 1870 2134 1218 114 1609 2286 2012 1637 1971 520 2274 2410 2449 2648 2682 2936 748 871 1670 1784 1939 
2012: 2812 2959 3162 283 1239 2076 1117 2472 2846 3014 3115 397 2010 673 1019 1176 670 711 1181 2323 2384 2837 2972 291 617 836 879 881 901 878 2198 2608 3120 2101 913 1315 1864 1799 1750 2361 1640 1729 2093 1011 1115 1821 1338 2311 2061 440 811 1018 3030 231 574 2603 2987 2539 449 2011 2255 416 1681 2533 2125 1099 1403 1793 1828 2364 2679 2745 2799 2921 53 170 681 686 790 960 1005 1637 1938 
2587: 2812 1117 1019 1692 
2648: 2812 2408 800 1770 1774 1765 291 1870 118 2659 808 1681 117 2857 3019 120 1169 
2805: 2812 2148 372 1166 748 1545 1660 
317: 2812 523 
819: 2812 1350 2724 607 795 528 523 1614 935 2722 26 1029 1471 166 438 2759 2310 2763 3007 603 802 1657 1811 1217 1857 1480 1107 
1166: 2812 1296 1117 595 1164 1746 2540 289 2481 2527 2897 1781 2875 512 926 1070 1622 2153 2805 456 
1447: 2812 840 1291 2855 2949 3014 463 595 611 1181 2837 59 462 628 1590 2748 2311 2990 2924 1795 977 688 1446 3133 200 1008 1849 
1687: 2812 2959 844 3125 780 2017 1617 1841 953 1410 549 173 647 1889 1362 1689 2070 545 
1688: 2812 2971 837 840 2035 1117 221 463 2080 2479 2589 232 2748 607 729 1970 1453 953 2009 1410 469 322 1568 2412 2280 2575 714 979 
1810: 2812 3142 1662 1252 1253 1589 2213 2835 2955 611 2654 2837 462 2062 2365 3093 99 2386 1883 1924 2095 1426 1514 823 857 2126 1104 1332 98 2624 1090 2393 2602 2669 3017 1069 1895 2166 1834 
2025: 2812 1400 1735 179 2487 380 2329 1891 2460 2713 841 1288 1580 2518 2311 425 3110 1961 114 1609 2799 170 180 2334 1309 97 919 831 2144 68 1787 
2193: 2812 2037 289 2654 241 461 3075 15 271 184 2712 1466 1396 2804 3042 255 1008 1572 2388 905 
2954: 2812 2673 
1690: 2940 3096 892 2300 331 49 1855 1369 1639 2644 48 1539 
230: 2940 618 619 2440 564 625 1308 1718 1395 620 2657 2708 2938 84 642 1605 911 
574: 2959 1239 350 352 356 357 1253 844 578 2142 2808 3115 333 1804 902 1015 554 1617 1478 1567 458 2628 461 588 592 597 2202 271 624 795 809 2226 2227 2550 2601 3111 335 353 499 1729 1812 2112 394 1852 1924 654 1593 1870 2190 1455 440 2434 2023 2920 2012 2241 920 1395 41 2824 2255 2854 2921 102 195 222 416 459 556 2011 615 925 1517 2181 1793 1420 1071 1404 1488 1362 
2603: 2959 356 357 1253 1707 2472 3011 3115 951 138 271 384 2983 2012 2241 1855 403 2260 2454 23 168 1313 1403 2011 2178 3161 2987 2631 
27: 2959 2519 356 1253 1334 1618 2213 2405 2835 3014 3124 1679 1019 595 461 592 1053 3152 288 2214 2897 361 549 1906 1978 1596 817 2581 1854 64 2565 2604 2974 2244 2260 2585 2630 2863 2936 2958 2963 534 1310 532 2020 1940 1865 470 
2128: 2959 3005 525 837 840 1481 2835 3096 399 1478 1908 705 2403 398 1014 1259 138 2957 1816 647 435 931 1479 1593 1896 3009 1900 2245 2824 323 1221 1263 1486 1874 1921 
2891: 2959 208 1296 1297 2835 3090 563 937 458 1054 487 1072 1208 1295 2190 1514 2520 2117 2322 1137 206 793 1747 2245 81 495 496 805 1665 2523 2779 11 379 831 1551 1862 
160: 2959 2246 2724 528 1029 162 939 796 163 1922 1859 506 
161: 2959 2246 1176 2724 2969 3111 3116 2225 1993 1029 166 1859 506 
162: 2959 2246 2724 1479 1993 1439 1159 1029 160 169 506 
166: 2959 2246 2724 1295 2924 1029 819 3007 2779 3008 161 3133 1859 1860 1161 506 
169: 2959 2246 2724 1029 162 506 
438: 2959 2246 429 1804 619 819 1866 2467 2526 669 1657 1480 1611 1008 1649 
449: 2959 2035 2246 221 1609 2012 2921 416 
493: 2959 840 204 1334 1117 2246 2405 221 1774 601 1529 2282 2728 881 1247 2285 2329 2724 2101 2228 1086 2312 2591 184 1016 2332 2470 2522 173 1361 2057 246 2284 2418 2424 2732 2931 102 465 1369 1889 877 752 1525 1135 699 1354 1834 1104 
537: 2959 1735 2246 2846 2754 841 3084 110 1250 1270 2530 3082 2986 294 338 389 637 1173 1776 
930: 2959 840 1253 1296 844 2246 1240 1617 2776 289 3155 226 588 1053 2786 3152 795 1425 841 122 297 433 1853 2965 2293 2407 236 903 1152 1038 
1182: 2959 678 2246 2710 221 1845 680 2452 699 1093 2779 
1359: 2959 2246 2513 177 745 780 554 1181 2441 712 1053 2329 889 1430 469 1115 867 2311 1362 172 1664 816 2001 1093 371 373 627 1009 1856 1773 
1884: 2959 324 1981 2246 2406 450 1015 641 646 1292 289 1133 232 2162 1979 1980 1237 1560 2470 322 903 101 2407 2858 2624 1957 
2259: 2959 412 1285 2619 
2261: 2959 289 657 625 816 483 2192 
2271: 2959 350 356 357 1253 844 1914 2142 177 221 595 599 2282 2333 2285 3152 15 261 2522 497 577 1020 1973 536 814 1343 2953 
2272: 2959 193 2363 
2275: 2959 481 180 
2283: 2959 1297 2932 2948 1770 1424 1149 2540 1002 1133 2847 2856 92 2724 764 643 1134 1287 2951 2888 323 649 748 1920 1937 2107 2882 
2335: 2959 1053 1072 2453 1473 2322 2798 1012 2111 
2358: 2959 432 1239 2045 2948 1015 2064 595 677 2728 59 2329 626 1086 2115 1825 2591 2609 1001 1906 2041 2470 2474 1131 1289 1540 1462 3088 1389 2885 2624 1963 824 2575 1992 1456 233 875 929 1135 1537 1773 1802 1842 1856 2854 
2397: 2959 1400 2561 221 2116 291 1475 2724 2365 2744 1664 209 
2401: 2959 1409 2949 397 1330 1851 1976 604 676 2356 2809 1331 145 3009 3023 
2412: 2959 840 1239 1253 799 1117 221 463 1336 1977 458 31 2724 1312 2601 1062 2712 139 435 1232 2411 1688 2612 
2415: 2959 2087 2896 233 2183 1527 3003 
2421: 2959 543 205 2408 204 1316 1469 1117 2419 2673 3125 179 463 1770 951 1476 1015 1019 595 2452 29 1133 2118 232 430 461 462 567 666 879 881 878 2148 3068 147 2267 2739 2957 158 643 645 1134 1372 1906 1959 435 679 1479 1487 2545 1971 2255 2296 170 180 446 649 739 927 1634 1985 2146 
2433: 2959 2076 463 1770 3106 232 461 462 588 3081 239 883 71 2190 1455 1363 2255 1209 747 
2455: 2959 2472 3090 1804 2097 1098 1567 3047 1468 2724 138 2550 1054 1134 2013 2171 1235 1593 2744 1004 2454 1793 1537 2414 700 1592 1236 503 2304 2431 16 188 381 858 1449 1547 1780 1860 1935 2180 2531 2458 2763 
2475: 2959 2080 841 
2498: 2959 2213 479 3106 1331 1288 1455 1293 1374 75 
2500: 2959 3063 2076 2540 2528 3061 1095 1814 2744 
2514: 2959 840 350 356 357 2142 362 1115 3030 3059 2698 231 805 2679 
2520: 2959 2822 2814 3157 397 1760 1901 1149 2430 1214 1465 1836 2724 1218 657 2794 1514 495 496 793 805 1665 2523 2891 2247 308 483 737 1677 2683 
2543: 2959 3142 1291 595 289 2628 302 879 2608 2601 1054 1740 1208 2626 540 1593 151 244 2020 589 90 112 1747 2473 3024 
2545: 2959 1785 710 1469 1981 640 2213 2406 2855 1767 1330 2037 595 1617 937 1734 2268 1133 462 712 1468 15 1933 2249 2460 2969 3127 549 643 928 1134 1372 1509 1563 1764 1768 1823 1978 2065 2134 2117 535 534 2421 665 716 884 1127 1366 1741 1817 1931 2578 3039 
2547: 2959 1098 1133 2897 1726 2206 636 961 2531 685 996 2050 
2559: 2959 1321 1297 799 2561 43 179 212 1298 1845 937 2447 1405 1733 2702 1312 1054 1062 1445 202 393 1232 1428 2411 1156 486 
2568: 2959 2246 2712 1738 3042 2068 2818 
2575: 2959 3085 463 2017 554 712 2748 2009 2179 2300 2470 898 2358 1688 736 1041 627 1842 150 
2578: 2959 1707 2419 2618 2835 595 2452 29 2333 433 2545 244 2544 245 2191 
2612: 2959 276 3048 139 1232 2412 2649 2423 217 1299 
2617: 2959 2116 1533 1946 536 2302 95 1200 1355 
2635: 2959 2246 2561 3085 37 1612 1238 1450 2116 599 1111 2728 2810 3053 3060 18 235 257 259 380 743 897 1247 1259 1468 1756 2121 2440 2928 167 542 626 1086 2512 85 964 2470 2474 1115 3102 1174 168 1420 1512 1159 826 918 1389 1531 1773 1915 2230 
2639: 2959 3005 825 2258 2607 15 111 366 2292 2392 1428 823 2780 1793 1012 2679 971 2649 2274 1267 2525 2130 1543 
2640: 2959 2472 29 2754 1899 1199 145 2135 
2646: 2959 
2683: 2959 1291 1408 2 397 228 2925 1934 2214 2897 296 2515 1094 1461 119 219 2520 266 417 2247 170 971 1260 2998 
2704: 2959 836 104 231 
2707: 2959 2346 1455 443 1070 1074 342 3074 706 
2725: 2959 2512 2838 
2734: 2959 2784 2232 1977 2848 
2764: 2959 1350 1040 15 1888 523 1910 
2768: 2959 2291 2405 2633 2855 179 399 1977 1617 937 289 2118 2253 226 1214 1934 2162 2512 2527 13 867 933 1072 1445 2352 564 934 1151 1654 2169 2705 1156 2168 2649 589 1551 1267 2422 709 1915 2771 
2771: 2959 2291 2561 1767 646 2204 719 2118 13 2951 1232 2190 2209 865 2458 507 2768 1523 
2774: 2959 1133 2924 814 
2782: 2959 461 715 714 1856 
2804: 2959 3032 2156 2736 2169 1678 1853 1473 3102 1502 2168 713 2193 
2828: 2959 
2830: 2959 289 461 889 3072 620 1711 
2831: 2959 1321 1291 221 2832 226 2190 1379 2894 
2865: 2959 1291 1424 1538 2116 257 1468 2601 2046 933 1753 2888 403 1404 2321 2445 452 1082 1402 1591 
2882: 2959 844 899 2076 2291 221 434 530 2116 1292 1421 2118 2847 785 1556 607 2375 1713 2951 1338 2613 2884 372 435 2283 2924 101 649 589 129 282 363 532 1228 1523 1714 2077 
2918: 2959 2794 
2931: 2959 1409 1424 876 1123 2425 1247 1756 626 1086 1702 964 1870 523 493 898 1320 2334 1703 1060 2047 3024 
2947: 2959 2251 1330 1548 
2952: 2959 1513 2452 29 841 114 853 3030 2824 270 2679 2825 
9: 2959 
10: 2959 2289 
19: 2959 193 2123 1291 780 1350 2097 1933 2897 964 1816 2470 1004 1795 1070 1038 1989 1082 1278 1550 1935 1725 1780 2531 2558 165 
56: 2959 3063 543 1078 710 1400 959 479 29 288 481 990 1193 1608 1017 2759 2998 2887 58 
64: 2959 2203 1291 1519 2291 2405 2406 2633 2670 2784 2835 434 479 1336 484 595 1478 504 2118 31 2285 2724 1933 1979 1980 2601 1713 2951 433 435 1199 27 2863 580 2580 2643 2824 2858 3151 1550 410 1874 
90: 2959 3115 825 854 670 705 2258 2607 2896 2758 1072 1448 2515 467 219 1911 2543 1439 2539 2671 2936 1923 285 1839 1346 
127: 2959 31 271 122 2794 1332 688 884 2422 998 
137: 2959 2408 208 1253 1255 2688 3011 212 221 463 874 595 29 92 462 1214 1331 1836 1453 3111 1062 394 487 773 1609 1678 145 811 833 1047 1854 2807 1152 1173 
171: 2959 1078 2400 179 450 2010 1021 2064 2258 2481 257 539 792 1045 1214 2849 2897 2626 367 2840 1379 170 180 2595 2861 1506 1082 
185: 2959 840 2618 2755 2949 611 672 2248 2435 2589 2810 3156 539 2623 2849 3036 3111 85 471 550 1358 1812 364 1448 2777 1219 2404 826 2374 2975 131 1776 972 
189: 2959 283 2766 212 484 1292 2157 2162 2623 728 1864 1453 2511 1155 527 1858 2581 1490 2965 1097 1828 2921 2016 1307 2166 
207: 2959 3090 1576 1617 458 1054 1593 2339 2137 2200 
214: 2959 1089 221 2350 
223: 2959 3063 2845 1927 1312 1979 1980 841 322 1290 931 1622 1043 
224: 2959 340 1786 465 
253: 2959 107 2728 3058 3155 257 259 712 1259 1756 2329 167 634 353 2470 2474 2522 1420 1537 2720 1401 877 248 752 2480 2793 2886 2975 1531 1871 
266: 2959 1409 1977 1520 1617 937 2235 2282 59 226 1704 2285 1062 1115 1740 3009 3030 2752 2965 244 2683 386 2594 3099 133 148 2054 796 437 826 451 
270: 2959 543 1078 2213 3002 2253 2250 1980 1821 2952 1626 2211 
305: 2959 2405 2472 179 1719 1042 3030 823 2022 2924 2277 2711 303 304 796 1575 1948 
307: 2959 221 2010 902 1453 2888 1396 1173 2187 
321: 2959 1078 2633 2948 276 1980 841 657 231 53 
338: 2959 1255 578 2400 2488 2561 3002 3125 107 450 745 902 1976 561 586 588 592 1742 2250 2769 653 1799 1453 2009 1136 2231 2209 914 577 474 991 1545 537 1773 
345: 2959 1518 1520 
349: 2959 1253 844 1469 2142 179 1485 2452 2967 29 794 1233 2459 498 1545 2407 900 2874 
378: 2959 
391: 2959 3142 1239 2822 1255 1589 2290 2400 2618 2710 2755 2814 2846 2912 2932 3115 105 107 197 221 267 315 333 422 463 745 1774 746 825 1238 902 484 2017 1019 530 561 595 610 2323 2485 2663 2925 3037 96 461 462 516 597 836 2006 2099 3120 271 741 1891 2294 2550 2584 551 1883 933 1924 2777 313 2225 823 2705 589 280 2921 2681 735 1771 1012 1159 1427 1446 1834 1030 776 
418: 2959 800 2072 621 
445: 2959 678 1239 1253 844 2142 2561 2846 3115 3124 1019 2097 595 1765 628 2006 2285 3152 1971 580 2022 1159 591 
459: 2959 1901 2037 1590 624 643 1563 681 574 416 1043 2963 
464: 2959 289 712 947 1856 896 
465: 2959 2754 2329 1086 2046 3084 110 493 340 316 1250 1786 224 637 
485: 2959 1176 1753 2994 2790 1189 2727 1902 
503: 2959 1297 1298 2724 2969 1737 1888 3116 1472 523 1452 2455 1937 2303 2331 2428 2757 2816 1944 1215 1747 
510: 2959 2123 595 209 2921 1272 
531: 2959 15 1315 1219 1216 1773 
534: 2959 3005 1785 1291 844 1981 1059 1707 2835 484 530 595 2080 705 2776 29 1002 1133 1421 2118 3067 3119 619 2702 15 624 1980 2249 2596 158 1823 1978 369 494 114 332 2545 2743 27 589 2544 3045 1038 2122 580 591 
565: 2959 29 1181 845 15 487 812 42 2524 1124 2217 
566: 2959 2776 316 877 
570: 2959 1050 399 1529 1014 1514 2255 
593: 2959 
625: 2959 1336 1111 2282 618 2285 1062 2508 2261 483 2657 2708 2938 84 230 249 620 865 642 911 1308 816 1718 1605 
627: 2959 712 2329 167 494 202 681 838 1359 2575 2413 2551 3083 1856 
632: 2959 554 1123 2080 1746 2184 2724 934 1047 365 1773 342 1173 2926 
638: 2959 2673 399 711 2323 1014 1781 1801 
659: 2959 2213 212 2651 2211 
688: 2959 3005 1481 463 611 2776 2447 2837 461 617 628 1095 1980 2294 2806 406 1563 2471 3030 3041 2705 2924 328 862 1447 1446 1973 127 2135 1849 
691: 2959 
708: 2959 1296 1297 3068 393 1398 2345 1935 831 918 
721: 2959 1239 1015 801 1553 1855 1270 1831 294 
742: 2959 2035 2356 2481 2809 15 2897 2023 2825 
744: 2959 1133 2856 1134 1426 
751: 2959 1785 1453 932 1396 2807 1173 2187 
756: 2959 3005 132 1297 3011 221 2017 2706 1434 1085 2453 2126 1220 1769 2692 2588 2456 
765: 2959 324 2057 1868 
778: 2959 193 1409 2108 1238 2170 1453 2172 2174 2169 2807 512 1110 2733 2975 
779: 2959 1117 1164 1731 1930 
804: 2959 
808: 2959 3005 1785 543 1297 800 1469 1518 1089 1117 1298 806 595 2540 2776 3037 541 2148 2623 138 2062 2493 2740 2802 2829 3010 3127 125 406 453 499 547 549 997 1064 1109 1125 1816 2084 581 1184 425 2021 114 2599 2126 118 2659 3077 120 1374 802 2648 117 3076 1752 2014 
813: 2959 1599 2161 2796 2551 2119 2000 
814: 2959 2443 357 2045 2116 2485 2663 1848 2300 2803 2175 2581 857 2271 571 2565 862 2669 2549 2774 2868 
824: 2959 3115 646 289 103 2294 2224 523 2358 2380 3133 506 584 1322 1055 1859 1860 1480 1610 1323 
827: 2959 
831: 2959 1253 1513 2618 2932 3085 315 1774 2485 1294 138 2504 550 3126 2736 2503 1376 2965 110 862 807 2891 129 2025 846 708 2395 1721 2114 
834: 2959 2513 780 554 289 3075 715 714 545 1856 371 373 
843: 2959 3005 356 357 1253 1297 844 1484 2142 2855 3011 399 463 1767 1298 1485 595 1133 2118 232 398 461 462 879 1014 2148 3152 2214 2806 335 1279 2579 2862 803 931 1479 2453 2085 571 1220 623 
862: 2959 2419 179 434 750 1770 2010 902 2090 2452 2776 29 2569 2837 2856 2925 1085 2775 2806 2897 1300 2386 1115 1924 1740 2392 1461 1479 309 1554 1514 3059 753 2581 231 823 2924 520 2539 1626 280 2533 814 2274 2679 2801 688 748 831 1686 1030 1333 1813 
896: 2959 1296 617 15 2154 884 464 955 
958: 2959 
972: 2959 15 2829 2134 657 185 
984: 2959 800 2540 232 472 15 494 753 474 1374 1842 
995: 2959 1291 2290 2846 2912 3115 107 333 1240 745 746 1238 902 1019 595 1111 711 461 1259 3120 624 741 1885 1745 1410 2292 393 1554 2924 2486 2565 2759 2495 1771 1837 1876 
1009: 2959 1362 991 1359 2793 
1025: 2959 2835 1576 2323 3022 367 540 615 
1033: 2959 644 
1035: 2959 2224 1666 
1043: 2959 1400 2472 2673 2835 2037 2724 32 488 459 2963 223 
1067: 2959 1078 1400 221 2017 2479 15 276 1237 2469 1816 1062 139 433 1870 2021 2134 657 1613 2794 238 2192 2825 407 1154 1550 2656 1357 1387 
1074: 2959 2123 2346 132 1291 1117 806 611 31 142 801 1434 32 276 1933 158 1096 1413 173 1288 1293 1435 1220 416 1517 1070 1038 2407 1784 2342 2344 2558 2707 282 509 1511 
1082: 2959 1078 1482 2123 1949 3115 780 1350 1532 1176 2776 3155 801 1053 607 2667 2897 964 1671 608 1479 2225 1514 2222 1993 2921 2865 875 1038 776 3007 171 1418 1369 3008 1780 19 2223 2558 2906 1142 
1084: 2959 1538 980 2856 528 
1103: 2959 839 1117 1002 2420 841 2920 
1110: 2959 1662 2405 2472 221 103 142 232 1781 622 1622 1545 789 1303 778 
1127: 2959 2472 806 2754 1933 1979 2596 2802 111 1563 1619 1975 668 1380 2545 1996 
1128: 2959 2472 2083 1556 2869 663 2897 1534 354 999 1317 1446 884 1189 
1137: 2959 1123 3100 15 1494 1046 1287 2319 1696 1396 1514 1440 1515 495 496 793 805 1665 2523 2891 2801 884 1862 
1138: 2959 221 1292 670 15 2249 369 811 2743 101 1511 
1147: 2959 3005 840 2688 2835 3085 221 2108 912 1424 1443 969 1684 2118 241 873 1475 2724 1453 3111 426 2471 1671 2862 2712 2057 1853 3088 1941 1395 2399 2146 
1157: 2959 728 2777 1856 
1158: 2959 2971 1239 1443 2621 712 1917 715 994 2622 1856 714 250 
1168: 2959 1078 447 1735 1538 1617 3042 2499 58 30 
1172: 2959 232 1672 1852 577 
1191: 2959 1117 1164 512 926 1622 
1195: 2959 1981 1117 2419 2633 2673 2835 1532 595 646 1164 1292 156 1979 1980 647 2453 1302 101 1982 2836 154 
1202: 2959 1239 1255 3115 3124 197 745 1424 1021 1019 554 595 1111 2253 2333 2566 92 235 597 987 1045 1259 1465 2769 542 1136 2740 1847 1963 
1211: 2959 2182 484 289 1002 2118 720 2605 1364 1425 406 755 1630 1394 2752 3102 1398 2834 620 1499 2020 154 1886 245 1572 1493 
1219: 2959 2203 2408 88 1255 1960 2142 2949 450 1240 484 601 676 2333 2479 0 62 155 619 794 2006 2616 988 2228 157 1563 1640 2224 322 494 202 313 477 2920 185 2070 545 620 2385 354 451 531 686 1264 1905 2022 1837 2110 1863 1773 
1220: 2959 840 2833 132 1269 844 959 1981 1513 1707 2633 3125 359 463 1240 1760 2010 806 2108 1977 484 2064 599 646 1908 1292 937 705 2776 29 289 458 1133 1181 980 2483 2728 241 430 461 1434 1556 156 2769 607 1552 1085 2460 2713 2775 932 1108 1134 1563 1682 1816 1975 1978 494 164 3016 931 1479 1870 2190 2209 2411 811 2459 3009 681 2767 843 903 252 1435 101 2624 2274 2276 2549 3078 3139 180 222 648 756 1070 1074 1194 1817 1905 1433 1962 1985 1543 1550 1575 2132 2183 1221 
1257: 2959 
1260: 2959 837 2403 1821 2190 1609 3030 2683 2863 
1262: 2959 837 2083 2569 845 1566 3030 2106 
1265: 2959 228 2832 142 302 460 1927 2112 2392 1467 2117 790 2357 2709 
1270: 2959 1291 2116 663 2590 1888 1235 1946 903 3079 2407 1153 95 537 2643 2820 2899 131 661 721 1909 1680 1957 
1272: 2959 3005 2346 2465 2855 2232 1698 2479 3066 1840 1934 1753 2174 2352 104 1593 2964 2767 3052 2467 1224 2466 2432 1611 510 1365 2570 
1293: 2959 1481 88 1253 1269 1296 1297 844 1407 1409 2688 2710 1298 806 29 2628 3152 15 2775 157 499 1115 1883 1288 2190 2508 1332 893 3026 1074 884 2760 2668 1159 2498 2658 2827 
1303: 2959 543 541 2802 1001 1064 2332 568 40 649 1110 2657 1541 2380 2735 2885 2418 2376 642 
1322: 2959 1330 1176 879 2294 2224 497 1888 1325 2225 1165 824 2645 802 1323 1324 
1343: 2959 2400 2618 2932 3157 1774 2430 2724 2271 1844 520 1159 689 311 
1369: 2959 1253 2213 2776 1181 2253 1040 2724 2312 2829 184 1079 1370 1682 698 1115 1690 493 2424 2743 316 346 1082 699 1935 2422 89 637 884 1366 1910 
1388: 2959 1002 232 2249 2224 1135 2743 2824 954 2838 
1398: 2959 82 2541 2934 1851 2356 2706 15 2897 1757 1289 1630 1971 903 1379 2745 708 3146 1069 1211 
1414: 2959 1133 1134 1169 
1462: 2959 2087 2561 3115 3124 144 177 1617 937 3066 226 1331 1468 2362 2606 32 1086 2591 77 184 2084 2470 494 1694 2525 46 2358 
1490: 2959 2766 1050 1117 1408 221 362 554 1315 2289 2053 1109 1906 1533 600 2459 498 2920 2100 2539 1991 2921 681 1659 189 718 1376 1429 1913 
1492: 2959 840 3096 937 1259 1840 2285 3100 15 1885 471 2065 1445 2888 331 1199 3097 920 2863 183 2753 58 998 1375 1730 
1504: 2959 1481 2213 2835 1885 1980 3009 
1506: 2959 283 1239 3115 3124 179 1238 1015 1019 142 2198 2420 3120 335 1906 1753 654 1094 1514 222 1808 171 771 1503 1956 
1511: 2959 854 1290 1074 1138 1668 
1521: 2959 29 
1527: 2959 800 2472 2776 1331 276 1596 2336 233 2415 3003 
1530: 2959 29 3148 
1539: 2959 1949 1950 2488 397 1760 2097 2116 677 1163 1934 3093 2862 1690 3033 2644 894 1995 
1541: 2959 356 357 578 2142 711 2330 879 2686 71 1352 1740 440 1394 1171 1993 2126 1395 2011 789 1303 
1564: 2959 358 2196 354 999 3041 2894 636 1068 
1569: 2959 2346 2519 204 1589 1117 559 2663 462 500 1943 157 1812 71 3110 367 252 1090 1543 735 1794 1668 
1605: 2959 618 619 625 1308 1718 620 2657 2708 2938 84 230 642 911 
1622: 2959 1469 1117 479 1164 1746 3156 430 794 1777 2740 1959 1533 2322 2743 2100 702 2367 512 926 1191 2672 223 456 1110 1166 1454 2153 2001 
1624: 2959 2837 2925 2985 99 296 366 187 73 309 823 81 2968 637 1274 2645 2658 431 
1633: 2959 271 3132 
1648: 2959 350 356 357 2142 2444 3090 1804 577 2117 2960 1429 669 
1685: 2959 429 309 2998 
1686: 2959 1409 2663 836 1115 2190 862 2054 2917 
1695: 2959 1076 643 1781 777 2794 
1701: 2959 2251 208 1334 471 1514 2345 967 206 1528 1811 
1712: 2959 839 429 1434 3128 1753 2539 1221 2030 
1721: 2959 897 2724 2084 2965 416 1965 1029 3007 699 831 3008 
1730: 2959 2076 3096 221 2017 226 1163 2285 3100 867 1445 331 1911 3097 2222 920 1492 1267 556 1145 2923 
1771: 2959 1253 221 1924 1479 391 995 940 885 
1773: 2959 1662 524 525 2035 434 780 554 3037 142 3068 653 1430 2179 3160 2920 1219 354 999 2358 1362 632 159 2635 1887 636 1359 338 531 
1793: 2959 3063 1239 292 1296 1297 1518 2290 2513 2670 2784 2808 2908 2909 2910 2911 2912 2913 2914 2915 2916 3115 3125 1240 780 1804 2232 825 1378 1424 1019 1571 554 1073 1567 973 2083 2258 2323 2607 0 588 879 881 878 2362 2420 2563 2606 2702 3120 288 1312 1799 1933 2179 2226 1745 2312 2550 883 1729 2043 1924 2171 1740 817 1428 440 2920 2012 1993 1395 574 2539 2799 2454 2255 2921 2011 1708 2125 2525 1099 1403 2455 2639 2679 2982 718 1114 1429 1887 2016 2130 
1795: 2959 1785 1078 844 959 2076 2213 2400 2452 29 3066 879 2608 529 2993 2077 584 1447 19 
1801: 2959 1117 2673 2773 599 2810 541 588 1247 2129 1980 184 499 546 817 657 1514 753 101 2138 638 1666 1366 884 456 2553 2861 870 
1813: 2959 1518 179 1520 2569 516 1295 2169 1875 520 862 748 2432 
1831: 2959 1318 450 2420 626 2590 2084 2838 1501 215 721 
1844: 2959 837 1774 1133 2282 2447 2481 2285 1979 976 1645 2705 1343 2299 385 
1861: 2959 1914 2213 221 458 1722 2190 1600 2211 
1862: 2959 1400 2330 302 455 2061 2175 1514 1137 793 81 495 496 805 1665 2523 2891 11 
1865: 2959 1296 1881 2076 1707 1298 2118 2794 27 2168 1550 
1867: 2959 
1889: 2959 840 2472 2776 2282 1053 3061 2285 1086 2312 841 2224 7 173 698 817 2599 493 2424 699 877 1417 1687 
1895: 2959 422 15 1883 1740 2684 1472 1514 823 1810 328 42 1834 
1903: 2959 357 646 29 618 619 783 2439 841 7 2269 231 2682 97 112 269 387 620 846 884 1796 
1909: 2959 1270 386 
1915: 2959 969 1532 1259 1468 1756 167 634 1646 85 2112 2474 1131 1514 2635 838 2768 2720 1963 732 1058 1060 
1938: 2959 1980 71 3030 2012 2924 
1939: 2959 1078 840 3014 179 463 2010 31 232 398 461 462 836 15 271 276 529 1933 184 122 393 443 53 1681 1626 42 
1940: 2959 2368 2927 3011 390 1336 2118 31 142 1331 15 1980 2556 841 2951 1821 1337 2252 3022 1479 27 
1942: 2959 177 901 15 2439 1540 1753 91 679 1870 2301 2020 2848 748 704 2602 2989 3101 1670 
1947: 2959 2116 2080 1002 3084 3079 2407 1250 1990 637 
1997: 2959 3099 
1999: 2959 2949 2235 3127 1119 
2016: 2959 3085 177 2037 1176 2323 2441 1053 1742 2724 1980 2550 698 1141 2171 2965 1793 1071 159 189 699 1375 2991 306 1118 1741 
2018: 2959 595 597 2616 2897 1062 1199 796 1817 1561 
2030: 2959 1117 2866 1712 1000 2872 2234 
2040: 2959 344 1769 
2044: 2959 2213 1767 1768 546 
2056: 2959 3005 283 2406 1424 563 2837 2608 2969 841 1054 1821 803 1199 1479 1593 1004 2126 739 1747 927 2843 2422 
2066: 2959 1390 1392 
2069: 2959 840 1478 2479 1479 1310 11 1486 884 
2098: 2959 1330 2452 29 1331 729 3023 
2109: 2959 497 
2111: 2959 1072 2736 1472 2453 3030 1473 2322 2032 1913 2798 1012 2020 589 2197 2004 2335 
2127: 2959 2519 1117 179 595 1292 2479 232 461 462 1331 1310 101 2379 264 
2144: 2959 2955 221 745 1976 18 897 915 1522 423 3134 1159 1169 1010 1121 2281 1616 2025 
2205: 2959 197 720 1006 1030 
2976: 2959 82 1252 1950 1117 1770 559 2162 1821 1376 577 880 2539 2799 180 718 1429 451 135 
2982: 2959 221 2748 288 898 1793 246 2334 1545 251 
3001: 2959 1241 658 
3046: 2959 1845 2329 1924 1855 1639 
3074: 2959 1589 1098 3106 2365 1455 3140 1139 2303 1244 2707 2517 674 
3094: 2959 1411 844 3011 197 221 595 471 497 564 2190 498 2698 681 623 354 835 
3101: 2959 221 267 1210 291 1927 2184 1942 1005 1922 1058 2813 
3102: 2959 1662 1291 2472 2846 43 1240 1186 629 937 2090 1002 2248 2479 2809 3032 0 31 516 1405 1475 1934 2006 2285 3068 3075 542 634 988 2094 1410 1764 2862 394 2392 817 1018 1004 1853 2085 2635 2804 2807 2877 2926 273 482 598 636 812 872 949 1211 1403 1449 1460 1502 
3133: 2959 324 2017 824 1324 1447 166 759 
3154: 2959 1078 2213 3093 2348 
3121: 2959 204 402 1291 844 1589 221 484 1133 2333 155 618 619 1014 1053 3152 271 1312 2739 645 1816 2021 244 2565 1310 621 580 2922 451 686 722 2229 
3139: 2959 221 3067 271 469 3006 1514 1220 478 3077 2020 962 885 
1856: 2971 840 1612 1111 639 712 2601 2470 2783 2358 1158 1359 627 834 2553 2782 464 1157 2195 
1362: 2971 524 525 1239 2408 1296 578 2513 3070 3125 780 1238 1789 2017 1015 554 2097 595 601 2441 3037 617 619 801 1827 156 3068 653 728 889 1430 1425 1885 2228 1825 2179 1410 2866 997 1816 1906 2224 1141 2392 817 576 574 2987 1359 2363 1664 1474 1784 1773 2844 3079 121 371 373 1009 1499 1687 1826 1470 
1738: 2971 639 1917 1013 2568 1456 2505 695 1008 
767: 2971 142 1374 766 
1545: 3005 837 840 1481 1482 1239 1291 1981 2213 2246 2472 2633 3115 315 479 1240 1238 563 1478 646 2776 289 2323 794 2724 1425 1979 1980 549 647 1018 511 349 2780 2990 416 1110 2211 2293 2492 2805 2982 3098 338 796 2070 1982 
2466: 3005 1411 837 840 1481 1482 2443 357 1253 1981 2142 2246 2465 2770 2846 57 1679 854 1021 1977 670 1698 2540 460 2148 2289 111 3116 931 1613 2126 2767 2634 1310 101 941 405 621 2923 256 2467 1224 1150 2369 2432 268 319 703 891 983 1272 1365 1611 2135 2570 2552 2889 3143 
2126: 3005 840 1481 1482 2443 356 1318 1960 1981 1484 2472 2513 2633 3096 43 57 399 746 854 1977 554 1478 646 2080 937 719 1002 2118 2282 2403 398 1014 1143 2285 3100 15 1312 1979 2062 1980 1816 2951 647 1883 2292 2392 931 1466 1479 2190 3097 2020 2466 2247 2491 2524 2743 2767 2825 2843 2889 3079 101 245 256 262 319 756 808 850 927 1124 1224 1365 1541 1810 1982 2056 
2552: 3005 840 1949 197 629 2118 2248 398 1282 15 1885 1086 1892 2351 2716 1898 1893 2787 2322 898 101 2020 589 245 2466 3143 2328 20 1173 1776 
1246: 3005 1078 2035 2881 2955 1350 29 472 2724 2249 2365 3012 3160 494 3110 1249 857 2990 2255 2610 93 1936 1572 
2843: 3005 283 1253 844 2142 2561 2784 2908 3080 3085 479 2010 1424 2837 1497 1980 2249 2957 2969 1054 1533 2712 104 1479 1593 2164 2126 1855 2255 739 1747 1154 927 2056 2422 106 656 3031 
2743: 3005 2408 1981 1117 2368 2444 2846 221 390 673 1015 530 672 289 1002 1133 3067 2198 15 1979 1825 2214 1980 2249 841 1615 1823 369 332 2126 2020 534 579 580 954 1038 1138 1301 1388 2580 2297 2554 1369 1622 3021 
1639: 3005 840 2955 197 267 1123 2482 1286 2253 1927 2869 361 606 2053 1287 2503 2459 1004 1854 1690 941 1824 2281 2315 2422 2788 2823 2838 2858 2883 3046 907 944 970 1041 1314 1664 
1551: 3005 1662 2213 2835 3090 563 595 719 458 2118 2258 92 2702 3152 1979 1980 2448 1615 1816 1072 2254 435 1428 2794 2322 1913 168 2497 1153 2020 793 1221 81 495 496 805 2523 2891 11 2636 2637 2768 2554 1606 1558 
2218: 3005 1482 2213 2479 2478 2871 104 435 931 2061 2411 1426 238 589 2263 245 1129 1250 1548 2135 
2274: 3005 1239 1291 899 559 2810 836 1979 1980 1740 367 2134 3030 3059 231 46 2345 2799 862 1220 1681 3104 3159 2639 38 386 1406 3019 
2432: 3005 2346 2465 57 221 1770 1698 2090 460 516 15 1979 2289 2775 1013 2172 494 1671 1740 657 753 2767 2924 1464 53 405 1145 2467 1224 2466 421 319 891 2533 188 294 1272 1365 1611 1813 2570 3131 2889 
2495: 3005 1662 1253 844 1589 1618 1408 221 2108 1015 1258 530 937 1201 2479 1053 1225 2478 3152 614 883 1671 3116 2190 443 713 2921 3055 995 802 1150 
2524: 3005 959 2213 1707 2472 1767 1133 472 588 156 614 624 1825 1980 239 2190 2126 2987 565 168 23 532 1962 966 968 
2765: 3005 840 1481 1291 2633 2673 3002 463 1679 646 1292 458 232 461 462 3057 15 1086 1781 435 811 2604 101 589 256 
2792: 3005 1482 1253 458 1002 785 15 2156 3035 2190 2225 1502 571 1637 2158 3033 81 2160 3031 2159 
2825: 3005 1513 2368 2633 2835 221 463 2010 484 1478 677 2967 289 1133 232 461 462 2748 624 2009 2550 932 1757 2065 2171 1740 895 657 2794 2126 571 1332 1367 2824 520 2952 3151 900 954 735 1038 1067 2636 943 2297 2428 2656 415 742 1758 
2858: 3005 1078 1291 1981 2213 2472 2633 2673 463 1763 780 1133 2479 232 461 462 1014 156 111 549 1134 1764 1768 1479 64 903 1639 2407 2211 1884 2624 532 1945 2720 2760 1957 236 456 644 1732 2191 2961 
25: 3005 1253 670 
60: 3005 837 1291 2955 2300 833 1708 2135 2024 
101: 3005 2766 88 356 357 1253 1297 844 1407 899 1960 2035 2142 2213 2368 2472 2633 2696 2710 2835 2846 2934 3157 43 221 390 463 1240 1298 806 1336 854 855 2017 2075 554 595 2151 1164 1292 670 672 705 711 1749 2540 29 2118 2333 2403 2447 87 232 461 516 743 1040 1556 1775 1934 2099 2928 138 413 1453 2512 2829 3093 125 643 841 1370 1816 2951 122 1821 1337 1338 1883 12 1625 1781 2351 3022 5 393 654 1094 1199 1232 2033 2134 1455 1018 2126 3050 1332 1782 244 53 903 2345 252 1884 2466 2552 1138 337 1220 3159 2882 699 891 1374 2379 436 1333 1456 3039 1543 2592 2765 2801 2827 8 227 1801 832 1905 1106 514 2127 1159 1195 2216 731 726 
245: 3005 1785 840 1297 844 2405 2835 3090 463 1298 806 854 563 937 458 1133 2118 15 276 499 549 1064 1134 1713 1906 435 931 1479 1593 2236 2126 2218 2824 2578 252 1824 2585 2020 2950 1941 2552 1242 2836 123 952 1211 
251: 3005 2045 3014 1430 233 1470 2982 2418 2542 254 966 
256: 3005 1662 837 840 1297 479 595 1746 2809 2856 863 1836 1453 2584 2775 2983 1046 1816 867 435 931 3 2126 2767 244 2466 2302 2765 
262: 3005 855 670 705 2126 983 
395: 3005 837 840 204 2633 50 197 595 96 597 1331 1453 2897 841 931 1870 1819 2807 
403: 3005 2444 2934 3011 1770 1015 595 1746 1765 31 220 794 2198 2869 3068 384 1339 1599 2460 2713 2897 3111 1906 2131 1924 1847 1870 2459 3050 2603 1440 2865 735 
713: 3005 1411 2513 806 2108 1258 2282 3032 2285 15 564 1961 681 2804 1973 2495 2679 66 
747: 3005 1481 1513 3115 315 463 1019 595 92 588 271 122 1870 1854 699 2671 2433 52 1910 
885: 3005 1785 2869 1979 2775 469 1071 3139 1771 
891: 3005 1785 2465 221 855 2017 1292 1698 2289 2190 2767 101 2467 1224 2466 319 2432 2889 1611 1365 
903: 3005 840 1239 2408 1253 1269 1981 1513 1117 2835 221 1015 1019 641 2204 289 2323 1979 2214 1980 2470 2392 1466 930 1398 1884 11 2407 2624 1220 2303 2836 2854 2858 101 582 1802 1270 1958 1342 1832 
927: 3005 563 803 1479 2126 2421 649 739 1747 2843 2422 2056 
983: 3005 837 840 1481 1482 1253 2770 854 982 2097 1836 1980 2775 1883 1609 2581 2767 2154 700 2068 2466 1365 2491 262 
999: 3005 840 1253 844 578 2290 1485 1111 2083 2282 2006 344 2082 1533 2392 1609 853 2459 498 2404 354 576 416 2085 3041 1068 2894 2070 182 330 941 1128 1564 1317 2001 1773 
1093: 3005 837 840 1481 1482 1253 289 1979 2312 2977 1764 2392 699 2703 1182 1359 
1200: 3005 3145 1188 432 1253 2561 221 2010 806 1977 2064 611 937 1749 3037 235 1979 1980 2493 2897 1016 1125 2095 544 1645 246 2617 3076 1427 2456 79 772 1974 
1205: 3005 840 205 208 1297 1816 
1224: 3005 1296 1297 2465 221 1021 646 1698 2118 226 460 1294 1344 2170 2775 158 2172 581 1671 3116 435 931 2190 2126 2767 838 2467 2466 891 2432 2889 1365 1272 1611 319 2570 3131 265 
1234: 3005 840 1253 1297 57 1770 1298 2090 2988 78 435 931 1797 1850 1870 2061 2767 2467 1923 2692 
1365: 3005 2465 548 1698 460 1294 15 2775 1671 2126 2767 1310 2302 2467 1224 2466 983 319 891 2432 2889 1611 1272 2570 3131 
1433: 3005 1318 2076 2213 2472 2010 2037 599 2151 973 1002 1133 3047 1434 1979 1980 2460 2713 643 1134 1978 931 1870 2190 2459 1435 1220 991 2407 2624 1664 2549 1550 1221 2473 502 1008 1498 1957 
1446: 3005 840 221 463 458 15 1980 2294 1821 1514 391 2924 416 1128 1447 688 
1486: 3005 837 840 854 670 1133 2403 931 2128 2558 2961 2069 
1611: 3005 1321 2346 2465 221 1698 460 1294 2775 2172 1671 1534 238 2767 1090 941 2467 1224 438 2466 319 891 2432 2889 1365 1272 2570 
1886: 3005 1078 2213 1240 289 842 2605 1364 2957 576 2807 2020 2038 1231 1211 
1919: 3005 2898 2400 422 142 1331 1453 2862 1396 620 1616 
1988: 3005 840 1481 179 29 2447 2518 2134 1455 443 2791 
2007: 3005 1291 599 937 1421 873 2584 1671 2777 1534 1512 
2119: 3005 3070 1238 1424 1146 322 813 1435 580 106 100 2551 2944 850 2877 1987 
3026: 3005 2291 2784 50 588 2184 15 1924 1678 1293 1213 
3097: 3005 840 1255 844 3096 1292 937 711 2282 226 1475 1733 2285 3100 1560 1445 331 238 2126 2923 920 1492 1502 1548 1730 
2211: 3063 1785 2123 2213 2291 2419 2673 2710 2835 3085 399 429 434 1240 1760 2010 1336 1350 973 2268 2403 398 472 1014 2099 2748 2226 77 727 994 1370 1713 895 2392 3016 139 433 1467 2057 2681 1283 1248 1070 1545 2858 2759 3045 270 507 2245 2296 2389 2645 2763 2836 2966 659 942 1008 1507 1779 1861 1962 2180 2191 
2339: 3063 1482 848 2621 2628 743 879 1979 453 1054 1208 2254 3022 297 393 540 1593 1000 2160 1550 1592 207 846 
2428: 3063 1291 1518 806 2075 1617 937 458 2118 226 2148 499 1013 2311 1761 1898 1613 520 1440 1070 503 2950 2825 2369 1068 1723 
2586: 3063 1785 543 1078 1239 463 1538 595 228 1133 232 461 462 1014 2739 1134 1619 1906 1975 2951 2585 763 
2772: 3063 3152 
2780: 3063 1078 840 2076 2846 611 1133 2282 31 398 2285 2606 2608 167 271 624 653 913 1979 344 366 1640 1816 7 1115 3016 3116 104 309 1545 2639 
2818: 3063 283 1390 15 1453 2009 1385 1924 2712 508 1609 416 1985 2296 2568 884 1392 
3008: 3063 2425 2724 3010 1643 1816 313 1082 763 166 3136 1107 1721 
3039: 3063 298 2835 2846 1015 672 2323 232 1753 2545 101 
3044: 3063 1785 543 1078 2739 1823 1392 
58: 3063 1078 710 1239 3124 479 484 1015 595 597 1331 2897 1959 2063 2884 1492 56 2759 1168 505 2887 
61: 3063 479 484 2083 990 1816 2651 2759 2152 
452: 3063 1318 1176 2969 2865 2538 51 
887: 3063 205 618 3061 1095 1814 170 2595 
1243: 3063 447 221 1538 595 1421 2267 2775 1193 1823 2645 
1317: 3063 2203 2346 350 1253 3115 221 595 1123 2080 2083 458 3152 1453 2289 931 1534 354 999 2807 2924 1973 2848 1068 1128 
1452: 3063 310 1078 212 479 29 289 1892 1821 1428 1451 2798 503 1139 1217 
1536: 3063 1785 543 1078 447 2740 3010 296 425 2744 
1936: 3063 1078 1133 472 2802 1975 494 679 1246 2538 51 572 
2038: 3063 3125 221 241 1840 3061 1095 1814 991 1886 2280 
2239: 3142 3096 144 1149 901 906 1475 2285 575 1509 477 498 552 1853 2698 
2510: 3142 1662 1981 2633 1979 1980 
2634: 3142 2246 2927 1123 619 614 2829 841 947 1961 1396 1544 1650 2649 2466 2379 265 342 882 1877 
2798: 3142 1662 1252 2472 179 1770 2118 2479 2925 879 881 2170 2606 2608 2724 1364 335 1287 2172 1072 2736 1472 2169 2175 508 2453 2173 3030 231 1473 2322 2032 1913 2539 2168 2921 386 1937 822 299 1012 2004 2111 2197 2335 2738 1309 1323 1324 1452 
2807: 3142 3145 1321 840 2408 208 1960 2472 2513 2696 2846 2855 3096 177 212 397 1770 1845 2108 1901 902 1015 530 2097 876 595 1617 1123 937 1716 289 2118 2282 2447 92 226 666 892 1053 1214 1590 1998 2285 2608 2686 2869 3075 3152 147 271 1312 1943 1453 2897 499 994 1013 1064 1906 2065 36 2308 2579 2862 487 2712 2988 1232 1428 1461 2208 2033 2190 2503 1396 2411 1018 2173 2085 2752 3102 1156 1715 98 486 2192 272 2733 137 249 334 395 417 482 598 723 751 778 1173 1317 1354 1454 1464 1875 1886 1958 2022 2187 
3052: 3142 1482 2346 2405 2118 2323 15 104 435 1654 805 2342 2344 2598 1272 1573 1591 
650: 3142 1662 179 2479 2706 588 1434 1899 2957 499 664 1847 2407 2022 
1152: 3142 1078 1253 844 2688 107 1015 1463 670 1421 142 1163 1331 1315 1899 2469 158 1757 1184 931 1858 1613 145 1004 930 2960 1480 137 2484 722 
1332: 3142 447 205 1253 1296 1297 800 1407 1409 1518 1707 1408 2710 2835 3014 806 1901 2075 1292 711 1749 2540 619 1014 1214 2148 2420 15 2294 2829 3123 3127 499 1385 581 1288 2392 3110 3116 5 2422 2557 2824 2825 2836 3122 101 109 127 620 1293 1634 1333 1810 1528 1958 1868 1811 
1376: 3142 1662 310 2443 356 357 1469 2142 362 1123 680 228 1002 2663 879 881 878 2420 15 261 1777 2806 575 841 1847 1490 880 576 577 571 2653 831 2976 
1395: 3142 1239 1949 2472 2808 3011 673 1424 1123 670 2776 289 2323 2479 2795 460 879 881 2006 878 1315 1750 353 883 1729 1906 1289 1306 1852 1533 202 564 1428 2190 440 811 2173 2920 1147 1308 3050 574 2857 2011 2255 416 1855 1099 2350 2657 2708 2730 2921 2938 84 230 642 652 911 1403 1541 1828 1464 2068 1793 
1782: 3142 3085 2628 2224 2888 104 538 2762 2924 893 520 101 2343 165 264 1135 1349 
1877: 3142 2213 2291 3025 719 2118 1979 1980 1816 1705 393 1199 2019 2634 805 2636 2637 1028 1548 1550 1558 2079 
2022: 3142 1662 221 2479 3075 653 1453 499 1540 2641 5 388 664 1047 1219 2807 445 650 305 
3021: 3145 324 205 1390 959 2419 672 1122 1133 2333 15 1891 2249 2601 549 727 1385 1757 2386 369 1115 2057 1858 2924 2743 416 410 446 75 448 1392 1632 1787 
2220: 3145 1298 1120 2101 2806 2095 1428 309 544 2679 1052 199 790 2357 2644 1503 
1483: 3162 283 2213 221 611 289 1247 1331 2769 2009 71 1487 1097 2222 130 
498: 1411 2203 1981 3011 1916 2420 15 2448 2806 3111 2574 664 2190 811 2239 2404 2581 2742 3094 231 349 354 443 999 974 2085 1490 
1853: 1411 840 1253 2076 479 2108 912 1443 2075 1617 1684 711 2282 2479 2555 2809 2832 3032 0 226 1475 1733 2285 2478 3152 1885 469 550 841 1978 1115 2579 2862 3126 773 867 1072 1445 1596 435 1472 1479 1534 2190 2239 2322 2698 2804 3102 3 681 930 1097 1147 1473 1629 1661 2032 2085 2222 1993 1913 
2698: 1411 1253 595 142 597 276 2951 331 2190 1613 2239 1853 2514 3094 2767 
244: 1411 1253 1296 1297 844 2368 2444 3011 57 390 463 1298 806 854 711 1133 2118 232 461 462 618 1053 3152 15 1979 1599 1980 111 551 1134 1615 1072 435 724 931 975 1295 2190 2032 266 758 2767 2543 1439 2245 2578 2923 2950 3121 101 620 256 252 2020 589 
1855: 1411 193 837 1481 82 1117 2291 2472 2835 3115 786 1485 1019 2064 1123 2268 2118 2795 96 155 516 666 845 1040 2724 2869 3152 138 1425 1979 2115 2249 2957 2980 1109 1640 2093 2224 494 1184 976 1290 3158 2392 2888 931 1479 1534 2503 508 1426 1514 2581 1645 2705 1993 1690 1525 2424 2326 1395 1439 2603 2987 2334 416 2315 2374 2382 2387 2422 2456 2602 2681 2729 2838 2843 2868 2906 2975 3046 34 45 117 303 340 456 475 717 721 763 941 1132 1153 1216 1313 1314 1371 1537 1547 2002 2223 
1911: 1411 2270 2291 2406 2010 825 1803 2075 711 2258 2607 2795 15 2249 2308 2758 594 1072 1740 2515 467 1678 1018 552 2293 2602 2715 2936 90 347 431 870 1730 1839 1923 2152 
2085: 1411 1321 844 2142 2615 434 2108 854 1977 1015 1617 2118 2282 2447 2479 226 1053 1475 1800 2285 2478 3075 3152 1453 2249 2294 426 547 369 1671 2579 2862 1072 2351 411 2190 1678 1514 498 1853 354 999 2020 577 3102 2807 2965 133 681 748 843 1150 1328 1502 
681: 1411 2353 2714 208 1589 3125 212 434 825 2108 1424 1977 1476 2064 711 1002 2258 2282 3119 618 712 785 1475 1733 1756 2198 2285 2695 3152 32 1933 2227 755 322 2579 2862 1691 2190 1554 2434 1853 2920 419 3094 231 2085 1490 2012 2326 2546 2576 28 30 66 154 210 456 459 514 627 1629 1502 1220 739 735 1531 1037 2222 960 2130 713 
1958: 1411 2710 2835 3075 15 1453 2308 2311 1396 2807 1332 2924 903 2345 1310 1187 2316 1173 1299 
1150: 1411 840 1316 844 2673 1770 1977 1765 1053 3152 138 841 1013 2579 2862 12 71 164 2392 104 931 1642 2190 2085 1502 1440 2963 2495 2466 835 790 
2054: 1411 840 2519 402 1252 1589 973 559 234 500 15 413 728 1777 1646 810 1563 1141 1778 1514 857 266 1104 1090 2921 1594 280 1068 2422 2788 807 858 1037 1056 1686 2199 
941: 1411 1618 1117 2855 1240 2075 628 271 999 1645 1855 1440 3132 2466 2637 1639 1611 
66: 1411 208 2108 2832 3037 461 618 471 754 724 681 1993 713 2729 
482: 1411 1977 599 3075 1453 2579 2862 1396 3102 2807 1173 
477: 1785 1253 775 2076 2400 315 479 1336 563 677 504 2118 2628 653 2227 2300 2511 2739 2740 1713 1978 2043 2951 2613 435 2744 1018 2239 2920 419 1900 511 1954 1219 
151: 1785 1253 1296 1297 2076 2291 2561 2814 2855 3090 197 434 1336 1977 563 1617 937 458 2118 226 1934 1980 2601 13 404 1054 2951 1671 2308 2352 3022 435 654 931 934 1593 1900 2543 1439 1114 3055 2900 337 346 700 1747 1216 2245 2838 379 805 1340 591 1550 
2306: 1785 1538 595 729 2775 1892 877 
2494: 1785 1078 959 228 1979 1980 1125 
2611: 1785 959 2213 1770 2010 806 2075 1749 980 3155 2608 2724 2869 1085 2739 2775 1563 1757 2471 1654 2057 2225 523 2565 1404 2610 
2651: 1785 2291 2472 3090 463 479 2010 806 2118 2628 2856 232 461 586 588 592 2227 1410 139 435 2411 520 2454 749 2020 589 700 2960 2354 2417 2458 2650 61 659 
2779: 1785 678 1949 2246 2710 212 1845 680 458 2338 2809 1356 2170 1279 1560 2172 1588 2174 2507 2924 2816 2168 2891 166 1182 1751 3040 
2791: 1785 677 2776 2775 1870 1988 
2875: 1785 543 839 1469 1117 430 413 1777 2596 2100 180 702 1162 926 2153 955 739 1166 
3086: 1785 1683 840 2076 2814 595 2601 2223 2147 
3150: 1785 543 932 1996 
26: 1785 1312 2957 528 549 1757 1946 523 416 279 819 1666 1387 1022 
40: 1785 1078 1538 595 29 2267 841 1608 1757 2224 2225 523 277 1526 1303 
76: 1785 1253 959 1330 1485 586 592 69 789 791 
180: 1785 82 132 839 2814 2855 3011 179 399 969 2540 2569 2925 2148 156 2362 413 624 764 2460 2596 2713 2897 2957 3128 643 841 1682 1892 412 1337 1888 433 3 2100 2421 1220 2921 2875 170 172 900 171 2275 2367 2874 2976 1824 1132 1162 916 274 926 1198 216 1587 318 702 1731 2025 
196: 1785 1291 2444 2846 2 673 595 705 2118 2384 2569 2769 15 499 1816 2131 1924 2783 3022 433 931 2190 1900 2117 512 726 2160 1604 2870 3112 
365: 1785 1321 197 221 228 783 1312 2231 3127 71 423 1852 393 1870 1171 1694 632 1572 2296 2841 1632 1392 1179 
368: 1785 959 
456: 1785 543 432 2618 2673 177 315 422 463 1240 1021 2064 595 1176 1749 2485 2566 232 461 462 1045 1468 2849 15 542 2897 157 643 1906 364 1924 1781 777 1850 1870 2744 508 681 1855 1801 1822 1622 1166 2858 318 1203 1256 446 2191 
589: 1785 840 2346 143 357 1253 1296 1297 844 899 1484 1518 2076 2142 1707 2246 2405 2406 2444 2633 2784 2855 3014 57 2232 806 1901 1015 1617 1478 937 2204 711 458 1133 1765 2118 2403 2628 1053 2608 1080 1013 1713 2951 173 594 1072 1568 2626 2716 2736 3035 104 297 367 435 564 931 1199 1295 1428 1467 1472 1479 1593 1961 2061 2175 1473 2322 535 2032 1913 2158 2543 391 209 2218 244 1310 534 195 556 1822 1012 299 2651 2882 2863 2020 1145 3033 81 2649 2160 2552 2765 2768 2905 3043 3091 6 347 1874 1973 1558 2111 2135 1162 2197 1203 
789: 1785 543 447 3106 541 842 2502 547 1064 1438 1441 1882 546 2269 1609 3030 1110 1665 1541 76 1748 2735 79 582 
898: 1785 524 959 1117 2755 2846 434 616 2282 2323 2285 2329 384 634 1364 1425 1453 2179 2365 3093 2518 3084 1396 1954 2863 2552 2407 1313 2575 2931 2982 877 1922 1983 
945: 1785 2087 959 1707 289 15 663 1453 1396 2762 2681 457 884 1996 
968: 1785 959 2524 966 254 
1160: 1785 479 1286 2740 1954 1167 1725 1562 
1577: 1785 980 753 3050 2594 
2138: 1785 2246 2444 1765 3067 2198 2983 1560 1451 2117 2154 1801 1154 2414 
2125: 1785 524 432 2123 2822 208 2472 2561 2932 3085 3115 463 1240 1760 745 746 855 1238 1021 1977 1015 2064 595 599 1111 2253 2258 2323 2333 2425 2485 2566 2810 3058 3066 103 226 461 588 597 618 879 881 1590 878 2606 2769 3120 1979 1085 3127 157 1729 1906 494 1847 440 2012 2255 2011 615 1793 2939 636 961 
1985: 1785 1316 1981 2673 484 646 680 2856 2420 643 645 781 1672 1757 2319 976 2322 2345 2421 1220 649 1731 2818 
2206: 1785 463 15 353 1288 1526 2547 
1900: 1662 837 1253 2076 2291 2368 2444 2618 2784 3090 390 806 1901 1576 563 719 458 2118 2555 2628 462 1214 2006 2478 3120 413 1979 1980 2601 499 841 1054 435 803 1472 1593 1847 2190 477 2245 151 2863 3017 196 379 591 925 1236 1517 1604 1747 1874 2200 2128 
658: 1662 710 298 2246 434 2037 1164 795 2739 3128 77 1209 3001 585 
1626: 1662 1291 2246 1123 2151 228 2384 783 2148 2806 2897 1461 1566 3030 3059 231 2924 520 2539 862 2679 2760 128 270 386 748 1579 1939 
2117: 1662 2251 1297 1334 2076 2246 2405 2406 2444 2561 2710 806 902 1015 595 1149 719 1002 2118 2566 2569 2621 2847 460 845 1247 2027 3075 15 1086 1816 1906 1740 202 435 1514 974 495 793 805 1665 2020 2523 2891 1418 2255 2545 2622 3055 195 196 872 1265 1379 1648 2138 
2451: 1662 82 350 351 356 357 1253 1914 578 2142 2770 179 2116 1133 261 353 1560 1645 1301 2953 1703 
2521: 1662 1296 2710 221 1210 398 1425 3116 433 1387 
2577: 1662 678 1078 204 1253 1484 2076 3085 1770 1774 874 676 458 1765 2706 2148 1899 2957 3116 433 1235 1047 
2741: 1662 2116 289 3010 
39: 1662 2116 2641 
109: 1662 2443 136 350 351 356 357 1291 1296 1297 1914 1518 1519 2142 595 2479 2139 261 276 2829 3128 335 353 499 1013 3110 3116 433 1847 2434 811 2581 576 577 1971 2964 1332 170 2953 2334 2863 2476 2889 1333 
170: 1662 82 839 844 1469 1117 3011 179 676 2540 2569 430 605 2897 65 1300 1682 1609 3030 2012 1875 2683 2421 2921 900 171 180 216 2025 702 109 1198 2874 887 916 172 
190: 1662 1297 3090 1576 2118 367 435 803 2200 
596: 1662 2251 350 356 357 1253 2142 2755 2845 3085 315 1851 937 677 2479 1053 1282 1434 2162 2869 261 2775 499 494 933 202 297 1151 1047 577 965 2953 
700: 1662 1078 1901 1977 1617 2118 226 1214 1434 1885 13 1054 1208 2252 2254 3022 372 540 2455 2651 2020 151 1747 983 
858: 1662 2776 2479 2832 138 2190 2209 1310 2054 2455 1449 502 
907: 1662 2561 1062 1199 1639 
1156: 1662 208 1253 1297 2855 221 397 806 563 1292 458 617 1475 1719 2702 1453 2352 433 934 811 2255 486 2768 2559 2767 2807 502 623 1431 
1162: 1662 844 2405 2561 315 479 1336 484 1019 595 1478 2118 1434 1934 1312 2460 2601 1906 2951 435 2322 2875 180 589 761 2548 998 
1221: 1662 1078 132 1269 1291 844 212 1977 973 3047 1434 2713 3128 1054 931 2459 2128 1435 1220 1712 2407 1433 1551 
1621: 1662 840 1297 2405 2835 221 504 2628 15 1979 1980 1550 2922 1335 
1875: 1662 2443 350 351 356 357 1400 1914 2142 3090 315 362 969 458 2479 2481 2706 2809 1331 1556 2285 261 499 841 1816 2712 3116 433 2208 114 2794 2807 2953 170 216 1758 1813 
577: 524 840 2443 1253 839 844 2045 1050 1117 1641 2246 2808 83 179 315 390 1240 1770 595 601 2151 2452 289 2663 2893 460 1775 1841 1916 2347 2724 2786 2228 2439 2460 335 575 1906 1924 2574 2190 2762 1678 2459 2920 2404 2085 3 330 1376 576 2987 2271 2462 2681 2796 2799 2921 2976 3042 3079 22 24 109 338 415 451 505 519 868 2145 1991 1172 1427 1648 596 1832 1351 722 
2642: 524 450 2776 1344 2198 239 2407 2624 733 2645 
1826: 524 2017 1410 1821 2392 2659 1362 
699: 524 543 2203 298 2927 390 289 1529 1979 2312 2647 2977 547 932 947 7 173 568 1924 2736 540 2057 1609 1514 493 1104 1889 2424 2824 101 48 1449 1182 1369 2284 287 2732 2016 747 1721 1093 1354 
2322: 525 837 840 2346 2714 2822 1253 1296 1297 1469 2246 2670 2784 2846 2855 197 2232 806 1977 1520 1803 563 1617 672 711 2118 2607 226 1053 1475 1827 2170 2769 1080 13 1013 1713 2172 2951 2579 1072 2736 3048 104 435 1295 1472 1797 2169 1879 2190 2175 2453 2173 1853 1473 495 496 793 805 1665 2020 2168 2523 2649 2891 589 299 347 556 1012 1145 1162 1517 1551 1622 1822 1913 1973 1985 2004 2032 2111 2135 2197 2798 2349 2552 2335 2756 
2551: 525 840 221 362 2485 59 1086 2866 1151 2222 813 2631 1664 1815 636 3130 627 2119 
327: 525 994 2263 2314 598 
1245: 525 1253 2291 221 1015 1019 561 937 289 801 1556 2724 2866 1906 2716 1324 2480 
1310: 525 543 710 1239 2353 2519 1253 1291 1390 1589 578 1089 2444 2465 2835 2846 3011 3115 3125 105 197 333 806 746 855 1021 1789 1019 530 2075 554 595 599 973 29 228 458 1133 1286 2447 2628 3066 96 541 588 597 1014 1259 1434 1756 156 2686 3068 3120 32 663 2228 1136 2179 2227 2300 2439 2550 2775 3010 184 547 997 1064 1134 1563 1757 1906 1978 122 2171 546 1455 1609 2459 1954 272 1525 2767 2299 2438 27 495 589 2466 11 1440 2316 2467 2981 3121 68 739 858 961 1187 2069 1328 1365 1958 2127 1802 1575 2122 1709 
74: 1683 2118 1425 2361 435 1593 
2883: 1683 447 2035 500 1090 3079 1639 48 2135 
2624: 283 1253 1269 1484 2472 2835 37 780 951 1015 554 1617 599 289 1133 226 232 879 1434 3068 138 1885 2115 1134 1768 1816 1978 2041 2470 7 3035 1428 1466 2459 1810 2358 903 1435 1220 2255 2854 991 3104 2407 1433 2858 1884 268 1342 1739 1957 2642 
2820: 283 202 1270 2594 2423 1548 
186: 283 2770 463 2776 416 875 2594 
557: 283 795 1453 1609 1394 
2834: 543 1255 1513 1117 2246 2955 825 1485 2006 15 1364 2460 2713 469 2093 1115 1568 275 2794 2459 2370 1211 
2367: 543 1296 1117 479 1164 1764 494 180 279 1622 926 1304 2153 
3038: 543 422 610 1529 1016 
318: 543 840 1297 2673 179 1298 2116 1617 2829 184 551 1079 2046 122 118 180 1366 456 971 89 1603 1281 
379: 543 1482 1291 221 1977 2017 1015 548 1617 670 937 2118 2403 2566 2628 226 462 1733 2769 499 1054 487 1705 1208 2613 2626 3022 139 174 367 372 433 435 540 2209 2201 1514 1900 1159 255 793 81 151 495 496 805 1665 2168 2523 2619 2891 1236 832 960 
1805: 543 416 
1392: 543 472 1095 469 727 1385 2131 546 1858 159 3044 936 365 2818 961 3137 3021 1667 375 134 181 1632 2066 
938: 543 
1017: 543 205 204 1291 1407 1409 1408 1240 1767 806 646 1292 2540 1133 226 1818 2748 2214 1279 1764 1295 2863 2525 1817 56 2194 
1634: 543 1253 839 1484 2835 179 855 670 672 1210 705 1133 15 3128 412 581 1781 1332 2421 11 
884: 543 2443 1707 2406 434 1424 604 2080 1210 2083 2384 2555 3106 92 856 2148 2721 2101 1745 2365 2556 2664 1077 1924 2888 3016 455 1451 544 2545 1379 1293 1903 556 3132 216 1801 1137 1128 2499 2836 3113 1369 2069 945 1008 2818 3082 2986 1992 1666 127 707 1772 1990 1204 896 1030 
1167: 543 1078 479 1767 1538 458 2267 2739 2740 2802 2803 643 2744 1377 416 1725 2571 1160 
1216: 543 1469 2045 1707 2561 3085 3157 1054 1397 931 657 1855 172 1114 1747 151 2185 2531 531 
2581: 2203 1078 2251 201 1253 1255 775 844 1400 2076 2472 2488 2855 2955 221 969 2017 677 29 458 2118 2795 2837 801 2148 2606 15 167 1085 2601 2713 3160 335 322 1184 1337 1726 12 394 527 2574 467 1479 2164 1554 1171 498 2539 27 1855 2277 2321 2388 80 109 189 227 231 363 814 823 862 929 983 1417 1420 1575 1579 2653 2681 
2924: 2203 310 447 1589 197 463 1845 1789 611 2837 103 220 461 666 783 2686 138 147 1933 1943 2294 2375 2584 2806 2897 158 406 1064 2464 1289 1924 2096 2311 2252 309 114 2225 2705 1782 849 3135 166 1626 2779 3021 2432 2505 2774 2882 305 323 410 437 688 862 995 1317 1446 1447 1817 1938 1958 2199 3042 
3027: 2203 800 2540 494 
3132: 2203 310 1078 447 2443 350 351 356 357 1914 959 578 2142 1641 362 646 228 289 2786 261 1237 2806 114 2459 576 880 2953 884 2390 941 1633 
1129: 2203 2776 1122 226 568 2218 1119 1666 2874 
1406: 2203 1529 2224 2274 
2649: 678 1321 432 837 840 1981 2506 2633 3002 3025 3070 37 105 806 825 854 1111 646 937 719 2235 2118 2258 2607 92 460 586 588 592 897 2088 2148 15 1979 2115 1980 1745 2591 2172 647 1072 1588 1740 1705 3048 91 435 931 1428 1467 1696 1896 1761 2164 2175 2322 2340 2634 168 812 2778 2245 749 2302 2423 2525 2612 2636 2637 2639 589 790 961 1401 1550 1982 2130 2197 2768 
1449: 678 1078 1297 2955 711 96 2724 795 1016 3102 2455 1373 699 1236 1727 858 1118 1371 1375 2150 
328: 1188 2519 1252 1253 2561 982 629 973 2654 462 413 728 809 1966 2226 2584 3093 883 1883 2518 2096 2684 1426 1514 857 2326 42 128 688 2689 3017 1895 371 
53: 193 324 1297 3080 212 2064 1292 670 472 1294 1848 138 2214 1046 1109 2392 174 975 2201 1928 2012 748 2432 520 101 2668 3034 415 2149 1547 1194 818 321 1939 1736 
908: 193 787 917 
1480: 193 1297 1589 2633 2879 3056 1240 1298 825 2017 1019 599 2118 1468 2724 2227 2951 1325 393 1870 2411 1152 1595 824 1029 819 2960 1052 1375 438 1723 2382 986 1217 1371 
2316: 2087 1321 356 357 800 2142 2710 3115 179 197 362 1238 1617 937 226 1756 1800 15 988 353 2404 1650 2964 1310 1333 2389 1958 
2399: 2087 794 2896 1147 603 
1114: 2087 1078 1981 2472 2710 2927 362 463 563 2776 2621 461 624 1933 494 1781 1847 3030 2622 1793 151 1575 1216 
1363: 2087 1078 1981 2633 902 1098 1617 646 588 2686 147 1979 1146 1980 575 647 2783 651 2433 38 1982 584 2496 2735 375 660 
1575: 2087 205 2346 2766 1296 2368 3085 221 2010 2540 226 472 2748 2009 2179 1619 1757 1823 3016 2581 46 1310 1435 1220 474 305 1114 2600 363 2961 
2788: 1321 1253 1015 937 1568 3030 1639 2054 3099 1631 133 
194: 1321 1239 844 2290 1851 1977 611 676 677 1014 1053 1836 990 1740 703 2152 
272: 1321 1078 840 204 1291 1390 2368 2419 2561 2710 2755 3115 390 463 1336 484 1015 1538 670 937 2776 1181 2282 461 541 783 2148 2285 2420 2724 271 1885 2231 3128 841 883 1640 1816 1978 2224 2951 173 497 1062 1115 2579 1445 3048 1444 2807 2987 2263 2674 3003 172 620 1310 
448: 1321 2822 1255 1296 2400 2561 2955 105 333 745 786 746 1851 1976 530 1746 2776 2253 472 597 783 1247 1086 494 3021 240 
569: 1321 2561 1617 670 937 2832 1040 1312 3123 3023 1715 1281 
748: 1321 324 1239 1291 1409 2561 2784 2846 3011 3115 107 179 267 422 745 2010 1424 1976 1019 530 610 672 2118 2447 2826 836 2896 1368 1062 1115 1671 2308 867 1778 1533 2613 2888 2945 2988 3129 393 679 1428 1850 1870 600 3030 3059 231 2085 1942 2283 1854 53 2539 862 1681 1626 651 2436 280 2533 2192 1005 386 2671 2805 621 2137 1670 1355 1813 1510 2114 
1276: 1321 2400 2561 2755 3085 105 107 333 397 745 786 746 1330 530 561 1136 1141 
1277: 1321 2561 
1755: 1321 1176 1106 286 400 401 1623 
1379: 1321 324 840 1239 208 1390 2076 1117 2561 2618 3085 105 197 745 2010 1774 746 2017 561 595 599 1176 711 2540 2323 2628 2754 461 516 597 1247 1756 1840 2724 3152 15 1076 2226 2227 2829 469 499 549 2470 2474 322 2308 1289 1924 1858 2117 2222 1398 392 1725 11 171 2831 884 
1512: 1321 1117 221 1240 1760 3060 424 2129 1115 2635 3055 2007 
2160: 1321 840 2251 1291 1334 2076 2291 2405 2406 3085 212 616 937 711 458 2356 92 881 1247 1465 2202 15 1425 1970 2156 2174 2252 2254 435 2190 2225 853 811 1514 1694 2158 2255 1071 3033 81 2792 2159 589 2339 3149 196 360 1068 1550 1604 
1715: 1321 2045 2246 3085 2075 1617 1123 1176 2268 2258 2832 3156 1040 1590 1312 1453 2983 810 1509 2807 569 
2987: 432 2443 82 201 208 352 356 357 2142 1707 2472 3115 177 315 1015 2064 599 3058 881 1040 261 271 384 1799 2980 2983 353 440 577 2012 2241 272 1855 2603 2497 2524 2631 2953 23 168 1153 1313 1362 1403 2011 2059 2178 
168: 432 2677 2755 3115 177 197 315 1015 1176 3058 1434 2329 2724 384 2312 2980 1643 1600 1104 2603 2987 2649 2635 1551 1717 2497 877 23 2524 2554 2631 1543 282 1070 1493 
585: 432 959 1552 847 658 2414 2480 955 2008 
2100: 310 839 1513 1050 578 221 362 15 2190 1490 2241 2875 180 258 702 1622 1731 1808 1930 
2679: 310 1078 799 1400 1589 2673 2710 1804 1803 289 783 2724 147 607 2231 2294 1062 1883 2518 1740 309 2012 823 713 2514 2952 862 1793 1626 1012 2639 2645 1817 2220 
2244: 1078 1469 1117 2459 27 
2484: 1078 1152 2838 
2594: 1078 1770 1765 1364 753 266 2363 186 1577 2820 
2752: 1078 840 1519 1117 2213 2472 2784 2908 2232 289 2323 720 156 2605 3075 1364 1885 469 1757 647 1011 1115 933 1151 552 266 2807 998 1211 2150 
2824: 1078 1296 1297 2835 3002 463 854 1478 1133 2403 232 461 462 588 619 1979 2214 1980 1134 1757 2392 2057 2508 2128 64 1332 2903 574 2020 954 1038 1388 699 532 2674 2297 245 2825 2952 
2900: 1078 1253 2076 2406 2633 2855 197 719 2157 614 1978 1671 2352 2888 78 388 934 2061 2164 2373 151 1068 346 1340 2369 2602 553 1242 
2960: 1078 1253 899 2076 2291 2776 1133 1556 2227 139 864 1879 1152 2651 1989 986 1480 1648 
3045: 1078 1481 1296 1618 2213 399 463 1485 1538 31 398 1014 2148 271 624 1980 184 122 1883 393 1870 2190 534 2211 1075 936 940 476 725 
28: 1078 959 2826 666 2027 2208 681 
69: 1078 1176 458 1247 1294 1563 1455 2434 726 76 791 
97: 1078 1469 3014 197 645 1903 739 623 2025 
98: 1078 1296 1330 1331 3075 1453 2807 1810 2245 
102: 1078 356 1240 1133 2601 1134 2225 493 574 2302 
154: 1078 2076 1238 1164 156 2721 1554 1394 681 1195 227 1346 760 1211 
175: 1078 
191: 1078 
255: 1078 50 2193 379 217 
273: 1078 2710 484 1538 2282 31 461 2148 2285 653 809 1816 2386 497 1289 2292 1514 3102 3103 1383 2990 2994 
279: 1078 617 2267 2739 231 2367 26 
363: 1078 840 357 1253 844 595 2452 458 31 398 2148 271 184 1975 1978 1883 12 2072 372 1479 2581 1301 2882 1575 971 
514: 1078 2561 1292 663 681 101 2429 240 
520: 1078 1297 1400 2633 2932 2934 2948 3157 179 397 2010 1298 629 1908 559 2090 458 1421 2856 291 1331 2214 1980 2667 2806 2951 1821 2515 2652 3116 139 367 1461 1896 1926 2134 309 2411 1609 657 1514 3030 3059 1782 1367 53 1626 280 1681 2533 1403 2314 1343 862 2889 2651 2825 2428 2394 2656 2930 326 421 1309 1758 1813 1357 
644: 1078 2419 2835 221 806 1336 2017 595 1617 611 1002 2099 115 1764 1978 2134 2858 3019 1982 1033 
694: 1078 1296 398 271 
733: 1078 1176 2969 2642 
971: 1078 3115 43 2010 484 1002 1259 271 406 499 1275 1978 1062 12 1018 3023 2683 318 363 2639 598 1769 
1041: 1078 447 1927 1639 2575 2961 
1069: 1078 1291 2835 3014 221 463 2540 1133 232 461 462 1331 15 1810 1398 2565 42 977 1374 2557 2393 
1071: 1078 2251 1296 1881 2472 1021 1176 289 2479 2802 2797 487 2190 574 3082 337 636 693 885 2016 2160 1440 1323 
1099: 1078 447 837 1253 799 844 1050 2444 2808 1336 1015 595 1002 1286 2118 3060 241 472 879 881 878 2702 1315 1799 1425 1750 550 643 1729 2951 931 440 2012 1395 2255 2011 1793 1403 790 905 960 
1112: 1078 2955 3125 434 1053 2957 2470 2474 1115 
1278: 1078 2123 2459 877 2662 19 
1314: 1078 800 2419 2444 398 271 1821 1870 3030 1855 1639 793 
1367: 1078 1960 2618 559 2534 1980 2267 2802 1064 1764 2063 425 114 1451 1051 1426 2636 2637 2303 2681 2825 51 520 1920 
1422: 1078 315 2888 
1456: 1078 1949 434 1770 1612 2064 1292 1765 2323 2441 257 2724 1885 481 2404 2358 101 1738 1769 
1470: 1078 1176 1800 2009 2448 2053 1362 251 2542 2729 
1471: 1078 1297 2118 2442 819 2245 2380 2417 
1516: 1078 15 2249 1682 
1594: 1078 447 2633 179 1770 291 15 276 2095 309 753 2054 2247 2968 
1603: 1078 434 2776 1133 158 1380 318 
1664: 1078 324 1482 1981 2291 2513 2835 780 554 1111 2441 626 889 1430 322 358 2397 2854 1362 1639 1433 736 875 621 1359 2551 371 373 414 636 
1708: 1078 1117 221 2017 289 1181 1011 1554 1793 2247 2745 60 922 2140 1709 
1866: 1078 1253 2647 316 438 2426 1236 2526 3071 1904 
2031: 1078 1560 358 2161 636 
2102: 1078 499 
2107: 1078 2744 2794 2283 
2223: 1078 795 1016 2471 1855 1703 1082 1106 3086 
2963: 447 800 2037 559 2540 226 1563 1906 36 2061 27 459 1043 1973 2070 1150 2194 
84: 447 618 619 2957 1740 564 622 625 1308 1718 3050 1395 620 2657 2708 2938 230 642 911 1605 
1498: 447 2035 3105 179 2776 2896 288 1896 1609 2659 1404 410 1433 491 2194 67 2671 2675 285 2680 2067 2199 
770: 447 1015 1906 1115 1740 
3: 324 82 350 351 356 357 1253 1291 1296 1297 800 1914 1117 2142 2246 2561 2618 1298 951 1123 472 783 1053 261 653 2226 2289 2300 2460 2713 353 575 1115 1338 1778 1740 2311 1479 1870 1853 880 2539 118 2659 2745 117 718 256 1429 180 576 577 1993 
2299: 324 1253 1255 844 2472 2561 1123 458 2481 1284 3152 2214 2289 841 1534 1844 1301 1273 1310 
2490: 324 806 2660 2775 2969 1125 2265 
3034: 324 357 1253 1291 2444 1240 780 1424 2896 2951 1821 1753 2402 2888 2681 53 1435 829 2077 651 106 371 421 598 1647 
11: 324 840 2346 2408 2766 88 844 2076 2368 2444 2835 221 390 855 595 670 705 711 2628 398 2849 529 626 1979 2249 13 99 841 1279 1682 2951 369 1821 1337 2758 2392 5 202 654 1472 1696 1879 2033 1514 1379 903 1310 2011 615 1634 718 1880 1070 2669 2994 1806 793 1699 81 495 496 805 1665 2523 2891 2342 1995 1551 2069 1862 832 1857 598 
451: 324 2443 350 351 356 357 1914 578 2142 2210 1707 2561 746 595 458 618 619 261 1825 2227 2897 1219 576 577 266 2976 620 2953 3121 1817 165 264 630 
1971: 710 1253 2246 2406 179 806 484 2083 2282 2323 1836 2088 2285 413 990 1757 3110 3116 445 758 2334 2421 2745 2917 109 222 998 1301 1328 1398 1681 1802 2194 2152 
2296: 710 800 2213 1767 806 1952 1122 2775 158 1768 2131 7 1924 488 2421 2538 2211 1604 365 446 1667 2818 
2321: 710 2904 595 639 815 3160 2581 1993 1579 2865 1992 1784 2383 
2422: 710 1316 1981 2835 390 1789 2776 289 1702 2227 2267 643 645 494 647 455 114 1332 1855 172 649 739 1639 2054 621 2768 927 2056 2843 1369 127 877 
130: 710 2447 87 1372 1757 1959 1380 337 2015 2692 1483 
242: 710 2561 1617 2540 472 2829 932 1341 1563 1608 523 51 
2395: 837 1111 289 607 831 
222: 837 840 2618 670 289 430 3075 1453 2179 2596 335 1924 372 562 1094 1396 1971 574 1220 392 556 1506 2187 1503 1808 1956 
1772: 837 562 884 
1263: 837 1253 1981 1485 619 2478 3152 1821 1753 1199 753 2128 1374 360 1271 
805: 840 1482 2346 1253 844 3090 1576 563 937 711 289 458 2118 462 3152 1979 1980 2601 13 1054 2172 487 1072 1208 2392 104 1199 1593 1879 2190 2175 1514 2520 2117 2322 2514 3052 1439 1877 1880 1137 2863 206 793 1747 2245 81 151 495 496 2523 2891 11 379 1242 1862 1665 1591 2197 1551 1878 2004 
2168: 840 1482 1463 2170 841 1816 2172 1072 2174 2613 2736 654 1428 1472 2169 2173 1473 2322 2032 1913 2804 2798 299 1865 2245 2733 2768 2779 2894 379 1242 1604 2197 
246: 840 1117 2246 2472 434 1176 1870 493 2694 2979 2982 1887 1200 1070 
474: 840 1117 2246 434 241 156 239 494 1115 338 1575 984 
2636: 840 2246 276 2829 841 2884 3016 1797 1961 1609 1877 1367 2778 2649 1551 2825 51 
2637: 840 1239 1981 2246 3115 197 1238 1019 980 92 1979 1980 1753 1740 3016 202 931 1797 1961 3030 2340 1877 1367 941 2649 1551 1347 943 
2645: 840 1296 2213 2633 1424 845 2896 99 427 1975 187 1924 2679 2211 1624 1322 1243 2642 3082 868 
2864: 840 1239 2121 1891 2866 1171 2036 306 
2994: 840 1296 1400 2116 31 398 588 915 271 184 1560 122 273 2990 11 736 485 
3017: 840 1350 15 2897 1046 1883 1900 1810 328 2154 
3098: 840 221 2224 1545 
486: 840 2251 1334 848 2405 2406 937 2330 2252 2254 1156 2807 2489 2559 2978 
536: 840 105 390 1336 1002 2162 2969 841 2951 1821 1337 1338 1870 2271 2617 
571: 840 1482 1253 799 902 2282 2832 87 2285 2156 2806 1816 1753 1705 139 297 467 931 1847 2190 1376 900 814 2792 2825 3033 2158 2159 1637 843 
582: 840 2616 2527 1062 903 789 2946 
591: 840 2846 595 2628 879 1214 2006 2101 13 404 1054 1208 3022 540 1151 1900 1913 445 2799 534 151 1982 1231 
620: 840 2346 1117 2472 2673 2333 3119 0 155 618 619 1840 3100 1777 1312 1453 1891 3123 2951 1011 1115 2518 2402 455 2134 1219 272 625 1308 1718 1332 244 1903 112 2657 2708 2830 3122 84 199 227 230 451 735 2042 1919 648 1211 1605 2194 
722: 840 212 59 424 2724 1115 433 577 1152 3121 1230 
735: 840 1253 2035 2472 3011 221 463 1292 2776 462 472 15 271 2802 497 1479 1928 1526 681 1993 391 403 620 1569 2407 2825 2152 1794 1602 
832: 840 854 855 2060 1617 1292 670 2706 1214 1593 2965 101 11 379 1876 
960: 840 204 2846 399 434 1176 2925 2724 167 469 841 1115 2023 2012 681 2750 1099 379 1030 
991: 840 1239 1117 2246 1240 780 87 2088 1430 2470 2471 1115 2311 1514 2407 2624 199 338 437 1009 2038 1433 2234 
1006: 840 197 720 1339 469 1338 2921 2205 
1058: 840 1259 1468 1756 2616 167 634 1646 85 2112 2470 2474 2522 172 2745 838 1963 732 1915 2885 3101 1060 
1090: 840 2346 2408 2519 88 402 1252 844 1589 2710 463 1770 806 854 855 1716 29 458 1765 2654 2810 3119 220 462 500 597 618 2686 413 3093 883 964 1883 1352 1781 2371 895 2351 3110 1479 1554 2269 443 857 1810 252 280 42 2344 2379 2467 2517 2883 3019 3118 3159 436 726 1056 1543 2054 1569 2230 1611 
1097: 840 221 484 2017 595 59 597 783 2724 481 1812 654 1853 189 1483 
1204: 840 1053 3110 583 884 2103 
1340: 840 2855 197 806 2204 458 1671 1924 2352 934 1295 1761 1850 2373 2900 151 2185 2349 
1502: 840 1239 2405 2670 2846 3115 399 2108 1684 1133 2569 1475 1916 2006 2285 2478 3152 1933 499 2579 2862 1445 2777 1232 2190 145 2085 3097 3102 681 1920 2792 2804 1150 2106 
1525: 840 2282 2285 2312 493 1855 2310 877 1310 
1637: 840 1482 1253 1291 2932 1760 902 711 29 458 2282 2832 2285 2156 1705 1593 2190 3030 753 2012 571 1681 1592 2792 3031 3033 1354 2158 2159 
1145: 840 2714 1469 2855 221 1746 1232 2175 811 2322 1913 920 1730 2255 556 1012 2756 502 589 2432 1973 
1709: 840 1310 1708 922 
1714: 840 2076 2291 434 2116 2847 1713 2884 2882 323 2293 
1880: 840 844 2213 2633 2447 1891 1816 367 1467 2019 2190 880 805 11 1592 1273 295 
1887: 840 2561 1240 780 554 670 2323 2589 472 1053 1434 2724 3075 1453 1891 1980 647 1671 2712 803 817 1593 1793 246 2863 1474 545 2868 1088 1773 
2042: 840 1253 1292 3119 618 867 3048 139 433 583 2208 2086 2236 2411 620 1267 943 1659 2423 598 790 
2137: 840 800 1316 1981 2419 2633 390 1336 1258 711 2323 2330 645 841 2951 322 1821 1337 1338 1514 748 207 1264 
2166: 840 2833 3014 31 398 271 1364 184 122 948 3016 1810 189 437 
2212: 840 854 1478 1285 
2857: 205 1239 1253 2076 2673 3124 221 1770 1015 1019 289 458 2248 500 801 3068 1339 2601 883 1729 1906 1975 2084 3022 367 540 931 1593 231 1395 2407 2245 2648 630 
1515: 205 204 1513 2246 1123 1840 880 2539 392 718 2334 2674 2675 314 1137 
2277: 205 1296 1297 1421 3110 1232 2581 305 
2553: 205 715 3072 1801 714 1856 
2630: 205 221 27 
3055: 205 2855 2116 1908 2330 2566 1934 2162 729 115 1563 1671 867 933 1705 2352 546 934 1761 2236 440 2117 2373 2255 1512 151 1267 2185 2293 2495 346 709 985 1242 1324 
3151: 205 1469 2633 2673 29 1133 232 588 592 2148 1979 1980 3128 1682 494 2518 2311 1526 64 532 2825 1666 
1366: 205 204 2673 2706 1434 1979 1370 1781 777 895 2057 2545 2345 1595 1801 318 1369 1598 
1920: 205 800 1981 1518 1519 197 399 617 276 1013 2459 1377 2283 1502 1367 118 2659 117 3103 2662 2749 2961 966 1748 2141 2024 
1222: 205 356 2135 818 
723: 205 2213 792 3075 1453 1969 1396 1609 2807 1173 
218: 205 291 2681 2666 
2823: 1481 399 1014 2992 1639 
128: 1481 2213 3014 1424 711 2294 1766 2096 393 857 328 1626 3149 264 2216 
1921: 1481 800 2814 595 2540 232 461 462 931 1479 2128 118 2841 2989 
81: 1482 2251 1253 1334 1707 2405 2406 3090 855 969 2607 1704 2156 2469 13 487 2252 2254 435 2190 1514 2158 621 793 3033 2245 2523 2792 2891 11 1624 2159 2160 379 589 1665 805 1551 495 1862 496 
3031: 1482 1240 2856 2156 3035 1473 1637 2535 3033 2792 2159 2843 
3033: 1482 1253 1291 1296 1949 1950 2405 2406 2488 221 397 1760 677 711 2776 458 1122 516 879 1331 2156 3093 1726 2862 3035 435 2190 2225 1514 2459 231 571 1637 2158 2964 1539 81 589 2160 2792 3031 1995 2103 2159 
2158: 1482 2405 2406 458 2282 2285 2156 435 2190 571 1637 81 589 2160 2792 3033 2159 
2159: 1482 458 2156 2190 571 1637 2158 3033 81 2792 2160 3031 
1591: 1482 2346 221 1240 2118 1096 1888 3022 104 1479 1993 3052 2865 805 877 787 
875: 2123 2770 2116 1434 2358 3079 1664 2614 186 636 693 1082 1354 
3122: 2123 2710 2835 806 1538 711 430 618 619 1312 2739 3123 1332 2903 620 2194 1333 
2255: 1239 82 1253 844 1469 1117 2246 2444 2808 3115 221 825 1485 484 1019 1176 711 289 458 2323 879 881 878 2198 3120 1315 1799 1086 1750 1729 322 1740 1487 1850 1870 2175 114 440 2794 2012 2117 535 1156 1395 1828 965 574 2421 1246 2011 556 570 950 1099 1145 1153 1213 1403 1717 1793 1973 2125 2160 2165 2185 2921 2433 2885 3055 2843 2497 2624 2756 
2373: 1239 1253 2472 2855 3085 399 673 1015 672 2118 2282 2323 2333 398 1014 1934 2285 15 2460 2713 2866 1671 2352 934 2185 3055 346 1340 2900 2841 
2385: 1239 2808 3157 639 785 1970 158 2061 657 1219 2039 2068 1815 1264 2944 
2404: 1239 2346 3011 1424 1292 2282 1733 2285 2786 575 1816 2021 2190 1249 498 577 185 999 2316 354 1456 
2454: 1239 1297 2472 3090 3115 177 1019 595 271 384 663 795 2980 1134 1816 1791 1235 1847 440 2603 1793 2651 2455 1989 1528 21 1119 
2491: 1239 1612 1238 2097 2479 845 2471 1766 2126 983 
2544: 1239 1133 322 2578 534 
2583: 1239 
2692: 1239 1253 1291 844 2855 3011 1240 855 2447 2706 1434 1672 1062 1924 2988 91 1428 1797 1850 1870 2225 1234 2436 130 756 1670 
2737: 1239 221 
172: 1239 82 132 839 1469 1117 107 179 197 221 390 2010 1298 2017 1019 2097 595 2151 1164 2540 504 586 588 592 1434 3120 271 1777 1799 1933 2009 1086 1410 2460 2713 3128 841 2470 7 114 2459 272 170 1359 2422 180 1309 1058 1216 
476: 1239 292 1618 2893 462 1465 15 614 1312 406 1672 1526 2816 3045 714 
823: 1239 1255 1400 2472 2710 2755 57 197 1240 1804 1485 1019 2837 2925 541 783 906 15 147 1085 1883 1596 1740 2684 1479 1514 2581 231 2539 2639 42 862 305 391 2679 1913 1817 1810 2658 1624 1030 1895 
882: 1239 2618 3115 2992 1870 2164 2634 
1020: 1239 179 1298 1015 2248 2420 2713 2515 1600 2271 416 116 1429 635 409 
1153: 1239 2472 2677 3115 2017 1019 2075 973 879 881 1729 440 1855 2987 2255 416 2011 2631 2497 1551 2554 1270 
1256: 1239 2673 3115 1774 1238 1015 1019 1176 103 1053 1590 2294 369 456 2731 603 
1913: 1239 1253 1469 2855 806 1617 711 458 2118 1475 2170 1054 2172 1072 1740 2736 1472 1593 2169 2190 2175 2225 2453 2173 1853 1490 1473 823 2322 2032 495 2168 589 1551 556 1145 1973 2756 299 1012 2798 2961 591 2197 2111 2004 
1948: 1239 1296 2934 2430 15 2712 2884 1042 1928 305 2711 303 304 
1912: 1239 350 351 356 357 839 1914 1117 2142 1019 3120 261 1777 1609 2794 702 342 
1670: 1239 357 3011 855 1015 595 1062 2988 91 1870 231 1942 1681 748 2692 
1537: 1239 1117 221 676 259 167 184 499 2041 2131 2470 2794 2358 1855 2525 1068 2455 1401 253 1802 
1267: 2251 1334 2405 825 937 1368 1062 867 933 1448 104 1151 238 1730 865 3055 2042 2768 709 2639 1548 
2489: 2251 1253 1334 1407 2405 2670 2784 2908 2909 2910 2911 2912 2913 2914 2915 2916 2232 1378 1073 711 2118 2430 541 2099 605 1753 2252 2613 139 1232 2190 2269 486 
2344: 2346 1641 2835 2097 2776 3058 2748 663 3093 1580 3116 104 202 1295 3052 1090 1070 1074 2598 248 1573 1857 2738 
150: 2346 221 1238 2017 1176 1053 1134 2575 1857 
227: 2346 2808 2855 1976 1130 1292 2447 720 863 15 1778 1870 1394 2581 101 620 154 
682: 2346 103 1540 
763: 2346 1291 1350 2323 31 1816 2301 1855 776 2586 2861 3008 
1573: 2346 719 2832 104 3052 2342 2114 2344 
1854: 2346 1253 800 1518 1519 1589 2633 3011 43 221 750 673 548 563 1123 670 1749 2447 1053 1590 741 810 1509 2992 2579 2862 2888 2988 564 1479 1870 2459 974 27 2436 1639 615 2345 2964 748 2767 1440 865 1700 2699 137 747 1311 1464 
1857: 2346 1400 819 11 1427 2344 150 
1954: 2346 2519 356 357 1252 775 1296 1297 1318 899 1950 1489 1518 1519 2045 1050 578 1117 2142 1240 1298 1520 595 226 2009 841 932 2352 3116 1199 1295 114 477 2286 898 2681 584 1160 1310 
2467: 2346 1255 800 2465 57 672 1698 2540 2118 460 15 2829 1671 435 2767 1310 1090 438 2466 891 2432 1365 1272 1611 319 1224 1234 2570 3131 
2598: 2346 2118 104 435 3052 2342 2344 
3042: 2346 350 351 356 357 1253 844 1914 578 2142 2472 2881 1424 618 261 2448 2511 499 1821 2712 576 577 2924 2568 1038 2592 1168 1739 2193 
3159: 2346 2519 1252 1407 1409 1589 1408 2444 463 1292 461 1014 1896 865 101 1090 2274 
2738: 2346 2798 2145 2344 
1391: 2353 1089 2452 29 
354: 2408 1253 844 578 2142 806 855 1111 1478 2083 3032 2006 2347 653 2115 2713 344 575 1533 498 1219 2404 3094 576 416 2085 3041 1068 2894 2070 999 1317 1822 182 330 1128 1564 1773 2001 
609: 2408 578 2142 1746 62 3152 344 575 576 416 1905 466 
636: 2408 221 390 1774 1019 3152 15 271 889 1430 2806 847 358 2190 2196 1396 3102 1071 2125 736 875 1664 2031 1838 850 2161 1773 2531 2547 2551 2859 3087 213 444 946 2167 1674 2187 1564 1173 1873 
859: 2408 1409 1408 2090 
1427: 2408 356 357 2142 2633 2846 3014 2108 902 261 413 581 1883 933 2096 1514 577 2767 391 42 2953 1200 1857 
1429: 2408 356 357 1297 844 578 3011 1789 1164 2430 516 1259 15 2300 1062 393 1199 1490 3 1793 2976 392 718 1020 1648 
1905: 2408 356 357 1253 844 1400 1484 578 2142 2472 1485 1292 559 59 62 2469 344 1906 1219 609 576 1645 1661 2964 2767 1435 101 1220 2921 416 2363 1572 
1991: 2443 2246 362 2179 753 1490 577 488 2068 2070 3130 1173 
2396: 2443 356 402 578 1117 2142 2419 1292 261 1990 
24: 2443 356 357 2142 1434 261 2442 577 2407 2953 1990 
1910: 2443 2898 221 1095 2957 2057 2764 623 1369 747 387 
2070: 2443 1291 2633 3070 3125 59 62 1841 2139 728 2866 1816 2311 2398 1219 354 999 1545 2963 1769 1687 1991 2278 
2653: 2443 356 357 2142 261 2806 2581 1376 2953 2364 1832 
2796: 2443 350 356 357 1914 2142 2139 261 577 813 2953 1628 
2730: 2443 1253 2472 2835 1015 1395 1403 1213 326 22 
2889: 2443 356 2035 2142 2465 1698 2289 2775 657 2126 2767 520 1224 2466 2549 109 319 891 2432 1365 1611 2930 
2379: 2519 844 2835 2846 3011 197 854 855 1977 1292 670 672 2323 500 2148 2478 3152 15 2294 3012 3128 1740 1781 2634 252 101 1090 2127 2585 248 268 1106 1528 1543 
2517: 2519 88 2035 1589 179 443 1101 1090 3074 706 
252: 2519 1253 1981 463 1292 29 1133 2654 500 1053 2148 2329 15 2226 2897 3012 976 853 3030 2424 244 2020 2334 1090 1220 2379 101 112 245 1796 1543 1569 1106 1837 1584 
268: 2519 3128 423 2407 2624 2379 2466 1973 
726: 2519 201 2835 221 599 461 528 1288 1896 101 1090 3135 2722 3076 1543 1528 1811 196 69 140 1170 979 
857: 2519 208 402 1914 3096 221 854 2017 2893 516 1883 976 2096 1199 1418 1246 42 1090 814 128 1945 328 1810 2054 3018 502 
1543: 2519 88 2673 1292 1133 232 500 2329 15 1943 2439 1560 7 1288 853 1047 252 101 1090 1220 168 1569 726 112 580 2379 106 2639 3146 1106 
2570: 2519 2465 1698 1294 2775 2169 2767 2467 1224 2466 319 2432 1611 1272 1365 3131 
2950: 2714 208 1253 844 1469 479 1298 806 854 1532 670 1777 1287 3110 5 435 2794 244 1440 1941 623 2428 245 
2627: 2766 2142 362 1455 1250 1374 
323: 2766 2118 361 2794 2283 2128 2924 1714 
1154: 2766 356 1253 1485 484 711 2118 2099 2896 1672 2951 679 1404 900 1067 2138 2843 2317 2671 67 285 2199 
1175: 2766 356 1253 2835 855 595 670 2403 461 1453 1625 
1876: 2766 356 43 855 595 670 3030 995 731 832 
2476: 2833 201 92 1465 1933 2460 2713 122 1472 2459 2436 109 
1106: 2833 1292 1331 3152 2226 2227 2957 2392 252 101 2223 2379 1543 1755 
2001: 2851 3085 362 711 259 881 1040 1533 354 999 1622 2194 1359 75 300 
880: 3144 839 1950 1117 2270 2808 3011 1123 2184 2686 15 2289 2300 2806 335 551 1764 1568 3129 231 3 1376 2241 3050 2565 2539 2799 2976 3132 392 718 1880 1515 1328 1440 
1389: 3144 2932 221 825 1238 2037 599 2253 2258 2566 597 1465 1468 1704 542 2053 2358 2635 1023 
2592: 3144 136 356 1291 463 1292 705 1181 241 461 462 2009 2574 1609 101 2921 3042 515 
2745: 82 1707 2472 2541 450 1485 982 2097 2706 792 836 15 1777 1646 1410 2312 549 933 1630 811 3 2012 1971 1398 2011 1708 2407 2020 1008 1058 
3079: 82 350 356 357 1914 1117 2142 2770 2116 2686 883 2065 1888 577 2126 1362 2953 1351 875 1270 1947 2883 1124 
3113: 82 1253 1296 83 595 1434 2190 2293 884 894 
1124: 82 2126 565 2854 3079 1351 
2145: 82 402 1469 2151 226 1331 413 624 841 577 2738 
1822: 82 1253 1296 1297 1117 315 1298 1164 2118 2479 2706 539 1848 413 2131 1888 435 1847 1380 354 2322 702 926 589 129 456 989 2153 1824 
1932: 82 2116 1753 1587 
1824: 82 1296 1981 1117 2368 179 390 1298 1977 554 595 646 670 1133 2118 2925 1733 1800 15 413 2448 2584 2829 1560 1959 2951 668 1888 2392 367 435 931 1847 2459 974 1301 180 702 1822 1639 129 1587 2153 1198 245 989 1459 
1587: 82 1164 2663 2616 413 2527 2980 1001 180 1824 1932 2946 2317 2567 396 
702: 82 132 839 1117 179 1901 1434 15 413 2596 1816 1892 1888 546 114 2100 416 2875 170 180 2317 2153 1912 1822 1824 1622 
1351: 82 221 646 2323 1885 577 2854 3079 1124 
2273: 88 221 463 2017 1098 29 232 617 15 2057 2269 1595 
2345: 88 2035 1707 806 1378 1019 1292 677 29 2795 3066 96 2695 2702 15 2009 1086 3093 77 1370 1764 1141 2057 2269 2459 753 1854 209 1701 615 2274 101 621 708 1366 1598 1958 1985 2230 
2391: 88 806 1331 1068 
1226: 88 2770 2808 479 2232 617 1917 156 32 953 810 3030 1769 1354 2067 
865: 88 221 1845 595 29 2323 1733 2601 1046 867 1290 2884 139 886 1235 1574 1896 2208 2086 2236 1854 625 655 1650 2767 1267 3159 1236 2771 598 1327 
443: 88 1589 2710 1098 15 2365 1455 498 985 1090 2707 2495 2517 706 1988 1939 
732: 88 2835 1259 1468 1756 167 634 1430 1646 85 2112 546 1514 3030 838 1963 1058 1915 1060 1620 
2407: 132 1252 1253 1269 1981 1513 2673 2710 2770 2808 3085 399 1485 2116 604 646 1684 1133 2856 3047 1014 1434 2198 3068 138 2249 1615 1823 2112 2470 1397 1533 1466 1946 349 930 898 650 903 2854 991 1070 1074 1802 2857 1884 24 268 555 735 1221 1270 1342 1433 1945 1947 1957 2642 2858 2745 2624 
649: 132 1316 1469 1981 2076 1117 2419 2633 2835 595 2151 646 1176 680 2654 2706 712 2420 15 1979 1980 94 99 643 781 1672 7 1397 2283 2421 2422 2337 2882 428 1241 2146 1303 927 1190 1985 
2588: 132 2934 2430 1434 756 
1435: 132 2472 3115 2010 484 973 1292 937 2204 2776 29 458 87 241 430 1434 2769 1453 1085 2460 2713 3128 932 1816 1978 494 164 931 2209 811 2459 2624 1220 2549 1550 1070 1074 1575 1905 3034 1221 1433 2183 3078 106 2119 2132 
2953: 136 201 2893 2157 2347 2420 2786 2713 335 1358 1906 1062 2574 1466 1870 2190 1678 2459 2271 1875 2987 519 3132 3079 749 596 2451 2462 2653 2796 24 109 451 1427 
1597: 201 
2480: 204 1176 2728 2810 257 259 167 847 964 1420 2720 1245 1401 253 248 752 1531 2975 2390 585 1871 2793 
2760: 204 1269 2028 2090 2776 2566 2375 494 1302 753 1293 1626 2858 
2894: 204 350 1291 399 806 2832 2837 2157 15 32 626 1970 2267 388 679 1566 354 999 3041 2168 2848 1068 2831 1564 
2922: 204 1296 1297 2405 2835 1015 595 504 2628 1906 1550 3121 1374 1621 
2939: 204 2670 2784 2908 2909 2910 2911 2912 2913 2914 2915 2916 221 2232 1378 1073 2540 2430 92 1896 2125 
2002: 204 1408 3106 1455 1855 961 
850: 208 1612 795 1048 358 2126 2256 636 2119 20 509 1602 1987 
89: 208 2057 3059 1595 318 1369 
1327: 208 2129 1062 3088 865 1005 1548 
1375: 208 1253 1291 563 2724 1054 1372 2084 1492 1449 2016 1480 1657 669 1371 
1473: 208 1253 1334 2405 2450 212 711 2090 597 879 901 1475 2170 551 994 2172 1072 2174 2736 1472 2169 2190 2175 2453 2173 1853 2168 589 2322 299 1012 2335 2733 2798 2804 3031 1242 2032 2197 1787 2111 1913 2004 
1459: 208 1296 1297 2444 3090 479 2118 1980 1757 2712 435 1302 1824 421 
1037: 208 1291 1400 2755 601 232 588 592 2667 681 42 2054 1159 495 308 
2113: 208 3011 423 1479 1898 1993 248 
1629: 208 463 2108 232 461 462 1405 3152 1426 1853 681 2525 955 1965 
2068: 298 1253 3115 197 982 1225 1800 2712 139 2508 1395 1991 2568 2880 2385 2872 983 2234 
749: 350 351 356 357 1914 2142 3085 806 458 261 2601 583 576 2953 2651 2245 2649 
1404: 350 2246 362 806 1133 2832 2896 574 2611 2671 2865 67 285 491 1154 2199 1498 
3041: 350 1291 221 479 2090 2832 2157 2724 15 1970 953 1722 2267 727 2112 2262 388 679 600 552 354 999 1973 2389 2468 2656 2848 2894 347 688 704 1030 1068 1174 1564 
2848: 350 1291 390 1240 2083 2832 226 2157 15 1970 1722 2267 2262 388 679 3041 1942 1317 116 2894 2734 1068 
2462: 350 356 357 1914 2142 1331 147 261 577 2953 
22: 350 357 1050 2615 3011 2151 1053 2006 353 883 867 1924 1740 2564 577 2730 2135 
231: 350 351 356 357 844 1400 1949 2045 2142 2755 315 362 1770 2090 2967 1421 2569 2663 541 3057 2591 2806 469 841 2065 2351 2402 1879 1613 1754 753 498 2581 880 2857 392 1626 416 2533 950 1403 2012 681 483 279 1068 1903 2274 2394 2514 2644 2704 2798 3033 8 47 862 1786 823 1817 1829 1670 748 321 838 752 1809 
505: 350 356 357 800 1318 1914 2142 711 261 2664 577 58 1677 
511: 350 351 356 357 2142 107 1770 302 261 1453 2829 1705 202 477 1545 2863 3019 1333 2357 2709 2961 421 790 
519: 350 351 356 357 578 2142 2472 362 1520 261 384 2300 1295 577 2953 
868: 350 356 357 1914 2142 221 951 261 99 1235 577 1236 2645 637 
1832: 350 356 357 2142 2837 577 903 2364 2653 308 
1432: 350 357 2142 1408 362 1015 595 629 1906 965 
2436: 351 357 2246 2444 3011 2566 2702 1062 2988 654 1428 1850 1870 1854 2799 748 2476 2692 818 2114 
2350: 352 356 1538 563 1395 214 
330: 352 356 2035 578 2615 1864 353 575 354 999 576 577 
2539: 356 357 1400 2142 3011 212 1240 1804 902 1123 1421 291 586 2162 2528 261 1979 1237 2300 2806 2897 1064 423 1740 2252 313 1461 1479 1609 1613 3030 2581 1490 3 2012 823 2241 2798 880 2429 47 90 410 748 862 1440 1515 1579 1626 1712 1793 2921 2976 2997 2756 
2364: 356 357 1400 2142 595 380 261 413 2012 1832 2653 
48: 356 2472 595 1529 2118 712 2312 2065 1042 1690 1250 699 2883 1032 1299 1346 
798: 356 844 2472 1002 1133 3058 241 588 2616 841 
1842: 356 1641 3125 806 1146 2358 2575 984 
415: 356 357 2142 836 1331 261 2806 1740 1609 577 53 1989 2825 3019 1918 
1572: 356 357 578 2142 617 783 2289 2511 3127 353 1109 817 2920 1246 2921 1905 1211 1213 365 2729 2868 1307 2193 
623: 356 357 1253 844 1484 2142 1478 458 461 586 588 592 794 261 1085 2460 173 1870 3094 1156 843 812 718 97 2950 2280 2376 1910 1032 1217 
1748: 356 1297 1920 789 3019 
849: 357 177 2010 969 458 3047 1821 372 2924 2243 2750 2816 
2558: 357 800 2076 855 1476 595 670 705 2485 2094 2227 2897 1295 1070 1074 1082 1486 19 1008 3108 
1304: 357 2142 362 1016 2367 
1285: 402 839 1133 2706 1434 3128 1134 2259 2212 
1000: 402 959 1117 179 2118 276 2460 1816 1018 2339 2030 
1955: 402 138 2631 1627 
2241: 1252 839 1117 2472 3096 1123 29 1917 384 2817 574 880 2100 2603 2987 2539 
2665: 1252 1291 2076 764 499 2095 1879 2134 309 1878 
42: 1252 1409 221 463 2268 232 461 462 592 1284 878 728 1885 2294 99 481 2053 1279 2951 187 1883 1778 2096 435 2503 823 857 2326 328 565 1090 816 2532 2669 1895 371 1037 1427 1939 1069 
1012: 1252 1469 1513 2855 1933 1072 2736 2175 2453 853 1514 1473 2322 2032 1913 2798 391 556 589 1145 1973 2756 2639 2679 299 2335 2968 2197 2004 2111 2003 
1440: 1252 800 839 1469 1117 2290 2368 179 673 601 1123 1716 2090 1133 2323 462 879 728 2228 3128 2579 2862 1290 1705 1325 931 1479 1847 1854 1993 403 880 2539 1310 1071 2428 2429 2950 348 478 718 941 1137 1150 1329 
2263: 1253 2108 711 2282 1013 2862 1290 3022 2236 272 1650 2218 327 918 1659 2388 2314 
2304: 1253 179 2460 2713 2455 
2331: 1253 806 503 768 1528 1811 
2342: 1253 1296 1297 844 1298 1580 104 3052 1070 1074 11 2598 1573 
2369: 1253 2670 2784 2846 2908 2909 2910 2911 2912 2913 2914 2915 2916 2232 1378 1073 2157 3029 1885 1062 933 2888 78 388 393 1199 2061 2164 2900 2602 1242 2466 2428 553 
2370: 1253 1255 2270 2955 177 825 1015 595 2258 783 2231 2294 1764 2093 1568 2684 2398 3015 2834 
2446: 1253 1139 940 1107 3028 
2486: 1253 1484 3014 399 2118 398 1014 1331 15 1816 2951 435 1426 995 316 
2523: 1253 2291 2405 3090 937 2856 1163 13 487 1072 1208 393 2190 2175 1514 2520 2117 2322 1137 206 793 2245 81 495 496 805 1665 2281 11 379 1005 1551 1862 2004 2197 2891 
2549: 1253 1291 2142 1434 2300 2469 643 1924 2507 277 2840 2767 1435 1220 1433 814 2889 
2557: 1253 2835 107 221 595 2356 2769 1364 2897 2777 931 1893 1645 332 1332 1069 
2672: 1253 2 43 1976 1538 2253 2447 2569 430 1704 2511 1816 2888 931 1622 
2703: 1253 1093 
2854: 1253 1269 951 599 241 2470 122 2358 903 574 2407 2624 615 1664 1351 1124 1957 2183 
2863: 1253 1297 1334 1981 1518 2246 2444 2633 37 177 315 479 786 806 1336 563 1133 2118 2330 2628 2654 234 597 879 1040 1590 2121 2420 3152 15 138 626 1453 1885 1980 2601 499 1054 1134 2951 3022 1961 2794 1900 511 1492 64 898 1650 2681 27 1017 1945 805 589 2382 109 439 631 1260 1333 1809 1887 1957 2104 3148 
2964: 1253 799 844 2406 2561 2845 2846 3011 1098 2282 1053 2285 2478 3152 2156 1445 1295 1534 2208 2411 2920 1854 2921 2389 2316 109 1272 1412 1905 3033 3099 
2981: 1253 844 2094 1310 2141 2104 
2997: 1253 2539 
3000: 1253 
3018: 1253 844 1589 2579 1924 857 
3023: 1253 1950 2770 43 221 2232 484 1015 3123 1509 187 3126 119 1018 1645 206 2401 569 971 1346 2098 2124 
3088: 1253 484 973 1908 2282 2754 873 897 906 1848 2129 77 645 1705 3095 931 2236 2411 552 974 2358 598 1147 1236 1327 1747 
3143: 1253 854 2466 2552 
86: 1253 2215 
198: 1253 2773 720 1753 1533 2508 1972 
238: 1253 2465 1851 1746 2356 2754 220 380 901 1331 1733 2129 2584 1046 2797 867 1290 2352 2777 3048 886 934 2236 1267 2218 3097 2767 1611 1067 598 
340: 1253 2472 2566 2754 220 2702 3111 1753 3084 110 1855 2334 1250 1666 465 294 3082 224 637 1786 661 342 
428: 1253 1469 1981 2037 705 2776 2702 643 781 1672 649 1717 
457: 1253 2035 315 3075 15 1980 2365 2829 3012 2095 309 2681 1442 943 2135 3003 1996 945 
483: 1253 618 1836 15 1821 231 2520 625 1308 2708 2261 431 877 
612: 1253 1015 1019 289 416 
684: 1253 844 2118 271 2334 2968 
816: 1253 855 2034 2060 1111 670 711 2118 1053 3152 2115 2190 625 1308 1718 233 42 2363 2708 1359 2885 2261 
921: 1253 1484 2253 
922: 1253 289 1753 1708 1709 
944: 1253 1291 2615 1774 616 2589 15 1639 
1142: 1253 1770 2148 3068 1899 1778 3116 1047 926 1082 
1213: 1253 800 1330 1294 1331 1885 1672 2255 1403 2730 3026 1572 
1228: 1253 221 2116 1934 1080 2172 2292 2882 
1242: 1253 844 2405 479 2232 458 1934 2099 2157 3029 2647 2951 2888 78 388 1235 2169 2061 2164 1473 46 3055 2020 2900 805 2168 245 2602 2369 553 236 
1311: 1253 399 1424 1421 138 1753 2574 2888 1428 2411 3030 1854 2011 894 
1342: 1253 903 2407 2624 
1416: 1253 1424 1053 1533 
1510: 1253 1297 1707 1765 15 2794 145 748 
1758: 1253 1409 2035 2932 1774 559 458 1286 2856 142 2099 104 2134 657 1875 520 507 2825 
1838: 1253 2513 369 358 636 
1839: 1253 1484 825 563 711 2258 2607 1054 2758 1072 2515 467 1911 90 2936 1923 
1994: 1253 221 271 1426 
2004: 1253 1072 2736 1472 2453 1473 2322 2032 1913 2798 1012 299 2020 805 1665 2523 2197 2111 
2032: 1253 711 1053 1475 2170 2172 1072 2736 1472 1479 2169 2190 2175 2453 2173 1853 1473 2322 244 2168 589 1993 299 1012 1913 2004 2798 2197 2111 
2091: 1253 1297 179 1298 458 
2106: 1253 1408 362 1240 1485 595 711 2118 2323 2856 1927 1934 2162 2448 388 435 1502 1262 
2185: 1253 2670 2855 595 2540 2118 1014 1465 1934 2352 679 934 1761 1870 2164 2301 2373 2255 3055 1216 1340 3149 
2197: 1253 2450 2845 2846 711 2170 2172 1072 2174 2736 1472 2169 2190 2175 2453 2173 1473 2322 2032 1913 2798 1012 299 495 496 805 1665 2168 2523 2649 589 2349 2004 2111 
2229: 1253 434 1533 3121 1992 3082 341 
943: 1255 959 1484 2784 2908 83 2810 2027 494 2252 3073 372 119 2042 2923 2825 2637 457 2293 2389 2917 123 2161 1659 1113 
1023: 1255 2400 2932 333 745 746 825 1851 1238 2037 530 599 2235 2253 2258 2566 92 597 1247 1259 1465 1704 2616 542 1086 2053 2311 20 1389 
203: 1255 2270 2955 399 2231 1568 
211: 1255 2006 15 
454: 1255 1845 2479 1733 2965 
598: 1255 610 1176 937 1210 2589 1331 1840 2616 3075 1453 1757 1062 71 423 1852 5 2190 1171 1694 419 3088 238 3102 2807 865 1595 971 11 2042 3034 327 1548 2177 
1281: 1255 179 2057 2794 1595 318 569 
106: 1269 2835 1330 969 2027 605 953 1672 1993 1435 1945 2843 3034 1543 2119 
1008: 1269 2213 2879 3085 461 1225 2748 15 529 729 1979 1980 727 2046 2744 1051 1738 1433 2745 2211 438 1447 884 2193 2558 
1965: 775 2472 2116 1176 2724 715 1115 1870 1629 2767 2759 3071 1721 
2546: 1291 2213 2452 681 1528 515 
2610: 1291 3155 366 3030 1246 2611 2836 966 
2671: 1291 2896 2705 1404 90 748 491 1154 67 747 285 1498 2199 
3071: 1291 2702 271 997 1965 1866 
133: 1291 1949 2618 3011 2010 1336 1977 1617 226 588 2608 2579 2862 2684 1514 1553 2085 2965 266 2788 2110 
326: 1291 1949 2835 399 1770 1765 462 1014 1775 878 2392 520 1802 2730 1873 
417: 1291 2615 2835 2846 221 397 599 611 2323 2832 1465 2702 276 1453 423 1094 1426 2807 2683 
421: 1291 1297 646 1120 2806 568 1428 309 511 520 1459 2657 790 3034 2432 2656 1387 2644 2709 3004 
967: 1291 2291 2633 29 1979 1980 643 2951 1306 433 1870 1701 2320 
977: 1291 1589 3014 197 548 611 2776 96 588 881 1885 2249 2601 494 1821 1069 2355 1447 
981: 1291 1331 795 1396 1514 1657 986 192 
1010: 1291 2144 1177 
1346: 1291 1408 463 1330 2080 2447 1331 3023 90 48 154 621 
1387: 1291 179 359 1450 937 2403 276 13 1713 26 1067 421 2656 2521 6 
1647: 1291 1297 3128 3034 
2029: 1291 2213 2835 1325 
2318: 1296 800 2249 
93: 1296 800 221 1298 2017 1924 1295 1246 2674 2003 1032 
117: 1296 1297 800 1518 1519 1298 595 2452 2540 1364 1825 2983 1054 2459 3 1855 118 808 1920 120 2648 2718 1835 2219 
319: 1296 1297 2465 1350 1698 618 2170 15 2775 1672 2965 2126 2767 2467 1224 580 2466 891 2432 2889 1365 1611 2570 
360: 1296 2035 289 2528 2351 1295 1609 2160 1263 790 1616 
560: 1296 1297 673 2776 
709: 1296 1297 1073 1746 1002 1556 1733 1062 933 540 1151 1232 3055 2768 1267 
900: 1296 1117 179 450 461 2252 2269 114 349 571 170 180 2256 2825 405 2135 1154 
974: 1296 2472 3096 315 2129 15 1064 2392 498 2117 1600 535 3088 1854 1824 2685 466 1309 
1197: 1296 1297 220 2702 2664 1295 1377 1666 
1784: 1296 479 825 2017 1331 2329 2724 1722 2684 1993 1362 1074 1681 1992 2321 
1963: 1296 2291 2037 2447 1259 1468 1756 167 634 1646 85 2112 2470 2474 1208 1472 1870 2358 838 1202 732 1058 1060 1915 
1460: 1296 3102 
1592: 1296 848 1576 2628 879 13 1054 1713 1208 2254 3022 1593 1637 1880 2455 2339 2668 1236 
2154: 1296 1021 2333 103 15 1599 2131 2951 1302 1928 2138 1717 3017 603 896 983 
1990: 1296 1434 1692 2442 1883 2396 1947 521 884 24 
2394: 1297 1400 1409 516 15 2361 997 2574 2134 657 2398 231 520 1309 2383 1113 1660 
826: 1297 434 2078 1176 711 472 2329 1385 266 2635 185 1669 
926: 1297 844 1469 1519 1117 2368 3011 3125 1770 554 1164 2540 1002 1765 2706 1885 2596 841 994 1892 494 2875 180 2367 512 1973 1731 1622 1822 1142 1930 1166 1191 
1559: 1297 1518 1520 3152 3116 2245 
1333: 1297 1518 1589 2710 2835 806 1292 2375 1288 562 511 1332 862 101 2863 3122 2836 109 2316 
1941: 1297 844 1981 3011 1298 806 646 1133 2856 15 1134 1821 2392 435 1094 1147 2020 2950 2245 245 
1547: 1297 2688 1240 1855 53 2455 3103 955 
2077: 1297 1981 2291 2405 2561 2633 2927 434 1298 646 2540 2118 2847 2856 1312 997 2884 435 1428 2190 1795 2882 2293 2456 3034 
2165: 1297 107 3081 2225 2255 126 603 1349 
2389: 799 1407 2213 937 2282 2333 2920 3041 2705 2964 209 2211 3099 943 2316 2999 
2920: 799 2444 2949 2010 601 2589 588 783 879 881 1841 878 2162 2285 728 1885 953 2156 575 883 1729 1906 2442 2992 1568 2190 2411 440 477 574 577 2011 416 1395 1793 2921 681 2389 2964 121 989 1103 1219 1490 1572 1773 1779 2135 
1606: 799 1576 563 458 2555 2601 2626 1309 1551 
3077: 800 1608 425 2033 2973 808 2243 935 2530 2759 3007 3076 1209 1607 3139 
118: 800 1914 1518 1519 2368 1520 1123 2540 1002 1599 549 1054 435 1295 3 2245 2648 2659 2718 117 2014 120 2219 1665 1921 701 808 318 1595 1920 
1595: 800 2673 221 29 2754 3152 2249 2518 2311 1295 118 2273 2674 89 598 784 812 1281 1366 1480 1751 
240: 800 1298 1176 680 1122 241 2312 2359 2469 1295 2429 316 514 448 
701: 800 1298 586 588 592 1295 118 
1752: 800 528 1737 808 2014 2026 
1835: 800 595 117 
1849: 800 611 628 2043 2326 1447 688 
877: 800 1400 2075 2776 2728 3058 3155 257 259 628 1247 1468 1756 2329 634 2101 2228 1086 2226 2591 77 1016 2082 2332 2470 2522 1361 1609 493 898 1525 1889 2424 168 1420 23 2334 838 1278 1591 2720 483 2306 1401 253 2418 2422 1254 2975 55 248 286 566 642 740 752 860 1531 
2014: 800 1816 2164 118 808 2718 120 802 1752 
1680: 800 1298 2116 1270 
2219: 800 1518 1519 118 2659 117 
1241: 1316 1513 2291 643 649 258 2293 3001 924 
2337: 1316 1981 2633 1980 649 
2933: 1316 179 595 1617 680 2420 1396 2424 
739: 1316 1469 1518 1117 2633 3002 1491 646 1979 1980 643 645 2951 7 647 3030 681 2421 1310 2875 2843 2422 1817 2056 97 927 
2722: 1318 1176 607 2294 1608 523 506 726 819 
2309: 1318 3037 1560 2307 1725 
108: 1318 197 2075 1016 2816 1570 2892 956 
265: 1318 1881 711 2009 423 2634 1224 918 
860: 1318 1560 877 1355 2562 2701 888 
2008: 1318 2969 585 3114 
1386: 1318 711 1442 
2048: 1318 
1570: 1318 241 95 1798 1354 290 108 
1355: 1318 2969 748 2617 1798 687 860 2701 
2152: 1334 2405 2232 1485 1133 302 1434 2148 3152 119 1911 1971 735 206 61 194 802 
2573: 839 
1377: 839 1513 2368 390 1002 3047 906 1434 2099 2129 913 499 549 950 1167 1920 2675 1550 1177 1197 1227 
2424: 844 1707 2773 2282 2285 2312 2511 1016 568 698 2057 493 1889 1855 1369 252 696 699 736 877 1169 2933 
2720: 844 2728 257 259 1259 1468 2329 847 2041 1131 1420 23 2858 877 248 1401 752 253 1531 2975 2480 1871 1915 2793 2886 
3043: 844 1518 1485 3129 1295 589 893 
2176: 844 1485 2292 2525 
1689: 844 3125 2017 1123 712 1841 206 1687 
919: 844 554 2025 
1517: 844 2232 1617 2118 618 15 435 931 1900 2322 574 580 1074 
1116: 844 359 595 2897 546 2965 
1732: 844 2835 595 841 1959 2794 1754 2858 229 2124 
1174: 1390 969 2282 2285 393 3041 2979 2635 
2324: 1390 806 1096 1823 668 
2360: 1390 1370 1975 
2705: 1390 2213 563 1149 2540 1133 2485 2754 461 462 15 1494 2226 2802 1816 1671 2518 1924 2684 367 1855 2924 2768 1993 1844 2389 391 688 1661 2671 2191 
2751: 1390 463 672 1095 1726 523 
2958: 1390 711 947 27 1673 
2968: 1390 2879 1804 1789 2555 2837 541 2359 550 2579 313 931 622 1012 47 1945 1594 1624 112 1923 684 2533 2644 
72: 1390 2773 1661 942 1962 
929: 1390 2447 1064 1870 2581 2358 
1119: 1390 2235 1468 167 3111 1812 2224 1578 2454 35 2726 2005 1129 1999 
1357: 1390 1400 2948 969 289 1237 2392 114 657 520 1067 
1656: 1390 221 2609 1560 956 
2221: 1390 562 
935: 1400 429 1015 595 1737 1816 2021 523 2973 2243 3076 3077 776 819 1049 
2657: 1400 618 619 564 625 1308 1718 1395 620 1303 421 230 642 84 911 1605 2708 2938 
2658: 1400 1589 397 2090 309 823 1293 1624 
637: 1400 1735 1098 1529 2728 2754 271 413 1237 2502 2504 2511 85 361 1438 1441 2470 2474 1131 3084 1472 340 1250 1947 1624 1369 3082 537 868 1786 1992 465 1354 294 389 1776 1508 
695: 1400 1738 
725: 1400 2035 361 3045 
1113: 1400 1740 2394 943 1673 
1660: 1400 1949 1981 2405 2633 2856 2925 1979 1980 654 2394 2805 692 
2216: 1400 855 1292 670 1013 2096 101 128 
1743: 1407 463 394 1451 1526 
6: 1409 2932 479 2118 947 1064 1984 589 1387 
123: 1409 2633 2430 2847 3048 1295 3030 502 2423 245 943 3089 
1464: 1409 221 610 1331 1453 423 1352 393 562 440 1426 1854 2807 1395 2432 
1651: 1949 1240 2724 1757 1479 1993 2763 1657 866 
1837: 1949 288 2471 1171 1219 252 761 995 1668 
1995: 1949 1950 2035 2488 2561 221 397 463 1240 1760 484 1463 677 1163 1848 3093 1671 2862 1514 478 1539 3033 11 1068 
112: 1950 2615 2710 359 1240 611 2333 588 618 619 468 3093 1115 1671 2518 2190 2225 3059 2543 252 1903 620 1543 2968 
1645: 1950 2770 450 1336 902 484 2037 1149 3032 62 881 2724 1364 2312 2511 3160 575 883 1279 2093 416 1855 950 1844 2451 2557 2576 3023 263 558 642 652 941 1200 1354 1905 1728 
316: 1960 221 2017 2075 2116 1286 472 2198 2228 2312 3081 1016 1906 2082 2522 173 3030 1320 2486 392 1369 1717 2674 240 2838 1280 566 1866 465 
2729: 959 1176 1053 2009 2453 1855 2921 1470 1572 2542 420 66 1307 
79: 959 932 1200 789 
1929: 959 
1720: 959 1421 494 
2974: 1469 2213 2832 461 2329 15 1777 1891 2214 1823 27 1121 
502: 1469 2795 31 276 1777 841 91 367 467 564 1850 2175 1156 857 2756 1433 2936 1145 1973 123 858 1177 
556: 1469 2855 1775 15 335 1812 433 654 2175 2322 1913 1730 574 2255 222 589 1145 1374 884 1012 1973 
631: 1469 15 1885 932 1672 1757 1288 2863 2753 
920: 1469 3096 2285 3100 2797 1445 331 3097 574 1145 2923 1730 1492 
1044: 1469 
1198: 1469 1117 2368 179 390 1015 595 676 559 2420 413 2596 841 1682 576 170 180 1824 1967 
1796: 1469 2148 3152 645 1288 2565 252 1903 
1967: 1469 1117 2596 1198 
1802: 1469 1117 2770 3124 197 479 2010 1977 1015 1019 595 1164 1133 3037 597 1225 2139 3068 607 2897 2041 369 2840 1971 2358 209 2565 903 1310 1537 2407 326 
2463: 1981 1707 2633 646 2724 276 1979 
2697: 1981 2618 3090 2748 3075 1979 1453 1980 344 727 1396 2307 141 
441: 1981 2633 646 1980 781 1672 
893: 1981 2291 221 2017 646 2628 1288 1782 1293 3043 
1631: 1981 1770 646 559 1451 2799 2788 2383 
1638: 1981 2633 15 1980 337 
1874: 1981 2076 2213 2633 3002 2118 2628 2478 1979 1900 2128 64 1070 589 
3104: 1484 578 221 1123 2806 1479 114 416 2624 2274 
838: 1881 2513 1336 2017 2116 712 1259 1468 1756 3068 167 634 1646 1410 85 2112 231 1420 1963 2674 877 627 1224 1058 1915 732 760 1060 
1620: 1881 3157 1238 1176 2118 2866 65 732 
1301: 1513 1117 1707 1002 1014 2214 2249 2897 1847 1609 758 1971 2299 2743 2451 2675 3146 363 1177 1824 
2675: 1513 586 588 592 3061 2292 1377 1135 1301 1515 1498 52 
1374: 1513 2076 221 429 2010 1098 2776 2925 1775 3068 335 606 2951 654 2336 101 556 1488 808 1250 507 1069 1263 2922 2293 2498 2627 383 767 984 1807 
2689: 1513 1870 328 263 
52: 1513 1870 747 2675 
2659: 1518 1519 2291 595 1123 2452 2540 29 1825 1295 1526 3 118 1920 2648 808 1498 1826 2141 2219 2662 
1335: 1518 504 2323 2628 15 2386 1295 1550 1621 
1992: 2035 450 780 969 289 815 2228 2227 2866 494 1131 2358 2229 884 2321 1784 341 637 
2383: 2035 1767 1279 2394 2321 1631 
2656: 2035 179 2061 2134 657 3030 3059 3041 520 1067 2825 421 1387 2387 
2694: 2045 221 883 246 2979 1192 
233: 2045 1117 2695 1596 202 2358 816 1527 2415 3003 251 
2293: 2076 2291 50 434 1901 2078 2118 2810 2847 1425 997 2190 1911 930 513 1545 3055 1714 1665 2077 3113 943 1241 1374 
2387: 2076 2291 1952 641 1879 1855 2839 2526 2656 
2458: 2076 2116 2455 2651 2771 2431 16 1780 1935 2531 
2638: 2076 
129: 2076 2291 2846 1822 1824 2882 1523 831 1820 
526: 2076 2380 662 
1207: 2076 2291 434 2884 1232 
1523: 2076 2291 2118 499 867 1705 202 435 562 2882 129 2771 1604 
736: 1059 2116 889 2474 1596 1302 2424 2994 1664 2575 636 
2965: 578 3085 1977 1476 2017 1617 601 604 2258 31 226 712 906 1827 2362 2478 3152 138 1933 2584 2093 2522 2579 2862 2777 2871 435 2196 1694 2085 930 133 189 266 319 348 454 831 832 1116 1280 1420 1721 2016 2110 
615: 1618 463 673 711 2268 232 462 588 1331 549 497 3134 1514 1600 1854 574 2345 2854 11 2125 1025 
3147: 1618 15 1005 
1902: 1618 142 294 485 
3065: 1117 125 
23: 1117 2677 1176 2329 2312 122 393 2603 2987 168 2497 877 2524 2720 
216: 1117 2291 179 221 2162 1970 1875 170 180 1121 884 
392: 1117 2213 2246 2444 1123 2441 3066 588 592 2329 471 1924 1451 231 1379 880 222 2334 2923 67 152 316 1515 718 1429 
512: 1117 1164 841 209 580 1622 926 2153 196 1166 778 1191 
954: 1117 1002 2249 2224 1135 2743 2824 2297 2825 2935 1388 
2039: 1117 2246 2561 2814 2955 43 1851 2034 676 2356 2483 2809 2088 988 469 1115 423 773 2311 1171 2385 178 
1499: 1117 1176 2483 462 1362 1727 769 1211 
2143: 1117 1408 179 221 2233 1164 2375 1609 
2153: 1117 1164 2569 1768 2875 702 2367 512 1822 1824 1622 1166 
1894: 2142 362 458 790 
2334: 2213 2246 2472 43 2487 2566 1040 2329 2616 2062 2802 3093 406 1048 2471 2474 1596 2515 2787 1971 1855 252 392 1515 2931 2497 109 159 294 340 684 877 1091 2025 2982 
2372: 2213 1015 1906 2471 1776 2526 
2631: 2213 2472 2677 239 2603 2987 168 1153 2497 1666 2551 1039 1955 1987 
2966: 2213 2211 
942: 2213 1133 232 2211 2295 3013 72 1183 1623 
1126: 2213 2633 1979 1980 1982 
1159: 2213 2444 2472 2688 3085 595 1292 458 2481 2706 3060 743 1344 2601 99 841 1337 2684 445 391 1293 101 162 2635 1343 2144 1604 379 1747 1037 
1185: 2213 
1283: 2213 806 2660 3106 2214 1455 1609 3030 2211 706 
1507: 2213 2211 
1779: 2213 2633 1908 1122 1133 2795 2724 2748 2009 1924 2920 2211 293 
1962: 2213 1220 2524 2211 2295 3013 72 1183 
2147: 2213 562 3086 
2200: 2213 806 2628 13 2626 3022 372 433 1900 2619 190 207 
2374: 1707 2673 2755 221 315 2323 2616 2702 1891 1086 1654 1855 2538 185 
2827: 1707 855 1292 670 705 1293 101 
258: 1707 212 2100 2921 1241 2821 
2917: 1735 463 15 3128 1396 1971 1686 943 
110: 1735 1491 601 2776 3156 1475 413 729 2471 1184 71 2678 3015 537 1250 465 294 340 831 342 3082 2572 1508 1786 341 
382: 1735 1677 
1807: 1408 2835 1374 1528 2937 
1104: 2246 434 1760 2282 2441 3155 1247 2285 1086 2312 2591 77 1764 2470 2522 173 494 698 1115 1361 2599 493 168 699 2054 1810 1135 1717 1983 
1725: 2246 559 1379 1167 19 2307 1160 2309 
1759: 2246 2444 595 
2979: 2246 3155 1136 1134 1155 1115 1174 246 1070 2694 1192 
2380: 2246 3085 1350 1497 2724 607 1514 824 1471 526 1303 2819 
3136: 2246 1176 2969 3007 1324 3008 
2414: 2246 2444 2455 2138 420 585 2457 
2247: 2246 3157 2485 1891 2062 1671 1852 657 2794 2520 2126 2683 1708 1594 
1005: 2270 2955 3085 746 1210 291 1282 1719 1927 2184 1441 1062 164 2208 1609 2398 2012 1437 2326 2903 748 1747 2523 2192 2813 3101 3147 1327 
2155: 2270 1821 2794 2429 2533 2357 1973 
2813: 2270 2955 3002 267 2479 2184 2398 2326 1005 3101 
2326: 2270 2955 3085 267 610 711 2282 2333 2447 2481 619 712 1836 2184 2285 15 1799 2294 1883 455 1514 2398 681 1855 42 1005 2813 20 290 328 1420 1849 2907 2416 
2885: 2290 3011 1612 2728 3155 881 1756 878 167 634 2664 2802 85 2041 2470 2474 2522 440 2358 1135 2343 2255 1070 816 1058 1177 1303 
3149: 2290 750 1491 1176 2540 2895 59 461 2160 128 2185 2685 
437: 2291 2017 15 2311 266 2924 991 80 2166 
545: 2291 3085 1240 712 2563 1410 841 1219 1687 1887 834 1190 
1236: 2291 3090 2628 1425 1086 1054 1816 3022 1232 1900 3088 865 2455 1449 1866 2619 379 1592 1604 2457 21 295 868 
1415: 2291 1816 1345 
2315: 2291 1292 15 657 1855 1639 
68: 2368 390 3128 841 1608 1524 2799 1310 1309 1610 2025 
768: 2368 3056 2151 1734 70 2331 2719 
1190: 2368 2513 479 781 649 545 
1329: 2368 2673 2846 362 1123 670 643 2308 1781 1479 2190 1440 2191 
2690: 2368 390 1336 1827 841 2951 
950: 2400 484 1617 226 2724 1279 1115 2311 231 1645 1377 2255 
1088: 2400 2755 434 677 289 2809 2769 2840 1887 1305 
2281: 2405 2561 291 2511 2041 2308 1639 2523 1457 2144 
303: 2405 353 1753 1208 1042 1855 305 2711 1948 304 
717: 2405 969 62 2101 2300 1563 1855 
1548: 2405 973 1908 1719 1046 164 394 867 1290 1753 2777 3048 433 583 886 1232 2208 2086 2236 3097 2767 1877 2218 790 2947 1267 598 1659 2820 1327 
347: 2406 399 2118 1208 435 145 3041 1911 2322 3050 589 
2320: 2419 50 179 595 845 2420 2829 1337 967 1982 
387: 2419 2540 1331 2461 2829 1396 1903 1910 
1132: 2419 179 559 2481 2129 1979 2503 1514 3059 1855 180 2685 
3051: 2419 1763 1292 232 653 2179 2668 2961 
495: 2444 711 1746 2447 15 2980 3069 13 487 1072 1208 1534 1696 1761 2061 2175 1514 2520 2117 2322 1913 1310 1137 206 793 2245 81 2523 2891 11 379 496 1862 1665 1037 2197 805 1551 
496: 2444 487 1072 1208 2190 2175 1514 2520 2322 1137 793 2245 81 495 2523 2891 11 379 1665 1551 2197 805 1862 
195: 2444 2835 2855 1538 595 2118 2479 1014 1054 1288 435 1593 2117 574 2020 589 1604 1203 
1328: 2465 1238 1019 1123 1434 1800 1934 2420 3120 2806 1372 1094 1151 1428 2190 811 1018 2085 1971 880 1310 718 2130 
3131: 2465 221 2172 2767 2467 1224 2432 1365 2570 
2266: 2472 221 2017 2116 2754 1619 1313 337 1250 
116: 2472 399 2452 2099 115 1661 1020 2848 1068 515 687 
159: 2472 780 554 1176 711 3155 1468 1756 542 634 1540 1753 2334 2016 1392 1773 
299: 2472 711 2170 2172 1072 2736 435 1472 2169 2134 2175 2453 2173 1473 2322 2032 1913 2798 1012 2168 589 2197 2004 
339: 2472 2037 2447 384 1870 
513: 2472 2293 1177 
812: 2472 3115 1298 1350 1259 2724 384 2983 3102 565 1595 2649 2260 2838 623 1723 1313 
829: 2472 2776 232 15 3128 657 2336 3034 
957: 2472 3069 774 
1034: 2472 559 
1063: 2472 3115 2695 2969 883 1677 
1313: 2472 384 2527 2983 898 1855 2603 2987 2343 812 2260 2266 
2059: 2472 2987 
2497: 2472 2677 2329 2987 168 2255 23 2631 2334 1551 1153 2554 
3054: 2472 232 
2669: 2472 3014 463 232 461 462 1331 15 550 1978 1810 2565 42 11 814 3040 
2996: 2472 2027 
985: 2506 1977 1176 2566 31 624 1085 2983 2470 443 2260 3055 939 963 
2343: 2506 1002 384 2980 440 1782 2885 1313 1677 
1669: 2506 179 221 1240 1021 2485 2810 235 2713 1906 1989 826 
1945: 2541 2116 2702 1643 1946 857 2407 2858 1038 2863 2303 2968 106 131 236 
285: 2561 2896 15 1404 90 491 1154 67 2671 1498 2199 
1323: 2561 2633 212 479 1176 541 2969 1165 2798 1071 824 1322 
2602: 2561 2755 422 806 484 610 1284 2157 2888 78 388 679 2061 2164 1911 1942 3050 1810 1855 2020 2900 1982 2369 553 1242 
2682: 2561 3060 413 1903 1681 603 
2310: 2615 599 430 2969 1525 819 
1503: 2618 434 1176 1053 614 2094 335 222 1506 2220 
269: 2633 1812 1903 
300: 2633 2118 3075 1453 1533 1396 2020 2001 2187 
518: 2633 43 1330 1979 1980 
1817: 2633 2855 179 197 2010 595 646 1133 472 618 2608 1885 1891 645 2084 1740 2352 679 934 1654 1858 1018 3030 3059 231 823 2545 2924 1017 1220 739 1403 2679 1169 451 2018 
2189: 2633 3002 1133 232 15 1453 1134 1568 1396 1173 2187 
2801: 2633 1292 628 15 1885 13 104 862 101 1137 
3004: 2633 421 
1038: 2673 2773 179 2116 2198 2478 3152 2249 2312 1781 2057 1946 930 2743 2824 534 1070 1074 3042 2825 19 963 1945 1082 
385: 2673 595 494 497 2392 2794 1993 46 1844 1550 
1983: 2673 898 1104 752 
2938: 2673 619 564 625 1308 1718 1395 2657 2708 230 642 84 911 1605 
2554: 2677 221 2743 168 2497 1153 1551 1666 
918: 2688 1684 1002 2447 2479 462 1836 366 2065 2635 2263 265 708 
3092: 2688 2447 1173 2187 
3003: 2688 3115 397 429 874 2483 2555 2088 15 271 1640 187 1821 3126 867 1445 1596 1588 1678 272 233 1527 457 2815 2393 2415 
2417: 2696 2121 2724 1979 1980 1672 1713 2651 1471 1727 
2036: 2710 806 2075 2258 618 1821 2864 
2317: 2710 362 595 271 1870 702 1154 1587 
334: 2710 43 1292 586 588 592 2695 15 624 883 1764 2807 
703: 2710 1298 1164 194 2466 
2136: 2710 
3108: 2755 2784 2932 105 1774 705 878 1740 1593 2558 
1354: 2770 479 15 698 1526 1645 2807 493 1637 1226 875 699 637 1570 
2295: 2773 1767 1617 1661 942 1962 
51: 2773 1799 1193 1367 1806 242 2600 1936 452 2636 
199: 2773 619 720 863 2724 174 620 991 2220 1972 
473: 2773 2384 241 619 1841 494 1135 
1183: 2773 1661 942 1962 2839 
1598: 2773 2724 2345 2674 1366 796 784 
2619: 2784 2232 1576 563 458 1054 2951 411 1235 1593 2245 2259 379 1236 2200 
718: 2808 3011 1123 711 2479 2420 3152 2300 1740 1490 3 880 1793 1440 2976 392 1515 11 623 1429 1328 
1600: 2814 57 422 1845 1021 1977 2064 1908 2235 2248 2253 2323 2338 2356 2483 2485 2555 2810 234 863 892 1356 1475 1733 2006 1885 499 1155 2797 364 487 1448 1753 1588 1740 2777 886 931 1479 1896 974 1020 2516 168 615 1861 
2509: 2835 933 1879 1847 1209 
121: 2835 2224 2920 2921 1362 2838 1786 
165: 2835 1782 451 19 
278: 2835 96 2231 
965: 2835 1331 2214 361 1906 2255 596 1432 
989: 2835 399 1485 1014 276 2897 1781 2392 433 1479 2920 1718 1822 1824 2836 
1203: 2835 399 2118 398 1014 1054 1288 679 1232 1593 195 2020 589 456 
1528: 2835 806 7 497 1288 1397 1332 2454 726 2379 2331 2546 1701 2567 2937 444 1118 1807 1968 
2943: 2835 3115 567 1552 777 2021 
2349: 2846 2855 221 806 672 559 1133 1072 895 2352 435 934 2322 1340 1068 2197 
2525: 2846 825 2253 2258 2607 1428 1462 1629 1017 1793 1537 2649 2176 642 2130 2639 
1535: 2846 2010 672 705 142 494 3030 
1925: 2846 313 
2130: 2846 825 2258 2607 2606 867 313 1428 681 1793 1328 2649 2525 2639 
2756: 2855 2232 672 811 2322 1913 2539 2255 1012 1145 1973 502 683 
2841: 2855 463 670 1465 2352 934 2373 1921 365 
652: 2855 1645 1395 
1973: 2855 902 588 2313 2361 94 1064 1079 608 2175 811 3041 2322 1913 2271 713 2255 556 926 1317 1012 1579 2756 2963 502 1145 589 688 268 1056 2155 
1657: 2879 429 2847 2724 819 3107 1375 438 2763 981 2757 1651 1649 2382 192 1251 
2302: 2927 399 1014 540 102 2617 2649 256 1365 
1066: 2932 1560 358 1890 1349 
2194: 2934 618 619 1733 2157 1312 2536 3006 540 853 1650 1971 1017 620 2963 3122 1498 2001 
280: 2948 1421 232 1356 15 1077 1372 2252 391 520 862 1090 2054 748 
2303: 2948 1330 3153 1367 903 1945 503 407 3074 
431: 2948 221 1911 1624 483 
2990: 2949 3014 43 221 2017 670 2083 2282 2566 31 398 462 1331 2285 271 184 1816 2224 122 273 1545 1246 1447 2994 
2880: 2949 3014 197 1240 1015 289 2323 2856 92 1247 2724 2294 1906 2190 2068 
1863: 2949 289 3075 271 2009 1640 1906 1018 1219 
2024: 2949 221 3127 833 1920 60 
1308: 2955 221 902 2080 2282 2447 398 618 619 2285 1289 564 2398 332 625 1395 483 816 2657 2708 2938 84 230 249 620 642 911 1718 1605 1616 
1676: 2970 2063 
522: 3011 
2187: 3011 1617 289 59 461 597 720 1800 3075 15 1453 2667 1906 122 2579 1396 2807 222 751 300 636 1173 307 3092 2189 
466: 3080 221 479 484 845 2739 2740 481 1472 974 609 1347 2685 
2790: 3085 1014 485 2941 
2944: 3085 221 1240 1774 1292 1134 322 1858 2222 1003 2385 2119 
420: 3085 3067 2414 2729 
1665: 3090 711 13 487 1072 1208 2175 1514 2520 2117 2322 118 1137 793 2245 81 495 496 805 2293 2523 2891 11 379 789 2197 1862 2004 
2307: 3090 3037 1479 1993 1725 2309 2697 
14: 3090 
21: 3090 1350 2454 1236 869 1027 
295: 3090 2118 1879 1880 1236 
1649: 3090 438 890 1657 
1878: 3090 2118 1979 1980 1816 2665 805 1558 
3091: 3090 2601 435 589 3089 
603: 3105 599 3067 96 1818 755 1046 2154 819 2165 1256 2399 2682 126 
2260: 3115 177 1176 2983 3128 353 27 2603 812 1313 985 1495 
2838: 3115 221 653 1054 1445 1753 202 1472 1855 812 1639 316 2484 151 1388 802 1831 2725 121 1268 
178: 3115 2039 
1717: 3115 1612 879 878 2969 1778 440 1104 2154 168 2255 316 428 2874 2946 1254 
1989: 3115 177 2806 1816 2319 581 435 2021 2973 2454 2960 19 415 1669 
371: 3125 2441 889 1430 1233 328 1362 42 1664 3034 1359 834 
579: 3125 289 2249 332 2743 
2141: 3125 2724 2659 1920 2718 2981 
2363: 37 434 2116 1825 2267 2470 2474 174 309 1362 1905 816 2272 2594 
1843: 37 333 1560 2046 
1493: 37 43 1977 1164 2235 2566 3058 3155 59 1045 1247 1841 2198 2616 2849 15 542 2512 2609 85 883 1016 1155 1565 602 1753 168 1211 2886 
1495: 37 1176 3058 1045 1841 15 542 795 2969 2983 2260 1371 
2531: 43 1176 670 2969 2455 2458 1216 19 636 2547 
2731: 43 1111 3058 87 2411 1256 
1890: 43 1560 358 1066 
1581: 43 289 2826 142 15 
1700: 43 221 2323 2447 2702 3075 2046 1466 1854 
2726: 63 2258 0 2134 1119 
2286: 144 595 657 1681 1954 
552: 177 2118 2323 1969 2678 202 1694 544 2239 2752 3041 3088 1911 
2867: 177 599 3037 1731 1930 
2328: 179 2118 1479 2552 2327 
2468: 179 951 595 3152 7 3041 
2533: 179 902 2785 2869 1979 2806 997 1064 2252 2392 2515 657 753 231 2012 520 862 410 748 2968 2432 2155 
2789: 179 
2874: 179 2713 2082 1781 1466 349 1578 170 180 1717 1129 290 
47: 179 1013 811 231 2539 2968 2530 
894: 179 2075 1533 1539 1311 3113 517 
916: 179 2713 494 170 180 
515: 179 116 2546 2592 2962 
274: 179 1176 1331 1682 180 
704: 179 1770 1208 679 2301 3041 1942 2989 
217: 179 559 276 433 255 2612 
2872: 197 2695 2224 1115 2030 2068 1786 
2183: 197 221 463 1240 1123 232 1840 2605 158 1115 1630 1435 1220 2854 2415 260 
1173: 197 463 1977 1617 289 1765 226 241 597 1800 3075 70 1494 1425 1453 2511 2667 645 1906 122 2579 2862 2174 1396 2201 2807 137 632 751 2552 1815 636 723 537 1991 1958 377 3092 307 482 2187 2189 
693: 197 221 393 1071 875 
1032: 212 2312 48 623 2357 93 
2278: 221 1165 2070 
2529: 221 2129 2616 15 1671 
2532: 221 2017 997 2065 42 
2535: 221 267 2282 1331 2285 3031 
2643: 221 1225 64 1270 
2644: 221 2190 231 1690 1539 2968 421 2220 
2711: 221 399 1014 1522 2053 867 1042 1928 305 2836 303 1948 304 
2732: 221 698 895 493 699 
2902: 221 
3109: 221 806 2660 
3141: 221 2073 2493 
3146: 221 1292 289 1002 232 2226 2072 1630 1398 1301 1543 
35: 221 2116 3081 1526 1666 1119 
55: 221 1164 2616 2527 1731 877 2946 2567 
100: 221 601 653 729 2179 322 1018 3140 2020 2119 2919 1582 667 
282: 221 2116 2430 864 1961 168 1070 1074 2882 
294: 221 2017 110 2334 340 1250 343 2432 342 3082 537 1922 2986 2572 637 341 721 1902 661 
311: 221 2017 2447 889 1343 1663 
555: 221 2540 3152 15 2407 
573: 221 2759 
689: 221 1330 1343 
757: 221 
822: 221 2294 1978 3110 2798 584 
872: 221 1789 2017 3119 232 2584 3036 497 1671 2777 2117 3102 1437 
905: 221 3081 1155 1099 2193 
978: 221 2776 472 494 
1105: 221 
1244: 221 2151 1079 1816 2021 3074 
1250: 221 2017 2116 1529 2754 3084 110 2218 2266 48 340 537 2627 2986 3082 294 389 465 637 687 1374 1508 1776 1947 
1562: 221 2017 3128 1026 1160 
1710: 221 2017 1014 115 
1739: 221 2037 2566 494 3042 2624 
1868: 221 1240 2356 232 15 2469 2601 1288 1332 765 
1871: 221 2728 257 259 1420 2720 1401 253 2480 752 2975 248 1531 2793 
1972: 221 494 199 198 
1987: 221 2017 398 1453 1396 2631 2119 850 
2003: 221 1672 122 931 1012 93 
2047: 221 2224 71 2794 2931 
2055: 221 2017 1479 
2149: 221 53 
917: 267 429 617 2775 3093 787 908 1180 
1659: 315 1286 15 2739 2515 1232 1490 2042 2263 1548 943 
1652: 359 2232 1396 1437 
1068: 390 806 1015 1463 595 2083 2832 1040 1163 2157 15 271 1970 1722 2267 99 2084 187 2308 2352 388 679 934 3030 231 354 999 3041 2222 1537 1317 2054 116 2900 2160 2894 2349 1995 67 2428 2848 436 2297 2391 1030 1564 
1501: 397 1896 1831 
8: 399 463 1292 398 1014 1526 231 101 
1347: 399 845 275 2637 2685 466 
2674: 422 1240 1298 31 62 586 588 592 619 3061 32 271 184 469 847 1781 2292 2057 272 1135 2824 1595 1515 316 838 93 642 1598 
1177: 422 2034 595 430 1040 2006 1885 1906 187 867 467 1151 1377 1301 513 502 1227 1010 2885 1937 787 
866: 429 2724 2763 2757 1651 
1371: 429 1040 1372 1380 657 1855 1373 1449 1375 1480 1495 1118 
890: 429 2724 1975 2190 669 1649 
2844: 450 2097 1362 2842 
1786: 450 1774 1238 2097 289 2702 1825 2866 231 576 110 340 465 637 2872 121 224 
2580: 463 1002 1133 232 462 1840 15 2249 1134 64 2743 
54: 463 2232 2252 
2413: 463 712 1816 627 
325: 463 232 
1787: 463 472 1453 1473 3021 2025 
2508: 479 529 988 2207 2249 3111 883 1300 1509 1288 198 625 1293 1951 2068 2824 
1420: 479 2323 2728 257 259 1818 2329 2512 355 2840 2581 2965 2326 574 2635 877 248 1401 752 2480 2720 2793 2975 253 838 1531 1871 
2325: 1240 1121 1666 
1922: 1763 2099 607 3123 898 2565 160 294 3101 
1930: 1763 2100 779 926 2867 
1264: 745 1789 2075 2832 1136 1219 2137 2385 2445 
2572: 1770 110 294 
909: 1770 1646 3030 787 
796: 2010 595 2430 3058 31 232 586 794 2606 1085 2897 3111 1713 2515 433 654 1455 657 1613 2794 266 305 1545 2936 716 160 1598 2018 
1299: 2010 1292 48 2612 1958 
2199: 2010 302 1053 1434 2896 1640 1115 1467 3030 3059 2924 1404 2054 491 1154 67 2671 1498 285 
2905: 1774 1019 2253 92 1465 209 589 
2930: 1774 969 2430 520 1488 2650 2889 2505 
248: 1612 2728 257 259 2329 2724 2312 3093 2386 1596 1420 2379 2720 2113 348 1401 253 2480 877 752 2975 2344 2793 1531 1871 
1531: 1612 1238 2728 257 259 1206 1247 2329 1086 2512 2609 847 2474 698 681 1420 1070 2635 2720 1401 253 2480 877 752 2975 248 2793 2886 1871 
1703: 1612 2116 2329 795 1694 2931 2451 2223 
1148: 1612 2530 1677 1666 
1140: 1804 1294 1497 795 1036 
1769: 1298 2232 484 646 111 406 1226 971 1456 2070 342 756 714 2040 
1907: 1298 2724 2718 
2685: 2232 1746 2540 845 1338 1295 974 2816 1347 466 1132 3149 
2995: 806 
80: 806 1133 138 1134 2292 2581 437 
410: 806 2075 1749 296 1821 2061 1451 64 2924 2539 3021 2533 1498 
1061: 806 2075 1749 2660 2775 
2089: 806 705 
760: 1330 15 2527 1011 1018 838 154 
2124: 1330 3023 1732 312 
1923: 825 711 2258 2607 1062 2758 1072 2515 467 1199 1850 1911 90 2936 1550 1234 1839 2968 
124: 1336 2856 1816 1821 433 931 1896 1550 
761: 1336 484 2951 139 388 435 2794 1162 1837 
966: 1869 472 3128 2524 1920 2610 968 1632 254 251 
2257: 854 599 
2393: 855 670 142 461 801 913 1980 2386 1883 114 1810 1069 3003 
3103: 1350 2162 2724 2252 273 1920 1547 
488: 1350 1289 1991 2296 1043 
3007: 1350 3010 1816 1781 3077 819 166 3136 1107 1082 1721 
738: 1350 2584 296 523 1806 
1029: 1350 2724 1608 2084 523 160 161 162 166 169 819 802 1723 1480 2505 163 1031 1721 
714: 673 712 2783 2190 758 1688 1158 1769 834 2553 2782 476 1268 
2923: 902 912 1443 1977 1684 1053 2478 3152 2775 471 3097 920 1730 244 392 2466 943 
2150: 902 2478 329 1816 2752 478 1449 687 
113: 1424 1479 2759 306 
791: 1424 1617 2479 355 69 76 75 
686: 1021 874 2235 2356 0 155 653 366 1219 2012 2681 3121 648 
1728: 1021 2064 2430 2329 1645 
1632: 1952 641 1095 3152 1385 1858 936 365 961 3021 1392 820 966 375 
1996: 1789 1538 2628 2985 3032 3066 291 624 2009 928 2095 3016 2681 1127 457 3150 945 
1650: 1977 1617 937 2282 226 460 1053 1331 2285 2957 7 419 2863 2634 2263 2316 865 2194 
2699: 1977 879 881 1733 878 3069 1854 
758: 1977 2285 626 1599 2897 964 994 244 1971 1301 714 
2110: 1977 226 1053 3152 1219 2965 133 
386: 1476 2151 3057 2897 841 122 1740 1926 266 2798 1626 748 2274 1909 
377: 969 2378 2849 1173 2852 
135: 969 2556 2794 416 2976 
2693: 1485 2795 3050 
1135: 1485 1111 815 1284 1081 1979 1552 1980 643 847 2041 2046 2474 1011 1533 1693 1426 493 1104 1320 1782 2358 954 1388 2885 2674 2675 1401 2886 473 1268 1602 
1274: 1485 2985 138 2550 2596 2046 187 1624 
2382: 2017 1331 1497 1855 2863 1480 1657 1036 
587: 2037 
1602: 2037 1135 735 2473 850 
1834: 2037 15 1883 2684 1514 493 391 1810 1895 
2114: 1019 2776 2447 867 2988 1428 1870 416 748 831 2436 1573 131 
2604: 1538 2214 2294 549 2190 27 2765 
478: 1463 1123 1176 2323 1163 2478 2392 1440 3139 2150 1995 
642: 548 1111 2664 499 1671 564 1645 625 1308 1718 3050 1395 2657 2674 2708 2938 84 230 1605 2525 877 1303 911 
2946: 561 1176 2329 2616 626 2312 1717 55 582 1587 
1442: 563 1054 457 1386 
141: 2097 289 1614 811 2697 
1169: 2097 2785 2591 1279 173 139 313 2424 2622 2648 2144 1817 1414 
752: 2064 2323 2728 257 259 2329 231 493 1420 2720 1401 253 2480 877 248 2793 2975 1531 1983 1871 
2242: 2116 
2348: 2116 3093 206 3154 
2582: 2116 2301 622 
2700: 2116 
95: 2116 2617 1270 1570 1039 
281: 2116 
660: 2116 1363 
923: 2116 
1083: 2116 
1402: 2116 2865 
1798: 2116 1666 687 2562 2701 888 1355 1570 
1806: 2116 1563 11 738 51 
706: 1098 3106 2365 443 1283 2707 2517 
1935: 1098 1054 2046 2455 2458 1369 708 19 
2314: 595 1979 1013 2392 1609 520 2263 327 
2870: 595 1775 196 
2890: 595 
3112: 595 196 
264: 595 2897 538 1782 2127 451 128 
409: 1617 226 1827 138 2664 1004 635 1020 
1324: 599 1176 879 2969 2224 1165 2798 209 416 3055 1322 3136 1245 802 1727 3133 
2576: 601 3152 277 1645 681 2135 
790: 1111 460 1816 931 1467 2190 2794 511 2012 1099 2649 2042 1150 360 1265 2220 1548 421 2709 1894 
200: 611 2090 228 2555 2837 15 2806 1883 1924 2599 3059 1447 
1227: 2151 3047 430 879 1434 1377 1177 
2492: 1478 1545 
1668: 629 1434 1609 1678 1569 1121 1511 1837 492 
2146: 646 1970 1147 2421 649 
1383: 973 2267 273 
506: 1164 2724 3128 1325 2722 1944 824 162 160 161 166 169 163 
126: 1292 618 1733 2957 2951 1924 2165 603 1349 
797: 1292 15 1747 
2376: 1176 3106 2667 1455 1209 623 1303 
2526: 1176 142 1136 2969 2224 122 145 1866 438 2387 2372 
2567: 1176 2969 497 348 1528 55 1587 
979: 1176 953 1397 1688 726 
1360: 1176 1560 
1872: 1176 
1937: 1176 663 494 2283 2798 503 802 1177 
2026: 1176 541 3128 494 802 1752 
2217: 1176 565 
374: 672 679 
830: 937 
1305: 677 289 2809 1088 
1986: 2204 541 
2753: 705 1295 1492 631 
2135: 2083 1076 2332 1791 2862 1693 2920 2322 1320 3050 209 2218 2681 2640 2921 900 589 2466 457 60 688 1222 22 2576 2883 
3024: 711 1885 2543 1439 2931 
67: 711 226 2896 2156 853 209 1404 392 491 1154 1068 285 1498 2671 2199 
807: 711 528 523 1165 2054 831 
962: 711 2530 3139 
1610: 711 2869 607 2043 2224 523 824 68 2961 
630: 559 59 2857 451 
376: 719 2208 2411 
341: 2235 110 532 343 2229 3082 1992 294 
41: 1746 2464 1426 574 
2986: 2268 3084 1250 884 537 294 389 661 
348: 2452 1671 2190 2965 1440 2297 2567 248 
1194: 2452 53 1220 
1557: 2452 1295 
308: 2482 2520 1037 1832 
2750: 2534 849 960 
3161: 2540 1840 1453 1397 2603 
1457: 2776 2281 
2742: 2776 472 498 
1307: 2776 2009 2511 419 2921 189 1572 2729 
1724: 2776 
2815: 2776 3030 2336 3003 
3040: 2776 1331 2862 1924 2599 3059 2921 2669 2779 
1578: 29 1979 1119 2874 
489: 29 961 3062 
697: 29 2888 3135 
2429: 289 3057 1653 494 2539 1440 2155 240 1419 514 
2655: 289 647 
2868: 289 628 607 1855 814 1887 1572 
3138: 289 2605 1821 1780 
861: 289 31 398 15 271 2179 184 122 
1401: 289 2728 257 259 1247 2329 2312 847 2470 1135 1420 1537 2649 2720 877 248 2480 2793 2975 253 752 1531 1871 
910: 289 
419: 289 1840 728 2511 3123 1109 1062 1199 477 681 1650 2759 1307 598 
1964: 289 
2132: 289 2897 1385 1435 1220 
787: 289 2425 1591 1177 909 908 917 
2234: 289 991 2030 2068 
667: 289 241 3075 1396 100 
1616: 458 594 2351 1295 1308 2144 360 1919 
675: 458 1978 
998: 1002 2888 2752 1492 1971 1162 127 
3089: 1133 567 583 2086 2236 3091 123 2709 
287: 1529 2312 2829 947 2787 699 2284 
1675: 1765 
2473: 2118 2543 1433 1602 
45: 2118 2375 435 1855 1382 
1273: 2118 1816 435 2299 1880 
1558: 2118 2115 202 435 1877 589 1551 1878 
370: 2248 
655: 2282 2285 344 865 
1718: 2282 398 618 619 2285 1970 1062 625 1308 816 2657 2708 2938 84 230 620 642 911 989 1605 
3072: 2282 2285 2553 2830 
2597: 2282 2285 
2942: 2323 
2438: 2323 2214 1310 2409 
1419: 2333 618 619 663 2794 2429 
2161: 2333 1740 358 813 2031 636 943 
2852: 2378 2849 377 
2991: 2425 2016 2907 
373: 2441 889 1430 416 1362 1664 1359 834 
414: 2441 626 889 1664 
1873: 2447 461 326 636 
2192: 2479 59 468 2579 2862 2392 1613 2807 748 1067 1005 2261 
635: 2483 1827 138 606 1020 409 
687: 2483 115 116 1250 1798 2150 2562 2701 1355 888 
956: 2483 1656 108 3114 
2140: 2485 369 1708 
1268: 2621 2622 1135 2838 714 
2793: 2728 257 259 1420 2720 1401 253 2480 752 1009 2975 248 1531 1871 2935 
2975: 2728 257 259 2329 1646 1855 1420 2720 185 1401 253 2480 877 752 248 1531 2793 778 1871 
405: 2837 1777 2308 523 2767 900 2466 2432 
1030: 2837 809 1722 1300 187 309 3041 823 622 391 862 960 884 1068 2205 
229: 2856 2897 1609 2794 3030 1732 
774: 2856 2073 2664 3069 1924 957 
846: 2856 1903 2339 831 
1815: 3037 712 1891 1115 2020 2385 2551 1173 
1583: 3067 
1897: 3106 
1007: 18 1338 
3137: 31 588 1392 
1179: 31 122 1396 365 
1: 59 15 
2327: 62 953 2328 237 
2781: 142 2993 737 
301: 142 15 
648: 155 619 2190 1220 620 686 
140: 226 726 
1555: 226 1062 
1790: 232 
2390: 259 2171 3132 2480 
1027: 291 21 869 
2903: 462 15 2470 2862 411 1426 1005 2824 818 3122 
237: 472 15 2327 
2449: 472 1681 
152: 516 836 2175 392 
1382: 539 1671 45 
2355: 541 372 977 1723 
2632: 541 1959 
2426: 586 588 592 1430 1096 1866 2650 2264 
2542: 588 1470 251 2729 
1271: 588 1263 
1003: 592 2606 2608 70 1816 2944 
2297: 617 2743 2824 954 2825 348 1068 
2708: 618 619 564 625 1308 1718 1395 620 2657 483 816 230 642 84 911 1605 249 2938 
992: 619 
1178: 666 
1065: 666 
1673: 845 2958 1113 
1828: 879 2724 1799 1426 2012 1395 2011 2255 1403 189 
613: 1014 3128 
769: 1053 1312 1705 1499 
963: 1143 1038 985 
1060: 1259 1468 1756 167 634 1646 85 2112 2931 838 1963 732 1915 1058 
1024: 1331 
3078: 1434 1435 1220 
1957: 1434 2854 416 2407 1433 2858 2624 1270 2863 1884 
1036: 1497 2382 1140 
336: 1692 2065 
2907: 1742 1745 2326 2991 
1477: 1742 1825 
1741: 1742 2794 2545 2016 
1488: 2027 271 413 2224 1821 574 1374 2930 
120: 2148 2292 1526 118 808 117 2648 2718 2014 2749 
553: 2157 2888 78 388 2061 2164 2900 2602 1242 2369 
1918: 2157 549 1013 1064 388 215 415 
1212: 2162 1550 
2733: 2170 1453 2172 2174 2736 654 1472 2169 2173 1473 2807 2168 778 
1780: 2184 1816 2021 2455 2458 1082 19 3138 
1039: 1095 1001 1064 568 2787 2631 95 
183: 2285 3100 1492 
2005: 2329 1119 1666 
622: 2478 3152 988 2249 2267 3012 3111 1300 1509 2536 2453 2537 2582 2968 84 1030 1110 
1384: 2608 3030 
924: 2702 1241 
2727: 2702 953 1552 485 2941 
3135: 2724 2969 2924 697 2243 726 
163: 2724 1029 160 506 1859 
1055: 2724 824 
1217: 2724 3128 1452 819 1139 623 2763 1480 
1579: 2724 15 1726 3116 564 2581 2539 1626 1973 2321 1056 
2842: 2724 1979 2434 1783 2844 
2757: 2724 795 1064 1479 1993 503 2763 1657 866 
2622: 3068 1085 1883 1289 2117 1169 1114 1158 1268 
2280: 3075 1453 953 1396 657 1688 623 2038 
2366: 3075 2601 2951 1396 
249: 3075 2807 625 1308 2708 
852: 3152 
2715: 15 1911 
2861: 15 2957 3128 546 1801 171 763 
1744: 15 568 309 753 
1809: 15 271 231 2863 400 401 
2133: 15 2112 
381: 138 2455 
818: 147 2903 53 2436 1222 737 
407: 276 1821 1067 2303 
2230: 413 1115 2345 1090 2635 
1107: 607 2043 2046 819 3007 2446 3008 
293: 624 1779 
1674: 653 636 
3118: 663 2269 1090 
2676: 795 1816 
1254: 2101 2226 2301 1717 877 1666 
820: 1312 727 1632 
1561: 1899 2018 
2892: 1933 108 
2873: 1453 2897 
1187: 1453 1980 1310 1958 
2240: 1599 2214 1289 1426 
2341: 2009 366 
2811: 2073 1560 243 
939: 1085 2190 160 985 
2092: 1086 2474 
871: 1237 657 1681 
2071: 2249 3128 2888 
740: 2312 111 122 877 
1658: 2460 2713 
946: 2493 636 
2530: 2502 2504 361 1438 1441 3006 47 3077 537 962 1148 
696: 2511 2424 
1231: 2601 1886 591 
131: 2647 1946 1270 1945 185 2114 
243: 2647 2664 1666 2811 
375: 2647 1363 1392 1632 
1628: 2664 297 2796 
2860: 2664 3030 
312: 2803 2124 
949: 2829 647 3102 
1677: 2929 2046 1361 1444 2301 2520 2343 1063 505 382 1057 1148 1788 
2477: 2957 698 2252 
2937: 2969 1397 1528 1807 
182: 2969 2574 354 999 
1170: 2969 726 1192 
2256: 2983 1993 1439 900 850 
1666: 3081 2224 602 533 3151 1801 2631 340 35 1798 26 2538 1197 884 1129 1035 2554 2325 1254 243 1057 1148 2005 
2816: 3093 1580 2190 849 503 2779 2685 108 476 
662: 3093 526 
1393: 3093 
1102: 3128 
2178: 77 1560 2301 2603 2987 
1776: 99 1808 1250 185 2552 2372 3082 537 637 558 
2177: 184 598 
1663: 344 311 2067 400 401 1223 1655 
2067: 344 1226 1498 1663 33 400 401 1223 1655 
2388: 426 2581 2263 2193 
2687: 427 
1417: 469 173 2581 1889 
1956: 481 1094 222 1808 1506 
2058: 528 1608 
2850: 549 1671 2190 657 
1196: 549 497 
835: 990 2536 2351 2515 564 817 2190 3094 1150 
286: 997 1816 2021 877 1755 1623 
2357: 1013 1757 1969 2190 1609 511 2155 1032 1265 2220 
20: 1048 2326 2552 1023 850 869 
869: 1048 1609 21 20 1027 
1830: 1054 976 
730: 1109 2224 
2104: 1134 2863 2981 2105 3062 
925: 1287 1900 574 
1627: 1287 1955 
2614: 1560 875 
2701: 1560 1798 687 1355 860 2562 888 
3114: 1560 956 2008 
215: 1560 2190 1831 1918 
1349: 1560 1782 2165 1066 126 
2167: 1560 358 2196 636 
2666: 1563 2993 218 
2984: 1608 1672 
1373: 1608 523 1449 1371 
870: 1640 1911 1801 
690: 1672 
1762: 1672 
2548: 1713 1162 2276 
1348: 1713 455 416 802 
1860: 1713 2455 824 166 
30: 1764 681 532 1168 
2418: 1816 1870 493 877 1303 251 
176: 1816 202 
759: 1816 2021 3133 
1505: 1906 
250: 1975 1158 
2081: 1978 2470 
2876: 2082 
475: 2082 1855 
1723: 2084 49 812 1029 2428 1480 2355 
1944: 2084 523 503 2719 306 506 776 
674: 2224 1609 2225 3074 
1280: 2224 2965 316 
1326: 2224 
955: 2386 2174 1472 1629 1993 2875 1547 585 896 
1542: 2951 
2877: 322 3102 961 2119 
3117: 494 
737: 494 2993 2520 818 2781 
1635: 494 509 
1697: 497 
1546: 497 
1028: 1062 393 1199 1850 1877 2079 
2079: 1062 933 1705 2888 78 393 1151 1199 2061 1877 1028 
2662: 1184 2659 1278 1920 3028 590 828 
2505: 1821 2924 1738 1029 2930 
558: 1338 1295 1645 1776 
225: 1671 
2585: 394 27 2379 245 669 2586 
75: 1924 3030 2001 2498 3021 791 
1118: 1740 1449 2016 1371 1528 
1794: 1740 1569 735 
2661: 1208 1811 
762: 1208 
665: 1781 2545 
1261: 1781 2057 
1500: 2371 
2887: 425 56 58 
952: 1984 245 
2181: 2392 2762 574 
2423: 3048 433 435 2649 2612 2042 123 2820 
1601: 3095 
851: 202 
2978: 388 486 
2237: 388 
2650: 433 435 2651 2426 2930 
3049: 562 
1636: 562 
911: 564 625 1308 1718 1395 2657 2708 2938 84 230 1605 642 
304: 1042 305 2711 303 1948 
2457: 1235 1236 2414 
683: 1870 2756 
784: 2057 1595 1598 
509: 2086 1074 850 1635 
2409: 1396 2438 
4: 1396 1609 
1727: 1396 1004 1439 1499 1449 1324 2417 
2103: 2411 2794 3033 1550 1204 
2050: 2762 961 2547 
2878: 2225 
1189: 2599 1128 485 2941 
1101: 1426 2517 
2243: 523 2973 849 935 1049 3135 3077 
2691: 523 2859 
263: 2794 1645 2689 
1584: 2794 252 
2288: 853 
1974: 1018 1200 
2264: 1526 416 2426 
2709: 511 790 421 1265 3089 
1829: 231 
38: 1363 2274 
2989: 1942 2020 1921 704 
2926: 3102 632 
1508: 110 1250 637 
284: 535 
210: 681 
2516: 1600 
1951: 2508 
2537: 622 
236: 930 2858 1945 1242 
148: 266 
2284: 493 699 287 
290: 2326 2874 1570 
2416: 2326 
776: 391 935 1944 763 1082 
1811: 1332 819 726 2661 2331 1701 444 1968 
2886: 1135 2720 253 1493 1531 
2906: 1855 1082 
34: 1855 416 
2718: 118 117 120 2141 828 1907 2014 
2000: 813 
2998: 2683 56 2020 1685 
470: 27 
1736: 53 
3076: 2973 808 935 3077 1200 726 1607 
3062: 489 2104 
3148: 1530 2863 
1056: 1090 2054 1579 1973 
2276: 1220 2548 
3064: 416 
254: 416 968 251 966 
442: 416 
314: 1515 
2935: 954 2793 
2410: 1681 
970: 1639 
260: 2183 
2821: 258 821 
2431: 2455 2458 
16: 2455 2458 
188: 2455 2432 
2180: 2455 2211 
661: 340 1270 3082 2986 294 
2354: 2651 
2445: 2865 1264 
389: 1250 537 2986 637 
2899: 1270 
2562: 1798 687 860 2701 
888: 1798 687 860 2701 
1049: 2243 935 
1607: 3077 3076 
2859: 2691 636 
1215: 503 
2719: 1944 768 
306: 1944 113 2016 2864 
1859: 824 160 161 166 163 
1031: 1029 
1399: 1209 
669: 2585 1375 438 890 1648 
439: 2863 
1783: 2020 2842 
986: 2960 981 1480 
940: 3045 936 2446 1771 
2819: 3107 2380 
3028: 1139 2446 2662 
2571: 1167 
1904: 1866 
572: 1936 
2749: 1920 120 
828: 2718 2662 
2941: 2790 1189 2727 
2215: 86 
772: 1200 
192: 981 1657 
771: 1506 
2680: 1498 
692: 1660 
2919: 100 1582 
1582: 100 2919 
2839: 2387 1183 
1820: 129 
383: 1374 
3087: 636 
213: 636 
444: 636 1528 1811 
1667: 2296 1392 
2999: 2389 
1623: 942 1755 286 
996: 961 2547 
707: 884 2501 
1161: 166 
1192: 2979 2694 1170 
3083: 627 
1251: 1657 
134: 1392 
181: 1392 
1230: 722 
1968: 1528 1811 
2195: 1856 
400: 1755 1809 1663 2067 1223 401 1655 
401: 1755 1809 1663 2067 400 1223 1655 
685: 2547 
1057: 1677 1666 
1788: 1677 
1180: 917 
517: 894 
2962: 515 
396: 1587 
492: 1668 
2501: 2105 707 
590: 2662 
766: 767 
1223: 1663 2067 400 401 1655 
1655: 1663 2067 400 401 1223 
33: 2067 
821: 2821 
