0 318
318 28
318 142
318 206
318 243
318 288
318 309
318 620
318 633
318 516
318 695
318 902
318 544
318 777
318 684
318 417
318 940
318 565
318 1073
318 823
318 887
318 345
318 867
318 486
318 996
1 746
1 1256
1 377
1 128
1 557
1 4
1 769
1 1286
1 1292
1 534
1 155
1 1170
1 414
1 42
1 935
1 555
1 556
1 177
1 566
1 440
1 189
1 1204
1 191
1 826
1 575
1 1060
1 960
1 1351
1 85
1 1355
1 976
1 1233
1 890
746 34
746 39
746 44
746 56
746 61
746 75
746 85
746 96
746 128
746 129
746 134
746 135
746 155
746 160
746 161
746 169
746 176
746 189
746 191
746 200
746 205
746 238
746 239
746 240
746 245
746 252
746 273
746 288
746 298
746 301
746 314
746 356
746 359
746 363
746 377
746 378
746 388
746 395
746 400
746 412
746 414
746 415
746 418
746 419
746 430
746 440
746 441
746 442
746 455
746 464
746 466
746 470
746 472
746 520
746 523
746 530
746 534
746 536
746 537
746 552
746 555
746 556
746 557
746 558
746 577
746 578
746 597
746 629
746 642
746 646
746 647
746 654
746 656
746 669
746 671
746 675
746 678
746 687
746 698
746 712
746 721
746 732
746 741
746 742
746 745
746 997
746 999
746 1000
746 1029
746 1034
746 1035
746 1053
746 1055
746 1072
746 1074
746 1048
746 1078
746 1090
746 1106
746 1371
746 767
746 1134
746 1138
746 854
746 1146
746 1150
746 1151
746 1157
746 1165
746 1170
746 1173
746 1182
746 949
746 1222
746 867
746 1233
746 1250
746 1251
746 748
746 1256
746 1258
746 1265
746 759
746 1274
746 1275
746 1276
746 1277
746 1278
746 1279
746 1280
746 1281
746 1282
746 1284
746 790
746 963
746 1307
746 804
746 813
746 816
746 818
746 1328
746 826
746 827
746 1175
746 1054
746 1345
746 841
746 803
746 1351
746 889
746 1355
746 849
746 1357
746 1361
746 858
746 1370
746 1372
746 874
746 883
746 887
746 894
746 895
746 905
746 912
746 1153
746 935
746 959
746 940
746 951
746 952
746 822
746 958
746 1252
746 960
746 965
746 968
746 1162
746 973
746 976
746 977
746 979
746 987
746 996
746 994
746 1336
1256 85
1256 128
1256 414
1256 555
1256 558
1256 1351
377 4
377 6
377 13
377 34
377 42
377 43
377 47
377 77
377 82
377 87
377 88
377 96
377 103
377 104
377 135
377 150
377 153
377 155
377 158
377 174
377 188
377 191
377 195
377 200
377 208
377 211
377 228
377 232
377 235
377 258
377 259
377 260
377 267
377 297
377 298
377 322
377 329
377 356
377 358
377 375
377 376
377 492
377 1000
377 1006
377 1014
377 517
377 518
377 527
377 534
377 1053
377 1055
377 552
377 553
377 1074
377 1090
377 1091
377 1353
377 1099
377 600
377 1109
377 1145
377 1151
377 650
377 654
377 668
377 674
377 521
377 678
377 1192
377 691
377 1202
377 698
377 1034
377 783
377 1233
377 1245
377 743
377 1261
377 758
377 765
377 780
377 1291
377 1292
377 1293
377 1296
377 1303
377 883
377 817
377 818
377 1328
377 1333
377 827
377 1336
377 832
377 1350
377 846
377 550
377 1370
377 1372
377 1231
377 895
377 896
377 912
377 914
377 410
377 919
377 412
377 1110
377 935
377 430
377 436
377 437
377 440
377 441
377 951
377 958
377 960
377 739
377 463
377 993
377 471
377 658
377 482
377 1251
377 486
377 487
128 77
128 85
128 682
128 269
128 699
128 1070
128 790
128 889
128 1143
128 966
128 641
128 1351
128 414
128 267
557 13
557 14
557 20
557 37
557 42
557 50
557 56
557 67
557 85
557 96
557 103
557 104
557 110
557 123
557 142
557 147
557 166
557 174
557 190
557 191
557 200
557 226
557 240
557 245
557 267
557 272
557 273
557 288
557 312
557 314
557 336
557 340
557 349
557 354
557 359
557 360
557 369
557 372
557 375
557 376
557 378
557 383
557 410
557 467
557 486
557 495
557 522
557 534
557 553
557 555
557 556
557 1008
557 1025
557 1034
557 1048
557 1050
557 1055
557 1074
557 1078
557 1080
557 576
557 1087
557 1268
557 610
557 1133
557 632
557 1141
557 1151
557 1163
557 1165
557 663
557 669
557 671
557 1196
557 691
557 781
557 1215
557 710
557 1204
557 867
557 721
557 1233
557 1241
557 1245
557 748
557 761
557 767
557 1285
557 1293
557 790
557 794
557 804
557 883
557 813
557 826
557 827
557 993
557 846
557 1355
557 1357
557 854
557 866
557 895
557 558
557 912
557 913
557 914
557 922
557 934
557 935
557 960
557 963
557 965
557 996
557 575
4 1254
4 375
4 1140
4 894
4 895
4 647
4 1284
4 400
4 275
4 1163
4 912
4 666
4 1048
4 37
4 293
4 1310
4 173
4 683
4 561
4 816
4 817
4 314
4 166
4 1074
4 1245
4 1034
4 1268
4 1349
4 461
4 719
4 317
4 85
4 219
4 220
4 348
4 732
4 1113
4 865
4 358
4 383
769 78
769 160
769 195
769 200
769 267
769 410
769 471
769 492
769 502
769 533
769 615
769 633
769 663
769 685
769 687
769 1141
769 1144
769 789
769 944
769 1214
769 960
769 1355
769 1110
1286 191
1286 211
1286 263
1286 309
1286 505
1286 606
1286 633
1286 863
1286 865
1286 866
1286 913
1286 951
1286 1165
1286 1166
1286 1308
1286 1293
1292 103
1292 104
1292 191
1292 359
1292 382
1292 534
1292 549
1292 558
1292 677
1292 846
1292 1064
1292 1204
1292 1227
1292 1355
534 10
534 11
534 14
534 19
534 34
534 42
534 43
534 54
534 60
534 67
534 69
534 77
534 85
534 88
534 96
534 99
534 103
534 107
534 118
534 129
534 135
534 139
534 150
534 153
534 155
534 158
534 160
534 161
534 166
534 167
534 174
534 176
534 183
534 185
534 186
534 188
534 189
534 191
534 195
534 197
534 199
534 200
534 202
534 211
534 215
534 232
534 233
534 240
534 258
534 259
534 267
534 269
534 288
534 291
534 297
534 298
534 301
534 314
534 325
534 327
534 328
534 329
534 358
534 363
534 370
534 372
534 375
534 376
534 378
534 383
534 386
534 388
534 389
534 400
534 412
534 414
534 415
534 417
534 419
534 420
534 430
534 434
534 436
534 437
534 440
534 441
534 442
534 444
534 446
534 447
534 463
534 466
534 489
534 494
534 495
534 514
534 520
534 522
534 525
534 527
534 529
534 530
534 533
534 997
534 1006
534 747
534 777
534 1014
534 1029
534 1002
534 1035
534 1038
534 1041
534 536
534 537
534 1048
534 544
534 1053
534 1055
534 1091
534 552
534 553
534 1060
534 541
534 556
534 1200
534 868
534 561
534 1070
534 565
534 1075
534 1076
534 927
534 1079
534 578
534 1085
534 580
534 1090
534 1093
534 1095
534 1099
534 764
534 611
534 766
534 1127
534 922
534 767
534 625
534 1136
534 1141
534 1144
534 641
534 1151
534 648
534 649
534 1157
534 652
534 654
534 1163
534 1165
534 1170
534 1026
534 1173
534 673
534 1184
534 1187
534 685
534 1192
534 1196
534 663
534 866
534 714
534 1224
534 1226
534 951
534 1233
534 575
534 735
534 1245
534 1250
534 1251
534 745
534 748
534 1257
534 1258
534 1259
534 754
534 758
534 759
534 1270
534 1271
534 765
534 768
534 771
534 773
534 780
534 651
534 1296
534 790
534 963
534 1132
534 1307
534 801
534 965
534 1313
534 1315
534 883
534 669
534 647
534 1323
534 818
534 1326
534 1327
534 880
534 889
534 828
534 829
534 1308
534 832
534 1056
534 719
534 1328
534 1354
534 1355
534 550
534 1358
534 852
534 1360
534 854
534 551
534 859
534 805
534 863
534 865
534 867
534 1074
534 1057
534 873
534 874
534 1312
534 879
534 888
534 896
534 893
534 895
534 1025
534 813
534 905
534 1370
534 1113
534 1229
534 917
534 1153
534 921
534 932
534 935
534 1303
534 952
534 954
534 958
534 959
534 960
534 962
534 1246
534 909
534 966
534 555
534 979
534 983
534 985
534 986
534 675
534 744
534 993
534 994
155 52
155 107
155 119
155 120
155 745
155 240
155 748
155 376
155 631
155 514
155 1270
155 1144
155 1274
155 1275
155 388
155 1277
155 1278
155 1151
155 1280
155 1281
155 1282
155 395
155 1279
155 654
155 279
155 536
155 158
155 160
155 1048
155 1174
155 675
155 295
155 296
155 425
155 554
155 1061
155 176
155 558
155 732
155 355
155 948
155 1064
155 191
155 952
155 907
155 1208
155 829
155 1085
155 200
155 949
155 1182
155 205
155 960
155 1348
155 1222
155 653
155 464
155 1014
155 525
155 1276
155 597
155 1233
155 1334
155 575
155 552
155 987
155 1370
155 359
155 360
155 189
155 489
1170 18
1170 87
1170 745
1170 890
1170 960
1170 1000
1170 1196
1170 1200
1170 1293
414 85
414 134
414 160
414 169
414 189
414 191
414 239
414 240
414 252
414 269
414 297
414 301
414 312
414 378
414 388
414 412
414 745
414 1337
414 1258
414 873
414 915
414 1263
414 997
414 874
414 472
414 1274
414 1029
414 999
414 646
414 647
414 1284
414 442
414 1055
414 1034
414 1035
414 1038
414 790
414 1153
414 415
414 419
414 675
414 1182
414 552
414 808
414 813
414 1196
414 818
414 889
414 951
414 1209
414 1210
414 958
414 887
414 1216
414 455
414 965
414 1222
414 1351
414 678
414 1102
414 1026
414 1078
414 854
414 742
414 952
414 759
414 1112
414 987
414 996
414 994
414 1251
42 2
42 13
42 20
42 36
42 37
42 239
42 103
42 1130
42 498
42 577
42 250
42 938
42 635
42 636
42 509
42 894
42 895
42 896
42 819
42 517
42 520
42 777
42 778
42 525
42 785
42 714
42 790
42 1165
42 285
42 477
42 204
42 166
42 1054
42 169
42 173
42 935
42 558
42 687
42 940
42 732
42 54
42 309
42 1071
42 1200
42 314
42 503
42 1331
42 575
42 576
42 323
42 578
42 1085
42 202
42 1090
42 1091
42 1315
42 1076
42 359
42 401
42 592
42 762
42 1229
42 1104
42 979
42 472
42 832
42 224
42 382
42 975
42 610
42 1245
42 297
42 1374
42 383
42 107
42 1251
935 23
935 28
935 37
935 43
935 44
935 67
935 78
935 83
935 89
935 96
935 103
935 104
935 148
935 160
935 161
935 164
935 166
935 179
935 188
935 189
935 190
935 191
935 200
935 212
935 222
935 224
935 231
935 235
935 236
935 239
935 240
935 243
935 267
935 285
935 314
935 331
935 340
935 354
935 356
935 358
935 359
935 375
935 376
935 378
935 382
935 412
935 415
935 416
935 436
935 440
935 442
935 453
935 467
935 486
935 487
935 494
935 505
935 514
935 523
935 533
935 544
935 555
935 556
935 558
935 577
935 578
935 635
935 642
935 649
935 658
935 668
935 669
935 671
935 683
935 685
935 688
935 693
935 696
935 698
935 705
935 709
935 714
935 735
935 748
935 758
935 759
935 771
935 780
935 790
935 806
935 811
935 813
935 815
935 816
935 820
935 826
935 827
935 828
935 829
935 863
935 866
935 867
935 887
935 888
935 889
935 895
935 912
935 913
935 914
935 918
935 919
935 934
935 1008
935 1009
935 1025
935 1034
935 1035
935 1054
935 1055
935 1070
935 1074
935 1076
935 1370
935 1090
935 1093
935 1095
935 1106
935 1371
935 1130
935 1145
935 1151
935 1163
935 1165
935 1000
935 1173
935 1182
935 1218
935 1222
935 1228
935 1233
935 1237
935 1251
935 1252
935 1258
935 1041
935 1291
935 1216
935 1048
935 1174
935 1315
935 1360
935 1061
935 1064
935 1320
935 938
935 960
935 962
935 993
935 965
935 968
935 973
935 977
935 994
935 985
935 1250
935 987
935 996
555 13
555 37
555 51
555 55
555 96
555 100
555 103
555 143
555 191
555 200
555 247
555 267
555 273
555 323
555 354
555 443
555 1268
555 767
555 641
555 1025
555 1291
555 1293
555 1296
555 670
555 1177
555 579
555 671
555 556
555 558
555 700
555 827
555 1033
555 1355
555 1357
555 826
555 610
555 1245
555 866
555 1333
556 13
556 50
556 56
556 67
556 79
556 96
556 103
556 123
556 138
556 142
556 166
556 174
556 191
556 208
556 211
556 240
556 245
556 247
556 267
556 268
556 272
556 273
556 288
556 299
556 308
556 312
556 314
556 328
556 340
556 349
556 354
556 359
556 372
556 375
556 378
556 399
556 453
556 462
556 486
556 553
556 1008
556 1025
556 1026
556 1039
556 1048
556 1055
556 1071
556 570
556 1080
556 589
556 593
556 598
556 600
556 1111
556 610
556 635
556 1163
556 669
556 670
556 671
556 692
556 697
556 781
556 1215
556 866
556 867
556 1233
556 1241
556 735
556 743
556 745
556 1268
556 1285
556 779
556 790
556 880
556 1310
556 804
556 811
556 813
556 1326
556 826
556 1334
556 1355
556 1357
556 865
556 1373
556 558
556 912
556 951
556 960
556 963
556 965
556 977
556 827
556 996
556 575
177 72
177 78
177 166
177 1348
177 1001
177 719
177 374
177 883
177 1373
177 329
177 444
177 544
177 863
177 654
177 674
177 265
177 266
177 268
566 13
566 37
566 45
566 115
566 174
566 322
566 434
566 442
566 459
566 499
566 1315
566 882
566 1017
566 770
566 903
566 790
566 809
566 938
566 1080
566 623
566 842
566 601
566 1120
440 34
440 39
440 44
440 85
440 160
440 191
440 228
440 239
440 247
440 267
440 273
440 288
440 301
440 359
440 412
440 415
440 434
440 745
440 747
440 1002
440 1181
440 759
440 887
440 1141
440 1021
440 1025
440 1284
440 905
440 1032
440 1162
440 1036
440 1067
440 790
440 520
440 492
440 1064
440 795
440 1200
440 952
440 829
440 837
440 965
440 867
440 971
440 826
440 854
440 473
440 670
440 486
440 762
189 28
189 37
189 61
189 83
189 90
189 93
189 96
189 161
189 164
189 169
189 238
189 747
189 748
189 495
189 978
189 883
189 240
189 251
189 888
189 1141
189 1144
189 768
189 388
189 772
189 1151
189 912
189 914
189 1165
189 1055
189 552
189 682
189 428
189 1063
189 432
189 436
189 745
189 190
189 191
189 1111
189 829
189 956
189 359
189 1309
189 965
189 461
189 441
189 976
189 979
189 349
189 351
189 1370
189 1245
189 1246
189 233
189 486
189 487
1204 5
1204 14
1204 15
1204 31
1204 41
1204 49
1204 72
1204 73
1204 78
1204 87
1204 150
1204 166
1204 174
1204 185
1204 186
1204 202
1204 211
1204 224
1204 251
1204 268
1204 285
1204 290
1204 313
1204 329
1204 354
1204 360
1204 368
1204 371
1204 374
1204 409
1204 410
1204 439
1204 442
1204 444
1204 490
1204 498
1204 515
1204 525
1204 532
1204 544
1204 564
1204 577
1204 578
1204 666
1204 669
1204 670
1204 711
1204 786
1204 854
1204 858
1204 867
1204 895
1204 907
1204 1000
1204 1008
1204 1025
1204 1044
1204 1059
1204 1061
1204 1109
1204 1124
1204 1150
1204 1162
1204 1165
1204 1274
1204 1208
1204 1357
1204 1370
1204 1300
191 28
191 44
191 49
191 51
191 67
191 96
191 103
191 104
191 110
191 118
191 130
191 135
191 148
191 160
191 164
191 166
191 182
191 190
191 745
191 239
191 1008
191 240
191 1025
191 522
191 1174
191 1063
191 1055
191 1057
191 1061
191 558
191 1070
191 1074
191 1076
191 1090
191 1093
191 1151
191 649
191 1163
191 775
191 682
191 683
191 687
191 688
191 1200
191 200
191 1215
191 203
191 698
191 1222
191 212
191 1233
191 732
191 231
191 233
191 234
191 742
191 1252
191 747
191 748
191 1258
191 771
191 772
191 267
191 780
191 668
191 1297
191 790
191 288
191 805
191 301
191 1319
191 813
191 816
191 1326
191 314
191 826
191 828
191 1336
191 846
191 340
191 552
191 864
191 865
191 866
191 359
191 871
191 368
191 375
191 378
191 889
191 895
191 401
191 912
191 913
191 416
191 934
191 939
191 436
191 822
191 960
191 453
191 965
191 993
191 980
191 987
191 996
191 486
191 829
826 37
826 72
826 85
826 160
826 200
826 226
826 239
826 240
826 301
826 314
826 514
826 642
826 671
826 698
826 702
826 745
826 748
826 790
826 813
826 1008
826 1267
826 1018
826 1034
826 1290
826 912
826 1174
826 1054
826 1055
826 1315
826 939
826 952
826 960
826 1351
826 975
826 1237
826 1374
826 993
575 88
575 142
575 196
575 229
575 277
575 314
575 354
575 359
575 441
575 500
575 514
575 550
575 553
575 747
575 1132
575 788
575 1062
575 762
575 787
575 669
575 1060
575 829
575 1200
575 1048
575 576
575 611
575 960
575 612
575 719
575 1355
575 851
575 1359
575 1360
575 600
575 1241
575 610
575 1245
575 1246
575 1357
1060 6
1060 14
1060 15
1060 78
1060 87
1060 88
1060 119
1060 151
1060 166
1060 179
1060 202
1060 208
1060 232
1060 247
1060 256
1060 265
1060 266
1060 268
1060 285
1060 288
1060 290
1060 317
1060 419
1060 442
1060 444
1060 464
1060 467
1060 564
1060 571
1060 578
1060 597
1060 611
1060 650
1060 781
1060 809
1060 865
1060 866
1060 867
1060 869
1060 883
1060 912
1060 965
1060 987
1060 1000
1060 1014
1060 1274
1060 1275
1060 1277
1060 1278
1060 1279
1060 1282
1060 1289
1060 1280
1060 1182
1060 1229
1060 1276
1060 1281
1060 1245
1060 1185
1060 1313
1060 1222
1060 1073
1060 1348
1060 1235
1060 1109
1060 1251
960 37
960 83
960 85
960 104
960 160
960 164
960 169
960 176
960 190
960 201
960 239
960 240
960 258
960 263
960 269
960 273
960 314
960 326
960 354
960 359
960 360
960 375
960 383
960 412
960 416
960 426
960 429
960 434
960 453
960 536
960 552
960 553
960 564
960 577
960 654
960 675
960 682
960 698
960 702
960 735
960 745
960 747
960 785
960 790
960 804
960 816
960 820
960 827
960 828
960 858
960 865
960 866
960 868
960 888
960 890
960 895
960 905
960 912
960 1008
960 1048
960 1055
960 1064
960 1078
960 1141
960 1151
960 1157
960 1165
960 1196
960 1227
960 1233
960 1258
960 1315
960 1341
960 1355
960 1357
1351 85
1351 297
1351 298
1351 703
1351 822
1351 1251
85 44
85 65
85 76
85 997
85 999
85 239
85 240
85 1018
85 516
85 1029
85 1033
85 1035
85 530
85 1090
85 1055
85 1074
85 1078
85 577
85 1106
85 1133
85 1146
85 134
85 135
85 646
85 1153
85 1168
85 160
85 161
85 269
85 200
85 201
85 1239
85 741
85 742
85 1251
85 745
85 747
85 1258
85 759
85 767
85 1284
85 273
85 790
85 804
85 298
85 301
85 813
85 835
85 1345
85 1355
85 1357
85 854
85 858
85 552
85 1372
85 874
85 378
85 642
85 894
85 895
85 388
85 647
85 415
85 416
85 418
85 934
85 940
85 442
85 951
85 958
85 959
85 455
85 968
85 971
85 976
85 472
85 988
85 996
1355 75
1355 135
1355 160
1355 222
1355 238
1355 240
1355 242
1355 250
1355 254
1355 329
1355 354
1355 412
1355 442
1355 471
1355 486
1355 487
1355 511
1355 558
1355 643
1355 671
1355 674
1355 698
1355 764
1355 859
1355 863
1355 888
1355 912
1355 976
1355 1014
1355 1357
1355 1373
976 12
976 44
976 96
976 240
976 417
976 622
976 745
976 790
976 874
976 889
976 952
976 1274
976 1296
976 1284
1233 13
1233 19
1233 23
1233 32
1233 37
1233 166
1233 174
1233 267
1233 314
1233 375
1233 376
1233 412
1233 533
1233 554
1233 685
1233 719
1233 745
1233 759
1233 777
1233 801
1233 832
1233 888
1233 896
1233 932
1233 938
1233 940
1233 965
1233 979
1233 1048
1233 1054
1233 1070
1233 1093
1233 1144
1233 1313
1233 1315
1233 1251
890 195
890 326
890 516
890 635
890 680
890 949
2 1229
2 441
1229 14
1229 21
1229 29
1229 37
1229 60
1229 64
1229 66
1229 74
1229 87
1229 88
1229 103
1229 104
1229 107
1229 118
1229 119
1229 139
1229 190
1229 198
1229 202
1229 203
1229 211
1229 215
1229 232
1229 243
1229 247
1229 256
1229 272
1229 275
1229 278
1229 295
1229 296
1229 297
1229 298
1229 305
1229 325
1229 329
1229 330
1229 338
1229 375
1229 376
1229 383
1229 421
1229 467
1229 471
1229 486
1229 500
1229 502
1229 505
1229 514
1229 517
1229 533
1229 544
1229 577
1229 584
1229 619
1229 630
1229 635
1229 643
1229 754
1229 764
1229 771
1229 780
1229 794
1229 845
1229 854
1229 858
1229 863
1229 864
1229 868
1229 883
1229 932
1229 961
1229 969
1229 974
1229 997
1229 1026
1229 1046
1229 1057
1229 1059
1229 1061
1229 1068
1229 1070
1229 1077
1229 1080
1229 1137
1229 1141
1229 1178
1229 1185
1229 1200
1229 1241
1229 1293
1229 1249
1229 1251
1229 1260
1229 1283
1229 1291
1229 1325
1229 1334
1229 1368
1229 1374
1229 1246
441 14
441 37
441 54
441 82
441 118
441 135
441 160
441 166
441 170
441 186
441 200
441 203
441 240
441 281
441 296
441 314
441 368
441 372
441 375
441 376
441 382
441 383
441 388
441 412
441 432
441 1173
441 1000
441 1260
441 979
441 896
441 472
441 771
441 1026
441 559
441 652
441 685
441 533
441 455
441 544
441 606
441 548
441 1059
441 1315
441 765
441 938
441 939
441 561
441 820
441 876
441 1071
441 486
441 1334
441 865
441 1370
441 962
441 965
441 1093
441 1056
441 467
441 550
441 1291
441 978
441 1360
441 854
441 1109
441 605
441 1240
441 863
441 1245
441 866
441 1374
441 993
441 1041
3 1293
1293 7
1293 11
1293 22
1293 27
1293 28
1293 29
1293 38
1293 44
1293 47
1293 60
1293 61
1293 72
1293 80
1293 81
1293 90
1293 96
1293 108
1293 111
1293 116
1293 118
1293 121
1293 123
1293 124
1293 131
1293 141
1293 142
1293 144
1293 145
1293 146
1293 150
1293 154
1293 168
1293 179
1293 190
1293 195
1293 206
1293 211
1293 212
1293 213
1293 229
1293 235
1293 241
1293 247
1293 248
1293 253
1293 258
1293 263
1293 272
1293 273
1293 276
1293 280
1293 281
1293 287
1293 296
1293 298
1293 302
1293 305
1293 314
1293 320
1293 336
1293 343
1293 350
1293 355
1293 357
1293 359
1293 360
1293 361
1293 365
1293 367
1293 370
1293 372
1293 373
1293 376
1293 386
1293 399
1293 405
1293 413
1293 422
1293 434
1293 435
1293 461
1293 464
1293 465
1293 467
1293 469
1293 479
1293 481
1293 483
1293 485
1293 486
1293 487
1293 499
1293 505
1293 506
1293 509
1293 516
1293 517
1293 533
1293 539
1293 540
1293 543
1293 546
1293 550
1293 552
1293 553
1293 554
1293 560
1293 564
1293 567
1293 573
1293 581
1293 584
1293 587
1293 614
1293 622
1293 625
1293 626
1293 627
1293 639
1293 640
1293 647
1293 652
1293 664
1293 676
1293 679
1293 690
1293 711
1293 713
1293 715
1293 718
1293 722
1293 735
1293 755
1293 756
1293 758
1293 762
1293 764
1293 765
1293 771
1293 773
1293 774
1293 781
1293 783
1293 785
1293 794
1293 795
1293 803
1293 809
1293 811
1293 812
1293 818
1293 831
1293 842
1293 844
1293 845
1293 850
1293 867
1293 868
1293 875
1293 883
1293 886
1293 902
1293 910
1293 912
1293 928
1293 929
1293 939
1293 973
1293 985
1293 988
1293 994
1293 995
1293 1000
1293 1001
1293 1006
1293 1007
1293 1008
1293 1023
1293 1030
1293 1032
1293 1034
1293 1048
1293 1053
1293 1057
1293 1061
1293 1068
1293 1082
1293 1091
1293 1094
1293 1104
1293 1106
1293 1110
1293 1122
1293 1124
1293 1126
1293 1133
1293 1149
1293 1150
1293 1156
1293 1158
1293 1162
1293 1169
1293 1178
1293 1188
1293 1190
1293 1197
1293 1198
1293 1208
1293 1211
1293 1216
1293 1218
1293 1232
1293 1245
1293 1246
1293 1248
1293 1258
1293 1263
1293 1268
1293 1270
1293 1358
1293 1372
1293 1362
1293 1335
1293 1294
1293 1304
1293 1307
1293 1313
1293 1315
1293 1340
1293 1360
1293 1363
1293 1364
1293 1366
1293 1329
1293 1349
1293 1350
1254 163
1254 198
1254 224
1254 314
1254 434
1254 659
1254 898
1254 1026
1254 1076
1254 1255
375 6
375 14
375 15
375 23
375 54
375 61
375 65
375 77
375 79
375 91
375 104
375 110
375 117
375 118
375 119
375 135
375 158
375 168
375 173
375 181
375 190
375 197
375 202
375 203
375 205
375 206
375 211
375 214
375 215
375 218
375 237
375 247
375 250
375 259
375 267
375 277
375 285
375 295
375 298
375 322
375 325
375 328
375 329
375 333
375 338
375 343
375 350
375 358
375 359
375 490
375 491
375 492
375 522
375 1014
375 1016
375 511
375 579
375 517
375 1025
375 530
375 1046
375 1048
375 544
375 1352
375 1054
375 549
375 1057
375 552
375 1066
375 1071
375 1077
375 1085
375 1088
375 1094
375 847
375 1105
375 1110
375 681
375 1130
375 1136
375 514
375 636
375 641
375 1153
375 650
375 651
375 655
375 1167
375 1168
375 1373
375 1173
375 1174
375 1029
375 1196
375 630
375 1200
375 1210
375 1223
375 720
375 743
375 750
375 582
375 764
375 866
375 780
375 1291
375 790
375 710
375 793
375 1308
375 1310
375 804
375 1315
375 883
375 817
375 821
375 845
375 1353
375 1354
375 1361
375 805
375 863
375 865
375 1376
375 870
375 1262
375 378
375 382
375 383
375 643
375 388
375 901
375 912
375 412
375 418
375 938
375 939
375 943
375 437
375 442
375 951
375 952
375 953
375 758
375 451
375 963
375 965
375 966
375 461
375 972
375 470
375 471
375 472
375 474
375 984
375 985
375 987
375 744
375 486
375 994
1140 274
1140 1033
1140 1034
1140 1112
894 240
894 550
894 677
894 714
894 745
894 747
894 790
894 818
894 854
894 874
894 1346
894 905
894 1208
894 1055
894 1284
894 996
895 14
895 28
895 34
895 47
895 61
895 67
895 96
895 119
895 129
895 151
895 160
895 166
895 169
895 188
895 200
895 226
895 237
895 239
895 246
895 260
895 266
895 267
895 268
895 272
895 277
895 291
895 314
895 329
895 356
895 368
895 372
895 383
895 428
895 430
895 436
895 442
895 444
895 453
895 470
895 472
895 481
895 494
895 514
895 527
895 530
895 532
895 533
895 544
895 552
895 558
895 577
895 578
895 647
895 654
895 678
895 682
895 705
895 745
895 748
895 762
895 764
895 765
895 767
895 775
895 790
895 818
895 829
895 833
895 852
895 863
895 864
895 866
895 880
895 883
895 888
895 889
895 1000
895 1008
895 1014
895 1025
895 1165
895 1048
895 1054
895 1070
895 1074
895 1090
895 1093
895 1151
895 1163
895 1173
895 943
895 1370
895 1218
895 1034
895 951
895 1235
895 1245
895 1327
895 912
895 1153
895 958
895 965
895 971
895 938
895 979
895 984
647 130
647 134
647 138
647 139
647 202
647 240
647 267
647 283
647 301
647 314
647 368
647 388
647 389
647 415
647 463
647 646
647 745
647 1000
647 1258
647 879
647 759
647 748
647 893
647 649
647 1029
647 958
647 1172
647 793
647 648
647 1055
647 805
647 813
647 950
647 953
647 954
647 956
647 957
647 705
647 959
647 929
647 965
647 1228
647 732
647 828
647 1025
647 996
1284 34
1284 134
1284 160
1284 219
1284 252
1284 642
1284 742
1284 745
1284 759
1284 874
1284 905
1284 951
1284 963
1284 996
1284 1029
1284 1055
1284 1083
1284 1090
1284 1138
1284 1174
400 38
400 78
400 205
400 314
400 359
400 368
400 1000
400 463
400 745
400 455
400 1008
400 1153
400 839
400 1106
400 801
400 1055
400 583
275 203
275 221
275 247
275 258
275 266
275 1257
275 298
275 314
275 666
275 573
275 1372
275 702
1163 118
1163 164
1163 166
1163 200
1163 203
1163 239
1163 240
1163 258
1163 267
1163 296
1163 356
1163 397
1163 453
1163 512
1163 514
1163 524
1163 550
1163 553
1163 558
1163 561
1163 577
1163 697
1163 698
1163 699
1163 710
1163 743
1163 778
1163 813
1163 828
1163 829
1163 864
1163 866
1163 867
1163 912
1163 965
1163 979
1163 985
1163 993
1163 996
1163 1008
1163 1048
1163 1054
1163 1055
1163 1101
1163 1122
1163 1151
1163 1309
1163 1173
1163 1285
1163 1222
1163 1165
1163 1245
912 13
912 14
912 57
912 61
912 67
912 68
912 69
912 78
912 88
912 134
912 160
912 174
912 183
912 190
912 200
912 211
912 233
912 234
912 239
912 240
912 267
912 273
912 288
912 290
912 295
912 314
912 350
912 372
912 412
912 416
912 430
912 436
912 519
912 552
912 558
912 564
912 623
912 651
912 652
912 687
912 730
912 748
912 750
912 756
912 768
912 783
912 790
912 798
912 805
912 811
912 813
912 816
912 828
912 847
912 863
912 865
912 866
912 867
912 883
912 888
912 997
912 999
912 1082
912 1008
912 1009
912 1048
912 1068
912 1074
912 1135
912 1141
912 1144
912 1151
912 1162
912 1165
912 1208
912 1211
912 1373
912 1245
912 1246
912 1252
912 1259
912 1270
912 1271
912 1308
912 1315
912 1345
912 914
912 933
912 934
912 956
912 958
912 965
912 973
912 977
912 993
912 996
666 8
666 15
666 87
666 91
666 120
666 164
666 170
666 215
666 219
666 220
666 226
666 293
666 309
666 324
666 348
666 358
666 371
666 439
666 501
666 512
666 533
666 611
666 630
666 997
666 1138
666 1268
666 1026
666 785
666 919
666 943
666 1112
666 806
666 934
666 1326
666 819
666 955
666 959
666 1367
666 1349
666 847
666 1237
666 1366
666 1113
666 1247
666 993
1048 20
1048 37
1048 47
1048 72
1048 78
1048 133
1048 142
1048 147
1048 160
1048 165
1048 215
1048 302
1048 314
1048 358
1048 359
1048 432
1048 437
1048 477
1048 492
1048 505
1048 543
1048 552
1048 578
1048 589
1048 616
1048 643
1048 698
1048 790
1048 792
1048 795
1048 796
1048 804
1048 806
1048 827
1048 846
1048 938
1048 967
1048 978
1048 979
1048 994
1048 1008
1048 1019
1048 1021
1048 1251
1048 1169
1048 1185
1048 1241
1048 1066
1048 1077
1048 1119
1048 1215
1048 1094
1048 1230
1048 1315
1048 1109
1048 1336
37 26
37 997
37 174
37 250
37 378
37 471
37 260
37 516
37 398
37 401
37 533
37 285
37 669
37 670
37 671
37 553
37 434
37 827
37 1074
37 324
37 202
37 203
37 423
37 1108
37 1110
37 193
37 319
37 486
37 487
293 51
293 164
293 215
293 219
293 220
293 512
293 879
293 1009
293 1268
293 389
293 1025
293 934
293 314
293 959
293 1349
293 463
293 348
293 1113
293 358
293 993
1310 14
1310 54
1310 118
1310 120
1310 213
1310 266
1310 933
173 164
173 1348
173 1297
173 698
173 382
173 383
173 514
683 96
683 200
683 219
683 220
683 348
683 358
683 463
683 493
683 518
683 1315
683 999
683 1131
683 979
683 888
683 1000
683 1025
683 1167
683 1168
683 790
683 1196
683 1245
683 706
683 1216
683 866
683 1268
683 1227
683 1100
683 1113
683 1370
683 865
561 11
561 13
561 15
561 16
561 40
561 54
561 69
561 119
561 200
561 219
561 232
561 241
561 243
561 245
561 250
561 260
561 266
561 267
561 279
561 294
561 313
561 329
561 359
561 383
561 423
561 436
561 442
561 444
561 457
561 486
561 487
561 496
561 532
561 552
561 764
561 636
561 765
561 1022
561 786
561 1085
561 689
561 692
561 945
561 1076
561 955
561 1303
561 1215
561 675
561 571
561 1358
561 1074
561 602
561 1110
561 851
561 985
561 1243
561 864
561 1245
561 1251
816 160
816 358
816 383
816 486
816 523
816 558
816 642
816 698
816 730
816 1315
816 866
816 1025
816 1102
816 854
816 1076
817 160
817 358
817 393
817 642
817 697
817 790
817 1165
817 1076
817 887
817 854
817 979
817 965
314 6
314 14
314 30
314 44
314 47
314 70
314 77
314 96
314 103
314 111
314 112
314 115
314 130
314 134
314 135
314 160
314 166
314 202
314 205
314 211
314 219
314 242
314 250
314 252
314 260
314 263
314 266
314 267
314 285
314 288
314 297
314 303
314 1000
314 494
314 1002
314 497
314 498
314 505
314 1014
314 1020
314 1025
314 1026
314 525
314 1039
314 1055
314 585
314 1074
314 758
314 1077
314 1078
314 583
314 1092
314 1095
314 601
314 1110
314 358
314 632
314 1141
314 1146
314 1147
314 646
314 1153
314 648
314 649
314 652
314 654
314 1161
314 669
314 1178
314 1185
314 687
314 1196
314 866
314 714
314 1235
314 1245
314 1246
314 1251
314 745
314 748
314 754
314 759
314 762
314 767
314 770
314 369
314 1291
314 784
314 790
314 801
314 805
314 1313
314 1315
314 813
314 1326
314 317
314 829
314 833
314 327
314 839
314 1352
314 1353
314 1359
314 348
314 552
314 863
314 865
314 1373
314 867
314 868
314 368
314 877
314 372
314 641
314 382
314 383
314 893
314 388
314 389
314 395
314 412
314 923
314 418
314 425
314 426
314 940
314 435
314 943
314 949
314 950
314 951
314 954
314 958
314 959
314 674
314 965
314 463
314 985
314 988
314 993
314 994
166 49
166 72
166 73
166 78
166 87
166 88
166 103
166 118
166 119
166 239
166 240
166 1253
166 374
166 747
166 259
166 771
166 265
166 266
166 268
166 780
166 828
166 498
166 794
166 544
166 943
166 1054
166 552
166 1059
166 1062
166 1005
166 691
166 1070
166 481
166 186
166 486
166 309
166 824
166 573
166 577
166 578
166 460
166 211
166 951
166 525
166 224
166 383
166 354
166 863
166 359
166 302
166 487
166 237
1074 72
1074 83
1074 103
1074 135
1074 160
1074 188
1074 200
1074 211
1074 219
1074 220
1074 267
1074 340
1074 348
1074 359
1074 412
1074 468
1074 552
1074 563
1074 615
1074 654
1074 679
1074 745
1074 754
1074 780
1074 790
1074 820
1074 828
1074 854
1074 858
1074 865
1074 866
1074 896
1074 934
1074 944
1074 965
1074 994
1074 1000
1074 1034
1074 1055
1074 1069
1074 1327
1074 1342
1074 1217
1074 1374
1074 1370
1245 11
1245 19
1245 28
1245 44
1245 53
1245 78
1245 88
1245 104
1245 180
1245 181
1245 200
1245 211
1245 233
1245 235
1245 262
1245 281
1245 285
1245 286
1245 290
1245 302
1245 324
1245 359
1245 432
1245 453
1245 461
1245 472
1245 486
1245 487
1245 500
1245 509
1245 513
1245 576
1245 577
1245 626
1245 687
1245 689
1245 710
1245 719
1245 731
1245 732
1245 748
1245 765
1245 772
1245 787
1245 806
1245 819
1245 820
1245 851
1245 863
1245 864
1245 865
1245 866
1245 880
1245 883
1245 898
1245 939
1245 952
1245 975
1245 978
1245 979
1245 988
1245 994
1245 1005
1245 1033
1245 1034
1245 1053
1245 1054
1245 1062
1245 1066
1245 1070
1245 1071
1245 1090
1245 1102
1245 1132
1245 1137
1245 1151
1245 1178
1245 1200
1245 1241
1245 1268
1245 1285
1245 1291
1245 1331
1245 1359
1245 1247
1034 29
1034 44
1034 75
1034 88
1034 96
1034 135
1034 137
1034 174
1034 243
1034 245
1034 267
1034 277
1034 339
1034 354
1034 358
1034 359
1034 388
1034 412
1034 417
1034 461
1034 465
1034 471
1034 486
1034 536
1034 546
1034 565
1034 577
1034 692
1034 696
1034 759
1034 813
1034 818
1034 827
1034 842
1034 863
1034 866
1034 898
1034 932
1034 996
1034 1025
1034 1033
1034 1198
1034 1370
1034 1080
1034 1055
1034 1067
1034 1307
1034 1215
1034 1090
1034 1091
1034 1374
1034 1206
1268 89
1268 164
1268 200
1268 215
1268 219
1268 220
1268 348
1268 358
1268 370
1268 453
1268 463
1268 512
1268 934
1268 965
1268 993
1268 1025
1268 1113
1268 1349
1349 219
1349 220
1349 348
1349 358
1349 905
1349 959
1349 1029
1349 1113
461 7
461 14
461 15
461 72
461 74
461 105
461 179
461 243
461 264
461 288
461 343
461 354
461 359
461 372
461 420
461 762
461 652
461 517
461 1033
461 790
461 1302
461 1178
461 1056
461 1198
461 1315
461 1064
461 1070
461 465
461 978
461 979
461 864
719 78
719 142
719 243
719 297
719 374
719 383
719 486
719 1061
719 777
317 1234
317 781
317 393
317 667
317 571
317 759
317 1370
219 89
219 164
219 215
219 512
219 389
219 1025
219 905
219 767
219 678
219 934
219 1076
219 448
219 959
219 463
219 220
219 348
219 1113
219 358
219 993
220 164
220 215
220 348
220 993
220 1113
220 389
220 959
220 512
220 965
220 1025
220 358
220 463
348 89
348 91
348 164
348 200
348 215
348 1015
348 512
348 1151
348 1025
348 422
348 934
348 563
348 959
348 463
348 1113
348 467
348 358
348 993
732 67
732 202
732 228
732 251
732 258
732 288
732 349
732 351
732 474
732 525
732 552
732 554
732 728
732 745
732 748
732 888
732 1165
732 793
732 1055
732 1069
732 1246
732 953
732 958
732 1217
732 863
732 865
732 866
732 867
732 868
1113 89
1113 164
1113 169
1113 215
1113 358
1113 389
1113 463
1113 512
1113 879
1113 934
1113 959
1113 965
1113 993
1113 1008
1113 1025
1113 1055
865 28
865 87
865 88
865 103
865 121
865 161
865 170
865 190
865 200
865 224
865 225
865 233
865 256
865 262
865 273
865 285
865 287
865 290
865 309
865 322
865 329
865 333
865 358
865 379
865 428
865 434
865 447
865 453
865 473
865 491
865 505
865 509
865 532
865 536
865 558
865 564
865 590
865 598
865 623
865 631
865 642
865 643
865 678
865 681
865 689
865 699
865 708
865 710
865 722
865 728
865 747
865 748
865 771
865 772
865 790
865 794
865 806
865 815
865 820
865 828
865 842
865 864
865 1005
865 1008
865 1015
865 1021
865 1067
865 1077
865 1084
865 1088
865 1097
865 1098
865 1105
865 1119
865 1150
865 1151
865 866
865 1165
865 1168
865 1373
865 1174
865 1185
865 1194
865 1207
865 1241
865 1248
865 867
865 880
865 889
865 914
865 938
865 951
865 965
865 987
865 993
358 44
358 67
358 89
358 164
358 200
358 203
358 215
358 879
358 512
358 389
358 1151
358 1025
358 527
358 1101
358 965
358 934
358 815
358 693
358 698
358 696
358 956
358 959
358 453
358 463
358 1370
358 866
358 993
383 13
383 39
383 153
383 169
383 211
383 296
383 297
383 323
383 359
383 368
383 372
383 382
383 1000
383 1261
383 503
383 505
383 635
383 520
383 657
383 1049
383 677
383 1054
383 1192
383 818
383 971
383 1077
383 578
383 455
383 463
383 714
383 471
383 1307
383 1367
383 734
383 965
383 481
383 577
5 142
5 78
5 211
5 759
5 349
5 829
5 259
5 578
5 72
5 994
142 14
142 54
142 118
142 243
142 1015
142 771
142 772
142 780
142 544
142 1308
142 422
142 1315
142 684
142 1070
142 250
142 610
142 1082
142 582
142 584
142 467
142 1112
142 354
142 864
142 611
142 612
142 360
142 871
78 14
78 49
78 72
78 73
78 1225
78 1000
78 1022
78 1044
78 544
78 1061
78 841
78 1077
78 1079
78 1086
78 1090
78 93
78 1108
78 611
78 612
78 1119
78 616
78 1133
78 122
78 633
78 1141
78 650
78 1162
78 150
78 1176
78 186
78 1216
78 359
78 211
78 1227
78 1228
78 223
78 226
78 1248
78 1267
78 259
78 265
78 266
78 268
78 1289
78 202
78 1298
78 288
78 299
78 302
78 818
78 326
78 329
78 331
78 1348
78 845
78 859
78 864
78 867
78 870
78 368
78 371
78 374
78 381
78 900
78 901
78 407
78 807
78 922
78 417
78 419
78 420
78 431
78 434
78 442
78 444
78 466
211 23
211 27
211 56
211 77
211 129
211 135
211 156
211 181
211 190
211 197
211 491
211 498
211 1008
211 1011
211 1014
211 508
211 1018
211 525
211 537
211 544
211 1055
211 552
211 1059
211 558
211 1265
211 1077
211 1078
211 577
211 584
211 1094
211 597
211 1105
211 1185
211 1275
211 771
211 650
211 654
211 1165
211 669
211 671
211 1182
211 677
211 679
211 691
211 693
211 1200
211 1222
211 276
211 1234
211 729
211 1237
211 232
211 1250
211 1251
211 1258
211 752
211 1261
211 250
211 762
211 1274
211 768
211 1276
211 1277
211 1278
211 1279
211 1280
211 1281
211 1282
211 780
211 1291
211 1343
211 281
211 288
211 296
211 297
211 298
211 302
211 1320
211 829
211 833
211 1341
211 328
211 329
211 1352
211 343
211 1143
211 863
211 359
211 368
211 372
211 883
211 382
211 898
211 914
211 917
211 927
211 420
211 933
211 442
211 444
211 464
211 973
211 467
211 987
211 988
211 994
759 9
759 34
759 44
759 49
759 75
759 82
759 116
759 134
759 135
759 157
759 160
759 178
759 200
759 252
759 301
759 356
759 388
759 398
759 412
759 415
759 422
759 455
759 480
759 500
759 533
759 552
759 583
759 633
759 635
759 642
759 646
759 687
759 702
759 741
759 742
759 745
759 874
759 1168
759 965
759 813
759 905
759 781
759 1258
759 900
759 1174
759 1345
759 1053
759 963
759 934
759 940
759 1067
759 818
759 820
759 1029
759 951
759 997
759 1083
759 958
759 1090
759 782
759 841
759 1101
759 1235
759 952
759 1372
759 1122
759 996
349 14
349 24
349 54
349 150
349 265
349 266
349 268
349 296
349 748
349 883
349 636
349 516
349 351
349 674
349 681
349 558
349 434
349 711
349 1101
829 267
829 296
829 359
829 378
829 381
829 514
829 577
829 748
829 813
829 828
829 997
829 1258
829 1009
829 898
829 1162
829 1055
829 1008
829 973
829 1235
829 996
259 9
259 72
259 135
259 144
259 178
259 201
259 228
259 1006
259 374
259 1214
259 269
259 525
259 919
259 932
259 1187
259 1080
259 836
259 965
259 1234
259 1112
259 739
259 994
578 6
578 44
578 87
578 88
578 160
578 186
578 208
578 237
578 239
578 240
578 243
578 260
578 265
578 266
578 268
578 272
578 322
578 329
578 442
578 525
578 544
578 552
578 577
578 745
578 780
578 762
578 1207
578 1165
578 1059
578 1066
578 943
578 1070
578 951
578 714
578 972
578 598
578 854
578 1235
578 984
72 29
72 49
72 56
72 1000
72 498
72 509
72 514
72 410
72 74
72 532
72 1044
72 1051
72 1057
72 1059
72 1061
72 559
72 73
72 1088
72 87
72 88
72 1136
72 1142
72 135
72 1150
72 347
72 151
72 660
72 156
72 665
72 674
72 675
72 174
72 689
72 186
72 1207
72 1210
72 197
72 1212
72 1217
72 711
72 1219
72 951
72 215
72 218
72 277
72 743
72 1251
72 747
72 1258
72 757
72 758
72 260
72 263
72 265
72 266
72 268
72 780
72 784
72 785
72 786
72 285
72 290
72 806
72 299
72 808
72 302
72 823
72 835
72 328
72 551
72 350
72 354
72 1370
72 864
72 360
72 368
72 371
72 381
72 393
72 918
72 417
72 419
72 420
72 422
72 442
72 444
72 465
72 470
72 985
72 486
994 6
994 14
994 36
994 74
994 135
994 160
994 197
994 200
994 206
994 232
994 250
994 260
994 265
994 266
994 267
994 268
994 272
994 292
994 328
994 329
994 347
994 359
994 382
994 426
994 442
994 444
994 481
994 506
994 514
994 549
994 552
994 567
994 587
994 609
994 611
994 615
994 633
994 654
994 667
994 675
994 681
994 745
994 751
994 753
994 758
994 760
994 771
994 784
994 790
994 795
994 813
994 835
994 852
994 859
994 864
994 880
994 888
994 918
994 934
994 940
994 944
994 969
994 985
994 1014
994 1025
994 1342
994 1343
994 1069
994 1078
994 1085
994 1166
994 1167
994 1168
994 1207
994 1217
994 1222
994 1235
994 1302
994 1370
6 491
6 1000
6 242
6 998
6 232
6 628
6 470
6 156
6 888
6 478
6 641
6 1373
6 328
6 329
6 1059
491 169
491 201
491 263
491 296
491 298
491 329
491 455
491 470
491 478
491 998
491 743
491 671
491 902
491 934
1000 38
1000 96
1000 135
1000 139
1000 167
1000 169
1000 190
1000 202
1000 205
1000 206
1000 228
1000 232
1000 236
1000 242
1000 296
1000 303
1000 328
1000 329
1000 359
1000 368
1000 382
1000 388
1000 419
1000 442
1000 445
1000 455
1000 463
1000 467
1000 470
1000 478
1000 530
1000 577
1000 583
1000 616
1000 628
1000 641
1000 654
1000 678
1000 679
1000 739
1000 745
1000 751
1000 781
1000 801
1000 818
1000 833
1000 839
1000 854
1000 888
1000 897
1000 898
1000 905
1000 965
1000 988
1000 998
1000 1026
1000 1044
1000 1059
1000 1076
1000 1106
1000 1138
1000 1169
1000 1174
1000 1153
1000 1291
1000 1297
1000 1373
242 70
242 190
242 198
242 998
242 368
242 434
242 467
242 628
242 1138
242 445
242 498
242 641
242 659
242 1373
242 888
242 329
242 898
998 186
998 232
998 296
998 297
998 328
998 329
998 368
998 445
998 470
998 478
998 530
998 628
998 641
998 702
998 720
998 888
998 988
998 1138
998 1014
998 1272
998 1291
998 1216
998 1373
998 1184
998 1037
232 87
232 91
232 139
232 203
232 505
232 1014
232 641
232 771
232 1291
232 530
232 329
232 672
232 478
232 296
232 297
232 298
232 1325
232 988
232 820
232 808
232 445
232 328
232 331
232 1141
232 594
232 1099
232 470
232 235
232 263
232 488
232 233
232 236
232 1251
628 156
628 283
628 329
628 434
628 625
628 626
628 627
628 911
628 888
628 641
628 1373
470 73
470 74
470 105
470 160
470 169
470 190
470 240
470 328
470 329
470 359
470 445
470 455
470 745
470 1130
470 1014
470 1026
470 1088
470 523
470 524
470 1291
470 530
470 1306
470 481
470 1089
470 934
470 544
470 1066
470 818
470 988
470 827
470 1223
470 965
470 486
470 977
470 1104
470 854
470 478
470 735
470 531
470 641
156 27
156 48
156 525
156 625
156 627
156 1070
156 186
156 1011
156 1026
156 482
156 866
156 725
156 1165
156 517
156 818
156 771
156 552
888 11
888 87
888 89
888 103
888 104
888 107
888 135
888 169
888 200
888 240
888 243
888 267
888 301
888 329
888 359
888 412
888 442
888 455
888 483
888 486
888 527
888 552
888 610
888 611
888 612
888 641
888 669
888 684
888 698
888 744
888 745
888 794
888 822
888 846
888 867
888 879
888 1315
888 1130
888 957
888 938
888 1152
888 914
888 1101
888 1373
888 919
888 929
888 934
888 1008
888 1366
888 952
888 993
888 1209
888 950
888 1025
888 1241
888 1122
478 169
478 290
478 305
478 328
478 329
478 355
478 417
478 445
478 1138
478 1014
478 1291
478 530
478 1044
478 1196
478 818
478 1200
478 1076
478 574
478 592
478 988
641 87
641 88
641 147
641 169
641 180
641 200
641 201
641 210
641 296
641 328
641 329
641 368
641 372
641 415
641 445
641 467
641 530
641 1138
641 896
641 1272
641 1035
641 1291
641 962
641 1373
641 1054
641 1055
641 1249
641 1372
641 742
1373 70
1373 108
1373 139
1373 190
1373 221
1373 236
1373 296
1373 329
1373 434
1373 486
1373 498
1373 530
1373 544
1373 659
1373 744
1373 854
1373 866
1373 898
1373 979
1373 1026
1373 1070
1373 1072
1373 1088
1373 1089
1373 1104
1373 1154
1373 1155
1373 1200
1373 1230
1373 1302
328 13
328 87
328 88
328 91
328 144
328 218
328 236
328 296
328 1252
328 883
328 1014
328 764
328 643
328 1026
328 1291
328 530
328 329
328 542
328 481
328 933
328 554
328 435
328 818
328 988
328 808
328 445
328 1088
328 1089
328 331
328 587
328 467
328 854
328 602
328 982
328 984
328 985
328 488
328 863
329 87
329 139
329 202
329 203
329 228
329 236
329 296
329 297
329 298
329 1014
329 1026
329 764
329 866
329 651
329 1291
329 530
329 938
329 455
329 548
329 552
329 808
329 435
329 1325
329 423
329 442
329 445
329 577
329 467
329 988
329 1141
329 854
329 486
329 1251
1059 13
1059 14
1059 40
1059 54
1059 118
1059 119
1059 170
1059 202
1059 203
1059 265
1059 266
1059 268
1059 286
1059 287
1059 290
1059 368
1059 374
1059 425
1059 434
1059 442
1059 444
1059 464
1059 481
1059 498
1059 509
1059 544
1059 563
1059 564
1059 597
1059 602
1059 605
1059 636
1059 708
1059 752
1059 764
1059 863
1059 883
1059 940
1059 943
1059 951
1059 965
1059 978
1059 979
1059 987
1059 996
1059 1051
1059 1137
1059 1276
1059 1274
1059 1275
1059 1277
1059 1358
1059 1279
1059 1282
1059 1318
1059 1182
1059 1280
1059 1281
1059 1308
1059 1061
1059 1080
1059 1222
1059 1278
1059 1235
1059 1251
7 682
7 81
7 425
7 783
7 753
7 343
7 790
7 552
7 1117
7 776
7 1088
7 584
7 871
682 28
682 67
682 90
682 160
682 165
682 233
682 239
682 276
682 436
682 453
682 472
682 517
682 552
682 577
682 623
682 669
682 748
682 1285
682 780
682 1174
682 790
682 1055
682 811
682 815
682 1070
682 926
682 698
682 1032
682 710
682 839
682 968
682 951
682 979
682 699
682 863
81 20
81 1258
81 276
81 467
81 442
81 404
81 552
81 1082
81 806
425 1291
425 434
425 471
425 898
783 13
783 264
783 338
783 422
783 467
783 780
783 913
783 979
783 1080
753 1017
753 1242
343 19
343 70
343 250
343 872
343 622
343 1260
343 774
343 649
343 781
343 675
343 1315
343 1327
343 1072
343 821
343 587
343 589
343 1105
343 731
343 985
790 19
790 25
790 32
790 39
790 40
790 54
790 61
790 65
790 76
790 83
790 90
790 96
790 110
790 118
790 119
790 120
790 160
790 200
790 230
790 234
790 239
790 240
790 266
790 339
790 346
790 354
790 355
790 359
790 360
790 372
790 381
790 382
790 412
790 422
790 434
790 436
790 442
790 453
790 467
790 472
790 475
790 517
790 520
790 524
790 525
790 536
790 552
790 558
790 577
790 588
790 589
790 593
790 598
790 642
790 651
790 654
790 679
790 698
790 705
790 744
790 745
790 747
790 748
790 770
790 771
790 776
790 780
790 1014
790 1015
790 1035
790 1070
790 1077
790 1093
790 1150
790 1165
790 1184
790 863
790 867
790 1258
790 799
790 1308
790 1315
790 1316
790 1317
790 883
790 813
790 815
790 889
790 1054
790 1055
790 864
790 866
790 871
790 874
790 885
790 1370
790 934
790 938
790 939
790 940
790 946
790 952
790 953
790 956
790 963
790 965
790 966
790 973
790 985
790 992
790 996
552 8
552 28
552 36
552 77
552 83
552 87
552 88
552 118
552 119
552 160
552 164
552 174
552 180
552 190
552 215
552 235
552 239
552 240
552 243
552 244
552 247
552 262
552 265
552 266
552 268
552 276
552 281
552 288
552 331
552 338
552 339
552 359
552 372
552 428
552 434
552 435
552 436
552 443
552 448
552 465
552 472
552 486
552 518
552 545
552 1252
552 1253
552 1008
552 793
552 1014
552 1064
552 1066
552 762
552 1077
552 1090
552 593
552 610
552 611
552 612
552 1122
552 1125
552 1127
552 625
552 1154
552 649
552 652
552 658
552 1165
552 1183
552 681
552 1192
552 1200
552 1188
552 1217
552 1291
552 735
552 745
552 1260
552 754
552 1263
552 758
552 1269
552 764
552 775
552 780
552 626
552 794
552 1307
552 1315
552 818
552 1326
552 1327
552 1332
552 833
552 1344
552 854
552 863
552 866
552 881
552 896
552 921
552 958
552 965
552 993
552 977
552 996
1117 515
1117 824
1117 1097
1117 1126
776 1365
776 889
1088 19
1088 73
1088 108
1088 190
1088 201
1088 283
1088 438
1088 481
1088 530
1088 544
1088 602
1088 643
1088 764
1088 772
1088 854
1088 866
1088 883
1088 982
1088 984
1088 985
1088 1014
1088 1056
1088 1072
1088 1257
1088 1089
1088 1185
1088 1203
584 77
584 216
584 274
584 339
584 350
584 352
584 434
584 513
584 902
584 780
584 679
584 1316
584 1070
584 1208
584 978
584 979
584 982
584 1357
871 77
871 178
871 442
871 889
871 1023
871 1299
8 919
8 1224
8 116
8 658
8 883
8 1297
8 1145
8 863
8 577
8 266
919 153
919 176
919 183
919 190
919 303
919 331
919 376
919 382
919 437
919 463
919 492
919 571
919 635
919 649
919 658
919 735
919 739
919 805
919 863
919 1145
919 1297
919 927
919 965
919 945
919 1370
919 1090
919 1076
919 1014
1224 720
1224 1014
116 24
116 103
116 1188
116 481
116 369
116 863
116 1297
116 455
116 192
116 351
116 671
116 1210
116 988
116 612
658 176
658 181
658 190
658 303
658 376
658 382
658 455
658 463
658 492
658 502
658 514
658 627
658 649
658 1002
658 1145
658 1026
658 902
658 1297
658 927
658 805
658 813
658 941
658 1196
658 1326
658 863
658 838
658 965
658 967
658 1094
658 735
658 1370
658 739
658 743
658 996
883 73
883 87
883 88
883 131
883 135
883 190
883 202
883 226
883 228
883 247
883 296
883 331
883 351
883 372
883 429
883 447
883 467
883 468
883 486
883 487
883 500
883 505
883 517
883 525
883 530
883 577
883 583
883 602
883 623
883 652
883 678
883 692
883 764
883 765
883 767
883 771
883 772
883 784
883 786
883 818
883 845
883 864
883 873
883 979
883 1070
883 1014
883 1270
883 900
883 1155
883 1089
883 1173
883 984
883 1371
883 985
883 1101
883 1046
883 906
883 1315
883 982
883 970
883 978
883 1248
1297 14
1297 80
1297 95
1297 149
1297 260
1297 370
1297 396
1297 418
1297 482
1297 650
1297 863
1297 1145
1297 1146
1297 1370
1145 119
1145 176
1145 303
1145 376
1145 382
1145 385
1145 455
1145 463
1145 492
1145 502
1145 520
1145 536
1145 635
1145 649
1145 678
1145 735
1145 739
1145 805
1145 818
1145 854
1145 927
1145 965
1145 967
1145 1014
1145 1025
1145 1370
863 61
863 64
863 67
863 82
863 96
863 160
863 164
863 176
863 200
863 221
863 250
863 262
863 288
863 296
863 303
863 368
863 388
863 434
863 442
863 447
863 455
863 467
863 473
863 486
863 487
863 492
863 502
863 517
863 518
863 577
863 625
863 635
863 649
863 659
863 678
863 679
863 702
863 724
863 743
863 771
863 786
863 854
863 1057
863 1076
863 1085
863 1103
863 1138
863 1151
863 1025
863 1196
863 1216
863 1246
863 1291
863 1370
863 867
863 898
863 910
863 938
863 951
863 965
577 15
577 28
577 44
577 61
577 67
577 96
577 118
577 119
577 160
577 188
577 200
577 201
577 237
577 239
577 240
577 241
577 265
577 266
577 268
577 286
577 296
577 297
577 298
577 322
577 359
577 368
577 430
577 442
577 444
577 453
577 481
577 505
577 544
577 558
577 745
577 1082
577 747
577 767
577 1151
577 1008
577 748
577 943
577 1070
577 1200
577 1328
577 951
577 833
577 965
577 847
577 978
577 979
577 854
577 1235
577 593
577 1057
577 743
266 14
266 48
266 54
266 73
266 87
266 88
266 118
266 144
266 176
266 184
266 200
266 202
266 250
266 258
266 1004
266 499
266 1026
266 1043
266 1044
266 1046
266 1054
266 1068
266 1072
266 758
266 1076
266 590
266 598
266 600
266 1114
266 1116
266 1121
266 1106
266 1150
266 1151
266 662
266 1174
266 1185
266 1186
266 1207
266 1213
266 1222
266 1241
266 1247
266 747
266 272
266 781
266 1291
266 785
266 793
266 1308
266 296
266 298
266 1321
266 818
266 1340
266 326
266 330
266 847
266 350
266 861
266 880
266 910
266 434
266 442
266 951
266 448
266 969
266 486
9 941
9 880
9 151
9 388
941 91
941 199
941 267
941 299
941 305
941 567
941 742
941 917
941 1085
941 1187
941 980
941 1025
880 56
880 87
880 151
880 153
880 195
880 224
880 260
880 280
880 296
880 437
880 516
880 656
880 678
880 702
880 758
880 828
880 866
880 1370
880 1251
151 13
151 59
151 135
151 1253
151 1006
151 1269
151 258
151 269
151 917
151 1307
151 296
151 174
151 932
151 818
151 565
151 820
151 1332
151 1079
151 1080
151 965
151 332
151 1227
151 609
151 739
388 23
388 44
388 96
388 99
388 110
388 134
388 169
388 278
388 297
388 301
388 331
388 359
388 368
388 745
388 1274
388 1258
388 631
388 748
388 1146
388 1275
388 1277
388 1278
388 646
388 1281
388 1282
388 1029
388 1279
388 1280
388 1276
388 415
388 416
388 418
388 1307
388 1182
388 805
388 756
388 813
388 1196
388 818
388 1076
388 965
388 952
388 1337
388 958
388 442
388 1216
388 455
388 587
388 1222
388 464
388 931
388 597
388 979
388 1361
388 996
388 1237
388 593
388 987
388 467
388 742
388 1251
10 1315
1315 14
1315 16
1315 23
1315 91
1315 104
1315 106
1315 110
1315 168
1315 186
1315 200
1315 235
1315 247
1315 250
1315 262
1315 278
1315 285
1315 305
1315 327
1315 330
1315 335
1315 336
1315 360
1315 376
1315 382
1315 411
1315 412
1315 422
1315 434
1315 437
1315 447
1315 500
1315 501
1315 503
1315 522
1315 525
1315 536
1315 546
1315 551
1315 623
1315 630
1315 635
1315 636
1315 655
1315 674
1315 681
1315 720
1315 780
1315 804
1315 818
1315 838
1315 854
1315 870
1315 881
1315 901
1315 927
1315 938
1315 939
1315 965
1315 980
1315 987
1315 1014
1315 1016
1315 1026
1315 1054
1315 1066
1315 1067
1315 1077
1315 1082
1315 1085
1315 1099
1315 1110
1315 1114
1315 1130
1315 1169
1315 1196
1315 1215
1315 1226
1315 1230
1315 1234
1315 1248
1315 1260
1315 1270
1315 1358
1315 1321
1315 1352
1315 1353
1315 1354
11 247
11 1137
11 268
11 1164
11 28
11 1300
11 1055
11 811
11 813
11 202
11 207
11 979
11 1110
11 1370
11 864
11 233
11 235
11 363
247 14
247 51
247 104
247 196
247 218
247 1124
247 486
247 1260
247 505
247 1015
247 256
247 771
247 652
247 398
247 405
247 434
247 837
247 285
247 1173
247 372
247 417
247 898
247 1308
247 1318
247 1185
247 681
247 558
247 689
247 819
247 987
247 1207
247 1209
247 272
247 1341
247 1090
247 333
247 594
247 1230
247 354
247 467
247 866
247 360
247 1294
1137 13
1137 143
1137 202
1137 203
1137 208
1137 361
1137 393
1137 435
1137 486
1137 593
1137 612
1137 708
1137 768
1137 772
1137 786
1137 854
1137 858
1137 864
1137 876
1137 907
1137 959
1137 1070
1137 1080
1137 1105
1137 1155
1137 1200
268 73
268 87
268 88
268 144
268 184
268 200
268 202
268 258
268 450
268 636
268 1020
268 1151
268 910
268 406
268 1044
268 1174
268 1308
268 296
268 298
268 1186
268 434
268 448
268 969
268 598
1164 88
28 14
28 748
28 1260
28 1008
28 262
28 1151
28 1165
28 670
28 1055
28 190
28 1182
28 1222
28 1077
28 1241
28 866
1300 202
1300 483
1300 794
1300 854
1300 979
1055 44
1055 77
1055 89
1055 104
1055 134
1055 135
1055 160
1055 200
1055 214
1055 239
1055 240
1055 267
1055 296
1055 359
1055 378
1055 395
1055 412
1055 453
1055 455
1055 479
1055 525
1055 527
1055 530
1055 536
1055 558
1055 622
1055 631
1055 648
1055 654
1055 687
1055 705
1055 710
1055 728
1055 742
1055 745
1055 748
1055 813
1055 818
1055 874
1055 896
1055 913
1055 934
1055 948
1055 965
1055 993
1055 996
1055 997
1055 999
1055 1018
1055 1029
1055 1076
1055 1336
1055 1095
1055 1101
1055 1151
1055 1216
1055 1274
1055 1285
1055 1326
1055 1153
811 558
811 747
811 1227
811 953
813 13
813 75
813 77
813 134
813 135
813 160
813 174
813 200
813 206
813 214
813 240
813 296
813 301
813 378
813 415
813 455
813 467
813 486
813 536
813 558
813 631
813 646
813 648
813 742
813 745
813 748
813 1258
813 1005
813 1008
813 999
813 1151
813 1029
813 896
813 993
813 996
813 934
813 818
813 820
813 1153
813 997
813 958
813 1076
813 1095
813 965
813 948
813 1247
813 1138
202 69
202 87
202 88
202 89
202 103
202 119
202 120
202 121
202 198
202 500
202 505
202 517
202 525
202 530
202 533
202 1049
202 1061
202 1068
202 1077
202 597
202 764
202 1138
202 1141
202 643
202 1165
202 350
202 1026
202 1185
202 1187
202 1200
202 203
202 1227
202 222
202 1241
202 239
202 1260
202 754
202 755
202 256
202 258
202 780
202 1291
202 285
202 794
202 295
202 296
202 299
202 300
202 305
202 845
202 854
202 858
202 355
202 1374
202 868
202 376
202 467
202 385
202 387
202 421
202 932
202 940
202 434
202 435
202 444
202 975
202 987
202 486
979 14
979 61
979 79
979 124
979 139
979 174
979 184
979 190
979 208
979 256
979 272
979 281
979 296
979 322
979 350
979 359
979 398
979 401
979 412
979 422
979 434
979 453
979 507
979 525
979 531
979 538
979 544
979 547
979 592
979 623
979 642
979 681
979 698
979 748
979 780
979 798
979 812
979 815
979 855
979 873
979 910
979 918
979 973
979 978
979 1008
979 1040
979 1054
979 1071
979 1080
979 1090
979 1114
979 1116
979 1124
979 1151
979 1155
979 1185
979 1187
979 1200
979 1210
979 1220
979 1227
979 1230
979 1235
979 1246
979 1125
979 1260
979 1294
979 1309
979 1320
979 1334
979 1138
979 1341
979 1364
979 980
979 984
979 993
1110 13
1110 107
1110 170
1110 174
1110 218
1110 222
1110 262
1110 280
1110 398
1110 471
1110 685
1110 765
1110 896
1110 975
1110 1108
1110 1294
1110 1185
1110 1374
1110 1248
1370 103
1370 135
1370 190
1370 195
1370 262
1370 303
1370 376
1370 380
1370 382
1370 433
1370 477
1370 486
1370 492
1370 541
1370 553
1370 565
1370 624
1370 635
1370 649
1370 652
1370 669
1370 700
1370 717
1370 726
1370 739
1370 805
1370 806
1370 820
1370 824
1370 852
1370 896
1370 907
1370 917
1370 927
1370 948
1370 958
1370 963
1370 965
1370 1006
1370 1026
1370 1076
1370 1086
1370 1099
1370 1165
1370 1261
1370 1296
864 19
864 69
864 118
864 119
864 158
864 190
864 203
864 208
864 235
864 236
864 254
864 285
864 286
864 300
864 412
864 417
864 419
864 422
864 429
864 434
864 473
864 486
864 487
864 498
864 517
864 525
864 531
864 594
864 598
864 621
864 623
864 649
864 687
864 691
864 757
864 768
864 771
864 777
864 780
864 794
864 805
864 822
864 1124
864 1185
864 1246
864 1271
864 1082
864 918
864 1066
864 1196
864 1070
864 1091
864 1348
864 1014
864 868
864 984
864 985
864 866
233 14
233 748
233 1260
233 1008
233 256
233 1150
233 772
233 285
233 1070
233 1077
233 1339
233 866
233 1241
233 1114
235 13
235 49
235 218
235 1124
235 747
235 262
235 1150
235 263
235 267
235 780
235 1173
235 794
235 417
235 1196
235 1334
235 1342
235 866
235 867
235 486
235 616
235 1123
363 32
363 183
363 208
363 288
363 589
363 781
363 625
363 821
363 785
363 896
363 558
363 486
12 303
12 467
12 295
12 422
303 15
303 68
303 105
303 139
303 190
303 198
303 1125
303 368
303 448
303 764
303 517
303 649
303 650
303 532
303 927
303 805
303 685
303 969
303 325
303 965
303 335
303 1350
303 982
303 985
303 741
467 14
467 15
467 22
467 32
467 40
467 41
467 54
467 68
467 69
467 89
467 90
467 118
467 119
467 120
467 121
467 122
467 127
467 147
467 154
467 158
467 174
467 182
467 188
467 203
467 215
467 217
467 226
467 234
467 240
467 241
467 243
467 244
467 245
467 250
467 264
467 265
467 278
467 286
467 288
467 294
467 296
467 308
467 345
467 368
467 379
467 412
467 413
467 417
467 429
467 433
467 434
467 442
467 453
467 457
467 462
467 464
467 997
467 999
467 496
467 1004
467 1005
467 499
467 1007
467 747
467 505
467 1014
467 1015
467 518
467 521
467 525
467 533
467 921
467 537
467 1046
467 544
467 1352
467 1066
467 563
467 1071
467 1077
467 1087
467 585
467 590
467 1098
467 594
467 1101
467 764
467 617
467 619
467 620
467 597
467 632
467 633
467 634
467 1144
467 643
467 1150
467 645
467 1153
467 651
467 1279
467 1165
467 1173
467 1182
467 679
467 1187
467 687
467 689
467 691
467 1200
467 695
467 1032
467 1210
467 1215
467 1222
467 1230
467 1235
467 598
467 731
467 1207
467 1241
467 1242
467 1247
467 1260
467 754
467 761
467 1271
467 765
467 1274
467 1275
467 1276
467 1277
467 1278
467 1281
467 1282
467 777
467 780
467 1299
467 794
467 798
467 823
467 825
467 1334
467 1308
467 1341
467 1342
467 843
467 845
467 852
467 1361
467 1364
467 866
467 723
467 1231
467 940
467 904
467 905
467 1280
467 916
467 924
467 650
467 987
467 945
467 1196
467 947
467 958
467 963
467 982
467 985
467 708
467 481
467 996
295 118
295 181
295 288
295 771
295 1026
295 1044
295 1173
295 417
295 296
295 806
295 554
295 1061
295 1200
295 573
295 1343
295 458
295 1357
295 473
422 13
422 14
422 22
422 35
422 118
422 121
422 147
422 174
422 217
422 230
422 234
422 241
422 243
422 244
422 264
422 359
422 413
422 1087
422 1004
422 499
422 1342
422 505
422 1015
422 765
422 1150
422 1341
422 652
422 1151
422 1165
422 1294
422 1155
422 794
422 918
422 1005
422 517
422 544
422 754
422 521
422 679
422 924
422 1318
422 1178
422 433
422 689
422 772
422 820
422 695
422 777
422 823
422 771
422 1207
422 644
422 1083
422 1212
422 1215
422 963
422 457
422 1299
422 1352
422 1098
422 1227
422 798
422 780
422 852
422 1361
422 1185
422 982
422 1114
422 496
13 368
13 121
13 378
13 633
13 634
13 260
13 1150
13 517
13 471
13 521
13 652
13 780
13 910
13 150
13 533
13 603
13 1044
13 794
13 669
13 670
13 1177
13 36
13 215
13 676
13 1185
13 671
13 1061
13 434
13 182
13 313
13 60
13 700
13 657
13 831
13 823
13 963
13 107
13 1299
13 428
13 401
13 87
13 1357
13 1231
13 218
13 222
13 22
13 96
13 531
13 610
13 553
13 486
13 88
13 870
368 38
368 96
368 167
368 200
368 205
368 206
368 236
368 296
368 359
368 1138
368 382
368 1016
368 600
368 898
368 463
368 779
368 781
368 1169
368 583
368 1153
368 1174
368 1106
368 417
368 1026
368 839
368 1196
368 818
368 693
368 698
368 445
368 833
368 455
368 677
368 678
368 854
368 679
368 801
368 996
121 243
121 754
121 780
121 285
121 794
121 924
121 1185
121 434
121 1207
121 327
121 598
121 866
121 740
121 486
121 487
378 134
378 174
378 214
378 296
378 997
378 999
378 631
378 1153
378 520
378 395
378 536
378 1029
378 699
378 745
378 697
378 698
378 455
378 965
378 993
378 742
378 996
633 196
633 594
633 615
633 1005
633 634
633 904
633 780
633 1298
633 1185
633 777
633 944
633 823
633 760
633 761
633 1101
634 96
634 621
634 1228
634 761
634 1341
634 823
260 135
260 144
260 153
260 174
260 201
260 258
260 1008
260 832
260 1151
260 1026
260 917
260 669
260 1051
260 818
260 558
260 437
260 313
260 1079
260 1080
260 965
260 589
260 726
1150 160
1150 236
1150 241
1150 243
1150 294
1150 381
1150 410
1150 413
1150 434
1150 496
1150 635
1150 679
1150 689
1150 722
1150 745
1150 757
1150 765
1150 768
1150 780
1150 820
1150 823
1150 1015
1150 1070
1150 1087
1150 1230
1150 1231
1150 1341
517 19
517 69
517 107
517 152
517 186
517 200
517 218
517 272
517 288
517 336
517 359
517 376
517 412
517 413
517 417
517 465
517 486
517 487
517 505
517 747
517 1127
517 623
517 518
517 855
517 900
517 545
517 927
517 818
517 684
517 687
517 689
517 692
517 1165
517 867
517 869
517 832
517 833
517 1215
517 1217
517 965
517 1347
517 525
517 977
517 1366
517 961
471 107
471 193
471 200
471 203
471 222
471 359
471 371
471 382
471 398
471 454
471 533
471 752
471 777
471 1108
471 1033
471 1039
471 685
471 819
471 1200
471 1090
471 585
471 740
471 975
471 1235
471 1369
471 1374
521 133
521 150
521 196
521 243
521 300
521 434
521 457
521 748
521 622
521 754
521 1015
521 777
521 780
521 656
521 924
521 1080
521 1341
521 1230
521 1231
652 91
652 145
652 285
652 305
652 330
652 345
652 359
652 372
652 412
652 434
652 550
652 553
652 747
652 977
652 1329
652 758
652 765
652 1151
652 901
652 689
652 681
652 1054
652 938
652 939
652 1066
652 1196
652 1077
652 780
652 1080
652 1085
652 1342
652 965
652 973
652 1231
652 1334
652 1240
652 806
652 866
652 1248
652 870
780 14
780 15
780 61
780 67
780 83
780 87
780 88
780 104
780 124
780 127
780 160
780 182
780 184
780 198
780 200
780 203
780 212
780 215
780 236
780 243
780 264
780 267
780 272
780 292
780 322
780 356
780 359
780 360
780 372
780 413
780 417
780 421
780 434
780 453
780 457
780 486
780 496
780 503
780 505
780 544
780 573
780 594
780 598
780 611
780 679
780 689
780 691
780 694
780 695
780 698
780 705
780 708
780 729
780 754
780 757
780 765
780 768
780 771
780 772
780 777
780 1004
780 1005
780 1039
780 1054
780 1066
780 1070
780 1077
780 1083
780 1098
780 1185
780 1124
780 1151
780 1155
780 1173
780 1178
780 1222
780 1230
780 1231
780 1207
780 822
780 823
780 1138
780 833
780 1341
780 1342
780 842
780 1352
780 869
780 873
780 884
780 896
780 901
780 1212
780 916
780 918
780 924
780 944
780 951
780 993
780 974
780 978
780 984
780 985
910 14
910 158
910 498
910 1165
150 299
150 654
150 681
150 1298
150 1080
150 431
150 1056
533 49
533 161
533 174
533 203
533 359
533 419
533 439
533 902
533 1056
533 819
533 1214
533 1374
533 1228
533 984
603 313
603 1080
1044 56
1044 192
1044 196
1044 239
1044 265
1044 338
1044 445
1044 514
1044 551
1044 587
1044 685
1044 695
1044 700
1044 758
1044 847
1044 851
1044 866
1044 985
1044 1015
1044 1264
1044 1064
794 97
794 196
794 203
794 241
794 243
794 245
794 288
794 379
794 434
794 457
794 486
794 487
794 528
794 598
794 611
794 674
794 679
794 692
794 714
794 745
794 754
794 765
794 771
794 772
794 1124
794 1070
794 1005
794 1213
794 1027
794 1165
794 1066
794 945
794 823
794 1207
794 868
794 852
794 1056
794 1091
794 1230
794 866
794 867
669 50
669 51
669 146
669 160
669 174
669 267
669 287
669 354
669 359
669 360
669 382
669 486
669 532
669 558
669 576
669 610
669 745
669 1165
669 670
669 1177
669 1181
669 795
669 820
669 1064
669 1333
669 781
669 854
669 981
669 1080
670 50
670 51
670 174
670 354
670 410
670 558
670 1210
670 671
670 1181
670 981
670 1080
670 1177
1177 51
1177 360
1177 795
1177 796
1177 981
1177 1008
1177 1080
1177 1179
1177 1267
1177 1181
36 966
36 298
36 1205
36 382
36 1080
36 296
36 297
215 60
215 64
215 66
215 87
215 88
215 164
215 169
215 896
215 1151
215 1196
215 818
215 1076
215 573
215 702
215 462
215 221
215 1237
215 735
215 1372
215 993
1185 87
1185 96
1185 165
1185 198
1185 200
1185 203
1185 223
1185 256
1185 277
1185 285
1185 412
1185 413
1185 430
1185 434
1185 442
1185 444
1185 486
1185 487
1185 492
1185 505
1185 509
1185 530
1185 554
1185 572
1185 598
1185 700
1185 771
1185 772
1185 777
1185 785
1185 866
1185 867
1185 868
1185 869
1185 898
1185 978
1185 1026
1185 1056
1185 1061
1185 1070
1185 1071
1185 1080
1185 1138
1185 1151
1185 1259
1185 1260
1185 1341
1185 1207
671 14
671 51
671 146
671 558
671 827
671 1291
671 767
671 1025
1061 87
1061 88
1061 186
1061 203
1061 243
1061 285
1061 287
1061 290
1061 301
1061 411
1061 420
1061 486
1061 487
1061 532
1061 538
1061 564
1061 650
1061 656
1061 675
1061 715
1061 749
1061 852
1061 859
1061 869
1061 1005
1061 1124
1061 1207
1061 1080
434 26
434 29
434 40
434 47
434 56
434 77
434 87
434 88
434 112
434 127
434 154
434 174
434 183
434 184
434 186
434 196
434 200
434 206
434 212
434 230
434 241
434 243
434 248
434 250
434 265
434 279
434 285
434 287
434 288
434 294
434 298
434 313
434 322
434 335
434 350
434 352
434 359
434 374
434 379
434 405
434 413
434 419
434 433
434 496
434 1005
434 662
434 501
434 1015
434 748
434 1020
434 1026
434 525
434 1091
434 755
434 1008
434 1066
434 1071
434 927
434 1083
434 1087
434 1097
434 594
434 1103
434 1104
434 600
434 602
434 614
434 626
434 627
434 1138
434 1146
434 643
434 1151
434 866
434 650
434 651
434 1165
434 858
434 1173
434 1178
434 1197
434 674
434 679
434 684
434 438
434 689
434 695
434 1207
434 1208
434 1211
434 1213
434 708
434 1217
434 867
434 722
434 1230
434 1231
434 1235
434 1247
434 744
434 747
434 1264
434 762
434 764
434 765
434 768
434 771
434 772
434 1287
434 793
434 1070
434 820
434 823
434 1341
434 1342
434 1358
434 852
434 1360
434 620
434 884
434 1149
434 901
434 902
434 916
434 918
434 564
434 436
434 945
434 442
434 444
434 446
434 956
434 450
434 451
434 453
434 457
434 969
434 984
434 988
434 549
434 484
434 486
434 487
182 904
182 1346
182 243
182 1231
182 695
182 1015
182 1207
182 196
182 1165
182 241
182 594
182 1341
182 359
182 360
182 679
313 174
313 1080
313 360
60 203
60 502
60 635
60 573
60 66
60 514
60 739
60 170
60 455
700 51
700 354
700 1211
700 1109
700 1186
657 174
657 1080
831 41
831 48
831 277
831 288
831 907
831 1010
823 196
823 241
823 243
823 294
823 333
823 381
823 410
823 419
823 496
823 679
823 1005
823 1015
823 1214
823 1130
823 924
823 1087
963 14
963 31
963 168
963 224
963 267
963 537
963 745
963 1216
963 965
963 1350
963 1106
107 48
107 103
107 104
107 907
107 486
107 867
107 810
107 222
107 984
107 477
1299 359
1299 496
1299 679
1299 765
1299 991
1299 992
1299 1005
1299 1015
1299 1346
1299 1341
428 285
428 1165
428 818
428 1008
428 866
401 174
401 267
401 687
401 867
87 14
87 40
87 54
87 745
87 878
87 119
87 1269
87 1144
87 386
87 514
87 135
87 265
87 1285
87 1290
87 1291
87 1294
87 118
87 372
87 288
87 1178
87 292
87 174
87 1217
87 544
87 181
87 564
87 762
87 442
87 443
87 573
87 611
87 203
87 285
87 206
87 335
87 866
87 1014
87 88
87 598
87 729
87 667
87 985
87 417
87 486
87 487
87 488
87 996
1357 226
1357 239
1357 240
1357 354
1357 412
1357 489
1357 558
1357 859
1357 1033
1357 1085
1357 1099
1357 1111
1357 1144
1357 1215
1231 196
1231 241
1231 243
1231 245
1231 294
1231 361
1231 413
1231 436
1231 457
1231 486
1231 496
1231 573
1231 679
1231 695
1231 765
1231 820
1231 884
1231 1005
1231 1015
1231 1087
1231 1207
1231 1213
1231 1217
1231 1230
1231 1341
1231 1242
218 14
218 15
218 16
218 118
218 133
218 159
218 165
218 186
218 208
218 209
218 872
218 619
218 243
218 244
218 754
218 1020
218 758
218 1266
218 505
218 1015
218 765
218 516
218 1341
218 1173
218 407
218 410
218 544
218 1367
218 802
218 549
218 806
218 300
218 269
218 1062
218 417
218 1067
218 1070
218 843
218 611
218 1087
218 455
218 1214
218 486
218 723
218 487
218 860
218 1368
218 610
218 892
218 302
222 203
222 549
222 1259
222 550
222 819
222 1200
222 820
222 833
222 296
22 243
22 433
22 443
22 212
22 594
22 496
22 1341
96 19
96 44
96 61
96 88
96 745
96 1133
96 889
96 382
96 514
96 558
96 1153
96 267
96 1029
96 781
96 913
96 914
96 1169
96 412
96 160
96 795
96 1174
96 1307
96 294
96 169
96 931
96 1192
96 687
96 571
96 635
96 1069
96 818
96 1076
96 951
96 953
96 1080
96 654
96 442
96 455
96 331
96 190
96 549
96 1014
96 1101
96 854
96 965
531 47
531 978
531 1070
531 771
531 772
531 818
610 88
610 127
610 174
610 196
610 359
610 371
610 443
610 550
610 553
610 558
610 873
610 1016
610 896
610 1026
610 1173
610 1095
610 1374
610 611
610 612
553 143
553 359
553 397
553 465
553 481
553 545
553 550
553 558
553 1321
553 819
553 1200
553 965
553 612
486 19
486 49
486 66
486 69
486 88
486 103
486 104
486 160
486 200
486 239
486 243
486 245
486 256
486 262
486 267
486 288
486 302
486 333
486 359
486 371
486 376
486 382
486 398
486 417
486 419
486 442
486 443
486 498
486 500
486 525
486 544
486 548
486 1056
486 558
486 1066
486 1070
486 1077
486 1079
486 1082
486 1090
486 591
486 1114
486 609
486 611
486 1123
486 1124
486 1126
486 623
486 1141
486 642
486 655
486 1165
486 1173
486 678
486 687
486 691
486 698
486 1208
486 948
486 1220
486 867
486 1227
486 1241
486 1246
486 1248
486 744
486 747
486 1260
486 1211
486 768
486 1318
486 786
486 808
486 1319
486 1341
486 843
486 846
486 635
486 898
486 900
486 564
486 945
486 952
486 965
486 1214
486 573
486 1080
486 487
486 996
88 14
88 61
88 1337
88 498
88 1014
88 1173
88 544
88 564
88 597
88 94
88 611
88 616
88 118
88 643
88 1280
88 1281
88 667
88 1181
88 1182
88 174
88 687
88 692
88 1211
88 203
88 712
88 206
88 1222
88 729
88 744
88 241
88 1259
88 758
88 764
88 1274
88 1275
88 1276
88 1277
88 1278
88 1279
88 265
88 1282
88 1294
88 287
88 288
88 292
88 1313
88 1318
88 322
88 335
88 350
88 866
88 868
88 386
88 417
88 442
88 443
88 464
88 985
88 987
88 1165
88 488
870 193
870 636
870 940
870 1076
870 1109
14 243
14 117
14 118
14 504
14 505
14 765
14 1043
14 1196
14 15
14 229
14 985
14 31
14 1165
14 916
14 918
14 158
14 1046
14 544
14 1308
14 678
14 1057
14 1186
14 808
14 417
14 940
14 1157
14 54
14 1070
14 355
14 1200
14 296
14 651
14 1334
14 1341
14 335
14 208
14 600
14 845
14 120
14 465
14 339
14 854
14 351
14 564
14 227
14 965
14 200
14 744
243 15
243 89
243 126
243 154
243 160
243 164
243 198
243 217
243 234
243 241
243 747
243 496
243 245
243 1005
243 852
243 620
243 777
243 1014
243 1015
243 765
243 515
243 264
243 413
243 1215
243 689
243 412
243 924
243 754
243 419
243 294
243 296
243 679
243 417
243 560
243 309
243 945
243 695
243 1330
243 443
243 1207
243 1213
243 1341
243 708
243 965
243 359
243 1230
243 453
243 360
243 598
243 604
243 354
243 1242
243 867
243 1032
117 54
117 684
117 118
117 252
117 635
117 544
118 15
118 43
118 49
118 54
118 73
118 74
118 845
118 241
118 876
118 119
118 684
118 1138
118 635
118 764
118 629
118 283
118 767
118 387
118 771
118 772
118 1026
118 600
118 158
118 1173
118 544
118 1308
118 429
118 744
118 1344
118 651
118 563
118 1070
118 1073
118 442
118 824
118 1334
118 918
118 325
118 455
118 330
118 1219
118 460
118 335
118 718
118 1014
118 847
118 1046
118 854
118 221
118 602
118 679
118 308
118 1366
118 985
118 1186
118 229
118 258
504 54
505 119
505 133
505 135
505 196
505 203
505 256
505 263
505 272
505 333
505 338
505 350
505 398
505 417
505 421
505 442
505 1015
505 1274
505 866
505 1039
505 924
505 1308
505 587
505 818
505 1214
505 847
505 985
505 1294
765 154
765 196
765 227
765 230
765 264
765 294
765 340
765 374
765 457
765 496
765 500
765 544
765 598
765 679
765 689
765 692
765 1005
765 884
765 1015
765 1155
765 1036
765 1039
765 1241
765 1318
765 1066
765 1200
765 952
765 1207
765 822
765 1083
765 1341
765 1094
765 847
765 1230
765 853
765 1210
765 859
765 869
1043 604
1196 64
1196 135
1196 180
1196 185
1196 188
1196 201
1196 236
1196 248
1196 294
1196 359
1196 372
1196 412
1196 455
1196 495
1196 498
1196 530
1196 573
1196 618
1196 631
1196 678
1196 743
1196 758
1196 771
1196 772
1196 775
1196 781
1196 848
1196 896
1196 898
1196 1008
1196 1014
1196 1016
1196 1046
1196 1069
1196 1070
1196 1106
1196 1133
1196 1138
1196 1344
15 760
15 1269
15 1015
15 262
15 169
15 678
15 564
15 1186
15 54
15 818
15 1200
15 525
15 1341
15 1247
15 465
15 319
15 227
15 867
229 54
229 1062
229 305
229 1227
985 54
985 206
985 236
985 258
985 477
985 481
985 530
985 602
985 635
985 678
985 679
985 695
985 764
985 771
985 772
985 872
985 896
985 982
985 984
985 1062
985 1070
985 1089
985 1014
31 490
31 623
31 55
31 424
31 160
31 861
31 39
31 959
31 803
31 205
31 495
1165 16
1165 23
1165 27
1165 55
1165 79
1165 122
1165 160
1165 186
1165 190
1165 200
1165 204
1165 225
1165 226
1165 228
1165 262
1165 267
1165 270
1165 285
1165 287
1165 288
1165 290
1165 300
1165 322
1165 354
1165 412
1165 453
1165 498
1165 500
1165 509
1165 532
1165 564
1165 568
1165 585
1165 590
1165 627
1165 631
1165 650
1165 679
1165 681
1165 689
1165 714
1165 728
1165 748
1165 772
1165 842
1165 866
1165 867
1165 900
1165 913
1165 938
1165 943
1165 969
1165 973
1165 977
1165 999
1165 1005
1165 1008
1165 1031
1165 1032
1165 1076
1165 1084
1165 1112
1165 1151
1165 1173
1165 1248
1165 1252
1165 1260
1165 1271
1165 1287
1165 1216
1165 1294
1165 1174
1165 1314
1165 1367
916 54
916 136
916 431
916 437
916 558
918 54
918 190
918 227
918 354
918 360
918 398
918 460
918 771
918 772
918 809
918 900
918 1259
918 1070
918 1087
918 1230
158 429
158 819
158 559
158 692
158 161
158 1080
158 200
1046 54
1046 120
1046 176
1046 200
1046 228
1046 301
1046 544
1046 1318
1046 1049
1046 1151
544 54
544 74
544 77
544 139
544 154
544 221
544 296
544 300
544 315
544 335
544 345
544 455
544 473
544 481
544 488
544 530
544 618
544 588
544 770
544 819
544 723
544 1151
544 1026
544 925
544 754
544 1308
544 550
544 679
544 1089
544 684
544 689
544 1073
544 1235
544 1023
544 1103
544 854
544 1091
544 1237
544 735
544 1230
1308 54
1308 265
1308 371
1308 394
1308 417
1308 421
1308 513
1308 636
1308 684
1308 1173
1308 1200
1308 1240
678 75
678 135
678 382
678 418
678 485
678 565
678 649
678 745
678 881
678 1146
678 1296
678 917
678 805
678 806
678 1029
678 951
678 1215
678 1094
678 1358
678 1251
1057 61
1057 200
1057 353
1057 455
1057 520
1057 758
1057 1156
1057 1151
1186 26
1186 119
1186 136
1186 181
1186 206
1186 265
1186 525
1186 558
1186 667
1186 701
1186 777
1186 1241
1186 1340
808 40
808 80
808 227
808 548
808 604
808 679
808 717
808 758
808 764
808 1318
808 900
808 1014
417 46
417 54
417 69
417 119
417 185
417 186
417 201
417 244
417 250
417 253
417 288
417 300
417 302
417 305
417 325
417 354
417 360
417 1266
417 1062
417 1020
417 901
417 1105
417 1267
417 1033
417 1171
417 754
417 723
417 931
417 681
417 1326
417 433
417 1070
417 567
417 853
417 1235
417 867
417 616
940 69
940 90
940 130
940 133
940 135
940 226
940 277
940 286
940 350
940 382
940 436
940 677
940 714
940 766
940 868
940 1124
940 1083
940 1032
940 1176
940 1050
940 1008
940 1071
940 1090
940 1250
1157 135
1157 164
1157 200
1157 331
1157 453
1157 464
1157 523
1157 525
1157 597
1157 687
1157 698
1157 745
1157 792
1157 818
1157 953
1157 965
1157 987
1157 993
1157 1095
1157 1151
1157 1279
1157 1274
1157 1275
1157 1276
1157 1278
1157 1280
1157 1282
1157 1291
1157 1281
1157 1182
1157 1277
1157 1222
54 1257
54 502
54 635
54 385
54 398
54 530
54 169
54 680
54 684
54 651
54 1115
54 1076
54 1334
54 335
54 330
54 1091
54 845
54 847
54 600
54 1247
54 744
1070 26
1070 91
1070 143
1070 145
1070 170
1070 184
1070 190
1070 200
1070 208
1070 227
1070 236
1070 256
1070 262
1070 263
1070 292
1070 322
1070 323
1070 359
1070 423
1070 473
1070 483
1070 513
1070 519
1070 525
1070 548
1070 598
1070 611
1070 613
1070 615
1070 637
1070 650
1070 654
1070 679
1070 687
1070 698
1070 705
1070 715
1070 768
1070 772
1070 820
1070 822
1070 842
1070 868
1070 873
1070 982
1070 984
1070 993
1070 1004
1070 1005
1070 1066
1070 1082
1070 1091
1070 1101
1070 1116
1070 1173
1070 1178
1070 1187
1070 1230
1070 1246
1070 1298
1070 1320
1070 1341
1070 1342
1070 1362
355 169
355 223
355 230
355 274
355 352
355 354
355 885
355 1143
355 892
355 795
355 948
355 569
355 1090
355 847
355 1099
355 360
1200 48
1200 56
1200 119
1200 120
1200 135
1200 170
1200 193
1200 276
1200 284
1200 310
1200 327
1200 359
1200 442
1200 472
1200 506
1200 550
1200 554
1200 576
1200 611
1200 643
1200 685
1200 687
1200 741
1200 743
1200 744
1200 762
1200 847
1200 851
1200 873
1200 897
1200 934
1200 942
1200 958
1200 978
1200 1022
1200 1056
1200 1065
1200 1111
1200 1142
1200 1248
1200 1359
1200 1251
296 24
296 26
296 40
296 56
296 64
296 77
296 97
296 111
296 112
296 135
296 174
296 181
296 186
296 190
296 201
296 203
296 208
296 224
296 241
296 250
296 265
296 276
296 280
296 284
296 498
296 501
296 1014
296 514
296 1026
296 525
296 530
296 836
296 1054
296 554
296 1065
296 1071
296 1072
296 1076
296 573
296 582
296 1092
296 1094
296 597
296 1105
296 624
296 1138
296 1141
296 638
296 1153
296 649
296 650
296 1159
296 662
296 1281
296 775
296 1178
296 674
296 1182
296 1029
296 687
296 691
296 1211
296 1222
296 951
296 1291
296 1235
296 1237
296 1247
296 1251
296 1252
296 1258
296 752
296 760
296 764
296 1274
296 1275
296 1276
296 1277
296 1278
296 1279
296 1282
296 372
296 297
296 298
296 1313
296 1325
296 1329
296 1339
296 833
296 1342
296 1348
296 548
296 1352
296 347
296 359
296 362
296 876
296 382
296 386
296 643
296 898
296 672
296 1280
296 921
296 932
296 426
296 442
296 444
296 954
296 969
296 464
296 987
296 996
651 44
651 77
651 133
651 190
651 245
651 354
651 585
651 1154
651 1291
651 914
651 1169
651 1173
651 965
651 713
651 744
1334 169
1334 210
1334 654
1334 679
1334 818
1334 819
1334 866
1334 965
1334 978
1334 1173
1341 25
1341 208
1341 292
1341 345
1341 395
1341 413
1341 459
1341 473
1341 528
1341 548
1341 565
1341 598
1341 629
1341 679
1341 684
1341 695
1341 699
1341 708
1341 754
1341 768
1341 781
1341 789
1341 843
1341 899
1341 924
1341 978
1341 993
1341 1005
1341 1015
1341 1064
1341 1116
1341 1207
1341 1230
1341 1317
1341 1331
1341 1340
1341 1342
335 221
335 271
335 793
335 620
335 684
335 1230
208 20
208 101
208 136
208 188
208 427
208 369
208 754
208 1266
208 900
208 272
208 545
208 692
208 1114
208 715
208 821
208 1077
208 325
208 1087
208 1348
208 843
208 604
208 354
208 611
208 867
208 978
600 152
600 369
600 513
600 1318
600 715
600 604
600 622
600 717
845 20
845 169
845 193
845 203
120 599
120 679
120 221
465 64
465 74
465 179
465 359
465 779
465 1033
465 664
465 668
465 1056
465 550
465 1198
465 1244
465 614
339 1317
339 342
339 1026
339 806
854 16
854 39
854 75
854 77
854 135
854 143
854 160
854 161
854 201
854 203
854 239
854 240
854 252
854 277
854 419
854 442
854 444
854 464
854 472
854 514
854 530
854 597
854 643
854 674
854 764
854 768
854 771
854 784
854 821
854 827
854 1016
854 1082
854 1105
854 1275
854 1138
854 1278
854 1162
854 1182
854 1029
854 1222
854 1237
854 1251
854 1252
854 1258
854 1262
854 1274
854 1276
854 1277
854 1279
854 1280
854 1281
854 1282
854 1291
854 1318
854 1329
854 858
854 900
854 971
854 973
854 977
854 987
854 988
351 265
351 748
351 1065
351 1227
351 1037
351 1106
351 636
351 701
351 886
351 674
351 681
564 174
564 285
564 288
564 290
564 300
564 302
564 450
564 453
564 487
564 492
564 526
564 532
564 1062
564 1031
564 1289
564 943
564 867
564 869
564 866
564 1187
227 16
227 101
227 127
227 154
227 190
227 367
227 497
227 499
227 898
227 772
227 901
227 1155
227 398
227 274
227 294
227 684
227 1191
227 689
227 272
227 707
227 1161
227 264
227 977
227 1109
227 228
227 230
227 991
227 992
227 1120
965 48
965 61
965 66
965 83
965 103
965 149
965 169
965 200
965 258
965 291
965 316
965 346
965 359
965 372
965 379
965 382
965 389
965 412
965 444
965 455
965 462
965 463
965 464
965 487
965 492
965 503
965 514
965 520
965 537
965 539
965 558
965 571
965 572
965 597
965 623
965 635
965 648
965 649
965 654
965 680
965 685
965 687
965 705
965 739
965 745
965 748
965 804
965 805
965 812
965 824
965 828
965 866
965 893
965 913
965 914
965 927
965 938
965 951
965 952
965 1009
965 1015
965 1016
965 1025
965 1026
965 1035
965 1036
965 1054
965 1068
965 1082
965 1095
965 1099
965 1106
965 1109
965 1114
965 1275
965 1162
965 1182
965 1029
965 1207
965 1218
965 1222
965 1226
965 1235
965 1274
965 1251
965 1276
965 1277
965 1278
965 1279
965 1280
965 1281
965 1282
965 1326
965 1328
965 1350
965 1360
965 1238
965 1153
965 966
965 1077
965 993
965 987
965 996
200 61
200 67
200 75
200 89
200 104
200 160
200 169
200 190
200 997
200 495
200 239
200 514
200 527
200 1035
200 530
200 1054
200 1064
200 565
200 1076
200 579
200 766
200 630
200 1141
200 1144
200 1151
200 1162
200 675
200 689
200 705
200 706
200 203
200 867
200 1226
200 226
200 1242
200 1246
200 234
200 1250
200 240
200 748
200 1259
200 246
200 250
200 252
200 1270
200 258
200 267
200 273
200 1217
200 793
200 804
200 301
200 812
200 814
200 818
200 1326
200 828
200 332
200 858
200 353
200 1372
200 866
200 359
200 874
200 382
200 558
200 350
200 906
200 917
200 412
200 922
200 419
200 958
200 455
200 487
744 190
744 1049
744 1247
760 144
760 1273
1269 153
1269 301
1269 359
1269 437
1269 460
1269 690
1269 949
1269 953
1269 1005
1269 1247
1269 1253
1269 1332
1015 89
1015 147
1015 196
1015 217
1015 234
1015 264
1015 345
1015 413
1015 442
1015 457
1015 463
1015 594
1015 619
1015 620
1015 625
1015 627
1015 689
1015 695
1015 757
1015 761
1015 798
1015 852
1015 905
1015 924
1015 1215
1015 1197
1015 1032
1015 1361
1015 1109
1015 1207
262 195
262 668
262 487
262 866
262 263
169 49
169 123
169 135
169 139
169 745
169 625
169 1133
169 1011
169 307
169 1016
169 510
169 514
169 1237
169 1291
169 530
169 1038
169 181
169 915
169 350
169 435
169 643
169 551
169 815
169 1250
169 818
169 1222
169 250
169 698
169 444
169 952
169 1014
169 1138
169 201
169 582
169 455
169 1090
169 1092
169 331
169 699
169 951
169 1104
169 857
169 674
169 735
818 34
818 39
818 75
818 90
818 97
818 135
818 168
818 181
818 198
818 205
818 237
818 258
818 276
818 278
818 297
818 301
818 304
818 330
818 331
818 350
818 353
818 386
818 394
818 395
818 418
818 442
818 455
818 475
818 522
818 530
818 551
818 554
818 563
818 582
818 593
818 602
818 623
818 625
818 631
818 635
818 640
818 643
818 654
818 674
818 734
818 745
818 775
818 803
818 1014
818 1016
818 1076
818 1089
818 1090
818 1092
818 1094
818 1104
818 1138
818 1161
818 1029
818 1192
818 1211
818 1222
818 1069
818 1291
818 1237
818 1258
818 1270
818 1307
818 833
818 1352
818 856
818 905
818 931
818 951
818 962
818 1251
818 996
525 44
525 48
525 190
525 198
525 203
525 205
525 224
525 236
525 350
525 421
525 435
525 442
525 443
525 487
525 498
525 516
525 997
525 1253
525 640
525 1004
525 978
525 705
525 768
525 896
525 772
525 781
525 1217
525 793
525 681
525 1192
525 1324
525 820
525 665
525 696
525 821
525 1219
525 771
525 961
525 898
525 1103
525 1026
525 1234
525 984
525 1327
1247 133
1247 248
1247 305
1247 338
1247 508
1247 713
1247 996
1247 997
319 69
319 908
319 1234
319 987
319 421
867 27
867 174
867 185
867 190
867 201
867 270
867 285
867 288
867 290
867 322
867 359
867 397
867 412
867 453
867 498
867 509
867 541
867 545
867 585
867 590
867 592
867 650
867 654
867 679
867 681
867 687
867 689
867 698
867 728
867 731
867 748
867 768
867 777
867 846
867 866
867 1008
867 1031
867 1032
867 1056
867 1062
867 1077
867 1082
867 1084
867 1085
867 1124
867 1141
867 1151
867 1168
867 1174
867 1181
867 1194
867 1208
867 1260
867 1348
867 869
867 873
867 896
867 902
867 913
867 914
867 938
867 943
16 997
16 1264
16 758
16 635
16 1025
16 774
16 140
16 272
16 529
16 939
16 693
16 1076
16 589
16 197
16 1223
16 228
997 21
997 75
997 133
997 160
997 214
997 240
997 250
997 299
997 415
997 453
997 536
997 537
997 550
997 631
997 740
997 745
997 924
997 971
997 993
997 996
997 1008
997 999
997 1151
997 1153
997 1173
997 1095
997 1340
997 1119
1264 24
1264 228
1264 347
1264 529
1264 589
1264 709
1264 798
1264 872
1264 982
1264 1041
1264 1223
1264 1248
1264 1262
758 210
758 228
758 277
758 301
758 364
758 530
758 635
758 751
758 1359
758 938
758 1151
758 781
758 913
758 1133
758 1182
758 1026
758 1008
758 1071
758 1222
635 24
635 40
635 77
635 80
635 110
635 131
635 144
635 180
635 228
635 250
635 256
635 277
635 385
635 495
635 502
635 514
635 565
635 588
635 751
635 1016
635 1194
635 752
635 996
635 1307
635 1243
635 927
635 821
635 957
635 1212
635 835
635 838
635 969
635 971
635 847
635 1375
635 851
635 784
635 1368
635 1251
1025 44
1025 130
1025 138
1025 148
1025 251
1025 267
1025 297
1025 359
1025 372
1025 389
1025 424
1025 439
1025 463
1025 468
1025 490
1025 646
1025 648
1025 649
1025 668
1025 711
1025 748
1025 804
1025 805
1025 861
1025 869
1025 879
1025 893
1025 929
1025 950
1025 953
1025 954
1025 956
1025 957
1025 959
1025 987
1025 1217
1025 1258
1025 1030
1025 1130
1025 1174
1025 1153
1025 1319
1025 1336
1025 1182
1025 1222
1025 1228
1025 1251
774 64
774 70
774 144
774 153
774 190
774 228
774 250
774 437
774 516
774 587
774 589
774 622
774 675
774 824
774 1329
774 821
774 896
140 1021
140 1002
272 71
272 747
272 450
272 650
272 274
272 786
272 412
272 421
272 549
272 423
272 426
272 1340
272 707
272 1343
272 849
272 984
272 1120
529 687
529 1008
529 569
939 372
939 412
939 518
939 541
939 655
939 698
939 828
939 833
939 1054
939 1352
939 1077
939 1241
939 993
693 228
693 246
693 550
693 748
693 999
693 697
693 828
693 706
693 1251
1076 34
1076 49
1076 135
1076 181
1076 276
1076 278
1076 297
1076 301
1076 305
1076 327
1076 331
1076 395
1076 442
1076 455
1076 573
1076 582
1076 593
1076 643
1076 784
1076 803
1076 833
1076 931
1076 1014
1076 1016
1076 1065
1076 1258
1076 1133
1076 1153
1076 1178
1076 1307
1076 1192
1076 1094
1076 1184
1076 1092
1076 1222
1076 1237
1076 1251
589 53
589 69
589 228
589 250
589 258
589 436
589 488
589 587
589 622
589 645
589 660
589 795
589 796
589 675
589 1072
589 820
589 779
589 1329
589 1343
589 1105
589 731
197 144
197 872
197 809
197 1171
197 1209
197 675
197 516
197 898
197 299
1223 24
1223 731
1223 824
1223 982
1223 1092
1223 1362
228 1171
228 795
228 796
228 309
228 1212
17 590
590 162
590 264
590 288
590 292
590 519
590 936
590 866
590 1068
590 835
590 868
18 933
933 136
933 160
933 361
933 392
933 472
933 476
933 608
933 687
933 750
933 848
933 849
933 850
933 856
933 1252
933 1263
933 1138
933 1158
933 1298
933 1056
933 1195
933 1079
933 956
933 1337
19 623
19 1260
19 250
19 124
19 1257
19 772
19 1171
19 545
19 420
19 802
19 1056
19 820
19 1328
19 675
19 580
19 487
623 285
623 412
623 487
623 518
623 1127
623 1267
623 898
623 1056
623 731
623 866
1260 47
1260 69
1260 98
1260 198
1260 203
1260 256
1260 286
1260 487
1260 720
1260 768
1260 772
1260 848
1260 978
1260 1056
1260 1202
1260 1294
250 70
250 141
250 236
250 622
250 755
250 258
250 781
250 410
250 923
250 298
250 938
250 1072
250 821
250 587
250 649
250 1105
250 679
250 731
250 297
124 80
124 174
124 747
124 1234
124 345
124 350
124 1239
124 1161
1257 258
1257 420
1257 545
1257 731
1257 961
1257 1056
772 143
772 184
772 190
772 236
772 256
772 473
772 538
772 548
772 598
772 602
772 687
772 715
772 768
772 1124
772 1173
772 798
772 1066
772 945
772 842
772 822
772 1082
772 1246
772 1091
772 1109
772 984
772 866
1171 79
1171 582
1171 969
1171 1056
545 174
545 518
545 1348
545 1056
545 550
420 1234
420 442
420 573
420 1086
802 898
802 1138
1056 288
1056 325
1056 326
1056 518
1056 580
1056 654
1056 675
1056 786
1056 848
1056 849
1056 850
1056 969
1056 1259
1056 1209
1056 1212
1056 1234
820 39
820 40
820 77
820 119
820 204
820 322
820 359
820 371
820 410
820 435
820 442
820 444
820 464
820 597
820 689
820 702
820 805
820 1252
820 1358
820 1210
820 1130
820 1279
820 1275
820 1274
820 1147
820 1276
820 1277
820 1278
820 1151
820 900
820 1282
820 1280
820 1182
820 1313
820 1281
820 1246
820 866
820 1222
820 1230
820 822
820 987
820 1038
1328 267
1328 297
1328 298
1328 613
1328 631
1328 987
1328 1226
1328 1251
1328 1324
1328 1325
1328 1326
1328 1352
675 112
675 123
675 134
675 489
675 745
675 873
675 1259
675 1141
675 1029
675 786
675 1348
487 103
487 104
487 256
487 278
487 302
487 333
487 359
487 419
487 1124
487 747
487 1214
487 1302
487 498
487 1066
487 945
487 1090
487 591
487 846
487 1077
487 1227
487 1248
487 1241
20 554
20 143
20 178
20 971
20 1067
20 562
20 405
20 1327
20 226
20 596
20 451
20 331
20 75
20 430
554 56
554 248
554 370
554 405
554 842
554 1215
554 1037
554 598
143 847
143 697
143 858
143 453
143 550
143 203
178 500
178 573
178 837
971 75
971 91
971 160
971 161
971 164
971 239
971 240
971 359
971 502
971 858
971 999
971 1138
971 1274
971 1026
971 1182
971 987
1067 23
1067 138
1067 224
1067 333
1067 490
1067 503
1067 546
1067 735
1067 956
1067 1215
1067 1085
1067 1119
405 289
405 354
405 360
405 1287
405 806
1327 292
1327 913
1327 1053
1327 1187
1327 1270
226 61
226 133
226 160
226 500
226 1142
226 766
226 1019
226 1021
226 558
226 904
226 778
226 1288
226 281
226 1176
226 1050
226 1064
226 573
226 833
226 581
226 841
226 740
226 1106
226 866
226 1119
226 616
451 99
451 110
451 271
451 297
451 1222
451 1251
331 181
331 278
331 292
331 297
331 301
331 1014
331 1142
331 1016
331 612
331 740
331 653
331 663
331 1307
331 1183
331 943
331 442
331 455
331 967
331 1222
331 803
331 1069
331 593
331 931
331 1270
331 1361
331 734
331 735
331 481
331 1119
331 1251
75 239
75 240
75 999
75 1138
75 1274
75 1153
75 160
75 161
75 164
75 1182
75 698
75 84
75 91
75 858
75 359
75 996
430 103
430 1029
430 745
430 1008
430 1080
21 987
987 59
987 89
987 160
987 201
987 239
987 240
987 246
987 267
987 301
987 424
987 514
987 527
987 546
987 551
987 668
987 673
987 725
987 745
987 781
987 866
987 948
987 958
987 1270
987 1361
987 1290
987 1038
987 1323
987 1210
987 1372
987 1095
433 25
433 82
433 1230
433 859
443 288
443 359
443 900
443 611
443 771
443 612
212 61
212 239
212 1066
212 598
212 474
212 1207
212 679
212 294
212 866
212 1151
212 1005
212 901
212 698
594 528
594 1005
594 598
594 695
594 866
594 708
594 1039
496 49
496 101
496 230
496 413
496 1124
496 1005
496 1024
496 771
496 689
496 1039
496 538
496 679
496 1062
496 1207
496 1230
496 982
496 859
496 742
23 372
23 1261
23 631
23 382
23 267
23 522
23 288
23 297
23 298
23 938
23 702
23 1085
23 103
23 1270
23 1250
23 1251
372 91
372 110
372 188
372 285
372 298
372 354
372 873
372 643
372 654
372 655
372 412
372 1039
372 1174
372 539
372 540
372 541
372 1054
372 681
372 1066
372 1071
372 1329
372 1077
372 827
372 828
372 1085
372 1352
372 806
372 481
1261 46
1261 532
1261 1054
631 38
631 134
631 288
631 455
631 536
631 1018
631 1153
631 1291
631 702
631 1361
631 993
631 996
382 38
382 47
382 103
382 104
382 297
382 301
382 323
382 642
382 655
382 664
382 412
382 1174
382 938
382 558
382 1077
382 1085
382 714
382 973
382 530
382 1207
382 1241
382 1251
267 44
267 65
267 74
267 91
267 103
267 130
267 148
267 160
267 236
267 251
267 490
267 747
267 748
267 1258
267 893
267 642
267 389
267 463
267 646
267 648
267 905
267 1216
267 1130
267 1174
267 412
267 1272
267 1054
267 929
267 1326
267 439
267 698
267 1333
267 959
267 1222
267 359
267 1162
267 1077
267 468
267 973
267 980
267 822
267 861
267 1122
522 34
522 412
522 905
522 558
522 1215
522 1307
522 1192
522 803
522 804
522 839
288 190
288 270
288 285
288 287
288 367
288 1082
288 1008
288 748
288 768
288 900
288 902
288 397
288 1151
288 913
288 914
288 412
288 290
288 1174
288 550
288 679
288 681
288 938
288 687
288 1032
288 1208
288 322
288 1084
288 359
288 453
288 1218
288 846
288 869
288 509
288 300
288 532
297 77
297 97
297 203
297 278
297 1258
297 1138
297 1014
297 638
297 398
297 1041
297 455
297 415
297 1307
297 298
297 1318
297 1319
297 714
297 691
297 1325
297 1331
297 1077
297 1078
297 442
297 800
297 1141
297 593
297 424
297 359
297 1250
297 1251
298 83
298 97
298 181
298 203
298 265
298 745
298 873
298 1258
298 1014
298 638
298 752
298 1141
298 1041
298 415
298 1187
298 691
298 1325
298 316
298 444
298 1078
298 705
298 442
298 1105
298 1237
298 1250
298 1251
938 104
938 110
938 336
938 360
938 411
938 412
938 500
938 819
938 866
938 868
938 1054
938 1085
938 1215
938 1091
938 1352
938 1353
938 1077
938 1354
938 1105
938 1114
702 97
702 181
702 386
702 395
702 412
702 418
702 444
702 649
702 1107
702 1026
702 1313
702 812
702 988
702 833
702 1092
702 1235
702 1237
1085 47
1085 110
1085 278
1085 310
1085 412
1085 444
1085 492
1085 503
1085 546
1085 1037
1085 1038
1085 1130
1085 1215
1085 1219
1085 1166
1085 1251
103 47
103 110
103 893
103 412
103 277
103 793
103 558
103 1215
103 203
103 463
103 1101
103 866
103 359
103 993
103 1122
1270 30
1270 38
1270 79
1270 217
1270 255
1270 494
1270 550
1270 609
1270 612
1270 970
1270 1183
1270 1267
1270 1274
1270 1371
1250 269
1250 389
1250 1138
1250 1296
1250 1251
1251 57
1251 83
1251 97
1251 134
1251 160
1251 180
1251 195
1251 203
1251 236
1251 278
1251 280
1251 359
1251 389
1251 398
1251 406
1251 415
1251 435
1251 442
1251 455
1251 572
1251 593
1251 679
1251 705
1251 714
1251 743
1251 745
1251 840
1251 898
1251 959
1251 977
1251 1016
1251 1026
1251 1038
1251 1077
1251 1078
1251 1112
1251 1141
1251 1187
1251 1212
1251 1258
1251 1296
1251 1307
1251 1319
1251 1325
1251 1331
1251 1376
24 201
24 967
24 338
24 659
24 1136
24 474
24 385
24 832
24 1089
201 106
201 174
201 239
201 751
201 515
201 1153
201 276
201 1089
201 792
201 455
201 585
201 1291
201 1227
201 361
967 90
967 1037
338 203
338 280
338 305
338 1258
338 630
338 1363
659 498
659 530
659 969
659 1104
659 1138
659 988
659 674
1136 347
1136 481
1136 781
474 80
474 805
385 131
385 502
385 824
832 26
832 179
832 516
832 654
832 726
832 1087
832 1215
832 1296
1089 105
1089 108
1089 190
1089 283
1089 438
1089 530
1089 602
1089 643
1089 764
1089 982
1089 984
1089 1014
1089 1306
25 948
25 917
948 82
948 89
948 325
948 583
948 654
948 859
917 44
917 153
917 437
917 460
917 485
917 540
917 565
917 747
917 781
917 859
917 1253
917 1008
917 1182
26 179
26 154
26 726
26 925
26 1211
26 516
26 1248
26 1028
179 58
179 109
179 126
179 153
179 747
179 493
179 1003
179 755
179 630
179 1141
179 258
179 920
179 931
179 932
179 806
179 681
179 1318
179 437
179 822
179 569
179 698
179 586
179 381
179 726
179 1242
154 95
154 241
154 322
154 1005
154 413
154 354
154 230
154 707
154 359
154 679
925 535
1211 99
1211 283
1211 284
1211 616
1211 640
1211 1097
1211 1213
516 134
516 139
516 153
516 277
516 402
516 542
516 810
516 689
516 1091
1248 95
1248 135
1248 786
1248 1127
1248 1173
1028 421
27 206
27 481
27 444
27 764
27 77
206 135
206 501
206 1146
206 1291
206 662
206 805
206 936
206 951
206 1210
206 587
206 1352
206 972
206 598
206 604
206 1366
481 48
481 119
481 170
481 277
481 347
481 418
481 423
481 1258
481 1376
481 722
481 649
481 654
481 662
481 665
481 1302
481 1318
481 805
481 550
481 1210
481 961
481 1217
481 587
481 970
481 856
444 198
444 236
444 344
444 374
444 398
444 442
444 745
444 747
444 498
444 898
444 1026
444 1072
444 1342
444 462
444 679
444 735
764 70
764 108
764 236
764 324
764 442
764 530
764 602
764 643
764 898
764 1026
764 1022
764 1014
764 1104
764 982
764 984
764 868
77 1006
77 1008
77 1011
77 512
77 1026
77 906
77 167
77 1072
77 442
77 190
77 198
77 455
77 1092
77 587
77 1230
77 350
77 868
77 996
748 104
748 135
748 190
748 239
748 240
748 412
748 436
748 558
748 697
748 1252
748 750
748 889
748 1151
748 905
748 866
748 973
748 978
748 868
1008 57
1008 61
1008 67
1008 190
1008 192
1008 239
1008 397
1008 412
1008 416
1008 468
1008 524
1008 526
1008 558
1008 583
1008 730
1008 731
1008 743
1008 750
1008 799
1008 806
1008 815
1008 828
1008 866
1008 868
1008 913
1008 914
1008 958
1008 978
1008 993
1008 996
1008 1009
1008 1014
1008 1321
1008 1298
1008 1151
1008 1216
1008 1252
1008 1218
1151 32
1151 61
1151 67
1151 69
1151 135
1151 203
1151 239
1151 240
1151 258
1151 301
1151 332
1151 350
1151 512
1151 523
1151 537
1151 706
1151 745
1151 793
1151 828
1151 866
1151 868
1151 959
1151 996
1151 1014
1151 1029
1151 1080
1151 1122
1151 1141
1151 1336
1151 1318
1151 1162
1151 1263
1151 1259
1151 1217
1151 1237
190 67
190 74
190 183
190 1252
190 369
190 978
190 1009
190 1141
190 643
190 771
190 750
190 650
190 530
190 913
190 350
190 412
190 1178
190 674
190 1054
190 986
190 936
190 558
190 1066
190 1343
190 567
190 1212
190 359
190 984
190 866
1182 89
1182 138
1182 514
1182 781
1182 962
1182 964
1182 1038
1182 1095
1182 1290
1182 1323
1222 89
1222 181
1222 246
1222 350
1222 412
1222 442
1222 455
1222 514
1222 767
1222 781
1222 822
1222 828
1222 1038
1222 1095
1222 1210
1222 1258
1222 1290
1222 1321
1222 1323
1077 47
1077 129
1077 153
1077 203
1077 258
1077 500
1077 681
1077 866
1077 1054
1077 1207
1077 1081
1077 1241
1241 104
1241 203
1241 258
1241 309
1241 500
1241 866
1241 1054
866 67
866 170
866 181
866 186
866 199
866 225
866 230
866 234
866 256
866 270
866 273
866 285
866 287
866 290
866 300
866 305
866 322
866 333
866 340
866 379
866 412
866 447
866 453
866 473
866 509
866 532
866 558
866 598
866 630
866 650
866 679
866 681
866 689
866 695
866 698
866 708
866 710
866 722
866 728
866 739
866 743
866 771
866 785
866 815
866 821
866 828
866 842
866 844
866 1031
866 1049
866 1054
866 1066
866 1090
866 1098
866 1114
866 1168
866 1174
866 1194
866 1207
866 1243
866 1252
866 1360
866 889
866 904
866 914
866 951
866 968
866 993
29 1227
29 374
29 224
29 709
1227 34
1227 58
1227 90
1227 147
1227 165
1227 239
1227 240
1227 276
1227 346
1227 476
1227 500
1227 663
1227 684
1227 926
1227 932
1227 968
1227 996
1227 1065
1227 1092
1227 1235
374 73
374 174
374 371
374 373
374 381
374 393
374 442
374 1338
374 1348
374 984
224 49
224 135
224 498
224 819
224 898
224 1050
224 806
224 1065
224 1326
224 236
709 324
30 460
30 970
30 217
30 1267
30 255
30 609
30 494
30 1183
30 91
460 153
460 301
460 359
460 415
460 437
460 1253
460 1271
460 1319
460 1035
460 1005
460 1064
460 690
460 565
460 949
460 1332
460 982
460 1016
970 217
970 255
970 494
970 609
970 642
970 1267
970 1142
970 1183
217 1183
217 1267
217 609
217 255
1267 196
1267 255
1267 609
1267 896
1267 908
1267 1183
255 38
255 609
255 494
255 1183
609 258
609 359
609 494
609 1183
609 1263
609 1155
494 90
494 299
494 301
494 654
494 944
494 1071
494 902
494 1183
1183 38
1183 330
91 49
91 873
91 240
91 1272
91 786
91 160
91 161
91 301
91 1190
91 569
91 573
91 984
91 1372
490 251
490 409
490 424
490 439
490 756
490 1258
490 520
490 959
490 861
55 1252
55 1063
55 1065
55 1336
55 104
55 612
424 304
424 1258
424 439
424 861
160 39
160 129
160 135
160 520
160 536
160 1175
160 1054
160 1090
160 585
160 1138
160 1141
160 1162
160 161
160 164
160 687
160 698
160 745
160 239
160 240
160 1258
160 1259
160 1291
160 804
160 1336
160 344
160 858
160 356
160 412
160 921
160 419
160 951
160 952
160 453
160 455
160 973
160 977
160 996
861 251
861 273
861 305
861 410
861 439
861 450
861 454
861 457
861 565
861 1258
861 1332
861 1020
861 1006
861 959
39 239
39 1192
39 1066
39 1174
39 734
39 1307
39 455
959 130
959 135
959 251
959 359
959 361
959 389
959 439
959 442
959 463
959 646
959 648
959 735
959 833
959 893
959 950
959 954
959 956
959 957
959 1258
959 1174
959 1325
959 1228
959 1237
803 34
803 198
803 301
803 455
803 457
803 510
803 579
803 1192
803 1258
803 1069
803 1307
803 839
803 905
205 38
205 89
205 745
205 1153
205 1173
205 801
205 952
205 583
205 839
205 966
205 463
205 1106
495 214
495 359
495 415
495 1215
495 1258
495 1035
495 1133
495 1216
495 649
32 502
32 1141
502 131
502 163
502 287
502 851
502 1130
502 1103
502 824
502 958
1141 83
1141 203
1141 540
1141 558
1141 654
1141 735
1141 934
1141 949
1141 951
1141 1026
1141 1325
1141 1184
33 1318
33 877
1318 322
1318 602
1318 604
1318 715
1318 717
1318 1368
877 112
877 153
877 437
877 587
877 711
34 745
34 249
34 1271
34 1152
34 520
34 905
34 527
34 1038
34 915
34 1307
34 949
34 952
34 455
745 44
745 56
745 134
745 164
745 239
745 240
745 252
745 301
745 344
745 356
745 412
745 415
745 416
745 419
745 442
745 455
745 472
745 520
745 536
745 642
745 646
745 687
745 698
745 742
745 999
745 1026
745 1029
745 1035
745 1174
745 1053
745 1054
745 1078
745 1090
745 1106
745 767
745 1134
745 1162
745 951
745 1258
745 1274
745 815
745 827
745 1337
745 1345
745 841
745 889
745 858
745 1371
745 1372
745 874
745 887
745 905
745 915
745 1153
745 952
745 958
745 966
745 988
745 996
249 905
249 527
249 1038
249 949
249 952
249 1271
249 1152
1271 67
1271 147
1271 415
1271 527
1271 579
1271 735
1271 905
1271 949
1271 952
1271 1035
1271 1038
1271 1041
1271 1152
1271 1258
1152 181
1152 301
1152 359
1152 527
1152 548
1152 583
1152 806
1152 868
1152 905
1152 949
1152 952
1152 1038
520 44
520 49
520 183
520 312
520 874
520 1133
520 889
520 1156
520 905
520 524
520 523
520 951
520 1078
520 1218
520 1095
520 727
520 742
520 996
905 353
905 402
905 426
905 455
905 527
905 915
905 1038
905 1307
905 1176
905 1029
905 949
905 952
905 980
905 1371
527 98
527 104
527 523
527 648
527 1038
527 1323
527 1071
527 949
527 952
527 953
527 1337
1038 455
1038 464
1038 597
1038 949
1038 952
1038 1274
1038 1275
1038 1276
1038 1277
1038 1278
1038 1279
1038 1280
1038 1281
1038 1282
1038 1064
1038 1323
915 455
915 510
915 815
1307 44
1307 278
1307 412
1307 442
1307 455
1307 457
1307 593
1307 734
1307 931
1307 1069
1307 1090
1307 1192
1307 1258
949 135
949 412
949 455
949 837
949 1253
949 1162
949 1332
949 952
949 1217
949 989
952 134
952 135
952 394
952 412
952 442
952 455
952 742
952 885
952 889
952 1029
952 1162
952 1174
952 962
952 1361
455 66
455 90
455 92
455 119
455 135
455 139
455 168
455 312
455 395
455 403
455 429
455 442
455 1014
455 1016
455 510
455 530
455 585
455 1069
455 567
455 573
455 680
455 1192
455 1237
455 734
455 743
455 767
455 1291
455 1133
455 686
455 886
455 839
455 549
455 1361
455 921
455 842
455 951
455 463
455 996
35 413
35 447
413 101
413 309
413 747
413 754
413 500
413 777
413 982
413 689
413 924
413 1083
413 1235
413 1230
413 598
413 679
413 1109
413 852
447 244
447 341
447 359
447 619
447 1158
447 1329
447 924
447 762
447 1112
447 1082
447 484
447 1368
966 61
966 299
966 353
966 361
966 376
966 412
966 500
966 1326
966 1226
1205 674
1080 50
1080 149
1080 203
1080 236
1080 256
1080 506
1080 1125
1080 1336
174 59
174 65
174 129
174 747
174 371
174 896
174 1091
174 602
174 353
174 354
174 611
174 612
174 996
398 359
398 423
398 500
398 1319
398 689
398 695
398 1230
398 978
285 185
285 188
285 198
285 256
285 1124
285 1127
285 1005
285 1062
285 642
285 777
285 526
285 532
285 287
285 290
285 302
285 687
285 572
285 1242
285 869
827 44
827 47
827 359
827 1064
827 1130
827 930
324 245
324 622
324 643
203 164
203 198
203 1124
203 245
203 754
203 500
203 376
203 256
203 770
203 1026
203 1162
203 660
203 421
203 1068
203 1325
203 550
203 828
203 325
203 677
203 210
203 932
203 858
203 1368
203 868
203 236
423 245
423 359
423 421
423 1126
423 1160
423 878
423 604
423 473
423 1174
423 717
1108 193
1108 311
1108 896
193 1099
193 1198
193 311
193 636
38 1153
38 463
38 839
38 1101
38 1106
38 442
38 1122
38 801
38 583
1153 134
1153 463
1153 536
1153 567
1153 583
1153 742
1153 775
1153 781
1153 801
1153 839
1153 993
1153 996
1153 999
1153 1029
1153 1106
1153 1169
1153 1174
463 130
463 359
463 389
463 439
463 879
463 1106
463 642
463 649
463 1030
463 646
463 583
463 1174
463 648
463 801
463 929
463 839
463 804
463 805
463 1319
463 950
463 953
463 954
463 956
463 957
463 958
463 1216
463 1228
463 993
463 893
839 583
839 801
839 1106
1101 67
1101 239
1101 240
1101 453
1101 512
1101 698
1101 806
1101 993
1101 1147
1101 1162
1106 278
1106 412
1106 466
1106 583
1106 612
1106 649
1106 727
1106 801
1106 874
1106 1173
1106 1188
1106 1119
442 74
442 119
442 139
442 181
442 195
442 236
442 239
442 241
442 256
442 258
442 278
442 330
442 350
442 367
442 394
442 429
442 435
442 493
442 1011
442 1014
442 1022
442 1026
442 1035
442 565
442 567
442 593
442 679
442 611
442 618
442 1168
442 681
442 1258
442 755
442 762
442 781
442 784
442 806
442 1329
442 1358
442 868
442 874
442 909
442 472
1122 48
1122 67
1122 240
1122 453
1122 512
1122 698
1122 1162
1122 1147
801 453
801 583
583 148
583 187
583 756
583 1009
583 1016
583 739
239 44
239 61
239 67
239 83
239 161
239 164
239 240
239 1002
239 1259
239 874
239 697
239 705
239 1018
239 523
239 524
239 453
239 1309
239 687
239 699
239 696
239 698
239 1345
239 804
239 344
239 858
239 988
239 356
239 993
1192 336
1192 734
1192 804
1192 902
1192 1069
1192 1348
1192 1258
1066 64
1066 66
1066 71
1066 359
1066 530
1066 598
1066 738
1066 754
1066 771
1066 1173
1066 1263
1066 1207
1066 1342
1066 1090
1174 265
1174 300
1174 332
1174 346
1174 359
1174 389
1174 412
1174 606
1174 642
1174 767
1174 868
1174 921
1174 956
1174 988
1174 993
1174 1014
1174 1032
1174 1063
1174 1156
1174 1166
1174 1167
1174 1168
1174 1169
1174 1343
1174 1320
1174 1203
1174 1336
1174 1216
40 873
40 271
40 236
40 632
40 679
40 97
40 419
40 1138
40 551
40 806
873 147
873 165
873 325
873 643
873 696
873 779
873 781
873 805
873 806
873 893
873 1024
873 930
271 274
271 1342
236 1124
236 625
236 1014
236 514
236 771
236 649
236 1173
236 902
236 1217
236 691
236 1094
236 969
236 951
236 256
632 300
632 309
632 350
632 524
632 595
632 946
679 119
679 127
679 145
679 241
679 264
679 294
679 469
679 499
679 528
679 598
679 620
679 1263
679 1207
679 898
679 1359
679 1173
679 901
679 1184
679 1007
679 1005
679 691
679 695
679 771
679 708
679 754
679 1230
679 1242
679 1376
679 743
97 436
419 134
419 241
419 245
419 309
419 354
419 359
419 512
419 1029
419 1166
1138 135
1138 164
1138 198
1138 240
1138 327
1138 359
1138 395
1138 445
1138 498
1138 735
1138 898
1138 934
1138 996
1138 1069
1138 1078
1138 1207
1138 1337
551 44
551 99
551 147
551 183
551 664
551 1237
551 806
551 642
551 1002
806 50
806 198
806 223
806 231
806 320
806 412
806 493
806 515
806 563
806 595
806 644
806 654
806 730
806 878
806 920
806 1301
806 1335
806 1187
806 1062
806 825
806 1082
806 1219
41 287
41 532
287 1062
287 900
287 902
287 907
287 532
287 302
287 943
287 1208
287 869
532 411
532 1062
532 900
1130 104
1130 281
1130 775
1130 1090
1130 1129
1130 1313
1130 1212
498 49
498 68
498 73
498 310
498 410
498 757
498 509
498 643
498 771
498 777
498 786
498 932
498 711
498 1092
498 1348
498 1235
498 984
498 1187
636 258
636 519
636 547
636 876
636 878
636 762
636 1026
636 1042
636 1173
636 1068
636 1198
636 842
636 868
509 68
509 69
509 868
509 1246
509 950
509 677
896 133
896 135
896 199
896 325
896 362
896 472
896 611
896 612
896 698
896 749
896 766
896 872
896 1291
896 1026
896 1045
896 1176
896 984
896 1368
819 127
819 133
819 548
819 550
819 804
819 1049
819 1159
819 1112
777 198
777 245
777 256
777 292
777 431
777 432
777 446
777 479
777 572
777 598
777 685
777 695
777 743
777 757
777 789
777 1316
778 44
778 114
778 238
778 397
778 1214
785 198
785 241
785 245
785 333
785 530
785 944
785 1235
714 1054
477 573
477 984
477 825
204 44
204 280
1054 164
1054 359
1054 412
1054 539
1054 654
1054 655
1054 833
1054 958
1054 978
1054 1215
1054 1246
558 50
558 73
558 100
558 104
558 223
558 240
558 310
558 354
558 359
558 360
558 376
558 523
558 1133
558 913
558 914
558 996
558 1197
558 922
558 1329
558 804
558 846
558 977
558 616
687 135
687 240
687 312
687 485
687 650
687 1011
687 771
687 914
687 698
687 705
687 868
309 74
309 129
309 240
309 506
309 646
309 945
309 330
309 592
309 723
1071 145
1071 241
1071 286
1071 766
1071 767
1071 841
1071 898
1071 921
1071 978
1071 1014
1071 1026
1071 1095
503 1215
1331 129
1331 1026
1331 1124
576 252
576 359
576 550
576 1359
576 1022
576 1246
323 514
1090 436
1090 550
1091 136
1091 359
1091 902
1091 904
359 49
359 104
359 139
359 153
359 234
359 286
359 301
359 332
359 353
359 354
359 1005
359 1026
359 1027
359 1035
359 538
359 1052
359 1064
359 579
359 1097
359 1096
359 591
359 762
359 611
359 612
359 1155
359 1178
359 695
359 705
359 1213
359 1215
359 1230
359 1246
359 747
359 767
359 768
359 787
359 1309
359 1319
359 550
359 828
359 547
359 846
359 1311
359 1359
359 858
359 1372
359 360
359 897
359 898
359 415
359 934
359 859
359 453
592 978
762 198
762 695
762 898
762 1155
762 1178
762 1246
1104 95
1104 105
1104 530
1104 902
1104 1216
472 44
472 180
472 294
472 874
472 1258
472 1026
472 1035
472 571
472 1188
472 846
472 513
975 62
975 83
975 230
975 550
975 787
975 788
975 1120
1374 611
1374 612
44 492
44 240
44 766
44 395
44 1033
44 546
44 523
44 1336
44 1215
44 980
44 696
44 742
492 346
492 412
492 1099
492 721
240 64
240 135
240 161
240 164
240 747
240 252
240 530
240 1259
240 921
240 699
240 988
240 312
240 698
240 453
240 1345
240 712
240 858
240 606
240 356
240 993
240 996
766 64
766 500
766 612
395 99
395 1215
395 858
395 672
395 898
395 996
1033 137
1033 294
1033 674
1033 1206
546 1190
546 1258
546 1035
546 1296
546 698
546 958
546 1215
523 246
523 353
523 1144
1336 61
1336 99
1336 119
1336 874
1336 999
1336 1063
1336 1156
1215 56
1215 99
1215 110
1215 291
1215 412
1215 735
1215 856
1215 954
1215 956
1215 1014
1215 1037
1215 1112
1215 1127
980 99
980 104
980 412
980 1002
696 86
696 1263
742 134
742 252
742 466
742 514
742 1029
742 996
45 1238
1238 210
1238 906
46 874
46 145
46 370
46 649
874 134
874 1258
874 1035
874 1029
874 951
874 1078
874 1345
874 1372
145 1166
145 1103
145 684
145 1342
145 1198
370 57
370 123
370 135
370 248
370 1092
370 497
370 646
370 931
370 1010
649 648
649 927
649 805
649 1265
649 1353
649 893
47 1169
47 1016
1169 429
1169 439
1169 781
1016 67
1016 89
1016 221
1016 473
1016 537
1016 572
1016 611
1016 612
1016 851
48 277
48 1109
48 1142
48 735
277 84
277 119
277 798
277 1053
277 325
277 838
277 1354
277 1359
277 1360
277 1109
1109 196
1109 735
1109 792
1109 923
1109 1142
1109 1212
1142 49
1142 616
1142 841
1142 900
1142 1176
735 67
735 147
735 149
735 181
735 276
735 334
735 390
735 415
735 501
735 537
735 579
735 625
735 1129
735 1258
735 881
735 1146
735 1340
735 792
735 1035
735 927
735 821
735 1337
735 1099
735 1360
735 1041
49 621
49 381
49 1019
49 904
49 1049
49 299
49 1062
49 841
49 73
49 360
49 354
621 499
621 904
621 1096
621 1097
381 245
381 711
1019 90
1019 602
904 379
904 457
904 500
904 1167
904 1168
904 1013
904 1005
904 1187
904 1181
904 1230
1049 64
299 500
1062 73
1062 278
1062 290
1062 411
1062 720
1062 743
1062 1005
1062 1216
841 135
841 611
841 612
73 119
73 515
73 265
73 784
73 587
73 1358
360 50
360 51
360 52
360 241
360 354
360 885
360 889
360 763
360 457
360 436
360 945
360 1329
360 1346
360 1230
360 484
354 50
354 51
354 100
354 241
354 885
354 763
354 1022
354 1035
354 538
354 795
354 563
354 1181
354 943
354 1329
354 1346
354 981
354 616
50 51
50 52
50 1201
50 981
50 795
50 1181
50 453
51 52
51 793
51 993
51 1201
51 885
51 981
51 1181
51 453
52 885
52 1201
1201 885
795 69
795 133
795 793
795 1114
1181 427
1181 891
1181 1179
1181 1294
453 61
453 67
453 164
453 246
453 356
453 739
453 999
453 1018
453 515
453 518
453 524
453 993
453 1162
453 1133
453 932
453 698
453 828
453 697
453 699
453 868
793 1217
793 990
793 901
993 61
993 67
993 246
993 332
993 412
993 512
993 536
993 828
993 846
993 953
993 978
993 1259
993 1162
993 996
885 763
530 74
530 105
530 111
530 112
530 300
530 412
530 445
530 1014
530 643
530 771
530 1026
530 1291
530 934
530 988
530 1203
530 982
530 602
530 598
530 984
680 70
680 466
684 315
684 1252
684 898
684 689
1115 64
1115 66
1115 730
1115 1040
1115 1097
330 135
330 1068
330 834
847 977
847 973
1252 513
1252 750
1252 913
1252 914
1252 934
1252 1009
1063 1156
1063 1239
1065 581
1065 739
1065 1095
1065 1288
1065 1290
1065 1148
1065 1371
104 412
104 698
104 457
104 846
104 1246
612 64
612 333
612 371
612 550
612 611
612 1026
612 1050
612 945
56 755
56 164
56 1026
755 188
755 258
755 493
755 1234
755 781
755 784
755 1259
755 969
755 1358
755 1026
164 61
164 67
164 161
164 246
164 512
164 524
164 1162
164 1217
164 953
164 828
164 977
1026 66
1026 95
1026 112
1026 135
1026 180
1026 294
1026 327
1026 350
1026 514
1026 537
1026 619
1026 643
1026 654
1026 681
1026 747
1026 781
1026 821
1026 859
1026 943
1026 1014
1026 1041
1026 1212
1026 1343
1026 1210
1026 1235
57 416
416 252
416 705
416 1218
59 1207
59 1274
1207 379
1207 598
1207 727
1207 754
1207 822
1207 852
1207 951
1207 1005
1207 1092
1207 1155
1207 1235
1207 1359
1207 1230
1207 1242
1274 781
1274 1095
1274 1210
1274 1290
1274 1323
573 64
573 66
573 99
573 181
573 183
573 196
573 438
573 1258
573 884
573 1014
573 779
573 792
573 921
573 1326
573 1087
573 838
573 585
573 1093
573 724
573 615
66 64
66 654
66 148
66 663
66 739
514 276
514 1035
514 828
514 1216
514 1094
514 1162
514 1014
739 183
739 733
739 927
739 1321
739 1325
739 1232
739 743
170 221
170 258
61 90
61 1156
61 909
61 698
61 1095
61 978
90 1087
90 1037
90 500
90 889
90 1176
90 99
90 1221
1156 93
909 129
909 391
909 402
698 67
698 134
698 246
698 258
698 512
698 536
698 688
698 697
698 1259
698 999
698 1029
698 1159
698 1162
698 932
698 821
698 699
698 1078
698 828
698 1018
1095 214
1095 241
1095 464
1095 597
1095 996
1095 1275
1095 1276
1095 1277
1095 1278
1095 1279
1095 1280
1095 1281
1095 1282
978 79
978 256
978 322
978 538
978 547
978 642
978 681
978 812
978 855
978 984
978 1220
978 1246
978 1187
63 707
63 1194
707 274
707 350
707 1161
1194 322
64 1014
64 1291
64 280
64 792
64 921
64 543
64 291
64 830
64 838
64 585
64 1367
64 479
1014 82
1014 119
1014 139
1014 301
1014 353
1014 412
1014 488
1014 536
1014 602
1014 654
1014 665
1014 751
1014 956
1014 982
1014 984
1014 1012
1014 1022
1014 1291
1014 1133
1014 1368
1014 1092
1291 82
1291 99
1291 221
1291 269
1291 276
1291 445
1291 585
1291 792
1291 988
1291 1078
1291 1237
1291 1329
280 195
280 333
280 588
280 305
280 1219
792 276
792 585
921 221
921 712
921 859
543 346
543 1036
543 1199
543 642
543 934
291 1350
291 1037
291 805
830 213
838 181
585 276
585 924
479 560
479 711
479 681
65 252
252 89
252 134
252 996
252 1029
252 412
252 858
252 957
654 135
654 376
654 432
654 436
654 437
654 541
654 619
654 1193
654 1173
654 1333
654 1209
148 1332
148 512
663 747
67 1258
67 515
67 147
67 1035
67 412
67 415
67 828
67 1337
67 579
67 1237
1258 134
1258 147
1258 245
1258 251
1258 278
1258 301
1258 353
1258 376
1258 415
1258 439
1258 550
1258 579
1258 646
1258 767
1258 833
1258 900
1258 958
1258 962
1258 996
1258 1029
1258 1035
1258 1041
1258 1124
1258 1216
1258 1219
1258 1249
1258 1319
1258 1337
1258 1371
515 412
515 747
515 962
147 1337
147 1035
147 1041
147 984
147 415
147 767
147 457
1035 99
1035 301
1035 415
1035 579
1035 767
1035 804
1035 833
1035 900
1035 962
1035 973
1035 1041
1035 1216
1035 1319
1035 1337
1035 1249
412 83
412 110
412 188
412 292
412 346
412 376
412 518
412 565
412 1132
412 642
412 655
412 1168
412 668
412 1184
412 705
412 1259
412 754
412 457
412 804
412 1323
412 1329
412 1354
412 889
412 415
412 958
415 99
415 134
415 301
415 962
415 767
415 646
415 1029
415 900
415 1041
415 996
415 1319
415 1337
415 958
415 579
415 1216
415 973
415 1249
828 83
828 356
828 524
828 668
828 705
828 1309
828 1358
1337 245
1337 312
1337 569
1337 665
1337 689
1337 767
1337 833
1337 934
1337 951
1337 962
1337 1009
1337 1029
1337 1041
1337 1099
579 1319
579 973
579 1041
579 767
579 962
1237 536
1237 672
1237 924
1237 996
68 337
68 685
68 69
68 605
685 300
685 435
685 1230
69 512
69 1210
69 969
69 345
69 1234
69 1114
69 868
512 322
512 356
512 1129
512 1018
512 1162
512 697
512 699
1210 946
969 136
969 265
969 784
969 944
969 1217
969 1097
345 789
345 473
345 1116
345 1340
1234 139
1234 188
1234 258
1234 393
1234 402
1234 747
1234 781
1234 784
1114 427
1114 747
1114 771
1114 855
1114 1173
868 286
868 322
868 681
868 973
868 977
70 604
70 643
604 162
604 245
604 322
604 473
604 717
643 198
643 350
643 1124
643 898
643 1339
643 1263
643 1343
643 1202
71 1316
71 1317
71 274
71 1075
71 901
1316 274
1316 1346
1317 134
1317 722
274 230
274 788
274 350
274 992
274 1120
1075 761
1075 1322
901 598
901 781
410 1348
410 757
410 711
410 489
74 747
74 136
74 1103
74 588
74 119
1051 371
559 747
559 859
559 1079
135 727
135 898
135 269
135 537
135 804
135 681
135 1029
135 198
135 199
135 344
135 353
135 1372
135 996
135 617
347 1217
347 1265
347 982
347 1209
665 881
665 1339
674 108
674 221
674 898
689 101
689 230
689 294
689 305
689 499
689 1124
689 1005
689 1155
689 1039
689 754
689 1180
689 708
689 1246
689 898
689 842
689 1097
689 1214
689 1360
689 1294
186 1359
186 1184
186 1217
186 711
1212 276
1212 640
1212 1304
1217 83
1217 144
1217 350
1217 705
1217 754
1217 771
1217 923
1217 1092
1217 1132
711 198
711 852
711 1184
1219 437
1219 720
1219 1168
951 80
951 237
951 269
951 1018
951 1037
951 1216
951 1029
743 221
743 276
743 672
743 747
747 171
747 300
747 741
747 956
747 1084
747 835
747 1073
747 1209
757 869
263 261
263 1132
263 1368
265 144
265 598
784 144
784 188
784 781
784 1358
784 797
786 1329
786 859
290 185
290 902
290 1031
290 526
290 411
290 302
290 560
290 1208
290 450
290 1348
290 869
302 100
302 127
302 506
302 1214
302 902
302 1289
302 1208
302 450
302 1246
302 869
835 484
835 619
835 692
835 1368
835 1022
835 1187
350 181
350 221
350 230
350 258
350 1159
350 825
350 1092
393 571
393 1361
393 667
119 241
119 1002
119 536
119 629
119 221
119 602
587 622
587 1072
587 731
587 1105
1358 221
1358 435
1358 571
1358 781
136 100
136 1093
136 567
136 253
1103 80
1103 283
1103 1348
1103 1184
588 738
999 214
999 697
999 699
999 996
161 906
161 653
161 1309
84 860
84 386
858 356
858 729
858 768
858 1036
858 977
996 134
996 214
996 269
996 301
996 462
996 536
996 646
996 934
996 958
996 1029
1006 221
1006 237
1006 361
1006 581
906 991
1072 622
1072 731
1072 1105
198 181
198 256
198 1092
198 715
198 223
1092 361
1092 898
1230 196
1230 241
1230 294
1230 325
1230 457
1230 462
1230 560
1230 620
1230 695
1230 843
1230 852
1230 884
1230 902
1230 982
1230 1005
1230 1083
1230 1087
1230 1097
1230 1208
1230 1213
1230 1242
1022 724
1022 851
1022 1296
1086 1332
611 333
611 550
611 878
611 1188
611 1099
1119 333
1119 426
1119 436
1119 457
616 333
616 528
616 881
616 1105
616 1146
616 740
1133 138
1133 214
1133 353
1133 536
122 333
122 924
122 196
122 133
1162 234
1162 356
1162 705
1162 706
1162 1309
1176 500
1176 730
1176 1332
1216 312
1216 536
1216 953
1216 1218
1228 130
1228 223
1228 254
1228 389
1228 439
1228 549
1228 568
1228 569
1228 646
1228 648
1228 879
1228 893
1228 929
1228 950
1228 953
1228 954
1228 956
1228 957
1228 1030
1228 1206
223 1371
1298 500
326 1348
1348 336
1348 741
1348 1144
1348 1209
859 195
859 571
859 1283
859 1209
900 301
900 886
900 1124
807 1125
807 1295
431 125
466 384
466 914
79 713
79 528
79 184
713 127
713 133
713 187
713 283
528 196
528 1005
184 1189
80 797
276 1094
404 86
404 408
1082 245
1082 336
1082 771
1082 913
1082 1197
82 310
83 1356
83 705
83 934
705 524
705 538
705 956
705 953
934 390
934 615
934 1124
934 1159
934 944
386 110
1018 539
1018 655
1018 697
1029 134
1029 214
1029 301
1029 536
1029 537
1029 550
1029 646
1029 887
1029 943
1029 958
1078 138
1078 389
1078 648
1078 956
1146 99
1146 110
1146 390
1146 418
1146 501
1146 881
134 301
134 646
134 958
134 840
134 353
646 130
646 138
646 301
646 389
646 439
646 879
646 893
646 1172
646 648
646 929
646 953
646 954
646 956
646 957
646 958
646 1232
1168 384
1168 804
1168 815
1168 822
1168 1032
269 775
767 301
767 914
767 1064
767 958
767 962
767 973
804 301
804 1167
301 221
301 962
301 800
301 958
301 1332
301 843
301 1253
1372 89
1372 256
1372 988
642 346
418 99
418 221
418 390
418 501
418 1132
418 881
418 898
958 138
958 389
958 648
958 953
958 954
958 956
958 957
958 1172
958 973
988 327
988 445
86 1058
86 408
1144 300
1285 710
1290 464
1290 597
1290 1275
1290 1276
1290 1277
1290 1278
1290 1279
1290 1280
1290 1281
1290 1282
1294 256
1294 655
1294 692
1178 547
1178 550
1178 1096
1178 1173
1178 1213
292 245
292 789
292 473
292 1340
181 627
181 1330
598 294
598 379
598 457
598 595
598 1005
598 852
598 771
598 1039
598 1083
598 708
598 1097
729 602
729 717
729 730
1173 127
1173 258
1173 353
1173 435
1173 500
1173 619
1173 771
1173 1039
1173 1368
1173 1187
597 781
597 1323
94 1180
94 1187
1280 781
1280 1323
1281 781
1281 1323
692 708
712 1253
712 1332
241 245
241 1005
241 892
241 640
241 924
241 754
241 294
241 945
241 560
241 691
241 695
241 568
241 457
241 852
241 549
1259 1313
1275 781
1275 1323
1276 176
1276 781
1276 1323
1277 781
1277 1323
1278 435
1278 781
1278 1323
1279 781
1279 1323
1282 781
1282 1323
1313 245
322 364
322 771
322 1332
464 312
464 781
464 1323
89 673
673 429
673 937
673 1360
1087 100
1087 852
1087 924
1087 964
1087 1127
1037 842
1037 1064
1037 1161
500 279
500 325
500 1064
500 1167
500 955
889 230
889 770
889 1097
889 992
99 1353
1221 1295
569 499
569 1363
569 1097
984 258
984 535
984 602
984 629
984 771
984 781
984 982
1187 133
1187 199
1187 924
95 111
95 112
95 1202
95 1203
95 1301
95 258
95 105
95 108
111 105
111 108
111 112
111 1301
111 1263
111 1203
111 1202
112 105
112 108
112 1301
112 1203
112 1202
112 898
1202 105
1202 108
1202 1301
1202 1203
1203 105
1203 108
1203 1301
1301 105
1301 108
258 251
258 781
258 279
258 409
258 668
258 462
105 108
781 188
781 279
781 691
781 1304
781 821
781 955
781 1105
913 436
913 1009
914 369
914 436
914 1009
914 977
294 1005
294 754
294 924
294 549
294 695
294 1329
294 570
294 708
294 852
294 1369
294 485
294 1376
931 1069
953 130
953 138
953 389
953 648
953 893
953 1172
953 954
953 956
953 957
953 1232
549 973
549 720
436 1009
436 770
436 1050
436 1344
436 1118
98 848
848 722
848 1013
848 849
1353 409
1353 536
1353 756
1353 1352
1353 1354
102 1236
1236 911
110 606
893 130
893 389
893 439
893 648
893 805
893 879
893 929
893 950
893 954
893 956
893 957
457 245
457 449
457 924
457 560
457 945
457 1213
457 837
1246 139
1246 432
1246 626
1246 771
1246 1154
106 427
106 622
106 475
106 1304
106 645
106 1121
106 109
427 109
427 717
427 1154
622 1005
622 1105
622 824
622 731
475 560
1304 681
645 644
645 1121
1121 644
907 550
810 435
810 733
606 1158
1263 459
1263 608
1263 1024
898 185
898 196
898 230
898 387
898 445
898 704
898 833
898 1124
898 1235
898 1287
898 1094
113 961
114 238
115 1166
1166 394
1166 724
1166 815
1166 822
1188 127
1188 180
1188 429
1188 539
192 591
629 473
629 738
283 872
283 627
283 850
283 626
283 640
387 1232
387 1047
771 245
771 376
771 473
771 499
771 538
771 548
771 715
771 768
771 1124
771 1045
771 1161
771 1004
771 945
771 822
771 1242
771 1342
771 1218
771 1360
1344 856
563 720
824 157
824 194
824 462
824 690
824 731
824 737
824 749
824 1126
824 947
325 221
325 782
325 704
221 165
221 1139
221 1020
221 390
221 519
221 787
221 928
221 327
221 1350
602 1027
602 662
602 982
1366 1342
1366 1346
1002 724
1002 727
1002 927
1002 1021
1002 1047
536 409
536 756
536 1296
536 805
536 1352
536 1354
599 1005
754 196
754 379
754 513
754 614
754 695
754 1126
754 1005
754 1326
924 127
924 133
924 196
924 199
924 244
924 619
924 695
924 1213
924 1368
327 1094
327 435
333 133
333 281
333 541
333 426
333 694
196 133
196 188
196 619
196 244
196 1007
196 1039
196 695
196 1368
196 234
133 244
133 932
133 199
1161 230
1161 499
1161 1097
127 695
695 570
695 640
695 1005
695 1039
695 708
699 697
699 1010
699 1159
1143 321
130 648
130 879
130 439
130 950
130 389
130 954
130 956
130 957
648 138
648 389
648 439
648 879
648 1030
648 1172
648 805
648 1324
648 950
648 954
648 956
648 957
648 929
648 1232
879 389
879 439
879 950
879 929
879 1172
439 251
439 389
439 1030
439 929
439 950
950 336
950 376
950 389
950 644
950 929
950 1030
389 929
389 1319
389 954
389 956
389 957
954 138
954 957
954 1172
954 956
956 138
956 1172
956 957
957 138
957 1172
132 853
132 448
853 720
244 619
244 1352
244 1368
932 361
932 1005
353 188
353 706
353 1296
353 691
537 1099
537 943
681 144
681 653
681 1009
681 1081
1093 435
567 723
139 421
139 943
139 731
139 1376
139 1123
421 1332
943 542
731 278
731 720
731 1105
1376 264
141 946
1112 927
697 524
550 397
550 787
550 974
550 822
144 1094
144 406
144 977
1094 1326
977 379
977 973
977 1172
977 1218
1342 716
1342 944
1198 311
1041 962
1041 1249
1332 153
1332 305
1332 437
1332 690
1332 1005
1332 1253
149 1139
1139 787
1139 1097
1253 565
1253 1005
565 153
565 437
565 485
153 485
153 437
153 690
153 1325
153 1350
485 437
485 630
437 690
1325 805
1325 1232
1005 708
1005 852
1005 1242
230 715
230 469
230 763
230 497
376 356
176 246
176 927
1208 185
1208 270
1208 300
1208 450
1208 869
1208 902
653 728
625 390
625 626
625 725
627 626
627 911
482 245
157 947
356 411
356 821
973 1218
1309 246
162 717
717 364
717 473
163 1255
246 1001
246 524
237 1158
237 1097
307 462
510 815
435 1099
435 773
815 234
815 1167
815 1320
815 887
171 526
526 1009
526 995
172 908
175 282
282 1197
927 805
927 1099
493 1131
493 1100
630 305
822 1167
1346 513
1346 991
1346 992
183 1047
183 278
278 1134
278 1361
278 300
278 1214
278 593
185 902
902 210
902 270
902 300
902 450
902 869
902 1305
1359 1360
188 346
188 248
188 1339
346 814
346 1199
248 805
251 756
768 548
1009 750
1009 1235
986 872
936 1343
936 1052
231 334
234 1050
234 706
234 962
805 1265
805 1232
805 982
1326 926
1326 1226
1326 1296
1326 1324
311 547
194 787
194 788
787 1125
195 300
300 506
300 1214
619 1368
1039 661
872 362
872 779
872 1024
809 320
809 1149
256 572
715 538
715 640
1226 1324
361 1127
1068 513
305 473
1124 842
1124 1097
210 316
501 881
501 1352
662 334
1352 409
1352 756
1352 1354
1352 1360
843 257
316 798
1265 836
281 733
462 568
216 538
1214 450
1214 1160
723 449
723 560
892 763
519 560
1371 1013
1050 480
1050 728
1050 1045
367 264
367 568
367 1363
497 499
499 568
499 513
1155 1154
264 254
264 570
991 452
991 992
992 342
992 352
992 452
763 352
1158 849
1097 459
1097 568
1097 570
1097 882
1097 1096
640 850
560 438
560 1042
923 1303
756 409
756 1354
756 982
409 1354
1004 484
1004 1096
1116 473
1116 789
1116 1340
1340 473
1340 789
1340 899
929 1030
1333 397
1333 1361
798 1262
733 366
733 483
733 664
1197 720
626 911
284 1024
284 402
1024 362
1024 779
1024 1045
402 542
869 1023
789 473
789 899
473 449
473 899
473 834
1329 1017
306 728
321 379
336 1148
1296 613
1096 484
897 1262
484 1098
373 518
511 926
720 403
720 1335
720 1240
394 862
1287 738
1102 513
644 716
1126 974
1126 1160
438 449
446 791
449 1129
456 738
738 574
761 1322
513 1042
513 607
480 736
1131 1100
851 1243
730 1128
1322 1179
