0 2264
0 578
0 580
0 517
0 1317
0 1706
0 1365
0 2186
0 418
0 467
0 468
0 886
0 503
0 2002
0 121
0 123
0 1877
0 2289
2264 23
2264 24
2264 174
2264 220
2264 248
2264 299
2264 342
2264 355
2264 361
2264 370
2264 373
2264 408
2264 414
2264 416
2264 492
2264 549
2264 575
2264 582
2264 658
2264 694
2264 709
2264 719
2264 736
2264 790
2264 803
2264 826
2264 895
2264 904
2264 934
2264 962
2264 1008
2264 1055
2264 1062
2264 1086
2264 1133
2264 1141
2264 1163
2264 1164
2264 1189
2264 1194
2264 1261
2264 1289
2264 1294
2264 1311
2264 1317
2264 1331
2264 1427
2264 1450
2264 1501
2264 1534
2264 1623
2264 1624
2264 1647
2264 1666
2264 1671
2264 1690
2264 1717
2264 1781
2264 1782
2264 1791
2264 1847
2264 1866
2264 1867
2264 1872
2264 1896
2264 1916
2264 1921
2264 1942
2264 2019
2264 2029
2264 2048
2264 2074
2264 2075
2264 2086
2264 2095
2264 2196
2264 2246
2264 2263
2264 2306
578 11
578 30
578 125
578 282
578 360
578 361
578 418
578 425
578 466
578 502
578 671
578 1317
578 2219
578 1330
578 1463
578 1083
578 1853
578 1221
578 2241
578 2117
578 1995
578 734
578 994
578 2267
578 996
578 1633
578 2020
578 622
578 1516
578 1389
578 1285
578 1794
578 784
578 2186
578 1943
578 1045
580 30
580 71
580 93
580 127
580 209
580 210
580 256
580 284
580 302
580 304
580 324
580 340
580 395
580 418
580 453
580 465
580 502
580 503
580 507
580 523
580 554
580 555
580 1437
580 1444
580 1454
580 947
580 1479
580 972
580 1996
580 1496
580 988
580 1498
580 991
580 1503
580 2017
580 2020
580 1512
580 2037
580 1531
580 1042
580 1046
580 2305
580 2073
580 2080
580 2089
580 1072
580 1074
580 581
580 608
580 1121
580 1637
580 622
580 1138
580 2156
580 2160
580 2161
580 1653
580 2167
580 1152
580 641
580 647
580 649
580 2179
580 2180
580 1166
580 2185
580 1678
580 1689
580 1706
580 1716
580 2237
580 1731
580 1238
580 1762
580 1768
580 750
580 2279
580 766
580 1278
580 1286
580 1795
580 777
580 1799
580 1497
580 790
580 1302
580 1813
580 797
580 800
580 1314
580 804
580 1327
580 1330
580 1335
580 1336
580 830
580 1349
580 1363
580 1364
580 859
580 861
580 1378
580 1890
580 1896
580 883
580 1401
580 900
580 906
580 915
580 1939
580 1436
517 121
517 493
517 2301
517 647
517 1731
517 1639
517 1985
517 886
517 1085
1317 181
1317 328
1317 334
1317 418
1317 435
1317 447
1317 537
1317 605
1317 610
1317 651
1317 652
1317 654
1317 656
1317 721
1317 787
1317 814
1317 900
1317 901
1317 945
1317 946
1317 958
1317 1004
1317 1007
1317 1021
1317 1040
1317 1044
1317 1117
1317 1152
1317 1238
1317 1263
1317 1272
1317 2202
1317 1696
1317 1417
1317 1928
1317 1957
1317 1323
1317 1706
1317 1464
1317 1516
1317 1590
1317 1853
1317 2079
1317 1480
1317 1482
1317 1389
1317 1784
1317 2147
1317 1678
1317 1885
1317 1632
1317 2296
1317 2144
1317 2145
1317 2146
1317 1637
1317 2152
1317 2150
1317 2149
1317 1597
1317 2148
1317 2157
1317 1776
1317 2002
1317 2151
1317 1655
1317 1658
1317 1979
1317 1898
1317 1863
1317 2300
1317 1929
1317 2186
1317 2058
1317 1559
1317 2071
1706 81
1706 137
1706 152
1706 162
1706 165
1706 176
1706 178
1706 201
1706 209
1706 241
1706 248
1706 256
1706 272
1706 276
1706 277
1706 303
1706 308
1706 321
1706 334
1706 347
1706 348
1706 359
1706 360
1706 413
1706 439
1706 447
1706 451
1706 453
1706 455
1706 480
1706 498
1706 501
1706 503
1706 507
1706 508
1706 523
1706 531
1706 536
1706 551
1706 554
1706 555
1706 561
1706 570
1706 598
1706 601
1706 610
1706 651
1706 652
1706 654
1706 666
1706 668
1706 670
1706 671
1706 673
1706 695
1706 736
1706 746
1706 747
1706 748
1706 768
1706 797
1706 800
1706 802
1706 832
1706 839
1706 859
1706 868
1706 883
1706 901
1706 906
1706 911
1706 914
1706 915
1706 921
1706 941
1706 945
1706 958
1706 976
1706 987
1706 1021
1706 1028
1706 1041
1706 1064
1706 1065
1706 1077
1706 1091
1706 1137
1706 1175
1706 1198
1706 1243
1706 1246
1706 1248
1706 1263
1706 1278
1706 1288
1706 1302
1706 1324
1706 1354
1706 1389
1706 1409
1706 1436
1706 1451
1706 1480
1706 1482
1706 1483
1706 1498
1706 1565
1706 1569
1706 1580
1706 1604
1706 1655
1706 1658
1706 1673
1706 1678
1706 1689
1706 2296
1706 2035
1706 2073
1706 2089
1706 2106
1706 2118
1706 2126
1706 2157
1706 1741
1706 2081
1706 2174
1706 1731
1706 2330
1706 2219
1706 1712
1706 1737
1706 2246
1706 1821
1706 1746
1706 2257
1706 2269
1706 1770
1706 2286
1706 1792
1706 2306
1706 2333
1706 1845
1706 1896
1706 1902
1706 2109
1706 1918
1706 1928
1706 1936
1706 1937
1365 19
1365 176
1365 331
1365 352
1365 360
1365 415
1365 512
1365 531
1365 622
1365 624
1365 641
1365 679
1365 692
1365 786
1365 804
1365 815
1365 835
1365 911
1365 913
1365 1053
1365 1081
1365 1082
1365 1083
1365 1131
1365 1172
1365 1188
1365 1233
1365 1267
1365 2076
1365 2080
1365 1705
1365 2330
1365 1464
1365 2239
1365 1604
1365 1825
1365 2118
1365 1998
1365 1890
1365 1495
1365 1629
1365 1521
1365 2289
1365 1388
1365 1909
1365 1643
1365 1795
1365 2305
1365 1673
1365 1675
1365 1520
2186 5
2186 6
2186 11
2186 17
2186 20
2186 25
2186 47
2186 48
2186 49
2186 68
2186 70
2186 80
2186 86
2186 110
2186 111
2186 124
2186 126
2186 129
2186 132
2186 142
2186 146
2186 148
2186 152
2186 165
2186 167
2186 174
2186 175
2186 181
2186 182
2186 198
2186 207
2186 209
2186 213
2186 218
2186 232
2186 233
2186 240
2186 252
2186 254
2186 255
2186 260
2186 263
2186 265
2186 269
2186 271
2186 272
2186 275
2186 292
2186 296
2186 310
2186 318
2186 320
2186 330
2186 338
2186 345
2186 350
2186 352
2186 361
2186 362
2186 364
2186 377
2186 398
2186 402
2186 406
2186 414
2186 415
2186 429
2186 433
2186 435
2186 442
2186 451
2186 455
2186 460
2186 461
2186 462
2186 465
2186 473
2186 476
2186 478
2186 480
2186 483
2186 486
2186 488
2186 499
2186 503
2186 505
2186 507
2186 511
2186 519
2186 527
2186 531
2186 539
2186 540
2186 553
2186 560
2186 565
2186 571
2186 576
2186 577
2186 581
2186 594
2186 596
2186 598
2186 599
2186 602
2186 609
2186 612
2186 615
2186 619
2186 625
2186 626
2186 638
2186 639
2186 649
2186 665
2186 669
2186 671
2186 692
2186 694
2186 708
2186 709
2186 719
2186 724
2186 736
2186 737
2186 747
2186 764
2186 768
2186 781
2186 784
2186 787
2186 788
2186 789
2186 790
2186 795
2186 811
2186 815
2186 817
2186 822
2186 826
2186 827
2186 828
2186 835
2186 845
2186 851
2186 853
2186 854
2186 856
2186 864
2186 869
2186 871
2186 872
2186 879
2186 882
2186 886
2186 888
2186 892
2186 900
2186 910
2186 915
2186 916
2186 917
2186 920
2186 923
2186 924
2186 938
2186 941
2186 942
2186 943
2186 944
2186 946
2186 950
2186 951
2186 953
2186 958
2186 961
2186 963
2186 964
2186 972
2186 986
2186 994
2186 998
2186 1003
2186 1014
2186 1023
2186 1027
2186 1032
2186 1033
2186 1041
2186 1045
2186 1048
2186 1049
2186 1050
2186 1054
2186 1081
2186 1087
2186 1088
2186 1098
2186 1102
2186 1105
2186 1106
2186 1107
2186 1112
2186 1120
2186 1125
2186 1128
2186 1133
2186 1134
2186 1136
2186 1150
2186 1172
2186 1180
2186 1192
2186 1197
2186 1201
2186 1210
2186 1226
2186 1230
2186 1232
2186 1234
2186 1239
2186 1245
2186 1258
2186 1263
2186 1264
2186 1281
2186 1286
2186 1288
2186 1289
2186 1291
2186 1297
2186 1301
2186 1305
2186 1319
2186 1325
2186 1338
2186 1340
2186 1346
2186 1354
2186 1357
2186 1362
2186 1370
2186 1373
2186 1375
2186 1378
2186 1390
2186 1391
2186 1394
2186 1401
2186 1403
2186 1410
2186 1423
2186 1429
2186 1434
2186 1443
2186 1446
2186 1453
2186 1457
2186 1458
2186 1469
2186 1479
2186 1482
2186 1484
2186 1494
2186 1504
2186 1517
2186 1521
2186 1536
2186 1537
2186 1543
2186 1545
2186 1567
2186 1580
2186 1587
2186 1597
2186 1616
2186 1617
2186 1631
2186 1633
2186 1639
2186 1648
2186 1650
2186 1658
2186 1659
2186 1661
2186 1667
2186 1669
2186 1672
2186 1673
2186 1677
2186 1679
2186 1681
2186 1703
2186 1709
2186 1713
2186 1718
2186 1723
2186 1733
2186 1742
2186 1756
2186 1763
2186 1764
2186 1768
2186 1772
2186 1773
2186 1777
2186 1787
2186 1808
2186 1828
2186 1834
2186 1852
2186 1854
2186 1855
2186 1859
2186 1860
2186 1876
2186 1879
2186 1881
2186 1882
2186 1894
2186 1896
2186 1906
2186 1918
2186 1921
2186 1926
2186 1934
2186 1936
2186 1938
2186 1945
2186 1954
2186 1957
2186 1958
2186 1959
2186 1968
2186 1973
2186 1986
2186 1990
2186 1996
2186 2004
2186 2005
2186 2006
2186 2010
2186 2012
2186 2014
2186 2022
2186 2030
2186 2036
2186 2041
2186 2044
2186 2050
2186 2054
2186 2056
2186 2071
2186 2073
2186 2076
2186 2080
2186 2084
2186 2095
2186 2096
2186 2097
2186 2100
2186 2104
2186 2114
2186 2115
2186 2119
2186 2137
2186 2138
2186 2166
2186 2178
2186 2183
2186 2300
2186 2303
2186 2309
2186 2312
2186 2332
2186 2187
2186 2191
2186 2202
2186 2207
2186 2215
2186 2219
2186 2225
2186 2226
2186 2263
2186 2278
2186 2279
2186 2282
2186 2289
2186 2301
2186 2314
2186 2317
2186 2319
2186 2334
2186 2252
2186 2272
418 30
418 66
418 78
418 125
418 252
418 255
418 282
418 304
418 361
418 399
418 416
418 671
418 1567
418 1063
418 2083
418 685
418 1652
418 2219
418 1906
418 697
418 1083
418 956
418 1339
418 447
418 1853
418 1221
418 1943
418 2115
418 719
418 1995
418 466
418 1389
418 476
418 736
418 994
418 996
418 2020
418 1133
418 622
418 2279
418 1263
418 1138
418 2157
418 1648
418 502
418 503
418 504
418 505
418 2291
418 1516
418 1533
418 688
418 1794
418 1673
418 1675
418 531
418 1597
418 1045
418 790
418 435
418 1556
418 2072
467 62
467 86
467 87
467 121
467 154
467 162
467 180
467 209
467 220
467 301
467 356
467 362
467 370
467 391
467 398
467 399
467 428
467 441
467 466
467 1444
467 1953
467 937
467 1449
467 1455
467 1456
467 1970
467 954
467 958
467 1982
467 973
467 468
467 469
467 2008
467 2020
467 1008
467 2029
467 502
467 503
467 531
467 1551
467 1061
467 1063
467 2090
467 575
467 1597
467 1604
467 1608
467 1616
467 622
467 1136
467 1647
467 1149
467 2171
467 624
467 2182
467 1673
467 1675
467 1180
467 1712
467 1226
467 1737
467 735
467 736
467 1756
467 1256
467 746
467 1775
467 2287
467 2292
467 2299
467 2301
467 2302
467 2303
467 1297
467 1302
467 1311
467 1821
467 1248
467 826
467 996
467 911
467 850
467 1874
467 1876
467 1387
467 1896
467 1393
467 886
467 1401
467 918
468 62
468 87
468 121
468 132
468 154
468 177
468 180
468 191
468 210
468 466
468 1562
468 1821
468 548
468 1444
468 1063
468 815
468 973
468 1712
468 1970
468 954
468 1858
468 1608
468 1874
468 958
468 1764
468 2012
468 743
468 1256
468 622
468 1136
468 882
468 2299
468 886
468 2287
468 1401
468 2302
468 2303
468 1414
468 2182
468 1180
886 46
886 66
886 121
886 123
886 157
886 239
886 246
886 274
886 341
886 370
886 410
886 507
886 589
886 731
886 1443
886 1825
886 1615
886 1712
886 1206
886 1475
886 1569
886 1238
886 1372
886 1631
886 1634
886 1937
886 1402
886 1149
886 1770
886 901
886 2180
886 1544
886 919
503 9
503 23
503 30
503 44
503 46
503 65
503 71
503 74
503 95
503 115
503 121
503 137
503 152
503 162
503 165
503 176
503 182
503 184
503 185
503 189
503 201
503 207
503 229
503 241
503 245
503 248
503 256
503 270
503 271
503 276
503 278
503 294
503 309
503 314
503 324
503 325
503 330
503 346
503 347
503 348
503 355
503 361
503 374
503 384
503 395
503 404
503 406
503 408
503 413
503 430
503 446
503 447
503 450
503 451
503 453
503 455
503 465
503 466
503 473
503 477
503 481
503 501
503 502
503 1437
503 1947
503 932
503 934
503 673
503 943
503 1968
503 1973
503 1979
503 1475
503 2037
503 632
503 1479
503 972
503 1483
503 975
503 1939
503 1491
503 1500
503 1503
503 1506
503 2296
503 991
503 2023
503 1007
503 2262
503 1789
503 504
503 505
503 2036
503 507
503 1531
503 2042
503 1027
503 603
503 522
503 523
503 527
503 1040
503 2059
503 1624
503 1047
503 2135
503 2073
503 547
503 1060
503 618
503 2080
503 2081
503 552
503 554
503 1068
503 2089
503 1072
503 2092
503 1077
503 1585
503 2098
503 1589
503 1083
503 1084
503 2106
503 2107
503 1600
503 1096
503 587
503 1548
503 589
503 1611
503 1825
503 1616
503 598
503 1468
503 1622
503 2137
503 1121
503 610
503 2144
503 2145
503 2146
503 790
503 619
503 2149
503 2215
503 2151
503 2152
503 1554
503 2148
503 2150
503 1420
503 633
503 1653
503 2167
503 639
503 1642
503 1268
503 646
503 647
503 2179
503 651
503 652
503 1673
503 1569
503 2185
503 2161
503 741
503 661
503 1731
503 2195
503 668
503 669
503 1689
503 1184
503 681
503 963
503 2216
503 1710
503 1651
503 1716
503 718
503 1567
503 1316
503 2239
503 2334
503 977
503 721
503 1996
503 1236
503 1745
503 2255
503 1747
503 2258
503 1750
503 2260
503 1245
503 1658
503 2266
503 1637
503 1152
503 1254
503 555
503 2169
503 747
503 1767
503 1768
503 1831
503 1770
503 2284
503 761
503 1274
503 900
503 1278
503 770
503 2299
503 901
503 2162
503 1794
503 1288
503 1799
503 1712
503 1074
503 787
503 1302
503 1303
503 2322
503 837
503 800
503 1821
503 1314
503 805
503 1826
503 2180
503 1828
503 812
503 1324
503 1834
503 1358
503 1327
503 1334
503 2279
503 824
503 559
503 1342
503 1853
503 1349
503 1436
503 1354
503 1046
503 1762
503 850
503 2253
503 1363
503 746
503 1678
503 861
503 654
503 1765
503 1890
503 1936
503 581
503 1360
503 1896
503 879
503 1900
503 883
503 1902
503 2085
503 1399
503 2333
503 892
503 1405
503 1409
503 1918
503 1411
503 1412
503 906
503 2147
503 1929
503 915
503 2276
503 2058
503 921
503 1940
503 1514
503 2114
503 1267
2002 23
2002 241
2002 262
2002 303
2002 310
2002 321
2002 325
2002 328
2002 373
2002 398
2002 399
2002 415
2002 498
2002 531
2002 598
2002 610
2002 619
2002 622
2002 641
2002 671
2002 687
2002 693
2002 695
2002 719
2002 750
2002 770
2002 777
2002 790
2002 844
2002 850
2002 859
2002 906
2002 911
2002 932
2002 946
2002 953
2002 958
2002 972
2002 1041
2002 1058
2002 1087
2002 1088
2002 1131
2002 1138
2002 1140
2002 1181
2002 1188
2002 1243
2002 1244
2002 1285
2002 1287
2002 1297
2002 1298
2002 1312
2002 1417
2002 1432
2002 1437
2002 1483
2002 1498
2002 1500
2002 1503
2002 1567
2002 1587
2002 1675
2002 1679
2002 1689
2002 1693
2002 1722
2002 1751
2002 1790
2002 1791
2002 1821
2002 1855
2002 1894
2002 1896
2002 1900
2002 1959
2002 2013
2002 2020
2002 2033
2002 2037
2002 2118
2002 2162
2002 2219
2002 2279
121 30
121 81
121 1712
121 1336
121 721
121 977
121 466
121 1366
121 861
121 1639
121 624
121 241
121 1521
121 123
121 132
121 2301
121 2182
121 911
121 2059
121 286
123 81
123 416
123 1821
123 502
123 301
123 942
123 1078
123 1336
123 318
123 1604
123 593
123 978
123 859
123 1500
123 736
123 1378
123 941
123 633
123 2182
123 531
1877 350
1877 816
1877 1562
1877 1658
2289 19
2289 23
2289 30
2289 106
2289 211
2289 384
2289 407
2289 454
2289 478
2289 605
2289 645
2289 702
2289 731
2289 741
2289 750
2289 867
2289 882
2289 901
2289 983
2289 1027
2289 1059
2289 1070
2289 1083
2289 1104
2289 1219
2289 1475
2289 1531
2289 1533
2289 1587
2289 1675
2289 1756
2289 1821
2289 1825
2289 1826
2289 1954
2289 2076
2289 2080
2289 2106
2289 2118
2289 2215
2289 2239
2289 2267
1 81
1 44
81 8
81 42
81 49
81 56
81 61
81 66
81 74
81 77
81 80
81 1437
81 1945
81 1947
81 1441
81 420
81 1443
81 1444
81 423
81 618
81 938
81 427
81 942
81 431
81 944
81 1737
81 1965
81 1458
81 172
81 419
81 1973
81 958
81 1977
81 1978
81 451
81 453
81 1475
81 1985
81 2037
81 1987
81 1479
81 1481
81 973
81 976
81 977
81 1996
81 979
81 981
81 1491
81 983
81 2114
81 475
81 1193
81 989
81 2008
81 1500
81 2041
81 481
81 999
81 1957
81 490
81 492
81 1618
81 1011
81 244
81 2032
81 863
81 430
81 507
81 1020
81 2110
81 1023
81 2215
81 2043
81 1621
81 1028
81 1029
81 1032
81 523
81 93
81 1550
81 1044
81 533
81 2066
81 1049
81 1050
81 1051
81 1052
81 2072
81 2073
81 2074
81 1531
81 548
81 2079
81 1063
81 554
81 555
81 2086
81 1577
81 1376
81 1582
81 1583
81 1078
81 1080
81 1330
81 1378
81 1090
81 2108
81 1600
81 1601
81 1603
81 1098
81 1099
81 1101
81 590
81 84
81 598
81 1111
81 600
81 2130
81 1114
81 1116
81 1624
81 2135
81 2136
81 608
81 2138
81 610
81 2140
81 2317
81 614
81 1587
81 363
81 1910
81 1130
81 621
81 192
81 624
81 2154
81 1138
81 116
81 110
81 1141
81 1142
81 631
81 2161
81 124
81 1556
81 1149
81 1658
81 129
81 1681
81 536
81 1159
81 1217
81 1161
81 1669
81 939
81 2182
81 654
81 1133
81 656
81 1170
81 1172
81 532
81 1048
81 152
81 664
81 665
81 155
81 1179
81 2197
81 159
81 671
81 544
81 2207
81 1699
81 1700
81 1702
81 1198
81 2216
81 2217
81 1202
81 1710
81 1204
81 547
81 187
81 2227
81 2229
81 191
81 1722
81 704
81 1724
81 1653
81 197
81 1896
81 1729
81 1226
81 207
81 2248
81 1741
81 2234
81 349
81 1746
81 1748
81 1750
81 2083
81 733
81 1743
81 539
81 1758
81 228
81 741
81 742
81 743
81 746
81 1119
81 2276
81 1768
81 1575
81 1770
81 2281
81 318
81 626
81 2284
81 1776
81 246
81 551
81 1781
81 2257
81 1276
81 254
81 1786
81 257
81 2299
81 1814
81 264
81 2306
81 781
81 782
81 1802
81 336
81 1712
81 1805
81 346
81 789
81 278
81 563
81 1371
81 2323
81 649
81 1816
81 286
81 287
81 288
81 1820
81 301
81 736
81 432
81 1321
81 640
81 1832
81 1324
81 2096
81 653
81 568
81 312
81 531
81 947
81 317
81 830
81 722
81 2269
81 325
81 2185
81 1858
81 1765
81 1761
81 1354
81 333
81 828
81 1762
81 824
81 850
81 177
81 1339
81 1509
81 855
81 344
81 1875
81 1876
81 347
81 348
81 1191
81 135
81 1881
81 1336
81 2020
81 661
81 1887
81 358
81 1891
81 151
81 978
81 1388
81 371
81 1394
81 887
81 1261
81 892
81 1911
81 2191
81 2279
81 1407
81 837
81 901
81 1056
81 906
81 395
81 398
81 911
81 255
81 913
81 1435
81 1936
81 1429
81 1430
81 1939
81 460
81 413
81 1775
44 1057
44 1503
44 804
44 1601
44 1063
44 1099
44 1733
44 1606
44 589
44 1402
44 2120
44 1898
44 305
44 56
44 1939
44 541
44 1823
2 1181
1181 131
1181 132
1181 179
1181 235
1181 239
1181 280
1181 319
1181 350
1181 388
1181 421
1181 450
1181 487
1181 506
1181 524
1181 583
1181 587
1181 598
1181 643
1181 650
1181 664
1181 729
1181 739
1181 768
1181 916
1181 933
1181 943
1181 949
1181 956
1181 958
1181 998
1181 1053
1181 1121
1181 1562
1181 1311
1181 1698
1181 1955
1181 2086
1181 2042
1181 1336
1181 1732
1181 1570
1181 1489
1181 2261
1181 2269
1181 1364
1181 2276
1181 1281
1181 2127
1181 1533
1181 1538
1181 1796
1181 2056
1181 1548
1181 1300
1181 1920
1181 1224
3 373
3 1825
3 1826
3 1959
3 944
3 945
3 946
3 973
3 1078
3 695
3 1587
3 317
3 1090
3 1219
3 454
3 2112
3 329
3 331
3 78
3 2123
3 213
3 1364
3 1620
3 1247
3 225
3 745
3 626
3 2283
3 1776
3 502
3 2291
3 7
3 8
3 1395
3 2181
3 911
3 1295
3 1551
3 1300
3 278
3 157
373 66
373 83
373 151
373 157
373 192
373 278
373 286
373 293
373 304
373 316
373 330
373 331
373 360
373 1952
373 1449
373 1959
373 942
373 1455
373 946
373 435
373 1458
373 442
373 961
373 452
373 1782
373 973
373 462
373 1486
373 1491
373 472
373 1503
373 1512
373 1521
373 502
373 601
373 736
373 2060
373 1539
373 945
373 527
373 2059
373 1456
373 531
373 1551
373 2067
373 2071
373 1587
373 1090
373 1091
373 1803
373 1096
373 2114
373 1104
373 593
373 598
373 599
373 2130
373 2231
373 1132
373 622
373 626
373 1139
373 633
373 1388
373 2182
373 1169
373 1679
373 1175
373 1395
373 2219
373 693
373 1212
373 2230
373 1219
373 1226
373 977
373 720
373 2249
373 1246
373 1247
373 1756
373 2267
373 741
373 1767
373 2291
373 2297
373 770
373 771
373 1295
373 1300
373 2322
373 1825
373 1826
373 1321
373 1248
373 1325
373 1332
373 491
373 865
373 1935
373 1381
373 1383
373 1896
373 1902
373 1396
373 1924
373 911
373 913
373 405
1825 19
1825 83
1825 150
1825 152
1825 176
1825 236
1825 241
1825 278
1825 316
1825 452
1825 453
1825 491
1825 513
1825 537
1825 586
1825 610
1825 636
1825 660
1825 684
1825 695
1825 781
1825 785
1825 820
1825 839
1825 876
1825 900
1825 910
1825 911
1825 913
1825 914
1825 924
1825 1021
1825 1040
1825 1058
1825 1091
1825 1105
1825 1169
1825 1188
1825 1240
1825 1244
1825 1246
1825 1247
1825 1272
1825 1302
1825 1324
1825 1337
1825 1378
1825 1381
1825 1390
1825 1412
1825 1479
1825 1483
1825 1517
1825 1521
1825 1551
1825 1587
1825 1604
1825 1606
1825 1621
1825 1627
1825 1632
1825 1679
1825 1693
1825 1710
1825 1795
1825 1821
1825 1959
1825 1973
1825 2017
1825 2050
1825 2051
1825 2070
1825 2117
1825 2118
1825 2130
1825 2167
1825 2239
1825 2322
1825 2331
1825 1837
1825 1840
1825 1896
1825 1902
1825 1909
1826 9
1826 56
1826 83
1826 150
1826 189
1826 236
1826 256
1826 278
1826 348
1826 395
1826 435
1826 502
1826 504
1826 505
1826 513
1826 523
1826 555
1826 673
1826 770
1826 844
1826 892
1826 910
1826 1238
1826 1240
1826 1337
1826 1412
1826 1464
1826 1479
1826 1483
1826 1517
1826 1521
1826 1567
1826 1587
1826 1679
1826 1779
1826 1795
1826 2073
1826 2080
1826 1959
1826 2225
1826 2105
1826 2106
1826 2239
1826 2050
1826 2230
1826 1896
1826 1902
1826 2051
1826 2322
1826 2157
1959 28
1959 159
1959 162
1959 220
1959 911
1959 1219
1959 1246
1959 1247
1959 1417
1959 1658
1959 1796
1959 2008
944 21
944 66
944 72
944 98
944 181
944 188
944 191
944 229
944 280
944 313
944 325
944 331
944 332
944 360
944 387
944 414
944 422
944 423
944 448
944 462
944 513
944 545
944 593
944 741
944 749
944 766
944 911
944 1438
944 1187
944 1705
944 945
944 946
944 947
944 2094
944 2096
944 1972
944 1977
944 976
944 1074
944 1996
944 980
944 1363
944 1721
944 2189
944 1119
944 1247
944 2014
944 1088
944 1893
944 1770
944 1551
944 1395
944 1396
944 1145
944 2291
944 1403
944 1876
944 1028
944 1118
944 1287
944 2250
944 2297
944 1292
944 2112
944 1456
944 1171
944 1939
944 2322
945 21
945 72
945 76
945 83
945 88
945 91
945 118
945 162
945 181
945 191
945 213
945 236
945 244
945 255
945 280
945 301
945 314
945 325
945 331
945 340
945 346
945 355
945 361
945 405
945 413
945 414
945 424
945 448
945 450
945 455
945 461
945 462
945 466
945 487
945 513
945 521
945 529
945 531
945 554
945 574
945 589
945 593
945 598
945 619
945 622
945 665
945 667
945 692
945 722
945 741
945 747
945 766
945 771
945 785
945 800
945 826
945 863
945 865
945 879
945 891
945 911
945 936
945 942
945 1438
945 1947
945 1445
945 1455
945 1456
945 1457
945 1968
945 1462
945 1475
945 973
945 975
945 2294
945 996
945 1002
945 1008
945 1011
945 1521
945 1028
945 1621
945 2043
945 1963
945 946
945 947
945 1373
945 1063
945 1069
945 1070
945 2090
945 2094
945 1585
945 1090
945 1604
945 1117
945 1118
945 1119
945 1876
945 1551
945 1651
945 1996
945 1154
945 1670
945 1168
945 1679
945 2203
945 2158
945 2210
945 1705
945 1206
945 2240
945 1226
945 1739
945 1234
945 2251
945 1241
945 1244
945 1246
945 1247
945 1756
945 1770
945 1577
945 2291
945 1278
945 2297
945 1287
945 2306
945 1805
945 967
945 1310
945 1314
945 2333
945 1321
945 1332
945 1337
945 1339
945 2014
945 1371
945 1890
945 1767
945 1396
945 1403
945 1395
945 1435
945 1936
946 8
946 21
946 23
946 40
946 66
946 78
946 83
946 88
946 91
946 105
946 118
946 157
946 162
946 181
946 191
946 192
946 200
946 213
946 220
946 229
946 236
946 243
946 244
946 255
946 266
946 301
946 314
946 323
946 325
946 330
946 331
946 346
946 377
946 388
946 405
946 413
946 424
946 448
946 461
946 462
946 466
946 487
946 502
946 513
946 527
946 529
946 531
946 565
946 589
946 593
946 598
946 599
946 611
946 619
946 622
946 625
946 633
946 688
946 741
946 743
946 747
946 790
946 800
946 826
946 829
946 844
946 863
946 865
946 879
946 891
946 896
946 900
946 911
946 936
946 942
946 1438
946 1947
946 1444
946 1456
946 1457
946 955
946 1188
946 1479
946 975
946 1506
946 1521
946 1522
946 1523
946 1111
946 1530
946 1532
946 1876
946 2043
946 947
946 1044
946 1797
946 1059
946 1069
946 2090
946 1078
946 2096
946 1028
946 1090
946 1604
946 1550
946 2133
946 1117
946 1551
946 1119
946 1136
946 1647
946 2158
946 1651
946 973
946 1152
946 1670
946 2182
946 1675
946 1679
946 1191
946 1705
946 1213
946 1206
946 974
946 1731
946 1996
946 1234
946 1247
946 1756
946 1758
946 1251
946 1770
946 2291
946 1279
946 2297
946 1287
946 1292
946 1803
946 1805
946 2306
946 1818
946 1314
946 2094
946 1321
946 1327
946 1332
946 1337
946 1338
946 1952
946 1371
946 1890
946 1894
946 1767
946 1390
946 1902
946 1396
946 1403
946 1395
946 1924
946 1209
946 1430
946 1939
973 25
973 78
973 83
973 160
973 255
973 278
973 339
973 531
973 593
973 598
973 746
973 883
973 911
973 938
973 941
973 942
973 1441
973 1776
973 2091
973 1202
973 1248
973 2090
973 1329
973 2094
973 2096
973 2097
973 2225
973 1737
973 1011
973 974
973 1876
973 1117
973 2008
973 1756
973 1892
973 1126
973 2297
973 1681
973 1520
973 1778
973 1399
973 2291
973 1281
973 1028
973 1029
973 2302
973 2303
973 2306
973 1376
973 1328
973 2322
1078 23
1078 24
1078 60
1078 61
1078 75
1078 124
1078 131
1078 132
1078 133
1078 138
1078 152
1078 159
1078 269
1078 301
1078 312
1078 314
1078 347
1078 360
1078 361
1078 376
1078 384
1078 411
1078 420
1078 450
1078 451
1078 453
1078 466
1078 475
1078 484
1078 490
1078 527
1078 530
1078 550
1078 555
1078 593
1078 599
1078 610
1078 621
1078 624
1078 671
1078 686
1078 688
1078 744
1078 752
1078 833
1078 850
1078 884
1078 900
1078 901
1078 921
1078 961
1078 977
1078 979
1078 1945
1078 1952
1078 1448
1078 1449
1078 1457
1078 1968
1078 1444
1078 1483
1078 1788
1078 2030
1078 1705
1078 2071
1078 1571
1078 1575
1078 1117
1078 1118
1078 2144
1078 1655
1078 1658
1078 2181
1078 2182
1078 1679
1078 2197
1078 1192
1078 1702
1078 1231
1078 1748
1078 1775
1078 1777
1078 2296
1078 2297
1078 2307
1078 1809
1078 2329
1078 2330
1078 1320
1078 1326
1078 1845
1078 1858
1078 1881
1078 1939
1078 1403
1078 1921
1078 1436
695 71
695 157
695 225
695 239
695 254
695 286
695 304
695 329
695 331
695 405
695 426
695 451
695 452
695 453
695 504
695 510
695 529
695 641
695 649
695 651
695 669
695 693
695 1949
695 1444
695 1464
695 1466
695 1979
695 975
695 1485
695 1487
695 2013
695 2014
695 2020
695 2032
695 1524
695 2035
695 2044
695 859
695 2058
695 1580
695 1585
695 1586
695 1080
695 1081
695 1593
695 2106
695 2112
695 1604
695 2119
695 2123
695 2137
695 2144
695 1637
695 1131
695 1136
695 1138
695 1648
695 1651
695 1652
695 1654
695 1188
695 1821
695 1710
695 2220
695 696
695 700
695 2230
695 1929
695 1729
695 1738
695 1237
695 1240
695 2259
695 1246
695 1247
695 2267
695 747
695 1767
695 1768
695 2283
695 1267
695 1272
695 2296
695 777
695 1803
695 802
695 1332
695 1850
695 839
695 1358
695 1364
695 1369
695 1378
695 1896
695 900
695 911
695 2114
1587 28
1587 43
1587 83
1587 109
1587 132
1587 133
1587 139
1587 151
1587 156
1587 162
1587 176
1587 200
1587 209
1587 218
1587 220
1587 236
1587 241
1587 270
1587 276
1587 278
1587 293
1587 301
1587 304
1587 325
1587 329
1587 330
1587 331
1587 346
1587 361
1587 405
1587 411
1587 452
1587 484
1587 491
1587 497
1587 500
1587 507
1587 508
1587 513
1587 554
1587 581
1587 610
1587 622
1587 626
1587 636
1587 688
1587 693
1587 696
1587 723
1587 742
1587 745
1587 766
1587 771
1587 790
1587 792
1587 831
1587 840
1587 867
1587 889
1587 901
1587 911
1587 913
1587 921
1587 939
1587 947
1587 956
1587 957
1587 962
1587 979
1587 981
1587 1021
1587 1043
1587 1054
1587 1075
1587 1080
1587 1082
1587 1090
1587 1091
1587 1122
1587 1139
1587 1140
1587 1191
1587 1219
1587 1222
1587 1247
1587 1272
1587 1278
1587 1281
1587 1295
1587 1300
1587 1328
1587 1359
1587 1381
1587 1397
1587 1399
1587 1406
1587 1444
1587 1449
1587 1473
1587 1486
1587 1487
1587 1493
1587 1521
1587 1538
1587 1542
1587 1551
1587 1576
1587 1579
1587 1585
1587 1981
1587 1809
1587 2037
1587 2010
1587 1790
1587 2050
1587 2051
1587 2058
1587 2060
1587 1965
1587 2067
1587 2070
1587 2080
1587 1796
1587 2085
1587 2094
1587 1593
1587 1604
1587 2228
1587 2127
1587 2130
1587 1621
1587 1632
1587 2144
1587 1649
1587 1679
1587 1705
1587 2217
1587 2219
1587 2230
1587 2231
1587 1734
1587 1655
1587 1738
1587 2267
1587 1637
1587 1762
1587 2275
1587 2279
1587 1776
1587 2290
1587 1782
1587 1787
1587 2297
1587 1835
1587 1795
1587 2305
1587 1797
1587 2307
1587 1799
1587 1802
1587 1804
1587 2322
1587 2324
1587 2329
1587 1840
1587 1843
1587 1589
1587 2291
1587 1902
1587 1908
1587 1939
1587 1911
1587 1686
1587 1924
1587 1936
317 132
317 138
317 139
317 152
317 162
317 301
317 2333
317 555
317 1575
317 1202
317 446
317 447
317 450
317 451
317 453
317 1479
317 466
317 731
317 2260
317 2011
317 1377
317 2276
317 1514
317 621
317 1268
317 1091
317 1659
317 900
317 2307
317 921
1090 21
1090 42
1090 54
1090 66
1090 248
1090 278
1090 301
1090 314
1090 331
1090 375
1090 448
1090 470
1090 502
1090 531
1090 622
1090 625
1090 626
1090 693
1090 824
1090 910
1090 911
1090 943
1090 1562
1090 1908
1090 1143
1090 2219
1090 1219
1090 1943
1090 1604
1090 1352
1090 1486
1090 1624
1090 1551
1090 1246
1090 1247
1090 1756
1090 1498
1090 1765
1090 2106
1090 1832
1090 1272
1090 2290
1090 1402
1090 2215
1090 1791
1090 1548
1090 1202
1090 1300
1090 1556
1090 2322
1090 1308
1219 28
1219 56
1219 66
1219 83
1219 131
1219 138
1219 157
1219 162
1219 200
1219 236
1219 241
1219 278
1219 330
1219 411
1219 442
1219 452
1219 491
1219 497
1219 513
1219 555
1219 626
1219 636
1219 674
1219 719
1219 723
1219 738
1219 802
1219 811
1219 844
1219 849
1219 850
1219 867
1219 889
1219 899
1219 911
1219 913
1219 947
1219 978
1219 979
1219 1054
1219 1138
1219 1140
1219 1191
1219 1947
1219 2014
1219 1521
1219 2050
1219 2051
1219 1550
1219 2067
1219 2070
1219 2080
1219 1604
1219 1621
1219 1222
1219 1679
1219 1702
1219 1821
1219 2230
1219 1487
1219 1248
1219 2267
1219 1785
1219 1795
1219 1797
1219 2307
1219 1804
1219 2322
1219 1314
1219 1328
1219 1840
1219 1332
1219 1935
1219 1381
1219 1895
1219 1896
1219 1902
1219 1908
1219 1924
1219 2276
454 7
454 186
454 250
454 322
454 1063
454 1595
454 2241
454 972
454 720
454 1364
454 859
454 2280
454 2156
454 1918
454 777
454 1289
454 1171
454 1937
454 1604
2112 157
2112 225
2112 839
2112 947
2112 1247
2112 2123
2112 2283
329 48
329 66
329 83
329 99
329 111
329 139
329 151
329 170
329 181
329 213
329 236
329 278
329 288
329 293
329 304
329 2020
329 1924
329 420
329 1952
329 844
329 738
329 2097
329 826
329 827
329 1591
329 911
329 403
329 330
329 331
329 716
329 589
329 1486
329 692
329 598
329 746
329 641
329 2096
329 1623
329 1624
329 1246
329 1247
329 1248
329 1251
329 1381
329 2330
329 1139
329 1902
329 1521
329 1523
329 1779
329 1399
329 1908
329 1620
329 1479
329 1767
329 2216
329 396
329 781
329 732
329 1294
329 784
329 1298
329 1551
329 405
329 2322
329 1604
329 541
329 500
331 48
331 59
331 80
331 118
331 150
331 165
331 181
331 191
331 192
331 200
331 209
331 213
331 227
331 229
331 236
331 241
331 267
331 278
331 286
331 293
331 301
331 330
331 1437
331 1947
331 932
331 1455
331 1456
331 1965
331 1188
331 448
331 849
331 975
331 1487
331 2008
331 2013
331 487
331 2043
331 500
331 1521
331 1522
331 1198
331 510
331 2058
331 1550
331 1551
331 947
331 1772
331 2071
331 2137
331 1069
331 1581
331 1582
331 1583
331 569
331 1083
331 1088
331 2107
331 1096
331 1604
331 598
331 531
331 601
331 2230
331 1116
331 2231
331 610
331 1637
331 622
331 624
331 626
331 1139
331 1140
331 1651
331 2162
331 1147
331 652
331 2182
331 1673
331 1222
331 1169
331 1677
331 1679
331 2157
331 1705
331 1726
331 1728
331 2240
331 1569
331 2254
331 2257
331 1241
331 1246
331 1247
331 1248
331 738
331 1251
331 1762
331 745
331 1237
331 1768
331 1832
331 1777
331 1779
331 766
331 771
331 1791
331 1797
331 1799
331 1297
331 1298
331 1627
331 2322
331 1814
331 1816
331 1311
331 1924
331 2181
331 1332
331 1336
331 1337
331 1339
331 826
331 839
331 332
331 1359
331 346
331 348
331 2190
331 360
331 1383
331 362
331 1767
331 1647
331 1392
331 1399
331 891
331 896
331 1395
331 394
331 396
331 2022
331 911
331 405
331 1430
331 1939
331 411
331 2114
331 925
78 8
78 21
78 30
78 40
78 65
78 66
78 1439
78 1443
78 1952
78 941
78 947
78 451
78 974
78 977
78 1996
78 979
78 1496
78 1498
78 2008
78 484
78 1005
78 1520
78 502
78 504
78 2042
78 1028
78 524
78 527
78 531
78 1551
78 1556
78 1625
78 2073
78 545
78 182
78 1569
78 1064
78 1065
78 1575
78 2094
78 2096
78 1105
78 598
78 1619
78 191
78 1624
78 97
78 616
78 110
78 624
78 626
78 632
78 633
78 2163
78 2169
78 2182
78 796
78 670
78 1562
78 1193
78 177
78 1821
78 2219
78 1712
78 1483
78 2230
78 1722
78 197
78 1728
78 1222
78 2246
78 1063
78 978
78 552
78 1746
78 1765
78 750
78 2281
78 761
78 1281
78 1799
78 276
78 277
78 1303
78 1815
78 1308
78 1309
78 802
78 2335
78 809
78 301
78 1325
78 304
78 1332
78 1336
78 828
78 1847
78 318
78 1852
78 847
78 850
78 1876
78 347
78 860
78 349
78 1887
78 872
78 2106
78 1387
78 888
78 1402
78 894
78 384
78 901
78 1920
78 911
2123 71
2123 111
2123 157
2123 225
2123 972
2123 1074
2123 1247
2123 1604
2123 1627
2123 2283
2123 2190
2123 2161
213 83
213 132
213 170
213 181
213 192
213 671
213 1185
213 1013
213 1321
213 1703
213 1934
213 1456
213 947
213 2094
213 1332
213 1336
213 797
213 321
213 1486
213 1998
213 598
213 1955
213 788
213 736
213 865
213 1125
213 390
213 360
213 1513
213 1139
213 1520
213 1395
213 376
213 508
213 2040
213 1534
213 1412
213 1812
213 1604
213 1797
213 781
213 732
213 911
213 1423
213 1170
213 531
213 1551
213 2191
213 2067
213 899
213 669
1364 74
1364 93
1364 246
1364 256
1364 284
1364 301
1364 304
1364 330
1364 435
1364 455
1364 465
1364 466
1364 507
1364 622
1364 647
1364 649
1364 750
1364 777
1364 790
1364 800
1364 856
1364 861
1364 894
1364 947
1364 972
1364 988
1364 991
1364 1021
1364 1046
1364 1138
1364 1278
1364 1286
1364 1363
1364 1437
1364 2080
1364 1649
1364 1444
1364 1799
1364 1503
1364 2073
1364 1716
1364 1996
1364 1731
1364 1531
1364 2020
1364 1378
1364 1762
1364 1890
1364 1794
1364 1937
1364 2156
1364 1902
1364 2305
1364 1918
1364 2179
1364 1900
1364 1678
1364 1498
1364 1497
1364 1939
1364 1813
1364 1436
1620 80
1620 157
1620 181
1620 405
1620 697
1620 1045
1620 1240
1620 1246
1620 1247
1620 1332
1620 1358
1620 1381
1620 1466
1620 1487
1620 1586
1620 1768
1620 2144
1620 2291
1620 2189
1247 57
1247 69
1247 71
1247 80
1247 88
1247 111
1247 135
1247 157
1247 181
1247 212
1247 225
1247 226
1247 236
1247 239
1247 241
1247 254
1247 278
1247 286
1247 288
1247 304
1247 310
1247 316
1247 351
1247 360
1247 403
1247 405
1247 413
1247 426
1247 451
1247 453
1247 455
1247 462
1247 466
1247 471
1247 487
1247 500
1247 505
1247 508
1247 510
1247 513
1247 522
1247 531
1247 539
1247 595
1247 598
1247 605
1247 626
1247 641
1247 658
1247 693
1247 696
1247 700
1247 723
1247 745
1247 746
1247 747
1247 763
1247 777
1247 787
1247 797
1247 801
1247 802
1247 839
1247 863
1247 894
1247 897
1247 900
1247 906
1247 911
1247 913
1247 914
1247 940
1247 947
1247 975
1247 977
1247 979
1247 1007
1247 1027
1247 1053
1247 1054
1247 1055
1247 1071
1247 1075
1247 1076
1247 1080
1247 1081
1247 1091
1247 1093
1247 1096
1247 1117
1247 1119
1247 1131
1247 1136
1247 1169
1247 1209
1247 1222
1247 1233
1247 1235
1247 1237
1247 1240
1247 1246
1247 1945
1247 1952
1247 1449
1247 1966
1247 1487
1247 1466
1247 1979
1247 2291
1247 1987
1247 1479
1247 1485
1247 1496
1247 2010
1247 1896
1247 2013
1247 2014
1247 2296
1247 1510
1247 2020
1247 1512
1247 1444
1247 1521
1247 1483
1247 2039
1247 1652
1247 2053
1247 1924
1247 2058
1247 2060
1247 1457
1247 1797
1247 1712
1247 1573
1247 1579
1247 1585
1247 1586
1247 1593
1247 1594
1247 2105
1247 2106
1247 1604
1247 1607
1247 1621
1247 1551
1247 2137
1247 1637
1247 2144
1247 2145
1247 2146
1247 2147
1247 2149
1247 1640
1247 2152
1247 2148
1247 2150
1247 1648
1247 1651
1247 2162
1247 2151
1247 1654
1247 1658
1247 1642
1247 2182
1247 1680
1247 1562
1247 1395
1247 2207
1247 2330
1247 1710
1247 2227
1247 2230
1247 1728
1247 1729
1247 1731
1247 2242
1247 2267
1247 1251
1247 2271
1247 1768
1247 2283
1247 1267
1247 1272
1247 2254
1247 2297
1247 2220
1247 1794
1247 2306
1247 2308
1247 1292
1247 1803
1247 2314
1247 2331
1247 1332
1247 1321
1247 1756
1247 1392
1247 1324
1247 2130
1247 1900
1247 1929
1247 1624
1247 1855
1247 1358
1247 1359
1247 1362
1247 1764
1247 1371
1247 1765
1247 1935
1247 1383
1247 1895
1247 2022
1247 2107
1247 1396
1247 1914
1247 1767
1247 1921
1247 1378
1247 1419
1247 1422
1247 1939
1247 1433
1247 2114
1247 1436
225 137
225 157
225 448
225 1791
225 1605
225 1487
225 1074
225 2283
225 692
225 1332
225 1139
225 2194
225 1717
225 452
745 34
745 57
745 69
745 80
745 83
745 144
745 157
745 220
745 286
745 391
745 414
745 448
745 462
745 487
745 510
745 536
745 598
745 626
745 693
745 696
745 736
745 1945
745 803
745 1698
745 1332
745 1705
745 1457
745 1586
745 826
745 1718
745 1272
745 2230
745 838
745 1096
745 1604
745 1444
745 1485
745 1625
745 1240
745 1340
745 1118
745 1246
745 1248
745 2008
745 1732
745 1512
745 1513
745 1902
745 1395
745 1399
745 1782
745 1786
745 1281
745 1663
745 894
745 1413
745 1041
745 1551
745 1681
745 911
626 7
626 8
626 10
626 19
626 21
626 57
626 86
626 110
626 131
626 137
626 149
626 152
626 159
626 160
626 181
626 191
626 192
626 241
626 269
626 271
626 273
626 274
626 276
626 277
626 278
626 283
626 284
626 314
626 328
626 338
626 355
626 361
626 391
626 395
626 398
626 435
626 438
626 439
626 448
626 451
626 453
626 470
626 502
626 504
626 505
626 508
626 515
626 555
626 576
626 591
626 595
626 597
626 601
626 622
626 625
626 1443
626 938
626 941
626 942
626 958
626 1478
626 1479
626 1993
626 786
626 1498
626 2010
626 1011
626 1521
626 1523
626 2037
626 1040
626 1043
626 1551
626 2072
626 2075
626 1289
626 1567
626 1569
626 1044
626 1585
626 2096
626 1084
626 2102
626 1593
626 2106
626 1091
626 1097
626 2118
626 2314
626 2130
626 1116
626 1809
626 1131
626 1136
626 1647
626 963
626 1655
626 1658
626 1152
626 1669
626 2216
626 652
626 2182
626 796
626 1169
626 2201
626 1188
626 1311
626 1844
626 685
626 688
626 2330
626 693
626 1206
626 1728
626 2242
626 1229
626 2249
626 2250
626 692
626 2254
626 1746
626 723
626 1241
626 731
626 2260
626 1244
626 738
626 739
626 1762
626 1764
626 746
626 747
626 1767
626 2282
626 1266
626 2285
626 1780
626 2301
626 1793
626 1796
626 1797
626 1858
626 903
626 2322
626 799
626 800
626 1821
626 1319
626 2095
626 2181
626 1327
626 1840
626 827
626 826
626 838
626 840
626 1859
626 1358
626 849
626 1363
626 1876
626 2189
626 1378
626 748
626 1384
626 1896
626 1396
626 888
626 889
626 1909
626 1402
626 1911
626 895
626 2157
626 1409
626 900
626 1924
626 911
626 1430
626 1939
626 1689
2283 157
2283 504
2283 505
2283 1176
2283 1392
2283 1395
2283 2106
2283 2280
1776 10
1776 23
1776 24
1776 138
1776 152
1776 159
1776 160
1776 203
1776 210
1776 270
1776 272
1776 276
1776 277
1776 301
1776 320
1776 347
1776 355
1776 366
1776 395
1776 414
1776 437
1776 446
1776 447
1776 450
1776 451
1776 453
1776 484
1776 487
1776 490
1776 523
1776 537
1776 671
1776 700
1776 751
1776 752
1776 787
1776 790
1776 805
1776 900
1776 911
1776 961
1776 970
1776 979
1776 1007
1776 1029
1776 1084
1776 1107
1776 1208
1776 1370
1776 1455
1776 1456
1776 1457
1776 1460
1776 1479
1776 1514
1776 1521
1776 1542
1776 1554
1776 1569
1776 1604
1776 1637
1776 1658
1776 1689
1776 1702
1776 1712
1776 1762
1776 1770
1776 2037
1776 2058
1776 2071
1776 2073
1776 2081
1776 2096
1776 2106
1776 2144
1776 2145
1776 2146
1776 2147
1776 2148
1776 1979
1776 2150
1776 2149
1776 2152
1776 2157
1776 2151
1776 2180
1776 2215
1776 2245
1776 2276
1776 2296
1776 1796
1776 1858
1776 1930
502 7
502 9
502 18
502 21
502 30
502 33
502 40
502 42
502 65
502 68
502 80
502 110
502 115
502 132
502 137
502 152
502 165
502 173
502 209
502 210
502 241
502 245
502 248
502 256
502 276
502 287
502 293
502 301
502 310
502 318
502 324
502 347
502 348
502 350
502 361
502 395
502 447
502 450
502 451
502 453
502 455
502 465
502 469
502 471
502 936
502 941
502 507
502 1479
502 1480
502 1483
502 1939
502 1996
502 1193
502 1500
502 1511
502 1514
502 1516
502 504
502 505
502 2037
502 1021
502 2042
502 859
502 523
502 604
502 527
502 2049
502 1041
502 531
502 1558
502 1288
502 2073
502 545
502 1567
502 552
502 554
502 2085
502 1068
502 2089
502 2101
502 2104
502 2106
502 2107
502 2110
502 1040
502 1095
502 1096
502 2114
502 598
502 1383
502 1625
502 610
502 616
502 1129
502 1637
502 1638
502 622
502 624
502 632
502 633
502 2167
502 1658
502 1152
502 647
502 649
502 2179
502 2181
502 2182
502 1673
502 1675
502 1678
502 963
502 1184
502 673
502 2208
502 681
502 1202
502 2163
502 805
502 2239
502 713
502 977
502 718
502 719
502 978
502 1746
502 979
502 619
502 894
502 2262
502 1757
502 741
502 2169
502 1762
502 555
502 1765
502 747
502 2279
502 2255
502 1323
502 1271
502 761
502 900
502 2296
502 770
502 777
502 1497
502 1802
502 1803
502 786
502 1302
502 1303
502 2322
502 1815
502 800
502 1821
502 1314
502 812
502 1834
502 1327
502 824
502 1336
502 828
502 1339
502 1342
502 815
502 1853
502 837
502 840
502 1254
502 1359
502 850
502 1869
502 1363
502 858
502 746
502 1893
502 1896
502 1389
502 1902
502 1399
502 892
502 1092
502 1409
502 581
502 971
502 1936
502 921
502 1689
502 1097
502 2284
2291 26
2291 71
2291 83
2291 135
2291 152
2291 157
2291 241
2291 248
2291 286
2291 374
2291 403
2291 405
2291 407
2291 453
2291 455
2291 478
2291 555
2291 593
2291 607
2291 693
2291 741
2291 799
2291 826
2291 827
2291 878
2291 900
2291 905
2291 911
2291 947
2291 1077
2291 1119
2291 1169
2291 1288
2291 1295
2291 1451
2291 1486
2291 1489
2291 1521
2291 1670
2291 1689
2291 1890
2291 1939
2291 2037
2291 2181
2291 2260
2291 2266
2291 2333
2291 2297
2291 2296
7 32
7 287
7 1947
7 2210
7 1231
7 301
7 1455
7 1202
7 309
7 2096
7 1081
7 1336
7 956
7 1978
7 66
7 59
7 451
7 2109
7 1222
7 1480
7 77
7 719
7 464
7 978
7 597
7 1240
7 1368
7 1242
7 1756
7 616
7 1383
7 1384
7 622
7 1770
7 1517
7 371
7 1140
7 1521
7 248
7 633
7 2039
7 2042
7 624
7 1496
7 1797
7 2182
7 527
7 784
7 531
7 1807
7 1136
7 537
7 157
7 670
8 2330
8 941
8 693
8 1332
8 1334
8 838
8 584
8 1805
8 1756
8 229
8 1138
8 1911
8 384
8 2182
8 283
8 720
8 30
1395 66
1395 99
1395 132
1395 157
1395 220
1395 286
1395 346
1395 388
1395 405
1395 510
1395 531
1395 883
1395 950
1395 975
1395 1076
1395 1103
1395 1119
1395 1136
1395 1169
1395 1175
1395 1246
1395 1251
1395 1300
1395 1332
1395 1521
1395 2335
1395 2085
1395 1965
1395 1586
1395 2230
1395 2127
1395 1619
1395 1551
1395 2219
1395 1765
1395 1767
1395 1768
1395 1647
1395 2172
1395 1403
1395 2179
1395 1679
2181 162
2181 191
2181 192
2181 360
2181 470
2181 598
2181 632
2181 911
2181 937
2181 947
2181 1129
2181 1430
2181 1782
2181 1845
2181 2067
911 18
911 20
911 23
911 32
911 33
911 57
911 59
911 64
911 71
911 97
911 105
911 118
911 122
911 137
911 142
911 144
911 152
911 153
911 157
911 160
911 162
911 165
911 181
911 186
911 191
911 197
911 209
911 212
911 226
911 241
911 246
911 262
911 269
911 274
911 278
911 283
911 286
911 288
911 294
911 299
911 301
911 302
911 310
911 314
911 316
911 328
911 338
911 341
911 344
911 347
911 354
911 361
911 363
911 375
911 395
911 396
911 405
911 435
911 438
911 448
911 451
911 452
911 453
911 466
911 470
911 471
911 487
911 488
911 504
911 505
911 507
911 510
911 513
911 515
911 523
911 525
911 527
911 531
911 548
911 551
911 554
911 555
911 576
911 581
911 597
911 601
911 604
911 605
911 615
911 619
911 622
911 625
911 633
911 639
911 641
911 649
911 652
911 670
911 692
911 693
911 696
911 697
911 700
911 703
911 723
911 729
911 736
911 738
911 739
911 741
911 746
911 747
911 748
911 754
911 755
911 770
911 786
911 805
911 818
911 831
911 839
911 840
911 842
911 844
911 858
911 863
911 876
911 883
911 892
911 893
911 894
911 896
911 900
911 901
911 903
911 906
911 910
911 938
911 939
911 941
911 942
911 956
911 957
911 958
911 962
911 975
911 979
911 982
911 1003
911 1004
911 1027
911 1029
911 1048
911 1074
911 1075
911 1081
911 1082
911 1083
911 1085
911 1087
911 1088
911 1091
911 1096
911 1111
911 1117
911 1122
911 1138
911 1143
911 1188
911 1193
911 1202
911 1203
911 1206
911 1226
911 1246
911 1248
911 1251
911 1261
911 1268
911 1272
911 1288
911 1289
911 1290
911 1292
911 1294
911 1297
911 1301
911 1302
911 1308
911 1311
911 1328
911 1332
911 1337
911 1351
911 1352
911 1378
911 1399
911 1402
911 1403
911 1417
911 1442
911 1443
911 1444
911 1451
911 1454
911 1455
911 1456
911 1457
911 1458
911 1464
911 1465
911 1466
911 1473
911 1475
911 1479
911 1486
911 1487
911 1495
911 1498
911 1512
911 1516
911 1532
911 1548
911 1551
911 1567
911 1585
911 1586
911 1589
911 1593
911 1594
911 1599
911 1604
911 1605
911 1610
911 2061
911 1624
911 1630
911 1633
911 1635
911 2064
911 1647
911 1648
911 1652
911 1655
911 1663
911 1669
911 1673
911 1675
911 1681
911 1689
911 2073
911 1705
911 1710
911 1712
911 1728
911 1729
911 1738
911 1741
911 1756
911 1764
911 1767
911 1768
911 1769
911 1772
911 1791
911 1795
911 1796
911 1797
911 1798
911 1799
911 1804
911 1815
911 1821
911 1832
911 1835
911 1840
911 1844
911 1876
911 1884
911 1890
911 1892
911 1896
911 1898
911 1902
911 1908
911 1911
911 1924
911 1926
911 1929
911 1935
911 1939
911 1943
911 1947
911 1952
911 1981
911 1985
911 1993
911 1998
911 2003
911 2008
911 2010
911 2013
911 2014
911 2025
911 2037
911 2039
911 2050
911 2066
911 2080
911 2095
911 2096
911 2097
911 2102
911 2105
911 2106
911 2113
911 2114
911 2116
911 2138
911 2139
911 2157
911 2167
911 2189
911 2201
911 2207
911 2209
911 2214
911 2215
911 2216
911 2219
911 2240
911 2241
911 2242
911 2249
911 2267
911 2279
911 2280
911 2287
911 2294
911 2296
911 2299
911 2300
911 2303
911 2322
911 2330
911 2182
911 913
911 914
911 918
911 921
1295 33
1295 138
1295 236
1295 249
1295 276
1295 277
1295 286
1295 310
1295 338
1295 360
1295 375
1295 448
1295 671
1295 688
1295 727
1295 799
1295 838
1295 857
1295 910
1295 1036
1295 1041
1295 1061
1295 1065
1295 1111
1295 1143
1295 1227
1295 1566
1295 1569
1295 1964
1295 1331
1295 1859
1295 2132
1295 1300
1295 1902
1295 1908
1295 2040
1295 2168
1295 2322
1551 19
1551 35
1551 42
1551 48
1551 66
1551 80
1551 118
1551 138
1551 150
1551 151
1551 161
1551 165
1551 181
1551 191
1551 192
1551 229
1551 236
1551 247
1551 267
1551 286
1551 288
1551 293
1551 301
1551 320
1551 328
1551 330
1551 360
1551 362
1551 374
1551 375
1551 384
1551 394
1551 398
1551 399
1551 405
1551 408
1551 448
1551 471
1551 484
1551 515
1551 522
1551 531
1551 539
1551 557
1551 576
1551 581
1551 593
1551 595
1551 597
1551 598
1551 604
1551 622
1551 625
1551 632
1551 671
1551 673
1551 693
1551 696
1551 719
1551 738
1551 766
1551 771
1551 790
1551 826
1551 827
1551 835
1551 842
1551 849
1551 877
1551 882
1551 883
1551 891
1551 897
1551 910
1551 921
1551 925
1551 947
1551 958
1551 975
1551 977
1551 979
1551 1063
1551 1069
1551 1076
1551 1083
1551 1088
1551 1096
1551 1116
1551 1117
1551 1119
1551 1136
1551 1140
1551 1143
1551 1147
1551 1156
1551 1167
1551 1169
1551 1179
1551 1188
1551 1190
1551 1193
1551 1208
1551 1226
1551 1241
1551 1251
1551 1267
1551 1272
1551 1297
1551 1311
1551 1332
1551 1336
1551 1337
1551 1339
1551 1342
1551 1363
1551 1366
1551 1371
1551 1373
1551 1382
1551 1383
1551 1388
1551 1396
1551 1399
1551 1429
1551 1456
1551 1457
1551 1485
1551 1486
1551 1487
1551 1511
1551 1521
1551 1522
1551 1523
1551 1527
1551 1550
1551 1947
1551 2107
1551 1952
1551 1777
1551 2118
1551 1979
1551 2010
1551 2013
1551 1822
1551 2044
1551 2058
1551 1890
1551 1556
1551 2070
1551 1569
1551 2085
1551 1648
1551 1599
1551 1604
1551 1607
1551 2230
1551 2231
1551 1621
1551 1633
1551 1637
1551 2233
1551 1896
1551 1658
1551 1924
1551 2182
1551 2105
1551 1705
1551 2219
1551 1651
1551 1724
1551 1728
1551 1729
1551 1909
1551 1741
1551 2257
1551 1965
1551 1756
1551 1765
1551 1768
1551 2286
1551 1782
1551 2296
1551 1791
1551 2303
1551 1797
1551 1799
1551 2157
1551 2306
1551 1814
1551 1816
1551 2330
1551 2331
1551 2137
1551 1835
1551 2014
1551 1832
1551 1855
1551 1679
1551 1887
1551 2106
1551 1647
1551 1939
1551 1911
1551 1767
1551 2114
1300 49
1300 114
1300 203
1300 236
1300 249
1300 271
1300 276
1300 277
1300 360
1300 361
1300 375
1300 436
1300 438
1300 536
1300 598
1300 633
1300 638
1300 652
1300 671
1300 676
1300 688
1300 727
1300 799
1300 831
1300 838
1300 896
1300 910
1300 950
1300 1041
1300 1043
1300 1065
1300 1096
1300 1169
1300 1170
1300 1248
1300 2330
1300 1443
1300 1569
1300 1964
1300 1331
1300 1786
1300 2116
1300 1933
1300 2040
1300 2132
1300 2008
1300 2168
1300 1378
1300 2042
1300 1787
1300 1896
1300 1516
1300 1902
1300 1777
1300 1908
1300 1531
1300 1409
1300 1796
1300 1412
1300 1809
1300 2058
1300 2322
1300 2070
278 94
278 105
278 139
278 197
278 210
278 211
278 943
278 1965
278 1979
278 598
278 1007
278 2030
278 501
278 1027
278 2058
278 947
278 2145
278 1058
278 2077
278 1576
278 1579
278 1586
278 1091
278 594
278 1890
278 599
278 2138
278 1637
278 2144
278 2146
278 2147
278 2148
278 2149
278 2150
278 2151
278 2152
278 625
278 641
278 657
278 658
278 1689
278 1222
278 713
278 2251
278 1403
278 1746
278 1246
278 1756
278 2267
278 1251
278 2276
278 1777
278 1782
278 2307
278 787
278 283
278 1815
278 286
278 2329
278 2330
278 1314
278 1320
278 316
278 831
278 1359
278 351
278 354
278 1885
278 360
278 883
278 1399
278 1908
278 1911
278 901
278 1924
278 913
278 405
157 71
157 80
157 114
157 1444
157 1956
157 1449
157 1466
157 451
157 452
157 453
157 462
157 975
157 977
157 978
157 1496
157 1503
157 483
157 2014
157 505
157 1021
157 510
157 2053
157 2060
157 1550
157 536
157 1562
157 2087
157 1076
157 1585
157 1080
157 1081
157 2099
157 1593
157 1594
157 2106
157 1096
157 2114
157 1607
157 360
157 2130
157 1721
157 2137
157 1639
157 1651
157 1652
157 1654
157 641
157 2182
157 1709
157 1710
157 183
157 696
157 2227
157 2230
157 2231
157 1728
157 1729
157 1235
157 1237
157 1240
157 1246
157 2271
157 747
157 1767
157 1768
157 239
157 241
157 1272
157 2296
157 2297
157 777
157 1797
157 1292
157 1803
157 2314
157 286
157 288
157 802
157 1321
157 1248
157 1332
157 2013
157 1336
157 508
157 1929
157 1855
157 839
157 1890
157 1894
157 1914
157 1408
157 900
157 906
157 405
4 2049
4 1955
4 1323
4 1923
4 1427
4 342
4 1526
4 1001
2049 153
2049 154
2049 355
2049 356
2049 361
2049 644
2049 694
2049 697
2049 1174
2049 1308
2049 1325
2049 1510
2049 1780
2049 1848
2049 2157
1955 622
1955 624
1955 1001
1955 1140
1955 1321
1955 1382
1955 1392
1955 1648
1955 2094
1955 2091
1955 1965
1955 2227
1323 132
1323 133
1323 220
1323 260
1323 328
1323 334
1323 451
1323 453
1323 531
1323 601
1323 624
1323 651
1323 652
1323 654
1323 671
1323 719
1323 900
1323 978
1323 1063
1323 1263
1323 2079
1323 2083
1323 1799
1323 1928
1323 1343
1323 1444
1323 1480
1323 1611
1323 2206
1323 2300
1323 2020
1323 2296
1323 2157
1323 1648
1323 1655
1323 1479
1923 355
1923 370
1923 694
1923 697
1923 790
1923 1096
1923 1154
1923 1311
1923 1791
1923 1924
1427 355
1427 370
1427 434
1427 510
1427 790
1427 826
1427 905
1427 2074
1427 1450
342 1450
342 2119
342 2193
342 859
1526 395
1526 414
1526 736
1526 790
1526 791
1526 904
1526 1008
1526 1061
1526 1114
1526 1164
1526 1189
1526 1311
1526 1456
1526 1690
1526 1666
1526 1872
1526 1838
1526 1739
1001 388
1001 411
1001 423
1001 779
1001 790
1001 2074
1001 1061
1001 1956
1001 2091
1001 1456
1001 1443
1001 1985
1001 1872
1001 1513
1001 2153
1001 1666
1001 1042
1001 1807
1001 1939
1001 1688
6 1677
1677 312
1677 653
1677 736
1677 860
1677 938
1677 962
1677 1241
1677 1335
1677 1821
1677 2115
1677 2131
1677 2261
1677 2011
1677 1891
1677 2292
1677 1786
1677 2043
1677 1815
1677 2071
32 671
32 1849
32 709
32 742
32 1762
32 1051
32 1319
32 1479
32 324
32 2118
32 1311
32 594
32 1393
32 2191
32 824
32 1936
32 1050
32 2037
287 19
287 115
287 182
287 1568
287 1952
287 554
287 301
287 1326
287 2096
287 826
287 828
287 2229
287 527
287 2106
287 1611
287 1604
287 1486
287 347
287 1500
287 1378
287 747
287 1512
287 1770
287 1022
287 1791
287 395
287 398
287 399
287 1681
287 921
287 1351
1947 176
1947 209
1947 293
1947 301
1947 346
1947 348
1947 405
1947 435
1947 448
1947 471
1947 595
1947 601
1947 624
1947 652
1947 662
1947 771
1947 876
1947 880
1947 883
1947 898
1947 938
1947 942
1947 947
1947 956
1947 975
1947 976
1947 977
1947 1168
1947 1169
1947 1191
1947 1244
1947 1309
1947 1359
1947 1399
1947 1456
1947 1457
1947 1521
1947 1604
1947 1624
1947 1633
1947 1647
1947 1651
1947 1679
1947 1717
1947 1756
1947 1765
1947 1767
1947 1843
1947 1879
1947 1924
1947 1939
1947 2158
1947 1952
1947 2096
1947 2230
1947 2182
1947 2058
2210 23
2210 97
2210 142
2210 209
2210 211
2210 309
2210 364
2210 447
2210 622
2210 681
2210 1549
2210 2208
1231 105
1231 131
1231 132
1231 138
1231 139
1231 152
1231 159
1231 160
1231 256
1231 301
1231 324
1231 395
1231 446
1231 447
1231 450
1231 451
1231 453
1231 456
1231 484
1231 508
1231 523
1231 554
1231 555
1231 581
1231 610
1231 621
1231 624
1231 736
1231 752
1231 789
1231 805
1231 888
1231 900
1231 961
1231 978
1231 979
1231 1003
1231 2329
1231 1455
1231 1336
1231 1604
1231 1770
1231 2011
1231 2296
1231 1762
1231 1896
1231 2279
1231 1390
1231 2037
1231 1403
1231 1658
1231 1554
1231 2182
1231 1939
1231 1689
1231 1288
301 52
301 60
301 110
301 132
301 133
301 138
301 152
301 159
301 160
301 165
301 191
301 209
301 210
301 941
301 438
301 446
301 447
301 450
301 451
301 453
301 972
301 977
301 978
301 983
301 2033
301 511
301 523
301 524
301 531
301 1565
301 1968
301 1575
301 1585
301 2108
301 593
301 598
301 624
301 621
301 633
301 1152
301 1666
301 2182
301 2230
301 721
301 979
301 1248
301 384
301 746
301 1259
301 2279
301 752
301 2281
301 1775
301 1778
301 1791
301 2307
301 782
301 1297
301 2322
301 1311
301 2336
301 815
301 826
301 827
301 1338
301 1339
301 1336
301 1359
301 850
301 1765
301 1377
301 361
301 1390
301 1403
301 1770
301 1409
301 901
301 401
301 405
301 1429
301 921
301 411
1455 48
1455 106
1455 159
1455 160
1455 174
1455 191
1455 288
1455 325
1455 330
1455 360
1455 384
1455 386
1455 396
1455 416
1455 441
1455 462
1455 484
1455 486
1455 490
1455 500
1455 524
1455 525
1455 531
1455 550
1455 555
1455 562
1455 597
1455 622
1455 670
1455 671
1455 716
1455 736
1455 741
1455 742
1455 746
1455 755
1455 771
1455 789
1455 803
1455 821
1455 837
1455 872
1455 913
1455 947
1455 961
1455 997
1455 1000
1455 1008
1455 1042
1455 1058
1455 1076
1455 1077
1455 1086
1455 1096
1455 1131
1455 1137
1455 1140
1455 1149
1455 1158
1455 1189
1455 1191
1455 1210
1455 1218
1455 1222
1455 1248
1455 1251
1455 1277
1455 1297
1455 1298
1455 1332
1455 1338
1455 1357
1455 1366
1455 1382
1455 1388
1455 1412
1455 1423
1455 1436
1455 1948
1455 1952
1455 1956
1455 1456
1455 1475
1455 1698
1455 1487
1455 2029
1455 1521
1455 1523
1455 1690
1455 1457
1455 1556
1455 2090
1455 1585
1455 2096
1455 2100
1455 1604
1455 1613
1455 1631
1455 1637
1455 2153
1455 1666
1455 1679
1455 2193
1455 1819
1455 2216
1455 1717
1455 1997
1455 1965
1455 1781
1455 1786
1455 1797
1455 1802
1455 1812
1455 2329
1455 1821
1455 2333
1455 1830
1455 1839
1455 1853
1455 1871
1455 1647
1455 1921
1455 1924
1202 138
1202 255
1202 408
1202 504
1202 527
1202 621
1202 633
1202 826
1202 1777
1202 2307
1202 1308
1202 2096
309 23
309 24
309 33
309 97
309 129
309 142
309 209
309 241
309 255
309 283
309 1928
309 802
309 1314
309 2208
309 2209
309 1449
309 1832
309 1143
309 564
309 310
309 746
309 954
309 444
309 1085
309 1086
309 447
309 960
309 1597
309 1091
309 521
309 1930
309 1349
309 1604
309 1633
309 1431
309 1037
309 1741
309 2251
309 469
309 855
309 600
309 1750
309 1623
309 1624
309 865
309 2266
309 2281
309 1887
309 2042
309 1762
309 1256
309 747
309 1768
309 622
309 624
309 493
309 1765
309 1020
309 2191
309 910
309 1285
309 877
309 471
309 777
309 1289
309 826
309 625
309 1751
309 2303
309 405
309 790
309 1555
309 1556
309 1689
309 2114
309 2072
2096 20
2096 48
2096 80
2096 96
2096 128
2096 138
2096 150
2096 160
2096 172
2096 192
2096 215
2096 249
2096 321
2096 324
2096 361
2096 396
2096 398
2096 441
2096 451
2096 484
2096 485
2096 490
2096 495
2096 500
2096 511
2096 531
2096 546
2096 598
2096 624
2096 670
2096 714
2096 732
2096 746
2096 747
2096 764
2096 771
2096 784
2096 802
2096 826
2096 827
2096 835
2096 853
2096 858
2096 872
2096 877
2096 881
2096 941
2096 956
2096 974
2096 977
2096 978
2096 1040
2096 1049
2096 1106
2096 1126
2096 1130
2096 1136
2096 1140
2096 1149
2096 1191
2096 1221
2096 1222
2096 1251
2096 1266
2096 1289
2096 1298
2096 1328
2096 1363
2096 1366
2096 1387
2096 1388
2096 1441
2096 1450
2096 1456
2096 1475
2096 1479
2096 1493
2096 1500
2096 1521
2096 1569
2096 1586
2096 1619
2096 1623
2096 1624
2096 1639
2096 1648
2096 1666
2096 1681
2096 1721
2096 1728
2096 1731
2096 1746
2096 1764
2096 1765
2096 1778
2096 1785
2096 1791
2096 1809
2096 1833
2096 1850
2096 1892
2096 1899
2096 1924
2096 1939
2096 1943
2096 1973
2096 1996
2096 2008
2096 2011
2096 2025
2096 2046
2096 2090
2096 2091
2096 2094
2096 2098
2096 2182
2096 2158
2096 2246
2096 2302
2096 2306
2096 2175
1081 227
1081 239
1081 246
1081 347
1081 377
1081 405
1081 448
1081 510
1081 531
1081 610
1081 641
1081 696
1081 786
1081 839
1081 975
1081 1072
1081 1080
1081 1824
1081 1445
1081 1705
1081 1710
1081 1545
1081 1588
1081 1589
1081 1083
1081 1591
1081 1592
1081 1593
1081 1594
1081 2099
1081 1473
1081 2114
1081 1806
1081 1495
1081 1246
1081 1251
1081 1604
1081 1082
1081 1767
1081 1768
1081 1394
1081 1651
1081 1272
1081 1658
1081 2182
1081 2070
1081 1222
1081 2162
1081 1610
1081 1179
1336 23
1336 70
1336 99
1336 152
1336 165
1336 203
1336 239
1336 318
1336 339
1336 363
1336 388
1336 401
1336 441
1336 446
1336 447
1336 450
1336 481
1336 523
1336 543
1336 622
1336 624
1336 629
1336 633
1336 719
1336 723
1336 725
1336 747
1336 790
1336 815
1336 827
1336 900
1336 916
1336 918
1336 921
1336 922
1336 941
1336 960
1336 977
1336 978
1336 979
1336 981
1336 1056
1336 1062
1336 1094
1336 1096
1336 1136
1336 1139
1336 1302
1336 1332
1336 1449
1336 1457
1336 1499
1336 1531
1336 1542
1336 2067
1336 1565
1336 1578
1336 1585
1336 2318
1336 2157
1336 2167
1336 2182
1336 2217
1336 2237
1336 2241
1336 1736
1336 2249
1336 2269
1336 1770
1336 2296
1336 1796
1336 2338
1336 1341
1336 1342
1336 1855
1336 1900
1336 1429
1336 1430
956 20
956 21
956 24
956 52
956 74
956 88
956 97
956 122
956 142
956 152
956 210
956 256
956 371
956 392
956 395
956 406
956 408
956 412
956 439
956 447
956 448
956 451
956 453
956 455
956 498
956 523
956 530
956 550
956 555
956 576
956 598
956 633
956 636
956 711
956 721
956 738
956 746
956 779
956 826
956 827
956 900
956 915
956 936
956 1438
956 1441
956 970
956 999
956 1516
956 1517
956 1520
956 1016
956 2043
956 1792
956 1037
956 1289
956 1064
956 1590
956 2106
956 1597
956 1105
956 1124
956 1633
956 1634
956 1149
956 1154
956 1686
956 2201
956 1988
956 1700
956 1730
956 2267
956 2296
956 2300
956 2301
956 1793
956 1288
956 1797
956 1799
956 1809
956 2093
956 1814
956 1815
956 1816
956 1314
956 1326
956 2266
956 1845
956 1859
956 1885
956 1403
1978 182
1978 347
1978 348
1978 415
1978 602
1978 972
1978 1328
1978 1821
1978 1899
1978 2073
1978 2247
1978 2225
66 46
66 2073
66 799
66 546
66 1569
66 942
66 182
66 439
66 826
66 827
66 1722
66 314
66 711
66 1859
66 1483
66 336
66 347
66 348
66 1117
66 1118
66 1119
66 736
66 1756
66 484
66 746
66 747
66 1770
66 941
66 1396
66 1652
66 1403
66 2051
66 1797
66 910
66 1857
66 664
66 1755
59 1818
59 1929
59 293
59 299
59 1581
59 1583
59 1652
59 448
59 2240
59 1604
59 718
59 975
59 597
59 1245
59 1248
59 469
59 1088
59 1767
59 1768
59 371
59 1140
59 1651
59 633
59 1654
59 2066
59 1647
451 20
451 23
451 30
451 35
451 48
451 71
451 73
451 83
451 86
451 91
451 105
451 106
451 124
451 129
451 133
451 138
451 150
451 151
451 152
451 160
451 162
451 182
451 200
451 205
451 209
451 220
451 246
451 248
451 256
451 258
451 275
451 283
451 297
451 302
451 306
451 318
451 328
451 330
451 338
451 341
451 347
451 360
451 361
451 366
451 368
451 375
451 395
451 396
451 398
451 399
451 414
451 425
451 438
451 447
451 1438
451 1893
451 1751
451 1444
451 941
451 1456
451 1298
451 1458
451 1972
451 1466
451 962
451 453
451 455
451 1479
451 1990
451 1483
451 1484
451 1486
451 978
451 1998
451 1872
451 473
451 1500
451 996
451 485
451 2296
451 1105
451 490
451 770
451 2029
451 1197
451 1521
451 504
451 505
451 1791
451 511
451 1114
451 2045
451 859
451 523
451 1037
451 1924
451 1550
451 1548
451 544
451 2075
451 1063
451 2083
451 554
451 555
451 556
451 1580
451 1077
451 2097
451 1594
451 1088
451 977
451 1091
451 1599
451 1095
451 1604
451 671
451 1611
451 593
451 595
451 872
451 599
451 531
451 2130
451 1624
451 2137
451 1629
451 1632
451 1633
451 619
451 621
451 622
451 624
451 625
451 1646
451 1140
451 2158
451 632
451 2081
451 1896
451 2168
451 1390
451 1669
451 2182
451 1133
451 1222
451 1676
451 2187
451 1678
451 2071
451 1684
451 1179
451 1689
451 1733
451 1096
451 1648
451 2074
451 1698
451 1193
451 1701
451 1057
451 1704
451 1821
451 2219
451 633
451 589
451 703
451 709
451 1225
451 719
451 466
451 1016
451 1693
451 1241
451 1271
451 1246
451 736
451 737
451 1977
451 747
451 1828
451 1261
451 2279
451 752
451 2281
451 2282
451 1266
451 1775
451 1777
451 551
451 1289
451 2293
451 2294
451 1278
451 1283
451 1918
451 1286
451 1795
451 1288
451 1797
451 2307
451 1892
451 1800
451 782
451 1294
451 1729
451 1297
451 1388
451 790
451 1302
451 1817
451 1819
451 802
451 1823
451 812
451 1326
451 804
451 1331
451 1332
451 1333
451 559
451 826
451 827
451 1560
451 1348
451 839
451 847
451 849
451 1339
451 1311
451 858
451 850
451 1879
451 1881
451 1087
451 2020
451 1680
451 1681
451 1385
451 1392
451 1403
451 800
451 1916
451 900
451 901
451 904
451 906
451 1930
451 1858
451 1937
451 2300
451 1939
451 2114
2109 290
2109 384
2109 531
2109 671
2109 736
2109 859
2109 1099
2109 1403
2109 1500
2109 1681
2109 1745
2109 1799
2109 2111
1222 118
1222 176
1222 220
1222 258
1222 347
1222 391
1222 420
1222 435
1222 453
1222 487
1222 488
1222 589
1222 747
1222 804
1222 900
1222 901
1222 943
1222 1005
1222 1027
1222 1107
1222 1188
1222 1218
1222 1952
1222 2216
1222 1456
1222 1790
1222 1588
1222 2045
1222 1486
1222 1593
1222 1246
1222 1251
1222 1767
1222 1768
1222 2097
1222 1403
1222 2306
1222 1330
1222 1680
1222 1457
1222 1458
1480 30
1480 132
1480 144
1480 220
1480 320
1480 328
1480 334
1480 391
1480 435
1480 453
1480 527
1480 531
1480 601
1480 633
1480 651
1480 652
1480 654
1480 656
1480 719
1480 800
1480 841
1480 900
1480 957
1480 979
1480 1021
1480 1053
1480 1063
1480 1129
1480 1238
1480 1263
1480 1343
1480 1479
1480 1821
1480 1748
1480 2079
1480 2083
1480 2032
1480 1926
1480 2098
1480 1611
1480 1678
1480 2206
1480 2338
1480 1723
1480 2020
1480 2157
1480 1648
1480 1655
1480 2300
1480 2296
1480 1492
1480 2051
77 160
77 352
77 642
77 1270
77 736
77 2305
77 490
77 782
77 847
77 1963
77 1328
77 598
77 887
77 1304
77 159
719 26
719 137
719 138
719 152
719 159
719 160
719 185
719 198
719 201
719 249
719 270
719 271
719 272
719 273
719 276
719 277
719 284
719 324
719 328
719 334
719 347
719 348
719 370
719 391
719 395
719 407
719 430
719 437
719 438
719 439
719 453
719 455
719 465
719 478
719 507
719 508
719 552
719 556
719 598
719 601
719 602
719 610
719 624
719 648
719 651
719 652
719 654
719 669
719 670
719 679
719 933
719 1447
719 1456
719 958
719 1479
719 987
719 989
719 1502
719 1514
719 1516
719 1017
719 2037
719 1114
719 2046
719 2071
719 2072
719 1567
719 2080
719 2100
719 1085
719 1087
719 1633
719 2146
719 2157
719 2163
719 1655
719 2167
719 1658
719 2237
719 2187
719 1678
719 1681
719 1188
719 2209
719 1212
719 1733
719 2246
719 1064
719 1238
719 736
719 2267
719 741
719 747
719 748
719 1769
719 2279
719 1263
719 1773
719 1278
719 2296
719 2300
719 1288
719 1800
719 1302
719 1303
719 1819
719 1820
719 1821
719 1823
719 1828
719 812
719 1326
719 819
719 825
719 1342
719 1815
719 847
719 1556
719 2275
719 1385
719 1896
719 879
719 1403
719 900
719 1919
719 915
719 1939
464 182
464 348
464 372
464 414
464 435
464 447
464 1722
464 2113
464 2073
464 972
464 2314
464 1667
464 1175
464 531
464 505
978 139
978 152
978 165
978 176
978 209
978 224
978 256
978 294
978 318
978 360
978 401
978 446
978 447
978 450
978 453
978 466
978 508
978 523
978 554
978 555
978 581
978 610
978 624
978 633
978 652
978 721
978 723
978 805
978 815
978 847
978 900
978 921
978 941
978 977
978 1429
978 1821
978 2081
978 1565
978 1292
978 1332
978 1302
978 1342
978 1444
978 979
978 1770
978 2011
978 1152
978 1762
978 1537
978 1514
978 1767
978 1585
978 2037
978 1911
978 2296
978 2182
978 1924
978 1658
978 1689
597 80
597 118
597 161
597 220
597 293
597 348
597 371
597 531
597 2330
597 1705
597 1456
597 1140
597 1843
597 1591
597 1594
597 1854
597 1604
597 1860
597 1610
597 1550
597 2257
597 1756
597 1088
597 1382
597 1383
597 1384
597 622
597 880
597 1647
597 1473
597 771
597 1156
597 1136
597 903
597 1924
597 1167
597 1169
597 786
1240 57
1240 144
1240 239
1240 286
1240 371
1240 426
1240 747
1240 839
1240 863
1240 1076
1240 1237
1240 1246
1240 1965
1240 1585
1240 1466
1240 1728
1240 1496
1240 1512
1240 1767
1240 1896
1240 1900
1240 1651
1240 1272
1240 1422
1240 1810
1240 1710
1368 117
1368 463
1368 1136
1368 1949
1368 1721
1242 408
1242 709
1242 790
1242 1690
1756 40
1756 86
1756 132
1756 138
1756 235
1756 249
1756 255
1756 266
1756 286
1756 297
1756 359
1756 423
1756 496
1756 508
1756 511
1756 525
1756 531
1756 598
1756 622
1756 638
1756 670
1756 718
1756 722
1756 732
1756 739
1756 800
1756 809
1756 838
1756 920
1756 979
1756 992
1756 996
1756 1038
1756 1054
1756 1077
1756 1096
1756 1169
1756 1188
1756 1278
1756 1302
1756 1321
1756 1332
1756 1339
1756 1340
1756 1341
1756 1366
1756 1396
1756 1430
1756 1491
1756 1521
1756 1556
1756 1597
1756 1606
1756 1623
1756 1624
1756 1648
1756 1679
1756 1698
1756 1957
1756 2043
1756 2074
1756 2089
1756 2090
1756 2161
1756 2182
1756 2219
1756 2254
1756 2281
1756 1785
1756 1802
1756 1834
1756 1858
1756 1871
1756 2106
1756 1939
616 293
616 1188
616 1511
616 2276
616 622
616 1169
616 883
616 941
616 2190
616 632
616 633
616 1271
1383 286
1383 360
1383 496
1383 527
1383 633
1383 826
1383 897
1383 947
1383 1043
1383 1076
1383 1169
1383 1220
1383 1444
1383 1705
1383 1456
1383 1850
1383 1521
1383 1799
1383 2219
1384 286
1384 622
1384 653
1384 925
1384 1076
1384 1168
1384 1332
1384 1624
1384 1952
1384 1604
1384 1444
1384 1799
1384 1485
622 10
622 23
622 24
622 26
622 30
622 33
622 42
622 63
622 97
622 111
622 113
622 114
622 129
622 137
622 142
622 144
622 162
622 163
622 165
622 173
622 176
622 189
622 192
622 193
622 200
622 209
622 210
622 241
622 243
622 248
622 256
622 283
622 306
622 310
622 324
622 330
622 341
622 347
622 348
622 351
622 352
622 354
622 357
622 361
622 365
622 370
622 401
622 414
622 425
622 438
622 443
622 448
622 453
622 455
622 471
622 478
622 484
622 493
622 501
622 505
622 508
622 523
622 525
622 527
622 538
622 541
622 548
622 554
622 555
622 562
622 598
622 1956
622 673
622 1456
622 1965
622 948
622 1887
622 2035
622 958
622 1363
622 1479
622 1483
622 1995
622 1996
622 937
622 2296
622 1509
622 906
622 1516
622 1517
622 1520
622 1521
622 2037
622 1531
622 2046
622 1040
622 1041
622 2219
622 1203
622 2073
622 1057
622 1565
622 1332
622 1064
622 2089
622 1461
622 1075
622 1583
622 1077
622 1585
622 1586
622 1588
622 1084
622 1085
622 1088
622 1604
622 1605
622 1092
622 1104
622 2122
622 2130
622 1929
622 1124
622 1632
622 1633
622 1637
622 1098
622 1648
622 963
622 633
622 1556
622 2167
622 641
622 624
622 2180
622 1137
622 1673
622 1675
622 1681
622 668
622 669
622 670
622 671
622 888
622 1056
622 1191
622 2209
622 1705
622 1963
622 1821
622 1710
622 692
622 693
622 632
622 1206
622 2225
622 2227
622 1567
622 1896
622 721
622 1205
622 1742
622 1693
622 728
622 729
622 731
622 1751
622 1244
622 980
622 2266
622 863
622 1252
622 1761
622 1762
622 1765
622 747
622 2279
622 2284
622 2285
622 2287
622 1431
622 1784
622 1785
622 1188
622 773
622 774
622 1288
622 2308
622 1802
622 784
622 1712
622 1074
622 2008
622 1302
622 1267
622 734
622 1815
622 797
622 799
622 1819
622 1820
622 802
622 1314
622 804
622 2333
622 2334
622 746
622 2095
622 1321
622 812
622 652
622 2338
622 2053
622 739
622 833
622 826
622 1853
622 837
622 2185
622 1859
622 1354
622 1358
622 1359
622 1367
622 1086
622 861
622 1834
622 765
622 1072
622 1890
622 2191
622 878
622 1389
622 1898
622 1391
622 883
622 835
622 1939
622 1854
622 896
622 900
622 1060
622 838
622 1772
622 1311
622 1930
622 1597
622 1936
622 921
622 1689
1770 30
1770 61
1770 274
1770 276
1770 314
1770 320
1770 347
1770 384
1770 399
1770 436
1770 439
1770 598
1770 610
1770 624
1770 656
1770 670
1770 671
1770 736
1770 799
1770 906
1770 938
1770 947
1770 983
1770 996
1770 1038
1770 1044
1770 1063
1770 1133
1770 1216
1770 1278
1770 1388
1770 1402
1770 1444
1770 1521
1770 1569
1770 1575
1770 1949
1770 1964
1770 2011
1770 1876
1770 2104
1770 2182
1770 2008
1770 1777
1517 657
1517 1092
1517 1802
371 161
371 293
371 2200
371 1705
371 1594
371 1860
371 1610
371 1550
371 2268
371 1512
371 1131
371 880
371 1140
371 758
371 1278
371 1797
371 1799
371 1292
371 786
371 531
371 1647
1140 71
1140 130
1140 181
1140 786
1140 841
1140 889
1140 2330
1140 1956
1140 1705
1140 1456
1140 2219
1140 1332
1140 1842
1140 1486
1140 1624
1140 1888
1140 1654
1140 1658
1140 2044
1140 1800
1140 2067
1521 21
1521 23
1521 103
1521 111
1521 118
1521 120
1521 122
1521 127
1521 138
1521 152
1521 160
1521 165
1521 239
1521 248
1521 286
1521 314
1521 330
1521 346
1521 360
1521 361
1521 396
1521 405
1521 448
1521 453
1521 462
1521 487
1521 490
1521 501
1521 522
1521 531
1521 539
1521 581
1521 618
1521 619
1521 693
1521 723
1521 738
1521 900
1521 947
1521 961
1521 975
1521 1005
1521 1041
1521 1085
1521 1086
1521 1087
1521 1088
1521 1096
1521 1123
1521 1220
1521 1251
1521 1252
1521 1264
1521 1294
1521 1314
1521 1319
1521 1332
1521 1373
1521 1431
1521 1456
1521 1457
1521 1479
1521 1486
1521 1497
1521 1945
1521 1952
1521 2027
1521 2030
1521 1523
1521 2036
1521 2037
1521 1583
1521 2097
1521 1591
1521 2107
1521 1604
1521 2116
1521 1549
1521 1550
1521 1621
1521 2138
1521 2139
1521 1640
1521 1647
1521 1654
1521 2182
1521 1679
1521 1680
1521 2209
1521 2219
1521 1651
1521 1652
1521 2230
1521 2231
1521 1762
1521 1768
1521 1787
1521 1797
1521 1808
1521 2322
1521 1593
1521 2333
1521 1830
1521 1833
1521 2271
1521 2020
1521 1893
1521 1897
1521 1902
1521 1908
1521 1911
1521 1924
1521 1928
1521 1936
248 10
248 30
248 40
248 137
248 152
248 162
248 671
248 1819
248 1797
248 1823
248 1311
248 395
248 1828
248 554
248 555
248 1820
248 557
248 2089
248 304
248 1836
248 2266
248 693
248 694
248 523
248 900
248 571
248 2229
248 1294
248 709
248 1221
248 455
248 1604
248 1479
248 1226
248 1483
248 711
248 466
248 624
248 1369
248 2241
248 1629
248 355
248 1378
248 1632
248 1633
248 360
248 361
248 2020
248 1896
248 2279
248 1302
248 1138
248 1297
248 1016
248 1637
248 2194
248 1791
248 1531
248 390
248 453
248 1008
248 777
248 906
248 2307
248 1799
248 1924
248 1648
248 2312
248 859
248 1042
248 1298
248 1939
248 1288
248 1689
633 21
633 30
633 69
633 165
633 220
633 274
633 276
633 304
633 310
633 318
633 361
633 504
633 527
633 531
633 536
633 545
633 598
633 604
633 610
633 619
633 624
633 632
633 941
633 1993
633 977
633 1996
633 979
633 1511
633 2042
633 1558
633 2073
633 1569
633 1063
633 2083
633 1075
633 1095
633 1096
633 1097
633 1625
633 1129
633 1658
633 2182
633 1681
633 671
633 2207
633 1193
633 1225
633 1746
633 1757
633 746
633 1271
633 761
633 777
633 1802
633 786
633 2320
633 799
633 1821
633 815
633 1359
633 858
633 859
633 860
633 1765
633 1378
633 1893
633 894
633 900
633 1604
2039 68
2039 138
2039 351
2039 531
2039 598
2039 610
2039 777
2039 786
2039 1071
2039 1138
2039 1246
2039 1352
2039 1407
2039 1416
2039 1658
2039 1679
2039 1767
2039 1855
2039 1929
2039 2304
2042 65
2042 86
2042 146
2042 241
2042 247
2042 310
2042 314
2042 500
2042 527
2042 536
2042 632
2042 842
2042 858
2042 936
2042 941
2042 979
2042 1154
2042 1271
2042 1359
2042 1648
2042 1797
2042 1802
2042 1805
2042 1946
2042 2115
2042 2182
2042 2157
624 10
624 23
624 52
624 60
624 61
624 65
624 93
624 97
624 113
624 132
624 133
624 137
624 138
624 139
624 142
624 152
624 165
624 174
624 189
624 203
624 209
624 210
624 220
624 241
624 256
624 277
624 306
624 310
624 312
624 318
624 355
624 376
624 381
624 399
624 401
624 402
624 410
624 446
624 447
624 450
624 453
624 455
624 460
624 469
624 478
624 513
624 523
624 531
624 554
624 555
624 591
624 621
624 1438
624 1953
624 941
624 1968
624 955
624 1479
624 977
624 1489
624 2011
624 2296
624 2029
624 2053
624 1043
624 2071
624 1562
624 1565
624 1571
624 1575
624 1077
624 1585
624 1377
624 1588
624 1085
624 2106
624 2107
624 2114
624 1616
624 958
624 1632
624 2183
624 656
624 1172
624 1680
624 1681
624 669
624 2209
624 1702
624 688
624 692
624 2225
624 709
624 979
624 731
624 1245
624 736
624 1248
624 741
624 747
624 2276
624 752
624 1266
624 763
624 2307
624 1298
624 1311
624 2330
624 805
624 815
624 2182
624 1560
624 826
624 838
624 847
624 1359
624 850
624 768
624 1381
624 1890
624 1390
624 1391
624 1401
624 1914
624 900
624 1429
624 921
624 1775
1496 405
1496 938
1496 941
1496 1129
1496 1193
1496 1246
1496 1248
1496 1332
1496 1378
1496 1444
1496 1466
1496 2132
1496 2273
1496 1512
1496 1767
1496 2030
1496 1651
1797 132
1797 150
1797 151
1797 191
1797 241
1797 286
1797 328
1797 360
1797 361
1797 425
1797 448
1797 453
1797 513
1797 527
1797 531
1797 598
1797 669
1797 693
1797 741
1797 747
1797 761
1797 792
1797 847
1797 900
1797 960
1797 1036
1797 1069
1797 1091
1797 1133
1797 1136
1797 1172
1797 1238
1797 1246
1797 1261
1797 1311
1797 1332
1797 1342
1797 1388
1797 1403
1797 1444
1797 1449
1797 1456
1797 1498
1797 1550
1797 1566
1797 1569
1797 1604
1797 1648
1797 1655
1797 1658
1797 1767
1797 1790
1797 2010
1797 2335
1797 1891
1797 2045
1797 1821
1797 2241
1797 2013
1797 2203
1797 2020
1797 2168
1797 2330
1797 2182
1797 2322
2182 23
2182 48
2182 57
2182 71
2182 86
2182 100
2182 101
2182 111
2182 118
2182 152
2182 165
2182 181
2182 210
2182 226
2182 236
2182 270
2182 276
2182 277
2182 282
2182 286
2182 304
2182 318
2182 328
2182 360
2182 388
2182 401
2182 439
2182 447
2182 448
2182 450
2182 453
2182 461
2182 471
2182 508
2182 513
2182 523
2182 531
2182 536
2182 550
2182 552
2182 555
2182 569
2182 581
2182 595
2182 610
2182 619
2182 716
2182 723
2182 738
2182 747
2182 761
2182 766
2182 771
2182 797
2182 802
2182 805
2182 815
2182 842
2182 849
2182 883
2182 900
2182 903
2182 906
2182 910
2182 921
2182 932
2182 941
2182 947
2182 950
2182 977
2182 979
2182 1005
2182 1041
2182 1067
2182 1091
2182 1131
2182 1136
2182 1139
2182 1179
2182 1246
2182 1251
2182 1281
2182 1288
2182 1289
2182 1292
2182 1332
2182 1339
2182 1342
2182 1378
2182 1399
2182 1403
2182 1405
2182 1429
2182 1442
2182 1456
2182 1475
2182 1479
2182 1486
2182 1487
2182 1514
2182 1556
2182 1565
2182 1569
2182 1577
2182 1585
2182 1593
2182 1604
2182 1624
2182 1632
2182 1658
2182 1679
2182 1689
2182 1705
2182 1728
2182 1762
2182 1765
2182 1791
2182 1832
2182 1896
2182 1916
2182 1924
2182 1929
2182 1936
2182 1952
2182 1996
2182 1998
2182 2037
2182 2060
2182 2081
2182 2132
2182 2137
2182 2322
2182 2330
2182 2230
2182 2241
2182 2296
527 21
527 30
527 42
527 68
527 151
527 272
527 273
527 276
527 277
527 361
527 398
527 439
527 504
527 505
527 2203
527 1567
527 1569
527 938
527 1067
527 1068
527 941
527 1648
527 1377
527 1442
527 2105
527 2106
527 1095
527 632
527 2334
527 888
527 598
527 1492
527 859
527 1765
527 1637
527 1504
527 1511
527 1893
527 2194
527 900
527 1409
527 901
527 1920
527 1179
527 934
527 1802
527 2092
527 1193
527 1558
527 1097
784 11
784 23
784 24
784 130
784 132
784 134
784 193
784 195
784 320
784 408
784 444
784 487
784 593
784 598
784 619
784 644
784 703
784 721
784 2219
784 1332
784 1791
784 1973
784 1721
784 1088
784 1762
784 2129
784 1623
784 1624
784 788
784 1087
784 1893
784 1136
784 2157
784 888
784 1769
784 1782
784 1281
784 2006
784 1930
784 1597
784 2199
784 1520
531 10
531 23
531 31
531 51
531 80
531 86
531 102
531 125
531 137
531 144
531 152
531 162
531 165
531 176
531 181
531 182
531 191
531 201
531 206
531 227
531 239
531 241
531 284
531 286
531 347
531 351
531 354
531 361
531 378
531 407
531 416
531 426
531 439
531 442
531 447
531 448
531 453
531 455
531 460
531 480
531 484
531 487
531 504
531 512
531 2232
531 1456
531 1457
531 1458
531 1968
531 1973
531 1188
531 1470
531 975
531 1996
531 1495
531 988
531 2020
531 2023
531 1516
531 1012
531 1352
531 1705
531 1060
531 1533
531 1027
531 1285
531 2053
531 1040
531 2059
531 537
531 1203
531 1562
531 1565
531 547
531 1712
531 1882
531 2081
531 1579
531 1583
531 1585
531 2097
531 1589
531 1083
531 1593
531 1087
531 2106
531 1091
531 581
531 1604
531 786
531 958
531 604
531 610
531 611
531 1633
531 1634
531 619
531 1046
531 1638
531 1639
531 2215
531 1647
531 1648
531 632
531 2167
531 1658
531 641
531 1155
531 1663
531 2179
531 651
531 652
531 654
531 658
531 2240
531 669
531 1182
531 1697
531 1193
531 1117
531 2219
531 1059
531 1212
531 1723
531 713
531 1734
531 1655
531 1739
531 731
531 2260
531 1246
531 737
531 2268
531 741
531 812
531 746
531 1767
531 1768
531 1831
531 2284
531 2285
531 551
531 1272
531 766
531 1278
531 1281
531 901
531 2302
531 1292
531 1802
531 1803
531 1296
531 1074
531 1806
531 1610
531 1261
531 2333
531 1332
531 1835
531 1080
531 1251
531 1929
531 1082
531 693
531 1859
531 842
531 848
531 1359
531 1360
531 1363
531 850
531 1594
531 1377
531 1890
531 1681
531 879
531 1902
531 1399
531 1403
531 1405
531 1914
531 1407
531 1919
531 1416
531 915
531 1936
531 1689
531 1553
531 1944
1807 377
1807 736
1136 30
1136 36
1136 49
1136 80
1136 88
1136 117
1136 135
1136 160
1136 162
1136 177
1136 181
1136 241
1136 284
1136 314
1136 408
1136 416
1136 448
1136 466
1136 570
1136 593
1136 598
1136 641
1136 691
1136 693
1136 697
1136 724
1136 788
1136 799
1136 826
1136 899
1136 913
1136 924
1136 962
1136 963
1136 975
1136 977
1136 1088
1136 1443
1136 1438
1136 2006
1136 1500
1136 2028
1136 2043
1136 1548
1136 1456
1136 2080
1136 1208
1136 1183
1136 1651
1136 1153
1136 1154
1136 1160
1136 1167
1136 1678
1136 1188
1136 2207
1136 1705
1136 1721
1136 1728
1136 2249
1136 2257
1136 1766
1136 1767
1136 1267
1136 1272
1136 1786
1136 2299
1136 1285
1136 1805
1136 1809
1136 1303
1136 1814
1136 1816
1136 2330
1136 2335
1136 1324
1136 1423
1136 1358
1136 1378
1136 1890
1136 1396
537 470
537 2330
537 2079
537 1845
537 2115
537 653
537 970
537 1115
537 1044
537 1686
537 1272
670 132
670 220
670 443
670 482
670 539
670 1819
670 1441
670 1326
670 1456
670 1075
670 692
670 2097
670 1347
670 2113
670 2117
670 982
670 1114
670 2219
670 747
670 888
670 1769
670 1023
670 900
670 923
670 1943
670 1457
670 922
670 1688
2330 19
2330 20
2330 132
2330 176
2330 191
2330 241
2330 310
2330 330
2330 338
2330 419
2330 441
2330 512
2330 604
2330 625
2330 630
2330 632
2330 644
2330 671
2330 692
2330 728
2330 733
2330 746
2330 770
2330 809
2330 826
2330 838
2330 863
2330 887
2330 900
2330 918
2330 942
2330 962
2330 983
2330 1004
2330 1047
2330 1063
2330 1083
2330 1087
2330 1097
2330 1104
2330 1117
2330 1171
2330 1200
2330 1216
2330 1229
2330 1233
2330 1267
2330 1283
2330 1285
2330 1320
2330 1332
2330 1358
2330 1366
2330 1388
2330 1442
2330 1475
2330 1498
2330 1544
2330 1575
2330 1576
2330 1593
2330 1604
2330 1648
2330 1669
2330 1673
2330 1675
2330 1746
2330 1768
2330 1795
2330 1799
2330 1817
2330 1821
2330 1840
2330 1907
2330 1909
2330 1936
2330 1952
2330 2048
2330 2118
2330 2133
2330 2159
2330 2189
2330 2190
2330 2301
941 23
941 40
941 69
941 100
941 146
941 165
941 177
941 182
941 197
941 220
941 257
941 273
941 277
941 304
941 310
941 347
941 349
941 361
941 403
941 426
941 459
941 516
941 545
941 548
941 564
941 590
941 598
941 651
941 673
941 749
941 761
941 796
941 802
941 809
941 815
941 824
941 828
941 844
941 847
941 850
941 860
941 872
941 888
941 894
941 921
941 938
941 940
941 1475
941 974
941 977
941 979
941 2008
941 1504
941 1548
941 2073
941 1065
941 1077
941 1585
941 1087
941 2118
941 1105
941 1624
941 1625
941 2167
941 2169
941 1668
941 1166
941 2185
941 1562
941 1699
941 1194
941 1709
941 1060
941 1722
941 2163
941 1821
941 1746
941 2256
941 2261
941 1760
941 1762
941 1766
941 2279
941 2285
941 1281
941 1302
941 1303
941 2326
941 2335
941 1349
941 1359
941 1363
941 1402
941 1405
941 1920
693 99
693 118
693 151
693 174
693 181
693 191
693 192
693 200
693 286
693 299
693 306
693 328
693 330
693 360
693 408
693 426
693 448
693 461
693 487
693 492
693 585
693 619
693 625
693 632
693 651
693 669
693 681
693 1952
693 1456
693 1457
693 962
693 1472
693 1486
693 1487
693 1956
693 2043
693 2058
693 1965
693 1556
693 1579
693 1075
693 1076
693 1586
693 1593
693 1087
693 1088
693 1092
693 1605
693 2116
693 1890
693 1116
693 1624
693 1627
693 1647
693 1679
693 1175
693 1179
693 1689
693 2207
693 2219
693 696
693 1241
693 1246
693 1251
693 1321
693 1830
693 746
693 1767
693 1768
693 1261
693 2280
693 2287
693 1272
693 2297
693 779
693 790
693 1815
693 1332
693 1845
693 1339
693 1981
693 1855
693 838
693 839
693 1366
693 1765
693 1892
693 1896
693 2192
693 884
693 888
693 889
693 891
693 896
693 900
693 906
693 840
693 1604
1332 11
1332 38
1332 54
1332 69
1332 74
1332 97
1332 99
1332 111
1332 114
1332 127
1332 147
1332 151
1332 181
1332 200
1332 209
1332 210
1332 211
1332 286
1332 360
1332 393
1332 405
1332 447
1332 453
1332 508
1332 539
1332 567
1332 570
1332 585
1332 593
1332 594
1332 598
1332 599
1332 619
1332 631
1332 632
1332 652
1332 681
1332 709
1332 736
1332 738
1332 747
1332 771
1332 781
1332 790
1332 802
1332 839
1332 863
1332 888
1332 894
1332 898
1332 900
1332 901
1332 913
1332 925
1332 947
1332 975
1332 977
1332 995
1332 996
1332 1002
1332 1008
1332 1034
1332 1076
1332 1085
1332 1086
1332 1091
1332 1096
1332 1133
1332 1139
1332 1169
1332 1179
1332 1246
1332 1248
1332 1251
1332 1259
1332 1296
1332 1297
1332 1307
1332 1311
1332 1952
1332 1466
1332 1479
1332 2209
1332 1651
1332 2022
1332 2161
1332 1382
1332 1456
1332 1457
1332 1556
1332 1562
1332 2078
1332 1574
1332 1588
1332 1591
1332 1605
1332 1550
1332 1633
1332 1487
1332 1648
1332 2114
1332 1766
1332 1646
1332 1689
1332 1690
1332 1988
1332 2208
1332 2219
1332 1398
1332 2230
1332 1729
1332 1731
1332 1765
1332 1781
1332 2296
1332 1791
1332 2301
1332 1802
1332 2306
1332 2221
1332 1832
1332 1671
1332 1586
1332 2266
1332 1981
1332 2020
1332 1381
1332 1767
1332 1604
1332 1412
1332 1921
1332 1422
1332 1943
1332 1939
1334 176
1334 178
1334 458
1334 473
1334 601
1334 749
1334 1690
1334 1818
1334 1673
1334 1675
1334 2187
838 19
838 80
838 110
838 127
838 585
838 617
838 770
838 1840
838 1209
838 1845
838 961
838 1604
838 2118
838 1104
838 1909
838 1815
584 58
1805 36
1805 65
1805 89
1805 90
1805 91
1805 181
1805 182
1805 189
1805 268
1805 269
1805 270
1805 276
1805 277
1805 283
1805 348
1805 375
1805 399
1805 438
1805 439
1805 530
1805 574
1805 638
1805 723
1805 768
1805 826
1805 864
1805 895
1805 1017
1805 1087
1805 1095
1805 1117
1805 1118
1805 1145
1805 1207
1805 1245
1805 1283
1805 1305
1805 1319
1805 1409
1805 1536
1805 1569
1805 1624
1805 1730
1805 1775
1805 1777
1805 1796
1805 2073
1805 1972
1805 2183
1805 2254
1805 1883
1805 1899
1805 1924
229 1246
229 1631
229 360
229 2179
229 1767
229 1576
229 1799
229 975
229 1612
229 920
229 1652
229 1879
1138 23
1138 24
1138 106
1138 127
1138 137
1138 142
1138 144
1138 162
1138 165
1138 176
1138 184
1138 241
1138 284
1138 325
1138 347
1138 395
1138 425
1138 453
1138 455
1138 466
1138 471
1138 478
1138 501
1138 507
1138 508
1138 554
1138 581
1138 598
1138 600
1138 610
1138 639
1138 641
1138 647
1138 649
1138 668
1138 669
1138 671
1138 701
1138 721
1138 724
1138 746
1138 786
1138 787
1138 800
1138 805
1138 824
1138 837
1138 883
1138 901
1138 906
1138 913
1138 921
1138 939
1138 940
1138 953
1138 963
1138 981
1138 988
1138 1007
1138 1022
1138 1040
1138 1046
1138 1058
1138 1072
1138 1077
1138 1121
1138 1135
1138 1437
1138 1952
1138 1454
1138 1188
1138 1431
1138 1979
1138 1358
1138 1478
1138 1988
1138 1483
1138 1503
1138 1520
1138 1531
1138 1535
1138 1285
1138 2219
1138 1288
1138 2080
1138 2085
1138 2089
1138 2095
1138 1590
1138 2106
1138 2058
1138 2118
1138 2122
1138 2147
1138 2146
1138 1632
1138 1633
1138 2144
1138 2145
1138 2148
1138 2149
1138 2150
1138 2151
1138 1651
1138 1642
1138 1305
1138 1166
1138 1678
1138 1172
1138 1689
1138 1693
1138 1193
1138 1198
1138 1710
1138 2220
1138 1712
1138 2161
1138 1716
1138 1731
1138 1996
1138 1742
1138 2167
1138 1244
1138 1246
1138 1658
1138 2266
1138 1637
1138 2169
1138 1762
1138 2152
1138 1767
1138 2279
1138 1267
1138 1272
1138 1278
1138 2296
1138 1281
1138 1919
1138 2305
1138 1497
1138 1302
1138 1813
1138 1821
1138 1823
1138 1417
1138 1853
1138 1349
1138 1858
1138 1354
1138 1254
1138 1363
1138 1885
1138 1890
1138 1387
1138 1896
1138 1900
1138 1909
1138 1939
1138 2281
1138 1928
1138 1930
1138 1936
1138 1436
1911 20
1911 21
1911 83
1911 106
1911 146
1911 156
1911 177
1911 178
1911 246
1911 258
1911 283
1911 351
1911 508
1911 574
1911 602
1911 608
1911 638
1911 718
1911 729
1911 774
1911 790
1911 865
1911 1035
1911 1043
1911 1143
1911 1154
1911 1159
1911 1261
1911 1366
1911 1483
1911 1586
1911 1615
1911 1651
1911 1670
1911 1704
1911 1752
1911 1821
1911 1834
1911 2011
1911 2223
1911 1967
1911 2098
1911 1985
1911 2114
1911 1924
1911 2336
1911 2047
1911 1928
1911 2185
384 49
384 119
384 165
384 220
384 241
384 1500
384 805
384 1580
384 2162
384 1475
384 2240
384 718
384 1358
384 850
384 1366
384 2135
384 863
384 1758
384 2268
384 1387
384 496
384 635
384 1786
384 901
384 2179
384 399
384 1809
384 1302
384 411
384 1044
283 23
283 142
283 209
283 277
283 288
283 1154
283 949
283 1387
283 790
283 720
720 30
720 209
720 243
720 313
720 927
720 2296
720 1122
720 741
720 1986
720 777
720 1957
720 750
720 1479
720 1299
720 790
720 915
30 1437
30 1444
30 1454
30 165
30 1979
30 1981
30 453
30 455
30 2037
30 934
30 460
30 1483
30 975
30 465
30 1996
30 1497
30 2296
30 2020
30 1514
30 1007
30 504
30 505
30 507
30 523
30 2058
30 2059
30 1048
30 1556
30 1060
30 1569
30 552
30 554
30 2085
30 1068
30 1122
30 1077
30 2106
30 1637
30 1040
30 2114
30 1099
30 95
30 610
30 2144
30 2145
30 2146
30 2147
30 1638
30 2149
30 2150
30 2152
30 115
30 2148
30 2161
30 2151
30 2167
30 639
30 1152
30 647
30 137
30 649
30 2179
30 2180
30 2185
30 1678
30 152
30 1689
30 671
30 1184
30 162
30 1188
30 2208
30 681
30 963
30 972
30 718
30 1567
30 1731
30 2242
30 207
30 721
30 2255
30 731
30 1243
30 2262
30 2169
30 1762
30 555
30 747
30 1767
30 1768
30 750
30 241
30 1271
30 900
30 1278
30 256
30 257
30 1794
30 1795
30 1288
30 787
30 1302
30 1161
30 800
30 1828
30 812
30 1324
30 1834
30 1327
30 824
30 324
30 837
30 1349
30 1354
30 1254
30 1869
30 1363
30 361
30 1894
30 1895
30 1896
30 879
30 883
30 1399
30 1939
30 1405
30 2279
30 386
30 581
30 395
30 1929
30 914
30 1936
30 921
30 1436
9 2073
9 673
9 1567
9 523
9 555
9 697
9 2106
9 2239
9 977
9 598
9 348
9 2008
9 355
9 370
9 1902
9 504
9 505
9 892
9 256
9 770
9 395
9 2322
2073 23
2073 33
2073 41
2073 49
2073 71
2073 134
2073 142
2073 143
2073 152
2073 159
2073 160
2073 172
2073 182
2073 191
2073 192
2073 197
2073 209
2073 210
2073 220
2073 246
2073 256
2073 330
2073 343
2073 347
2073 348
2073 361
2073 395
2073 408
2073 414
2073 416
2073 437
2073 455
2073 461
2073 469
2073 501
2073 504
2073 505
2073 507
2073 519
2073 522
2073 523
2073 548
2073 555
2073 556
2073 625
2073 647
2073 649
2073 671
2073 673
2073 704
2073 724
2073 728
2073 743
2073 750
2073 769
2073 770
2073 790
2073 799
2073 814
2073 826
2073 857
2073 859
2073 868
2073 883
2073 888
2073 892
2073 900
2073 910
2073 921
2073 977
2073 985
2073 986
2073 1040
2073 1046
2073 1056
2073 1057
2073 1063
2073 1072
2073 1077
2073 1166
2073 1261
2073 1275
2073 1278
2073 1288
2073 1297
2073 1302
2073 1311
2073 1313
2073 1314
2073 1338
2073 1359
2073 1363
2073 1444
2073 1449
2073 1454
2073 1458
2073 1479
2073 1497
2073 1548
2073 1567
2073 1580
2073 1597
2073 1598
2073 1611
2073 1618
2073 1652
2073 1678
2073 1686
2073 1751
2073 1772
2073 1775
2073 1777
2073 1787
2073 1788
2073 1791
2073 1802
2073 1820
2073 1821
2073 1844
2073 1899
2073 1902
2073 1906
2073 1910
2073 1916
2073 1920
2073 1939
2073 1968
2073 1973
2073 2008
2073 2013
2073 2020
2073 2034
2073 2037
2073 2097
2073 2101
2073 2117
2073 2160
2073 2169
2073 2335
2073 2191
2073 2239
2073 2251
2073 2277
2073 2091
2073 2322
2073 2325
2073 2154
2073 2106
2073 2090
673 42
673 256
673 348
673 395
673 504
673 505
673 523
673 555
673 608
673 668
673 669
673 671
673 1567
673 1444
673 815
673 2219
673 2098
673 2106
673 2239
673 1731
673 1363
673 868
673 2144
673 1129
673 1637
673 2280
673 1900
673 883
673 1902
673 892
673 770
673 1027
673 1643
673 1673
673 1675
673 2190
673 2322
1567 21
1567 65
1567 83
1567 132
1567 256
1567 276
1567 348
1567 395
1567 436
1567 504
1567 505
1567 523
1567 555
1567 770
1567 815
1567 892
1567 1068
1567 1326
1567 1821
1567 2106
1567 2239
1567 1876
1567 2089
1567 2020
1567 1902
1567 1648
1567 2322
1567 2050
1567 2068
523 10
523 71
523 152
523 159
523 162
523 256
523 284
523 340
523 348
523 361
523 395
523 401
523 453
523 455
523 487
523 504
523 505
523 928
523 1454
523 1965
523 1016
523 1987
523 1479
523 1483
523 977
523 979
523 2020
523 2037
523 1046
523 554
523 555
523 2089
523 1580
523 1585
523 576
523 2106
523 581
523 1604
523 1629
523 1632
523 1633
523 1653
523 652
523 2185
523 1681
523 1689
523 671
523 1693
523 800
523 2239
523 1762
523 2279
523 900
523 1278
523 770
523 1288
523 790
523 1302
523 2322
523 797
523 1819
523 1821
523 1823
523 830
523 837
523 1363
523 1876
523 1369
523 1378
523 1896
523 1902
523 892
523 1918
523 906
523 1939
555 10
555 26
555 71
555 138
555 159
555 246
555 256
555 340
555 347
555 348
555 361
555 391
555 395
555 399
555 407
555 453
555 455
555 460
555 466
555 488
555 504
555 505
555 554
555 928
555 1444
555 1454
555 1456
555 934
555 1486
555 979
555 2017
555 2020
555 1369
555 1556
555 1052
555 2089
555 1580
555 1074
555 1085
555 576
555 2106
555 581
555 859
555 1639
555 1648
555 1653
555 2167
555 1658
555 2185
555 1681
555 671
555 2239
555 977
555 1245
555 737
555 1762
555 747
555 2279
555 753
555 1278
555 2296
555 770
555 1288
555 2307
555 711
555 790
555 2322
555 797
555 1821
555 2333
555 1828
555 826
555 837
555 1363
555 1876
555 1896
555 1937
555 1902
555 892
555 1918
555 777
555 906
555 915
555 1689
555 1436
697 23
697 85
697 89
697 97
697 122
697 132
697 138
697 142
697 143
697 159
697 160
697 187
697 189
697 210
697 340
697 370
697 375
697 398
697 408
697 409
697 414
697 424
697 429
697 431
697 487
697 501
697 509
697 511
697 519
697 548
697 593
697 599
697 600
697 610
697 614
697 636
697 638
697 650
697 671
697 692
697 2031
697 1450
697 1960
697 1457
697 2125
697 2011
697 1503
697 1510
697 1003
697 1005
697 1021
697 1038
697 1547
697 1041
697 2065
697 1051
697 2081
697 1066
697 1040
697 1615
697 2127
697 1125
697 1634
697 1130
697 1137
697 1697
697 2209
697 1709
697 1721
697 2240
697 2247
697 725
697 2255
697 733
697 1261
697 2279
697 1778
697 1784
697 1791
697 1285
697 2305
697 1291
697 790
697 1311
697 801
697 1829
697 814
697 823
697 826
697 1853
697 1391
697 888
697 1417
2106 42
2106 103
2106 113
2106 132
2106 151
2106 184
2106 239
2106 245
2106 256
2106 286
2106 321
2106 338
2106 348
2106 361
2106 395
2106 399
2106 402
2106 456
2106 469
2106 473
2106 504
2106 505
2106 557
2106 598
2106 632
2106 641
2106 664
2106 666
2106 680
2106 696
2106 737
2106 765
2106 770
2106 777
2106 839
2106 861
2106 892
2106 900
2106 971
2106 1002
2106 1063
2106 1086
2106 1104
2106 1114
2106 1131
2106 1133
2106 1156
2106 1179
2106 1193
2106 1244
2106 1246
2106 1377
2106 1378
2106 1409
2106 1418
2106 1444
2106 1475
2106 1492
2106 1500
2106 1559
2106 1580
2106 1594
2106 1604
2106 1610
2106 1621
2106 1673
2106 1675
2106 1693
2106 1705
2106 1726
2106 1738
2106 1746
2106 1775
2106 1799
2106 1802
2106 1803
2106 1815
2106 1863
2106 1890
2106 1902
2106 1939
2106 1949
2106 1985
2106 2008
2106 2010
2106 2105
2106 2296
2106 2189
2106 2207
2106 2239
2106 2242
2106 2246
2106 2322
2106 2334
2106 2338
2106 2279
2106 2114
2239 256
2239 274
2239 299
2239 348
2239 395
2239 504
2239 505
2239 533
2239 770
2239 892
2239 1211
2239 1229
2239 1594
2239 1902
2239 2076
2239 2242
2239 2322
977 13
977 24
977 48
977 80
977 99
977 105
977 110
977 111
977 118
977 152
977 165
977 181
977 209
977 210
977 277
977 286
977 318
977 328
977 360
977 361
977 401
977 405
977 406
977 446
977 447
977 450
977 453
977 485
977 504
977 505
977 508
977 569
977 598
977 610
977 620
977 721
977 723
977 747
977 771
977 805
977 815
977 849
977 865
977 900
977 921
977 947
977 1444
977 1479
977 979
977 2008
977 1503
977 2296
977 1002
977 1516
977 2037
977 1027
977 1565
977 2081
977 1585
977 1604
977 1623
977 1624
977 2137
977 1139
977 2167
977 1658
977 1679
977 1211
977 2230
977 2242
977 1244
977 1246
977 1248
977 1251
977 1772
977 2089
977 1791
977 1796
977 1292
977 1808
977 1821
977 1314
977 2012
977 1342
977 1397
977 1399
977 1431
977 1403
977 1405
977 1924
977 1429
598 135
598 138
598 191
598 192
598 246
598 274
598 275
598 276
598 284
598 330
598 346
598 361
598 408
598 411
598 448
598 453
598 485
598 487
598 504
598 510
598 533
598 536
598 558
598 592
598 593
598 1430
598 1443
598 938
598 1449
598 942
598 1457
598 1973
598 933
598 1478
598 974
598 980
598 786
598 1499
598 1500
598 1451
598 2037
598 2043
598 1026
598 1028
598 1029
598 1550
598 1117
598 2074
598 1569
598 1928
598 1075
598 2097
598 1594
598 1096
598 1604
598 599
598 1624
598 2136
598 610
598 1126
598 1876
598 1648
598 2161
598 1658
598 641
598 1666
598 1667
598 1668
598 1164
598 1682
598 2193
598 1179
598 671
598 2211
598 1705
598 1707
598 2223
598 696
598 2225
598 700
598 947
598 1722
598 1726
598 709
598 1729
598 711
598 1486
598 1737
598 1995
598 1965
598 1248
598 1762
598 1765
598 1767
598 749
598 2281
598 755
598 761
598 1782
598 1785
598 1281
598 771
598 1791
598 2302
598 776
598 1292
598 782
598 1294
598 2314
598 788
598 2008
598 797
598 799
598 1311
598 1820
598 1755
598 1925
598 1836
598 1838
598 826
598 827
598 1349
598 844
598 1355
598 1087
598 865
598 1388
598 1900
598 1396
598 888
598 1399
598 736
598 2279
598 900
598 2196
598 664
598 1417
598 910
598 1933
598 1936
598 1939
598 1520
348 88
348 142
348 159
348 160
348 172
348 182
348 191
348 220
348 240
348 249
348 256
348 293
348 343
348 347
348 1945
348 671
348 1444
348 938
348 1449
348 1458
348 1977
348 2013
348 2020
348 548
348 504
348 505
348 1548
348 1057
348 2090
348 1580
348 1600
348 2117
348 1105
348 2140
348 1129
348 625
348 2155
348 416
348 2184
348 1681
348 1686
348 2208
348 684
348 704
348 892
348 746
348 1261
348 1775
348 1777
348 1787
348 769
348 770
348 2091
348 1802
348 1296
348 790
348 2322
348 2325
348 799
348 1311
348 1820
348 1821
348 1328
348 1845
348 1338
348 1881
348 358
348 2191
348 1899
348 1902
348 374
348 1910
348 1916
348 900
348 901
348 1920
348 1924
348 395
348 910
348 399
2008 23
2008 24
2008 87
2008 106
2008 210
2008 211
2008 241
2008 257
2008 258
2008 325
2008 336
2008 347
2008 361
2008 374
2008 413
2008 465
2008 481
2008 501
2008 526
2008 551
2008 608
2008 790
2008 799
2008 802
2008 814
2008 864
2008 938
2008 942
2008 943
2008 974
2008 1029
2008 1041
2008 1077
2008 1143
2008 1206
2008 1235
2008 1244
2008 1278
2008 1281
2008 1283
2008 1289
2008 1314
2008 1358
2008 1359
2008 1431
2008 1441
2008 1464
2008 1499
2008 1520
2008 1550
2008 1564
2008 1580
2008 1593
2008 1623
2008 1624
2008 1668
2008 1673
2008 1681
2008 1700
2008 1701
2008 1769
2008 1890
2008 1899
2008 1928
2008 1930
2008 2209
2008 2037
2008 2055
2008 2100
2008 2130
2008 2161
2008 2167
2008 2203
2008 2225
2008 2266
2008 2296
2008 2302
2008 2261
2008 2333
2008 2279
355 23
355 33
355 40
355 142
355 187
355 189
355 242
355 328
355 340
355 1818
355 1313
355 548
355 416
355 423
355 1450
355 1197
355 2033
355 1457
355 436
355 2094
355 1333
355 611
355 1848
355 1478
355 715
355 1862
355 461
355 593
355 979
355 1491
355 1876
355 1750
355 1623
355 1624
355 2125
355 2011
355 1936
355 2276
355 1261
355 1389
355 1899
355 628
355 2031
355 2195
355 1019
355 1154
355 1268
355 1791
355 1029
355 2307
355 1801
355 1802
355 370
355 605
355 922
355 905
370 21
370 23
370 24
370 132
370 142
370 162
370 165
370 187
370 189
370 209
370 235
370 236
370 285
370 297
370 340
370 356
370 357
370 360
370 416
370 937
370 431
370 1463
370 958
370 452
370 1490
370 471
370 2040
370 2011
370 483
370 2020
370 508
370 509
370 1791
370 511
370 1027
370 1028
370 1029
370 777
370 554
370 868
370 1127
370 2125
370 1123
370 1634
370 2162
370 1680
370 1690
370 1697
370 682
370 688
370 2235
370 725
370 1257
370 2277
370 1261
370 1778
370 1786
370 769
370 2298
370 1282
370 1283
370 2305
370 1289
370 2307
370 1809
370 2320
370 2325
370 1818
370 2329
370 808
370 814
370 826
370 827
370 1349
370 1859
370 1353
370 1366
370 888
370 409
370 1915
370 392
370 905
370 398
370 408
370 921
370 414
1902 54
1902 131
1902 138
1902 139
1902 151
1902 256
1902 286
1902 320
1902 330
1902 347
1902 395
1902 504
1902 505
1902 513
1902 638
1902 766
1902 770
1902 826
1902 892
1902 917
1902 947
1902 1030
1902 1043
1902 1091
1902 1104
1902 1226
1902 1397
1902 1457
1902 1550
1902 1579
1902 1585
1902 1924
1902 1981
1902 2216
1902 2267
1902 2322
504 42
504 65
504 71
504 115
504 137
504 152
504 184
504 245
504 256
504 361
504 395
504 430
504 453
504 455
504 456
504 466
504 469
504 1483
504 1492
504 1506
504 1002
504 2034
504 505
504 2038
504 1996
504 1068
504 557
504 2114
504 632
504 1653
504 2167
504 1152
504 641
504 1681
504 664
504 1689
504 671
504 1184
504 2207
504 1193
504 1705
504 1712
504 696
504 718
504 2229
504 1726
504 2242
504 2246
504 1741
504 2255
504 2169
504 1762
504 1746
504 765
504 2296
504 770
504 777
504 1799
504 1802
504 1803
504 1302
504 1303
504 2322
504 1816
504 1821
504 2334
504 812
504 1327
504 1342
504 839
504 1350
504 861
504 1377
504 1378
504 2105
504 1896
504 1900
504 892
504 1409
504 900
504 1939
505 42
505 65
505 151
505 152
505 162
505 165
505 184
505 220
505 256
505 324
505 361
505 395
505 424
505 446
505 447
505 450
505 453
505 1464
505 1985
505 1483
505 1996
505 1516
505 1520
505 507
505 1021
505 1027
505 534
505 2085
505 1068
505 2114
505 619
505 1638
505 2163
505 2167
505 1152
505 2179
505 1681
505 1179
505 1689
505 671
505 696
505 2242
505 718
505 1741
505 2255
505 1246
505 2169
505 1762
505 2279
505 2296
505 770
505 1803
505 1302
505 2322
505 736
505 1327
505 824
505 1845
505 1342
505 1853
505 837
505 839
505 1254
505 2105
505 892
505 1403
505 900
505 1936
505 1939
892 256
892 395
892 742
892 770
892 1188
892 1961
892 1326
892 1840
892 2010
892 1254
892 910
892 2322
256 10
256 71
256 152
256 800
256 928
256 554
256 1681
256 2089
256 1454
256 1580
256 1074
256 435
256 1658
256 900
256 830
256 447
256 576
256 581
256 1918
256 1356
256 340
256 1363
256 837
256 1876
256 671
256 2017
256 736
256 737
256 1378
256 1762
256 361
256 2020
256 1639
256 1896
256 2279
256 1937
256 753
256 1648
256 1653
256 2037
256 2167
256 1278
256 770
256 453
256 2051
256 906
256 395
256 2185
256 1709
256 915
256 797
256 790
256 2322
256 1288
256 1689
770 14
770 19
770 20
770 110
770 117
770 137
770 149
770 159
770 160
770 176
770 182
770 191
770 197
770 241
770 324
770 330
770 347
770 351
770 395
770 414
770 447
770 448
770 450
770 452
770 603
770 604
770 610
770 671
770 692
770 736
770 746
770 750
770 1457
770 1482
770 1483
770 1495
770 994
770 1514
770 2024
770 1544
770 2058
770 1048
770 863
770 1058
770 2089
770 1629
770 1597
770 1604
770 2118
770 1612
770 1633
770 2144
770 1637
770 2159
770 878
770 2169
770 1188
770 1705
770 1713
770 1206
770 1214
770 1226
770 1229
770 1762
770 1767
770 2279
770 2296
770 2301
770 1795
770 1799
770 1712
770 2322
770 812
770 813
770 1840
770 1853
770 1254
770 2189
770 1378
770 1896
770 1389
770 1391
770 1909
770 1689
395 10
395 71
395 159
395 163
395 246
395 340
395 361
395 928
395 1454
395 442
395 453
395 2017
395 2020
395 2037
395 554
395 557
395 2089
395 1580
395 1074
395 576
395 581
395 1121
395 859
395 1639
395 1648
395 1653
395 2167
395 1658
395 2185
395 1681
395 1689
395 1896
395 1762
395 2279
395 753
395 1278
395 1297
395 2322
395 797
395 800
395 1821
395 1828
395 1840
395 830
395 1363
395 1876
395 1369
395 1388
395 906
395 396
395 398
395 399
395 915
395 1937
2322 310
2322 405
2322 491
2322 507
2322 513
2322 746
2322 766
2322 826
2322 840
2322 897
2322 947
2322 1021
2322 1117
2322 1226
2322 1248
2322 1289
2322 1309
2322 1328
2322 1382
2322 1397
2322 1487
2322 1579
2322 1580
2322 1604
2322 1640
2322 1643
2322 1702
2322 1718
2322 1785
2322 1843
2322 1879
2322 1939
2322 1953
2322 2067
2322 2070
2322 2257
2322 2297
10 671
10 2333
10 554
10 1074
10 797
10 581
10 71
10 455
10 453
10 460
10 1486
10 979
10 1245
10 1762
10 1896
10 1775
10 1648
10 1653
10 1658
10 837
10 1937
10 407
10 26
10 1052
671 23
671 24
671 26
671 31
671 42
671 54
671 74
671 110
671 137
671 144
671 152
671 162
671 165
671 176
671 182
671 203
671 209
671 252
671 276
671 277
671 296
671 299
671 318
671 341
671 347
671 391
671 392
671 407
671 413
671 439
671 447
671 450
671 453
671 455
671 461
671 466
671 471
671 478
671 493
671 498
671 501
671 508
671 535
671 543
671 544
671 551
671 554
671 576
671 579
671 587
671 600
671 619
671 661
671 668
671 669
671 1444
671 1447
671 1100
671 1456
671 1973
671 1188
671 1431
671 1979
671 1478
671 1988
671 1483
671 1995
671 1821
671 1363
671 998
671 2017
671 1002
671 2296
671 1007
671 1520
671 2037
671 1533
671 2045
671 1538
671 1281
671 2058
671 1041
671 2060
671 1045
671 1712
671 1569
671 2089
671 1554
671 1084
671 1040
671 1602
671 1548
671 2122
671 1063
671 958
671 2138
671 1637
671 1632
671 1633
671 1634
671 2145
671 2146
671 2147
671 2149
671 1642
671 2148
671 2150
671 1141
671 963
671 2163
671 2167
671 2152
671 1673
671 1675
671 883
671 1689
671 1479
671 1597
671 1709
671 2161
671 2162
671 1212
671 1516
671 704
671 1724
671 1896
671 718
671 721
671 2255
671 731
671 1244
671 2266
671 2267
671 2269
671 2169
671 1762
671 2085
671 1765
671 1259
671 2287
671 1274
671 1918
671 1278
671 2299
671 2300
671 774
671 1288
671 787
671 790
671 1302
671 792
671 793
671 797
671 800
671 1077
671 805
671 1828
671 1327
671 834
671 1853
671 1349
671 1354
671 914
671 1340
671 2020
671 1088
671 1936
671 1388
671 879
671 1898
671 1900
671 2144
671 2023
671 1397
671 1091
671 1939
671 1405
671 2279
671 1408
671 899
671 900
671 901
671 1928
671 1930
671 1519
671 915
671 1937
671 1553
671 921
671 1942
2333 26
2333 63
2333 71
2333 125
2333 198
2333 246
2333 313
2333 330
2333 372
2333 399
2333 407
2333 453
2333 455
2333 460
2333 466
2333 650
2333 656
2333 692
2333 736
2333 808
2333 826
2333 843
2333 850
2333 859
2333 906
2333 915
2333 921
2333 1052
2333 1074
2333 1099
2333 1245
2333 1324
2333 1444
2333 1456
2333 1486
2333 1500
2333 1597
2333 1624
2333 1631
2333 1653
2333 1658
2333 1791
2333 1794
2333 1819
2333 1823
2333 1852
2333 1861
2333 1918
2333 1932
2333 1933
2333 1937
2333 2023
2333 2074
2333 2083
2333 2129
2333 2199
2333 2227
2333 2307
554 21
554 26
554 71
554 132
554 152
554 159
554 160
554 162
554 163
554 260
554 340
554 361
554 399
554 453
554 455
554 1444
554 943
554 1454
554 1479
554 1483
554 994
554 2017
554 2020
554 1016
554 2037
554 1549
554 928
554 557
554 2089
554 1580
554 1074
554 1077
554 576
554 2107
554 581
554 1629
554 1632
554 1633
554 1639
554 1648
554 1653
554 2167
554 1658
554 1673
554 1675
554 1681
554 1689
554 800
554 737
554 1762
554 750
554 2279
554 753
554 900
554 1278
554 1288
554 790
554 1302
554 797
554 1819
554 1821
554 1823
554 1828
554 815
554 830
554 2185
554 1363
554 1876
554 1369
554 1378
554 1896
554 1937
554 1918
554 906
554 915
554 919
554 1939
1074 26
1074 71
1074 159
1074 160
1074 182
1074 266
1074 304
1074 321
1074 358
1074 407
1074 453
1074 455
1074 459
1074 460
1074 610
1074 619
1074 696
1074 753
1074 790
1074 797
1074 859
1074 906
1074 915
1074 1015
1074 1052
1074 1824
1074 2180
1074 2089
1074 1583
1074 2101
1074 1653
1074 1731
1074 1860
1074 1762
1074 1503
1074 1486
1074 1363
1074 1237
1074 1876
1074 1498
1074 1245
1074 2010
1074 2141
1074 2017
1074 1765
1074 1767
1074 1937
1074 1900
1074 2179
1074 2037
1074 2167
1074 1658
1074 1729
1074 2314
1074 1599
797 47
797 63
797 71
797 132
797 133
797 134
797 152
797 195
797 286
797 303
797 304
797 330
797 340
797 405
797 453
797 466
797 581
797 650
797 743
797 753
797 777
797 1444
797 1954
797 1454
797 963
797 2017
797 2020
797 1520
797 907
797 1550
797 2089
797 1604
797 1621
797 1634
797 1639
797 1653
797 1655
797 2166
797 2167
797 1658
797 2185
797 1689
797 2205
797 1696
797 1709
797 1722
797 1733
797 1226
797 1246
797 2279
797 1785
797 1278
797 815
797 1809
797 1819
797 1823
797 805
797 808
797 826
797 1852
797 837
797 1762
797 1363
797 1378
797 1887
797 1896
797 1391
797 1396
797 897
797 898
797 906
797 915
797 1937
797 921
581 71
581 340
581 361
581 372
581 453
581 800
581 1058
581 928
581 1828
581 2089
581 1454
581 830
581 839
581 2114
581 1363
581 1366
581 1121
581 1378
581 1762
581 1896
581 2279
581 1648
581 1653
581 2037
581 1278
581 641
581 837
581 777
581 906
581 1799
581 2185
581 2314
581 1689
71 26
71 1444
71 1956
71 1965
71 1979
71 453
71 455
71 460
71 975
71 1486
71 1996
71 1498
71 938
71 2014
71 2017
71 2020
71 1007
71 2029
71 2058
71 539
71 1052
71 1063
71 556
71 1579
71 1583
71 619
71 2114
71 1131
71 2126
71 93
71 1637
71 2141
71 2144
71 2145
71 2146
71 2147
71 2148
71 2149
71 2150
71 2151
71 2152
71 1651
71 1652
71 1653
71 1654
71 2167
71 1658
71 1639
71 2172
71 1133
71 1985
71 657
71 152
71 159
71 160
71 182
71 1824
71 1226
71 1237
71 1245
71 1246
71 1762
71 1765
71 1767
71 1768
71 753
71 787
71 790
71 1821
71 837
71 1359
71 1363
71 1876
71 859
71 1896
71 407
71 883
71 1403
71 1918
71 906
71 1929
71 915
71 1937
71 1431
71 1689
71 411
455 26
455 69
455 110
455 148
455 152
455 162
455 321
455 330
455 361
455 372
455 390
455 399
455 407
455 442
455 453
455 1952
455 1954
455 1015
455 1016
455 1975
455 966
455 458
455 460
455 1483
455 1486
455 466
455 2017
455 2020
455 906
455 507
455 2059
455 1052
455 610
455 2105
455 2113
455 1604
455 2121
455 1619
455 1624
455 1629
455 1632
455 1633
455 1653
455 2167
455 1658
455 1669
455 2180
455 1476
455 1172
455 1681
455 1689
455 1479
455 1695
455 2206
455 694
455 1731
455 777
455 1657
455 1245
455 736
455 2269
455 747
455 1261
455 2279
455 753
455 1784
455 900
455 2296
455 774
455 1288
455 790
455 1302
455 1819
455 1821
455 1823
455 1830
455 1325
455 1444
455 1363
455 1876
455 859
455 1385
455 1896
455 1937
455 1900
455 1397
455 888
455 1403
455 800
455 1918
455 1924
455 1939
455 1943
453 23
453 26
453 97
453 124
453 138
453 152
453 159
453 162
453 165
453 182
453 187
453 209
453 220
453 306
453 318
453 340
453 347
453 360
453 399
453 407
453 435
453 441
453 1444
453 1454
453 1458
453 1016
453 1466
453 1479
453 460
453 1483
453 1484
453 1998
453 2296
453 2020
453 2029
453 1015
453 736
453 511
453 2045
453 1601
453 1052
453 544
453 1289
453 1063
453 2089
453 1580
453 1077
453 2098
453 1082
453 1087
453 1088
453 1091
453 2114
453 1624
453 1629
453 1631
453 1632
453 1633
453 859
453 619
453 621
453 1133
453 1653
453 2167
453 1658
453 1928
453 1729
453 2185
453 1560
453 1681
453 668
453 669
453 1693
453 1311
453 1821
453 2225
453 804
453 1896
453 1486
453 731
453 1245
453 1246
453 1248
453 1762
453 747
453 2279
453 753
453 1918
453 1278
453 1288
453 1751
453 1298
453 790
453 1302
453 799
453 1819
453 802
453 1823
453 2338
453 1326
453 610
453 826
453 827
453 839
453 1859
453 1363
453 857
453 576
453 1388
453 1390
453 1900
453 1403
453 900
453 901
453 777
453 906
453 1930
453 1937
453 1939
453 1689
453 1775
460 26
460 137
460 162
460 407
460 1831
460 1324
460 1205
460 1079
460 2115
460 1486
460 466
460 731
460 1245
460 2009
460 736
460 610
460 1896
460 1937
460 753
460 1900
460 1015
460 1653
460 763
460 2292
460 2167
460 1658
460 641
460 1027
460 1052
1486 19
1486 20
1486 26
1486 150
1486 159
1486 161
1486 165
1486 191
1486 192
1486 197
1486 241
1486 304
1486 360
1486 405
1486 407
1486 408
1486 448
1486 510
1486 601
1486 747
1486 777
1486 817
1486 826
1486 877
1486 882
1486 903
1486 1028
1486 1029
1486 1040
1486 1052
1486 1054
1486 1117
1486 1141
1486 1169
1486 1188
1486 1245
1486 1246
1486 1338
1486 1392
1486 1430
1486 1436
1486 1457
1486 1473
1486 2010
1486 2013
1486 2014
1486 1510
1486 2032
1486 1523
1486 1545
1486 1890
1486 1550
1486 1556
1486 2080
1486 2083
1486 2090
1486 1586
1486 1592
1486 2156
1486 1647
1486 1653
1486 1658
1486 1679
1486 1705
1486 2219
1486 1737
1486 2305
1486 2296
1486 1793
1486 1806
1486 2319
1486 1843
1486 1648
1486 1879
1486 1887
1486 1896
1486 1937
1486 1925
979 26
979 60
979 61
979 80
979 110
979 152
979 159
979 160
979 276
979 277
979 286
979 294
979 318
979 401
979 405
979 408
979 422
979 439
979 446
979 447
979 450
979 461
979 538
979 669
979 747
979 805
979 900
979 901
979 921
979 1311
979 1785
979 1821
979 2081
979 1193
979 1585
979 2011
979 2230
979 1565
979 1968
979 1342
979 1444
979 1037
979 1775
979 1952
979 1246
979 1632
979 2296
979 1569
979 2279
979 1281
979 2029
979 2033
979 1791
979 1575
979 2169
979 1409
979 1008
979 1668
1245 26
1245 407
1245 411
1245 610
1245 664
1245 753
1245 901
1245 1015
1245 1052
1245 1142
1245 1209
1245 1818
1245 1981
1245 1504
1245 2085
1245 1900
1245 1653
1245 2167
1245 1658
1245 1937
1762 93
1762 132
1762 176
1762 189
1762 212
1762 260
1762 284
1762 304
1762 324
1762 340
1762 352
1762 361
1762 372
1762 399
1762 465
1762 471
1762 488
1762 507
1762 576
1762 619
1762 647
1762 649
1762 743
1762 750
1762 753
1762 777
1762 790
1762 798
1762 800
1762 824
1762 830
1762 837
1762 859
1762 861
1762 871
1762 883
1762 906
1762 907
1762 915
1762 928
1762 988
1762 991
1762 1046
1762 1050
1762 1051
1762 1087
1762 1121
1762 1129
1762 1166
1762 1188
1762 1237
1762 1278
1762 1286
1762 1302
1762 1319
1762 1363
1762 1378
1762 1414
1762 1436
1762 1437
1762 1444
1762 1454
1762 1497
1762 1498
1762 1503
1762 1531
1762 1580
1762 1604
1762 1639
1762 1653
1762 1658
1762 1673
1762 1675
1762 1678
1762 1689
1762 1716
1762 1731
1762 2037
1762 2011
1762 2296
1762 2017
1762 2020
1762 2305
1762 2080
1762 2089
1762 2118
1762 2156
1762 2167
1762 2179
1762 1996
1762 1828
1762 2279
1762 2284
1762 1813
1762 2185
1762 1876
1762 1890
1762 1896
1762 1900
1762 1936
1762 1937
1762 1939
1896 23
1896 24
1896 42
1896 74
1896 118
1896 127
1896 132
1896 152
1896 159
1896 160
1896 162
1896 163
1896 181
1896 210
1896 241
1896 260
1896 284
1896 310
1896 324
1896 338
1896 340
1896 347
1896 361
1896 372
1896 399
1896 408
1896 432
1896 447
1896 466
1896 493
1896 507
1896 552
1896 557
1896 601
1896 641
1896 646
1896 651
1896 652
1896 674
1896 741
1896 747
1896 750
1896 755
1896 786
1896 790
1896 800
1896 815
1896 817
1896 824
1896 826
1896 830
1896 837
1896 849
1896 859
1896 884
1896 900
1896 901
1896 906
1896 913
1896 921
1896 928
1896 937
1896 940
1896 958
1896 963
1896 965
1896 1016
1896 1040
1896 1041
1896 1091
1896 1121
1896 1131
1896 1133
1896 1169
1896 1244
1896 1246
1896 1278
1896 1288
1896 1297
1896 1298
1896 1302
1896 1305
1896 1324
1896 1338
1896 1346
1896 1359
1896 1363
1896 1369
1896 1389
1896 1436
1896 1437
1896 1444
1896 1454
1896 1479
1896 1483
1896 1516
1896 1522
1896 1533
1896 1550
1896 1597
1896 1604
1896 1629
1896 1632
1896 1633
1896 1634
1896 1637
1896 1653
1896 1673
1896 1675
1896 1685
1896 1689
1896 1693
1896 1767
1896 1791
1896 1793
1896 1819
1896 1821
1896 1823
1896 1828
1896 1848
1896 1894
1896 1954
1896 2058
1896 2037
1896 2010
1896 2296
1896 2020
1896 1931
1896 1925
1896 2089
1896 2102
1896 2189
1896 2219
1896 2161
1896 2233
1896 2269
1896 2267
1896 2279
1896 2180
1896 2185
1896 2144
1896 1919
1896 1909
1896 1939
1896 1985
1896 1988
1896 1936
1775 21
1775 23
1775 33
1775 74
1775 97
1775 106
1775 129
1775 132
1775 142
1775 152
1775 182
1775 209
1775 210
1775 298
1775 310
1775 347
1775 361
1775 446
1775 447
1775 450
1775 466
1775 485
1775 486
1775 490
1775 610
1775 621
1775 638
1775 701
1775 713
1775 718
1775 736
1775 741
1775 746
1775 747
1775 787
1775 805
1775 815
1775 850
1775 872
1775 900
1775 921
1775 950
1775 960
1775 961
1775 1007
1775 1016
1775 1020
1775 1064
1775 1189
1775 1254
1775 1288
1775 1302
1775 1314
1775 1354
1775 1403
1775 1479
1775 1514
1775 1537
1775 1562
1775 1565
1775 1585
1775 1604
1775 1623
1775 1624
1775 1637
1775 1651
1775 1658
1775 1712
1775 1760
1775 2011
1775 2058
1775 2081
1775 2229
1775 2144
1775 2145
1775 2146
1775 2147
1775 2148
1775 1979
1775 2149
1775 2152
1775 2150
1775 2151
1775 2209
1775 1777
1775 2296
1775 2300
1775 1809
1775 1821
1775 1833
1775 2256
1775 1876
1775 1899
1775 1928
1648 23
1648 61
1648 65
1648 110
1648 134
1648 176
1648 193
1648 241
1648 276
1648 277
1648 286
1648 341
1648 352
1648 357
1648 361
1648 402
1648 437
1648 438
1648 439
1648 446
1648 447
1648 448
1648 450
1648 461
1648 478
1648 492
1648 496
1648 497
1648 513
1648 587
1648 632
1648 669
1648 692
1648 734
1648 747
1648 774
1648 808
1648 815
1648 839
1648 864
1648 883
1648 900
1648 937
1648 950
1648 958
1648 975
1648 994
1648 1026
1648 1029
1648 1036
1648 1041
1648 1061
1648 1091
1648 1115
1648 1137
1648 1166
1648 1212
1648 1246
1648 1253
1648 1260
1648 1274
1648 1278
1648 1291
1648 1297
1648 1302
1648 1340
1648 1403
1648 1408
1648 1436
1648 1442
1648 1451
1648 1475
1648 1478
1648 1516
1648 1527
1648 1550
1648 1562
1648 1566
1648 1569
1648 1611
1648 1633
1648 1953
1648 1954
1648 1956
1648 2037
1648 1996
1648 2296
1648 2020
1648 2029
1648 2045
1648 2055
1648 2056
1648 2058
1648 2081
1648 2059
1648 2316
1648 1649
1648 1655
1648 2169
1648 1984
1648 2199
1648 1696
1648 1705
1648 1712
1648 1731
1648 1995
1648 2267
1648 2269
1648 2279
1648 1790
1648 1796
1648 1803
1648 1815
1648 1828
1648 1866
1648 1922
1648 1939
1648 1689
1653 26
1653 340
1653 407
1653 610
1653 753
1653 837
1653 906
1653 1003
1653 1015
1653 1052
1653 1175
1653 1205
1653 1278
1653 1363
1653 1454
1653 1639
1653 2089
1653 1736
1653 1981
1653 1863
1653 1658
1653 2141
1653 1900
1653 2167
1653 2044
1653 2185
1653 1937
1653 1689
1658 26
1658 56
1658 68
1658 129
1658 132
1658 138
1658 162
1658 181
1658 187
1658 220
1658 241
1658 246
1658 302
1658 304
1658 318
1658 330
1658 347
1658 351
1658 352
1658 391
1658 399
1658 407
1658 512
1658 610
1658 632
1658 641
1658 700
1658 746
1658 753
1658 777
1658 786
1658 790
1658 859
1658 906
1658 915
1658 950
1658 953
1658 998
1658 1015
1658 1038
1658 1052
1658 1088
1658 1091
1658 1131
1658 1133
1658 1229
1658 1246
1658 1253
1658 1352
1658 1363
1658 1378
1658 1405
1658 1407
1658 1416
1658 1444
1658 1499
1658 1500
1658 1512
1658 1559
1658 1604
1658 1639
1658 1957
1658 1965
1658 2020
1658 2296
1658 2089
1658 2167
1658 2185
1658 2190
1658 1821
1658 1748
1658 2304
1658 1799
1658 1828
1658 1673
1658 1929
1658 1855
1658 1675
1658 1863
1658 1937
1658 1900
837 304
837 361
837 442
837 750
837 777
837 800
837 1211
837 1860
837 2122
837 1244
837 991
837 1503
837 1504
837 2020
837 1119
837 1643
837 885
837 2037
837 2167
837 1531
837 2179
837 1673
837 1675
837 1550
837 1936
837 1302
837 1939
1937 26
1937 63
1937 137
1937 303
1937 304
1937 330
1937 352
1937 407
1937 443
1937 591
1937 753
1937 761
1937 773
1937 777
1937 815
1937 859
1937 906
1937 914
1937 915
1937 921
1937 1052
1937 1099
1937 1165
1937 1363
1937 1444
1937 1479
1937 1484
1937 1631
1937 1639
1937 1794
1937 1819
1937 1823
1937 1865
1937 2307
1937 2177
1937 2020
1937 1942
407 26
407 125
407 330
407 1954
407 1099
407 1101
407 850
407 859
407 1500
407 736
407 610
407 876
407 753
407 1900
407 1015
407 2167
407 790
407 1052
26 1311
26 1954
26 1735
26 1965
26 1861
26 1101
26 1356
26 361
26 1535
26 1924
26 1099
26 1298
26 790
26 1052
26 1943
1052 583
1052 736
1052 1048
1052 1049
1052 1050
1052 1051
1052 1582
1052 1868
1052 1519
11 128
11 1819
11 929
11 644
11 713
11 1893
11 1260
11 516
11 1139
11 1869
11 986
11 1307
11 1319
11 148
128 1309
1819 132
1819 133
1819 152
1819 162
1819 198
1819 220
1819 330
1819 478
1819 650
1819 730
1819 734
1819 740
1819 773
1819 774
1819 808
1819 813
1819 815
1819 825
1819 900
1819 906
1819 915
1819 921
1819 1016
1819 1077
1819 1132
1819 1288
1819 1298
1819 1302
1819 1367
1819 1444
1819 1445
1819 1456
1819 1479
1819 1483
1819 1502
1819 1503
1819 1629
1819 1632
1819 1633
1819 1689
1819 1696
1819 1709
1819 1731
1819 1733
1819 1735
1819 1769
1819 1794
1819 1823
1819 2095
1819 1861
1819 1939
1819 1995
1819 1954
1819 2140
1819 2279
1819 1906
1819 2129
1819 1943
1819 2113
929 650
929 790
929 1809
929 1974
644 138
644 398
644 1696
644 2090
644 712
644 2091
644 2249
644 1549
644 692
644 1611
644 1432
644 1433
644 1510
644 1308
644 788
713 566
713 651
713 652
713 1500
713 736
713 799
713 1954
713 1681
713 1827
713 1363
713 2163
713 2166
1893 277
1893 593
1893 742
1893 788
1893 1084
1893 1092
1893 1533
1893 1633
1893 1831
1260 423
1260 852
1260 1692
1260 1694
516 403
1139 48
1139 99
1139 118
1139 286
1139 297
1139 396
1139 465
1139 738
1139 771
1139 781
1139 802
1139 888
1139 976
1139 1117
1139 1311
1139 1191
1139 1585
1139 1830
1139 1607
1139 2216
1139 1965
1139 1718
1139 2230
1139 1717
1139 1251
1139 1382
1139 1767
1139 1583
1139 1373
1139 2158
1139 1416
1139 1791
1139 1540
1139 1169
1139 1624
1869 859
1869 884
1869 983
1869 2193
986 137
986 244
986 255
986 361
986 367
986 463
986 570
986 736
986 859
986 881
986 905
986 1311
986 2221
986 2225
986 1996
986 1623
986 1624
986 2041
986 1629
986 1504
986 1761
986 1133
986 1270
986 2297
986 1791
986 2060
986 2030
1307 1487
1307 2318
1319 21
1319 444
1319 652
1319 709
1319 790
1319 1057
1319 1311
1319 2266
1319 1930
1319 1522
1319 1624
148 40
148 110
148 991
148 2296
148 675
148 2114
148 747
148 465
148 1808
148 790
148 1366
148 2198
12 1127
12 1615
12 1631
1127 35
1127 219
1127 375
1127 433
1127 524
1127 610
1127 850
1127 865
1127 909
1127 1821
1127 2074
1127 1378
1127 1952
1127 2036
1127 1799
1127 2244
1127 1291
1127 1388
1615 48
1615 255
1615 352
1615 408
1615 487
1615 493
1615 524
1615 563
1615 582
1615 718
1615 823
1615 826
1615 921
1615 962
1615 1061
1615 1141
1615 1163
1615 1164
1615 1308
1615 1354
1615 1457
1615 1485
1615 1504
1615 1542
1615 1562
1615 2235
1615 2277
1615 2160
1615 1651
1615 1796
1615 2311
1615 2072
1631 96
1631 144
1631 162
1631 210
1631 390
1631 471
1631 489
1631 506
1631 609
1631 705
1631 736
1631 741
1631 816
1631 895
1631 907
1631 915
1631 930
1631 964
1631 966
1631 968
1631 996
1631 1014
1631 1094
1631 1133
1631 1182
1631 1226
1631 1309
1631 1324
1631 1331
1631 1366
1631 1391
1631 1479
1631 1505
1631 1516
1631 1585
1631 1604
1631 1696
1631 2164
1631 2089
1631 1864
1631 2124
1631 2208
1631 1829
1631 1634
1631 2020
1631 1666
1631 1678
1631 2193
13 447
13 1188
13 1987
13 1479
13 2118
13 1544
13 176
13 1930
13 19
13 2061
13 2190
13 1142
13 1939
13 1909
13 1436
447 23
447 31
447 87
447 97
447 132
447 133
447 138
447 142
447 159
447 160
447 209
447 257
447 260
447 313
447 316
447 318
447 347
447 404
447 435
447 1452
447 958
447 1982
447 1983
447 1475
447 1988
447 461
447 470
447 1787
447 997
447 491
447 1008
447 2029
447 1535
447 2058
447 1965
447 2083
447 556
447 2090
447 1585
447 2098
447 589
447 591
447 1611
447 2132
447 677
447 2209
447 1794
447 692
447 2225
447 2226
447 2227
447 2234
447 725
447 1238
447 1748
447 1751
447 2263
447 736
447 1248
447 1249
447 741
447 1765
447 747
447 758
447 2296
447 1286
447 2307
447 1799
447 2329
447 1833
447 1325
447 826
447 1855
447 1862
447 1867
447 851
447 1363
447 1878
447 1378
447 1390
447 1905
447 1939
447 1921
447 1924
447 1417
447 1011
447 1431
1188 19
1188 105
1188 110
1188 111
1188 118
1188 159
1188 176
1188 181
1188 224
1188 243
1188 246
1188 293
1188 315
1188 316
1188 361
1188 366
1188 435
1188 448
1188 485
1188 488
1188 586
1188 692
1188 694
1188 736
1188 777
1188 790
1188 857
1188 908
1188 921
1188 958
1188 997
1188 1076
1188 1083
1188 1116
1188 1117
1188 1131
1188 1184
1188 1444
1188 1483
1188 2010
1188 2020
1188 1281
1188 1520
1188 2044
1188 1457
1188 1585
1188 2105
1188 1601
1188 1604
1188 2118
1188 1616
1188 1632
1188 1672
1188 1673
1188 1675
1188 2190
1188 1700
1188 1705
1188 1388
1188 1214
1188 2334
1188 1226
1188 1253
1188 2279
1188 1782
1188 2296
1188 2297
1188 1828
1188 1248
1188 1876
1188 1881
1188 1900
1188 1909
1188 1689
1188 1943
1987 74
1987 152
1987 241
1987 302
1987 608
1987 669
1987 847
1987 900
1987 1310
1987 1359
1987 1387
1987 1394
1987 1444
1987 1681
1987 1831
1987 1847
1987 1865
1987 2300
1987 2296
1479 127
1479 133
1479 144
1479 152
1479 159
1479 160
1479 162
1479 220
1479 233
1479 241
1479 330
1479 347
1479 361
1479 388
1479 391
1479 414
1479 425
1479 471
1479 513
1479 557
1479 589
1479 619
1479 629
1479 638
1479 652
1479 721
1479 755
1479 790
1479 792
1479 826
1479 827
1479 859
1479 888
1479 900
1479 901
1479 906
1479 1005
1479 1016
1479 1041
1479 1087
1479 1088
1479 1131
1479 1154
1479 1238
1479 1285
1479 1288
1479 1289
1479 1292
1479 1297
1479 1298
1479 1302
1479 1326
1479 1333
1479 1378
1479 1407
1479 1436
1479 1464
1479 2033
1479 1483
1479 2020
1479 1516
1479 2046
1479 2060
1479 2091
1479 2100
1479 2102
1479 1612
1479 2130
1479 1623
1479 1624
1479 1689
1479 2138
1479 1629
1479 1632
1479 1633
1479 2156
1479 2157
1479 1675
1479 2191
1479 1918
1479 2216
1479 2219
1479 2266
1479 2279
1479 1791
1479 1751
1479 1820
1479 1821
1479 2331
1479 1823
1479 1830
1479 1843
1479 1876
1479 2281
1479 1933
1479 1939
2118 19
2118 176
2118 316
2118 324
2118 330
2118 508
2118 512
2118 625
2118 632
2118 777
2118 786
2118 800
2118 824
2118 835
2118 857
2118 883
2118 963
2118 975
2118 1050
2118 1051
2118 1083
2118 1104
2118 1134
2118 1226
2118 1229
2118 1236
2118 1244
2118 1414
2118 1436
2118 1437
2118 1504
2118 1563
2118 1604
2118 1606
2118 1651
2118 1663
2118 1673
2118 1675
2118 1795
2118 1834
2118 1845
2118 1909
2118 1936
2118 2037
2118 2281
2118 2240
2118 2247
2118 2140
2118 2190
1544 176
1544 2190
176 19
176 51
176 111
176 112
176 118
176 159
176 160
176 1438
176 1444
176 972
176 2010
176 1503
176 2020
176 1520
176 2044
176 181
176 1063
176 1571
176 2085
176 1083
176 2108
176 1604
176 1131
176 2157
176 1144
176 641
176 1154
176 1673
176 1675
176 2190
176 1689
176 1700
176 1705
176 692
176 1214
176 1909
176 1229
176 2261
176 736
176 747
176 749
176 2279
176 1264
176 2284
176 2285
176 2287
176 1782
176 777
176 1799
176 293
176 2334
176 1828
176 304
176 823
176 315
176 316
176 857
176 1876
176 1378
176 1388
176 891
176 894
176 901
176 399
176 913
176 1943
1930 49
1930 97
1930 110
1930 165
1930 209
1930 299
1930 330
1930 390
1930 444
1930 448
1930 513
1930 790
1930 881
1930 901
1930 906
1930 1010
1930 1063
1930 1085
1930 1086
1930 1087
1930 1131
1930 1133
1930 1281
1930 1289
1930 1311
1930 1333
1930 1369
1930 1478
1930 1516
1930 1679
1930 1751
1930 1785
1930 1799
1930 1820
1930 1821
1930 1879
1930 1928
1930 2225
1930 2078
1930 2281
1930 1933
1930 2070
19 1569
19 1063
19 557
19 1799
19 438
19 1083
19 316
19 1728
19 1604
19 1226
19 1229
19 1104
19 786
19 330
19 739
19 1936
19 747
19 970
19 625
19 632
19 1324
19 1909
19 512
19 1795
19 1673
19 1675
19 274
19 2190
19 1681
19 412
19 1689
2061 747
2061 1205
2061 1509
2061 1689
2061 2237
2061 2286
2190 23
2190 110
2190 146
2190 178
2190 244
2190 268
2190 439
2190 459
2190 615
2190 660
2190 692
2190 930
2190 1084
2190 1258
2190 1342
2190 1482
2190 1483
2190 1861
2190 1909
2190 1914
2190 2053
2190 2156
2190 2279
1142 540
1142 894
1142 2200
1142 1914
1142 1731
1142 2053
1142 1639
1939 88
1939 93
1939 152
1939 159
1939 162
1939 173
1939 181
1939 239
1939 246
1939 258
1939 284
1939 286
1939 304
1939 352
1939 361
1939 399
1939 465
1939 507
1939 508
1939 615
1939 647
1939 649
1939 655
1939 669
1939 750
1939 777
1939 790
1939 800
1939 826
1939 859
1939 861
1939 871
1939 900
1939 906
1939 988
1939 991
1939 1016
1939 1042
1939 1046
1939 1119
1939 1129
1939 1133
1939 1246
1939 1278
1939 1286
1939 1288
1939 1297
1939 1298
1939 1302
1939 1330
1939 1349
1939 1363
1939 1369
1939 1378
1939 1405
1939 1436
1939 1437
1939 1454
1939 1483
1939 1497
1939 1500
1939 1503
1939 1531
1939 1580
1939 1594
1939 1629
1939 1632
1939 1633
1939 1673
1939 1675
1939 1678
1939 1689
1939 1716
1939 1731
1939 1767
1939 1791
1939 1813
1939 1823
1939 1828
1939 1876
1939 1890
1939 1936
1939 2037
1939 1996
1939 1997
1939 2020
1939 2080
1939 2156
1939 2167
1939 2179
1939 2180
1939 2216
1939 2305
1939 2296
1939 2185
1939 2279
1909 210
1909 316
1909 512
1909 625
1909 632
1909 747
1909 777
1909 786
1909 857
1909 859
1909 894
1909 913
1909 1063
1909 1083
1909 1104
1909 1131
1909 1226
1909 1229
1909 1378
1909 1444
1909 1601
1909 1604
1909 1606
1909 1673
1909 1675
1909 1689
1909 1705
1909 1795
1909 1845
1909 2279
1909 1936
1909 2192
1436 21
1436 93
1436 97
1436 132
1436 249
1436 284
1436 286
1436 314
1436 465
1436 507
1436 508
1436 579
1436 647
1436 649
1436 750
1436 761
1436 777
1436 800
1436 815
1436 861
1436 880
1436 939
1436 963
1436 972
1436 988
1436 991
1436 1021
1436 1040
1436 1043
1436 1046
1436 1065
1436 1072
1436 1133
1436 1134
1436 1218
1436 1246
1436 1278
1436 1285
1436 1286
1436 1363
1436 1369
1436 1372
1436 1378
1436 1399
1436 1437
1436 1996
1436 1498
1436 1503
1436 2020
1436 1531
1436 2055
1436 2067
1436 2080
1436 2156
1436 2179
1436 1673
1436 1675
1436 1678
1436 2240
1436 1716
1436 1731
1436 2261
1436 2279
1436 2281
1436 1834
1436 2305
1436 1497
1436 1813
1436 1820
1436 1876
1436 1887
1436 1890
14 768
14 641
14 1475
14 438
14 1417
14 1575
14 270
14 2025
14 656
14 273
14 277
14 1936
14 1563
14 1272
768 21
768 84
768 203
768 270
768 271
768 276
768 277
768 299
768 314
768 318
768 328
768 334
768 433
768 436
768 437
768 438
768 621
768 1438
768 2115
768 2094
768 2079
768 1569
768 936
768 2209
768 947
768 826
768 1996
768 1876
768 865
768 1409
768 1417
768 2242
768 2072
641 42
641 80
641 181
641 186
641 200
641 239
641 304
641 456
641 469
641 508
641 510
641 522
641 557
641 610
641 1979
641 975
641 2009
641 994
641 1002
641 1007
641 2037
641 2044
641 2053
641 1547
641 1559
641 2220
641 1058
641 2085
641 1799
641 1586
641 1080
641 1593
641 2058
641 2114
641 790
641 1624
641 2144
641 2145
641 2146
641 2147
641 2148
641 2149
641 2150
641 2152
641 1651
641 2151
641 1673
641 1675
641 2207
641 2217
641 1710
641 696
641 2231
641 1237
641 2259
641 1246
641 1637
641 746
641 1768
641 1264
641 1267
641 1272
641 763
641 2296
641 777
641 2308
641 787
641 1821
641 1251
641 839
641 1354
641 1358
641 861
641 1378
641 1914
641 900
641 1604
1475 159
1475 162
1475 165
1475 270
1475 271
1475 274
1475 276
1475 277
1475 338
1475 413
1475 425
1475 427
1475 439
1475 473
1475 507
1475 654
1475 724
1475 739
1475 958
1475 1021
1475 1093
1475 1104
1475 1131
1475 1175
1475 1409
1475 1456
1475 1821
1475 1569
1475 2011
1475 1890
1475 1580
1475 1681
438 16
438 61
438 83
438 132
438 138
438 220
438 241
438 253
438 258
438 260
438 319
438 346
438 378
438 387
438 391
438 436
438 437
438 1949
438 2079
438 2206
438 1571
438 1702
438 1575
438 1208
438 1724
438 452
438 1347
438 1985
438 1604
438 1354
438 1229
438 2249
438 1403
438 1238
438 856
438 987
438 2135
438 1503
438 1634
438 1766
438 2020
438 2275
438 2157
438 642
438 2040
438 621
438 1809
438 901
438 1793
438 1669
438 1417
438 1548
438 1411
438 541
438 2060
438 1811
438 2068
438 1796
438 2071
438 1303
1417 31
1417 55
1417 60
1417 72
1417 74
1417 100
1417 129
1417 151
1417 155
1417 173
1417 277
1417 313
1417 318
1417 334
1417 431
1417 435
1417 513
1417 524
1417 573
1417 621
1417 638
1417 657
1417 865
1417 980
1417 1011
1417 1020
1417 1047
1417 1229
1417 1281
1417 1301
1417 1306
1417 1328
1417 1358
1417 1387
1417 1390
1417 2247
1417 1963
1417 1580
1417 2234
1417 1993
1417 1785
1417 1884
1417 2261
1417 2252
1417 1511
1417 1682
1417 2086
1417 1899
1417 2160
1417 2168
1417 1675
1417 1604
1575 61
1575 132
1575 133
1575 138
1575 147
1575 361
1575 436
1575 487
1575 490
1575 507
1575 589
1575 711
1575 826
1575 850
1575 1229
1575 1571
1575 1830
1575 2011
1575 2307
1575 1809
270 21
270 83
270 109
270 132
270 156
270 241
270 258
270 2207
270 936
270 558
270 435
270 1208
270 314
270 1724
270 962
270 2108
270 1854
270 1347
270 1604
270 1330
270 1548
270 1229
270 2248
270 2249
270 1403
270 346
270 2136
270 993
270 1378
270 1381
270 2275
270 1004
270 1026
270 642
270 387
270 1388
270 378
270 452
270 1686
270 1669
270 2311
270 272
270 1804
270 2060
270 1043
270 1809
270 1811
270 2067
270 2068
270 2072
2025 249
2025 747
2025 1021
2025 1796
2025 1821
656 152
656 210
656 257
656 273
656 334
656 352
656 442
656 576
656 651
656 652
656 654
656 799
656 736
656 1099
656 1840
656 824
656 1211
656 1849
656 2116
656 1238
656 1787
656 2020
656 2275
656 1387
656 2279
656 1016
656 2037
656 1021
656 1302
656 901
656 778
656 1674
656 1936
656 1431
273 61
273 83
273 156
273 198
273 220
273 230
273 253
273 2206
273 1700
273 435
273 1335
273 1984
273 1618
273 736
273 1021
273 2169
273 1660
273 1804
273 796
277 16
277 21
277 65
277 83
277 92
277 97
277 109
277 132
277 156
277 241
277 258
277 1438
277 1949
277 936
277 435
277 1967
277 955
277 448
277 452
277 470
277 1193
277 2011
277 2040
277 346
277 1548
277 2060
277 1043
277 1044
277 2068
277 2071
277 2072
277 558
277 1075
277 2094
277 1604
277 602
277 2135
277 625
277 629
277 1303
277 642
277 1669
277 2324
277 1678
277 2206
277 2207
277 1700
277 1702
277 1208
277 1723
277 1724
277 2241
277 1225
277 1229
277 2249
277 2275
277 387
277 1790
277 1799
277 2311
277 1804
277 1809
277 1811
277 1815
277 993
277 1335
277 314
277 319
277 1854
277 1347
277 1876
277 352
277 1378
277 1381
277 1388
277 378
277 1401
277 1402
277 1403
277 899
277 1926
1936 87
1936 159
1936 246
1936 253
1936 321
1936 324
1936 361
1936 399
1936 441
1936 488
1936 746
1936 824
1936 1050
1936 1051
1936 1141
1936 1244
1936 1254
1936 1302
1936 1388
1936 1444
1936 1498
1936 1673
1936 1675
1936 1695
1936 1820
1936 1828
1936 1985
1936 2037
1936 2059
1936 2020
1936 2279
1563 45
1563 163
1563 344
1563 448
1563 519
1563 667
1563 890
1563 1004
1563 1237
1563 1238
1563 1291
1563 1958
1563 1705
1563 1711
1563 1847
1563 1985
1563 1627
1563 2128
1563 2157
1563 1907
1563 2051
1563 1815
1272 33
1272 57
1272 61
1272 62
1272 80
1272 93
1272 135
1272 149
1272 239
1272 241
1272 286
1272 319
1272 360
1272 411
1272 426
1272 510
1272 595
1272 608
1272 638
1272 664
1272 696
1272 709
1272 774
1272 777
1272 805
1272 839
1272 863
1272 910
1272 975
1272 1042
1272 1061
1272 1063
1272 1076
1272 1080
1272 1175
1272 1212
1272 1235
1272 1237
1272 1246
1272 1965
1272 1466
1272 1492
1272 2011
1272 1956
1272 1512
1272 2023
1272 1550
1272 1562
1272 2091
1272 1584
1272 1585
1272 1586
1272 1593
1272 1604
1272 2130
1272 1651
1272 1652
1272 1655
1272 1728
1272 1673
1272 1675
1272 1710
1272 1723
1272 2081
1272 1746
1272 1750
1272 2271
1272 1768
1272 1786
1272 2314
1272 1810
1272 1318
1272 1333
1272 1843
1272 1764
1272 1879
1272 1378
1272 1388
1272 1394
1272 1407
1272 1419
1272 1422
1272 2114
15 97
15 130
15 132
15 1696
15 2206
15 650
15 1926
15 1862
15 304
15 1709
15 1842
15 1984
15 859
97 23
97 24
97 25
97 33
97 56
97 1314
97 1141
97 1443
97 1063
97 2208
97 2209
97 556
97 304
97 692
97 310
97 746
97 2225
97 1928
97 2095
97 1085
97 589
97 1597
97 1472
97 1824
97 1601
97 2113
97 1864
97 564
97 209
97 1995
97 790
97 2251
97 855
97 600
97 857
97 859
97 1751
97 1011
97 1633
97 1634
97 2020
97 1135
97 1711
97 1520
97 664
97 1525
97 142
97 1527
97 1431
97 2191
97 255
97 243
97 906
97 2098
97 1799
97 1037
97 921
97 2072
97 159
130 2200
130 1950
130 1696
130 2206
130 808
130 1709
130 1965
130 1842
130 1210
130 805
130 1984
130 1099
130 1862
130 1954
130 859
130 2260
130 296
130 1888
130 1255
130 2020
130 747
130 1175
130 241
130 2037
130 2296
130 137
130 650
130 1926
130 152
132 49
132 60
132 61
132 131
132 1438
132 1448
132 939
132 436
132 949
132 439
132 442
132 958
132 450
132 1478
132 593
132 1995
132 466
132 1192
132 1494
132 478
132 2010
132 2011
132 484
132 490
132 2029
132 446
132 2035
132 1527
132 511
132 2045
132 1030
132 2050
132 2051
132 2052
132 1037
132 1041
132 381
132 1554
132 2071
132 550
132 1570
132 1585
132 577
132 2114
132 2115
132 587
132 1105
132 872
132 599
132 600
132 1113
132 1114
132 788
132 610
132 1633
132 1132
132 1644
132 2155
132 2157
132 631
132 1655
132 1149
132 133
132 134
132 138
132 651
132 652
132 653
132 654
132 1172
132 152
132 666
132 667
132 668
132 160
132 162
132 1696
132 2261
132 169
132 688
132 1821
132 183
132 700
132 1212
132 703
132 193
132 705
132 709
132 203
132 1748
132 731
132 2260
132 1244
132 734
132 2267
132 1760
132 437
132 747
132 748
132 750
132 752
132 1772
132 1265
132 1777
132 2296
132 1569
132 774
132 2306
132 2307
132 276
132 1809
132 1311
132 1248
132 1325
132 1326
132 310
132 312
132 314
132 1337
132 1339
132 826
132 741
132 839
132 1845
132 334
132 850
132 341
132 1872
132 1366
132 1876
132 1369
132 357
132 360
132 1891
132 1898
132 883
132 2275
132 1403
132 1408
132 900
132 1921
132 241
132 669
132 2225
132 159
132 411
132 413
1696 35
1696 56
1696 134
1696 137
1696 188
1696 194
1696 219
1696 220
1696 242
1696 330
1696 437
1696 466
1696 478
1696 524
1696 525
1696 736
1696 748
1696 757
1696 777
1696 808
1696 815
1696 906
1696 995
1696 1003
1696 1055
1696 1124
1696 1211
1696 1391
1696 1510
1696 1520
1696 1538
1696 1597
1696 1633
1696 1673
1696 1675
1696 1821
1696 1711
1696 1861
1696 2260
1696 2177
1696 2020
1696 2023
1696 2032
1696 1919
1696 1780
1696 2296
1696 2198
1696 1922
2206 60
2206 137
2206 156
2206 162
2206 203
2206 209
2206 210
2206 241
2206 272
2206 276
2206 296
2206 334
2206 654
2206 747
2206 761
2206 805
2206 841
2206 959
2206 996
2206 1248
2206 1366
2206 1514
2206 1569
2206 1596
2206 1644
2206 1796
2206 1821
2206 1842
2206 1862
2206 1926
2206 1950
2206 2200
2206 2203
2206 2245
2206 2260
2206 2296
650 38
650 56
650 178
650 194
650 195
650 198
650 201
650 363
650 429
650 472
650 473
650 478
650 561
650 593
650 620
650 637
650 1709
650 1711
650 1077
650 1780
650 1861
650 2260
650 995
650 1124
650 1632
650 1634
650 2023
650 748
650 1391
650 1520
650 1778
650 1525
650 1919
650 1538
650 1288
650 906
650 1167
650 912
650 666
1926 110
1926 209
1926 276
1926 296
1926 703
1926 959
1926 1248
1926 1366
1926 1596
1926 1644
1926 1660
1926 1821
1926 1950
1926 2337
1926 2203
1926 2168
1926 2296
1862 122
1862 187
1862 396
1862 471
1862 709
1862 715
1862 717
1862 826
1862 1248
1862 1297
1862 1340
1862 1456
1862 1556
1862 1604
1862 1624
1862 1821
1862 2219
1862 2317
304 24
304 102
304 142
304 181
304 241
304 246
304 1437
304 1447
304 939
304 1454
304 963
304 459
304 1996
304 1497
304 478
304 991
304 1503
304 2017
304 1514
304 1524
304 507
304 1535
304 522
304 2058
304 1044
304 1046
304 1048
304 1060
304 2080
304 2085
304 557
304 1072
304 1073
304 1077
304 1585
304 1586
304 2105
304 1604
304 594
304 1382
304 2130
304 649
304 1166
304 2185
304 1169
304 1678
304 2191
304 1684
304 669
304 1689
304 1693
304 1716
304 1717
304 1728
304 1731
304 1226
304 1738
304 1234
304 2251
304 2260
304 1246
304 737
304 2266
304 1259
304 1278
304 1793
304 777
304 1813
304 800
304 1821
304 805
304 1831
304 1852
304 324
304 839
304 1354
304 1358
304 1363
304 1378
304 1890
304 875
304 1894
304 1900
304 883
304 1919
304 906
304 1931
304 915
304 411
1709 47
1709 56
1709 178
1709 194
1709 195
1709 197
1709 198
1709 330
1709 483
1709 561
1709 576
1709 611
1709 666
1709 727
1709 736
1709 761
1709 859
1709 906
1709 994
1709 995
1709 1055
1709 1155
1709 1262
1709 1310
1709 1354
1709 1474
1709 1489
1709 1573
1709 1611
1709 1624
1709 1823
1709 2281
1709 1842
1709 2197
1709 1711
1709 1861
1709 1821
1709 2260
1709 2252
1709 1886
1709 2269
1709 2020
1709 1767
1709 2023
1709 1855
1709 2036
1709 1919
1709 1733
1709 2307
1709 2132
1709 2177
1842 841
1842 1655
1842 1821
1842 1950
1842 1888
1842 1984
1984 282
1984 361
1984 841
1984 1888
1984 1950
859 53
859 56
859 74
859 110
859 113
859 117
859 125
859 137
859 144
859 152
859 156
859 162
859 163
859 185
859 188
859 193
859 241
859 310
859 325
859 347
859 354
859 359
859 361
859 364
859 390
859 392
859 393
859 416
859 461
859 490
859 507
859 594
859 610
859 611
859 652
859 654
859 669
859 728
859 730
859 731
859 736
859 748
859 785
859 787
859 805
859 820
859 830
859 1948
859 937
859 1185
859 2177
859 2203
859 1979
859 964
859 1478
859 1483
859 1490
859 1500
859 2018
859 2023
859 2024
859 1007
859 2037
859 1537
859 2053
859 1040
859 2059
859 1051
859 2089
859 1077
859 1585
859 1591
859 1100
859 1101
859 1626
859 2145
859 1637
859 2148
859 2155
859 963
859 2167
859 965
859 966
859 1675
859 1681
859 1184
859 1190
859 2209
859 2219
859 1482
859 1712
859 2163
859 1655
859 1744
859 2268
859 1253
859 1254
859 2279
859 1267
859 2150
859 1918
859 1278
859 2296
859 1789
859 1282
859 1793
859 1288
859 2306
859 1800
859 2316
859 967
859 1302
859 1303
859 1330
859 1821
859 1314
859 1823
859 1827
859 1828
859 1324
859 1834
859 1079
859 1846
859 1847
859 1852
859 1349
859 1354
859 1864
859 1865
859 1359
859 1412
859 1363
859 1041
859 1379
859 1385
859 1900
859 1901
859 1660
859 2058
859 1358
859 1914
859 900
859 1767
859 906
859 1929
859 1423
859 915
859 921
859 1514
16 1542
16 1569
16 1796
16 203
16 2245
16 1769
16 276
16 1462
1542 209
1542 574
1542 921
1542 1238
1542 1248
1542 1462
1569 21
1569 65
1569 83
1569 92
1569 109
1569 135
1569 138
1569 156
1569 241
1569 258
1569 269
1569 274
1569 276
1569 314
1569 319
1569 320
1569 338
1569 378
1569 387
1569 435
1569 448
1569 452
1569 470
1569 536
1569 558
1569 559
1569 625
1569 642
1569 876
1569 899
1569 914
1569 936
1569 955
1569 993
1569 1043
1569 1075
1569 1088
1569 1130
1569 1131
1569 1196
1569 1208
1569 1216
1569 1229
1569 1303
1569 1335
1569 1347
1569 1359
1569 1378
1569 1380
1569 1381
1569 1388
1569 1402
1569 1403
1569 1438
1569 1464
1569 1506
1569 1548
1569 1949
1569 1946
1569 1967
1569 1988
1569 2040
1569 2060
1569 2068
1569 2072
1569 2094
1569 2102
1569 1604
1569 2131
1569 2137
1569 1632
1569 1811
1569 1724
1569 1669
1569 1815
1569 2071
1569 2207
1569 1700
1569 1702
1569 1723
1569 2249
1569 1760
1569 2275
1569 2135
1569 2311
1569 1804
1569 1809
1569 2324
1569 2011
1569 1843
1569 1854
1569 1876
1569 1679
1569 1884
1796 83
1796 109
1796 220
1796 258
1796 276
1796 314
1796 391
1796 437
1796 513
1796 602
1796 657
1796 936
1796 1075
1796 1248
1796 1378
1796 1381
1796 1406
1796 1516
1796 1556
1796 1604
1796 1702
1796 1760
1796 2207
1796 2083
1796 2311
1796 2279
1796 2237
1796 2071
1796 2131
1796 2040
1796 1967
1796 1815
1796 2068
1796 2324
203 65
203 83
203 109
203 156
203 1949
203 2207
203 1702
203 558
203 2311
203 1075
203 1967
203 1208
203 319
203 1724
203 452
203 2249
203 470
203 2135
203 993
203 1378
203 1760
203 1381
203 642
203 899
203 1399
203 378
203 258
203 1669
203 387
203 1804
203 2060
203 1809
203 1811
203 2068
203 2071
2245 83
2245 109
2245 156
2245 258
2245 387
2245 452
2245 558
2245 777
2245 993
2245 1075
2245 1229
2245 1378
2245 1381
2245 1403
2245 1604
2245 1669
2245 1724
2245 1804
2245 1809
2245 1811
2245 1949
2245 1967
2245 2011
2245 2060
2245 2068
2245 2135
2245 2311
2245 2275
1769 105
1769 110
1769 208
1769 269
1769 310
1769 419
1769 459
1769 487
1769 491
1769 548
1769 666
1769 692
1769 734
1769 746
1769 788
1769 826
1769 889
1769 910
1769 922
1769 923
1769 982
1769 1022
1769 1075
1769 1091
1769 1096
1769 1114
1769 1130
1769 1233
1769 1326
1769 1338
1769 1432
1769 1433
1769 1434
1769 1457
1769 1549
1769 1611
1769 2079
1769 2116
1769 1830
1769 1960
1769 2117
1769 2253
1769 2267
1769 2046
1769 2032
1769 2279
1769 2113
1769 1943
276 20
276 21
276 35
276 65
276 79
276 83
276 109
276 156
276 241
276 253
276 258
276 1438
276 1949
276 936
276 1802
276 435
276 1967
276 439
276 955
276 452
276 470
276 993
276 1279
276 1516
276 858
276 1548
276 2060
276 1043
276 1044
276 1556
276 2068
276 2071
276 2072
276 1061
276 558
276 1075
276 2094
276 1604
276 591
276 2131
276 2135
276 625
276 632
276 642
276 1669
276 2207
276 1700
276 1702
276 1208
276 2228
276 1723
276 1724
276 378
276 1727
276 1229
276 2249
276 1241
276 1760
276 437
276 2275
276 1271
276 387
276 2311
276 1804
276 1809
276 1811
276 2324
276 2011
276 1335
276 314
276 319
276 320
276 1854
276 1347
276 842
276 1355
276 1359
276 1876
276 1378
276 1381
276 890
276 1402
276 1403
276 899
276 900
276 1920
1462 389
1462 657
1462 1236
1462 1387
1462 1434
1462 1760
18 2219
2219 23
2219 33
2219 42
2219 45
2219 163
2219 192
2219 196
2219 200
2219 220
2219 255
2219 306
2219 310
2219 392
2219 398
2219 414
2219 425
2219 441
2219 466
2219 469
2219 484
2219 500
2219 519
2219 525
2219 533
2219 551
2219 556
2219 564
2219 565
2219 599
2219 625
2219 632
2219 646
2219 689
2219 709
2219 729
2219 736
2219 739
2219 741
2219 746
2219 747
2219 755
2219 800
2219 812
2219 835
2219 860
2219 891
2219 896
2219 901
2219 905
2219 913
2219 924
2219 939
2219 999
2219 1041
2219 1056
2219 1063
2219 1064
2219 1075
2219 1088
2219 1092
2219 1100
2219 1137
2219 1183
2219 1205
2219 1233
2219 1311
2219 1321
2219 1378
2219 1414
2219 1444
2219 1461
2219 1476
2219 1552
2219 1556
2219 1558
2219 1604
2219 1627
2219 1637
2219 1673
2219 1675
2219 1680
2219 1689
2219 1693
2219 1712
2219 1742
2219 1765
2219 1784
2219 1785
2219 1786
2219 1795
2219 1802
2219 1808
2219 1815
2219 1821
2219 1830
2219 1840
2219 1859
2219 1861
2219 1887
2219 1957
2219 2020
2219 2043
2219 2046
2219 2066
2219 2074
2219 2079
2219 2091
2219 2100
2219 2102
2219 2117
2219 2138
2219 2168
2219 2234
2219 2266
2219 2284
2219 2285
2219 2287
2219 2300
2219 2260
2219 2334
1063 74
1063 76
1063 137
1063 146
1063 162
1063 165
1063 173
1063 181
1063 189
1063 200
1063 209
1063 220
1063 233
1063 258
1063 260
1063 306
1063 321
1063 391
1063 392
1063 421
1063 536
1063 560
1063 649
1063 666
1063 669
1063 747
1063 750
1063 800
1063 826
1063 835
1063 844
1063 857
1063 858
1063 883
1063 958
1063 962
1063 995
1063 1041
1063 1441
1063 1988
1063 2010
1063 1515
1063 1555
1063 2086
1063 1073
1063 2093
1063 1592
1063 2104
1063 1597
1063 1603
1063 1611
1063 1616
1063 1633
1063 1651
1063 1693
1063 2207
1063 1313
1063 2225
1063 1997
1063 1253
1063 1254
1063 1795
1063 1921
1063 1414
1063 2323
1063 2325
1063 2337
1063 1324
1063 1844
1063 1358
1063 1378
1063 1389
1063 1403
1063 1408
1063 1601
1063 1431
1063 1604
557 40
557 138
557 181
557 207
557 324
557 456
557 469
557 492
557 510
557 1693
557 2077
557 1226
557 2308
557 815
557 1002
557 1565
557 1737
557 1378
557 1980
557 2237
557 1547
557 1606
557 2207
557 1362
557 1111
557 2130
557 638
557 2261
557 990
557 2138
557 618
557 1225
557 1871
557 1130
557 2296
557 1790
557 900
557 1454
557 1799
557 1040
557 1043
557 861
557 1935
557 2058
557 1305
557 777
557 1689
1799 57
1799 95
1799 115
1799 142
1799 177
1799 181
1799 185
1799 207
1799 237
1799 241
1799 261
1799 324
1799 392
1799 411
1799 456
1799 465
1799 469
1799 510
1799 519
1799 551
1799 658
1799 681
1799 684
1799 728
1799 777
1799 805
1799 824
1799 861
1799 900
1799 954
1799 963
1799 972
1799 975
1799 985
1799 1002
1799 1046
1799 1072
1799 1077
1799 1166
1799 1243
1799 1285
1799 1354
1799 1357
1799 1362
1799 1378
1799 1405
1799 1445
1799 1461
1799 1497
1799 1514
1799 1547
1799 1689
1799 1693
1799 1767
1799 1793
1799 1952
1799 1973
1799 2017
1799 2047
1799 2085
1799 2058
1799 2114
1799 1981
1799 2185
1799 2207
1799 1993
1799 2266
1799 2296
1799 2306
1799 1813
1799 1828
1799 1831
1799 1834
1799 1929
1799 1890
1799 1894
1083 85
1083 399
1083 512
1083 679
1083 786
1083 815
1083 835
1083 844
1083 1053
1083 1082
1083 2334
1083 1705
1083 1346
1083 1855
1083 1358
1083 1604
1083 1104
1083 1495
1083 1233
1083 1131
1083 1643
1083 1267
1083 2285
1083 1795
1083 1175
316 101
316 2140
316 679
316 1795
316 2146
316 1508
316 1233
316 1675
316 1751
316 1267
1728 138
1728 280
1728 286
1728 414
1728 423
1728 594
1728 617
1728 738
1728 799
1728 826
1728 827
1728 938
1728 1043
1728 1187
1728 1246
1728 1378
1728 1456
1728 1511
1728 1562
1728 1624
1728 2137
1728 2207
1728 1887
1728 1785
1604 23
1604 84
1604 87
1604 111
1604 151
1604 152
1604 165
1604 168
1604 181
1604 191
1604 207
1604 268
1604 271
1604 299
1604 310
1604 313
1604 360
1604 408
1604 435
1604 439
1604 507
1604 512
1604 513
1604 534
1604 585
1604 604
1604 617
1604 619
1604 632
1604 636
1604 746
1604 777
1604 785
1604 786
1604 787
1604 826
1604 827
1604 839
1604 854
1604 860
1604 863
1604 876
1604 883
1604 888
1604 891
1604 894
1604 900
1604 914
1604 916
1604 942
1604 947
1604 970
1604 971
1604 975
1604 983
1604 1007
1604 1021
1604 1022
1604 1082
1604 1085
1604 1087
1604 1088
1604 1091
1604 1104
1604 1114
1604 1135
1604 1143
1604 1179
1604 1203
1604 1229
1604 1238
1604 1246
1604 1251
1604 1267
1604 1278
1604 1305
1604 1321
1604 1342
1604 1358
1604 1409
1604 1456
1604 1478
1604 1483
1604 1495
1604 1520
1604 1522
1604 1523
1604 1556
1604 1581
1604 1583
1604 1585
1604 1586
1604 1945
1604 1802
1604 1962
1604 1979
1604 1998
1604 2126
1604 2081
1604 2029
1604 2058
1604 2089
1604 1605
1604 1610
1604 1637
1604 1808
1604 2144
1604 2145
1604 2149
1604 2150
1604 2153
1604 2148
1604 1647
1604 2066
1604 2152
1604 1673
1604 1675
1604 1690
1604 2146
1604 1693
1604 1705
1604 1651
1604 2162
1604 1929
1604 1729
1604 2240
1604 1732
1604 2242
1604 2251
1604 1710
1604 1743
1604 1766
1604 1767
1604 1768
1604 2279
1604 2282
1604 2294
1604 1787
1604 1793
1604 2303
1604 1795
1604 1809
1604 1821
1604 1840
1604 1828
1604 1927
1604 1855
1604 1858
1604 1765
1604 1681
1604 1830
1604 1835
1604 2151
1604 2147
1604 1935
1226 33
1226 87
1226 110
1226 118
1226 142
1226 266
1226 268
1226 310
1226 324
1226 465
1226 472
1226 507
1226 645
1226 646
1226 647
1226 668
1226 696
1226 835
1226 839
1226 876
1226 891
1226 914
1226 921
1226 980
1226 999
1226 1009
1226 1048
1226 1072
1226 1183
1226 1358
1226 2306
1226 1828
1226 2089
1226 1814
1226 1840
1226 1675
1226 1594
1226 2303
1226 1996
1226 2114
1226 1729
1226 2263
1226 1816
1226 2139
1226 1741
1226 1886
1226 1389
1226 1900
1226 1649
1226 1786
1226 1914
1226 2043
1226 1795
1226 2305
1226 1476
1226 2259
1226 1858
1226 1267
1229 271
1229 436
1229 771
1229 1224
1229 2307
1229 2217
1229 1821
1229 2234
1229 2237
1229 1244
1229 2076
1229 1456
1229 1409
1229 1407
1229 1795
1229 1678
1104 310
1104 512
1104 826
1104 894
1104 900
1104 913
1104 2076
1104 1979
1104 1233
1104 2296
1104 1767
1104 2285
1104 1513
1104 1411
1104 1795
1104 2053
1104 1675
1104 2066
786 68
786 191
786 227
786 351
786 448
786 610
786 744
786 777
786 1690
786 2044
786 1321
786 1705
786 1965
786 1076
786 1713
786 1080
786 1588
786 1589
786 1591
786 1592
786 1594
786 1082
786 1473
786 1855
786 1352
786 1610
786 1806
786 1593
786 1726
786 1407
786 1495
786 2013
786 2304
786 1416
786 1545
786 1929
786 2070
786 1647
330 48
330 113
330 118
330 134
330 137
330 144
330 152
330 181
330 182
330 193
330 1952
330 1457
330 1973
330 1483
330 1995
330 478
330 487
330 488
330 2020
330 497
330 1522
330 1527
330 512
330 522
330 1456
330 1553
330 947
330 1065
330 1077
330 1084
330 1085
330 1597
330 1623
330 1624
330 611
330 1632
330 1635
330 638
330 657
330 1679
330 666
330 1735
330 2260
330 1251
330 1252
330 1765
330 748
330 1785
330 1791
330 1291
330 1712
330 1297
330 1298
330 1302
330 798
330 1823
330 808
330 813
330 834
330 2269
330 357
330 361
330 2107
330 901
330 390
330 906
330 915
739 141
739 253
739 274
739 320
739 437
739 439
739 812
739 822
739 782
739 1470
739 962
739 1091
739 2248
739 2136
739 1130
739 1766
739 1004
739 1525
739 1150
739 2052
739 1673
739 1678
739 1809
747 69
747 86
747 124
747 138
747 152
747 156
747 165
747 181
747 210
747 220
747 246
747 286
747 293
747 302
747 310
747 328
747 361
747 405
747 415
747 435
747 439
747 448
747 511
747 540
747 593
747 610
747 654
747 664
747 727
747 736
747 741
747 746
747 1444
747 1458
747 1466
747 1478
747 1498
747 2126
747 996
747 1510
747 1520
747 2067
747 2074
747 1122
747 1091
747 2114
747 2116
747 1107
747 1550
747 1740
747 2137
747 1646
747 2158
747 2168
747 2187
747 1681
747 2200
747 1733
747 1193
747 1821
747 1729
747 1225
747 2246
747 1741
747 1246
747 2267
747 750
747 751
747 752
747 1777
747 761
747 2296
747 1326
747 1292
747 782
747 1297
747 1809
747 802
747 1840
747 1828
747 2255
747 1586
747 818
747 1342
747 826
747 1855
747 839
747 850
747 1385
747 1388
747 1392
747 1261
747 1403
747 900
747 901
747 910
747 913
747 840
747 921
747 1689
747 1943
970 181
970 601
970 653
970 750
970 802
970 839
970 2300
970 1451
970 1324
970 1814
970 1559
625 182
625 258
625 310
625 347
625 470
625 595
625 652
625 947
625 826
625 2114
625 1605
625 1297
625 746
625 888
625 1091
625 1806
632 42
632 65
632 68
632 86
632 129
632 181
632 182
632 191
632 192
632 361
632 510
632 539
632 545
632 610
632 1562
632 799
632 2334
632 950
632 1802
632 2090
632 826
632 2162
632 1092
632 635
632 1359
632 1965
632 1746
632 1112
632 729
632 1657
632 1193
632 1117
632 1377
632 746
632 1131
632 2029
632 1403
632 906
632 947
632 1556
632 1815
632 1076
1324 162
1324 325
1324 399
1324 669
1324 731
1324 736
1324 761
1324 843
1324 857
1324 921
1324 1079
1324 1246
1324 1700
1324 2162
1324 1339
1324 1601
1324 1478
1324 2020
1324 1387
1324 2161
1324 1390
1324 1800
512 22
512 24
512 50
512 113
512 120
512 162
512 164
512 165
512 195
512 246
512 322
512 345
512 466
512 483
512 550
512 610
512 564
512 1084
512 548
512 1040
512 1730
512 1611
512 1995
512 1235
512 1883
512 1629
512 533
512 741
512 1633
512 1514
512 1516
512 1267
512 758
512 1143
512 888
512 2282
512 1238
512 1788
512 2299
512 1795
512 1288
512 1673
512 1907
512 1675
512 1043
512 2115
512 1559
1795 50
1795 361
1795 533
1795 736
1795 835
1795 888
1795 1267
1795 1663
1795 1673
1795 1675
1795 1949
1795 1840
1673 23
1673 33
1673 80
1673 109
1673 127
1673 142
1673 152
1673 209
1673 210
1673 211
1673 218
1673 241
1673 284
1673 299
1673 310
1673 354
1673 360
1673 390
1673 413
1673 416
1673 494
1673 508
1673 533
1673 666
1673 679
1673 721
1673 736
1673 748
1673 808
1673 863
1673 867
1673 900
1673 901
1673 913
1673 921
1673 922
1673 954
1673 963
1673 988
1673 1048
1673 1053
1673 1086
1673 1088
1673 1124
1673 1135
1673 1203
1673 1214
1673 1233
1673 1256
1673 1267
1673 1278
1673 1285
1673 1291
1673 1292
1673 1302
1673 1314
1673 1357
1673 1358
1673 1363
1673 1391
1673 1405
1673 1451
1673 1556
1673 1581
1673 1585
1673 1605
1673 1624
1673 1633
1673 1651
1673 1663
1673 1669
1673 1861
1673 1780
1673 2010
1673 2012
1673 1741
1673 2020
1673 1873
1673 2037
1673 2053
1673 2085
1673 2169
1673 2284
1673 1675
1673 1678
1673 2189
1673 1689
1673 1693
1673 2208
1673 2167
1673 2227
1673 1731
1673 1753
1673 2270
1673 1766
1673 2278
1673 2279
1673 2280
1673 2285
1673 2287
1673 2296
1673 2305
1673 1828
1673 1834
1673 1847
1673 2103
1673 1914
1673 1922
1675 23
1675 33
1675 48
1675 109
1675 127
1675 142
1675 152
1675 159
1675 209
1675 210
1675 211
1675 241
1675 252
1675 254
1675 284
1675 299
1675 310
1675 338
1675 354
1675 390
1675 413
1675 416
1675 494
1675 508
1675 533
1675 566
1675 600
1675 619
1675 666
1675 668
1675 669
1675 679
1675 686
1675 721
1675 736
1675 748
1675 808
1675 863
1675 867
1675 900
1675 901
1675 913
1675 921
1675 922
1675 939
1675 954
1675 963
1675 988
1675 1048
1675 1053
1675 1060
1675 1086
1675 1087
1675 1088
1675 1098
1675 1124
1675 1135
1675 1203
1675 1214
1675 1233
1675 1238
1675 1256
1675 1264
1675 1267
1675 1278
1675 1291
1675 1292
1675 1302
1675 1314
1675 1357
1675 1358
1675 1363
1675 1378
1675 1381
1675 1391
1675 1405
1675 1451
1675 1464
1675 1515
1675 1556
1675 1562
1675 1581
1675 1585
1675 1605
1675 1632
1675 1633
1675 1643
1675 1651
1675 1669
1675 1780
1675 2010
1675 2012
1675 1741
1675 2020
1675 1873
1675 2037
1675 2053
1675 2085
1675 1689
1675 2169
1675 2284
1675 1678
1675 2189
1675 1693
1675 2208
1675 2227
1675 1731
1675 2242
1675 2167
1675 2270
1675 1766
1675 2278
1675 2279
1675 2285
1675 2287
1675 2296
1675 2305
1675 1767
1675 1828
1675 1834
1675 1847
1675 1861
1675 2103
1675 1914
1675 1922
274 141
274 144
274 253
274 812
274 436
274 437
274 822
274 439
274 1337
274 1470
274 962
274 2248
274 2136
274 2011
274 320
274 1130
274 1766
274 1004
274 493
274 2282
274 1724
274 1150
274 2051
274 782
274 1802
1681 102
1681 142
1681 152
1681 302
1681 392
1681 408
1681 469
1681 519
1681 589
1681 607
1681 609
1681 721
1681 736
1681 765
1681 805
1681 900
1681 964
1681 1056
1681 1149
1681 1248
1681 1314
1681 1442
1681 1535
1681 1580
1681 1585
1681 1624
1681 2334
1681 1712
1681 1848
1681 2336
1681 1746
1681 2126
1681 2296
1681 1927
1681 2148
1681 2160
1681 1789
1681 1921
1681 2018
412 406
412 408
412 736
412 826
412 900
412 583
412 790
412 779
412 524
412 1737
412 1298
412 599
412 1781
412 827
412 1297
412 1338
1689 89
1689 149
1689 152
1689 159
1689 160
1689 162
1689 181
1689 209
1689 210
1689 220
1689 246
1689 340
1689 361
1689 399
1689 408
1689 488
1689 495
1689 510
1689 576
1689 592
1689 777
1689 790
1689 800
1689 830
1689 883
1689 900
1689 906
1689 913
1689 928
1689 963
1689 972
1689 1016
1689 1091
1689 1113
1689 1172
1689 1183
1689 1253
1689 1278
1689 1288
1689 1302
1689 1363
1689 1369
1689 1378
1689 1454
1689 1483
1689 1583
1689 1591
1689 1629
1689 1632
1689 1633
1689 1679
1689 1685
1689 1965
1689 2296
1689 2017
1689 2020
1689 2037
1689 2043
1689 2089
1689 2325
1689 1700
1689 2161
1689 2279
1689 1814
1689 1924
1689 1823
1689 1828
1689 1831
1689 2185
1689 1876
1689 1894
20 1951
20 48
20 1582
20 2225
20 1624
20 450
20 1859
20 975
20 1403
20 347
20 605
20 1373
20 353
20 1767
20 1899
20 1660
20 2304
20 396
20 1927
20 398
20 1172
20 1429
20 2197
20 414
1951 160
48 23
48 2329
48 1952
48 2090
48 1456
48 441
48 1979
48 2058
48 2117
48 1118
48 1251
48 360
48 2020
48 1767
48 1768
48 1910
48 1961
48 1155
48 1924
48 1802
48 1679
1582 189
1582 247
1582 714
1582 736
1582 815
1582 1048
1582 1049
1582 1050
1582 1051
1582 1205
1582 1519
1582 2279
1582 1868
2225 23
2225 75
2225 102
2225 138
2225 142
2225 152
2225 172
2225 196
2225 220
2225 255
2225 312
2225 361
2225 448
2225 501
2225 709
2225 725
2225 815
2225 907
2225 921
2225 972
2225 1016
2225 1037
2225 1057
2225 1281
2225 1314
2225 1387
2225 1388
2225 1431
2225 1525
2225 1535
2225 1624
2225 1751
2225 1832
2225 1847
2225 1928
2225 1949
2225 1968
2225 2020
2225 2072
2225 2083
2225 2098
2225 2126
2225 2180
2225 2191
2225 2208
2225 2227
2225 2266
1624 23
1624 56
1624 89
1624 102
1624 111
1624 189
1624 218
1624 246
1624 310
1624 314
1624 461
1624 500
1624 539
1624 652
1624 664
1624 698
1624 699
1624 709
1624 721
1624 736
1624 742
1624 746
1624 771
1624 821
1624 847
1624 901
1624 907
1624 921
1624 933
1624 963
1624 1003
1624 1076
1624 1089
1624 1106
1624 1108
1624 1137
1624 1169
1624 1251
1624 1306
1624 1311
1624 1314
1624 1328
1624 1382
1624 1464
1624 1478
1624 1493
1624 1510
1624 1527
1624 1537
1624 1572
1624 1597
1624 1623
1624 1950
1624 1963
1624 2035
1624 2046
1624 2067
1624 2074
1624 2081
1624 2097
1624 2104
1624 1632
1624 2227
1624 2117
1624 1627
1624 1667
1624 1668
1624 1985
1624 2187
1624 1679
1624 1682
1624 2197
1624 1647
1624 2226
1624 2332
1624 2233
1624 1740
1624 2251
1624 1753
1624 2279
1624 1793
1624 2313
1624 1830
1624 1900
1624 1867
1624 1881
1624 1883
1624 1765
1624 1905
1624 1924
1624 1933
450 31
450 73
450 133
450 138
450 159
450 160
450 257
450 260
450 318
450 347
450 435
450 2329
450 2078
450 677
450 1697
450 1064
450 2083
450 758
450 1982
450 1983
450 1611
450 589
450 470
450 1748
450 2209
450 736
450 680
450 1008
450 1905
450 1535
450 1390
450 2132
450 1924
450 2307
450 1041
450 1965
1859 21
1859 33
1859 106
1859 197
1859 208
1859 310
1859 314
1859 374
1859 441
1859 473
1859 635
1859 664
1859 799
1859 1105
1859 1143
1859 1289
1859 1438
1859 1498
1859 1509
1859 1619
1859 1668
1859 1746
1859 1809
1859 1857
1859 2335
1859 2094
1859 2100
1859 2187
1859 1876
1859 1903
975 21
975 135
975 137
975 239
975 241
975 286
975 299
975 314
975 346
975 352
975 365
975 405
975 510
975 522
975 696
975 777
975 790
975 826
975 839
975 913
975 947
975 1437
975 1058
975 1576
975 1835
975 1583
975 2098
975 2227
975 1593
975 1929
975 1647
975 1731
975 2114
975 1550
975 1237
975 1080
975 1821
975 1498
975 1246
975 2013
975 2014
975 1082
975 1767
975 1388
975 1900
975 1378
975 1768
975 1651
975 1654
975 1399
975 1251
975 1652
975 1924
975 1666
975 1710
975 1679
1403 61
1403 105
1403 138
1403 159
1403 160
1403 192
1403 220
1403 242
1403 271
1403 334
1403 341
1403 399
1403 436
1403 437
1403 439
1403 442
1403 466
1403 473
1403 511
1403 593
1403 703
1403 714
1403 736
1403 741
1403 826
1403 849
1403 850
1403 857
1403 900
1403 901
1403 947
1403 996
1403 1021
1403 1076
1403 1085
1403 1107
1403 1119
1403 1131
1403 1179
1403 1238
1403 1261
1403 1265
1403 1289
1403 1292
1403 1311
1403 1388
1403 1402
1403 1777
1403 1483
1403 1500
1403 2045
1403 1601
1403 2067
1403 2074
1403 2115
1403 2116
1403 2126
1403 1550
1403 1809
1403 2081
1403 2168
1403 1678
1403 1733
1403 2158
1403 2215
1403 1712
1403 1740
1403 2267
1403 1764
1403 2286
1403 2296
1403 2300
1403 1821
1403 2269
1403 1876
1403 1916
1403 1409
1403 1924
347 50
347 122
347 138
347 142
347 152
347 159
347 160
347 161
347 162
347 172
347 182
347 191
347 210
347 211
347 220
347 240
347 318
347 343
347 1952
347 1449
347 435
347 1458
347 1985
347 470
347 2013
347 484
347 2020
347 1007
347 501
347 507
347 509
347 858
347 519
347 1040
347 1548
347 2067
347 2090
347 1077
347 1600
347 1601
347 2117
347 1105
347 594
347 1619
347 1637
347 416
347 2160
347 640
347 647
347 2191
347 667
347 2197
347 2230
347 704
347 736
347 737
347 1757
347 742
347 1261
347 1777
347 1781
347 1787
347 1288
347 1920
347 2091
347 1802
347 789
347 790
347 649
347 1311
347 1820
347 1821
347 2335
347 814
347 826
347 1338
347 1444
347 1363
347 1848
347 1899
347 1900
347 374
347 888
347 1562
347 2279
347 1916
347 900
347 901
347 1263
347 1686
347 906
347 910
347 1580
605 54
605 487
605 996
605 1325
605 1731
605 617
605 947
605 1389
605 1391
605 1048
605 1335
605 826
605 1498
1373 947
1373 1248
1373 2050
1373 2051
1373 1385
1373 2067
1373 1588
1767 80
1767 137
1767 161
1767 165
1767 192
1767 230
1767 232
1767 239
1767 241
1767 286
1767 299
1767 346
1767 360
1767 361
1767 365
1767 405
1767 448
1767 522
1767 658
1767 763
1767 771
1767 777
1767 811
1767 839
1767 849
1767 901
1767 903
1767 906
1767 913
1767 947
1767 1045
1767 1058
1767 1082
1767 1091
1767 1096
1767 1179
1767 1191
1767 1218
1767 1237
1767 1246
1767 1251
1767 1358
1767 1378
1767 1399
1767 1466
1767 1498
1767 1510
1767 1522
1767 1550
1767 1576
1767 1581
1767 1583
1767 1614
1767 1647
1767 1651
1767 1652
1767 1654
1767 1710
1767 1731
1767 2013
1767 2044
1767 2060
1767 2144
1767 2158
1767 2240
1767 2227
1767 2230
1767 2254
1767 1768
1767 2257
1767 1924
1767 1835
1767 1843
1767 1929
1767 2185
1899 21
1899 172
1899 182
1899 281
1899 416
1899 466
1899 602
1899 653
1899 737
1899 826
1899 1002
1899 1189
1899 1294
1899 1298
1899 1320
1899 1326
1899 1444
1899 1449
1899 1468
1899 1594
1899 1737
1899 1781
1899 1791
1899 1821
1899 1853
1899 1988
1899 1977
1899 2279
1899 2104
1899 2301
1899 1933
1660 137
1660 730
1660 959
1660 1101
1660 2296
1660 2203
1660 2307
2304 68
2304 351
2304 376
2304 589
2304 610
2304 883
2304 958
2304 1297
2304 1298
2304 1352
2304 1407
2304 1416
2304 1791
2304 1855
2304 1929
396 22
396 23
396 2329
396 2117
396 2090
396 1456
396 1251
396 1802
396 1298
396 2262
396 1123
396 484
396 1791
396 1921
396 1679
1927 414
1927 1133
398 21
398 124
398 129
398 1311
398 1456
398 442
398 1338
398 448
398 826
398 2251
398 471
398 1881
398 1248
398 741
398 1038
398 441
398 2299
398 1921
398 1457
398 1880
398 411
1172 21
1172 24
1172 183
1172 194
1172 608
1172 777
1172 1125
1172 2020
1172 2217
1172 2296
1172 1751
1429 23
1429 972
1429 1891
1429 1456
1429 1652
1429 2230
2197 817
2197 1338
2197 1444
414 23
414 189
414 192
414 332
414 339
414 416
414 2074
414 423
414 2209
414 2117
414 562
414 947
414 826
414 2229
414 1088
414 1690
414 461
414 593
414 2187
414 471
414 1876
414 1500
414 1087
414 1637
414 484
414 873
414 790
414 619
414 1387
414 599
414 1137
414 2029
414 2032
414 544
414 736
414 1528
414 1149
414 2169
414 1881
414 1413
414 1456
414 664
414 1297
21 1437
21 1958
21 942
21 1461
21 1972
21 1017
21 1028
21 1536
21 1037
21 530
21 2071
21 181
21 2075
21 36
21 1061
21 1062
21 439
21 789
21 2094
21 574
21 1087
21 65
21 1095
21 1114
21 1117
21 1118
21 1119
21 1120
21 610
21 2317
21 1128
21 1644
21 638
21 129
21 1158
21 2183
21 1171
21 2072
21 2196
21 159
21 160
21 1203
21 1722
21 197
21 709
21 1730
21 716
21 1748
21 736
21 1777
21 763
21 2297
21 269
21 1305
21 799
21 1311
21 2329
21 1841
21 826
21 1338
21 318
21 863
21 1385
21 374
21 375
21 888
21 1401
21 895
21 1921
21 156
21 905
21 907
21 910
1437 87
1437 93
1437 255
1437 284
1437 314
1437 339
1437 465
1437 507
1437 508
1437 647
1437 649
1437 653
1437 750
1437 777
1437 800
1437 861
1437 908
1437 936
1437 963
1437 972
1437 988
1437 991
1437 1037
1437 1046
1437 1122
1437 1134
1437 1211
1437 1278
1437 1286
1437 1363
1437 1369
1437 2020
1437 2080
1437 1498
1437 1834
1437 1503
1437 2305
1437 1531
1437 1716
1437 2240
1437 1731
1437 1996
1437 1876
1437 1890
1437 1768
1437 2279
1437 2281
1437 2156
1437 1651
1437 2173
1437 2179
1437 1678
1437 1497
1437 1438
1437 1813
1958 1397
1958 1821
1958 2036
942 657
942 662
942 788
942 796
942 815
942 847
942 922
942 938
942 1072
942 947
942 1971
942 1849
942 2234
942 1977
942 1737
942 1087
942 1387
942 1028
1461 138
1461 336
1461 1064
1461 1087
1461 1562
1461 1858
1461 2065
1972 332
1972 599
1972 1117
1972 1118
1972 1340
1972 1341
1972 1513
1972 1628
1972 1679
1972 1876
1972 1964
1972 2127
1972 1974
1017 530
1017 1730
1028 160
1028 220
1028 224
1028 255
1028 312
1028 314
1028 339
1028 471
1028 749
1028 936
1028 938
1028 947
1028 1693
1028 2335
1028 1464
1028 1737
1028 1498
1028 1753
1028 1117
1028 1393
1028 1275
1028 1029
1028 1835
1536 544
1536 972
1536 1122
1037 138
1037 142
1037 155
1037 160
1037 209
1037 360
1037 375
1037 619
1037 694
1037 709
1037 711
1037 736
1037 802
1037 910
1037 920
1037 1029
1037 1702
1037 1948
1037 1839
1037 1973
1037 2311
1037 1986
1037 1311
1037 1114
1037 2020
1037 2277
1037 1534
1037 2029
1037 1781
1037 1149
1037 1916
1037 2237
1037 1538
1037 1289
1037 1802
1037 1302
1037 2196
530 60
530 167
530 314
530 439
530 736
530 1876
530 936
530 599
530 1268
2071 52
2071 272
2071 439
2071 621
2071 653
2071 955
2071 1075
2071 1359
2071 1489
2071 1790
2071 1791
181 80
181 111
181 160
181 1062
181 937
181 1957
181 947
181 1585
181 1588
181 1843
181 957
181 1340
181 1929
181 1993
181 1091
181 1943
181 1444
181 1096
181 1863
181 2207
181 1487
181 1710
181 1965
181 1246
181 610
181 1378
181 448
181 1894
181 498
181 883
181 1522
181 1523
181 1021
181 2296
181 1790
181 777
181 323
181 1559
181 1547
181 1075
181 2094
181 286
2075 70
2075 88
2075 238
2075 339
2075 406
2075 408
2075 498
2075 602
2075 694
2075 736
2075 738
2075 779
2075 790
2075 826
2075 852
2075 895
2075 972
2075 1087
2075 1133
2075 1164
2075 1289
2075 1311
2075 1388
2075 1481
2075 1666
2075 1690
2075 1818
2075 1921
2075 1975
2075 2029
2075 2045
2075 2074
36 288
36 1297
36 2288
36 217
1061 138
1061 220
1061 339
1061 466
1061 657
1061 790
1061 829
1061 1036
1061 1311
1061 1566
1061 1062
1061 1843
1061 1130
1061 1274
1061 1275
1061 1409
1061 1666
1061 2324
1061 1308
1062 165
1062 220
1062 360
1062 377
1062 790
1062 829
1062 2070
439 84
439 220
439 241
439 253
439 260
439 314
439 387
439 435
439 436
439 1438
439 936
439 2311
439 947
439 2094
439 1335
439 955
439 996
439 1723
439 2249
439 1359
439 1876
439 1117
439 2011
439 1503
439 1378
439 1760
439 2020
439 1216
439 1004
439 1303
439 2290
439 1402
439 1924
439 1804
439 1679
439 1809
439 2324
439 1044
789 408
789 484
789 551
789 657
789 709
789 736
789 1311
789 2083
789 1456
789 826
789 827
789 1338
789 1261
789 1008
789 2029
789 2288
789 1534
789 2237
789 2060
789 790
2094 24
2094 60
2094 83
2094 138
2094 219
2094 226
2094 236
2094 243
2094 255
2094 298
2094 344
2094 350
2094 411
2094 471
2094 593
2094 599
2094 702
2094 736
2094 741
2094 901
2094 947
2094 950
2094 1003
2094 1004
2094 1038
2094 1040
2094 1077
2094 1095
2094 1117
2094 1118
2094 1119
2094 1291
2094 1339
2094 1378
2094 1396
2094 1729
2094 1816
2094 1876
2094 1953
2094 1996
2094 2014
2094 2085
2094 2292
2094 2297
2094 2255
574 220
574 314
574 320
574 1438
574 936
574 1846
574 2067
574 1622
574 1498
1087 102
1087 163
1087 263
1087 425
1087 484
1087 519
1087 525
1087 539
1087 556
1087 582
1087 619
1087 681
1087 709
1087 729
1087 736
1087 746
1087 938
1087 958
1087 1712
1087 1311
1087 1785
1087 2100
1087 1802
1087 1478
1087 2122
1087 1106
1087 2251
1087 1149
1087 1366
1087 1621
1087 1248
1087 1765
1087 1088
1087 1137
1087 1815
1087 1784
1087 2104
1087 2060
1087 1289
1087 1924
1087 1456
1087 1554
1087 1556
65 1821
65 1605
65 2060
65 734
1095 314
1095 936
1095 1438
1095 1876
1095 1303
1114 39
1114 84
1114 314
1114 406
1114 556
1114 615
1114 744
1114 867
1114 888
1114 902
1114 910
1114 949
1114 1005
1114 1091
1114 1198
1114 2091
1114 1852
1114 1983
1114 1358
1114 1991
1114 1359
1114 2183
1114 1115
1114 1378
1114 1267
1117 83
1117 91
1117 265
1117 286
1117 314
1117 332
1117 361
1117 448
1117 486
1117 513
1117 550
1117 593
1117 599
1117 826
1117 936
1117 947
1117 974
1117 976
1117 1438
1117 1340
1117 1444
1117 1952
1117 2133
1117 1246
1117 1628
1117 1513
1117 1388
1117 1782
1117 1876
1117 2250
1117 2306
1117 1118
1118 83
1118 91
1118 165
1118 314
1118 332
1118 513
1118 593
1118 688
1118 936
1118 947
1118 1438
1118 1119
1118 1628
1118 1513
1118 2035
1118 1876
1118 2306
1119 23
1119 265
1119 332
1119 361
1119 387
1119 508
1119 800
1119 947
1119 1438
1119 1705
1119 1996
1119 1363
1119 1876
1119 2133
1119 1396
1119 1667
1119 1292
610 56
610 68
610 129
610 138
610 152
610 162
610 302
610 318
610 351
610 352
610 361
610 399
610 1444
610 1957
610 1965
610 950
610 953
610 1500
610 1011
610 1015
610 1559
610 2089
610 1580
610 1129
610 1131
610 1133
610 1655
610 2167
610 1156
610 2185
610 1169
610 1693
610 1651
610 746
610 753
610 777
610 2307
610 790
610 1310
610 1929
610 1855
610 1352
610 1863
610 1378
610 1900
610 1405
610 1407
610 900
610 1416
2317 819
2317 1626
1128 2327
1644 84
1644 296
1644 435
1644 621
1644 653
1644 910
1644 1412
1644 1821
1644 2284
638 138
638 235
638 349
638 388
638 519
638 559
638 562
638 602
638 608
638 615
638 815
638 2160
638 756
638 948
638 2098
638 2104
638 1096
638 1071
638 974
638 2261
638 1871
638 854
638 1751
638 1143
638 2161
638 1531
638 1043
638 669
129 351
129 746
129 950
129 310
129 314
1158 726
1158 816
2183 411
2183 2090
2183 2091
2183 2237
1171 67
1171 332
1171 593
1171 931
1171 1000
1171 1283
1171 1858
1171 1748
1171 2036
1171 1982
2072 23
2072 49
2072 138
2072 142
2072 152
2072 209
2072 275
2072 282
2072 320
2072 498
2072 582
2072 594
2072 709
2072 736
2072 790
2072 900
2072 921
2072 1141
2072 1152
2072 1327
2072 1443
2072 1668
2072 1686
2072 1690
2072 1785
2072 1788
2072 1952
2072 2020
2072 2058
2072 2296
2072 2157
2196 360
2196 709
2196 790
2196 1133
2196 1289
2196 1645
2196 1646
2196 1666
2196 1690
2196 2273
159 23
159 33
159 74
159 113
159 142
159 1450
159 1456
159 1973
159 446
159 961
159 963
159 972
159 466
159 482
159 484
159 487
159 1000
159 492
159 1008
159 1281
159 2045
159 2037
159 508
159 1027
159 1029
159 1560
159 564
159 2095
159 1088
159 1597
159 1115
159 2136
159 1633
159 619
159 1471
159 2158
159 1651
159 2167
159 639
159 2172
159 2187
159 160
159 1184
159 162
159 182
159 209
159 210
159 727
159 1246
159 736
159 749
159 2279
159 241
159 1777
159 2296
159 2301
159 1302
159 1311
159 1821
159 1314
159 1827
159 306
159 314
159 827
159 830
159 826
159 324
159 1363
159 352
159 883
159 887
159 1908
159 921
159 900
160 23
160 111
160 142
160 152
160 1952
160 940
160 1456
160 1458
160 958
160 1979
160 471
160 482
160 486
160 487
160 1000
160 492
160 2023
160 1007
160 2036
160 2037
160 2215
160 1029
160 1038
160 2058
160 564
160 1077
160 2095
160 1597
160 2116
160 446
160 1115
160 2147
160 1633
160 2144
160 2145
160 2146
160 1637
160 2148
160 2149
160 2150
160 2151
160 2152
160 639
160 1154
160 1670
160 1166
160 2187
160 171
160 182
160 2229
160 209
160 727
160 2259
160 736
160 749
160 2279
160 1777
160 1513
160 2296
160 1793
160 1288
160 787
160 1302
160 1311
160 2329
160 314
160 830
160 826
160 850
160 352
160 961
160 887
160 890
160 900
160 406
160 921
1203 299
1203 562
1203 669
1203 963
1203 989
1203 1088
1203 1168
1203 1169
1203 2237
1203 2238
1203 2240
1203 1605
1203 1246
1203 2167
1203 1581
1203 2066
1722 56
1722 74
1722 163
1722 469
1722 508
1722 562
1722 830
1722 1000
1722 1007
1722 1174
1722 1234
1722 1248
1722 1280
1722 1441
1722 1460
1722 1478
1722 1498
1722 1510
1722 1636
1722 1668
1722 1995
1722 2266
1722 1809
1722 2281
197 87
197 191
197 192
197 799
197 809
197 1320
197 1457
197 1968
197 826
197 2237
197 724
197 1746
197 1372
197 1632
197 374
197 888
197 1780
197 1162
709 23
709 33
709 58
709 209
709 255
709 266
709 307
709 314
709 360
709 369
709 375
709 393
709 406
709 408
709 409
709 444
709 445
709 575
709 666
709 694
709 1948
709 1442
709 1952
709 1450
709 1973
709 1483
709 1508
709 2020
709 2024
709 2029
709 1520
709 1527
709 2043
709 1534
709 2067
709 779
709 1075
709 1629
709 1133
709 1149
709 1666
709 1163
709 1164
709 1810
709 2187
709 1690
709 2226
709 2229
709 1730
709 717
709 733
709 1257
709 1261
709 2284
709 1781
709 1289
709 2307
709 2308
709 2311
709 1297
709 1298
709 791
709 1838
709 2323
709 2324
709 1308
709 1818
709 1311
709 1839
709 1841
709 1338
709 1847
709 851
709 1872
709 863
709 1388
709 888
709 921
709 895
709 1921
709 1924
709 1933
1730 314
1730 736
1730 936
1730 1311
1730 1876
716 484
716 1952
716 1456
716 1679
716 1378
716 953
1748 110
1748 138
1748 313
1748 333
1748 339
1748 413
1748 446
1748 466
1748 493
1748 501
1748 728
1748 734
1748 753
1748 883
1748 939
1748 958
1748 994
1748 1057
1748 1060
1748 1143
1748 1164
1748 1314
1748 1431
1748 1441
1748 1456
1748 1489
1748 1633
1748 1690
1748 2095
1748 2329
1748 2230
1748 2160
1748 2120
1748 1995
1748 1782
1748 2306
736 46
736 49
736 56
736 63
736 70
736 73
736 74
736 86
736 89
736 110
736 116
736 124
736 137
736 138
736 142
736 152
736 162
736 182
736 187
736 201
736 224
736 258
736 275
736 296
736 313
736 314
736 318
736 339
736 343
736 352
736 354
736 360
736 362
736 375
736 393
736 404
736 406
736 408
736 413
736 415
736 416
736 436
736 446
736 466
736 471
736 484
736 486
736 487
736 498
736 563
736 564
736 589
736 618
736 621
736 628
736 646
736 690
736 694
736 700
736 731
736 733
736 1442
736 1443
736 1952
736 937
736 1449
736 900
736 1100
736 1632
736 1456
736 1457
736 1149
736 1973
736 1525
736 1975
736 961
736 1611
736 1478
736 765
736 981
736 2005
736 993
736 1504
736 2020
736 1514
736 2296
736 1516
736 2029
736 1520
736 1016
736 1527
736 2030
736 2300
736 2045
736 2046
736 1537
736 1298
736 2051
736 1281
736 1040
736 1872
736 1032
736 771
736 1049
736 1050
736 1051
736 1560
736 2074
736 1289
736 2081
736 779
736 1928
736 2084
736 2098
736 1591
736 1085
736 1011
736 1597
736 2120
736 2122
736 790
736 2164
736 1810
736 927
736 1634
736 1639
736 1642
736 1141
736 1690
736 2167
736 1302
736 1666
736 1502
736 1163
736 1164
736 1133
736 1679
736 2193
736 1686
736 2198
736 948
736 2203
736 2200
736 1189
736 1697
736 1734
736 1481
736 1905
736 1206
736 1288
736 740
736 1210
736 2163
736 805
736 2268
736 2334
736 2243
736 2336
736 2260
736 1743
736 1248
736 738
736 1919
736 1251
736 748
736 812
736 1263
736 2281
736 754
736 1268
736 1270
736 1781
736 2292
736 1784
736 1785
736 2299
736 1791
736 774
736 2303
736 2153
736 2306
736 2307
736 1800
736 1330
736 1294
736 1297
736 1667
736 791
736 2324
736 1818
736 1311
736 1077
736 2011
736 2036
736 2266
736 1838
736 820
736 827
736 1338
736 1851
736 826
736 998
736 843
736 1354
736 1084
736 1865
736 1358
736 1942
736 1918
736 1885
736 1891
736 2180
736 1386
736 1388
736 879
736 1900
736 2023
736 1852
736 1515
736 1793
736 895
736 1914
736 1267
736 901
736 1412
736 1921
736 1924
736 1420
736 1931
736 915
1777 124
1777 131
1777 138
1777 139
1777 182
1777 408
1777 430
1777 484
1777 486
1777 490
1777 501
1777 510
1777 550
1777 651
1777 652
1777 654
1777 689
1777 703
1777 826
1777 827
1777 961
1777 1084
1777 1093
1777 1197
1777 1442
1777 1451
1777 1460
1777 1516
1777 1655
1777 1666
1777 1682
1777 1881
1777 2267
1777 2029
763 35
763 230
763 231
763 232
763 310
763 746
763 1246
763 2009
763 1435
2297 83
2297 236
2297 346
2297 377
2297 388
2297 405
2297 501
2297 513
2297 593
2297 654
2297 761
2297 831
2297 891
2297 947
2297 1040
2297 1086
2297 1159
2297 1381
2297 1397
2297 1438
2297 1451
2297 1721
2297 1815
2297 1838
2297 1840
2297 1890
2297 1908
2297 1996
2297 2014
2297 2020
2297 2043
2297 2130
2297 2133
2297 2230
269 138
269 895
269 1091
269 1809
269 1137
269 589
269 726
269 667
1305 177
1305 831
1305 1255
1305 1821
1305 1924
1305 1737
1305 1509
799 312
799 318
799 336
799 374
799 466
799 635
799 664
799 772
799 1183
799 2328
799 2081
799 1328
799 1968
799 2228
799 1739
799 1857
799 1988
799 1746
799 1619
799 1721
799 1816
799 1254
799 1509
799 1636
799 1387
799 2128
799 2281
799 1143
799 2335
799 2299
799 1668
799 988
799 910
799 1308
1311 23
1311 24
1311 60
1311 111
1311 118
1311 139
1311 151
1311 182
1311 187
1311 189
1311 192
1311 218
1311 220
1311 224
1311 255
1311 286
1311 318
1311 360
1311 361
1311 362
1311 375
1311 399
1311 408
1311 423
1311 444
1311 448
1311 461
1311 471
1311 482
1311 492
1311 508
1311 560
1311 575
1311 583
1311 595
1311 599
1311 619
1311 666
1311 677
1311 694
1311 704
1311 717
1311 718
1311 771
1311 779
1311 790
1311 791
1311 826
1311 860
1311 895
1311 921
1311 972
1311 1008
1311 1029
1311 1088
1311 1133
1311 1149
1311 1152
1311 1157
1311 1163
1311 1164
1311 1169
1311 1179
1311 1189
1311 1261
1311 1265
1311 1289
1311 1294
1311 1297
1311 1298
1311 1308
1311 1802
1311 1948
1311 1460
1311 1464
1311 1973
1311 1478
1311 1528
1311 1498
1311 2020
1311 2029
1311 1520
1311 1483
1311 1525
1311 1527
1311 1534
1311 1618
1311 2058
1311 2074
1311 1566
1311 2307
1311 2055
1311 1585
1311 1597
1311 1623
1311 1632
1311 1633
1311 1647
1311 1666
1311 1810
1311 1900
1311 2065
1311 1481
1311 1905
1311 1405
1311 1739
1311 1765
1311 1768
1311 2284
1311 1781
1311 1784
1311 1785
1311 1791
1311 2323
1311 2324
1311 1820
1311 2095
1311 1839
1311 1841
1311 1847
1311 1881
1311 1386
1311 1392
1311 1916
1311 1921
1311 1686
1311 1924
1311 1423
1311 1933
2329 182
2329 826
2329 1456
2329 1858
2329 1952
2329 2091
2329 2307
1841 1690
1841 1729
1841 2114
826 79
826 88
826 105
826 122
826 152
826 172
826 191
826 192
826 245
826 286
826 310
826 312
826 318
826 375
826 408
826 411
826 441
826 448
826 466
826 471
826 487
826 511
826 553
826 562
826 591
826 652
826 664
826 698
826 700
826 746
826 749
826 1952
826 935
826 1457
826 961
826 972
826 1483
826 1821
826 1500
826 1515
826 2030
826 2036
826 2040
826 1026
826 1029
826 1369
826 1033
826 1040
826 1046
826 947
826 2067
826 1576
826 2090
826 2091
826 1076
826 2097
826 2100
826 1086
826 1294
826 1092
826 1603
826 2117
826 1613
826 2130
826 2230
826 1808
826 1131
826 1152
826 2237
826 1169
826 1686
826 2216
826 1651
826 2223
826 2229
826 1726
826 1248
826 2279
826 1662
826 1781
826 1785
826 2296
826 1788
826 1791
826 2301
826 1802
826 1804
826 1809
826 1306
826 1830
826 1326
826 1333
826 1845
826 1338
826 1339
826 1342
826 827
826 1357
826 850
826 1586
826 1880
826 1881
826 1768
826 1430
826 888
826 1910
826 1916
826 900
826 901
826 934
826 921
826 1943
1338 88
1338 182
1338 184
1338 339
1338 406
1338 408
1338 487
1338 488
1338 779
1338 790
1338 827
1338 904
1338 1008
1338 1029
1338 1133
1338 1154
1338 1193
1338 1246
1338 1261
1338 1289
1338 1297
1338 1298
1338 1881
1338 1442
1338 1443
1338 1952
1338 2074
1338 1456
1338 1707
1338 1838
1338 2260
1338 1457
1338 1747
1338 2029
1338 2033
1338 1785
1338 1791
1338 1666
1338 2153
1338 1458
318 60
318 85
318 138
318 139
318 152
318 312
318 1690
318 1949
318 1571
318 1451
318 1165
318 1712
318 696
318 1339
318 1094
318 1337
318 752
318 446
318 741
318 2296
318 1509
318 1636
318 1265
318 631
318 2037
318 508
318 900
318 1390
318 1921
318 1032
318 1809
318 1288
863 23
863 62
863 144
863 180
863 376
863 448
863 472
863 533
863 617
863 678
863 790
863 1246
863 1970
863 954
863 1358
863 914
863 1742
863 876
863 2171
863 2157
863 1874
863 1021
863 1855
863 1159
863 2282
863 2044
1385 111
1385 137
1385 206
1385 314
1385 456
1385 620
1385 754
1385 785
1385 1004
1385 1190
1385 2089
374 937
374 938
374 1988
374 2116
374 1746
374 1509
374 1387
374 1388
374 2128
374 1405
374 915
375 220
375 339
375 1690
375 936
375 1829
375 1833
375 582
375 1872
375 1876
375 1498
375 741
375 1642
375 1667
375 1038
375 790
375 921
888 105
888 122
888 127
888 139
888 173
888 189
888 220
888 461
888 487
888 565
888 601
888 694
888 788
888 827
888 1046
888 1952
888 1460
888 1830
888 1248
888 1884
888 2095
888 1333
888 963
888 2227
888 2011
888 2084
888 1378
888 2274
888 1514
888 1516
888 2023
888 1141
888 1598
888 1402
888 1149
888 1405
888 2043
888 1621
888 2045
888 901
888 1154
888 1561
888 889
888 1809
888 2319
888 1457
888 922
888 1943
1401 43
1401 75
1401 87
1401 298
1401 466
1401 487
1401 627
1401 657
1401 1043
1401 1320
1401 1793
1401 1668
895 235
895 339
895 360
895 408
895 509
895 779
895 790
895 1690
895 2074
895 1251
895 1261
895 1534
895 1093
895 1045
895 1308
1921 139
1921 152
1921 173
1921 286
1921 360
1921 399
1921 406
1921 408
1921 498
1921 631
1921 688
1921 694
1921 752
1921 790
1921 926
1921 1133
1921 1149
1921 1210
1921 1246
1921 1265
1921 1289
1921 1294
1921 1388
1921 1448
1921 1478
1921 1690
1921 1781
1921 1791
1921 1818
1921 2074
1921 2288
1921 2307
156 1248
156 1824
156 1173
156 1619
156 314
156 2193
905 72
905 635
905 790
905 2336
905 2020
905 908
905 2185
905 2208
905 1335
905 1655
905 1498
905 1932
907 86
907 1378
907 1297
907 1298
907 1791
907 1623
910 182
910 220
910 288
910 310
910 314
910 411
910 456
910 700
910 744
910 746
910 790
910 1438
910 936
910 1071
910 1328
910 1845
910 2335
910 1504
910 1680
910 1632
910 1387
910 1390
910 2040
910 1531
910 1509
910 2070
22 1672
1672 339
1672 790
1672 1133
1672 1268
1672 2249
23 1444
23 961
23 1982
23 1952
23 1995
23 2020
23 1011
23 1520
23 1525
23 1527
23 1022
23 24
23 25
23 33
23 2083
23 2281
23 564
23 2095
23 570
23 1085
23 1086
23 1597
23 589
23 594
23 600
23 2132
23 1633
23 1634
23 1131
23 2168
23 647
23 138
23 2191
23 1562
23 2208
23 2209
23 209
23 211
23 2251
23 730
23 1751
23 2266
23 746
23 2279
23 1772
23 255
23 1791
23 1289
23 788
23 790
23 1314
23 1249
23 142
23 310
23 855
23 1876
23 1369
23 376
23 390
23 1928
23 1935
23 408
23 921
1444 69
1444 135
1444 137
1444 152
1444 162
1444 182
1444 209
1444 241
1444 286
1444 288
1444 303
1444 325
1444 392
1444 405
1444 426
1444 466
1444 507
1444 508
1444 536
1444 539
1444 651
1444 652
1444 668
1444 669
1444 700
1444 746
1444 748
1444 787
1444 802
1444 839
1444 883
1444 906
1444 921
1444 963
1444 1007
1444 1040
1444 1077
1444 1096
1444 1267
1444 1278
1444 1288
1444 1294
1444 1297
1444 1333
1444 1349
1444 1354
1444 1358
1444 1363
1444 1389
1444 1396
1444 1422
1444 1945
1444 1449
1444 1977
1444 1979
1444 2058
1444 1503
1444 1554
1444 2305
1444 1712
1444 2089
1444 1580
1444 2107
1444 1637
1444 2114
1444 1621
1444 2137
1444 2144
1444 2145
1444 2146
1444 2147
1444 2148
1444 1639
1444 2150
1444 2149
1444 2152
1444 1649
1444 2151
1444 2167
1444 2185
1444 1678
1444 1691
1444 1693
1444 1821
1444 2229
1444 2230
1444 1731
1444 1710
1444 2260
1444 1489
1444 2085
1444 2296
1444 2299
1444 2306
1444 1808
1444 1928
1444 1853
1444 1900
1444 2279
961 24
961 73
961 105
961 314
961 366
961 484
961 487
961 490
961 509
961 511
961 550
961 771
961 827
961 902
961 1565
961 1460
961 1833
961 1456
961 1457
961 1715
961 1985
961 1952
961 1778
1982 24
1982 46
1982 72
1982 142
1982 209
1982 210
1982 242
1982 324
1982 352
1982 446
1982 472
1982 620
1982 628
1982 901
1982 947
1982 1115
1982 1174
1982 1277
1982 1308
1982 1510
1982 1680
1982 2090
1982 2263
1952 42
1952 43
1952 98
1952 286
1952 306
1952 335
1952 349
1952 350
1952 360
1952 361
1952 386
1952 388
1952 391
1952 392
1952 441
1952 448
1952 471
1952 484
1952 486
1952 487
1952 490
1952 509
1952 539
1952 550
1952 593
1952 741
1952 750
1952 771
1952 790
1952 821
1952 850
1952 865
1952 872
1952 965
1952 988
1952 997
1952 1041
1952 1050
1952 1058
1952 1084
1952 1133
1952 1137
1952 1149
1952 1170
1952 1193
1952 1204
1952 1218
1952 1251
1952 1286
1952 1298
1952 1306
1952 1314
1952 1333
1952 1423
1952 1456
1952 1457
1952 1522
1952 1556
1952 1565
1952 1603
1952 1611
1952 1621
1952 1654
1952 1666
1952 1679
1952 1715
1952 1718
1952 1812
1952 1924
1952 1928
1952 1949
1952 2044
1952 1963
1952 1965
1952 2091
1952 2100
1952 2107
1952 2117
1952 2139
1952 2216
1952 2164
1952 2187
1952 2320
1952 2218
1995 105
1995 183
1995 257
1995 341
1995 471
1995 743
1995 778
1995 790
1995 1011
1995 1297
1995 1298
1995 1458
1995 1504
1995 1514
1995 1791
1995 2083
1995 2124
1995 2020
2020 24
2020 56
2020 106
2020 113
2020 115
2020 134
2020 152
2020 154
2020 162
2020 165
2020 182
2020 194
2020 201
2020 209
2020 210
2020 241
2020 255
2020 264
2020 320
2020 341
2020 352
2020 377
2020 390
2020 393
2020 413
2020 415
2020 461
2020 463
2020 465
2020 466
2020 476
2020 501
2020 507
2020 508
2020 541
2020 576
2020 594
2020 600
2020 668
2020 669
2020 704
2020 746
2020 748
2020 764
2020 787
2020 790
2020 804
2020 812
2020 824
2020 835
2020 871
2020 883
2020 900
2020 901
2020 906
2020 915
2020 921
2020 939
2020 947
2020 958
2020 963
2020 1003
2020 1007
2020 1040
2020 1041
2020 1059
2020 1060
2020 1065
2020 1077
2020 1084
2020 1091
2020 1137
2020 1141
2020 1149
2020 1152
2020 1159
2020 1169
2020 1174
2020 1184
2020 1185
2020 1211
2020 1244
2020 1258
2020 1270
2020 1278
2020 1288
2020 1302
2020 1306
2020 1310
2020 1314
2020 1327
2020 1343
2020 1346
2020 1349
2020 1354
2020 1363
2020 1366
2020 1389
2020 1404
2020 1454
2020 1478
2020 1482
2020 1483
2020 1487
2020 1500
2020 1503
2020 1527
2020 1533
2020 1537
2020 1554
2020 1590
2020 1597
2020 1632
2020 1633
2020 1634
2020 1637
2020 1671
2020 1678
2020 1712
2020 1772
2020 1793
2020 1812
2020 1820
2020 1821
2020 1828
2020 1846
2020 1847
2020 1853
2020 1860
2020 1885
2020 1928
2020 1933
2020 1979
2020 1985
2020 1996
2020 2296
2020 2045
2020 2070
2020 2315
2020 2095
2020 2122
2020 2126
2020 2146
2020 2147
2020 2145
2020 2148
2020 2149
2020 2150
2020 2151
2020 2152
2020 2167
2020 2180
2020 2200
2020 2144
2020 2248
2020 2185
2020 2266
2020 2169
2020 2085
2020 2277
2020 2278
2020 2279
2020 2037
2020 2089
1011 209
1011 611
1011 881
1011 2086
1011 1197
1011 1200
1011 1459
1011 2229
1011 1889
1011 1019
1011 1420
1011 1045
1011 1561
1520 82
1520 142
1520 189
1520 209
1520 242
1520 361
1520 663
1520 721
1520 776
1520 777
1520 841
1520 865
1520 919
1520 1045
1520 1253
1520 1281
1520 1407
1520 1458
1520 1498
1520 1499
1520 2052
1520 2074
1520 1828
1520 2011
1520 1838
1520 1973
1520 2334
1520 2266
1520 2279
1520 1782
1520 1933
1520 2193
1525 242
1525 726
1525 790
1525 874
1525 947
1527 142
1527 209
1527 360
1527 390
1527 593
1527 599
1527 600
1527 664
1527 741
1527 782
1527 874
1527 1258
1527 1297
1527 1298
1527 1333
1527 1370
1527 1478
1527 1818
1527 2074
1527 2116
1527 1791
1022 74
1022 209
1022 490
1022 884
1022 1246
1022 2296
1022 2337
1022 1126
24 1690
24 1821
24 1828
24 1457
24 2098
24 2037
24 209
24 790
24 2136
24 441
24 1378
24 741
24 1131
24 788
24 1274
24 764
24 901
24 390
24 142
24 408
25 519
25 209
25 657
25 1778
25 2067
33 1562
33 297
33 1449
33 209
33 600
33 1500
33 790
33 2033
33 1154
33 903
33 1679
2083 74
2083 137
2083 144
2083 152
2083 182
2083 209
2083 263
2083 400
2083 437
2083 446
2083 463
2083 640
2083 721
2083 740
2083 900
2083 901
2083 1057
2083 1152
2083 1288
2083 1291
2083 1327
2083 1328
2083 1359
2083 1387
2083 1388
2083 1393
2083 1489
2083 1533
2083 1590
2083 1613
2083 1633
2083 1666
2083 1697
2083 1821
2083 1848
2083 1900
2083 1964
2083 2077
2083 2269
2083 2167
2083 2296
2281 87
2281 152
2281 194
2281 324
2281 471
2281 508
2281 666
2281 683
2281 790
2281 800
2281 963
2281 1134
2281 1152
2281 1281
2281 1298
2281 1328
2281 1629
2281 1721
2281 1725
2281 1834
2281 1928
2281 2156
2281 2240
2281 2266
2281 2332
564 142
564 182
564 209
564 372
564 458
564 563
564 1141
564 2074
564 882
564 921
2095 88
2095 105
2095 142
2095 209
2095 314
2095 393
2095 471
2095 790
2095 809
2095 1149
2095 1289
2095 1667
2095 1820
2095 1824
2095 1928
2095 1985
2095 2279
570 1916
570 1671
570 1366
1085 80
1085 88
1085 137
1085 209
1085 235
1085 471
1085 593
1085 652
1085 684
1085 774
1085 790
1085 988
1085 1314
1085 1316
1085 1719
1085 1086
1085 1363
1085 1957
1085 1523
1085 1928
1085 1932
1086 80
1086 209
1086 235
1086 471
1086 493
1086 774
1086 790
1086 815
1086 1928
1086 1957
1086 1206
1086 2227
1086 1137
1597 142
1597 144
1597 173
1597 209
1597 325
1597 391
1597 392
1597 399
1597 471
1597 666
1597 777
1597 790
1597 855
1597 996
1597 1045
1597 1154
1597 1294
1597 1369
1597 1483
1597 1504
1597 2256
1597 1876
1597 2279
1597 1906
1597 2187
1597 2067
589 61
589 446
589 470
589 500
589 1064
589 947
589 1843
589 1613
589 2260
589 1251
589 1137
589 1192
589 2292
589 2168
589 1928
594 379
594 393
594 463
594 593
594 1314
594 1576
594 1840
594 2099
594 1340
594 964
594 966
594 1490
594 599
594 1130
594 1270
594 1398
594 2194
594 766
594 1282
594 1431
600 209
600 211
600 218
600 263
600 409
600 435
600 1820
600 790
600 756
600 1523
600 2292
600 2167
600 1045
2132 360
2132 361
2132 727
2132 1016
2132 1453
2132 1596
2132 1679
2132 1810
1633 142
1633 152
1633 162
1633 209
1633 220
1633 352
1633 399
1633 435
1633 466
1633 790
1633 809
1633 815
1633 900
1633 906
1633 1016
1633 1088
1633 1131
1633 1133
1633 1164
1633 1206
1633 1288
1633 1297
1633 1298
1633 1302
1633 1463
1633 1483
1633 1498
1633 1629
1633 1632
1633 1821
1633 1823
1633 1820
1633 1634
1633 2089
1633 2279
1633 1778
1633 1791
1634 142
1634 144
1634 209
1634 242
1634 390
1634 544
1634 996
1634 1308
1634 1463
1634 1585
1634 1820
1634 2010
1634 2089
1634 2309
1634 1845
1634 2296
1131 135
1131 241
1131 254
1131 721
1131 761
1131 822
1131 839
1131 900
1131 962
1131 1004
1131 1040
1131 1183
1131 1585
1131 1710
1131 1712
1131 1476
1131 1358
1131 1366
1131 1246
1131 1834
1131 1302
1131 1267
1131 1278
1131 1914
1131 2043
1131 2053
1131 2189
1131 2300
1131 1814
2168 296
2168 548
2168 1278
2168 1359
2168 1378
2168 1560
2168 1611
2168 1809
2168 1845
2168 1847
2168 2011
2168 2119
2168 2122
2168 2267
2168 2292
2168 2169
647 93
647 127
647 212
647 284
647 361
647 465
647 507
647 592
647 800
647 2080
647 1072
647 2217
647 1716
647 1594
647 649
647 1349
647 1731
647 972
647 1996
647 1363
647 766
647 861
647 991
647 1531
647 1503
647 1890
647 1046
647 750
647 2279
647 2156
647 2305
647 1908
647 2292
647 1278
647 777
647 1286
647 2179
647 988
647 1678
647 1497
647 1813
138 34
138 60
138 61
138 70
138 105
138 131
138 133
138 1945
138 931
138 1451
138 1457
138 436
138 437
138 1969
138 955
138 446
138 1489
138 1700
138 2010
138 2011
138 487
138 491
138 1516
138 1013
138 507
138 511
138 1532
138 2044
138 1537
138 1029
138 1038
138 2067
138 2070
138 1570
138 1096
138 2228
138 1105
138 1107
138 2127
138 2062
138 1123
138 621
138 2157
138 631
138 1390
138 139
138 1170
138 1680
138 2191
138 663
138 667
138 169
138 170
138 682
138 700
138 703
138 1737
138 212
138 726
138 232
138 2276
138 751
138 752
138 243
138 1268
138 1784
138 2296
138 2307
138 1802
138 1804
138 1809
138 1817
138 1330
138 1333
138 312
138 900
138 1845
138 1857
138 2100
138 1084
138 1339
138 1871
138 1876
138 1377
138 1378
138 361
138 1894
138 366
138 152
138 379
138 383
138 388
138 1419
138 921
138 411
2191 40
2191 142
2191 182
2191 209
2191 336
2191 618
2191 790
1562 122
1562 227
1562 235
1562 241
1562 388
1562 485
1562 601
1562 651
1562 718
1562 731
1562 738
1562 781
1562 790
1562 1096
1562 1129
1562 1193
1562 1290
1562 1458
1562 1969
1562 1758
1562 1718
1562 2105
1562 1881
1562 1679
1562 1810
2208 142
2208 209
2208 211
2208 972
2208 1004
2208 1057
2208 1137
2208 1483
2208 1900
2208 2180
2209 209
2209 255
2209 312
2209 446
2209 471
2209 655
2209 704
2209 790
2209 881
2209 921
2209 1064
2209 1141
2209 1163
2209 1238
2209 1483
2209 2157
2209 2307
209 56
209 63
209 133
209 134
209 142
209 435
209 1465
209 1468
209 960
209 471
209 493
209 496
209 501
209 1016
209 515
209 521
209 2052
209 1201
209 1288
209 548
209 556
209 1580
209 1094
209 601
209 1133
209 1141
209 640
209 1900
209 1055
209 2203
209 1701
209 2217
209 1206
209 210
209 2251
209 1750
209 1751
209 2266
209 746
209 1259
209 2279
209 983
209 255
209 2296
209 1791
209 2301
209 777
209 2307
209 1292
209 782
209 1297
209 1298
209 790
209 2319
209 1820
209 1314
209 1828
209 310
209 855
209 372
209 1431
209 1928
209 406
209 921
209 411
211 493
211 790
211 1133
211 1680
211 1751
211 372
2251 142
2251 310
2251 358
2251 471
2251 746
2251 790
2251 1091
2251 1133
2251 1378
2251 1387
2251 1456
2251 1623
2251 2104
730 336
730 471
730 712
730 2203
730 1900
730 2259
730 2255
1751 56
1751 142
1751 194
1751 310
1751 391
1751 423
1751 425
1751 510
1751 790
1751 900
1751 921
1751 950
1751 976
1751 1314
1751 1328
1751 1750
1751 1820
1751 2227
1751 2229
1751 1757
1751 1924
1751 1928
2266 142
2266 220
2266 466
2266 646
2266 777
2266 790
2266 851
2266 906
2266 924
2266 932
2266 1016
2266 1072
2266 1821
2266 1914
2266 2053
2266 2195
2266 2314
746 106
746 142
746 149
746 150
746 236
746 241
746 249
746 286
746 310
746 405
746 433
746 471
746 480
746 507
746 508
746 619
746 718
746 732
746 934
746 938
746 1456
746 949
746 950
746 1468
746 1498
746 2009
746 1020
746 2063
746 1556
746 2104
746 1088
746 1599
746 2117
746 1623
746 1647
746 1143
746 1166
746 1678
746 1687
746 802
746 1741
746 1250
746 1768
746 2301
746 1285
746 2303
746 777
746 1289
746 2307
746 1297
746 790
746 1832
746 2335
746 1349
746 1858
746 1363
746 865
746 877
746 1388
746 1916
746 900
746 921
2279 54
2279 93
2279 95
2279 124
2279 152
2279 162
2279 284
2279 324
2279 361
2279 399
2279 410
2279 441
2279 452
2279 465
2279 466
2279 481
2279 488
2279 507
2279 508
2279 558
2279 615
2279 649
2279 681
2279 721
2279 742
2279 774
2279 777
2279 790
2279 800
2279 824
2279 830
2279 835
2279 847
2279 861
2279 883
2279 884
2279 900
2279 901
2279 906
2279 921
2279 928
2279 963
2279 972
2279 991
2279 1016
2279 1040
2279 1042
2279 1046
2279 1051
2279 1077
2279 1084
2279 1130
2279 1141
2279 1152
2279 1154
2279 1199
2279 1253
2279 1254
2279 1278
2279 1288
2279 1302
2279 1309
2279 1327
2279 1349
2279 1354
2279 1363
2279 1369
2279 1378
2279 1399
2279 1405
2279 1470
2279 1482
2279 1483
2279 1531
2279 1583
2279 1585
2279 1621
2279 1623
2279 1629
2279 1632
2279 1678
2279 1716
2279 1731
2279 1741
2279 1809
2279 1813
2279 1821
2279 1823
2279 1828
2279 1834
2279 1876
2279 1890
2279 1898
2279 1906
2279 1908
2279 1918
2279 1924
2279 1954
2279 2017
2279 2037
2279 2059
2279 2063
2279 2080
2279 2085
2279 2089
2279 2102
2279 2167
2279 2169
2279 2180
2279 2185
2279 2255
2279 2258
2279 2296
2279 2338
2279 2300
2279 2306
1772 111
1772 592
1772 777
1772 894
1772 900
1772 958
1772 2010
1772 1924
1772 1934
255 61
255 142
255 1949
255 790
255 1737
255 593
255 1297
255 599
255 1141
255 891
255 1690
255 1791
255 1029
255 1298
255 1808
255 408
255 921
1791 29
1791 46
1791 105
1791 106
1791 163
1791 189
1791 263
1791 264
1791 389
1791 390
1791 399
1791 441
1791 442
1791 471
1791 492
1791 495
1791 500
1791 545
1791 549
1791 711
1791 721
1791 724
1791 727
1791 748
1791 803
1791 817
1791 874
1791 881
1791 901
1791 934
1791 955
1791 1008
1791 1029
1791 1031
1791 1036
1791 1041
1791 1046
1791 1084
1791 1091
1791 1133
1791 1169
1791 1179
1791 1197
1791 1294
1791 1298
1791 1388
1791 1392
1791 1423
1791 1443
1791 1458
1791 1464
1791 1478
1791 1516
1791 1613
1791 1629
1791 1632
1791 1647
1791 1666
1791 1667
1791 1680
1791 1785
1791 1977
1791 1985
1791 2027
1791 2074
1791 2097
1791 1973
1791 2228
1791 2156
1791 2226
1791 2227
1791 2233
1791 2237
1791 2277
1791 2286
1791 2309
1791 1808
1791 1820
1791 1843
1791 1867
1791 1905
1289 29
1289 127
1289 275
1289 282
1289 339
1289 360
1289 390
1289 393
1289 408
1289 423
1289 444
1289 475
1289 498
1289 621
1289 779
1289 790
1289 796
1289 840
1289 921
1289 1008
1289 1023
1289 1040
1289 1069
1289 1133
1289 1149
1289 1154
1289 1690
1289 1820
1289 2307
1289 1829
1289 1834
1289 2090
1289 2091
1289 1460
1289 2229
1289 1431
1289 1478
1289 1481
1289 2074
1289 1739
1289 2122
1289 2050
1289 1933
1289 1785
1289 1392
1289 2029
1289 1667
1289 1586
1289 2035
1289 1528
1289 1666
1289 1451
1289 1810
1289 1732
788 105
788 124
788 134
788 320
788 588
788 1310
788 938
788 1721
788 1112
788 1116
788 1032
788 2006
790 29
790 53
790 54
790 70
790 74
790 75
790 76
790 79
790 88
790 110
790 120
790 122
790 124
790 136
790 142
790 144
790 152
790 161
790 165
790 172
790 182
790 210
790 216
790 220
790 224
790 236
790 264
790 266
790 275
790 279
790 307
790 310
790 314
790 328
790 334
790 361
790 369
790 388
790 405
790 406
790 408
790 409
790 431
790 444
790 446
790 469
790 471
790 478
790 485
790 487
790 498
790 521
790 522
790 563
790 575
790 576
790 582
790 654
790 690
790 694
790 701
790 718
790 731
790 733
790 762
790 769
790 771
790 779
790 781
790 785
790 787
790 1690
790 1442
790 1450
790 2311
790 1456
790 960
790 1979
790 1781
790 1040
790 1483
790 988
790 1278
790 900
790 2296
790 1512
790 1712
790 1007
790 1008
790 2029
790 2035
790 1077
790 2110
790 2043
790 1534
790 1539
790 868
790 1039
790 2058
790 1041
790 1059
790 2081
790 1065
790 2090
790 2139
790 1079
790 2098
790 1208
790 2299
790 2117
790 1928
790 2144
790 2145
790 2146
790 2147
790 2148
790 2149
790 2151
790 2152
790 791
790 1133
790 1651
790 2163
790 1149
790 2167
790 1302
790 2153
790 1667
790 1221
790 1163
790 1164
790 1985
790 1170
790 1686
790 963
790 1189
790 2074
790 840
790 2150
790 1397
790 1288
790 1718
790 1652
790 1654
790 1084
790 1747
790 1948
790 1248
790 1541
790 1152
790 1261
790 1492
790 1916
790 2284
790 1785
790 1285
790 2305
790 2308
790 1802
790 1666
790 1308
790 1818
790 1821
790 1314
790 2332
790 2336
790 812
790 813
790 814
790 815
790 1327
790 1839
790 2307
790 1843
790 1847
790 832
790 997
790 839
790 2016
790 1354
790 1508
790 851
790 829
790 1629
790 1593
790 1637
790 1386
790 1259
790 876
790 889
790 1908
790 921
790 852
790 901
790 2019
790 1929
790 914
790 2324
1314 111
1314 142
1314 361
1314 406
1314 473
1314 593
1314 645
1314 664
1314 803
1314 901
1314 919
1314 947
1314 996
1314 1044
1314 1050
1314 1133
1314 1281
1314 2160
1314 2227
1314 1778
1314 1876
1314 2192
1314 2296
1249 1019
142 49
142 56
142 1820
142 182
142 731
142 1325
142 310
142 1595
142 1041
142 471
142 1750
142 1378
142 1510
142 1003
142 1132
142 855
142 243
142 1141
142 1431
142 640
142 1281
142 1928
142 532
142 921
142 2325
310 89
310 90
310 106
310 113
310 139
310 152
310 241
310 249
310 267
310 938
310 433
310 1456
310 950
310 957
310 1487
310 477
310 2009
310 480
310 1513
310 2029
310 1020
310 2044
310 1556
310 1072
310 1077
310 1091
310 1623
310 2136
310 619
310 1647
310 1143
310 634
310 1687
310 1729
310 1741
310 728
310 1768
310 2296
310 2300
310 1285
310 2303
310 732
310 2325
310 1821
310 1832
310 1349
310 1858
310 865
310 1765
310 361
310 877
310 1388
310 579
310 900
310 405
310 921
855 220
1876 60
1876 91
1876 131
1876 133
1876 139
1876 152
1876 162
1876 163
1876 172
1876 241
1876 298
1876 332
1876 411
1876 419
1876 465
1876 466
1876 507
1876 593
1876 599
1876 601
1876 651
1876 652
1876 688
1876 741
1876 749
1876 802
1876 805
1876 883
1876 900
1876 921
1876 947
1876 1029
1876 1040
1876 1041
1876 1154
1876 1302
1876 1363
1876 1396
1876 1511
1876 1522
1876 1531
1876 1599
1876 1693
1876 1729
1876 1731
1876 1815
1876 1816
1876 1821
1876 2122
1876 2005
1876 2013
1876 2014
1876 2296
1876 2098
1876 2167
1876 2169
1876 2235
1876 2172
1876 2299
1876 2306
1876 2337
1369 74
1369 146
1369 152
1369 390
1369 478
1369 508
1369 840
1369 874
1369 934
1369 958
1369 1019
1369 1041
1369 1133
1369 1200
1369 1288
1369 1302
1369 1333
1369 2089
1369 2229
1369 2334
1369 2037
1369 2179
1369 1928
376 69
376 98
376 286
376 351
376 1830
376 833
376 2038
376 844
376 1362
376 1452
376 1594
376 635
376 636
390 182
390 214
390 224
390 275
390 377
390 1820
390 1821
390 1185
390 1948
390 1928
390 444
390 1858
390 461
390 1992
390 463
390 848
390 2122
390 851
390 1298
390 1621
390 1933
390 1500
390 609
390 2018
390 1510
390 874
390 493
390 498
390 1646
390 1141
390 2034
390 1528
390 1149
390 2041
390 1784
390 391
390 392
390 393
390 2166
390 1645
390 664
390 1182
390 1944
1928 165
1928 900
1928 901
1928 1091
1928 1133
1928 1169
1928 1449
1928 1458
1928 1466
1928 1516
1928 1559
1928 1621
1928 1647
1928 1666
1928 1820
1928 1821
1928 2078
1928 2243
1928 2070
1935 241
1935 293
1935 346
1935 771
1935 787
1935 897
1935 901
1935 1007
1935 1169
1935 1246
1935 1363
1935 1378
1935 1588
1935 1637
1935 1647
1935 1835
1935 1924
1935 1979
1935 2147
1935 2144
1935 2145
1935 2146
1935 2148
1935 2149
1935 2150
1935 2151
1935 2152
1935 2058
408 88
408 161
408 187
408 222
408 243
408 275
408 286
408 293
408 299
408 307
408 360
408 369
408 406
408 1442
408 1450
408 1457
408 951
408 1478
408 2122
408 1508
408 599
408 498
408 2029
408 1019
408 2043
408 1534
408 524
408 1041
408 2074
408 563
408 575
408 583
408 444
408 593
408 1133
408 1149
408 1666
408 1163
408 1164
408 657
408 1690
408 1189
408 694
408 1718
408 700
408 2244
408 1248
408 741
408 749
408 1261
408 1781
408 771
408 2307
408 791
408 1308
408 1847
408 832
408 852
408 1872
408 884
408 1916
408 1008
921 56
921 134
921 137
921 246
921 275
921 361
921 372
921 431
921 457
921 466
921 488
921 509
921 532
921 582
921 743
921 777
921 803
921 815
921 825
921 830
921 861
921 865
921 887
921 900
921 906
921 915
921 1443
921 938
921 1502
921 995
921 2023
921 1538
921 1924
921 2074
921 2081
921 2085
921 1133
921 1642
921 1141
921 1149
921 1160
921 1703
921 1711
921 2253
921 1261
921 2307
921 1296
921 1820
921 1821
921 1823
921 2336
921 1851
921 1861
921 1387
921 1390
921 1942
1690 161
1690 266
1690 307
1690 339
1690 369
1690 444
1690 563
1690 575
1690 582
1690 694
1690 769
1690 779
1690 791
1690 829
1690 832
1690 868
1690 950
1690 1048
1690 1050
1690 1149
1690 1163
1690 1164
1690 1265
1690 1283
1690 1442
1690 1450
1690 1508
1690 1512
1690 1534
1690 2308
1690 1948
1690 1718
1690 1858
1690 1847
1690 1872
1690 1781
1690 2019
1690 2043
1690 2029
1690 2296
1690 2005
1821 35
1821 74
1821 90
1821 122
1821 125
1821 137
1821 152
1821 182
1821 193
1821 227
1821 232
1821 246
1821 261
1821 262
1821 296
1821 320
1821 352
1821 354
1821 361
1821 380
1821 382
1821 387
1821 391
1821 406
1821 416
1821 466
1821 484
1821 488
1821 493
1821 548
1821 551
1821 563
1821 591
1821 608
1821 614
1821 619
1821 651
1821 690
1821 700
1821 707
1821 721
1821 722
1821 761
1821 764
1821 778
1821 779
1821 785
1821 811
1821 814
1821 815
1821 822
1821 841
1821 847
1821 880
1821 900
1821 901
1821 906
1821 922
1821 955
1821 959
1821 1021
1821 1067
1821 1125
1821 1137
1821 1166
1821 1248
1821 1281
1821 1285
1821 1291
1821 1297
1821 1302
1821 1303
1821 1342
1821 1359
1821 1366
1821 1378
1821 1388
1821 1391
1821 1402
1821 1456
1821 1464
1821 1504
1821 1531
1821 1556
1821 1665
1821 1678
1821 1693
1821 1712
1821 1741
1821 1788
1821 1793
1821 1802
1821 1814
1821 1820
1821 1950
1821 2032
1821 2067
1821 2292
1821 2029
1821 2035
1821 2036
1821 2043
1821 2045
1821 2069
1821 2070
1821 1886
1821 1973
1821 2117
1821 2157
1821 2212
1821 2220
1821 2161
1821 2227
1821 2249
1821 2336
1821 2255
1821 2269
1821 2203
1821 1830
1821 2278
1821 2296
1821 1828
1821 1831
1821 1846
1821 1844
1821 1943
1828 152
1828 165
1828 207
1828 241
1828 246
1828 294
1828 320
1828 324
1828 352
1828 430
1828 551
1828 552
1828 619
1828 649
1828 681
1828 721
1828 741
1828 777
1828 800
1828 847
1828 850
1828 900
1828 901
1828 932
1828 963
1828 1040
1828 1278
1828 1288
1828 1302
1828 1349
1828 1354
1828 1357
1828 1363
1828 1378
1828 1381
1828 1388
1828 1409
1828 1498
1828 1678
1828 1686
1828 2169
1828 2080
1828 2130
1828 2262
1828 1834
1828 2296
1828 2089
1828 2215
1828 2037
1828 2185
1457 182
1457 189
1457 314
1457 335
1457 350
1457 360
1457 484
1457 487
1457 490
1457 662
1457 771
1457 814
1457 850
1457 872
1457 900
1457 918
1457 922
1457 988
1457 997
1457 1084
1457 1091
1457 1133
1457 1137
1457 1149
1457 1169
1457 1204
1457 1218
1457 1221
1457 1251
1457 1268
1457 1294
1457 1308
1457 1339
1457 1430
1457 1456
1457 1956
1457 1460
1457 1464
1457 1478
1457 1997
1457 1498
1457 1503
1457 1504
1457 1513
1457 2030
1457 1522
1457 1523
1457 1965
1457 1556
1457 1565
1457 2117
1457 1679
1457 2216
1457 1715
1457 1718
1457 2276
1457 1778
1457 2307
1457 1802
1457 1808
1457 1812
1457 1815
1457 1881
1457 1924
2098 155
2098 165
2098 235
2098 415
2098 519
2098 608
2098 651
2098 654
2098 668
2098 669
2098 756
2098 867
2098 1057
2098 1328
2098 1347
2098 1651
2098 1652
2098 1848
2098 2160
2098 2102
2098 2136
2098 2192
2037 56
2037 93
2037 210
2037 239
2037 284
2037 303
2037 352
2037 360
2037 361
2037 399
2037 452
2037 507
2037 508
2037 576
2037 608
2037 666
2037 758
2037 777
2037 798
2037 800
2037 824
2037 830
2037 861
2037 928
2037 939
2037 972
2037 991
2037 1042
2037 1043
2037 1050
2037 1051
2037 1072
2037 1121
2037 1166
2037 1278
2037 1302
2037 1349
2037 1358
2037 1363
2037 1390
2037 1483
2037 1500
2037 1510
2037 1580
2037 1594
2037 1678
2037 1710
2037 1716
2037 1731
2037 1813
2037 1855
2037 1890
2037 1925
2037 1931
2037 2305
2037 2080
2037 2085
2037 2167
2037 2180
2136 510
2136 782
2136 1150
2136 1579
2136 1588
2136 1666
2136 2108
2136 2248
441 244
441 338
441 381
441 1456
441 827
441 442
441 1116
441 2169
441 2237
441 2299
441 2301
441 1552
1378 38
1378 39
1378 57
1378 69
1378 135
1378 177
1378 184
1378 185
1378 193
1378 207
1378 241
1378 261
1378 271
1378 282
1378 306
1378 324
1378 351
1378 401
1378 435
1378 436
1378 437
1378 456
1378 459
1378 465
1378 469
1378 470
1378 478
1378 507
1378 510
1378 514
1378 556
1378 576
1378 592
1378 639
1378 651
1378 654
1378 655
1378 658
1378 669
1378 728
1378 731
1378 748
1378 774
1378 777
1378 781
1378 800
1378 805
1378 825
1378 843
1378 861
1378 896
1378 900
1378 906
1378 915
1378 932
1378 939
1378 943
1378 960
1378 963
1378 1002
1378 1016
1378 1041
1378 1046
1378 1048
1378 1058
1378 1072
1378 1077
1378 1091
1378 1166
1378 1225
1378 1246
1378 1267
1378 1278
1378 1349
1378 1354
1378 1358
1378 1362
1378 1363
1378 1445
1378 1454
1378 1964
1378 1991
1378 1599
1378 1996
1378 1497
1378 2296
1378 2017
1378 1512
1378 1514
1378 2036
1378 2047
1378 1537
1378 1793
1378 2058
1378 2053
1378 2085
1378 1585
1378 1547
1378 2114
1378 1993
1378 2080
1378 2138
1378 1553
1378 2156
1378 1651
1378 1655
1378 2166
1378 2169
1378 1813
1378 2185
1378 1678
1378 1742
1378 2065
1378 2207
1378 1701
1378 1712
1378 1716
1378 2163
1378 1731
1378 1710
1378 1693
1378 2260
1378 2278
1378 1790
1378 1823
1378 2334
1378 1830
1378 1831
1378 1834
1378 1846
1378 1852
1378 1890
1378 1900
1378 2023
1378 1405
1378 1409
1378 1919
1378 1944
1378 2284
741 61
741 88
741 220
741 263
741 312
741 328
741 332
741 401
741 405
741 406
741 461
741 485
741 488
741 529
741 591
741 593
741 621
741 654
741 684
741 688
741 705
741 947
741 949
741 1973
741 1008
741 1014
741 1029
741 1456
741 1550
741 2066
741 1556
741 1041
741 2157
741 1668
741 1169
741 1184
741 1702
741 1720
741 1248
741 1297
741 2326
741 1830
741 1833
741 1359
741 850
741 1872
741 1388
741 882
741 1910
741 897
741 901
741 922
741 1434
1274 220
1274 260
1274 1273
1274 2143
1274 1482
764 174
764 345
764 367
764 1500
901 79
901 80
901 87
901 182
901 189
901 220
901 351
901 360
901 361
901 399
901 410
901 608
901 668
901 692
901 704
901 731
901 734
901 737
901 749
901 827
901 850
901 900
901 1438
901 1993
901 1498
901 1500
901 1890
901 2045
901 2051
901 2052
901 1041
901 1042
901 2079
901 1598
901 2126
901 1113
901 1623
901 1632
901 1137
901 2156
901 2157
901 963
901 1652
901 1388
901 2167
901 1813
901 2180
901 1167
901 1678
901 1179
901 1184
901 2216
901 1206
901 2238
901 2241
901 2278
901 1278
901 2296
901 1788
901 1285
901 2305
901 1294
901 1297
901 1298
901 1302
901 1303
901 1814
901 1851
901 1376
901 1389
901 2108
519 313
519 473
519 1820
519 803
519 1056
519 1057
519 1452
519 1456
519 2237
519 2248
519 1361
519 2160
519 1149
657 169
657 409
657 420
657 459
657 2086
657 1325
657 822
657 1463
657 2227
657 1975
657 1110
657 2130
657 1750
657 1881
657 1248
657 742
657 2017
657 1890
657 1891
657 1003
657 1004
657 2277
657 878
657 1768
657 2097
657 665
657 2294
657 1538
657 2311
657 1040
657 2323
657 756
1778 133
1778 220
1778 411
1778 469
1778 484
1778 486
1778 488
1778 490
1778 550
1778 689
1778 1003
1778 1205
1778 1244
1778 1366
1778 1509
1778 1666
1778 2102
1778 2044
2067 49
2067 57
2067 108
2067 179
2067 204
2067 247
2067 258
2067 266
2067 297
2067 405
2067 423
2067 428
2067 465
2067 496
2067 500
2067 569
2067 585
2067 781
2067 791
2067 800
2067 806
2067 827
2067 900
2067 931
2067 955
2067 1075
2067 1102
2067 1111
2067 1132
2067 1141
2067 1162
2067 1239
2067 1266
2067 1273
2067 1381
2067 1409
2067 1503
2067 1505
2067 1540
2067 1541
2067 1548
2067 1578
2067 1607
2067 1649
2067 1651
2067 1655
2067 1793
2067 1831
2067 1860
2067 1861
2067 1948
2067 2091
2067 2081
2067 2230
1954 63
1954 95
1954 178
1954 185
1954 195
1954 201
1954 294
1954 552
1954 611
1954 684
1954 774
1954 812
1954 815
1954 847
1954 906
1954 915
1954 1015
1954 1060
1954 1077
1954 1113
1954 1184
1954 1288
1954 1410
1954 1549
1954 1554
1954 1636
1954 1823
1954 1852
1954 2081
1954 2258
1954 2023
1954 2163
1954 2262
1735 135
1735 235
1735 604
1735 996
1735 1340
1735 1402
1735 1549
1735 1666
1735 1823
1965 69
1965 144
1965 346
1965 446
1965 448
1965 487
1965 488
1965 509
1965 558
1965 585
1965 619
1965 711
1965 805
1965 812
1965 1076
1965 1166
1965 1246
1965 1292
1965 1456
1965 1458
1965 1559
1965 1586
1965 1591
1965 1594
1965 1610
1965 1639
1965 1647
1965 1687
1965 1705
1965 1718
1965 1779
1965 1863
1965 1919
1965 1929
1965 1934
1965 1953
1965 1956
1965 1957
1965 2216
1965 2233
1965 2255
1965 2269
1965 2254
1965 2044
1861 198
1861 242
1861 324
1861 478
1861 773
1861 774
1861 808
1861 915
1861 1077
1861 1288
1861 1669
1861 1785
1861 1823
1861 1968
1861 2129
1861 2023
1861 2036
1101 2203
1101 1354
1101 2193
1101 2260
1356 1785
361 42
361 61
361 115
361 137
361 152
361 162
361 165
361 207
361 226
361 241
361 282
361 308
361 324
361 341
361 350
361 360
361 423
361 1454
361 947
361 1979
361 507
361 459
361 1483
361 465
361 1996
361 1492
361 1497
361 1500
361 511
361 482
361 1363
361 1506
361 487
361 1511
361 1004
361 1514
361 1007
361 508
361 1531
361 2046
361 2058
361 1549
361 539
361 1060
361 2079
361 2085
361 2089
361 1072
361 867
361 2105
361 1091
361 1040
361 2114
361 2146
361 2142
361 2144
361 2145
361 1129
361 2147
361 1638
361 1639
361 2150
361 2151
361 2152
361 2148
361 1133
361 2167
361 1642
361 1156
361 2179
361 1163
361 2185
361 2149
361 1678
361 1053
361 1684
361 669
361 1184
361 679
361 963
361 2216
361 718
361 703
361 2233
361 1523
361 721
361 1233
361 2255
361 728
361 619
361 1241
361 1637
361 2269
361 1152
361 2169
361 1768
361 2001
361 1278
361 2296
361 1281
361 1802
361 1803
361 1297
361 787
361 1302
361 1814
361 649
361 800
361 1316
361 2180
361 812
361 1834
361 1358
361 1327
361 1679
361 824
361 559
361 1853
361 1084
361 1254
361 850
361 1377
361 876
361 1399
361 2194
361 1405
361 1516
361 900
361 1294
361 914
361 1097
361 413
361 2284
1535 102
1535 239
1535 469
1535 635
1535 839
1535 1387
1535 1949
1535 1710
1535 2160
1535 1625
1924 54
1924 79
1924 110
1924 111
1924 118
1924 122
1924 124
1924 165
1924 241
1924 284
1924 360
1924 362
1924 405
1924 435
1924 487
1924 488
1924 508
1924 510
1924 558
1924 725
1924 847
1924 849
1924 880
1924 897
1924 914
1924 958
1924 1233
1924 1246
1924 1251
1924 1367
1924 1376
1924 1388
1924 1456
1924 1458
1924 1516
1924 1594
1924 1651
1924 1652
1924 1679
1924 1710
1924 1731
1924 1768
1924 1872
1924 1879
1924 1945
1924 2119
1924 2045
1924 2085
1924 2116
1924 2229
1924 2230
1924 2254
1099 63
1099 457
1099 748
1099 843
1099 850
1099 882
1099 906
1099 1852
1099 1611
1099 1354
1099 2260
1099 1639
1099 1285
1099 1931
1099 1900
1298 360
1298 399
1298 471
1298 495
1298 721
1298 727
1298 748
1298 803
1298 934
1298 1008
1298 1016
1298 1030
1298 1096
1298 1197
1298 1294
1298 1443
1298 1456
1298 2097
1298 2226
1298 2227
1298 1632
1298 1977
1298 2117
1298 1613
1298 1785
1298 1881
1298 1392
1298 1905
1298 1667
1298 1800
1298 1423
1298 1808
1298 1682
1298 1858
1298 1943
1943 110
1943 144
1943 182
1943 208
1943 218
1943 220
1943 652
1943 703
1943 734
1943 827
1943 922
1943 982
1943 1075
1943 1328
1943 1353
1943 1388
1943 1502
1943 1655
1943 1733
1943 1809
1943 1830
1943 1960
1943 2290
1943 2113
1943 2117
1943 2267
1943 2242
27 997
997 289
997 436
997 444
997 487
997 488
997 492
997 669
997 834
997 1787
997 1988
997 1456
997 2027
997 1408
997 1458
28 1549
1549 242
1549 243
1549 286
1549 602
1549 620
1549 648
1549 794
1549 802
1549 806
1549 887
1549 893
1549 909
1549 923
1549 1025
1549 1134
1549 1252
1549 1322
1549 1346
1549 1424
1549 1432
1549 1433
1549 1434
1549 2203
1549 1591
1549 1900
1549 2107
1549 2119
1549 2000
1549 2259
1549 1846
1549 2275
1549 1938
1549 1912
1549 1665
1549 1804
1549 1725
29 1572
29 2119
29 777
1572 426
2119 1025
2119 1026
2119 1040
2119 1077
2119 1133
2119 1167
2119 1285
2119 1704
2119 1785
2119 2130
777 57
777 69
777 137
777 162
777 210
777 241
777 246
777 284
777 286
777 322
777 443
777 493
777 507
777 508
777 522
777 529
777 576
777 649
777 658
777 674
777 721
777 937
777 1454
777 1693
777 1524
777 953
777 963
777 969
777 972
777 1483
777 1996
777 988
777 1503
777 1512
777 1484
777 1040
777 1041
777 1044
777 1046
777 1058
777 1060
777 1291
777 2089
777 1579
777 1292
777 1585
777 1586
777 2058
777 1135
777 1651
777 2167
777 2169
777 2180
777 1166
777 1678
777 2207
777 1144
777 1993
777 1731
777 1225
777 1738
777 1742
777 1244
777 1246
777 2085
777 1256
777 1267
777 1278
777 2296
777 1790
777 1285
777 2305
777 2308
777 781
777 1497
777 1302
777 1813
777 800
777 906
777 1327
777 2012
777 1847
777 1349
777 1358
777 1362
777 1363
777 1072
777 875
777 1894
777 900
777 1416
777 839
777 1423
1454 163
1454 177
1454 260
1454 340
1454 601
1454 639
1454 664
1454 906
1454 972
1454 1121
1454 1278
1454 1363
1454 2089
1454 1981
1454 1763
1454 2185
165 40
165 42
165 146
165 162
165 2055
165 817
165 496
165 1583
165 2161
165 1594
165 2107
165 1363
165 1855
165 226
165 2013
165 1302
165 1894
165 889
165 883
165 757
165 1651
165 1531
165 815
165 1027
165 965
165 2162
165 1390
165 1652
165 1678
165 1082
165 541
1979 135
1979 161
1979 536
1979 839
1979 883
1979 958
1979 1004
1979 1388
1979 1599
1979 1602
1979 1705
1979 1738
1979 1835
1979 2172
1979 2307
1981 1133
1981 1192
1981 1851
1981 2130
934 354
934 1294
934 1925
934 1297
934 1387
934 1277
1483 72
1483 117
1483 124
1483 133
1483 152
1483 162
1483 223
1483 235
1483 237
1483 242
1483 293
1483 333
1483 341
1483 379
1483 391
1483 485
1483 488
1483 565
1483 603
1483 620
1483 635
1483 645
1483 662
1483 781
1483 787
1483 804
1483 841
1483 860
1483 900
1483 906
1483 909
1483 939
1483 996
1483 1016
1483 1045
1483 1148
1483 1149
1483 1246
1483 1250
1483 1264
1483 1288
1483 1302
1483 1310
1483 1321
1483 1340
1483 1341
1483 1478
1483 1481
1483 1783
1483 1497
1483 1498
1483 1516
1483 1555
1483 1580
1483 2309
1483 1629
1483 1632
1483 1665
1483 1678
1483 1693
1483 1823
1483 2287
1483 2305
1483 1918
1483 1793
1483 2312
1483 1831
1483 2267
1483 1731
1483 1870
1483 1898
1483 1906
465 93
465 284
465 800
465 1820
465 2080
465 1834
465 1583
465 1716
465 1349
465 1731
465 2122
465 1996
465 1363
465 1678
465 1244
465 991
465 1531
465 1503
465 1890
465 750
465 649
465 2156
465 507
465 1278
465 1813
465 1918
465 1286
465 2305
465 2179
465 988
465 861
465 1046
465 1497
465 883
465 666
1996 93
1996 163
1996 284
1996 320
1996 507
1996 649
1996 750
1996 800
1996 861
1996 883
1996 908
1996 947
1996 972
1996 988
1996 991
1996 1046
1996 1246
1996 1278
1996 1286
1996 1302
1996 1363
1996 1497
1996 1503
1996 1531
1996 1678
1996 1716
1996 1731
1996 1813
1996 1890
1996 1977
1996 2080
1996 2296
1996 2305
1996 2179
1996 2156
1497 93
1497 284
1497 507
1497 604
1497 649
1497 750
1497 800
1497 861
1497 939
1497 972
1497 988
1497 991
1497 1046
1497 1278
1497 1286
1497 1363
1497 2080
1497 1666
1497 1716
1497 1594
1497 1731
1497 1531
1497 1503
1497 1890
1497 2156
1497 2305
1497 2179
1497 1678
1497 1498
1497 1813
2296 68
2296 110
2296 134
2296 137
2296 144
2296 162
2296 182
2296 210
2296 246
2296 291
2296 324
2296 334
2296 338
2296 399
2296 406
2296 435
2296 456
2296 469
2296 488
2296 556
2296 601
2296 609
2296 621
2296 651
2296 652
2296 654
2296 655
2296 703
2296 737
2296 778
2296 802
2296 812
2296 839
2296 841
2296 861
2296 900
2296 962
2296 963
2296 1002
2296 1029
2296 1107
2296 1133
2296 1137
2296 1246
2296 1255
2296 1263
2296 1281
2296 1288
2296 1291
2296 1302
2296 1366
2296 1388
2296 1390
2296 1458
2296 1466
2296 1516
2296 1580
2296 1586
2296 1594
2296 1655
2296 1684
2296 1700
2296 1729
2296 1820
2296 1847
2296 1890
2296 1918
2296 1956
2296 2058
2296 2080
2296 2099
2296 2114
2296 2161
2296 2167
2296 2175
2296 2203
2296 2207
2296 2217
2296 2230
2296 2255
2296 2300
2296 2307
1514 40
1514 220
1514 399
1514 561
1514 755
1514 850
1514 1065
1514 1133
1514 1175
1514 1262
1514 1366
1514 1500
1514 1733
1514 2130
1514 1809
1007 1835
1007 1738
1007 1388
1007 2172
1007 2307
507 93
507 127
507 131
507 149
507 284
507 397
507 972
507 988
507 991
507 1503
507 2017
507 1016
507 508
507 1531
507 1042
507 1046
507 1813
507 2080
507 2085
507 1594
507 1132
507 2156
507 2167
507 649
507 2179
507 2180
507 1678
507 1716
507 1731
507 1763
507 2277
507 750
507 752
507 2292
507 766
507 1278
507 1286
507 2305
507 1302
507 792
507 800
507 1349
507 1354
507 1363
507 861
507 1890
507 1908
507 900
2058 101
2058 161
2058 324
2058 448
2058 765
2058 839
2058 883
2058 958
2058 1292
2058 1388
2058 1392
2058 1705
2058 1738
2058 1835
2058 2013
2058 2035
2058 2102
2058 2234
2058 2130
2058 2172
2058 2307
2058 2114
2059 326
2059 461
2059 562
2059 1040
2059 1512
2059 1871
1048 399
1048 645
1048 2185
1048 1215
1048 1491
1048 1049
1048 1051
1556 42
1556 192
1556 200
1556 244
1556 487
1556 488
1556 565
1556 599
1556 689
1556 819
1556 891
1556 958
1556 999
1556 1075
1556 1088
1556 1328
1556 1387
1556 1443
1556 1456
1556 1458
1556 2102
1556 1853
1556 2091
1556 2131
1556 1765
1556 1723
1556 2275
1556 2285
1556 1649
1556 2287
1556 1837
1556 2043
1556 2092
1556 1802
1556 1680
1556 1558
1556 1815
1556 2284
1060 399
1060 466
1060 815
1060 1013
1060 1789
1060 1898
1060 2262
552 294
552 847
552 1717
2085 118
2085 139
2085 284
2085 522
2085 913
2085 939
2085 1121
2085 1175
2085 1267
2085 1302
2085 1349
2085 1363
2085 1534
2085 1580
2085 1594
2085 1651
2085 1678
2085 1731
2085 1860
2085 2220
2085 2305
1122 93
1122 161
1122 750
1122 887
1122 985
1122 2046
1122 2303
1122 1763
1122 2305
1122 1637
1122 1211
1077 63
1077 125
1077 152
1077 478
1077 546
1077 601
1077 619
1077 620
1077 773
1077 774
1077 775
1077 816
1077 850
1077 906
1077 915
1077 963
1077 1015
1077 1820
1077 1823
1077 1445
1077 1502
1077 1464
1077 2228
1077 1212
1077 1500
1077 2269
1077 2023
1077 2262
1077 1881
1077 1410
1077 1288
1637 41
1637 101
1637 109
1637 161
1637 286
1637 405
1637 448
1637 510
1637 536
1637 668
1637 669
1637 750
1637 761
1637 839
1637 883
1637 903
1637 924
1637 939
1637 1116
1637 1215
1637 1246
1637 1299
1637 1388
1637 1456
1637 1503
1637 1576
1637 1593
1637 2242
1637 1835
1637 2035
1637 1705
1637 1738
1637 2230
1637 2138
1637 2038
1637 2172
1637 2307
1637 2308
1637 2314
1040 74
1040 102
1040 246
1040 339
1040 399
1040 586
1040 820
1040 835
1040 957
1040 1021
1040 2074
1040 1963
1040 1041
1040 2166
1040 1508
1040 1890
1040 2102
1040 1766
1040 2060
1040 1552
1040 2241
1040 2249
2114 60
2114 88
2114 118
2114 139
2114 150
2114 177
2114 239
2114 266
2114 286
2114 420
2114 448
2114 469
2114 474
2114 510
2114 592
2114 652
2114 696
2114 744
2114 802
2114 815
2114 833
2114 839
2114 844
2114 900
2114 924
2114 936
2114 938
2114 972
2114 980
2114 1057
2114 1080
2114 1241
2114 1246
2114 1292
2114 1333
2114 1362
2114 1399
2114 1405
2114 1452
2114 1466
2114 1593
2114 1594
2114 1599
2114 1651
2114 1705
2114 1710
2114 1726
2114 1729
2114 1741
2114 1768
2114 1881
2114 1993
2114 2014
2114 2038
2114 2044
2114 2052
2114 2101
2114 2139
2114 2207
2114 2259
2114 2331
95 1349
2144 109
2144 135
2144 536
2144 668
2144 669
2144 839
2144 1246
2144 1388
2144 1738
2144 1835
2144 2013
2144 2035
2144 2102
2144 2130
2144 2138
2144 2172
2144 2307
2145 1388
2145 1738
2145 1835
2145 2172
2145 2307
2146 1388
2146 1738
2146 1835
2146 2172
2146 2307
2147 1388
2147 1738
2147 1835
2147 2172
2147 2307
1638 1570
2149 1388
2149 1738
2149 1835
2149 2172
2149 2307
2150 1388
2150 1738
2150 1835
2150 2172
2150 2307
2152 1388
2152 1738
2152 1835
2152 2172
2152 2307
115 2089
115 1643
115 1676
115 2100
2148 737
2148 1388
2148 1580
2148 1738
2148 1835
2148 2172
2148 2307
2161 89
2161 113
2161 139
2161 162
2161 235
2161 325
2161 466
2161 608
2161 646
2161 802
2161 1005
2161 1218
2161 1339
2161 1516
2161 1580
2161 1948
2161 1986
2161 2070
2151 1388
2151 1738
2151 1835
2151 2172
2151 2307
2167 93
2167 246
2167 266
2167 284
2167 388
2167 461
2167 562
2167 615
2167 718
2167 753
2167 793
2167 800
2167 850
2167 861
2167 871
2167 906
2167 915
2167 963
2167 991
2167 1015
2167 1042
2167 1088
2167 1278
2167 1290
2167 1291
2167 1302
2167 1349
2167 1363
2167 1498
2167 1500
2167 1503
2167 1580
2167 1594
2167 1678
2167 1716
2167 1731
2167 1813
2167 1818
2167 1890
2167 1900
2167 2017
2167 2080
2167 2179
2167 2180
639 154
639 177
639 200
639 1175
1152 399
1152 406
1152 592
1152 1133
1152 1327
137 110
137 2074
137 296
137 302
137 2203
137 1458
137 843
137 1482
137 2121
137 350
137 2011
137 994
137 488
137 1388
137 629
137 1684
137 1027
137 880
137 1831
137 1669
137 1794
137 1041
137 1679
137 1651
649 93
649 284
649 2080
649 1716
649 1731
649 972
649 1363
649 861
649 991
649 1278
649 1503
649 1890
649 750
649 2156
649 2305
649 2166
649 766
649 1531
649 800
649 1072
649 2179
649 988
649 1286
649 1678
649 1046
649 1813
2179 56
2179 93
2179 284
2179 327
2179 388
2179 496
2179 500
2179 551
2179 750
2179 800
2179 861
2179 936
2179 953
2179 955
2179 972
2179 988
2179 991
2179 992
2179 1042
2179 1046
2179 1278
2179 1286
2179 1302
2179 1363
2179 1399
2179 1503
2179 1531
2179 1678
2179 1688
2179 1716
2179 1731
2179 1733
2179 1813
2179 1890
2179 2080
2179 2156
2179 2331
2179 2305
2180 93
2180 284
2180 800
2180 861
2180 991
2180 1031
2180 1042
2180 1057
2180 1206
2180 1238
2180 1278
2180 1302
2180 1349
2180 1363
2180 1469
2180 1488
2180 1639
2180 1678
2180 1716
2180 1731
2180 1763
2180 1813
2180 1820
2180 1890
2180 2017
2180 2080
2180 2126
2180 2306
2185 45
2185 246
2185 302
2185 340
2185 442
2185 813
2185 906
2185 954
2185 1059
2185 1072
2185 1205
2185 1278
2185 1328
2185 1363
2185 2089
2185 2284
1678 93
1678 149
1678 284
1678 459
1678 508
1678 737
1678 750
1678 800
1678 861
1678 900
1678 953
1678 988
1678 991
1678 1036
1678 1042
1678 1046
1678 1166
1678 1267
1678 1278
1678 1286
1678 1302
1678 1349
1678 1363
1678 1503
1678 1531
1678 1580
1678 1594
1678 2010
1678 2305
1678 2080
1678 2129
1678 2156
1678 1716
1678 1731
1678 1918
1678 1813
1678 1845
1678 1890
152 75
152 82
152 118
152 133
152 1956
152 943
152 1458
152 1016
152 461
152 980
152 1616
152 1513
152 509
152 538
152 182
152 1573
152 1580
152 1629
152 2100
152 1091
152 1887
152 2124
152 2126
152 1617
152 608
152 1632
152 621
152 1133
152 2160
152 652
152 162
152 800
152 1700
152 1705
152 1712
152 1205
152 696
152 2228
152 1729
152 725
152 1746
152 1248
152 2282
152 1278
152 1288
152 2307
152 1302
152 1823
152 1326
152 306
152 1333
152 654
152 1848
152 1358
152 857
152 2139
152 1388
152 1900
152 883
152 372
152 1598
152 900
152 906
152 399
152 406
1184 194
1184 195
1184 201
1184 774
1184 805
1184 836
1184 1065
1184 2081
1184 1837
1184 2129
1184 1367
1184 1255
1184 1291
1184 1931
162 42
162 50
162 67
162 1945
162 939
162 947
162 442
162 969
162 981
162 1500
162 2013
162 2043
162 2029
162 1016
162 2036
162 513
162 1027
162 1546
162 1288
162 2074
162 1069
162 1082
162 1629
162 1632
162 325
162 2162
162 635
162 1985
162 1693
162 731
162 2263
162 758
162 1784
162 900
162 1302
162 1823
162 2334
162 296
162 314
162 1855
162 844
162 1358
162 1363
162 867
162 1918
162 906
162 1420
162 413
681 354
681 495
681 592
681 2287
963 324
963 350
963 372
963 508
963 800
963 808
963 885
963 915
963 1134
963 1834
963 2240
963 1860
963 972
963 1113
963 1623
963 1149
963 2169
963 1050
963 1156
963 1302
963 2089
963 1288
972 76
972 110
972 163
972 172
972 182
972 186
972 220
972 271
972 298
972 306
972 319
972 324
972 339
972 388
972 456
972 501
972 576
972 690
972 703
972 714
972 740
972 750
972 766
972 783
972 800
972 809
972 840
972 1968
972 985
972 988
972 2010
972 1516
972 1036
972 1046
972 2080
972 1571
972 1072
972 1073
972 1089
972 1105
972 1214
972 1125
972 1166
972 1818
972 1481
972 1206
972 2240
972 2247
972 1743
972 1755
972 1763
972 1832
972 2286
972 1811
972 1349
972 1873
972 1088
972 1381
972 1310
972 1414
972 1428
718 108
718 139
718 290
718 362
718 481
718 488
718 496
718 559
718 603
718 629
718 1463
718 835
718 1614
718 992
718 1632
718 1381
718 876
718 1135
718 2165
718 1410
718 1538
718 1737
1731 93
1731 186
1731 241
1731 284
1731 286
1731 352
1731 405
1731 508
1731 668
1731 669
1731 750
1731 800
1731 812
1731 861
1731 908
1731 914
1731 953
1731 988
1731 991
1731 1023
1731 1042
1731 1046
1731 1072
1731 1175
1731 1278
1731 1286
1731 1302
1731 1349
1731 1363
1731 1376
1731 1388
1731 1498
1731 1500
1731 1503
1731 1531
1731 1583
1731 1651
1731 1716
1731 1975
1731 2080
1731 2156
1731 1763
1731 1768
1731 2305
1731 1813
1731 2017
1731 1890
1731 1892
1731 1929
2242 448
2242 812
2242 1031
2242 1058
2242 1716
2242 2066
2242 2238
2242 2240
2242 2284
207 1500
207 683
207 508
207 1873
207 1580
207 1205
207 1918
721 1830
721 841
721 1623
721 1509
721 1387
721 2280
721 1393
721 889
721 2299
721 1498
2255 1720
731 399
731 1700
731 943
731 750
731 1849
731 1500
731 1388
731 900
1243 1075
1243 1785
2262 328
2262 478
2262 847
2262 1113
2169 189
2169 388
2169 466
2169 885
2169 1023
2169 1302
2169 1435
2169 1608
2169 1917
2169 2277
1768 135
1768 239
1768 241
1768 266
1768 267
1768 286
1768 299
1768 365
1768 405
1768 446
1768 448
1768 471
1768 510
1768 522
1768 536
1768 696
1768 839
1768 894
1768 913
1768 1058
1768 1072
1768 1080
1768 1166
1768 1237
1768 1246
1768 1251
1768 1399
1768 1407
1768 1451
1768 1466
1768 1504
1768 1550
1768 1581
1768 1583
1768 1593
1768 1647
1768 1651
1768 1652
1768 1654
1768 1710
1768 2014
1768 2060
1768 2139
1768 2189
1768 2240
1768 2237
1768 2013
1768 1929
1768 1881
1768 1900
750 93
750 284
750 399
750 568
750 2080
750 1503
750 1333
750 1716
750 761
750 1363
750 861
750 991
750 1531
750 1890
750 1137
750 2156
750 2305
750 1278
750 1407
750 800
750 988
750 1286
750 1046
750 1813
241 452
241 1498
241 1500
241 346
241 1039
241 1043
241 556
241 1579
241 1580
241 1586
241 2100
241 1594
241 579
241 592
241 2130
241 615
241 1137
241 1651
241 2216
241 1710
241 1712
241 1217
241 722
241 1251
241 743
241 271
241 2314
241 282
241 286
241 405
241 1321
241 303
241 1337
241 325
241 849
241 344
241 352
241 1381
241 360
241 1900
241 1091
241 1918
241 1419
241 914
1271 545
1271 737
1271 2237
900 69
900 111
900 124
900 133
900 149
900 220
900 286
900 334
900 338
900 358
900 399
900 406
900 435
900 456
900 461
900 466
900 469
900 481
900 484
900 508
900 540
900 579
900 608
900 619
900 621
900 651
900 652
900 654
900 655
900 734
900 751
900 761
900 802
900 812
900 839
900 841
900 850
900 861
900 868
900 1956
900 2033
900 1166
900 1016
900 1466
900 1993
900 1288
900 2005
900 1498
900 1002
900 2029
900 1021
900 1534
900 2137
900 2081
900 1580
900 1629
900 1502
900 2116
900 1107
900 1632
900 1132
900 1137
900 2157
900 1741
900 1655
900 996
900 2200
900 1733
900 2207
900 2215
900 1729
900 1225
900 1246
900 1248
900 1261
900 1263
900 1916
900 1918
900 1765
900 2300
900 2307
900 1292
900 1302
900 1133
900 2325
900 1820
900 1823
900 1837
900 1363
900 1880
900 1766
900 1388
900 1390
900 1091
900 1913
900 1408
900 906
900 1349
900 1931
900 1265
900 1435
1278 93
1278 182
1278 186
1278 200
1278 284
1278 340
1278 372
1278 459
1278 476
1278 508
1278 529
1278 654
1278 800
1278 815
1278 833
1278 850
1278 861
1278 894
1278 906
1278 913
1278 988
1278 991
1278 1042
1278 1046
1278 1192
1278 1216
1278 1498
1278 1503
1278 1531
1278 2305
1278 2080
1278 2089
1278 1716
1278 2156
1278 2288
1278 1286
1278 1302
1278 1813
1278 1349
1278 1363
1278 1890
1278 1900
257 471
257 446
1794 466
1794 654
1794 808
1794 915
1794 994
1794 996
1794 1045
1794 1065
1794 1221
1794 1482
1794 1853
1794 1918
1794 2306
1288 63
1288 125
1288 182
1288 198
1288 350
1288 399
1288 478
1288 488
1288 546
1288 620
1288 773
1288 774
1288 775
1288 906
1288 915
1288 1016
1288 1212
1288 1445
1288 2307
1288 1458
1288 1852
1288 2166
1288 2129
1288 1500
1288 1629
1288 1700
1288 1632
1288 1302
1288 1823
1288 1410
787 529
787 1835
787 1738
787 1388
787 2172
787 2307
1302 93
1302 122
1302 246
1302 284
1302 288
1302 615
1302 800
1302 824
1302 861
1302 871
1302 906
1302 983
1302 991
1302 1016
1302 1042
1302 1100
1302 1133
1302 1290
1302 1964
1302 1503
1302 2080
1302 1580
1302 1585
1302 1629
1302 2141
1302 1632
1302 2165
1302 1712
1302 1716
1302 2292
1302 1918
1302 1813
1302 1312
1302 1823
1302 1330
1302 1349
1302 1357
1302 1363
1302 1890
1302 1908
1161 220
1161 861
800 93
800 284
800 321
800 388
800 459
800 508
800 551
800 928
800 844
800 1971
800 1986
800 988
800 991
800 1503
800 2017
800 1531
800 1029
800 1046
800 2305
800 2080
800 1103
800 1121
800 1134
800 2156
800 2217
800 1716
800 2240
800 1244
800 1763
800 1286
800 1813
800 1820
800 1834
800 830
800 1860
800 1354
800 1363
800 861
800 1890
812 201
812 472
812 585
812 604
812 737
812 1076
812 1221
812 1363
812 1367
812 1500
812 2012
812 1759
812 1387
812 915
812 1277
812 1931
1834 260
1834 399
1834 508
1834 551
1834 883
1834 908
1834 1134
1834 1500
1834 2240
1327 372
1327 399
1327 406
1327 592
1327 1133
1327 1705
1327 1407
824 177
824 246
824 324
824 399
824 700
824 1050
824 1051
324 2244
324 2089
324 1580
324 1456
324 1394
324 501
324 1414
324 1925
324 1175
324 1050
324 1051
1349 93
1349 149
1349 200
1349 284
1349 363
1349 466
1349 508
1349 562
1349 684
1349 729
1349 861
1349 991
1349 1042
1349 1084
1349 2080
1349 1716
1349 1498
1349 1860
1349 1363
1349 1531
1349 1890
1349 2029
1349 1451
1349 1918
1349 1813
1354 356
1354 399
1354 488
1354 513
1354 658
1354 1072
1354 1166
1354 1238
1354 2120
1354 2157
1254 1845
1363 93
1363 105
1363 149
1363 186
1363 284
1363 286
1363 340
1363 352
1363 372
1363 425
1363 452
1363 508
1363 668
1363 669
1363 753
1363 766
1363 861
1363 906
1363 908
1363 915
1363 953
1363 988
1363 991
1363 1023
1363 1042
1363 1046
1363 1058
1363 1166
1363 1286
1363 1975
1363 1498
1363 1503
1363 2017
1363 1531
1363 2305
1363 2080
1363 2089
1363 1716
1363 1639
1363 2156
1363 1803
1363 1813
1363 1763
1363 1890
1894 365
1894 592
1894 771
1894 844
1894 894
1894 913
1894 947
1894 958
1894 1027
1894 1267
1894 1358
1895 469
1895 544
1895 1246
879 195
879 1851
879 1853
879 1433
879 2023
879 2100
883 399
883 545
883 669
883 2162
883 1860
883 1237
883 1399
883 2044
883 1945
883 1285
883 1729
1399 61
1399 345
1399 448
1399 539
1399 631
1399 761
1399 1251
1399 1945
1399 1860
1399 2081
1399 1500
1399 1651
1399 1652
1399 1679
1405 388
1405 1041
1405 1175
1405 1306
1405 1390
1405 1594
1405 1729
1405 2259
1405 1500
1405 1765
1405 2280
386 1456
1929 68
1929 135
1929 189
1929 239
1929 351
1929 522
1929 839
1929 913
1929 932
1929 1058
1929 1237
1929 1246
1929 1291
1929 1352
1929 1407
1929 1416
1929 1503
1929 1559
1929 1647
1929 1651
1929 1652
1929 1654
1929 1705
1929 1710
1929 1855
1929 1863
1929 1957
1929 2013
1929 2014
914 478
914 533
914 876
914 1693
914 1565
914 1710
914 1840
914 1652
31 471
31 89
471 139
471 224
471 345
471 351
471 399
471 423
471 435
471 1820
471 1988
471 1064
471 814
471 2091
471 690
471 1206
471 1973
471 701
471 1091
471 1855
471 1739
471 1985
471 2100
471 2122
471 1571
471 737
471 1491
471 1133
471 501
471 1652
471 493
471 1785
471 868
471 1712
471 1297
471 592
471 2325
89 1250
89 485
89 518
89 2259
89 90
1849 153
1849 360
1849 938
1849 948
1849 2012
1849 2090
1849 2021
1849 2292
742 544
742 640
742 1057
742 1830
742 1623
742 1456
742 2032
742 922
742 1785
1051 615
1051 1049
1051 1050
1051 1519
1051 1868
1393 466
1393 487
1393 1387
1393 2299
1393 1887
1393 1892
1050 583
1050 1049
1050 1519
1050 1868
297 1357
297 372
297 1464
1449 135
1449 182
1449 286
1449 405
1449 426
1449 482
1449 536
1449 595
1449 658
1449 1096
1449 1246
1449 1294
1449 1422
1449 2230
1449 1977
1449 1732
1449 1621
1500 201
1500 261
1500 339
1500 341
1500 345
1500 393
1500 497
1500 640
1500 658
1500 724
1500 753
1500 761
1500 805
1500 839
1500 1015
1500 1133
1500 1141
1500 1149
1500 1178
1500 1211
1500 1281
1500 1353
1500 1445
1500 1482
1500 1712
1500 2164
1500 1554
1500 1900
1500 2260
1500 1502
1500 2081
1500 1830
1500 1831
1500 1881
1500 1793
1500 2053
2033 415
2033 469
2033 868
2033 1408
2033 1710
2033 2187
2033 2227
2033 2325
1154 232
1154 357
1154 814
1154 1189
1154 2227
1154 1478
1154 1408
1154 2187
903 57
903 192
903 360
903 417
903 897
903 1579
903 1586
903 1588
903 1082
903 1738
903 2130
903 2259
903 2139
903 1512
903 1925
1679 103
1679 110
1679 111
1679 118
1679 124
1679 169
1679 182
1679 333
1679 410
1679 456
1679 478
1679 487
1679 488
1679 652
1679 662
1679 723
1679 792
1679 865
1679 898
1679 902
1679 947
1679 958
1679 1004
1679 1034
1679 1041
1679 1130
1679 1220
1679 1221
1679 1244
1679 1252
1679 1366
1679 1382
1679 1407
1679 1445
1679 1456
1679 1458
1679 1522
1679 1523
1679 1583
1679 1593
1679 1623
1679 1647
1679 1651
1679 1652
1679 1699
1679 2044
1679 2107
1679 2230
1679 2231
1679 2234
34 1868
34 1043
34 2192
34 601
1868 402
1868 836
1868 1049
1868 2273
1868 2220
1043 216
1043 271
1043 282
1043 320
1043 352
1043 363
1043 406
1043 561
1043 562
1043 608
1043 620
1043 653
1043 782
1043 1038
1043 1312
1043 1962
1043 1333
1043 2104
1043 1344
1043 1854
1043 2240
1043 1225
1043 2116
1043 1736
1043 1871
1043 2004
1043 1764
1043 1503
1043 1758
1043 1515
1043 1531
1043 1919
1043 1286
1043 1548
1043 2070
2192 87
2192 239
2192 406
2192 415
2192 515
2192 744
2192 1016
2192 1170
2192 1416
2192 1432
2192 1871
2192 1890
2192 1962
2192 2104
601 83
601 220
601 334
601 346
601 416
601 495
601 1452
601 815
601 1583
601 828
601 1594
601 833
601 1091
601 2237
601 710
601 844
601 1737
601 1867
601 2032
601 2038
601 1021
601 652
601 654
35 524
35 909
35 1515
35 757
35 2128
35 217
35 985
524 134
524 219
524 220
524 226
524 391
524 405
524 431
524 1059
524 808
524 556
524 2090
524 1482
524 694
524 1080
524 700
524 989
524 864
524 1258
524 1510
524 1003
524 2026
524 1391
524 1780
524 525
524 2198
909 47
909 85
909 223
909 262
909 300
909 402
909 518
909 1946
909 1109
909 1110
909 1627
909 1005
909 2278
909 2277
909 2036
909 1665
909 1304
909 1434
1515 259
1515 618
1515 684
1515 805
1515 1098
1515 1236
1515 1881
1515 2275
1515 1548
1515 1870
1515 2091
757 72
757 470
757 1732
2128 339
2128 1205
2128 1232
2128 1498
2128 2275
217 2173
217 1003
217 1134
217 1962
217 2284
217 661
217 1205
217 1366
217 1686
217 254
985 68
985 120
985 469
985 1029
288 135
288 163
288 173
288 286
288 293
288 423
288 2077
288 2230
288 2130
288 346
288 405
288 496
288 629
288 1680
288 536
1297 88
1297 182
1297 360
1297 399
1297 501
1297 690
1297 727
1297 748
1297 749
1297 803
1297 850
1297 851
1297 852
1297 906
1297 1008
1297 1133
1297 1197
1297 1294
1297 2307
1297 2226
1297 2227
1297 1632
1297 1613
1297 1749
1297 1881
1297 1392
1297 2097
1297 1785
1297 2045
1297 2303
1297 1456
1297 1808
1297 1667
1297 1682
1297 1944
2288 75
2288 469
2288 737
2288 1419
2288 1811
37 1851
37 1780
1851 134
1851 146
1851 263
1851 322
1851 466
1851 857
1851 1211
1851 1335
1851 1502
1851 1780
1851 1942
1851 2276
1851 2249
1780 326
1780 366
1780 431
1780 748
1780 1003
1780 1248
1780 1366
1780 1391
1780 1510
1780 1662
38 951
38 196
951 406
951 431
951 472
951 490
951 740
951 779
951 811
951 2074
951 2027
951 1970
951 1711
951 1744
951 2129
951 1723
196 183
196 2202
196 1503
196 199
196 715
196 1045
196 1079
196 1878
39 556
39 1983
556 1980
556 1406
556 1787
1983 446
1983 949
1983 1115
1983 1277
1983 1680
1983 2263
1983 2127
40 943
40 319
40 2241
40 1360
40 723
40 1977
40 110
40 1006
40 1269
40 1146
40 765
40 1786
40 388
40 135
40 536
943 53
943 413
943 415
943 501
943 559
943 615
943 891
943 1183
943 1948
943 1423
943 1736
943 999
943 1241
943 1008
943 1903
943 2043
943 2060
319 618
319 1413
319 2091
319 2228
2241 323
2241 492
2241 614
2241 1213
2241 1285
2241 1522
2241 1764
2241 1985
2241 2130
2241 2138
1360 579
1360 602
1360 1337
1360 2280
1360 1498
723 191
723 1246
723 1710
1977 771
1977 938
1977 1168
1977 1431
1977 1788
1977 2256
110 473
110 295
110 1198
110 593
110 2223
110 315
110 957
110 1342
110 599
110 1366
110 479
110 1885
110 487
110 1607
110 2160
110 636
110 615
110 926
1146 285
1146 890
1146 2140
1146 1790
765 186
765 200
765 458
765 1761
765 2227
1786 42
1786 145
1786 223
1786 244
1786 323
1786 346
1786 496
1786 562
1786 833
1786 860
1786 891
1786 924
1786 999
1786 1073
1786 1183
1786 1241
1786 1531
1786 1591
1786 1882
1786 2310
1786 1871
1786 2131
1786 1903
1786 2160
1786 2043
1786 1815
1786 1814
1786 1816
388 111
388 235
388 249
388 286
388 323
388 1071
388 2091
388 947
388 1969
388 955
388 1855
388 1096
388 423
388 1871
388 1419
388 2261
388 992
388 1758
388 871
388 1698
388 496
388 1782
388 2165
388 1531
388 2131
388 1290
388 1038
388 1456
388 2237
388 1309
135 163
135 293
135 1652
135 2230
135 1096
135 346
135 1900
135 1651
135 1654
135 1409
135 1169
135 405
135 536
135 154
135 286
536 163
536 286
536 293
536 346
536 405
536 1652
536 2230
536 857
536 1900
536 1654
536 1409
41 1652
1652 235
1652 286
1652 299
1652 365
1652 392
1652 405
1652 508
1652 522
1652 667
1652 696
1652 771
1652 839
1652 913
1652 936
1652 938
1652 1058
1652 1160
1652 1246
1652 1285
1652 1534
1652 1583
1652 1647
1652 1651
1652 2263
1652 1835
1652 2237
1652 2060
1652 1871
1652 2013
1652 2160
1652 1654
42 1058
42 191
42 2105
42 1816
42 1097
42 608
42 2138
42 448
42 487
42 619
42 761
42 896
42 1815
42 1175
42 1814
42 668
42 669
1058 68
1058 239
1058 487
1058 913
1058 1647
1058 1651
1058 2308
1058 1175
191 86
191 182
191 416
191 1456
191 947
191 566
191 1843
191 827
191 448
191 200
191 466
191 1495
191 1879
191 2022
191 1647
191 2159
191 2043
191 2301
2105 174
2105 452
2105 1610
2105 1712
2105 1900
2105 2189
1816 244
1816 346
1816 593
1816 860
1816 891
1816 896
1816 924
1816 999
1816 1183
1816 1241
1816 1814
1816 1815
1816 2310
1816 1903
1816 2043
1097 85
1097 550
1097 1765
608 232
608 406
608 1957
608 1580
608 1328
608 1333
608 1971
608 1091
608 1387
608 756
608 1394
2138 51
2138 68
2138 369
2138 432
2138 618
2138 842
2138 938
2138 1026
2138 1206
2138 1612
2138 1737
2138 1773
2138 1963
2138 1980
2138 2127
2138 2331
2138 2286
2138 2195
448 80
448 114
448 134
448 150
448 163
448 227
448 267
448 286
448 399
448 420
448 1945
448 1452
448 1495
448 2013
448 1512
448 2044
448 1545
448 539
448 1580
448 1581
448 1076
448 1080
448 1594
448 1610
448 1627
448 2141
448 1169
448 1705
448 2240
448 2250
448 1248
448 1251
448 744
448 1765
448 1802
448 792
448 1583
448 1337
448 833
448 1082
448 849
448 1879
448 1887
448 877
448 1392
487 323
487 335
487 484
487 486
487 550
487 938
487 2216
487 1460
487 1333
487 1123
487 1718
487 2228
487 1339
487 1251
487 2311
487 2237
487 891
487 987
487 1299
487 609
487 1504
487 872
487 490
487 1137
487 2030
487 501
487 1522
487 1523
487 1812
487 509
487 771
487 749
487 1133
487 1430
487 1294
487 1808
487 662
619 45
619 163
619 173
619 200
619 306
619 328
619 425
619 466
619 484
619 525
619 593
619 1396
619 1705
619 815
619 1358
619 1464
619 1759
619 1088
619 1092
619 1054
619 1357
619 1739
619 1366
619 729
619 1765
619 1137
619 1267
619 1091
619 2130
619 1785
619 2284
619 1802
619 916
619 917
619 918
619 1075
619 1815
761 2334
761 939
761 1130
761 1843
761 1464
761 958
761 1470
761 1003
761 2122
761 1366
761 2135
761 1503
761 1632
761 1253
761 1510
761 2276
761 2157
761 766
761 2041
761 2303
761 782
896 57
896 1531
896 2043
896 2207
896 1512
896 1416
896 1993
896 1362
896 1321
896 947
1815 86
1815 200
1815 208
1815 244
1815 346
1815 469
1815 526
1815 729
1815 860
1815 891
1815 924
1815 999
1815 1088
1815 1183
1815 1241
1815 1736
1815 1738
1815 1814
1815 1903
1815 1953
1815 2159
1815 2131
1815 1887
1815 2043
1815 2046
1815 2052
1175 184
1175 284
1175 658
1175 661
1175 722
1175 751
1175 843
1175 991
1175 1046
1175 1166
1175 2081
1175 1831
1175 2215
1175 1716
1175 1358
1175 1890
1175 1639
1175 1388
1175 1267
1175 1285
1175 2053
1175 1856
1814 88
1814 186
1814 244
1814 346
1814 860
1814 891
1814 924
1814 999
1814 1183
1814 1241
1814 1591
1814 1903
1814 2043
1814 2310
1814 2131
668 186
668 220
668 252
668 1082
668 1091
668 1765
668 1643
668 1267
668 815
668 1900
668 669
669 220
669 233
669 252
669 260
669 320
669 435
669 493
669 1949
669 1574
669 1452
669 815
669 1580
669 954
669 1211
669 1605
669 1550
669 1918
669 737
669 1871
669 1088
669 881
669 1267
669 2159
669 1765
669 1388
669 1038
669 1802
43 1330
1330 271
1330 352
1330 420
1330 435
1330 804
1330 816
1330 906
1330 1409
1057 155
1057 473
1057 725
1057 1056
1057 2104
1057 1361
1057 2160
1057 2312
1503 56
1503 93
1503 183
1503 284
1503 314
1503 496
1503 602
1503 861
1503 884
1503 908
1503 936
1503 988
1503 991
1503 1042
1503 1046
1503 1253
1503 1286
1503 1438
1503 1733
1503 1823
1503 1716
1503 2230
1503 2080
1503 1531
1503 2334
1503 1890
1503 2156
1503 2305
1503 1674
1503 1813
804 146
804 362
804 1089
804 2050
1601 173
1601 220
1601 233
1601 560
1601 857
1601 983
1601 2104
1601 1616
1601 1603
1733 144
1733 183
1733 508
1733 609
1733 648
1733 740
1733 805
1733 825
1733 1015
1733 1065
1733 1132
1733 1135
1733 1277
1733 1326
1733 1340
1733 1355
1733 1367
1733 1445
1733 1463
1733 1502
1733 1823
1733 2113
1733 1931
1733 2129
1733 2047
1733 2280
1733 2023
1733 1906
1733 1919
1606 781
1606 1661
1606 1736
1402 46
1402 320
1402 423
1402 437
1402 1091
1402 1211
1402 1216
1402 1335
1402 1818
1402 2189
1402 2043
1402 2157
2120 282
2120 391
2120 392
2120 587
2120 996
2120 1190
2120 1312
2120 1463
2120 1494
2120 1629
2120 1741
2120 2100
1898 410
1898 587
1898 815
1898 1285
1898 1789
305 423
305 2116
56 423
56 808
56 1596
56 1737
56 1623
56 2280
56 1785
56 497
56 2313
541 325
541 2301
541 840
541 815
1823 144
1823 195
1823 198
1823 478
1823 740
1823 773
1823 774
1823 813
1823 825
1823 906
1823 915
1823 1016
1823 1277
1823 1410
1823 1445
1823 1502
1823 1629
1823 1632
1823 2205
1823 2129
45 1488
45 1686
1488 2306
1488 1513
1686 46
1686 182
1686 254
1686 272
1686 387
1686 602
1686 653
1686 1044
1686 1248
1686 1538
1686 1614
1686 2336
1686 1833
1686 2215
1686 1884
1686 1906
1686 1806
46 2011
46 325
46 1538
46 2100
46 1216
46 320
46 1708
46 1614
46 307
46 275
46 2036
46 1211
2011 60
2011 133
2011 139
2011 437
2011 621
2011 682
2011 726
2011 751
2011 889
2011 955
2011 1263
2011 1390
2011 1489
2011 1548
2011 1734
2011 1741
2011 1809
2011 1824
2011 1830
2011 1853
2011 2100
2011 2307
2011 2324
325 947
325 1113
325 867
325 1456
1538 912
1538 1614
2100 178
2100 488
2100 493
2100 798
2100 827
2100 1326
2100 1613
2100 1809
2100 1884
1216 320
1216 436
1216 437
1216 2051
320 108
320 143
320 199
320 222
320 1056
320 2265
320 1548
320 759
320 818
320 435
320 437
320 1547
320 1211
320 2229
320 841
320 843
320 334
320 1021
320 1238
320 1366
320 345
320 654
320 1248
320 1258
320 2086
320 751
320 1263
320 1137
320 1392
320 2157
320 631
320 2290
320 1528
320 1529
320 1664
320 966
320 2307
320 1800
320 2056
320 1169
320 852
1708 704
1614 1149
1614 1366
1614 2051
275 178
275 1185
275 694
275 586
275 593
275 1750
275 406
275 1133
275 1666
275 393
2036 47
2036 186
2036 262
2036 402
2036 481
2036 1038
2036 1665
2036 1667
2036 2277
2036 2278
2036 2280
2036 2193
1211 204
1211 341
1211 422
1211 436
1211 472
1211 474
1211 654
1211 755
1211 989
1211 998
1211 2336
1211 1892
1211 1357
1211 1262
1211 1366
1211 1907
1211 2046
1211 2052
1211 1804
47 1312
47 262
47 175
47 242
47 85
47 2278
47 1785
1312 85
1312 96
1312 175
1312 220
1312 262
1312 341
1312 437
1312 2124
1312 1340
262 85
262 175
262 223
262 1285
262 263
262 1223
262 2278
262 1900
262 2277
262 1366
262 2292
242 134
242 188
242 930
242 936
242 429
242 2099
242 1443
242 2237
242 1611
242 1255
242 1003
242 748
242 1832
242 1291
85 544
85 2334
85 1820
85 1466
85 1109
85 223
85 865
85 615
85 2277
85 1268
85 263
85 402
85 1425
2278 402
2278 406
2278 666
2278 1110
2278 1164
2278 1197
2278 1434
2278 2277
1785 69
1785 243
1785 360
1785 362
1785 623
1785 810
1785 827
1785 906
1785 926
1785 1008
1785 1088
1785 1228
1785 1261
1785 1277
1785 1456
1785 1872
1785 2029
2090 182
2090 192
2090 435
2090 705
2090 827
2090 1014
2090 1456
2090 1510
2090 1683
2090 1765
2090 1802
2090 2091
2090 2216
2090 2140
1456 106
1456 118
1456 174
1456 335
1456 344
1456 360
1456 362
1456 393
1456 416
1456 462
1456 484
1456 486
1456 490
1456 508
1456 509
1456 550
1456 562
1456 729
1456 755
1456 771
1456 803
1456 821
1456 872
1456 947
1456 1008
1456 1042
1456 1056
1456 1069
1456 1084
1456 1096
1456 1106
1456 1133
1456 1137
1456 1149
1456 1164
1456 1169
1456 1189
1456 1191
1456 1204
1456 1210
1456 1218
1456 1244
1456 1251
1456 1277
1456 1325
1456 1382
1456 1388
1456 1389
1456 1412
1456 1423
1456 1948
1456 1956
1456 1482
1456 1613
1456 2029
1456 1523
1456 2093
1456 1585
1456 2102
1456 2107
1456 1607
1456 2153
1456 2216
1456 1715
1456 1487
1456 1997
1456 1757
1456 1781
1456 2303
1456 2307
1456 1802
1456 1830
1456 1838
1456 1839
1456 1765
1456 1647
2117 86
2117 122
2117 182
2117 485
2117 827
2117 1205
2117 1266
2117 1294
2117 1432
2117 1623
2117 2187
1251 192
1251 360
1251 405
1251 488
1251 539
1251 738
1251 947
1251 1013
1251 1156
1251 1168
1251 1705
1251 1458
1251 2230
1251 2107
1251 1487
1251 1623
1251 1252
1251 1512
360 86
360 161
360 178
360 200
360 236
360 286
360 1485
360 989
360 2010
360 481
360 1616
360 1516
360 2029
360 2074
360 1069
360 1586
360 2102
360 595
360 1137
360 2162
360 965
360 1666
360 1392
360 1192
360 2216
360 2248
360 1246
360 2271
360 1765
360 1784
360 779
360 1806
360 1310
360 1585
360 1326
360 849
360 850
360 852
360 362
360 406
1910 182
1910 827
1961 923
1155 591
1155 724
1155 1012
1155 1843
1155 1432
1802 86
1802 182
1802 189
1802 226
1802 435
1802 470
1802 827
1802 849
1802 1027
1802 1137
1802 1359
1802 1765
1802 2091
1802 2029
1802 2162
49 131
49 1190
49 621
131 60
131 83
131 169
131 682
131 948
131 2237
131 1986
131 1489
131 726
131 1381
131 621
131 752
131 2157
131 631
131 133
131 139
131 667
1190 546
621 84
621 105
621 133
621 139
621 312
621 314
621 805
621 935
621 1446
621 1845
621 1377
621 1632
621 2276
621 1268
621 1904
621 631
621 2307
621 653
621 1809
50 354
50 2022
50 2024
50 466
50 563
50 533
50 1464
354 161
354 2237
354 679
354 1053
354 1233
354 1098
354 2159
354 2287
354 2282
2022 938
2022 1246
2022 1512
2022 1810
2024 1079
2024 1199
2024 1335
2024 1366
2024 1478
2024 1806
2024 1878
2024 2157
466 62
466 87
466 100
466 124
466 127
466 134
466 180
466 244
466 363
466 391
466 399
466 416
466 428
466 1970
466 954
466 958
466 1499
466 1502
466 2012
466 1510
466 1534
466 1285
466 2303
466 1608
466 1116
466 1129
466 1180
466 1197
466 2249
466 2267
466 1256
466 2292
466 2299
466 2301
466 2302
466 2334
466 815
466 1333
466 843
466 1874
466 865
563 2074
563 1133
533 2076
533 1853
533 1392
533 1840
533 1452
1464 74
1464 163
1464 266
1464 478
1464 548
1464 1167
1464 1310
1464 1366
1464 1692
1464 1704
1464 1845
1464 2130
1464 1495
1464 2267
1464 1723
1464 1656
1464 1546
51 163
51 842
51 299
51 1612
51 782
51 432
51 369
51 1980
51 1026
51 2127
163 1990
163 1088
163 1346
163 966
163 2122
163 1753
163 1573
163 2141
163 1632
163 1326
163 381
163 510
163 346
163 1412
163 2314
163 405
163 411
163 286
842 432
842 510
842 667
842 781
842 1980
842 1091
842 1701
842 1612
842 1026
842 1504
842 1566
842 2102
299 2076
299 1583
299 832
299 2238
299 2240
299 1605
299 1238
299 654
299 1088
299 880
299 2157
299 1651
299 1654
299 1581
299 2189
299 2066
1612 369
1612 432
1612 815
1612 1026
1612 1076
1612 1206
1612 1509
1612 2237
1612 1980
1612 2127
1612 2160
1612 2261
782 90
782 510
782 696
782 756
782 1693
782 1579
782 1583
782 1726
782 962
782 2108
782 2237
782 1782
782 1150
782 1755
782 1629
782 2139
782 1509
782 1004
782 1259
782 1132
782 887
782 1666
782 2248
782 1729
782 1683
432 68
432 369
432 1980
432 1026
432 2127
369 1980
369 1026
369 2127
1980 68
1980 1026
1980 2127
1026 282
1026 435
1026 1933
1026 2127
2127 339
2127 1467
2127 1498
2127 1608
2127 1830
52 1123
52 2307
52 1489
52 955
52 1182
1123 1844
2307 83
2307 88
2307 133
2307 139
2307 189
2307 208
2307 210
2307 446
2307 497
2307 614
2307 703
2307 715
2307 805
2307 807
2307 876
2307 889
2307 922
2307 935
2307 1148
2307 1164
2307 1166
2307 1213
2307 1268
2307 1377
2307 1423
2307 1446
2307 1478
2307 1490
2307 1512
2307 1518
2307 1537
2307 1666
2307 1746
2307 1845
2307 1852
2307 1853
2307 2029
2307 2081
2307 2154
2307 2200
2307 2260
2307 2276
2307 2320
1489 75
1489 139
1489 294
1489 411
1489 615
1489 685
1489 938
1489 955
1489 1160
1489 1268
1489 1313
1489 1392
1489 1833
1489 1858
955 61
955 133
955 595
955 722
955 850
955 1758
955 2070
1182 461
1182 609
1182 2122
1182 2187
1182 1784
53 1788
53 906
53 1064
53 586
53 1619
53 1149
1788 83
1788 182
1788 435
1788 894
1788 1008
1788 1423
1788 1647
1788 1948
1788 2074
906 63
906 134
906 182
906 195
906 201
906 340
906 405
906 509
906 753
906 808
906 843
906 876
906 1968
906 958
906 2017
906 1008
906 1016
906 1550
906 2089
906 1089
906 2126
906 2137
906 1629
906 1632
906 1639
906 2166
906 1583
906 1325
906 1852
906 915
1064 336
1064 435
1064 933
1064 1946
1064 1468
1064 1478
1064 1744
1064 2006
1064 2272
1064 2027
1064 1471
1064 1787
1064 1281
1064 1423
1064 1458
586 55
1619 112
1619 151
1619 393
1619 938
1619 1126
1619 1329
1619 2018
1619 2315
1149 345
1149 393
1149 423
1149 493
1149 498
1149 664
1149 694
1149 851
1149 1141
1149 1820
1149 1189
1149 2097
1149 2193
1149 1976
1149 2303
1149 1739
1149 2122
1149 2259
1149 1881
1149 1509
1149 1388
1149 2040
1149 1261
1149 1667
1149 1666
1149 1423
1149 2187
1149 1933
54 2078
54 1889
54 857
1889 1016
857 189
857 220
857 233
857 290
857 402
857 476
857 486
857 560
857 1441
857 1593
857 2104
857 1603
857 1100
857 983
857 1887
857 1041
55 1470
55 2237
55 2229
1470 201
1470 282
1470 425
1470 654
1470 994
1470 1130
1470 1192
1470 2110
1470 1608
2237 98
2237 116
2237 179
2237 232
2237 239
2237 411
2237 456
2237 545
2237 546
2237 550
2237 583
2237 676
2237 814
2237 817
2237 827
2237 851
2237 880
2237 916
2237 917
2237 933
2237 957
2237 960
2237 1010
2237 1038
2237 1333
2237 1409
2237 1419
2237 1531
2237 1545
2237 1743
2237 1854
2237 1855
2237 1890
2237 1932
2237 1956
2237 1969
2237 2070
2237 2074
2237 2313
2237 2269
2229 340
2229 815
2229 1016
2229 1019
2229 1197
2229 1200
2229 1313
2229 1510
2229 1712
2229 2160
2229 2325
423 106
423 144
423 170
423 220
423 235
423 339
423 1820
423 2331
423 1290
423 2089
423 1166
423 1726
423 1714
423 2122
423 2130
423 478
423 1668
423 1509
423 752
423 2157
423 1016
423 899
423 2051
423 651
423 1036
423 661
423 2069
423 2324
808 134
808 251
808 815
808 1328
808 1255
808 995
808 1509
808 1277
808 1919
808 1922
1737 98
1737 312
1737 314
1737 495
1737 562
1737 749
1737 766
1737 854
1737 938
1737 1029
1737 1073
1737 1290
1737 1419
1737 1498
1737 1531
1737 1693
1737 2335
1737 1855
1737 1758
1737 1763
1737 2166
1623 111
1623 664
1623 698
1623 933
1623 1076
1623 1108
1623 1137
1623 1306
1623 1510
1623 1537
1623 1963
1623 2097
1623 2227
1623 2226
1623 1985
1623 1765
1623 1632
1623 1667
1623 2313
1623 1682
1623 1753
1623 1647
2280 486
2280 646
2280 722
2280 835
2280 898
2280 969
2280 1246
2280 1640
497 226
497 445
497 1650
497 881
497 850
497 2029
57 417
57 2207
57 1579
57 1586
57 1096
57 1738
57 1362
57 1246
57 2139
57 1512
57 1524
57 2130
57 894
57 1925
417 2139
417 1925
417 1512
417 1738
417 1579
417 1586
417 2130
2207 69
2207 80
2207 271
2207 456
2207 469
2207 779
2207 861
2207 1002
2207 1225
2207 1362
2207 1409
2207 1512
2207 1547
2207 1790
2207 1993
1579 569
1579 1075
1579 1413
1579 1512
1579 1945
1579 1586
1579 2108
1579 1738
1579 2248
1579 2130
1579 2139
1579 1641
1579 2045
1579 1925
1586 239
1586 254
1586 286
1586 351
1586 655
1586 1075
1586 1233
1586 1237
1586 1246
1586 1259
1586 1398
1586 1487
1586 1512
1586 1945
1586 2102
1586 1599
1586 1738
1586 2139
1586 2130
1586 1925
1586 2308
1586 1710
1096 69
1096 99
1096 179
1096 200
1096 239
1096 266
1096 405
1096 430
1096 553
1096 573
1096 595
1096 627
1096 795
1096 1042
1096 1054
1096 1522
1096 1523
1096 1710
1096 1460
1096 2230
1096 2238
1096 2126
1096 1468
1096 1246
1096 1491
1096 1218
1096 2050
1096 1290
1096 1430
1096 1684
1738 1388
1738 1512
1738 2130
1738 2139
1738 1782
1738 1925
1362 510
1362 779
1362 875
1362 980
1362 1512
1362 1790
1362 1416
1362 1993
1362 1655
1246 80
1246 144
1246 239
1246 271
1246 282
1246 286
1246 293
1246 351
1246 405
1246 413
1246 426
1246 508
1246 510
1246 513
1246 522
1246 579
1246 595
1246 696
1246 700
1246 802
1246 839
1246 894
1246 913
1246 1054
1246 1076
1246 1080
1246 1088
1246 1169
1246 1237
1246 1945
1246 1466
1246 1485
1246 1487
1246 2010
1246 2013
1246 2014
1246 1512
1246 1524
1246 2060
1246 1585
1246 1593
1246 1605
1246 1890
1246 2137
1246 1639
1246 1651
1246 1654
1246 1710
1246 2230
1246 2231
1246 1729
1246 2259
1246 2271
1246 1765
1246 1267
1246 2220
1246 1292
1246 1803
1246 2314
1246 2331
1246 2267
1246 2130
1246 1845
1246 1855
1246 1358
1246 1382
1246 1764
1246 1371
1246 1396
1246 1419
1246 1422
2139 118
2139 266
2139 696
2139 980
2139 1512
2139 1729
2139 1741
2139 1925
2139 2130
1512 592
1512 894
1512 1075
1512 1267
1512 2331
1512 1627
1512 1925
1512 1969
1512 1524
1512 2130
1512 1710
1524 839
1524 875
1524 1382
1524 2130
2130 233
2130 513
2130 592
2130 766
2130 820
2130 827
2130 922
2130 957
2130 1039
2130 1098
2130 1285
2130 1309
2130 1366
2130 1466
2130 1518
2130 1925
894 80
894 286
894 411
894 529
894 833
894 877
894 1585
894 1835
894 1075
894 1466
894 1847
894 1217
894 1487
894 2010
894 1237
894 1651
894 898
894 1670
894 1803
894 1934
894 897
1925 510
1925 1328
1925 1366
1925 1407
1925 1458
1925 1847
58 583
58 755
58 694
583 88
583 339
583 406
583 443
583 1723
583 779
583 1668
583 811
583 2027
583 1279
583 1049
583 981
755 185
755 193
755 409
755 572
755 748
755 1949
755 805
755 1838
755 820
755 868
755 1534
755 1938
755 1281
755 1808
755 2325
694 187
694 245
694 475
694 560
694 1438
694 1442
694 2074
694 2081
694 936
694 2091
694 1858
694 1248
694 1629
694 1510
694 1133
694 1261
694 1008
694 1534
694 1793
694 1810
694 1308
1818 188
1818 781
1818 840
1818 1303
1818 1376
1818 1442
1818 1534
1818 1602
1818 2074
1818 1884
1818 1890
1818 2157
293 101
293 111
293 113
293 118
293 286
293 1945
293 405
293 1588
293 2230
293 1088
293 847
293 1621
293 880
293 1765
293 1900
293 1267
293 2045
293 898
293 771
293 413
1581 1088
1581 1605
1581 2240
1581 2066
1581 1583
1583 151
1583 280
1583 654
1583 785
1583 1041
1583 1179
1583 1593
1583 1717
1583 2240
1583 2156
1583 2066
1583 1651
1583 1654
1583 1655
2240 508
2240 652
2240 1088
2240 1134
2240 1261
2240 1540
2240 1605
2240 1809
2240 2066
2240 2189
2240 2238
1248 134
1248 218
1248 220
1248 303
1248 314
1248 405
1248 461
1248 509
1248 513
1248 652
1248 827
1248 884
1248 949
1248 1004
1248 1111
1248 1235
1248 1244
1248 2079
1248 1409
1248 1833
1248 1591
1248 2032
1248 1408
1248 2323
1248 1812
469 182
469 456
469 2334
469 2308
469 1968
469 827
469 1855
469 1221
469 861
469 1002
469 1390
469 509
469 2040
469 2301
1088 80
1088 111
1088 425
1088 484
1088 525
1088 729
1088 861
1088 1038
1088 2238
1088 1588
1088 1717
1088 1627
1088 1137
1088 1647
1088 2257
1088 1605
1088 1221
1088 1167
1088 1169
1088 2066
1651 239
1651 286
1651 314
1651 346
1651 365
1651 405
1651 426
1651 452
1651 510
1651 522
1651 658
1651 696
1651 785
1651 839
1651 913
1651 947
1651 1080
1651 1237
1651 1550
1651 1573
1651 1593
1651 1647
1651 2013
1651 2014
1651 2080
1651 1654
1651 2178
1651 1710
1651 1835
1651 1900
1654 187
1654 365
1654 522
1654 771
1654 1156
1654 1168
1654 1169
1654 1717
1654 2254
1654 1813
2066 1605
2066 2238
1647 76
1647 101
1647 111
1647 118
1647 332
1647 405
1647 558
1647 652
1647 771
1647 880
1647 913
1647 1430
1647 1588
1647 1945
1647 1843
1647 2230
1647 1890
1647 2116
1647 2133
60 1571
60 2089
60 819
60 312
60 314
60 1339
60 1337
60 1424
60 1366
60 987
60 2275
60 2276
60 2032
60 631
60 1655
60 2294
60 1023
60 133
60 139
60 1165
60 1804
1571 312
1571 2028
2089 93
2089 314
2089 340
2089 783
2089 830
2089 1042
2089 1580
2089 1705
2089 1860
819 2113
819 2275
819 987
312 182
312 935
312 314
312 1760
312 1509
312 1388
312 635
312 2301
314 105
314 109
314 114
314 218
314 226
314 271
314 272
314 1268
314 1443
314 1409
314 1208
314 592
314 593
314 1622
314 1498
314 1642
314 1016
314 2110
314 1029
314 922
314 2324
1339 103
1339 139
1339 192
1339 286
1339 513
1339 631
1339 722
1339 732
1339 752
1339 947
1339 949
1339 1030
1339 1069
1339 1165
1339 1205
1339 1267
1339 1337
1339 1800
1339 1359
1339 1390
1339 1914
1339 1442
1339 1809
1337 103
1337 404
1337 513
1337 631
1337 688
1337 732
1337 850
1337 947
1337 1008
1337 1030
1337 1705
1337 1390
1337 1359
1337 2276
1337 1560
1424 1165
1424 1285
1366 74
1366 91
1366 144
1366 230
1366 303
1366 379
1366 394
1366 501
1366 540
1366 724
1366 841
1366 865
1366 884
1366 939
1366 959
1366 960
1366 1021
1366 1041
1366 1042
1366 1091
1366 1124
1366 1132
1366 1206
1366 1220
1366 2200
1366 1699
1366 1843
1366 2102
1366 2099
1366 1985
1366 2016
1366 2122
1366 1529
1366 1844
1366 2252
1366 1667
1366 1471
1366 2052
1366 1808
987 2113
987 2275
987 1388
2275 648
2275 923
2275 996
2275 1390
2275 1409
2275 1434
2275 1988
2275 2046
2276 105
2276 189
2276 490
2276 491
2276 565
2276 688
2276 847
2276 850
2276 922
2276 935
2276 1000
2276 1023
2276 1235
2276 1268
2276 1359
2276 1381
2276 1478
2276 1510
2276 1613
2276 1680
2276 1908
2276 1993
2276 2032
2276 2267
2032 308
2032 341
2032 587
2032 618
2032 728
2032 773
2032 1023
2032 1091
2032 1198
2032 1212
2032 1451
631 84
631 88
631 105
631 139
631 411
631 513
631 1192
631 1701
631 1390
631 1030
1655 220
1655 246
1655 328
1655 334
1655 399
1655 411
1655 420
1655 433
1655 435
1655 651
1655 652
1655 654
1655 714
1655 833
1655 841
1655 844
1655 1021
1655 1091
1655 1093
1655 1255
1655 1263
1655 1343
1655 1452
1655 1530
1655 1550
1655 1594
1655 1599
1655 1611
1655 2079
1655 2129
1655 2102
1655 2300
1655 2038
1655 2157
1655 1787
1655 2259
2294 61
2294 663
1023 172
1023 308
1023 882
1023 1451
1023 1198
1023 1234
1023 2326
133 105
133 947
133 446
133 1478
133 210
133 850
133 994
133 2300
133 884
133 773
133 139
133 1809
133 411
139 84
139 105
139 122
139 169
139 682
139 688
139 849
139 726
139 752
139 484
139 1265
139 243
139 1390
139 1165
139 667
139 2157
1165 740
1165 850
1165 2200
1165 1701
1165 2177
1165 1865
1165 1548
1165 1901
1804 271
1804 796
1804 949
1804 1409
1804 2046
61 436
436 253
436 2079
436 1702
436 437
436 1238
436 1766
436 1643
436 1285
436 1548
436 1809
62 2012
62 678
62 1256
62 339
62 1970
62 2171
62 180
62 1847
62 1874
62 472
62 954
62 1180
62 1021
2012 180
2012 363
2012 472
2012 604
2012 678
2012 954
2012 1180
2012 1256
2012 1557
2012 1661
2012 1874
2012 1970
2012 2171
678 180
678 472
678 1256
678 1970
678 2171
678 1021
678 1874
678 954
678 1180
1256 180
1256 472
1256 604
1256 732
1256 954
1256 1180
1256 2171
1256 1970
1256 1874
339 235
339 328
339 2074
339 2160
339 1739
339 1872
339 868
339 1261
339 762
339 769
339 1534
339 1283
339 904
339 1164
339 2311
339 1170
339 1858
339 409
339 1054
339 2325
1970 180
1970 323
1970 472
1970 954
1970 1021
1970 1180
1970 1874
1970 2171
2171 180
2171 472
2171 954
2171 1021
2171 1180
2171 1874
180 2173
180 1021
180 472
180 1874
180 954
180 1180
1847 220
1847 267
1847 472
1847 653
1847 754
1847 1021
1847 1157
1847 1412
1847 1491
1847 1809
1847 1994
1847 1890
1847 1918
1874 363
1874 472
1874 604
1874 954
1874 1021
1874 1180
1874 1557
472 413
472 954
472 1863
472 1975
472 1021
472 1180
954 363
954 442
954 604
954 1187
954 1021
954 1557
954 1180
1021 220
1021 328
1021 334
1021 346
1021 435
1021 474
1021 651
1021 652
1021 654
1021 835
1021 953
1021 2079
1021 2116
1021 1073
1021 1343
1021 1727
1021 1592
1021 1238
1021 1723
1021 1130
1021 1263
1021 2157
63 546
63 1445
63 1212
63 2129
63 478
63 740
63 620
63 1387
63 1410
63 773
63 774
63 775
63 915
546 88
546 478
546 1410
546 775
546 774
546 620
546 1212
546 915
546 773
546 1045
546 1445
1445 478
1445 620
1445 773
1445 774
1445 775
1445 880
1445 915
1445 1212
1445 1410
1212 478
1212 620
1212 676
1212 773
1212 774
1212 775
1212 915
1212 1509
1212 1410
2129 334
2129 478
2129 604
2129 651
2129 654
2129 773
2129 774
2129 1277
2129 1502
2129 1720
2129 1975
2129 2023
2129 2074
478 125
478 198
478 1736
478 620
478 740
478 1410
478 773
478 774
478 775
478 915
478 666
740 774
740 760
620 178
620 483
620 568
620 2267
620 1853
620 915
620 891
620 1410
620 773
620 774
620 775
1387 155
1387 224
1387 235
1387 635
1387 729
1387 938
1387 1042
1387 1321
1387 1328
1387 1949
1387 1580
1387 1968
1387 1757
1387 1761
1387 1394
1387 1940
1387 1941
1387 1680
1410 773
1410 774
1410 775
1410 825
1410 915
1410 1129
1410 2044
773 774
773 775
773 915
774 113
774 198
774 483
774 1827
774 816
774 1852
774 1502
774 2023
774 1132
774 775
774 915
775 915
775 2166
915 198
915 737
915 753
915 843
915 2017
915 2023
915 1639
915 1098
915 1918
915 1044
1605 111
1605 351
1605 592
1605 602
1605 667
1605 796
1605 1285
1605 1359
1605 2091
1605 1702
2060 161
2060 271
2060 692
2060 796
2060 1409
2060 1766
2060 2311
2060 2324
734 154
734 260
734 333
734 1820
734 1830
734 815
734 1501
734 1045
182 172
182 1458
182 1468
182 2013
182 484
182 488
182 1008
182 1014
182 2040
182 1548
182 532
182 1046
182 544
182 551
182 2091
182 380
182 1598
182 1600
182 1603
182 1105
182 614
182 416
182 645
182 2176
182 1668
182 1166
182 1900
182 698
182 704
182 711
182 2246
182 1739
182 724
182 2256
182 220
182 1261
182 240
182 758
182 1787
182 769
182 1283
182 1813
182 284
182 2326
182 1315
182 811
182 343
182 856
182 1376
182 868
182 1891
182 1392
182 1916
182 1093
182 406
182 922
827 79
827 117
827 192
827 511
827 553
827 562
827 700
827 935
827 1830
827 2223
827 1603
827 1613
827 850
827 1881
827 1478
827 1809
827 1781
827 2040
827 1916
827 1033
827 1430
827 2199
711 88
711 461
711 664
711 704
711 803
711 815
711 1200
711 1471
711 1478
711 1507
711 1019
336 528
336 1857
336 1840
336 2006
484 105
484 328
484 345
484 550
484 1830
484 1076
484 1460
484 971
484 852
484 1239
484 1881
484 1884
484 486
484 490
484 1277
484 511
484 902
484 1666
484 1042
484 1308
1396 80
1396 86
1396 1887
1396 1782
1396 1546
2051 220
2051 815
2051 1238
2051 1303
2051 1942
2051 1997
2051 2050
2051 2338
2051 2267
1857 528
1857 1498
1857 2272
664 2074
664 2091
664 1726
664 1478
664 1000
664 2026
664 1164
67 1510
67 1003
67 243
67 2261
1510 189
1510 571
1510 791
1510 835
1510 931
1510 1000
1510 1406
1510 1866
1510 1933
1003 266
1003 791
1003 815
1003 1000
1003 1406
243 931
243 416
243 1000
243 332
243 947
243 791
2261 87
2261 155
2261 411
2261 1038
2261 1333
2261 1419
2261 1531
2261 1743
2261 1854
2261 1858
2261 1969
2261 2092
2261 2104
2261 2247
68 1843
68 1855
68 1352
68 1879
68 351
68 1416
68 1407
68 783
1843 118
1843 405
1843 771
1843 880
1843 1169
1843 1656
1843 1945
1843 2232
1843 1865
1843 2230
1855 212
1855 351
1855 617
1855 751
1855 839
1855 1217
1855 1352
1855 1407
1855 1416
1855 1466
1855 1986
1855 1871
1855 2162
1352 351
1352 771
1352 1407
1352 1416
1879 87
1879 118
1879 220
1879 405
1879 652
1879 771
1879 880
1879 1169
1879 1822
1879 1945
1879 2232
351 161
351 2013
351 1407
351 1416
1416 1407
1407 267
1407 327
1407 1264
1407 1693
1407 1576
1407 1875
783 413
783 766
783 1986
69 430
69 2230
69 1225
69 1993
69 1388
69 286
430 80
430 286
430 1027
430 2175
2230 80
2230 111
2230 118
2230 151
2230 286
2230 362
2230 405
2230 579
2230 595
2230 771
2230 897
2230 898
2230 1167
2230 1168
2230 1169
2230 1179
2230 1321
2230 1466
2230 1639
2230 1663
2230 1717
2230 1890
2230 2116
2230 2271
1225 1993
1993 565
1993 1321
1993 1504
1993 1790
1388 74
1388 210
1388 220
1388 282
1388 349
1388 475
1388 652
1388 688
1388 725
1388 737
1388 805
1388 996
1388 1046
1388 1065
1388 1098
1388 1106
1388 1238
1388 1333
1388 2035
1388 2215
1388 1537
1388 2074
1388 2097
1388 2107
1388 2137
1388 1712
1388 2232
1388 2300
1388 1887
1388 1392
286 226
286 1945
286 1966
286 988
286 2010
286 539
286 1585
286 579
286 2116
286 595
286 1621
286 2137
286 1169
286 1712
286 700
286 2254
286 1765
286 771
286 1321
286 839
286 346
286 1900
286 1422
286 913
286 405
70 1189
70 2074
70 1872
70 2091
70 1484
70 1498
1189 220
1189 498
1189 1008
1189 1133
1189 1164
1189 1386
1189 1781
1189 1665
1189 1666
1189 1667
1189 1916
2074 406
2074 498
2074 548
2074 599
2074 690
2074 733
2074 748
2074 779
2074 785
2074 852
2074 1133
2074 1143
2074 1164
2074 1386
2074 1442
2074 1481
2074 1504
2074 1629
2074 1666
2074 1667
2074 1810
2074 1975
2074 2029
2074 2030
2074 2193
2074 2122
1872 817
1872 881
1872 1133
1872 1666
1872 2153
2091 220
2091 496
2091 508
2091 548
2091 667
2091 705
2091 781
2091 1290
2091 1478
2091 1590
2091 1683
2091 1782
2091 1885
2091 1969
1484 1333
1498 235
1498 253
1498 280
1498 344
1498 508
1498 548
1498 603
1498 724
1498 769
1498 802
1498 1029
1498 1046
1498 1169
1498 1290
1498 1463
1498 1478
1498 1969
1498 2056
1498 1716
1498 1531
1498 1632
1498 1891
1498 2131
1498 1749
1498 2325
1956 634
1956 1285
1956 1321
1956 1382
1956 1392
1956 1718
1956 2227
1956 2052
938 124
938 150
938 240
938 475
938 662
938 724
938 815
938 877
938 922
938 1320
938 1072
938 1376
938 1710
938 1392
938 1973
938 974
938 2253
938 1618
938 1126
938 1156
938 1029
938 1793
2014 839
2014 1803
2014 2137
2017 120
2017 508
2017 953
2017 1531
2017 1975
2017 2305
2029 109
2029 216
2029 362
2029 852
2029 1008
2029 1133
2029 1217
2029 1261
2029 1392
2029 1442
2029 1585
2029 1666
2029 1667
2029 1781
2029 1831
2029 1900
2029 1916
2029 1933
2029 2081
2029 2302
2029 2301
2029 2153
539 1948
539 937
539 1458
539 696
539 1593
539 980
539 1621
539 1729
539 1292
539 1431
2126 220
93 2080
93 1576
93 815
93 1712
93 1585
93 1716
93 1986
93 988
93 861
93 991
93 1531
93 1890
93 2156
93 1286
93 2305
93 1042
93 1046
93 1813
93 284
1639 264
1639 405
1639 551
1639 753
1639 816
1639 1469
1639 2306
1639 2314
1133 74
1133 150
1133 210
1133 224
1133 263
1133 362
1133 406
1133 444
1133 498
1133 791
1133 795
1133 805
1133 851
1133 852
1133 904
1133 1008
1133 2302
1133 1666
1133 1667
1133 1163
1133 1164
1133 2216
1133 1727
1133 1244
1133 1259
1133 1261
1133 1781
1133 1784
1133 1793
1133 2324
1133 2338
1133 1916
1985 171
1985 235
1985 344
1985 769
1985 796
1985 850
1985 936
1985 1408
1985 1438
1985 1534
1985 1580
1985 1820
1985 2323
1824 83
1824 1790
1824 1809
1237 80
1237 212
1237 239
1237 426
1237 839
1237 1710
1237 2220
1237 1358
1237 1267
1237 1277
1765 623
1765 858
1765 916
1765 1013
1765 1075
1765 1091
1765 1092
1765 1193
1765 1593
1765 2097
1765 2043
753 1900
753 1015
1359 83
1359 282
1359 491
1359 814
1359 949
1359 1041
1359 1702
1359 1850
1359 1845
1918 124
1918 254
1918 442
1918 508
1918 544
1918 651
1918 748
1918 843
1918 993
1918 1027
1918 1038
1918 1041
1918 1238
1918 1389
1918 1531
1431 2227
1431 1621
1431 2160
411 1438
411 1734
411 593
411 936
411 599
411 2160
411 850
411 992
411 1757
411 1381
411 2290
411 1419
411 2311
411 667
411 2324
72 1472
72 593
72 947
1472 744
1472 1504
593 91
593 188
593 313
593 332
593 378
593 406
593 1565
593 1700
593 1628
593 1964
593 947
593 1340
593 960
593 1125
593 1348
593 1845
593 700
593 1361
593 599
593 865
593 1409
593 2273
593 1809
593 1513
593 2299
593 1398
593 1284
593 1729
593 1682
593 1038
593 2235
593 2306
947 91
947 188
947 192
947 236
947 346
947 377
947 379
947 405
947 488
947 513
947 526
947 599
947 743
947 751
947 766
947 769
947 897
947 1438
947 2005
947 1522
947 1523
947 1532
947 1075
947 1038
947 1621
947 2156
947 1299
947 1321
947 1371
947 1890
947 1404
947 1430
73 511
73 490
73 461
73 1452
73 2030
73 1504
73 2040
511 188
511 224
511 366
511 486
511 490
511 864
511 1702
511 1460
511 2097
511 1504
511 2030
511 2040
511 2055
490 105
490 1460
490 689
490 1968
490 1715
490 1504
490 2030
490 902
461 281
461 392
461 437
461 1185
461 937
461 810
461 801
461 1326
461 1084
461 704
461 2269
461 463
461 2263
461 1759
461 1632
461 2018
461 513
461 1027
461 2305
461 1433
1452 208
1452 420
1452 462
1452 688
1452 744
1452 772
1452 779
1452 791
1452 833
1452 962
1452 1159
1452 1697
1452 1705
1452 1578
1452 1734
1452 2248
1452 1594
1452 2038
1452 1669
2030 335
2030 486
2030 509
2030 1460
2030 1504
1504 244
1504 335
1504 358
1504 399
1504 475
1504 486
1504 488
1504 509
1504 520
1504 856
1504 1293
1504 1443
1504 1460
1504 2204
1504 1852
2040 509
2040 1309
2040 1507
2040 1948
2040 2157
2040 2323
74 1820
74 1059
74 1573
74 939
74 1580
74 306
74 184
74 700
74 458
74 725
74 215
74 1900
74 399
1820 124
1820 144
1820 235
1820 341
1820 442
1820 444
1820 562
1820 704
1820 748
1820 835
1820 1130
1820 1141
1820 1281
1820 1372
1820 1739
1820 1740
1820 2016
1820 1837
1820 1933
1820 2122
1059 509
1059 636
1059 748
1059 898
1059 1574
1573 279
1573 416
1573 983
1573 1150
1573 1221
1573 1351
1573 2046
1573 1584
1573 1712
939 80
939 174
939 186
939 266
939 1076
939 1845
939 1112
939 1027
939 1663
939 1420
939 1046
1580 239
1580 416
1580 548
1580 551
1580 618
1580 744
1580 756
1580 847
1580 1056
1580 1301
1580 1548
1580 1949
1580 1831
1580 2053
1580 1885
1580 1914
1580 2300
1580 2157
184 738
184 1509
700 88
700 219
700 239
700 406
700 1953
700 1710
700 839
700 880
700 793
458 100
458 1577
458 463
458 1530
725 172
725 413
725 654
1900 405
1900 551
1900 658
1900 850
1900 1015
1900 1353
1900 1550
1900 1790
1900 1803
1900 2259
399 805
399 1712
399 1585
399 508
399 1611
399 722
399 724
399 1881
399 2299
399 2045
399 654
399 839
75 550
75 486
75 470
550 486
550 488
550 2216
550 1333
550 2102
550 689
486 1565
486 1320
486 1460
486 1333
486 2301
470 134
470 446
470 844
470 1744
470 1406
470 2282
76 1328
1328 172
1328 635
1328 1042
1328 1968
1328 1757
1328 1761
1328 1394
1328 1534
352 113
352 350
352 2319
352 2010
352 1585
352 834
352 994
352 2284
352 887
352 2035
352 1019
352 1914
352 1008
352 646
352 1035
352 404
352 538
642 425
642 703
642 897
642 898
642 1409
642 1963
1270 377
1270 1284
1270 1646
2305 161
2305 284
2305 372
2305 615
2305 861
2305 988
2305 991
2305 1046
2305 1072
2305 1286
2305 1531
2305 1716
2305 1813
2305 1890
2305 2080
2305 2156
2305 2217
847 338
847 758
847 1072
847 871
847 1179
1963 887
1963 904
1963 964
1963 1905
1963 1960
1963 2277
887 258
887 756
887 926
887 2217
887 1621
1304 402
1304 422
1304 1887
1304 2277
1304 1740
1443 2228
1443 1680
974 83
974 426
974 2302
974 1700
974 1743
974 2097
1005 172
1005 258
1005 420
1005 599
1005 918
1005 2158
1005 1946
1005 1714
1005 1094
1005 2005
1005 2267
1005 1303
1625 102
1065 362
1065 1299
1065 1766
1105 205
1105 1746
796 109
796 653
796 1070
796 2323
1193 858
177 120
177 2079
177 1616
177 1020
1712 87
1712 413
1712 428
1712 488
1712 850
1712 867
1712 1129
1712 1577
1712 1584
1712 1669
1712 1741
1712 1753
1712 2299
1712 2301
2246 226
2246 1285
2246 1881
1746 194
1746 208
1746 809
1746 1126
1746 1308
1746 1953
1281 549
1281 776
1281 1071
1281 1164
1281 2097
1281 1973
1281 2122
1281 1933
1303 249
1303 271
1303 420
1308 88
1308 480
1308 492
1308 726
1308 732
1308 754
1308 791
1308 811
1308 814
1308 850
1308 971
1308 1000
1308 1008
1308 1143
1308 1163
1308 1164
1308 1239
1308 1244
1308 1265
1308 2221
1308 1331
1309 80
1309 205
1309 403
1309 662
1309 1277
1309 1422
1309 2160
1309 1720
802 80
802 173
802 321
802 498
802 1440
802 1466
802 1729
802 839
802 1986
802 1107
802 881
802 1430
2335 1029
809 1632
809 2016
1325 88
1325 406
1325 480
1325 496
1325 562
1325 1000
1325 1566
1325 2081
828 1112
1852 178
1852 195
1852 843
1852 2044
1852 2023
850 120
850 220
850 381
850 526
850 577
850 688
850 805
850 2081
850 1192
850 1632
850 872
850 1326
850 1831
850 1030
850 1548
850 1265
850 1044
850 1809
850 1570
860 244
860 1183
860 2043
860 1241
860 999
860 2131
860 891
349 80
349 473
1887 192
1887 666
1887 932
1887 1705
1887 1886
1887 2215
1887 2013
872 120
872 122
872 488
872 1129
872 950
872 1806
872 1458
872 2097
1920 109
1920 189
1920 383
1920 1478
1920 2249
1920 2324
1920 2157
79 435
79 1687
435 106
435 150
435 173
435 178
435 258
435 272
435 334
435 345
435 420
435 2079
435 686
435 2113
435 785
435 2292
435 1238
435 1116
435 1885
435 1632
435 996
435 1263
435 1169
435 2157
435 1094
1687 200
1687 405
1687 999
1687 1938
80 1721
80 1705
80 2102
80 1627
80 1890
80 2254
80 1004
80 1640
80 500
80 2257
80 127
80 2004
80 2043
80 1290
80 1167
80 658
80 1153
80 405
80 897
80 924
1721 194
1721 498
1721 1153
1721 1160
1721 1208
1721 2257
1721 2028
1721 2260
1705 227
1705 267
1705 392
1705 420
1705 744
1705 792
1705 833
1705 849
1705 1080
1705 1082
1705 1116
1705 1192
1705 1321
1705 1342
1705 1460
1705 1473
1705 1495
1705 1545
1705 1588
1705 1589
1705 1591
1705 1592
1705 1594
1705 1610
1705 1726
1705 1806
1705 1713
1705 2038
1705 2254
1705 2045
1705 2070
2102 218
2102 495
2102 689
2102 771
2102 1130
2102 1169
2102 2010
2102 2238
2102 2193
1627 186
1627 192
1627 823
1627 1042
1627 1663
1890 155
1890 284
1890 405
1890 508
1890 510
1890 618
1890 766
1890 771
1890 861
1890 988
1890 991
1890 1042
1890 1046
1890 1169
1890 1286
1890 1292
1890 1412
1890 1531
1890 1537
1890 1594
1890 1716
1890 1813
1890 2080
1890 2156
1890 2217
2254 98
2254 111
2254 186
2254 210
2254 1466
2254 1779
2254 1934
1004 822
1004 917
1004 962
1004 1451
1004 2108
1640 186
1640 192
1640 1491
1640 1663
1640 1710
1640 2259
500 236
500 491
500 2097
500 1591
2257 924
2257 1153
2257 1167
127 1121
127 1292
127 1166
127 510
127 266
2004 618
2043 124
2043 186
2043 200
2043 244
2043 346
2043 413
2043 658
2043 729
2043 844
2043 891
2043 924
2043 999
2043 1183
2043 1241
2043 1589
2043 1591
2043 1736
2043 1846
2043 1884
2043 1903
2043 1949
2043 1998
2043 2310
2043 2131
1290 496
1290 936
1290 1381
1167 158
1167 1390
658 186
658 1121
1153 1547
405 346
405 426
405 940
405 1717
405 839
405 2116
405 1608
405 595
405 2271
405 1169
405 529
405 771
897 101
897 592
897 1054
897 1908
897 923
924 891
924 1183
924 1593
924 1729
924 1169
924 1990
924 1241
924 999
924 1903
924 1285
924 2189
1945 595
1945 771
1945 880
1945 1169
1945 1179
1441 1693
1441 1700
1441 2093
1441 2160
420 173
420 258
420 1594
420 833
420 744
420 1264
618 119
618 224
618 406
618 1071
618 2104
618 1743
618 1236
618 854
618 1531
618 1163
618 1038
618 1680
431 323
431 1922
431 1291
431 823
431 760
431 1276
1458 122
1458 220
1458 485
1458 771
1458 821
1458 1137
1458 2216
1458 1621
172 1757
172 1892
1973 776
1973 933
1973 1836
958 174
958 189
958 358
958 391
958 392
958 510
958 606
958 743
958 849
958 2010
958 1253
958 1041
958 1608
958 1522
958 1528
958 2301
958 2302
1481 245
1481 1667
976 1191
981 867
1491 346
1491 543
1491 1094
1491 1141
1491 1285
1491 2212
1491 1550
983 166
983 279
983 337
983 628
983 648
983 785
983 1584
983 1221
983 1150
983 1045
983 1351
989 648
989 1151
989 2046
2041 1390
2041 1406
481 1704
481 1367
999 244
999 346
999 413
999 729
999 891
999 1183
999 2310
999 2131
999 1903
999 1241
1957 86
1957 744
1957 1559
1957 1680
1957 1863
492 88
492 2263
492 803
492 1194
492 1331
244 1183
244 1589
244 1241
244 2131
244 1903
244 891
1020 120
1020 421
1020 882
1020 1723
2110 235
2110 1163
2110 1164
2215 88
2215 220
2215 751
2215 1206
2215 2116
2215 2137
1621 260
1621 636
1621 1523
1621 2153
1029 220
1029 496
1029 562
1029 749
1029 766
1029 1693
1029 1570
1029 1071
1029 1419
1029 1840
1029 1968
1029 1986
1029 2115
1029 1743
1029 1750
1029 1471
1032 1390
1032 1261
1550 150
1550 151
1550 346
1550 645
1550 722
1550 920
1550 1036
1550 1566
1550 2107
1550 2259
1550 1881
1550 1940
1550 1941
1044 751
1044 2115
1049 1519
1049 2097
1531 155
1531 284
1531 861
1531 988
1531 991
1531 1046
1531 1082
1531 1286
1531 2080
1531 1971
1531 1845
1531 1716
1531 1594
1531 2248
1531 2156
1531 1813
548 372
548 1318
548 1178
548 1576
2079 122
2079 218
2079 246
2079 328
2079 334
2079 651
2079 652
2079 653
2079 654
2079 703
2079 1263
2079 2157
2086 218
2086 379
2086 1016
2086 1019
2086 1460
2086 1478
2086 1682
2086 2010
1577 665
1577 729
1577 950
1577 1255
1577 1560
1577 1566
1577 1761
1376 571
1080 227
1080 239
1080 510
1080 615
1080 696
1080 744
1080 839
1080 2076
1080 1710
1080 1588
1080 1589
1080 1591
1080 1592
1080 1593
1080 1594
1080 1082
1080 1473
1080 1495
1080 1545
1080 2070
1080 1610
2108 90
2108 510
2108 940
2108 962
2108 1259
2108 1666
2108 2248
1603 2216
1098 254
1098 686
1098 913
1098 2285
1098 1264
1098 2284
1098 2287
84 1192
84 2115
84 282
84 1421
84 1265
2135 358
2135 635
2140 1042
2140 2302
614 496
614 1714
363 327
363 1860
363 1661
1130 153
1130 425
1130 663
1130 820
1130 1192
1130 2115
1130 1635
1130 1938
1130 1277
1130 1164
192 98
192 2097
192 882
192 1430
192 779
192 1169
2154 854
2154 1268
2154 1451
116 1743
1141 263
1141 445
1141 532
1141 2175
1141 1838
1141 2107
1141 1277
1141 1412
124 544
124 891
124 1197
124 1420
124 840
124 2160
124 1598
124 2045
124 1682
1159 772
1159 1704
1159 1261
1217 936
1217 1663
1217 2115
1669 372
1669 401
1669 602
1669 751
1669 871
1669 1409
654 220
654 246
654 328
654 334
654 651
654 652
654 1358
654 1611
654 841
654 1238
654 1999
654 1702
654 1263
654 2157
654 2162
654 2300
654 1195
654 2070
654 1267
1170 235
1170 562
1170 1534
1170 1509
1170 1649
155 2104
155 1922
1179 150
1179 151
1179 898
1179 1588
1179 1591
1179 2231
1179 2045
1179 1682
1179 1560
544 437
544 2259
1699 496
1699 1205
1700 282
1700 1214
1700 1408
1700 2189
1700 1753
1700 1766
1702 282
1702 437
1702 615
1702 651
1702 652
1702 653
1702 1548
1702 1967
1702 2115
1198 105
1198 220
1198 882
1198 1598
1198 2326
2216 260
2216 488
2216 2107
2216 2187
2217 183
2217 210
2217 344
2217 913
2217 1046
2217 1072
2217 1125
2217 1166
2217 1206
2217 1757
2217 1773
1710 239
1710 365
1710 426
1710 510
1710 696
1710 839
1710 913
1710 1054
1710 1071
1710 1169
1710 1267
1710 1358
1710 1466
1710 1485
1710 1565
1710 1585
1710 1593
1710 2259
1710 2267
1710 1723
1710 2220
187 1950
187 1666
187 357
187 1960
187 1787
2227 425
2227 2226
704 220
704 246
704 437
704 2248
704 1800
704 1238
1724 1409
1729 118
1729 186
1729 266
1729 510
1729 652
1729 696
1729 839
1729 844
1729 980
1729 1292
1729 1321
1729 1333
1729 1438
1729 1466
1729 1599
1729 1726
1729 1741
1729 2259
1729 2101
1729 2044
2248 267
2248 400
2248 456
2248 510
2248 756
2248 940
2248 1150
2248 1259
2248 1666
2248 1753
2248 1817
2248 1969
1741 266
1741 696
1741 980
1741 1599
1741 2101
1741 2259
1750 151
1750 220
1750 356
1750 2195
733 149
733 617
733 1451
1743 394
1743 832
1743 1570
1743 2104
1743 2160
1758 496
1758 738
1758 1218
1758 1426
1758 1734
1758 1749
743 568
743 1914
743 2035
743 1277
2284 254
2284 409
2284 635
2284 646
2284 686
2284 722
2284 913
2284 1264
2284 1643
2284 2173
2284 2287
2284 2285
2284 2303
246 174
246 2338
246 1565
246 2097
246 576
246 1221
246 1880
246 2299
246 1552
551 284
551 372
551 737
551 1042
1781 406
1781 498
1781 791
1781 1261
1781 1666
1276 235
1276 562
254 913
254 1736
254 686
254 1264
254 2285
254 2287
254 1998
2299 122
2299 645
2299 2303
264 223
264 2277
264 1420
2306 391
2306 392
2306 599
2306 1053
2306 1335
2306 1469
2306 1881
2306 2309
781 111
781 186
781 496
781 1969
781 1736
781 1487
781 992
781 1013
781 899
346 1183
346 1076
346 1214
346 585
346 728
346 920
346 891
2323 220
2323 344
2323 498
2323 1408
1321 510
640 189
640 220
640 672
640 2076
640 2010
640 2249
640 1075
640 1968
640 1335
640 1752
1832 737
1832 1042
653 258
653 416
653 1845
653 1988
653 1115
653 2308
653 2324
653 2311
568 120
568 1865
830 928
830 1482
830 865
830 996
830 1509
722 779
2269 501
2269 834
2269 996
2269 1552
1858 87
1858 666
1858 1283
1858 1533
333 2223
333 2160
1509 543
1509 635
1509 636
1509 758
1509 772
1509 848
1509 854
1509 2157
344 235
344 1534
1191 2158
1881 690
1881 1000
1881 1273
1881 1333
1881 1423
1881 1613
1881 1667
1881 2193
358 313
358 534
1891 108
1891 372
1891 779
1891 2267
151 1691
151 2293
151 381
151 2045
151 1560
1261 406
1261 498
1261 881
1261 1164
1261 2122
1261 2153
1261 2034
1261 2045
1261 1666
1056 822
1056 2160
913 210
913 508
913 686
913 2285
913 2099
913 1264
913 2287
913 2044
913 1169
913 2189
1435 230
1435 231
1435 232
1435 2009
1435 2010
1430 835
413 950
413 2010
413 1263
413 908
413 1800
82 1151
82 706
82 748
82 2134
1151 189
1151 221
1151 1322
706 2295
706 1046
748 92
748 372
748 815
748 2244
748 2016
748 998
83 1451
83 2131
83 109
83 258
83 1409
83 271
83 2189
83 437
1451 173
1451 338
1451 566
1451 949
1451 1326
1451 1576
1451 1608
2131 496
2131 891
2131 1183
2131 1241
2131 1884
2131 2165
109 1208
109 1409
109 271
109 282
258 173
258 1942
258 2097
258 1107
258 724
258 282
258 2070
1409 332
1409 378
1409 558
1409 635
1409 936
1409 1381
1409 2311
1409 1548
1409 2249
1409 1811
1409 2050
1409 2068
271 936
271 558
271 2249
271 1548
271 1381
271 885
271 387
271 1790
271 2311
271 1809
2189 592
2189 1031
2189 1238
2189 1753
2189 2157
2189 2286
437 253
437 391
437 558
437 996
437 2249
437 1516
437 752
437 2311
437 1548
437 1809
1192 174
1192 381
1192 688
1192 811
1192 1030
1192 1442
1192 2334
2115 146
2115 282
2115 456
2115 1238
2115 1809
2115 2157
282 92
282 1946
282 1701
282 1196
282 814
282 1854
282 971
282 1629
282 1380
282 1381
282 387
282 2046
282 2311
282 2324
1421 577
1421 688
1421 1294
1421 2121
1265 577
1265 688
1265 2121
1265 1460
2334 1253
1466 239
1466 839
1466 2137
1466 1585
1466 2271
1466 1803
1466 2314
223 263
223 402
223 2277
223 1110
223 1425
223 281
223 1400
223 1223
223 540
865 599
865 840
865 1974
615 103
615 415
615 1831
615 1844
615 848
615 1234
615 1759
615 1258
615 627
615 1547
2277 235
2277 402
2277 785
2277 1223
2277 1635
1268 105
1268 189
1268 343
1268 402
1268 805
1268 922
1268 1478
263 1953
263 2006
263 476
263 1299
402 260
402 300
402 1110
402 923
1425 1833
86 1693
86 313
86 1299
1693 118
1693 161
1693 372
1693 803
1693 971
1693 1042
1693 1267
1693 1358
1693 2220
313 2137
313 998
313 1008
313 882
313 1299
313 599
313 2160
1299 534
1299 565
87 815
815 106
815 113
815 210
815 334
815 350
815 357
815 404
815 587
815 728
815 793
815 813
815 1478
815 2010
815 994
815 2035
815 1113
815 2045
815 2053
815 1041
815 1598
815 2124
815 1636
815 2199
815 1210
815 1793
815 2338
815 1846
815 1854
815 1358
815 854
815 1091
815 1412
88 2259
88 495
88 1019
88 779
88 1808
88 406
2259 118
2259 266
2259 334
2259 529
2259 696
2259 966
2259 1113
2259 1292
2259 1585
2259 1599
2259 1840
495 832
495 1294
495 1468
1019 107
1019 125
1019 289
1019 803
1019 1200
1019 1560
779 266
779 406
779 599
779 760
779 1871
779 1492
779 2228
779 2160
779 1534
779 2047
779 1008
779 1413
1808 565
1808 1522
1808 2005
406 210
406 1442
406 937
406 1835
406 965
406 1490
406 1259
406 498
406 508
406 1534
406 1793
406 1164
406 1666
406 599
485 2054
485 2228
518 90
518 1574
518 1322
518 659
518 1046
518 990
90 383
90 751
383 1883
383 2188
751 315
751 479
91 2203
91 1340
91 1348
91 332
91 599
91 94
91 1628
91 2015
91 998
91 1513
91 771
91 1964
91 1809
2203 144
2203 200
2203 959
2203 1253
2203 1566
2203 1656
2203 1905
1340 122
1340 220
1340 235
1340 391
1340 996
1340 1516
332 94
332 1964
332 2015
332 599
332 1628
332 1513
332 1398
332 771
599 94
599 343
599 820
599 1964
599 1838
599 738
599 2273
599 1487
599 1398
599 1284
599 1922
599 1942
94 2015
94 1964
94 1680
94 1398
2015 613
2015 1398
2015 1404
998 218
998 666
998 882
998 1892
998 1008
998 2035
998 2070
1513 715
1513 1279
1513 1974
1513 1809
1513 2187
771 101
771 111
771 118
771 150
771 488
771 595
771 652
771 2099
771 1717
771 1345
771 1548
771 884
771 877
771 889
771 898
771 1168
771 1169
1964 326
1964 2116
1964 2228
1809 189
1809 889
1809 1038
1809 1205
1809 1206
1809 1342
1809 1548
1809 1968
1809 1830
1809 1853
1809 2311
2080 200
2080 284
2080 508
2080 798
2080 861
2080 908
2080 952
2080 988
2080 991
2080 1042
2080 1046
2080 1244
2080 1286
2080 1381
2080 1716
2080 1763
2080 1813
2080 2055
2080 2156
1576 149
1576 161
1576 1091
1585 146
1585 169
1585 401
1585 452
1585 543
1585 839
1585 1238
1585 1736
1585 2044
1716 284
1716 861
1716 988
1716 991
1716 1042
1716 1046
1716 1286
1716 1594
1716 2156
1716 2055
1716 1813
1986 224
1986 321
1986 916
1986 1071
1986 1649
1986 1860
988 284
988 861
988 1286
988 1073
988 1723
988 991
988 1046
988 2156
988 1534
988 1813
861 284
861 456
861 696
861 1046
861 991
861 1002
861 2156
861 1286
861 1042
861 1813
991 284
991 766
991 2156
991 2055
991 1286
991 1042
991 1046
991 1813
2156 284
2156 1046
2156 1286
2156 1813
2156 1988
1286 284
1286 1046
1286 1266
1286 1813
1042 284
1042 321
1042 416
1042 553
1042 1073
1042 1465
1042 1343
1042 1277
1042 1813
1046 284
1046 372
1046 479
1046 766
1046 1121
1046 1267
1046 2155
1046 1166
1046 1813
1813 284
1813 766
1813 922
1813 2160
284 1072
284 1594
284 1166
1680 737
1680 893
1680 1143
1680 2223
1398 1284
96 2157
96 1238
96 2099
96 996
2157 146
2157 334
2157 391
2157 538
2157 651
2157 652
2157 1195
2157 1238
2157 1263
2157 1335
2157 1840
2157 1968
2157 1990
2157 2056
2157 2070
2157 2247
1238 334
1238 543
1238 592
1238 651
1238 652
1238 732
1238 1335
1238 1753
1238 1263
1238 1306
2099 118
2099 493
2099 1014
2099 1205
2099 1285
2099 1370
996 122
996 391
996 392
996 493
996 543
996 738
996 994
996 1310
996 1079
996 1341
996 1342
996 1221
996 2267
996 2155
996 1853
996 1516
996 1041
996 1045
692 220
692 840
692 1041
2113 189
2113 703
2113 922
2113 1221
2113 1598
1864 576
1864 1220
1864 1740
1864 2193
1135 125
1135 212
1135 691
1135 1358
1135 1267
98 2107
98 1779
98 1426
2107 488
2107 881
2107 1252
2107 1522
2107 1523
1779 2087
1779 1934
100 1530
100 1267
1267 161
1267 186
1267 239
1267 529
1267 660
1267 832
1267 839
1267 1038
1267 2287
1267 2220
1267 1848
1267 1608
1267 1358
1267 1742
1267 1999
1267 1914
1267 1766
1267 2285
1267 2053
101 1659
101 898
101 1156
101 1422
101 1169
1659 935
898 1168
898 1041
898 1054
1156 391
1156 392
1156 652
1156 1168
1422 932
1422 1054
1422 2331
1422 1752
1169 111
1169 118
1169 150
1169 239
1169 362
1169 652
1169 877
1169 880
1169 1147
1169 1168
1169 2116
1169 1717
1169 1803
1169 1548
1169 1389
1169 1940
102 205
102 1296
102 635
205 403
1296 738
1296 1487
1296 1837
635 602
635 1432
635 1036
635 724
103 2231
2231 426
104 923
104 1432
104 1433
104 1547
923 498
923 540
923 841
923 1186
923 1223
923 2087
923 1390
923 1433
1432 308
1432 1210
1432 1433
1432 1688
1433 1938
1433 1528
1547 1790
105 565
105 341
105 889
105 1917
565 1917
565 1806
341 260
341 1960
341 1463
341 1370
341 2267
341 493
341 392
341 667
889 2253
889 1830
889 922
889 1446
106 1275
106 372
372 210
372 1543
372 801
372 1697
372 2336
372 964
372 1613
372 1747
372 1244
372 1126
372 1259
372 2027
372 2282
372 1901
372 510
372 2300
372 645
372 2053
372 2260
372 873
1208 899
1208 1355
1208 2311
473 338
473 995
473 2052
473 562
473 1361
315 479
315 1342
315 1975
957 663
957 1285
957 1038
1342 479
1342 1091
1342 1442
1342 2164
479 2005
1885 926
1885 1482
2160 232
2160 235
2160 247
2160 501
2160 629
2160 677
2160 737
2160 962
2160 1333
2160 1358
2160 1914
2160 1988
2160 2055
2160 2249
2160 2315
926 1091
111 1835
111 569
111 326
111 1934
111 362
1835 365
1835 1285
1835 1668
569 849
569 1372
326 134
326 239
326 1919
326 1033
326 1333
326 1941
1934 170
362 1440
362 1008
362 498
362 1784
362 1666
113 328
113 756
328 189
328 415
328 672
328 936
328 585
328 334
328 592
328 1263
328 651
328 652
328 1041
756 235
756 1259
756 948
756 1617
114 426
426 161
426 173
426 239
426 1073
426 1592
426 839
1643 1998
1676 496
1676 1438
117 1906
1906 483
1906 666
1906 762
1906 1355
1906 1478
118 814
118 696
118 980
118 884
118 266
814 1941
814 1940
814 1408
814 884
696 186
696 239
696 266
696 476
696 510
696 1333
696 1726
696 1599
696 839
696 844
696 2101
696 980
696 1593
696 2044
696 1292
980 1726
980 1599
980 1292
884 496
884 1599
266 1632
266 1292
119 1594
1594 227
1594 508
1594 602
1594 744
1594 833
1594 1072
1594 1082
1594 1495
1594 1589
1594 1591
1594 1592
1594 1610
1594 1806
1594 2070
120 882
120 1143
120 122
882 220
882 2155
882 1041
882 2035
882 1616
882 1335
1143 509
1143 737
1143 1071
122 582
122 1988
122 1611
122 357
122 880
122 2292
122 2035
2301 1487
2301 1635
2301 2158
582 218
582 2263
582 803
582 1194
582 1642
582 1867
582 1331
1988 444
1988 1487
1988 1667
1988 1723
1611 334
1611 446
1611 651
1611 652
1611 876
1611 1107
1611 1263
1611 1502
1611 1566
1611 1960
1611 2045
1611 2193
357 189
357 260
880 230
880 267
880 595
880 1163
880 1717
880 1886
880 1168
2292 392
2292 816
2292 835
2292 1038
2292 1519
2035 220
2035 488
2035 839
2035 1574
2035 1616
416 1082
891 206
891 1183
891 1589
891 1591
891 1903
891 1241
891 2310
1197 393
1197 1450
1197 1682
1420 174
1420 391
1420 762
1420 920
1420 1205
1420 2104
840 1736
840 1038
840 1072
840 1397
1598 202
1598 1773
2045 260
2045 587
2045 798
2045 1089
2045 1533
2045 1560
2045 1831
2045 1892
1682 367
1682 1450
1682 1560
125 1285
125 1482
1285 153
1285 230
1285 364
1285 459
1285 462
1285 513
1285 728
1285 918
1285 1107
1285 2137
1285 1446
1482 146
1482 785
1482 1273
1482 1590
1121 2009
1121 1244
1292 510
1292 1593
1292 1599
1292 1523
1292 1782
1166 508
1166 766
1166 2055
510 239
510 1333
510 1593
510 1599
510 839
510 1350
510 877
950 1069
950 2187
2200 1720
1950 760
1950 841
1950 1555
1210 1671
805 445
2260 198
2260 591
2260 727
296 261
296 959
296 387
296 792
296 666
296 1720
296 703
1888 841
1255 334
1255 651
1255 652
1255 726
1255 912
1255 2193
1255 2177
169 1381
169 817
726 221
726 1075
726 823
1381 2010
752 1448
667 1668
667 1656
1438 444
1438 666
1438 1478
949 566
949 2326
442 440
442 1892
442 2325
1478 189
1478 206
1478 220
1478 260
1478 922
1478 1079
1478 1089
1478 1306
1478 2338
1478 2164
1478 1719
1478 1831
1494 1446
1494 2124
2010 392
2010 508
2010 679
2010 835
2010 1053
2010 1069
2010 1233
2010 1389
2010 1516
2010 2249
2010 2286
446 260
446 677
446 1008
446 1283
446 1390
1030 381
2050 220
2050 311
2050 543
2050 2300
2052 1183
2052 1205
2052 1845
2052 2311
1041 415
1041 488
1041 666
1041 1244
1041 1137
1041 1147
381 688
1554 1553
587 1629
587 1734
587 1053
1113 1476
1132 198
1132 201
1132 1502
1132 1326
1132 1863
1132 1560
134 189
134 210
134 995
134 1391
134 1035
651 249
651 334
651 1999
651 2300
651 1263
651 652
652 220
652 334
652 595
652 1168
652 1717
652 1845
652 1723
652 1343
652 1082
652 964
652 1999
652 2300
652 1263
652 966
652 841
652 2070
666 251
666 281
666 391
666 2202
666 959
666 2166
688 831
688 1516
688 1537
183 1125
183 604
183 1773
703 1817
193 1674
193 2202
193 1389
193 2199
705 2170
705 1014
705 1683
705 1277
1244 508
1244 2166
2267 201
2267 239
2267 508
2267 831
2267 839
2267 1234
2267 1326
2267 1941
2267 2116
1760 513
1326 249
1326 1502
1326 2046
839 239
839 391
839 392
839 452
839 529
839 1071
839 2220
839 1593
839 1358
839 2137
839 2013
839 1076
839 1485
839 2044
839 1803
839 1054
1845 268
1845 359
1845 543
1845 785
1845 967
1845 971
1845 1782
334 1073
334 1844
334 1720
334 841
334 1723
334 1516
334 1263
334 2300
334 1784
1408 820
1408 868
1408 1773
1408 2325
210 1055
210 1206
210 1016
210 1663
994 483
994 525
994 604
994 1853
994 1221
994 1367
994 1045
2300 220
2300 737
2300 1107
2300 1263
189 188
189 835
189 591
189 1501
189 356
189 1516
189 1412
189 922
995 1228
1391 1035
1391 2263
1391 1922
154 1616
843 146
843 672
843 1502
843 2199
488 702
488 1137
488 508
488 1389
488 1294
629 2253
629 1645
1831 602
1831 1568
1831 1649
1969 323
1969 496
1969 1013
1969 1220
491 1397
1516 226
1516 260
1516 440
1516 508
1516 813
1516 1355
1516 1501
1013 323
1013 1528
1532 236
1532 400
2044 220
2044 529
2044 844
2044 1588
2044 1865
1537 250
1537 566
1537 1082
1537 1412
1537 1853
1537 2122
1038 562
1038 904
1038 1853
1038 1476
1038 2243
1038 1358
1038 1257
1038 1914
1038 1670
2070 227
2070 379
2070 607
2070 744
2070 937
2070 965
2070 966
2070 1082
2070 1282
2070 1473
2070 1495
2070 1545
2070 1588
2070 1589
2070 1591
2070 1592
2070 1610
2070 1713
2070 1806
2070 2028
2228 1279
1107 173
1107 218
1107 1440
1390 377
1390 964
663 385
663 1134
212 1523
212 634
232 230
232 231
232 2009
232 1670
232 2162
1784 220
1784 810
1784 1008
1784 1361
1333 749
1871 496
1871 562
1871 738
1871 1578
1871 2122
1377 715
379 2331
140 1228
1228 378
1228 778
1228 836
1228 1055
1228 1860
1228 2164
1228 1720
141 2193
2193 377
2193 401
2193 778
2193 965
2193 966
2193 967
2193 990
2193 1008
2193 1477
2193 1487
2193 1695
2193 1836
2193 1901
2193 1944
2193 2315
2193 2316
2325 409
2325 868
2325 1534
143 2046
143 648
143 218
2046 509
2046 648
2046 729
648 1221
218 146
218 1948
218 2087
218 308
218 1089
218 421
218 1944
144 604
144 874
604 1511
604 1661
874 851
874 1185
874 1528
146 543
146 1343
146 1942
543 322
543 845
543 1942
147 791
147 2272
147 1487
791 498
791 1666
791 1163
791 1714
2272 506
2272 829
2272 1688
2272 2006
2272 2320
1487 393
1487 508
1487 567
1487 1766
1487 1646
1487 2175
675 158
675 683
2198 525
149 526
149 508
508 201
508 452
508 2220
508 952
508 1358
508 1134
508 1412
508 908
508 2065
508 798
150 877
1016 404
1016 457
1016 482
1016 727
1016 816
1016 992
1016 1453
1016 1629
1016 1632
1016 2034
1016 2047
1016 1707
1616 153
1616 538
1616 1617
509 338
509 864
509 1908
509 2055
538 1617
1629 1089
1629 1264
1629 1632
1091 456
1091 732
1091 738
1091 868
1091 918
1091 1994
1091 2250
1091 2013
1091 1277
1632 220
1632 912
1632 1055
1632 2326
1205 674
1205 762
1205 936
1205 937
1205 960
1205 1829
1205 1844
1205 1221
1205 2122
1205 2252
1205 2005
2282 617
2282 1998
1848 1358
1848 1884
1848 2055
1358 239
1358 660
1358 864
1358 2220
1358 2055
1358 2252
1358 1914
1358 1742
2104 1882
1922 2247
1922 1968
452 932
452 714
452 2122
452 766
483 1367
2053 186
2053 645
2053 646
2053 845
2053 1476
2053 1892
2053 1914
2053 2243
1076 585
1076 920
1076 2243
1593 239
1593 1082
1593 1163
1593 1588
1593 1589
1593 1591
1593 1592
1593 2137
1593 1610
1593 2055
2137 1803
2137 2013
239 1671
239 2220
239 1418
239 1559
239 592
239 1054
1803 1082
1803 1591
1803 1610
2314 161
2314 1668
1914 186
1914 200
1914 645
1914 646
1914 1476
1914 2243
1914 2253
158 676
158 683
158 220
220 173
220 952
220 1463
220 992
220 498
220 525
220 1561
220 562
220 440
220 1089
220 2116
220 785
220 603
220 609
220 1137
220 1661
220 798
220 701
220 710
220 1759
220 1774
220 2311
220 2318
220 1810
220 280
220 2326
220 818
220 322
220 922
1450 303
1450 2097
482 1220
482 1200
1000 575
1000 1174
1008 498
1008 1442
1008 1838
1008 1739
1008 2153
1008 1666
1008 1667
1008 1810
1115 1067
1115 1415
2187 493
2187 575
2187 762
2187 801
2187 1092
2187 1975
2187 2256
727 1810
749 1608
749 1863
1827 178
1827 194
1827 195
1827 198
1827 201
1827 445
1827 561
1827 628
1827 1754
1827 2081
1827 2023
1908 766
1908 1397
2023 178
2023 194
2023 195
2023 198
2023 201
2023 561
2116 1263
171 1976
161 1844
161 1725
1844 224
1725 2332
513 415
513 1998
513 766
513 1548
1546 194
1069 323
1082 227
1082 744
1082 1313
1082 2076
1082 1713
1082 1588
1082 1589
1082 1592
1082 1473
1082 2238
1082 1591
1082 1806
1082 1495
1082 1545
1082 1610
2162 817
2162 844
2263 549
2263 803
2263 1194
2263 1331
2263 1501
2263 1866
2263 1867
758 234
844 365
1346 1221
966 851
966 964
966 2312
966 2316
2122 444
2122 822
2122 1933
1753 592
1753 2213
1753 2286
1412 1838
2055 864
2055 1283
2055 1588
2055 1589
2055 1591
2055 2247
817 1224
496 1948
496 2092
496 1860
496 1492
496 992
496 1649
496 1661
496 899
965 609
965 785
965 851
965 964
167 1727
1727 272
1727 1067
168 1413
168 1370
1370 540
1370 1103
1370 1453
1976 846
173 1440
1214 322
1214 1953
1214 1608
1214 1663
1264 686
1264 833
1264 2285
1264 2159
1264 2287
2285 186
2285 686
2285 2159
2285 2287
2287 686
1782 377
1782 1736
823 816
178 194
178 195
178 198
178 201
178 561
194 195
194 198
194 201
194 268
194 561
195 198
195 1931
195 628
195 561
195 201
198 201
198 561
201 1754
201 561
201 1931
561 251
179 1266
1266 1442
937 498
937 1160
1588 227
1588 1495
1588 2076
1588 1589
1588 1591
1588 1592
1588 1610
1863 1559
498 428
498 2328
498 1442
498 2338
498 822
498 967
498 1534
498 1282
498 1163
498 1164
498 1666
1522 738
1523 611
1523 738
323 235
323 585
323 1962
323 2218
323 2007
1014 1277
1548 235
1548 236
1548 602
1548 854
1548 1666
645 425
645 2243
1668 2328
1739 1164
1739 1948
724 1357
724 1460
724 1345
2256 493
2256 1294
240 224
240 235
1787 881
769 409
769 1534
769 868
1283 1534
811 1137
343 1717
343 1975
868 409
868 1534
1392 1953
1093 1089
1125 1773
1125 1714
738 1870
186 1183
186 294
1183 1591
1183 1903
1183 1241
294 1789
294 425
1666 216
1666 852
1666 904
1666 1045
1666 1164
1666 1442
1960 391
188 340
835 646
835 679
835 1072
835 1233
835 1053
1501 803
1501 1194
1501 1331
356 1277
190 2082
190 1975
2082 1519
1975 378
1975 457
1975 573
1975 1287
1975 2092
566 534
1495 227
1495 744
1495 1473
1495 1591
1495 1592
1495 1589
1495 1610
1495 1806
1495 1545
2159 679
2159 686
2159 1053
2159 1233
2097 732
2097 1833
2097 1932
2097 2009
1674 870
1674 2199
2202 1137
1389 410
1389 595
1389 798
2199 576
2199 870
268 1901
268 1683
1931 1502
1931 1919
628 445
628 1277
199 715
199 717
715 717
715 1200
715 1932
715 1177
1045 1221
1045 1853
1079 1800
1079 1878
1372 737
1372 1224
717 1177
1754 1590
1754 2311
2311 899
2311 1201
1967 1347
2249 1353
2249 1800
899 992
204 1991
206 1953
206 684
1953 655
1953 1382
684 1663
684 1072
684 1233
684 1234
1873 2238
493 260
493 391
493 1533
501 400
501 803
501 1018
501 780
501 862
1094 2165
1055 803
1055 1259
1206 2081
1259 1310
2319 359
2319 2220
2319 2273
1663 250
1663 1698
1663 1752
1185 463
1185 710
1185 1944
1703 1460
1998 1736
1998 1854
1534 224
1534 235
1534 409
1534 1163
1534 1164
1534 2324
1423 1736
214 1944
214 1907
214 1884
1944 393
1944 851
1944 1642
1944 1736
1884 602
1884 1830
216 1528
1528 393
1528 463
1134 1962
1948 393
1948 1642
1948 1736
1089 2338
219 1886
1886 760
952 798
1463 603
1463 825
1463 1310
1463 1635
1463 1704
525 864
525 2003
562 235
562 1157
562 918
603 1704
603 1277
609 425
609 444
609 964
609 2312
1137 260
1137 2077
710 1997
1810 298
280 1187
280 585
280 1867
280 918
322 2303
1110 300
1110 1667
1110 1223
281 2303
281 1294
1400 364
224 1164
1164 575
1164 967
1164 1459
1164 1642
2194 542
2194 1233
1717 627
1717 1168
1717 1940
227 1589
227 1806
227 1473
227 744
227 1610
227 1591
227 1592
1589 1591
1589 1592
1589 1610
1806 744
1806 1473
1806 1545
1806 1610
1806 1713
1473 744
1473 1610
1473 1545
744 1713
744 833
744 1610
744 2038
744 1545
1610 1545
1610 1591
1610 1592
1610 1726
1591 893
1591 1592
1591 2310
920 585
920 1732
920 2007
230 2009
230 231
2009 231
234 1829
234 1860
234 1347
1860 285
1860 885
1860 1649
235 1071
235 1971
235 869
235 409
236 1397
236 1054
1397 595
1397 831
237 871
871 1357
1671 810
1671 1258
1671 2316
2220 1608
2220 1742
592 936
936 272
936 444
1291 1277
1291 2166
1241 1903
1903 2310
2338 444
1565 919
576 260
576 928
576 919
1221 1830
1221 1853
1552 834
1552 1555
247 1252
1836 820
2312 567
250 1698
250 392
392 391
392 1734
252 1574
1574 359
253 272
272 1067
686 833
737 1840
737 1301
259 1236
260 680
2006 528
476 766
1901 1126
962 822
1766 908
393 463
393 848
393 1284
393 795
2324 1015
1355 834
2077 1218
831 766
279 1584
1187 1414
585 1380
585 2007
1867 803
1867 1194
1867 1331
2303 2302
1072 766
285 2057
595 689
1351 1853
289 1200
1200 606
1200 803
290 1745
290 2111
1745 2111
425 365
959 1665
959 1865
959 1720
792 893
298 1406
1406 803
2336 1704
401 1938
459 1763
1382 875
1382 2233
1382 1485
444 967
444 607
728 729
1642 1163
679 1411
679 2286
679 1233
679 1053
1233 1053
1233 2286
1233 1411
841 1263
1258 2221
1258 1846
1147 1232
1147 1734
394 1009
528 933
1840 876
337 1329
337 1126
1329 463
1126 1883
646 1476
646 2286
404 1009
1053 2286
1053 1411
1277 793
1277 1178
1277 1502
1310 1704
1506 559
1506 1316
1511 2309
2001 1704
1316 559
364 1662
364 2063
1490 1284
1282 377
1915 588
2268 573
2268 707
2268 1999
801 1714
964 851
964 967
1667 1253
1830 1822
1830 2253
833 2038
2038 514
377 1688
1688 2331
463 1695
463 2018
463 810
463 2221
463 1646
848 851
851 2222
851 881
1933 1932
1646 767
1646 1645
1646 2273
2034 803
2034 866
391 1341
2166 1505
2166 2232
1645 767
1645 2273
1645 2315
1938 990
1608 2302
1608 1742
575 2175
575 1239
1533 2201
760 803
443 2177
443 1865
967 1493
445 1477
1477 2295
1905 1989
1545 1713
2250 662
2250 2308
449 1974
1974 613
1974 2236
1704 1749
1331 549
1331 803
1331 1194
1331 1866
1695 1124
456 1002
810 1798
810 2221
2221 2273
2221 2316
1744 881
1367 845
1367 1609
902 687
902 1650
803 549
803 1194
803 1866
1194 549
1194 1866
2092 712
881 1024
881 1850
881 2273
1558 729
1322 659
1322 990
659 637
990 637
535 1846
542 2153
1178 1822
573 707
573 1519
1519 2321
1838 2321
820 1839
617 1742
729 1837
878 1540
1112 1224
1997 1692
754 1148
1732 1578
816 1469
816 1474
829 2236
829 1798
1798 2236
1224 1374
846 2088
1792 1771
984 1034
1453 2224
1692 1694
