0 372
0 1101
0 766
372 163
372 232
372 278
372 336
372 342
372 362
372 776
372 1292
372 401
372 914
372 1061
372 557
372 943
372 1073
372 1213
372 831
372 706
372 481
372 1232
372 723
372 1374
372 991
372 1507
372 620
372 1389
372 1008
372 592
1101 57
1101 103
1101 136
1101 262
1101 311
1101 322
1101 338
1101 352
1101 424
1101 495
1101 498
1101 552
1101 592
1101 601
1101 610
1101 629
1101 635
1101 650
1101 652
1101 672
1101 716
1101 770
1101 771
1101 800
1101 830
1101 886
1101 896
1101 902
1101 921
1101 978
1101 989
1101 1006
1101 1027
1101 1050
1101 1072
1101 1085
1101 1241
1101 1443
1101 1449
1101 1464
1101 1476
1101 1548
1101 1355
1101 1104
1101 1125
1101 1131
1101 1400
766 245
766 330
766 362
766 571
766 580
766 611
766 939
766 1229
766 1391
766 1489
766 1310
766 1215
1 640
1 4
1 5
1 1418
1 657
1 149
1 1053
1 1442
1 1315
1 1447
1 1194
1 1067
1 46
1 945
1 1092
1 200
1 844
1 433
1 215
1 736
1 98
1 613
1 1512
1 876
1 1518
1 1394
1 1011
1 248
1 638
1 639
640 5
640 16
640 17
640 23
640 31
640 40
640 46
640 53
640 54
640 61
640 98
640 103
640 117
640 118
640 126
640 144
640 163
640 191
640 197
640 207
640 216
640 227
640 248
640 251
640 261
640 275
640 284
640 290
640 317
640 318
640 336
640 366
640 392
640 396
640 407
640 411
640 415
640 416
640 425
640 427
640 432
640 461
640 498
640 499
640 501
640 526
640 557
640 566
640 580
640 587
640 602
640 613
640 637
640 638
640 639
640 1032
640 1033
640 1034
640 941
640 1052
640 1053
640 1083
640 1085
640 1550
640 1114
640 1132
640 1149
640 641
640 645
640 1159
640 657
640 658
640 1180
640 1181
640 1189
640 1308
640 690
640 694
640 1214
640 1219
640 1226
640 717
640 722
640 1402
640 736
640 1264
640 762
640 781
640 1294
640 1310
640 805
640 814
640 818
640 839
640 844
640 850
640 866
640 870
640 874
640 1394
640 1342
640 889
640 890
640 1407
640 906
640 907
640 1006
640 1433
640 930
640 942
640 945
640 946
640 953
640 1439
640 757
640 966
640 760
640 1187
640 919
640 990
640 991
640 1518
640 1522
640 1449
640 1019
4 6
4 775
4 1032
4 905
4 522
4 660
4 1177
4 923
4 1180
4 414
4 161
4 1189
4 934
4 935
4 40
4 1308
4 1415
4 812
4 45
4 430
4 433
4 826
4 1467
4 1214
4 191
4 320
4 323
4 196
4 837
4 646
4 1368
4 989
4 98
4 366
4 1007
4 371
4 246
4 1018
4 1019
4 1159
4 1407
5 258
5 1219
5 100
5 1546
5 46
5 464
5 433
5 483
5 181
5 563
5 1019
5 1180
1418 98
1418 149
1418 638
1418 641
1418 844
1418 1512
657 46
657 100
657 101
657 163
657 223
657 248
657 264
657 321
657 366
657 411
657 415
657 459
657 573
657 590
657 613
657 637
657 639
657 1539
657 900
657 1031
657 812
657 658
657 899
657 1518
657 1174
657 1180
657 802
657 1194
657 683
657 1196
657 1067
657 1408
657 694
657 695
657 1346
657 976
657 760
657 829
657 1264
657 1522
657 1526
657 1527
657 1402
657 1407
149 85
149 98
149 1286
149 774
149 1512
149 844
149 848
149 1010
149 310
149 1208
149 793
149 733
149 1086
1053 6
1053 13
1053 25
1053 40
1053 46
1053 47
1053 48
1053 86
1053 95
1053 96
1053 102
1053 104
1053 117
1053 118
1053 160
1053 171
1053 183
1053 184
1053 187
1053 191
1053 203
1053 215
1053 216
1053 238
1053 240
1053 241
1053 248
1053 249
1053 258
1053 266
1053 270
1053 274
1053 275
1053 278
1053 290
1053 322
1053 366
1053 370
1053 396
1053 400
1053 411
1053 413
1053 414
1053 415
1053 432
1053 433
1053 435
1053 437
1053 464
1053 466
1053 467
1053 496
1053 510
1053 513
1053 526
1053 530
1053 539
1053 557
1053 558
1053 569
1053 578
1053 590
1053 603
1053 612
1053 613
1053 620
1053 624
1053 638
1053 639
1053 641
1053 659
1053 661
1053 725
1053 734
1053 739
1053 748
1053 749
1053 760
1053 762
1053 775
1053 777
1053 784
1053 790
1053 792
1053 799
1053 804
1053 815
1053 830
1053 844
1053 850
1053 862
1053 864
1053 878
1053 888
1053 905
1053 906
1053 908
1053 921
1053 928
1053 930
1053 933
1053 934
1053 939
1053 945
1053 946
1053 965
1053 987
1053 990
1053 991
1053 1008
1053 1009
1053 1010
1053 1019
1053 1032
1053 1033
1053 1034
1053 1036
1053 1052
1053 1195
1053 1115
1053 1085
1053 1093
1053 1096
1053 1103
1053 1208
1053 1294
1053 1114
1053 1215
1053 1149
1053 1159
1053 1161
1053 1180
1053 1186
1053 1187
1053 1394
1053 1201
1053 1214
1053 1132
1053 1236
1053 1277
1053 1288
1053 1239
1053 1308
1053 1310
1053 1318
1053 1348
1053 1350
1053 1369
1053 1371
1053 1546
1053 1413
1053 1414
1053 1434
1053 1521
1053 1473
1053 1481
1053 1515
1053 1527
1442 239
1442 303
1442 311
1442 362
1442 547
1442 578
1442 690
1442 723
1442 965
1442 987
1442 989
1442 990
1442 1033
1442 1072
1442 1310
1442 1311
1442 1449
1442 1465
1315 103
1315 144
1315 248
1315 613
1315 636
1315 843
1315 844
1315 1011
1315 1346
1315 1449
1315 1342
1447 103
1447 117
1447 118
1447 238
1447 415
1447 433
1447 435
1447 613
1447 632
1447 641
1447 736
1447 768
1447 966
1447 1201
1447 1387
1447 1518
1194 7
1194 17
1194 18
1194 86
1194 101
1194 136
1194 191
1194 203
1194 218
1194 228
1194 234
1194 244
1194 267
1194 283
1194 295
1194 298
1194 307
1194 308
1194 309
1194 311
1194 323
1194 336
1194 370
1194 371
1194 469
1194 526
1194 542
1194 583
1194 613
1194 636
1194 649
1194 661
1194 690
1194 695
1194 740
1194 815
1194 890
1194 911
1194 989
1194 990
1194 991
1194 993
1194 1006
1194 1026
1194 1032
1194 1056
1194 1085
1194 1137
1194 1146
1194 1154
1194 1189
1194 1397
1194 1413
1194 1435
1194 1297
1194 1470
1194 1521
1194 1506
1194 1390
1194 1388
1194 1329
1194 1213
1194 1252
1194 1407
1067 56
1067 61
1067 87
1067 123
1067 136
1067 137
1067 181
1067 183
1067 199
1067 215
1067 238
1067 248
1067 275
1067 346
1067 348
1067 349
1067 412
1067 415
1067 416
1067 432
1067 433
1067 443
1067 444
1067 477
1067 560
1067 590
1067 605
1067 613
1067 615
1067 635
1067 641
1067 721
1067 743
1067 744
1067 826
1067 836
1067 843
1067 844
1067 850
1067 889
1067 894
1067 895
1067 915
1067 953
1067 1287
1067 1546
1067 1294
1067 1296
1067 1318
1067 1201
1067 1500
1067 1195
1067 1394
1067 1545
1067 1506
1067 1362
1067 1137
1067 1180
1067 1271
46 3
46 16
46 23
46 40
46 1031
46 1550
46 1551
46 543
46 1061
46 1069
46 571
46 577
46 66
46 1091
46 582
46 1095
46 593
46 600
46 605
46 1121
46 100
46 613
46 117
46 123
46 641
46 1154
46 535
46 1215
46 658
46 659
46 660
46 661
46 1177
46 1186
46 677
46 166
46 694
46 191
46 706
46 196
46 201
46 1229
46 1233
46 725
46 726
46 1247
46 228
46 230
46 1264
46 756
46 256
46 258
46 778
46 271
46 274
46 1390
46 285
46 1310
46 826
46 1346
46 1367
46 1368
46 350
46 362
46 366
46 370
46 886
46 379
46 1407
46 897
46 1413
46 905
46 415
46 937
46 430
46 433
46 435
46 949
46 952
46 1473
46 1490
46 507
46 1018
46 1019
46 1020
945 40
945 59
945 80
945 98
945 144
945 183
945 227
945 248
945 261
945 274
945 275
945 366
945 590
945 638
945 639
945 690
945 734
945 754
945 762
945 792
945 843
945 844
945 850
945 930
945 1159
945 1032
945 1551
945 1187
945 1318
945 953
945 1473
945 1091
945 1186
945 1114
945 1512
945 1132
945 1058
1092 15
1092 48
1092 98
1092 215
1092 275
1092 290
1092 708
1092 843
1092 844
1092 999
1092 1010
1092 1518
1092 1374
200 80
200 86
200 87
200 103
200 191
200 386
200 1548
200 1026
200 429
200 1296
200 530
200 812
200 1069
200 307
200 308
200 309
200 311
200 829
200 1349
200 987
200 861
200 1120
200 1506
200 744
200 491
200 620
200 1006
200 241
200 765
844 41
844 48
844 53
844 83
844 98
844 138
844 150
844 156
844 177
844 183
844 184
844 199
844 215
844 238
844 241
844 248
844 273
844 274
844 275
844 290
844 311
844 313
844 318
844 322
844 336
844 351
844 366
844 413
844 415
844 420
844 433
844 437
844 444
844 464
844 466
844 469
844 485
844 531
844 533
844 535
844 600
844 603
844 613
844 615
844 635
844 638
844 639
844 641
844 659
844 661
844 718
844 731
844 734
844 744
844 746
844 748
844 760
844 762
844 778
844 792
844 826
844 840
844 841
844 843
844 1032
844 1546
844 1547
844 1061
844 1072
844 1083
844 1085
844 949
844 1093
844 1095
844 1109
844 1115
844 1118
844 1140
844 1154
844 1159
844 1161
844 1185
844 1186
844 1187
844 1212
844 1214
844 895
844 1276
844 1277
844 1493
844 1281
844 1293
844 1294
844 1301
844 1307
844 1310
844 991
844 1077
844 1348
844 1350
844 850
844 854
844 864
844 1378
844 874
844 1394
844 896
844 1413
844 1414
844 915
844 1428
844 1006
844 918
844 919
844 1434
844 930
844 934
844 1180
844 1010
844 942
844 946
844 1355
844 1356
844 970
844 973
844 1487
844 979
844 983
844 1500
844 1503
844 999
844 1512
844 1518
844 1008
844 1521
844 1522
844 1018
844 1019
433 7
433 13
433 16
433 47
433 51
433 66
433 79
433 85
433 94
433 100
433 101
433 117
433 118
433 156
433 173
433 175
433 181
433 197
433 222
433 234
433 239
433 248
433 263
433 267
433 270
433 290
433 297
433 299
433 300
433 311
433 350
433 351
433 377
433 386
433 409
433 413
433 414
433 432
433 1539
433 1032
433 1034
433 1547
433 1550
433 532
433 539
433 549
433 557
433 1072
433 1077
433 569
433 1546
433 593
433 594
433 1294
433 601
433 1114
433 613
433 1126
433 1137
433 635
433 636
433 637
433 1159
433 802
433 1166
433 1185
433 1187
433 683
433 1198
433 1210
433 1214
433 1222
433 1229
433 1233
433 1245
433 740
433 1253
433 744
433 749
433 1264
433 1277
433 1284
433 1288
433 781
433 558
433 792
433 862
433 814
433 563
433 1348
433 1352
433 848
433 1252
433 860
433 872
433 1389
433 1392
433 1394
433 888
433 893
433 1406
433 1407
433 491
433 1413
433 1422
433 935
433 1449
433 946
433 1459
433 952
433 966
433 458
433 461
433 1487
433 464
433 1493
433 485
433 1514
433 1005
433 1006
433 765
433 496
433 502
433 1019
433 1020
215 40
215 59
215 87
215 96
215 184
215 187
215 1408
215 1539
215 772
215 774
215 1287
215 1032
215 522
215 268
215 1294
215 273
215 275
215 407
215 666
215 879
215 668
215 1310
215 415
215 1187
215 557
215 558
215 1075
215 566
215 1466
215 1034
215 843
215 836
215 1094
215 1095
215 459
215 848
215 850
215 216
215 1546
215 613
215 1255
215 1000
215 875
215 492
215 1006
215 1085
215 496
215 1009
215 1355
215 635
215 1407
736 17
736 18
736 32
736 37
736 38
736 43
736 76
736 79
736 80
736 81
736 86
736 173
736 191
736 194
736 197
736 210
736 211
736 218
736 228
736 238
736 239
736 258
736 281
736 309
736 311
736 365
736 370
736 383
736 386
736 411
736 416
736 429
736 430
736 461
736 571
736 583
736 591
736 605
736 620
736 636
736 649
736 659
736 661
736 690
736 1545
736 1546
736 1066
736 1069
736 1096
736 1132
736 1146
736 1149
736 1193
736 1195
736 1207
736 1222
736 1252
736 1268
736 760
736 761
736 1293
736 1296
736 1307
736 1310
736 806
736 1320
736 837
736 1362
736 898
736 1388
736 894
736 1435
736 942
736 1456
736 949
736 953
736 973
736 981
736 983
736 991
736 1521
736 1522
736 1019
98 48
98 62
98 70
98 1413
98 1158
98 1409
98 1161
98 1547
98 905
98 274
98 275
98 660
98 535
98 1434
98 156
98 1312
98 1072
98 930
98 1187
98 1350
98 318
98 1521
98 1052
98 1152
98 1118
98 942
98 1077
98 310
98 311
98 184
98 1503
98 956
98 437
98 1061
98 459
98 324
98 840
98 841
98 183
98 592
98 466
98 467
98 919
98 983
98 734
98 351
98 864
98 635
98 1380
98 613
98 999
98 1512
98 843
98 748
98 238
98 111
98 369
98 1522
98 659
98 1140
98 1214
98 248
98 1108
98 1018
98 1019
98 874
98 1518
613 6
613 12
613 14
613 17
613 31
613 39
613 47
613 61
613 65
613 75
613 85
613 88
613 100
613 101
613 103
613 104
613 117
613 123
613 135
613 138
613 150
613 156
613 159
613 173
613 175
613 181
613 183
613 184
613 191
613 192
613 197
613 199
613 208
613 210
613 211
613 222
613 224
613 226
613 228
613 239
613 248
613 267
613 268
613 275
613 297
613 299
613 310
613 311
613 322
613 336
613 337
613 350
613 351
613 366
613 381
613 384
613 385
613 386
613 400
613 414
613 420
613 427
613 432
613 459
613 464
613 466
613 469
613 470
613 485
613 490
613 495
613 496
613 498
613 502
613 504
613 539
613 554
613 560
613 566
613 585
613 586
613 590
613 598
613 600
613 602
613 605
613 608
613 612
613 1027
613 1546
613 1539
613 1046
613 1050
613 1114
613 1077
613 1083
613 1086
613 1291
613 1095
613 1096
613 1100
613 1122
613 1103
613 1105
613 1465
613 1115
613 1126
613 618
613 615
613 620
613 1137
613 1521
613 1470
613 634
613 1149
613 638
613 639
613 1154
613 875
613 646
613 1161
613 744
613 1215
613 878
613 663
613 1177
613 1386
613 1185
613 1187
613 1188
613 1191
613 711
613 1214
613 706
613 1229
613 1233
613 1236
613 1239
613 732
613 733
613 635
613 741
613 977
613 1218
613 748
613 1264
613 757
613 1270
613 895
613 764
613 1277
613 738
613 1279
613 1408
613 1287
613 777
613 1294
613 1295
613 1301
613 1305
613 1308
613 986
613 1310
613 1072
613 802
613 862
613 812
613 760
613 814
613 1245
613 1328
613 1331
613 1374
613 1509
613 1342
613 1348
613 1350
613 842
613 843
613 845
613 1359
613 850
613 739
613 857
613 861
613 864
613 1378
613 1379
613 1382
613 871
613 872
613 873
613 874
613 1390
613 1085
613 881
613 1394
613 1396
613 830
613 888
613 1406
613 1407
613 1413
613 1004
613 906
613 1419
613 1420
613 1346
613 1006
613 920
613 930
613 1180
613 1010
613 942
613 1459
613 926
613 952
613 953
613 1208
613 637
613 1469
613 1473
613 695
613 1485
613 1486
613 1487
613 661
613 984
613 1550
613 987
613 1500
613 989
613 990
613 991
613 848
613 998
613 999
613 1516
613 1518
613 1009
613 1524
613 1527
613 1019
613 1020
1512 350
1512 351
1512 798
1512 979
1512 1413
1512 1509
876 86
876 183
876 222
876 238
876 248
876 461
876 532
876 563
876 576
876 612
876 701
876 707
876 723
876 757
876 777
876 778
876 1539
876 902
876 1287
876 1518
876 1065
876 1365
876 1121
876 1253
1518 83
1518 156
1518 161
1518 183
1518 248
1518 249
1518 273
1518 275
1518 277
1518 285
1518 294
1518 311
1518 313
1518 323
1518 328
1518 386
1518 411
1518 464
1518 498
1518 532
1518 557
1518 558
1518 609
1518 638
1518 639
1518 641
1518 735
1518 762
1518 765
1518 792
1518 871
1518 984
1518 987
1518 1009
1518 1013
1518 1032
1518 1137
1518 1548
1518 1522
1518 1521
1394 16
1394 25
1394 33
1394 40
1394 161
1394 191
1394 197
1394 248
1394 366
1394 432
1394 464
1394 612
1394 639
1394 706
1394 777
1394 812
1394 843
1394 864
1394 952
1394 1009
1394 1020
1394 1061
1394 1085
1394 1095
1394 1180
1394 1186
1394 1208
1394 1236
1394 1287
1394 1305
1394 1378
1394 1539
1394 1413
1394 1470
1394 1473
1394 1517
1011 153
1011 222
1011 248
1011 340
1011 342
1011 510
1011 592
1011 725
1011 1539
248 40
248 96
248 118
248 183
248 187
248 199
248 216
248 238
248 241
248 1539
248 513
248 1032
248 1073
248 580
248 615
248 1132
248 635
248 637
248 639
248 649
248 659
248 1180
248 1187
248 1201
248 1388
248 744
248 748
248 1277
248 774
248 1291
248 1294
248 274
248 275
248 1301
248 792
248 1310
248 290
248 297
248 303
248 478
248 310
248 318
248 843
248 340
248 830
248 1380
248 1387
248 366
248 1342
248 897
248 919
248 411
248 415
248 416
248 934
248 939
248 1522
248 946
248 1473
248 459
248 464
248 467
248 983
248 1497
248 1500
248 989
248 990
248 483
248 495
248 1009
248 498
248 1019
638 16
638 40
638 55
638 58
638 114
638 117
638 165
638 207
638 238
638 283
638 288
638 318
638 379
638 411
638 498
638 503
638 510
638 1539
638 1158
638 641
638 1522
638 662
638 794
638 1449
638 1323
638 690
638 694
638 953
638 733
638 990
638 1189
638 870
638 639
638 874
638 1264
638 761
638 762
638 946
638 1149
638 1407
639 16
639 44
639 53
639 54
639 103
639 117
639 163
639 191
639 197
639 207
639 227
639 234
639 239
639 275
639 283
639 290
639 309
639 313
639 317
639 318
639 336
639 353
639 360
639 366
639 385
639 396
639 398
639 407
639 411
639 415
639 427
639 448
639 498
639 510
639 513
639 523
639 557
639 580
639 587
639 637
639 1032
639 1548
639 1072
639 1083
639 1085
639 1093
639 1467
639 1132
639 1149
639 641
639 653
639 1169
639 1180
639 672
639 1189
639 679
639 683
639 690
639 694
639 1219
639 717
639 725
639 1402
639 1255
639 1264
639 761
639 762
639 783
639 791
639 1308
639 1317
639 1320
639 814
639 839
639 843
639 870
639 829
639 830
639 887
639 889
639 890
639 906
639 919
639 908
639 928
639 930
639 1522
639 946
639 953
639 1439
639 972
639 1485
639 760
639 1187
639 989
639 990
639 991
639 848
639 996
639 1004
2 1281
2 1186
2 1449
2 106
2 1080
2 1010
2 438
2 408
2 349
1281 42
1281 83
1281 135
1281 156
1281 183
1281 187
1281 225
1281 228
1281 275
1281 277
1281 311
1281 313
1281 316
1281 323
1281 349
1281 350
1281 369
1281 384
1281 415
1281 444
1281 453
1281 495
1281 534
1281 571
1281 685
1281 733
1281 830
1281 888
1281 905
1281 913
1281 930
1281 942
1281 987
1281 1022
1281 1051
1281 1052
1281 1095
1281 1117
1281 1435
1281 1329
1281 1464
1281 1361
1281 1550
1281 1342
1186 183
1186 187
1186 191
1186 216
1186 238
1186 308
1186 349
1186 415
1186 427
1186 464
1186 616
1186 733
1186 744
1186 745
1186 843
1186 888
1186 990
1186 1019
1186 1058
1186 1077
1186 1085
1186 1094
1186 1095
1186 1408
1186 1473
1186 1422
1186 1308
1186 1217
1186 1379
1186 1402
1186 1407
1449 9
1449 14
1449 29
1449 30
1449 48
1449 51
1449 65
1449 66
1449 76
1449 80
1449 88
1449 91
1449 93
1449 100
1449 104
1449 106
1449 124
1449 127
1449 131
1449 132
1449 134
1449 135
1449 142
1449 153
1449 154
1449 163
1449 168
1449 170
1449 173
1449 176
1449 179
1449 201
1449 203
1449 216
1449 222
1449 232
1449 239
1449 240
1449 242
1449 251
1449 264
1449 270
1449 272
1449 276
1449 283
1449 290
1449 292
1449 297
1449 303
1449 313
1449 316
1449 317
1449 318
1449 324
1449 325
1449 326
1449 327
1449 328
1449 335
1449 337
1449 349
1449 351
1449 355
1449 357
1449 366
1449 374
1449 392
1449 399
1449 400
1449 408
1449 412
1449 415
1449 416
1449 417
1449 418
1449 422
1449 424
1449 427
1449 428
1449 432
1449 436
1449 448
1449 451
1449 453
1449 465
1449 473
1449 474
1449 495
1449 515
1449 522
1449 524
1449 525
1449 526
1449 529
1449 534
1449 542
1449 544
1449 548
1449 553
1449 557
1449 558
1449 572
1449 574
1449 575
1449 578
1449 582
1449 584
1449 587
1449 592
1449 593
1449 612
1449 616
1449 617
1449 622
1449 623
1449 635
1449 637
1449 643
1449 644
1449 649
1449 650
1449 656
1449 670
1449 690
1449 699
1449 700
1449 707
1449 708
1449 711
1449 712
1449 730
1449 750
1449 756
1449 758
1449 763
1449 767
1449 770
1449 780
1449 795
1449 802
1449 806
1449 808
1449 811
1449 816
1449 829
1449 830
1449 831
1449 835
1449 838
1449 839
1449 848
1449 855
1449 858
1449 862
1449 871
1449 872
1449 878
1449 881
1449 882
1449 890
1449 893
1449 895
1449 897
1449 907
1449 909
1449 911
1449 914
1449 918
1449 928
1449 929
1449 941
1449 944
1449 951
1449 953
1449 958
1449 961
1449 964
1449 965
1449 971
1449 991
1449 1006
1449 1016
1449 1028
1449 1032
1449 1047
1449 1058
1449 1073
1449 1079
1449 1103
1449 1108
1449 1115
1449 1116
1449 1120
1449 1126
1449 1128
1449 1130
1449 1132
1449 1147
1449 1152
1449 1159
1449 1166
1449 1180
1449 1183
1449 1185
1449 1191
1449 1192
1449 1195
1449 1197
1449 1206
1449 1221
1449 1232
1449 1233
1449 1238
1449 1244
1449 1247
1449 1249
1449 1253
1449 1254
1449 1259
1449 1264
1449 1266
1449 1268
1449 1277
1449 1285
1449 1291
1449 1292
1449 1293
1449 1295
1449 1300
1449 1302
1449 1307
1449 1313
1449 1314
1449 1320
1449 1324
1449 1332
1449 1335
1449 1343
1449 1344
1449 1348
1449 1356
1449 1362
1449 1366
1449 1369
1449 1371
1449 1373
1449 1378
1449 1379
1449 1388
1449 1390
1449 1393
1449 1396
1449 1399
1449 1406
1449 1407
1449 1408
1449 1410
1449 1424
1449 1434
1449 1435
1449 1445
1449 1537
1449 1547
1449 1460
1449 1453
1449 1470
1449 1473
1449 1450
1449 1549
1449 1488
1449 1492
1449 1496
1449 1508
1449 1510
1449 1532
1449 1524
1449 1527
1449 1530
1449 1531
106 9
106 85
106 770
106 1155
106 395
106 408
106 495
106 284
106 163
106 1208
106 829
106 831
106 1474
106 1094
106 1095
106 1099
106 589
106 1362
106 1366
106 863
106 609
106 1390
106 239
106 1522
106 888
106 319
106 382
1080 1094
1010 92
1010 143
1010 241
1010 265
1010 284
1010 393
1010 416
1010 464
1010 600
1010 843
1010 850
1010 877
1010 885
1010 989
1010 990
1010 995
1010 1539
1010 1241
1010 1446
1010 1333
1010 1355
1010 1113
1010 1019
408 80
408 85
408 101
408 142
408 206
408 216
408 228
408 247
408 265
408 287
408 297
408 308
408 311
408 319
408 344
408 1283
408 1032
408 1303
408 1294
408 1061
408 605
408 949
408 578
408 1095
408 1229
408 722
408 1370
408 735
408 848
408 1005
408 495
408 1521
408 1277
349 8
349 17
349 27
349 28
349 42
349 69
349 71
349 85
349 103
349 104
349 112
349 127
349 128
349 132
349 156
349 161
349 164
349 197
349 206
349 207
349 211
349 216
349 227
349 228
349 229
349 234
349 239
349 249
349 258
349 267
349 271
349 276
349 278
349 285
349 293
349 307
349 308
349 309
349 311
349 313
349 325
349 331
349 348
349 1539
349 1548
349 1549
349 526
349 427
349 1056
349 1117
349 1072
349 562
349 570
349 571
349 1088
349 587
349 590
349 605
349 1026
349 1131
349 620
349 1137
349 631
349 1154
349 656
349 659
349 1176
349 665
349 669
349 1187
349 1189
349 1212
349 1215
349 710
349 1229
349 1234
349 1238
349 729
349 733
349 735
349 1248
349 748
349 755
349 1277
349 1284
349 861
349 778
349 781
349 1303
349 1308
349 801
349 987
349 1320
349 1324
349 1357
349 739
349 853
349 854
349 1368
349 740
349 1082
349 350
349 351
349 1380
349 871
349 1390
349 883
349 1396
349 1397
349 1001
349 1400
349 889
349 895
349 896
349 385
349 386
349 1413
349 1414
349 400
349 914
349 916
349 405
349 407
349 1434
349 415
349 1441
349 930
349 419
349 1095
349 1454
349 431
349 435
349 949
349 957
349 1470
349 453
349 973
349 974
349 1488
349 1494
349 1550
349 1499
349 478
349 481
349 1506
349 484
349 1513
349 1004
349 1006
349 765
349 1521
349 498
349 507
349 1022
349 1109
3 100
3 1390
100 8
100 17
100 21
100 23
100 40
100 91
100 1152
100 256
100 379
100 571
100 391
100 905
100 778
100 535
100 1551
100 144
100 658
100 915
100 660
100 534
100 1182
100 543
100 802
100 548
100 1061
100 166
100 661
100 1072
100 566
100 952
100 415
100 831
100 123
100 577
100 1346
100 196
100 582
100 1095
100 1097
100 503
100 1229
100 593
100 1379
100 430
100 1495
100 1368
100 228
100 620
100 1018
100 735
100 1121
100 1367
100 1019
100 230
100 273
100 600
100 1514
100 1004
100 749
100 1390
100 239
100 104
100 659
100 756
100 1143
100 633
100 789
100 191
100 507
100 381
100 1407
1390 17
1390 30
1390 40
1390 65
1390 69
1390 72
1390 82
1390 88
1390 101
1390 117
1390 118
1390 123
1390 135
1390 136
1390 144
1390 159
1390 164
1390 216
1390 225
1390 228
1390 229
1390 239
1390 267
1390 278
1390 283
1390 290
1390 295
1390 298
1390 313
1390 317
1390 320
1390 348
1390 350
1390 351
1390 357
1390 381
1390 386
1390 387
1390 394
1390 432
1390 471
1390 489
1390 501
1390 512
1390 526
1390 530
1390 532
1390 547
1390 557
1390 573
1390 576
1390 578
1390 590
1390 593
1390 612
1390 620
1390 633
1390 636
1390 659
1390 719
1390 725
1390 735
1390 789
1390 857
1390 871
1390 878
1390 888
1390 889
1390 907
1390 915
1390 938
1390 942
1390 983
1390 986
1390 987
1390 988
1390 1006
1390 1079
1390 1081
1390 1088
1390 1131
1390 1166
1390 1178
1390 1191
1390 1193
1390 1195
1390 1206
1390 1208
1390 1217
1390 1219
1390 1228
1390 1229
1390 1234
1390 1245
1390 1280
1390 1284
1390 1285
1390 1291
1390 1320
1390 1324
1390 1329
1390 1346
1390 1350
1390 1355
1390 1367
1390 1542
1390 1551
1390 1539
1390 1411
1390 1402
1390 1408
1390 1413
1390 1421
1390 1437
1390 1453
1390 1480
1390 1507
6 513
6 1539
6 1294
6 400
6 659
6 791
6 1307
6 413
6 1310
6 290
6 1137
6 414
6 1466
6 1096
6 337
6 1369
6 1371
6 990
6 1380
6 230
6 748
6 495
6 1009
6 246
6 1019
6 1149
6 1407
775 246
775 290
775 414
775 564
775 594
775 633
775 1546
775 1312
775 990
775 1342
775 1216
775 1473
775 1095
775 1273
775 1369
775 1243
775 989
775 1118
775 1387
775 1009
775 1149
775 1407
1032 16
1032 17
1032 60
1032 74
1032 75
1032 86
1032 101
1032 104
1032 161
1032 183
1032 197
1032 208
1032 216
1032 218
1032 227
1032 238
1032 239
1032 241
1032 268
1032 274
1032 275
1032 290
1032 311
1032 318
1032 333
1032 336
1032 348
1032 366
1032 400
1032 427
1032 464
1032 467
1032 485
1032 496
1032 597
1032 635
1032 641
1032 649
1032 677
1032 707
1032 709
1032 741
1032 748
1032 778
1032 850
1032 851
1032 875
1032 889
1032 893
1032 920
1032 928
1032 930
1032 934
1032 968
1032 987
1032 989
1032 990
1032 991
1032 1006
1032 1009
1032 1019
1032 1539
1032 1034
1032 1548
1032 1051
1032 1052
1032 1071
1032 1075
1032 1077
1032 1085
1032 1093
1032 1114
1032 1118
1032 1132
1032 1180
1032 1206
1032 1214
1032 1237
1032 1278
1032 1287
1032 1294
1032 1307
1032 1308
1032 1310
1032 1503
1032 1221
1032 1355
1032 1379
1032 1407
1032 1408
1032 1189
1032 1414
1032 1420
1032 1465
1032 1473
1032 1362
1032 1529
905 17
905 59
905 104
905 134
905 191
905 201
905 223
905 261
905 302
905 307
905 308
905 309
905 331
905 378
905 430
905 485
905 526
905 548
905 558
905 616
905 618
905 620
905 621
905 635
905 648
905 659
905 660
905 661
905 719
905 724
905 748
905 774
905 837
905 1536
905 1189
905 1165
905 1019
905 1471
905 965
905 1521
905 1064
905 1159
905 1072
905 1213
905 966
905 1486
905 910
905 983
905 991
905 1501
905 1553
905 1387
905 1021
522 9
522 17
522 18
522 80
522 82
522 119
522 121
522 203
522 278
522 305
522 336
522 411
522 415
522 427
522 470
522 484
522 1158
522 1031
522 524
522 1431
522 1435
522 1188
522 1201
522 1324
522 1079
522 1208
522 1344
522 1473
522 835
522 1094
522 1095
522 593
522 988
522 1379
522 1297
522 1159
522 1407
660 87
660 104
660 135
660 148
660 164
660 191
660 201
660 238
660 307
660 308
660 309
660 311
660 323
660 385
660 386
660 400
660 430
660 484
660 485
660 548
660 620
660 659
660 942
660 781
660 1294
660 1026
660 965
660 1187
660 1189
660 1521
660 1064
660 1072
660 692
660 958
660 837
660 1349
660 1229
660 987
660 1407
660 874
660 1137
660 1397
660 1019
660 661
1177 80
1177 144
1177 304
1177 593
1177 621
1177 622
1177 663
1177 823
1177 829
1177 848
1177 898
1177 976
1177 989
1177 990
1177 991
1177 1096
1177 1136
1177 1408
1177 1419
1177 1421
1177 1305
1177 1188
1177 1189
1177 1180
1177 1473
1177 1227
1177 1407
923 319
923 690
923 1159
923 1158
1180 23
1180 40
1180 51
1180 80
1180 86
1180 163
1180 183
1180 189
1180 288
1180 290
1180 323
1180 343
1180 355
1180 366
1180 414
1180 415
1180 436
1180 481
1180 492
1180 543
1180 563
1180 578
1180 635
1180 661
1180 672
1180 697
1180 703
1180 735
1180 748
1180 792
1180 904
1180 908
1180 909
1180 910
1180 919
1180 921
1180 946
1180 966
1180 1019
1180 1025
1180 1079
1180 1094
1180 1095
1180 1115
1180 1132
1180 1142
1180 1473
1180 1262
1180 1308
1180 1441
1180 1329
1180 1313
1180 1238
1180 1413
1180 1217
1180 1493
1180 1550
1180 1402
1180 1252
1180 1391
1180 1400
414 48
414 102
414 144
414 187
414 229
414 246
414 290
414 366
414 513
414 1546
414 1294
414 790
414 792
414 1052
414 1254
414 933
414 934
414 935
414 1159
414 1075
414 1085
414 713
414 588
414 1114
414 989
414 990
414 784
414 1149
161 7
161 23
161 85
161 103
161 385
161 386
161 875
161 878
161 1286
161 267
161 1294
161 1296
161 1137
161 879
161 924
161 730
161 262
161 679
161 686
161 1329
161 949
161 238
161 311
161 1208
161 313
161 1085
161 830
161 1215
161 1400
161 1227
161 1478
161 1099
161 1228
161 1486
161 1103
161 1230
161 465
161 825
161 1240
161 1497
161 474
161 1115
161 476
161 464
161 234
161 871
161 1006
161 239
161 241
161 1214
161 430
161 888
161 1355
161 1531
161 1277
161 1102
1189 38
1189 40
1189 65
1189 175
1189 191
1189 197
1189 203
1189 228
1189 258
1189 300
1189 415
1189 430
1189 495
1189 532
1189 592
1189 641
1189 664
1189 672
1189 703
1189 725
1189 770
1189 802
1189 819
1189 837
1189 939
1189 942
1189 952
1189 1019
1189 1069
1189 1195
1189 1346
1189 1349
1189 1264
934 183
934 238
934 333
934 343
934 557
934 603
934 641
934 734
934 792
934 1149
934 1473
934 990
934 942
934 1215
935 183
935 624
935 734
935 791
935 1008
935 1095
935 942
935 1310
935 1085
935 1215
40 28
40 532
40 285
40 300
40 557
40 558
40 946
40 949
40 953
40 1214
40 447
40 197
40 1096
40 476
40 592
40 228
40 220
40 1253
40 1251
40 612
40 229
40 370
40 495
40 241
40 373
40 760
40 761
40 762
40 380
40 637
1308 135
1308 187
1308 191
1308 227
1308 229
1308 274
1308 275
1308 290
1308 297
1308 322
1308 413
1308 430
1308 445
1308 513
1308 586
1308 588
1308 590
1308 604
1308 637
1308 641
1308 646
1308 659
1308 713
1308 791
1308 792
1308 793
1308 802
1308 805
1308 886
1308 915
1308 930
1308 988
1308 990
1308 991
1308 1019
1308 1085
1308 1095
1308 1103
1308 1114
1308 1132
1308 1187
1308 1266
1308 1294
1308 1310
1308 1466
1308 1439
1308 1407
1415 186
1415 225
1415 258
1415 366
1415 495
1415 953
1415 1022
1415 1215
1415 1417
812 86
812 163
812 278
812 350
812 429
812 557
812 706
812 1195
812 1296
812 1407
45 863
45 1317
45 232
45 101
45 495
45 808
45 89
45 218
45 1179
45 636
45 415
430 7
430 17
430 32
430 37
430 38
430 41
430 68
430 80
430 81
430 85
430 86
430 87
430 88
430 104
430 135
430 136
430 144
430 156
430 164
430 191
430 201
430 234
430 254
430 271
430 272
430 280
430 307
430 308
430 309
430 311
430 313
430 316
430 328
430 366
430 385
430 386
430 409
430 429
430 1546
430 1039
430 530
430 542
430 1059
430 548
430 1064
430 1066
430 557
430 1072
430 563
430 571
430 583
430 1102
430 941
430 620
430 1146
430 1061
430 645
430 659
430 661
430 453
430 1193
430 692
430 1207
430 735
430 741
430 1296
430 795
430 1311
430 1320
430 1336
430 836
430 837
430 848
430 1361
430 860
430 862
430 1388
430 1069
430 879
430 888
430 1407
430 1413
430 1414
430 915
430 920
430 1435
430 1349
430 951
430 1465
430 965
430 459
430 461
430 474
430 987
430 1506
430 491
430 1006
430 495
430 1521
430 498
430 1013
430 1019
826 144
826 228
826 241
826 263
826 297
826 311
826 336
826 337
826 407
826 537
826 538
826 605
826 635
826 677
826 821
826 1408
826 901
826 1291
826 1407
826 1310
826 1187
826 1009
826 989
826 953
826 1077
826 843
826 850
826 1370
826 987
826 990
826 991
826 895
1467 17
1467 88
1467 135
1467 137
1467 242
1467 308
1467 690
1467 1051
1467 1464
1214 80
1214 95
1214 96
1214 117
1214 156
1214 183
1214 238
1214 239
1214 246
1214 289
1214 311
1214 366
1214 396
1214 415
1214 464
1214 498
1214 507
1214 528
1214 539
1214 635
1214 646
1214 648
1214 701
1214 744
1214 770
1214 795
1214 843
1214 857
1214 888
1214 939
1214 942
1214 953
1214 983
1214 989
1214 990
1214 1019
1214 1020
1214 1052
1214 1065
1214 1085
1214 1115
1214 1159
1214 1187
1214 1539
1214 1546
1214 1368
1214 1275
1214 1370
1214 1348
1214 1350
1214 1486
1214 1229
1214 1499
1214 1551
1214 1355
191 37
191 66
191 80
191 81
191 86
191 101
191 104
191 117
191 135
191 136
191 1539
191 1039
191 548
191 1064
191 557
191 558
191 1072
191 571
191 583
191 605
191 941
191 620
191 633
191 635
191 636
191 656
191 659
191 661
191 664
191 1193
191 1196
191 1208
191 211
191 239
191 258
191 878
191 781
191 1069
191 1296
191 274
191 275
191 281
191 1320
191 299
191 307
191 308
191 309
191 311
191 1336
191 837
191 355
191 362
191 366
191 888
191 907
191 908
191 915
191 411
191 415
191 1435
191 429
191 953
191 965
191 459
191 987
191 484
191 1019
191 1125
320 229
320 247
320 283
320 297
320 308
320 1419
320 584
320 1547
320 366
320 656
320 351
323 80
323 216
323 1296
323 1445
323 1020
323 1355
323 332
323 911
323 498
323 366
323 942
323 825
323 1212
323 478
196 187
196 1506
196 1452
196 435
196 590
196 792
837 61
837 79
837 80
837 86
837 87
837 101
837 164
837 206
837 267
837 307
837 308
837 309
837 311
837 314
837 370
837 385
837 386
837 400
837 429
837 495
837 525
837 583
837 593
837 636
837 649
837 661
837 941
837 1435
837 1056
837 1521
837 953
837 1545
837 1349
837 1085
837 989
837 871
837 1137
837 1019
837 1277
646 14
646 16
646 18
646 20
646 42
646 53
646 75
646 88
646 136
646 164
646 246
646 267
646 276
646 278
646 285
646 300
646 308
646 311
646 313
646 365
646 383
646 386
646 415
646 476
646 484
646 496
646 517
646 557
646 558
646 567
646 635
646 1027
646 1031
646 1162
646 898
646 1039
646 1407
646 686
646 1079
646 1500
646 1074
646 1459
646 1210
646 829
646 1215
646 779
646 1222
646 1413
646 1524
646 1068
646 976
646 953
646 726
646 889
646 1209
646 783
646 1253
646 1104
646 847
646 871
646 1333
646 1103
646 988
646 872
646 1521
646 756
646 702
646 1271
646 1144
646 1404
1368 51
1368 91
1368 156
1368 160
1368 197
1368 271
1368 290
1368 369
1368 435
1368 635
1368 661
1368 783
1368 915
1368 1019
1368 1115
1368 1217
1368 1219
989 101
989 117
989 184
989 193
989 207
989 216
989 218
989 238
989 241
989 258
989 260
989 268
989 295
989 302
989 318
989 335
989 362
989 366
989 370
989 377
989 383
989 386
989 389
989 459
989 495
989 498
989 513
989 525
989 536
989 562
989 578
989 582
989 585
989 615
989 636
989 641
989 649
989 673
989 679
989 709
989 721
989 734
989 735
989 748
989 773
989 779
989 786
989 793
989 803
989 805
989 816
989 821
989 829
989 850
989 878
989 879
989 907
989 921
989 933
989 939
989 957
989 961
989 973
989 988
989 1545
989 1034
989 1548
989 1550
989 1072
989 1085
989 1089
989 1114
989 1132
989 1138
989 1142
989 1217
989 1200
989 1205
989 1224
989 1227
989 1229
989 1241
989 1248
989 1407
989 1293
989 1294
989 1242
989 1310
989 1312
989 1318
989 1410
989 1329
989 1361
989 1338
989 1402
989 1262
989 990
989 991
989 1004
989 1125
366 7
366 17
366 48
366 51
366 77
366 85
366 103
366 104
366 117
366 127
366 128
366 130
366 156
366 183
366 228
366 239
366 246
366 277
366 285
366 300
366 303
366 308
366 311
366 313
366 316
366 336
366 350
366 356
366 1027
366 1548
366 1550
366 1040
366 1050
366 1055
366 1061
366 1064
366 1071
366 1072
366 1077
366 568
366 571
366 1085
366 578
366 587
366 1103
366 1104
366 1107
366 1108
366 1114
366 1115
366 605
366 1122
366 1137
366 1141
366 635
366 1149
366 1164
366 1169
366 667
366 1187
366 684
366 370
366 692
366 1217
366 1234
366 1239
366 733
366 738
366 739
366 1253
366 744
366 722
366 765
366 895
366 1284
366 1324
366 778
366 1291
366 1154
366 1306
366 800
366 862
366 1320
366 1329
366 1408
366 478
366 1342
366 843
366 1357
366 850
366 857
366 1290
366 864
366 1379
366 874
366 877
366 371
366 1397
366 1407
366 384
366 1413
366 400
366 915
366 916
366 920
366 930
366 1448
366 427
366 435
366 953
366 444
366 1470
366 1473
366 1355
366 1485
366 464
366 760
366 987
366 990
366 991
366 1513
366 1514
366 491
366 1007
366 498
366 1526
366 425
366 477
366 1019
366 510
1007 80
1007 144
1007 194
1007 203
1007 263
1007 297
1007 311
1007 539
1007 564
1007 578
1007 661
1007 692
1007 725
1007 768
1007 858
1007 890
1007 1006
1007 1295
1007 1553
1007 1428
1007 1050
1007 1463
1007 1088
1007 1355
1007 1229
1007 1115
1007 1131
1007 1521
1007 1395
1007 1524
371 864
371 1395
371 759
371 890
371 1546
246 102
246 187
246 1254
246 874
246 588
246 1149
246 1458
246 505
246 1052
246 1114
246 1215
1018 275
1018 459
1018 768
1018 802
1018 843
1018 942
1018 999
1018 1504
1018 1187
1018 1362
1019 17
1019 51
1019 104
1019 136
1019 150
1019 183
1019 201
1019 238
1019 241
1019 261
1019 274
1019 290
1019 300
1019 308
1019 309
1019 311
1019 317
1019 321
1019 322
1019 369
1019 383
1019 386
1019 400
1019 413
1019 427
1019 485
1019 496
1019 507
1019 510
1019 513
1019 531
1019 535
1019 539
1019 548
1019 569
1019 590
1019 612
1019 620
1019 635
1019 641
1019 659
1019 661
1019 677
1019 707
1019 720
1019 744
1019 774
1019 799
1019 843
1019 850
1019 871
1019 872
1019 874
1019 883
1019 908
1019 953
1019 965
1019 977
1019 987
1019 988
1019 990
1019 1004
1019 1006
1019 1009
1019 1026
1019 1539
1019 1546
1019 1064
1019 1072
1019 1077
1019 1085
1019 1095
1019 1137
1019 1149
1019 1159
1019 1132
1019 1167
1019 1208
1019 1236
1019 1407
1019 1277
1019 1289
1019 1294
1019 1310
1019 1336
1019 1371
1019 1397
1019 1434
1019 1521
1019 1480
1019 1486
1019 1102
1159 30
1159 48
1159 53
1159 83
1159 101
1159 103
1159 156
1159 158
1159 197
1159 278
1159 321
1159 395
1159 411
1159 415
1159 464
1159 524
1159 532
1159 557
1159 615
1159 623
1159 659
1159 783
1159 787
1159 790
1159 815
1159 864
1159 896
1159 930
1159 946
1159 961
1159 987
1159 990
1159 1022
1159 1096
1159 1131
1159 1149
1159 1158
1159 1360
1159 1374
1159 1546
1159 1344
1159 1219
1159 1222
1159 1233
1159 1205
1159 1187
1159 1396
1159 1551
1159 1407
1407 14
1407 48
1407 57
1407 86
1407 95
1407 101
1407 118
1407 204
1407 206
1407 218
1407 239
1407 268
1407 270
1407 302
1407 326
1407 334
1407 355
1407 370
1407 380
1407 415
1407 492
1407 513
1407 535
1407 557
1407 558
1407 573
1407 582
1407 584
1407 589
1407 658
1407 659
1407 712
1407 778
1407 779
1407 805
1407 825
1407 850
1407 860
1407 872
1407 879
1407 899
1407 921
1407 937
1407 939
1407 976
1407 987
1407 988
1407 990
1407 1004
1407 1006
1407 1015
1407 1022
1407 1025
1407 1041
1407 1058
1407 1091
1407 1094
1407 1095
1407 1108
1407 1115
1407 1125
1407 1158
1407 1185
1407 1196
1407 1208
1407 1222
1407 1237
1407 1280
1407 1284
1407 1294
1407 1305
1407 1324
1407 1346
1407 1349
1407 1359
1407 1402
1407 1446
1407 1439
1407 1490
1407 1526
258 30
258 104
258 144
258 156
258 281
258 921
258 1181
258 937
258 690
258 1205
258 1083
258 1222
258 1485
258 854
258 343
258 481
258 571
258 1004
258 605
258 1022
1219 54
1219 172
1219 173
1219 181
1219 229
1219 271
1219 295
1219 299
1219 300
1219 365
1219 398
1219 436
1219 453
1219 485
1219 557
1219 601
1219 687
1219 690
1219 747
1219 760
1219 761
1219 868
1219 893
1219 1095
1219 1162
1219 1193
1219 1195
1219 1280
1219 1329
1219 1323
1219 1294
1219 1493
1219 1379
1219 1269
1546 13
1546 14
1546 80
1546 89
1546 117
1546 156
1546 216
1546 222
1546 286
1546 302
1546 356
1546 432
1546 434
1546 435
1546 489
1546 493
1546 543
1546 557
1546 563
1546 618
1546 637
1546 664
1546 710
1546 725
1546 739
1546 749
1546 760
1546 794
1546 810
1546 819
1546 848
1546 868
1546 894
1546 920
1546 921
1546 939
1546 977
1546 987
1546 1004
1546 1020
1546 1046
1546 1048
1546 1069
1546 1077
1546 1083
1546 1085
1546 1115
1546 1126
1546 1215
1546 1225
1546 1229
1546 1288
1546 1310
1546 1372
1546 1379
1546 1422
1546 1433
1546 1452
464 59
464 96
464 117
464 118
464 126
464 183
464 216
464 238
464 278
464 290
464 317
464 336
464 341
464 403
464 427
464 432
464 435
464 1085
464 1516
464 1420
464 526
464 563
464 919
464 921
464 539
464 1310
464 517
464 1312
464 1187
464 602
464 1318
464 1329
464 1077
464 1086
464 734
464 799
464 1473
464 709
464 1095
464 908
464 843
464 1058
464 1328
464 593
464 850
464 1522
464 857
464 1114
464 591
464 988
464 990
464 991
464 1488
464 1379
464 1509
464 864
464 1137
464 745
464 1132
464 594
464 1009
464 466
464 1342
464 1277
483 135
483 181
483 241
483 1313
483 988
483 498
483 1006
483 880
483 626
483 1521
483 1332
483 526
483 764
181 17
181 88
181 135
181 642
181 1028
181 937
181 526
181 783
181 184
181 988
563 13
563 48
563 66
563 403
563 1329
563 1288
563 649
563 749
563 987
563 1085
513 54
513 55
513 95
513 165
513 183
513 187
513 241
513 274
513 275
513 278
513 290
513 336
513 337
513 413
513 415
513 495
513 1409
513 649
513 1291
513 526
513 1301
513 791
513 792
513 793
513 1307
513 1187
513 1118
513 888
513 1310
513 991
513 1095
513 713
513 591
513 774
513 1114
513 604
513 990
513 594
513 1266
513 659
1539 164
1539 229
1539 241
1539 267
1539 275
1539 290
1539 340
1539 350
1539 351
1539 386
1539 459
1539 510
1539 557
1539 603
1539 635
1539 641
1539 713
1539 760
1539 763
1539 830
1539 872
1539 886
1539 933
1539 947
1539 1025
1539 1085
1539 1146
1539 1266
1539 1311
1539 1387
1539 1413
1539 1522
1294 33
1294 66
1294 75
1294 76
1294 104
1294 156
1294 229
1294 238
1294 240
1294 274
1294 275
1294 290
1294 297
1294 300
1294 308
1294 309
1294 313
1294 336
1294 337
1294 388
1294 474
1294 495
1294 569
1294 588
1294 603
1294 620
1294 659
1294 843
1294 850
1294 862
1294 888
1294 922
1294 930
1294 939
1294 953
1294 987
1294 990
1294 991
1294 1027
1294 1095
1294 1132
1294 1137
1294 1167
1294 1178
1294 1187
1294 1191
1294 1263
1294 1266
1294 1289
1294 1291
1294 1420
1294 1424
1294 1301
1294 1310
1294 1370
1294 1478
1294 1493
1294 1307
1294 1379
1294 1329
400 7
400 164
400 239
400 247
400 267
400 311
400 385
400 386
400 1547
400 1117
400 531
400 921
400 559
400 562
400 1215
400 721
400 986
400 1115
400 1137
400 627
400 1400
400 1277
659 10
659 18
659 48
659 59
659 61
659 66
659 104
659 135
659 136
659 183
659 201
659 238
659 239
659 274
659 275
659 276
659 290
659 307
659 308
659 309
659 311
659 334
659 350
659 351
659 377
659 386
659 415
659 459
659 484
659 485
659 539
659 548
659 569
659 578
659 580
659 620
659 641
659 1027
659 1064
659 1072
659 1085
659 1094
659 1095
659 1132
659 661
659 1191
659 1208
659 1221
659 1229
659 720
659 895
659 774
659 1336
659 1346
659 843
659 850
659 1380
659 874
659 1397
659 1400
659 889
659 1434
659 942
659 947
659 953
659 965
659 968
659 1487
659 987
659 1006
659 1521
791 165
791 274
791 588
791 604
791 784
791 850
791 792
791 793
791 1118
1307 86
1307 103
1307 183
1307 187
1307 229
1307 290
1307 413
1307 588
1307 590
1307 713
1307 792
1307 799
1307 843
1307 942
1307 1085
1307 1114
1307 1266
1307 1466
413 183
413 238
413 274
413 275
413 645
413 940
413 432
413 947
413 588
413 843
413 462
413 983
413 864
413 748
413 888
1310 17
1310 20
1310 25
1310 26
1310 29
1310 58
1310 101
1310 178
1310 183
1310 211
1310 216
1310 218
1310 228
1310 230
1310 238
1310 239
1310 241
1310 260
1310 261
1310 263
1310 302
1310 312
1310 313
1310 322
1310 335
1310 336
1310 354
1310 370
1310 377
1310 383
1310 411
1310 474
1310 488
1310 495
1310 498
1310 526
1310 530
1310 557
1310 571
1310 573
1310 580
1310 582
1310 593
1310 635
1310 649
1310 651
1310 661
1310 667
1310 673
1310 707
1310 721
1310 740
1310 760
1310 763
1310 770
1310 773
1310 779
1310 821
1310 850
1310 879
1310 884
1310 889
1310 907
1310 961
1310 990
1310 991
1310 1024
1310 1028
1310 1033
1310 1064
1310 1084
1310 1088
1310 1093
1310 1118
1310 1125
1310 1132
1310 1156
1310 1215
1310 1224
1310 1244
1310 1538
1310 1369
1310 1545
1310 1317
1310 1318
1310 1367
1310 1389
1310 1410
1310 1414
1310 1421
1310 1443
1310 1450
1310 1472
1310 1529
290 16
290 66
290 93
290 118
290 183
290 239
290 274
290 275
290 773
290 1161
290 778
290 531
290 1301
290 792
290 1050
290 495
290 415
290 1454
290 990
290 566
290 1208
290 1034
290 830
290 580
290 829
290 1096
290 311
290 588
290 462
290 336
290 1178
290 850
290 547
290 1114
290 1187
290 1118
290 991
290 1379
290 1252
290 466
290 370
290 1149
290 784
1137 13
1137 69
1137 94
1137 101
1137 103
1137 135
1137 136
1137 144
1137 159
1137 164
1137 239
1137 267
1137 278
1137 311
1137 313
1137 337
1137 350
1137 351
1137 385
1137 386
1137 410
1137 526
1137 531
1137 559
1137 590
1137 615
1137 627
1137 635
1137 636
1137 656
1137 686
1137 744
1137 795
1137 852
1137 871
1137 924
1137 949
1137 986
1137 988
1137 1006
1137 1071
1137 1075
1137 1099
1137 1102
1137 1103
1137 1115
1137 1117
1137 1132
1137 1135
1137 1227
1137 1230
1137 1288
1137 1542
1137 1318
1137 1342
1137 1473
1137 1215
1137 1550
1137 1521
1137 1441
1137 1355
1137 1382
1137 1264
1137 1400
1137 1511
1137 1144
1137 1277
1466 184
1466 274
1466 415
1466 1095
1096 14
1096 20
1096 23
1096 104
1096 150
1096 228
1096 261
1096 288
1096 311
1096 343
1096 432
1096 495
1096 503
1096 534
1096 630
1096 642
1096 656
1096 679
1096 695
1096 802
1096 907
1096 942
1096 1028
1096 1280
1096 1435
1096 1456
1096 1329
1096 1331
1096 1332
1096 1209
1096 1210
1096 1217
1096 1527
1096 1229
1096 1111
1096 1521
1096 1402
1096 1535
337 85
337 216
337 641
337 1410
337 773
337 1414
337 1196
337 907
337 386
337 914
337 673
337 1058
337 1318
337 940
337 949
337 831
337 620
337 707
337 582
337 1229
337 850
337 1550
337 570
337 481
337 1154
337 871
337 875
337 1132
337 1521
337 498
337 377
337 383
1369 86
1369 144
1369 466
1369 566
1369 590
1369 615
1369 987
1369 1072
1369 1083
1369 1117
1369 1132
1369 1161
1369 1187
1369 1196
1369 1247
1369 1318
1369 1371
1371 336
1371 467
1371 600
1371 878
1371 1085
1371 1093
1371 1132
1371 1277
990 101
990 117
990 134
990 178
990 193
990 194
990 206
990 207
990 211
990 216
990 218
990 226
990 238
990 240
990 260
990 261
990 265
990 268
990 270
990 283
990 295
990 302
990 312
990 318
990 335
990 354
990 357
990 370
990 377
990 383
990 386
990 389
990 396
990 437
990 490
990 495
990 498
990 525
990 526
990 536
990 578
990 582
990 585
990 635
990 636
990 641
990 649
990 673
990 676
990 679
990 709
990 719
990 740
990 748
990 770
990 773
990 779
990 792
990 803
990 805
990 816
990 821
990 829
990 850
990 878
990 879
990 897
990 907
990 933
990 939
990 940
990 957
990 961
990 964
990 965
990 988
990 1025
990 1545
990 1034
990 1548
990 1072
990 1085
990 1089
990 1114
990 1132
990 1156
990 1217
990 1200
990 1227
990 1229
990 1257
990 1296
990 1242
990 1312
990 1318
990 1329
990 1361
990 1338
990 1379
990 1402
990 1404
990 1414
990 991
990 1004
990 1527
1380 27
1380 35
1380 111
1380 122
1380 197
1380 274
1380 299
1380 300
1380 343
1380 418
1380 507
1380 562
1380 591
1380 667
1380 669
1380 733
1380 852
1380 904
1380 942
1380 973
1380 974
1380 991
1380 1129
1380 1131
1380 1227
1380 1230
1380 1234
1380 1342
1380 1355
1380 1374
1380 1387
1380 1549
1380 1550
1380 1438
1380 1396
230 48
230 325
230 939
230 436
748 59
748 83
748 86
748 110
748 126
748 261
748 274
748 275
748 293
748 415
748 436
748 529
748 1034
748 1134
748 1187
748 1188
748 942
748 1329
748 821
748 1033
748 966
748 843
748 983
748 1061
748 993
748 873
748 879
748 1001
495 16
495 28
495 30
495 35
495 42
495 51
495 66
495 73
495 76
495 85
495 86
495 88
495 101
495 103
495 128
495 148
495 164
495 176
495 197
495 201
495 208
495 209
495 211
495 223
495 228
495 232
495 238
495 240
495 241
495 265
495 276
495 277
495 278
495 283
495 285
495 307
495 308
495 309
495 311
495 313
495 316
495 322
495 335
495 336
495 351
495 365
495 370
495 377
495 391
495 407
495 415
495 429
495 451
495 459
495 463
495 465
495 469
495 477
495 488
495 491
495 493
495 1025
495 1026
495 1027
495 517
495 1031
495 1035
495 1036
495 1549
495 526
495 527
495 530
495 1046
495 537
495 1370
495 1541
495 555
495 1068
495 1070
495 1073
495 565
495 567
495 570
495 863
495 1088
495 1059
495 1095
495 587
495 1102
495 525
495 1104
495 1108
495 601
495 605
495 1132
495 626
495 1141
495 632
495 633
495 635
495 636
495 649
495 1162
495 1164
495 1166
495 1389
495 1079
495 879
495 977
495 1075
495 1193
495 683
495 1138
495 686
495 1200
495 690
495 1203
495 1208
495 1210
495 699
495 714
495 702
495 1216
495 1223
495 712
495 1226
495 715
495 1241
495 1244
495 1246
495 1249
495 741
495 1233
495 1263
495 755
495 1271
495 1275
495 765
495 770
495 1284
495 776
495 779
495 1292
495 1293
495 557
495 1296
495 1304
495 803
495 1152
495 1324
495 1326
495 816
495 1329
495 735
495 829
495 831
495 1349
495 842
495 1355
495 1357
495 1361
495 1362
495 676
495 1364
495 740
495 858
495 861
495 1379
495 871
495 872
495 875
495 878
495 1391
495 1392
495 1397
495 1399
495 888
495 1343
495 896
495 814
495 901
495 1247
495 907
495 1005
495 1425
495 914
495 1427
495 751
495 1548
495 1435
495 497
495 939
495 943
495 1458
495 953
495 850
495 957
495 958
495 1473
495 1476
495 1443
495 983
495 1497
495 1550
495 987
495 988
495 1499
495 991
495 558
495 1519
495 496
495 1521
495 1125
495 1524
495 1525
495 502
495 1527
495 504
495 1529
495 508
495 509
495 1109
1009 7
1009 13
1009 14
1009 95
1009 102
1009 104
1009 117
1009 118
1009 123
1009 156
1009 238
1009 275
1009 277
1009 278
1009 311
1009 313
1009 316
1009 386
1009 415
1009 453
1009 553
1009 557
1009 633
1009 635
1009 636
1009 694
1009 695
1009 713
1009 715
1009 733
1009 760
1009 776
1009 792
1009 842
1009 843
1009 907
1009 966
1009 973
1009 979
1009 991
1009 1537
1009 1284
1009 1174
1009 1266
1009 1034
1009 1548
1009 1438
1009 1350
1009 1052
1009 1117
1009 1076
1009 1473
1009 1348
1009 1550
1009 1114
1009 1115
1009 1132
1009 1277
1009 1521
1009 1396
1009 1210
1009 1402
1009 1149
1149 20
1149 48
1149 171
1149 350
1149 415
1149 427
1149 528
1149 569
1149 738
1149 739
1149 762
1149 806
1149 850
1149 906
1149 919
1149 920
1149 987
1149 993
1149 1062
1149 1075
1149 1076
1149 1085
1149 1115
1149 1413
1149 1288
1149 1318
1149 1479
1149 1493
1149 1370
1149 1400
7 385
7 386
7 267
7 1548
7 531
7 277
7 164
7 1193
7 562
7 733
7 178
7 311
7 313
7 316
7 453
7 715
7 1115
7 1117
7 1277
7 661
385 16
385 80
385 101
385 103
385 164
385 239
385 245
385 267
385 311
385 313
385 386
385 1414
385 526
385 531
385 686
385 1051
385 924
385 670
385 987
385 559
385 690
385 871
385 942
385 733
385 949
385 1099
385 1117
385 1227
385 1229
385 1230
385 1103
385 1108
385 1102
385 548
385 986
385 1115
385 735
385 619
385 1006
385 1264
385 627
385 1400
385 1355
385 636
385 1277
386 86
386 159
386 164
386 228
386 229
386 239
386 263
386 267
386 277
386 311
386 313
386 316
386 350
386 351
386 1413
386 1548
386 526
386 1296
386 531
386 924
386 453
386 557
386 562
386 942
386 741
386 1521
386 1355
386 715
386 973
386 1229
386 1108
386 986
386 1115
386 476
386 733
386 627
386 871
386 1117
386 1264
386 631
386 1400
386 635
386 636
386 1277
386 661
267 159
267 164
267 229
267 239
267 1413
267 268
267 270
267 531
267 303
267 924
267 939
267 559
267 311
267 578
267 1117
267 1355
267 1229
267 1108
267 676
267 986
267 1115
267 733
267 350
267 351
267 878
267 1264
267 627
267 1400
267 636
267 1277
1548 77
1548 124
1548 159
1548 216
1548 247
1548 277
1548 311
1548 313
1548 316
1548 453
1548 557
1548 565
1548 571
1548 620
1548 690
1548 715
1548 733
1548 842
1548 848
1548 896
1548 942
1548 1022
1548 1079
1548 1095
1548 1110
1548 1117
1548 1140
1548 1208
1548 1212
1548 1227
1548 1230
1548 1247
1548 1256
1548 1296
1548 1298
1548 1299
1548 1346
1548 1357
1548 1391
1548 1431
531 80
531 81
531 82
531 121
531 164
531 183
531 216
531 275
531 311
531 415
531 501
531 1152
531 1117
531 1052
531 1445
531 1031
531 557
531 942
531 1025
531 946
531 1462
531 1085
531 830
531 1227
531 1476
531 1093
531 1222
531 1230
531 1108
531 1110
531 1367
531 548
531 986
531 603
531 604
531 733
531 1247
531 1104
531 610
531 1381
531 843
531 620
531 562
531 1400
531 1355
531 1277
277 77
277 216
277 225
277 526
277 534
277 685
277 733
277 311
277 313
277 571
277 316
277 453
277 586
277 715
277 1117
277 1022
164 1152
164 1413
164 526
164 239
164 1435
164 297
164 559
164 562
164 308
164 311
164 1117
164 1355
164 1108
164 986
164 1115
164 733
164 350
164 351
164 229
164 871
164 1264
164 627
164 1400
164 1277
1193 16
1193 17
1193 42
1193 80
1193 88
1193 135
1193 136
1193 190
1193 193
1193 218
1193 228
1193 229
1193 239
1193 307
1193 308
1193 309
1193 311
1193 334
1193 335
1193 429
1193 436
1193 477
1193 481
1193 498
1193 515
1193 548
1193 571
1193 582
1193 620
1193 648
1193 649
1193 661
1193 686
1193 726
1193 803
1193 853
1193 871
1193 889
1193 914
1193 953
1193 958
1193 987
1193 1006
1193 1026
1193 1061
1193 1064
1193 1072
1193 1085
1193 1094
1193 1095
1193 1154
1193 1182
1193 1280
1193 1465
1193 1397
1193 1435
1193 1195
1193 1413
1193 1237
1193 1349
1193 1229
1193 1222
1193 1529
1193 1478
1193 1264
1193 1521
1193 1524
562 239
562 303
562 351
562 669
562 1277
562 1254
562 1052
562 1355
562 1427
562 1117
562 1550
562 762
562 831
733 101
733 204
733 237
733 311
733 313
733 316
733 427
733 453
733 466
733 526
733 636
733 685
733 690
733 715
733 1411
733 1161
733 1187
733 1071
733 1547
733 1348
733 1117
733 841
733 1254
733 1020
733 1264
733 1400
178 29
178 52
178 80
178 1297
178 878
178 549
178 1070
178 1208
178 715
178 711
178 714
178 1355
178 593
178 211
178 1244
178 605
178 1134
178 239
178 635
178 1277
311 17
311 76
311 86
311 103
311 104
311 135
311 144
311 201
311 228
311 238
311 241
311 295
311 297
311 302
311 427
311 526
311 429
311 532
311 535
311 538
311 1059
311 557
311 558
311 605
311 570
311 576
311 1291
311 1095
311 1099
311 1102
311 1103
311 355
311 1117
311 1553
311 635
311 636
311 1161
311 1178
311 685
311 686
311 692
311 1227
311 715
311 1229
311 1230
311 1400
311 725
311 735
311 738
311 1253
311 744
311 1277
311 770
311 1292
311 898
311 1297
311 1329
311 313
311 316
311 843
311 1361
311 1370
311 350
311 351
311 1379
311 871
311 872
311 879
311 888
311 377
311 1006
311 1435
311 415
311 939
311 941
311 942
311 949
311 953
311 1355
311 453
311 459
311 986
311 987
311 988
311 999
311 491
311 1521
311 1529
313 66
313 93
313 103
313 204
313 216
313 239
313 247
313 262
313 303
313 1419
313 652
313 1426
313 478
313 1305
313 1501
313 709
313 795
313 936
313 685
313 942
313 1329
313 947
313 949
313 953
313 570
313 1203
313 316
313 1085
313 897
313 1091
313 453
313 1095
313 1117
313 1463
313 1229
313 1230
313 1103
313 1488
313 593
313 526
313 857
313 465
313 350
313 1119
313 1126
313 871
313 715
313 1006
313 1264
313 1099
313 1521
313 1227
313 1355
313 1277
313 1102
313 686
316 41
316 85
316 103
316 896
316 813
316 1519
316 685
316 1117
316 1347
316 453
316 715
316 737
316 491
316 1277
316 895
453 131
453 211
453 281
453 447
453 1117
453 685
453 1328
453 831
453 1226
453 715
453 605
715 330
715 402
715 711
715 712
715 714
715 1029
715 1070
715 1244
715 1117
1115 17
1115 38
1115 66
1115 82
1115 119
1115 156
1115 183
1115 224
1115 232
1115 236
1115 239
1115 271
1115 272
1115 285
1115 298
1115 299
1115 300
1115 307
1115 308
1115 309
1115 317
1115 328
1115 341
1115 343
1115 344
1115 361
1115 405
1115 415
1115 435
1115 478
1115 494
1115 548
1115 590
1115 632
1115 635
1115 670
1115 692
1115 695
1115 697
1115 701
1115 707
1115 723
1115 744
1115 759
1115 773
1115 789
1115 843
1115 848
1115 852
1115 856
1115 862
1115 878
1115 909
1115 930
1115 953
1115 956
1115 973
1115 977
1115 984
1115 988
1115 1004
1115 1005
1115 1027
1115 1036
1115 1052
1115 1061
1115 1065
1115 1088
1115 1103
1115 1550
1115 1154
1115 1311
1115 1312
1115 1500
1115 1337
1115 1361
1115 1370
1115 1376
1115 1397
1115 1521
1115 1355
1115 1476
1115 1499
1115 1501
1115 1510
1115 1534
1117 134
1117 211
1117 350
1117 537
1117 685
1117 813
1117 836
1117 986
1117 1108
1117 1165
1117 1328
1117 1400
1117 1277
1277 8
1277 17
1277 18
1277 25
1277 42
1277 69
1277 80
1277 101
1277 103
1277 115
1277 136
1277 156
1277 206
1277 211
1277 222
1277 228
1277 239
1277 247
1277 256
1277 278
1277 308
1277 342
1277 350
1277 498
1277 526
1277 548
1277 551
1277 553
1277 557
1277 559
1277 569
1277 585
1277 591
1277 605
1277 615
1277 620
1277 627
1277 632
1277 635
1277 636
1277 651
1277 686
1277 707
1277 744
1277 770
1277 792
1277 843
1277 862
1277 871
1277 878
1277 879
1277 896
1277 907
1277 915
1277 924
1277 940
1277 942
1277 949
1277 973
1277 974
1277 986
1277 988
1277 1006
1277 1027
1277 1033
1277 1040
1277 1052
1277 1079
1277 1085
1277 1099
1277 1102
1277 1103
1277 1104
1277 1135
1277 1183
1277 1187
1277 1208
1277 1210
1277 1227
1277 1229
1277 1230
1277 1284
1277 1288
1277 1500
1277 1331
1277 1333
1277 1342
1277 1348
1277 1400
1277 1435
1277 1441
1277 1521
1277 1473
1277 1355
1277 1481
1277 1497
1277 1501
661 37
661 38
661 48
661 66
661 101
661 183
661 201
661 211
661 234
661 241
661 274
661 275
661 278
661 300
661 307
661 308
661 309
661 317
661 377
661 605
661 620
661 635
661 636
661 1025
661 1090
661 1349
661 1072
661 942
661 1521
661 1320
661 1069
661 1208
661 702
661 843
661 1229
661 1102
661 1361
661 1064
661 679
661 1397
661 888
8 136
8 459
8 498
8 50
8 988
8 606
136 81
136 82
136 135
136 770
136 1346
136 526
136 1296
136 276
136 548
136 939
136 814
136 1288
136 1330
136 1463
136 321
136 578
136 1355
136 718
136 1493
136 988
136 1374
136 1122
136 635
136 228
136 615
136 1471
136 1521
136 247
136 241
136 636
136 686
459 80
459 82
459 97
459 142
459 144
459 197
459 203
459 270
459 275
459 278
459 308
459 317
459 354
459 415
459 443
459 642
459 1540
459 1295
459 1198
459 1175
459 928
459 1463
459 1395
459 557
459 1224
459 1075
459 526
459 956
459 840
459 1229
459 593
459 591
459 1379
459 465
459 1257
459 498
459 1213
459 757
459 558
459 1237
498 18
498 38
498 53
498 55
498 80
498 144
498 168
498 201
498 270
498 275
498 276
498 278
498 308
498 317
498 334
498 356
498 409
498 411
498 429
498 457
498 461
498 641
498 642
498 778
498 1036
498 695
498 878
498 792
498 1052
498 1207
498 542
498 801
498 1435
498 971
498 939
498 1324
498 605
498 953
498 571
498 693
498 539
498 1473
498 836
498 709
498 1237
498 1263
498 603
498 988
498 1386
498 679
498 621
498 829
498 1264
498 915
498 707
498 1146
498 635
50 272
50 611
50 580
50 999
50 201
50 1228
50 1549
50 1422
50 1232
50 168
50 1507
50 147
50 739
50 861
50 1374
50 917
988 14
988 75
988 80
988 86
988 135
988 163
988 216
988 229
988 234
988 270
988 294
988 334
988 354
988 370
988 469
988 474
988 502
988 519
988 530
988 536
988 557
988 558
988 571
988 593
988 605
988 610
988 676
988 679
988 706
988 709
988 739
988 742
988 778
988 781
988 859
988 875
988 878
988 888
988 907
988 920
988 953
988 979
988 1280
988 1025
988 1036
988 1006
988 1305
988 1221
988 1408
988 1374
988 1208
988 1342
988 1089
988 1291
988 1550
988 1268
988 1102
988 1103
988 1337
988 1233
988 1329
988 1140
988 1506
988 1079
606 218
606 370
606 460
606 649
606 1132
606 1175
606 1116
9 995
9 774
9 893
9 1227
9 1260
9 93
9 499
9 835
9 628
9 885
9 856
9 477
9 635
9 1435
995 85
995 163
995 202
995 1259
995 1455
995 1521
995 1147
774 59
774 183
774 189
774 268
774 274
774 437
774 496
774 535
774 593
774 635
774 709
774 760
774 763
774 792
774 793
774 1439
774 928
774 1187
774 805
774 1318
774 1071
774 1072
774 888
774 1208
774 1095
774 850
774 987
774 933
893 16
893 305
893 394
893 474
893 526
893 888
893 1095
893 1297
893 1033
1227 80
1227 81
1227 103
1227 124
1227 144
1227 216
1227 328
1227 330
1227 494
1227 497
1227 545
1227 548
1227 556
1227 620
1227 686
1227 735
1227 829
1227 871
1227 879
1227 922
1227 942
1227 949
1227 1006
1227 1099
1227 1102
1227 1103
1227 1110
1227 1152
1227 1188
1227 1212
1227 1285
1227 1419
1227 1305
1227 1329
1227 1476
1227 1230
1227 1337
1227 1354
1227 1431
1227 1256
1227 1406
1260 591
1260 664
1260 1241
93 23
93 66
93 1221
93 526
93 829
93 450
93 1521
93 921
93 635
93 669
499 198
499 317
499 369
499 1292
499 813
499 526
835 77
835 238
835 239
835 285
835 289
835 332
835 494
835 670
835 672
835 708
835 739
835 825
835 1027
835 901
835 1421
835 1305
835 1435
835 940
835 1337
835 1212
835 1473
835 1355
835 1486
835 1103
835 1500
835 1248
835 997
835 882
835 890
628 526
628 1222
628 1325
628 1110
885 1536
856 288
856 1403
856 1139
477 1445
477 532
477 1435
477 1022
635 10
635 85
635 96
635 101
635 135
635 183
635 187
635 197
635 204
635 216
635 239
635 241
635 270
635 271
635 274
635 275
635 278
635 279
635 283
635 302
635 307
635 308
635 309
635 326
635 336
635 394
635 395
635 415
635 427
635 496
635 500
635 503
635 505
635 507
635 524
635 535
635 557
635 594
635 621
635 622
635 1025
635 1059
635 1071
635 1077
635 1085
635 1093
635 1114
635 1132
635 1298
635 636
635 1174
635 1201
635 694
635 695
635 1210
635 1217
635 707
635 711
635 712
635 1234
635 974
635 739
635 749
635 1266
635 1269
635 1270
635 773
635 818
635 1332
635 829
635 830
635 1346
635 907
635 1348
635 843
635 1367
635 857
635 1370
635 862
635 864
635 1379
635 871
635 883
635 888
635 889
635 895
635 1414
635 1421
635 1424
635 1435
635 1438
635 942
635 1473
635 1355
635 1015
635 1485
635 1486
635 987
635 1502
635 1020
1435 14
1435 61
1435 76
1435 79
1435 80
1435 86
1435 87
1435 110
1435 123
1435 174
1435 201
1435 225
1435 228
1435 295
1435 355
1435 407
1435 427
1435 436
1435 492
1435 549
1435 557
1435 558
1435 571
1435 585
1435 590
1435 601
1435 642
1435 703
1435 725
1435 741
1435 768
1435 888
1435 898
1435 941
1435 953
1435 1059
1435 1155
1435 1176
1435 1229
1435 1291
1435 1329
1435 1332
1435 1364
1435 1379
1435 1473
1435 1454
10 131
10 1382
10 987
10 1288
10 1452
10 973
10 1006
10 749
10 1297
10 308
10 1048
10 13
131 27
131 117
131 864
131 987
131 548
131 425
131 1515
131 1452
131 1332
131 1174
131 1108
131 217
131 762
1382 813
1382 1515
987 13
987 69
987 94
987 144
987 183
987 187
987 199
987 239
987 247
987 285
987 302
987 336
987 356
987 526
987 536
987 557
987 558
987 576
987 585
987 593
987 594
987 711
987 725
987 739
987 749
987 770
987 878
987 898
987 908
987 914
987 942
987 1408
987 1028
987 1048
987 1191
987 1452
987 1072
987 1246
987 1085
987 1342
987 1215
987 1229
987 991
987 1296
987 1131
987 1521
987 1355
987 1022
1288 13
1288 199
1288 356
1288 432
1288 435
1288 576
1288 600
1288 615
1288 725
1288 739
1288 749
1288 830
1288 920
1288 942
1288 1046
1288 1085
1288 1452
1452 13
1452 17
1452 66
1452 91
1452 109
1452 172
1452 300
1452 549
1452 570
1452 629
1452 740
1452 749
1452 848
1452 855
1452 949
1452 1048
1452 1256
1452 1438
973 16
973 80
973 183
973 197
973 507
973 548
973 588
973 634
973 656
973 665
973 667
973 669
973 749
973 770
973 821
973 843
973 904
973 924
973 927
973 1387
973 1284
973 1228
973 1438
973 1376
973 1355
973 1121
973 974
973 1485
973 1234
973 1238
973 1495
973 1131
973 1006
973 1264
973 1396
973 1020
1006 81
1006 101
1006 103
1006 144
1006 154
1006 156
1006 216
1006 228
1006 239
1006 261
1006 263
1006 283
1006 289
1006 322
1006 407
1006 427
1006 436
1006 484
1006 526
1006 528
1006 557
1006 558
1006 573
1006 578
1006 585
1006 593
1006 605
1006 636
1006 677
1006 686
1006 692
1006 707
1006 709
1006 713
1006 783
1006 871
1006 872
1006 874
1006 878
1006 879
1006 898
1006 949
1006 998
1006 1024
1006 1027
1006 1050
1006 1094
1006 1095
1006 1099
1006 1102
1006 1103
1006 1208
1006 1228
1006 1229
1006 1230
1006 1264
1006 1410
1006 1299
1006 1355
1006 1379
1006 1178
1006 1438
1006 1453
1006 1473
749 13
749 199
749 206
749 216
749 356
749 432
749 435
749 576
749 590
749 714
749 739
749 959
749 1046
749 920
749 930
749 1062
749 1085
749 1342
749 831
749 974
749 1485
749 1238
749 1244
749 1122
749 830
1297 30
1297 66
1297 104
1297 135
1297 216
1297 262
1297 305
1297 346
1297 526
1297 589
1297 605
1297 682
1297 725
1297 741
1297 770
1297 842
1297 872
1297 888
1297 924
1297 1005
1297 1024
1297 1025
1297 1027
1297 1132
1297 1178
1297 1215
1297 1228
1297 1229
1297 1266
1297 1346
1297 1299
1297 1499
1297 1379
1297 1529
308 17
308 21
308 52
308 80
308 81
308 86
308 88
308 101
308 135
308 194
308 199
308 201
308 209
308 228
308 285
308 297
308 1028
308 1545
308 557
308 1072
308 572
308 1088
308 1124
308 1140
308 636
308 1178
308 673
308 679
308 683
308 1199
308 1206
308 1212
308 1215
308 1237
308 890
308 1257
308 1258
308 1265
308 755
308 1293
308 1296
308 1318
308 1329
308 1330
308 1333
308 317
308 848
308 1361
308 1364
308 862
308 351
308 1402
308 1173
308 897
308 387
308 407
308 409
308 941
308 1465
308 968
308 1482
308 505
308 1496
308 1004
308 1521
308 340
1048 592
13 896
13 1046
13 920
13 299
13 1068
13 175
13 432
13 435
13 1085
13 830
13 1215
13 199
13 208
13 725
13 216
13 739
13 356
11 1188
11 299
11 996
11 1213
1188 61
1188 66
1188 133
1188 173
1188 286
1188 336
1188 340
1188 381
1188 494
1188 524
1188 557
1188 594
1188 612
1188 621
1188 622
1188 633
1188 663
1188 709
1188 744
1188 848
1188 898
1188 907
1188 969
1188 970
1188 971
1188 991
1188 1051
1188 1088
1188 1157
1188 1421
1188 1420
1188 1305
1188 1329
1188 1363
1188 1316
1188 1500
1188 1395
1188 1346
1188 1419
299 38
299 80
299 86
299 144
299 156
299 162
299 202
299 227
299 263
299 298
299 429
299 914
299 668
299 1069
299 815
299 1331
299 310
299 1463
299 953
299 1210
299 1085
299 1222
299 1355
299 1365
299 346
299 605
299 1104
299 1126
299 361
299 1388
299 1395
299 1146
299 575
299 1066
996 443
996 727
996 937
996 971
996 1213
996 1182
1213 135
1213 398
1213 620
12 1473
1473 17
1473 20
1473 25
1473 118
1473 122
1473 126
1473 144
1473 163
1473 211
1473 270
1473 283
1473 285
1473 289
1473 302
1473 357
1473 370
1473 384
1473 387
1473 391
1473 392
1473 416
1473 432
1473 435
1473 462
1473 474
1473 490
1473 530
1473 573
1473 577
1473 585
1473 602
1473 605
1473 609
1473 615
1473 623
1473 633
1473 634
1473 707
1473 709
1473 719
1473 725
1473 726
1473 745
1473 751
1473 765
1473 773
1473 813
1473 888
1473 919
1473 942
1473 959
1473 994
1473 1025
1473 1046
1473 1058
1473 1073
1473 1085
1473 1154
1473 1203
1473 1205
1473 1217
1473 1221
1473 1229
1473 1253
1473 1256
1473 1257
1473 1313
1473 1342
1473 1355
1473 1367
1473 1386
1473 1391
1473 1395
1473 1410
1473 1421
1473 1549
1473 1550
1473 1514
1473 1482
1473 1513
1473 1516
1473 1524
896 103
896 207
896 491
896 507
896 565
896 576
896 620
896 725
896 737
896 843
896 854
896 1216
896 1292
896 1441
896 937
896 941
896 1355
896 908
896 1005
896 1144
1046 199
1046 239
1046 356
1046 593
1046 725
1046 739
1046 830
1046 920
1046 1122
1046 1085
920 232
920 238
920 356
920 538
920 548
920 615
920 738
920 739
920 795
920 822
920 848
920 1031
920 1428
920 939
920 1085
920 1099
920 998
920 1393
920 1396
1068 276
1068 278
1068 362
1068 402
1068 416
1068 517
1068 526
1068 557
1068 558
1068 878
1068 879
1068 907
1068 1200
1068 1174
175 162
175 1217
175 1349
175 300
175 298
175 203
175 780
175 592
175 882
175 342
175 1004
175 1050
175 415
175 906
432 228
432 229
432 641
432 878
432 557
432 1086
432 593
432 744
435 25
435 51
435 117
435 118
435 239
435 271
435 350
435 379
435 641
435 515
435 1413
435 915
435 532
435 1061
435 1318
435 557
435 734
435 953
435 1085
435 1217
435 758
435 1549
435 1361
435 854
435 1119
435 745
435 490
435 760
435 1402
1085 17
1085 52
1085 72
1085 96
1085 104
1085 117
1085 132
1085 172
1085 238
1085 241
1085 278
1085 297
1085 300
1085 356
1085 368
1085 403
1085 415
1085 427
1085 523
1085 557
1085 558
1085 574
1085 577
1085 586
1085 590
1085 593
1085 600
1085 616
1085 637
1085 641
1085 655
1085 664
1085 709
1085 725
1085 738
1085 739
1085 741
1085 744
1085 777
1085 778
1085 799
1085 843
1085 850
1085 854
1085 864
1085 919
1085 929
1085 930
1085 949
1085 1005
1085 1031
1085 1033
1085 1034
1085 1042
1085 1071
1085 1072
1085 1083
1085 1114
1085 1138
1085 1157
1085 1161
1085 1221
1085 1187
1085 1206
1085 1210
1085 1217
1085 1222
1085 1229
1085 1252
1085 1257
1085 1239
1085 1301
1085 1361
1085 1379
1085 1386
1085 1086
1085 1397
1085 1400
1085 1413
1085 1416
1085 1485
1085 1487
1085 1525
1085 1527
830 52
830 66
830 88
830 172
830 206
830 390
830 466
830 537
830 586
830 620
830 662
830 711
830 904
830 1161
830 1496
830 1205
830 1400
830 940
830 1272
830 1416
830 1252
830 1527
1215 20
1215 71
1215 88
1215 132
1215 156
1215 206
1215 281
1215 314
1215 350
1215 357
1215 384
1215 444
1215 457
1215 489
1215 656
1215 665
1215 692
1215 735
1215 789
1215 914
1215 918
1215 930
1215 994
1215 1026
1215 1187
1215 1210
1215 1413
1215 1324
1215 1328
1215 1234
1215 1238
1215 1521
199 1178
208 420
208 656
208 600
208 1235
208 216
208 634
725 20
725 27
725 42
725 44
725 65
725 85
725 91
725 103
725 104
725 126
725 135
725 144
725 154
725 204
725 263
725 285
725 287
725 295
725 321
725 369
725 557
725 566
725 570
725 576
725 590
725 671
725 692
725 707
725 1088
725 1540
725 1413
725 1542
725 940
725 853
725 1333
725 1076
725 956
725 959
725 1348
725 968
725 1079
725 1293
725 976
725 1363
725 852
725 953
725 1245
725 862
725 864
725 1552
725 1084
725 1103
725 1338
725 1404
216 68
216 82
216 85
216 119
216 1025
216 1033
216 1036
216 530
216 1050
216 1054
216 1055
216 545
216 1079
216 570
216 1094
216 1095
216 1102
216 1105
216 605
216 1121
216 1132
216 641
216 1154
216 878
216 1208
216 1211
216 1230
216 735
216 740
216 741
216 236
216 239
216 765
216 1152
216 262
216 1324
216 1337
216 328
216 842
216 1355
216 336
216 850
216 1363
216 344
216 356
216 879
216 882
216 1414
216 415
216 425
216 436
216 949
216 443
216 1476
216 1501
216 991
216 851
216 502
739 285
739 356
739 548
739 566
739 738
739 1428
739 1183
739 1549
739 1514
356 15
356 18
356 68
356 74
356 103
356 104
356 121
356 159
356 205
356 225
356 256
356 324
356 1026
356 1027
356 1284
356 391
356 777
356 1162
356 1337
356 570
356 1088
356 840
356 1099
356 1103
356 593
356 505
356 740
356 871
356 1269
356 381
356 383
14 1280
14 268
14 534
14 283
14 1309
14 928
14 930
14 1187
14 420
14 1448
14 1070
14 1456
14 309
14 953
14 965
14 1095
14 270
14 228
14 1253
14 233
14 795
1280 16
1280 165
1280 228
1280 229
1280 234
1280 418
1280 557
1280 803
1280 875
1280 879
1280 894
1280 898
1280 942
1280 983
1280 1001
1280 1166
1280 1174
1280 1200
1280 1208
1280 1229
1280 1248
1280 1299
1280 1333
1280 1346
268 17
268 1545
268 1421
268 295
268 1208
268 1217
268 1293
268 850
268 1257
268 1132
268 879
268 370
268 1402
534 156
534 228
534 942
534 907
534 1229
534 1524
534 605
283 17
283 55
283 118
283 223
283 245
283 641
283 389
283 1416
283 779
283 1421
283 1166
283 878
283 411
283 773
283 288
283 676
283 295
283 937
283 1450
283 427
283 557
283 1329
283 690
283 1374
283 1465
283 526
283 317
283 447
283 322
283 451
283 1478
283 782
283 1037
283 1361
283 416
283 578
283 1497
283 1379
283 370
283 1391
283 1264
283 1138
283 1268
283 1022
1309 101
928 641
928 1387
928 936
930 16
930 83
930 85
930 156
930 183
930 197
930 227
930 232
930 243
930 275
930 466
930 526
930 557
930 615
930 641
930 721
930 738
930 841
930 843
930 850
930 864
930 939
930 1187
930 1052
930 1071
930 1077
930 1350
930 974
930 1229
930 1239
930 1114
930 1118
930 1125
930 1132
930 1140
930 1020
1187 41
1187 48
1187 85
1187 102
1187 104
1187 118
1187 151
1187 153
1187 156
1187 183
1187 227
1187 238
1187 239
1187 241
1187 243
1187 274
1187 275
1187 415
1187 444
1187 544
1187 569
1187 605
1187 615
1187 641
1187 708
1187 713
1187 721
1187 738
1187 744
1187 778
1187 799
1187 805
1187 821
1187 841
1187 843
1187 850
1187 999
1187 1020
1187 1033
1187 1052
1187 1071
1187 1114
1187 1118
1187 1140
1187 1152
1187 1439
1187 1350
1187 1485
1187 1493
1187 1239
420 33
420 234
420 336
420 672
420 897
420 711
420 940
420 557
420 641
420 890
420 1020
1448 469
1448 686
1448 832
1070 160
1070 330
1070 548
1070 711
1070 712
1070 714
1070 813
1070 1029
1070 1244
1456 228
1456 553
1456 907
1456 942
1456 1095
1456 1152
309 21
309 80
309 81
309 86
309 101
309 194
309 201
309 209
309 228
309 297
309 1028
309 726
309 1545
309 1296
309 407
309 1318
309 679
309 941
309 1199
309 1330
309 1465
309 1088
309 707
309 454
309 351
309 508
309 1141
309 505
309 636
953 38
953 61
953 80
953 86
953 101
953 118
953 144
953 157
953 166
953 224
953 225
953 298
953 300
953 303
953 325
953 351
953 355
953 411
953 470
953 557
953 569
953 571
953 576
953 605
953 608
953 636
953 641
953 672
953 734
953 741
953 762
953 799
953 857
953 859
953 872
953 874
953 888
953 939
953 949
953 952
953 1052
953 1131
953 1154
953 1170
953 1185
953 1195
953 1222
953 1229
953 1264
953 1329
953 1370
953 1387
953 1391
953 1397
953 1420
953 1439
953 1470
953 1480
953 1500
953 1501
953 1515
953 1521
953 1524
953 1022
965 17
965 69
965 274
965 656
965 1275
1095 17
1095 35
1095 134
1095 142
1095 159
1095 197
1095 209
1095 234
1095 295
1095 317
1095 326
1095 375
1095 377
1095 415
1095 447
1095 474
1095 484
1095 551
1095 581
1095 605
1095 610
1095 620
1095 630
1095 709
1095 734
1095 773
1095 792
1095 822
1095 829
1095 849
1095 850
1095 884
1095 888
1095 889
1095 929
1095 933
1095 958
1095 980
1095 998
1095 1005
1095 1015
1095 1028
1095 1036
1095 1079
1095 1094
1095 1102
1095 1114
1095 1132
1095 1133
1095 1140
1095 1152
1095 1170
1095 1391
1095 1210
1095 1232
1095 1257
1095 1268
1095 1269
1095 1299
1095 1317
1095 1329
1095 1331
1095 1346
1095 1375
1095 1387
1095 1397
1095 1408
1095 1421
1095 1258
1095 1450
1095 1481
1095 1497
1095 1532
270 16
270 76
270 241
270 245
270 515
270 907
270 1293
270 281
270 557
270 302
270 303
270 1374
270 1342
270 703
270 322
270 1499
270 991
270 1267
270 1268
270 888
228 75
228 86
228 88
228 101
228 102
228 103
228 117
228 137
228 144
228 201
228 225
228 525
228 1551
228 530
228 547
228 1061
228 557
228 1082
228 573
228 1087
228 578
228 1091
228 593
228 526
228 605
228 612
228 633
228 636
228 1166
228 1195
228 1200
228 1206
228 1217
228 1228
228 1229
228 735
228 229
228 756
228 249
228 1284
228 1291
228 274
228 295
228 297
228 1329
228 1331
228 1346
228 1350
228 1355
228 1367
228 857
228 858
228 348
228 353
228 354
228 357
228 871
228 1387
228 370
228 888
228 1402
228 907
228 1421
228 412
228 1453
228 942
228 1480
228 983
228 471
228 488
1253 16
1253 123
1253 133
1253 193
1253 197
1253 245
1253 249
1253 302
1253 325
1253 447
1253 532
1253 756
1253 777
1253 829
1253 872
1253 1020
1253 1091
1253 1222
1253 1251
1253 1410
1253 1551
1253 1329
1253 1450
1253 1264
795 16
795 18
795 80
795 111
795 120
795 1355
795 1521
795 1178
795 1471
15 526
15 474
15 348
526 17
526 18
526 33
526 42
526 43
526 44
526 53
526 66
526 74
526 75
526 76
526 84
526 88
526 102
526 104
526 134
526 135
526 137
526 140
526 144
526 148
526 163
526 166
526 169
526 176
526 197
526 229
526 239
526 250
526 256
526 261
526 275
526 276
526 278
526 279
526 285
526 305
526 307
526 322
526 328
526 334
526 336
526 360
526 375
526 401
526 463
526 465
526 481
526 488
526 491
526 493
526 512
526 517
526 523
526 525
526 825
526 1025
526 1045
526 1050
526 539
526 1541
526 547
526 548
526 1061
526 1331
526 605
526 1073
526 1079
526 1083
526 572
526 1035
526 609
526 781
526 594
526 1550
526 601
526 527
526 1118
526 1121
526 612
526 1125
526 871
526 620
526 530
526 872
526 1138
526 633
526 1154
526 1178
526 667
526 673
526 679
526 567
526 690
526 697
526 704
526 1217
526 706
526 707
526 545
526 713
526 1226
526 1200
526 1229
526 722
526 723
526 724
526 740
526 1242
526 735
526 737
526 977
526 1099
526 763
526 769
526 770
526 1283
526 1284
526 1287
526 778
526 779
526 1292
526 1293
526 1296
526 803
526 815
526 648
526 1339
526 1342
526 1077
526 846
526 1355
526 1361
526 676
526 1337
526 857
526 1374
526 741
526 1124
526 1168
526 866
526 1103
526 1389
526 1391
526 1392
526 1397
526 888
526 889
526 1402
526 1403
526 1406
526 907
526 1421
526 914
526 926
526 1453
526 943
526 947
526 949
526 1455
526 1465
526 586
526 1128
526 963
526 1480
526 578
526 561
526 1529
526 1497
526 1499
526 817
526 1513
526 1346
526 1521
526 1017
526 1532
474 16
474 17
474 36
474 80
474 135
474 163
474 197
474 238
474 241
474 265
474 276
474 278
474 279
474 305
474 306
474 415
474 465
474 1540
474 517
474 1031
474 1036
474 525
474 1550
474 1455
474 1541
474 567
474 1083
474 572
474 578
474 1099
474 593
474 601
474 527
474 1124
474 1125
474 620
474 1138
474 1162
474 1168
474 1200
474 702
474 706
474 1223
474 1226
474 1242
474 1257
474 1259
474 1263
474 770
474 779
474 1293
474 1296
474 1299
474 1324
474 1329
474 829
474 1355
474 1358
474 1361
474 1363
474 857
474 864
474 1379
474 872
474 1387
474 1389
474 878
474 879
474 888
474 907
474 1450
474 939
474 943
474 949
474 1478
474 977
474 1497
474 1499
474 480
474 488
474 1513
474 493
348 135
348 194
348 206
348 322
348 336
348 518
348 1346
348 656
348 536
348 921
348 1195
348 1501
348 1355
348 1374
348 878
348 1522
16 515
16 1028
16 1545
16 1162
16 907
16 1293
16 1166
16 271
16 1522
16 786
16 532
16 601
16 760
16 794
16 525
16 994
16 292
16 943
16 936
16 41
16 1323
16 300
16 173
16 687
16 1329
16 690
16 436
16 1455
16 694
16 951
16 1195
16 1083
16 702
16 637
16 65
16 194
16 97
16 201
16 974
16 593
16 723
16 724
16 398
16 365
16 1314
16 1550
16 557
16 101
16 609
16 610
16 1379
16 612
16 747
16 1388
16 1389
16 249
16 1392
16 123
16 245
16 888
16 761
16 762
16 636
16 767
515 197
1028 17
1028 571
1545 101
1545 194
1545 245
1545 557
1545 573
1545 1252
1545 1296
1545 1329
1162 197
1162 687
1162 888
1162 1264
907 53
907 112
907 166
907 223
907 229
907 276
907 278
907 336
907 517
907 525
907 557
907 558
907 607
907 633
907 679
907 695
907 765
907 770
907 783
907 829
907 843
907 857
907 872
907 878
907 879
907 1025
907 1361
907 977
907 943
907 1391
907 1208
907 1291
907 991
907 1364
907 1233
907 1268
907 1150
907 1125
1293 80
1293 87
1293 183
1293 201
1293 238
1293 241
1293 276
1293 278
1293 461
1293 465
1293 567
1293 583
1293 625
1293 770
1293 779
1293 816
1293 843
1293 859
1293 872
1293 875
1293 888
1293 939
1293 943
1293 981
1293 1005
1293 1106
1293 1138
1293 1168
1293 1200
1293 1208
1293 1226
1293 1391
1293 1296
1293 1497
1293 1392
1166 102
1166 148
1166 220
1166 223
1166 226
1166 229
1166 234
1166 245
1166 279
1166 364
1166 443
1166 512
1166 525
1166 609
1166 612
1166 656
1166 802
1166 864
1166 937
1166 1020
1166 1542
1166 1292
1166 1183
1166 1363
1166 1245
1166 1374
271 166
271 1086
271 1229
271 494
271 350
271 351
1522 227
1522 251
1522 261
1522 274
1522 275
1522 411
1522 507
1522 560
1522 641
1522 947
1522 984
1522 1158
1522 1255
1522 1284
1522 1287
1522 1355
1522 1433
786 552
786 674
532 123
532 141
532 201
532 220
532 229
532 249
532 415
532 447
532 514
532 1158
532 1544
532 777
532 1551
532 1169
532 1430
532 667
532 937
532 1333
532 1346
532 1091
532 1477
532 1207
532 853
532 706
532 1251
532 612
532 1320
532 1397
601 173
601 223
601 238
601 278
601 354
601 517
601 1497
601 1391
601 829
601 706
601 708
601 850
601 857
601 746
601 1392
601 1138
601 888
760 54
760 55
760 170
760 183
760 197
760 239
760 300
760 335
760 383
760 411
760 415
760 416
760 557
760 641
760 658
760 694
760 909
760 1433
760 939
760 942
760 1327
760 1201
760 1323
760 1098
760 843
760 1264
760 761
760 890
794 55
794 194
794 411
794 868
794 1329
794 1330
794 1252
525 141
525 166
525 278
525 370
525 384
525 443
525 679
525 557
525 558
525 1329
525 829
525 1361
525 857
525 888
525 633
994 86
994 220
994 726
994 1379
994 1252
994 1385
994 1061
292 1257
292 578
943 61
943 80
943 87
943 223
943 276
943 278
943 389
943 461
943 469
943 567
943 702
943 723
943 724
943 770
943 888
943 941
943 1550
943 1226
943 1106
943 1125
943 1138
943 1365
936 85
936 130
936 197
936 314
936 504
936 523
936 804
936 1400
41 843
41 972
41 1347
41 151
41 152
41 153
1323 55
1323 416
1323 761
1323 829
1323 909
1323 910
1323 1098
1323 1132
1323 1264
1323 1325
1323 1327
300 80
300 144
300 156
300 162
300 197
300 297
300 641
300 645
300 365
300 1042
300 915
300 1182
300 672
300 819
300 952
300 1218
300 1349
300 1222
300 1355
300 1541
300 1132
300 1388
300 1004
300 1517
300 1264
173 86
173 353
173 674
173 773
173 1222
173 744
173 407
687 365
1329 61
1329 189
1329 225
1329 229
1329 239
1329 252
1329 295
1329 321
1329 332
1329 370
1329 465
1329 485
1329 530
1329 557
1329 558
1329 578
1329 582
1329 636
1329 655
1329 679
1329 706
1329 723
1329 878
1329 879
1329 888
1329 897
1329 991
1329 993
1329 1022
1329 1094
1329 1195
1329 1208
1329 1222
1329 1229
1329 1291
1329 1420
1329 1349
1329 1421
1329 1497
1329 1367
1329 1361
1329 1521
690 101
690 168
690 197
690 203
690 241
690 261
690 278
690 281
690 288
690 330
690 354
690 389
690 398
690 419
690 447
690 481
690 502
690 505
690 530
690 546
690 620
690 636
690 641
690 679
690 1322
690 1488
690 1181
690 1441
690 821
690 952
690 957
690 1346
690 1232
690 723
690 1110
690 1529
690 1496
690 1113
690 1550
690 1389
690 1221
690 1013
690 1183
690 762
690 765
436 86
436 141
436 261
436 357
436 389
436 418
436 777
436 530
436 1178
436 1441
436 548
436 574
436 1495
436 731
436 1374
436 864
436 658
436 1262
1455 238
1455 241
1455 415
1455 567
1455 702
1455 770
1455 872
1455 1112
1455 1113
1455 1125
1455 1138
1455 1504
1455 1497
694 101
694 144
694 148
694 163
694 197
694 223
694 245
694 322
694 415
694 503
694 637
694 641
694 1551
694 1174
694 802
694 1207
694 695
694 1239
694 998
694 1020
951 26
951 43
951 52
951 190
951 321
951 336
951 443
951 894
951 1210
1195 76
1195 79
1195 80
1195 86
1195 87
1195 101
1195 211
1195 218
1195 229
1195 278
1195 293
1195 335
1195 370
1195 383
1195 462
1195 470
1195 557
1195 558
1195 636
1195 649
1195 740
1195 746
1195 977
1195 984
1195 993
1195 1027
1195 1125
1195 1133
1195 1361
1195 1500
1195 1268
1083 17
1083 32
1083 586
1083 843
1083 864
1083 1050
702 80
702 86
702 88
702 101
702 135
702 238
702 427
702 465
702 476
702 488
702 535
702 578
702 612
702 695
702 779
702 1043
702 1242
702 1324
702 1200
702 1332
702 829
702 1217
702 1480
702 1355
702 974
702 1507
702 1361
702 1259
702 872
702 888
702 1146
637 165
637 415
637 443
637 445
637 524
637 548
637 621
637 641
637 1174
637 802
637 937
637 1322
637 1346
637 1482
637 1379
65 576
65 103
65 104
65 193
65 1519
65 72
65 656
65 590
65 510
65 229
194 66
194 80
194 86
194 777
194 394
194 1425
194 274
194 670
194 862
194 1201
194 307
194 1337
194 968
194 590
194 1103
194 342
194 217
194 223
194 976
194 489
194 494
194 1138
194 1013
194 889
194 634
194 1406
97 1091
97 197
97 551
97 1463
97 1241
97 796
201 37
201 86
201 87
201 1154
201 1138
201 906
201 908
201 557
201 1066
201 941
201 307
201 699
201 836
201 1222
201 583
201 330
201 1207
201 466
201 984
201 859
201 871
201 1106
201 1521
201 888
201 788
974 52
974 163
974 197
974 223
974 578
974 656
974 667
974 669
974 764
974 904
974 924
974 1438
974 1342
974 1355
974 1485
974 1234
974 1238
974 1020
974 1131
974 1264
974 1396
593 61
593 75
593 87
593 123
593 144
593 174
593 211
593 241
593 245
593 317
593 336
593 392
593 415
593 465
593 488
593 524
593 530
593 557
593 558
593 578
593 1024
593 1537
593 1026
593 1027
593 779
593 776
593 783
593 1505
593 1305
593 1370
593 952
593 1093
593 1140
593 1222
593 993
593 778
593 1357
593 1234
593 980
593 1081
593 605
593 1374
593 991
593 1349
593 709
593 594
593 1270
593 1399
593 1406
593 621
723 86
723 144
723 223
723 443
723 676
723 701
723 706
723 713
723 1541
723 1065
723 1073
723 724
723 864
723 866
723 1125
723 888
724 104
724 144
724 238
724 251
724 866
724 1497
398 144
398 197
398 203
398 836
398 1387
398 1020
365 37
365 197
365 416
365 1264
365 861
1314 72
1314 947
1314 1062
1314 1229
1550 101
1550 144
1550 223
1550 229
1550 239
1550 247
1550 261
1550 278
1550 351
1550 354
1550 389
1550 410
1550 415
1550 449
1550 590
1550 591
1550 634
1550 636
1550 656
1550 669
1550 707
1550 804
1550 842
1550 850
1550 878
1550 888
1550 924
1550 944
1550 991
1550 1020
1550 1131
1550 1228
1550 1229
1550 1254
1550 1264
1550 1348
1550 1355
1550 1395
1550 1396
1550 1400
1550 1427
1550 1476
557 53
557 61
557 72
557 75
557 80
557 101
557 117
557 118
557 123
557 183
557 241
557 245
557 274
557 278
557 281
557 295
557 302
557 322
557 336
557 355
557 389
557 409
557 415
557 447
557 469
557 503
557 1024
557 1025
557 1374
557 558
557 570
557 571
557 1084
557 573
557 1089
557 605
557 620
557 631
557 636
557 641
557 1387
557 649
557 1168
557 1305
557 1221
557 675
557 1478
557 1200
557 1208
557 884
557 700
557 1217
557 1218
557 709
557 1222
557 1229
557 1234
557 734
557 745
557 1267
557 1268
557 1284
557 778
557 781
557 1069
557 792
557 822
557 842
557 1362
557 1365
557 1373
557 898
557 1375
557 656
557 875
557 1410
557 1392
557 1257
557 888
557 1402
557 1408
557 908
557 1421
557 924
557 1207
557 1521
557 949
557 695
557 963
557 966
557 1479
557 1480
557 1497
557 991
557 1022
101 17
101 80
101 88
101 89
101 559
101 1374
101 1079
101 571
101 1103
101 595
101 107
101 620
101 636
101 135
101 649
101 695
101 1210
101 703
101 197
101 735
101 229
101 232
101 759
101 778
101 1291
101 783
101 276
101 789
101 1327
101 307
101 823
101 322
101 842
101 1357
101 335
101 336
101 341
101 862
101 871
101 375
101 888
101 377
101 1406
101 391
101 1420
101 1450
101 1470
101 1478
101 1521
101 503
609 234
609 245
609 963
609 1355
609 1298
609 1464
609 1020
610 51
610 1094
610 878
610 879
610 1208
610 829
1379 168
1379 289
1379 357
1379 370
1379 387
1379 401
1379 415
1379 427
1379 490
1379 773
1379 779
1379 802
1379 862
1379 872
1379 888
1379 921
1379 1005
1379 1025
1379 1056
1379 1058
1379 1093
1379 1154
1379 1203
1379 1217
1379 1342
1379 1367
1379 1410
1379 1427
1379 1499
1379 1488
1379 1392
1379 1401
612 144
612 184
612 197
612 229
612 281
612 314
612 415
612 469
612 1551
612 937
612 941
612 831
612 1102
612 1365
612 731
612 864
747 197
747 1264
1388 80
1388 429
1388 645
1388 890
1388 915
1388 1013
1388 1039
1388 1208
1389 17
1389 30
1389 86
1389 88
1389 135
1389 176
1389 203
1389 285
1389 401
1389 412
1389 620
1389 776
1389 781
1389 1025
1389 1073
1389 1138
1389 1233
1389 1355
1389 1521
249 123
249 229
249 802
249 937
249 939
249 1420
249 1346
249 1333
249 1430
249 632
1392 53
1392 223
1392 276
1392 278
1392 418
1392 465
1392 496
1392 517
1392 567
1392 656
1392 770
1392 872
1392 888
1392 939
1392 1125
1392 1138
1392 1226
1392 1361
1392 1364
1392 1370
1392 1391
1392 1497
1392 1403
123 52
123 117
123 118
123 1152
123 1198
123 927
123 1320
123 543
123 991
123 1102
123 894
245 17
245 18
245 20
245 80
245 88
245 103
245 104
245 135
245 182
245 189
245 211
245 234
245 235
245 236
245 238
245 241
245 512
245 1538
245 1542
245 578
245 1429
245 278
245 279
245 921
245 913
245 547
245 862
245 632
245 1196
245 558
245 817
245 1205
245 695
245 1208
245 867
245 1141
245 857
245 620
245 322
245 963
245 324
245 1349
245 1222
245 455
245 1296
245 1226
245 1355
245 461
245 1507
245 1365
245 854
245 1497
245 829
245 985
245 872
245 1374
245 1104
245 354
245 355
245 868
245 997
245 310
245 1138
245 1523
245 1014
245 592
245 895
888 17
888 18
888 37
888 80
888 87
888 96
888 118
888 142
888 144
888 148
888 163
888 183
888 209
888 225
888 229
888 238
888 239
888 240
888 241
888 278
888 288
888 305
888 317
888 322
888 341
888 376
888 377
888 402
888 415
888 416
888 427
888 465
888 471
888 480
888 481
888 488
888 517
888 519
888 527
888 567
888 577
888 578
888 620
888 636
888 656
888 676
888 679
888 695
888 706
888 769
888 770
888 779
888 781
888 785
888 792
888 799
888 803
888 823
888 829
888 857
888 859
888 872
888 875
888 878
888 879
888 1540
888 1035
888 1036
888 1541
888 1065
888 1031
888 1072
888 1073
888 1025
888 1094
888 1102
888 1037
888 1114
888 1124
888 1169
888 1079
888 1200
888 1203
888 1208
888 1217
888 1223
888 1228
888 1242
888 1259
888 1268
888 1292
888 1296
888 1299
888 1324
888 1391
888 993
888 1361
888 1363
888 1374
888 1376
888 1385
888 1406
888 949
888 961
888 1355
888 1480
888 979
888 1497
888 1103
888 1499
888 998
888 1513
888 1005
888 1020
888 1125
761 54
761 55
761 104
761 197
761 411
761 461
761 641
761 1098
761 1264
761 1327
761 762
762 17
762 55
762 170
762 239
762 641
762 1433
762 874
762 1264
762 946
636 17
636 42
636 68
636 80
636 88
636 89
636 103
636 135
636 156
636 197
636 206
636 229
636 232
636 241
636 307
636 336
636 341
636 370
636 375
636 391
636 427
636 503
636 558
636 559
636 590
636 620
636 1059
636 1079
636 1103
636 649
636 656
636 823
636 679
636 695
636 1229
636 759
636 1287
636 801
636 1324
636 843
636 1370
636 1374
636 889
636 1406
636 895
636 1439
636 1521
636 1450
636 1002
636 1004
767 1543
17 1031
17 1035
17 1036
17 18
17 32
17 1061
17 1079
17 578
17 524
17 1103
17 1104
17 86
17 88
17 620
17 1157
17 135
17 137
17 1178
17 163
17 1191
17 683
17 1208
17 741
17 234
17 1264
17 241
17 262
17 264
17 1301
17 278
17 1330
17 649
17 1337
17 829
17 1342
17 1346
17 842
17 1355
17 1374
17 872
17 889
17 1406
17 1173
17 391
17 395
17 407
17 924
17 412
17 1453
17 942
17 1464
17 1465
17 1497
17 1529
1031 49
1031 88
1031 135
1031 157
1031 239
1031 351
1031 415
1031 446
1031 484
1031 516
1031 564
1031 580
1031 619
1031 708
1031 822
1031 852
1031 1020
1031 1021
1031 1291
1031 1549
1031 1201
1031 1324
1031 1391
1031 1346
1031 1349
1031 1110
1031 1241
1031 1476
1031 1299
1031 1364
1035 157
1035 641
1035 674
1035 1110
1036 80
1036 88
1036 135
1036 238
1036 262
1036 411
1036 416
1036 447
1036 829
1036 855
1036 878
1036 879
1036 911
1036 1005
1036 1024
1036 1420
1036 1391
1036 1208
1036 1292
1036 1226
1036 1355
18 135
18 649
18 524
18 278
18 262
18 1138
18 302
18 1330
18 373
18 1346
18 1355
18 1229
18 88
18 1497
18 605
18 991
32 918
32 566
32 183
32 58
32 709
1061 75
1061 156
1061 261
1061 321
1061 334
1061 481
1061 491
1061 496
1061 763
1061 768
1061 836
1061 864
1061 873
1061 1132
1061 1291
1061 1181
1061 1321
1061 1268
1061 1223
1079 20
1079 88
1079 135
1079 207
1079 263
1079 285
1079 322
1079 346
1079 361
1079 570
1079 672
1079 708
1079 783
1079 831
1079 875
1079 882
1079 890
1079 924
1079 949
1079 1050
1079 1387
1079 1285
1079 1476
1079 1450
1079 1355
1079 1488
1079 1363
1079 1499
1079 1264
578 156
578 213
578 223
578 229
578 241
578 295
578 298
578 303
578 317
578 389
578 394
578 447
578 471
578 670
578 1374
578 1465
578 1348
578 968
578 846
578 1103
578 1169
578 1138
578 1521
578 1450
578 1365
524 61
524 69
524 76
524 80
524 82
524 203
524 406
524 415
524 1158
524 537
524 802
524 699
524 1344
524 758
524 887
1103 80
1103 88
1103 103
1103 135
1103 144
1103 232
1103 297
1103 543
1103 548
1103 686
1103 770
1103 814
1103 871
1103 878
1103 879
1103 949
1103 997
1103 1020
1103 1099
1103 1102
1103 1230
1103 1196
1103 1208
1103 1476
1103 1228
1103 1229
1103 1400
1103 1104
1103 1355
1104 88
1104 135
1104 157
1104 262
1104 570
1104 592
1104 672
1104 706
1104 997
1104 1050
1104 1072
1104 1348
1104 1355
1104 1228
1104 1110
1104 1374
1104 1521
1104 1400
1104 1530
86 31
86 37
86 38
86 61
86 79
86 80
86 81
86 1024
86 1027
86 1453
86 1069
86 583
86 695
86 1106
86 87
86 429
86 105
86 620
86 446
86 1144
86 645
86 138
86 1218
86 1174
86 153
86 666
86 674
86 1203
86 1207
86 703
86 1217
86 1222
86 1225
86 211
86 1251
86 740
86 1262
86 239
86 1264
86 756
86 252
86 257
86 261
86 1410
86 1296
86 281
86 1321
86 298
86 307
86 829
86 836
86 1506
86 336
86 340
86 861
86 1374
86 353
86 355
86 1383
86 1387
86 901
86 908
86 1348
86 1349
86 941
86 244
86 415
86 958
86 441
86 1477
86 455
86 469
86 470
86 984
86 991
86 1521
86 1013
88 30
88 35
88 897
88 1542
88 776
88 1176
88 1178
88 135
88 1453
88 1330
88 1078
88 1464
88 829
88 1087
88 322
88 707
88 968
88 391
88 1228
88 163
88 1364
88 1529
88 1374
88 229
88 234
88 491
88 620
88 367
88 889
88 1406
620 35
620 82
620 85
620 89
620 135
620 159
620 163
620 176
620 239
620 247
620 315
620 354
620 367
620 391
620 401
620 501
620 536
620 548
620 556
620 559
620 580
620 942
620 1043
620 1147
620 1153
620 877
620 1178
620 1391
620 705
620 1228
620 1229
620 1230
620 1233
620 1246
620 1256
620 1264
620 770
620 776
620 779
620 1296
620 787
620 1304
620 802
620 817
620 829
620 1355
620 1357
620 857
620 872
620 1397
620 937
620 941
620 1465
620 671
620 1109
1157 42
1157 135
1157 218
1157 591
1157 843
1157 899
1157 1552
1157 1521
135 35
135 47
135 81
135 82
135 1537
135 776
135 1087
135 1145
135 648
135 878
135 1176
135 1178
135 163
135 683
135 686
135 1208
135 1228
135 718
135 741
135 247
135 770
135 264
135 1295
135 1296
135 276
135 281
135 297
135 811
135 814
135 1330
135 322
135 330
135 1355
135 342
135 343
135 871
135 360
135 874
135 879
135 889
135 381
135 1406
135 387
135 391
135 664
135 1453
135 942
135 1463
135 1464
135 1465
135 842
135 1471
135 968
135 1502
135 1001
135 1521
135 1529
137 770
137 241
137 681
137 1346
137 342
137 247
137 1464
137 1178
1178 35
1178 120
1178 263
1178 288
1178 289
1178 530
1178 889
1178 1140
1178 1176
1178 1342
1178 1478
1178 1228
1178 1529
163 38
163 1174
163 776
163 278
163 665
163 411
163 285
163 416
163 695
163 1208
163 1465
163 1221
163 1355
163 878
163 879
163 1138
1191 80
1191 410
1191 600
1191 862
1191 1348
1191 1355
1191 1300
683 174
683 376
683 425
683 589
683 708
683 1478
683 810
683 688
683 1337
683 1274
1208 28
1208 61
1208 165
1208 168
1208 169
1208 193
1208 209
1208 234
1208 262
1208 295
1208 302
1208 303
1208 322
1208 339
1208 341
1208 377
1208 379
1208 415
1208 476
1208 484
1208 502
1208 519
1208 530
1208 536
1208 553
1208 589
1208 597
1208 605
1208 631
1208 645
1208 679
1208 695
1208 698
1208 701
1208 707
1208 713
1208 727
1208 740
1208 742
1208 744
1208 770
1208 778
1208 792
1208 799
1208 822
1208 849
1208 875
1208 879
1208 939
1208 961
1208 979
1208 998
1208 1005
1208 1025
1208 1027
1208 1089
1208 1099
1208 1102
1208 1114
1208 1124
1208 1125
1208 1140
1208 1391
1208 1221
1208 1228
1208 1232
1208 1234
1208 1233
1208 1291
1208 1324
1208 1331
1208 1337
1208 1342
1208 1374
1208 1258
1208 1408
1208 1438
1208 1477
1208 1481
1208 1497
1208 1499
1208 1507
1208 1515
1208 1530
741 48
741 53
741 85
741 322
741 411
741 457
741 667
741 1034
741 1298
741 1313
741 808
741 842
741 1529
741 889
234 23
234 115
234 157
234 1024
234 783
234 1296
234 1176
234 539
234 288
234 411
234 425
234 940
234 1454
234 861
234 688
234 695
234 479
234 829
234 1217
234 963
234 1349
234 1094
234 1226
234 1497
234 991
234 1506
234 857
234 1257
234 1005
234 621
234 317
234 1264
234 381
234 1429
1264 37
1264 54
1264 55
1264 79
1264 80
1264 81
1264 87
1264 103
1264 115
1264 156
1264 190
1264 241
1264 281
1264 286
1264 411
1264 415
1264 416
1264 451
1264 461
1264 503
1264 535
1264 590
1264 641
1264 695
1264 707
1264 783
1264 889
1264 946
1264 1033
1264 1161
1264 1229
1264 1284
1264 1552
1264 1343
1264 1521
1264 1350
1264 1427
241 37
241 51
241 53
241 91
241 156
241 183
241 211
241 231
241 238
241 239
241 240
241 645
241 1391
241 1296
241 914
241 878
241 407
241 538
241 879
241 671
241 1361
241 1072
241 1114
241 569
241 571
241 816
241 880
241 1203
241 590
241 1229
241 592
241 854
241 1529
241 984
241 1125
241 993
241 1506
241 1509
241 872
241 1413
241 720
241 1132
241 889
241 573
241 764
262 20
262 115
262 139
262 148
262 176
262 251
262 1366
262 263
262 776
262 265
262 1037
262 1299
262 1306
262 924
262 800
262 1445
262 424
262 305
262 1203
262 568
262 572
262 317
262 319
262 779
262 1093
262 1353
262 1355
262 1228
262 1229
262 382
262 342
262 1529
262 1113
262 1252
262 872
262 1259
262 1427
262 879
262 447
262 1112
262 1022
264 357
264 1387
264 1196
264 443
1301 156
1301 187
1301 227
1301 603
1301 605
1301 778
1301 792
1301 843
1301 904
1301 1114
1301 1239
278 53
278 102
278 134
278 146
278 166
278 176
278 183
278 187
278 225
278 238
278 276
278 527
278 561
278 567
278 591
278 1125
278 1138
278 633
278 643
278 679
278 688
278 706
278 707
278 1200
278 465
278 1263
278 763
278 769
278 770
278 779
278 1296
278 803
278 305
278 1361
278 1364
278 857
278 1374
278 872
278 362
278 1391
278 1403
278 1489
278 402
278 1427
278 411
278 415
278 416
278 443
278 1480
278 977
278 469
278 1497
278 991
278 488
278 1005
278 503
1330 28
1330 157
1330 206
1330 232
1330 307
1330 605
1330 641
1330 706
1330 759
1330 797
1330 1402
1330 1496
649 61
649 197
649 218
649 244
649 336
649 354
649 355
649 370
649 383
649 508
649 558
649 1156
649 1064
649 1196
649 1331
649 1237
649 991
649 993
1337 21
1337 61
1337 80
1337 111
1337 224
1337 285
1337 322
1337 415
1337 501
1337 716
1337 831
1337 878
1337 879
1337 1026
1337 1291
1337 1355
829 52
829 80
829 122
829 197
829 236
829 305
829 377
829 411
829 415
829 465
829 479
829 502
829 544
829 552
829 571
829 621
829 679
829 686
829 706
829 810
829 1152
829 1025
829 899
829 1110
829 1296
829 1311
829 1497
829 939
829 1391
829 1333
829 1476
829 1226
829 1229
829 1234
829 1499
829 1125
829 1521
829 1402
829 1327
829 1022
1342 69
1342 156
1342 204
1342 207
1342 210
1342 415
1342 427
1342 460
1342 539
1342 566
1342 571
1342 644
1342 656
1342 705
1342 707
1342 721
1342 854
1342 862
1342 870
1342 878
1342 879
1342 883
1342 890
1342 917
1342 949
1342 969
1342 1020
1342 1022
1342 1132
1342 1229
1342 1502
1342 1350
1342 1355
1346 21
1346 52
1346 156
1346 193
1346 207
1346 220
1346 239
1346 331
1346 363
1346 384
1346 415
1346 535
1346 547
1346 658
1346 695
1346 707
1346 735
1346 777
1346 778
1346 802
1346 814
1346 840
1346 842
1346 868
1346 872
1346 889
1346 915
1346 968
1346 976
1346 998
1346 1021
1346 1052
1346 1063
1346 1077
1346 1094
1346 1144
1346 1145
1346 1255
1346 1410
1346 1413
1346 1495
1346 1441
1346 1465
1346 1376
1346 1529
1346 1521
1346 1526
842 288
842 1140
842 1529
842 1050
1355 35
1355 68
1355 71
1355 82
1355 103
1355 104
1355 120
1355 128
1355 156
1355 169
1355 193
1355 203
1355 224
1355 229
1355 232
1355 251
1355 265
1355 285
1355 317
1355 319
1355 327
1355 412
1355 471
1355 502
1355 530
1355 538
1355 570
1355 590
1355 605
1355 608
1355 634
1355 641
1355 668
1355 692
1355 707
1355 722
1355 735
1355 740
1355 744
1355 773
1355 776
1355 779
1355 781
1355 792
1355 797
1355 801
1355 855
1355 862
1355 863
1355 871
1355 884
1355 887
1355 889
1355 914
1355 921
1355 940
1355 944
1355 949
1355 954
1355 958
1355 986
1355 1005
1355 1022
1355 1040
1355 1056
1355 1073
1355 1074
1355 1102
1355 1121
1355 1131
1355 1152
1355 1154
1355 1183
1355 1210
1355 1224
1355 1228
1355 1229
1355 1248
1355 1254
1355 1271
1355 1284
1355 1299
1355 1331
1355 1400
1355 1370
1355 1427
1355 1406
1355 1458
1355 1475
1355 1476
1355 1488
1355 1507
1355 1508
1355 1521
1355 1529
1355 1533
1374 75
1374 80
1374 210
1374 211
1374 279
1374 285
1374 336
1374 354
1374 355
1374 357
1374 381
1374 411
1374 416
1374 488
1374 493
1374 533
1374 547
1374 677
1374 703
1374 707
1374 714
1374 728
1374 773
1374 817
1374 848
1374 857
1374 978
1374 991
1374 1110
1374 1141
1374 1152
1374 1158
1374 1196
1374 1203
1374 1248
1374 1284
1374 1292
1374 1316
1374 1349
1374 1465
1374 1485
1374 1397
1374 1385
1374 1429
872 176
872 223
872 238
872 265
872 288
872 305
872 396
872 429
872 488
872 517
872 567
872 573
872 679
872 770
872 779
872 783
872 1025
872 1284
872 1296
872 1427
872 1391
872 1361
872 1125
872 1478
872 1223
872 968
872 1292
872 1228
872 1037
872 978
872 979
872 1238
872 984
872 1497
872 993
872 1169
872 1005
872 1138
872 1299
872 1402
872 1073
872 1406
889 239
889 276
889 325
889 411
889 412
889 447
889 536
889 605
889 619
889 641
889 672
889 770
889 1521
889 1196
889 1244
889 1140
1406 53
1406 61
1406 197
1406 265
1406 322
1406 488
1406 543
1406 567
1406 779
1406 1228
1406 1331
1406 1497
1406 1529
1173 688
391 247
391 776
391 1391
395 1475
395 1480
395 921
407 27
407 38
407 307
407 641
407 773
407 1069
407 530
407 1089
407 713
407 592
407 850
407 726
407 806
407 1519
407 1529
407 765
924 42
924 80
924 91
924 328
924 631
924 688
924 707
924 770
924 810
924 862
924 871
924 1024
924 1478
924 1549
924 1400
924 1529
412 252
412 265
412 319
412 411
412 1409
412 1286
412 650
412 652
412 909
412 416
412 948
412 968
412 863
412 867
412 1014
412 510
1453 23
1453 220
1453 229
1453 836
942 20
942 83
942 85
942 103
942 156
942 165
942 183
942 184
942 207
942 229
942 274
942 275
942 321
942 369
942 469
942 502
942 535
942 570
942 590
942 692
942 735
942 765
942 871
942 875
942 878
942 914
942 940
942 1024
942 1056
942 1093
942 1108
942 1131
942 1154
942 1221
942 1229
942 1248
942 1284
942 1400
942 1413
942 1414
942 1423
942 1434
942 946
942 1478
942 1488
942 983
942 1521
942 1013
942 1529
1464 229
1464 394
1464 656
1464 773
1464 949
1465 307
1465 322
1465 442
1465 471
1465 589
1465 726
1465 776
1465 836
1465 949
1465 1207
1465 1296
1465 1401
1497 144
1497 166
1497 239
1497 339
1497 341
1497 401
1497 444
1497 465
1497 520
1497 536
1497 607
1497 631
1497 633
1497 679
1497 718
1497 769
1497 770
1497 776
1497 793
1497 803
1497 857
1497 875
1497 890
1497 902
1497 963
1497 1023
1497 1094
1497 1114
1497 1125
1497 1138
1497 1200
1497 1201
1497 1258
1497 1263
1497 1304
1497 1361
1497 1372
1497 1391
1497 1475
1497 1480
1497 1490
1497 1496
1497 1499
1529 104
1529 284
1529 346
1529 415
1529 570
1529 605
1529 692
1529 744
1529 770
1529 792
1529 890
1529 983
1529 999
1529 1027
1529 1093
1529 1114
1529 1125
1529 1228
1529 1229
1529 1291
1138 102
1138 166
1138 223
1138 305
1138 401
1138 465
1138 488
1138 512
1138 517
1138 527
1138 561
1138 676
1138 711
1138 763
1138 779
1138 859
1138 866
1138 868
1138 977
1138 1292
1138 1361
1138 1200
1138 1343
1138 1244
1138 1252
1138 1263
1138 1521
302 222
302 254
302 558
302 303
373 75
373 238
373 346
373 880
373 1395
373 471
373 1528
373 957
1229 42
1229 75
1229 77
1229 80
1229 85
1229 119
1229 153
1229 159
1229 167
1229 203
1229 229
1229 232
1229 239
1229 253
1229 255
1229 263
1229 276
1229 321
1229 342
1229 350
1229 370
1229 381
1229 384
1229 409
1229 427
1229 463
1229 469
1229 484
1229 507
1229 517
1229 523
1229 544
1229 547
1229 548
1229 564
1229 588
1229 605
1229 621
1229 645
1229 709
1229 773
1229 789
1229 831
1229 878
1229 915
1229 921
1229 939
1229 952
1229 998
1229 1004
1229 1131
1229 1140
1229 1152
1229 1154
1229 1210
1229 1217
1229 1228
1229 1295
1229 1387
1229 1243
1229 1245
1229 1257
1229 1272
1229 1305
1229 1324
1229 1326
1229 1501
1229 1359
1229 1508
1229 1370
1229 1421
1229 1519
1229 1441
1229 1463
1229 1468
1229 1476
1229 1361
1229 1521
605 48
605 52
605 144
605 225
605 229
605 238
605 239
605 280
605 471
605 491
605 494
605 503
605 530
605 558
605 571
605 592
605 848
605 773
605 878
605 1438
605 799
605 801
605 879
605 814
605 1131
605 1508
605 875
605 707
605 1094
605 940
605 1102
605 1486
605 1081
605 1124
605 1370
605 1246
605 939
605 790
605 1511
605 1521
605 1395
605 890
605 1020
605 1022
991 29
991 197
991 210
991 218
991 238
991 312
991 336
991 370
991 377
991 415
991 445
991 488
991 547
991 571
991 582
991 618
991 621
991 667
991 673
991 706
991 740
991 744
991 763
991 770
991 773
991 778
991 779
991 792
991 821
991 825
991 831
991 850
991 861
991 875
991 908
991 966
991 1033
991 1034
991 1064
991 1132
991 1156
991 1221
991 1196
991 1217
991 1224
991 1338
991 1268
991 1296
991 1312
991 1318
991 1327
991 1421
991 1005
991 993
991 1506
991 998
991 1362
991 1020
19 1528
1528 195
1528 596
1528 824
20 263
20 1164
20 784
20 1425
20 672
20 1058
20 1073
20 317
20 1348
20 608
20 862
20 224
20 1381
20 1519
20 882
263 909
263 910
263 784
263 1425
263 672
263 1316
263 298
263 1073
263 949
263 1363
263 342
263 862
263 362
263 882
1164 281
1164 405
1164 1349
1164 1181
784 239
784 584
784 1413
784 802
784 850
784 1118
1425 27
1425 405
1425 608
1425 672
1425 804
1425 914
1425 917
1425 997
1425 1016
1425 1099
1425 1381
1425 1410
1425 1423
672 57
672 75
672 285
672 297
672 298
672 332
672 342
672 378
672 496
672 559
672 670
672 1027
672 1412
672 909
672 910
672 752
672 939
672 949
672 1463
672 1212
672 707
672 708
672 697
672 825
672 1500
672 1501
672 1248
672 737
672 1488
672 882
672 887
1058 66
1058 160
1058 427
1058 594
1058 618
1058 745
1058 792
1058 1217
1058 1513
1058 1114
1058 1402
1073 142
1073 144
1073 177
1073 269
1073 281
1073 419
1073 548
1073 686
1073 770
1073 776
1073 1169
1073 1365
1073 1364
1073 1109
317 78
317 298
317 898
317 895
317 800
317 570
317 319
317 1353
317 970
317 1102
317 471
317 1496
317 476
317 1501
317 478
317 740
317 632
317 508
317 533
1348 80
1348 183
1348 232
1348 238
1348 396
1348 548
1348 600
1348 656
1348 843
1348 862
1348 940
1348 972
1348 1027
1348 1087
1348 1131
1348 1413
1348 1515
1348 1428
608 144
608 1350
608 652
608 778
608 1132
862 80
862 237
862 321
862 421
862 501
862 507
862 569
862 707
862 852
862 1033
862 1037
862 1004
862 1132
862 1526
862 890
224 61
224 80
224 1412
224 911
224 917
224 1316
224 949
224 1228
224 592
224 342
224 1500
224 997
224 353
224 239
224 1022
1381 27
1381 324
1381 346
1381 417
1381 664
1381 825
1381 1099
1381 1530
1519 72
1519 75
1519 297
1519 552
1519 570
1519 703
1519 1029
882 69
882 77
882 285
882 327
882 342
882 592
882 664
882 670
882 708
882 1488
882 940
882 1500
882 1020
21 322
21 307
322 87
322 148
322 288
322 297
322 1025
322 770
322 878
322 726
322 1542
322 1410
322 1169
322 1427
322 410
322 547
322 1066
322 1324
322 814
322 879
322 1331
322 1333
322 573
322 1228
322 463
322 342
322 1154
322 744
322 1257
307 80
307 81
307 1296
307 1318
307 679
307 941
307 1199
307 1088
307 351
307 868
22 1246
22 1198
1246 82
1246 91
1246 168
1246 205
1246 330
1246 576
1246 587
1246 1198
1246 1506
1246 1328
1246 1304
1198 244
1198 362
1198 502
1198 817
1198 921
1198 1110
1198 1476
23 1026
23 261
23 647
23 916
23 165
23 678
23 1205
23 66
23 451
23 202
23 1486
23 83
23 485
23 104
23 369
23 509
1026 144
1026 225
1026 239
1026 451
1026 571
1026 585
1026 770
1026 921
1026 1022
1026 1463
1026 1222
1026 1121
261 141
261 183
261 641
261 645
261 343
261 656
261 1181
261 288
261 1444
261 1201
261 1321
261 1326
261 944
261 573
261 703
261 836
261 1142
261 326
261 1495
261 731
261 873
261 1262
261 886
916 418
916 906
916 1509
916 1020
165 802
165 968
165 879
165 983
165 229
1205 25
1205 90
1205 147
1205 227
1205 343
1205 389
1205 577
1205 623
1205 864
1205 1075
1205 1262
66 1295
66 656
66 921
66 411
66 1305
66 416
66 675
66 1521
66 437
66 188
66 325
66 198
66 329
66 336
66 1132
66 625
66 1271
66 85
451 205
451 338
451 378
451 411
451 416
451 1443
451 921
202 864
202 1477
202 782
202 656
202 573
1486 341
1486 818
1486 1033
1486 1041
1486 1185
1486 1284
1486 1331
83 864
83 227
83 187
83 983
83 369
83 274
83 275
83 792
83 184
83 183
83 1118
83 415
485 117
485 843
485 1132
104 25
104 91
104 103
104 895
104 1414
104 530
104 150
104 1175
104 668
104 1441
104 548
104 553
104 941
104 1071
104 651
104 1350
104 590
104 594
104 854
104 343
104 351
104 1376
104 738
104 1131
104 1004
104 239
369 183
369 184
369 187
369 227
369 274
369 275
369 576
369 983
369 1118
369 415
509 126
509 350
509 1155
509 1413
509 1140
24 571
24 1282
24 859
24 1110
571 74
571 80
571 81
571 144
571 238
571 239
571 254
571 281
571 344
571 363
571 399
571 441
571 461
571 537
571 558
571 645
571 906
571 1154
571 788
571 878
571 1222
571 806
571 1331
571 735
571 696
571 706
571 582
571 1102
571 859
571 898
571 1506
571 1397
571 1069
1282 172
1282 247
1282 788
1282 899
1282 1241
859 80
859 87
859 399
859 461
859 706
859 993
859 1042
859 1426
1110 35
1110 109
1110 120
1110 121
1110 124
1110 127
1110 128
1110 143
1110 214
1110 325
1110 328
1110 411
1110 502
1110 614
1110 671
1110 735
1110 765
1110 790
1110 871
1110 1043
1110 1102
1110 1152
1110 1457
1110 1196
1110 1352
1110 1354
1110 1357
1110 1363
1110 1256
1110 1153
25 1413
25 103
25 351
25 427
25 1422
25 239
25 336
25 721
25 602
25 507
25 350
25 117
1413 60
1413 68
1413 80
1413 96
1413 112
1413 183
1413 204
1413 222
1413 229
1413 239
1413 272
1413 314
1413 325
1413 350
1413 351
1413 415
1413 447
1413 454
1413 466
1413 655
1413 770
1413 799
1413 843
1413 1004
1413 1022
1413 1093
1413 1217
1413 1331
1413 1363
1413 1553
1413 1521
1413 1479
1413 1487
1413 1549
1413 1490
103 80
103 641
103 895
103 871
103 396
103 1549
103 654
103 239
103 1049
103 1441
103 1203
103 686
103 303
103 1331
103 949
103 566
103 1463
103 197
103 1350
103 1102
103 1361
103 1230
103 854
103 1496
103 207
103 351
103 738
103 634
103 491
103 1004
103 1391
103 1099
103 1521
103 505
103 1022
351 96
351 112
351 144
351 206
351 229
351 239
351 285
351 350
351 1027
351 781
351 799
351 368
351 1521
351 1331
351 427
351 570
351 949
351 1248
351 843
351 1487
351 466
351 1107
351 853
351 729
351 481
351 998
351 895
427 126
427 239
427 289
427 370
427 411
427 1025
427 1513
427 773
427 1169
427 921
427 618
427 548
427 1318
427 946
427 735
427 539
427 1217
427 1488
427 998
427 616
427 617
427 490
427 744
427 745
1422 166
1422 239
1422 383
239 29
239 38
239 71
239 85
239 132
239 150
239 156
239 206
239 238
239 1027
239 1034
239 1051
239 1069
239 586
239 1107
239 1108
239 1131
239 1132
239 1134
239 641
239 1217
239 1400
239 1238
239 1248
239 740
239 744
239 768
239 770
239 1284
239 878
239 1286
239 781
239 285
239 288
239 801
239 823
239 1341
239 326
239 336
239 853
239 350
239 355
239 875
239 1395
239 489
239 1428
239 415
239 986
239 949
239 1481
239 470
239 1501
239 481
239 484
239 1513
239 1521
239 1022
239 1109
336 218
336 312
336 335
336 1024
336 770
336 773
336 908
336 415
336 673
336 966
336 1318
336 424
336 1069
336 1033
336 445
336 831
336 1477
336 582
336 1224
336 778
336 802
336 721
336 1034
336 1367
336 993
336 354
336 875
336 1132
336 850
336 880
336 370
336 503
336 377
336 763
336 1221
336 1362
336 383
721 615
721 1487
721 1114
602 641
602 918
602 919
507 415
507 1152
507 1549
507 1427
507 921
507 1463
507 713
507 1102
507 852
507 1366
507 1506
507 998
507 1022
507 1527
507 634
507 510
350 71
350 85
350 112
350 229
350 285
350 293
350 314
350 1154
350 781
350 912
350 415
350 801
350 1521
350 1479
350 949
350 447
350 1217
350 1478
350 1549
350 1490
350 729
350 1487
350 481
350 466
117 51
117 641
117 558
117 415
117 321
117 713
117 1356
117 126
117 1114
117 229
117 1266
117 633
26 901
901 232
901 297
901 538
901 552
27 35
27 394
27 1230
27 952
27 538
27 668
27 1279
35 288
35 1152
35 1094
35 1025
35 344
35 1174
35 1476
35 1509
394 229
394 325
394 357
394 1531
394 719
1230 121
1230 124
1230 328
1230 330
1230 497
1230 545
1230 556
1230 686
1230 735
1230 871
1230 949
1230 1050
1230 1099
1230 1102
1230 1152
1230 1431
1230 1462
1230 1256
952 28
952 203
952 288
952 298
952 592
952 744
952 819
952 822
952 1226
538 91
538 240
538 949
668 207
668 548
668 599
1279 80
1279 280
1279 405
1279 548
1279 890
1279 949
28 592
28 1410
28 1349
28 203
28 207
28 176
28 1043
28 819
28 1151
592 159
592 280
592 321
592 449
592 491
592 1154
592 779
592 927
592 814
592 1233
592 619
592 1004
1410 71
1410 109
1410 156
1410 342
1410 558
1410 587
1410 898
1410 1089
1410 1222
1410 1270
1410 1349
1349 37
1349 80
1349 81
1349 85
1349 87
1349 298
1349 429
1349 455
1349 594
1349 645
1349 674
1349 709
1349 858
1349 864
1349 941
1349 1004
1349 1013
1349 1069
1349 1222
1349 1248
1349 1296
1349 1541
203 64
203 125
203 146
203 1216
203 773
203 1403
203 1037
203 1038
203 1517
203 1296
203 792
203 921
203 284
203 554
203 819
203 564
203 565
203 1498
203 1478
203 652
203 719
203 1106
203 979
203 855
203 858
203 219
203 1123
203 1510
203 297
203 298
207 156
207 1511
207 1441
207 641
176 109
176 770
176 1125
176 465
176 404
176 265
176 1176
176 377
176 415
176 411
176 276
1043 443
1043 481
1043 614
1043 1476
819 231
819 298
1151 471
29 548
29 871
29 232
29 85
548 52
548 68
548 193
548 236
548 321
548 405
548 476
548 489
548 494
548 502
548 530
548 545
548 1553
548 1476
548 670
548 802
548 816
548 755
548 1210
548 957
548 574
548 707
548 1478
548 697
548 716
548 1081
548 1370
548 1511
548 1005
548 744
871 77
871 124
871 328
871 380
871 686
871 735
871 1291
871 1296
871 1431
871 1445
871 1521
871 949
871 1099
871 1102
871 1247
871 1256
871 1144
871 1022
232 68
232 89
232 156
232 1537
232 670
232 688
232 679
232 1072
232 1054
232 1090
232 1513
232 755
85 895
85 1291
85 1426
85 1391
85 670
85 939
85 565
85 1463
85 192
85 707
85 1476
85 588
85 225
85 1126
85 1212
85 1132
85 1134
85 1521
30 804
30 1387
30 79
30 80
30 429
804 380
1387 64
1387 110
1387 160
1387 189
1387 274
1387 275
1387 288
1387 343
1387 403
1387 437
1387 527
1387 540
1387 558
1387 573
1387 645
1387 720
1387 757
1387 771
1387 776
1387 860
1387 865
1387 1045
1387 1210
1387 1254
1387 1256
1387 1397
79 37
79 674
79 429
79 1332
79 583
79 80
79 81
79 1106
79 211
79 87
79 353
79 455
79 105
79 1013
80 37
80 38
80 542
80 1056
80 1069
80 1072
80 582
80 583
80 590
80 81
80 1106
80 441
80 105
80 111
80 119
80 634
80 642
80 1182
80 692
80 1207
80 696
80 697
80 707
80 197
80 1222
80 211
80 218
80 236
80 238
80 1263
80 752
80 756
80 1275
80 254
80 897
80 779
80 1296
80 281
80 981
80 806
80 298
80 303
80 328
80 846
80 1361
80 1363
80 1370
80 353
80 355
80 370
80 383
80 898
80 321
80 906
80 908
80 399
80 405
80 921
80 836
80 411
80 416
80 156
80 956
80 1476
80 461
80 469
80 470
80 1495
80 1500
80 1511
80 491
80 82
80 494
80 765
80 1521
80 502
80 1016
80 1005
429 61
429 81
429 87
429 197
429 428
429 1296
429 1042
429 542
429 1222
429 1207
429 1102
429 1106
429 861
429 1506
429 1521
31 641
641 54
641 81
641 114
641 118
641 227
641 251
641 252
641 275
641 284
641 363
641 411
641 415
641 416
641 501
641 510
641 512
641 603
641 1033
641 1034
641 1093
641 1132
641 703
641 1343
641 850
641 880
641 906
641 919
641 908
641 1438
641 954
641 966
641 1488
918 225
918 517
918 662
566 243
566 415
566 466
566 1161
566 854
183 150
183 156
183 1154
183 778
183 1420
183 274
183 275
183 919
183 792
183 1434
183 667
183 293
183 1072
183 238
183 184
183 187
183 1093
183 584
183 908
183 843
183 1051
183 1493
183 983
183 600
183 864
183 227
183 615
183 469
58 118
58 1414
58 1000
58 1493
58 1174
709 370
709 484
709 494
709 558
709 594
709 1305
709 1069
709 825
709 1222
709 1270
709 1022
33 576
33 1274
576 144
576 154
576 186
576 272
576 327
576 335
576 361
576 664
576 1326
576 1077
576 1084
576 707
576 976
576 751
1274 686
34 404
34 1478
404 250
404 1284
1478 377
1478 686
1478 688
1478 810
1478 1154
1478 1542
288 144
288 184
288 193
288 223
288 779
288 1427
288 789
288 666
288 1541
288 1479
288 686
288 701
288 583
288 328
288 1228
288 1231
288 1400
288 873
288 488
288 1050
1152 109
1152 120
1152 121
1152 124
1152 127
1152 177
1152 324
1152 425
1152 670
1152 671
1152 718
1152 765
1152 887
1152 914
1152 1003
1152 1013
1152 1088
1152 1153
1152 1296
1152 1457
1152 1352
1152 1354
1152 1357
1152 1272
1152 1492
1152 1243
1152 1501
1152 1256
1152 1363
1094 134
1094 295
1094 375
1094 377
1094 447
1094 484
1094 551
1094 630
1094 734
1094 773
1094 850
1094 884
1094 929
1094 958
1094 980
1094 1408
1094 1421
1094 1317
1094 1331
1094 1140
1094 1102
1094 1114
1094 1375
1094 1132
1094 1133
1025 69
1025 72
1025 78
1025 166
1025 238
1025 240
1025 415
1025 488
1025 558
1025 625
1025 679
1025 834
1025 857
1025 878
1025 879
1025 1424
1025 1263
1025 1499
1025 1256
1025 1361
344 150
344 306
344 1361
344 589
344 1296
344 567
344 1116
344 1022
1174 69
1174 197
1174 389
1174 415
1174 481
1174 503
1174 510
1174 574
1174 695
1174 802
1174 873
1174 1020
1174 1551
1174 1181
1174 1445
1174 1207
1476 82
1476 114
1476 120
1476 144
1476 157
1476 298
1476 328
1476 346
1476 362
1476 502
1476 671
1476 718
1476 765
1476 890
1476 1153
1476 1256
1476 1354
1476 1357
1476 1521
1509 335
1509 484
1509 604
1509 654
1509 843
36 465
36 402
36 585
465 115
465 362
465 770
465 779
465 1391
465 679
465 567
465 1210
465 573
465 706
465 1099
465 1223
465 857
465 1252
465 977
465 1397
402 53
402 223
402 276
402 304
402 544
402 517
402 712
402 597
402 431
402 1244
585 119
585 279
585 397
585 415
585 502
585 555
585 1302
585 1542
585 1221
585 1488
37 906
37 908
37 962
37 788
37 921
37 197
37 1066
37 1207
37 1218
37 836
37 1463
37 81
37 1106
37 211
37 87
37 1506
37 1400
906 60
906 156
906 225
906 461
906 492
906 679
906 696
906 755
906 908
906 915
906 1059
906 941
906 1106
906 1506
908 60
908 87
908 118
908 285
908 396
908 492
908 583
908 642
908 696
908 788
908 813
908 915
908 1441
908 1216
908 1222
908 977
908 1106
908 941
962 788
962 1051
788 87
788 497
788 1458
788 1145
921 42
921 54
921 151
921 225
921 252
921 266
921 333
921 374
921 564
921 580
921 591
921 634
921 648
921 707
921 713
921 744
921 814
921 1409
921 1283
921 1038
921 1295
921 1245
921 1050
921 1196
921 1457
921 1458
921 1331
921 1463
921 1221
921 1358
921 1492
921 998
921 1002
921 1132
921 1521
921 1427
921 1143
197 61
197 70
197 142
197 150
197 861
197 621
197 410
197 411
197 1541
197 686
197 815
197 695
197 1400
197 1207
197 1233
197 1020
197 1109
1066 656
1066 1360
1066 1069
1066 1207
1207 939
1207 1182
1218 642
1218 1051
836 281
836 378
836 419
836 667
836 770
836 1190
836 983
836 984
836 887
1463 156
1463 167
1463 564
1463 692
1463 765
1463 1243
1463 1257
1463 1295
1463 1458
1463 1521
81 61
81 645
81 1296
81 281
81 670
81 1196
81 1069
81 692
81 949
81 697
81 1222
81 87
81 591
81 1005
81 1524
1106 53
1106 61
1106 87
1106 281
1106 696
1106 806
1106 941
1106 1042
1106 1145
211 1370
211 806
211 1328
211 986
211 238
211 1526
211 789
87 61
87 75
87 1296
87 1042
87 1441
87 674
87 941
87 569
87 583
87 461
87 481
87 455
87 105
87 353
87 370
87 1013
1506 61
1506 218
1506 340
1506 392
1506 461
1506 621
1506 840
1506 861
1506 915
1506 1005
1506 1089
1506 1287
1506 1296
1506 1500
1400 71
1400 206
1400 521
1400 559
1400 986
1400 1254
38 864
38 645
38 1069
864 48
864 94
864 156
864 180
864 238
864 281
864 447
864 466
864 546
864 573
864 713
864 734
864 778
864 840
864 841
864 843
864 1024
864 1547
864 1176
864 1312
864 1185
864 1318
864 1052
864 939
864 1266
864 1072
864 1357
864 1077
864 1503
864 891
864 999
864 1397
864 890
864 1223
645 1039
645 1181
645 1013
1069 92
1069 218
1069 476
1069 1296
1069 1222
285 77
285 770
285 1027
285 1285
285 1040
285 1305
285 670
285 297
285 940
285 1212
285 708
285 327
285 458
285 332
285 461
285 825
285 858
285 1248
285 1378
285 890
558 118
558 295
558 346
558 355
558 389
558 415
558 469
558 1089
558 1005
558 1171
558 1305
558 1200
558 675
558 966
558 1217
558 1222
558 1480
558 1421
558 1084
558 700
558 1268
558 1402
558 1365
946 48
946 51
946 415
946 843
946 1201
946 1049
949 69
949 76
949 147
949 157
949 187
949 217
949 252
949 334
949 392
949 419
949 445
949 564
949 570
949 577
949 611
949 634
949 686
949 697
949 708
949 779
949 843
949 846
949 887
949 903
949 909
949 910
949 919
949 1027
949 1285
949 1005
949 1530
949 1210
949 1202
949 1131
949 1500
949 1020
949 1516
949 1261
949 1099
949 1440
949 1531
949 1102
447 415
447 779
447 573
447 1479
447 986
447 476
447 1005
447 1391
476 53
476 415
476 471
476 1318
476 810
476 1005
476 688
476 1002
476 536
220 1344
220 1251
220 364
220 726
1251 364
1251 1020
229 53
229 144
229 187
229 225
229 768
229 1542
229 1217
229 1421
229 877
229 530
229 512
229 857
229 802
229 295
229 1206
229 1268
229 1082
229 573
229 1350
229 633
229 1480
229 457
229 1228
229 1291
229 983
229 471
229 1367
229 488
229 237
229 752
229 756
229 1402
229 381
370 61
370 210
370 218
370 225
370 295
370 335
370 355
370 778
370 655
370 539
370 1196
370 706
370 993
370 734
370 1125
370 383
370 1268
370 1270
370 1403
380 53
380 328
380 708
380 735
843 48
843 187
843 238
843 274
843 275
843 466
843 467
843 469
843 535
843 600
843 615
843 734
843 772
843 778
843 792
843 841
843 1547
843 1050
843 1072
843 1077
843 1086
843 1108
843 1118
843 1161
843 1185
843 1276
843 1318
843 1350
843 874
843 1434
843 933
843 1356
843 983
843 1500
843 1503
843 999
843 1008
843 1521
972 151
972 152
972 153
972 1347
1347 151
1347 152
1347 153
1347 1408
151 588
151 152
151 153
152 153
153 854
153 783
42 770
42 1284
42 939
42 177
42 1228
42 722
42 998
42 112
42 634
42 469
770 95
770 148
770 166
770 168
770 240
770 276
770 305
770 527
770 529
770 530
770 567
770 572
770 607
770 633
770 679
770 1541
770 1424
770 1200
770 803
770 781
770 1361
770 1391
770 1553
770 1480
770 1203
770 857
770 1210
770 1168
770 1128
770 1263
770 878
770 1521
770 1526
770 1328
770 1403
770 1022
770 1125
1284 159
1284 223
1284 443
1284 478
1284 555
1284 707
1284 890
1284 1317
1284 1424
1284 1445
1284 1391
1284 1488
939 144
939 377
939 415
939 461
939 491
939 750
939 779
939 1024
939 1408
939 1154
939 1414
939 1305
939 1434
939 1391
939 1290
939 1234
939 979
939 1121
939 1521
939 1524
939 958
939 1470
177 1154
177 780
177 1488
177 1171
177 180
177 1017
177 664
177 825
1228 76
1228 303
1228 305
1228 357
1228 389
1228 415
1228 471
1228 488
1228 494
1228 502
1228 735
1228 776
1228 779
1228 927
1228 1050
1228 1169
1228 1170
1228 1283
1228 1427
1228 1521
1228 1331
1228 1491
1228 1299
722 354
722 362
722 502
722 604
998 189
998 328
998 381
998 735
998 790
998 887
998 890
998 1041
998 1049
998 1500
998 1148
112 496
634 48
634 1122
634 1234
634 758
634 734
634 895
469 53
469 276
469 362
469 411
469 415
469 1311
469 588
43 335
43 1013
43 383
335 1024
335 1064
335 1196
335 831
335 1362
335 993
335 355
335 894
335 383
1013 281
1013 458
1013 787
1013 802
1013 861
1013 979
1013 1039
1013 1237
1013 1252
383 1024
383 1196
383 462
44 656
44 1114
656 69
656 72
656 144
656 166
656 190
656 206
656 223
656 314
656 463
656 470
656 497
656 510
656 521
656 543
656 570
656 633
656 1027
656 904
656 789
656 1525
656 959
656 667
656 1320
656 814
656 1396
656 1226
656 1485
656 1234
656 1236
656 986
656 1515
656 701
656 756
656 887
1114 55
1114 274
1114 275
1114 388
1114 588
1114 615
1114 713
1114 966
1114 1420
1114 1433
1114 1318
1114 1132
863 251
863 869
863 1113
1317 89
1317 209
1317 607
1317 650
1317 808
1317 1232
1317 1316
1317 1507
808 89
808 148
808 212
808 330
808 625
808 1441
808 1322
89 625
89 764
89 1471
89 1051
89 1093
218 61
218 210
218 643
218 1156
218 1320
218 1196
218 570
218 831
218 462
218 993
218 355
218 1362
218 508
1179 272
1179 330
1179 611
1179 1170
1179 1232
1179 1507
415 118
415 159
415 227
415 281
415 334
415 388
415 410
415 411
415 516
415 1547
415 1052
415 580
415 1125
415 1133
415 630
415 1150
415 1161
415 658
415 1184
415 675
415 1201
415 695
415 1233
415 1241
415 1240
415 1299
415 799
415 802
415 1318
415 1324
415 1364
415 874
415 875
415 1391
415 1408
415 899
415 416
415 1441
415 662
415 966
415 1479
415 466
415 983
415 984
415 1005
415 1526
415 503
415 1021
415 1022
1551 695
543 346
543 1283
543 1102
1091 67
1091 96
1091 250
1091 265
1091 802
1091 899
1091 900
1091 1353
1091 1533
582 74
582 75
582 768
582 1291
582 1408
600 48
600 281
600 1300
600 603
600 1072
600 820
600 841
600 1239
600 604
600 999
1121 127
1121 240
1121 346
1121 801
1121 880
1121 1212
1154 52
1154 156
1154 180
1154 321
1154 768
1154 1022
1154 1126
535 48
535 204
535 1161
535 1051
535 1441
535 1332
535 966
535 589
535 975
535 999
535 1521
535 1020
658 1408
658 802
658 1525
658 1526
658 1144
677 375
677 416
677 611
677 618
677 1441
677 1231
677 1343
677 1500
677 1439
166 523
166 276
166 1241
166 1203
166 463
166 1361
166 1125
166 977
166 238
166 240
706 53
706 225
706 295
706 341
706 347
706 492
706 504
706 527
706 530
706 544
706 547
706 655
706 674
706 679
706 902
706 777
706 1474
706 1367
1233 157
1233 831
1233 879
1233 1477
726 250
726 297
726 597
726 630
726 1291
726 1172
726 1206
726 1344
726 961
726 1001
726 1002
726 1005
1247 109
1247 121
1247 565
1247 831
1247 1296
1247 1357
256 114
778 156
778 274
778 275
778 378
778 740
778 1034
778 1291
778 1134
778 878
778 792
778 1051
778 799
778 879
274 48
274 96
274 184
274 187
274 240
274 919
274 1420
274 275
274 790
274 792
274 793
274 799
274 1521
274 584
274 713
274 1122
274 850
274 1108
274 983
274 603
274 604
274 1503
274 999
274 1132
1367 126
362 82
362 144
362 150
362 275
362 387
362 817
362 855
362 1402
886 48
886 273
886 445
886 1365
379 590
897 53
897 225
897 276
897 343
897 389
897 439
897 443
897 1065
897 1397
937 148
937 484
937 490
937 631
937 802
937 919
937 1155
937 1303
937 1320
1490 150
1490 1268
1020 156
1020 162
1020 226
1020 381
1020 419
1020 484
1020 512
1020 695
1020 792
1020 873
1020 997
1020 1005
1020 1542
1020 1292
1020 1430
1020 1321
1020 1484
1020 1234
1020 1510
1020 1275
1020 1102
48 1158
48 1289
48 275
48 790
48 293
48 444
48 841
48 1493
48 603
48 873
48 623
1158 120
1158 158
1158 765
1158 787
1158 815
1158 1360
1289 850
1289 1403
275 69
275 156
275 184
275 187
275 227
275 1266
275 983
275 1420
275 792
275 793
275 584
275 713
275 850
275 1108
275 1503
790 99
790 537
790 1424
790 941
293 1446
293 895
444 914
444 983
444 1022
841 138
841 567
841 590
841 1062
1493 999
1493 1000
1493 1118
1493 1300
1493 1318
603 410
603 1287
603 622
873 69
873 343
873 573
623 1161
623 1335
623 792
623 1077
49 472
49 502
472 1234
502 157
502 247
502 1283
502 1391
502 879
502 1489
502 878
272 147
272 611
272 1508
272 330
272 622
272 1507
272 1232
272 861
611 147
611 330
611 1507
611 1508
611 1051
611 971
580 411
580 416
580 559
580 1132
580 1325
999 1161
999 1072
999 1521
999 1434
999 1547
999 1503
1549 806
1549 852
1232 147
1232 168
1232 330
1232 443
1232 785
1232 950
1232 1508
168 147
168 1344
168 880
168 327
168 776
168 1499
168 1311
1507 147
1507 169
1507 330
1507 443
1507 523
1507 827
1507 1105
1507 1508
147 374
147 169
147 330
147 950
147 827
861 61
861 330
861 621
861 1296
861 1005
861 1437
861 1128
917 57
917 144
917 298
917 330
917 716
917 909
51 1217
51 1313
51 1421
51 880
51 238
1217 150
1217 297
1217 569
1217 573
1217 773
1217 854
1217 895
1217 915
1217 1220
1217 1361
1217 1402
1313 890
1313 1318
1421 75
1421 113
1421 225
1421 295
1421 334
1421 813
1421 860
1421 875
1421 879
1421 969
1421 1305
1421 1352
1421 1450
880 368
880 392
238 102
238 109
238 126
238 156
238 231
238 1027
238 517
238 1072
238 567
238 569
238 1125
238 651
238 879
238 1203
238 240
238 773
238 276
238 806
238 331
238 1361
238 850
238 1364
238 854
238 878
238 1391
238 887
238 1403
238 898
238 396
238 979
238 1503
238 1008
52 321
52 1252
52 1266
52 1495
321 1185
321 1252
321 1516
321 501
321 1526
321 1527
321 959
321 381
1252 223
1252 530
1252 868
1252 879
1252 904
1252 1040
1252 1363
1252 1495
1266 144
1266 588
1266 792
1266 1290
1495 281
1495 703
1495 1024
1495 1321
1495 1525
53 517
53 1296
53 276
53 549
53 688
53 1470
53 1221
53 878
53 633
53 341
517 118
517 276
517 416
517 506
517 643
517 782
517 1262
517 1391
517 679
517 1477
517 1364
517 633
517 1275
1296 108
1296 133
1296 428
1296 470
1296 479
1296 541
1296 586
1296 594
1296 621
1296 765
1296 789
1296 818
1296 878
1296 903
1296 958
1296 961
1296 1005
1296 1014
1296 1039
1296 1125
1296 1248
1296 1361
1296 1397
1296 1521
1296 1437
1296 1458
1296 1488
1296 1538
276 643
276 781
276 411
276 416
276 1200
276 1210
276 1163
276 977
276 1239
276 857
276 1125
276 651
276 1508
276 1391
276 1521
276 1014
276 632
276 633
688 63
688 77
688 185
688 377
688 536
688 1059
688 810
1470 144
1470 530
1470 814
1470 1420
1470 1434
1221 392
1221 878
1221 879
1221 1033
1221 1343
878 377
878 463
878 503
878 519
878 530
878 536
878 567
878 572
878 631
878 679
878 742
878 875
878 1408
878 1306
878 1499
878 1089
878 1268
878 1484
878 1102
878 1527
878 979
878 1124
878 1370
878 1257
878 1133
878 1140
878 1403
633 679
633 695
633 977
633 1125
633 1361
633 765
341 673
341 902
341 1496
341 536
54 1222
54 1351
54 1098
54 909
54 1327
54 416
54 55
54 56
54 411
1222 298
1222 411
1222 594
1222 703
1222 813
1222 814
1222 1305
1222 1320
1222 1327
1222 1248
1222 1485
1351 55
1351 56
1351 426
1351 948
1351 954
1098 55
1098 411
909 75
909 144
909 411
909 697
909 1027
909 1257
1327 55
1327 411
1327 479
1327 1012
1327 1325
1327 1339
1327 1450
416 55
416 56
416 281
416 411
416 555
416 1304
416 496
416 948
416 1488
416 869
416 1391
416 1504
55 411
55 742
55 948
55 56
56 948
411 114
411 281
411 648
411 1161
411 1064
411 948
411 1504
411 1144
411 869
411 1488
411 742
411 1133
411 703
742 879
948 869
57 1409
1409 157
1409 342
1409 615
1409 813
1409 911
1409 1521
118 792
118 1408
118 966
118 850
118 1402
1414 589
1414 776
1414 850
1414 851
1414 1033
1414 1034
1414 1051
1414 1052
1414 1132
1000 1300
1000 1318
60 1132
60 467
1132 76
1132 105
1132 217
1132 280
1132 314
1132 328
1132 333
1132 445
1132 467
1132 528
1132 604
1132 707
1132 825
1132 851
1132 933
1132 1033
1132 1034
1132 1071
1132 1077
1132 1291
1132 1482
1132 1143
467 799
61 392
61 594
61 992
392 992
392 530
594 428
594 484
594 621
64 481
64 1275
481 186
481 240
481 331
481 343
481 419
481 1041
481 1444
481 586
481 1102
481 997
1275 247
1275 443
1275 1500
193 297
193 247
72 69
72 744
72 171
72 1234
72 789
72 510
72 757
590 854
590 1161
590 1238
590 1254
510 310
510 327
510 1287
510 521
510 789
510 669
510 560
510 695
510 1234
1295 470
1295 1552
1295 1521
1305 133
1305 142
1305 144
1305 470
1305 494
1305 621
1305 663
1305 879
1305 913
1305 1050
1305 1419
1305 1517
1305 1500
1305 1487
1305 1316
675 217
1521 82
1521 159
1521 206
1521 222
1521 295
1521 297
1521 314
1521 387
1521 424
1521 442
1521 470
1521 488
1521 530
1521 564
1521 692
1521 695
1521 705
1521 773
1521 822
1521 858
1521 890
1521 941
1521 1027
1521 1050
1521 1134
1521 1144
1521 1161
1521 1291
1521 1312
1521 1396
1521 1441
1521 1446
1521 1471
1521 1488
1521 1524
325 69
325 222
325 357
325 389
325 1004
325 671
198 329
329 1234
329 1343
625 744
625 1271
1271 297
1271 573
1271 890
68 1441
68 539
68 187
1441 332
1441 821
1441 1027
1441 1332
539 223
539 403
539 410
539 1395
539 692
539 707
539 858
539 890
187 184
187 1093
187 588
187 1370
187 604
69 1538
69 904
69 144
69 667
69 544
69 950
69 959
69 463
69 487
904 667
904 669
904 1131
904 1234
904 1396
904 1438
144 99
144 1536
144 1540
144 519
144 523
144 554
144 573
144 1087
144 1102
144 621
144 1176
144 665
144 1196
144 174
144 1203
144 692
144 695
144 1223
144 205
144 773
144 1291
144 803
144 301
144 1354
144 845
144 846
144 848
144 849
144 389
144 1420
144 475
144 419
144 424
144 440
144 452
144 471
144 997
144 1005
144 1524
667 1396
667 1131
667 1234
667 669
667 1438
544 806
544 643
544 773
950 242
959 206
463 1268
463 1391
744 156
744 314
744 492
744 496
744 618
744 1350
171 588
1234 247
1234 669
1234 752
1234 789
1234 1131
1234 1471
1234 1438
1234 1396
789 1318
789 1131
789 1376
789 1471
789 914
73 1525
1525 266
1525 441
1525 561
1525 695
74 777
74 75
777 354
777 731
777 846
777 1391
75 1291
75 401
75 1333
75 1088
75 588
75 1257
75 236
75 1395
1291 334
1291 377
1291 673
1291 773
1291 850
1291 1093
1291 1318
401 142
401 902
401 1258
401 1496
401 1109
401 536
1333 305
1333 673
1333 1438
1088 157
1088 586
1088 692
1088 858
1088 1065
1088 1241
1088 1370
1088 1316
588 377
588 792
588 793
588 713
588 1272
1257 479
1257 480
1257 980
236 783
1395 142
1395 159
1395 297
1395 449
1395 470
1395 692
1395 858
1395 890
76 449
76 802
76 1133
76 1081
76 1370
449 331
449 343
449 619
802 95
802 445
802 621
802 695
802 899
802 1324
802 1210
802 1356
802 979
802 894
1133 567
1133 799
1133 879
1133 1059
1081 129
1081 1192
1081 1419
1370 96
1370 405
1370 799
1370 857
1370 1040
1370 1059
77 328
77 735
328 124
328 1165
328 1431
328 1363
328 735
328 1256
328 497
735 225
735 552
735 685
735 1424
735 1501
735 1352
735 1477
735 1357
735 1256
735 1268
735 1022
78 1474
78 1475
78 1203
78 319
1474 319
1474 579
1474 855
1474 1504
1474 1534
1475 816
1475 855
1475 1534
1203 240
1203 679
1203 800
1203 890
1203 1292
319 265
319 900
319 1259
319 1037
319 1353
319 1113
674 145
1332 148
1332 204
1332 521
1332 616
1332 695
1332 731
1332 1254
583 298
583 981
353 281
353 1062
353 573
353 1086
105 1072
105 553
105 443
1056 1022
1056 1055
1056 1423
1072 91
1072 310
1072 378
1072 1165
1072 1361
441 1107
441 695
111 1192
111 122
111 1471
119 1129
119 940
119 1460
642 915
642 984
692 858
692 1524
692 890
696 254
696 806
696 879
697 280
697 570
697 1005
697 910
707 604
707 773
707 915
707 1071
707 1363
707 848
707 1255
1263 223
1263 553
1263 589
1263 676
1263 1125
1263 1168
254 96
254 806
254 461
779 115
779 250
779 265
779 342
779 357
779 488
779 567
779 572
779 776
779 1408
779 1169
779 1299
779 857
779 1427
779 803
779 1450
779 961
779 1365
779 1241
779 1268
779 1022
779 1527
779 1125
281 1541
281 1196
281 567
281 1517
806 225
806 461
806 1328
806 977
806 1042
298 162
298 1027
298 388
298 471
298 1146
303 301
303 1542
846 501
846 845
846 847
846 890
1361 140
1361 231
1361 240
1361 567
1361 679
1361 820
1361 857
1361 977
1361 979
1361 1125
1361 1168
1361 1200
1361 1299
1361 1391
1361 1480
1361 1397
1361 1526
1361 1403
1363 1285
1363 1508
1363 1460
1363 1445
355 114
355 148
355 244
355 1408
355 1362
355 1365
355 1376
355 993
355 1146
355 831
355 508
898 1488
898 984
898 1500
399 960
405 1099
405 1428
156 387
156 773
156 1547
156 919
156 410
156 820
156 310
156 569
156 704
156 226
156 850
156 225
156 227
156 501
156 1022
956 547
956 555
956 673
956 783
956 1540
956 1542
956 1192
956 1331
956 1144
461 1027
461 560
461 958
461 960
470 1225
470 1419
1500 128
1500 560
1500 839
1500 1420
491 1144
491 1022
82 157
82 671
494 217
494 440
494 708
494 1023
765 124
765 247
765 409
765 1022
1016 428
1016 440
1016 716
1005 130
1005 377
1005 573
1005 621
1005 737
1005 783
1005 884
1005 1285
1005 1443
1005 1358
1005 1553
670 324
670 332
670 570
670 708
670 922
670 825
670 1212
670 1248
1196 462
1196 567
1196 813
1196 1125
591 343
591 547
1524 247
1524 858
1524 890
157 114
157 1256
157 1236
157 1051
157 926
157 629
671 834
227 184
227 1052
227 1318
227 734
227 489
227 403
983 823
983 875
983 1093
792 95
792 240
792 297
792 615
792 713
792 1303
792 1420
792 793
792 940
792 1118
184 1163
184 343
184 743
1118 243
1118 793
1118 1071
1426 960
1426 1488
1391 223
1391 381
1391 493
1391 523
1391 567
1391 643
1391 831
1391 963
1391 977
1391 1099
1391 1125
1391 1168
1391 1223
1391 1226
1391 1241
1391 1362
1391 1364
1391 1403
1391 1431
1391 1427
565 91
225 206
225 295
225 252
1126 247
1126 418
1126 944
1126 1256
1212 332
1212 708
1212 825
1212 1248
1024 466
1024 503
1024 1161
1024 1268
1027 150
1027 301
1027 545
1027 890
1027 1023
1027 1184
695 343
695 389
695 503
695 1176
695 1320
695 731
695 1002
446 259
1144 976
138 1034
666 1300
703 141
703 389
703 607
703 1248
1262 343
1262 389
1262 478
1262 496
1262 1427
257 1451
257 1269
1321 333
1321 343
1321 573
340 915
340 947
941 251
941 622
941 650
941 699
941 1366
958 570
958 738
958 957
958 1248
958 1427
1477 334
984 222
984 493
984 567
984 1437
1042 960
1042 1175
569 720
1542 223
1542 279
776 306
776 367
776 1446
776 957
776 1022
1176 96
1176 235
1176 443
1176 1454
1087 1022
1087 1320
1087 1393
1087 1235
968 1140
968 1093
1364 1324
764 102
764 1057
764 1527
1471 226
1471 615
1471 814
1471 1192
1051 345
1051 418
1051 540
1051 598
1051 622
1051 691
1051 851
1051 969
1051 970
1051 971
1051 1424
1051 1302
1051 1183
1051 1075
1051 1160
1051 1340
1093 1034
91 142
91 1304
91 378
142 1306
142 287
1304 378
378 205
92 527
527 488
527 676
527 1125
527 1200
527 1231
450 99
450 456
669 141
669 1376
669 1131
669 1396
669 1438
94 1131
94 363
94 493
1131 644
1131 701
1131 890
1131 1431
1131 1438
1131 1396
95 297
95 1052
95 284
95 799
297 109
297 523
297 1419
297 1102
297 858
297 1402
297 890
1052 96
1052 701
1052 1303
1052 1065
1052 1268
284 501
284 1181
799 96
799 604
799 1059
799 1071
799 1075
96 1059
96 1071
96 1378
96 1520
1071 523
1071 793
1071 1438
1071 1077
1071 1485
1071 1386
1378 368
1378 673
1378 914
1378 922
551 377
551 1130
551 796
1241 251
1241 520
1241 651
1241 652
1241 653
1241 679
1241 1240
1241 1306
1241 1268
1241 1533
1241 1534
796 550
1161 466
1161 662
1161 874
1161 919
1161 1411
1161 1479
1547 102
1547 295
1547 1108
1434 1077
1434 1350
1312 488
1312 763
1312 919
1312 933
1312 979
1312 1140
1312 1318
1077 466
1077 738
1077 874
1077 1075
1077 1076
1077 1376
310 1427
310 883
324 570
324 922
324 1285
466 327
466 1411
466 662
466 1479
466 874
734 403
734 1318
1140 289
1140 443
1140 783
1140 879
1108 169
1108 384
1108 552
1108 1318
874 662
874 1034
874 1318
874 1201
99 456
99 1044
456 132
915 547
915 1086
915 1146
831 210
831 237
831 312
831 354
831 508
831 575
831 1041
831 1461
831 1362
831 993
1514 615
1514 750
1514 1513
1514 1516
1004 222
1004 289
1004 291
1004 746
1143 343
1143 813
381 247
381 891
381 573
559 627
595 1062
107 1331
1210 377
1210 1022
783 547
783 1450
783 803
823 333
823 686
823 810
1357 109
1357 120
1357 121
1357 124
1357 127
1357 128
1357 330
1357 587
1357 931
1357 1256
1357 1352
1357 1354
1357 1431
1357 1457
375 673
375 589
377 519
377 421
377 1338
1420 858
1450 295
1450 342
1450 533
1450 745
1450 800
102 1160
102 1245
1160 1532
1245 148
1245 813
1049 120
686 315
686 552
686 1099
686 967
686 1102
686 879
686 755
686 1150
1331 226
1331 512
1331 1062
1331 1540
1102 614
1102 718
1102 879
1102 890
1102 1099
854 553
1496 339
1496 536
1496 902
1496 1023
1496 1258
738 1393
738 1075
738 1076
1099 567
505 155
505 1326
1022 128
1022 132
1022 210
1022 223
1022 265
1022 685
1022 913
1022 1443
1022 1238
1022 1268
1022 1397
530 484
530 1299
530 1303
530 879
530 632
553 693
553 828
651 424
651 523
651 572
651 650
343 772
343 1416
343 1181
343 573
343 1254
1376 354
1376 868
1376 1075
1376 1396
443 279
443 1408
443 1540
443 1268
443 448
443 997
589 572
589 1504
589 689
589 1172
589 1206
589 857
1362 210
1362 312
1362 354
1362 508
1362 993
1366 955
382 148
109 128
109 931
109 1352
109 1354
109 1457
109 120
109 121
109 127
109 124
128 120
128 121
128 124
128 127
128 801
128 931
128 1352
128 1354
128 1457
931 120
931 121
931 124
931 127
931 1352
931 1354
931 1457
1352 120
1352 121
1352 124
1352 127
1352 556
1352 1432
1352 1457
1352 1354
1354 120
1354 121
1354 124
1354 127
1354 1318
1354 1457
1457 120
1457 121
1457 124
1457 127
120 801
120 172
120 121
120 124
120 127
121 801
121 587
121 1432
121 127
121 124
127 124
127 801
127 1424
124 1432
124 570
124 1256
110 860
860 1057
860 977
122 708
122 737
122 125
122 1265
122 1460
122 214
122 479
496 143
496 1033
496 1034
496 1181
496 850
496 1502
496 877
496 1261
113 848
113 969
969 816
969 1136
969 1041
969 970
114 1226
1226 977
1226 1270
115 567
567 265
567 488
567 1169
567 1427
567 1268
567 1125
567 1148
116 1398
1398 1029
713 1290
1356 1223
126 1396
1408 159
1408 492
1408 712
1408 879
1408 1237
1408 1298
850 925
850 851
1402 573
940 280
940 890
1460 773
1460 890
801 1431
801 1491
801 1397
801 922
587 1248
587 970
708 332
708 664
708 1199
708 825
708 1248
708 1125
737 1216
737 1265
737 1358
125 480
125 479
1265 1358
214 643
479 480
479 810
479 1298
927 720
927 828
1320 1256
570 280
570 368
570 1285
570 922
570 957
570 1488
570 1499
570 1268
1256 206
1256 1431
1396 1438
1424 520
1424 691
1424 1148
130 457
130 1311
457 839
457 1122
1311 442
1311 933
1311 979
1311 1318
425 1034
1515 1197
1515 1428
132 813
813 482
813 632
813 648
813 1427
813 1430
813 825
813 1343
813 978
813 1492
813 1401
1537 1499
1537 1504
718 536
718 834
247 189
247 384
247 899
247 1089
247 650
247 533
247 1047
247 597
247 1141
814 439
814 1397
330 556
330 971
330 712
330 714
330 1244
330 1508
330 997
342 833
342 1040
879 209
879 295
879 484
879 519
879 536
879 631
879 679
879 875
879 1216
879 961
879 1089
879 979
879 1268
387 1206
387 955
664 180
664 221
664 332
664 468
664 523
664 833
664 780
664 1017
664 825
1502 519
1502 926
1122 820
1122 1235
1122 1142
615 1513
615 1516
615 750
681 484
681 1125
139 1306
139 1270
1306 265
1306 572
1306 1109
1306 1165
1270 418
140 1037
140 1125
1037 265
1037 970
1125 240
1125 488
1125 519
1125 607
1125 676
1125 679
1125 803
1125 857
1125 977
1125 1200
1125 1403
143 807
807 1375
1540 226
1540 1365
519 810
523 359
573 1201
573 1074
573 1086
621 1419
621 1041
665 1316
1223 190
1223 679
205 1527
773 743
773 1220
803 676
803 679
803 1200
803 1480
845 847
389 326
389 361
389 1292
389 785
389 478
389 618
475 1338
419 997
419 1148
424 289
424 305
424 800
424 650
424 1531
424 925
471 159
471 1216
471 1041
997 556
997 887
997 1105
997 1148
374 622
374 911
169 1249
827 622
148 769
769 223
793 1303
1086 410
1086 418
1086 1485
1086 1386
1086 1146
155 978
155 1254
978 488
1254 182
1254 834
410 781
820 772
226 1062
926 604
926 1199
159 1064
159 1267
159 1553
159 825
1064 619
1553 305
825 332
825 1419
825 1183
825 1248
160 851
875 631
875 960
679 240
679 676
679 1168
679 1169
679 693
679 977
1240 555
1240 1124
1240 1324
1531 393
1531 652
986 1328
240 231
240 975
1344 364
1499 809
1499 1065
1499 1089
1249 622
1249 911
1050 346
1050 1318
265 529
265 568
265 869
265 488
1488 1139
180 417
180 1017
711 712
711 714
714 206
714 712
714 1029
714 1244
1244 206
1244 712
1244 1029
179 622
622 564
622 579
622 970
622 1436
743 821
185 673
185 810
673 305
673 345
673 597
673 1206
673 1054
810 421
810 536
186 1417
604 772
190 955
955 536
1039 800
781 890
484 564
484 890
1201 251
1201 1165
223 512
223 1292
223 1169
223 1430
223 279
223 857
223 607
223 868
223 1128
223 488
976 1404
489 490
195 824
195 596
824 596
1541 685
815 1184
1109 1292
699 857
1216 346
564 1243
564 858
564 1273
652 572
652 650
652 1534
719 357
855 1259
858 890
1123 1199
1527 1513
1527 1526
206 1489
209 1334
643 497
643 597
643 1153
643 817
643 1431
643 1172
1287 354
1287 947
1075 598
1075 1318
1075 1076
1054 1184
1054 1501
1324 516
1324 630
1501 1318
993 1147
508 1365
364 630
221 899
221 900
899 1269
899 982
900 982
222 354
354 1318
354 1365
512 279
1292 279
1292 1231
1292 1365
1169 676
1169 753
1169 1168
1430 838
1430 1062
279 1513
857 1427
857 1200
857 1485
607 676
488 529
488 1299
488 561
488 1124
488 785
911 754
295 655
1062 357
1062 1153
1318 388
1318 403
1318 763
1318 1300
1318 1339
1318 1481
403 1345
403 932
403 1339
547 1303
547 890
357 536
877 1491
1268 347
1268 865
1268 961
1268 1089
237 368
1513 750
1513 1487
1513 1516
755 390
963 296
235 914
331 922
331 1148
887 1148
1008 933
1238 384
1238 1485
1248 332
1248 890
1341 1148
326 828
853 1326
1481 933
242 1384
243 289
243 1239
632 787
817 506
867 251
1014 869
650 572
650 653
533 1231
251 1136
1451 1377
1181 546
1181 821
1181 1484
1485 1386
1485 1487
1326 1172
1299 1298
1299 1427
800 1427
1445 771
1445 1290
305 294
305 653
305 1427
568 572
572 1127
572 1259
1113 511
1113 1112
1113 1504
1259 866
1112 511
1112 1504
1112 1533
266 390
1508 971
1285 1184
1040 1459
332 346
890 1074
1479 662
1146 1319
361 1530
653 1015
1199 537
1124 555
1258 536
1258 902
947 560
970 1302
1516 750
922 680
828 423
828 758
1165 961
497 506
712 1029
1148 1484
339 902
339 536
902 536
902 1023
536 506
536 1023
1487 698
1487 1386
358 821
1150 537
1021 1423
555 1242
418 1373
426 1325
1325 1483
490 1491
574 1437
1443 834
1358 809
504 903
506 1272
866 1483
528 598
546 832
550 1130
552 1003
1243 1273
750 1535
1439 805
1556 1557
1640 1646
1642 1647
1676 1678
1739 1749
1744 1745
