1558
0: 372 1101 766 
372: 0 163 232 278 336 342 362 776 1292 401 914 1061 557 943 1073 1213 831 706 481 1232 723 1374 991 1507 620 1389 1008 592 
1101: 0 57 103 136 262 311 322 338 352 424 495 498 552 592 601 610 629 635 650 652 672 716 770 771 800 830 886 896 902 921 978 989 1006 1027 1050 1072 1085 1241 1443 1449 1464 1476 1548 1355 1104 1125 1131 1400 
766: 0 245 330 362 571 580 611 939 1229 1391 1489 1310 1215 
163: 372 640 657 639 1449 106 1180 812 988 995 1473 526 474 694 974 888 17 88 620 135 38 1174 776 278 665 411 285 416 695 1208 1465 1221 1355 878 879 1138 
232: 372 1449 45 495 1115 920 930 101 636 1103 1330 1355 1229 1348 901 29 68 89 156 1537 670 688 679 1072 1054 1090 1513 755 
278: 372 163 1053 349 1390 522 812 646 1159 464 513 1137 495 1009 1277 661 459 498 635 1068 1085 526 474 907 1293 601 525 943 690 1195 1550 557 1392 245 888 17 18 53 102 134 146 166 176 183 187 225 238 276 527 561 567 591 1125 1138 633 643 679 688 706 707 1200 465 1263 763 769 770 779 1296 803 305 1361 1364 857 1374 872 362 1391 1403 1489 402 1427 411 415 416 443 1480 977 469 1497 991 488 1005 503 
336: 372 640 1194 844 613 639 1032 522 826 366 464 513 1294 1310 290 1371 495 635 987 1188 216 420 526 348 907 951 593 557 101 636 86 649 1374 991 66 25 239 218 312 335 1024 770 773 908 415 673 966 1318 424 1069 1033 445 831 1477 582 1224 778 802 721 1034 1367 993 354 875 1132 850 880 370 503 377 763 1221 1362 383 
342: 372 1011 1277 175 194 135 137 262 1229 263 672 224 882 322 1410 1409 779 1450 833 1040 
362: 372 766 278 1442 46 191 989 1068 263 1198 1476 465 722 469 82 144 150 275 387 817 855 1402 
776: 372 163 495 1009 593 1389 88 620 135 262 1355 391 1465 1497 1073 1387 1228 168 1414 779 306 367 1446 957 1022 
1292: 372 1449 495 311 499 896 526 1166 888 1036 1374 872 1138 1020 1203 389 223 1109 279 1231 1365 
401: 372 526 1379 1389 620 1497 1138 75 142 902 1258 1496 1109 536 
914: 372 1449 349 337 495 1193 987 299 1215 526 241 1355 942 1425 1152 444 789 1378 235 
1061: 372 46 844 98 1394 408 100 430 366 748 1193 1115 435 228 526 994 17 75 156 261 321 334 481 491 496 763 768 836 864 873 1132 1291 1181 1321 1268 1223 
557: 372 278 336 640 1053 433 215 1518 639 1449 1390 934 40 812 430 191 646 1159 1407 1219 1546 1539 1310 495 1009 386 1548 531 311 1277 459 988 635 1435 987 1006 308 1188 1068 432 435 1085 725 1280 283 930 420 953 270 228 16 1545 907 760 525 1329 1195 201 593 53 61 72 75 80 101 117 118 123 183 241 245 274 281 295 302 322 355 389 409 415 447 469 503 1024 1025 1374 558 570 571 1084 573 1089 605 620 631 636 641 1387 649 1168 1305 1221 675 1478 1200 1208 884 700 1217 1218 709 1222 1229 1234 734 745 1267 1268 1284 778 781 1069 792 822 842 1362 1365 1373 898 1375 656 875 1410 1392 1257 888 1402 1408 908 1421 924 1207 1521 949 695 963 966 1479 1480 1497 991 1022 
943: 372 278 495 526 474 16 907 1293 61 80 87 223 276 389 461 469 567 702 723 724 770 888 941 1550 1226 1106 1125 1138 1365 
1073: 372 776 248 1449 495 1473 526 723 1389 888 1355 872 20 263 142 144 177 269 281 419 548 686 770 1169 1365 1364 1109 
1213: 372 1194 905 459 11 996 135 398 620 
831: 372 336 1449 106 100 337 495 562 453 749 612 1079 1337 1229 991 335 218 1233 1247 355 1391 210 237 312 354 508 575 1041 1461 1362 993 
706: 372 278 46 613 1394 812 988 526 474 532 601 1329 723 888 1104 1330 829 991 571 859 465 370 53 225 295 341 347 492 504 527 530 544 547 655 674 679 902 777 1474 1367 
481: 372 1061 349 1180 258 337 1193 526 690 888 351 239 350 1043 1174 87 64 186 240 331 343 419 1041 1444 586 1102 997 
1232: 372 1449 50 1095 690 1208 1317 1179 272 147 168 330 443 785 950 1508 
723: 372 943 1073 706 1442 876 1115 526 16 1329 690 86 144 223 443 676 701 713 1541 1065 724 864 866 1125 888 
1374: 372 278 336 1292 557 1092 613 1159 1380 136 50 988 283 270 526 348 1166 436 593 101 245 888 636 17 578 1104 86 88 1208 75 80 210 211 279 285 354 355 357 381 411 416 488 493 533 547 677 703 707 714 728 773 817 848 857 978 991 1110 1141 1152 1158 1196 1203 1248 1284 1316 1349 1465 1485 1397 1385 1429 
991: 372 278 336 557 831 706 1374 640 1053 1194 844 736 613 639 1449 1032 905 1177 1308 826 989 366 464 513 1294 1310 290 990 1380 495 1009 987 1188 216 270 907 1329 593 1550 123 18 86 234 649 29 197 210 218 238 312 370 377 415 445 488 547 571 582 618 621 667 673 740 744 763 770 773 778 779 792 821 825 850 861 875 908 966 1033 1034 1064 1132 1156 1221 1196 1217 1224 1338 1268 1296 1312 1318 1327 1421 1005 993 1506 998 1362 1020 
1507: 372 1390 50 702 245 1208 1355 1317 1179 272 611 147 169 330 443 523 827 1105 1508 
620: 372 163 776 401 557 1213 1053 200 736 613 349 100 1390 905 660 430 191 1019 1294 659 337 1548 531 1193 1277 661 1227 896 830 1095 526 474 690 101 1389 245 888 636 17 86 88 35 82 85 89 135 159 176 239 247 315 354 367 391 501 536 548 556 559 580 942 1043 1147 1153 877 1178 1391 705 1228 1229 1230 1233 1246 1256 1264 770 779 1296 787 1304 802 817 829 1355 1357 857 872 1397 937 941 1465 671 1109 
1389: 372 776 401 1073 620 433 1310 495 526 474 16 690 17 30 86 88 135 176 203 285 412 781 1025 1138 1233 1355 1521 
1008: 372 1053 844 935 843 238 933 
592: 372 1101 98 1011 1449 1189 40 1048 175 245 1104 241 407 605 224 882 952 28 159 280 321 449 491 1154 779 927 814 1233 619 1004 
57: 1101 1407 672 917 1409 
103: 1101 640 1315 1447 200 613 639 349 161 366 1159 1307 1137 495 385 311 313 316 1277 1227 1006 896 725 356 228 65 245 636 1103 1264 1355 942 104 25 80 641 895 871 396 1549 654 239 1049 1441 1203 686 303 1331 949 566 1463 197 1350 1102 1361 1230 854 1496 207 351 738 634 491 1004 1391 1099 1521 505 1022 
136: 1101 1374 1194 1067 1390 430 191 646 1019 659 1137 1193 1277 8 81 82 135 770 1346 526 1296 276 548 939 814 1288 1330 1463 321 578 1355 718 1493 988 1122 635 228 615 1471 1521 247 241 636 686 
262: 1101 342 776 161 313 1297 216 17 1036 18 1104 1208 20 115 139 148 176 251 1366 263 265 1037 1299 1306 924 800 1445 424 305 1203 568 572 317 319 779 1093 1353 1355 1228 1229 382 1529 1113 1252 872 1259 1427 879 447 1112 1022 
311: 1101 1292 557 103 1442 1194 200 844 433 736 98 613 1518 1281 408 349 1032 660 161 430 826 1214 191 837 646 366 1007 1019 400 659 290 1137 1096 495 1009 7 385 386 267 1548 531 277 164 1193 733 17 76 86 104 135 144 201 228 238 241 295 297 302 427 526 429 532 535 538 1059 558 605 570 576 1291 1095 1099 1102 1103 355 1117 1553 635 636 1161 1178 685 686 692 1227 715 1229 1230 1400 725 735 738 1253 744 1277 770 898 1297 1329 313 316 843 1361 1370 350 351 1379 871 872 879 888 377 1006 1435 415 939 941 942 949 953 1355 453 459 986 987 988 999 491 1521 1529 
322: 1101 342 557 1053 844 613 1308 1019 1310 495 1006 283 270 526 348 694 101 245 888 1079 88 135 1208 741 1337 1406 1465 21 87 148 288 297 1025 770 878 726 1542 1410 1169 1427 410 547 1066 1324 814 879 1331 1333 573 1228 463 1154 744 1257 
338: 1101 451 
352: 1101 
424: 1101 336 262 1449 1521 144 651 289 305 800 650 1531 925 
495: 1101 232 278 336 776 1292 914 557 943 1073 831 991 1389 103 311 322 613 248 1281 1449 106 408 6 1189 40 1415 45 430 837 989 513 1294 1310 290 1096 990 16 28 30 35 42 51 66 73 76 85 86 88 101 128 148 164 176 197 201 208 209 211 223 228 238 240 241 265 276 277 283 285 307 308 309 313 316 335 351 365 370 377 391 407 415 429 451 459 463 465 469 477 488 491 493 1025 1026 1027 517 1031 1035 1036 1549 526 527 530 1046 537 1370 1541 555 1068 1070 565 567 570 863 1088 1059 1095 587 1102 525 1104 1108 601 605 1132 626 1141 632 633 635 636 649 1162 1164 1166 1079 879 977 1075 1193 683 1138 686 1200 690 1203 1208 1210 699 714 702 1216 1223 712 1226 715 1241 1244 1246 1249 741 1233 1263 755 1271 1275 765 770 1284 779 1293 1296 1304 803 1152 1324 1326 816 1329 735 829 1349 842 1355 1357 1361 1362 676 1364 740 858 861 1379 871 872 875 878 1391 1392 1397 1399 888 1343 896 814 901 1247 907 1005 1425 1427 751 1548 1435 497 939 1458 953 850 957 958 1473 1476 1443 983 1497 1550 987 988 1499 558 1519 496 1521 1125 1524 1525 502 1527 504 1529 508 509 1109 
498: 1101 278 640 613 1518 248 638 639 349 430 1214 323 989 366 483 1310 337 990 1193 1277 8 459 18 38 53 55 80 144 168 201 270 275 276 308 317 334 356 409 411 429 457 461 641 642 778 1036 695 878 792 1052 1207 542 801 1435 971 939 1324 605 953 571 693 539 1473 836 709 1237 1263 603 988 1386 679 621 829 1264 915 707 1146 635 
552: 1101 786 829 1519 901 735 1108 686 1003 
601: 1101 278 706 495 433 1219 1435 526 474 16 173 223 238 354 517 1497 1391 829 708 850 857 746 1392 1138 888 
610: 1101 531 988 1095 16 51 1094 878 879 1208 829 
629: 1101 1452 157 
635: 1101 278 336 557 136 311 495 498 1067 844 433 215 98 613 248 1449 1032 905 1180 826 1214 191 646 1368 366 1019 1539 1310 1137 990 1009 386 178 1115 1277 661 9 774 93 10 85 96 101 135 183 187 197 204 216 239 241 270 271 274 275 279 283 302 307 308 309 326 394 395 415 427 496 500 503 505 507 524 535 594 621 622 1025 1059 1071 1077 1085 1093 1114 1132 1298 636 1174 1201 694 695 1210 1217 707 711 712 1234 974 739 749 1266 1269 1270 773 818 1332 829 830 1346 907 1348 843 1367 857 1370 862 864 1379 871 883 888 889 895 1414 1421 1424 1435 1438 942 1473 1355 1015 1485 1486 987 1502 1020 
650: 1101 424 1449 412 1317 941 651 247 652 572 653 
652: 1101 650 313 412 608 203 1241 1531 572 1534 
672: 1101 342 57 639 1180 1189 835 420 953 300 1079 1104 889 20 263 1425 75 285 297 298 332 378 496 559 670 1027 1412 909 910 752 939 949 1463 1212 707 708 697 825 1500 1501 1248 737 1488 882 887 
716: 1101 1337 548 917 1016 
770: 1101 278 336 943 1073 991 620 136 311 322 495 1449 106 1189 1214 1310 990 1277 987 973 1297 526 474 907 1293 1455 1392 888 1103 135 137 1208 872 889 924 1497 1529 1026 1413 239 176 465 836 285 42 95 148 166 168 240 276 305 527 529 530 567 572 607 633 679 1541 1424 1200 803 781 1361 1391 1553 1480 1203 857 1210 1168 1128 1263 878 1521 1526 1328 1403 1022 1125 
771: 1101 1387 1445 
800: 1101 262 424 366 317 1203 1450 1039 1427 
830: 1101 620 635 1053 613 248 639 1281 1449 161 1539 290 531 1288 749 13 1046 52 66 88 172 206 390 466 537 586 662 711 904 1161 1496 1205 1400 940 1272 1416 1252 1527 
886: 1101 46 1308 1539 261 48 273 445 1365 
896: 1101 1292 620 103 495 844 349 1159 1548 316 1277 13 207 491 507 565 576 725 737 843 854 1216 1441 937 941 1355 908 1005 1144 
902: 1101 401 706 876 1497 341 1496 1258 339 536 1023 
921: 1101 1053 1180 989 1407 258 1546 464 400 93 348 1379 245 1355 395 1229 1198 1026 66 451 427 507 203 80 37 42 54 151 225 252 266 333 374 564 580 591 634 648 707 713 744 814 1409 1283 1038 1295 1245 1050 1196 1457 1458 1331 1463 1221 1358 1492 998 1002 1132 1521 1427 1143 
978: 1101 1374 872 813 155 488 
989: 1101 362 991 495 498 921 4 1442 1194 613 248 639 1010 775 1032 1177 414 826 1214 837 101 117 184 193 207 216 218 238 241 258 260 268 295 302 318 335 366 370 377 383 386 389 459 513 525 536 562 578 582 585 615 636 641 649 673 679 709 721 734 735 748 773 779 786 793 803 805 816 821 829 850 878 879 907 933 939 957 961 973 988 1545 1034 1548 1550 1072 1085 1089 1114 1132 1138 1142 1217 1200 1205 1224 1227 1229 1241 1248 1407 1293 1294 1242 1310 1312 1318 1410 1329 1361 1338 1402 1262 990 1004 1125 
1006: 1101 557 103 311 322 640 1194 200 844 433 215 613 1449 349 1390 1032 161 430 1007 1019 1407 483 659 1137 385 1193 313 1277 988 1227 10 973 81 101 144 154 156 216 228 239 261 263 283 289 407 427 436 484 526 528 558 573 578 585 593 605 636 677 686 692 707 709 713 783 871 872 874 878 879 898 949 998 1024 1027 1050 1094 1095 1099 1102 1103 1208 1228 1229 1230 1264 1410 1299 1355 1379 1178 1438 1453 1473 
1027: 1101 495 672 1006 613 646 366 1294 659 1115 1277 835 1297 356 1195 593 86 1208 1529 1348 351 239 285 949 656 238 909 1521 1441 298 461 150 301 545 890 1023 1184 
1050: 1101 921 1006 613 366 1007 290 175 216 526 1083 1079 1104 842 1230 288 843 1228 1305 1521 346 1318 
1072: 1101 232 989 1442 844 433 98 613 639 349 100 905 660 430 191 366 1019 659 1369 990 1193 661 774 987 308 1085 888 1104 241 80 183 864 843 600 999 238 105 91 310 378 1165 1361 
1085: 1101 278 557 635 989 1072 640 1053 1194 844 215 613 1394 639 1186 1032 414 161 935 1308 1214 837 366 1019 1546 464 563 1539 659 1307 1371 990 1149 531 1193 313 1277 987 1288 749 13 299 1473 1046 920 435 17 52 72 96 104 117 132 172 238 241 297 300 356 368 403 415 427 523 558 574 577 586 590 593 600 616 637 641 655 664 709 725 738 739 741 744 777 778 799 843 850 854 864 919 929 930 949 1005 1031 1033 1034 1042 1071 1083 1114 1138 1157 1161 1221 1187 1206 1210 1217 1222 1229 1252 1257 1239 1301 1361 1379 1386 1086 1397 1400 1413 1416 1485 1487 1525 1527 
1241: 1101 495 652 989 1010 1260 97 1031 1282 415 166 1088 779 1391 251 520 651 653 679 1240 1306 1268 1533 1534 
1443: 1101 495 1310 451 1005 1022 834 
1449: 1101 163 232 1292 914 557 1073 831 1232 991 592 424 495 635 650 770 830 1006 640 1442 1315 433 638 2 9 14 29 30 48 51 65 66 76 80 88 91 93 100 104 106 124 127 131 132 134 135 142 153 154 168 170 173 176 179 201 203 216 222 239 240 242 251 264 270 272 276 283 290 292 297 303 313 316 317 318 324 325 326 327 328 335 337 349 351 355 357 366 374 392 399 400 408 412 415 416 417 418 422 427 428 432 436 448 451 453 465 473 474 515 522 524 525 526 529 534 542 544 548 553 558 572 574 575 578 582 584 587 593 612 616 617 622 623 637 643 644 649 656 670 690 699 700 707 708 711 712 730 750 756 758 763 767 780 795 802 806 808 811 816 829 835 838 839 848 855 858 862 871 872 878 881 882 890 893 895 897 907 909 911 918 928 929 941 944 951 953 958 961 964 965 971 1016 1028 1032 1047 1058 1079 1103 1108 1115 1116 1120 1126 1128 1130 1132 1147 1152 1159 1166 1180 1183 1185 1191 1192 1195 1197 1206 1221 1233 1238 1244 1247 1249 1253 1254 1259 1264 1266 1268 1277 1285 1291 1293 1295 1300 1302 1307 1313 1314 1320 1324 1332 1335 1343 1344 1348 1356 1362 1366 1369 1371 1373 1378 1379 1388 1390 1393 1396 1399 1406 1407 1408 1410 1424 1434 1435 1445 1537 1547 1460 1453 1470 1473 1450 1549 1488 1492 1496 1508 1510 1532 1524 1527 1530 1531 
1464: 1101 1281 1467 609 17 88 135 137 229 394 656 773 949 
1476: 1101 362 495 531 1115 1227 216 1550 1031 1079 1103 829 1355 1229 1198 35 1043 548 85 80 82 114 120 144 157 298 328 346 502 671 718 765 890 1153 1256 1354 1357 1521 
1548: 1101 557 620 311 495 896 989 200 1518 639 349 1032 366 990 1009 7 386 77 124 159 216 247 277 313 316 453 565 571 690 715 733 842 848 942 1022 1079 1095 1110 1117 1140 1208 1212 1227 1230 1247 1256 1296 1298 1299 1346 1357 1391 1431 
1355: 1101 163 232 776 914 1073 1507 620 1389 103 136 262 311 495 635 896 921 1006 1476 844 215 1010 1390 1032 161 1214 323 366 1007 1137 1380 385 386 267 531 164 562 178 313 1115 1277 835 987 973 299 1473 216 228 795 526 474 348 1522 300 702 974 1550 609 245 888 17 1036 18 1079 1103 1104 135 1191 1337 1342 35 68 71 82 104 120 128 156 169 193 203 224 229 251 265 285 317 319 327 412 471 502 530 538 570 590 605 608 634 641 668 692 707 722 735 740 744 773 779 781 792 797 801 855 862 863 871 884 887 889 940 944 949 954 958 986 1005 1022 1040 1056 1074 1102 1121 1131 1152 1154 1183 1210 1224 1228 1229 1248 1254 1271 1284 1299 1331 1400 1370 1427 1406 1458 1475 1488 1508 1521 1529 1533 
1104: 1101 706 1374 592 262 495 672 1050 1072 1355 646 366 531 1277 299 245 17 1103 88 135 157 570 997 1348 1228 1110 1521 1400 1530 
1125: 1101 278 943 723 495 770 989 191 1407 1310 930 526 474 907 1455 1195 1392 888 1208 241 829 872 1497 1529 176 370 415 166 238 1296 276 633 1263 779 1361 1196 1391 527 567 708 681 140 240 488 519 607 676 679 803 857 977 1200 1403 
1131: 1101 1355 349 1390 1007 1159 1380 987 973 953 974 1550 942 1229 605 1348 104 239 949 904 667 1234 789 669 94 644 701 890 1431 1438 1396 
1400: 1101 311 830 1085 1355 1104 349 1180 161 400 659 1137 1149 385 386 267 531 164 733 1117 1277 936 1550 1103 924 942 239 288 37 197 71 206 521 559 986 1254 
245: 766 278 557 1374 1507 620 592 103 322 921 1355 1104 385 283 270 1253 16 1545 1166 694 593 609 17 18 20 80 88 104 135 182 189 211 234 235 236 238 241 512 1538 1542 578 1429 279 913 547 862 632 1196 558 817 1205 695 1208 867 1141 857 963 324 1349 1222 455 1296 1226 461 1365 854 1497 829 985 872 354 355 868 997 310 1138 1523 1014 895 
330: 766 1232 1507 715 1227 1070 690 201 135 1246 1230 808 1179 272 611 147 861 917 1357 556 971 712 714 1244 1508 997 
571: 766 557 706 991 498 1548 46 736 1281 349 100 430 191 366 258 1310 277 1193 988 1435 953 1028 101 241 829 1342 605 1026 24 74 80 81 144 238 239 254 281 344 363 399 441 461 537 558 645 906 1154 788 878 1222 806 1331 735 696 582 1102 859 898 1506 1397 1069 
580: 766 620 921 640 248 639 659 1310 290 50 1031 415 411 416 559 1132 1325 
611: 766 1507 330 50 949 1179 677 272 147 1508 1051 971 
939: 766 136 311 495 498 672 989 1053 248 1189 1214 1407 1546 1294 990 230 267 920 930 953 474 1293 760 249 1392 1208 829 1229 605 85 1207 864 42 144 377 415 461 491 750 779 1024 1408 1154 1414 1305 1434 1391 1290 1234 979 1121 1521 1524 958 1470 
1229: 766 232 342 557 831 620 262 311 921 989 1006 1085 1476 1355 1131 939 46 433 613 408 349 100 1390 660 1214 1007 1546 659 1096 337 990 385 386 267 1193 313 1277 661 459 1435 987 1297 1473 1280 534 930 953 228 526 271 1329 1314 1550 636 18 1103 1264 241 829 1342 942 1529 42 75 77 80 85 119 153 159 167 203 229 239 253 255 263 276 321 350 370 381 384 409 427 463 469 484 507 517 523 544 547 548 564 588 605 621 645 709 773 789 878 915 952 998 1004 1140 1152 1154 1210 1217 1228 1295 1387 1243 1245 1257 1272 1305 1324 1326 1501 1359 1508 1370 1421 1519 1441 1463 1468 1361 1521 
1391: 766 278 831 620 103 495 601 770 1241 1548 1125 939 1180 1473 283 953 1095 526 907 1293 1392 888 1031 1036 1208 241 829 872 391 1497 85 465 447 1284 415 502 238 517 276 416 463 777 1361 223 381 493 523 567 643 963 977 1099 1168 1223 1226 1362 1364 1403 1431 1427 
1489: 766 278 502 206 
1310: 766 336 557 991 1389 322 495 498 635 770 989 1443 1125 571 580 640 1053 1442 46 844 215 736 613 248 6 1032 935 1308 826 1019 1546 464 513 1294 17 20 25 26 29 58 101 178 183 211 216 218 228 230 238 239 241 260 261 263 302 312 313 335 354 370 377 383 411 474 488 526 530 573 582 593 649 651 661 667 673 707 721 740 760 763 773 779 821 850 879 884 889 907 961 990 1024 1028 1033 1064 1084 1088 1093 1118 1132 1156 1215 1224 1244 1538 1369 1545 1317 1318 1367 1410 1414 1421 1450 1472 1529 
1215: 766 914 1310 1053 46 613 349 161 934 935 1415 646 246 1546 400 1137 987 1297 308 13 20 71 88 132 156 206 281 314 350 357 384 444 457 489 656 665 692 735 789 918 930 994 1026 1187 1210 1413 1324 1328 1234 1238 1521 
640: 163 336 557 991 103 498 1006 1085 1449 580 1310 1 5 16 17 23 31 40 46 53 54 61 98 117 118 126 144 191 197 207 216 227 248 251 261 275 284 290 317 318 366 392 396 407 411 415 416 425 427 432 461 499 501 526 566 587 602 613 637 638 639 1032 1033 1034 941 1052 1053 1083 1550 1114 1132 1149 641 645 1159 657 658 1180 1181 1189 1308 690 694 1214 1219 1226 717 722 1402 736 1264 762 781 1294 805 814 818 839 844 850 866 870 874 1394 1342 889 890 1407 906 907 1433 930 942 945 946 953 1439 757 966 760 1187 919 990 1518 1522 1019 
657: 163 1 640 46 100 101 223 248 264 321 366 411 415 459 573 590 613 637 639 1539 900 1031 812 658 899 1518 1174 1180 802 1194 683 1196 1067 1408 694 695 1346 976 760 829 1264 1522 1526 1527 1402 1407 
639: 163 336 557 991 103 498 672 830 989 1072 1085 1548 580 1 640 657 1053 945 844 613 1518 1394 248 638 16 44 53 54 117 191 197 207 227 234 239 275 283 290 309 313 317 318 353 360 366 385 396 398 407 411 415 427 448 510 513 523 587 637 1032 1083 1093 1467 1132 1149 641 653 1169 1180 1189 679 683 690 694 1219 717 725 1402 1255 1264 761 762 783 791 1308 1317 1320 814 839 843 870 829 887 889 890 906 919 908 928 930 1522 946 953 1439 972 1485 760 1187 990 848 996 1004 
106: 163 831 495 770 1449 284 1522 829 85 1208 888 239 1390 1362 1095 1094 609 2 9 1155 395 408 1474 1099 589 1366 863 319 382 
1180: 163 481 635 672 921 1449 1400 1391 640 4 5 657 1053 1067 844 613 1394 248 639 23 40 290 366 415 1032 1550 1132 1177 51 80 86 183 189 288 323 343 355 414 436 492 543 563 578 661 697 703 735 748 792 904 908 909 910 919 946 966 1019 1025 1079 1094 1095 1115 1142 1473 1262 1308 1441 1329 1313 1238 1413 1217 1493 1402 1252 
812: 163 278 557 706 4 657 200 613 1394 1407 86 350 429 1195 1296 
988: 163 557 706 1374 136 311 495 498 610 989 1006 571 216 1550 1308 781 1342 1407 907 953 990 1019 522 646 464 483 181 1408 1208 86 270 370 530 558 739 878 888 1036 1115 1103 1277 234 469 1137 1506 1390 1329 605 593 1233 778 80 1140 979 502 875 1268 14 75 135 1291 1305 920 294 679 474 1079 1221 8 229 334 354 519 536 676 709 742 859 1280 1025 1089 1102 1337 
995: 163 85 1010 1521 9 1147 1259 202 1455 
1473: 163 1073 495 498 635 1006 1085 1449 1355 1229 1391 1053 46 945 613 1394 248 17 118 126 144 366 392 416 432 602 1032 1550 1180 1342 942 919 775 522 1177 934 464 573 25 270 370 435 530 725 888 1009 1186 1277 1137 835 1435 12 20 122 211 283 285 289 302 357 384 387 391 462 474 490 577 585 605 609 615 623 633 634 707 709 719 726 745 751 765 773 813 959 994 1025 1046 1058 1154 1203 1205 1217 1221 1253 1256 1257 1313 1367 1386 1395 1410 1421 1549 1514 1482 1513 1516 1524 
526: 163 278 336 1292 401 914 1061 943 1073 706 481 723 1374 620 1389 136 311 322 495 601 770 1006 1050 1449 1355 1125 1229 1391 1310 640 1053 1194 17 53 144 197 261 275 499 349 1390 905 464 483 181 513 1137 990 385 386 277 164 733 313 1277 459 893 93 628 987 1297 1068 283 930 228 15 18 33 42 43 44 66 74 75 76 84 88 102 104 134 135 137 140 148 166 169 176 229 239 250 256 276 279 285 305 307 328 334 360 375 463 465 488 491 493 512 517 523 525 825 1025 1045 539 1541 547 548 1331 605 1079 1083 572 1035 609 781 594 1550 527 1118 1121 612 871 530 872 1138 633 1154 1178 667 673 679 567 690 697 704 1217 707 545 713 1226 1200 722 724 740 1242 735 737 977 1099 763 769 1283 1284 1287 778 779 1293 1296 803 815 648 1339 1342 1077 846 1361 676 1337 857 741 1124 1168 866 1103 1392 1397 888 889 1402 1403 1406 907 1421 926 1453 947 949 1455 1465 586 1128 963 1480 578 561 1529 1497 1499 817 1513 1346 1521 1017 1532 
474: 163 278 943 706 620 1389 601 770 1449 1355 1125 939 1310 16 17 197 415 1083 1550 1226 1294 907 161 430 1031 829 238 241 578 864 878 888 1036 1473 1387 1329 1296 1095 593 949 80 15 1293 872 893 879 135 977 857 1379 1497 1361 276 465 988 36 265 279 305 306 1540 517 525 1455 1541 567 572 1099 527 1124 1138 1162 1168 1200 702 1223 1242 1257 1259 1263 779 1299 1324 1358 1363 1450 1478 1499 480 488 1513 493 
694: 163 322 635 245 640 657 46 638 639 16 144 197 415 637 641 1009 760 101 148 223 503 1551 1174 802 1207 695 1239 998 1020 
974: 163 635 1355 1131 16 197 1264 1342 930 223 578 749 1277 349 1020 973 1380 764 1396 1485 656 1238 669 1234 702 52 667 904 924 1438 
888: 163 278 1292 557 943 1073 706 481 723 1374 620 311 322 495 601 635 770 1072 1355 1125 1391 1053 433 613 16 17 118 144 191 317 415 416 427 526 1550 1114 1214 781 1294 953 161 430 101 1031 695 829 774 1208 96 183 238 240 241 270 413 513 578 661 792 799 878 1281 1186 106 1390 988 893 1435 1297 1473 1095 228 474 1162 1293 525 1329 702 201 1379 1392 18 37 80 87 142 148 209 225 229 239 288 305 341 376 377 402 465 471 480 488 517 519 527 567 577 636 656 676 679 769 779 785 803 823 857 859 872 875 879 1540 1035 1036 1541 1065 1025 1094 1102 1037 1124 1169 1079 1200 1203 1217 1223 1228 1242 1259 1268 1296 1299 1324 993 1361 1363 1376 1385 1406 949 961 1480 979 1497 1103 1499 998 1513 1005 1020 
17: 163 278 1061 1374 620 1389 262 311 1085 1464 1355 1104 245 1310 640 1194 736 613 349 100 1390 1032 905 522 430 1467 366 1019 181 1193 1115 1277 1452 308 1473 268 283 965 1095 526 474 1028 1083 101 888 762 636 1031 1035 1036 18 32 1079 578 524 1103 86 88 1157 135 137 1178 1191 683 1208 741 234 1264 241 264 1301 1330 649 1337 829 1342 1346 842 872 889 1406 1173 391 395 407 924 412 1453 942 1465 1497 1529 
88: 163 776 1374 620 1389 322 495 830 1449 1464 1104 245 1215 613 17 526 889 430 1467 646 181 101 1031 829 1036 1103 636 18 228 234 308 1390 897 491 1406 1193 702 1079 30 35 1542 1176 1178 135 1453 1330 1078 1087 707 968 391 1228 1364 1529 229 367 
135: 163 342 776 1213 620 1389 136 311 322 635 770 1449 1464 1355 1104 245 330 613 17 191 526 1308 814 874 889 942 660 430 1467 483 181 101 264 1031 683 1208 47 659 725 878 1036 1103 1521 1465 636 18 308 1137 1297 1390 348 1296 718 1281 297 1406 879 81 281 1193 88 988 474 702 1079 1157 35 82 1537 1087 1145 648 1176 1178 686 1228 741 247 1295 276 811 1330 343 871 360 381 387 391 664 1453 1463 842 1471 968 1502 1001 1529 
38: 163 498 736 407 645 1189 953 430 86 661 864 1115 239 1069 80 299 
1174: 163 481 635 657 197 415 637 1181 694 1009 131 1068 1280 86 35 58 69 389 503 510 574 695 802 873 1020 1551 1445 1207 
665: 163 1215 144 349 973 1316 
411: 163 278 1374 498 580 1310 640 657 1053 736 1518 248 638 639 54 191 197 522 1159 283 953 1522 760 794 761 1036 741 234 1264 829 889 412 66 451 1110 427 176 80 641 469 415 276 1222 1098 909 1327 416 55 114 281 648 1161 1064 948 1504 1144 869 1488 742 1133 703 
285: 163 1374 1389 495 672 770 1027 1355 46 1518 40 366 461 526 890 646 725 739 908 987 1115 1473 239 308 349 835 1079 1337 882 351 350 77 1285 1040 1305 670 297 940 1212 708 327 458 332 825 858 1248 1378 
416: 163 278 1374 1449 580 1391 640 1067 736 248 54 411 415 1010 1473 1068 283 760 1323 365 888 1036 1264 412 66 451 80 641 677 517 276 55 56 281 555 1304 496 948 1488 869 1504 
695: 163 557 498 635 245 657 1194 613 144 197 415 694 1264 907 101 1174 802 1096 1009 1115 702 888 636 86 1208 234 1346 1551 1020 633 510 1521 1525 1332 441 343 389 503 1176 1320 731 1002 
1208: 163 557 1232 1374 1507 262 322 495 610 770 1006 1027 1548 1125 245 939 1391 149 1053 613 1394 17 61 191 216 290 415 1114 645 1342 1407 907 1019 522 161 1408 695 774 106 1390 659 178 1277 661 988 1280 268 1293 1329 1388 888 1036 1103 135 28 165 168 169 193 209 234 295 302 303 339 341 377 379 476 484 502 519 530 536 553 589 597 605 631 679 698 701 707 713 727 740 742 744 778 792 799 822 849 875 879 961 979 998 1005 1025 1089 1099 1102 1124 1140 1221 1228 1234 1233 1291 1324 1331 1337 1258 1438 1477 1481 1497 1499 1515 1530 
1465: 163 776 1374 620 322 1442 613 17 526 1032 430 1346 578 1193 308 283 309 135 307 442 471 589 726 836 949 1207 1296 1401 
1221: 163 336 557 991 921 1085 1449 53 392 1032 1033 690 942 1208 659 878 1473 879 585 93 988 1343 
878: 163 322 495 498 610 770 989 1006 1449 571 1229 1053 613 53 191 216 432 1550 1342 907 942 990 161 1408 1527 238 241 530 1390 1371 267 178 1115 1277 988 987 1068 283 474 348 1329 888 1036 1103 135 1337 605 239 1025 778 502 1296 1221 377 463 503 519 536 567 572 631 679 742 875 1306 1499 1089 1268 1484 1102 979 1124 1370 1257 1133 1140 1403 
879: 163 262 311 322 495 610 989 1006 1310 215 216 1342 1407 907 990 161 430 1408 1208 238 241 530 748 888 1036 1103 1277 295 1329 1252 605 1233 778 1140 979 502 268 1227 1068 1280 474 135 1337 165 1025 1421 1221 742 1305 1133 696 686 1102 209 484 519 536 631 679 875 1216 961 1089 1268 
1138: 163 278 1292 401 943 1389 495 601 989 1085 245 526 866 223 102 578 1521 18 283 1252 166 201 1293 872 1392 194 711 977 1497 1361 465 474 763 1244 1343 512 305 517 779 1455 488 527 561 676 859 868 1200 1263 
45: 232 495 4 415 863 1317 101 808 89 218 1179 636 
1115: 232 1061 723 635 1027 1449 1476 1355 1053 844 613 17 317 366 415 1052 1550 1149 1180 1214 1407 930 953 161 1368 1007 1546 590 695 848 183 400 435 862 878 1009 1036 1137 7 385 386 267 164 38 66 82 119 156 224 236 239 271 272 285 298 299 300 307 308 309 328 341 343 344 361 405 478 494 548 632 670 692 697 701 707 744 759 773 789 843 852 856 909 956 973 977 984 988 1004 1005 1065 1088 1103 1154 1311 1312 1500 1337 1361 1370 1376 1397 1521 1499 1501 1510 1534 
920: 232 1085 939 613 366 1032 1149 430 1546 1031 848 13 238 739 749 1288 615 1428 1046 738 1396 988 356 538 548 795 822 1099 998 1393 
930: 232 557 1085 1125 939 1229 1215 640 1053 945 844 98 613 639 16 197 227 275 366 526 1032 1052 1114 1132 641 1159 1308 1294 850 1281 349 1115 749 14 83 85 156 183 243 466 615 721 738 841 843 864 1187 1071 1077 1350 974 1239 1118 1140 1020 
101: 232 336 557 1374 620 322 495 635 989 1006 571 1310 657 1194 433 613 16 17 191 197 1032 1550 1159 690 694 1407 953 990 45 837 408 1390 1137 385 733 1277 661 308 1309 309 228 1545 1195 702 80 88 89 559 1079 1103 595 107 636 135 649 695 1210 703 735 229 759 778 1291 783 276 789 1327 307 823 842 1357 335 341 862 871 375 888 377 1406 391 1420 1450 1470 1478 1521 503 
636: 232 336 557 1374 620 103 136 311 495 635 989 1006 1229 1315 1194 433 736 16 17 191 197 427 1550 690 889 953 1439 990 45 837 101 590 695 733 241 370 558 661 888 1009 1195 1103 1277 1521 1390 1137 385 386 267 308 309 228 1329 42 68 80 88 89 135 156 206 229 307 341 375 391 503 559 1059 1079 649 656 823 679 759 1287 801 1324 843 1370 1406 895 1450 1002 1004 
1103: 232 103 311 770 1006 1449 1476 1355 1104 1400 1229 1053 613 17 144 366 526 1308 814 161 646 101 1196 1208 578 725 878 888 1115 1137 385 313 1277 988 1227 835 356 194 636 80 88 135 297 543 548 686 871 879 949 997 1020 1099 1102 1230 1228 
1330: 232 706 136 17 641 1402 18 307 308 309 605 88 135 794 1496 206 28 759 157 797 
1348: 232 635 1027 1449 1104 1131 1053 844 433 613 396 1550 1214 733 86 183 238 578 725 862 1009 1277 1191 20 80 548 600 656 843 940 972 1087 1413 1515 1428 
901: 232 495 552 826 86 297 835 538 26 
29: 232 991 1449 1310 85 239 871 178 548 
68: 232 1355 216 430 187 539 1413 636 548 1441 356 
89: 232 620 45 1546 101 1093 636 764 1317 1051 808 1471 625 
156: 232 1061 1006 1355 1215 844 433 98 613 1518 207 227 275 366 501 1159 1214 1264 1294 850 1342 906 930 942 1187 919 430 1368 258 1546 1346 310 183 238 241 569 578 864 1009 1115 1277 239 636 1154 349 744 778 1020 80 1281 299 534 300 1301 1410 1463 387 773 1547 410 820 704 226 225 1022 
1537: 232 1449 1009 593 135 1499 1504 
670: 232 672 1449 85 578 1115 285 708 1212 81 194 1152 324 385 548 835 882 332 570 922 825 1248 
688: 232 278 53 683 234 377 924 1478 476 1059 536 77 810 1173 63 185 
679: 232 278 706 498 770 989 1241 1125 639 526 690 906 907 990 161 829 1208 240 661 878 888 1096 636 307 308 309 1329 872 879 977 1497 1169 988 525 1025 465 517 633 1203 1361 1223 803 676 1168 693 
1054: 232 216 1501 673 1184 
1090: 232 661 
1513: 232 366 427 526 1527 888 1473 239 349 615 1058 1487 1514 1516 474 750 279 
755: 232 495 906 308 349 548 686 390 
1053: 278 557 991 620 1008 322 830 921 1085 939 1310 1215 1 640 6 13 25 40 46 47 48 86 95 96 102 104 117 118 160 171 183 184 187 191 203 215 216 238 240 241 248 249 258 266 270 274 275 290 366 370 396 400 411 413 414 415 432 433 435 437 464 466 467 496 510 513 526 530 539 558 569 578 590 603 612 613 624 638 639 641 659 661 725 734 739 748 749 760 762 775 777 784 790 792 799 804 815 844 850 862 864 878 888 905 906 908 928 930 933 934 945 946 965 987 990 1009 1010 1019 1032 1033 1034 1036 1052 1195 1115 1093 1096 1103 1208 1294 1114 1149 1159 1161 1180 1186 1187 1394 1201 1214 1132 1236 1277 1288 1239 1308 1318 1348 1350 1369 1371 1546 1413 1414 1434 1521 1473 1481 1515 1527 
349: 278 914 481 620 103 311 498 896 1006 1072 1449 1548 1131 1400 571 1229 1215 1067 17 197 207 216 227 407 415 427 526 587 1550 1189 1308 781 889 930 1187 161 1368 258 590 1539 85 733 104 249 400 435 659 739 748 987 1186 1277 1413 1414 1434 1521 239 228 234 267 307 308 309 740 1026 1056 1137 1154 1397 1470 1506 1390 348 2 1281 8 27 28 42 69 71 112 127 128 132 156 164 206 211 229 271 276 285 293 313 325 331 1549 1117 562 570 1088 605 631 656 1176 665 669 1212 710 1234 1238 729 735 1248 755 1284 861 778 1303 801 1320 1324 1357 853 854 1082 350 351 1380 871 883 1396 1001 895 385 386 916 405 1441 419 1095 1454 431 949 957 453 973 974 1488 1494 1499 478 484 1513 1004 765 507 1022 1109 
1390: 278 557 1507 620 136 1006 1449 1355 1131 1229 1194 46 613 17 40 117 118 144 216 290 317 432 501 526 1219 1402 889 907 942 320 100 101 573 590 1539 1408 1346 1208 530 578 612 659 725 878 888 987 1195 1350 1413 239 547 636 228 267 283 295 298 106 349 3 30 65 69 72 82 88 123 135 159 164 225 229 313 348 350 351 357 381 386 387 394 471 489 512 532 576 593 633 719 735 789 857 871 915 938 983 986 988 1079 1081 1088 1166 1178 1191 1193 1206 1217 1228 1234 1245 1280 1284 1285 1291 1320 1324 1329 1367 1542 1551 1411 1421 1437 1453 1480 
522: 278 336 1449 4 215 17 411 415 427 1159 1407 9 18 80 82 119 121 203 305 470 484 1158 1031 524 1431 1435 1188 1201 1324 1079 1208 1344 1473 835 1094 1095 593 988 1379 1297 
646: 278 557 136 311 635 1027 1104 1215 4 613 16 53 415 1308 1214 889 1407 953 14 18 20 42 75 88 164 246 267 276 285 300 308 313 365 383 386 476 484 496 517 558 567 1031 1162 898 1039 686 1079 1500 1074 1459 1210 829 779 1222 1413 1524 1068 976 726 1209 783 1253 847 871 1333 1103 988 872 1521 756 702 1271 1144 1404 
1159: 278 557 1374 103 896 1449 1131 640 4 1053 945 844 433 53 197 411 415 1149 905 522 923 414 1214 1019 30 48 83 101 156 158 321 395 464 524 532 615 623 659 783 787 790 815 864 930 946 961 987 990 1022 1096 1158 1360 1546 1344 1219 1222 1233 1205 1187 1396 1551 1407 
464: 278 336 991 921 1085 1310 5 1053 844 433 613 1518 1394 248 117 118 126 216 290 317 366 427 432 526 602 1032 1114 1132 1159 1214 850 1342 1187 919 990 1522 161 1186 1010 59 96 183 238 341 403 435 1516 1420 563 539 517 1312 1318 1329 1077 1086 734 799 1473 709 1095 908 843 1058 1328 593 857 591 988 1488 1379 1509 864 1137 745 594 1009 466 1277 
513: 278 336 991 495 989 1310 1053 248 639 54 275 290 415 526 1114 1308 1407 1187 990 1019 6 414 774 793 95 183 187 241 274 413 55 165 337 1409 649 1291 1301 791 792 1307 1118 888 1095 713 591 604 594 1266 659 
1137: 278 103 136 311 635 1006 1355 1400 1215 1194 1067 433 613 1518 144 366 526 1550 1132 1264 1294 1342 1019 6 660 161 837 464 101 590 13 400 1115 1103 1277 1288 1318 1521 1473 239 636 267 349 69 94 135 159 164 313 337 350 351 385 386 410 531 559 615 627 656 686 744 795 852 871 924 949 986 988 1071 1075 1099 1102 1117 1135 1227 1230 1542 1441 1382 1511 1144 
1009: 278 776 557 991 311 635 1548 1053 215 613 1518 1394 248 117 118 275 415 1032 1034 1052 1550 1114 1132 1149 694 1402 907 966 760 1019 6 775 826 464 1174 695 733 13 95 102 104 238 792 7 14 123 156 277 313 316 386 453 553 633 636 713 715 842 843 973 979 1537 1284 1266 1438 1350 1117 1076 1473 1348 1115 1277 1521 1396 1210 
1277: 278 342 557 620 103 136 311 498 635 770 896 1006 1027 1085 1449 1355 1104 1400 1229 1053 844 433 613 248 17 526 1033 1052 1342 907 942 1187 1019 161 837 464 101 1208 25 400 569 792 862 878 1009 1103 408 349 1137 1371 7 385 386 267 531 164 562 178 313 316 1117 8 18 42 69 80 115 156 206 211 222 228 239 247 256 308 350 548 551 553 559 585 591 605 615 627 632 636 651 686 707 744 843 871 879 915 924 940 949 973 974 986 988 1040 1079 1099 1102 1135 1183 1210 1227 1230 1284 1288 1500 1331 1333 1348 1435 1441 1521 1473 1481 1497 1501 
661: 278 620 635 1072 1229 1310 1053 1194 46 844 736 613 191 275 317 1180 942 1019 905 660 430 837 1368 1007 100 101 1208 48 183 241 274 659 7 386 1193 37 38 66 201 211 234 300 307 308 309 377 605 636 1025 1090 1349 1521 1320 1069 702 843 1102 1361 1064 679 1397 888 
459: 278 557 1213 311 495 498 989 1229 657 215 98 613 248 144 191 197 275 317 415 526 757 430 1018 1539 659 8 80 82 97 142 203 270 308 354 443 642 1540 1295 1198 1175 928 1463 1395 1224 1075 956 840 593 591 1379 465 1257 558 1237 
1068: 278 362 557 495 416 526 907 646 1174 13 558 878 879 276 517 402 1200 
907: 278 336 557 943 991 495 635 770 989 1449 1125 1391 1310 640 16 53 191 526 1390 1096 337 990 1009 1277 988 1188 1068 534 1456 270 228 474 112 166 223 229 276 517 525 558 607 633 679 695 765 783 829 843 857 872 878 879 1025 1361 977 1208 1291 1364 1233 1268 1150 
1293: 278 943 495 770 989 1449 939 1391 844 736 16 461 526 1226 1208 183 238 241 270 725 888 843 308 583 87 1296 201 80 268 474 276 465 567 625 779 816 859 872 875 981 1005 1106 1138 1168 1200 1497 1392 
525: 278 557 495 989 1449 16 526 907 990 837 829 370 558 888 228 1329 443 166 1166 384 857 679 1361 474 141 633 
690: 278 481 1232 723 620 1389 495 1449 1548 330 640 1442 1194 945 736 638 639 16 197 261 526 1550 641 1181 923 1467 258 1219 385 733 283 101 168 203 241 281 288 354 389 398 419 447 502 505 530 546 636 679 1322 1488 1441 821 952 957 1346 1110 1529 1496 1113 1221 1013 1183 762 765 
1195: 278 557 1027 1449 1125 1053 1067 736 16 1189 1219 953 812 101 86 370 558 1390 1193 228 348 1329 76 79 80 87 211 218 229 293 335 383 462 470 636 649 740 746 977 984 993 1133 1361 1500 1268 
1550: 278 943 991 495 989 1476 1355 1131 1400 1229 640 46 433 613 16 144 261 366 415 526 1281 349 1180 1137 337 1380 1009 562 1115 988 1473 474 690 101 223 229 239 247 351 354 389 410 449 590 591 634 636 656 669 707 804 842 850 878 888 924 944 1020 1228 1254 1264 1348 1395 1396 1427 
1392: 278 557 495 601 770 1125 939 1391 433 16 53 526 1226 223 496 888 1293 872 1379 276 418 465 517 567 656 1138 1361 1364 1370 1497 1403 
18: 278 991 262 498 1355 245 1229 1194 736 17 526 522 646 1346 659 888 1277 356 795 135 649 524 1138 302 1330 373 88 1497 605 
53: 278 557 706 498 640 844 639 646 1159 526 907 1392 741 241 1406 402 1106 476 229 380 469 897 517 1296 276 549 688 1470 1221 878 633 341 
102: 278 1053 526 1187 414 246 1009 228 1166 1138 238 764 1547 1160 1245 
134: 278 1449 526 990 905 1095 1094 1117 
146: 278 203 
166: 278 770 1241 1125 46 526 907 953 100 238 240 271 525 1497 1138 1422 1025 656 523 276 1203 463 1361 977 
176: 278 620 1389 262 495 770 1449 1125 411 415 526 377 872 28 109 465 404 265 1176 276 
183: 278 557 635 1072 1310 1053 1067 945 844 98 613 876 1518 248 227 261 275 290 366 1032 1180 1214 930 942 760 1187 919 1019 934 935 464 774 1281 1186 513 659 1307 413 531 1115 661 987 973 1293 888 32 241 1348 83 369 1413 150 156 1154 778 1420 274 792 1434 667 293 238 184 187 1093 584 908 843 1051 1493 983 600 864 615 469 
187: 278 635 1053 215 248 275 1308 414 196 246 183 184 1281 1186 513 1307 987 1301 83 369 949 229 843 274 68 1093 588 1370 604 
225: 278 706 921 906 953 1415 85 370 888 228 295 1026 1435 1390 1329 605 897 156 1281 918 806 277 735 356 229 1421 206 252 
238: 278 991 1008 311 495 601 989 1027 1072 1085 1125 245 571 1391 1310 1053 1447 1067 844 736 98 876 248 638 126 396 1032 1214 1294 850 1187 990 1019 660 161 934 464 102 183 1186 659 413 1009 835 920 474 1293 1455 702 724 888 1036 241 872 373 605 1348 239 80 1025 211 864 843 166 51 109 156 231 517 567 569 651 879 1203 240 773 276 806 331 1361 1364 854 878 887 1403 898 979 1503 
276: 278 943 136 495 498 770 1449 1125 1229 1391 53 411 416 526 781 889 907 646 101 238 659 1239 1521 632 469 349 166 897 1293 1210 1392 135 977 857 176 1068 474 402 517 643 1200 1163 651 1508 1014 633 
527: 278 706 495 770 1125 526 888 1387 474 92 1138 1200 488 676 1231 
561: 278 526 1138 488 1525 
567: 278 943 495 770 1125 1391 526 646 1196 238 878 888 841 1293 872 1392 1406 281 1268 984 1169 1361 465 474 1099 265 344 1455 1133 779 115 488 1427 1148 
591: 278 921 736 1550 464 459 513 1277 547 81 1380 1260 1157 343 
633: 278 495 770 1125 53 117 191 526 907 775 100 695 1009 1473 228 1390 765 1188 977 1497 679 1361 276 525 656 229 517 
643: 278 1449 1391 218 276 544 517 214 497 597 1153 817 1431 1172 
707: 278 1374 498 635 672 921 1006 1449 1355 1310 876 526 1032 1550 1132 1264 1342 1019 1346 85 848 1208 539 725 862 1115 1277 1473 309 605 915 80 1284 1255 88 337 576 924 548 604 773 1071 1363 
1200: 278 557 495 770 989 1125 526 990 558 888 228 1293 857 1497 1361 276 474 1280 1068 702 803 1138 527 
465: 278 362 706 495 770 1449 1391 526 161 459 573 829 888 1397 1329 1252 593 313 1293 1210 1392 977 857 1497 679 176 474 702 1138 36 115 779 567 1099 1223 
1263: 278 495 498 770 1125 1294 223 80 1497 474 553 589 1025 1138 676 1168 
763: 278 336 1061 991 1449 1310 526 1539 774 1318 1312 1138 
769: 278 526 223 888 1497 148 
779: 278 342 776 991 620 592 262 495 989 1241 1355 1125 939 1310 526 1407 990 646 1408 1527 888 283 593 949 80 1293 872 1406 1268 857 1379 1365 288 1169 1022 357 465 474 572 961 1450 265 1228 447 567 702 1138 115 250 488 1299 1427 803 
1296: 278 991 620 136 495 1548 1125 245 1067 200 736 53 191 526 818 990 161 812 430 323 829 86 203 241 878 888 987 1521 1465 234 307 308 309 1397 1506 87 386 474 1545 1293 135 872 1349 871 80 429 1152 344 81 1069 1247 861 108 133 428 470 479 541 586 594 621 765 789 903 958 961 1005 1014 1039 1248 1361 1437 1458 1488 1538 
803: 278 495 770 989 1125 144 526 990 888 1193 1497 679 783 1280 1480 779 676 1200 
305: 278 262 424 770 526 522 829 888 1297 872 893 294 653 474 1333 1228 1553 1138 673 1427 
1361: 278 103 311 495 770 989 1072 1085 1125 1229 1391 526 907 990 430 1526 238 240 241 435 661 888 1195 1115 283 308 1397 1329 1296 166 80 1281 979 872 1392 977 857 1497 679 474 525 702 1138 1025 344 1217 633 140 231 567 820 1168 1200 1299 1480 1403 
1364: 278 1073 495 1391 415 907 1031 238 308 1435 1392 88 1324 517 
857: 278 1374 620 601 635 770 1125 245 613 366 526 1214 907 953 464 223 888 228 234 1390 313 474 525 1497 1025 465 229 276 1370 779 1361 589 699 1427 1200 1485 
872: 278 1292 1073 620 262 311 495 770 978 1006 1449 1125 245 1391 433 613 17 396 526 1402 1407 907 953 1019 646 223 573 1539 1346 238 241 888 993 1297 1296 429 1293 979 1253 1284 474 1455 702 1379 1392 176 265 288 305 488 517 567 679 779 783 1025 1427 1361 1478 1223 968 1228 1037 1238 984 1497 1169 1005 1138 1299 1406 
1403: 278 770 1125 1391 526 203 238 370 878 1392 1361 1289 856 
402: 278 53 223 888 276 544 712 1244 431 597 304 517 1068 715 36 
1427: 278 262 322 495 800 921 1355 1391 1550 1264 310 507 872 857 1379 288 958 562 1228 305 1262 567 779 813 1299 
415: 278 336 557 991 311 495 635 1085 1241 1449 1125 580 939 1391 640 657 1053 1447 1067 46 844 215 248 639 117 118 191 216 227 290 411 1281 1186 349 100 522 1180 1189 45 1214 646 1159 1407 513 659 1466 748 1009 1149 531 1115 459 175 1187 1095 474 532 760 1455 694 637 593 1550 1379 612 888 1031 524 86 1208 1264 1337 829 1342 1346 1529 83 369 1413 239 507 350 176 641 566 1025 1174 585 558 946 447 476 1228 469 159 281 334 388 410 516 1547 1052 1133 630 1150 1161 658 1184 675 1201 695 1233 1240 1299 799 802 1318 1324 1364 874 875 1408 899 416 1441 662 966 1479 466 983 984 1005 1526 503 1021 1022 
443: 278 1232 723 1507 1067 216 637 264 459 1408 996 1166 525 951 1043 1284 897 1275 105 1176 1140 279 1540 1268 448 997 
1480: 278 557 770 526 953 1019 558 888 228 1390 1497 1361 395 229 702 803 
977: 278 495 1125 1391 613 526 1226 907 1019 1546 908 1195 1115 166 860 806 474 1138 465 276 633 1361 679 
469: 278 362 557 943 495 1229 1194 844 613 53 411 415 942 86 183 558 612 1311 843 988 1448 80 42 276 588 
1497: 278 776 401 557 495 601 770 902 1125 245 1391 248 17 144 526 1114 890 161 829 1208 793 888 1201 1277 239 18 234 283 1329 444 1095 166 1490 718 1293 872 1392 1406 1094 875 857 474 1455 724 339 341 465 520 536 607 631 633 679 769 803 963 1023 1138 1200 1258 1263 1304 1361 1372 1475 1480 1496 1499 
488: 278 1374 991 495 978 1125 1310 526 223 888 1521 228 593 872 1406 1312 288 474 529 265 229 1228 1025 567 779 702 1138 527 1299 561 1124 785 
1005: 278 991 495 896 1085 1443 1355 433 144 415 573 1208 558 888 1036 1115 234 1297 1506 1296 1095 726 949 1020 80 861 1293 377 872 408 1379 548 81 447 476 697 130 621 737 783 884 1285 1358 1553 
503: 278 336 557 635 638 415 694 1264 100 101 1174 695 878 1096 636 605 1024 
1194: 336 1213 991 136 311 989 1006 1085 1 657 7 17 18 86 101 191 203 218 228 234 244 267 283 295 298 307 308 309 323 370 371 469 526 542 583 613 636 649 661 690 695 740 815 890 911 990 993 1026 1032 1056 1137 1146 1154 1189 1397 1413 1435 1297 1470 1521 1506 1390 1388 1329 1252 1407 
844: 336 1061 991 1008 311 322 635 896 1006 1072 1085 1355 1310 1 640 1418 149 1053 1315 1067 945 1092 41 48 53 83 98 138 150 156 177 183 184 199 215 238 241 248 273 274 275 290 313 318 351 366 413 415 420 433 437 444 464 466 469 485 531 533 535 600 603 613 615 638 639 641 659 661 718 731 734 744 746 748 760 762 778 792 826 840 841 843 1032 1546 1547 1083 949 1093 1095 1109 1115 1118 1140 1154 1159 1161 1185 1186 1187 1212 1214 895 1276 1277 1493 1281 1293 1294 1301 1307 1077 1348 1350 850 854 864 1378 874 1394 1413 1414 915 1428 918 919 1434 930 934 1180 1010 942 946 1356 970 973 1487 979 983 1500 1503 999 1512 1518 1521 1522 1018 1019 
613: 336 706 1374 991 620 103 311 322 495 498 635 830 989 1006 1027 1050 1072 1085 1229 1310 1215 1 640 657 1053 1315 1447 1194 1067 46 844 433 215 98 6 12 14 17 31 39 47 61 65 75 85 88 100 101 104 117 123 135 138 150 156 159 173 175 181 183 184 191 192 197 199 208 210 211 222 224 226 228 239 248 267 268 275 297 299 310 337 350 351 366 381 384 385 386 400 414 420 427 432 459 464 466 469 470 485 490 496 502 504 539 554 560 566 585 586 590 598 600 602 605 608 612 1546 1539 1046 1114 1077 1083 1086 1291 1095 1096 1100 1122 1103 1105 1465 1115 1126 618 615 1137 1521 1470 634 1149 638 639 1154 875 646 1161 744 878 663 1177 1386 1185 1187 1188 1191 711 1214 1233 1236 1239 732 733 741 977 1218 748 1264 757 1270 895 764 1277 738 1279 1408 1287 777 1294 1295 1301 1305 1308 986 802 862 812 760 814 1245 1328 1331 1509 1342 1348 1350 842 843 845 1359 850 739 857 861 864 1378 1379 1382 871 872 873 874 1390 881 1394 1396 888 1406 1407 1413 1004 906 1419 1420 1346 920 930 1180 1010 942 1459 926 952 953 1208 637 1469 1473 695 1485 1486 1487 661 984 1550 987 1500 990 848 998 999 1516 1518 1009 1524 1527 1019 1020 
1032: 336 991 311 635 989 1006 1085 1449 1548 1355 1310 640 4 1053 1194 945 844 433 215 1518 248 639 16 17 197 216 227 275 290 318 366 427 408 60 74 75 86 101 104 161 183 208 218 238 239 241 268 274 333 348 400 464 467 485 496 597 641 649 677 707 709 741 748 778 850 851 875 889 893 920 928 930 934 968 987 990 1009 1019 1539 1034 1051 1052 1071 1075 1077 1093 1114 1118 1132 1180 1206 1214 1237 1278 1287 1294 1307 1308 1503 1221 1379 1407 1408 1189 1414 1420 1465 1473 1362 1529 
826: 336 991 311 635 989 1310 4 1067 46 844 144 407 850 1407 953 1187 990 228 241 263 297 337 537 538 605 677 821 1408 901 1291 1009 1077 843 1370 987 895 
366: 336 1061 991 103 311 498 635 800 989 1027 1050 1072 1085 1449 1548 1355 1104 571 640 4 657 1053 46 945 844 613 1394 248 639 17 117 191 1032 1180 414 1415 430 1214 320 323 7 48 51 77 85 104 127 128 130 156 183 228 239 246 277 285 300 303 308 313 316 350 356 1550 1040 1055 1064 1071 1077 568 578 587 1103 1107 1108 1114 1115 605 1122 1137 1141 1149 1164 1169 667 1187 684 370 692 1217 1234 1239 733 738 739 1253 744 722 765 895 1284 1324 778 1291 1154 1306 862 1320 1329 1408 478 1342 843 1357 850 857 1290 864 1379 874 877 371 1397 1407 384 1413 400 915 916 920 930 1448 427 435 953 444 1470 1473 1485 464 760 987 990 1513 1514 491 1007 1526 425 477 1019 510 
1294: 336 991 620 495 989 1027 939 1310 640 1053 1067 844 433 215 613 248 275 290 1032 1132 1308 1219 408 6 660 414 161 1019 1407 33 66 75 76 104 156 229 238 240 274 297 300 308 309 313 337 388 474 569 588 603 659 843 850 862 888 922 930 953 987 990 1095 1137 1167 1178 1187 1191 1263 1266 1289 1291 1420 1424 1301 1370 1478 1493 1307 1379 1329 
290: 336 991 311 495 830 1050 1449 580 640 1053 1092 844 433 248 639 16 118 275 1390 6 775 1032 1180 414 1308 1368 1019 464 513 1539 1294 659 1307 66 93 183 239 274 773 1161 778 531 1301 792 415 1454 990 566 1208 1034 829 1096 588 462 1178 850 547 1114 1187 1118 1379 1252 466 370 1149 784 
1371: 336 1085 1449 1053 1132 1019 6 467 878 1093 1277 1369 600 
987: 336 914 557 991 311 495 635 770 1072 1085 1355 1131 1229 1215 1053 1442 200 613 1518 144 191 366 526 1032 1149 1159 1294 1342 1407 942 1019 660 430 826 1546 563 1408 774 13 183 187 558 659 725 739 749 878 908 1281 349 1390 1369 385 1193 10 131 69 94 199 239 247 285 302 356 536 576 585 593 594 711 898 1028 1048 1191 1452 1246 1296 1521 1022 
1188: 336 557 991 613 61 907 522 1177 1346 848 612 748 1329 744 1500 66 970 173 594 898 381 663 1227 11 133 286 340 494 524 621 622 633 709 969 971 1051 1088 1157 1421 1420 1305 1363 1316 1395 1419 
216: 336 991 262 635 989 1006 1050 1449 1476 1548 1355 1310 640 1053 215 248 1186 408 349 1390 1032 323 1546 464 337 990 531 277 313 988 1227 749 1297 13 208 68 82 85 119 1025 1033 1036 530 1054 1055 545 1079 570 1094 1095 1102 1105 605 1121 1132 641 1154 878 1208 1211 1230 735 740 741 236 239 765 1152 1324 1337 328 842 850 1363 344 356 879 882 1414 415 425 436 949 443 1501 851 502 
420: 336 557 672 844 613 641 890 234 897 1020 208 14 33 711 940 
348: 336 1374 322 921 1355 1067 1032 1522 1346 878 1195 228 1390 349 15 135 194 206 518 656 536 1501 
951: 336 1449 16 430 321 443 894 1210 43 26 52 190 
593: 336 776 557 1374 991 1006 1027 1085 1449 245 1310 46 433 16 61 144 317 392 415 432 522 1177 837 100 464 459 774 241 530 558 578 987 1093 228 993 1026 1390 87 123 605 178 313 988 1046 356 474 75 174 211 465 488 524 1024 1537 779 783 1505 1305 1370 952 1140 1222 778 1357 1234 980 1081 1349 709 594 1270 1399 1406 621 
86: 336 723 1374 991 620 1389 311 495 1027 1053 1194 200 736 876 17 31 61 191 261 415 1032 941 645 1180 1264 1407 953 812 430 837 1174 695 829 1307 1369 748 386 988 1435 308 299 309 228 994 173 436 1195 702 194 201 37 38 79 80 81 1024 1453 1069 583 1106 87 429 105 446 1144 138 1218 153 666 674 1203 1207 703 1217 1222 1225 211 1251 740 1262 239 756 252 257 1410 1296 281 1321 298 307 836 1506 340 861 353 355 1383 1387 901 908 1348 1349 244 958 441 1477 455 469 470 984 1521 1013 
649: 336 557 991 495 989 1449 1310 1194 736 248 17 61 197 1032 990 837 563 101 1196 370 513 558 1195 636 18 218 244 1193 606 354 355 383 508 1156 1064 1331 1237 993 
66: 336 495 830 921 1449 46 433 23 191 290 411 416 526 1132 1294 563 85 437 659 661 1115 1521 1297 1271 313 93 1452 1188 194 1058 1295 656 1305 675 188 325 198 329 625 
25: 336 103 1310 1053 1394 117 427 602 1277 1473 435 1205 104 1413 351 1422 239 721 507 350 
239: 336 481 620 103 635 770 1006 1027 1449 1131 1400 571 1229 1310 1442 433 736 613 639 191 216 290 366 415 427 526 1032 1034 1550 1132 641 1214 762 781 889 1407 760 1187 161 100 1031 1346 85 1286 25 86 104 238 241 400 435 659 784 878 888 987 1115 1277 1413 1521 1481 106 349 1390 1137 385 386 267 164 1193 562 178 313 835 1046 1329 1497 605 224 1026 351 1422 29 38 71 132 150 156 206 1051 1069 586 1107 1108 1134 1217 1238 1248 740 744 768 1284 285 288 801 823 1341 326 853 350 355 875 1395 489 1428 986 949 470 1501 484 1513 1022 1109 
218: 336 831 991 989 1310 1194 736 61 1032 1407 990 45 1196 370 1195 1193 606 1157 649 80 1506 1069 210 643 1156 1320 570 462 993 355 1362 508 
312: 336 831 991 1310 990 1362 
335: 336 831 495 989 1449 1310 760 990 101 1196 370 1195 993 894 1362 43 383 1193 1509 576 1024 1064 355 
1024: 336 557 1006 939 1310 942 86 466 864 1036 1161 234 1297 593 383 1268 503 335 1495 924 
773: 336 1374 991 635 989 1464 1355 1229 1310 144 290 407 427 990 203 238 1115 1521 1473 283 605 743 1095 156 173 1094 337 1291 1379 707 1217 544 1460 1220 
908: 336 557 991 896 1053 639 118 191 396 941 641 1180 906 1019 464 86 183 987 201 80 37 60 87 285 492 583 642 696 788 813 915 1441 1216 1222 977 1106 
673: 336 991 989 1310 526 990 308 1378 956 337 1291 1206 1333 597 305 341 375 185 345 1054 
966: 336 557 991 640 1447 433 118 415 1114 641 1180 905 748 1009 558 535 
1318: 336 991 989 1050 1310 1053 1067 945 227 415 427 1114 1149 874 990 464 774 435 734 864 1137 337 1369 308 309 307 476 843 1493 1313 1000 789 1291 1312 1108 1354 1311 1075 1501 354 388 403 763 1300 1339 1481 
1069: 336 557 571 46 200 736 191 407 1189 430 1546 86 661 239 218 1296 299 1349 80 709 1066 81 38 92 476 1222 
1033: 336 991 1085 1310 640 1053 1442 216 748 1277 893 1187 1264 862 1486 641 1221 1414 1132 496 
445: 336 991 886 637 1132 1308 802 949 
1477: 336 1208 86 1233 532 735 517 334 202 
582: 336 991 989 1449 571 1310 46 1407 990 100 1408 768 1329 337 1193 80 74 75 1291 
1224: 336 991 989 1355 1310 459 
778: 336 557 991 498 1085 46 844 876 275 290 366 526 1032 1034 1407 1187 100 101 1346 1208 183 274 370 792 799 864 878 843 740 349 593 988 1301 608 156 378 1291 1134 1051 879 
802: 336 620 1449 657 433 613 415 637 658 1189 1308 694 1018 100 899 1174 1096 1166 1379 249 524 1346 784 165 548 229 1013 1091 937 76 95 445 621 695 1324 1210 1356 979 894 
721: 336 989 1310 1067 1114 1342 930 1187 25 400 615 1487 
1034: 336 991 989 1085 640 1053 433 215 290 425 1032 990 748 1009 741 239 641 778 1414 1132 138 1093 874 496 
1367: 336 706 635 1310 46 126 100 1473 228 1390 1329 531 1379 229 
993: 336 831 991 1194 1149 241 370 748 888 1195 218 649 1329 593 872 859 335 355 1362 1147 
354: 336 831 1374 620 601 245 1310 1550 690 722 990 459 777 1318 228 649 1287 1362 222 1365 988 1376 
875: 336 557 991 495 215 613 415 1032 942 161 1208 878 888 239 605 1293 983 879 337 988 1280 1079 1497 1421 631 960 
1132: 336 1061 991 495 635 921 989 1449 580 1310 640 1053 945 736 248 639 216 1032 1033 1034 1114 1180 1308 1019 464 1294 659 1137 337 1369 1371 990 1009 606 1297 268 930 1095 1323 300 241 1342 608 862 66 485 239 85 641 1094 274 1414 60 76 105 217 280 314 328 333 445 467 528 604 707 825 851 933 1071 1077 1291 1482 1143 
850: 336 991 495 601 989 1085 1310 640 1053 1067 945 844 215 613 118 216 275 290 366 407 1032 1550 1149 641 1294 1010 826 1019 1407 464 659 791 337 990 774 268 930 1187 1095 784 1094 274 1289 238 1414 1291 156 496 925 851 
880: 336 392 641 483 241 1121 51 168 373 368 
370: 336 706 991 495 989 1125 1229 1310 1053 1194 46 736 40 61 290 366 427 1407 990 837 1196 988 606 1473 268 283 228 525 1329 1195 1379 636 649 80 709 87 210 218 225 295 335 355 778 655 539 993 734 383 1268 1270 1403 
377: 336 991 311 495 989 939 1310 433 990 101 829 1208 659 661 878 888 1095 337 176 1478 1094 688 1291 588 1005 551 1210 519 421 1338 
1362: 336 557 831 991 495 1449 1391 1067 736 1032 1018 218 993 106 335 355 210 312 354 508 
383: 336 989 1310 736 760 990 1019 646 1196 370 1195 649 80 1422 43 337 356 335 1024 462 
1011: 342 592 1 1315 153 222 248 340 510 725 1539 
175: 342 592 1050 433 613 415 1189 906 13 203 298 1349 162 1217 300 780 882 1004 
194: 342 736 16 889 990 1007 223 590 976 86 274 777 862 1103 1201 307 308 309 348 1545 66 80 1406 794 394 1425 670 1337 968 217 489 494 1138 1013 634 
137: 342 770 1464 1067 17 526 1467 1346 241 228 681 247 1178 
263: 342 362 1073 262 672 1006 1229 1310 433 826 1007 725 784 862 298 949 386 299 1079 1178 20 909 910 1425 1316 1363 882 
224: 342 592 1355 613 61 953 1115 239 911 1500 949 80 1337 20 1412 917 1316 1228 997 353 1022 
882: 342 592 672 1449 216 1500 285 1020 708 175 263 327 670 835 1079 20 69 77 664 1488 940 
1410: 342 557 322 989 1006 1449 1310 587 1346 86 558 1473 1349 156 1222 1253 898 337 1270 1379 1425 28 71 109 1089 
1409: 342 57 921 98 513 1521 911 412 615 157 813 
1450: 342 800 1449 1310 101 578 636 283 295 1095 533 1253 783 745 474 1079 1421 1327 779 
833: 342 664 
1040: 342 1355 366 1277 1252 285 1459 1370 
1442: 362 723 311 989 1072 1449 1310 1 239 303 547 578 690 965 987 990 1033 1311 1465 
46: 362 1061 706 886 571 1229 1310 1215 1 640 5 657 1053 3 16 23 40 1031 1550 1551 543 1069 577 66 1091 582 1095 593 600 605 1121 100 613 117 123 641 1154 535 658 659 660 661 1177 1186 677 166 694 191 196 201 1233 725 726 1247 228 230 1264 756 256 258 778 271 274 1390 285 826 1346 1367 1368 350 366 370 379 1407 897 1413 905 415 937 430 433 435 949 952 1473 1490 507 1018 1019 1020 
191: 362 557 620 136 311 635 1072 1125 571 640 4 1053 1194 46 200 736 613 1394 639 117 1186 100 905 660 1189 1308 430 37 66 80 81 86 101 104 135 1539 1039 548 1064 558 583 605 941 633 636 656 659 661 664 1193 1196 1208 211 239 258 878 781 1069 1296 274 275 281 1320 299 307 308 309 1336 837 355 366 888 907 908 915 411 415 1435 429 953 965 459 987 484 1019 
1198: 362 921 1476 433 459 244 123 22 1246 502 817 1110 
722: 362 1355 640 366 526 408 42 354 502 604 
82: 362 620 136 1476 1355 216 522 459 1115 1521 1390 80 531 135 524 1246 157 671 
144: 362 1073 723 311 424 498 1006 1476 571 939 640 1315 945 100 1390 1177 414 430 826 1007 258 1137 1369 459 1227 987 299 1473 725 953 228 526 300 694 593 724 398 1550 612 888 1103 1497 605 608 1026 351 576 288 229 656 917 1266 1470 909 1305 69 99 1536 1540 519 523 554 573 1087 1102 621 1176 665 1196 174 1203 692 695 1223 205 773 1291 803 301 1354 845 846 848 849 389 1420 475 419 440 452 471 997 1005 1524 
150: 362 1027 844 613 197 1019 104 183 1096 239 1490 344 1217 
275: 362 498 635 640 1053 1067 945 1092 844 215 98 613 1518 248 639 191 227 1281 1032 1308 1018 513 1539 1294 659 413 290 748 1009 531 661 459 930 1187 526 1522 942 83 369 1387 641 183 843 1114 778 274 48 69 156 184 187 1266 983 1420 792 793 584 713 850 1108 1503 
387: 362 1521 1473 308 1390 156 135 1379 1206 955 
817: 362 1374 620 245 526 1198 643 506 
855: 362 1449 1355 203 1036 1452 1474 1475 1259 
1402: 362 557 989 640 657 639 118 526 1180 1186 1390 1407 1096 990 1009 308 435 268 228 1330 829 872 1058 558 229 1217 297 573 
391: 776 620 495 1391 17 100 101 1473 636 88 135 247 356 
1387: 776 557 771 1229 1447 248 275 645 953 757 775 905 264 573 1539 86 160 274 437 558 928 1380 973 1095 228 474 398 1079 30 64 110 189 288 343 403 527 540 720 860 865 1045 1210 1254 1256 1397 
1228: 776 620 262 322 1006 1050 1355 1104 1229 415 1550 161 1208 888 1103 1521 303 228 1297 1390 973 872 1406 502 76 88 135 224 1331 735 288 1169 42 357 1283 229 471 1178 50 1529 305 389 488 494 779 927 1170 1427 1491 1299 
168: 776 1232 498 770 1449 690 1208 1311 1379 50 1246 147 1344 880 327 1499 
1414: 776 635 939 1310 1053 844 216 1032 1033 1034 1052 1132 850 942 990 430 104 349 337 385 58 589 851 1051 
306: 776 474 344 
367: 776 620 88 
1446: 776 1407 1010 1521 293 
957: 776 495 989 690 990 349 548 958 570 373 
1022: 776 557 103 262 770 1443 1548 1355 415 1159 1342 1407 953 1415 258 223 829 987 1413 239 283 1026 1056 1154 1397 1329 349 444 477 605 507 491 765 156 1281 1210 210 1268 224 871 277 735 685 913 709 344 779 1087 128 132 265 1238 
499: 1292 640 317 9 198 369 813 526 
1166: 1292 1374 495 1449 245 433 16 223 802 102 612 864 228 234 283 1390 443 937 1020 1280 148 220 226 229 279 364 512 525 609 656 1542 1183 1363 1245 
1036: 1292 262 495 498 1355 1391 1053 17 216 411 416 1226 829 1208 238 878 888 1115 988 1095 474 80 88 135 447 855 879 911 1005 1024 1420 
1020: 1292 991 635 46 433 613 1394 197 1550 694 1214 1342 930 1187 323 1546 1031 1174 695 733 792 888 1103 605 535 949 973 420 1253 1166 974 398 609 882 916 1251 156 162 226 381 419 484 512 873 997 1005 1542 1430 1321 1484 1234 1510 1275 1102 
1203: 1292 1374 103 262 495 770 800 144 890 86 238 240 241 888 1473 166 313 1379 679 78 
389: 1292 557 943 989 144 1550 690 990 1174 695 558 578 283 897 618 478 325 326 436 1228 703 1262 1205 361 785 
223: 1292 943 723 495 601 1391 657 1550 694 907 905 283 1166 194 974 1392 578 872 1138 288 402 1284 656 1252 539 1263 1542 1022 769 512 1169 1430 279 857 607 868 1128 488 
1109: 1292 401 1073 620 495 844 197 239 349 1306 
279: 1292 1374 635 245 526 223 443 1166 585 474 1513 512 1542 
1231: 1292 677 533 288 527 
1365: 1292 557 943 1073 886 245 876 558 578 612 299 779 355 1540 508 354 
1379: 401 311 495 635 921 1006 1085 1449 613 16 290 366 415 427 637 1032 1219 1294 1342 990 522 100 1546 464 459 802 370 862 888 1093 1186 283 1056 1154 1435 1297 1367 1058 872 1392 1005 490 474 994 168 289 357 387 773 779 1025 1203 1217 1410 1427 1499 1488 1401 
75: 401 1061 557 1374 672 1229 613 526 1032 1294 646 228 87 582 593 988 373 1519 1421 909 74 1291 1333 1088 588 1257 236 1395 
142: 401 1073 1449 197 459 888 1095 1305 408 91 1395 1306 287 
1258: 401 902 1208 308 1095 1497 1496 536 
1496: 401 103 830 902 1449 317 690 308 1497 1330 341 339 536 1023 1258 
536: 401 620 902 989 889 990 1208 878 987 348 718 879 1497 357 1496 988 476 688 341 810 955 1258 339 506 1023 
337: 914 831 481 620 498 1449 1229 613 216 1550 1132 641 1294 850 907 6 826 1196 85 513 1318 1414 1521 1137 1154 582 949 1058 386 377 875 383 1410 773 673 940 707 570 871 
1193: 914 1061 481 620 136 311 495 498 1006 1072 1085 571 1229 736 16 17 191 1219 1264 889 953 430 661 987 1195 1413 1521 239 1465 7 218 228 307 308 309 649 1026 1154 1397 1435 1390 477 582 1095 726 80 429 1349 1222 1094 42 88 135 190 193 229 334 335 436 515 548 648 686 803 853 871 958 1064 1182 1280 1237 1529 1478 1524 
299: 914 1085 1355 1104 433 613 144 191 227 1219 953 310 13 86 815 1115 298 1146 1388 346 605 1069 80 429 156 263 1380 11 38 162 202 668 1331 1463 1210 1222 1365 1126 361 1395 575 1066 
241: 914 557 592 136 311 495 635 989 1072 1085 1125 245 571 1229 1391 1310 1053 200 844 248 17 40 53 407 1032 1114 1132 645 690 1264 889 1187 1019 161 826 483 573 590 1539 1010 183 238 240 513 661 270 474 1293 1455 593 888 636 578 137 37 51 91 156 211 231 239 1296 878 538 879 671 1361 569 816 880 1203 854 1529 984 993 1506 1509 872 1413 720 764 
942: 914 620 103 311 635 1548 1131 1400 1229 640 844 736 98 613 17 207 275 1189 1214 1281 1390 660 934 935 323 1018 659 1307 1096 1380 748 385 386 531 313 1277 661 1227 987 1288 1473 1280 534 1456 228 760 135 20 83 85 156 165 183 184 229 274 321 369 469 502 535 570 590 692 735 765 871 875 878 940 1024 1056 1093 1108 1154 1221 1248 1284 1413 1414 1423 1434 946 1478 1488 983 1521 1013 1529 
1425: 914 495 672 804 263 194 608 1016 1410 1099 27 405 20 917 997 1381 1423 
1152: 914 1374 495 1449 1355 1229 98 216 425 1187 100 829 123 1296 1095 507 765 177 531 718 1352 1456 164 1227 1110 35 1230 109 120 121 124 127 324 670 671 887 1003 1013 1088 1153 1457 1354 1357 1272 1492 1243 1501 1256 1363 
444: 914 1215 1067 844 366 1187 48 1281 1497 983 1022 
789: 914 1131 1229 1215 100 101 510 1115 1318 1390 1296 211 288 656 1234 72 1376 1471 
1378: 914 1449 844 613 1394 96 285 368 673 922 
235: 914 245 1176 
98: 1061 592 311 635 1072 1 640 4 1418 149 945 1092 844 48 62 70 1413 1158 1409 1161 1547 905 274 275 660 535 1434 156 1312 930 1187 1350 318 1521 1052 1152 1118 942 1077 310 184 1503 956 437 459 324 840 841 183 466 467 919 983 734 351 864 1380 613 999 1512 843 748 238 111 369 1522 659 1140 1214 248 1108 1018 1019 874 1518 
1394: 1061 706 1085 1 640 1053 1067 844 433 613 16 25 33 40 161 191 197 248 366 432 464 612 639 777 812 843 864 952 1009 1020 1095 1180 1186 1208 1236 1287 1305 1378 1539 1413 1470 1473 1517 
408: 1061 311 495 1449 1229 216 1032 722 1294 101 85 848 578 1277 1521 228 308 605 1095 949 80 297 1005 735 2 106 142 206 247 265 287 319 344 1283 1303 1370 
100: 1061 831 620 1072 1449 571 1229 5 657 46 433 613 17 23 40 144 191 415 566 658 1407 1019 905 660 430 196 1368 1018 3 8 21 91 1152 256 379 391 778 535 1551 915 534 1182 543 802 548 166 661 952 123 577 1346 582 1095 1097 503 593 1379 1495 228 735 1121 1367 230 273 600 1514 1004 749 1390 239 104 659 756 1143 633 789 507 381 
430: 1061 557 620 136 311 495 498 1006 1072 571 4 46 736 17 144 191 366 461 941 645 1189 1308 1407 1019 905 660 161 100 7 32 37 38 41 68 80 81 85 86 87 88 104 135 156 164 201 234 254 271 272 280 307 308 309 313 316 328 385 386 409 429 1546 1039 530 542 1059 548 1064 1066 563 583 1102 1146 659 661 453 1193 692 1207 735 741 1296 795 1311 1320 1336 836 837 848 1361 860 862 1388 1069 879 888 1413 1414 915 920 1435 1349 951 1465 965 459 474 987 1506 491 1521 1013 
748: 1061 989 1053 844 98 613 248 126 261 275 415 1032 1033 1034 1180 942 966 1187 990 6 905 86 274 413 349 59 83 110 293 436 529 1134 1188 1329 821 843 983 993 873 879 1001 
435: 1061 557 1085 1053 1447 46 117 118 366 641 1402 953 760 196 1368 1546 464 13 25 349 1115 1288 749 1473 51 239 271 350 379 515 1413 915 532 1318 734 1217 758 1549 1361 854 1119 745 490 
228: 1061 557 103 136 311 495 1006 1355 1229 1310 1194 46 736 613 40 117 144 366 432 526 1189 1402 907 942 826 100 101 573 1346 86 102 249 274 370 530 578 612 888 1195 1096 1277 1350 547 636 1387 1281 408 349 1390 386 1193 1435 308 14 1280 534 1456 309 75 88 137 201 225 525 1551 1082 1087 1091 593 605 633 1166 1200 1206 1217 1228 735 229 756 1284 1291 295 297 1329 1331 1367 857 858 348 353 354 357 871 1421 412 1453 1480 983 471 488 
994: 1061 1215 16 86 1473 1252 726 1379 220 1385 
261: 1061 886 1006 1310 640 945 23 905 1019 1096 990 748 526 1522 690 436 1550 86 141 183 641 645 343 656 1181 288 1444 1201 1321 1326 944 573 703 836 1142 326 1495 731 873 1262 
321: 1061 592 136 1229 657 117 501 1159 942 1019 725 1329 951 862 548 80 1154 52 1185 1252 1516 1526 1527 959 381 
334: 1061 498 415 526 1407 659 949 1193 1291 988 1421 1477 
491: 1061 592 103 311 495 896 939 200 433 366 526 430 605 80 316 88 1144 1022 
496: 1061 495 635 672 1053 433 215 613 416 1032 1033 1034 1181 850 1019 646 774 1392 112 744 1262 143 1502 877 1261 
768: 1061 1447 1007 1018 239 1435 229 582 1154 
836: 1061 498 770 1067 215 261 430 86 1465 1117 201 398 1453 80 37 281 378 419 667 1190 983 984 887 
864: 1061 723 635 1072 1085 939 1053 844 98 613 1394 366 1052 1083 1159 890 930 371 464 573 48 183 238 413 466 612 725 734 131 474 1166 436 1205 202 83 1349 38 94 156 180 281 447 546 713 778 840 841 843 1024 1547 1176 1312 1185 1318 1266 1357 1077 1503 891 999 1397 1223 
873: 1061 613 261 573 1174 48 748 1020 288 69 343 
1291: 1061 311 1449 613 248 144 366 1132 1294 850 907 826 101 1031 85 1208 513 1093 1318 1521 228 1435 1390 1329 582 726 778 377 75 988 1337 1529 871 229 334 673 773 
1181: 1061 640 261 284 645 258 690 1164 1174 343 496 546 821 1484 
1321: 1061 261 573 86 1020 1495 333 343 
1268: 1061 557 991 1241 1449 736 1052 907 270 370 558 878 888 1195 283 443 1095 1490 879 988 229 463 735 779 1024 1022 567 570 347 865 961 1089 
1223: 1061 495 1391 144 864 888 1356 872 679 465 474 190 
433: 557 1389 311 601 635 1006 1072 1449 1229 1 4 5 1053 1447 1067 46 844 7 13 16 47 51 66 79 85 94 100 101 117 118 156 173 175 181 197 222 234 239 248 263 267 270 290 297 299 300 350 351 377 386 409 413 414 432 1539 1032 1034 1547 1550 532 539 549 1077 569 1546 593 594 1294 1114 613 1126 1137 636 637 1159 802 1166 1185 1187 683 1198 1210 1214 1222 1233 1245 740 1253 744 749 1264 1277 1284 1288 781 558 792 862 814 563 1348 1352 848 1252 860 872 1392 1394 888 893 1406 1407 491 1413 1422 935 946 1459 952 966 458 461 1487 464 1493 485 1514 1005 765 496 502 1019 1020 
215: 557 635 1006 1085 1355 1310 1 1053 1067 1092 844 40 59 87 96 184 187 1408 1539 772 774 1287 1032 522 268 1294 273 275 407 666 879 668 415 1187 558 1075 566 1466 1034 843 836 1094 1095 459 848 850 216 1546 613 1255 1000 875 492 496 1009 1407 
1518: 557 311 498 1548 1 640 657 1447 1092 844 98 613 876 83 156 161 183 248 249 273 275 277 285 294 313 323 328 386 411 464 532 558 609 638 639 641 735 762 765 792 871 984 987 1009 1013 1032 1137 1522 1521 
934: 557 1215 4 1053 844 248 1032 1149 641 942 990 414 183 238 333 343 603 734 792 1473 
40: 557 592 495 640 4 1053 46 945 215 1394 248 638 100 1390 1180 1189 28 532 285 300 558 946 949 953 1214 447 197 1096 476 228 220 1253 1251 612 229 370 241 373 760 761 762 380 637 
1407: 557 57 921 989 1006 1449 1125 939 640 4 657 1194 46 433 215 613 638 118 366 415 1032 1159 658 1308 1402 1294 805 850 1186 100 6 775 522 660 1177 812 430 826 646 1019 14 48 86 95 101 204 206 218 239 268 270 302 326 334 355 370 380 492 513 535 558 573 582 584 589 659 712 778 779 825 860 872 879 899 937 976 987 988 990 1004 1015 1022 1025 1041 1058 1091 1094 1095 1108 1115 1158 1185 1196 1208 1222 1237 1280 1284 1305 1324 1346 1349 1359 1446 1439 1490 1526 
1219: 557 601 640 5 639 54 1159 690 1390 1368 172 173 181 229 271 295 299 300 365 398 436 453 485 687 747 760 761 868 893 1095 1162 1193 1195 1280 1329 1323 1294 1493 1379 1269 
1546: 557 921 1085 939 1229 1310 1215 5 1053 1067 844 433 215 736 613 117 216 432 637 1083 1159 1214 1433 760 1019 775 414 430 371 13 14 80 89 156 222 286 302 356 434 435 489 493 543 563 618 664 710 725 739 749 794 810 819 848 868 894 920 977 987 1004 1020 1046 1048 1069 1077 1115 1126 1225 1288 1372 1379 1422 1452 
1539: 557 635 830 886 1085 657 433 215 613 876 1394 1011 248 638 191 275 290 1032 641 1214 760 1522 1019 6 459 1010 349 1390 164 229 241 267 340 350 351 386 510 603 713 763 872 933 947 1025 1146 1266 1311 1387 1413 
386: 557 311 635 989 1548 1355 1400 1229 200 433 736 613 1518 526 1264 942 990 1019 660 161 430 837 646 1539 733 86 400 659 661 1009 1115 1277 1413 1521 239 636 7 228 267 1137 1390 349 1296 350 337 385 159 164 229 263 277 313 316 351 531 924 453 562 741 715 973 1108 986 476 627 871 1117 631 
531: 557 620 311 610 830 1085 1476 1355 1104 1400 844 216 275 290 415 501 1052 942 946 1019 1031 733 183 400 603 1093 1277 843 7 267 1137 1247 1367 80 386 385 81 82 121 164 1152 1117 1445 1025 1462 1227 1222 1230 1108 1110 548 986 604 1381 562 
1435: 557 311 495 498 601 635 1449 571 1229 1194 736 61 191 407 427 941 953 522 430 837 590 86 558 725 888 1096 1277 1473 768 228 295 1281 164 1193 9 835 477 14 76 79 80 87 110 123 174 201 225 355 436 492 549 585 642 703 741 898 1059 1155 1176 1291 1329 1332 1364 1379 1454 
308: 557 495 498 635 1072 1215 1194 200 17 191 317 366 407 941 1402 1294 890 1019 905 660 430 1467 320 837 646 101 459 683 848 86 659 661 862 1115 1186 1277 1318 1521 1465 636 228 408 349 164 1193 10 21 52 80 81 88 135 194 199 201 209 285 297 1028 1545 572 1088 1124 1140 1178 673 679 1199 1206 1212 1237 1257 1258 1265 755 1293 1296 1329 1330 1333 1361 1364 351 1173 897 387 409 968 1482 505 1496 1004 340 
432: 557 1449 640 1053 1067 433 613 1394 1390 1546 464 413 1096 1288 749 13 1473 228 229 641 878 1086 593 744 
725: 557 103 311 896 1085 1053 46 1011 639 126 144 566 1189 953 1007 1546 321 590 976 85 13 104 1390 1435 987 1288 1297 1473 1046 20 27 42 44 65 91 135 154 204 263 285 287 295 369 570 576 671 692 707 1088 1540 1413 1542 940 853 1333 1076 956 959 1348 968 1079 1293 1363 852 1245 862 864 1552 1084 1103 1338 1404 
1280: 557 1229 16 1219 1407 942 1174 1346 1208 1096 228 234 1390 894 983 1166 879 875 1193 898 14 165 418 1333 229 1248 1001 988 803 1200 1299 
283: 557 1374 322 495 635 1006 1449 245 1391 1194 638 639 17 118 317 411 416 427 526 641 690 1264 990 320 223 370 578 878 1473 1465 1390 14 55 389 1416 779 1421 1166 773 288 676 295 937 1450 1329 447 451 1478 782 1037 1361 1497 1379 1138 1268 1022 
953: 557 311 495 498 672 1449 1131 571 939 1229 1391 640 1067 945 736 613 638 639 40 61 118 144 191 366 411 1052 641 1214 1264 762 1294 874 1415 826 837 646 1019 659 1193 313 1115 988 1435 299 435 725 14 38 80 86 101 157 166 224 225 298 300 303 325 351 355 470 569 576 605 608 636 734 741 799 857 859 872 888 949 952 1154 1170 1185 1195 1222 1329 1370 1387 1397 1420 1439 1470 1480 1500 1501 1515 1521 1524 1022 
270: 557 1374 991 322 498 635 1449 245 1053 433 16 1342 1407 907 990 459 241 267 988 1473 14 76 515 1293 281 302 303 703 1499 1267 1268 888 
16: 557 943 723 1389 495 601 610 245 640 46 433 1394 638 639 1032 646 290 385 1193 893 973 1280 930 270 1253 795 474 515 1028 1545 1162 907 1293 1166 271 1522 786 532 760 794 525 994 292 936 41 1323 300 173 687 1329 690 436 1455 694 951 1195 1083 702 637 65 194 97 201 974 593 724 398 365 1314 1550 101 609 1379 612 747 1388 249 1392 123 888 761 762 636 767 
1545: 557 989 245 1310 1067 736 16 990 837 101 573 308 309 1329 1252 1296 268 194 
760: 557 939 1310 640 657 1053 844 736 613 639 16 40 54 197 366 411 415 416 641 658 694 1219 1264 890 1433 942 1546 1539 1009 774 435 55 170 183 239 300 335 383 909 1327 1201 1323 1098 843 761 
1329: 557 706 723 991 311 495 989 1229 1194 16 61 366 1180 1219 1294 953 990 161 464 563 321 1208 370 530 558 578 748 878 888 1195 1096 1521 239 636 228 283 295 308 993 1435 1390 1281 313 988 1227 1188 1095 1253 474 1545 794 525 189 225 229 252 332 465 485 582 655 679 879 897 1022 1094 1222 1291 1420 1349 1421 1497 1367 1361 
201: 557 311 495 498 1449 330 46 16 941 906 1019 905 660 430 86 466 659 661 888 908 1521 228 307 308 309 583 1154 1435 87 836 50 1293 532 37 1138 1066 699 1222 1207 984 859 871 1106 788 
61: 557 943 640 1067 613 837 659 1435 1188 953 1329 593 524 86 1208 649 1337 1406 224 429 197 81 1106 87 1506 370 218 861 392 594 992 
72: 557 1085 757 171 510 1390 744 65 656 1314 69 1234 789 1519 1025 
80: 557 943 1374 103 498 921 1072 1449 1476 245 571 1229 945 200 736 191 197 411 416 461 1180 1214 1264 906 953 522 1177 430 323 837 1007 1546 101 321 459 590 829 86 238 370 862 888 908 1036 1195 1103 1277 1348 1413 1521 303 636 218 298 307 308 309 469 542 583 1056 1435 1388 836 1296 1500 1069 582 756 897 408 385 531 1193 178 988 1227 973 299 795 474 1293 300 702 194 524 1191 1337 924 224 859 1279 1349 30 79 37 38 81 1106 441 105 111 119 634 642 1182 692 1207 696 697 707 1222 211 236 1263 752 1275 254 779 281 981 806 328 846 1361 1363 1370 353 355 383 898 399 405 156 956 470 1495 1511 491 82 494 765 502 1016 1005 
117: 557 989 1085 640 1053 1447 46 433 613 638 639 1390 1214 191 366 1546 464 990 1009 131 435 228 123 485 25 51 641 558 415 321 713 1356 126 1114 229 1266 633 
118: 557 640 1053 1447 433 248 1390 1407 464 290 1009 1473 435 283 1187 953 123 888 641 58 908 558 415 517 792 1408 966 850 1402 
123: 557 991 1067 46 613 16 117 118 100 249 1009 1435 1390 1253 532 593 52 1152 1198 927 1320 543 1102 894 
274: 557 635 1053 46 945 844 98 248 191 275 290 1032 1114 1132 1308 1294 850 942 1187 919 1522 1019 774 793 48 96 183 184 187 240 513 659 791 413 1466 1380 748 661 965 228 194 83 369 1387 843 778 1420 790 792 799 1521 584 713 1122 1108 983 603 604 1503 999 
281: 557 1073 571 1215 736 191 411 415 416 690 1264 258 1196 86 270 612 864 836 600 80 81 453 135 1164 1106 1013 1495 353 1541 567 1517 
295: 557 706 311 989 1194 1219 990 1208 370 558 578 725 1521 228 283 1390 1435 268 1095 1329 1094 229 1421 225 1547 1450 879 655 
302: 557 311 635 989 1310 1407 990 905 1546 1208 270 558 987 1473 303 18 222 1253 254 
355: 557 831 1374 311 1449 245 191 1180 1407 953 1408 86 370 558 239 218 244 649 993 1146 1435 1362 80 1365 114 335 148 1376 508 
409: 557 498 1229 433 430 308 765 
447: 557 262 1391 40 415 690 889 573 578 864 1036 1413 283 1095 350 532 1253 1005 1094 986 453 476 779 1479 
1025: 557 1389 322 495 635 216 415 427 526 1180 1407 907 990 1539 829 1208 238 240 558 661 878 888 1473 1297 166 531 872 879 857 1379 679 1361 1424 69 1499 72 988 35 78 488 625 834 1263 1256 
558: 557 311 495 1006 1085 1449 245 571 1053 433 215 1518 40 117 118 191 415 1402 1407 907 966 905 646 459 988 1435 987 1068 525 1329 1195 593 636 649 302 605 1410 1387 709 1025 295 346 355 389 469 1089 1005 1171 1305 1200 675 1217 1222 1480 1421 1084 700 1268 1365 
570: 557 311 495 1355 1104 216 317 942 725 218 349 949 313 351 1268 324 337 124 656 670 958 1079 1285 1488 1452 356 1529 1519 697 280 368 922 957 1499 
1084: 557 1310 558 725 576 
573: 557 322 1006 1310 657 144 261 1402 1407 1390 1473 228 1545 241 872 202 1387 465 864 447 229 873 1217 1271 353 1005 1321 381 343 1201 1074 1086 
1089: 557 989 407 990 1208 558 878 1506 879 1268 1410 247 1499 988 
605: 557 592 311 495 498 1006 1355 1131 571 939 1229 1067 46 736 613 144 191 216 366 526 814 889 890 953 1187 826 258 848 1208 48 238 530 558 661 790 799 878 1277 1521 1473 239 18 228 1297 349 408 178 453 988 299 534 1095 593 1301 1330 1529 52 225 229 280 471 491 494 503 773 1438 801 879 1508 875 707 1094 940 1102 1486 1081 1124 1370 1246 1511 1395 1020 1022 
631: 557 1208 878 349 937 386 879 875 1497 924 
641: 557 103 498 989 1085 1355 640 1418 1053 1447 1067 46 844 1518 638 639 31 54 117 118 207 216 227 251 261 275 284 407 411 415 416 432 501 602 637 1032 1033 1034 1132 1189 934 1308 1019 1539 659 337 990 435 283 928 930 1187 420 953 1522 760 300 690 694 761 762 1035 1264 1330 889 239 81 114 252 363 510 512 603 1093 703 1343 850 880 906 919 908 1438 954 966 1488 
1168: 557 770 1391 526 1293 1169 679 1361 474 1263 
1305: 557 1050 939 1229 613 1394 144 1407 1177 558 1500 66 593 285 313 1487 1222 879 470 663 1188 988 1227 835 709 1421 133 142 494 621 913 1419 1517 1316 
675: 557 415 558 66 217 
1478: 557 1294 942 161 101 683 203 283 1154 350 377 872 1193 474 548 1178 1542 924 686 34 688 810 
884: 557 1355 1310 1095 1005 1094 
700: 557 1449 558 
1217: 557 991 635 989 1085 1229 366 427 526 1180 1402 990 1368 573 86 435 558 569 888 1096 1186 1413 1473 239 228 234 1390 895 915 350 1058 150 854 51 175 297 268 1379 1361 702 229 773 1220 
1218: 557 613 86 300 37 642 1051 
709: 557 498 989 1006 1085 1229 1032 990 464 774 370 558 1473 1069 1095 593 1349 313 594 1222 32 1188 1270 1305 1022 484 988 494 825 
1222: 557 1085 245 571 433 736 54 411 1159 814 1407 953 646 258 86 558 908 298 1026 1329 1069 593 201 80 429 1349 531 173 299 300 594 1193 628 1253 1410 709 81 703 813 1305 1320 1327 1248 1485 
1234: 557 635 1131 939 1215 366 829 1208 510 1390 349 593 1020 973 1380 634 1396 656 247 669 974 472 72 329 904 667 752 789 1471 1438 
734: 557 989 1053 945 844 98 227 953 934 935 464 370 435 1095 1094 864 843 634 403 1318 
745: 557 427 464 435 1186 1473 1058 1450 
1267: 557 270 159 
1284: 557 1374 495 1355 1391 433 366 526 1264 890 1407 942 1522 223 1009 1277 239 228 1390 349 443 973 356 872 1486 404 42 159 478 555 707 1317 1424 1445 1488 
781: 557 1389 770 1355 640 433 191 526 349 660 988 888 351 239 350 276 410 890 
792: 557 991 498 1355 1053 945 844 433 1518 248 118 275 290 1180 1308 990 414 934 196 774 1208 793 95 183 203 240 274 513 791 1307 1009 1277 1095 888 1301 1529 1058 83 843 778 1020 623 1266 588 297 615 713 1303 1420 940 1118 
822: 557 1031 1208 1521 1095 952 920 
842: 557 495 1050 1548 613 17 216 1550 101 1346 1009 1297 1140 135 741 288 1529 
1373: 557 1449 418 
898: 557 311 1006 571 736 317 1177 646 238 987 1435 1500 80 1188 1280 1410 1488 984 
1375: 557 1095 1094 807 
656: 557 1027 1449 1464 1215 144 191 261 1550 1226 814 1342 320 223 510 888 965 1096 1236 1348 1515 636 1137 348 349 543 66 166 756 973 1166 1392 1066 1320 65 208 470 986 1396 1485 701 44 887 974 202 69 72 190 206 314 463 497 521 570 633 904 789 1525 959 667 1234 
1257: 557 322 1085 1229 990 459 878 1473 234 308 1095 268 75 292 474 909 1463 479 480 980 
1408: 557 1449 939 657 215 613 118 366 415 1032 658 1177 826 1186 1390 988 987 1095 1208 1094 1347 582 878 779 355 443 159 492 712 879 1237 1298 
1421: 557 991 635 1229 1310 526 1177 558 1473 228 283 295 1390 1329 1095 51 1352 860 268 879 1094 875 75 1188 1305 225 835 1450 229 113 334 813 969 
924: 557 262 770 1400 17 1550 161 862 1277 267 1137 1297 80 386 973 385 871 707 328 42 91 1079 1549 631 974 1529 688 810 1024 1478 
1207: 557 498 939 736 197 694 430 1174 86 1465 201 80 429 532 37 1066 1182 
1521: 557 1389 103 136 311 424 495 770 921 1027 1050 1476 1355 1104 939 1229 1215 1053 1194 844 736 98 613 1518 526 941 1264 889 890 942 953 1019 905 660 430 837 646 1007 483 101 695 1346 829 85 86 274 530 578 659 661 987 1009 1115 1096 1161 1277 1413 408 349 1137 337 386 1193 313 995 93 308 795 1329 201 636 1157 135 1138 605 66 351 239 350 871 80 429 1463 843 1228 535 999 1296 276 1409 1295 82 159 206 222 295 297 314 387 442 470 488 564 692 705 773 822 858 1134 1144 1291 1312 1396 1441 1446 1471 1488 1524 
949: 557 103 311 672 1006 1027 1085 1464 1355 1131 611 46 844 736 40 216 392 526 1342 953 919 161 187 888 1103 1277 239 1465 843 1137 349 1500 577 350 408 337 385 313 1227 1452 474 1079 263 224 351 1230 538 1279 871 81 69 76 147 157 217 252 334 419 445 564 570 634 686 697 708 779 846 887 903 909 910 1285 1005 1530 1210 1202 1020 1516 1261 1099 1440 1531 1102 
963: 557 245 1391 526 234 609 1497 296 
1479: 557 415 1149 466 1161 1413 350 288 662 447 
87: 943 481 322 1067 200 215 61 461 941 1264 660 430 837 86 370 569 888 908 1195 583 1435 1293 201 593 859 1349 79 429 37 788 81 1106 75 1296 1042 1441 674 455 105 353 1013 
461: 943 498 1027 245 571 939 640 433 736 876 430 1293 761 1264 859 80 906 87 1506 285 254 806 560 958 960 
702: 943 1507 495 1355 16 427 646 101 695 829 86 238 578 612 661 888 1146 535 80 872 88 135 1361 1217 465 474 1259 1324 1332 974 1480 476 779 1455 488 1043 1242 1200 
724: 943 723 16 144 251 526 866 905 104 238 1497 
941: 943 620 311 650 896 1449 640 191 251 430 837 1435 308 309 201 612 86 307 104 1349 906 908 1106 87 790 1521 622 699 1366 
1226: 943 495 245 1391 640 526 453 474 1293 1392 1036 234 829 952 656 114 977 1270 
1106: 943 53 61 941 906 86 203 908 87 201 80 429 1293 79 37 281 806 1042 696 1145 
248: 1073 495 498 635 830 989 580 939 1310 1 640 657 1053 1315 1067 945 844 433 98 613 876 1518 1394 1011 40 96 118 183 187 199 216 238 241 1539 513 1032 615 1132 637 639 649 659 1180 1187 1201 1388 744 748 1277 774 1291 1294 274 275 1301 792 290 297 303 478 310 318 843 340 1380 1387 366 1342 897 919 411 415 416 934 1522 946 1473 459 464 467 983 1497 1500 990 483 1009 1019 
20: 1073 262 672 245 1310 1215 317 1149 942 646 725 784 862 1096 1348 1473 1058 263 224 608 882 1079 1164 1425 1381 1519 
177: 1073 844 1154 1152 42 780 1488 1171 180 1017 664 825 
269: 1073 
419: 1073 481 144 690 349 836 949 1020 997 1148 
548: 1073 620 136 716 1449 1476 1229 191 427 526 637 1019 905 660 430 100 321 802 104 530 659 739 1115 1103 1277 1348 744 531 973 1210 1005 502 668 1193 385 1279 920 707 29 131 436 1227 1070 52 68 193 236 405 476 489 494 545 1553 670 816 755 957 574 1478 697 1081 1370 1511 
686: 1073 103 136 311 495 552 1006 197 161 646 829 1103 1277 1137 949 313 879 1193 135 385 871 288 1099 755 823 1227 1448 1230 1274 1478 315 967 1102 1150 
1169: 1073 322 639 366 427 223 578 888 532 872 1228 779 567 679 676 753 1168 
905: 1213 991 620 635 1072 4 1053 46 98 17 191 261 526 1159 1189 966 1019 1281 100 59 104 134 201 223 302 307 308 309 331 378 430 485 548 558 616 618 621 648 659 660 661 719 724 748 774 837 1536 1165 1471 965 1521 1064 1486 910 983 1501 1553 1387 1021 
11: 1213 299 1188 996 
996: 1213 639 443 937 11 727 971 1182 
398: 1213 639 16 144 197 690 1219 203 1387 836 1020 
562: 831 989 1355 1052 1550 762 400 1277 239 303 7 349 386 351 531 1380 1117 1254 164 669 1427 
453: 831 311 1449 1548 1219 1226 430 733 1009 7 349 605 386 313 1281 211 281 1328 277 316 131 447 1117 685 715 
749: 831 635 830 1085 1053 433 216 432 1342 930 100 1546 563 590 13 435 739 10 987 1288 1452 973 199 206 356 576 714 959 1046 920 1062 974 1485 1238 1244 1122 
612: 831 1449 1053 613 876 1394 16 40 144 197 415 526 941 1019 184 1390 1188 228 1166 532 702 229 281 314 469 1551 937 1102 1365 731 864 
1079: 831 322 495 672 1050 1449 1476 1548 1355 17 207 216 526 1180 1264 890 522 646 101 725 888 1277 636 1387 1390 346 1095 285 949 708 263 875 88 135 783 882 988 20 361 570 924 1285 1450 1488 1363 1499 
1337: 831 322 716 1355 17 61 216 415 501 526 683 1208 878 1115 1026 285 80 879 194 111 224 1291 835 21 988 1227 356 
1233: 831 620 1389 592 495 1449 46 433 613 197 415 1159 907 1208 988 157 879 1477 
1247: 831 495 1449 1548 46 1369 1296 531 871 109 121 565 1357 
210: 831 1374 991 736 613 1342 370 218 1362 1022 
237: 831 733 862 229 368 
508: 831 495 317 218 309 649 1362 1365 355 
575: 831 1449 299 
1041: 831 481 1407 1486 998 471 621 969 
1461: 831 
532: 706 311 433 876 1518 16 40 415 1159 1189 1346 249 435 612 777 1397 1390 123 477 1551 1091 201 937 1253 141 220 229 447 514 1158 1544 1169 1430 667 1333 1477 1207 853 1251 1320 
829: 706 620 495 498 552 601 610 635 989 1449 1476 1125 245 571 939 1229 1391 657 200 639 17 197 290 411 415 1226 1402 907 990 1177 646 899 106 1227 93 1095 1253 474 525 1323 702 888 1036 86 88 234 52 80 122 236 305 377 465 479 502 544 621 679 686 810 1152 1025 1110 1296 1311 1497 1333 1234 1499 1521 1327 1022 
859: 706 571 461 953 888 993 87 201 80 1293 399 988 1138 1426 24 1042 
341: 706 902 53 464 101 1208 888 1115 636 1486 1497 1496 536 673 
347: 706 1268 
492: 706 215 1180 1407 906 1408 908 1435 744 
504: 706 495 613 936 903 
530: 706 495 770 1355 1310 1053 200 216 392 407 526 690 430 1208 104 1390 988 1473 228 1329 436 593 1178 605 548 229 1252 1470 878 1521 484 1299 1303 879 632 
544: 706 1449 1229 1187 829 806 402 69 643 773 
547: 706 1374 991 322 245 1229 1442 290 526 890 1346 1390 228 956 591 915 783 1303 
655: 706 1085 370 1413 295 1329 
674: 706 86 87 1349 79 173 786 1035 145 
777: 706 1085 1391 1053 613 876 1394 1346 356 1253 532 436 194 74 354 731 846 
1474: 706 106 855 78 319 579 1504 1534 
258: 481 921 989 571 5 1053 46 736 144 191 1083 1181 1189 690 1415 349 30 104 156 281 937 1205 1222 1485 854 343 1004 605 1022 
351: 481 103 311 495 1027 1449 844 433 98 613 1512 144 427 1550 781 953 320 1539 1031 25 96 104 466 659 799 1413 1521 239 843 267 307 308 309 1137 1390 349 895 271 285 350 949 386 164 562 112 206 229 368 1331 570 1248 1487 1107 853 729 998 
350: 481 311 1229 1215 46 433 613 1512 366 415 1149 781 812 1539 85 25 435 466 659 1277 1413 1521 239 267 1137 1154 1390 349 271 285 1281 386 164 313 1117 509 351 71 112 229 293 314 912 801 1479 949 447 1217 1478 1549 1490 729 1487 
1043: 481 620 1476 443 28 702 1110 614 
64: 481 203 1387 1275 
186: 481 1415 576 1417 
240: 481 495 770 1449 1125 1053 1294 990 238 888 241 538 1025 1121 166 274 1203 1361 792 679 231 975 
331: 481 905 1346 238 349 449 922 1148 
343: 481 261 1180 1181 934 258 573 695 104 184 1115 1096 1387 897 772 591 1380 135 873 1254 1143 1205 449 1262 1321 1416 
1444: 481 261 
586: 481 830 1085 613 526 1083 1308 239 1296 277 1088 
1102: 481 103 311 495 1006 1355 571 144 216 317 890 1019 161 430 1208 612 661 878 888 1103 1277 1137 123 605 543 1095 949 507 1020 429 313 718 297 879 1094 385 871 1099 988 1227 686 1230 1110 614 
997: 481 1104 245 330 144 1103 443 1020 224 1105 887 835 419 1425 556 1148 
50: 1232 1374 1507 580 611 739 201 999 861 1422 168 272 1549 8 1228 147 917 
1095: 1232 620 311 495 610 1006 1548 1391 46 844 215 613 1394 17 197 216 317 415 1114 1132 1180 1308 1219 1294 850 889 1407 1019 775 522 935 100 464 1408 1346 829 774 513 659 734 792 888 933 1036 1186 1481 1387 234 295 1397 1329 349 605 1281 106 408 1466 1193 313 893 14 1456 35 134 142 159 209 326 375 377 447 474 484 551 581 630 709 773 822 849 884 929 958 980 998 1005 1015 1028 1079 1094 1102 1133 1140 1152 1170 1210 1257 1268 1269 1299 1317 1331 1375 1421 1258 1450 1497 1532 
1317: 1232 1507 650 1310 639 45 1095 1284 1094 89 209 607 808 1316 
1179: 1232 1507 330 611 45 272 1170 
272: 1232 1507 1449 330 611 430 1115 1413 861 576 50 1179 147 1508 622 
147: 1232 1507 330 611 949 168 272 374 1205 50 169 950 827 
785: 1232 888 389 488 
950: 1232 242 69 147 
1508: 1232 1507 1449 1355 330 611 1229 605 272 276 971 1363 
876: 723 902 1 86 183 222 238 248 461 532 563 576 612 701 707 757 777 778 1539 1287 1518 1065 1365 1121 1253 
676: 723 495 1125 526 990 888 267 283 1169 679 988 803 1138 1263 527 607 
701: 723 1131 876 1052 1214 1208 1115 288 656 
713: 723 921 1006 117 275 407 526 1114 1308 1187 414 1539 1208 274 513 792 864 1009 507 1307 588 1290 
1541: 723 495 770 197 526 888 1349 300 281 288 685 474 
1065: 723 876 1052 1214 888 1115 897 1088 1499 
866: 723 640 526 724 1138 1259 1483 
1092: 1374 1 15 48 98 215 275 290 708 843 844 999 1010 1518 
1380: 1374 991 1355 1131 98 248 197 1550 1342 942 6 733 274 659 1387 349 507 973 299 300 591 27 35 111 122 343 418 562 667 669 852 904 974 1129 1227 1230 1234 1549 1438 1396 
436: 1374 1006 1449 16 216 261 658 1180 1219 86 530 748 777 864 1435 230 731 1193 357 418 141 389 1178 1441 548 574 1495 1262 
578: 1374 136 989 1006 1449 245 1053 1442 17 317 366 526 1180 990 1007 223 241 408 1390 659 267 283 228 474 292 1329 702 974 593 888 156 213 229 295 298 303 389 394 447 471 670 1465 1348 968 846 1103 1169 1138 1521 1450 1365 
211: 1374 495 245 1310 736 613 191 990 1526 86 238 241 661 1195 1277 1473 349 593 80 79 37 178 453 1117 1370 806 1328 986 789 
357: 1374 1449 1215 990 264 1473 228 1390 1379 325 436 394 1228 779 719 1062 536 
381: 1374 1229 1391 613 100 321 573 234 1390 1020 135 1188 356 229 998 247 891 
493: 1374 495 1391 526 1546 94 984 474 
533: 1374 844 317 1450 247 1231 
677: 1374 1006 611 46 416 1032 1439 1019 826 1500 375 618 1441 1231 1343 
703: 1374 261 411 641 1180 1189 101 86 270 1435 1222 1248 1495 1519 141 389 607 
714: 1374 495 330 749 711 712 1244 206 178 1070 715 1029 
728: 1374 
848: 1374 1449 1548 149 433 215 613 639 144 1177 430 1546 408 1115 1452 308 1188 920 605 707 113 
1110: 1374 1548 1104 411 690 1031 1196 829 790 765 531 1198 1352 502 1152 871 328 735 124 127 325 143 128 1357 121 1227 1102 35 1035 628 24 109 120 214 614 671 1043 1457 1354 1363 1256 1153 
1141: 1374 495 245 366 309 247 
1158: 1374 98 638 1159 1407 1522 522 923 48 815 765 532 524 120 158 787 1360 
1196: 1374 991 921 1125 245 657 144 191 889 1407 264 337 1369 1103 649 1110 81 370 335 383 218 281 462 567 813 
1248: 1374 672 989 1355 587 890 942 239 349 1296 285 708 1349 351 1212 1222 670 835 958 1280 703 825 332 
1316: 1374 263 224 1188 1305 1317 1088 665 
1349: 1374 495 245 200 941 645 1189 1407 660 430 837 1031 85 86 661 864 234 298 1329 87 1296 1069 593 80 429 1193 175 300 1164 28 1410 37 81 455 594 674 709 858 1004 1013 1222 1248 1541 
1485: 1374 635 1085 613 639 366 1187 258 1086 749 973 1487 1222 1386 857 974 656 1071 1238 
1397: 1374 620 495 1085 571 1194 366 526 814 953 1019 660 659 661 864 1115 1387 349 1193 1095 532 465 897 1296 1361 1022 801 
1385: 1374 888 994 
1429: 1374 245 234 
736: 991 620 311 571 1310 1 640 1447 17 18 32 37 38 43 76 79 80 81 86 173 191 194 197 210 211 218 228 238 239 258 281 309 365 370 383 386 411 416 429 430 461 583 591 605 636 649 659 661 690 1545 1546 1066 1069 1096 1132 1146 1149 1193 1195 1207 1222 1252 1268 760 761 1293 1296 1307 806 1320 837 1362 898 1388 894 1435 942 1456 949 953 973 981 983 1521 1522 1019 
1177: 991 989 4 46 613 144 1180 1189 1407 990 80 304 593 621 622 663 823 829 848 898 976 1096 1136 1408 1419 1421 1305 1188 1473 1227 
1308: 991 322 886 1085 1310 640 4 1053 613 639 191 227 275 290 637 1032 1114 1132 641 1180 1186 349 135 187 229 274 297 413 430 445 513 586 588 590 604 646 659 713 791 792 793 802 805 915 930 988 990 1019 1095 1103 1187 1266 1294 1466 1439 1407 
990: 991 495 498 635 770 989 1072 1085 1548 939 1229 1310 640 1053 1442 1194 613 248 638 639 117 207 216 261 290 318 366 396 526 1032 1034 1114 1132 641 1159 1308 1214 1402 1294 805 850 1407 907 1186 1010 6 775 1177 414 934 826 1019 464 513 101 134 178 193 194 206 211 218 226 238 240 260 265 268 270 283 295 302 312 335 354 357 370 377 383 386 389 437 490 525 536 578 582 585 636 649 673 676 679 709 719 740 748 773 779 792 803 816 821 829 878 879 897 933 940 957 961 964 965 988 1025 1545 1089 1156 1217 1200 1227 1257 1296 1242 1312 1318 1329 1361 1338 1379 1404 1414 1004 1527 
234: 991 245 1194 433 639 17 23 317 411 425 1226 1264 161 430 695 829 1208 539 661 349 988 1280 420 1095 1166 609 88 115 157 1024 783 1296 1176 288 940 1454 861 688 479 1217 963 1349 1094 1497 1506 857 1257 1005 621 381 1429 
197: 991 103 495 635 1400 640 433 736 613 1394 639 40 61 349 1032 1189 1368 1159 1380 459 973 930 1095 1253 526 474 515 1162 760 936 300 690 694 97 974 398 365 101 612 747 761 636 649 829 1406 80 429 1174 37 70 142 150 861 621 410 411 1541 686 815 695 1207 1233 1020 1109 
618: 991 613 427 905 1546 744 677 1058 389 
621: 991 498 635 1229 144 197 637 905 1177 802 829 234 1506 1296 593 861 594 1005 1188 1305 1419 1041 
667: 991 1131 1310 366 526 183 836 973 532 1380 741 1396 656 69 669 1234 974 904 1438 
740: 991 495 1355 1310 1194 433 216 317 526 990 1208 86 1195 239 349 1452 356 778 
744: 991 311 322 921 1085 1355 1067 200 844 433 613 248 366 427 432 1214 1187 1019 1208 496 1115 1186 1277 1350 239 1137 1188 173 1529 952 548 72 625 156 314 492 618 
821: 991 989 1310 1181 690 1187 990 826 748 743 973 1441 358 
825: 991 672 526 1132 1407 161 323 285 708 177 1212 159 1419 670 835 1183 1248 709 1381 813 664 332 
861: 991 495 330 200 613 61 197 86 234 1506 349 1296 429 50 365 1013 272 621 1005 1437 1128 
1064: 991 1310 191 366 411 1019 905 660 430 659 661 649 1193 159 335 619 
1156: 991 1310 990 218 649 
1338: 991 989 990 725 377 475 
1312: 991 989 98 919 990 775 464 864 933 1115 1318 1521 1140 979 488 763 
1327: 991 54 411 760 101 829 1222 761 55 1323 1450 1325 1339 479 1012 
1506: 991 571 1194 1067 200 61 392 461 906 430 196 86 241 218 234 349 988 1246 507 429 37 340 621 840 861 915 1005 1089 1287 1296 1500 
998: 991 921 1006 1229 613 427 694 890 1346 1208 790 888 1500 1095 507 351 381 920 42 189 328 735 887 1041 1049 1148 
169: 1507 1355 526 1208 1108 1249 147 
523: 1507 1085 1229 1391 639 144 526 166 297 936 1071 651 664 359 
827: 1507 622 147 
1105: 1507 613 216 997 
200: 620 103 311 1006 1548 1 80 86 87 191 386 1026 429 1296 530 812 1069 307 308 309 829 1349 987 861 1120 1506 744 491 241 765 
660: 620 311 1072 1229 4 46 98 191 1189 781 1294 874 1407 942 1187 1019 905 100 87 104 135 148 164 201 238 307 308 309 323 385 386 400 430 484 485 548 659 1026 965 1521 1064 692 958 837 1349 987 1137 1397 661 
1019: 620 136 311 322 635 1006 1072 1085 1310 640 4 5 1053 46 844 433 736 98 613 248 17 191 261 290 317 366 427 1032 1132 1149 641 1159 1180 1189 1308 1214 1294 850 874 1407 953 990 1186 1010 100 6 905 660 430 837 1368 51 104 150 183 201 238 241 274 300 308 309 321 369 383 386 400 413 485 496 507 510 513 531 535 539 548 569 590 612 659 661 677 707 720 744 774 799 843 871 872 883 908 965 977 987 988 1004 1009 1026 1539 1546 1064 1077 1095 1137 1167 1208 1236 1277 1289 1336 1371 1397 1434 1521 1480 1486 1102 
659: 620 136 311 1006 1027 1072 1085 1400 580 1229 1053 46 844 736 98 248 61 191 275 290 415 1132 641 1159 1308 1294 850 874 889 1407 942 953 1019 6 905 660 430 100 459 1346 774 1208 48 104 183 238 274 513 539 569 578 349 1390 10 18 59 66 135 201 239 276 307 308 309 334 350 351 377 386 484 485 548 1064 1094 1095 661 1191 1221 720 895 1336 843 1380 1397 1434 947 965 968 1487 987 1521 
1227: 620 103 311 989 1006 1476 1548 330 144 216 942 990 1177 161 829 1103 1277 1137 1329 949 80 313 531 1212 1406 879 81 1152 1380 385 1188 1305 871 1419 328 735 9 124 548 1285 1099 1431 494 497 545 556 686 922 1102 1110 1230 1337 1354 1256 
35: 620 495 1476 1355 1174 1095 1094 1152 1380 88 135 1509 288 344 27 1178 1025 1110 
85: 620 495 635 1476 939 1229 1391 149 433 613 216 366 1132 930 942 1187 161 430 106 408 349 337 316 995 725 936 741 66 239 350 1349 29 895 1291 1426 670 565 1463 192 707 588 225 1126 1212 1134 1521 
159: 620 592 1548 1229 613 415 1408 1521 267 1137 1390 1095 386 1284 356 1395 471 1064 1267 1553 825 
247: 620 136 650 1548 1550 320 899 400 987 1277 137 765 313 533 1126 502 135 381 384 1524 408 1047 391 1282 1275 193 1234 189 1089 597 1141 
315: 620 686 
501: 620 640 284 1390 531 1337 862 641 321 846 156 
556: 620 330 1352 1227 1230 997 
559: 620 672 1400 580 101 400 1277 636 267 1137 385 164 627 
1147: 620 1449 993 995 
1153: 620 1476 1152 643 1062 1110 
877: 620 366 1010 496 229 1491 
1178: 620 311 1006 17 290 526 1294 1342 889 530 308 1297 1390 137 199 1140 263 88 135 288 436 795 1176 35 120 289 1478 1228 1529 
705: 620 1342 1521 
1230: 620 103 311 1006 1050 1548 330 216 161 1103 1277 1137 949 313 531 1152 1380 385 871 328 735 124 1099 27 121 1431 1227 686 497 545 556 1102 1462 1256 
1246: 620 495 330 587 987 1506 605 1198 1328 576 91 168 82 22 205 1304 
1256: 620 1476 1548 1473 1387 1126 1320 1152 871 328 735 124 206 1357 1431 1227 1025 1230 1452 1110 157 
1264: 620 103 498 1006 1449 1229 640 657 46 433 613 638 639 17 54 411 415 416 461 1033 1550 641 1189 1137 385 386 267 164 1193 733 313 973 283 953 1253 1162 760 1323 300 974 365 747 761 762 1079 86 234 37 55 79 80 81 87 115 156 190 241 281 286 451 503 535 590 695 707 783 889 946 1161 1284 1552 1343 1521 1350 1427 
787: 620 1159 632 1158 1013 
1304: 620 495 416 1497 91 378 1246 
1357: 620 495 1476 1548 330 366 587 101 864 349 593 1247 1352 1152 735 124 127 128 1110 109 120 121 931 1256 1354 1431 1457 
937: 620 896 46 637 1407 919 258 181 802 249 612 283 996 1166 532 148 484 490 631 1155 1303 1320 
671: 620 1476 241 725 1152 325 82 1110 834 
30: 1389 495 1449 1159 258 804 1387 1297 1390 80 429 79 88 
203: 1389 652 921 1449 1355 1229 1053 1194 284 1189 690 522 1007 459 175 398 524 952 28 64 125 146 1216 773 1403 1037 1038 1517 1296 792 554 819 564 565 1498 1478 719 1106 979 855 858 219 1123 1510 297 298 
412: 1389 650 652 1449 1355 1067 17 411 416 889 1286 510 228 252 265 319 1409 909 948 968 863 867 1014 
935: 1008 1085 1310 1215 4 433 942 414 183 624 734 791 1095 
843: 1008 311 635 896 1050 1072 1085 1315 1067 945 1092 844 215 98 613 1394 248 639 275 366 1083 1214 1294 874 907 930 946 760 1187 1019 826 1018 464 1010 1086 48 183 187 238 274 413 466 467 659 661 734 748 792 864 933 1009 1115 1161 1186 1277 1318 1348 1350 1413 1434 1521 636 1307 531 973 1293 41 1157 1301 485 351 1509 949 469 535 600 615 772 778 841 1547 1077 1108 1118 1185 1276 1356 983 1500 1503 999 
933: 1008 989 1053 1132 990 414 1539 774 1095 843 1312 1311 1481 
1189: 592 495 672 770 939 640 4 1194 638 639 40 191 197 415 1032 641 349 905 660 1177 38 65 175 203 228 258 300 430 532 664 703 725 802 819 837 942 952 1019 1069 1195 1346 1349 1264 
1048: 592 1546 987 1452 10 
407: 592 495 1006 640 215 639 17 349 826 1435 308 309 173 241 27 38 307 641 773 1069 530 1089 713 850 726 806 1519 1529 765 
952: 592 1229 46 433 613 1394 1189 690 1226 953 100 203 298 744 593 300 27 28 288 819 822 
28: 592 495 40 207 1208 203 349 952 1349 176 1410 1330 1043 819 1151 
280: 592 1132 430 605 1279 570 697 940 
449: 592 1550 76 331 343 1395 619 
1154: 592 322 1355 571 939 1229 1194 46 844 613 216 366 526 942 953 321 183 1115 1473 768 349 337 1193 201 1379 350 1478 177 52 156 180 1022 1126 
927: 592 123 973 1228 720 828 
814: 592 136 322 495 921 640 433 613 639 1103 135 1346 605 656 1470 1222 1471 439 1397 
619: 592 889 1031 385 1064 449 
1004: 592 103 989 1229 613 639 1407 990 1019 258 100 1546 104 862 1115 1413 636 308 349 1349 746 175 222 300 325 289 291 
917: 57 716 330 144 1342 298 224 909 1425 50 
1315: 103 1449 1 144 248 613 636 843 844 1011 1346 1342 
1447: 103 1 117 118 238 415 433 435 613 632 641 736 768 966 1201 1387 1518 
161: 103 262 311 830 1006 1085 1355 1400 1215 4 1518 1394 23 1032 1214 1294 349 7 85 385 386 875 878 1286 267 1296 1137 879 924 730 679 686 1329 949 238 1208 313 1227 1478 1099 1228 1486 1103 1230 465 825 1240 1497 474 1115 476 464 234 871 239 241 430 888 1531 1277 1102 
1307: 103 1085 1449 844 736 290 1032 1114 1294 942 6 590 86 183 187 413 513 792 799 843 229 588 713 1266 1466 
385: 103 311 1006 1355 1400 245 1229 613 639 16 526 690 1264 942 660 161 430 837 101 733 400 987 1115 1103 1277 1414 239 636 7 267 1137 349 949 80 386 313 531 1108 164 686 1051 924 670 559 871 1099 1117 1227 1230 1102 548 986 735 619 627 
313: 103 262 311 495 652 1006 1085 1449 1548 1355 1229 1310 844 1518 639 216 366 526 1264 1294 942 953 161 430 646 733 1009 1103 1277 1521 239 303 7 1137 1390 1329 349 66 1091 1095 593 350 897 949 386 1281 385 277 93 204 247 1419 1426 478 1305 1501 709 795 936 685 947 570 1203 316 453 1117 1463 1230 1488 857 465 1119 1126 871 715 1099 1227 1102 686 
316: 103 311 495 896 1449 1548 366 430 85 733 1009 1277 7 895 386 491 41 313 1281 277 813 1519 685 1117 1347 453 715 737 
356: 103 498 1027 1085 216 366 1546 13 104 739 749 777 987 1103 1288 18 740 1026 593 256 15 840 1284 383 324 159 381 1046 871 920 225 1099 570 1088 391 74 121 68 1162 205 1337 505 1269 
65: 103 1449 613 16 1189 590 104 510 725 1390 576 193 1519 72 656 229 
104: 103 311 1085 1449 1355 1131 245 1053 613 23 191 366 526 1032 941 1294 1187 1019 905 660 430 258 100 590 25 349 659 1096 1009 1297 725 356 65 724 761 1529 91 895 1414 530 150 1175 668 1441 548 553 1071 651 1350 594 854 343 351 1376 738 1004 239 
895: 103 635 1449 245 1067 844 613 317 366 826 85 104 659 636 349 316 351 634 293 1217 
871: 103 311 495 635 1006 1449 1355 613 1518 526 942 1019 161 837 646 101 1103 1277 1521 228 1137 1390 349 1296 201 1247 949 386 313 1193 135 337 385 1291 164 1227 356 924 1110 1230 29 77 124 328 380 686 735 1431 1445 1099 1102 1256 1144 1022 
396: 103 640 1053 639 1214 990 872 1348 908 238 
1549: 103 495 1449 1031 435 739 1413 1473 349 350 507 806 1380 50 924 852 
654: 103 1509 
1049: 103 946 998 120 
1441: 103 896 1027 1229 207 415 1180 690 1346 104 908 1277 1521 1137 87 349 535 677 436 808 1332 68 332 821 
303: 103 1449 1442 248 366 953 1208 270 578 267 562 313 302 80 1228 301 1542 
1331: 103 322 921 1355 571 613 526 1208 1096 1277 1413 228 649 1095 351 299 1406 1094 956 226 1486 1228 107 512 1062 1540 
566: 103 640 215 613 290 415 100 1369 725 739 32 1342 243 466 1161 854 
1463: 103 136 672 921 1229 1007 459 85 1521 1026 507 765 156 313 299 37 135 1295 564 1243 692 97 167 1257 1458 
1350: 103 1053 844 98 613 1214 1264 1342 930 1187 104 1009 1390 228 608 229 843 744 1434 
854: 103 896 1085 245 844 566 1342 258 590 104 238 241 435 349 153 1217 553 
207: 103 896 989 640 638 639 349 990 1079 1342 1346 942 668 28 156 1511 1441 641 
738: 103 311 1085 613 366 1149 930 1187 104 739 1077 1075 920 958 1393 1076 
634: 103 921 1355 613 1550 48 734 1473 895 949 507 80 973 194 208 1122 42 1234 758 
1099: 103 311 1006 1391 526 161 1208 1103 1277 1137 949 313 385 871 920 106 465 474 1227 356 1425 1381 1230 405 686 1102 567 
505: 103 635 690 246 308 309 356 155 1326 
1067: 136 635 1 657 56 61 87 123 137 181 183 199 215 238 248 275 346 348 349 412 415 416 432 433 443 444 477 560 590 605 613 615 641 721 743 744 826 836 843 844 850 889 894 895 915 953 1287 1546 1294 1296 1318 1201 1500 1195 1394 1545 1506 1362 1137 1180 1271 
8: 136 498 100 459 1277 349 50 988 606 
81: 136 1006 571 736 61 191 641 645 1264 430 1196 86 307 308 309 87 1296 1069 949 80 429 1349 531 79 1222 1005 37 1227 135 281 670 692 697 591 1524 
1346: 136 635 1548 657 1315 46 613 17 207 415 526 637 1052 658 1189 690 814 889 1407 100 1031 802 695 1390 659 1297 1188 1280 1095 228 348 532 249 18 137 21 52 156 193 220 239 331 363 384 535 547 707 735 777 778 840 842 868 872 915 968 976 998 1021 1063 1077 1094 1144 1145 1255 1410 1413 1495 1441 1465 1376 1529 1521 1526 
1288: 136 830 1085 1053 433 432 1149 942 1546 563 13 435 725 739 749 1277 1137 10 199 356 576 600 615 920 1046 1452 
718: 136 1476 844 135 1497 1152 1102 536 834 
1493: 136 844 433 1149 1180 1219 1294 1187 48 183 1318 999 1118 58 1000 1300 
1122: 136 613 366 274 749 1046 634 457 820 1235 1142 
615: 136 989 1067 844 613 248 1114 1159 930 1187 183 792 1277 1288 1369 1473 843 1137 920 721 1409 1471 1514 1513 1516 750 
1471: 136 814 905 1521 615 111 135 226 795 1192 1234 789 89 
1297: 262 311 770 1027 1229 1215 1194 216 526 1132 522 1346 104 725 888 178 893 10 30 66 135 305 346 589 605 682 741 842 872 924 1005 1024 1025 1178 1228 1266 1299 1499 1379 1529 
115: 262 1264 1277 234 465 567 779 
139: 262 1270 1306 
148: 262 322 495 770 526 694 660 888 937 1166 1245 355 808 1332 382 769 
251: 262 1241 1449 1355 640 1522 724 641 863 941 1201 867 1136 
1366: 262 1449 941 507 106 955 
265: 262 495 1355 990 1010 412 1091 872 1406 408 1022 176 474 529 319 779 567 1306 1037 568 869 488 
1037: 262 203 862 888 283 970 872 319 265 140 
1299: 262 1006 1548 1355 415 1031 530 888 1297 1095 872 1361 474 1228 1280 779 488 1427 1298 
1306: 262 1241 366 878 1109 142 572 265 1165 139 
1445: 262 771 1449 323 1174 477 531 1284 871 1363 1290 
568: 262 366 572 265 
572: 262 650 652 770 1449 526 878 308 474 779 651 589 1306 568 1127 1259 
317: 262 498 800 1449 1355 640 639 1390 1019 464 1115 661 459 499 308 283 1095 593 888 578 234 20 78 298 898 895 570 319 1353 970 1102 471 1496 476 1501 478 740 632 508 533 
319: 262 1355 317 923 900 412 106 408 1259 1474 78 265 1037 1353 1113 
1093: 262 635 1310 1053 844 639 1032 1034 641 942 183 187 1371 531 593 1379 1529 1413 89 1291 983 968 
1353: 262 317 1091 319 
382: 262 106 148 
1529: 262 311 495 770 1027 1355 1125 1229 1310 17 284 407 415 526 1032 1114 690 890 942 1346 104 241 792 1093 1297 346 605 744 999 983 1406 1193 88 135 1291 741 842 570 1178 1228 924 692 
1113: 262 690 1010 863 319 1455 511 1112 1504 
1252: 262 830 1085 1194 433 736 290 1180 223 321 530 1545 794 994 1138 465 1013 52 868 879 904 1040 1363 1495 
1259: 262 1449 866 888 474 572 855 995 702 319 
1112: 262 1113 1504 1455 511 1533 
1281: 311 495 830 1464 571 844 275 415 1052 1550 1342 930 942 905 323 733 183 187 888 987 228 1435 1329 349 444 1095 350 83 156 313 2 42 135 225 277 316 369 384 453 534 685 913 1022 1051 1117 1361 
1214: 311 498 635 770 989 1085 1355 939 1229 640 4 1053 844 433 98 613 40 117 366 396 415 1032 1052 1159 161 80 95 96 156 183 238 239 246 289 464 507 528 539 646 648 701 744 795 843 857 888 942 953 983 990 1019 1020 1065 1115 1187 1539 1546 1368 1275 1370 1348 1350 1486 1499 1551 
837: 311 495 989 1085 4 736 61 191 941 1189 953 1019 905 660 430 79 80 86 87 101 164 206 267 307 308 309 314 370 385 386 400 429 525 583 593 636 649 661 1435 1056 1521 1545 1349 871 1137 1277 
1007: 311 1006 1050 1355 1131 1229 4 144 366 890 80 194 203 263 297 539 564 578 661 692 725 768 858 1295 1553 1428 1463 1088 1115 1521 1395 1524 
400: 311 921 1449 1400 1215 1053 613 366 1032 1019 6 660 837 349 7 164 239 247 267 385 386 1547 1117 531 559 562 721 986 1115 1137 627 1277 
1096: 311 495 1229 1053 736 613 23 40 261 290 432 1159 1402 907 942 6 1177 802 695 1527 104 14 20 150 228 288 343 503 534 630 642 656 679 1028 1280 1435 1456 1329 1331 1332 1209 1210 1217 1111 1521 1535 
7: 311 1548 1194 433 366 161 430 733 400 661 1009 1115 1277 385 386 267 531 277 164 1193 562 178 313 316 453 715 1117 
267: 311 1355 1400 939 1229 1194 433 613 1264 161 837 646 1539 733 270 400 578 878 1115 1277 1413 239 303 636 7 349 1390 1137 385 386 159 164 229 268 531 924 559 1117 1108 676 986 350 351 627 
277: 311 495 1548 571 1518 216 366 526 733 1009 7 386 313 1281 586 77 225 534 685 316 453 715 1117 1022 
164: 311 495 1355 1400 526 1264 660 430 837 646 1539 733 400 1115 1277 1413 239 7 267 308 1137 1435 1390 349 350 386 351 531 297 1152 1108 385 986 871 1117 559 562 229 627 
733: 311 1548 1400 149 613 638 366 427 526 690 1264 1187 101 1281 1186 349 1380 1009 7 385 386 267 531 277 164 204 237 313 316 453 466 636 685 715 1411 1161 1071 1547 1348 1117 841 1254 1020 
76: 311 495 1449 736 526 1132 1294 802 270 1195 1435 949 524 1228 449 1133 1081 1370 
297: 311 322 672 1085 1449 433 613 248 1308 1402 1294 890 826 320 1007 95 203 792 1103 1521 228 308 309 1271 726 285 408 164 300 135 1519 901 1217 193 1395 109 523 1419 1102 858 
427: 311 635 921 1006 1085 1449 1229 640 613 639 126 366 411 1186 349 1032 522 1019 464 1149 733 1435 283 702 1379 888 636 1342 1058 25 351 239 289 370 1025 1513 773 1169 618 548 1318 946 735 539 1217 1488 998 616 617 490 744 745 
429: 311 495 498 200 736 61 191 197 812 430 837 86 1521 542 1506 1388 87 1296 1193 299 872 1349 30 79 81 428 1042 1222 1207 1102 1106 861 
535: 311 635 46 844 98 1264 1407 942 966 1019 100 1346 774 48 1161 1521 843 702 204 1051 1441 1332 589 975 999 1020 
538: 311 1355 826 240 241 949 920 91 27 901 
1059: 311 495 635 906 430 96 799 636 1435 1370 688 1133 
576: 311 896 876 144 953 976 725 749 987 1288 1390 1077 369 65 1246 33 154 186 272 327 335 361 664 1326 1084 707 751 
1117: 311 1548 1400 733 400 1009 1277 1369 7 267 1137 349 836 350 386 313 531 1281 211 1108 385 986 1328 277 316 453 685 164 562 715 134 537 813 1165 
1553: 311 770 905 1007 1413 1005 159 548 305 
1161: 311 830 1085 1053 844 98 613 290 411 415 566 1264 874 919 590 733 466 1369 843 535 623 999 1521 1024 662 1411 1479 
685: 311 733 313 1281 277 735 316 453 1117 1022 1541 
692: 311 1006 1355 1215 144 366 890 942 660 430 1007 539 725 1115 1521 80 81 1524 858 1088 1529 1463 1395 
715: 311 495 1548 330 733 1009 7 386 313 711 277 316 453 1117 712 1244 178 1070 714 402 1029 
735: 311 495 552 989 1355 571 1215 1518 216 427 526 1180 942 430 100 101 1346 228 1390 349 1352 1268 385 871 998 328 408 1227 1110 1230 380 1228 77 225 685 1424 1501 1477 1357 1256 1022 
1253: 311 1449 245 433 876 16 40 197 366 1264 646 829 249 777 1473 1329 123 1551 1091 756 1020 532 1222 14 133 193 302 325 447 872 1251 1410 1450 
1370: 311 495 635 1355 1229 1149 1214 1294 953 826 96 187 799 878 1115 636 605 593 80 1392 76 211 857 408 548 1088 405 1040 1059 
986: 311 1355 1400 613 400 1277 239 267 1137 1390 386 531 211 385 164 1117 447 656 1328 
999: 311 1072 1092 844 98 613 1187 1018 274 864 1161 1434 1521 843 600 535 50 1529 1493 1547 1503 
741: 322 495 1085 613 17 53 216 411 526 1032 1034 889 953 430 85 48 1435 1297 386 135 457 667 1298 1313 808 842 1529 
1406: 322 1449 1355 433 613 17 53 61 197 526 101 888 636 543 593 872 1227 194 88 135 265 488 567 779 1228 1331 1497 1529 
21: 322 100 1346 307 308 309 1337 
288: 322 1050 1400 638 144 261 1180 690 223 184 888 1096 239 1387 234 283 583 952 872 666 842 873 701 328 856 1178 35 193 779 1427 789 1541 1479 686 1228 1231 488 
726: 322 46 407 646 1473 1465 309 1193 994 220 250 297 597 630 1291 1172 1206 1344 961 1001 1002 1005 
1542: 322 245 223 725 303 1137 1390 1020 1166 956 88 585 229 1478 279 
410: 322 197 415 1550 781 1086 539 603 1137 156 1191 
1066: 322 736 430 1069 201 299 37 656 1360 1207 
1324: 322 495 498 1449 1229 1215 216 366 415 1407 522 1031 802 1208 888 636 1390 349 474 702 1364 1240 516 630 
1333: 322 646 829 1010 249 725 1277 308 532 75 1280 305 673 1438 
463: 322 495 1229 1391 526 878 166 1268 656 69 
451: 338 495 921 1443 1449 23 411 416 1264 283 1026 205 378 
651: 424 650 1241 1310 104 238 1277 523 276 572 
289: 424 1006 427 1214 1473 1140 1379 1004 835 1178 243 
1531: 424 652 1449 161 949 394 393 
925: 424 850 
6: 495 1310 4 1053 613 290 1149 1294 1407 990 1019 513 1539 400 659 791 1307 413 1137 414 1466 1096 337 1369 1371 1380 230 748 1009 246 
1415: 495 1215 4 366 953 186 225 258 1022 1417 
42: 495 770 921 939 1229 526 722 646 725 1277 636 469 349 177 1281 1284 1193 634 998 1157 924 1228 112 
51: 495 610 1449 433 117 366 1180 946 1019 1368 238 241 435 1217 1313 1421 880 
73: 495 1525 
128: 495 1355 366 349 1500 1352 1022 124 127 1110 1357 109 120 121 801 931 1354 1457 
208: 495 613 216 1032 13 600 420 656 1235 634 
209: 495 1208 888 308 309 1095 879 1317 1334 
307: 495 635 1194 200 191 407 526 941 905 660 430 837 101 86 659 661 1115 1318 1465 636 349 1193 194 201 1330 21 80 81 1296 679 1199 1088 351 868 
309: 495 635 1194 200 736 639 191 407 941 1294 1019 905 660 430 837 101 86 659 661 1115 1318 1465 636 228 349 1193 14 21 80 81 194 201 209 297 1028 726 1545 1296 679 1199 1330 1088 707 454 351 508 1141 505 
365: 495 736 16 197 416 1219 1264 646 861 300 37 687 
477: 495 1067 366 1435 1193 9 1445 532 1022 
1026: 495 770 921 571 1215 1194 200 23 144 1019 660 239 349 1193 356 593 1337 225 451 585 1022 1463 1222 1121 
517: 495 601 1229 1391 53 118 416 526 907 646 464 238 888 918 872 1392 679 276 474 643 633 1262 1275 1068 1138 402 506 782 1477 1364 
1031: 495 1085 1241 1476 580 1391 657 46 17 415 522 646 531 920 474 888 49 88 135 157 239 351 446 484 516 564 619 708 822 852 1020 1021 1291 1549 1201 1324 1346 1349 1110 1299 1364 
1035: 495 17 526 641 888 157 674 1110 
1046: 495 830 1085 613 1546 13 725 739 749 1288 1473 239 199 593 356 920 1122 
537: 495 830 571 826 790 1117 524 1199 1150 
555: 495 416 1284 956 585 1240 1242 1124 
1070: 495 330 160 14 711 548 712 1244 178 715 714 813 1029 
565: 495 896 1548 85 203 1247 91 
863: 495 1355 251 45 412 106 869 1113 
1088: 495 1241 1310 1007 725 1115 307 308 309 1390 349 1152 75 586 1188 1065 858 1370 356 157 692 1316 
587: 495 1449 640 639 366 349 1246 1410 1357 121 1248 970 
1108: 495 552 1449 98 275 366 1407 942 274 1318 239 843 267 386 531 1547 385 164 1117 131 169 384 
626: 495 483 
632: 495 245 1447 317 249 530 1115 1277 276 813 787 
1162: 495 16 197 1219 1264 646 888 474 356 687 
1164: 495 366 1181 1349 281 405 20 
1075: 495 215 1032 1149 414 459 799 1318 1137 1077 1205 1051 738 1376 598 1076 
683: 495 657 433 639 17 425 308 135 174 376 589 708 1478 810 688 1337 1274 
1210: 495 635 770 1085 1355 1229 1215 433 646 101 802 1009 1096 1277 1387 1095 949 299 377 951 548 465 276 1022 
699: 495 1449 941 201 857 524 
1216: 495 896 775 203 908 346 879 471 737 
712: 495 635 1449 330 1407 1408 711 715 1070 402 714 1244 1029 
1244: 495 1449 330 1310 889 749 712 178 715 1070 1138 402 714 206 1029 
1249: 495 1449 911 622 169 
1271: 495 1355 1067 890 646 573 66 625 297 
1275: 495 1214 965 443 1500 1020 80 247 517 64 
765: 495 1476 200 433 1518 216 366 407 690 907 942 1473 349 1296 80 1110 1152 1463 1158 633 124 247 409 1022 
1326: 495 1229 261 576 853 505 1172 
816: 495 989 1449 990 241 1293 548 1475 969 
858: 495 1449 890 1007 203 539 1521 228 285 1349 297 1420 1524 1088 1395 692 564 
1399: 495 1449 593 
1343: 495 1449 641 1264 677 1221 1138 329 813 
751: 495 1473 576 
497: 495 328 643 656 1227 1230 788 506 
1458: 495 921 1355 246 1296 1463 788 
958: 495 1449 1355 939 461 660 86 1296 1095 1094 1193 738 570 957 1248 1427 
983: 495 844 736 98 248 275 415 1214 942 905 183 274 413 748 1093 843 228 1390 444 836 83 1280 1529 165 369 229 823 875 
1499: 495 526 1214 829 1208 270 878 888 1115 1297 349 1379 1065 1497 168 474 1079 1537 570 1025 809 1089 
1519: 495 552 1229 407 297 65 75 316 570 72 703 20 1029 
1524: 495 1449 939 613 144 890 953 646 1007 1521 1473 81 1193 534 692 247 858 
1525: 495 1085 658 695 266 656 1495 73 441 561 
502: 495 1476 1355 1391 1489 433 613 216 690 722 942 829 1208 878 80 1198 988 1110 548 585 1228 49 157 247 1283 879 
1527: 495 830 1085 1449 657 1053 613 990 321 1526 1096 507 878 779 764 205 1513 
509: 495 23 126 1413 350 1140 1155 
638: 498 1449 1 640 1418 1053 945 844 613 1518 16 40 55 58 114 117 165 207 238 283 288 318 379 411 503 510 1539 1158 641 1522 662 794 1323 690 694 953 733 990 1189 870 639 874 1264 761 762 946 1149 1407 
323: 498 1355 4 1194 1518 216 366 1180 942 660 1281 80 1296 1445 1020 332 911 825 1212 478 
483: 498 1006 5 248 526 135 181 241 1313 988 880 626 1521 1332 764 
55: 498 638 54 411 416 1114 1264 762 760 513 283 56 761 794 1323 1351 1098 1327 742 948 
457: 498 1215 839 1122 741 229 130 
642: 498 181 459 908 1096 1435 915 80 1218 984 
1052: 498 640 1053 98 227 415 1032 1281 414 1214 246 1009 531 562 1115 1277 930 1187 953 1346 864 1414 95 96 701 1303 1065 1268 
542: 498 1449 1194 430 80 429 
801: 498 1355 239 636 1397 349 605 1121 350 127 128 120 121 1431 1491 922 
971: 498 1449 330 611 1188 996 1051 1508 
693: 498 679 553 
539: 498 1053 433 613 427 526 1214 1342 890 1019 1007 464 223 370 659 234 68 403 410 1395 692 707 858 
1237: 498 1032 1407 459 1408 308 649 1193 1013 
603: 498 1053 844 641 1294 934 1539 48 274 531 1301 600 410 1287 622 
1386: 498 1085 613 1086 1473 1487 1071 1485 
915: 498 1229 1067 844 191 366 1308 906 430 1368 100 1346 1086 435 908 1277 547 1146 1506 1390 1388 300 1217 642 707 340 
1146: 498 1194 736 430 1539 1086 298 299 702 355 915 1319 
786: 552 989 16 674 
1003: 552 1152 
173: 601 1449 433 736 613 16 407 1219 86 744 1188 353 674 773 1222 
708: 601 672 1449 1125 1092 1187 1031 683 285 949 835 1079 882 380 494 670 1212 122 332 664 1199 825 1248 
746: 601 844 1195 1004 
1094: 610 1006 215 216 1114 1132 1180 850 1407 522 1408 1346 659 734 888 1186 234 295 1329 605 1095 1140 377 106 1080 1193 1497 35 134 375 447 484 551 630 773 884 929 958 980 1421 1317 1331 1102 1375 1133 
1452: 629 17 196 1546 848 13 749 987 1288 740 66 949 300 549 91 131 855 570 10 109 172 1048 1256 1438 
157: 629 1476 1104 953 1031 1236 234 1233 949 502 1409 926 114 1051 1088 82 1035 1256 1330 
1368: 635 4 46 197 290 1214 1219 1019 349 100 51 91 156 160 271 369 435 661 783 915 1115 1217 
178: 635 1355 1310 990 1208 878 1277 239 7 1297 605 593 80 549 211 711 29 1244 52 1070 715 714 1134 
9: 635 1449 499 522 774 1435 477 893 106 995 1227 1260 93 835 628 885 856 
774: 635 1072 149 215 248 805 850 1439 760 1187 1019 905 513 659 9 59 183 189 268 274 437 496 535 593 709 763 792 793 928 1318 1071 888 1208 1095 987 933 
93: 635 921 1449 23 290 526 829 1521 66 313 9 1221 450 669 
10: 635 1006 13 659 749 987 1288 308 1297 973 1382 131 1452 1048 
96: 635 1085 1053 215 248 1052 1214 464 888 1413 351 1091 274 1370 254 1176 799 1059 1071 1378 1520 
204: 635 1342 1407 733 725 1413 535 313 1332 
271: 635 1229 46 16 1219 430 1368 1086 435 1115 349 166 494 350 351 
326: 635 1449 261 1407 239 1095 389 828 
394: 635 1464 578 1390 893 194 325 357 1531 27 229 719 
395: 635 921 17 1159 106 1475 1480 
500: 635 
507: 635 896 921 1229 46 415 1214 1522 1019 100 1527 25 510 862 1506 349 1380 973 1152 1549 1427 1463 713 1102 852 1366 998 1022 634 
524: 635 1449 17 61 415 637 1159 522 802 203 18 593 80 76 1158 1188 887 69 82 406 537 699 1344 758 
594: 635 433 61 526 775 464 104 513 987 1296 593 1058 1349 1188 709 1222 428 484 621 
622: 635 1449 941 1177 603 970 1188 1051 179 272 374 827 1249 564 579 1436 
1071: 635 1085 366 1032 1132 930 1187 774 793 733 96 104 799 1137 1118 1077 1386 1485 707 523 1438 
1077: 635 844 433 98 613 366 526 1032 1132 874 930 1019 826 1546 464 1346 466 864 1186 1434 843 576 623 1071 738 1075 1076 1376 
1114: 635 989 1085 640 1053 945 433 613 117 275 290 366 1032 414 1308 246 464 513 1307 990 1009 930 1187 1095 888 1208 241 1301 1497 1529 1058 721 1094 44 55 274 388 588 615 713 966 1420 1433 1318 1132 
1298: 635 1548 1408 741 609 479 1299 
1201: 635 1053 1447 1067 248 251 261 415 874 946 760 522 573 1031 194 1497 1165 
711: 635 830 1449 613 987 420 178 715 1070 1138 712 714 
739: 635 1085 1053 613 366 566 1149 1546 13 349 50 988 835 987 1288 749 1046 920 285 356 548 738 1428 1183 1549 1514 
1266: 635 1449 117 144 275 1308 1294 1539 513 792 864 1009 1297 1307 52 588 1290 
1269: 635 1219 899 1095 356 257 
1270: 635 613 1226 370 593 1410 709 139 418 
818: 635 640 1486 1296 
1332: 635 1449 483 695 1096 1435 535 731 79 616 131 1254 702 1441 148 204 521 
862: 635 1449 1355 245 1053 433 613 366 501 1033 1132 1294 1342 890 430 101 321 1526 569 725 1115 1277 308 194 1379 1191 924 20 263 1348 80 237 421 507 707 852 1037 1004 
883: 635 1342 1019 310 349 
889: 635 672 770 1355 1310 640 1067 639 17 411 526 1032 641 1264 349 1390 646 659 1193 1095 194 636 88 135 1178 741 241 1346 239 276 325 412 447 536 605 619 1521 1196 1244 1140 
1424: 635 770 1449 1294 790 1284 735 1051 127 1025 520 691 1148 
1438: 635 1006 1131 641 1208 1009 605 973 1380 1396 1333 669 1234 974 1071 904 1452 667 
1015: 635 1407 1095 653 
1486: 635 613 23 1033 1214 818 1019 905 161 605 1185 1284 1331 835 341 1041 
1502: 635 1342 496 135 926 519 
653: 650 1241 639 305 1015 
608: 652 1355 613 144 1132 953 1350 778 20 1425 
1534: 652 1241 1115 1474 1475 
835: 672 1027 1449 1355 890 522 238 739 1103 1473 239 1435 1500 285 708 1212 1305 1486 9 670 77 289 332 494 825 901 1421 940 1337 1248 997 882 
300: 672 1085 1355 433 16 40 144 197 366 1132 641 645 1189 1219 1264 1294 953 760 1019 646 661 1115 1388 915 952 80 1349 156 175 297 1380 1452 162 365 1042 1182 819 1218 1222 1541 1004 1517 
298: 672 1027 1476 1194 317 953 86 203 578 1115 1390 299 175 263 952 1349 819 80 917 1222 583 162 388 471 1146 
332: 672 323 1329 346 285 708 1212 670 835 1248 1441 825 664 
378: 672 1072 905 836 778 91 451 1304 205 
1412: 672 224 
909: 672 1027 1449 54 144 411 1180 760 1115 412 949 263 75 1323 917 697 1257 
910: 672 1180 905 949 263 1323 697 
752: 672 80 229 1234 
1212: 672 1548 844 323 85 308 349 1121 285 708 1227 835 670 332 825 1248 
697: 672 526 1180 1115 949 80 1005 81 548 909 570 910 280 
1500: 672 1067 844 613 248 839 953 646 1195 1115 1277 843 1506 560 835 1188 224 882 80 949 998 677 1275 1305 898 128 1420 
1501: 672 1229 216 317 953 905 1115 1277 1318 239 348 313 1152 735 1054 
737: 672 896 526 1005 316 1216 122 1265 1358 
1488: 672 1449 1355 411 416 427 641 690 942 464 1521 349 1296 177 313 1284 898 585 1379 882 1079 1426 570 1139 
887: 672 1355 639 238 836 949 1152 998 524 656 997 1148 
1016: 716 1449 80 428 1425 440 
973: 770 989 1006 1355 1131 844 736 16 197 1264 183 749 1009 1115 1277 843 1387 349 1121 507 1020 80 386 1380 10 548 588 634 656 665 667 669 821 904 924 927 1284 1228 1438 1376 974 1485 1234 1238 1495 1396 
1455: 770 1125 16 415 526 238 241 872 1497 474 995 1113 567 702 1138 1504 1112 
1413: 770 1085 1215 1053 1194 46 844 433 98 613 1512 1394 366 415 1149 1180 942 430 646 1539 1346 25 96 183 241 435 466 725 784 799 1093 1348 349 1390 386 267 164 1193 509 60 68 80 112 204 222 229 239 272 314 325 350 351 447 454 655 843 1004 1022 1217 1331 1363 1553 1521 1479 1487 1549 1490 
95: 770 1053 284 1052 1214 1407 802 513 1009 792 297 799 
529: 770 1449 748 265 488 
607: 770 1125 907 223 1497 1317 703 676 
1128: 770 1449 526 223 861 
1526: 770 657 366 415 658 1407 321 1346 862 211 1361 1527 
1328: 770 1215 613 464 211 806 986 453 1117 1246 
1039: 800 191 645 430 646 1388 1296 1013 
13: 830 896 1085 1215 1053 433 216 432 1546 563 1137 1009 10 987 1288 1452 749 1046 920 299 1068 175 435 199 208 725 739 356 
52: 830 1085 321 1346 829 308 1154 1252 123 605 548 951 1266 974 1495 178 
172: 830 1085 1219 1452 1282 120 
206: 830 1400 1489 1215 1407 990 837 749 1277 1521 239 636 348 349 351 408 225 656 1244 1330 959 1256 714 
390: 830 266 755 
466: 830 1053 844 98 613 290 415 566 874 930 464 733 1369 201 1413 351 350 864 843 1024 1161 1077 327 1411 662 1479 
662: 830 638 415 874 466 1161 918 1479 
904: 830 1131 1180 1252 1301 973 1380 1396 656 69 669 1234 974 667 1438 
1205: 830 989 245 23 227 1159 258 25 864 1473 577 1075 623 343 1262 389 90 147 
940: 830 1355 890 942 990 413 725 792 1277 1348 234 605 285 420 337 835 882 119 280 
1272: 830 1229 1152 588 506 
1416: 830 1085 283 343 
48: 886 1449 1053 1092 844 98 275 366 1149 1159 1407 946 1187 414 563 659 230 661 741 605 864 843 634 600 535 274 1158 1289 790 293 444 841 1493 603 873 623 
273: 886 844 215 1518 100 
1144: 896 411 658 646 1346 976 86 1521 1137 491 956 871 
339: 902 1208 1497 1496 536 
1023: 902 1027 1497 1496 536 494 
37: 921 1400 736 191 197 1264 906 430 86 241 661 888 908 1506 87 836 201 80 1349 79 365 962 788 1066 1207 1218 1463 81 1106 211 
54: 921 640 639 1219 513 760 761 1264 641 1222 1351 1098 909 1327 416 55 56 411 
151: 921 1187 41 153 972 588 1347 152 
252: 921 641 86 1329 412 949 225 
266: 921 1053 1525 390 
333: 921 1032 1132 934 1321 823 
374: 921 1449 911 147 622 
564: 921 1229 775 1007 1031 203 1521 949 622 858 484 1463 1243 1273 
648: 921 411 526 1214 905 1193 135 813 
1283: 921 526 543 502 408 1228 
1038: 921 203 
1295: 921 1449 1229 613 1007 459 1521 66 135 470 1463 1552 
1245: 921 1229 433 613 102 725 1390 1166 148 813 
1457: 921 1352 1152 124 127 128 1357 121 1110 1354 109 120 931 
1358: 921 1005 474 737 1265 809 
1492: 921 1449 1152 813 
1002: 921 695 636 726 476 
1143: 921 1132 100 343 813 
813: 978 499 1196 908 1473 632 1222 1245 1409 1382 316 1117 132 1343 1492 1143 1421 648 825 1070 1427 482 1430 1401 
155: 978 1254 505 
4: 989 1 6 775 1032 905 522 660 1177 923 1180 414 161 1189 934 935 40 1308 1415 812 45 430 433 826 1467 1214 191 320 323 196 837 646 1368 98 366 1007 371 246 1018 1019 1159 1407 
1010: 989 1241 1355 149 1053 1092 844 613 284 416 850 990 1019 464 1539 2 92 143 241 265 393 600 843 877 885 995 1446 1333 1113 
775: 989 4 1053 290 1149 1342 1407 990 246 414 564 594 633 1546 1312 1216 1473 1095 1273 1369 1243 1118 1387 1009 
414: 989 1085 4 1053 433 613 144 290 366 1052 1114 1149 1159 1180 1294 990 6 775 48 102 187 229 246 513 1546 790 792 1254 933 934 935 1075 713 588 784 
184: 989 1053 844 215 98 613 227 275 942 181 183 1466 612 83 369 288 274 187 1163 343 743 
193: 989 1355 990 1346 1208 297 1253 1193 65 288 548 247 
260: 989 1310 990 
268: 989 215 613 17 1032 1132 1402 850 1407 990 774 1208 370 267 295 1545 1293 14 1421 1217 1257 879 
318: 989 1449 640 844 98 248 638 639 1032 990 
585: 989 1006 613 415 990 987 1277 1473 1026 1435 502 36 119 279 397 555 1302 1542 1221 1488 
793: 989 149 275 1308 774 513 791 1497 274 588 792 1118 1071 1303 
805: 989 640 1308 1407 990 774 1187 1439 
961: 989 1449 1310 1159 990 1208 888 1296 726 879 1268 779 1165 
1142: 989 261 1180 1122 
1242: 989 526 990 888 474 702 555 
1262: 989 261 1180 86 496 478 436 343 1205 517 389 1427 
154: 1006 1449 725 576 
484: 1006 1229 191 890 522 660 646 1031 1208 530 659 239 349 1095 937 1020 594 879 1094 1509 709 681 564 
528: 1006 1132 1149 1214 598 
783: 1006 639 1159 1264 907 646 1368 181 101 547 234 593 1140 872 1005 956 153 1079 236 1450 803 
874: 1006 640 844 98 613 638 366 415 1034 762 660 246 1019 659 953 135 843 1161 1077 466 662 1318 1201 
1453: 1006 1449 17 23 526 86 228 1390 836 88 135 220 229 
301: 1027 144 303 
545: 1027 216 526 548 1227 1230 
890: 1027 1449 1476 1131 640 1194 639 781 1342 1007 371 835 308 420 760 1388 1079 1497 1529 605 862 1279 864 285 1284 998 1313 1521 1271 539 1395 1203 692 846 1524 297 1102 940 1460 484 858 547 1248 1074 
1184: 1027 415 815 1285 1054 
1083: 1050 1085 640 844 613 639 16 17 526 258 1546 1369 474 32 586 843 864 
346: 1050 1476 1067 558 1297 299 1079 1529 373 1381 543 1121 1216 332 
1369: 1072 1449 1310 1053 144 566 1083 1132 1187 6 775 590 1196 86 466 987 1161 1318 615 1117 1247 1371 
600: 1072 1085 46 844 613 100 1010 48 183 603 1288 1239 1348 1371 843 208 1191 281 1300 820 841 604 999 
105: 1072 1132 86 87 443 80 79 553 
91: 1072 1449 1368 100 104 241 725 1452 924 1246 538 565 142 1304 378 
310: 1072 245 149 98 613 248 299 510 156 1427 883 
1165: 1072 905 1201 328 1117 961 1306 
1186: 1085 1053 46 945 844 1394 191 216 415 427 1308 1402 1407 990 1019 464 1408 733 183 187 238 888 2 308 349 616 744 745 843 1058 1077 1094 1095 1473 1422 1217 1379 
563: 1085 5 433 876 1180 430 1546 464 13 48 66 403 1329 1288 649 749 987 
1149: 1085 1400 640 1053 736 613 638 639 290 366 415 427 6 775 414 934 246 1019 1159 1009 20 48 171 350 528 569 738 739 762 806 850 906 919 920 987 993 1062 1075 1076 1115 1413 1288 1318 1479 1493 1370 
132: 1085 1449 1215 239 349 1022 456 813 
368: 1085 351 1378 570 880 237 
403: 1085 227 464 563 539 734 1318 1387 1345 932 1339 
574: 1085 1449 1174 436 548 1437 
577: 1085 46 100 888 1473 1205 949 
590: 1085 1355 657 1053 1067 945 613 1550 1308 1264 942 1019 196 349 1390 1307 1137 1369 1115 1435 749 725 65 194 636 241 104 80 379 841 854 1161 1238 1254 
616: 1085 1449 427 905 1186 1332 
637: 1085 1449 640 657 433 613 248 639 16 40 415 1308 1546 694 165 443 445 524 548 621 641 1174 802 937 1322 1346 1482 1379 
664: 1085 191 1189 1546 708 177 135 576 523 780 882 825 1260 1381 180 221 332 468 833 1017 
799: 1085 1053 415 953 1187 1019 464 1208 95 96 274 467 1307 888 605 1413 351 778 1133 1370 604 1059 1071 1075 
919: 1085 640 844 98 248 639 602 1149 641 1180 464 1473 183 949 274 937 156 1161 1312 
929: 1085 1449 1095 1094 
1042: 1085 87 429 300 806 1175 859 1106 960 
1157: 1085 17 899 1521 843 218 591 135 1188 42 1552 
1187: 1085 1215 640 1053 945 844 433 215 98 613 248 639 118 227 275 290 366 415 1033 1052 1114 641 1159 1308 1214 1294 805 850 930 1439 349 660 826 1018 464 513 1369 748 733 1277 774 14 41 48 85 102 104 151 153 156 183 238 239 241 243 274 444 544 569 605 615 708 713 721 738 744 778 799 821 841 843 999 1020 1071 1118 1140 1152 1350 1485 1493 1239 
1206: 1085 1449 1032 228 308 1390 726 229 589 387 673 
1239: 1085 1053 613 366 694 930 1187 1301 600 276 243 
1301: 1085 844 613 248 17 227 290 1114 1294 187 513 603 792 1239 843 605 778 156 904 
1086: 1085 149 613 432 464 573 271 843 353 915 410 418 1485 1386 1146 
1487: 1085 844 433 613 659 1413 721 350 351 1305 1513 1485 698 1386 
1260: 1241 591 9 664 
97: 1241 16 197 459 1091 1463 551 796 
1282: 1241 899 247 172 788 24 
520: 1241 1497 1424 
1240: 1241 415 161 1324 555 1124 
1533: 1241 1355 1091 1112 
834: 1443 718 1254 1025 671 
2: 1449 1010 1186 349 1281 106 1080 438 408 
14: 1449 613 1407 930 953 1187 646 1546 270 928 965 1009 1096 228 283 309 1435 1095 420 1253 268 1456 988 1280 534 1309 1448 1070 233 795 
124: 1449 1548 765 1352 1152 871 328 1227 1110 1230 1357 109 128 931 1354 1457 120 121 127 1432 570 1256 
127: 1449 366 349 1121 1352 1152 124 1110 1357 109 128 931 1354 1457 120 121 801 1424 
131: 1449 117 425 762 1174 864 987 1515 1108 453 10 27 548 1452 1332 217 
153: 1449 1229 1011 1187 86 41 854 972 1347 151 152 783 
170: 1449 762 760 
179: 1449 622 
222: 1449 433 613 876 1011 1546 1277 1413 1521 302 325 984 1004 354 
242: 1449 1467 950 1384 
264: 1449 657 17 135 357 1387 1196 443 
292: 1449 16 578 1257 
324: 1449 245 98 1152 356 1381 670 570 922 1285 
325: 1449 889 953 1413 349 66 230 222 1253 1004 1110 394 69 357 389 671 
327: 1449 1355 466 510 285 576 168 882 
328: 1449 1476 1518 216 526 1132 430 1115 80 871 998 1227 924 1110 1230 288 380 77 124 1165 1431 1363 735 1256 497 
392: 1449 640 61 1473 593 1506 949 880 1221 992 530 
399: 1449 571 80 859 960 
417: 1449 1381 180 
418: 1449 1086 1126 1392 1380 1270 1051 1280 436 916 1373 
422: 1449 
428: 1449 1296 429 594 1016 
448: 1449 639 443 
473: 1449 
515: 1449 16 197 270 435 1193 
534: 1449 1229 907 942 100 1096 228 605 156 1281 14 1524 277 
553: 1449 1208 104 1009 1277 854 1456 105 1263 693 828 
584: 1449 275 1407 320 183 274 784 
617: 1449 427 
623: 1449 1159 48 792 1161 1473 1077 1205 1335 
644: 1449 1131 1342 
730: 1449 161 
750: 1449 939 615 1514 1516 1513 1535 
756: 1449 46 646 100 86 228 1253 80 229 656 
758: 1449 435 634 524 828 
767: 1449 16 1543 
780: 1449 177 175 664 
795: 1449 1355 16 1214 430 1521 18 1137 80 313 111 14 920 120 1178 1471 
806: 1449 571 736 407 461 1149 238 80 211 1106 1549 544 696 254 225 1328 977 1042 
808: 1449 330 45 741 1317 89 148 212 625 1441 1322 
811: 1449 135 
838: 1449 1430 
839: 1449 640 639 1500 457 
881: 1449 613 
893: 1449 433 16 526 1032 1033 1219 888 1297 1095 9 305 394 474 
897: 1449 46 248 53 990 308 1397 1329 443 313 420 88 80 225 276 343 389 439 1065 
911: 1449 1194 323 1036 224 1409 374 1249 754 
918: 1449 1215 844 602 32 225 517 662 
928: 1449 1053 639 1032 641 459 774 14 1387 936 
944: 1449 1355 261 1550 1126 
964: 1449 990 
965: 1449 1053 1442 17 191 990 1019 905 660 430 274 659 14 69 656 1275 
1028: 1449 571 1310 16 17 181 987 1096 308 309 1095 
1047: 1449 247 
1058: 1449 945 427 1114 1402 1407 464 160 792 1186 1473 66 337 1379 20 594 618 745 1217 1513 
1116: 1449 606 344 
1120: 1449 200 
1126: 1449 433 613 1546 85 1154 313 299 247 418 944 1256 
1130: 1449 551 550 
1183: 1449 1355 690 739 1277 1166 1051 825 
1185: 1449 844 433 613 1407 953 321 864 843 1486 
1191: 1449 1355 613 17 1294 659 862 987 1348 1390 600 80 410 1300 
1192: 1449 956 111 1081 1471 
1197: 1449 1515 
1238: 1449 1215 1180 590 749 239 349 973 872 384 1485 1022 974 
1254: 1449 1355 1400 1550 414 246 590 733 1387 562 1332 343 155 182 834 
1285: 1449 1390 285 949 1005 324 1079 1227 1363 570 1184 
1300: 1449 1318 600 1493 666 1000 1191 
1302: 1449 970 585 1051 
1313: 1449 1180 890 483 1318 1473 51 741 
1314: 1449 1229 16 72 947 1062 
1320: 1449 736 639 191 366 430 695 661 218 1390 123 349 937 532 1222 656 1087 1256 
1335: 1449 623 
1344: 1449 1159 522 726 168 524 220 364 
1356: 1449 844 117 802 843 1223 
1388: 1449 1194 736 248 16 645 890 430 1208 299 300 80 429 915 1013 1039 
1393: 1449 738 920 1087 
1396: 1449 1131 613 126 1550 1159 1009 1521 349 973 1380 920 974 656 904 667 1234 669 1376 1438 
1434: 1449 939 1053 844 98 942 1019 183 659 1350 349 843 999 1470 1077 
1547: 1449 844 433 98 415 320 733 102 400 864 843 295 999 156 1108 
1460: 1449 890 119 1363 122 773 
1470: 1449 939 1194 613 1394 53 144 366 814 953 101 530 1434 349 1420 
1510: 1449 203 1115 1020 
1532: 1449 526 1095 1160 
1530: 1449 1104 1208 949 1381 361 
1467: 1464 4 639 17 690 88 135 137 242 308 1051 
609: 1464 1355 245 1518 16 526 1473 234 1020 1166 106 963 1298 
229: 1464 1355 1229 40 53 117 144 432 526 1550 1308 1219 1402 1294 907 942 414 320 101 573 1539 802 187 249 530 578 612 888 1195 1350 1413 636 768 228 267 295 1390 1329 349 605 756 1367 350 386 351 1307 983 532 1166 1193 1268 65 88 381 1291 857 165 225 1217 1206 1453 877 164 988 1280 394 1542 1421 512 1082 633 1480 457 1228 471 488 237 752 
114: 1476 638 411 641 1226 256 355 157 
120: 1476 1355 1352 1158 1152 124 127 795 128 801 1357 1178 121 172 1110 1354 109 1049 931 1457 
1354: 1476 144 1318 1352 1152 124 127 128 1357 121 1227 1110 109 931 120 1457 
77: 1548 1229 366 285 871 277 328 735 835 882 688 
1140: 1548 1229 844 98 889 930 1187 1208 878 308 443 1095 593 988 1178 842 509 1094 968 1312 289 783 879 
1431: 1548 1131 1391 522 871 328 643 801 1357 1227 1230 1256 
1522: 1355 640 657 844 736 98 1518 248 638 639 16 227 251 261 275 411 641 1433 106 464 1539 348 274 507 560 947 984 1158 1255 1284 1287 
1342: 1355 571 1229 640 1315 613 248 17 207 366 415 427 526 566 1132 870 1281 775 464 1137 1380 1277 988 987 749 1473 270 974 1379 1178 1208 69 156 204 210 460 539 644 656 705 707 721 854 862 878 879 883 890 917 949 969 1020 1022 1502 1350 
71: 1355 1400 1215 239 349 350 1410 
471: 1355 144 317 578 888 1465 228 298 1390 605 159 229 373 1151 476 1228 1216 1041 
668: 1355 215 207 104 299 27 548 599 
797: 1355 1330 
954: 1355 641 1351 
1056: 1355 1194 942 837 349 1379 80 1022 1055 1423 
1074: 1355 890 646 573 
1121: 1355 939 46 876 216 526 100 240 1026 346 973 127 801 880 1212 
1475: 1355 1497 816 855 395 1534 78 
681: 1125 137 484 
140: 1125 526 1361 1037 
519: 1125 144 1208 878 888 377 879 988 810 1502 
669: 1131 1550 510 349 973 1380 1396 93 562 974 904 667 1234 141 1376 1438 
94: 1131 433 864 987 1137 363 493 
936: 1400 16 197 85 804 928 313 504 523 314 130 
521: 1400 510 656 1332 
182: 245 1254 
189: 245 1180 774 1387 1329 998 247 
236: 245 216 829 1115 80 75 783 548 
512: 245 526 641 223 1390 1020 1166 1331 229 1138 279 
1538: 245 1310 1296 69 
913: 245 1281 1305 1022 
867: 245 251 412 
455: 245 86 87 1349 79 
985: 245 
868: 245 1219 1546 223 1346 307 1252 794 1138 1376 
1523: 245 
1014: 245 412 1296 276 869 
24: 571 1110 859 1282 
74: 571 526 1032 777 582 75 356 
254: 571 461 430 96 80 806 302 696 
344: 571 216 1115 1296 150 408 1022 1361 1116 589 35 306 567 
363: 571 641 1346 94 
441: 571 695 86 80 1107 1525 
645: 571 1229 640 261 430 413 300 1388 86 1208 241 1349 1387 81 38 1039 1181 1013 
906: 571 640 1053 613 639 461 941 1149 641 175 201 916 80 37 60 156 225 492 679 696 755 908 915 1059 1106 1506 
788: 571 908 87 201 37 1458 497 1282 962 1145 
696: 571 906 908 80 879 806 254 1106 
1325: 580 1323 628 1327 426 1483 
1051: 611 1032 1467 183 1414 239 535 778 1281 970 1075 385 598 1188 1218 962 89 157 345 418 540 622 691 851 969 971 1424 1302 1183 1160 1340 
230: 939 1310 46 6 100 48 325 436 
249: 939 1053 1518 16 802 1346 349 228 1253 532 123 229 937 1420 1333 1430 632 
1290: 939 366 1266 1445 713 
979: 939 844 1512 802 1208 203 238 878 888 1009 1311 988 872 1013 1361 1312 879 
119: 1229 216 522 1115 80 585 1460 1129 940 
167: 1229 1463 
253: 1229 
255: 1229 
384: 1229 1215 613 366 1346 1473 1281 1108 525 247 1238 
588: 1229 290 1114 1308 1294 414 246 85 793 171 187 413 792 469 1307 973 377 75 791 1266 713 151 1272 
1243: 1229 775 1152 564 1273 1463 
1359: 1229 613 1407 
1468: 1229 
26: 1310 951 901 
58: 1310 638 118 1174 1414 1493 1000 32 
1118: 1310 844 98 290 526 1032 930 1187 775 793 513 784 792 843 83 791 369 1493 243 1071 
1472: 1310 
246: 1215 4 366 1052 1114 1149 1214 874 6 775 414 646 102 187 1254 588 1458 505 
314: 1215 1132 837 612 1413 1521 744 350 656 936 
489: 1215 227 1546 239 1390 194 490 548 
1: 640 4 5 1418 657 149 1053 1442 1315 1447 1194 1067 46 945 1092 200 844 433 215 736 98 613 1512 876 1518 1394 1011 248 638 639 
5: 1 640 258 1219 100 1546 46 464 433 483 181 563 1019 1180 
1418: 1 98 149 638 641 844 1512 
149: 1 1418 85 98 1286 774 1512 844 848 1010 310 1208 793 733 1086 
945: 1 640 1053 40 59 80 98 144 183 227 248 261 274 275 366 590 638 639 690 734 754 762 792 843 844 850 930 1159 1032 1551 1187 1318 953 1473 1091 1186 1114 1512 1132 1058 
1512: 1 1418 149 945 844 98 350 351 798 979 1413 1509 
23: 640 46 100 1180 161 1096 93 234 1453 1026 261 647 916 165 678 1205 66 451 202 1486 83 485 104 369 509 
31: 640 613 86 641 
126: 640 117 464 748 1473 725 509 427 1367 238 1396 
227: 640 945 639 349 1032 1308 299 930 1187 1522 1301 1205 83 369 641 183 415 275 156 184 1052 1318 734 489 403 
284: 640 106 1010 1529 203 641 95 501 1181 
425: 640 216 366 131 683 234 1152 1034 
602: 640 613 464 1473 25 641 918 919 
658: 640 657 46 415 100 1407 760 436 1346 1408 802 1525 1526 1144 
717: 640 639 
762: 640 1053 945 844 1518 638 639 16 17 40 1149 641 690 1264 562 131 953 761 55 170 239 1433 874 946 
870: 640 638 639 1342 
1433: 640 1114 762 1546 1522 760 
946: 640 1053 844 433 248 638 639 40 415 427 1159 1180 1264 762 942 531 48 51 843 1201 1049 
1439: 640 639 1308 805 1407 953 774 1187 636 677 
757: 640 613 876 459 1387 72 
923: 4 1159 690 319 1158 
320: 4 366 1390 229 247 283 297 308 1419 584 1547 656 351 
196: 4 46 100 187 1506 1452 435 590 792 
371: 4 1194 366 890 864 1395 759 1546 
1018: 4 46 844 98 275 942 1187 100 459 768 802 843 999 1504 1362 
181: 5 1067 433 613 17 526 1219 483 88 135 642 1028 937 783 184 988 
900: 657 1091 319 221 982 
899: 657 415 1407 1157 829 1282 1091 802 247 221 1269 982 
976: 657 1407 1177 646 1346 725 194 576 1144 1404 
1286: 149 161 412 239 
47: 1053 433 613 135 
160: 1053 1368 1070 1058 1387 851 
171: 1053 1149 72 588 
413: 1053 844 433 275 432 645 1308 1019 6 183 238 274 513 1307 940 947 588 843 462 983 864 748 888 
437: 1053 844 98 990 774 66 1387 
467: 1053 98 248 1032 1132 1371 843 60 799 
510: 1053 1011 638 639 366 641 1019 1539 1174 695 310 65 412 507 656 72 327 1287 521 789 669 560 1234 
569: 1053 433 1149 1294 953 1187 1019 238 241 659 1277 862 87 1217 156 720 
624: 1053 935 
784: 1053 290 850 414 802 791 20 263 239 584 1413 1118 
790: 1053 941 1159 414 48 274 605 1110 998 99 537 1424 
804: 1053 1550 936 1425 30 380 
815: 1053 1194 197 526 1159 299 1158 1184 
1236: 1053 613 1394 1019 656 157 
1481: 1053 1208 933 1277 1318 1095 239 
1515: 1053 953 1208 1348 131 1382 656 1197 1428 
1311: 1442 430 1539 829 933 1115 1318 469 168 130 442 979 
244: 1194 86 649 1198 355 
583: 1194 736 191 430 837 86 908 298 1293 201 79 80 288 87 981 
56: 1067 54 416 1351 55 948 
199: 1067 844 613 248 13 749 987 1288 308 1046 1178 
560: 1067 613 461 1522 510 1500 947 
743: 1067 184 773 821 
894: 1067 736 1546 802 123 1280 951 335 
1287: 1067 215 613 876 1394 526 1032 1522 510 603 636 1506 354 947 
3: 46 100 1390 
1551: 46 945 1159 694 1214 100 1174 695 612 228 1390 1253 532 
543: 46 1180 100 1546 1103 123 346 1406 656 1283 1102 
1091: 46 945 1407 900 899 802 96 228 313 1253 532 97 67 250 265 1353 1533 
256: 46 526 100 1277 356 114 
379: 46 638 100 590 1208 435 
1490: 46 1407 1413 350 1497 150 1268 
59: 945 215 905 464 774 659 748 
754: 945 911 
15: 1092 526 348 356 474 
41: 844 16 1187 430 843 316 972 1347 151 152 153 
83: 844 1518 23 227 275 415 1159 930 942 183 184 187 274 748 792 864 1281 983 369 1118 
138: 844 613 1034 86 841 
485: 844 433 613 23 117 1032 1132 1219 1019 905 660 659 843 1329 
731: 844 261 695 612 777 436 1332 
840: 844 98 459 1346 864 1506 356 
841: 844 98 930 1187 590 733 48 864 843 600 138 567 1062 
1276: 844 843 
1428: 844 1007 739 1348 1515 239 920 405 
970: 844 317 587 1188 1051 969 1037 622 1302 
1503: 844 98 275 1032 238 274 864 843 999 
79: 433 736 1264 837 86 1195 583 1435 87 80 429 30 37 674 1332 81 1106 211 353 455 105 1013 
549: 433 53 1435 178 1452 
1352: 433 1110 1152 1421 735 1357 109 128 931 120 121 124 127 556 1432 1457 1354 
860: 433 1407 430 1387 1421 110 1057 977 
1422: 433 1546 25 1186 239 166 50 383 
1459: 433 613 646 1040 
458: 433 285 1013 
1514: 433 366 100 739 1473 615 750 1513 1516 
772: 215 843 343 820 604 
666: 215 86 288 1300 
1466: 215 415 1308 6 184 274 1095 1307 
1255: 215 639 1522 1346 707 
1000: 215 1318 1493 58 1300 
32: 736 17 566 1083 430 183 918 58 709 
43: 736 526 951 335 1013 383 
761: 736 638 639 16 40 54 197 411 461 641 1219 1264 762 760 104 1323 55 1098 1327 
1456: 736 907 942 1096 228 1095 14 553 1152 
981: 736 583 80 1293 
62: 98 
70: 98 197 
956: 98 459 725 1115 547 80 555 673 783 1540 1542 1192 1331 1144 
111: 98 80 1380 795 1337 1192 122 1471 
369: 98 23 227 275 415 499 942 1019 1368 183 184 187 274 725 83 1118 1281 983 576 
12: 613 1473 
39: 613 
192: 613 85 
226: 613 990 1020 156 1166 1471 1331 1540 1062 
470: 613 953 522 86 1195 1521 239 1296 80 656 1295 1305 1395 1225 1419 
490: 613 427 990 435 1473 937 1379 489 1491 
554: 613 144 203 
598: 613 1075 1051 528 
1100: 613 
663: 613 1177 1188 1305 
732: 613 
764: 613 483 1527 102 241 974 89 1057 
1279: 613 890 949 80 27 280 405 548 
1509: 613 1512 464 241 843 916 35 335 484 604 654 
845: 613 144 846 847 
1382: 613 1515 1137 10 813 
1419: 613 1177 320 313 297 470 1188 1305 1227 1081 621 825 
1420: 613 144 275 1032 1114 1294 953 464 101 183 249 274 792 1036 1470 1329 1500 1188 858 
926: 613 526 157 1502 604 1199 
1469: 613 
984: 613 1518 415 1522 86 241 1195 1115 836 201 222 872 898 642 493 567 1437 
1516: 613 464 321 1473 615 949 1514 1513 750 
798: 1512 
294: 1518 988 305 
1013: 1518 645 690 942 430 802 86 1388 1252 87 1349 861 979 79 458 43 194 281 1152 787 1039 1237 
33: 1394 526 1294 420 576 1274 
1517: 1394 203 300 281 1305 
340: 1011 248 1539 86 308 1506 915 1188 947 
478: 248 317 366 323 1115 349 313 1284 1262 389 
165: 638 23 637 942 802 1208 513 983 879 791 1280 968 229 
794: 638 16 411 1546 1329 1252 194 55 868 1330 
1323: 638 16 416 1132 1219 1264 760 829 761 55 909 910 1098 1325 1327 
44: 639 526 1114 725 656 
353: 639 573 1086 86 228 87 80 79 173 281 224 1062 
360: 639 526 135 
791: 639 1308 850 6 935 793 274 513 784 792 1118 165 588 604 
972: 639 1348 41 153 151 152 1347 
687: 16 1219 365 1162 
747: 16 197 1219 1264 
1173: 17 308 688 
647: 23 
916: 23 366 906 349 1020 1509 418 
678: 23 
202: 23 573 864 299 656 995 1477 782 
476: 40 53 317 415 161 646 1208 1318 1069 386 1005 548 471 702 447 810 688 1002 536 
220: 40 1346 726 532 1166 1344 1453 994 1251 364 
1251: 40 86 1020 532 1253 220 364 
373: 40 238 18 346 75 957 471 880 1395 1528 
380: 40 53 1407 804 708 871 328 735 
1351: 54 56 55 954 948 426 
1098: 54 411 760 761 55 1323 
992: 61 392 
69: 144 275 1342 1174 965 987 1277 1137 1390 349 949 873 325 524 544 656 882 1025 72 1538 904 667 950 959 463 487 
99: 144 790 450 456 1044 
1536: 144 905 885 
1540: 144 459 725 888 443 956 226 1331 1365 474 
1087: 144 1348 228 1320 88 135 1022 1393 1235 
1176: 144 695 96 864 234 1435 349 443 88 135 176 1178 235 1454 
174: 144 683 1435 593 
205: 144 1527 451 378 356 1246 
846: 144 501 526 890 578 777 949 80 845 847 
849: 144 1208 1095 
475: 144 1338 
440: 144 1016 494 
452: 144 
1336: 191 1019 430 659 
1511: 207 1137 605 80 548 
1055: 216 366 1056 
1211: 216 
1363: 216 725 888 1413 1252 80 263 1166 1152 1188 707 328 474 1079 1285 1445 1460 1508 1110 
851: 216 1032 1132 850 160 1414 1051 
1136: 251 1177 969 
141: 261 532 436 525 669 703 
1495: 261 100 1346 1252 80 973 281 436 52 703 1024 1321 1525 
1454: 290 234 1435 349 1176 
462: 290 1196 413 1195 1473 218 383 
78: 317 1474 319 1025 1203 1475 
130: 366 1311 1005 936 457 
1107: 366 239 351 441 
684: 366 
1448: 366 469 14 686 832 
27: 407 725 349 952 668 1380 1279 131 1425 1381 35 394 1230 538 
948: 411 416 56 412 55 1351 869 
1504: 411 416 1018 1537 1474 589 1113 1455 1112 
869: 411 416 863 265 1014 948 
742: 411 1208 878 879 55 988 
1133: 411 415 799 878 1195 1095 879 1094 76 1059 567 
388: 415 1114 1294 1318 298 
516: 415 1031 1324 
630: 415 1096 1095 726 1094 1324 364 
1150: 415 907 686 537 
1021: 415 905 1031 1346 1423 
960: 461 875 399 1426 1042 
198: 499 66 329 
628: 526 1222 9 1110 1325 
84: 526 
250: 526 1091 726 779 404 
375: 526 101 636 1095 677 1094 589 673 
1045: 526 1387 
704: 526 156 
1339: 526 1318 403 1327 
1124: 526 1208 878 888 308 605 474 1240 488 555 
947: 526 1522 1539 413 659 560 1287 313 340 1314 
1017: 526 177 664 180 
243: 566 930 1187 1239 1118 289 
121: 587 522 1247 531 1352 1152 124 127 128 801 1357 356 1110 1230 109 931 1354 1457 120 1432 
1322: 637 690 808 
1482: 637 1132 1473 308 
60: 1032 1132 906 467 908 1413 
597: 1032 1208 726 643 247 402 673 
968: 1032 1346 578 659 725 1093 308 412 1140 872 194 88 135 165 
1278: 1032 
1303: 1052 793 530 792 547 349 937 408 
1395: 1550 890 1007 371 459 539 1473 239 605 297 299 75 159 470 1188 142 858 692 373 449 
606: 1132 370 218 649 1116 8 460 1175 
217: 1132 949 194 131 494 675 
604: 1132 1308 722 187 274 513 799 600 531 772 1509 926 707 791 
1062: 1149 749 841 226 1331 353 357 1314 595 1430 1153 
1076: 1149 725 1009 1077 1075 738 
158: 1159 1158 
1360: 1159 1066 1158 
546: 1181 690 864 832 
1484: 1181 878 1020 1148 
819: 1189 1546 203 298 952 300 28 231 
190: 1264 1193 656 951 1223 955 
286: 1264 1546 1188 
1552: 1264 725 1295 1157 
922: 1294 1378 324 670 331 570 801 1227 680 
1167: 1294 1019 
1289: 1294 850 1019 48 1403 
439: 814 897 
1483: 866 1325 
460: 1342 606 
969: 1342 970 1188 1051 816 1421 1136 1041 113 
589: 1407 683 1208 1414 1465 1297 535 857 106 572 1206 344 1263 375 1504 689 1172 
112: 907 496 1413 349 350 351 42 
1423: 942 1056 1021 1425 
1170: 953 1095 1228 1179 
719: 990 905 203 1473 1390 357 394 
1404: 990 646 976 725 
720: 1019 241 569 659 1387 927 
1273: 775 564 1243 
304: 1177 402 
823: 1177 101 888 239 636 983 333 686 810 
1417: 1415 186 
1209: 646 1096 
847: 646 845 846 
759: 371 101 1115 636 1330 
1182: 100 80 300 1193 1207 996 
1097: 100 
434: 1546 
710: 1546 349 
810: 1546 683 829 823 924 1478 476 536 688 479 519 185 421 
1225: 1546 86 470 
1372: 1546 1497 
1309: 101 14 
595: 101 1062 
107: 101 1331 
1430: 223 249 1020 532 838 1062 813 
959: 321 725 749 1473 656 206 69 
1175: 459 104 606 1042 
221: 900 899 664 
982: 900 899 
49: 1031 502 472 
446: 1031 86 259 
852: 1031 725 862 1115 1137 507 1380 1549 
376: 683 888 
1274: 683 33 686 
1347: 1408 41 153 972 316 151 152 
1063: 1346 
1145: 1346 135 1106 788 
1376: 1346 104 888 1115 1077 973 1075 1396 355 669 789 868 354 
122: 829 1473 708 1380 111 1460 737 125 1265 214 479 
479: 829 234 1296 810 1257 122 1298 480 1327 125 
1426: 85 313 1488 859 960 
1134: 85 748 1521 239 778 178 
113: 848 1421 969 
92: 1010 1069 527 
143: 1010 496 1110 807 
393: 1010 1531 
885: 1010 9 1536 
698: 1208 1487 
727: 1208 996 
1411: 733 466 1161 1390 
293: 48 183 748 1195 349 895 350 1446 
257: 86 1269 1451 
1383: 86 
1520: 96 
1160: 102 1051 1532 
1163: 184 276 
125: 203 122 480 479 
1498: 203 
219: 203 
1123: 203 1199 
109: 238 1247 297 1352 1152 124 127 176 1410 128 1357 121 1452 1110 1354 931 1457 120 
231: 238 240 241 1361 819 
975: 240 535 
627: 400 1277 267 1137 386 385 164 559 
1119: 435 313 
1261: 496 949 
1171: 558 177 
213: 578 
287: 725 408 142 
853: 725 239 349 351 532 1193 1326 
110: 748 1387 1435 860 
1001: 748 349 726 135 1280 
421: 862 377 810 
180: 864 1154 177 417 664 1017 
891: 864 381 
480: 888 474 1257 125 479 
361: 1115 299 576 1079 1530 389 
405: 1115 349 80 1428 1279 548 1099 1370 1164 1425 
494: 1115 605 271 80 708 194 1188 1305 548 835 1228 709 1227 217 440 1023 
856: 1115 288 9 1403 1139 
1111: 1096 
1535: 1096 750 
551: 1277 1095 377 1094 1130 97 796 
1135: 1277 1137 
454: 1413 309 
442: 1521 1311 1465 
1341: 239 1148 
1401: 1465 1379 813 
540: 1387 1051 
865: 1387 1268 
1082: 228 349 229 
782: 283 517 202 
162: 298 1020 175 299 300 
1199: 307 308 309 708 926 537 1123 
1265: 308 122 737 1358 
1319: 1146 
1155: 1435 937 106 509 
682: 1297 
938: 1390 
1081: 1390 605 593 76 1419 548 1192 129 
1437: 1390 1296 861 984 574 
1381: 346 531 324 417 1530 1099 27 825 664 20 1425 
518: 348 
729: 349 350 351 
431: 349 402 
1494: 349 
625: 744 1271 66 1293 808 1025 89 
1190: 836 
108: 1296 
133: 1296 1253 1188 1305 
541: 1296 
903: 1296 949 504 
188: 66 
329: 66 1343 1234 198 
67: 1091 
581: 1095 
980: 1095 593 1094 1257 
1505: 593 
820: 600 156 772 1122 1361 
1172: 726 643 589 1326 
912: 350 
1202: 949 
1440: 949 
152: 41 153 972 1347 151 
1462: 531 1230 
514: 532 
1544: 532 
364: 1166 1344 220 1251 630 
22: 1198 1246 
404: 1284 176 250 34 
931: 1352 124 127 128 1357 121 1354 109 120 1457 
1432: 1352 124 121 
1057: 860 764 
599: 668 
1080: 1094 2 
962: 37 1051 788 
1129: 1380 119 
233: 14 
1078: 88 
1235: 208 1122 1087 
1491: 490 877 801 1228 
36: 585 465 474 402 
397: 585 
291: 1004 
1148: 998 887 1424 331 419 567 997 1341 1484 
359: 523 
753: 1169 
438: 2 
345: 1051 673 
691: 1051 1424 
1340: 1051 
1220: 1217 773 
450: 93 99 456 
456: 132 450 99 
1384: 242 
828: 326 553 758 927 423 
406: 524 
1127: 572 
579: 622 1474 
1436: 622 
214: 643 122 1110 
1029: 712 1244 1070 714 715 1519 1398 
1543: 767 
212: 808 
550: 1130 796 
955: 1366 387 536 190 
1139: 1488 856 
689: 589 
807: 143 1375 
511: 1113 1112 
1151: 28 471 
487: 69 
472: 1234 49 
809: 1499 1358 
129: 1081 
967: 686 
34: 1478 404 
614: 1102 1110 1043 
468: 664 
1528: 373 19 195 596 824 
358: 821 
506: 517 536 497 1272 817 
185: 673 810 688 
90: 1205 
832: 1448 546 
1345: 403 
932: 403 
680: 922 
1334: 209 
482: 813 
1398: 1029 116 
796: 551 97 550 
426: 1325 1351 
296: 963 
145: 674 
1012: 1327 
259: 446 
1451: 257 1377 
63: 688 
19: 1528 
195: 1528 824 596 
596: 1528 195 824 
824: 1528 195 596 
1044: 99 
1377: 1451 
423: 828 
116: 1398 
1556: 1557 
1557: 1556 
1640: 1646 
1646: 1640 
1642: 1647 
1647: 1642 
1676: 1678 
1678: 1676 
1739: 1749 
1749: 1739 
1744: 1745 
1745: 1744 
