1819
1738: 7 65 122 392 413 573 613 700 923 944 1085 1100 1336 1407 1496 1638 1717 
7: 1738 1739 1740 1748 1751 1760 1774 1775 1780 1786 1808 1 6 816 305 818 819 822 817 828 307 478 324 327 1348 1349 564 842 332 333 1354 277 1358 1161 1331 1366 347 1368 1371 353 866 356 869 1380 872 1384 691 60 1388 369 881 1394 1268 887 890 1400 1403 895 1406 1407 1412 908 661 917 919 1431 413 278 927 417 1439 1441 1445 427 940 1176 942 1454 435 951 1321 959 329 452 1474 456 461 1351 1487 468 470 472 984 476 1497 1498 480 1269 1503 1512 1271 495 496 498 252 503 504 507 425 1536 1033 1548 529 1040 532 1556 1046 429 1560 1561 36 1569 1537 1064 557 558 49 1206 1071 54 1496 1076 57 262 570 1592 1593 1595 1085 265 1089 1091 1603 1582 1612 82 1614 598 599 94 605 1629 609 100 867 1122 103 1635 1636 1126 1638 618 1640 1131 1132 1123 1134 234 117 121 1655 1658 638 190 106 642 787 1665 191 1667 138 1670 1672 142 143 1165 1166 1311 1682 1074 153 154 1686 1687 1688 1691 1183 1278 1186 1700 113 964 114 1711 1049 692 696 30 966 700 1721 702 1726 196 1217 1733 210 1233 725 215 727 1238 731 221 1567 734 567 226 1247 228 1249 233 1058 1228 1128 239 1417 209 754 891 757 758 759 250 762 763 1274 258 858 261 1148 263 43 1285 1287 384 652 214 273 185 318 1297 726 793 1282 1236 285 47 800 801 145 804 1315 729 812 815 
65: 1738 1767 564 314 847 975 596 630 732 733 606 739 1637 883 1013 1525 636 1020 384 385 1670 1034 1297 278 535 792 1048 1436 1439 424 
122: 1738 1748 1767 1794 18 19 57 83 97 106 114 121 691 1202 1718 572 1339 451 962 836 709 839 1478 268 727 759 221 480 1503 356 868 1100 1635 487 1655 230 1007 754 883 1266 375 700 379 1145 636 1006 638 384 1023 1407 1408 134 743 903 1146 1542 129 652 525 1165 590 364 1294 378 263 156 774 800 801 1196 806 1422 937 683 1148 558 
392: 1738 1739 1766 1770 1774 1780 1786 1794 0 19 24 32 54 86 88 102 114 124 126 130 136 140 154 181 186 200 201 206 230 237 239 243 247 262 263 270 275 288 298 305 314 318 323 332 347 349 356 359 360 368 390 391 1327 1339 831 836 839 564 845 846 1358 873 875 1385 1387 1400 1401 1403 899 1411 393 394 1428 409 1446 1449 679 1452 1453 1456 448 1470 461 470 475 989 1354 991 1503 483 484 1507 487 494 1006 496 1613 1526 1018 1019 1532 1052 1025 1026 1537 1106 1033 1036 1551 1108 1556 539 544 546 1058 1059 1060 1062 1206 860 570 1626 691 583 692 1096 590 1102 1107 1115 606 1120 1635 1717 1127 1128 1641 1642 1649 1653 1663 1664 1155 1670 1161 652 1165 656 450 1685 1686 1176 1186 1700 1701 1191 1388 1706 1645 1712 696 1220 1671 1724 709 722 1232 1233 1238 730 1243 1226 1245 1247 1254 1258 753 756 757 1268 1657 1276 769 1280 1287 1301 642 798 1309 1311 1315 
413: 1738 7 1741 1755 1786 1787 1799 5 8 13 19 25 37 58 60 102 114 124 126 134 142 152 161 172 180 181 214 221 248 263 264 266 275 285 287 292 315 321 323 328 338 341 345 347 349 353 358 360 374 376 379 391 393 399 798 1156 1331 825 1339 733 836 1346 842 843 844 845 1375 483 1379 875 570 662 884 1401 897 1423 1426 1431 1432 1434 415 1258 929 933 429 431 1452 1453 1295 1457 1263 1475 1181 586 464 975 979 470 1353 475 478 1354 994 484 998 489 1002 1513 1515 496 1010 849 1526 1535 521 1032 1551 1043 536 538 539 1056 1111 1062 554 1065 1578 559 564 1075 1272 732 1593 1712 1092 1275 692 1096 1609 1100 494 1102 1622 603 1119 1638 1642 766 870 1145 1147 1148 1663 646 650 652 1556 1183 1202 1717 700 1214 1229 1231 460 727 1240 1242 852 1251 1254 974 1655 1262 754 755 756 1146 1656 763 1294 1367 1298 1307 1308 1315 984 1317 
573: 1738 67 231 236 372 1321 923 1407 734 1471 1584 643 812 
613: 1738 1741 1794 126 233 247 263 308 363 450 468 478 486 507 546 553 558 594 606 692 1331 1593 1474 1229 724 1013 887 1512 1389 881 629 1014 1529 1144 1020 1532 1635 1542 1420 1043 1310 682 
700: 1738 7 122 413 1739 1741 1755 1756 1757 1761 1782 1788 1790 1793 1794 1798 1799 1800 1814 2 13 14 16 19 38 44 48 58 72 77 81 93 102 114 115 119 124 126 134 137 142 145 156 160 161 171 181 204 214 215 221 222 230 232 240 242 243 245 246 248 254 257 261 263 275 277 287 289 305 306 313 331 335 337 345 346 347 356 360 363 364 379 380 393 394 397 407 409 425 428 429 460 464 465 473 475 477 479 480 484 487 489 494 521 523 524 525 528 547 552 558 561 562 564 569 570 571 576 590 603 607 632 639 644 646 648 658 661 673 679 686 688 691 692 694 696 699 731 798 1331 1582 1624 1339 733 1669 1165 835 836 837 1670 843 844 845 847 849 852 1076 1371 1589 1378 870 1505 876 884 887 1401 1402 1524 1405 1407 1510 910 1171 1423 1424 1425 1427 1428 1542 1258 1440 1005 1446 1713 1450 942 944 1454 1457 1262 1461 1433 1463 1263 959 1023 1287 756 1420 976 1487 979 1183 1353 759 1499 1503 994 1100 1512 933 848 1009 1010 1011 1522 1013 1358 1526 1017 1020 1531 1426 1534 1537 1170 1043 1449 1563 1567 1065 1578 1587 991 1596 1089 1093 1096 1609 1099 974 1112 1493 1629 867 1635 953 1638 1399 1641 1047 1719 1141 1056 1656 1006 732 1661 1662 1152 1153 1208 1159 1671 1161 1516 1380 1688 1689 1184 1696 1354 1133 1195 1729 1134 1008 1143 703 706 1586 1307 1733 1226 718 702 754 1735 801 728 729 975 1243 1247 1229 740 744 1254 1256 1655 1145 1267 761 1272 1275 709 1573 1148 1146 777 739 725 1294 1296 726 727 1663 1308 1310 1181 1147 984 1317 1321 815 
923: 1738 573 30 95 136 237 264 287 358 487 521 647 769 824 845 848 1453 1085 1472 1092 1622 989 1354 994 1002 1642 1645 1102 1161 1311 1059 1452 
944: 1738 700 1740 156 157 364 477 480 492 558 590 681 692 732 733 753 1582 1233 1642 1277 1294 1688 1066 
1085: 1738 7 923 1794 1814 51 54 102 114 157 200 207 211 228 265 287 288 305 347 461 494 507 518 533 554 558 559 564 570 607 692 756 765 772 848 858 870 895 897 933 969 994 1060 1065 1093 1520 1605 1233 1109 1496 1245 1636 1637 1145 1420 1378 1135 1656 1522 1655 1146 1403 1515 1187 1452 1426 1534 1100 1664 1229 1446 
1100: 1738 122 413 700 1085 1759 1775 1794 6 16 49 77 97 121 143 182 193 200 201 206 207 221 257 258 308 336 337 338 341 347 349 368 394 398 455 483 528 558 564 577 607 636 643 651 652 657 692 731 732 733 734 739 757 772 828 838 847 856 865 872 876 879 927 956 962 969 984 987 1008 1010 1023 1060 1092 1093 1099 1327 1399 1406 1408 1426 1446 1487 1186 1522 1595 1616 1106 1636 1642 1144 1182 1183 1697 1717 1228 1233 1245 1247 1269 1308 
1336: 1738 33 200 202 263 299 415 420 463 495 558 606 636 739 812 976 1023 1218 1455 1493 1635 1434 
1407: 1738 7 122 573 700 1759 1780 1794 2 8 19 20 114 121 149 157 200 202 206 207 221 236 263 270 281 305 319 336 347 376 379 415 427 507 574 606 623 643 691 743 751 754 759 801 846 865 945 1027 1070 1119 1145 1146 1147 1150 1165 1202 1232 1245 1272 1315 1339 1351 1403 1474 1634 1642 1635 1527 1425 1663 1696 1655 
1496: 1738 7 1085 1741 10 58 114 143 345 369 477 505 614 657 1019 1090 1094 1127 1170 1229 1353 1440 1450 1495 1586 
1638: 1738 7 413 700 1741 1789 1800 2 18 30 40 49 186 221 230 248 287 289 345 363 391 477 479 480 521 691 699 730 732 733 884 942 953 974 975 994 1016 1020 1056 1099 1170 1184 1226 1229 1236 1240 1247 1272 1287 1400 1420 1454 1510 1534 1624 1663 
1717: 1738 392 413 1100 1741 1764 1768 1771 1783 1797 1798 1803 1804 1808 1816 0 3 4 9 16 22 34 35 36 50 60 81 82 83 94 97 108 110 114 126 132 134 146 154 155 156 161 165 175 176 188 190 194 195 197 201 202 205 218 223 234 236 247 254 258 268 275 276 279 291 307 310 315 319 320 335 341 349 353 354 355 359 368 369 371 374 378 380 387 394 398 401 409 417 418 439 451 457 459 461 462 463 469 473 475 479 480 486 487 504 507 522 533 548 558 559 588 598 601 604 605 606 607 612 623 627 629 634 636 637 653 662 663 668 669 671 676 681 682 691 699 704 705 708 712 713 725 727 728 729 730 731 733 737 743 746 747 753 764 771 777 788 798 804 809 813 815 816 817 834 843 848 849 856 858 864 865 877 881 883 884 896 919 936 938 939 947 959 961 963 970 983 985 986 998 1003 1006 1008 1013 1017 1027 1029 1034 1048 1050 1058 1063 1070 1073 1076 1087 1088 1091 1098 1109 1117 1122 1134 1147 1148 1165 1168 1179 1189 1199 1202 1223 1237 1243 1255 1266 1280 1281 1292 1294 1308 1315 1321 1323 1325 1326 1328 1331 1352 1357 1360 1367 1377 1392 1397 1399 1405 1408 1411 1418 1429 1436 1456 1469 1471 1475 1476 1487 1490 1501 1503 1518 1520 1524 1530 1536 1546 1551 1556 1568 1579 1580 1585 1587 1590 1594 1602 1612 1615 1617 1620 1624 1625 1634 1635 1639 1641 1644 1655 1656 1659 1670 1688 1699 1704 1714 1721 1718 1733 
1739: 7 392 700 155 181 194 246 274 275 379 380 383 480 636 692 881 888 956 1145 1146 1147 1148 1165 1233 1271 1542 1548 1651 1664 1718 
1740: 7 944 106 135 156 157 261 443 489 702 919 1046 1393 1452 1794 1768 
1748: 7 122 636 319 533 1089 629 1193 42 186 236 256 393 787 790 792 939 941 1007 1008 1024 1069 1389 1406 1522 1811 
1751: 7 443 1741 729 1112 1328 
1760: 7 274 1233 401 562 727 1593 1320 599 199 200 204 350 397 529 579 896 910 937 1142 1251 1442 1552 1665 1687 
1774: 7 392 307 533 558 1023 1416 1772 606 1266 1308 1420 1013 1426 849 195 352 1527 
1775: 7 1100 275 1548 1046 1354 1446 1503 247 1308 839 1357 507 928 354 349 390 772 1230 
1780: 7 392 1407 1147 1060 1329 278 1193 1603 643 1079 1468 1247 928 270 46 77 140 233 427 474 476 478 518 583 652 711 755 774 876 953 967 991 1047 1144 1164 1510 1525 1573 
1786: 7 392 413 275 702 1741 477 533 656 1023 1076 1236 1237 1757 63 268 391 475 517 606 858 986 1304 1710 1787 1798 1788 
1808: 7 1717 1479 662 18 1288 
1: 7 32 
6: 7 1100 275 190 564 97 1308 643 1639 337 994 478 450 1793 1595 1096 203 738 1249 759 1403 
816: 7 1717 558 727 1655 1482 1200 210 373 815 819 1656 817 818 
305: 7 392 700 1085 1407 275 480 125 307 659 887 1339 1446 1461 1503 1593 739 614 696 1308 186 256 393 1069 1663 1013 24 394 1387 1635 391 432 306 347 121 308 590 662 962 1315 1331 1487 341 836 8 1712 575 717 1243 1206 873 1649 638 778 1311 1143 
818: 7 816 558 659 525 857 237 1482 1200 209 210 373 473 815 817 819 
819: 7 816 818 558 1170 349 1482 347 353 1200 1315 836 8 209 210 373 815 817 1311 
822: 7 1146 1233 1046 1741 401 477 236 634 1331 823 1635 
817: 7 1717 816 818 819 1542 558 857 237 1340 1482 1200 1025 209 210 373 
828: 7 1100 194 636 1271 156 1741 58 148 303 323 809 1811 1814 1818 15 32 41 54 56 72 81 102 108 124 126 131 134 140 153 176 192 302 325 347 348 360 361 484 505 507 648 657 658 679 732 744 1463 1654 1520 1733 1032 1024 1105 1076 1110 1280 1269 994 1124 1132 1059 1261 1229 1272 1635 1266 1511 1403 1276 1663 1033 1527 1424 1294 1172 1309 1278 1342 1570 1575 
307: 7 1717 1774 305 480 636 1146 1147 1741 1763 16 18 94 278 284 564 1206 316 1229 340 341 1491 727 345 364 1655 1520 976 1144 360 1023 525 409 1048 806 1578 
478: 7 413 613 1780 6 181 636 1165 1664 156 157 919 1046 1794 19 58 362 477 533 558 564 848 1023 1329 1655 97 102 629 691 1088 114 643 839 1639 186 1406 248 1663 1670 811 207 1183 588 757 1079 1584 149 72 391 1254 728 132 270 1601 349 46 498 1087 140 476 1809 1814 5 8 39 85 98 104 126 221 228 234 295 308 309 310 347 353 360 430 453 1331 988 1351 847 866 1403 1595 962 976 1098 484 1513 1014 1525 1032 1544 1551 1572 1537 554 1065 1075 574 584 1543 1622 1119 1634 1122 1130 652 1174 623 1714 1213 709 1735 1240 1242 1246 738 1249 718 1257 755 758 759 1280 1293 518 
324: 7 246 956 1353 1670 345 192 1142 986 335 499 1263 1595 131 1040 1018 568 640 782 
327: 7 275 319 884 1023 364 43 1639 790 1008 1389 1749 1810 1815 13 128 178 215 225 255 270 300 574 667 577 1649 1099 1361 731 1632 1009 1383 895 1445 775 1696 550 1450 
1348: 7 1328 1066 728 386 
1349: 7 1794 1339 739 691 114 206 643 1719 207 1245 455 1582 1006 933 203 211 554 948 1033 1061 1105 1132 
564: 7 65 392 413 700 1085 1100 6 307 478 380 692 1145 1146 1233 1542 1741 287 1790 20 97 195 228 234 245 249 289 309 313 314 354 377 391 399 411 453 455 476 496 515 518 530 545 689 731 1455 755 711 1351 788 1228 1486 1487 1411 736 801 733 732 734 1629 1503 623 1013 976 1144 1209 1406 652 1292 784 1167 916 1426 1556 1364 1696 727 1236 809 810 922 814 
842: 7 413 489 180 406 524 603 1275 1353 1670 844 345 975 397 523 974 1358 119 994 1263 1262 1260 843 172 473 568 756 1223 1633 1257 1258 1261 1159 1181 1309 
332: 7 392 393 1671 60 214 1408 51 798 
333: 7 1503 1688 1277 50 37 283 1680 797 1562 646 
1354: 7 392 413 700 923 1775 181 274 692 156 1794 1741 429 558 570 659 809 829 886 1272 1339 1814 0 76 89 102 114 124 126 186 202 206 207 209 263 267 278 318 338 347 349 374 388 390 438 451 461 470 494 496 505 507 523 532 571 588 614 616 671 679 696 703 709 728 732 765 800 808 839 852 857 940 974 976 985 1006 1027 1033 1058 1106 1127 1141 1184 1206 1242 1245 1278 1315 1327 1380 1381 1384 1403 1421 1423 1446 1464 1503 1605 1642 1649 1635 1663 1696 1711 
277: 7 700 1046 811 1797 244 1585 1476 493 
1358: 7 392 700 842 181 489 702 477 887 1076 1089 1272 180 1522 524 1670 1671 1401 898 975 397 1059 1153 1767 523 974 1254 119 134 280 328 547 703 725 756 843 876 879 916 968 971 989 994 1169 1195 1242 1256 1262 1309 1367 1526 1449 
1161: 7 392 700 923 1145 1146 562 848 1446 1655 1308 206 1663 298 732 207 1183 1584 200 204 201 338 1106 1245 728 124 863 121 254 496 1331 1814 12 126 318 329 368 548 681 854 879 
1331: 7 413 613 700 1717 305 822 478 1161 1794 303 362 401 477 558 659 1272 314 1384 1655 691 114 393 1287 394 895 1254 1582 1520 349 546 347 467 754 450 469 1025 15 222 484 538 569 585 747 976 1133 1591 1466 1569 
1366: 7 58 125 362 1578 43 614 1193 461 1184 728 774 1164 18 358 49 54 165 420 434 638 921 976 1132 1150 
347: 7 392 413 700 1085 1100 1407 305 819 828 478 1354 1331 274 480 636 692 881 956 1148 1165 1233 156 1794 19 340 477 558 659 727 887 1023 1043 1089 1170 1202 1339 1342 1446 1475 1503 1593 278 606 739 594 614 691 696 1292 1294 1444 114 615 643 839 186 256 393 790 1008 1389 1406 461 1371 1670 1287 844 1183 1426 24 394 757 975 852 72 849 1153 391 507 523 974 1120 1507 124 1601 1527 349 119 1087 233 476 1144 451 1238 475 1790 8 94 121 126 138 221 234 263 308 335 836 353 575 398 922 1447 428 1449 1518 962 976 470 1006 1014 1032 1035 554 1595 1616 1119 616 619 1649 1143 637 657 1168 1712 1235 789 758 1269 1291 1293 1657 1311 1315 
1368: 7 1229 206 207 1759 149 200 204 337 507 1106 1245 
1371: 7 700 347 1794 713 1043 1064 1229 1272 114 1749 461 524 599 760 1767 119 137 198 397 417 455 494 523 616 648 679 836 959 974 975 1010 1102 1120 1130 1153 1167 1187 1267 1615 1380 1487 1660 1670 1689 
353: 7 413 1717 819 478 347 489 558 1170 1503 102 691 24 1507 124 349 1791 8 1453 1583 575 836 584 841 470 856 1033 789 798 1311 1315 554 
866: 7 478 379 1233 558 1640 1247 583 1467 998 1589 609 1549 1096 897 1626 1186 
356: 7 122 392 700 275 636 1233 1452 477 659 887 1076 1093 1593 1003 1695 594 691 1069 1127 1128 348 24 1387 1758 41 121 224 238 1327 1712 766 1206 959 590 725 1626 734 359 1641 1647 885 1523 638 769 391 1030 655 1045 1186 432 
869: 7 480 340 521 1229 248 1353 335 933 604 
1380: 7 700 1354 1371 570 1229 1446 393 524 760 1670 394 1584 1767 198 959 1120 1267 1689 1660 1676 
872: 7 1100 275 19 1092 1093 1229 733 1353 732 975 299 731 1167 1010 1790 734 18 49 197 249 642 871 1712 1094 1487 1130 1684 
1384: 7 1354 1331 480 58 483 1475 1020 1745 145 1814 114 288 391 393 484 615 625 728 779 864 994 1037 1247 1525 1655 1663 1543 
691: 7 122 392 700 1407 1638 1717 478 1349 1331 347 353 356 275 636 692 881 1233 1046 477 558 607 659 848 886 887 1043 1089 1170 1593 606 1746 97 102 594 1770 1790 24 92 186 221 234 308 341 349 391 393 394 470 476 507 529 559 575 590 643 1595 1087 962 836 1444 852 865 1635 1642 751 1266 759 1487 1507 1406 772 1545 789 940 1525 1183 758 1569 1315 935 1445 1311 757 1449 
60: 7 413 1717 332 692 489 713 726 1229 1289 1614 1661 1655 248 1353 345 1401 757 975 883 1765 55 689 313 569 1208 265 1733 1094 460 974 759 1284 994 616 847 1009 1021 134 391 968 914 119 1365 1188 430 686 
1388: 7 392 1233 156 1389 270 994 113 499 801 205 271 1724 
369: 7 1496 1717 275 570 727 1655 1287 391 300 434 
881: 7 613 1717 1739 347 691 275 379 1744 1763 1772 1794 1810 54 90 112 114 156 157 158 193 195 205 276 314 323 343 364 388 435 470 522 533 558 606 608 612 649 653 654 695 709 764 784 911 1370 1403 1412 1415 1420 912 1422 1426 934 1601 973 1486 984 1503 1008 1520 1013 1527 1023 1025 1542 1036 1048 1563 1069 1090 1636 1637 1127 1146 1147 1663 1043 1186 1725 1233 1255 1292 1294 899 1315 1320 1323 
1394: 7 733 1754 298 300 386 532 561 738 811 952 1240 1375 
1268: 7 392 263 
887: 7 613 700 305 1358 347 356 691 181 692 1233 1542 489 702 919 1452 1794 1741 19 223 323 570 698 726 727 13 20 41 47 102 124 126 130 136 186 225 238 239 263 264 349 364 390 461 470 487 507 523 546 548 603 642 679 696 709 766 824 839 857 873 882 1327 1339 1342 1363 998 1401 1201 933 1446 1447 940 953 1470 1474 973 974 1494 989 1503 994 1507 1511 1002 1006 1527 937 1030 1700 1059 1060 1206 1084 1712 1609 1112 1626 1124 1259 1127 1128 1641 1645 1649 1143 1164 1706 1199 1238 1058 1570 1293 1294 1301 1663 1578 1309 1315 
890: 7 1664 156 190 558 1170 1255 1593 1772 1108 72 507 895 153 195 301 344 577 682 709 1592 1735 996 1279 1186 1445 1176 
1400: 7 392 1638 274 1146 1233 1651 1741 58 477 521 837 848 853 1023 1043 1092 1229 1236 1237 1272 214 217 221 247 345 391 409 461 475 484 507 658 704 836 849 852 974 975 1102 1183 1262 1286 1287 1639 1655 1656 1537 1674 1614 1431 
1403: 7 392 1085 1407 6 828 478 1354 881 1046 558 1089 1202 733 696 206 615 236 461 298 732 1183 24 1540 1584 204 338 1245 731 507 806 1582 772 498 734 81 308 758 962 1487 1408 230 762 950 1249 263 681 5 221 49 470 725 812 1099 
895: 7 1085 327 1331 890 1145 1146 1147 1233 1542 1718 319 401 533 558 1023 1593 304 314 388 522 606 739 1320 1655 97 1008 503 984 849 1767 1798 141 290 301 360 456 550 649 653 681 682 709 1656 1117 1611 1459 1235 1379 1340 1520 934 1529 1186 1445 1559 
1406: 7 1100 1748 478 564 347 691 275 1165 156 157 1794 19 558 570 607 829 1272 1446 97 629 114 377 790 8 18 54 72 220 221 225 263 360 378 427 470 476 486 538 544 652 669 709 742 743 759 793 897 934 1006 1025 1058 1109 1119 1240 1242 1254 1286 1287 1309 1315 1396 1455 1595 1635 1663 1487 1735 1506 1642 1584 1408 
1412: 7 881 636 1145 1146 533 558 1023 1043 1772 314 388 606 1320 984 934 1340 263 317 608 637 990 1601 1506 1520 
908: 7 1593 984 1142 1800 1795 592 661 1512 
661: 7 700 908 19 223 477 533 1043 1272 606 733 298 345 732 975 1059 974 994 1696 13 590 18 1814 39 367 1625 703 1471 971 1615 673 
917: 7 1542 606 643 161 1215 1016 255 178 434 1722 
919: 7 1717 1740 478 887 135 1768 1794 16 18 20 97 349 468 594 1426 1593 1339 1065 1389 
1431: 7 413 1400 275 636 1145 1146 1147 1651 1741 477 483 727 848 884 886 1023 1043 1236 1237 1272 35 140 171 204 206 263 270 306 315 335 345 363 391 393 409 475 484 606 637 643 651 755 798 849 1252 1601 1635 1613 1652 1663 1701 1446 
278: 7 65 1780 307 1354 347 181 274 275 636 956 1145 1542 157 19 243 287 533 558 727 1023 1043 1202 1229 1272 1415 1446 1636 1652 1744 947 229 276 1782 24 35 46 49 80 108 121 158 186 214 233 248 1328 315 1401 437 450 975 1487 1013 759 1015 1008 1520 1523 1014 1525 1025 545 1058 1589 1601 588 591 1112 619 1141 1150 1663 646 651 652 1171 662 1183 679 1701 681 682 1725 1307 738 1254 1280 284 1320 
927: 7 1100 692 521 1023 1043 1229 1272 1420 461 1663 1401 1183 394 55 690 113 1260 843 409 112 874 1332 1616 1257 1536 
417: 7 1717 1371 275 1148 1233 1542 483 1043 1089 1202 1229 524 760 1287 345 975 849 214 1010 1262 1096 979 1124 1617 1285 724 1538 
1439: 7 65 275 692 30 660 684 713 930 1229 1339 1417 1440 1446 1614 1672 739 248 883 137 959 262 1802 1260 185 751 879 972 1508 1683 1441 
1441: 7 1439 30 660 684 688 713 930 1229 1417 1440 1614 1672 739 615 393 248 883 1167 959 455 1487 262 1802 185 972 1508 
1445: 7 327 691 890 895 1165 156 1794 401 477 1023 1446 1593 571 364 1567 1294 839 1420 186 1008 1389 461 1127 529 1635 1527 1781 13 54 94 178 257 263 301 341 343 359 434 456 550 709 998 1072 1119 1295 1379 1529 1682 
427: 7 1407 1780 1406 379 1145 1146 1147 1542 376 519 659 1202 1655 97 1129 77 53 57 242 398 1595 1602 693 1362 1363 737 1249 743 1150 1408 1409 1551 1189 
940: 7 1354 691 887 82 1603 248 77 
1176: 7 392 890 287 884 364 1671 1002 1216 1228 270 1465 262 17 422 815 
942: 7 700 1638 636 190 1020 314 1655 643 393 391 233 476 1525 754 1408 5 484 409 
1454: 7 700 1638 570 1043 1229 182 248 753 1183 559 
435: 7 881 558 1446 1636 314 606 1340 1279 
951: 7 181 1601 686 723 856 1471 1317 
1321: 7 573 700 1717 480 1233 102 206 207 1759 1814 149 200 286 309 337 349 463 668 1106 1142 1245 
959: 7 700 1717 1371 356 1380 1439 1441 287 656 684 727 930 1162 1229 1417 1424 1461 1614 1672 82 614 1292 186 524 760 1670 732 857 237 224 1059 1767 198 1771 1798 15 64 103 359 360 367 432 590 618 673 703 709 785 815 933 1711 1495 989 1263 1649 1511 1507 1299 1045 1513 1689 1474 1666 
329: 7 1161 810 
452: 7 728 
1474: 7 613 1407 887 959 480 570 884 1151 1272 522 1769 64 255 301 361 505 918 1000 1014 1045 1174 1214 1340 1595 
456: 7 895 1445 692 462 533 1229 388 733 1308 1008 1389 1522 870 316 1510 734 1050 1810 705 1090 649 
461: 7 392 1085 1717 1354 1366 347 1371 887 1400 1403 927 1445 246 275 379 636 1147 1233 1548 489 58 143 287 331 462 477 533 558 601 727 837 884 1023 1043 1170 1229 1272 1416 1578 1614 1636 314 535 739 1320 733 1655 1700 247 614 1201 1308 206 377 615 643 1134 1420 393 1749 248 1816 57 100 142 161 204 205 221 262 316 345 391 397 409 433 454 455 1332 1353 1355 849 870 1391 883 1398 1401 1413 912 1426 928 1458 1459 1263 975 976 1487 470 484 1507 998 1005 1010 1011 1523 503 1016 507 1529 524 532 1061 1582 569 732 572 583 1094 1713 1096 1609 1610 591 593 599 1112 603 604 1123 1037 1139 1141 1656 1663 648 1671 1164 664 1687 1556 1185 1186 682 965 699 1212 1725 1228 721 725 728 734 1737 1245 1247 754 757 760 637 1278 1287 797 800 801 1315 729 
1351: 7 1407 478 564 336 206 1639 494 207 149 337 1245 755 953 496 1595 1425 495 211 398 473 856 1226 
1487: 7 700 1100 1717 305 564 1371 872 691 1403 1406 278 1441 461 181 480 1165 1794 19 58 125 319 462 745 809 1093 1339 1342 1440 1446 1475 733 97 1266 114 206 643 494 732 1127 1128 207 1203 588 338 1245 731 870 1167 1267 455 316 124 270 1711 349 46 518 360 734 754 616 801 933 1025 1818 68 96 98 104 141 220 249 289 359 412 572 679 709 836 855 871 903 1094 1194 1243 1372 1555 1579 1586 1587 1712 1657 1706 1709 
468: 7 613 919 692 30 848 1446 1700 114 811 579 852 1084 486 1187 1582 994 1569 175 1091 1512 1657 1554 938 
470: 7 392 413 1354 347 353 691 881 887 1403 1406 461 275 1233 1548 489 483 570 659 1076 1089 1342 1578 606 43 97 594 1027 114 643 787 248 603 525 1183 24 757 391 1102 1507 124 349 1525 268 916 50 134 234 308 590 758 962 1315 1595 18 399 789 1449 836 843 484 1609 222 266 575 1471 1119 1206 878 879 1649 1526 763 1022 904 1311 1309 1056 1186 1111 1708 
472: 7 1446 525 1756 386 1361 1525 
984: 7 413 700 1100 881 895 1412 908 521 533 727 1023 1416 1772 314 388 481 522 606 1320 1755 525 255 263 270 284 349 605 678 687 709 804 912 1601 1604 1616 1635 1512 1426 1048 
476: 7 1780 478 564 347 691 1406 942 1794 558 1060 114 643 1639 1008 1112 588 1584 337 77 233 36 96 98 104 221 228 230 1075 1464 1595 962 1217 991 1119 1634 1525 623 1293 1297 1304 495 
1497: 7 1741 58 1272 391 484 728 
1498: 7 558 97 596 1184 1426 1326 876 499 79 286 1122 
480: 7 122 700 944 1638 1717 1739 305 307 347 869 1384 1321 1474 1487 181 275 1757 1761 1762 1765 1787 1814 1816 2 5 8 15 18 44 47 58 82 96 102 111 114 121 134 142 143 201 203 204 206 207 230 245 248 254 270 287 302 315 335 337 338 345 363 391 393 394 430 443 453 458 460 477 479 1339 848 852 857 1674 1377 883 1399 1401 899 1254 910 1422 916 1426 1435 933 1729 1446 1450 1008 1461 953 1475 972 973 975 988 1425 1503 846 1511 1512 494 1522 516 1029 521 1036 1023 554 547 1059 1573 561 562 518 1076 569 570 571 1082 1094 1713 1099 1106 1463 603 1625 1123 615 1637 1639 630 1655 636 637 1661 1663 651 1164 1165 875 718 1183 1184 1696 682 879 687 1134 1712 1202 694 1204 1719 1229 725 727 728 729 1243 1245 1247 1262 787 812 1307 1315 644 811 
1269: 7 1100 828 347 1271 72 933 762 1511 263 32 131 176 657 1033 1560 1280 
1503: 7 122 392 700 1717 1775 305 564 333 1354 347 353 881 887 480 181 194 275 636 692 1165 1233 157 489 702 1794 1741 19 30 125 243 287 331 477 521 656 659 727 809 848 1089 1170 1229 1272 1339 1342 1446 1750 1772 1799 8 20 24 54 86 97 114 121 124 134 141 186 209 237 254 256 263 286 297 308 314 349 360 391 393 432 451 494 507 508 523 590 603 606 614 629 638 642 651 680 696 709 717 718 724 748 755 790 810 834 852 873 876 879 916 937 953 962 971 973 974 975 1006 1013 1014 1016 1033 1048 1069 1127 1128 1143 1144 1183 1203 1214 1228 1266 1291 1293 1294 1295 1311 1335 1397 1401 1420 1422 1444 1447 1449 1466 1501 1617 1523 1511 1567 1570 1578 1593 1649 1661 1700 1712 1719 
1512: 7 613 700 908 468 984 480 1233 552 848 1202 1229 1446 606 1567 1522 1670 811 1456 62 118 192 1584 1247 1066 486 758 1256 18 16 47 108 225 266 441 463 544 655 664 805 903 965 1279 1309 1390 1657 
1271: 7 1739 828 1269 636 637 657 1542 
495: 7 1336 1351 476 1640 97 1639 811 1128 192 1801 1326 321 1465 1570 1304 1810 415 1634 868 1506 751 1464 1082 
496: 7 392 413 564 1354 1161 1351 1233 1794 607 659 1076 1640 606 97 1027 114 236 494 1732 1059 245 498 1696 989 1795 308 1220 969 985 1633 1657 1276 1408 1156 1032 1701 645 
498: 7 478 1403 496 692 157 558 1461 1593 1027 114 615 790 494 1779 1084 12 41 191 203 268 341 1467 969 595 1124 1418 1324 
252: 7 829 1151 1461 615 553 1582 1377 49 410 1721 1473 1580 
503: 7 895 461 636 1233 319 1475 1636 1652 535 615 393 1749 49 72 301 1209 1598 994 1143 1025 774 1286 1287 1164 912 662 1663 928 
504: 7 1717 732 499 
507: 7 613 1085 1407 1717 1775 828 1354 347 1368 691 887 890 1400 1403 461 1503 692 1145 1146 1165 156 1794 19 30 243 303 323 429 477 607 698 727 809 859 961 1089 1229 1339 1446 1578 1593 1688 1788 82 388 606 364 1700 102 614 1201 1218 1266 1294 114 206 839 186 393 525 207 24 394 1313 529 149 338 1245 852 1635 1357 1766 1799 1800 1814 8 13 20 25 40 54 124 126 161 188 234 257 263 267 302 318 349 354 366 390 422 444 448 451 475 484 1556 846 679 1505 876 1392 922 933 1006 1270 1470 973 1507 998 1012 1016 1527 1533 1105 1032 1036 1050 544 546 1058 1570 554 1595 590 1102 1616 1119 610 611 1649 1124 1164 1701 1706 709 1645 1200 1712 703 1214 1230 1231 1232 1235 1226 776 1293 1295 1301 813 
425: 7 700 1233 156 477 848 1182 1446 1636 1652 1184 525 1635 728 270 361 399 1250 286 925 1402 1028 
1536: 7 1717 927 1089 1202 1272 643 1522 345 975 1251 214 974 124 1307 916 1256 1595 569 1096 217 458 591 677 679 1490 
1033: 7 392 828 1349 1354 353 1269 1503 558 659 1593 1700 1292 24 975 883 1084 974 124 1087 583 1164 239 308 15 1449 554 647 657 709 751 841 1518 1049 1701 
1548: 7 1739 1775 461 470 379 380 888 1145 1146 1147 1148 1542 1750 1765 1766 13 51 95 134 248 262 345 396 433 446 475 477 483 521 535 603 794 838 971 974 994 1010 1092 1229 1247 1256 1260 1263 1275 1307 1315 1339 1353 1410 1526 1530 1543 1544 1545 1615 1699 
529: 7 1760 691 1445 507 692 1023 1593 535 336 1216 263 354 1635 662 1735 969 1356 
1040: 7 324 956 1233 558 659 961 696 643 200 201 1106 268 335 631 31 619 
532: 7 1354 1394 461 1233 190 727 1170 1342 1688 43 643 729 1184 73 432 1114 360 754 801 230 1817 86 228 317 385 434 572 1471 586 800 725 1009 1506 544 1704 
1556: 7 392 413 1717 564 461 507 1233 533 558 601 1023 1446 364 1655 247 1201 1420 1635 121 998 1428 1449 593 721 725 1119 1458 1610 
1046: 7 1740 1775 822 478 277 691 1403 155 888 1147 1756 1761 1794 5 19 58 74 114 119 126 149 161 180 221 234 238 248 255 300 309 340 391 422 477 484 547 555 577 606 629 637 704 706 709 711 727 728 742 757 758 759 810 827 848 883 928 962 1043 1122 1242 1471 1119 1376 1123 1507 1254 1425 1671 1185 1051 1052 1183 1229 1139 1696 
429: 7 413 700 1354 507 1741 286 848 1456 1582 605 1428 1507 1446 559 
1560: 7 1269 558 1446 300 581 657 1382 
1561: 7 1089 1420 729 731 591 725 915 1014 1124 1139 1506 
36: 7 1717 476 558 97 298 883 1635 1527 1016 96 577 935 
1569: 7 1331 691 468 181 1233 1794 607 1089 114 975 1084 1465 755 11 54 222 1022 1091 1453 
1537: 7 392 700 478 1400 1146 1147 1542 156 884 1202 1229 1272 739 364 733 1655 1294 1522 248 1287 729 1328 345 494 732 1401 1183 757 502 163 1307 55 313 755 953 1144 690 734 916 335 262 5 221 217 458 591 673 677 679 725 756 915 973 1021 1096 1309 1490 1697 
1064: 7 1371 181 1233 1741 287 477 521 688 884 55 119 161 214 397 603 732 733 734 975 1084 1353 1545 1120 1272 1544 1573 
557: 7 533 558 1636 606 525 1141 1814 111 
558: 7 122 613 700 944 1085 1100 1336 1717 1774 816 818 819 817 478 1354 1331 347 353 866 691 881 890 1403 895 1406 1412 278 435 461 476 1498 498 1033 1040 1556 1560 36 557 274 379 636 692 1145 1146 1147 1542 1794 1741 243 287 319 323 376 1744 1745 1746 1772 1791 1798 1799 1810 18 43 49 53 54 57 66 82 94 102 114 121 124 138 161 192 203 205 210 229 230 234 240 241 255 260 263 268 276 289 304 314 315 317 318 320 321 349 360 364 378 388 394 412 450 451 481 520 522 538 550 554 1326 1328 563 1346 839 846 847 1357 849 605 992 859 1372 1375 1377 1166 1392 897 745 1415 1416 1420 912 1422 1424 922 1437 933 934 1601 1260 947 1459 1008 1468 1469 962 976 979 1494 985 989 991 590 1507 998 1340 1513 576 1006 1518 1520 1011 1522 1013 1014 1525 1443 1023 1533 1043 1058 1059 561 569 571 1593 1090 1602 585 1610 591 1616 596 1108 1109 1115 606 607 608 1120 1636 1637 1639 1642 1644 1139 633 787 1486 647 1584 649 618 1164 1676 656 1167 659 778 790 1301 911 1189 1702 1133 1048 687 1134 1711 1201 698 1209 1728 637 1730 724 727 716 1207 735 743 1255 1144 1266 764 1276 875 770 1287 1292 1293 1295 1657 643 804 1579 1320 
49: 7 1100 1638 1366 872 1403 278 252 503 558 246 636 1233 58 287 323 376 570 745 884 1092 1093 1229 1475 535 733 615 729 1426 338 1245 731 870 1635 728 1310 953 637 506 230 263 699 681 5 424 1473 1094 871 1391 
1206: 7 392 305 307 1354 356 887 470 275 1233 1452 1076 1236 1339 1593 1003 1695 594 603 1127 1128 24 860 224 1635 391 744 734 499 1263 1428 1641 341 1208 263 1030 41 126 238 359 371 586 655 766 769 798 885 1045 1125 1712 1626 1327 1647 1551 
1071: 7 1229 733 732 975 974 734 
54: 7 392 1085 828 1366 881 1406 1445 1503 507 1569 558 659 726 848 1043 1060 1446 606 739 1069 1112 1066 1507 352 121 308 1363 1030 825 208 136 
1076: 7 700 1717 1786 828 1358 356 470 480 496 1206 181 1165 489 1452 1794 1741 223 362 688 698 726 727 809 814 875 1060 1759 1763 20 41 44 51 100 134 136 149 154 186 200 201 206 207 209 211 213 224 237 238 264 266 309 335 336 338 350 359 363 393 397 400 432 451 454 484 487 497 523 541 551 554 571 590 594 598 614 620 643 647 662 682 696 697 730 742 756 776 790 815 824 839 852 883 885 897 958 974 975 989 994 1016 1019 1030 1058 1059 1063 1327 1339 1342 1350 1401 1419 1422 1425 1428 1446 1447 1449 1450 1453 1456 1469 1507 1511 1531 1535 1706 1573 1590 1102 1106 1109 1622 1628 1119 1127 1645 1143 1663 1670 1167 1641 1688 1182 1183 1695 1704 1705 1195 1712 1733 1225 1245 1254 1267 1231 1309 1315 
57: 7 122 427 461 558 106 599 268 121 5 1547 490 992 938 
262: 7 392 1439 1441 1176 461 1548 1537 181 125 684 930 1092 1202 1417 1440 1614 1672 733 248 732 1401 207 200 337 214 1228 313 100 734 1795 215 838 446 708 948 756 1531 1278 1309 551 
570: 7 392 413 700 1085 1354 1380 369 887 1406 1454 1474 470 480 49 181 246 636 1145 1146 156 489 1741 19 243 477 479 483 521 1763 1798 1800 1814 1817 72 111 112 214 221 225 313 360 364 374 391 475 484 544 556 1327 1402 975 674 1002 1008 1013 849 1525 1583 1593 1089 584 1287 590 594 606 1120 616 1650 1655 1155 1673 664 1184 794 1712 699 709 722 725 1236 1237 736 739 754 1267 1272 1286 793 1307 1315 
1592: 7 890 709 
1593: 7 413 613 1760 305 347 356 691 890 895 908 919 1445 1503 498 507 1033 529 558 1206 570 181 246 692 1165 156 157 1794 1741 19 190 323 533 726 727 809 886 961 1023 1043 1202 1255 1339 1446 1578 1743 1746 1795 1805 20 24 35 43 72 85 88 95 99 114 116 124 126 153 186 196 209 225 236 247 257 263 268 284 291 301 304 318 320 337 338 349 354 357 359 360 371 390 419 457 523 571 606 614 619 642 668 676 679 696 709 734 777 779 825 839 846 852 899 916 921 931 933 973 975 983 992 1006 1022 1025 1030 1032 1036 1053 1058 1066 1101 1109 1119 1127 1128 1143 1164 1171 1186 1209 1214 1232 1235 1243 1244 1259 1266 1292 1293 1294 1295 1308 1315 1327 1357 1397 1405 1422 1426 1438 1465 1470 1476 1494 1529 1567 1590 1616 1626 1712 1633 1649 1635 1706 1645 1728 
1595: 7 1100 6 478 324 347 691 1406 427 1474 1351 470 476 507 1536 274 275 383 692 1147 1542 1794 19 243 376 462 1089 733 97 114 643 1639 1353 1328 298 1127 1183 757 870 1120 455 316 20 1520 46 518 652 1525 2 517 1713 1795 121 759 962 1315 1814 39 94 96 98 221 226 228 230 242 263 312 409 412 568 574 640 680 709 743 871 936 990 1035 1119 1137 1139 1197 1246 1249 1408 1464 1551 1602 1634 1726 
265: 7 1085 60 1542 58 486 728 368 
1089: 7 700 1748 1358 347 691 1403 417 470 1503 507 1536 1561 1569 570 1595 181 1664 156 1794 1741 19 303 727 875 1081 24 51 55 100 102 114 119 124 134 214 215 239 263 313 328 349 360 361 494 523 569 571 614 616 679 696 709 733 757 758 759 839 870 897 933 975 989 1006 1011 1013 1030 1032 1042 1058 1059 1082 1327 1342 1381 1426 1436 1444 1446 1470 1506 1507 1511 1626 1712 1093 1094 1120 1645 1649 1663 1635 1670 1671 1675 1174 1187 1705 1711 1726 1139 1232 1278 1285 1315 
1091: 7 1717 468 1569 237 1084 994 843 
1603: 7 1780 940 319 1170 1446 1746 46 257 448 523 551 852 976 977 1141 1402 
1582: 7 700 944 1349 1331 1403 461 468 252 429 181 275 157 1794 19 58 477 727 809 1060 1659 606 1655 1700 1201 615 839 1008 248 1663 1287 729 757 192 1286 1635 1059 1228 1769 64 728 20 158 191 225 239 263 288 318 359 360 390 408 569 616 663 725 730 754 755 801 899 967 973 998 1000 1016 1025 1061 1124 1132 1185 1238 1262 1350 1402 1477 1506 1527 1730 1735 1623 
1612: 7 1717 764 1087 583 301 1103 
82: 7 1717 940 959 480 507 558 379 1794 58 462 659 1237 1744 1328 965 349 1720 455 715 590 1522 473 1494 1524 221 606 226 740 231 488 102 110 368 753 372 757 759 1527 1402 1534 1066 391 1052 1308 933 430 
1614: 7 60 1400 1439 1441 959 461 262 1741 148 521 533 552 660 684 688 713 848 884 930 1236 1339 1417 1440 1446 1795 1802 94 124 137 142 185 248 314 318 428 606 648 682 730 732 733 739 879 883 972 1099 1258 1260 1326 1340 1376 1493 1508 1540 1672 1683 
598: 7 1717 1076 246 888 1233 1043 1652 606 594 1552 83 137 161 386 1273 1449 577 1345 1240 1376 646 1171 1443 
599: 7 1760 1371 461 57 106 156 562 1342 1320 1749 524 37 67 204 221 397 579 583 1333 1208 1209 1251 1391 896 744 1665 1413 1291 1689 811 1687 
94: 7 1717 307 347 1445 558 1595 1614 1233 684 606 939 1522 1328 1408 1332 604 1616 725 1115 644 926 
605: 7 1717 984 429 558 636 1145 1146 376 533 1023 314 606 1313 193 784 1215 1601 637 499 962 18 1377 263 966 1048 
1629: 7 700 564 1741 1272 1753 1755 1757 863 
609: 7 866 1800 1047 1549 
100: 7 461 1076 262 1089 125 1671 975 883 1106 1245 214 1312 1507 1310 55 313 994 1790 215 217 879 116 756 1139 1526 1278 916 1309 
867: 7 700 733 432 1012 89 577 976 
1122: 7 1717 478 1498 1046 1146 19 848 1229 753 1183 757 1310 55 758 16 221 86 
103: 7 959 1233 1238 
1635: 7 122 392 613 700 1336 1407 1717 305 822 828 1354 691 1406 1431 1445 984 507 425 529 1556 36 49 1206 1593 1089 1582 275 636 1148 1165 1651 156 157 1452 19 58 143 319 362 401 477 479 659 1023 1446 1652 1673 764 314 606 145 99 247 336 1266 114 615 839 1420 393 1024 1389 1811 1663 1013 394 757 1387 1517 1763 1817 29 81 86 89 121 142 260 263 321 349 354 358 390 391 484 548 551 567 589 590 657 662 679 682 699 709 728 755 808 810 823 964 1006 1025 1030 1048 1139 1143 1144 1226 1243 1276 1282 1310 1327 1377 1405 1408 1418 1463 1506 1551 1586 1604 1712 1656 1660 1706 1721 
1636: 7 1085 1100 881 278 435 461 503 425 557 558 274 1233 1741 319 462 884 1023 1772 102 124 255 314 388 520 522 571 596 602 606 649 654 687 709 737 775 912 1008 1048 1121 1133 1166 1189 1201 1209 1287 1291 1320 1420 1437 1443 1459 1520 1601 1602 1610 1637 1639 
1126: 7 732 173 174 175 584 1583 1706 
618: 7 959 558 956 652 604 914 1311 1355 
1640: 7 866 495 496 275 692 1233 1741 93 245 335 337 415 494 528 588 976 985 1027 1032 1402 1696 
1131: 7 274 406 1129 373 
1132: 7 828 1349 1366 1582 1342 739 1655 754 226 657 1654 
1123: 7 461 480 1046 379 636 1147 143 884 1170 733 248 1671 1307 637 734 1713 616 
1134: 7 700 1717 461 480 558 58 1236 1329 182 1747 72 230 681 709 775 883 1014 1016 1048 1144 1420 1189 
234: 7 1717 478 564 347 691 470 507 1046 558 636 1794 58 1023 114 615 643 1639 524 1112 1183 588 757 1540 391 1340 1520 46 1087 1047 1006 1141 18 104 228 263 574 987 1246 484 373 758 759 913 1297 1049 804 1315 
117: 7 1521 1639 1112 1084 1769 823 1657 
121: 7 122 1100 1407 305 1161 347 356 278 480 1503 1556 558 54 57 1595 1635 181 379 636 1145 1146 1165 1718 106 156 157 1794 19 376 727 1023 1170 1339 1446 97 1266 1294 525 753 384 237 1687 72 974 124 784 1140 774 1510 268 475 637 18 85 1709 1712 572 962 836 709 590 375 221 868 487 230 743 759 638 1616 1157 263 998 1025 798 1309 801 1408 1697 933 679 
1655: 7 122 413 700 1085 1407 1717 816 307 478 1161 1331 1384 60 369 1400 895 427 942 461 480 1556 1537 570 1582 1132 246 275 636 956 1145 1146 1165 1651 58 143 340 376 601 848 889 1202 1237 1416 1652 739 1320 1745 733 5 16 35 71 112 237 258 306 377 385 398 424 556 591 616 637 643 658 669 671 674 676 678 728 731 754 757 758 883 955 979 988 1008 1014 1037 1061 1066 1084 1140 1144 1167 1178 1183 1186 1216 1245 1256 1283 1286 1287 1308 1365 1399 1409 1420 1450 1455 1499 1506 1522 1534 1584 1596 1697 1682 1711 1712 1657 
1658: 7 477 764 1084 585 
638: 7 122 305 1366 356 1503 121 659 1339 772 1649 664 717 709 
190: 7 1717 6 890 942 532 1593 156 1741 19 72 455 314 1340 323 709 1735 462 732 733 606 1128 754 884 1013 1014 1144 764 1167 1023 1279 1540 1420 533 1436 800 801 684 
106: 7 122 1740 57 599 121 1814 715 1589 1337 192 897 579 1285 1547 938 268 1227 709 
642: 7 392 872 887 1503 1593 275 1145 477 594 614 24 394 224 391 1228 341 8 1476 973 1626 769 1311 1189 
787: 7 1748 470 480 558 156 19 1093 41 72 678 732 754 1112 1115 1149 1239 792 941 939 813 
1665: 7 1760 599 692 727 1320 200 397 937 1251 67 221 744 810 1208 1687 
191: 7 498 1582 364 24 728 
1667: 7 606 391 911 912 230 178 1156 
138: 7 347 558 1023 1479 314 522 1320 525 1312 270 284 1315 1418 272 
1670: 7 65 392 700 1717 478 324 842 1358 347 1371 1380 959 1512 1076 1089 275 489 1794 287 362 479 713 1043 1229 180 97 629 393 1749 248 524 760 1353 1663 1767 1815 24 46 104 110 112 119 198 214 345 370 391 394 397 454 494 523 537 568 616 640 648 723 725 753 756 823 843 972 974 975 994 1010 1063 1096 1102 1120 1142 1153 1187 1262 1263 1267 1309 1428 1573 1587 1615 1621 1660 1689 1733 
1672: 7 1439 1441 959 262 1614 1741 552 660 684 713 930 1236 1417 1440 1802 185 318 730 739 794 972 1508 1683 
142: 7 413 700 461 480 1614 1635 636 1145 1146 30 58 148 483 521 1170 1229 1272 145 733 248 603 345 732 1426 731 321 1307 1698 361 637 734 1713 590 1814 315 1594 1490 263 922 1181 547 221 
143: 7 1100 1496 461 480 1635 1123 1655 636 1651 1741 73 1713 694 521 319 1229 596 1236 1170 477 733 734 483 848 248 1656 1401 637 1023 979 1289 145 916 1049 287 161 
1165: 7 122 392 700 1407 1717 1739 478 347 1406 1445 1487 480 1503 507 1076 1593 1635 121 1655 181 246 275 636 692 1741 1799 1815 11 13 41 98 114 124 176 186 233 247 263 264 300 302 319 331 349 364 391 432 450 475 477 486 494 545 546 555 606 610 637 655 659 662 682 696 733 757 763 782 790 809 814 848 849 879 903 969 975 1002 1006 1008 1010 1013 1014 1032 1035 1043 1127 1144 1389 1339 1420 1444 1446 1447 1449 1529 1291 1647 1659 1661 1688 1183 1695 1696 1187 1202 1721 1652 1277 1286 1287 1292 1293 1294 1313 
1166: 7 558 1636 1233 1023 1060 1008 753 1637 550 
1311: 7 392 923 305 819 347 353 691 470 1503 618 642 155 243 1170 1339 614 696 777 256 393 1507 349 1315 789 836 8 575 1143 1615 1376 1649 1712 1563 1692 
1682: 7 1445 1655 1233 562 1661 1328 525 204 1245 432 912 583 826 115 457 633 856 936 996 1156 1296 1402 
1074: 7 692 1233 1522 754 439 725 1443 
153: 7 828 890 1593 156 19 477 72 1083 328 709 
154: 7 392 1717 1076 275 1272 24 432 1428 514 1186 
1686: 7 392 206 298 207 1759 149 273 337 583 1245 
1687: 7 1760 461 599 121 1665 562 727 1320 898 200 204 397 896 1251 20 1257 1657 
1688: 7 700 944 1717 333 507 532 1076 1165 1741 30 1202 1756 1815 37 50 283 432 646 725 797 1247 1277 1547 1562 1680 1724 
1691: 7 1651 1444 857 232 893 
1183: 7 413 700 1100 478 1161 347 691 1400 1403 278 927 1454 470 480 1503 1046 1537 1076 1595 1122 234 1655 1165 274 383 888 1146 1542 157 1794 19 58 287 727 809 884 1043 1170 1202 1229 1236 1272 1339 364 733 614 629 696 114 206 1420 1008 1522 248 1353 1287 1328 345 1756 207 1814 5 35 44 47 55 75 83 119 126 134 171 200 211 214 221 224 245 300 309 315 338 354 360 361 391 428 437 458 475 484 541 547 561 583 586 591 616 646 651 679 694 699 709 728 734 757 758 759 782 843 852 879 883 962 974 975 979 998 1006 1010 1019 1049 1052 1096 1102 1119 1133 1144 1171 1242 1254 1426 1450 1526 1572 1617 1642 1245 1262 1278 1613 1293 1313 1315 
1278: 7 828 1354 461 262 1089 100 1183 125 1060 1106 1245 214 1312 1507 1310 55 119 313 1016 569 1613 484 215 217 657 1139 
1186: 7 392 1100 866 356 881 890 895 461 470 1593 1655 154 181 275 636 692 1233 319 659 814 875 1578 304 839 1663 298 1456 883 1057 1274 391 1102 1507 124 583 1006 998 1315 789 255 1096 242 257 301 538 548 554 575 676 925 1453 1232 1622 1702 1422 1642 
1700: 7 392 887 461 468 1503 507 1033 1582 1233 1794 656 884 1043 1339 1446 1745 1799 24 66 85 104 124 126 130 178 239 366 486 616 782 938 952 1049 1238 1538 1568 1633 
113: 7 1388 927 246 287 521 727 1023 1043 1229 1272 1663 1112 1426 394 1228 55 1792 1616 1624 1283 409 295 
964: 7 1635 991 1525 1141 
114: 7 122 392 413 700 1085 1407 1496 1717 478 1349 1354 1331 347 1371 1384 881 1406 1487 468 470 476 480 1503 496 498 507 1046 1569 558 1593 1595 1089 1635 234 1165 1183 275 636 1148 659 848 1202 1272 1339 1446 1659 606 739 95 97 247 614 696 1294 1444 1747 1790 24 61 98 308 820 312 839 1353 852 349 354 391 393 394 396 403 416 420 1447 1449 1466 962 976 1507 494 1006 1520 1525 524 1035 1059 1069 1545 1625 186 124 643 657 1689 1187 679 1196 208 213 730 221 233 757 758 759 760 1280 1281 263 1291 1293 790 286 
1711: 7 1354 959 1487 558 1089 1655 956 1233 303 462 659 1043 1229 1772 733 97 732 975 870 455 213 226 302 754 871 901 1173 1220 1428 1678 
1049: 7 1033 234 143 1183 1700 379 636 1147 323 521 884 1229 97 643 248 732 214 391 1167 46 1087 755 1047 989 734 1133 221 104 556 574 736 802 832 900 913 1513 1297 
692: 7 392 413 613 700 944 1085 1100 1739 564 1354 347 691 60 887 927 1439 456 468 1503 498 507 529 558 1593 1595 1640 1665 1165 1074 1186 274 275 636 1741 1753 1756 1784 1794 20 58 59 64 140 209 221 247 263 266 298 308 337 409 451 554 559 572 606 637 652 681 682 1327 1590 886 1401 1423 1420 914 922 1446 956 1468 1184 1002 1011 1013 1014 1527 1018 1531 1025 1027 1043 1564 1573 1086 1616 1621 1130 1144 1167 1695 1696 1247 759 809 1286 1287 1293 1310 1319 
696: 7 392 700 305 1354 347 887 1403 1503 1040 1076 1593 1089 1165 1311 1183 114 477 483 521 659 1339 1416 1446 1578 1746 99 247 594 614 624 72 119 124 186 224 256 263 290 313 349 396 493 575 647 673 1469 1712 836 709 839 1228 975 1013 1527 1293 1143 1006 1357 1649 1401 850 1034 1291 784 1294 790 1315 1444 1551 1447 1704 
30: 7 923 1638 1439 1441 468 1503 507 142 1688 275 379 1542 489 1741 688 824 583 1229 1236 345 475 477 483 124 126 1662 1663 391 393 394 1417 1674 409 1440 
966: 7 605 615 300 432 486 806 1310 769 
1721: 7 1717 252 1635 1165 156 19 477 606 643 72 224 161 263 1119 
702: 7 700 1740 1786 1358 887 1503 1145 157 1741 1787 1788 214 287 517 824 953 1719 1307 1339 974 1615 858 986 1247 863 1501 1511 1645 975 883 756 1526 1401 916 1043 1309 1310 810 1065 1449 
1726: 7 1595 1089 1287 1357 16 263 1048 
196: 7 1593 606 1420 1115 
1217: 7 476 1233 1272 588 338 1304 211 104 856 936 987 1116 1297 1386 
1733: 7 700 1717 828 60 1076 1670 489 1794 362 521 688 727 594 206 596 393 1663 207 975 200 350 149 201 883 1106 1245 432 1573 134 776 1428 44 51 484 958 1063 1195 1225 1419 1425 1450 
210: 7 816 818 819 817 558 629 248 1482 140 1200 16 209 373 815 
1233: 7 392 944 1085 1100 1739 1760 822 564 347 866 356 691 1388 881 887 1400 895 417 1321 461 470 1503 1512 496 503 425 1040 532 1556 1569 1064 49 1206 598 94 103 1636 1640 1166 1682 1074 1186 1700 1711 1217 274 275 1747 1749 1755 1769 1770 1772 1783 1784 1788 1789 1791 1794 1802 5 24 47 52 58 76 81 89 98 109 119 124 126 127 160 176 178 182 213 217 224 225 236 239 244 293 308 321 331 349 359 377 388 391 394 403 422 450 467 483 487 490 502 594 608 616 619 627 640 648 652 653 655 660 663 666 679 684 695 699 709 711 723 724 726 727 744 753 756 758 762 765 766 782 783 789 850 852 856 876 903 914 918 930 933 967 973 974 977 986 990 1006 1017 1025 1032 1043 1044 1057 1102 1103 1108 1139 1152 1158 1172 1173 1195 1218 1327 1583 1414 1589 1381 1676 1399 1405 1417 1420 1422 1425 1428 1434 1429 1444 1262 1461 1478 1499 1505 1507 1526 1359 1550 1706 1567 1342 1453 1584 1283 1625 1598 1599 1610 1375 1376 1639 1553 1679 1690 1695 1709 1477 1734 1735 1484 1238 1652 1397 1657 1287 1293 1299 1302 1663 1578 1309 1315 1322 1324 
725: 7 700 1717 1358 356 1403 461 480 532 1556 1561 1537 570 1582 94 1670 1074 1688 379 629 729 502 849 1084 728 1326 1310 1705 711 1135 288 754 1174 1467 801 1283 1377 1197 800 409 112 548 604 674 709 1594 904 1037 1422 1282 1061 1450 
215: 7 700 327 262 1089 100 1278 246 1145 125 1229 1329 975 214 55 119 313 386 699 27 131 851 217 1373 555 
727: 7 122 413 700 1717 1760 816 307 564 347 369 887 1431 278 959 461 984 480 1503 507 532 1046 558 1076 1593 1089 1582 121 1665 1687 1183 113 1733 1233 246 275 379 636 888 956 1146 1542 1664 156 157 1452 1741 33 287 319 340 477 1755 1756 1776 9 11 35 55 62 63 102 110 119 207 209 214 217 221 230 247 248 313 314 359 420 432 438 475 511 523 541 559 561 566 572 581 583 588 590 604 616 711 712 1328 823 845 848 849 857 884 886 1339 1413 1416 1422 1426 922 933 1450 974 975 1490 1492 1493 759 1184 994 998 1006 1517 1613 1528 1019 1023 1025 1043 1558 1048 1568 1059 1573 776 1102 1616 800 1128 1673 1170 1178 1694 1695 1708 1712 1202 1562 798 1307 1247 739 1162 1262 1272 1285 1292 1308 1309 801 809 815 
1238: 7 392 347 887 1582 103 1700 1233 477 726 1446 594 1128 224 137 1784 124 953 1782 130 239 264 554 666 798 973 1034 
731: 7 700 1100 1717 327 564 872 1403 1487 1561 49 1655 142 274 1146 319 1092 1093 1229 229 733 139 248 760 1353 345 732 1719 975 299 1762 1790 1795 2 18 52 73 134 239 249 326 355 423 455 572 586 1712 1587 1668 836 1094 734 1500 871 1130 1004 1010 1167 918 1555 800 1365 
221: 7 122 413 700 1100 1407 1638 478 347 691 1400 1403 1406 461 476 1046 1537 570 1595 82 599 1122 121 1665 142 1183 114 1049 692 727 275 636 156 157 58 243 1023 1229 1320 733 97 406 629 643 1420 248 1013 298 732 753 757 337 1106 391 1254 455 316 728 55 313 46 1087 233 652 755 1525 546 360 637 758 759 962 762 1249 5 1030 98 126 309 1075 1409 398 976 484 1551 1048 1572 574 1119 1213 709 1242 
1567: 7 700 1445 1503 1512 1593 1233 261 606 1745 364 1756 124 129 130 178 263 337 394 589 652 723 743 775 1066 1105 1119 1130 1215 1241 1286 1287 1420 1663 
734: 7 573 1100 564 356 872 1403 456 461 1487 1537 1064 1206 1071 262 1593 1123 142 143 1183 1049 731 275 380 636 1145 1146 58 319 462 479 483 688 837 848 1043 1081 1202 1229 1272 1695 733 139 247 248 729 1328 732 1401 1203 588 757 975 338 870 1247 1167 161 455 300 806 124 1564 313 953 1047 239 1668 1790 1795 38 41 52 68 98 134 184 291 293 408 450 465 567 586 589 689 871 979 1501 1015 1025 1030 1579 1073 1101 1204 1130 1713 1207 1309 756 1285 800 
567: 7 1635 734 181 733 614 361 1605 258 977 709 1513 996 
226: 7 1595 82 1132 1711 1146 726 229 97 1294 643 912 1340 1413 390 55 1174 1025 1315 18 823 255 551 918 318 1119 1124 250 771 575 1676 679 
1247: 7 392 700 1100 1638 1780 866 1384 461 480 1512 1548 1688 692 702 727 734 246 274 956 157 489 287 462 479 884 1339 1440 145 1522 248 824 975 1251 852 1763 1814 2 70 77 104 158 214 232 266 313 390 457 499 538 639 679 730 754 755 798 851 876 953 974 979 1025 1096 1197 1494 1250 1525 1408 1413 1602 1256 1510 1449 
228: 7 1085 478 564 476 532 1595 234 636 97 615 643 1326 46 230 800 1735 1396 1246 
1249: 7 6 478 1403 427 1595 221 275 379 636 443 58 814 535 97 643 1584 337 233 652 1525 450 759 1814 12 98 109 1246 
233: 7 613 1780 347 278 942 476 1165 114 221 1249 875 97 643 1639 1584 852 124 2 104 1075 709 991 1119 1525 554 
1058: 7 392 1717 1354 887 1406 278 507 558 1076 1593 1089 380 489 477 659 606 24 337 224 1357 1696 308 1428 271 969 1624 1279 1676 
1228: 7 1100 564 1176 461 1503 262 1582 642 113 696 1664 1043 1170 1202 1229 733 614 1308 248 1401 1426 1767 112 119 258 285 420 460 708 756 953 994 1507 1532 1299 1309 
1128: 7 392 356 887 1487 1503 495 1206 1593 190 727 1238 1452 1578 1003 1695 594 1069 248 1755 1184 753 857 1127 18 24 41 64 224 230 238 255 359 655 662 723 756 766 769 885 1030 1045 1710 1327 1712 1456 1626 1589 1647 1641 1130 1309 
239: 7 392 887 1033 1089 1582 1700 1233 1238 731 734 181 1145 1146 659 1578 733 1266 732 1784 124 130 897 666 419 
1417: 7 1439 1441 959 262 1614 1672 30 1233 1145 1741 660 684 713 930 1802 107 185 284 298 386 434 569 640 883 972 994 1016 1260 1326 1485 1508 1683 1440 
209: 7 818 819 817 1354 1503 1076 1593 692 210 727 275 1146 1542 243 97 1420 1013 24 64 1527 1334 682 267 8 34 949 630 815 
754: 7 122 413 700 1407 1331 942 461 1487 532 570 1582 1132 1655 190 787 1074 1711 725 1247 1651 58 287 884 1093 1652 733 1201 729 732 62 870 1167 455 728 2 1798 360 361 1790 1795 22 255 679 1096 976 1499 1656 1409 998 1037 1038 800 801 1061 
891: 7 11 418 686 1622 1728 1513 
757: 7 392 1100 478 347 691 60 461 470 1046 1537 1595 1089 1582 82 1122 1635 234 1655 1165 1183 114 221 734 274 275 888 156 157 1794 58 287 1043 1229 1272 1436 1446 629 377 1420 393 1522 1287 1328 1757 207 394 1799 11 20 35 55 74 77 83 119 126 134 214 245 309 313 391 437 484 546 547 591 651 662 664 709 728 883 1405 1254 1425 973 974 975 976 979 1102 1010 798 1025 1052 1572 1585 1096 1626 1119 1124 1642 1649 1242 758 759 776 1286 1315 
758: 7 478 347 691 1403 470 1512 1046 1089 1122 234 1655 1183 114 1233 221 757 274 156 1794 58 1043 1339 1446 629 1639 1522 494 1401 1584 391 1010 1254 728 119 953 546 5 104 126 309 484 547 709 1242 962 1109 1119 1642 759 1032 1052 1315 
759: 7 122 700 1407 6 478 691 60 1406 278 1046 1595 1089 82 234 121 1183 114 692 727 221 1249 757 758 1542 1794 58 243 884 1023 1229 1416 1446 314 206 1420 207 975 1584 338 1106 1245 214 391 974 1254 728 354 270 784 1601 55 313 46 953 8 309 326 416 484 565 709 1242 1293 1642 1613 998 962 1551 1052 1119 1706 
250: 7 226 1328 965 
762: 7 1403 1269 1233 221 156 1272 1639 896 1814 208 253 366 602 657 955 960 1483 1253 1180 813 
763: 7 413 470 1165 443 1342 1201 603 1328 199 1330 994 986 50 1315 1250 1609 244 266 492 1471 1111 1523 1526 1036 1056 1708 
1274: 7 1186 156 837 1761 140 263 901 1390 1551 
258: 7 1100 1717 1655 567 1228 246 1146 1542 1229 1328 953 1009 
858: 7 1085 1717 1786 702 477 1787 1788 517 986 
261: 7 700 1740 1567 181 1146 1745 178 1167 1215 1377 1241 1184 
1148: 7 122 413 700 1717 1739 347 417 1548 1635 114 956 1794 93 102 263 287 377 591 669 773 829 848 886 979 1006 1048 1144 1240 1201 1328 1523 1236 1522 1285 1420 
263: 7 122 392 413 613 700 1336 1407 1354 347 1268 887 1403 1406 1412 1431 1445 984 1269 1503 507 529 558 49 1206 1593 1595 1089 1582 605 1635 234 121 142 1165 114 692 696 1721 1726 1567 1274 1148 636 956 1542 1651 157 1393 58 376 401 477 479 659 1023 1446 1652 1673 606 643 839 1517 391 1507 728 124 321 810 390 55 451 288 1006 93 335 550 559 590 662 985 1315 682 1408 1549 1283 1377 16 123 1817 158 260 843 1586 864 363 396 1418 1466 457 1506 1048 577 1139 658 1712 699 1226 1240 
43: 7 327 1366 470 532 558 1593 156 659 745 1416 1746 1782 32 624 72 953 834 709 1357 1626 493 1389 1265 1286 1287 1315 
1285: 7 417 1089 106 727 734 1148 194 1542 1202 1229 481 614 1663 732 975 849 214 953 682 1449 217 301 1124 1139 1204 1617 
1287: 7 392 700 1638 1331 347 369 1400 1406 417 461 503 1537 558 570 1582 1636 1655 1165 1183 692 1726 1233 1567 757 43 155 246 888 1718 489 19 58 521 533 601 814 884 886 889 1023 1086 1289 1479 1673 764 1772 247 777 1193 1266 1522 1750 1080 1763 1804 16 66 83 140 230 241 270 349 354 451 494 506 526 546 577 591 665 697 709 721 728 838 850 916 975 979 1025 1029 1039 1082 1109 1136 1164 1178 1199 1209 1286 1328 1332 1357 1422 1450 1492 1507 1529 1547 1605 1642 1293 1656 1481 1307 
384: 7 65 122 121 521 1023 1020 1772 1308 1420 1756 1771 1041 617 773 432 
652: 7 122 392 413 1100 1780 478 564 1406 278 1595 618 692 1233 221 1567 1249 274 275 636 1147 1542 58 1578 1020 97 839 1013 298 1129 391 1507 316 728 518 92 98 295 360 387 408 637 1453 1199 953 987 1226 738 1642 802 913 1144 1035 1293 1047 669 1302 936 812 
214: 7 413 700 332 1400 278 417 1536 1064 262 570 1089 100 1670 1183 1278 1049 702 215 727 1247 757 759 1285 181 274 636 888 1542 125 287 521 884 1023 1043 1081 1092 1093 1202 1229 314 1227 594 614 1308 248 1663 345 1127 1401 1426 975 870 1765 1790 39 51 55 119 134 171 313 1254 916 1450 444 458 971 974 994 1507 1520 1012 523 1550 569 1082 591 1139 671 686 1712 217 1256 756 766 1309 1310 300 
273: 7 1686 229 1763 1646 1189 414 836 
185: 7 1439 1441 1614 1672 1417 340 660 684 930 1236 1440 764 733 732 1508 1720 1683 972 1189 1258 
318: 7 392 1354 1161 507 558 1593 1582 1614 1672 226 275 1255 733 97 732 975 974 124 985 217 367 600 730 
1297: 7 65 476 234 1049 1217 1043 97 643 236 316 1520 46 1087 77 1047 1096 96 104 802 936 1090 1350 
726: 7 700 60 887 54 1076 1593 1233 1238 226 1452 1741 97 124 132 137 198 224 240 583 1464 838 1115 1127 1645 798 1317 1066 
793: 7 1406 570 1112 92 325 1367 
1282: 7 1635 725 1023 203 
1236: 7 1638 1786 564 1400 1431 1206 570 1614 1134 1672 143 1183 30 1148 185 379 380 1145 1146 1147 1542 1741 58 148 150 323 462 477 483 519 521 684 745 837 848 884 1043 1093 1170 1229 1779 1787 1788 24 206 849 1084 1425 1470 1329 1479 1367 1652 1272 1653 1661 1440 1683 1446 
285: 7 413 1228 889 739 603 1275 1353 1426 1010 1307 1263 1428 460 1195 123 5 971 217 1728 581 1476 879 1039 677 
47: 7 887 480 1512 1183 1233 58 521 884 1043 733 298 24 728 2 545 1814 430 
800: 7 122 1354 461 532 190 725 727 731 734 228 754 58 1170 1342 364 733 729 1184 732 870 284 801 18 230 255 1817 572 723 1457 
801: 7 122 700 1407 564 1388 461 1487 532 1582 121 190 725 727 754 800 636 1794 1023 1093 1170 1342 1461 1308 643 1420 1184 1114 270 284 1817 230 386 434 572 586 856 1551 1157 1423 1302 1048 1568 
145: 7 700 1384 1635 142 143 1247 636 1147 58 1170 1475 1745 18 64 1072 625 590 1357 728 615 1293 1551 288 548 682 1197 
804: 7 1717 984 558 234 1087 604 
1315: 7 392 413 1407 1717 305 819 1354 347 353 691 881 887 1406 461 470 480 1548 1076 570 1593 1595 1089 234 138 1311 1183 1186 696 1233 226 757 758 763 263 43 181 443 489 1794 483 659 889 1170 1229 1255 1272 1446 606 97 247 594 614 1027 643 603 1426 975 852 224 391 974 1102 1507 806 124 349 268 50 134 308 962 8 222 266 302 399 484 575 789 836 843 879 1056 1111 1119 1185 1195 1712 1428 1471 1526 1609 1649 1708 1720 
729: 7 700 1717 1751 461 480 532 1561 1537 49 1582 725 734 754 800 287 1272 733 629 1814 18 499 502 604 711 1084 1467 849 732 1554 
812: 7 573 1336 1403 480 652 733 594 1027 206 298 207 338 224 1025 415 856 
815: 7 700 1717 816 818 819 1176 959 1076 210 727 209 24 224 1340 308 590 465 949 1299 
1767: 65 122 1358 1371 1380 895 959 1670 1228 489 1461 1227 524 553 66 198 411 523 694 749 974 1010 1102 1120 1254 1267 1330 1507 1784 
314: 65 392 564 1331 881 895 1412 942 435 461 984 1503 558 1614 605 1635 1636 190 138 727 759 214 155 274 636 1147 19 462 521 533 601 809 1023 1060 1170 1229 1272 1339 1020 1744 1772 1758 20 123 169 184 193 205 217 283 284 317 1340 343 654 880 883 388 911 912 406 934 1601 442 1465 499 455 976 1008 1520 1525 522 525 1048 572 1090 1610 591 606 608 1637 1133 1140 649 1164 1699 680 687 1215 737 739 550 1279 1486 784 792 1408 810 1320 
847: 65 700 1100 478 60 558 156 19 477 1043 1202 1272 606 364 102 247 494 72 455 1527 1025 41 178 238 515 766 1712 1204 1528 1026 938 
975: 65 413 700 1638 842 1358 347 1371 872 60 1400 661 278 417 461 480 1503 1536 1033 1569 1064 1071 1076 570 1593 1089 100 1670 1165 1183 1711 696 702 1733 215 727 731 734 1247 757 759 1285 1287 214 318 1315 181 246 274 379 956 1147 1542 1664 489 1794 287 521 837 848 884 1043 1081 1092 1093 1202 1229 1272 1329 1694 180 364 733 594 614 821 1193 1308 1522 248 524 1663 1671 1757 732 1127 1401 1399 1426 394 898 1765 1777 1785 1790 1795 1801 1814 1815 1816 2 44 51 55 83 119 134 160 170 171 208 224 232 266 311 313 328 349 355 397 458 465 488 523 543 547 569 584 616 686 689 703 755 756 798 838 843 852 854 870 876 879 883 916 937 946 967 968 971 974 1240 1139 1586 1587 1254 1171 1256 1432 1449 1450 1262 1094 1471 1010 979 989 1502 994 1507 1513 1520 1526 1531 1284 1550 1059 1063 1594 1609 1622 1624 1114 1120 1125 1135 1662 1153 1668 1678 1169 1701 1705 1195 1220 1251 1263 1301 1309 1310 1312 1313 
596: 65 1498 558 1636 143 1733 274 462 521 533 1023 1060 1446 606 739 1747 198 317 582 1215 1610 1485 737 1637 1639 1008 1142 902 775 1340 784 1048 1177 1063 687 
630: 65 480 209 1720 
732: 65 413 700 944 1100 1638 828 564 1354 1161 872 1403 661 959 461 1487 504 1537 1064 1071 262 1614 1126 190 787 142 1711 1049 731 221 734 239 754 1285 185 318 800 729 975 275 379 636 1145 1146 1147 1651 287 319 477 684 884 1043 1060 1092 1093 1202 1229 1272 733 1027 256 248 1353 1328 1755 345 1763 1790 1793 1795 2 18 52 56 62 68 124 134 161 165 230 270 313 349 354 355 404 411 441 450 455 475 586 591 602 628 664 723 832 833 1587 1379 871 1401 903 915 750 1477 972 973 974 1004 1022 1025 1547 1039 1551 1047 1073 776 1094 1130 870 1167 1697 1730 1736 1254 756 772 784 1309 
733: 65 413 700 944 1100 1638 1717 564 872 1394 1403 661 456 461 1487 1537 1064 49 1071 262 1595 1089 1614 867 1123 1655 190 142 143 1165 1183 1711 731 221 734 567 1228 239 754 185 318 47 800 729 812 975 732 379 636 1146 1147 1542 1651 19 58 148 287 462 477 479 684 688 848 884 1043 1092 1093 1202 1229 1272 1578 606 1745 1790 1795 2 18 38 62 68 77 119 124 134 161 165 184 198 212 230 247 248 291 300 313 345 354 355 391 409 411 450 455 475 484 518 628 648 664 723 1328 832 1353 870 825 883 1401 1307 1426 1432 933 1443 946 979 1501 997 1004 1010 1522 1025 1027 1036 1047 1048 1061 1087 1094 1204 1130 1039 1167 1684 1697 1191 1203 738 756 1309 
606: 65 392 613 1336 1407 1717 1774 1786 347 691 881 895 1412 661 917 1431 435 470 984 1503 1512 496 507 1046 557 558 54 570 1593 1582 82 1614 598 94 605 1635 1636 190 1667 1165 114 692 1721 196 1567 1058 263 1315 314 847 596 733 155 275 379 1146 1542 1651 156 157 489 1794 19 319 323 362 521 809 1023 1043 1060 1086 1229 1255 1339 1416 1446 1578 1673 1020 1744 1772 388 481 522 1763 1781 1801 1804 1810 13 17 20 40 56 59 63 72 92 93 101 110 123 126 158 164 193 198 205 230 245 283 289 290 297 300 312 313 317 343 349 364 377 404 442 445 520 525 544 545 550 554 589 591 602 826 827 1340 836 839 841 846 825 1385 1389 911 912 926 933 934 945 1177 1008 955 756 1266 976 977 997 1002 1006 1518 1519 1520 1443 1525 1526 1527 1460 1025 1538 1029 1036 1121 1048 687 766 1030 1601 1605 608 1119 1637 1642 1133 784 629 644 649 653 654 1465 1510 662 1180 673 1699 1195 709 880 1207 699 1090 703 1725 1215 1221 1735 719 1309 1140 1310 1689 1240 860 1312 742 808 773 775 778 1291 1294 1320 1657 1262 899 807 1319 1323 
739: 65 700 1100 1336 305 1349 347 895 1439 1441 461 1537 54 570 1614 1132 1655 1672 114 727 285 314 596 383 636 157 1794 303 323 607 829 1440 1475 1744 388 535 1799 5 16 18 20 72 93 317 338 345 349 412 484 546 561 637 649 718 723 1428 1213 1294 1729 1201 1372 1494 864 1654 1421 1130 1006 1008 1464 1266 1144 1025 903 1259 1035 1422 1426 790 876 1663 928 1295 1570 751 
1637: 65 1085 881 480 558 1636 1166 314 596 606 636 1023 1772 388 522 1320 1008 753 849 687 912 1340 1520 1601 18 179 255 463 561 649 654 1443 1610 1616 
883: 65 122 1717 60 1439 1441 461 480 1033 1046 36 1076 1614 100 1134 1655 1183 1186 702 1733 1417 757 314 975 733 181 636 1146 489 521 601 713 930 1092 1229 438 615 1353 345 525 1401 1002 1426 24 1761 1814 1817 5 27 124 134 230 321 360 361 455 460 523 548 604 744 756 945 1327 1600 1094 1226 1018 1365 989 1117 994 1641 1059 909 903 914 1450 1309 933 1130 1120 1068 1580 
1013: 65 613 700 1717 1774 305 564 881 278 1503 558 570 1089 1635 190 1165 692 696 221 209 652 274 275 1145 1146 156 319 479 533 1023 1043 1093 1229 1416 1436 1446 1479 1578 571 364 247 1294 1308 186 939 248 1754 1798 27 308 317 360 390 520 572 617 649 653 654 697 722 784 1011 1656 1332 1293 1616 1617 1144 1525 1535 1135 1209 1319 1048 1708 
1525: 65 1780 478 1384 691 278 942 470 472 476 558 570 1595 964 114 221 1247 1249 233 314 606 1013 1146 1147 156 157 443 1794 533 875 1023 1060 1320 97 643 1639 186 236 1008 62 1584 1357 270 284 912 1520 1601 140 711 953 991 1164 98 104 528 540 622 673 709 897 1006 1044 1075 1109 1117 1119 1175 1195 1213 1316 1464 1469 1470 1735 1642 1728 
636: 65 122 1100 1336 1717 1739 1748 828 307 478 347 356 691 1412 1431 278 942 461 480 1503 1271 503 558 49 570 605 1635 1123 234 121 1655 142 143 1165 1186 114 1049 692 727 221 734 228 1249 263 652 214 801 145 314 732 733 739 1637 883 246 379 1749 1772 1790 1794 1814 18 55 59 77 89 93 97 248 284 289 316 317 319 340 345 360 364 398 434 453 465 477 479 483 494 525 526 569 572 577 588 614 838 848 853 863 870 879 1402 1408 1416 1420 916 1433 926 1436 1446 1450 1452 1611 1464 965 1479 976 1491 1506 1011 1023 1534 1035 1542 1048 1279 1052 1081 1602 1093 1121 1651 1144 1147 1659 1170 1187 682 1620 709 1229 1309 722 1652 1250 743 1256 753 1656 756 1673 1272 637 797 1069 814 
1020: 65 613 700 1638 1384 942 384 652 314 606 1147 58 376 533 1023 1742 374 389 522 549 556 576 608 615 627 687 752 774 784 826 911 912 970 973 987 1619 1144 1279 1295 1041 1564 
385: 65 532 1655 1339 1661 1420 1011 1144 1014 1155 
1034: 65 1717 696 1238 1146 58 287 97 349 774 499 386 465 374 434 492 1619 1642 
535: 65 461 503 1548 529 49 1249 739 1744 186 354 1007 1420 629 792 1157 617 1192 941 1164 
792: 65 1748 787 314 535 78 213 216 268 270 617 941 978 1069 
1048: 65 1717 307 881 984 1503 558 605 1635 1636 1134 1726 727 221 1148 263 801 314 596 733 606 1013 636 379 380 1145 1146 1147 1542 533 875 1060 1170 1416 481 1320 1420 1008 974 193 695 784 1601 1144 637 18 255 1133 317 136 903 1014 1610 1355 1385 1402 1090 
1436: 65 1717 1089 190 757 1013 636 379 1147 1741 331 1202 1272 110 1014 1066 1144 1203 1420 1579 
424: 65 49 1655 839 1006 935 813 
1794: 122 392 613 700 1085 1100 1407 1740 478 1349 1354 1331 347 1371 881 887 1406 919 1445 1487 476 1503 496 507 1046 1569 558 1076 1593 1595 1089 1582 82 234 121 1670 1183 1700 692 1733 1233 757 758 759 1148 801 1315 975 606 739 1525 636 275 380 156 157 489 1746 1766 1790 13 24 50 55 95 97 99 102 110 119 124 134 237 254 308 335 349 350 362 365 391 393 394 432 451 469 477 494 497 523 528 545 550 559 590 594 595 607 616 643 645 659 662 744 745 746 776 834 848 863 865 886 933 962 974 981 985 998 1006 1025 1027 1032 1043 1066 1087 1120 1153 1170 1229 1256 1263 1295 1308 1316 1334 1339 1340 1363 1428 1446 1465 1524 1545 1641 1663 1730 1732 1799 
18: 122 1638 1808 307 1366 872 1406 661 919 470 480 1512 558 605 234 121 731 226 1128 800 145 729 732 733 739 1637 636 1048 58 533 745 1023 1151 1202 1475 206 615 1127 207 588 118 200 338 1245 870 849 391 1167 486 284 687 827 1520 1725 1304 288 1795 81 134 826 855 1372 1377 871 877 1408 907 918 409 412 441 1098 484 1506 506 1029 1546 1555 27 541 1083 1090 584 1634 682 1199 1714 697 699 1243 756 791 289 
19: 122 392 413 700 1407 478 347 872 887 1406 661 278 1487 1503 507 1046 570 1593 1595 1089 1582 1122 1635 121 190 787 153 1183 1721 1287 314 847 733 606 1542 156 1741 1763 1772 306 319 1363 879 1389 1405 1420 438 450 457 978 477 1008 1531 1023 1025 525 20 22 533 1564 35 39 553 1578 1069 578 72 601 604 1119 643 1209 662 158 1182 1199 1201 1202 1207 1720 709 1734 1735 1736 728 1240 743 1266 1272 270 1294 1295 284 1308 301 
83: 122 1717 598 1183 757 1287 975 246 477 1023 1043 1202 1272 276 1522 1328 1286 1765 55 437 1083 1457 591 217 1120 1516 1530 1405 1025 134 916 1307 933 300 
97: 122 1100 1717 6 478 564 691 895 1406 919 427 1487 470 1498 1503 495 496 36 1595 121 1670 114 1711 1049 221 226 228 1249 233 209 652 318 1297 726 1315 1525 636 1034 1794 181 274 383 135 243 376 462 533 601 809 875 884 1023 1092 1446 571 1746 1769 1779 1784 1814 46 96 316 336 337 338 341 856 864 361 876 736 1405 387 1408 574 391 398 284 1426 928 1444 936 1464 448 451 962 455 973 976 977 987 990 1505 494 1520 505 1105 518 1032 525 528 530 1047 554 1066 1069 1584 1601 1605 1616 99 1621 604 1035 98 1630 1634 614 1127 1639 1130 623 1137 1090 1144 127 1663 643 1164 149 669 161 1696 679 1119 124 1209 200 206 207 1232 1396 1243 1245 230 1179 1254 257 1486 272 1294 1302 1304 802 295 
1202: 122 413 1407 1717 347 1403 278 417 427 480 1512 1536 1537 262 1593 1655 1165 1688 1183 114 727 734 1228 1285 214 847 975 732 733 1436 18 19 83 246 274 275 379 1145 1146 1147 1542 1664 1741 287 477 521 809 814 848 884 1043 1081 1092 1093 1170 1777 1790 5 55 92 93 126 180 186 230 240 247 248 306 313 345 355 390 451 475 547 561 643 685 743 756 782 849 860 874 900 953 954 979 980 986 1011 1025 1029 1065 1073 1120 1124 1328 1329 1330 1418 1426 1260 1449 1455 1500 1504 1510 1522 1558 1602 1671 1689 1204 1307 1735 1227 1229 1262 1656 1272 1309 1310 1312 
1718: 122 1717 1739 895 121 1287 1542 319 442 533 662 853 903 929 1196 1266 1475 1673 
572: 122 461 1487 532 121 692 727 731 800 801 314 1013 636 379 728 1187 
1339: 122 392 413 700 1407 305 1349 1354 347 887 919 1439 1487 480 1503 507 1548 1206 1076 1593 1614 121 638 1165 1311 1183 1700 114 696 702 727 1247 758 314 606 385 1794 275 380 156 157 1741 477 521 848 930 1043 1784 1790 1811 15 24 66 86 111 124 134 186 213 224 256 308 349 391 393 394 397 432 454 590 594 614 679 717 753 790 852 933 962 1006 1069 1143 1144 1260 1291 1293 1294 1308 1328 1335 1428 1444 1447 1453 1501 1511 1522 1578 1649 1712 
451: 122 1717 1354 347 1503 507 558 1076 692 263 1287 1794 97 1202 477 1446 357 764 304 102 247 839 1522 237 224 1164 1781 286 325 335 1453 825 1616 1240 590 1532 662 931 
962: 122 1100 305 478 347 691 1403 470 476 1503 1046 558 1595 605 121 1183 114 221 758 759 1315 1794 97 1339 1145 376 698 1272 777 643 237 1584 350 1087 77 1006 5 96 104 159 574 682 743 1232 1119 
836: 122 392 413 700 305 819 347 1371 353 691 1400 1487 470 121 1311 696 731 273 1315 606 477 659 1170 614 524 1184 1401 898 224 198 1267 1507 349 170 475 789 1816 8 238 575 1476 968 1626 1649 1660 1692 1712 1448 
709: 122 392 700 478 1354 881 887 890 895 1406 1445 959 1487 984 1503 507 1033 1046 570 1592 1593 1595 1089 1635 1636 1134 121 638 190 106 153 1183 696 1233 725 221 567 233 757 758 759 43 1287 606 1525 636 19 275 380 156 477 533 659 1023 1229 1446 99 102 594 614 629 1218 1444 643 1008 1389 1522 24 1468 72 1084 391 728 445 617 284 1533 1087 933 1447 289 205 286 351 396 664 1352 909 1642 1645 1735 1279 1301 
839: 122 392 1775 478 1354 347 887 1445 507 558 1076 1593 1089 1582 1635 1186 114 696 263 652 606 424 451 1145 477 659 848 884 247 1444 1747 1770 1790 24 224 475 493 631 728 789 834 1006 1167 1428 1447 
1478: 122 1233 16 
268: 122 1717 1786 470 498 1040 558 57 1593 121 106 1315 792 181 477 656 1446 1294 1308 811 207 1254 1564 784 1230 34 85 267 1712 1605 416 1513 756 1279 771 1065 805 
868: 122 495 121 1308 1564 1565 415 
487: 122 392 700 923 1717 887 1076 121 1233 148 24 116 1143 
230: 122 392 700 1638 1403 476 480 532 558 49 1595 1134 121 1667 727 228 1128 1287 800 801 732 733 606 883 97 1202 1147 533 745 1475 206 790 1184 1127 207 588 80 118 200 201 338 1106 1245 870 455 124 46 77 711 991 171 506 1425 1810 87 202 945 441 1083 454 1613 976 1626 871 1372 743 756 1301 412 1309 1685 699 855 1649 
1007: 122 1748 535 1043 1289 10 756 1553 
1266: 122 1717 1774 828 691 1487 1503 507 558 1593 1635 121 239 1287 606 739 19 1718 156 303 323 477 601 884 1023 364 1746 247 594 1027 13 72 131 302 308 360 405 505 577 590 772 813 903 1011 1069 1119 1144 1189 1235 
375: 122 121 275 1023 790 941 1139 954 
379: 122 413 700 1407 1739 866 881 427 461 1548 558 82 1123 121 1049 30 725 727 1249 1236 975 732 733 606 636 1048 1436 1202 572 275 1747 247 248 251 365 376 378 1328 1203 1204 824 1187 1602 1542 979 469 502 1098 1015 886 569 591 465 1011 1522 743 1402 383 765 1150 1279 643 773 1617 521 396 1699 525 956 848 669 928 1438 1147 1189 601 682 684 390 
1145: 122 413 700 1085 1407 1739 564 1161 895 1412 1431 278 427 507 1548 558 570 605 121 1655 642 142 702 215 734 239 1417 1236 732 1013 1048 1202 962 839 274 383 956 5 35 132 163 225 247 248 287 298 306 321 331 340 355 360 376 378 406 407 434 460 477 481 541 543 591 617 662 669 743 773 774 784 814 824 838 848 879 886 889 907 934 943 947 952 976 979 996 1005 1014 1043 1066 1080 1093 1108 1117 1127 1144 1328 1340 1426 1438 1444 1446 1347 1459 1460 1470 1485 1520 1522 1538 1542 1545 1575 1601 1651 1146 1147 1659 1671 1171 1204 1307 1254 1272 1292 1320 
1006: 122 392 700 1717 1349 1354 347 887 1406 1503 507 558 1593 1089 1635 234 1165 1183 1186 114 696 1233 727 1148 263 606 739 1525 424 1794 1339 962 839 380 156 477 659 1294 1444 186 790 1069 24 391 124 349 1790 34 146 308 399 493 1469 1291 1293 1447 1704 
1023: 122 700 1100 1336 1774 1786 307 478 327 347 881 1400 895 1412 1431 278 927 1445 461 984 480 529 1556 558 1593 605 1635 1636 234 121 190 138 143 1166 113 727 221 759 263 1287 384 214 1282 801 314 596 606 1637 1013 1525 636 1020 18 19 83 97 709 1266 375 274 275 888 1741 462 477 533 660 1744 1772 1810 20 46 104 140 186 213 241 248 276 289 308 343 345 354 360 364 442 458 475 505 522 525 542 544 550 591 608 649 662 687 753 764 778 784 826 849 880 905 911 912 916 928 934 987 990 1008 1011 1014 1420 1372 1379 1415 1416 1426 1601 1460 1465 1437 1507 1520 1522 1527 1529 1538 1029 1628 1090 1117 1102 1623 1254 1293 1209 1144 1210 1150 1294 1164 1043 1184 1201 1135 1207 1215 1518 1229 1255 1060 1286 1307 1319 1320 
1408: 122 1100 1717 332 1403 1406 427 942 496 1595 94 1635 121 1247 263 314 636 18 97 383 243 376 519 848 1229 1320 643 939 248 494 397 1601 390 876 378 637 1141 528 1799 1016 96 104 743 846 854 1133 1150 1332 
134: 122 413 700 1717 828 1358 60 470 480 1503 1548 1076 1089 1183 1733 731 734 757 214 1315 975 732 733 883 1794 18 83 1339 246 489 483 521 837 889 1043 1229 1272 388 247 594 1027 248 1671 345 1203 1534 852 224 1167 974 1120 1254 161 432 827 1573 1284 1050 1204 1225 1501 740 1526 1257 751 724 1419 1428 933 679 1171 
743: 122 1407 1717 1406 427 558 1595 121 1567 636 19 1202 962 230 379 1145 1408 383 1146 1147 1542 287 376 20 77 637 430 53 281 396 398 591 693 1455 1362 1242 1150 1409 
903: 122 1487 1512 1165 1233 732 739 883 1048 1718 1266 1008 270 934 1164 682 1105 1613 1039 272 175 
1146: 122 413 700 1085 1407 1739 822 307 564 1161 881 1400 895 1412 1431 427 507 1548 1537 558 570 605 1122 121 1655 142 1183 727 731 734 226 239 209 258 261 1236 732 733 606 883 1013 1525 1034 1048 1202 1145 743 155 274 383 956 1745 1763 1798 35 132 161 225 237 243 247 248 251 276 287 300 304 306 319 321 331 340 355 360 376 378 396 401 434 443 460 477 481 488 521 541 552 591 617 662 669 773 775 778 784 814 832 846 848 849 886 889 912 916 934 943 947 952 973 979 996 1014 1043 1060 1080 1081 1108 1117 1144 1328 1362 1393 1426 1444 1446 1450 1460 1479 1522 1538 1575 1601 1542 1545 1651 1654 1147 1661 1664 1671 1171 1204 1307 1416 1254 1229 1272 
1542: 122 613 700 1739 817 564 881 887 895 917 278 417 427 1271 1548 1537 558 1595 265 1183 30 727 209 759 258 263 1285 652 214 1236 975 733 606 636 1048 19 1202 1718 379 1145 743 1146 246 274 275 383 956 1147 1814 31 34 35 58 73 243 247 251 287 300 302 303 340 345 349 364 376 378 396 455 521 533 541 550 591 664 669 682 748 766 773 809 824 846 848 870 886 943 952 979 1003 1014 1025 1043 1060 1082 1117 1187 1199 1203 1229 1242 1276 1312 1320 1328 1362 1428 1438 1522 1540 1673 1547 1615 1652 1659 1664 1689 1699 1702 
129: 122 1567 1559 
525: 122 700 818 307 470 472 984 507 425 557 121 138 1682 314 606 883 636 19 97 379 1023 1147 157 1768 243 319 323 401 462 809 886 1415 777 1088 1193 643 1420 256 1112 1755 1766 63 66 72 93 140 242 284 289 390 396 398 455 486 493 1346 1357 1365 1377 1409 926 1451 1470 1002 1518 543 550 1584 1608 1619 1626 1628 1642 628 1140 1144 635 1679 1680 662 682 1735 1225 746 1279 1284 782 1295 806 
590: 122 392 700 944 305 356 691 661 959 470 1503 507 558 1076 570 82 1635 121 142 727 263 145 815 1794 1339 451 1266 181 1147 443 287 319 1272 1424 1461 1578 102 247 1088 1294 393 1353 1663 345 857 1401 1719 394 824 1387 237 346 391 1277 1698 675 1814 12 15 16 111 266 430 464 1470 1222 1360 1243 1291 840 1511 1649 771 1706 948 1428 1181 933 
364: 122 700 944 307 327 881 887 1445 1176 507 1556 1537 558 570 191 1165 1183 1567 800 847 975 606 1013 636 1266 1023 1542 156 319 477 829 1229 1416 1479 1652 1659 1745 1763 1811 25 104 266 284 308 335 1292 1471 454 1735 852 1246 1119 1310 1420 1379 1014 391 520 1167 1570 808 553 559 390 
1294: 122 413 700 944 1717 828 347 881 887 1445 1503 507 1537 1593 121 1165 114 696 226 606 739 1013 19 97 1339 268 1006 1023 590 156 477 961 1043 1229 1446 1746 629 72 124 186 308 335 349 399 625 662 790 879 912 1014 1144 1184 1291 1293 1420 1500 1649 1295 1308 1444 1409 1447 
378: 122 1717 1406 558 379 1145 1408 1146 1542 383 376 870 1187 1782 312 1602 1242 1150 1409 398 657 1189 1197 
156: 122 700 944 1717 1740 828 478 1354 347 1388 881 890 1406 1445 507 425 1537 570 1593 1089 599 1635 121 190 787 153 1721 727 221 757 758 762 1274 43 847 606 1013 1525 1794 19 1339 709 1266 1006 364 1294 1763 1776 20 22 72 98 99 821 316 1350 335 1363 360 1389 373 386 390 391 1420 404 1014 477 1507 1010 1524 1527 1025 533 1564 545 594 1621 1124 1209 1144 1152 1155 1043 157 1119 1201 1730 1732 1734 1735 1736 742 248 1295 790 284 286 
774: 122 1780 1366 503 121 1020 1034 1145 777 1193 442 184 918 921 
1196: 122 114 1718 1147 1557 870 161 455 863 1244 569 871 1555 1173 68 249 540 775 1539 
806: 122 307 1403 966 734 1315 525 884 1162 643 811 1059 1167 455 1769 300 1791 289 434 644 695 740 1470 989 982 1513 
1422: 122 881 480 1503 558 1076 1593 1186 1233 725 727 1287 739 659 1170 1272 1446 522 629 337 224 1428 1098 577 
937: 122 1760 887 1503 1665 975 313 420 728 
683: 122 206 1241 893 
1766: 392 507 1548 1794 525 275 1446 393 24 394 391 553 1167 1364 
1770: 392 691 1233 839 24 391 1784 245 306 
0: 392 1717 1354 323 961 1578 1772 1027 360 361 681 1065 
24: 392 305 347 353 356 691 1403 278 470 1503 507 1033 1206 1593 1089 642 191 1670 154 1700 114 1233 1058 1128 209 1236 47 815 883 1794 1339 709 839 487 1006 1766 1770 181 275 58 243 323 477 961 1060 1424 102 186 393 1663 1757 753 1127 1401 1456 1327 831 349 359 899 391 394 409 933 943 1096 1483 1501 1502 993 484 1526 679 1036 539 1563 544 545 546 554 1589 860 1597 76 1102 88 1645 1143 124 126 1706 1712 703 1220 1734 722 1243 1245 237 756 1298 
32: 392 1 828 1269 43 450 1273 823 1626 419 1505 1447 619 1099 1383 1676 
86: 392 1503 532 1122 1635 1339 1393 1060 1110 1416 1578 753 1465 313 89 865 604 1712 766 1045 1009 1480 644 368 708 1097 627 520 428 
88: 392 1593 24 275 1659 393 391 834 1428 1649 
102: 392 413 700 1085 828 478 1354 353 691 887 1321 480 507 558 1089 82 1636 727 1148 847 1794 451 709 590 24 275 380 477 659 809 1446 764 1746 95 34 1453 1584 1334 1083 222 1730 1220 1732 1309 594 186 756 247 1401 1328 1392 771 391 647 393 1677 1235 834 798 677 1316 555 170 
124: 392 413 700 828 1354 1161 347 353 887 1487 470 1503 507 1536 1033 558 1593 1089 1614 1636 121 1165 1186 1700 114 696 30 1233 1238 1567 734 233 239 263 318 726 1315 732 733 883 1794 97 1339 230 1006 1294 24 275 477 659 1342 1415 594 1292 1444 186 790 844 394 1732 1059 1771 41 81 832 341 349 360 399 1447 953 1471 1039 554 1586 1601 581 1115 126 130 648 666 1701 1712 1713 1392 1224 264 779 1291 1293 284 798 
126: 392 413 613 700 1717 828 478 1354 1161 347 887 507 1046 1206 1593 1183 1700 30 1233 221 757 758 606 1202 24 124 275 1664 477 1170 1229 1272 580 629 1522 248 844 298 1401 394 391 728 1310 284 827 1527 1087 81 1263 386 171 399 484 871 1657 1327 1501 679 108 1712 1471 748 798 1386 1309 419 1701 1586 1623 
130: 392 887 1700 1238 1567 239 124 1182 594 615 298 137 264 666 1004 
136: 392 923 887 54 1076 1048 393 1663 394 561 
140: 392 1780 828 478 1431 692 210 1274 1287 1525 1023 525 1147 319 477 1108 99 139 1193 1201 1420 1517 245 270 284 1799 453 711 991 1164 272 1526 1669 271 657 682 1706 
181: 392 413 700 1739 478 1354 1358 887 278 951 1487 480 1503 1569 1064 1076 262 570 1593 1089 1582 121 1165 1186 567 239 261 214 1315 975 883 97 268 590 24 1790 1814 1816 95 119 313 337 852 346 1381 879 886 1401 391 1426 1428 1449 953 444 454 979 473 477 994 1507 1522 338 1531 1047 1578 1079 1613 594 1114 1120 1659 651 659 1170 662 1184 703 1732 200 201 206 207 211 1240 224 1245 1251 1256 1263 756 248 274 275 1308 1309 807 298 810 811 
186: 392 1638 1748 305 478 1354 347 691 887 278 1445 959 1503 507 1076 1593 1165 114 696 1013 1525 535 1202 1339 1006 1023 1294 24 102 124 274 275 477 521 533 659 848 1272 1772 522 594 1308 1444 1420 1756 1790 1803 5 8 955 1723 1011 718 1458 439 224 1293 1649 1522 1014 1426 790 349 270 1291 784 1428 391 1447 1069 301 432 
200: 392 1085 1100 1336 1407 1760 1161 1368 1321 1040 1076 262 1665 1687 1183 1733 18 97 230 181 443 1272 811 588 62 80 118 192 299 346 433 770 1079 1313 1433 1631 1779 1761 12 945 577 202 1226 1054 723 744 490 1208 335 797 292 
201: 392 1100 1717 1161 480 1040 1076 1733 230 181 443 1272 753 811 588 62 80 299 433 1079 1313 1433 1761 1226 974 723 1016 1018 1419 
206: 392 1100 1407 1349 1354 1161 1368 1403 1431 1321 461 1351 1487 480 507 1076 1686 1183 1733 759 1236 812 18 97 230 683 181 443 58 479 483 837 1272 336 1308 1747 1761 1779 1799 1810 16 59 62 80 118 189 192 826 335 338 346 1367 1370 1079 363 366 1396 1398 901 391 1425 409 1433 433 945 453 972 993 484 490 1517 1012 1524 1016 1540 1054 1584 1090 588 1099 1631 1634 1130 646 1167 658 1683 1732 723 1243 1226 1245 738 235 236 755 770 292 1313 299 811 
237: 392 923 818 817 959 1503 1076 1091 121 1655 1794 451 962 1146 590 24 275 477 1110 753 857 394 1758 224 1649 1523 390 391 1428 1564 432 
243: 392 700 278 1503 507 558 570 1595 1311 221 209 759 97 1408 1146 1542 525 24 274 1741 46 96 131 1616 1143 284 1563 643 936 682 
247: 392 613 1717 1775 1400 461 1556 1593 1635 1165 114 692 696 727 734 1287 1315 847 733 1013 1202 451 839 1266 379 1145 134 1146 1542 590 102 246 275 380 1147 1664 287 477 521 875 1229 1416 571 1746 99 1814 13 15 35 85 240 1328 1330 846 1357 857 349 399 1420 926 1444 1447 953 979 980 486 499 1014 505 1527 1030 614 624 1144 1203 1209 1230 1235 746 248 1231 1286 272 1293 1296 301 
270: 392 1407 1780 478 327 1388 1431 1176 1487 984 480 425 138 759 1287 801 732 1525 792 19 903 140 186 1147 1479 1772 182 1420 256 939 1024 1584 1286 1167 455 1187 245 354 141 1466 1724 711 465 1619 991 1121 1377 1506 321 1140 1144 1164 1679 1430 284 540 1443 
275: 392 413 700 1717 1739 1775 1786 6 305 327 356 872 691 369 881 1406 1431 278 417 1439 461 470 480 1503 1206 1595 1582 1635 1640 1655 642 1670 1165 154 1186 114 692 30 1233 727 221 734 1249 209 757 652 318 732 606 1013 1794 1202 1339 709 375 379 1023 1542 1766 24 88 102 124 126 181 186 237 247 274 1750 1772 1799 34 171 211 257 1327 1328 1334 904 323 846 852 342 349 359 878 1401 899 391 393 394 398 911 1424 1426 409 1432 420 933 1446 1456 1470 961 972 673 475 477 483 484 998 1005 1011 1016 511 1025 1026 1036 528 1619 1566 546 1059 551 1075 860 1201 1096 1102 1649 870 1143 1662 1663 643 1723 1674 1678 659 666 1177 1694 1191 1194 1706 1645 1712 1204 1208 703 1227 544 728 764 1298 1301 1308 
288: 392 1085 1384 1582 725 263 145 18 1229 1475 615 1084 1102 1570 1681 1790 724 
298: 392 1161 1394 1403 661 36 1595 1686 1186 692 221 1417 652 47 812 1145 126 130 181 58 1229 1755 308 316 386 1084 1066 544 1059 1701 
323: 392 413 828 881 887 507 558 49 1593 190 1049 1236 606 739 1266 525 0 24 275 1741 58 1790 1799 188 211 224 308 321 518 1214 1220 845 335 856 985 1624 477 1243 366 371 955 1027 1534 771 516 391 393 394 1470 961 1308 1310 1696 772 813 
349: 392 413 1100 1717 1775 819 478 1354 1331 347 353 691 887 919 1321 1487 470 984 1503 507 558 1593 1089 82 1635 1165 1311 114 696 1233 1287 1315 975 732 606 739 1034 1794 1339 836 1006 1542 1294 24 124 186 247 275 477 659 814 1162 1170 1272 1415 1446 522 594 1444 393 790 1522 1534 1732 391 749 1507 352 1790 8 51 110 286 301 308 341 1447 1030 539 1083 575 1712 1662 1669 1677 682 1283 1291 1293 789 1314 
359: 392 1717 356 1445 959 1487 1206 1076 1593 1582 1233 727 1128 24 275 888 1452 1060 1003 1695 1127 1456 391 110 1428 1641 1030 577 1327 41 238 1712 973 1626 1647 885 505 679 766 769 655 1045 
360: 392 413 700 828 307 478 895 1406 959 1487 1503 532 558 570 1593 1089 1582 1183 221 754 652 883 1013 636 1266 1145 1023 1146 156 0 124 1651 340 362 477 884 1229 1272 1446 1788 276 1084 391 64 1564 284 442 784 1307 1601 772 1798 1791 116 271 302 308 315 330 681 706 1098 976 724 361 1139 1543 826 1280 
368: 392 1100 1717 1161 265 82 86 401 1475 1663 254 1025 823 493 434 1621 
390: 392 1775 1354 887 507 1593 1582 1635 226 1247 263 1013 1202 379 1408 525 364 156 237 477 753 1066 617 1795 17 597 730 
391: 392 413 1638 1786 305 478 564 347 356 1384 691 60 369 1400 1431 942 461 470 1497 480 1503 1046 1206 570 82 1635 234 642 1667 1670 1165 1183 1186 114 1049 30 1233 221 757 758 759 263 652 1315 733 1794 18 97 1339 709 1006 590 364 156 1766 1770 24 88 102 126 181 186 206 237 275 323 349 359 360 1664 157 1393 14 58 150 287 362 477 483 659 809 848 853 961 1081 1440 1446 594 629 393 603 1663 1671 1456 394 1387 860 1106 1799 1800 2 5 34 50 131 193 217 1327 831 855 899 409 1432 423 1470 1483 464 474 475 1500 993 484 1005 1613 1018 1025 1032 1036 1619 538 1052 583 1713 1096 1649 1660 644 1674 658 878 1194 1706 686 1645 1712 1734 544 723 1243 752 755 1298 728 
1327: 392 1100 1354 356 887 1206 1076 570 1593 1089 1635 692 1233 1128 883 24 126 275 359 391 443 1452 562 1446 1003 1695 594 1027 1292 1127 207 224 989 559 1263 1641 1030 41 111 238 655 766 769 885 1045 1712 1464 1647 1626 1645 
831: 392 24 391 393 394 409 1243 
845: 392 413 700 923 727 323 961 1229 1272 1424 1694 1787 629 248 603 1353 844 857 1059 810 1144 1814 15 308 399 511 648 843 1471 989 863 1511 879 1397 1678 1181 933 1065 
846: 392 1407 480 507 558 1593 606 1408 1146 1542 247 275 1147 477 643 1420 354 399 1720 1500 
873: 392 305 887 1503 1452 928 1429 1645 1143 973 1583 
875: 392 413 480 558 1076 1089 1186 233 1525 1048 97 247 1741 1746 1790 95 146 224 286 420 450 453 493 1597 1732 1357 1365 
1385: 392 606 1048 286 
1387: 392 305 356 1635 590 391 443 393 1663 1757 394 204 1065 1243 1263 1449 
1401: 392 413 700 1358 60 887 278 927 461 480 1503 1537 1076 262 143 692 696 702 734 1228 758 214 975 732 733 883 836 590 24 102 126 181 275 246 274 888 956 287 521 659 1043 1092 1229 1272 180 594 1193 1522 248 844 1671 1755 1184 345 1765 16 35 55 119 123 173 175 280 313 523 584 591 627 651 694 756 810 813 824 843 852 860 863 952 968 971 974 979 1059 1096 1153 1203 1250 1307 1309 1310 1312 1313 1357 1586 1426 1428 1457 1526 1615 1705 1609 1697 
899: 392 881 480 1593 1582 606 24 275 391 1027 393 394 1087 335 308 286 454 
1411: 392 1717 564 745 1743 120 710 991 1704 
393: 392 413 700 1748 305 332 1331 347 1380 1384 691 1431 1441 942 461 480 1503 503 507 1076 1635 1670 1311 114 30 1733 757 1794 1339 590 1766 24 88 102 136 275 323 349 391 831 1387 899 489 58 362 483 848 1446 594 1749 1757 1785 350 1191 776 1052 1604 585 1075 544 1106 1243 1507 1018 1353 1662 1663 394 523 524 1036 1428 409 537 1432 484 1005 1177 1706 432 
394: 392 700 1100 1717 305 1331 347 1380 691 927 480 507 558 1635 642 1670 113 114 30 1233 1567 757 975 1794 1339 590 1766 24 124 126 136 237 275 323 391 831 1387 899 393 477 1201 524 1663 1757 1785 1799 119 358 1645 1464 1470 798 1243 974 628 475 1662 1036 1298 409 1432 414 1052 544 1706 
1428: 392 700 1556 429 1206 1076 1670 154 1711 1733 1233 1058 285 1315 739 1794 1339 839 134 1542 590 1422 88 181 186 237 359 1401 393 489 1452 58 303 362 401 1060 1081 1151 1229 1342 594 248 1663 753 1456 207 1002 350 397 860 72 1102 316 432 1527 1573 776 1032 1814 15 44 76 515 551 756 1030 1063 1082 1119 1225 1453 1526 1501 1645 1563 
409: 392 700 1717 307 1400 1431 927 942 461 1595 113 692 30 725 733 18 24 206 275 391 831 393 394 58 150 287 477 483 659 1081 1237 1308 1663 207 1426 338 1106 1245 1517 728 1653 1005 193 722 50 1730 682 1133 1674 5 1613 484 202 203 242 1075 1212 855 1243 1500 1119 1662 1723 1177 1189 1194 
1446: 392 700 1085 1100 1775 305 1354 1161 347 1380 887 1406 1431 278 1439 1445 435 1487 468 472 480 1503 1512 507 425 1556 429 1560 54 1076 1593 1089 1603 1614 1635 121 1165 1700 114 692 696 1238 757 758 759 263 1236 1315 596 606 1013 636 1794 97 451 709 268 1145 1146 1294 1422 1766 102 275 349 360 391 1327 393 380 443 489 1768 1741 58 376 477 659 814 848 886 1272 1342 1746 1761 1791 1814 20 67 93 172 175 224 236 294 296 299 301 302 321 361 453 475 484 520 523 546 577 583 595 602 627 629 634 645 676 677 711 718 728 738 741 746 755 756 898 953 976 998 1002 1005 1018 1052 1066 1088 1099 1189 1243 1304 1326 1357 1392 1426 1596 1453 1479 1506 1524 1527 1616 1546 1495 1449 1578 1590 1601 1605 1632 1462 1633 1463 1673 1696 1534 1730 1732 
1449: 392 700 1358 347 691 470 1503 1033 1556 1076 598 1165 114 702 1247 1285 975 1202 181 1387 1446 287 713 1229 1272 1289 1342 1424 1461 1673 1108 1328 857 824 62 346 1079 852 523 974 810 994 1087 1047 2 1516 916 933 1273 15 415 1065 1511 1815 112 232 447 501 515 602 633 673 681 699 703 864 971 973 1172 1293 1633 
679: 392 700 828 1354 1371 887 278 1487 507 1536 1537 1593 1089 1635 121 1183 114 1233 226 1247 754 97 1339 134 24 126 359 477 1060 1092 1229 1272 1308 857 1456 1002 224 474 81 308 1096 1708 238 423 1476 968 1615 1701 
1452: 392 413 923 1085 1740 356 887 1206 1076 1635 727 1128 726 636 359 1327 873 1428 41 89 224 238 286 372 531 586 594 655 682 753 766 769 885 989 1003 1030 1045 1127 1184 1420 1712 1695 1647 1641 1626 
1453: 392 413 923 353 1569 1076 1186 1233 652 1339 451 102 1428 1446 224 1601 1164 1500 577 473 1616 463 
1456: 392 1717 1512 429 1076 1186 1128 24 275 359 391 1428 679 194 477 659 884 1008 1755 857 1127 308 879 
448: 392 507 1603 97 629 1308 928 1505 1676 1616 1678 1375 1291 
1470: 392 887 507 1593 1089 1236 1525 1145 525 590 806 275 323 391 394 477 961 1027 1584 772 1506 1220 771 813 955 1109 366 
475: 392 413 700 1717 1786 347 1400 1431 507 1548 570 121 1165 1183 30 727 732 733 1202 836 839 1023 275 391 394 1446 33 125 148 319 376 407 521 552 601 837 848 853 886 1043 1237 1272 1416 1440 1578 629 1353 852 849 1059 1066 455 245 131 264 704 705 706 1094 989 484 1379 1395 
989: 392 923 1358 887 959 496 558 1076 1089 1049 975 883 806 1327 845 1452 475 489 223 477 659 1229 1272 1342 1424 1787 1788 180 594 1059 137 411 523 974 1814 123 217 232 399 501 879 882 968 1645 1199 1466 1622 1501 1513 1195 1065 
991: 392 700 1780 476 558 964 233 1525 230 140 270 1411 1147 643 1323 77 711 260 310 373 412 1164 1174 
483: 392 413 1100 1384 1431 417 470 1548 570 142 143 696 30 1233 734 1236 1315 636 134 206 275 391 393 409 1651 1741 58 477 1814 15 50 315 397 423 474 1713 1075 1601 838 1229 1240 484 870 615 1511 879 1613 755 1272 1701 1663 521 848 853 1043 1308 1440 1314 857 552 
484: 392 413 700 828 478 1331 1384 1400 1431 942 461 470 1497 507 1046 1076 570 1635 234 1183 1278 1733 221 757 758 759 1315 733 739 18 24 126 206 275 391 393 409 1446 475 483 1393 58 150 287 477 659 660 837 848 1081 1272 594 629 615 603 1671 204 1245 224 728 193 474 583 755 1573 662 464 1016 1674 5 1613 51 423 855 993 878 658 958 1194 1500 686 
1507: 392 347 353 691 887 959 461 470 507 1046 429 558 54 1076 1089 100 1311 1278 1186 114 1233 1228 263 1287 652 214 1315 1767 975 836 1023 156 181 349 393 659 1578 1227 1057 224 553 217 313 575 756 789 933 971 1030 1309 1419 1432 1734 1601 1662 
494: 392 413 700 1085 1354 1371 1351 1487 480 1503 496 498 1537 1089 1640 1670 1165 114 758 1287 847 636 1794 97 1408 477 479 607 659 848 1043 1027 248 1328 844 1755 163 245 458 1464 969 1029 591 976 1490 981 985 1633 749 1005 1016 747 1276 1534 645 904 915 916 538 1307 1053 1696 1032 1367 
1613: 392 1431 1183 1278 727 759 230 903 181 391 409 483 484 58 1308 1426 728 928 755 1696 1016 5 108 315 646 658 723 856 993 1715 
1526: 392 413 700 1358 470 1548 100 1183 702 1233 763 1315 975 606 134 24 140 1401 1428 477 659 1272 180 1027 603 1353 824 1312 523 974 1310 810 1307 119 50 746 1587 1609 756 1708 266 968 1019 1056 1111 1309 1471 1586 1626 
1018: 392 324 692 883 201 391 393 1446 58 659 207 337 338 1245 728 855 782 1443 
1019: 392 1496 1076 1183 727 1526 1578 248 346 
1532: 392 613 1228 451 1084 163 916 
1052: 392 1046 82 1183 757 758 759 636 391 393 394 1446 1229 1272 1353 1426 852 772 1133 1720 231 372 420 1702 1572 
1025: 392 817 1331 881 1406 278 1487 503 1593 1582 1635 121 692 1233 727 734 226 1247 757 1287 812 847 732 733 606 739 1794 19 83 1202 1542 156 275 368 391 477 659 1389 72 455 617 772 953 998 457 707 1722 1299 1409 
1026: 392 847 275 1191 
1106: 392 1100 1354 1161 1368 1321 480 1040 1076 100 1278 1733 221 759 230 391 393 409 443 1272 1663 588 62 80 433 1079 1313 1433 1631 1779 1761 249 292 455 490 577 723 826 976 1016 1226 
1036: 392 881 480 507 1593 763 733 606 24 275 391 393 394 594 1353 308 286 454 
1551: 392 413 1717 478 427 1206 1595 1635 696 221 759 1274 801 145 732 362 1521 615 753 1084 1696 
1108: 392 890 558 1233 1145 1146 140 1449 125 659 1043 1745 161 629 1016 1109 1465 1304 
539: 392 413 24 349 287 659 1308 354 1195 434 1485 
544: 392 1406 1512 507 532 570 606 1023 24 275 298 391 393 394 380 884 276 1218 1216 1079 386 1240 79 104 1345 882 1279 1293 673 1703 555 
546: 392 613 1331 887 507 1165 221 757 758 1287 739 24 275 1446 477 601 814 594 1027 1201 1420 1184 1084 1286 1782 1014 879 645 786 
1059: 392 923 828 1358 887 661 959 480 496 558 1076 1089 1582 114 727 975 883 806 124 275 298 845 1401 475 989 489 223 477 659 1272 1342 180 594 629 1112 224 1764 1814 501 523 663 879 882 968 974 1284 1466 1501 1513 1199 1623 
1060: 392 1085 1100 1780 887 476 54 1076 1582 1166 1278 314 596 732 606 1525 1048 1023 1146 1542 24 86 359 1428 679 274 1741 533 829 1772 178 224 248 255 286 293 388 522 728 753 766 784 1716 1463 1340 1379 1279 1301 1069 
1062: 392 413 1184 1047 1782 444 463 
860: 392 1206 606 1202 24 275 391 1401 1428 521 1475 594 1761 224 1096 
1626: 392 866 356 887 1206 1593 1089 642 1128 757 43 836 230 525 32 359 1327 1452 1526 1147 135 144 287 1578 1003 1695 594 1444 811 1127 337 338 224 55 119 583 1641 1130 386 1030 1447 577 1712 41 238 463 655 680 723 766 769 885 1045 1324 1647 
583: 392 1780 866 461 1033 1612 599 1682 1686 1183 1186 30 727 726 391 1446 484 1626 58 848 777 1193 1127 1426 1732 1066 1357 728 1795 1798 586 1096 879 1156 780 1293 1696 
1096: 392 413 700 6 866 417 461 1536 1537 1670 1183 1186 1247 754 757 1297 24 275 391 1401 679 860 583 246 1229 248 1328 345 1127 149 1330 1310 569 756 979 1476 1309 1642 
1102: 392 413 923 1371 1400 470 507 1076 1670 1183 1186 1233 727 757 1315 1767 1023 24 275 288 1428 809 1237 1782 300 682 728 1087 1263 
1107: 392 1694 337 863 511 1678 
1115: 392 558 94 787 196 726 124 132 708 302 1423 
1120: 392 347 1371 1380 1064 558 570 1595 1089 1670 1767 975 883 1794 83 1202 134 181 888 58 477 713 809 1043 1578 1227 594 524 397 1153 198 523 694 974 1010 119 161 560 616 651 728 751 843 1568 1267 1615 1423 
1127: 392 1496 1354 356 881 887 1445 1487 1503 1206 1076 1593 1595 1165 1128 214 726 975 18 97 230 1145 24 359 1327 1452 1456 1626 583 1096 1170 1003 1695 594 629 1308 1069 1755 1184 753 811 857 1769 11 41 72 238 444 577 655 677 766 769 885 952 974 1002 1030 1045 1072 1712 1623 1647 1641 
1641: 392 700 1717 356 887 1206 1076 1128 883 1794 359 1327 1452 1626 1127 148 1170 1003 1695 753 1079 224 953 41 238 655 766 769 885 973 1030 1045 1065 1309 1623 1712 1647 
1642: 392 413 923 944 1100 1407 1354 691 1406 558 1183 1186 757 758 759 1287 652 606 1525 1034 709 525 1096 1272 522 1308 615 1330 1601 994 577 
1649: 392 305 327 1354 347 887 959 470 1503 507 1593 1089 638 1311 696 757 1315 1339 836 230 590 1294 88 186 237 275 391 477 659 884 1272 594 614 1292 256 1069 1353 46 1295 1083 1243 1143 1712 600 1476 
1653: 392 1236 409 1769 386 1607 
1663: 392 413 700 1407 1638 305 828 478 1354 1161 1384 881 887 1406 1431 278 927 461 480 503 1076 1089 1582 1635 1670 1186 113 30 1733 1233 1567 1285 214 975 739 1794 97 590 24 136 275 368 391 1387 393 394 1428 409 483 1106 489 58 362 848 884 1229 1272 1342 1440 180 594 1749 524 1275 1353 1757 1785 85 119 254 264 308 310 350 432 505 512 523 559 585 752 776 863 879 900 904 973 974 1075 1113 1177 1243 1263 1378 1432 1540 1662 1719 
1664: 392 1085 1739 478 890 1089 727 1228 975 1202 1146 1542 126 247 391 380 73 248 678 979 980 1203 1204 1227 1229 1328 1330 
1155: 392 570 385 156 829 1671 1506 
656: 392 1786 959 1503 558 1700 268 1741 1782 1513 1622 1162 
450: 392 613 6 1331 278 558 1165 1233 734 1249 732 733 19 32 875 246 956 829 886 1182 72 1791 41 363 979 936 681 1708 
1685: 392 230 441 
1701: 392 1431 278 496 507 1033 975 124 126 298 679 483 274 1272 1578 248 898 284 843 648 1471 175 
1191: 392 733 275 393 1026 1245 
1706: 392 887 1487 507 1076 1593 1635 1126 1233 759 590 24 140 275 391 393 394 58 319 340 1182 594 1308 300 728 203 
1645: 392 923 887 507 1076 1593 1089 702 726 709 24 275 391 1327 873 394 1428 989 489 1092 1093 1229 594 1522 224 1167 1215 1263 104 1309 1476 1712 
1712: 392 413 305 347 356 872 887 1487 480 1503 507 1206 1076 570 1593 1089 1635 121 1655 1311 696 727 731 1128 263 214 1315 847 1339 836 268 24 86 124 126 275 349 359 391 1327 1452 1626 1127 1641 1649 1645 477 659 1229 1003 1695 594 614 256 1184 824 346 224 137 728 77 1030 538 575 1531 1143 41 111 238 286 586 655 766 769 885 1045 1432 1647 
1220: 392 496 1711 975 24 102 323 1470 961 624 1444 772 1030 366 771 813 955 
1671: 392 700 332 1358 1176 461 1046 1089 100 1123 975 1202 1145 134 1146 391 1401 484 1155 148 287 884 1043 1229 180 643 248 1753 44 51 55 74 119 133 198 300 313 458 486 569 612 667 952 974 1009 1014 1016 1139 1150 1203 1204 1240 1334 1402 1423 
1724: 392 1388 1688 270 
722: 392 570 1013 636 24 409 1772 1420 1069 1084 718 1011 1014 1523 996 
1232: 392 1407 507 1593 1089 1186 97 962 849 1231 1675 
730: 392 1638 1717 1076 1582 1614 1672 114 1247 318 390 956 684 930 1313 928 784 1508 554 473 290 320 972 1117 1376 1538 
1243: 392 700 1717 305 1487 480 1593 1635 18 97 590 24 206 323 391 831 1387 393 394 409 1446 1649 1663 477 1578 629 1308 62 1631 1035 
1226: 392 700 1638 1351 507 1635 263 652 883 200 201 206 1106 1320 336 236 811 207 1584 337 1245 728 928 916 577 913 591 178 463 
1245: 392 1085 1100 1407 1349 1354 1161 1368 1403 1321 461 1351 1487 480 507 49 1076 100 1655 1682 1686 1183 1278 1733 759 18 97 230 24 181 206 409 484 1018 1191 1226 443 58 479 837 848 1229 1272 1440 1661 1308 235 643 236 248 1328 345 811 1426 588 62 80 118 192 299 346 433 770 1079 1313 1433 1540 1584 1631 1732 1779 204 1761 1810 15 69 254 292 335 363 490 673 681 703 723 738 755 879 901 945 950 1012 1016 1054 1078 1099 1130 1167 1367 1396 1611 1493 1570 1634 1683 1715 1293 
1254: 392 413 700 478 1358 1331 1406 278 480 1046 1076 1183 221 757 758 759 214 1767 975 732 97 268 1145 1023 134 1146 274 888 477 659 1272 594 1292 346 224 1153 523 974 108 119 127 308 309 422 686 728 810 879 933 969 971 994 1376 1601 1295 1423 1615 
1258: 392 413 700 842 1614 185 684 603 1275 1353 844 910 1263 1262 1260 843 1623 1257 1181 172 1261 1633 
753: 392 944 1717 1454 82 1122 121 1670 1166 1233 221 1128 1637 636 1339 1023 24 86 201 237 390 1428 1452 1551 1060 1127 1641 1768 125 1110 1578 594 235 1755 1799 56 81 89 137 159 193 220 240 255 300 348 350 358 520 528 563 586 600 625 644 948 766 1079 1030 834 1734 864 1246 1377 1391 1143 850 1022 1045 1443 1119 
756: 392 413 700 1085 842 1358 1537 1076 262 100 1670 702 1233 734 1228 1128 214 975 732 733 606 883 636 18 1202 268 230 1007 24 102 181 1401 1428 1446 1507 1526 1096 489 1043 1092 1229 1272 180 1320 594 1308 1522 248 524 1328 844 1184 857 824 397 1312 523 974 1310 810 1307 119 313 994 1587 1262 16 1250 843 280 1586 968 979 1457 1657 1309 
1657: 392 347 1487 468 1512 496 558 117 1655 1687 1233 606 126 756 401 1661 579 72 486 1310 20 823 178 320 666 938 1054 1309 1466 1722 
1276: 392 828 496 558 1635 1542 494 1182 182 1308 1357 93 308 865 985 1032 399 1459 1402 673 1616 
769: 392 923 356 1206 642 966 1128 359 1327 1452 1626 1127 1641 1712 1003 1695 224 110 1030 41 1647 238 885 766 586 655 1623 1045 
1280: 392 1717 828 478 278 1269 114 360 274 933 1605 116 416 115 1281 
1301: 392 887 507 558 975 709 230 275 1060 1255 445 911 912 289 1518 1535 1538 
798: 392 413 700 1717 332 353 1431 1206 121 727 1238 1247 757 726 975 102 124 126 394 956 354 284 1501 
1309: 392 828 842 1358 887 1406 470 1512 1537 1076 262 100 121 1670 702 1233 727 734 1228 1128 214 975 732 733 606 883 636 1202 230 102 126 181 1401 1507 1526 1096 1641 1645 756 1657 489 1043 1229 1272 180 594 1522 248 524 1328 857 824 346 397 1312 523 974 1310 810 1307 119 313 994 1705 1587 1262 971 843 577 1279 686 208 968 1457 328 280 602 1586 
1741: 413 613 700 1496 1638 1717 1751 1786 822 828 307 564 1354 887 1400 1431 1497 1503 429 1064 558 1076 570 1593 1089 1614 1629 1636 1640 190 1672 143 1165 1688 692 30 702 727 1417 726 1236 1436 19 1202 1339 1023 243 323 875 1446 483 1060 656 14 33 58 125 144 148 150 223 287 303 319 331 340 362 376 401 407 462 477 479 519 521 533 552 562 601 607 659 660 684 688 698 713 745 809 814 829 837 848 853 859 884 886 889 930 961 1043 1081 1086 1092 1093 1110 1151 1162 1170 1182 1229 1237 1255 1272 1289 1329 1342 1415 1416 1424 1440 1461 1475 1479 1578 1652 1659 1661 1673 1694 1787 1788 
1755: 413 700 984 1629 1233 727 1128 732 525 298 1401 1456 494 1127 753 1272 248 1753 345 811 857 1219 1719 1757 
1787: 413 1786 480 702 858 1236 845 989 1741 477 137 517 728 863 986 1698 1788 
1799: 413 700 1503 507 558 1165 1700 757 739 1794 1408 140 206 275 323 391 394 753 194 274 477 848 961 336 1027 1292 1308 643 1420 1522 1527 772 518 171 339 399 506 682 1016 1050 1244 1398 1425 
5: 413 478 1403 942 480 1046 1537 49 57 1655 1183 1233 221 758 285 739 883 1202 962 1145 186 391 409 484 1613 956 477 601 698 884 889 1081 1093 348 1426 119 1705 474 2 415 460 358 971 843 1736 1082 1068 1609 
8: 413 1407 305 819 478 347 353 1406 480 1503 507 642 1311 209 759 1315 836 186 349 477 1170 614 1308 
13: 413 700 327 887 661 1445 507 1548 1165 606 1794 1266 247 477 659 1292 1534 204 1066 974 1730 569 971 464 1295 670 1447 
25: 413 507 364 1112 66 
37: 413 333 599 1688 125 1277 1680 283 1562 797 646 
58: 413 700 1496 828 478 1366 1384 1400 461 1487 1497 480 1046 49 265 1582 82 1635 1134 234 1655 142 1183 692 1233 221 734 1249 754 757 758 759 263 1287 652 1236 47 800 145 733 1020 1034 18 1542 24 206 298 323 391 393 1428 409 1446 483 484 1613 1018 583 1120 1663 1706 1245 1741 956 1800 1817 2 55 829 864 376 406 1440 423 1450 1465 1469 474 998 1517 506 1021 1039 1043 1061 1084 72 1608 1099 616 625 1167 660 669 1184 682 1705 686 1201 193 207 1229 728 1240 224 1283 782 297 
152: 413 684 745 1164 1083 238 515 1543 
161: 413 700 1717 917 461 507 1046 1064 558 598 143 1721 734 732 733 97 134 1146 1196 1108 1120 246 274 888 1768 745 1043 1092 1093 1170 1229 1272 614 1201 248 1426 62 1530 1167 2 39 128 604 577 1215 1352 1611 1544 1438 779 664 301 990 1117 931 428 556 
172: 413 842 1446 1258 248 603 1275 1353 844 345 1263 1260 843 1240 1257 1181 1261 568 1434 1633 1159 
180: 413 842 1358 1046 1670 975 1202 1401 989 1526 1059 1663 1671 756 1309 489 1743 119 824 1722 454 328 968 843 971 974 524 1113 994 1256 876 1262 898 1153 523 397 916 928 681 
248: 413 700 1638 478 869 60 278 1439 1441 940 1454 461 470 480 1548 1046 1537 262 1582 1614 1123 1670 142 143 1183 1049 210 727 731 221 734 1247 1228 1128 214 975 732 733 1013 636 1202 379 1145 1023 1408 134 1146 156 126 181 247 845 1401 1428 494 1019 1060 1096 1664 1701 1671 1245 756 1309 1755 161 172 246 274 888 956 148 287 477 684 688 848 889 1043 1081 1092 1093 1229 1237 1272 1289 276 1420 1522 1749 1765 2 35 55 112 199 217 306 1328 1326 313 316 832 1353 1586 345 874 894 1405 1410 397 910 1423 916 1426 933 1450 437 968 586 974 976 979 1516 1014 506 523 1039 1047 1065 561 569 1594 1713 591 1634 1135 1144 651 1171 1696 1203 1720 714 972 755 249 1307 
264: 413 923 887 1076 1165 1238 124 130 475 1663 477 659 1272 1578 594 1184 72 137 517 602 666 
266: 413 470 1512 1076 692 1247 763 1315 975 590 364 1526 477 603 974 810 50 1256 123 1609 1119 1708 39 1586 1471 1111 1056 
287: 413 700 923 1085 1638 564 278 1176 959 461 480 1503 1064 558 49 1670 143 1183 113 702 727 1247 754 757 1148 214 729 975 732 733 1034 1202 1145 743 1146 1542 590 247 391 1401 409 1449 484 539 1626 1671 1741 248 274 888 1761 1772 1790 1795 1800 2 55 62 119 217 224 232 1328 313 335 852 346 863 355 874 876 367 884 521 1413 916 1432 953 455 462 1012 976 477 1522 1016 1531 1043 1558 545 1578 1079 1081 577 1092 1093 1094 591 1634 1139 341 1170 1172 664 1195 1229 1255 974 1313 
292: 413 200 206 1106 1245 745 207 149 337 455 
315: 413 1717 1431 278 480 558 142 1183 360 483 1613 274 848 884 1342 1440 1673 229 697 1094 1015 
321: 413 495 558 1635 142 1233 263 883 1145 1146 270 323 1446 319 659 1772 844 284 184 208 1506 
328: 413 1358 1089 153 975 1309 180 521 523 974 728 313 994 123 971 1139 1061 968 87 131 874 1261 
338: 413 1100 1354 1161 1403 1487 480 507 49 1076 1593 1183 1217 734 759 812 739 18 97 230 181 206 409 1018 1626 194 562 1272 1308 1522 1328 299 1433 1584 204 1761 1789 1810 189 335 950 1208 1099 723 1634 1367 738 870 1130 755 1396 772 901 1167 1720 412 
341: 413 1100 1717 305 307 691 1445 498 1206 642 97 124 349 287 340 1420 1811 953 662 339 1499 
345: 413 700 1496 1638 307 324 842 60 1400 661 1431 417 461 480 1536 1548 1537 1670 142 1183 30 731 214 732 733 739 883 636 1202 1023 134 1542 590 1401 1096 1245 1755 172 248 125 477 521 848 1093 1170 1229 1289 99 1308 603 1275 1353 844 1757 1762 87 112 170 199 207 308 838 843 870 916 1426 933 1181 976 979 1490 1527 1012 506 1047 1586 568 569 1615 610 1135 1142 640 651 1692 674 1195 1223 1241 1263 
358: 413 923 1366 1635 394 753 5 319 335 1816 286 671 1669 
374: 413 1717 1354 570 1020 1034 
376: 413 1407 427 558 49 1595 605 121 1655 263 1020 97 962 379 1145 1408 743 1146 1542 378 1446 475 1741 58 383 1147 319 41 77 104 242 245 306 693 838 970 1229 1493 477 996 1144 752 849 1150 1409 398 654 541 814 1320 
399: 413 564 470 425 1315 1006 1294 124 126 247 845 846 989 1276 1799 383 1272 1424 811 857 20 967 863 1814 15 17 85 92 297 581 969 1372 1492 856 1625 1119 1509 1511 1065 1291 682 
1156: 413 496 1667 1682 583 562 42 204 211 771 936 
825: 413 54 1593 733 606 451 571 406 690 26 396 779 780 781 1248 
1346: 413 558 525 1142 284 286 
843: 413 700 1717 842 1358 927 470 1091 1670 1183 263 1315 975 845 1401 1120 1701 1258 756 1309 5 172 180 345 956 489 1272 524 603 1275 1353 844 397 523 974 119 313 994 1263 291 1262 1260 1065 373 979 1633 1257 1261 1159 922 1434 1181 1448 1223 
844: 413 700 842 347 124 126 845 1401 494 1258 756 172 321 345 843 1272 1024 603 1275 1353 1753 568 694 1223 1360 1109 1633 1257 1260 1261 1262 1263 1159 1065 1432 1434 1181 
1375: 413 1394 558 1233 448 303 1584 1142 316 885 894 
1379: 413 895 1445 732 1023 364 475 1060 1255 615 1008 784 912 662 255 649 778 861 1538 
662: 413 1717 1808 305 278 503 529 1076 1635 1165 1128 757 263 606 1794 19 1718 451 1145 1023 1146 525 1294 181 484 341 1379 157 319 533 884 1229 336 777 1517 354 284 1215 1340 178 255 289 434 1735 1611 977 682 1124 823 1647 771 
884: 413 700 1638 1717 327 1431 1176 1474 461 1537 1064 49 1614 1636 1123 190 1183 1700 1049 727 1247 754 759 1287 214 1236 47 975 732 733 97 1202 839 1266 806 360 1456 544 1649 1663 1671 1741 5 287 315 662 1651 407 477 562 1765 178 198 219 386 398 430 460 486 556 625 643 708 772 1050 1328 1094 1229 1485 1347 1273 1345 1286 1416 1043 916 1045 1066 1051 933 1308 
897: 413 1085 866 1406 558 1076 1089 106 239 1525 659 1199 
1423: 413 700 1354 692 801 1115 1120 1671 1254 248 1229 1251 852 863 211 705 
1426: 413 700 1085 1100 1774 564 347 881 919 461 984 1498 480 49 1593 1089 142 1183 113 727 1228 214 285 1315 975 733 739 883 97 1202 1145 1023 1146 181 186 275 1401 409 1446 1613 1052 583 1245 5 161 248 345 274 521 1043 1093 1182 1229 1272 1308 1184 1756 1814 1817 112 119 245 610 742 832 852 953 969 974 1139 1419 1586 1730 1616 
1432: 413 975 733 275 391 393 394 1507 1663 1712 287 844 1308 1275 1153 523 974 119 916 1587 1260 686 
1434: 413 1336 1233 172 843 844 274 479 1170 603 1275 1353 1005 1263 669 1181 568 840 1159 1223 1360 1633 
415: 413 1336 1407 495 1640 812 868 1449 5 1027 994 1814 363 1464 856 751 
929: 413 1718 1415 1292 354 469 301 1213 
933: 413 700 1085 1349 869 887 959 1487 480 1269 507 558 1593 1089 82 121 1233 727 733 606 883 1794 83 1339 709 134 590 24 275 845 1449 1507 1254 1280 248 345 884 380 956 1147 477 848 1093 1170 1229 1255 1272 1578 522 594 1201 377 1353 857 1534 1323 870 523 810 1413 77 474 1795 335 834 11 15 141 184 217 231 232 281 447 657 773 838 879 948 976 998 1511 1615 1065 1720 1662 1293 
431: 413 745 
1295: 413 1445 1503 507 558 1593 739 1020 1794 19 525 1294 156 1649 1254 13 182 614 1292 337 72 284 772 301 493 681 1464 
1457: 413 700 800 83 1401 756 1309 1229 1272 1002 1310 1531 686 280 
1263: 413 700 324 842 959 461 1548 1206 1670 285 975 1794 126 181 1327 1387 1102 1663 1645 1258 172 345 843 844 1434 1522 603 1275 1353 1142 119 39 238 460 463 568 640 1181 1260 1261 1633 1506 
1475: 413 1717 347 1384 1487 480 503 49 145 739 18 1718 230 288 368 860 1741 340 477 1817 16 225 284 615 864 1008 1012 1130 1167 1184 1283 1473 1508 1659 
1181: 413 700 842 142 590 845 1258 172 345 843 844 1434 1263 848 1272 603 1275 1353 1260 1065 1257 568 1159 1633 1261 1223 
586: 413 532 1206 1183 731 734 801 732 1452 583 1712 753 769 248 1229 346 1510 81 89 639 1172 457 600 371 
464: 413 700 590 391 484 13 135 1229 1272 1797 1814 1585 771 1194 
979: 413 700 417 558 1655 143 1183 734 1247 757 1148 1287 975 733 1202 379 1145 1146 1542 181 247 1401 1096 1664 450 756 248 345 843 246 274 380 888 956 1147 489 521 1043 1092 1093 1229 1272 1522 1353 1286 306 687 561 55 313 1195 35 904 915 980 1171 
1353: 413 700 1496 324 842 869 872 60 461 1548 1064 1595 1670 1183 114 731 285 732 733 883 590 845 393 475 1526 1052 1036 1649 1663 1258 172 248 345 843 844 1434 933 1263 1181 979 303 477 889 1081 1170 1229 1272 1308 1749 603 1275 1765 199 460 537 568 569 610 640 651 936 1047 1065 1142 1150 1159 1223 1241 1257 1260 1261 1616 1633 1511 1360 
994: 413 700 923 1085 1638 6 828 842 1358 1384 60 1388 887 661 468 503 1548 1076 1091 100 1670 727 1228 1417 763 214 975 883 181 1449 1642 1254 756 1309 180 328 843 415 274 489 521 533 1229 1272 1652 594 1027 235 524 1399 1584 397 1153 523 974 316 486 1114 1187 1310 1777 119 1816 12 26 44 111 458 569 699 826 838 967 968 971 1367 1377 1437 1450 1490 1028 1545 1177 1195 1240 1253 1256 1262 
998: 413 1717 866 887 1445 461 507 1556 558 1582 121 1183 1186 727 754 759 1794 275 1446 1025 58 933 331 601 829 1201 1112 728 928 382 912 1527 569 593 1656 1529 
489: 413 700 1740 842 1358 353 60 887 461 470 1503 1076 570 1670 30 1733 1247 1058 1287 1315 1767 975 606 883 1794 134 393 1428 1446 989 1059 1663 1645 756 1309 180 843 979 994 246 1801 12 119 137 148 224 350 362 397 432 477 1583 824 776 584 968 1615 1225 986 874 974 1513 1262 1272 594 771 523 1256 1622 524 1065 1578 
1002: 413 923 887 1176 570 1165 692 606 883 525 1428 1446 679 1127 1457 713 961 1578 594 1756 1800 1814 115 173 279 355 551 706 740 865 885 1118 1505 1545 1310 
1513: 413 478 959 558 1049 567 891 975 268 806 989 1059 656 489 148 659 1162 137 119 1720 879 1299 1622 
1515: 413 1085 1490 1704 
1010: 413 700 1100 1371 872 417 461 1548 1670 1165 1183 731 757 758 285 1767 975 733 156 1120 594 524 760 397 198 974 119 1204 1267 1262 1413 
849: 413 700 1717 1774 347 1400 895 1431 417 461 558 570 1165 725 727 1285 1236 729 1637 18 1202 1023 1146 475 1232 376 125 319 401 407 521 533 552 601 848 886 1151 1237 1272 1415 1416 1440 1578 1659 1008 1522 1313 1763 1814 195 445 728 1650 976 1527 1164 1066 
1535: 413 1076 1013 1301 304 1459 301 931 162 653 1376 
521: 413 700 923 1638 869 1400 927 984 480 1503 1548 1064 570 1614 142 143 113 1049 696 1733 1287 384 214 1236 47 314 975 596 606 883 1202 1339 379 134 1146 1542 186 247 1401 475 483 860 1741 287 328 345 1426 979 994 849 274 1147 148 477 479 1782 1788 1790 1795 74 132 238 245 354 430 446 1328 837 838 848 853 1440 1464 1471 972 974 1499 523 1545 1043 1563 1066 569 1093 524 1144 1158 1170 1171 680 682 684 688 1722 1307 1229 1237 1251 744 1256 1262 1272 1289 1578 644 814 
1032: 413 828 478 347 496 507 1593 1089 1640 1165 1233 758 1794 97 391 1428 494 1276 194 607 1027 1308 1732 245 1696 985 98 1053 
1043: 413 613 700 347 1371 691 881 1400 1412 661 1431 278 927 417 1454 461 1046 558 54 1593 598 1670 1165 1183 1700 113 1711 692 702 1233 727 734 1228 757 758 214 1297 1236 47 847 975 732 733 606 1013 1794 83 1202 1339 1007 1145 1023 134 1146 1542 1294 156 1401 475 483 494 1108 1120 1671 756 1309 1741 58 161 248 287 884 1426 979 521 274 888 1147 157 148 462 477 533 601 745 889 1742 1743 1814 9 40 51 55 72 74 87 109 119 158 166 170 304 313 436 438 446 455 457 523 561 569 591 616 620 682 686 690 714 772 776 784 838 852 916 953 974 976 990 1039 1337 1340 1079 1082 1420 1516 1520 1171 1534 1563 1055 1570 1080 1594 1095 1119 1144 1153 1705 1735 1734 1229 1092 1237 1240 1248 1256 1257 1260 1272 1284 1306 1308 
536: 413 1482 
538: 413 1331 1406 558 1186 1247 391 494 1712 615 1639 9 1704 
1056: 413 700 1638 470 763 1315 1526 266 603 50 1609 1708 1471 1111 591 
1111: 413 470 763 1315 1526 266 1056 888 688 594 603 50 1609 1708 1063 1471 1722 
554: 413 1085 478 1349 347 353 480 507 1033 558 1076 1186 692 1238 233 606 97 24 124 730 477 659 1467 308 681 1240 1337 
1065: 413 700 1085 478 919 702 1202 268 0 845 1387 1449 989 1641 248 399 843 844 933 1181 1353 489 274 477 848 1272 1424 1694 629 1201 603 857 1144 1814 15 320 428 511 619 879 1291 1511 1678 
1578: 413 700 307 1366 887 461 470 1503 507 1593 1186 696 1233 1128 239 652 733 606 1013 19 1339 590 0 86 181 1446 475 1507 1019 1626 1120 1701 1243 753 1741 264 287 933 489 1002 849 521 477 659 809 889 1342 1776 76 242 245 308 320 388 523 594 648 824 857 879 928 973 1004 1014 1027 1112 1144 1184 1328 1381 1389 1419 1420 1471 1501 1586 
559: 413 1085 1717 691 1454 429 692 727 263 1794 364 1327 1663 607 1329 1461 224 1072 1017 993 1506 
1075: 413 478 476 221 233 1525 275 393 409 483 1663 643 540 
1272: 413 700 1407 1638 828 1354 1358 1331 1371 1400 1406 661 1431 278 927 1474 461 1497 1503 1536 1537 1064 570 1629 142 154 1183 113 114 1217 727 734 757 762 1236 1315 729 314 847 975 732 733 636 1436 19 83 1202 962 1145 134 1146 590 1422 126 186 200 201 206 349 360 845 1401 1446 1449 679 475 989 483 484 1526 1052 1106 1059 1642 1649 1663 1701 1245 1254 756 1309 1741 1755 161 248 264 338 399 843 844 1426 933 1457 1181 464 979 1353 994 489 849 521 1043 1065 246 274 443 477 660 684 814 1229 1757 1759 1763 1793 1798 1814 15 64 89 207 224 229 335 337 348 414 428 430 446 460 481 523 569 594 602 603 614 637 673 682 686 703 704 751 752 852 857 863 882 953 969 974 1082 1112 1119 1164 1201 1203 1204 1256 1330 1340 1342 1363 1374 1424 1418 1425 1461 1471 1511 1531 1479 1601 1625 1617 1639 1646 1647 1666 1275 1292 1307 
1092: 413 923 1100 872 1400 1548 49 262 731 214 975 732 733 883 97 1202 1401 679 1645 756 1741 161 248 287 979 1043 1785 1817 2 55 74 119 300 313 397 569 838 862 916 974 1016 1709 1328 1307 1237 1256 1229 1283 1680 
1275: 413 700 842 1548 285 1663 1258 172 345 843 844 1432 1434 1263 1181 1353 1272 1749 603 460 568 1159 1223 1257 1260 1261 1262 1633 1662 
1609: 413 700 887 461 470 763 1315 975 1401 1526 5 266 1056 1111 594 643 603 1328 974 50 1471 1708 
1622: 413 923 478 1076 1186 891 975 989 656 489 1513 477 659 1162 629 137 119 863 1720 879 286 1299 1499 
603: 413 700 842 887 461 470 480 1503 1548 1064 1206 142 763 285 1315 391 845 484 1526 1258 172 266 345 843 844 1434 1263 1181 1353 1056 1111 1065 1272 1275 1609 848 889 594 1749 15 50 460 568 1586 1340 1471 838 1159 1223 1633 1511 1257 1260 1261 1262 1615 1360 1307 857 1708 
1119: 413 1407 478 347 1406 1445 470 476 507 1556 1046 1076 1593 1595 1183 1721 221 1567 226 233 757 758 759 1315 606 1525 19 97 962 1266 364 156 1428 409 753 266 399 1043 1272 477 659 594 1027 643 852 72 224 863 308 808 1105 1720 9 35 98 286 454 568 604 992 1471 1518 1235 1448 
766: 413 356 887 1206 1233 1128 214 847 606 1542 86 359 1327 1452 1060 1626 1127 1641 1712 753 769 1147 1003 1695 594 615 1215 1030 41 1647 1367 238 885 655 1045 
870: 413 700 1085 456 461 1487 49 1595 1089 1711 734 754 214 800 975 732 733 636 18 230 1542 378 1196 275 483 338 345 933 383 888 462 1170 1229 1027 62 1762 1814 68 197 249 455 723 1050 974 871 1130 1413 1290 1167 1555 1684 1061 
1147: 413 700 1407 1717 1739 1780 307 881 895 1431 427 461 1548 1046 1537 558 1595 1123 1049 652 1236 145 314 975 732 733 1525 636 1020 1048 1436 1202 230 379 1145 743 1146 1542 525 590 1196 140 247 270 846 991 1626 376 933 979 521 1043 766 274 956 20 34 242 251 502 506 550 569 591 643 669 682 706 711 773 848 852 886 916 952 955 1011 1328 1242 1362 1402 1409 1438 1440 1522 1545 1575 1602 1150 1673 1164 1170 1184 1699 1189 1203 1204 1229 1279 
646: 413 700 333 278 598 1688 1183 206 1613 37 1229 1661 397 852 1277 1516 1562 797 1189 1350 
650: 413 304 301 473 653 
1214: 413 1474 1503 507 1593 323 928 1500 1616 1729 
1229: 413 613 700 1085 1496 1638 828 307 1368 1371 869 1380 872 60 1400 278 927 417 1439 1441 1454 959 456 461 480 1503 1512 507 1548 1046 1537 49 1071 1122 1670 142 143 1183 113 1711 1049 30 215 731 221 734 1228 757 759 258 1285 214 1236 1315 314 975 732 733 606 883 1013 636 1794 1202 709 1023 1408 134 1146 1542 364 1294 126 247 288 298 360 845 1401 1428 1449 679 989 483 1052 1096 1663 1664 1645 1712 1671 1245 756 1309 1741 58 161 248 287 345 376 662 884 1423 1426 933 1457 586 464 979 1353 994 521 1043 1272 1092 870 1147 646 246 274 477 479 684 848 889 1081 1093 1170 1750 1798 1814 1815 2 15 35 55 112 123 199 217 236 245 276 289 308 313 432 455 458 460 488 524 561 569 591 637 643 651 674 689 699 714 832 838 857 874 894 904 910 914 916 935 945 972 1005 1039 1047 1066 1073 1080 1094 1169 1171 1194 1203 1204 1209 1330 1413 1328 1586 1307 1420 1450 1471 1267 1511 1522 1587 1615 1617 1633 1662 1696 1308 
1231: 413 507 1076 247 1232 
460: 413 700 60 480 1228 285 883 1145 1146 5 884 1263 1353 1272 1275 603 1229 477 889 1081 1522 1080 694 1307 916 1260 1814 123 217 1476 591 1082 904 1159 914 677 
1240: 413 1638 478 1394 1406 598 1148 263 975 606 19 451 181 483 544 1671 58 172 994 1043 554 1151 1308 377 1328 1552 300 728 928 561 119 361 93 1450 178 878 1009 1437 1279 1558 1699 1662 
1242: 413 478 1354 1358 1406 1046 1183 221 757 758 759 743 1542 378 1147 477 455 432 703 707 
852: 413 700 1354 347 691 1400 468 480 1503 507 1076 1593 1603 1183 114 1233 1247 233 1315 975 1339 134 364 181 275 1401 1449 475 1052 287 1423 1426 1043 1272 1119 1147 646 479 562 629 1308 1420 350 1762 1763 89 556 561 706 715 808 1586 1435 1099 996 1250 1402 1066 1574 
1251: 413 1760 1536 599 1665 1687 1247 975 181 1423 521 837 594 44 322 437 694 902 1172 1195 1616 1378 1256 1523 1300 1689 
974: 413 700 1638 842 1354 1358 347 1371 60 887 1400 661 1503 1536 1033 1548 1071 1076 121 1670 1183 702 1233 727 1247 757 759 214 318 1315 1767 975 732 1048 1794 134 201 1401 394 1449 989 1526 1059 1120 1127 1663 1671 1254 756 1309 13 180 248 266 287 328 843 1426 1432 994 489 1010 521 1043 1272 1092 1609 870 246 274 956 848 1170 594 614 1308 1522 524 1080 1399 898 1313 397 224 1153 1312 523 1777 1782 1815 1816 44 55 119 211 217 313 444 458 547 569 584 616 686 838 874 876 879 916 968 971 1586 1363 1256 1450 1094 1471 1502 1520 1531 1587 1594 1114 1464 1169 1171 1705 1195 1205 1139 1262 1284 1310 
1262: 413 700 842 1358 1400 417 480 1582 1670 1183 1233 727 975 606 1202 1258 756 1309 180 843 844 994 489 1010 521 1275 603 974 956 713 524 1328 397 523 911 1800 119 1516 1814 657 1257 1260 1261 1623 
755: 413 1780 478 564 1431 1351 1503 1569 1537 1582 1635 1049 221 1247 975 206 391 1446 483 484 1613 1245 248 338 477 659 809 1182 1639 62 728 211 736 1464 1634 1047 
1656: 413 700 1085 1717 816 1400 895 461 1635 143 754 1287 1013 636 1202 998 246 956 1420 192 1286 1140 1144 499 398 1061 669 556 1014 1455 1528 1583 
1367: 413 1717 1358 793 1236 206 494 1245 338 994 766 207 1570 1549 41 655 737 
1298: 413 24 275 391 394 1302 
1307: 413 700 278 480 1536 1548 1537 570 1123 142 702 727 1287 285 733 83 1202 1145 1023 1146 360 1401 494 1526 756 1309 248 521 1272 1092 603 1229 460 848 1170 1237 1772 1420 1328 824 433 1286 1310 810 55 56 75 249 313 591 677 1257 1531 1684 
1308: 413 700 1100 1717 1774 1775 6 305 1161 456 461 1593 82 1655 727 1228 384 214 801 975 1013 1794 19 1339 268 868 1294 181 186 206 275 323 409 679 448 483 1613 539 1127 1642 1706 1243 1245 756 1276 1799 8 338 345 884 1426 1432 1353 1032 1043 1229 1240 852 974 477 809 886 1170 1440 1807 1746 99 336 624 629 1783 1814 207 238 257 272 310 337 354 386 405 523 663 724 746 771 797 826 876 1050 1105 1133 1141 1144 1164 1209 1419 1425 1521 1545 1566 1601 1616 1543 1544 1623 1727 
1317: 413 700 951 726 157 1289 1424 857 55 569 187 515 948 1390 1347 
67: 573 599 1665 1446 66 
231: 573 82 1052 933 372 
236: 573 1407 1717 1748 822 1403 496 1593 1233 1297 1525 206 1446 1226 1245 1229 562 601 886 983 336 1783 1789 79 147 169 204 441 1211 969 1225 335 976 1318 950 985 604 749 1135 632 1210 1099 645 647 654 916 1696 811 1066 
372: 573 82 1452 1052 231 1579 
1471: 573 1717 661 951 470 532 1046 763 1315 975 364 124 126 845 1526 1701 266 521 1056 1111 1578 1272 1609 603 1119 1229 974 362 1357 1153 300 119 50 1708 160 1485 1568 
1584: 573 478 1161 1380 1403 1406 476 1512 558 1655 1233 1249 233 758 759 1525 97 962 525 102 206 270 1470 1226 1245 338 1375 994 814 1182 1659 336 1201 643 207 1759 1810 46 98 104 204 284 513 549 682 738 985 1087 1174 1326 1448 
643: 573 1100 1407 1780 6 478 1349 347 691 917 1431 942 461 1487 470 476 1536 1040 532 558 1076 1595 234 1655 114 1049 1721 221 226 228 1249 233 263 1297 801 1315 1525 1794 19 97 1202 962 709 379 1408 525 806 243 275 846 991 1671 1245 1799 884 1075 1609 1119 1147 1229 1584 1151 1329 1415 1659 336 1747 38 46 77 96 98 104 127 128 159 160 175 184 281 293 300 316 337 398 432 486 513 528 549 574 577 826 864 865 1087 1433 1442 1450 953 1464 1473 1485 990 1501 1012 1039 1552 1615 1109 1114 1627 1633 1639 1144 1167 1680 1174 1696 1187 1141 738 1302 
308: 613 1100 305 478 347 691 1403 470 1503 496 1033 54 114 692 1233 1058 1315 815 1013 1794 1339 1266 1006 1023 364 1294 298 323 349 360 845 899 679 1456 1036 1663 1254 1276 345 554 1578 1119 1229 1420 1520 1144 1616 1014 1539 548 1189 
363: 613 700 1638 1431 480 1076 263 206 450 1245 415 479 99 580 207 149 1713 648 312 1103 1625 1382 
486: 613 1717 1406 468 1512 265 1165 1700 966 18 525 247 1671 1657 884 994 643 401 848 629 1639 1389 1112 811 579 1769 300 432 178 434 463 473 735 1485 1016 1061 
553: 613 252 1767 19 364 1766 1507 659 1444 1730 1316 1607 
594: 613 347 356 691 919 470 1206 1076 570 598 642 696 1733 1233 1238 1128 214 1315 812 975 1794 1339 709 1266 134 156 102 124 130 181 186 349 391 1327 1401 393 1428 1452 989 484 1036 546 1059 860 1626 1120 1127 1649 1663 1706 1645 1712 1254 753 756 1309 264 933 994 489 1002 1010 1111 1578 1272 1609 603 1119 766 1251 974 157 223 809 1170 1342 1746 1759 1801 41 44 51 81 89 119 224 284 348 411 432 508 523 545 824 857 1378 882 892 1405 1419 1465 958 973 1501 1511 1030 1195 1573 1063 1585 1201 1117 614 1143 1168 672 1205 724 746 1256 
724: 613 417 1503 558 1233 134 288 360 1308 594 477 659 388 1129 354 284 1713 1633 909 
1389: 613 1748 327 347 1388 919 1445 456 1635 1165 43 606 19 709 156 1025 1578 486 1393 477 72 158 232 302 397 1522 1527 
629: 613 1717 1748 478 1406 1503 1046 1670 1183 210 725 221 757 758 729 606 535 709 1294 1422 126 391 845 1446 448 475 484 1108 1059 1127 1243 1065 1622 852 1308 486 157 809 1255 947 571 1746 614 624 1784 34 64 85 225 272 361 419 432 551 611 820 1727 1605 728 1505 1444 1277 1616 777 1164 1042 771 
1014: 613 478 347 278 1474 1503 1561 558 1134 1655 190 1165 692 385 1048 1436 1145 1023 1146 1542 364 1294 156 186 247 546 1671 722 248 1578 1656 308 246 274 533 1416 1673 571 1444 1420 790 939 1534 306 617 784 1011 1135 317 1506 1708 697 1209 301 1332 802 1293 241 1117 
1529: 613 895 1445 461 1593 1165 1287 1023 998 533 1193 1201 1008 1601 1527 550 1016 1506 301 797 1528 
1144: 613 1100 1780 307 564 347 1503 1537 558 1635 1134 1655 190 1165 1183 692 1148 652 739 1013 636 1020 385 1048 1436 97 1339 1266 1145 1023 1146 525 1294 156 247 270 845 248 376 521 1043 1065 1578 1656 1308 643 308 157 533 601 814 1416 571 377 1420 1534 617 784 1011 16 93 396 467 545 637 682 697 778 987 1135 1209 1293 1506 1689 1708 
1420: 613 700 1085 1638 1774 881 927 1445 461 1503 1556 1561 558 1635 1636 1134 1655 190 1165 1183 692 196 1233 221 1567 209 757 759 1148 384 801 636 385 535 1048 1436 19 1023 525 364 1294 156 140 186 247 270 846 1452 546 722 1799 248 341 1043 1578 1229 852 1656 1307 308 1014 1144 888 125 340 601 698 809 848 1329 1416 764 1772 571 1320 1695 1747 1750 77 170 195 225 241 284 301 306 382 420 423 548 617 670 678 685 697 738 784 803 830 916 939 1011 1117 1135 1164 1209 1291 1293 1319 1506 1520 1634 1708 1481 
1310: 613 700 49 100 1122 1635 1278 692 966 702 725 214 975 606 1202 364 126 323 1401 1526 1096 756 1657 1309 1457 994 1002 974 1307 303 1522 524 1328 824 1313 1312 523 1771 29 119 178 280 313 591 703 723 810 909 1215 1586 1485 
682: 613 1717 890 895 278 461 480 1076 1614 1635 1165 692 209 263 1285 145 636 18 962 379 903 1542 525 140 243 349 409 1452 1102 1799 58 399 662 521 1043 1272 1147 1584 1144 888 477 479 533 601 814 848 1424 522 1534 728 1187 354 284 77 711 637 93 550 104 131 420 604 1136 976 1616 1493 1239 1644 1150 1099 
1756: 700 472 1046 1688 1183 692 727 1567 384 186 1426 1002 961 207 348 1203 1216 1399 
1757: 700 1786 480 1629 757 975 24 1387 393 394 1663 1755 345 1272 1753 588 803 824 898 1534 
1761: 700 480 1046 1274 883 200 201 206 1446 1106 860 1245 287 338 336 207 149 337 1057 1323 1468 1517 
1782: 700 278 1238 43 378 546 1062 1102 656 521 974 348 690 1188 1785 
1788: 700 1786 507 702 1233 858 1236 360 989 1741 1787 521 477 361 517 898 986 
1790: 700 564 347 872 691 100 114 731 734 754 214 975 732 733 636 1794 1202 1339 839 1006 181 186 288 323 349 875 287 521 1170 615 62 455 119 313 2 311 467 637 675 916 1012 1141 1174 1284 1713 1795 
1793: 700 6 732 1272 1330 46 499 
1798: 700 1717 1786 895 959 558 570 754 1013 1146 360 583 1272 1229 361 1589 
1800: 700 1638 908 507 570 609 391 58 287 1002 1262 523 810 1773 499 1549 1605 
1814: 700 1085 828 478 1354 1161 1384 661 1321 480 507 557 570 1595 106 142 1183 1247 1249 762 47 729 975 883 636 97 1542 590 181 247 845 1428 1446 989 483 1059 399 1426 415 464 1002 849 1043 1065 1272 870 1229 460 1262 1308 246 443 340 479 889 1424 1461 1694 941 1184 857 1719 1442 1066 744 1618 625 863 1698 254 1684 1016 15 16 267 430 482 551 706 718 918 950 1000 1133 1197 1208 1222 1250 1509 1511 1674 1720 
2: 700 1407 1638 480 1595 731 1247 233 754 47 975 732 733 391 1449 5 58 161 248 287 1092 1229 1790 246 745 348 523 119 953 1785 1713 1284 1012 569 1016 1668 1030 1172 170 
14: 700 391 1741 
16: 700 1100 1717 307 919 1512 1122 1655 1726 210 263 1287 739 1478 590 206 1401 756 1475 1144 1814 319 1170 306 1316 1073 465 1506 269 35 1708 
38: 700 734 733 643 
44: 700 480 1076 1183 1733 975 1428 1671 994 1251 974 594 688 694 1256 1195 569 971 577 1063 1205 1378 1523 322 1689 686 
48: 700 
72: 700 828 478 347 890 1406 1269 503 570 1593 1134 121 190 787 153 696 1721 43 847 606 739 19 709 1266 525 1294 156 1428 1025 1127 450 1657 58 264 1295 1043 1119 1389 477 659 1201 1630 207 1763 20 22 184 1734 1735 1736 1480 1527 224 1124 1207 657 882 1669 1158 1209 1448 
77: 700 1100 1780 427 940 476 1247 757 1297 733 636 962 230 743 991 1712 376 933 643 1420 682 1090 98 604 104 1402 257 
81: 700 1717 828 1403 1635 1233 18 124 126 679 753 586 594 443 928 1791 89 225 644 657 
93: 700 1640 1148 263 606 739 636 1202 525 1446 1276 1240 1144 682 1479 1673 1522 445 772 1570 1791 92 1605 104 677 272 1050 669 
115: 700 1682 1280 1002 1467 1619 
119: 700 842 1358 347 1371 60 1046 1064 1089 1670 1183 1278 696 1233 215 727 1228 757 758 214 975 733 1794 181 1401 394 1526 1626 1120 1663 1671 1254 756 1309 5 180 287 843 1426 1432 1263 994 489 1513 1010 1043 1092 1622 1240 974 1262 1471 594 1310 1790 2 274 135 524 346 1313 397 1357 1153 1312 523 1777 55 1785 1795 1816 87 313 1337 838 1586 1365 355 874 1450 953 967 968 971 976 1501 488 170 1587 569 1105 1545 616 1139 1668 681 1705 1284 
137: 700 1371 1439 1614 598 1238 726 130 989 1712 753 1787 264 489 1513 1622 930 1289 524 348 1765 585 
160: 700 1233 975 1471 643 968 882 1204 485 
171: 700 1431 1183 214 975 230 126 275 1799 406 1167 
204: 700 1760 1161 1368 1403 1431 461 480 599 1682 1687 1387 484 1245 13 338 1156 236 1584 562 336 15 105 189 1208 1625 744 634 896 1047 681 
222: 700 1331 470 1569 1315 102 
232: 700 1691 1247 975 1449 989 287 933 1389 1424 1694 857 15 1511 75 511 
240: 700 558 726 1202 247 753 443 362 15 465 1390 686 
242: 700 427 1595 1186 525 409 376 1578 1147 981 1189 1602 
245: 700 564 480 496 1640 1183 757 606 1770 140 270 475 494 376 1426 521 1032 1578 1229 809 1027 588 85 446 320 454 255 723 985 
246: 700 1739 324 461 49 570 1593 598 1655 1165 113 215 727 1247 258 1287 975 636 83 1202 134 1542 247 1401 1096 450 161 248 979 489 1272 1229 974 1656 1014 1814 2 35 62 74 104 128 217 224 561 311 1204 313 1079 1286 601 1477 1011 1522 888 976 637 1410 1284 648 523 1039 1170 541 419 306 1510 1260 556 
254: 700 1717 1161 480 1503 1794 368 1663 1245 1814 340 1012 1141 396 1172 
257: 700 1100 1445 507 1593 1603 1186 97 275 1308 77 194 303 477 876 681 1070 
289: 700 1638 564 1487 558 606 636 18 709 1023 525 806 1301 662 1229 533 1184 445 1340 1486 1012 550 1016 255 1455 723 1451 
306: 700 305 1431 1655 19 1202 1145 1146 1770 248 376 979 1014 1420 16 246 888 1651 1479 1673 1328 1520 
313: 700 564 60 1537 262 570 1089 100 1278 696 215 727 221 734 1247 757 759 214 975 732 733 606 1202 937 86 181 1401 1507 1671 756 1309 248 287 328 843 979 1043 1092 1229 974 1307 1310 1790 119 246 125 848 1170 406 614 1522 411 523 163 1777 55 1795 217 577 458 1139 976 591 1284 1490 794 671 916 1705 
331: 700 461 1503 1165 1233 1436 1145 1146 1741 998 1811 45 63 440 571 1540 1215 633 808 
335: 700 1717 324 347 869 1431 480 1040 1537 1076 1640 263 1794 451 364 1294 156 200 206 323 899 1245 287 338 358 933 1272 236 956 1651 829 1027 1522 1112 207 192 772 1696 517 1304 916 1791 59 112 131 202 203 225 1669 1494 602 1030 1293 797 969 985 
337: 700 1100 6 1368 1321 1351 476 480 262 1593 1640 1686 692 221 1567 1249 1058 97 1422 181 1018 1626 1107 1226 292 1295 1272 1308 643 1761 194 443 477 336 235 1112 588 62 192 299 346 1313 1540 1631 1732 1779 12 15 189 302 945 969 1611 419 490 1246 1696 1634 1016 765 1425 405 1054 
346: 700 590 181 200 206 1449 1019 1712 1245 1254 1309 287 586 119 337 207 1759 149 170 284 953 1662 523 
380: 700 1717 1739 564 1548 734 1058 1236 1048 1794 1339 709 1006 102 247 1446 544 1664 933 979 1328 698 1605 848 886 1237 591 1011 1522 956 1659 1409 383 1039 669 1189 809 527 773 
397: 700 1760 842 1358 1371 461 1064 1076 599 1665 1670 1687 975 1339 1408 1428 483 1120 756 1309 180 248 843 994 489 1010 1092 646 974 1262 1389 119 125 1170 1522 524 286 569 1523 1121 1267 523 674 1187 1063 432 
407: 700 1145 475 1741 884 849 1746 406 477 835 663 771 
428: 700 347 1614 1183 86 161 1065 1272 1625 1376 
465: 700 734 815 975 636 1034 379 270 16 240 1027 1088 1184 772 40 901 
473: 700 1717 818 842 1351 82 181 1453 730 650 486 983 1174 1720 165 320 1395 1463 900 1225 
477: 700 944 1496 1638 1786 822 478 1358 1331 347 356 691 1400 661 1431 1445 461 480 1503 507 425 1548 1046 1064 570 1582 1635 1658 642 143 1165 153 696 30 1721 727 1238 1058 858 263 1236 847 732 733 636 1794 19 83 1202 1339 451 836 709 839 268 1266 1145 1006 1023 1146 364 1294 156 24 102 124 126 140 181 186 237 247 275 323 349 360 390 391 846 394 409 1446 679 1456 1470 989 483 484 494 1526 1025 546 1059 1120 1649 1712 1243 1254 1741 1787 1799 5 8 13 248 264 266 287 345 376 884 933 1475 1353 489 521 1043 554 1065 1578 1272 1622 1119 1229 460 1242 755 1308 724 1389 682 1788 72 257 337 407 157 125 148 223 319 1801 20 85 87 131 184 272 280 284 309 361 416 419 430 434 474 823 829 1342 837 853 863 1505 886 1405 898 1415 1416 1257 1151 1440 1444 585 973 980 1544 848 1527 1030 1545 1547 551 552 562 1082 1088 1605 1201 601 614 615 616 619 1124 640 922 1675 961 675 688 698 1735 1736 1237 735 1256 760 1293 1067 809 810 
479: 700 1638 1717 480 570 1635 1670 734 1247 263 733 1013 636 206 494 1245 1741 1434 521 1229 852 363 682 1814 15 192 207 458 857 848 1511 1639 
523: 700 842 1354 1358 347 1371 887 1503 1076 1593 1089 1603 1670 727 214 1767 975 883 1794 1401 393 1446 1449 989 1526 1059 1120 1663 1254 756 1309 180 248 328 843 1432 933 994 489 521 1043 1578 1272 974 1262 1308 594 1310 1800 2 119 246 313 346 397 659 848 1069 524 898 1540 224 1153 1312 411 1785 55 170 1668 1030 1586 1605 968 971 1205 1587 1378 616 876 879 1169 1256 1171 810 1615 
524: 700 842 1358 1371 1380 417 959 461 599 234 1670 114 1767 975 836 393 394 1120 1663 756 1309 180 843 994 489 1010 521 1229 974 1262 1310 119 137 397 523 1749 198 371 569 648 1615 1267 760 1660 1689 1187 
528: 700 1100 1640 1525 1794 97 1408 275 753 643 601 1534 1442 490 1392 1524 1669 
547: 700 1358 480 1046 142 1183 757 758 975 1202 974 1328 953 
552: 700 1512 1614 1672 1146 475 483 1741 849 477 150 551 1084 928 1440 
561: 700 1394 480 558 1183 727 739 1637 1202 136 248 979 1043 1229 1240 852 246 888 462 1203 1330 772 1776 166 1204 953 1484 1485 1450 
562: 700 1760 1161 480 599 1682 1687 1327 1741 338 1156 884 852 236 204 477 15 105 189 336 1207 1208 1621 744 634 896 928 
569: 700 1331 60 461 480 1536 558 1089 1582 1278 1417 214 975 636 379 1196 1096 1671 13 248 345 1353 994 998 521 1043 1272 1092 1147 1229 974 1317 2 44 119 397 524 319 809 62 617 1413 55 1256 1050 430 1195 51 302 355 543 971 976 1374 871 902 1169 1347 686 1699 
571: 700 1354 1445 480 558 1076 1593 1089 1636 1013 97 247 825 629 1014 1144 1420 331 659 1744 1746 1758 1781 61 69 182 286 493 1129 
576: 700 558 1020 1465 1083 1044 
607: 700 1085 1100 1717 691 1406 496 507 1569 558 739 1794 494 1741 1032 559 98 286 848 985 865 879 1027 751 
632: 700 236 
639: 700 1247 586 518 876 1795 1016 
644: 700 480 94 606 806 86 391 753 521 81 1008 1069 89 419 420 664 1443 1376 
648: 700 828 1371 461 1614 1670 1233 733 124 845 1701 1578 363 246 524 728 953 39 1501 280 1615 
658: 700 828 1400 1655 263 206 391 484 1613 
673: 700 661 959 1537 696 606 1525 275 1449 544 1245 1276 1272 1461 703 
686: 700 60 951 891 214 975 391 484 1254 1309 58 1432 1457 1043 1272 974 44 240 569 837 1153 1530 411 316 728 1465 690 863 1511 1195 1030 1405 1501 640 674 689 968 1617 1171 
688: 700 1441 1064 1076 1614 30 1733 734 733 1741 248 521 1111 44 477 1195 1016 1573 1063 
694: 700 480 143 1183 1767 1401 1120 844 460 1251 44 274 1170 322 689 1378 1257 1523 1256 1689 1195 
699: 700 1638 1717 461 49 570 1635 1183 1233 215 263 606 18 230 1449 994 1229 1329 615 350 1084 316 1087 1304 1012 1130 1016 1377 1817 568 1611 723 1633 1293 1464 1402 1558 1189 
1624: 700 1638 1717 113 1058 975 323 414 773 1067 
1669: 700 140 349 358 72 335 528 1444 1534 765 711 955 1402 
835: 700 407 
837: 700 1400 461 734 1274 1236 975 134 206 475 484 1245 1741 521 1251 477 686 533 1759 76 149 207 549 550 577 1634 1256 1402 1534 1425 1195 
1589: 700 866 278 106 1233 1128 24 1798 545 123 1234 
1378: 700 1085 1663 1251 594 44 523 694 1440 224 1413 1256 1195 322 1523 1689 
1505: 700 507 1233 97 32 448 1002 629 477 1027 
876: 700 1100 1780 1358 1498 1503 507 1233 1247 975 739 97 1408 180 287 974 1308 257 523 639 961 1182 1534 772 165 782 953 1402 1035 
1402: 700 425 570 1603 1582 82 1640 1682 636 1048 379 1671 1276 1147 852 77 699 1669 837 876 601 814 1673 1694 1227 1444 1534 712 711 1363 604 505 761 1035 1125 
1524: 700 1717 82 1794 156 206 1446 528 1182 95 1630 207 1732 1066 1304 1316 1818 741 976 1265 1392 1730 
1405: 700 1717 1593 1635 1233 757 19 83 97 248 594 477 686 1522 1530 810 454 
1510: 700 1638 1780 456 121 1247 606 1202 586 246 953 1795 396 689 1012 1016 
910: 700 1760 480 1258 248 1229 928 1121 
1171: 700 278 1593 598 1183 975 1145 134 1146 248 979 521 1043 1229 974 523 686 462 304 1306 1570 953 170 1284 1256 436 1459 109 166 
1424: 700 828 959 558 590 24 275 845 1449 989 1741 399 1065 1272 1317 682 1814 232 443 15 810 857 863 953 1461 1511 1540 
1425: 700 1407 1351 480 1046 1076 1733 1233 757 1236 230 206 1799 1272 1308 337 837 1440 336 62 80 192 1079 1631 1732 928 499 1016 1810 302 405 463 723 976 1103 1279 1396 1611 1634 1596 1683 
1427: 700 626 1752 997 1806 
1440: 700 1496 1439 1441 1487 262 1614 1672 30 1247 1417 185 1236 739 391 475 483 1663 1245 1741 58 315 849 521 1147 1308 477 552 1378 1425 148 362 660 684 713 930 1795 207 408 430 972 1241 1326 1376 1621 1508 1543 1683 1698 
1005: 700 461 1145 275 391 393 409 1446 494 1434 1229 1771 166 227 953 1392 
1713: 700 461 480 1595 1123 142 143 734 124 391 483 248 363 724 1790 2 274 1413 543 577 878 1464 
1450: 700 1496 327 480 1076 1655 1183 1733 725 727 1287 214 975 883 636 1146 58 248 994 1229 1240 974 643 119 561 319 1416 615 811 224 637 15 971 457 560 1194 
1461: 700 305 959 480 498 252 1233 801 1767 590 1449 1741 559 1272 1814 673 1424 1795 430 457 703 953 1696 
1433: 700 636 200 201 206 1106 1245 338 643 1227 207 1759 46 149 203 736 953 
1463: 700 828 480 1635 1446 1060 473 1066 1377 123 
976: 700 1336 307 478 564 1354 1331 1366 347 461 558 1603 867 1640 114 221 754 757 314 606 636 97 230 1145 360 1446 494 1106 248 287 345 933 849 1043 236 682 119 246 313 569 1524 1425 1479 522 99 118 1732 354 1705 953 967 637 499 1016 1260 1105 1208 1073 736 973 396 680 1455 1381 1386 1438 
1499: 700 1655 1233 754 341 521 1622 1616 
848: 700 923 1085 1717 478 1161 691 1400 1431 468 480 1503 1512 425 1046 429 54 1614 1122 1655 143 1165 114 727 734 1148 1236 975 733 636 1794 1202 1339 839 379 1145 1408 1146 1542 186 391 393 1446 475 483 484 494 583 1663 1245 1741 1799 248 315 345 933 1181 849 521 1065 603 1147 1229 974 1307 486 1420 682 313 380 477 479 523 607 274 519 1789 55 198 556 615 637 752 1341 1414 914 1464 1506 1017 1661 1662 1673 1224 1237 1066 
1009: 700 327 60 532 258 86 1671 1240 1652 1184 1079 300 386 723 
1011: 700 461 558 1089 692 1013 636 385 1202 1266 379 1023 186 275 722 1147 1014 1144 1420 246 380 1673 1772 1139 1116 1506 1520 
1522: 700 1085 1100 1748 1358 456 480 1512 1536 1537 558 82 94 1655 1074 1183 1247 757 758 1148 1287 975 733 83 1202 1339 451 709 379 1145 1023 1146 1542 126 181 186 349 1401 1645 756 1309 1799 248 287 338 1263 979 849 1147 1229 460 974 1389 1310 93 246 313 335 380 397 1405 274 533 1694 276 1765 35 40 55 59 433 651 677 689 703 922 953 1067 1328 1486 1490 1616 1531 
1017: 700 1717 1233 559 848 1112 
1531: 700 1076 262 692 975 19 181 1712 287 1457 1272 974 1307 1522 432 953 916 217 591 689 1045 1257 
1534: 700 1085 1638 82 1655 636 134 323 349 1446 494 13 933 1043 1014 1144 682 1757 528 1669 837 876 1402 814 961 1673 1444 1789 637 711 761 1057 
1170: 700 1496 1638 819 347 353 691 890 461 1503 532 1603 1123 121 142 143 1311 1183 727 1228 1236 800 801 145 1315 314 636 1048 1794 1202 836 1422 126 181 349 1127 1641 1741 8 161 287 345 1434 933 1353 521 870 1147 1229 974 1307 1308 594 1790 16 246 313 397 694 274 956 1651 889 1086 15 112 123 224 674 916 1042 1135 1159 1328 1490 1523 1586 1587 1695 1193 1204 1223 1235 1256 1261 
1563: 700 881 1311 24 243 1428 521 1043 1468 936 1143 
1587: 700 1717 1487 1670 731 975 732 1526 756 1309 1432 1229 974 119 523 1170 1167 953 1795 
1596: 700 1655 1446 1425 12 
1093: 700 1085 1100 356 872 1487 49 1089 787 731 754 214 1236 801 975 732 733 1013 636 1202 1145 1645 1741 5 161 248 287 345 1426 933 979 521 1229 274 111 871 1039 1328 1594 1680 1130 1135 1138 1139 1167 1409 1555 
1099: 700 1100 1638 327 1403 480 1614 32 206 1446 1245 58 338 852 236 682 336 1719 207 728 1696 950 681 901 1443 
1112: 700 1751 887 278 461 476 54 234 117 787 113 793 525 1059 25 998 1578 1272 486 335 337 1017 443 1182 1416 229 406 1027 42 760 1764 1769 12 46 52 131 207 499 588 664 1084 1087 1332 1573 1493 1506 1547 1194 
1493: 700 1336 1614 727 1245 376 682 1112 814 1659 1683 1466 1443 162 463 
953: 700 1638 1780 887 1351 480 1503 1537 49 702 1238 734 1247 1228 758 759 258 43 1285 652 1525 1202 124 181 247 1446 1025 1641 287 341 1426 1043 1272 643 2 119 346 547 561 648 876 1510 1171 1424 1005 1461 1433 976 1522 1531 1587 956 148 889 1416 1328 62 1079 316 810 55 96 508 543 577 616 627 651 666 1477 1502 1633 1516 1172 
1399: 700 1100 1717 480 1655 1233 975 994 974 1756 811 361 
1047: 700 1780 609 234 1049 734 652 1297 732 733 97 181 1449 1062 248 345 1353 1229 755 204 784 46 1087 518 556 802 900 
1719: 700 1349 480 1503 702 731 590 1663 1755 1814 1099 713 62 454 803 810 879 969 1284 1662 1696 
1141: 700 1354 278 461 557 1603 234 964 1408 1308 643 1790 254 1008 62 1795 131 649 736 751 1035 1208 1250 
1661: 700 60 480 1503 1165 1682 1236 385 1146 1245 1657 1741 646 848 274 383 519 1753 591 916 1066 1216 1256 1409 1459 
1662: 700 30 975 275 349 393 394 409 1507 1663 933 1275 1229 1240 346 848 1719 224 132 
1152: 700 1233 156 
1153: 700 1358 347 1371 1670 975 1794 1401 1120 1254 180 1432 994 1043 974 1471 119 523 686 1765 1777 1816 55 616 971 1284 1705 
1208: 700 60 1206 599 1665 200 275 338 1814 204 562 976 1141 1027 1328 1167 744 499 634 705 879 1083 1734 1241 
1159: 700 842 172 843 844 1434 1181 1353 1275 603 460 1170 568 1633 1223 
1516: 700 83 1449 248 1043 646 1262 953 300 1785 
1689: 700 1371 1380 959 599 1670 114 606 1202 1542 1251 1144 44 524 694 1378 760 198 1256 1195 1523 322 
1184: 700 1638 1354 1366 1498 480 425 532 570 692 727 1128 261 800 801 836 230 1023 1294 181 1401 1452 546 1062 1127 1712 756 58 264 1426 1475 1578 1147 1814 289 465 1009 1201 1811 1754 1783 178 189 441 548 589 616 885 916 1030 1164 1681 1377 1518 1680 1293 1552 1683 1473 
1696: 700 1407 327 564 1354 661 480 496 1046 1640 1165 692 1058 97 323 1446 494 1613 1551 583 248 1032 1229 236 643 335 337 1461 1099 1719 601 1027 1517 1783 71 96 104 108 302 416 840 856 901 969 985 1241 1386 1443 1611 1619 1633 1735 
1133: 700 1331 558 1636 1183 1049 314 606 1048 1408 409 1052 1308 1814 533 388 522 1320 193 784 1340 1601 936 988 1541 1443 
1195: 700 1358 1076 1733 1233 285 1315 975 606 1525 989 539 287 345 979 994 1251 974 594 44 569 686 688 694 837 1378 1689 698 1289 1552 1340 1705 1256 1815 322 454 971 1063 1205 1594 1523 
1729: 700 480 739 1214 1244 
1008: 700 1100 1717 1748 327 347 881 895 278 1445 456 476 480 558 570 1582 1636 1655 1165 1166 1183 314 596 606 739 1637 1525 1048 19 709 1023 903 1456 1379 1475 849 1529 644 1141 274 1651 533 1255 1416 1652 1772 304 388 1320 205 211 255 284 301 343 348 550 649 784 832 1210 1135 1340 1725 1601 1605 1518 1374 1124 1527 1520 1150 1164 1256 1437 1451 
1143: 700 305 347 887 1503 503 1076 1593 1635 1311 696 1339 487 24 243 275 873 1649 1712 753 594 1563 194 125 614 256 224 432 1429 
703: 700 1354 1358 661 959 507 975 606 24 181 275 1449 1245 1272 1242 1310 673 1461 1522 1342 
706: 700 1046 360 475 1002 1147 852 1814 1237 434 782 
1586: 700 1496 1487 1635 263 975 124 126 1401 1526 756 1309 248 266 345 1426 1578 603 1229 852 974 1310 119 523 1170 
718: 700 478 480 1503 739 186 1446 722 1814 1326 714 736 879 
1735: 700 478 890 1406 529 1582 190 1233 228 606 1525 19 1202 709 525 364 156 662 1043 72 477 1696 319 659 829 588 911 678 497 969 1650 
728: 700 1717 478 1348 1354 1161 1366 1384 452 461 1497 480 425 1046 49 265 1582 1635 1655 191 1183 725 221 754 757 758 759 263 1287 652 47 145 19 572 709 839 937 126 275 391 409 1446 484 1613 1018 1060 583 1102 1120 1706 1712 1226 1254 1787 58 328 998 849 1240 755 629 682 648 686 1099 660 857 207 1517 224 1357 1769 1817 51 108 193 203 297 311 423 474 616 625 669 864 1396 922 1061 1189 1705 
740: 700 82 134 806 1002 
744: 700 828 1206 599 1665 1233 883 1794 200 521 1814 204 562 1208 1772 1142 1326 634 1279 879 
1256: 700 1358 1512 1536 1548 1655 1247 214 975 636 1794 181 180 266 994 489 521 1043 1272 1092 1251 974 594 44 477 523 569 694 837 1378 1171 1170 1661 1689 1195 1008 274 1694 1801 224 1267 1284 497 322 968 1095 1523 
1267: 700 1371 1380 1487 1076 570 1670 1767 836 1120 1010 1229 397 524 1256 760 680 1337 
761: 700 1402 1534 
1573: 700 1780 480 1064 1076 1670 692 1733 727 134 1428 484 594 688 1112 51 958 1063 1189 1419 
777: 700 1717 1593 1311 1287 962 525 774 583 662 629 1746 182 406 198 373 499 608 1167 1103 1409 
1296: 700 1682 247 
95: 923 1548 1593 114 1794 102 181 875 1524 601 659 889 1479 947 1746 1462 1728 1732 1357 1630 493 624 1392 981 1566 
647: 923 1033 558 1076 696 102 236 1469 108 1727 
824: 923 887 1076 30 702 1247 379 1145 1542 590 1401 1449 1526 1712 756 1309 180 489 1578 1307 594 1310 1757 1801 50 810 
1472: 923 
157: 944 1085 1407 1740 478 881 1406 278 1503 498 1593 1582 1635 121 1183 702 727 221 1247 757 263 606 739 1525 1794 1339 525 156 391 662 1043 1317 594 629 1144 477 1765 98 99 1732 361 1511 790 1292 286 1564 821 
492: 944 763 1034 
681: 944 1717 1161 1403 895 278 49 1134 692 0 360 1449 450 1245 180 1295 554 119 204 257 1099 1292 284 361 1222 1072 707 969 1279 1172 
1277: 944 333 1165 1688 590 37 646 629 1769 283 797 838 1680 1562 
1066: 944 1348 1512 54 1593 82 1655 1567 726 1436 1794 97 1145 298 390 1446 475 583 13 884 849 521 1229 852 236 1814 1524 1463 848 1661 809 438 1292 1328 1732 1764 1781 46 68 110 173 284 293 418 420 548 645 664 680 741 742 779 780 840 879 954 990 1157 1211 1728 1621 1381 1523 1409 
51: 1085 332 1548 1076 1089 1733 214 975 349 484 1671 1043 594 569 728 1573 1416 55 39 958 
207: 1085 1100 1407 478 1349 1354 1161 1368 1321 1351 1487 480 507 1076 262 1686 1183 1733 727 757 759 812 18 97 268 230 181 1327 1428 409 1018 1226 58 292 345 1272 1367 1308 1584 363 1756 1761 72 335 346 479 837 1524 1440 1433 1099 1112 728 443 235 811 1779 1810 12 62 69 80 118 192 1500 901 1419 433 945 958 463 1098 1611 490 1012 1016 1540 1054 555 1079 588 1631 1634 1130 1167 1732 723 738 770 1313 299 
211: 1085 1349 1351 1076 1183 1217 181 275 323 1156 1423 974 755 1008 961 811 80 192 299 1079 1810 69 1715 1078 1350 1566 856 752 1291 1676 405 797 
518: 1085 1780 478 564 1487 480 1595 652 733 97 323 1799 639 1047 1142 284 1520 104 295 1090 1109 987 1116 871 1012 1016 936 
533: 1085 1717 1748 1774 1786 478 881 895 1412 661 278 456 461 984 1556 557 1593 1614 605 190 1287 314 596 1013 1525 1020 1048 18 19 97 1718 709 230 1023 1542 156 186 1060 1741 662 994 849 1043 1014 1529 1144 682 289 837 1522 1133 1008 274 1772 1801 1810 17 45 63 198 283 304 343 344 442 505 522 1340 840 1372 911 912 1437 1443 1601 1460 1465 1479 1486 982 1520 1319 1538 1029 542 577 1090 608 1140 649 653 1201 1209 1725 1215 687 550 1291 810 1320 
765: 1085 1354 1233 379 337 1669 1779 46 
772: 1085 1100 1775 691 1403 638 732 1266 323 360 1470 1052 1025 1220 1799 338 884 1295 1043 93 335 465 561 876 303 809 961 336 1292 1732 1779 71 302 366 422 771 955 841 1051 1676 1022 1050 813 
969: 1085 1100 496 498 529 1165 1058 494 1254 399 1426 1272 236 335 337 1719 1696 1735 681 1027 985 1241 71 422 454 556 623 856 901 
1520: 1085 1717 828 307 1331 881 895 1412 278 558 1595 1636 234 114 214 1297 314 975 606 1637 1525 18 97 1145 1023 1043 974 308 1420 306 1011 1008 518 533 274 947 1772 388 522 1340 90 104 131 574 649 715 987 1090 1137 1164 1443 
1605: 1085 1354 567 1287 606 97 268 1446 1280 629 1800 93 380 477 523 1008 810 871 1248 
1109: 1085 1717 1406 558 1076 1593 758 1287 1525 1470 1108 844 643 518 659 1286 187 
1135: 1085 725 975 1013 1023 248 345 236 1014 1144 1420 1170 1093 1008 274 1601 1785 1544 1174 1543 1545 
1187: 1085 1371 468 1089 1670 1165 114 636 572 379 1542 378 270 994 643 682 397 524 383 1069 811 1769 1168 1527 1209 
1759: 1100 1407 1368 1321 1076 1686 1272 1584 594 346 837 1433 443 62 80 118 192 299 433 770 1079 1313 1540 1631 1732 1779 
182: 1100 1454 1134 1233 270 1276 1295 571 777 1227 1746 99 139 720 723 1201 981 1207 746 1564 
193: 1100 881 605 314 606 1048 391 409 484 753 58 1133 728 274 1415 1416 1772 276 1320 1459 1340 1601 602 520 1674 
336: 1100 1407 1351 529 1076 1635 97 206 1226 1799 662 1308 236 1584 643 1761 204 337 562 1425 1099 772 1086 1746 62 91 189 302 433 950 574 588 354 
398: 1100 1717 347 427 1351 1655 221 636 97 743 525 378 275 376 884 1656 643 139 284 637 53 1189 1602 281 1611 1150 663 1623 
455: 1100 1349 564 1371 1441 461 1487 1595 82 190 1711 731 221 734 754 314 847 732 733 883 97 230 1542 525 1196 806 270 475 1025 1106 287 292 1043 870 1229 1242 1790 1768 319 462 601 1778 229 139 1167 1795 52 68 205 249 316 1332 1209 457 1095 1500 742 871 1001 493 1464 1290 664 918 1050 
577: 1100 327 890 1046 36 598 867 263 1287 636 1266 1422 200 359 1446 1453 1106 1626 1127 1642 1226 1309 161 287 643 44 313 837 1713 953 533 889 1652 1219 192 1079 198 55 637 386 738 1073 441 22 79 133 219 330 437 446 488 1476 1221 970 608 995 988 1538 1553 667 621 
651: 1100 1431 278 480 1503 1183 757 181 1401 1120 248 345 1353 1229 1522 953 274 104 437 
657: 1100 1496 828 347 1269 1271 1033 1560 1635 1132 1278 114 762 378 140 933 1262 72 81 809 859 857 1468 1012 1511 40 176 310 371 405 1042 
838: 1100 1548 262 1287 726 975 636 1145 483 345 376 933 994 521 1043 1092 603 1229 974 119 1277 1081 1286 971 1082 708 446 
856: 1100 1717 353 951 1351 1682 1217 1233 801 812 97 323 1613 399 415 1696 211 969 588 350 1326 108 405 
865: 1100 1407 1717 691 1794 86 1276 1002 643 607 956 192 616 131 767 
879: 1100 1358 1161 1439 470 480 1503 1614 100 1165 1183 285 1315 975 636 19 1145 1294 181 845 1456 989 483 546 1059 583 1663 1245 1254 933 1513 1065 1578 1622 974 523 607 1719 1208 718 744 1066 930 1162 20 1527 1511 634 
956: 1100 1739 324 347 278 1040 618 1655 1711 692 727 1247 1148 263 975 379 1145 1146 1542 1401 450 730 798 5 58 248 843 933 979 1147 974 1262 1656 335 380 1170 953 865 192 302 619 782 922 952 1329 1616 1257 1419 
987: 1100 234 1217 652 1020 97 1023 1144 518 1520 1340 104 387 1677 1150 
1616: 1100 347 927 984 507 558 1593 94 121 113 692 727 1637 1013 97 451 243 1446 1453 448 1276 1426 1353 1214 1251 1308 308 629 682 1499 1522 956 194 850 217 922 
1182: 1100 425 1076 19 130 450 1706 1276 1741 1426 755 1584 876 1524 1112 1791 922 1012 1016 1464 1465 1392 
1697: 1100 1537 121 1655 732 733 1401 888 782 
33: 1336 727 475 1741 977 1173 1241 
202: 1336 1407 1717 1354 230 200 409 335 1732 1634 723 189 1370 
299: 1336 872 731 200 201 206 1446 1245 338 337 207 211 1759 149 1392 
420: 1336 1366 114 727 1228 937 275 875 1052 1420 682 644 1066 304 365 808 1209 301 1547 779 1259 
463: 1336 1717 1321 1512 1637 1453 1062 1626 1226 1263 486 1425 1493 207 1227 1506 1620 
1218: 1336 507 1233 709 544 1746 493 499 701 928 
1455: 1336 564 1406 1655 1202 743 1656 289 976 1174 
20: 1407 564 887 919 1503 507 1076 1593 1595 1582 1687 692 757 314 606 739 19 1023 743 156 1446 1657 399 1147 72 477 879 340 601 1772 224 1167 1564 1340 834 604 284 676 301 
149: 1407 478 1368 1321 1351 507 1046 1076 1686 1733 97 1096 292 363 1761 346 837 1433 299 235 588 62 80 118 192 433 770 1079 1313 1540 1631 1732 945 1634 1396 1016 490 
281: 1407 743 933 643 398 
319: 1407 1717 1748 327 895 1487 503 558 1603 1635 1636 143 1165 1186 727 731 734 732 606 1013 636 19 1718 1146 525 590 364 140 475 1706 1741 321 358 376 662 849 16 477 569 1450 1735 455 1772 249 255 284 434 1210 1340 1601 462 886 354 1377 1084 902 1673 778 1666 
574: 1407 478 327 1595 234 1049 221 97 962 643 1520 336 96 104 1137 
623: 1407 1717 478 564 476 97 969 
751: 1407 691 1439 495 1033 739 134 1120 415 1272 607 1141 1639 616 15 
945: 1407 606 883 230 200 206 1245 1229 337 207 149 80 1365 1398 560 
1027: 1407 1717 1354 470 496 498 1640 692 1315 812 732 733 1794 1266 134 0 323 1327 899 1470 494 1526 546 1799 415 994 1032 1578 1119 870 245 335 465 607 1505 1112 1208 1696 969 961 1415 1772 1746 977 985 1494 1634 1293 1235 1259 
1070: 1407 1717 257 745 1209 418 862 
1150: 1407 1366 278 427 379 1023 1408 743 378 1671 376 1353 1147 682 1008 398 987 1189 1602 548 1352 
1634: 1407 1717 478 476 495 1595 18 97 206 1245 248 287 338 755 1420 337 837 1425 207 202 149 1027 1639 1326 1174 738 1213 1419 
1527: 1407 1774 828 347 881 887 1445 507 36 1582 82 692 696 209 847 606 1023 156 126 247 1428 1446 1799 345 998 849 1389 1529 72 477 1008 1187 879 601 1416 1639 1069 1328 11 301 343 678 1029 1164 1490 1633 
10: 1496 1007 491 575 
505: 1496 828 1354 1474 97 1266 1023 247 359 1663 1402 533 809 1357 1130 1377 493 1392 302 1590 741 1704 
614: 1496 305 1354 1366 347 959 461 1503 507 1076 1593 1089 642 1311 1183 114 696 567 1228 1285 214 1315 975 636 97 1339 836 709 247 1649 1712 8 161 1295 1272 974 594 629 313 477 1143 1416 1746 99 98 224 256 493 575 624 690 1201 697 834 689 1094 1381 1357 1469 1088 1444 1447 1704 
1090: 1496 881 456 558 1297 314 606 1048 18 97 1023 206 77 518 533 1520 388 1320 588 827 1215 1340 1087 826 255 104 434 649 990 1611 1279 1443 
1094: 1496 872 60 461 1487 480 49 1089 731 975 732 733 883 475 287 315 884 1229 974 614 1167 1413 1224 
1495: 1496 959 1446 167 1357 677 582 
1789: 1638 1233 338 236 848 1534 1639 316 
40: 1638 507 606 1043 465 1522 657 
1016: 1638 917 461 1503 507 36 1076 1582 1134 1278 1417 1408 201 206 275 484 494 1613 1106 1108 1671 1245 1799 287 1092 486 1529 1814 2 289 337 639 688 699 1510 1425 976 207 518 1182 149 274 809 615 811 928 1041 916 1012 87 430 510 1611 1633 1519 1418 
1764: 1717 1059 1112 1066 1129 1357 
1768: 1717 1740 919 525 1446 753 161 455 135 1361 
1771: 1717 959 384 124 1310 1005 1772 1088 354 382 445 617 1041 1481 1564 1565 
1783: 1717 1233 1308 236 1184 1696 928 
1797: 1717 277 464 386 1273 1585 
1803: 1717 186 749 469 436 823 
1804: 1717 1287 606 1369 
1816: 1717 461 480 975 836 181 358 994 974 119 1153 125 123 1429 
3: 1717 
4: 1717 1326 
9: 1717 727 1043 538 1119 888 601 961 764 1444 110 1029 1500 1483 719 
22: 1717 754 19 156 72 577 401 499 1409 
34: 1717 209 268 1006 1542 102 275 391 1147 629 1167 928 267 
35: 1717 1431 278 1593 1655 1183 727 757 19 1145 1146 1542 247 1401 248 979 1119 1229 16 246 1522 274 888 1651 340 1673 1328 871 1279 
50: 1717 333 470 1688 763 1315 1794 391 409 483 1526 266 1056 1111 1609 603 1471 824 1490 600 1562 1708 
108: 1717 828 278 1512 126 1613 1254 1696 728 647 856 1069 1468 1533 1720 619 1053 422 
110: 1717 82 1670 727 606 1436 1794 349 359 769 1066 9 509 
132: 1717 478 726 1145 1146 1115 521 1662 1772 676 936 
146: 1717 1006 875 1444 1357 203 1447 493 
155: 1717 1739 1046 1311 1287 314 606 1146 1714 1286 
165: 1717 1366 732 733 473 876 224 515 
175: 1717 468 1126 903 1401 1446 1701 643 1172 584 173 1583 174 
176: 1717 828 1269 1165 1233 657 
188: 1717 507 323 1248 
194: 1717 1739 828 1503 1285 1456 1799 338 1032 257 337 1143 1616 310 886 512 1164 272 
195: 1717 1774 564 881 890 849 1420 1468 371 1015 1543 1580 
197: 1717 872 870 
205: 1717 1388 881 461 558 314 606 709 1008 455 304 522 1320 301 447 931 
218: 1717 352 
223: 1717 887 661 1076 989 1059 1741 594 477 
276: 1717 881 278 558 83 1023 1146 360 544 248 1229 1522 193 274 1415 1416 1744 55 1601 619 767 388 784 916 1320 
279: 1717 1002 659 1736 1097 
291: 1717 1593 734 733 843 827 1413 1087 1795 1646 1459 1338 992 301 999 
310: 1717 478 991 1663 1308 657 194 1482 712 373 1590 
320: 1717 558 1593 730 1657 1065 1578 245 473 809 1722 
354: 1717 1775 564 507 529 1593 1635 1183 114 759 1287 732 733 535 1023 270 846 539 798 662 929 521 1308 724 682 976 336 319 1771 303 659 357 626 1806 53 301 1591 1125 1395 1035 1293 931 
355: 1717 731 975 732 733 1202 1145 1146 287 1002 119 569 1142 
371: 1717 1206 1593 323 586 524 657 195 213 
387: 1717 652 97 987 1116 
401: 1717 1760 822 1331 895 1445 1635 263 1146 525 368 1428 1657 1741 849 486 22 229 823 1241 617 1639 1142 
418: 1717 891 1066 1070 712 
439: 1717 1074 186 1193 
457: 1717 1593 1682 1247 263 19 1025 586 1043 1450 1461 455 462 659 357 304 224 749 1050 1250 293 1723 1095 992 1124 999 747 1175 
459: 1717 
462: 1717 456 461 1487 1595 82 1636 190 1711 734 1247 1236 314 596 733 97 1023 525 1741 287 1043 870 561 1171 455 319 457 1744 1778 68 70 229 249 260 316 317 412 1095 1001 1521 1167 633 1209 782 1533 1555 664 
469: 1717 1331 1794 379 929 1803 1292 301 343 748 747 
522: 1717 881 895 1474 984 558 1636 138 314 606 1637 1020 1023 1422 186 349 1060 1642 933 682 976 1133 533 1520 205 1652 1744 1772 45 141 406 1340 1215 723 1619 1130 649 1291 784 1193 1437 
548: 1717 1161 887 1635 1186 725 145 883 308 1420 1184 1066 1150 192 
588: 1717 478 1354 278 1487 476 1640 234 1217 727 734 636 18 230 200 201 206 1106 1245 1757 245 337 1112 1735 207 336 856 149 1090 1639 12 723 1130 1167 664 928 
601: 1717 461 1556 1655 1287 314 883 19 97 1266 379 475 546 1741 5 998 849 1043 236 1144 1420 682 246 477 528 1402 1696 95 455 20 1527 9 99 343 1201 961 1727 1500 1365 604 1413 1286 1580 
604: 1717 869 461 94 618 725 727 804 729 883 19 97 86 161 1119 236 682 77 1402 20 601 99 1129 1365 1500 449 1022 1580 
612: 1717 881 1671 304 550 
627: 1717 1233 1020 86 1401 1446 953 886 737 936 
634: 1717 822 1446 204 562 1208 744 879 388 499 
637: 1717 347 1412 1431 461 480 1271 1046 558 49 605 1123 121 1655 142 143 1165 692 221 652 739 636 1048 1408 743 1272 1229 1144 682 1790 246 1450 976 848 1534 398 577 1651 340 362 814 1416 1659 1673 284 1164 59 317 434 1727 965 1611 
653: 1717 881 895 1233 606 1013 1535 650 533 745 749 678 670 301 748 747 1322 
663: 1717 1582 1233 1059 1308 407 398 406 396 1623 
668: 1717 1321 1593 300 
669: 1717 1406 1655 1148 652 97 379 1145 1146 1542 58 1434 1147 1656 93 380 728 92 878 
671: 1717 1354 1655 214 358 313 55 904 
676: 1717 1593 1655 1186 1446 20 132 282 
704: 1717 1400 1046 475 1272 928 1568 
705: 1717 456 475 1423 1208 898 
708: 1717 262 1228 86 1115 884 838 446 1581 1374 
712: 1717 727 1402 310 418 388 1227 1779 645 689 1087 957 932 1125 
713: 1717 1371 60 1439 1441 1614 1670 1672 1417 883 1449 1120 1741 1002 1262 1440 1719 684 972 1508 916 930 
737: 1717 427 1636 314 596 1367 627 620 685 367 563 1382 
746: 1717 1794 525 247 1446 1526 1308 594 182 1167 1241 996 1704 
747: 1717 1331 494 457 469 653 659 1292 749 1087 286 1547 748 750 
764: 1717 881 558 1612 1635 1658 190 1287 185 451 1023 102 275 1420 9 659 1742 357 1795 282 438 578 678 1602 992 1286 1291 1313 1189 
771: 1717 226 268 590 102 323 1470 1220 1156 662 464 489 1308 629 407 772 961 1357 98 366 955 813 1067 
788: 1717 564 1651 1292 530 996 
809: 1717 828 564 1354 1487 1503 507 1076 1593 1582 1165 1183 692 727 314 606 97 1202 1542 525 102 391 1102 1120 1741 1578 755 1308 594 629 1420 245 380 477 569 1066 772 657 505 1016 320 659 690 1328 1477 973 1012 1330 886 894 1069 
813: 1717 507 787 762 424 1266 323 1401 1470 1220 772 771 144 961 1320 1201 687 1284 366 955 
834: 1717 1503 43 1794 839 88 102 753 933 20 614 1695 1444 284 1105 1235 1209 
864: 1717 1384 263 739 97 1449 753 58 1475 643 728 151 
877: 1717 18 1812 
896: 1717 1760 599 1687 762 204 562 208 
936: 1717 1595 1682 1217 652 1297 97 243 450 1156 1353 1563 1133 518 132 627 274 295 802 
938: 1717 468 57 106 1700 847 1657 1547 178 244 373 715 1554 1722 
939: 1717 1748 94 787 1013 1408 270 1014 1420 304 1140 1332 1590 
947: 1717 278 558 1145 1146 629 95 1520 1743 
961: 1717 507 1040 1593 1294 0 24 275 323 391 845 1470 1220 1741 1799 1002 1756 477 876 1534 211 772 1027 9 601 771 813 274 366 955 1673 
963: 1717 1681 894 
970: 1717 1020 376 577 442 
983: 1717 1593 236 473 1742 1743 406 1720 1209 
985: 1717 1354 496 558 1640 263 318 1794 323 494 1276 1032 236 1584 245 335 607 1696 969 1027 645 
986: 1717 1786 324 702 1233 763 858 1202 1787 489 1788 517 640 1291 1698 
1003: 1717 356 1206 1128 1542 359 1327 1452 1626 1127 1641 1712 769 766 1744 41 238 655 811 885 988 1377 1647 1030 1045 1695 
1029: 1717 480 1287 606 18 1202 1023 494 533 1527 9 1203 823 343 
1050: 1717 456 507 134 1799 884 870 1308 93 569 772 455 457 1479 68 178 302 922 1555 
1063: 1717 1076 1670 1733 975 596 1428 1111 594 44 397 688 1195 1573 760 432 39 672 1419 
1073: 1717 734 732 1202 1229 16 976 577 888 1083 1257 
1087: 1717 478 347 691 1033 1612 234 1049 221 1297 804 733 1794 962 709 126 899 1449 1102 1584 643 699 1112 1047 1090 291 712 747 362 1779 104 914 
1088: 1717 478 525 590 1446 465 477 614 1771 1746 99 406 493 805 1521 1292 
1098: 1717 478 18 379 1422 360 207 811 64 361 499 1197 31 220 312 
1117: 1717 895 883 1525 1145 1023 1146 1542 730 161 594 1014 1420 659 745 829 1376 
1168: 1717 347 594 1187 
1179: 1717 97 1676 820 
1189: 1717 427 558 1636 1134 642 273 185 1266 379 378 409 1446 1147 646 308 242 380 699 728 1573 398 1150 764 857 1216 1279 1158 53 251 396 1469 1602 1731 
1199: 1717 887 1287 652 18 19 1542 989 1059 897 
1223: 1717 842 345 843 844 1434 1181 1353 1275 603 1170 1159 568 1633 1360 
1237: 1717 1786 1400 1431 570 82 1655 409 475 1102 1741 248 849 521 1043 1092 1307 380 477 848 706 1651 303 853 916 
1255: 1717 881 890 558 1593 318 1315 606 1023 1301 1741 287 1379 933 629 1008 443 303 659 208 302 316 790 826 928 1030 1104 1610 1611 1466 1279 
1281: 1717 114 1280 579 416 
1292: 1717 564 347 881 959 1033 558 1593 1165 727 1145 364 124 1327 1649 1254 1799 13 929 1295 1272 157 681 1066 772 469 747 788 1088 1320 1746 71 301 381 395 530 631 687 697 720 749 799 820 1021 1041 1459 1734 1480 1702 1553 1451 
1323: 1717 881 606 991 933 1761 255 
1325: 1717 178 
1326: 1717 1498 495 558 1614 725 228 1417 1446 248 1584 1440 718 744 856 1634 4 660 1639 1769 1791 901 972 1683 
1328: 1717 1751 1348 278 1537 558 1595 82 94 1682 1183 727 734 757 250 763 258 1148 1287 732 733 83 1202 1339 379 1145 1146 1542 102 247 275 1449 494 1096 1664 1245 756 1309 248 287 338 884 521 1578 1092 1609 1147 1229 1240 1262 1307 1310 306 380 547 1522 1170 1093 953 1208 1066 1527 35 809 1080 55 127 350 502 541 610 664 690 693 874 900 954 955 973 980 1055 1203 1204 1286 1330 1555 1615 1617 
1352: 1717 709 161 1150 
1357: 1717 1775 507 558 1593 696 1726 1058 43 1287 145 1525 525 247 875 1401 1446 583 1276 1471 119 728 95 505 614 1495 1764 146 771 659 821 1444 1630 208 493 1022 1160 1174 1462 1447 
1360: 1717 590 844 1434 1353 603 1223 568 1633 
1377: 1717 480 252 558 605 1635 725 261 263 18 525 270 753 994 699 1463 1184 319 505 1003 1811 1084 284 1215 63 499 255 808 123 410 589 1518 1506 1397 
1392: 1717 507 558 102 124 1446 528 1524 1005 95 1182 299 505 1732 1364 1304 610 741 
1397: 1717 1503 1593 1233 845 1377 125 1227 955 
1418: 1717 498 1635 138 263 1202 1272 1016 829 678 41 773 
1429: 1717 1233 873 1143 1816 1174 238 566 
1469: 1717 558 1076 696 1525 1006 58 647 614 1189 659 224 1615 
1476: 1717 277 1593 642 285 836 679 1096 1649 1645 460 577 386 1568 177 426 
1490: 1717 1536 1537 142 727 494 345 994 1515 313 1522 1170 1527 50 64 916 591 677 
1501: 1717 1503 702 734 733 1339 134 24 126 1428 989 1059 798 1578 643 594 119 648 686 224 280 454 591 
1518: 1717 347 1033 558 606 1023 525 1301 1119 1184 1008 1377 443 1415 1361 928 1215 1340 63 255 1209 1279 1611 178 434 
1530: 1717 1548 83 161 686 1405 1765 1410 128 
1546: 1717 18 1446 89 1241 
1568: 1717 1700 727 801 1120 1471 704 1476 545 616 96 600 
1579: 1717 1487 558 734 1436 372 1340 782 
1580: 1717 252 883 195 601 604 829 410 
1585: 1717 277 757 464 594 1797 361 1467 367 
1590: 1717 1076 1593 692 1446 505 310 939 912 373 
1594: 1717 142 725 975 248 1043 974 1093 1195 1437 
1602: 1717 427 558 1595 1636 1247 636 1202 379 378 1147 242 398 1150 764 1189 1705 53 251 396 
1615: 1717 1371 661 1548 1670 1311 702 1542 1401 679 1120 1254 345 933 489 603 1229 643 523 524 648 1328 1469 889 411 1409 1257 1617 
1617: 1717 417 1503 1183 1285 1013 379 1272 1229 686 1328 1615 874 
1620: 1717 636 463 
1625: 1717 661 480 114 1233 399 1272 363 204 428 286 
1639: 1717 6 478 327 1400 1351 476 480 495 558 1595 1636 234 117 1233 233 758 762 596 1525 97 538 1272 755 643 486 479 751 1634 1527 1789 401 588 1326 1747 235 1769 1810 178 192 300 434 550 811 1485 
1644: 1717 558 682 
1659: 1717 1582 1165 114 636 1145 1542 364 88 181 1741 1475 849 1584 643 380 1493 637 1035 1235 1676 
1699: 1717 1548 314 606 379 1542 1147 1240 569 888 1340 1545 
1704: 1717 532 1076 696 1006 1411 1515 538 505 614 746 301 1553 973 
1714: 1717 478 18 155 1651 1652 316 
274: 1739 1760 1354 347 1400 278 558 1595 1636 1131 1183 692 1233 731 1247 757 758 652 214 314 975 596 1013 97 1202 1145 1023 1146 1542 181 186 243 275 1401 1060 1701 1254 1280 1799 161 248 287 315 1426 1434 979 994 521 1043 1065 1272 1147 1229 974 1014 119 694 1713 848 1522 1170 1093 1661 1008 1256 533 1520 1135 193 651 1016 35 276 936 961 1744 1777 123 148 827 832 886 1416 1467 458 1012 1022 1035 1081 1601 1610 649 654 1169 687 1209 1725 1415 748 284 1320 
383: 1739 1595 1183 739 97 379 1145 1408 743 1146 1542 378 376 399 870 380 1661 1187 312 1409 519 1674 
888: 1739 1548 1046 598 1183 727 757 1287 214 1023 359 1401 1120 1254 161 248 287 979 1043 1111 870 1420 682 246 306 561 1697 9 35 1073 1699 55 74 163 170 219 488 560 591 616 814 1080 1219 916 
1651: 1739 1400 1431 1635 1655 143 1691 754 263 732 733 606 636 1145 1146 360 483 884 306 335 1170 1008 35 637 788 1237 1714 406 530 1193 1333 1467 1564 1652 
135: 1740 919 97 1626 464 119 1768 144 
443: 1740 1751 480 1249 763 1315 1525 1146 590 200 201 206 1327 1387 1446 1106 1245 1272 1814 81 240 337 1424 1112 207 1759 1255 1518 591 15 89 973 857 1511 
1393: 1740 263 1146 86 391 484 1389 316 1084 
1193: 1748 1780 1366 1287 975 525 774 140 1401 583 1529 1170 439 522 1651 1286 1619 1564 608 406 1103 1746 301 
42: 1748 1156 1112 447 
256: 1748 305 347 1503 1311 696 732 1339 525 270 1649 1712 1143 614 284 139 
790: 1748 327 347 1406 1503 498 558 1076 1165 114 696 739 1339 230 375 1006 1294 156 124 186 349 1014 157 1255 1293 1444 351 631 1722 1345 1604 1355 1291 1447 
941: 1748 787 535 792 375 1814 1069 617 213 540 216 466 
1024: 1748 828 1635 270 844 1174 
1069: 1748 305 356 881 1503 54 114 1128 636 792 19 97 1339 1266 1006 186 1060 1127 1649 722 523 644 1187 1527 108 809 698 941 301 670 
1811: 1748 828 1635 1339 364 341 331 1184 1377 284 1215 255 63 808 1105 
1320: 1760 881 895 1412 278 461 984 558 599 1636 1655 1665 138 1687 221 314 606 1637 1525 1048 1145 1023 1408 1542 1226 756 376 1420 1133 1008 533 193 1090 205 276 813 1292 274 1744 1601 649 654 1725 1772 388 164 550 608 695 775 778 784 786 826 912 934 1486 1549 1409 
199: 1760 763 248 345 1353 1229 89 1465 677 
350: 1760 1076 1733 1794 962 393 1428 1663 753 489 852 699 856 1328 432 362 1083 776 
579: 1760 468 599 106 1657 486 1281 178 85 499 735 
1142: 1760 324 908 1321 1670 596 345 1346 1375 1263 1353 744 518 355 401 608 640 39 53 537 568 592 
1442: 1760 643 1814 528 
1552: 1760 598 1240 643 1184 1195 1652 300 1769 386 954 
1416: 1774 461 984 558 1655 696 727 759 43 606 1013 636 1048 1023 1146 364 86 247 475 1741 884 849 1014 1144 1420 477 1450 1112 953 1008 51 193 1527 614 276 637 274 76 89 184 550 626 715 784 996 1601 1486 
1772: 1774 881 890 1412 984 1503 558 1636 1711 1233 1287 384 314 606 1637 636 19 1023 0 186 270 275 1060 722 287 321 1307 1420 1011 1008 744 533 1520 193 20 319 1027 1771 132 522 1286 810 1744 827 1601 687 1725 284 1320 1743 163 259 382 442 445 617 695 784 821 880 911 912 934 1041 1121 1140 1215 1340 1413 1465 1481 1486 1533 1618 
352: 1774 54 349 218 585 357 212 
928: 1775 1780 461 503 1046 739 97 379 1023 873 448 1613 730 1226 180 998 1578 1214 1240 81 552 562 910 1425 1218 1016 1783 34 588 704 1255 1518 1678 406 235 1517 1769 300 89 96 133 178 267 325 395 491 493 721 736 1347 1374 1030 1544 1680 1302 1174 
1230: 1775 507 268 247 773 1398 
1329: 1780 478 1134 215 1236 975 1202 1741 559 643 1420 699 956 284 1435 965 1564 158 70 1084 1565 
1079: 1780 478 181 200 201 206 1449 1106 544 1641 1245 753 287 1043 246 1425 1009 953 207 211 1759 577 149 1795 96 127 316 543 1284 
1468: 1780 558 692 709 1761 1563 657 108 195 99 28 373 901 1533 
46: 1780 478 278 1487 1595 1603 234 1670 1049 221 228 759 1297 97 230 1023 243 1649 1584 643 1793 1433 1112 1047 1066 765 1732 104 96 1167 98 1779 1118 1246 412 913 
474: 1780 391 679 483 484 5 58 933 477 728 217 1194 916 1720 993 
711: 1780 564 1046 1233 725 727 729 1525 230 140 270 1446 991 1147 682 1669 1402 1534 1164 1216 
967: 1780 1582 1233 975 399 994 119 976 
1164: 1780 1366 887 461 480 503 507 1033 558 1593 1287 314 1525 535 97 451 1023 903 140 270 1453 991 152 849 1272 1147 1308 629 1420 1184 1008 1520 1527 194 637 659 829 1652 1517 711 98 840 841 850 1130 1209 1702 
63: 1786 727 606 525 331 533 1377 1518 284 178 1215 255 1811 499 589 808 
517: 1786 1595 702 858 1787 264 1788 335 986 640 1698 
1304: 1786 476 495 1217 18 97 1446 1108 335 699 1524 1392 1732 1647 
1710: 1786 1128 
1479: 1808 138 1287 1236 1013 636 1146 364 270 1446 1741 1272 93 306 976 95 533 1050 1732 540 542 1136 1630 
1288: 1808 659 
203: 6 1349 480 498 558 1282 409 1706 335 1433 728 146 1732 62 1566 118 1316 12 173 189 901 
738: 6 478 1394 278 652 733 206 1446 1245 338 1584 643 1420 207 577 1634 458 300 98 1174 1633 1213 
1482: 816 818 819 817 210 536 310 1778 641 
1200: 816 818 819 817 507 210 1791 1643 
373: 816 818 819 817 1131 234 210 156 991 843 777 310 938 1590 1468 1444 1447 490 
125: 305 1366 1487 1503 262 100 1278 215 214 475 1108 753 1741 37 345 849 1420 313 397 477 1143 1816 1397 659 1035 316 1293 1241 208 749 1692 295 
659: 305 818 1354 1331 347 356 691 427 470 1503 496 1033 1040 558 54 82 1635 638 1165 1186 114 1711 696 1058 239 263 43 1315 1794 836 709 839 1006 1422 102 124 181 186 275 349 391 1401 409 1446 1456 989 484 1507 494 1526 1018 1025 1108 539 1059 1649 1712 1254 1741 13 264 321 897 1513 554 1578 1622 1119 755 553 724 72 523 571 1735 95 1109 279 354 457 747 764 809 1117 1255 1357 1469 125 303 1807 85 118 139 159 259 290 301 304 348 551 602 633 840 841 1382 931 935 1447 1465 1480 1483 999 1511 1538 859 1077 1591 1083 1630 1164 1175 1730 748 749 750 1260 1288 1316 
432: 305 356 959 1503 532 1076 867 1165 1682 154 1688 966 1733 727 384 1794 1339 134 186 237 393 1428 1663 489 1229 1242 643 486 594 629 397 1531 1143 1063 224 811 15 1419 1485 362 1342 350 1801 1769 958 1225 851 776 1273 768 1562 
575: 305 347 353 691 470 1311 1186 696 226 1315 836 349 1507 1712 10 614 789 
717: 305 1503 638 1339 
778: 305 558 606 1023 1146 1379 1144 319 1320 608 695 784 912 934 1486 1340 826 
857: 818 817 1354 887 959 480 1691 727 1128 590 237 247 845 1449 679 1456 483 1127 756 1309 1755 399 933 1065 1578 1272 603 1229 1317 594 1814 232 479 1424 728 657 1189 15 430 443 1110 11 1464 1720 1241 973 1273 863 1511 
823: 822 1635 117 1670 727 226 32 368 1657 662 477 1803 401 1029 1734 
1340: 817 895 1412 435 1474 558 1614 234 190 226 815 314 596 606 1637 1794 1145 1060 662 1043 1272 603 289 1133 1195 1008 533 1520 193 987 20 319 1090 522 1518 1579 1699 810 123 1601 687 1725 284 1772 911 698 343 608 912 1486 997 1801 198 445 442 1140 1215 255 283 550 589 778 808 1000 1465 1538 
148: 828 1614 142 1236 733 487 475 1641 1671 1741 248 489 1513 521 1043 477 1440 953 274 1730 585 794 
303: 828 1331 507 1089 1711 739 1266 1542 1428 1741 1375 1353 1310 257 772 354 1237 1255 659 284 904 302 1791 1676 187 301 
1818: 828 1487 1524 1363 
15: 828 1331 959 480 1033 1339 590 247 845 1428 1449 483 1245 399 933 1065 1272 603 1229 1814 204 232 240 337 479 562 1424 1450 1170 751 443 857 432 863 1549 11 317 1511 1720 430 
41: 828 356 887 498 1206 1076 787 1165 734 1128 847 124 359 1327 1452 1626 1127 1641 450 1712 769 376 766 1367 594 1003 1418 224 430 1695 348 198 1570 1030 1647 850 213 238 885 655 1553 1045 286 
56: 828 732 606 753 1307 
131: 828 324 1269 215 1266 243 391 475 328 682 335 477 1112 1141 1520 865 616 192 767 
192: 828 324 1512 495 558 1582 106 200 206 1245 1656 335 337 479 1425 207 211 1759 577 865 956 149 548 1639 62 131 1633 1533 782 
302: 828 480 507 1165 1711 1315 1266 1542 360 1446 1115 1389 337 569 1425 1696 772 336 956 505 1050 1255 904 303 406 301 1676 1051 
325: 828 793 451 928 
348: 828 356 753 5 1272 594 1756 1782 2 137 1008 659 1695 41 545 655 918 238 1030 187 1264 
361: 828 1474 425 1089 142 1183 567 754 883 97 0 360 1446 1240 629 1788 1798 477 1399 157 681 1098 1585 365 64 1110 116 
1654: 828 1132 739 1146 
1105: 828 1349 507 1567 97 903 1119 1308 119 976 834 773 1811 633 808 
1110: 828 86 237 753 1741 857 361 
1124: 828 887 417 498 507 1561 1582 226 757 1285 1202 156 662 72 477 1008 457 
1261: 828 842 1258 172 328 843 844 1263 1181 1353 1275 603 1262 1170 1260 1257 1633 
1511: 828 887 959 480 1269 1503 1076 1089 702 1339 590 845 1449 483 399 933 1353 1065 1272 603 1229 594 1814 232 479 686 1424 157 657 879 659 15 430 443 857 863 1273 11 1464 1722 1720 
1172: 828 1233 1449 287 586 1251 2 254 953 681 175 882 
1342: 828 347 887 1487 470 1503 532 1076 1089 599 1132 1233 763 800 801 124 1428 1446 1449 989 1059 1663 1741 315 1578 1272 594 477 703 224 123 617 432 286 752 
1570: 828 887 1503 495 507 739 364 288 1245 1043 1367 93 1171 773 615 1506 1695 343 41 1647 238 885 1779 
1575: 828 1145 1146 1147 534 1341 
1763: 307 881 1076 570 1635 1247 1287 273 732 606 19 1146 364 156 849 1272 852 72 1286 224 1084 
284: 307 278 984 1593 138 1417 800 801 314 1525 636 18 19 97 709 525 364 156 124 126 140 243 270 360 1701 798 321 1346 662 1295 1475 1584 594 724 1420 682 346 477 1008 681 1066 518 398 20 319 637 834 1377 274 272 303 1329 1772 624 256 1811 1057 1796 63 178 219 271 1340 589 1611 982 1121 999 1000 1514 513 1409 396 1175 1443 808 426 1679 
316: 307 456 461 1487 1595 221 652 1297 636 97 156 298 1428 248 1375 994 643 686 699 953 455 1789 462 1255 1714 1079 1114 224 649 1409 1393 125 1167 1769 1810 98 1345 723 1130 775 1174 
340: 307 347 869 1046 1655 727 185 636 1145 1146 1542 360 1706 1741 341 1475 1420 1814 254 20 35 637 295 
1491: 307 636 
362: 478 1331 1366 1076 1635 1670 1733 606 1794 360 391 393 1428 1551 1663 1741 489 1471 240 1440 637 1087 396 1409 1611 955 432 1801 350 776 1502 
811: 478 277 1394 468 480 1512 495 599 268 806 181 200 201 206 1626 1127 1226 1245 1755 399 236 486 1450 1399 207 211 1187 1016 1003 1098 1639 1081 164 432 434 958 1485 1376 1633 
1601: 478 347 881 1412 1431 278 951 984 558 605 1636 759 314 606 1637 1525 1048 97 1145 1023 1408 1146 124 360 1446 1453 483 1507 1642 1254 1272 1308 1529 1133 1008 533 1135 193 319 276 274 1416 1772 481 1320 80 784 1340 164 649 654 
1809: 478 
39: 478 661 1595 214 19 161 266 1263 648 51 1063 814 640 73 1142 1708 537 
85: 478 1593 121 1700 268 247 1663 399 629 245 477 659 217 579 
98: 478 1487 476 1595 1165 114 1233 221 734 1249 652 1525 97 156 1032 1119 1584 643 77 607 157 614 771 1164 104 1409 96 316 1444 46 738 680 
104: 478 1487 476 234 1670 1700 1049 1217 1247 233 758 1297 1525 962 1023 1408 364 544 1645 376 1584 643 682 77 93 246 1696 518 1520 651 987 574 1090 1087 46 1174 96 98 184 1235 990 127 513 913 159 549 
295: 478 113 652 97 518 936 698 340 125 802 
309: 478 564 1321 1046 1076 1183 221 757 758 759 1254 477 1459 
430: 478 60 480 82 47 743 590 884 521 1272 1814 477 569 1440 1461 1016 1012 15 857 863 41 946 1464 446 1511 
453: 478 564 480 636 140 206 875 1446 
988: 478 480 1655 1133 577 1003 1673 133 1234 
1544: 478 1548 1064 161 1308 477 1135 928 1652 1167 1080 889 775 
1572: 478 1183 221 757 1052 
584: 478 353 570 1126 975 18 1401 489 974 175 1583 173 174 
1543: 478 1384 1548 360 152 1308 1440 1135 195 1167 1080 497 885 948 
1130: 478 1371 872 692 731 1567 734 1128 732 733 739 883 97 206 1626 1245 338 1475 870 699 1093 207 505 522 588 1164 316 745 1795 343 441 506 855 871 
1174: 478 1474 1089 725 226 991 1584 643 1790 473 1135 1455 1634 1357 1429 104 928 312 96 516 316 1024 738 909 1213 
1213: 478 221 739 1525 929 1634 1174 738 
1246: 478 1595 234 228 1249 364 753 337 46 1600 
1257: 478 842 927 1687 134 1258 172 843 844 1181 1353 1043 1275 603 1262 1307 477 694 1531 956 1073 1615 217 1260 1623 1633 1261 
1293: 478 347 887 476 1503 507 558 1593 1165 1183 114 692 696 1233 759 1287 652 145 1013 1339 1006 1023 1294 124 186 247 349 1449 544 583 1245 933 1014 1144 1420 335 477 699 1184 1027 354 1286 125 821 1444 790 198 625 1447 493 1291 701 
499: 324 1388 1498 504 1206 605 1247 729 314 1034 247 1656 1793 1800 1425 976 1112 1208 777 1218 22 634 1098 1377 127 579 63 675 826 1129 
568: 324 842 1595 1670 172 345 844 1434 1263 1181 1353 1275 603 1119 699 1159 1223 1360 640 1158 1142 1722 1633 537 
640: 324 1595 1670 1233 1417 345 1263 1353 477 686 986 1142 517 39 537 568 
782: 324 1165 1183 1700 1233 1202 525 1018 58 876 706 956 1697 462 1579 192 1330 1361 1715 
1749: 327 1371 461 503 599 1670 1233 636 393 1663 248 1353 1275 603 524 760 
1810: 327 881 456 495 558 606 230 1023 206 1245 338 1584 1425 207 211 533 1639 316 1313 1517 1215 789 826 
1815: 327 1670 1165 1688 975 1449 1229 974 1195 293 1338 
128: 327 161 643 246 1530 
178: 327 917 1445 1667 1700 1233 1567 261 847 1060 1226 1657 662 884 1240 486 1310 1184 938 1050 1325 1518 1639 687 284 928 434 300 579 1084 1215 63 255 1235 1554 1558 
225: 327 887 1406 1512 570 1593 1582 1233 1145 1146 1475 629 1420 81 335 286 
255: 327 917 1474 984 1046 558 1636 1186 226 1128 754 800 1637 1048 1060 753 1379 662 245 289 1008 319 1090 1323 1377 1518 687 695 912 1486 1340 550 178 1215 880 1811 1681 63 826 589 1000 1680 808 
300: 327 369 1394 1046 1560 1165 1183 966 734 214 733 606 83 1146 1542 806 1102 1706 1671 753 1092 1240 1471 643 486 1009 1516 668 1639 1114 928 1652 1347 1485 1552 1769 1795 178 775 1345 738 1021 386 1413 1683 1703 
667: 327 1671 577 1140 
1361: 327 472 1768 1518 608 782 
1632: 327 1446 
1383: 327 32 
775: 327 1636 1134 1567 596 606 1146 1196 1320 316 1652 1486 481 1545 300 826 1338 1544 
550: 327 895 1445 558 1166 263 314 606 1794 1023 1542 525 1147 1529 682 289 837 1008 533 612 1639 1416 649 1320 1319 388 608 912 1340 1545 304 255 905 1451 
386: 1348 1394 472 598 215 1417 801 1034 156 126 298 544 1626 1653 884 1308 1009 577 1797 1476 1081 1177 1652 1485 1538 300 1552 1345 780 1683 680 1666 
948: 1349 262 590 753 933 1317 1543 
1061: 1349 461 1582 1655 725 754 733 58 328 870 1656 486 728 62 
249: 564 872 1487 731 1196 1106 248 870 1307 455 319 462 591 922 918 871 1555 68 1588 70 184 1095 1539 1290 
377: 564 1406 461 1655 1233 757 1148 606 933 1240 1144 1747 1673 66 
411: 564 1767 732 733 989 594 313 523 686 1615 
515: 564 847 1428 1449 152 1317 165 1694 
530: 564 97 788 1292 1651 1652 996 1333 1707 
545: 564 278 1165 47 606 1794 156 24 287 594 1144 1589 1568 1015 229 348 184 716 
689: 564 60 734 975 1229 686 694 1510 1522 1531 614 712 454 1081 55 490 75 
1486: 564 881 558 314 97 289 1522 533 1416 1320 1772 481 1340 255 678 775 778 
736: 564 570 1049 97 755 1433 976 1141 718 928 1565 
1209: 564 503 558 1593 599 1636 1287 1013 19 97 1023 156 247 1229 1308 1014 1144 1420 72 533 1187 455 420 1070 462 834 983 1518 274 1164 670 301 1443 
784: 564 881 605 121 696 759 314 596 732 606 1013 1020 1048 268 1145 1023 1146 186 360 1060 730 1379 1043 1014 1144 1420 1047 1133 1008 276 522 1416 1601 1415 1320 1772 926 388 229 481 778 780 1459 1437 934 
1167: 564 1371 872 1441 1487 558 1076 1655 190 1049 692 731 734 754 261 732 733 18 839 134 364 806 1766 206 270 1645 1245 58 161 338 1475 870 643 171 1587 1093 1208 777 207 455 20 1094 34 462 588 746 62 527 316 922 745 167 1791 1795 46 141 184 220 855 871 1544 1543 
916: 564 1358 470 480 1503 1536 1537 1593 100 143 702 1287 214 975 636 83 1023 1146 1449 494 1532 1226 180 248 287 345 884 1432 1043 1092 1147 1229 460 974 236 1420 1790 313 335 1531 1170 1661 1184 1016 276 713 1237 1490 888 224 1081 591 1312 163 55 474 75 112 674 677 894 915 
1364: 564 1766 1392 1021 1728 741 
810: 564 329 1503 1046 1635 1665 702 263 314 181 845 1401 1449 1526 1254 756 1309 266 933 1307 1310 1800 477 523 1405 1424 953 1719 824 533 1605 1772 1340 
922: 564 347 507 558 142 692 727 843 477 1522 728 956 1616 1182 1050 1415 1167 249 1466 1303 
814: 564 1076 1165 1186 1249 1287 636 1202 1145 1146 349 1446 546 1741 376 521 1272 1584 1144 682 1402 1534 1493 637 888 745 39 955 1680 
406: 842 1131 221 314 1145 58 825 171 313 407 1112 777 522 663 983 1088 1651 1279 928 302 317 1746 99 167 1598 624 1193 
1260: 842 927 1439 1548 558 1614 1417 1202 1339 1258 172 843 844 1432 1263 1181 1353 1043 1275 603 460 1262 246 976 659 684 930 1227 1802 1257 1623 1633 1261 
1633: 842 496 1593 1700 1446 1449 494 1258 172 843 844 1434 1263 1181 1353 1275 603 1229 643 724 699 953 1159 1696 1527 1016 1223 1360 811 1260 827 748 192 1257 293 467 749 999 1261 738 568 1600 
283: 333 1688 314 606 37 1277 533 797 1340 1680 1562 
1680: 333 1688 525 37 1092 643 1093 1184 1277 928 797 814 255 1555 283 1562 1565 1198 1154 
797: 333 461 1688 636 200 37 646 1308 1529 335 1277 211 1680 283 1562 
1562: 333 1688 727 37 646 1277 50 797 432 283 1680 
829: 1354 1406 252 1148 739 364 1060 1155 450 1741 58 998 335 477 1735 1117 1418 1580 1164 290 685 721 1715 1382 1157 1151 
886: 1354 691 1431 1593 692 727 1148 1287 1794 379 1145 1146 1542 525 181 1446 475 450 1741 849 1147 1308 236 380 477 319 194 627 809 274 1286 851 1330 1734 1252 
76: 1354 1233 24 1428 1578 837 1416 
89: 1354 867 1635 1233 636 86 1452 753 586 1272 852 594 81 644 1546 1416 928 443 199 863 1791 1480 
267: 1354 507 209 268 1814 34 928 64 1273 
388: 1354 881 895 1412 456 984 507 558 1636 1233 314 606 739 1637 134 1060 1578 724 1133 1008 1520 1090 276 634 712 1744 1320 911 1813 297 301 330 1215 1365 608 934 750 999 784 912 616 550 
438: 1354 727 883 19 1043 1066 764 1337 1743 
616: 1354 347 1371 60 1487 570 1089 1582 1123 1655 1670 1183 1700 1233 727 975 1794 1120 58 1043 974 119 477 523 953 1153 1184 728 865 751 1568 888 1227 388 678 131 767 
808: 1354 1635 606 364 1119 852 331 420 1377 284 1340 1215 255 1811 63 589 1105 
1381: 1354 1089 1233 181 1578 976 1066 614 1140 
1421: 1354 739 1404 
1464: 1354 476 495 1595 726 739 1525 636 97 1327 394 494 415 1295 521 974 755 643 699 1713 848 455 1182 430 857 1511 1413 422 602 750 752 1621 
244: 277 1233 763 938 
493: 277 696 43 839 1006 525 368 875 1295 571 95 455 1218 505 614 146 1088 1357 1201 928 1409 914 1293 1444 1207 620 367 1630 1648 719 166 701 
898: 1358 1687 975 836 1446 1701 180 974 1757 1788 477 523 705 543 968 
280: 1358 1401 756 1309 1457 1310 477 648 1501 1312 
968: 1358 60 975 836 1401 679 989 1526 1059 756 1309 180 248 328 994 489 974 119 160 523 686 1256 649 996 971 1241 898 
971: 1358 661 1503 1548 214 285 975 1401 1449 1507 1254 1309 5 13 180 328 994 974 44 119 523 569 1450 1153 1195 838 1284 1705 968 1437 
1169: 1358 975 1229 974 523 569 274 1080 1082 1279 
863: 1161 1629 702 636 1794 1196 845 1401 1107 1663 1787 287 399 1423 1272 1622 1119 1814 477 686 1424 1694 15 430 857 1511 89 
12: 1161 498 1249 590 200 994 489 337 1596 1112 207 588 203 1241 
854: 1161 975 1408 687 850 
467: 1331 1233 1144 1790 343 1633 
585: 1331 558 1658 393 1663 137 477 148 352 
1591: 1331 354 659 1283 745 301 357 
1466: 1331 1503 114 263 270 989 1059 1657 1493 1255 1619 922 1623 
434: 1366 369 917 1445 532 1417 801 636 1034 1145 1146 806 368 539 662 486 477 706 319 1090 637 1518 1639 811 178 405 1485 1519 905 
921: 1366 1593 774 1619 1564 
1444: 347 691 1503 1089 1165 1691 114 696 1233 97 1339 709 839 1145 1006 1146 1294 124 186 247 349 1626 1220 553 629 1014 477 1669 1402 1534 614 9 146 834 1357 1293 1746 624 98 373 493 563 790 1067 1291 1447 
615: 347 1384 1403 1441 461 480 498 252 503 49 1582 1635 234 966 228 145 883 1020 18 130 288 483 484 1551 1642 1379 1475 538 766 1790 477 699 1450 848 1016 1012 1747 930 1813 1817 592 1084 1473 1365 1283 1681 1570 
1447: 347 887 1503 1076 1165 114 696 1339 709 839 1006 1294 32 124 186 247 349 1626 13 614 146 1357 659 1293 996 1444 790 373 563 1291 
1035: 347 1595 1165 114 652 739 636 97 1243 876 1402 1141 354 1659 274 125 1506 
619: 347 278 1040 1593 1233 32 1065 477 956 108 276 850 
1235: 347 895 507 1593 1266 102 247 1119 1170 1027 834 1659 104 178 1720 
789: 347 353 691 470 1311 1186 1233 1315 836 839 349 1507 1810 575 
1291: 347 1503 599 1636 1165 114 696 606 1339 1006 590 1294 124 186 349 448 399 1065 1420 211 533 522 764 986 649 1293 1444 790 1447 1676 850 
760: 1371 1380 417 959 461 1670 114 731 1010 477 524 1112 1689 1267 1063 1749 
198: 1371 1380 959 1670 726 1767 596 733 606 836 1120 1671 884 1010 524 848 1689 777 533 577 1293 1340 41 
1660: 1371 1380 1635 1670 836 391 524 213 
1791: 353 558 1233 806 360 1446 450 81 93 335 1182 1326 1467 89 1167 303 631 1200 
1583: 353 570 1126 1233 873 489 1656 175 584 173 174 
841: 353 1033 606 772 659 1164 144 1489 840 
1467: 866 498 725 729 554 115 1585 274 1651 1791 735 1488 
1549: 866 609 263 1367 1800 1320 15 
1695: 356 1206 1076 1165 692 1233 727 734 1128 359 1327 1452 1626 1127 1641 1712 769 766 1420 1170 834 1003 1744 41 213 238 348 655 885 1030 1045 1570 1647 1720 
1758: 356 314 237 571 
224: 356 959 1206 1076 642 1183 696 1721 1233 1238 1058 1128 726 1315 812 815 975 1339 451 836 839 134 1422 181 186 237 323 1327 875 1446 679 1452 1453 484 1507 1059 1060 860 1626 1641 1645 1712 1254 769 58 287 489 559 1272 1119 974 594 72 246 523 1378 1450 1170 1662 1143 728 1256 20 614 165 457 1469 1501 1342 1630 1080 1763 41 163 213 316 1334 1205 432 403 1030 916 672 885 
238: 356 887 1046 1206 1076 1128 847 836 359 1327 679 1452 1626 1127 1641 1712 769 152 1263 521 766 1308 1003 1429 1695 41 655 1647 213 348 1570 1030 1224 885 1045 
1647: 356 1206 1165 1128 359 1327 1452 1626 1127 1641 1712 769 662 1272 766 1003 1695 41 655 1570 1304 1030 238 885 1045 
885: 356 1206 1076 1128 359 1327 1452 1626 1127 1641 1712 769 1375 1002 766 1184 1003 224 973 1695 41 655 1647 1543 1215 238 1570 1030 1045 
1523: 356 278 461 1503 763 1148 237 722 1251 44 397 694 1378 1170 1689 1195 1256 1066 1465 322 
1030: 356 887 1206 54 1076 1593 1089 1635 221 734 1128 606 247 349 359 1327 1428 1452 1507 1626 1127 1641 1712 1220 753 769 766 594 2 335 477 523 686 1184 1003 1255 224 928 1695 41 655 1647 213 238 885 348 1045 
655: 356 1512 1206 1165 1233 1128 359 1327 1452 1626 1127 1641 1712 769 766 1367 1003 1695 41 348 1030 1647 213 238 885 1072 1675 1045 
1045: 356 959 1474 1206 1128 86 359 1327 1452 1626 1127 1641 1712 753 769 884 766 1531 1003 1695 41 655 1647 238 885 1030 
1676: 1380 558 1233 226 1058 32 448 211 772 1179 1659 302 1291 303 935 1675 
871: 872 1487 49 1595 1711 731 734 732 18 230 1196 126 870 569 1093 518 1605 455 35 62 1130 1167 723 249 68 1555 1290 
1684: 872 733 870 1307 1814 1795 
1745: 1384 558 1655 1700 1567 261 145 733 1146 364 1108 
625: 1384 145 1294 753 58 884 1814 728 1293 1781 
779: 1384 1593 124 161 825 1066 420 1227 357 780 
1037: 1384 461 1655 725 754 1283 1363 286 1492 1138 26 253 
1746: 691 558 1593 1603 696 43 1794 97 1266 1294 102 247 875 1446 1308 594 629 407 571 777 95 182 336 1218 1027 614 1088 1292 1201 406 1444 1193 99 821 139 167 580 624 1521 1630 
92: 691 652 793 606 1202 399 93 669 
1545: 691 1548 1064 114 1794 1145 1146 994 1002 521 1147 1308 119 477 1135 1699 1621 1080 889 550 485 775 
935: 691 36 424 1229 659 1676 1083 
1289: 60 143 1287 1007 1449 1741 248 345 521 1317 137 1195 1241 635 
1765: 60 480 1548 214 975 83 1401 248 884 1353 137 1522 1153 157 1530 1410 73 1312 1806 
55: 60 927 1537 1064 1089 100 1122 1183 1278 113 215 727 221 226 757 759 263 214 975 636 1794 83 1202 1401 1626 1671 58 248 287 979 1043 1092 1229 974 1307 1317 119 313 523 569 848 1522 953 1153 51 577 276 671 1328 888 444 217 1777 458 591 916 163 1795 689 690 1139 915 914 
1284: 60 975 134 525 1059 1043 974 1790 2 119 246 313 1171 1719 1153 1256 813 1079 17 971 
1021: 60 1537 58 1292 311 502 1611 996 300 1364 151 
914: 60 618 692 1233 883 1229 460 848 1087 55 493 120 
1365: 60 1655 731 883 525 875 119 945 601 604 615 388 1795 909 1068 1600 
1188: 60 1782 1080 894 
271: 1388 1058 140 360 284 1619 996 
1744: 881 278 558 82 314 606 739 535 1023 571 276 462 522 1003 274 1742 1743 229 304 388 481 880 1227 1320 1695 1772 
90: 881 1520 
112: 881 927 570 1655 1670 725 1228 1449 248 345 1426 1229 335 1170 591 916 674 
158: 881 278 1582 1247 263 606 19 1043 1389 1329 1736 786 286 1734 
343: 881 1445 314 606 1023 1008 533 1527 469 601 1029 773 1130 1340 1570 467 301 723 750 
608: 881 1412 558 1233 314 606 1020 1023 777 533 577 1320 911 388 1193 1142 1361 1340 550 184 109 778 
649: 881 895 456 558 1636 314 606 739 1637 1013 1023 1379 1141 1008 533 1520 1090 522 274 1601 304 1320 316 1725 550 1409 968 1332 1291 141 
654: 881 1636 314 606 1637 1013 376 236 274 1601 1320 
695: 881 1233 1048 806 1320 1772 1806 255 778 1547 
911: 881 558 1667 314 606 1020 1023 275 1301 1262 1735 533 1772 388 608 677 1340 1279 1215 
1370: 881 206 202 
1415: 881 278 558 1023 525 124 349 1741 929 849 643 477 193 1027 276 1518 274 301 626 784 922 
912: 881 461 984 503 558 1636 1667 1682 226 314 606 1637 1525 1020 1023 1146 1294 1301 1379 998 533 1590 1320 1772 1279 388 442 255 550 750 778 1340 1215 934 1149 
934: 881 895 1406 1412 558 314 606 1145 1023 903 1146 1320 1772 1506 388 784 912 778 
973: 881 887 480 1503 507 1537 1593 1582 642 1233 1238 757 732 1020 97 1146 359 873 1449 1641 1663 1578 594 477 976 809 1328 1704 1409 443 857 885 286 
1725: 881 278 461 606 18 1008 533 274 649 1778 1772 1320 1340 1305 1306 
1754: 1394 1013 1184 
952: 1394 1700 1145 1146 1542 1401 1127 1671 1147 956 851 402 
698: 887 507 558 1076 962 1741 5 1420 380 477 1195 295 1340 1069 
882: 887 989 544 1059 1272 594 72 160 1172 
1363: 887 427 54 1794 19 156 1272 974 1402 1818 680 1037 
1201: 887 461 507 1556 558 1582 1636 754 763 1148 739 19 1023 156 140 275 394 546 58 161 933 998 1065 1272 1584 594 1529 72 477 1184 533 182 614 601 813 1610 1746 61 493 593 645 664 707 1185 1459 1621 1413 
1494: 887 558 1593 82 1247 739 335 1027 1652 715 
1084: 887 468 498 1033 1569 1064 1091 117 1655 1658 725 1236 729 709 288 298 360 1532 1551 546 722 58 552 699 1112 319 1377 615 1763 1329 1393 178 1540 
1259: 887 1593 739 420 1027 1652 
301: 890 895 1445 1474 503 1593 1612 1186 1285 19 186 247 349 1446 161 929 1295 1535 650 1014 1529 1420 1008 420 20 1527 205 291 354 469 653 1292 1704 659 1209 1415 302 1069 343 388 1538 304 303 1193 357 1305 1306 670 141 162 183 1591 1210 1604 931 781 
344: 890 533 1163 
996: 890 1682 567 1145 1146 722 376 852 746 788 1416 1564 624 1565 1447 1021 968 530 271 611 925 
1279: 890 435 1512 190 1058 314 636 1020 709 268 379 525 544 1060 1309 1147 1240 1425 744 681 1090 35 1189 1255 1518 1169 911 406 445 912 826 635 799 
853: 1400 636 1718 391 475 483 1741 521 477 1237 1500 
217: 1400 1536 1537 100 1278 1233 215 727 1285 214 318 285 314 83 391 989 1507 248 287 933 1229 460 974 246 313 1531 1616 55 474 690 591 75 85 1257 677 
1286: 1400 1406 503 570 1582 1655 1165 692 1567 757 43 1287 83 1023 247 270 546 884 979 1656 1307 246 1109 838 155 601 764 1328 886 1673 1772 1193 1763 526 697 721 1039 1136 1332 1547 1293 
1674: 1400 480 30 275 391 409 484 1814 193 383 
1540: 1403 1614 234 190 1542 206 1663 1245 331 337 523 1424 207 1759 149 1068 1084 
950: 1403 1245 338 236 1814 1099 336 
304: 895 558 1593 1186 451 1146 1535 1043 650 1171 1008 533 420 205 457 612 939 659 1744 649 1538 357 301 1210 1001 1283 550 
141: 895 1487 1503 270 933 522 649 1167 301 
290: 895 696 606 730 659 829 1283 447 
1611: 895 636 1245 161 662 337 699 1425 1696 207 398 1090 1016 637 1255 1518 1012 284 396 362 53 1021 1192 1538 1608 
1459: 895 461 558 1636 1145 1276 1535 1171 1661 193 291 1292 748 1201 784 1807 118 749 259 595 981 1805 105 309 750 768 1163 1458 1480 1483 
1559: 895 129 
220: 1406 1487 753 1098 1167 1103 1437 
742: 1406 1046 1076 606 156 1426 1066 455 
1396: 1406 228 97 206 1245 338 1425 728 149 
1506: 1406 1412 495 532 1561 1089 1582 1635 1655 263 636 18 270 1446 1470 1155 321 1263 559 1014 1529 1144 1420 16 848 1011 1112 463 1377 1035 934 1570 776 1197 1139 
317: 1412 532 558 314 596 606 739 1013 636 1048 1014 462 637 15 406 
990: 1412 1595 1233 97 1023 161 1043 643 1066 1090 104 96 
1795: 908 496 262 1593 1595 1614 731 734 754 975 732 733 18 390 583 287 933 521 1790 119 313 639 1510 1440 1461 1587 1141 455 291 764 1079 62 1477 684 55 1130 1167 300 1365 1684 
592: 908 615 1142 
367: 661 959 318 287 737 1585 1564 1465 1608 1129 493 
1215: 917 605 1567 261 314 596 606 1023 1645 161 662 766 1310 331 533 1090 522 1377 1518 1610 687 1772 911 1810 388 912 1340 178 1811 63 255 589 808 885 1000 1558 1443 
1722: 917 1025 1657 180 521 1111 320 938 1511 64 1485 790 568 
1252: 1431 886 
1652: 1431 278 503 425 598 1635 1655 1165 1233 754 263 1236 636 1542 364 1741 994 1009 1008 577 522 1714 1651 1164 235 300 386 530 775 1259 1333 1413 1494 1544 1552 
229: 278 558 731 226 273 315 1272 1112 455 401 462 1744 1015 784 545 
80: 278 230 200 201 206 1106 1245 1425 207 211 1759 149 945 62 1601 1517 
437: 278 1183 757 83 248 1251 577 651 1072 
1015: 278 734 379 315 195 229 545 414 
591: 278 461 1536 1561 1537 558 1655 1183 757 1148 1287 214 314 732 606 83 379 1145 1023 743 1146 1542 1401 494 1226 248 287 1043 1056 1147 1229 460 1307 1310 313 380 1531 1661 1490 1501 888 217 458 443 1312 163 55 690 916 68 75 112 249 674 915 680 
690: 927 1537 825 1043 1782 686 614 809 1328 217 591 55 490 75 915 
874: 927 1202 248 287 328 489 1229 974 119 1328 1617 1039 900 
1332: 927 461 94 1287 1013 1408 1014 1112 455 939 1286 649 213 1140 282 
1538: 417 1700 606 1145 1023 1146 730 1301 1379 533 577 659 1611 1340 304 386 301 1376 
660: 1439 1441 1614 1672 1233 1417 185 1023 484 1741 58 1272 1440 728 1326 972 684 1683 930 
684: 1439 1441 959 262 1614 94 190 1672 1233 1417 185 1236 732 733 379 730 1258 1741 152 248 521 1272 1229 1440 713 1260 972 660 1795 1802 1508 930 1683 
930: 1439 1441 959 262 1614 1672 1233 1417 185 883 1339 730 1741 137 1440 879 713 1260 972 684 615 1621 660 1508 1683 
1802: 1439 1441 1614 1672 1233 1417 1260 684 1508 
972: 1439 1441 480 1614 1670 1672 1417 185 732 206 275 730 248 521 1229 1440 713 1326 660 684 930 1508 1683 
1508: 1439 1441 1614 1672 1417 185 730 1475 1440 713 972 684 1802 930 
1683: 1439 1614 1672 1417 185 1236 206 1245 1425 1440 1493 1184 1326 62 972 684 300 660 930 386 1703 
1781: 1445 606 451 571 1066 625 
1072: 1445 145 1127 559 681 655 437 
519: 427 1236 1408 1741 848 1661 383 458 1409 
1129: 427 1131 652 724 571 1764 604 367 499 326 909 
53: 427 558 743 398 354 1189 1602 1611 1142 
693: 427 743 376 1328 1330 1386 
1362: 427 743 1146 1542 1147 
1409: 427 1655 221 754 743 525 1294 378 1025 376 1147 380 1093 1661 777 1066 22 1615 383 649 284 1320 362 519 316 98 493 973 
1216: 1176 529 1655 544 1756 1661 1189 711 
1465: 1176 495 1569 1593 314 606 1794 1023 86 1108 58 594 576 686 533 1182 659 1772 1340 1523 1241 199 367 905 1574 
17: 1176 606 390 399 533 1284 
422: 1176 507 1046 1233 1254 772 969 108 1464 1533 
723: 951 1670 1233 1567 1128 800 732 733 739 200 201 206 391 1613 1106 1626 1245 338 870 1310 245 289 699 1425 1009 207 182 202 522 588 454 316 343 560 745 855 1372 871 412 441 
286: 1321 1498 1503 425 429 114 451 709 156 349 875 1385 899 1452 1036 1060 1712 358 1346 1622 1119 397 571 607 157 747 1625 973 158 219 225 41 1342 1299 1037 685 
1162: 959 727 806 349 656 1741 1513 1622 879 1784 
64: 959 1474 1582 692 1128 209 145 360 1272 629 1098 1490 1769 1722 361 267 
785: 959 
1299: 959 1233 1228 815 1025 1513 1622 286 
1666: 959 1272 319 386 
1151: 1474 252 18 1428 1741 849 1240 643 477 829 1628 
1769: 1474 1582 117 1233 97 806 1127 1653 486 1112 728 1277 1187 1326 1639 1114 928 316 64 300 432 1552 
918: 1474 1233 731 226 18 774 1814 455 1564 348 249 1000 
1000: 1474 1582 1814 284 1340 918 1215 255 1623 
433: 461 1548 200 201 206 1106 1245 1307 1522 207 1759 336 149 
454: 461 1076 1670 1339 230 364 181 899 1036 180 1119 245 1405 1719 1195 969 1501 689 723 
1355: 461 618 1048 790 
1391: 461 49 599 753 
1398: 461 206 1799 945 1230 
1413: 461 599 727 226 1247 287 933 1010 870 1229 569 1378 1713 1094 291 601 1772 1201 1464 1652 300 1376 
1458: 461 1556 186 1319 1459 633 
1610: 461 1556 558 1636 1233 314 596 1637 1048 1255 274 1201 1215 
593: 461 1556 998 1201 
1139: 461 1046 1561 558 1595 1089 100 1635 1278 1233 263 1285 214 975 375 360 1671 287 328 1426 974 119 313 1011 1093 458 55 1506 1374 
664: 461 1512 570 638 757 732 733 709 1542 161 287 644 1112 1066 455 462 588 1328 1201 1557 
1185: 461 1046 1582 1315 1201 1675 
965: 461 1512 82 250 636 637 1329 
1212: 461 409 
721: 461 1556 1287 1286 928 829 410 
1737: 461 
745: 1487 558 49 43 1236 1794 18 230 1411 1741 152 161 292 431 1043 2 1070 653 1117 814 1130 1167 723 61 259 1591 1343 1648 768 1163 1190 
1203: 1487 1503 734 733 1436 379 134 1542 247 1401 1664 1671 248 1272 1147 1229 1756 561 1029 1328 1330 
68: 1487 734 732 733 1196 870 1066 455 462 1050 591 1730 249 871 1588 1290 70 
96: 1487 476 480 36 1595 1297 97 962 1408 243 643 953 1696 574 1568 1079 62 104 928 46 1174 98 990 127 513 735 549 
412: 1487 558 1595 739 18 230 991 338 462 723 46 791 
855: 1487 18 230 391 409 484 1018 1130 1167 723 
1194: 1487 275 391 409 484 464 1229 1450 1112 474 
1372: 1487 558 739 18 230 1023 399 533 723 791 
1555: 1487 731 18 1196 870 1093 462 1050 1328 1051 249 1557 1244 871 1290 1539 1680 
1709: 1487 121 1233 1092 
1554: 468 729 938 178 
878: 470 275 391 484 1240 1713 669 1705 
1022: 470 1569 1593 732 753 772 604 1357 274 
904: 470 725 275 494 1663 979 1229 460 671 303 1312 915 75 302 
1708: 470 727 763 1315 1013 679 1526 450 266 1056 1111 1609 603 1471 1014 1144 1420 16 50 39 
481: 984 558 1285 606 1048 1145 1146 1272 1744 1601 784 1486 421 775 
678: 984 1655 787 1664 1420 1735 1527 653 764 1418 1486 616 1778 795 1382 
687: 984 480 558 1636 314 596 606 1637 1020 18 1023 979 533 813 1292 274 1772 178 255 396 1340 1215 854 
1604: 984 1635 393 617 790 301 
79: 1498 544 236 577 
1762: 480 731 345 870 852 502 1801 
111: 480 557 570 1339 590 1327 1712 994 1093 1250 408 
458: 480 1536 1537 1183 214 975 1023 494 1671 994 1229 974 313 479 274 519 55 738 1139 591 677 
1435: 480 852 1329 
516: 480 323 1174 
1082: 480 495 1089 1287 214 1542 1428 5 1043 1272 460 477 838 1169 714 915 
1204: 480 734 1285 847 733 1202 379 1145 134 1146 275 1664 1671 1010 1272 1147 1229 160 246 561 1170 1328 1330 
1750: 1503 1548 1287 275 1229 1420 1080 
297: 1503 606 58 399 728 388 139 
508: 1503 594 953 
680: 1503 1595 314 1626 521 976 1267 1066 591 98 1363 386 1483 
748: 1503 1542 126 469 653 747 274 659 1459 602 1633 
1335: 1503 1339 
62: 1512 727 754 732 733 1525 200 201 206 1449 1106 1243 1245 161 287 870 755 1790 246 337 569 1425 953 1719 1141 207 1759 336 149 1795 192 203 80 96 871 1167 1683 1061 1448 
118: 1512 18 230 200 206 1245 976 207 1759 149 659 1732 203 1459 1283 1448 920 
441: 1512 732 18 230 1685 236 1184 577 1130 723 
805: 1512 268 1088 99 
1390: 1512 1274 1317 240 
1801: 495 975 606 489 594 477 1256 824 533 1762 1340 432 362 
1732: 496 1794 156 102 124 181 206 349 875 1446 583 1245 1032 337 1524 1425 976 95 157 1066 207 772 1759 202 149 1392 1479 1630 118 46 203 645 741 1265 1304 1462 1728 1730 
645: 496 1794 1446 494 546 236 1066 712 985 1732 1566 1201 889 1462 
1779: 498 1236 97 200 206 1106 1245 337 207 765 772 1759 712 1087 1227 46 1570 1681 
595: 498 1794 1446 1459 
1324: 498 1233 1626 1727 
410: 252 1377 1580 721 1473 
1473: 252 49 1475 643 1184 615 410 
1598: 503 1233 406 
859: 507 558 1741 657 659 
1313: 507 605 1165 1183 975 200 201 206 1401 1106 730 1245 287 849 974 1310 119 337 207 1759 149 764 123 1810 
366: 507 1700 762 206 323 1470 1220 772 771 813 961 955 
444: 507 214 181 1062 1127 974 55 
1270: 507 1443 
1012: 507 867 214 206 1245 287 345 1475 643 1790 2 254 289 699 1510 207 518 657 1182 1016 809 274 615 1041 430 826 1611 1519 
1533: 507 558 709 108 462 1772 1468 192 422 
610: 507 1165 345 1426 1353 1328 1392 
611: 507 629 996 
776: 507 1076 1733 727 757 732 1794 393 1428 1663 489 1043 1506 432 350 362 
1250: 425 1247 763 636 1401 756 852 1814 1141 457 123 111 
925: 425 1186 996 
1028: 425 994 
677: 1536 1537 285 102 1446 1127 460 1307 93 1522 1495 1490 217 458 911 916 163 199 915 173 
396: 1548 114 696 263 709 379 743 1146 1542 525 825 1144 254 1510 976 663 1189 1602 687 284 362 1611 1623 
446: 1548 262 521 1043 1272 245 577 838 708 430 1078 1581 
794: 1548 570 1672 313 148 59 
1410: 1548 248 246 1530 1765 73 23 
1356: 529 
631: 1040 839 1292 907 790 1791 635 1160 
31: 1040 1542 1098 
73: 532 143 731 1542 1664 1410 1765 39 
1114: 532 801 975 181 994 974 643 1769 300 316 
1817: 532 570 1635 263 800 801 883 58 1426 1475 1092 699 728 615 
74: 1046 757 1671 521 1043 1092 246 888 
555: 1046 1165 215 102 544 207 1305 1646 
827: 1046 606 18 134 126 1090 291 274 1772 997 826 1633 
1376: 1046 1614 598 1311 1233 730 1254 1535 428 644 1440 1117 811 1538 1413 1273 
1051: 1046 884 772 302 1555 
581: 1560 727 285 124 399 177 
1382: 1560 363 737 659 829 678 
915: 1561 1537 732 494 979 904 591 916 1082 55 163 1312 690 677 
11: 1569 1165 727 891 757 1127 933 1527 15 857 1511 1222 1720 
502: 1537 1233 725 729 379 1147 1328 1762 1021 
163: 1537 1145 494 1532 313 888 224 1772 591 916 55 1312 915 260 677 170 
66: 558 1700 1287 1767 1339 525 25 67 377 
241: 558 1287 1023 1014 1420 1547 1730 1571 
260: 558 1635 263 991 462 163 
520: 558 1636 606 1013 364 86 1446 753 193 
563: 558 753 737 1444 1447 913 582 
992: 558 57 1593 1119 291 457 764 1001 1306 
1437: 558 1636 1023 994 1240 1008 533 522 1594 784 971 220 
1443: 558 598 1636 1074 733 606 1637 270 1018 753 644 1099 1493 1696 1133 533 1520 1090 1209 284 1215 139 1270 
633: 558 1682 1449 331 462 659 1319 1460 1105 1458 
1702: 558 1186 1542 1052 1292 1164 
1728: 558 1593 891 285 1525 95 1066 1732 1364 913 
1730: 558 1582 732 1794 156 102 409 1446 13 1426 553 1524 659 1732 148 1227 1316 68 241 741 
716: 558 545 
1207: 558 734 606 19 1023 72 562 182 670 493 549 
735: 558 486 477 1467 96 579 
770: 558 200 206 1245 207 1759 149 
506: 49 1287 18 230 1799 58 248 345 1147 1130 208 
1125: 1206 975 1402 354 712 1227 1210 
208: 54 114 762 975 1309 321 896 1255 1357 506 955 125 1180 1253 
213: 1076 114 1711 1233 792 1339 1023 371 224 1695 41 655 941 1030 1332 901 1660 238 
400: 1076 537 
497: 1076 1794 1735 1256 1543 
541: 1076 1183 727 18 1145 1146 1542 376 246 1328 
551: 1076 262 1603 1635 226 275 1428 1002 629 1814 477 552 659 
620: 1076 1043 737 144 493 
697: 1076 1287 1013 18 315 1014 1144 1420 614 1292 1286 
958: 1076 1733 484 594 1573 51 207 811 432 
1350: 1076 1582 1297 156 646 211 913 
1419: 1076 1733 134 201 1507 1426 1578 1308 594 1573 207 956 1634 1063 432 1448 1225 893 
1628: 1076 1023 525 1151 
1705: 1076 1089 725 975 1401 1309 5 58 1043 974 119 313 976 1153 1195 728 1602 878 971 1778 
1225: 1076 1733 134 525 1428 489 236 473 1419 432 
1547: 57 106 1688 1287 732 1542 477 1112 420 747 938 1286 695 490 241 
490: 57 1233 200 206 1106 1245 337 528 207 149 690 689 1547 373 
556: 570 1655 1049 1020 161 884 852 1656 246 848 1047 969 
674: 570 1655 725 345 1229 397 686 1170 591 916 112 
1650: 570 849 1735 
1673: 570 1635 727 263 1287 606 636 1718 1542 1446 1449 1741 315 1147 1014 93 306 1402 848 1011 1534 319 35 637 961 1286 988 377 
1743: 1593 1411 180 1043 947 983 1744 1772 438 1807 626 
1805: 1593 1459 1283 1305 
99: 1593 1635 696 1794 97 709 156 140 247 345 1308 363 976 157 182 614 601 604 1088 1468 406 1746 624 805 
116: 1593 100 487 360 1280 1619 361 
357: 1593 451 354 457 764 304 578 301 1210 931 1591 1742 1306 626 352 1038 779 1068 
419: 1593 239 32 126 629 246 337 477 644 
931: 1593 451 161 1535 205 354 659 301 357 670 534 
1053: 1593 494 1032 108 
1101: 1593 734 1588 
1244: 1593 1196 1799 1729 1555 1588 
1438: 1593 379 1145 1542 161 1147 976 
312: 1595 114 606 378 363 1098 383 1174 
1137: 1595 97 1520 574 
1197: 1595 725 1247 145 378 1814 1098 1506 
1081: 1089 734 214 975 636 1202 1146 391 1428 409 484 1741 5 248 287 1353 1229 460 838 274 811 386 689 916 954 1558 
1042: 1089 629 1170 657 
1675: 1089 1232 477 655 1676 1185 
977: 1603 1233 567 606 97 662 33 1027 
408: 1582 734 652 1440 111 
1477: 1582 1233 732 246 953 809 1795 
1623: 1582 1023 126 1059 1127 1641 1258 769 1262 1308 398 663 1260 396 1257 1000 1646 1466 
1103: 1612 1233 363 1425 777 617 1193 220 
1720: 82 185 1315 630 19 846 1052 248 338 933 1513 1622 1119 1814 473 108 983 15 857 1511 1695 11 474 1222 501 720 1235 
715: 82 106 852 1520 938 1416 1494 
488: 82 975 1146 1229 119 577 888 
1273: 598 32 1449 884 1797 857 1511 432 1376 267 
1345: 598 544 884 316 300 790 386 
1333: 599 1651 1652 530 
926: 94 606 636 525 247 784 184 
1753: 1629 692 1671 1755 844 1757 1661 
1312: 100 138 1278 975 606 1202 1542 1401 1526 756 1309 974 1310 119 523 904 591 1765 916 163 889 280 915 
1517: 1635 727 263 140 206 409 58 662 1761 1696 728 1164 928 1810 80 
29: 1635 1310 
589: 1635 1567 734 606 1184 1377 284 1340 1215 255 63 808 
602: 1636 762 732 606 1446 1449 1309 264 1272 335 193 659 748 1464 403 1083 
1121: 1636 606 636 270 397 910 284 1772 334 1140 
173: 1126 1401 1002 1066 175 203 1583 584 677 174 
174: 1126 175 1583 584 173 
1747: 1134 114 1233 596 839 379 206 643 1420 1639 235 377 615 
913: 234 1049 652 1226 104 1350 46 563 1728 1118 
1521: 117 1551 1308 462 1088 1746 624 
1140: 121 1655 314 606 525 270 1656 533 939 1381 1772 1121 1340 259 667 1332 
1157: 121 801 535 1066 829 
889: 1655 1287 285 1315 1145 134 1146 1741 5 248 1353 1043 1578 603 1229 460 1814 1170 953 95 577 1615 645 1462 1544 1545 1312 
71: 1655 1696 772 969 1292 
955: 1655 762 606 186 323 1470 1220 1147 1669 772 771 813 961 1328 1397 814 362 208 366 
1178: 1655 727 1287 750 
1283: 1655 113 1233 725 263 349 58 1475 1092 615 304 118 1805 84 290 1037 1038 1591 
1337: 106 1043 554 119 1267 438 1265 701 
1227: 106 214 1767 1202 275 1507 1120 1664 1402 1433 182 463 712 1397 1260 1744 1779 184 616 621 779 796 980 1031 1118 1125 1730 1736 1369 1576 
1149: 787 912 
1239: 787 682 
272: 138 97 903 140 247 1308 629 93 477 194 284 
370: 1670 
537: 1670 393 1353 640 39 1142 400 568 
1621: 1670 692 97 156 368 562 1440 1066 1201 1464 930 1545 
1698: 142 590 1787 1814 1440 986 511 1678 1694 517 
1692: 1311 836 345 125 
826: 1682 606 1020 18 1023 206 360 1106 994 1308 643 1090 1255 827 1012 1320 1279 1810 775 778 255 997 499 
1083: 153 18 83 230 102 349 1649 152 576 1208 1073 659 350 602 935 
514: 154 120 509 
893: 1691 683 1419 426 
75: 1183 1307 232 217 904 591 916 689 690 
1057: 1186 1233 1507 1761 1534 284 
1792: 113 
61: 114 571 1201 531 745 1646 
820: 114 629 1179 1292 
403: 114 1233 224 602 
416: 114 759 268 1280 477 1696 1281 
901: 1711 1274 206 1245 338 465 1099 1696 207 969 1326 203 1468 213 840 
1173: 1711 1233 1196 33 
1678: 1711 975 275 845 448 1107 1065 511 1694 928 1698 
802: 1049 652 1297 97 1014 1047 936 295 
832: 1049 732 733 1146 124 248 1426 1229 1008 274 
900: 1049 1202 1663 473 1047 1328 874 
1784: 692 1233 1238 239 1767 97 1339 1770 629 1162 
59: 692 606 636 206 335 1522 637 794 
1564: 692 734 1020 19 268 868 156 237 360 157 182 20 1771 1651 1329 1193 52 367 918 921 996 
1086: 692 1287 606 1741 1170 336 
1319: 692 606 1013 1023 1420 533 550 1458 633 
624: 696 43 247 1220 1308 629 95 614 284 406 996 1444 99 1746 981 1521 
850: 696 1233 1287 753 1616 1164 619 41 1291 854 
1116: 1217 1011 518 387 1677 
1386: 1217 126 976 1696 693 
52: 1233 731 734 732 1112 455 1564 580 1158 
109: 1233 1249 1043 1171 608 
127: 1233 97 1254 643 1328 1079 104 96 499 
293: 1233 734 1060 643 1066 457 1815 1633 
666: 1233 1238 239 124 130 275 1657 264 953 
783: 1233 
1044: 1233 1525 576 
1158: 1233 521 72 1189 52 568 
1414: 1233 848 
1359: 1233 
1550: 1233 214 975 
1599: 1233 
1553: 1233 1007 577 1292 1704 41 
1679: 1233 525 270 284 
1690: 1233 
1734: 1233 19 156 24 391 1507 753 1043 72 1208 1292 886 158 823 1736 
1484: 1233 561 
1302: 1233 652 801 97 1298 643 928 
1322: 1233 653 
27: 215 883 1013 18 
851: 215 1247 886 952 432 
1373: 215 
1776: 727 156 1578 561 
511: 727 275 845 1107 1065 232 1694 1698 1678 
566: 727 1429 
1492: 727 1287 399 1037 
1528: 727 847 1656 1529 540 
1558: 727 1202 287 1240 699 1081 178 1215 
1694: 727 975 275 845 1107 1741 1065 1814 232 1402 1522 1256 511 1723 1678 515 863 1698 
139: 731 734 140 182 398 455 659 1746 297 1443 256 
326: 731 759 1129 
423: 731 391 679 483 484 58 1420 728 993 
1668: 731 734 975 2 119 523 170 1785 
1500: 731 1202 1294 391 846 409 1453 484 1214 207 455 9 601 604 853 
1004: 731 732 733 130 1578 
1241: 1567 261 683 345 1353 1440 1208 1696 969 33 401 746 1546 857 125 1289 1465 1681 1509 12 968 
184: 734 314 733 774 321 933 643 72 477 104 1416 1227 926 1167 608 545 249 
70: 1247 462 1329 249 68 1588 1539 1095 
107: 1417 
1485: 1417 596 1145 539 884 1471 643 486 1310 561 1639 811 434 560 300 432 386 1722 
1334: 209 1794 102 275 1671 224 
949: 209 815 
1038: 754 1283 1138 357 253 
565: 759 
253: 762 1038 1037 
960: 762 
1483: 762 24 391 9 659 1459 680 
1253: 762 994 208 1180 
1180: 762 606 208 1253 
1330: 763 1767 1202 247 1096 1642 1664 1272 1229 1793 561 809 1328 886 1204 1203 782 980 296 693 
773: 1148 384 606 379 1145 1146 1542 933 1147 380 1624 1418 1230 1570 1105 216 343 685 
123: 263 285 314 606 1401 989 266 328 1229 460 1589 1463 1170 1816 1377 274 1342 1313 1340 1369 1250 
1265: 43 1524 1732 1337 
1080: 1287 1145 1146 1043 1229 460 974 1328 888 224 1169 1750 672 1544 1205 1188 1543 1545 
526: 1287 636 1286 
665: 1287 
1039: 1287 285 732 733 903 124 58 248 1043 1229 643 246 380 1093 1286 874 
1136: 1287 682 1286 1479 
1481: 1287 1420 1771 1772 617 1041 445 
1041: 384 1020 1016 1771 1292 1012 1772 617 382 445 1481 
617: 384 1013 535 792 709 1145 1146 390 1025 1014 1144 1420 569 1771 401 1772 1342 821 941 382 445 582 1604 1481 1103 1041 
1646: 273 1272 291 555 61 1623 909 
414: 273 394 1272 1624 1015 
600: 318 1649 753 586 50 1568 
150: 1236 391 409 484 1741 552 
749: 1767 349 494 236 1803 457 653 747 1292 659 1459 125 1807 1633 
169: 314 236 
880: 314 606 1023 1744 1772 255 
442: 314 606 1718 1023 774 360 533 970 1772 912 1340 
821: 975 156 157 1357 1772 1293 617 1746 
1777: 975 1202 994 974 119 313 1153 274 55 
1785: 975 393 394 1663 1092 1782 2 119 523 1516 1135 170 924 1668 
170: 975 836 102 345 1043 1420 2 119 346 523 1171 888 1723 163 1785 1668 
311: 975 1790 246 728 151 1021 
543: 975 1145 525 569 1713 953 1079 898 
946: 975 733 430 
1502: 975 24 974 953 362 
582: 596 1495 617 563 
902: 596 1251 569 319 235 
1177: 596 606 275 393 409 1663 994 386 
404: 732 606 156 
628: 732 733 525 394 
833: 732 
750: 732 747 659 1464 343 388 912 1459 1178 
1736: 732 19 156 5 72 477 279 1227 158 1734 
212: 733 352 
997: 733 606 1427 827 1340 826 1752 
101: 606 
164: 606 811 1601 1320 1210 
445: 606 709 1301 849 93 289 1771 1772 1279 617 1340 1041 1481 
1519: 606 1016 1012 434 905 
1460: 606 1145 1023 1146 533 633 
1221: 606 577 
719: 606 9 493 1557 1539 
807: 606 181 
179: 1637 1234 
1600: 883 1365 1633 1246 
909: 883 709 724 1310 1365 1174 1646 1129 
1068: 883 5 1540 1365 357 
540: 1525 1196 270 1075 1479 144 147 941 1528 542 
622: 1525 
1175: 1525 457 659 284 1001 
1316: 1525 1794 102 553 16 1524 659 203 1730 741 
1742: 1020 1043 764 983 1744 1778 1807 357 626 
389: 1020 
549: 1020 1584 643 837 104 96 907 981 1207 168 635 
752: 1020 391 1663 376 1272 848 211 1464 1342 
1619: 1020 1034 525 270 275 391 115 1696 522 1193 116 1466 271 921 
1192: 535 1611 
78: 792 
216: 792 773 941 
978: 792 19 
365: 1794 379 420 361 560 
981: 1794 494 242 95 182 1459 624 549 701 
907: 18 1145 631 549 
791: 18 412 1372 
578: 19 764 357 
1630: 97 72 1524 95 1357 659 1732 224 1566 1479 1746 493 1462 
685: 1202 1420 737 773 829 286 
954: 1202 375 1066 1328 1081 1480 1552 
980: 1202 247 1664 979 477 1328 1227 1330 
1504: 1202 
159: 962 753 643 659 104 
1448: 836 843 1119 1584 72 62 1419 118 
351: 709 790 
1565: 868 1771 1329 996 736 1680 
87: 230 328 345 1043 119 477 1016 
405: 1266 1308 337 1425 211 657 856 434 282 
251: 379 1146 1542 1147 1189 1602 
943: 1145 1146 1542 24 
1347: 1145 884 1317 569 928 300 187 
542: 1023 533 1479 147 540 
905: 1023 434 550 1465 1519 
1210: 1023 236 1008 319 304 301 357 670 164 1125 
1451: 525 289 1008 1292 550 177 
1608: 525 58 1611 367 
635: 525 1279 1289 549 631 
675: 590 1790 477 1219 499 
1222: 590 1814 681 11 1720 
840: 590 1434 1696 1066 533 659 1164 1489 841 901 
1557: 1196 664 1555 719 1752 471 
1539: 1196 308 249 70 1555 719 471 
982: 806 533 284 
993: 24 206 391 484 1613 559 423 474 
1597: 24 875 
1480: 86 72 1292 659 89 1459 954 
1097: 86 279 
1677: 102 349 987 1116 
1224: 124 848 1094 238 
580: 126 363 52 1746 1374 
1723: 186 275 409 457 1694 170 421 
1631: 200 206 1106 1243 1245 337 1425 207 1759 149 
1054: 200 206 1245 1657 337 207 177 
189: 206 338 204 337 562 1184 336 202 203 
235: 206 1245 753 994 337 207 149 1639 1747 928 1652 902 
1430: 270 
342: 275 
1566: 275 1308 95 211 1630 645 203 1462 
1681: 288 1184 963 615 1241 255 1779 
1314: 349 483 
330: 360 577 388 
597: 390 
120: 1411 914 509 510 514 
710: 1411 1693 
294: 1446 
296: 1446 1330 
741: 1446 1524 1066 505 1392 1732 1730 1316 1364 
1462: 1446 95 1357 1732 1566 889 645 1630 
447: 1449 933 205 290 42 
501: 1449 989 1059 1720 
531: 1452 61 
1395: 475 473 354 
1715: 1613 1245 211 782 829 
707: 1025 1242 681 1201 
1703: 544 300 1683 
786: 546 1320 158 
1716: 1060 
144: 1626 1741 813 135 1489 147 540 841 620 
780: 583 825 1066 784 386 779 26 781 
560: 1120 1450 945 888 365 723 1485 
1607: 1653 553 
512: 1663 194 
1113: 1663 180 
133: 1671 577 928 988 
69: 1245 571 207 211 
1078: 1245 211 446 
1219: 1755 577 888 675 
339: 1799 341 
670: 13 1420 653 1209 1069 1207 301 1210 931 1344 
894: 248 1375 1229 809 963 916 1188 
714: 248 1043 1229 718 1082 
1509: 399 1814 1241 162 
26: 825 994 1037 780 
781: 825 301 780 
1248: 825 1043 1605 188 
861: 1379 
219: 884 577 888 284 286 
382: 998 1420 1771 1772 617 1041 
1118: 1002 1227 46 913 
162: 1535 1493 301 1509 
166: 1043 561 1171 1005 493 
436: 1043 1171 1803 
1055: 1043 1328 1104 
1095: 1043 1256 455 457 462 249 70 1588 1001 
1306: 1043 1171 1725 301 1778 992 357 1305 587 
1374: 1272 569 1008 708 928 1139 580 
862: 1092 1070 
1290: 870 455 249 68 1555 871 
1574: 852 1465 
322: 1251 44 694 1378 1689 1195 1256 1523 
1300: 1251 
1205: 974 594 44 523 1195 224 1080 672 
1807: 1308 659 1459 749 1742 1743 
1727: 1308 629 647 601 637 1324 
187: 1317 1109 1347 303 348 
147: 236 144 540 542 
1211: 236 1066 
1318: 236 
513: 1584 643 104 284 96 
1627: 643 
892: 594 
672: 594 1063 224 1080 1205 
803: 1420 1757 1719 
830: 1420 
1773: 1800 
1618: 1814 1772 
482: 1814 
269: 16 
485: 160 1545 
105: 204 562 1459 
45: 331 533 522 
440: 331 
527: 380 1167 
1067: 477 1624 1522 771 1444 
1234: 1589 988 179 
626: 1427 354 1416 1415 1742 1743 357 1806 
1752: 1427 997 1557 
1806: 1427 354 1765 695 626 
227: 1005 1198 906 
1341: 848 1575 1343 
1138: 1093 1037 1038 
1541: 1133 
720: 182 1292 1720 
91: 336 
1778: 455 462 1725 678 1705 1742 1305 1306 1482 1606 
1001: 455 462 304 1095 992 1175 
995: 577 
621: 577 1227 
767: 865 276 616 131 
701: 1218 1293 1337 981 493 
491: 10 928 
167: 1495 1167 406 1746 
510: 1016 120 
1369: 1804 123 1227 
509: 110 120 514 
1338: 291 775 1815 
999: 291 457 659 284 388 1633 
449: 604 1514 
282: 676 764 1332 405 
1581: 708 446 
957: 712 
932: 712 
151: 864 311 1021 
1812: 877 
1731: 1189 
1104: 1255 1055 
381: 1292 
395: 1292 928 
799: 1292 1279 
1160: 1357 631 
177: 1476 581 1451 1054 
426: 1476 284 893 
259: 659 1772 1459 745 1140 
1077: 659 
23: 1410 
1488: 1467 
1305: 1725 555 301 1778 1306 1805 587 
1796: 284 
1514: 284 449 
421: 1723 481 
796: 1227 
1031: 1227 768 500 1577 
1576: 1227 
1813: 615 388 
334: 1121 
1303: 922 
28: 1468 
402: 952 
768: 1459 432 745 1648 1031 1577 
1163: 1459 745 344 
534: 1575 931 
84: 1283 
1707: 530 
795: 678 
1489: 144 840 841 
1343: 745 1341 
1648: 745 493 768 500 1577 
1190: 745 
183: 301 
1588: 249 68 70 1095 1101 1244 471 
1606: 1778 
1571: 241 
920: 118 
1264: 348 
500: 1648 1031 1577 
1577: 1648 768 1031 500 
1198: 1680 227 21 906 
1154: 1680 
168: 549 
587: 1306 1305 
924: 1785 
1404: 1421 
641: 1482 
1693: 710 
466: 941 
1344: 670 
471: 1557 1588 1539 
1643: 1200 
906: 227 1198 
21: 1198 
