1878
0: 917 1330 
917: 0 171 297 389 424 496 684 694 719 779 1457 1475 1115 1570 1124 1809 1672 1638 
1330: 0 125 163 315 368 383 410 495 562 589 593 662 710 731 738 751 758 781 783 807 823 858 921 958 996 1049 1061 1075 1081 1104 1127 1184 1206 1238 1267 1293 1311 1758 1624 1684 1487 1580 1479 1355 1872 1333 1778 
171: 917 1689 1580 424 557 1660 
297: 917 624 255 503 449 1045 336 1502 18 667 712 729 19 98 109 125 126 141 143 162 185 217 226 268 281 282 283 287 290 652 659 1180 669 1193 682 693 1217 710 727 1251 755 1824 1868 1834 1333 1845 317 1851 833 834 835 330 331 1863 1866 337 1362 1371 351 1375 367 379 1406 1417 412 414 1441 1451 1466 1472 1506 1019 1023 1039 542 549 556 383 1097 1747 1104 1616 1624 617 1643 1716 1155 
389: 917 882 857 1473 214 830 244 162 1476 1638 47 175 198 228 275 324 1420 1167 1064 1193 719 813 854 1621 1834 1495 855 1029 856 966 905 1162 
424: 917 171 957 58 229 1184 330 1686 652 1580 553 451 100 172 178 316 327 334 351 1167 1443 426 811 813 557 1629 1127 881 1020 863 
496: 917 624 408 409 541 925 288 1115 1477 879 260 599 1433 433 1225 794 1001 1641 882 512 1438 1349 1350 329 875 368 370 373 1154 793 516 637 415 18 244 42 50 95 98 105 125 137 230 277 279 485 1691 1228 1170 1684 800 1062 1147 1574 1067 556 941 1579 691 948 821 824 1553 1851 706 1347 1372 1096 1498 769 1609 511 919 722 898 921 604 1384 633 1535 1226 
684: 917 408 409 288 58 990 879 122 229 433 1407 366 504 310 1438 329 1872 593 1286 1137 667 1239 123 237 290 1570 1609 1051 28 92 98 99 110 172 287 306 333 379 405 427 466 549 646 669 670 945 1679 1186 1833 1331 1466 1340 1087 1597 964 1481 723 836 1390 739 722 1236 846 1026 1077 770 1535 
694: 917 165 764 299 763 599 1542 64 793 616 1241 1570 1361 1104 480 485 676 486 1588 
719: 917 389 64 1638 1210 1420 816 1326 175 275 1834 198 228 324 1775 1268 1621 905 1162 
779: 917 624 1758 1345 1279 1689 830 556 259 1475 1553 1843 189 351 1036 1750 
1457: 917 1 1594 624 43 58 77 88 109 137 159 188 193 211 249 260 317 333 352 363 371 381 409 413 418 447 452 469 516 544 582 722 734 739 771 780 789 792 799 812 946 1074 1098 1102 1115 1120 1121 1154 1172 1190 1226 1236 1249 1266 1270 1350 1372 1431 1453 1480 1617 1570 1705 1530 1481 1587 1843 1850 1553 1681 1701 1869 1657 1554 1650 1603 1777 1699 1484 
1475: 917 779 408 409 925 288 1115 554 58 1477 990 734 508 122 1671 1207 503 1456 794 366 512 1184 1869 1542 795 1438 52 449 321 1350 450 368 370 1532 1010 1554 793 1206 1203 1627 516 1787 315 246 273 792 1137 1534 637 667 759 1341 1874 488 1575 49 1170 1311 290 1332 1515 1552 1609 1624 606 1051 1124 1136 232 1638 660 279 103 1185 1708 1460 98 851 1580 691 1387 1104 1634 1776 770 730 69 93 146 179 182 191 198 280 305 307 313 316 328 337 379 380 391 393 397 402 444 447 476 478 487 498 500 551 557 577 578 611 613 625 626 632 656 659 665 703 722 723 744 773 791 924 937 946 1000 1004 1057 1092 1127 1208 1232 1360 1367 1372 1384 1390 1410 1422 1453 1474 1746 1772 1781 1818 1827 1843 1793 1481 1491 1813 1505 1821 1551 1563 1587 1590 1621 1631 1637 1649 1660 1841 1667 1668 
1115: 917 496 1457 1475 1 624 43 51 101 105 109 137 139 146 159 188 193 196 207 211 213 232 249 277 323 346 352 354 355 363 371 381 382 387 413 416 449 451 452 469 476 479 508 512 516 523 534 554 572 582 585 600 621 641 649 670 678 693 712 722 730 731 734 738 739 757 758 761 774 780 792 799 812 825 847 851 853 862 866 892 916 946 995 1003 1008 1009 1028 1032 1054 1058 1102 1164 1678 1172 1751 1183 1699 1705 1206 1681 1225 1226 1235 1748 1752 1603 1758 1689 1266 1787 1777 1293 1306 1843 1621 1873 1347 1350 1282 1379 1388 1390 1541 1398 1431 1449 1453 1372 1477 1478 1480 1481 1484 1727 1496 1476 1224 1535 1558 1564 1236 1602 1750 1638 1650 1145 1657 1154 1664 
1570: 917 684 694 1457 925 288 255 764 299 58 879 1009 1270 734 258 1566 1407 993 1225 1242 1184 1121 1869 1082 552 213 795 370 593 758 273 33 566 637 667 712 1239 1868 911 572 1088 589 123 1670 19 290 1038 1552 32 73 218 259 274 287 312 316 317 364 369 383 393 395 396 412 445 446 480 581 618 718 782 802 847 855 862 885 914 921 924 935 967 988 1014 1052 1059 1066 1152 1185 1186 1243 1280 1310 1313 1322 1355 1361 1393 1468 1549 1687 1696 1708 1728 1759 1863 1784 1786 1578 1579 1646 1648 
1124: 917 1475 299 1270 599 1433 1692 1456 366 1184 1869 321 368 593 163 961 207 211 1559 1032 1282 792 1137 566 300 1673 911 1548 589 1451 26 51 103 172 236 274 391 485 521 534 549 585 634 718 722 723 743 801 807 817 868 898 935 954 1103 1726 1732 1733 1734 1735 1736 1737 1738 1739 1740 1742 1783 1798 1185 1843 1335 1846 1390 1408 1637 1693 1480 1525 1549 1563 1592 1128 1145 1657 1672 
1809: 917 330 600 249 
1672: 917 1124 923 366 1872 1787 1045 336 1063 1324 1137 637 1673 1548 1049 1088 589 1241 1248 290 1824 330 1451 455 103 287 1802 553 1720 921 1631 1232 1632 485 600 328 626 486 125 551 930 267 444 529 587 632 680 686 767 944 1155 1168 1209 1328 1355 1467 1472 1487 1507 1538 1642 1714 
1638: 917 389 719 1475 1115 409 1758 1242 667 950 1575 589 123 290 31 55 125 198 275 324 706 843 1387 1487 1504 1621 1834 1642 
125: 1330 297 496 1672 1638 624 409 925 288 1576 764 990 1757 243 734 763 503 433 193 1398 366 449 1350 368 370 373 1532 1473 1206 1203 273 415 759 589 81 1170 1332 1515 1624 866 1476 250 1044 98 765 679 691 240 1776 730 1843 1498 722 780 1545 1597 1631 1210 757 346 1384 1873 1372 379 1746 706 1228 1747 1254 1265 266 786 1823 1328 1331 825 833 871 883 1422 1565 1075 585 1618 609 126 1150 
163: 1330 1124 624 408 1439 1284 1671 229 503 1407 1225 504 771 1082 1438 1532 9 99 100 162 780 524 273 660 921 1817 1613 298 556 693 1843 825 1595 1851 328 1353 976 469 793 736 1624 637 1776 758 759 859 380 1785 1541 290 
315: 1330 1475 165 193 370 1554 15 176 1045 376 19 166 210 259 302 399 402 1552 1556 1052 1564 928 1567 935 681 1322 1333 319 316 317 958 959 1342 529 1343 811 1351 1228 1451 1107 1622 1750 1624 1474 495 1501 1248 1636 360 1510 1095 1645 603 1521 374 691 685 1714 
368: 1330 496 1475 1124 125 624 408 409 541 925 1439 554 1840 1477 879 1009 243 734 508 1207 229 503 433 1456 193 1407 993 1225 1242 794 1001 366 504 771 1082 8 1438 52 1213 449 196 321 1349 1350 329 450 1872 857 875 19 94 105 126 141 162 172 244 268 273 287 290 346 354 1170 1684 667 669 670 1183 1187 1705 689 691 1206 1210 1211 1226 722 723 730 739 758 759 1272 1276 780 793 1324 1328 1331 1332 1843 824 825 1045 1877 1372 866 1074 1384 604 370 883 373 637 889 1401 892 414 921 1554 1476 469 1473 476 1502 485 1008 1010 500 502 1532 1535 1545 1546 1552 1044 533 534 1052 1063 1658 1077 585 1607 589 1624 1631 1126 1137 1649 641 1154 643 648 
383: 1330 297 1570 408 925 1009 1270 734 599 503 1566 1225 1154 1206 336 1063 407 637 1218 667 1689 834 589 123 1690 162 237 1605 1779 1304 886 887 1451 584 109 23 24 106 277 345 354 402 659 921 1687 1051 1052 1696 551 558 1587 1597 1474 1348 1095 1866 976 1599 1498 479 867 1505 1390 892 1283 1409 1714 
410: 1330 957 
495: 1330 315 1758 1843 396 172 782 360 781 958 1855 
562: 1330 593 1686 98 1036 1365 823 1687 1753 
589: 1330 1570 1124 1672 1638 125 368 383 475 255 165 299 598 734 1758 1433 1701 57 1001 366 504 1184 1082 1438 196 329 1872 857 370 373 1010 569 758 128 961 363 524 208 1787 176 1045 319 336 1063 273 1324 214 365 1137 637 18 667 1689 830 244 759 1673 1874 1402 1406 432 1548 1049 1088 31 34 42 47 54 65 68 82 90 94 103 105 109 123 134 141 154 202 210 239 240 251 252 267 270 279 280 287 289 290 326 328 330 334 337 340 362 379 391 393 395 396 455 476 485 487 502 551 553 557 581 585 587 655 1168 1169 1679 1680 664 1590 943 1185 1186 678 680 1176 1848 691 1205 1714 1209 702 1232 722 723 1236 1238 1748 1261 1241 1246 1248 738 739 854 1254 748 1769 1772 1351 1276 1790 1523 1865 1299 600 1304 1313 1824 592 808 814 935 669 1331 821 1333 1616 825 1846 1339 1851 838 1355 1360 1361 1873 855 856 1368 1371 1453 1375 1843 1538 944 1384 1387 886 1404 899 1411 1545 1422 916 921 1150 928 1549 638 1446 1014 1337 1450 1451 1658 1458 1552 1467 962 976 1487 979 1495 1496 1051 1507 1007 1562 1527 1024 1472 1535 885 1028 1029 1030 755 1546 1038 1044 1048 1145 1052 1850 1587 1080 621 1095 1610 590 1624 605 1580 1631 1632 1129 618 1642 626 1649 1075 1144 636 1841 646 1670 
593: 1330 684 1570 1124 562 408 409 764 1840 299 734 762 763 433 1456 504 1184 575 1438 1532 9 46 67 71 98 172 200 236 244 257 323 327 328 330 363 374 394 397 415 431 478 480 502 523 544 549 651 791 1051 1689 1185 1444 932 1587 823 835 1483 847 720 851 1137 1269 1665 1248 1380 744 1004 1515 818 1010 1395 948 766 1787 1162 765 723 758 
662: 1330 739 621 1337 1841 1080 825 1506 666 1202 
710: 1330 297 475 1215 1477 1758 1433 1263 1203 1282 290 1333 269 1136 31 66 187 191 209 285 379 380 535 585 1169 1056 976 935 1450 1742 723 1110 742 1390 
731: 1330 1115 641 1324 18 65 1323 1450 1051 1052 1451 
738: 1330 1115 589 409 1758 433 771 575 52 449 196 321 1350 450 1872 875 641 1473 300 1624 1476 232 1044 259 691 47 739 443 1172 981 730 150 387 419 469 501 604 620 621 622 678 1545 743 1454 1337 1504 1384 1142 1274 
751: 1330 1762 189 
758: 1330 1115 1570 163 368 589 593 116 925 288 1598 554 299 1009 734 508 258 260 1284 1758 923 229 503 433 1456 1086 993 1225 1242 366 1647 771 1082 213 795 1213 1345 450 1532 10 926 113 11 33 49 63 103 123 162 211 218 224 238 240 247 259 290 327 330 331 336 352 362 363 365 396 452 459 460 485 488 500 572 590 595 601 609 611 616 635 643 667 713 744 1165 1170 1700 1708 1712 1725 1220 1344 1230 834 1518 1777 759 1276 1787 1796 1185 780 1805 1806 1300 1812 1311 1828 1322 812 1847 833 835 1347 1351 1361 853 854 884 1032 889 897 903 1415 924 1453 1460 1435 961 1478 1480 974 982 1644 996 1003 1008 1520 1522 1023 847 1044 1555 1058 1063 1593 1088 1066 1603 1613 1615 1624 1646 1649 1658 
781: 1330 495 1758 482 691 1578 521 1126 782 298 783 685 784 
783: 1330 781 370 246 482 691 1820 521 1668 1487 728 1855 685 1858 
807: 1330 1124 763 1433 923 366 1082 467 1256 491 1137 1304 1333 1066 1776 722 1210 340 354 355 379 1090 1092 1056 93 316 317 402 441 590 805 1808 1062 1826 1454 850 1091 847 1238 1497 992 880 1827 
823: 1330 562 593 1758 1686 1695 1036 
858: 1330 1605 660 1064 1221 
921: 1330 496 1570 1672 163 368 383 589 1594 288 1758 1433 1456 366 906 1082 52 1350 1532 128 1164 1554 176 1045 1063 566 637 1765 1673 1548 1088 1129 162 164 1824 1332 330 1451 1552 1066 1107 1051 210 1186 1185 553 1843 722 115 200 289 328 340 346 360 391 396 607 638 640 680 685 686 726 818 898 1699 1712 1228 1236 1784 1790 1023 1351 1355 1865 1357 1877 1453 1446 938 943 944 962 1489 1021 1543 1095 1631 
958: 1330 315 495 433 374 1759 1714 1253 
996: 1330 758 299 1270 734 763 1758 193 52 641 1272 961 1249 1541 897 109 232 1301 1728 1684 1705 82 91 203 205 249 352 379 452 454 533 555 646 700 737 796 853 1820 1823 1848 1085 1850 1488 1125 1261 1401 1660 1535 1410 1028 1501 
1049: 1330 1672 589 508 1463 1063 566 637 18 206 1673 185 267 287 330 412 626 846 850 894 1014 1023 1824 1371 
1061: 1330 58 1566 1643 60 325 527 1036 1395 
1075: 1330 125 589 409 1477 1009 1398 1872 373 1532 1249 1624 866 250 689 691 1008 1089 1123 611 1384 1746 1205 534 585 678 1378 1126 1747 787 880 1546 1458 
1081: 1330 1054 366 1824 846 401 470 1823 1229 1489 1508 644 1547 
1104: 1330 297 694 1475 1270 923 1692 1184 1869 1542 310 552 113 246 407 1658 919 460 1624 1441 980 1361 98 1550 45 70 82 180 198 231 320 391 500 611 655 708 757 773 774 847 892 976 991 1551 1816 1695 1443 1199 1792 1843 1465 1267 1236 1722 1697 1730 1490 1491 1377 1694 1254 1597 1767 1769 1835 1626 1250 1654 1714 1776 
1127: 1330 424 1475 1758 503 504 641 491 556 520 1580 100 840 1749 1823 1443 
1184: 1330 424 1475 1570 1124 589 593 1104 1439 299 734 763 260 6 599 1419 503 927 1692 433 1456 993 1242 484 1001 33 123 131 144 219 250 259 287 290 310 312 322 337 375 379 393 395 426 445 446 450 453 572 618 636 644 675 693 699 736 739 759 765 809 818 851 862 877 887 898 919 924 935 949 962 963 979 988 1010 1014 1036 1038 1051 1052 1082 1088 1098 1119 1144 1152 1164 1686 1185 1186 1696 1706 1203 1214 1344 1244 1784 1293 1311 1315 1868 1446 1335 1351 1355 1361 1872 1874 1371 1376 1413 1460 1468 1473 1513 1548 1549 1567 1573 1487 1579 1606 1631 1497 
1206: 1330 1475 1115 125 368 383 408 409 475 288 1439 764 1477 1009 243 734 508 258 1671 1758 1207 503 1692 193 1225 1242 366 504 1082 575 1438 449 370 1532 1473 11 1164 793 99 123 172 183 188 259 273 316 336 346 452 469 500 514 521 577 637 667 669 691 693 699 712 718 722 723 730 759 775 780 800 816 825 847 851 889 919 940 1003 1004 1044 1045 1047 1051 1052 1074 1077 1687 1694 1696 1697 1208 1210 1727 1238 1763 1267 1521 1787 1314 1323 1324 1328 1331 1332 1450 1870 1624 1451 1476 1556 1474 1515 1545 1742 1658 1490 1784 1659 
1238: 1330 589 807 1206 408 288 1054 734 503 433 771 1345 1532 467 1554 793 415 712 1440 532 1451 1552 105 1549 287 1843 1210 340 355 785 1746 1090 789 549 1615 143 178 357 657 1067 1229 1427 
1267: 1330 1104 1206 925 598 734 1207 503 433 1743 603 637 1308 1304 1333 1007 1476 259 691 345 1008 1843 1579 1474 1772 1563 209 286 
1293: 1330 1115 1184 624 409 554 1009 734 763 508 122 229 503 433 1086 1225 1743 794 504 795 1438 926 793 961 363 1032 1063 137 237 1311 290 1333 919 232 279 1185 287 98 218 691 717 1008 1631 1820 127 111 323 367 441 1742 1388 1648 1405 
1311: 1330 1475 758 1184 1293 624 116 1675 1439 165 554 764 1477 598 990 1009 1270 734 763 258 260 599 503 1566 433 1456 193 1225 1242 484 1001 366 882 512 1121 1869 1082 552 1438 1350 370 1532 641 1154 793 961 1249 1541 897 207 211 356 516 1032 1282 1787 1431 792 415 667 712 760 1308 974 488 1658 137 19 1241 83 89 126 144 159 205 232 238 239 287 290 330 354 379 398 435 471 485 500 506 511 517 632 633 634 669 670 687 692 700 706 707 717 722 737 765 787 788 798 817 851 866 878 883 884 886 889 892 922 930 932 956 968 1000 1008 1014 1028 1072 1092 1103 1112 1185 1205 1210 1223 1243 1244 1258 1261 1288 1289 1294 1679 1682 1684 1699 1717 1734 1735 1739 1740 1747 1805 1842 1335 1848 1344 1347 1363 1371 1383 1384 1388 1401 1742 1429 1430 1505 1635 1448 1466 1453 1460 1807 1465 1372 1485 1488 1558 1498 1501 1732 1733 1312 1736 1737 1553 1738 1565 1657 1592 1607 1394 1411 1631 1665 
1758: 1330 779 1115 1638 495 589 710 738 758 781 823 921 996 1127 1206 409 541 288 1598 165 1576 764 762 508 122 1671 5 10 16 22 32 33 34 50 60 61 65 81 82 83 94 95 98 109 111 113 126 128 131 132 137 150 153 158 159 161 162 168 169 182 183 194 200 206 210 237 244 246 259 262 265 275 279 289 291 302 324 328 336 346 352 354 358 366 370 373 374 375 384 386 387 390 395 397 414 418 429 433 440 448 456 461 465 466 467 476 482 485 486 488 489 500 507 514 530 534 553 565 566 576 613 616 631 634 635 636 637 640 651 655 656 660 665 667 669 685 687 688 693 698 702 712 722 733 740 743 745 746 756 760 761 767 769 775 776 789 805 808 813 830 833 838 839 847 848 850 853 854 855 878 882 889 896 902 903 908 914 918 923 936 951 964 966 968 969 972 979 1012 1020 1024 1025 1038 1044 1045 1051 1055 1056 1067 1070 1073 1076 1088 1090 1098 1108 1111 1112 1126 1135 1137 1142 1145 1152 1156 1157 1162 1169 1173 1182 1186 1187 1196 1208 1211 1221 1232 1237 1239 1242 1262 1264 1272 1274 1304 1317 1318 1332 1337 1345 1346 1350 1357 1359 1360 1361 1381 1387 1391 1398 1406 1422 1426 1428 1436 1437 1440 1444 1448 1465 1484 1492 1496 1498 1502 1503 1510 1514 1515 1518 1530 1532 1539 1545 1546 1548 1551 1557 1559 1560 1565 1574 1575 1583 1587 1601 1610 1611 1615 1619 1621 1632 1645 1648 1653 1656 1658 1669 1674 1678 1680 1690 1692 1693 1696 1705 1712 1726 1727 1750 1846 1771 1847 1871 1836 1855 1853 1787 1759 1873 1777 1808 1816 1821 1848 1856 1860 1862 1783 1763 1823 
1624: 1330 297 1475 125 163 315 368 589 738 758 1075 1104 1206 554 1102 1009 258 599 1671 1207 433 1456 193 1242 366 1082 213 675 52 449 1345 196 321 1350 450 370 1532 641 467 1256 1154 1164 961 524 1559 356 1787 176 376 319 246 1063 273 33 951 566 407 637 1165 729 1844 1874 1617 134 1670 19 1690 162 1248 1436 1605 1304 1332 1333 358 21 482 1552 1066 1609 42 61 88 96 100 118 126 154 188 201 254 259 269 279 302 340 346 352 374 379 386 469 533 534 561 600 613 634 648 670 707 709 722 723 728 730 739 757 765 780 813 817 847 863 868 885 892 924 928 935 938 948 953 959 980 985 1020 1030 1044 1059 1062 1074 1125 1138 1145 1183 1205 1210 1214 1226 1228 1231 1255 1298 1331 1335 1387 1390 1413 1426 1435 1450 1453 1468 1469 1474 1497 1503 1521 1523 1538 1556 1580 1592 1597 1621 1681 1684 1769 1717 1733 1735 1737 1738 1740 1752 1857 1808 1812 1834 1843 1789 1714 1739 1732 1649 1734 1736 1635 1640 1644 1668 
1684: 1330 496 368 996 1311 1624 624 408 409 925 288 923 503 193 449 196 321 1349 1350 450 875 1532 641 793 1874 1122 1170 1332 1333 1107 691 345 45 88 240 249 268 469 630 670 730 780 1183 1226 1383 1384 1503 
1487: 1330 1672 1638 589 783 1184 1511 120 1241 1536 935 485 1697 1313 1018 108 302 323 625 628 782 784 818 1204 1214 1486 1564 1857 1858 
1580: 1330 171 424 1475 589 1127 1624 624 1345 641 1473 1874 1241 1304 1332 42 980 660 103 259 98 652 96 100 142 172 189 355 387 426 600 608 730 806 811 813 859 916 1067 1389 1443 1504 1634 1843 1749 1623 1666 
1479: 1330 1045 556 581 975 184 
1355: 1330 1570 1672 589 921 1184 229 1692 906 1045 167 1063 792 566 637 1765 1673 864 1440 1088 1129 290 1824 330 1451 1552 1441 210 287 629 935 1631 485 393 1851 328 1700 1450 1790 289 110 141 563 581 638 680 686 726 732 814 818 819 850 944 962 1023 1168 1725 1489 1812 1521 1446 
1872: 1330 684 1672 368 589 738 1075 1184 409 541 1840 243 763 503 433 1242 8 52 1213 1349 1350 329 450 47 150 191 239 259 298 370 373 520 524 652 667 678 691 730 830 857 875 1007 1012 1170 1185 1228 1304 1324 1384 1451 1454 1473 1476 1496 1504 1545 1555 1556 1613 1720 1768 1793 1851 
1333: 1330 297 315 589 710 807 1267 1293 1624 1684 433 771 1532 641 356 19 162 1332 109 189 439 520 556 846 1193 1843 1853 1474 1615 
1778: 1330 408 1780 1082 729 19 162 164 109 459 789 924 1210 1247 1535 
1689: 171 779 1115 383 589 593 137 1681 1538 58 211 333 739 576 18 32 1818 764 895 1089 281 723 1282 1841 763 765 105 178 1692 1247 911 913 45 790 165 762 616 1502 63 190 271 358 480 486 559 813 843 912 1131 1401 1515 1571 1572 1619 1844 
557: 171 424 1475 589 734 218 554 1008 1350 1009 98 485 328 330 391 1388 105 187 1439 733 480 667 1129 1170 669 67 1571 703 639 
1660: 171 1475 996 1525 1387 703 610 
624: 297 496 779 1457 1115 125 163 368 1293 1311 1684 1580 1 26 30 43 51 61 81 89 103 137 158 162 188 191 193 218 227 232 248 359 370 402 408 431 450 452 469 512 516 537 554 575 577 599 1164 1165 1681 670 1183 675 1699 1210 1213 1231 722 1235 730 1752 1245 1008 755 1777 769 780 1294 786 789 792 1304 802 1843 1852 1347 1350 847 1874 1372 862 1541 1408 1431 922 1436 931 1211 1449 946 951 961 1480 995 1514 1009 1530 1028 1538 1032 1047 1147 1603 897 1609 1102 1241 1641 633 1657 1152 641 1154 
255: 297 1570 589 1 1594 409 541 45 97 98 105 130 213 229 795 290 287 1183 1185 556 946 1532 964 1407 1349 712 1787 599 734 366 879 1649 1440 
503: 297 1475 125 163 368 383 758 1127 1184 1206 1238 1267 1293 1311 1684 1872 408 288 552 734 1082 61 103 162 188 193 359 370 402 450 469 512 516 577 599 675 1210 722 730 755 780 1294 1304 1843 1852 847 1874 1372 1436 961 1028 1538 1609 1102 1241 641 1154 1063 299 429 238 366 1270 109 249 260 582 739 799 1121 1190 1226 1553 1554 1484 126 1345 923 6 130 196 273 340 346 379 1675 1086 1532 1256 791 764 1335 1429 1125 1460 1470 449 467 536 1497 485 499 763 508 1671 1419 1780 8 19 21 47 83 87 95 143 145 146 152 190 216 259 269 277 279 280 283 292 323 336 356 364 380 387 393 407 426 444 453 459 476 484 667 1690 743 1711 712 1242 1763 583 1787 1280 1185 588 1779 1296 796 1308 1312 1316 1274 1105 1331 1332 1533 1351 1524 1873 1877 860 867 1383 873 875 1388 1390 885 886 887 889 893 924 673 937 701 1435 1044 1469 1473 1474 1015 876 974 976 707 1103 1502 1646 1007 1012 1525 504 511 521 533 534 1559 975 1066 1579 1572 1573 1714 963 1605 585 591 1613 1578 1492 1635 1637 620 621 1011 1793 631 643 1159 648 
449: 297 1475 1115 125 368 738 1206 1624 1684 408 409 925 288 734 1183 1349 61 193 370 450 452 469 670 1210 722 730 780 1350 641 366 739 1226 1345 18 98 196 321 346 660 1532 794 763 503 1001 504 8 52 123 268 1545 1170 1044 761 1337 805 742 1384 1328 1331 1332 825 830 1476 1107 1473 1515 604 875 749 1268 759 637 
1045: 297 1672 315 368 589 921 1206 1758 1479 1355 734 599 1294 1538 1063 366 771 1617 1554 1484 1687 676 1225 508 19 330 637 290 1205 1714 1690 1159 287 1692 1824 345 1613 134 1546 267 1686 1556 1189 1637 481 871 1088 1137 1179 1851 502 1548 1128 1351 15 176 210 319 360 566 581 626 680 778 818 935 940 985 1673 1658 1209 1467 1502 1474 1371 1631 1765 1409 1795 
336: 297 1672 383 589 758 1206 1758 1752 366 1228 1335 500 503 1671 19 143 637 924 763 765 529 1787 1123 1824 345 1051 1185 556 693 1478 1439 598 762 267 480 1515 377 15 16 71 145 1759 655 935 814 1708 830 1406 1351 337 453 1779 1631 1634 486 667 1371 374 889 1658 1795 393 
1502: 297 368 1758 1320 771 18 1414 433 503 508 240 300 384 529 1787 1413 1689 930 1515 1466 1166 149 1875 902 16 1045 160 1500 1696 1759 
18: 297 496 589 731 1049 408 81 137 512 1164 1165 792 1874 951 1063 429 58 211 771 1190 1617 1675 764 762 763 508 1242 1542 1438 449 1070 207 616 1282 1502 1534 566 149 667 1689 830 1765 712 206 1239 729 733 234 244 759 760 1308 300 1844 826 1341 834 1860 1868 1673 864 865 1397 1402 1406 911 912 913 918 1440 432 950 974 463 488 514 1548 532 25 1575 49 1586 572 895 1088 95 1122 612 1129 1135 120 123 636 1658 134 1669 1670 
667: 297 684 1475 1570 1638 368 383 589 758 1206 1311 1758 1872 89 218 450 599 1210 1213 722 1294 789 792 1843 1347 1480 1538 641 1063 366 1270 258 1796 260 333 363 771 1098 1120 1869 1687 835 606 18 98 229 244 273 379 1532 1228 764 1407 938 1460 973 485 503 504 511 893 1089 1092 508 1073 1671 330 723 753 1784 932 521 290 1315 763 765 1286 529 1463 1633 1692 1824 396 911 414 1450 1048 556 712 1440 851 866 1398 1478 616 1840 598 364 507 1451 1563 123 1686 1693 1010 948 1466 1643 336 557 759 1038 1186 145 919 1107 67 78 144 1272 1432 176 491 1137 1534 149 59 93 236 334 448 453 478 601 636 1673 669 1696 1708 718 1233 1795 1802 1310 1847 832 1519 839 1868 1368 877 1287 887 1400 1446 1462 1465 989 1505 1007 1543 1059 1077 1088 1632 1653 1155 1158 
712: 297 1115 1570 1206 1238 1311 1758 255 552 1082 370 1480 429 1649 58 1236 18 122 130 273 485 503 508 1671 143 723 932 290 1690 213 1261 396 556 1419 1001 631 1010 926 566 415 149 667 78 93 106 172 374 398 456 507 553 581 635 669 693 1305 1435 928 1186 935 1189 1171 1277 1466 1831 713 940 718 1351 744 851 1680 1793 1563 1616 1522 1322 1136 1862 
729: 297 1624 1778 1226 18 281 637 1787 128 1840 53 1406 1555 1155 939 
19: 297 1570 315 368 1311 1624 1333 1778 409 475 925 734 162 599 1304 1436 1609 1241 1154 1063 366 109 363 1345 122 1086 1532 1225 764 1407 433 503 504 1066 1671 1439 879 1780 1242 631 216 1438 1762 1787 1832 176 1045 336 33 1324 322 1157 566 637 1239 759 1308 913 123 1670 1170 1690 164 693 1224 1246 1248 1763 237 1605 1779 281 290 1824 1332 1859 330 358 1394 886 887 919 1451 21 455 460 482 1515 1007 1038 1552 22 1558 37 556 1595 584 1613 1107 1633 105 635 821 
98: 297 496 684 1475 125 562 593 1104 1293 1758 1580 408 255 964 188 1164 1699 722 1843 1350 847 1436 951 641 1154 1063 306 1456 1649 211 333 363 1074 1705 1850 1869 1076 923 957 165 1130 879 243 1419 1207 229 1407 1001 631 504 213 1438 449 1532 1010 1473 1256 207 356 1286 1282 365 1137 566 667 234 759 1341 1440 1548 1129 123 134 1669 1248 1605 1332 1515 556 1107 105 635 362 269 560 1026 1533 1616 287 34 97 45 46 1166 146 1175 1691 1205 1208 697 707 1221 1254 236 411 240 757 766 785 283 1822 1826 1340 1851 836 355 380 387 902 393 1631 1425 916 414 935 1447 445 1466 446 466 981 473 476 480 486 1004 1527 510 521 522 523 531 533 534 549 557 1073 1077 1087 1089 896 585 588 1615 600 99 100 1635 1637 1837 621 1141 1654 127 1666 138 651 
109: 297 1457 1115 383 589 996 1758 1333 1778 925 734 162 232 599 1304 847 1241 1154 1418 1671 1780 503 504 771 216 1438 363 273 637 759 123 134 1670 19 1690 1248 1763 281 1332 358 21 455 1552 1066 556 1595 1633 34 42 928 1302 811 813 434 1076 190 1474 1351 585 1866 1642 515 1159 
126: 297 125 368 1311 1758 1624 404 408 409 925 288 734 81 512 1213 1347 1431 1530 238 1270 260 1554 122 229 503 433 1086 1407 1225 1242 794 504 310 793 1203 637 415 865 912 1552 866 1348 1469 660 1549 1301 1498 707 608 1384 1746 713 111 782 1507 178 833 706 215 1747 1618 1126 883 1655 
141: 297 368 589 1355 1350 1063 281 330 556 1448 553 283 1505 1577 
143: 297 1238 409 1752 1241 1063 1553 1460 503 504 1463 336 1324 214 712 281 1451 556 866 1186 689 1833 723 1851 1029 1466 283 1205 100 1635 142 1144 811 1704 1229 282 478 744 257 515 
162: 297 389 163 368 383 758 921 1758 1624 1333 1778 624 404 408 734 1082 260 599 1671 1780 229 503 1566 794 366 504 216 575 1438 1154 1554 793 363 1455 566 407 637 759 123 134 1670 19 1170 1690 21 22 42 47 99 100 109 1194 1197 1241 1248 1763 1772 1776 1785 774 780 1779 1654 1304 798 298 821 1843 825 1847 1851 328 1351 1862 333 859 354 1379 358 1384 1394 886 887 379 1418 866 402 928 417 422 1450 1451 1552 444 1044 451 1474 455 972 976 469 1506 1007 1021 1535 515 1551 1047 1051 1052 1066 1828 1595 1633 1635 629 1332 1159 
185: 297 1049 1210 1874 923 1702 1256 110 1746 1123 345 693 957 830 514 886 887 1348 1597 966 1834 1474 1090 1546 271 1585 453 331 1359 267 1035 
217: 297 1503 933 
226: 297 366 1098 606 923 926 298 
268: 297 368 1684 1183 1349 450 469 670 730 780 641 1226 196 321 1532 449 281 763 556 142 1795 
281: 297 409 193 1418 109 835 795 1125 1460 504 1559 508 1652 19 143 1439 763 1324 491 1534 1218 1689 729 1406 141 189 257 268 1186 1824 571 1065 1323 1205 1616 1716 827 1851 1472 969 444 940 718 337 1451 1155 345 1177 480 1178 1459 1505 1635 1764 1515 1833 497 374 744 1023 1029 
282: 297 1418 379 1652 143 1036 
283: 297 1345 98 660 503 143 259 93 940 141 
287: 297 684 1570 1672 368 589 1049 1184 1238 1293 1311 1355 288 255 552 964 1082 188 193 218 1213 1008 1294 1431 1009 1032 1063 299 1456 366 1270 260 1120 98 1225 1757 793 794 1429 467 55 328 330 723 1747 1784 1284 1317 1384 290 924 1014 1054 165 879 762 1242 906 1045 33 566 1765 865 1548 134 1248 1051 1186 1549 1185 65 124 152 276 285 1167 1697 680 683 686 1212 725 1790 1812 289 1829 1351 842 871 898 782 438 1464 1493 483 505 1052 1062 1103 1615 1631 1128 1642 626 1077 
290: 297 684 1475 1570 1672 1638 163 368 589 710 758 1184 1293 1311 1355 475 288 255 1082 188 193 218 575 1699 1431 1009 1063 299 366 1270 260 1687 1225 795 1066 19 1747 1317 1384 707 1545 1833 243 993 1242 616 1045 33 566 667 830 1765 712 759 1548 164 693 45 65 67 80 111 239 276 287 289 1179 677 683 1214 1790 1189 806 808 1847 1851 1344 770 1361 861 898 915 1550 979 980 487 1515 505 1552 1051 1052 1053 1631 618 648 
652: 297 424 1580 1872 730 641 1345 660 259 1454 42 100 1473 96 1036 806 1504 1749 1018 
659: 297 1475 383 1154 708 273 791 1671 1561 637 1613 556 846 1067 1186 91 940 1802 1141 
1180: 297 117 118 
669: 297 684 368 589 1206 1311 1758 366 1270 258 381 771 606 229 1086 1460 485 508 723 1315 1205 1692 414 712 1440 851 1478 1840 1563 1686 1010 1466 1643 557 759 1038 145 144 667 1088 1158 1272 636 1696 1708 1802 59 332 334 448 453 1310 1446 839 1233 1768 1543 
1193: 297 389 1333 574 467 490 1332 269 172 1334 1062 525 1382 199 
682: 297 691 1668 302 482 
693: 297 1115 163 1184 1206 1758 188 512 1165 1843 1063 1270 923 273 321 1207 1208 1256 793 433 1671 19 1732 637 290 529 1332 1159 1185 556 712 355 476 336 566 1860 134 185 267 374 453 459 561 1759 805 813 1615 1371 1643 1351 1779 1417 1409 775 
1217: 297 691 328 1851 482 1040 
727: 297 103 1843 1438 476 1668 1832 1020 460 
1251: 297 333 1125 1185 556 825 1795 1655 
755: 297 589 624 137 1757 503 1345 1532 300 691 374 379 328 1668 975 
1824: 297 1672 589 921 1049 1081 1355 288 193 1063 299 1850 1532 19 281 330 753 1324 637 1690 1045 336 566 667 1765 1673 865 1548 237 131 172 337 401 464 470 553 628 644 726 777 818 859 887 920 928 943 944 949 962 1023 1048 1067 1155 1178 1229 1230 1288 1323 1344 1351 1371 1446 1451 1489 1507 1508 1521 1543 1547 1562 1631 1651 1789 1790 1810 1823 
1868: 297 1570 1184 363 1687 18 365 1284 1501 879 1185 123 667 1851 234 1001 33 322 
1834: 297 389 719 1638 1624 1752 1671 1621 134 185 1451 632 198 1334 1578 525 64 1420 175 199 201 324 
1845: 297 
317: 297 1457 1570 315 807 1304 771 1787 1170 866 269 1348 1524 691 374 1383 1841 1274 1056 1850 1615 728 316 941 1404 
1851: 297 496 163 589 1355 1872 162 193 450 599 722 1235 1843 946 1657 1152 1154 1063 366 363 498 98 229 365 1335 1407 1414 973 1497 504 1044 143 281 330 362 1679 1592 1732 1733 1735 1737 1740 1284 1808 1739 916 1734 1029 1736 1738 1833 817 634 637 290 1286 1205 990 105 700 1114 879 1450 1051 560 1185 1496 1145 243 63 246 1186 67 982 405 713 1045 1352 566 1868 1548 1779 1616 502 1387 99 106 1631 133 160 571 650 709 744 944 1000 1083 1173 1217 1253 1635 1709 1741 1769 1863 
833: 297 125 758 1758 409 734 103 1009 1530 126 793 433 1460 536 350 1284 993 373 759 1545 374 757 266 
834: 297 383 758 1213 1372 58 835 18 754 764 485 240 1384 763 765 911 1095 790 762 123 267 358 756 760 172 236 601 1485 1875 1415 
835: 297 593 758 404 1598 734 1213 1843 1372 1063 1418 1345 790 1439 667 759 834 1088 123 134 281 358 1451 1515 1613 105 1415 240 756 485 1875 1351 1450 614 172 1411 1340 896 453 601 1199 1583 1488 1149 
330: 297 424 1809 1672 589 593 758 921 1049 1311 1355 409 552 218 1213 780 847 1874 1063 1270 771 708 563 224 1532 795 973 485 1671 19 328 1398 1005 631 1010 1045 566 637 667 830 1673 1440 1548 1088 1129 636 1824 67 124 141 161 174 190 210 287 296 1168 1178 672 1186 680 686 767 1205 1714 1691 1790 1288 785 1446 818 827 1851 332 334 846 1371 358 360 914 920 935 943 944 962 464 1489 480 486 1521 1023 1543 525 553 556 557 581 601 1631 618 1642 638 647 
331: 297 758 637 556 185 1546 267 699 1406 525 617 1866 237 566 
1863: 297 1570 512 86 1851 237 
1866: 297 383 722 780 109 1671 866 267 699 1406 1795 1141 331 
337: 297 1475 589 1184 273 340 691 433 1671 281 1824 1185 1398 336 144 190 212 883 522 1534 
1362: 297 1009 366 219 504 1833 993 1787 1123 105 1242 733 930 1451 1169 164 1595 1574 72 716 1233 1596 
1371: 297 589 1049 1184 1311 1082 1235 1843 1852 633 1567 244 330 1084 637 1501 1824 943 693 853 1546 267 358 336 203 1037 914 234 1548 124 1168 1045 1673 1670 1005 617 553 566 855 1610 935 1178 1765 1129 1026 296 39 332 360 464 470 581 626 638 672 814 944 1039 1631 1446 1489 
351: 297 424 779 637 556 1443 767 1749 1035 666 610 
1375: 297 589 365 433 556 1181 298 
367: 297 1293 734 188 554 1347 299 211 207 1282 1477 1058 1714 990 1698 177 356 614 
379: 297 684 1475 125 589 710 807 996 1184 1311 1624 408 409 734 162 599 755 1304 1063 1270 381 923 229 790 503 433 1407 1225 1398 504 1438 1532 1010 667 864 1135 1170 1515 1595 1613 866 1051 1686 1185 935 1415 1123 1631 1390 65 118 172 262 282 289 316 349 398 1176 1317 1847 1571 818 1841 1848 1344 706 464 741 1254 380 
1406: 297 589 1758 789 1032 18 273 508 1671 281 1123 556 1095 1546 733 267 756 336 729 124 271 1491 1534 263 331 430 525 531 617 636 1426 1866 
1417: 297 1874 693 866 849 1646 
412: 297 1570 1049 730 1874 381 273 1232 396 1185 556 930 1540 1010 1643 830 1038 863 265 1579 1632 1655 
414: 297 368 1758 288 366 923 98 229 1407 1232 105 1692 1137 667 1038 556 54 142 293 393 395 669 1693 1189 445 1095 1643 1632 1380 1655 
1441: 297 1104 1355 333 381 229 1066 1332 1692 556 520 790 22 1038 99 172 393 395 397 445 446 550 680 813 975 1186 1697 1648 
1451: 297 1124 1672 315 383 589 731 921 1206 1238 1355 1872 734 1082 162 193 577 847 1480 1609 1152 1063 956 366 1270 260 1587 835 229 1675 1532 1225 793 795 1407 442 485 1073 1671 19 31 143 259 281 723 753 885 932 1315 1490 1205 1331 1332 1413 128 213 1692 1799 1824 892 1450 1048 556 600 1003 177 1435 631 926 1272 603 322 1534 667 1548 1088 1669 1248 237 1605 358 78 200 201 252 314 401 403 439 567 644 704 715 770 818 837 841 888 948 969 989 1013 1052 1128 1169 1177 1187 1328 1344 1362 1693 1853 1597 1793 1794 1802 1834 1591 1465 1474 1508 1547 1644 1838 
1466: 297 684 1311 641 211 771 1236 310 98 244 1497 1089 1092 508 110 143 207 1282 1583 206 1224 1286 105 1692 879 1438 1054 712 355 851 1398 591 1563 480 356 750 1502 1137 667 1397 1616 1696 502 99 669 70 197 713 843 896 975 976 1691 1805 1489 
1472: 297 1672 589 541 789 676 764 1057 281 1084 637 566 1673 1548 1129 1248 1136 1004 142 1113 1168 1309 1522 
1506: 297 662 162 1324 571 
1019: 297 843 566 
1023: 297 758 921 1049 1355 552 734 370 722 1063 1456 366 1649 273 433 1671 281 328 330 637 1714 1824 556 267 1088 1137 1542 1805 1351 566 636 935 553 1631 704 1446 1636 944 838 1489 
1039: 297 366 1869 362 1463 1501 1613 267 950 1371 1655 
542: 297 105 97 106 1616 
549: 297 684 1124 593 1238 964 306 98 340 764 1407 504 508 1833 1792 879 1054 1145 1515 912 1548 1129 237 1026 1181 1087 106 671 1151 
556: 297 496 779 163 1127 1479 1333 255 734 1231 847 1538 1063 109 418 1266 498 98 340 1818 1497 1652 19 143 330 407 1679 637 924 105 396 414 1321 1398 64 336 667 712 759 1406 514 123 693 1779 1451 68 93 141 253 268 331 351 412 444 480 486 520 659 1178 668 1186 1716 1718 1721 666 1251 1441 1811 1821 811 813 816 843 856 1375 869 1387 1396 1805 1012 1023 1546 1072 581 587 1577 1616 642 1664 
1097: 297 1228 1535 1563 1813 
1747: 297 125 1075 1311 409 1009 1609 260 126 310 1460 511 882 290 287 679 1498 707 1435 523 182 937 
1616: 297 589 103 1032 1241 211 98 794 795 1497 504 31 110 281 1203 1282 1433 1224 1286 105 1692 1438 45 556 712 355 851 1216 243 1466 602 770 1126 713 785 1851 1542 99 502 1001 106 209 542 810 1024 1360 1370 1404 1410 1865 1696 1691 
617: 297 1671 637 765 267 1597 1406 1371 331 
1643: 297 1061 211 381 1567 1282 414 1054 693 1546 165 733 356 667 1129 935 54 412 669 1004 1864 
1716: 297 281 556 
1155: 297 1672 413 281 637 1824 667 729 1178 353 
882: 389 496 1311 1758 734 61 191 516 554 1008 792 1347 1350 1431 1009 1032 633 956 413 1172 1705 6 273 1225 433 1747 1297 884 1388 993 1014 187 364 1668 327 1300 555 881 179 276 302 517 1296 1299 1301 1264 1464 1695 1103 1383 1201 1223 883 
857: 389 368 589 1872 541 1349 370 450 1213 1350 52 875 8 329 373 213 214 439 853 854 855 856 1240 1509 
1473: 389 125 368 738 1184 1206 1580 1872 193 370 1210 1231 722 730 780 641 366 739 1172 98 346 660 1532 449 503 1044 259 1454 387 1690 1331 1332 1476 1185 621 825 520 1563 1170 172 1419 99 1704 1432 1052 1387 1539 10 150 584 588 592 620 652 657 1105 1328 1504 1720 1605 1623 
214: 389 589 260 660 143 857 213 853 192 16 975 854 855 1240 856 1509 
830: 389 779 589 1758 1872 722 1235 1874 333 310 1423 1688 574 1374 18 764 449 240 330 1746 1808 916 875 490 1144 637 290 1552 763 765 529 1463 990 345 879 913 1613 600 185 520 616 808 1216 1439 1130 762 1136 123 849 246 336 759 1780 1106 1542 80 200 412 453 463 609 613 658 818 1301 1823 1585 1426 1465 1343 988 1118 864 1670 
244: 389 496 368 589 593 1758 408 512 722 1843 1350 1063 366 58 363 18 1086 1407 1225 794 504 795 64 793 616 273 365 667 45 105 106 236 1548 1044 945 1466 1087 1089 838 555 1371 1126 362 1390 697 1179 510 1026 1283 
1476: 389 1115 125 368 738 1206 1267 1872 925 193 370 1210 1231 722 730 780 641 366 739 1172 346 691 1532 449 1044 29 259 387 1331 1332 1473 147 150 592 620 621 657 825 1036 1142 1328 1387 1504 1720 1774 
47: 389 589 738 1872 162 730 641 739 1172 503 1044 387 1123 621 981 501 1142 443 1720 592 620 622 
175: 389 719 1210 198 1834 200 324 64 1775 1134 199 201 
198: 389 719 1475 1638 1104 734 1609 1535 1841 1621 64 175 275 1834 132 200 1064 
228: 389 719 324 1775 
275: 389 719 1638 1758 641 1621 198 1387 1064 132 64 189 
324: 389 719 1638 1758 1699 1345 504 1029 1621 689 1834 64 1420 175 228 1775 903 1509 
1420: 389 719 1525 344 57 1834 324 848 
1167: 389 424 287 974 980 438 
1064: 389 858 1609 1256 269 355 849 172 1090 198 64 275 132 
813: 389 424 1758 1624 1580 734 1349 109 660 611 1324 556 693 1689 1441 203 1001 525 189 638 809 1443 1139 
854: 389 589 758 1758 857 1692 853 1693 214 439 855 856 1240 1509 
1621: 389 719 1475 1115 1638 1758 1624 328 723 275 1834 324 198 969 531 1775 944 1162 
1495: 389 589 1594 980 689 1833 723 200 100 111 248 285 423 702 939 1443 1562 1813 
855: 389 1570 589 1758 897 249 1559 1066 857 213 214 439 854 1371 1240 856 1509 
1029: 389 589 409 734 143 240 281 1444 243 64 432 105 1186 502 1833 1216 1851 324 78 270 744 1205 1357 1741 1635 
856: 389 589 897 249 691 1559 857 213 556 853 214 439 854 855 1240 1509 
966: 389 1758 1746 1095 185 886 1578 57 711 256 1585 
905: 389 719 64 
1162: 389 719 593 1758 1268 1621 1432 1192 
957: 424 410 81 89 1609 1102 1063 771 32 98 365 1086 485 1647 110 761 473 1833 529 1715 1827 396 1054 97 878 2 135 185 187 245 278 343 518 520 583 591 616 752 766 776 808 1546 1718 1822 1836 1340 1216 1376 994 1572 1255 
58: 424 684 1457 1475 1570 1061 408 734 1082 232 512 1699 1210 1752 1874 1241 1320 429 366 1270 1796 3 790 764 4 7 18 49 653 144 1169 149 1689 1692 692 712 1225 717 211 723 1748 1751 229 244 765 1787 1282 1286 273 274 504 1810 793 794 795 1613 1324 816 308 310 834 846 340 1875 866 867 868 1390 1397 1407 902 1414 393 1419 1429 611 932 433 442 1470 967 1478 1496 993 485 1515 499 1525 508 511 532 1057 1076 1086 1099 82 1123 1136 1646 1647 122 643 1671 
229: 424 684 163 368 758 1293 1355 408 288 255 734 162 512 577 599 789 1102 1154 1063 366 1270 1796 58 260 333 363 126 310 6 82 98 122 1675 1439 764 879 243 763 1433 45 99 105 123 144 660 667 669 1700 697 1225 723 1253 759 1280 1286 785 791 793 794 795 798 1851 323 327 356 362 365 379 1407 1429 414 1438 1441 938 1450 1451 433 480 485 1001 1010 502 504 1021 1051 1566 1583 1086 1088 1089 1114 1126 1137 629 1157 
1686: 424 562 823 1184 1213 363 1687 923 273 379 764 1429 1460 511 1671 1784 637 763 1692 1185 354 790 1045 33 322 667 1595 145 669 811 1274 1365 1493 
553: 424 1672 589 921 1758 193 370 961 1063 1453 1687 754 1652 330 1679 637 1501 1824 712 134 846 1010 1166 1548 811 1168 1351 1023 818 1673 210 566 1371 935 44 141 1328 680 1467 1790 
451: 424 1115 162 188 1843 366 363 1671 52 1787 1658 1593 1139 1448 
100: 424 163 1127 1624 1580 1495 162 730 1843 641 1345 98 1671 143 259 382 364 1010 635 631 652 1177 806 189 840 
172: 424 684 1124 368 495 593 1206 1580 248 512 722 780 789 1350 1874 1063 366 1418 799 1074 1236 1617 310 1687 835 1374 122 130 273 379 1207 764 504 1073 1671 86 723 1783 490 521 1034 523 533 534 637 924 993 558 1205 1787 1331 1332 1824 345 712 866 776 1576 598 1130 733 1563 1441 834 1010 356 1707 1637 1648 1419 484 1473 208 1137 864 865 463 689 1518 1717 1064 785 1090 85 121 663 1187 1193 728 632 744 1277 775 1846 1861 1864 357 890 1424 426 1467 962 453 1012 1013 515 519 540 547 1623 561 
178: 424 1238 288 734 218 1009 126 1225 1460 240 1689 405 1810 
316: 424 1475 1570 315 807 1206 402 450 1210 1304 1350 317 1850 346 379 1207 1407 508 1073 1150 993 941 355 866 598 356 1004 1090 1056 531 1177 1577 1091 
327: 424 593 758 734 1082 188 218 431 554 599 1213 730 1008 792 1347 1431 1009 641 299 1270 258 1796 260 219 606 60 224 229 1706 793 795 764 1335 86 272 1284 932 1535 1566 637 1490 1014 763 765 965 1242 1337 101 1751 1840 1321 1130 1010 1844 436 948 1707 882 1170 347 1348 1549 1518 829 483 1829 949 698 1176 618 1344 
334: 424 589 722 771 1249 328 330 637 1051 1415 486 667 1088 669 1052 775 626 1446 
1443: 424 1104 1127 1580 1495 508 1652 600 520 1010 293 149 811 813 351 423 
426: 424 1184 1580 734 923 500 503 1787 172 889 1658 805 874 
811: 424 315 1580 1213 1431 1009 109 611 1652 143 1324 1833 556 1686 1556 1397 1595 1795 1323 553 461 638 809 1443 1139 
1629: 424 529 
881: 424 516 554 1008 792 1347 1009 1032 633 413 1705 433 1297 1388 187 364 1668 1300 555 882 1301 1383 883 1296 1223 179 517 597 1674 1299 1201 1264 
1020: 424 1758 1624 1792 246 1248 1762 176 727 1788 1510 1789 
863: 424 1624 1226 764 433 391 637 476 600 1285 721 412 
408: 496 684 1475 163 368 383 593 1206 1238 1684 1778 1 624 3 6 14 18 26 32 49 50 58 60 61 82 88 98 103 122 126 130 162 188 193 196 224 229 244 249 273 288 299 321 340 346 352 363 365 366 370 378 379 381 1675 1681 675 676 1699 1702 1705 1706 690 691 1207 1208 1086 1210 660 1532 1225 1228 717 722 1236 1748 1752 1757 1256 754 1275 780 788 791 793 794 795 1818 764 1843 1335 1336 1350 847 1874 870 1710 1407 1120 1414 1429 409 1125 1804 938 429 433 1460 1461 442 1470 449 450 967 973 1484 467 536 1497 485 1511 499 500 503 504 1017 1529 511 512 1538 1031 1044 1559 1057 1066 1234 1074 893 569 574 895 1089 469 1092 508 599 611 1073 1133 1647 1652 633 1671 
409: 496 684 1457 1475 1638 125 368 593 738 1075 1206 1293 1758 1684 1872 1 408 9 19 29 31 49 52 55 61 86 88 103 110 126 139 143 153 154 159 188 193 196 207 240 249 250 255 259 272 273 281 288 300 310 321 326 328 330 340 346 350 352 362 363 365 366 370 379 384 391 407 1164 1819 1678 1679 1165 1681 1688 670 675 1592 1197 1706 1203 1057 1210 702 1724 1218 1532 1732 1733 1226 1735 1228 1737 1740 722 723 1236 1431 1746 1747 730 1752 739 1764 1256 753 1783 1784 1282 1284 780 1297 1808 789 793 761 1307 1818 1313 804 1317 1324 1739 1699 1705 1843 1335 1339 1617 511 833 1347 1349 852 1873 1874 1538 870 1384 1390 884 885 1416 1418 916 1429 1433 932 1444 938 429 1454 1044 449 450 875 1480 1481 1484 1726 1388 792 707 473 1350 1497 485 490 1804 1477 541 500 1017 512 1734 1535 1028 1029 521 1034 523 1545 1736 1553 533 534 536 1738 1559 1561 1231 1566 1058 1066 1657 1587 570 1084 574 577 469 1092 1407 1100 1833 599 611 475 817 1133 799 1583 1647 1143 1144 634 637 1150 1671 
541: 496 368 1758 1872 1 1594 409 8 52 158 255 329 333 370 373 450 504 529 1681 929 1213 824 1463 1349 1350 1232 1472 978 723 857 604 875 1535 
925: 496 1475 1570 125 368 383 758 1267 1684 1 7 19 103 109 126 139 188 193 250 273 321 340 370 387 407 449 469 485 488 516 533 534 554 558 577 599 633 634 670 675 707 723 730 734 736 739 757 769 780 802 817 862 897 922 1164 1165 1678 1681 1183 1699 1205 1714 1210 1732 1733 1734 1735 1736 1737 1738 1231 1740 1746 1239 1752 1256 1690 1787 1298 1808 1331 1332 1843 1335 1339 1532 1347 1350 1874 1028 1538 1388 1390 1372 1541 1413 1431 946 951 1554 965 1476 967 1480 961 1497 990 1501 1008 1523 1394 1017 1535 1032 1552 1044 1559 1739 1657 1592 1599 1609 1102 1617 1241 1123 1633 1641 1159 
288: 496 684 1475 1570 125 758 921 1206 1238 1758 1684 1 408 409 26 32 46 61 88 103 105 122 126 128 159 178 188 193 196 213 229 249 259 269 287 1677 1681 670 1183 1692 675 1698 1699 1705 1710 691 1715 1210 700 1732 1733 1226 1735 1228 1737 1738 1739 1740 722 723 1241 1242 1752 1244 734 1247 737 1256 1261 1268 763 1784 765 1792 1286 1799 793 1818 290 1824 1827 511 817 1843 1335 1336 1337 1339 321 1345 1361 941 1874 1366 345 346 352 1114 366 879 370 885 892 1407 898 392 396 780 911 913 1431 414 1438 938 1450 429 943 433 1456 1460 1461 961 450 449 1484 1592 467 1048 1219 1497 485 500 503 1017 508 1532 512 1734 1538 1736 534 1559 1051 634 1063 1066 1657 560 1234 1236 574 577 582 1608 1613 1617 1054 1133 1652 340 637 1671 
1477: 496 1475 1115 368 710 1075 1206 1311 409 734 188 554 1210 722 1008 1874 1372 862 1541 961 1009 1538 1032 897 299 1270 544 1249 1587 3 1532 1804 1284 932 1388 1576 1215 63 115 242 367 400 437 472 526 632 664 700 733 736 737 746 892 902 948 1087 1103 1118 1126 1144 1242 1261 1322 1326 1331 1361 1870 1708 1743 1488 1668 
879: 496 684 1570 368 288 255 964 450 1164 1210 722 1843 1350 1154 429 366 333 1869 310 708 3 98 229 273 365 1225 1757 793 795 764 1407 504 19 240 1732 723 1583 46 206 1286 1501 105 287 1361 37 45 56 94 97 99 234 236 253 342 393 432 445 446 480 486 502 546 549 597 673 697 759 830 1170 1175 1176 1186 1766 1283 1844 1851 1868 1380 1383 911 912 1438 1440 1466 1001 1038 1548 1565 1071 1077 1632 1137 1669 
260: 496 1457 758 1184 1311 734 1082 137 162 188 218 554 1165 1008 792 1347 1431 1436 961 1009 1657 1063 299 1456 238 1269 1270 258 1796 3 1675 165 764 598 1757 1130 762 763 508 33 60 71 91 115 126 144 145 152 179 204 214 224 229 259 667 1185 1191 683 1705 1706 1214 1726 1225 1747 1242 1243 1762 1256 747 1274 765 1282 1797 1289 272 1805 791 285 1817 287 290 1326 618 1335 320 1344 327 1351 333 1360 1361 861 1284 871 1383 364 884 1400 1407 898 396 910 1435 413 926 927 1440 1442 932 934 1450 1451 433 948 440 1478 1482 993 485 1051 1646 1004 1010 286 1014 503 504 289 521 1549 532 889 1052 1566 1058 1579 1086 1087 1089 590 1103 1613 1618 322 1120 614 1128 1133 1158 1669 
599: 496 694 1124 383 1184 1311 1624 624 408 409 925 255 552 734 162 188 218 512 516 790 1009 508 258 4 19 95 109 114 115 229 327 379 390 433 500 503 507 511 574 586 1170 1685 667 1185 828 1708 722 1745 1432 733 753 756 1274 766 1787 771 1692 1306 1323 1324 1847 1848 829 1851 1344 1350 1869 1197 1875 1384 889 1407 1410 1413 1438 930 1450 946 1482 1501 1543 1045 1559 1051 1658 1614 637 612 1663 643 
1433: 496 1124 589 710 807 921 409 81 670 730 310 6 229 273 1086 1225 794 764 1407 485 504 1073 240 1282 1384 1439 762 763 1419 46 209 246 524 756 765 798 843 866 1001 1136 1170 1242 1286 1440 1613 1616 1515 
433: 496 684 125 368 593 738 758 958 1184 1238 1267 1293 1311 1758 1624 1872 1333 408 288 552 734 1082 103 137 188 218 227 370 512 516 599 670 1699 1008 780 792 802 1350 1874 1431 961 1480 1009 1538 1032 1047 1147 1609 1641 633 1154 299 1456 238 366 1270 58 260 363 447 1074 1481 1587 1553 1701 126 1345 923 6 60 229 273 340 379 1675 1207 1208 1225 791 764 1336 790 165 1130 763 1692 8 19 24 35 65 144 153 154 157 179 187 277 280 329 337 347 364 373 377 390 393 396 415 1679 1185 1186 677 1198 693 702 1223 833 723 1242 1255 497 1783 500 1787 1280 1798 1693 1100 1805 1297 1300 1301 517 1332 822 1337 681 1023 1344 1353 534 863 1375 1384 1390 881 883 884 892 1404 1409 911 570 916 932 437 1460 1461 1464 875 974 981 1383 1050 484 967 1187 1014 504 511 800 521 523 1559 1485 882 1072 1073 1583 569 1096 585 1103 1114 614 1133 1137 1658 1564 1502 
1225: 496 1115 1570 163 368 383 758 1206 1293 1311 408 734 1082 43 61 137 218 232 450 512 1213 722 730 1008 780 1843 1350 847 1009 1047 641 1154 299 1456 956 366 1270 1796 58 211 260 363 1236 1553 1869 126 923 6 122 229 244 365 379 1086 660 1532 764 7 879 508 1433 1692 1566 433 1407 19 33 52 65 75 83 91 178 207 237 257 285 287 290 323 335 364 374 380 436 446 483 500 504 572 579 590 611 614 618 643 677 683 707 725 733 765 793 794 795 816 861 882 892 898 919 926 1001 1014 1044 1045 1058 1089 1092 1133 1137 1157 1168 1185 1203 1214 1679 1589 1726 1242 1280 1806 1300 1324 1331 1361 1282 1383 1398 1429 1435 1451 1478 1482 1543 1549 1559 1607 1647 1659 
794: 496 1475 368 1293 408 1082 61 162 450 512 577 722 780 1843 1350 1431 1047 1154 366 58 363 1074 1236 126 6 122 196 229 244 346 365 1086 660 1225 793 990 1433 1692 1407 106 287 323 362 449 504 521 579 898 1549 1679 795 938 1170 1092 1616 1001 1095 1145 1542 1280 1157 
1001: 496 368 589 1184 1311 450 722 780 1843 1350 1154 366 249 363 371 6 98 196 229 321 365 1086 1532 1225 794 795 1407 449 504 1044 362 1433 105 879 97 712 123 393 697 759 1038 78 1126 1137 502 1868 106 636 813 1616 
1641: 496 624 925 734 1008 1350 1431 1009 1147 6 433 50 105 277 485 633 800 1096 1361 1498 1553 
512: 496 1475 1115 1311 624 408 409 288 734 26 51 232 1054 764 299 58 6 599 122 1671 1207 229 503 429 433 1086 1407 1225 973 1120 794 366 1647 499 504 18 126 172 209 244 436 442 485 500 511 717 660 1429 791 795 771 1706 1710 691 693 1460 895 1603 967 1414 1863 611 1234 793 1275 866 995 722 876 1529 1350 690 1777 633 692 1282 1031 
1438: 496 684 1475 163 368 589 593 1206 1293 1311 288 162 599 1699 722 1843 1347 1350 1657 1154 366 109 363 1236 574 18 98 229 273 365 379 660 795 1335 1407 504 1017 1044 1066 569 1671 19 362 391 1679 1592 1732 1733 1735 1737 1740 1324 1739 1390 1734 1736 1738 817 634 1552 867 8 1463 558 1413 879 95 394 395 445 502 514 727 774 825 828 962 1038 1137 1145 1280 1323 1351 1425 1779 1795 1846 1440 1466 1483 1515 1534 1616 
1349: 496 368 1684 1872 1594 409 541 255 1183 8 675 52 1213 449 196 321 161 268 329 370 373 450 469 604 641 646 670 730 780 813 824 857 875 954 975 1226 1337 1405 1532 1729 1350 1648 1535 
1350: 496 1457 1475 1115 125 368 738 921 1311 1758 1624 1684 1872 624 408 409 541 925 1349 137 188 191 232 370 450 512 516 599 1213 1235 730 1008 769 1843 1439 1576 879 1009 1270 508 927 433 1456 1225 794 1001 1641 882 8 1438 52 449 196 321 42 50 95 98 105 141 172 230 234 244 259 273 277 279 316 329 373 415 485 511 557 604 633 637 641 691 706 793 800 808 824 843 857 875 889 892 898 919 1000 1016 1067 1096 1147 1154 1170 1226 1227 1228 1337 1762 1384 1498 1535 1553 1574 1579 
329: 496 684 368 589 1872 541 1349 370 450 1213 1350 691 1228 1407 433 52 259 875 1535 637 8 1840 824 700 857 604 373 
875: 496 368 738 1684 1872 409 541 734 1349 232 370 450 469 1213 1231 730 1350 1431 641 238 1503 196 321 691 1429 433 449 500 503 52 177 762 8 329 857 123 203 247 284 373 555 604 637 759 824 830 1401 937 1856 1729 1615 1515 1535 1306 
370: 496 1475 1570 125 315 368 589 783 1206 1311 1758 1624 1872 624 408 409 541 925 288 1349 51 193 1840 1102 1009 763 1671 503 433 366 504 771 8 52 1213 449 1350 329 450 857 875 82 113 247 259 298 346 1170 1698 1704 691 1713 1210 712 722 730 1776 780 1808 1827 1320 1324 1328 1331 1332 1843 824 825 1532 851 1384 373 951 1473 1476 1515 1023 1535 1545 1549 1044 1563 553 637 1076 570 604 1122 621 1137 
373: 496 125 368 589 1075 1758 1872 541 1349 103 370 450 516 1213 1350 1481 1532 433 504 52 833 875 1535 1841 8 329 857 824 585 975 1614 604 612 880 896 
1154: 496 1457 1115 368 383 1311 1624 624 1082 162 191 232 402 789 1304 1350 1439 879 243 229 503 429 433 1086 1407 1225 794 1001 366 504 795 1438 10 19 33 98 99 105 109 234 277 298 415 479 502 558 597 635 637 659 691 793 892 1030 1067 1141 1546 1690 1587 1474 1597 1851 1762 1498 1763 
793: 496 694 1475 163 368 1206 1238 1293 1311 1684 408 409 288 1082 137 162 218 450 512 577 1231 722 1008 1843 1350 1436 1009 1047 1154 299 366 1270 1796 58 211 363 812 126 60 82 122 229 244 365 1086 660 1225 879 1671 1692 1566 1407 794 1398 504 795 1010 926 11 33 74 78 83 91 257 285 287 323 327 328 362 394 485 501 579 618 683 693 765 1679 1170 1726 1280 1807 1324 833 1361 861 898 1435 1451 1465 980 1014 1549 1066 1092 1323 1613 1133 1159 1137 1157 
516: 496 1457 1475 1115 1311 624 925 734 137 232 452 469 554 1009 258 1284 599 503 433 1398 882 1350 373 1532 12 60 152 187 371 381 413 485 1736 1294 1681 1300 792 1266 1739 805 1699 555 812 1705 1008 1785 1843 1335 1592 1852 1732 1733 1734 1735 1609 1737 1738 1103 1740 1614 722 1324 1347 862 1025 1648 817 1388 637 881 1014 634 1657 612 1777 1028 1820 1032 1797 
637: 496 1475 1570 1672 163 368 383 589 921 1049 1206 1267 1758 1624 1355 409 288 552 1082 61 162 370 450 469 516 575 599 670 1210 722 1235 780 792 1304 802 1843 1852 1347 1350 847 1874 961 1538 1609 1102 1657 1154 1063 366 1270 109 381 739 1553 1554 126 1567 574 1219 82 196 273 340 346 676 1702 1086 660 1532 1748 1256 764 1335 938 1460 449 1044 1066 1671 19 52 240 328 330 362 391 1679 1592 1732 1733 1735 1737 1740 723 1739 1390 885 1416 932 875 1734 523 1736 1738 817 634 1439 1005 906 1542 216 329 1010 1070 750 113 1045 336 167 17 38 39 56 59 67 92 93 94 102 124 161 164 172 201 203 210 237 257 296 301 308 327 331 334 351 358 360 387 394 396 422 464 470 551 553 556 558 581 585 587 617 618 626 632 636 1673 1168 657 659 1686 1178 1690 680 685 686 1708 693 1765 700 1728 1088 1222 713 729 733 1246 737 1763 1260 1351 1779 1790 672 774 775 1185 844 1865 1300 1308 1824 1613 814 935 1328 818 1332 1871 830 1851 1348 846 1368 1371 864 865 868 886 887 914 1546 920 1633 1548 1446 943 944 1129 962 1489 992 880 1507 863 1357 1021 1023 1472 1540 1543 1037 1552 977 1597 1490 1095 1605 1835 1631 1637 638 1155 1670 
415: 496 125 593 1238 1311 191 248 1350 1541 1028 1538 897 1154 1236 1249 1617 1869 126 1208 433 1044 259 1313 884 885 1332 1261 712 706 930 849 308 17 1103 446 1002 444 968 455 92 147 266 1402 1072 1328 1742 609 1520 1605 896 
42: 496 589 1624 1580 162 1231 1350 109 691 29 1324 990 345 520 1415 1397 652 405 1303 1323 1387 
50: 496 1758 408 1843 1350 862 1147 1641 633 429 1553 1593 1727 170 277 511 800 1096 1490 1498 1518 630 
95: 496 1758 599 1350 366 18 503 511 240 1438 277 
105: 496 1115 368 589 1238 288 255 450 452 722 1843 1350 1530 1641 1154 366 1270 333 363 1190 1584 835 606 923 1513 98 229 244 273 365 1706 1407 1460 973 485 504 1089 19 362 1282 885 1029 1833 46 206 1286 990 1439 879 243 1692 1242 1001 356 1137 1689 234 864 1440 514 134 1670 1763 1515 556 36 45 78 97 99 1179 1186 1696 182 697 1718 745 190 1216 718 236 770 1794 785 293 810 309 1340 1851 843 1362 1370 127 1114 355 902 1415 396 400 1378 411 414 428 1462 1466 1471 1478 1500 502 510 528 542 1565 557 560 1080 1615 1616 1004 602 1126 106 1648 1145 1149 1662 1668 
137: 496 1457 1115 1293 1311 1758 624 552 734 1082 165 764 1321 1009 1270 762 763 508 258 260 927 433 1225 1398 1463 1350 1532 793 961 516 18 1689 865 123 60 83 780 1296 1170 787 1553 1563 932 1574 1449 1706 1008 1843 1214 1090 707 452 1603 876 1490 1579 1243 1244 1067 866 218 232 364 1388 1266 1777 765 511 892 259 772 755 1530 
230: 496 734 103 469 1350 366 1226 1691 1254 
277: 496 1115 383 1008 1294 1350 1009 1147 1641 633 1154 1553 50 433 503 723 1284 1542 95 37 124 800 1312 1096 1618 1498 
279: 496 1475 589 1293 1758 1624 188 792 1350 211 1345 32 503 326 1332 278 123 849 759 1637 1103 1615 818 57 524 1595 1691 805 1316 827 1447 1080 840 1862 711 1271 
485: 496 694 1124 1672 368 589 758 1311 1758 1487 1355 408 409 925 288 1082 191 512 516 1699 1213 722 1350 1874 1431 1009 1047 1609 1241 1641 633 641 1063 299 429 1456 956 1269 1270 258 58 260 333 413 771 1587 1345 835 923 122 229 1706 1228 1757 793 764 1407 1429 957 790 1054 165 598 763 1284 1433 503 1692 57 1398 631 1010 1559 1282 1324 566 667 1765 712 733 760 834 1397 911 1658 1605 330 1451 1515 1552 1613 105 635 210 1186 259 629 832 765 1301 679 567 699 1415 1550 1133 1579 756 480 101 144 145 209 272 364 394 396 436 439 479 1169 1176 1179 669 1693 1205 1725 1227 1230 1233 1746 1252 752 796 1856 1364 1383 1384 1385 1400 1401 898 1421 1427 611 944 1474 876 1486 1642 486 1521 1535 529 1556 1048 557 555 1099 601 1635 618 1131 623 1158 1078 
1691: 496 1226 1345 606 98 660 330 1203 892 808 1466 1616 230 279 1254 
1228: 496 125 315 921 1624 1872 408 409 288 188 1699 1350 1609 366 159 739 1172 1236 1453 1617 1481 1701 1484 310 691 1692 1398 329 569 176 319 336 1137 667 928 269 980 1044 851 935 405 1133 604 485 723 1390 611 916 585 1535 515 154 253 267 613 824 955 1097 1679 
1170: 496 1475 125 368 758 1684 1872 734 51 103 137 162 188 218 370 450 469 554 599 1681 670 1699 1231 730 1843 1350 1372 1541 961 1009 1028 1538 1102 1657 641 1456 366 1796 317 739 1074 1120 1121 1226 1705 1850 219 273 379 1706 1532 1256 793 794 795 764 1335 1125 449 536 1497 1044 1559 1671 19 52 250 1592 1732 1733 1735 1737 1740 1808 1739 1390 916 1433 1726 1388 707 1734 1535 521 1736 533 534 1738 817 634 1552 1787 1337 879 911 1048 1051 101 600 1751 643 1216 598 380 436 557 327 347 1473 1766 1534 231 718 1131 1176 1711 1795 1322 1465 1565 1591 
800: 496 1206 1350 1372 1032 1147 1241 1641 633 1553 50 433 1361 277 1498 1096 204 1363 1351 1000 1287 1025 1550 256 
1062: 496 807 1624 1210 789 763 287 635 1387 1382 1021 1193 
1147: 496 624 1350 433 1641 926 277 50 1553 800 1096 1498 633 
1574: 496 1758 137 575 1350 1553 923 1787 1067 1579 597 1362 886 65 887 
1067: 496 1238 1758 1580 137 577 722 1304 1843 1350 1538 1032 1609 1657 1154 363 1074 1553 340 1207 1208 764 1335 1125 938 467 1497 1073 1592 1732 1733 1735 1737 1740 723 1739 1384 1734 521 523 1736 1738 817 634 1552 763 1298 1331 1523 1677 1247 1824 911 354 1439 437 1004 524 491 1669 1533 1574 659 1846 257 1024 1742 1694 1771 
941: 496 288 1699 1270 317 521 1014 484 756 698 335 316 947 
1579: 496 1570 1184 1267 552 51 137 1008 780 1294 1350 946 1032 1047 633 1270 260 363 1553 365 1818 485 500 503 511 52 272 362 1784 1284 1799 1827 1337 396 1185 1572 1130 364 1186 1557 926 1743 1648 1344 1383 1187 914 877 1301 567 96 397 412 471 517 829 1299 1442 1571 1573 1574 1817 1623 
691: 496 1475 125 315 368 589 738 781 783 1075 1206 1267 1293 1684 1872 408 288 103 188 193 370 450 469 512 554 670 1210 722 730 755 1843 1350 847 1874 1541 1431 1028 1538 1609 1657 1152 1154 429 366 317 582 739 1236 1453 1850 1553 1701 1484 1567 82 273 321 1671 52 329 875 1532 1511 128 1787 319 1352 1122 120 1779 482 1066 584 1335 1536 1476 42 250 1044 1592 96 142 146 153 280 291 301 337 374 391 445 497 521 523 534 570 585 600 628 632 634 664 682 1205 1208 1217 1733 1228 1738 1748 1772 1808 1325 817 1299 1858 856 1384 1387 1390 899 1412 782 784 1458 959 791 1496 880 1016 1017 1535 1545 1736 1144 1057 1080 1622 1116 1626 1145 1666 
948: 496 593 1624 1082 218 232 1213 1008 1009 1063 299 1270 1796 260 1120 923 1532 1125 1461 499 508 110 1324 932 1388 1477 521 1561 1566 1552 1490 736 1054 1185 101 354 1558 187 1840 1130 364 1451 484 926 246 667 974 1186 1518 1697 327 746 889 618 145 1274 83 91 115 289 335 703 934 947 1707 949 1565 
821: 496 589 162 363 508 19 1150 763 790 1605 497 704 1795 850 1177 971 1277 827 1188 969 
824: 496 368 541 1349 370 1350 739 1228 875 1535 329 373 604 1865 
1553: 496 779 1457 1311 409 734 137 554 1231 1008 792 1347 1350 862 1431 1009 1147 1641 633 503 433 1225 52 637 1348 277 691 50 101 143 187 736 800 1058 1067 1096 1254 1344 1383 1388 1498 1574 1579 1618 1619 
706: 496 1638 125 1311 1699 1350 1431 1609 1236 126 379 1675 1203 884 523 566 415 1308 455 236 266 1050 1072 1103 1812 
1347: 496 1115 758 1311 624 409 925 1082 103 188 218 516 554 1165 1681 1008 792 764 1009 1270 763 260 1566 1743 1242 1751 1398 882 1542 1438 52 897 1032 1431 637 667 759 866 347 606 1348 1549 1361 1288 765 717 1705 240 1133 1553 862 238 101 126 187 212 272 292 327 367 413 555 632 736 881 1269 1300 1344 1678 1485 1388 1618 1619 1535 
1372: 496 1457 1475 1115 125 368 1311 624 925 232 452 1699 1210 1477 503 366 1532 1787 834 1170 1515 1609 866 629 1415 800 65 91 124 298 644 737 788 835 1028 
1096: 496 734 1350 1147 1641 633 1553 50 1675 433 277 1498 800 618 
1498: 496 125 383 1311 1758 1598 552 1008 1350 1874 1009 1147 1609 1641 633 1154 1270 363 381 1553 126 1513 50 1086 1747 884 277 1308 1802 1387 1415 800 1096 602 987 
769: 496 1758 624 925 1350 572 1609 
1609: 496 684 1475 1624 624 925 552 734 188 516 554 1165 1210 1231 730 769 780 789 847 1372 862 1449 961 1530 897 957 1576 764 299 503 927 433 1532 1256 1787 637 1397 1658 19 919 1451 77 86 198 231 247 250 253 257 485 500 548 679 691 706 845 889 1043 1051 1052 1058 1064 1067 1160 1228 1361 1450 1498 1535 1618 1747 1828 1625 
511: 496 1311 408 409 288 552 1082 137 512 599 1699 730 1350 1541 897 429 366 1270 58 413 1249 1869 1345 49 50 1757 791 1414 433 1460 442 1470 967 499 503 1647 1787 1137 667 911 95 919 1686 765 65 144 145 908 1631 1579 583 1873 1747 1114 877 893 
919: 496 1104 1184 1206 1293 188 554 577 670 1699 722 1008 1350 1874 1541 961 1009 1028 1538 1609 1554 1484 1532 1225 511 508 611 19 52 1203 1282 1390 884 1388 1332 1247 101 1137 667 665 777 1846 1103 1367 1761 
722: 496 684 1457 1475 1115 1124 125 368 589 807 921 1206 1311 1758 1624 624 408 409 288 552 734 1082 51 193 218 370 452 469 512 516 554 599 1699 1210 1439 764 1840 1477 879 1009 243 508 1671 1419 1207 503 429 1456 1086 1407 993 1225 1242 794 1001 366 504 771 1869 795 1438 449 1345 196 1532 1010 1473 793 273 1137 637 667 830 244 759 123 1670 1436 1332 919 1515 1552 105 606 1026 1476 1044 1186 502 98 691 1008 1777 1705 99 730 588 1843 995 1603 55 83 94 114 172 265 284 328 334 346 354 371 374 381 393 468 485 500 521 523 535 585 602 611 643 1679 1707 1208 1331 1726 1430 723 745 1769 1519 1783 780 785 845 812 1328 825 1846 1851 1024 1866 924 946 1711 1401 892 1410 1610 1429 1435 1047 1474 1004 1023 1543 1545 1573 1067 1074 1631 1126 1073 1141 1163 
898: 496 1124 921 1184 288 218 1350 1009 1032 1270 260 60 1086 1225 793 794 967 485 1566 290 1286 287 1692 1242 1361 598 1743 566 236 91 101 618 1693 1639 
604: 496 368 738 541 1349 370 450 730 1350 641 196 321 1228 449 52 875 1535 329 373 824 234 1337 
1384: 496 1475 125 368 589 738 1075 1311 1684 1872 409 734 61 89 103 162 188 193 370 450 469 554 599 1164 670 1699 1210 730 1008 780 1843 1350 847 1874 897 641 366 77 211 363 447 739 1850 1701 1869 126 122 196 273 346 691 1207 1208 1532 1256 1414 1125 433 449 536 485 1044 1559 1671 154 407 1679 723 1282 763 1419 1433 213 1010 616 1787 834 290 460 1552 278 287 1415 801 1717 707 1545 1810 867 868 1390 643 1435 231 247 390 436 476 521 523 531 533 600 672 698 737 775 842 892 924 954 1004 1024 1067 1179 1280 1827 1838 1410 1452 1637 
633: 496 1311 624 408 925 734 512 1350 1541 1147 897 1641 508 927 433 484 882 1532 1249 277 1301 1371 50 1553 800 1096 1498 144 179 364 485 517 597 1296 1297 1300 1264 1579 1464 1299 1344 1618 1103 1383 1201 877 1223 881 1648 884 883 1400 1391 1668 
1535: 496 684 1115 368 589 996 1778 409 541 925 1349 162 188 218 232 370 670 792 1347 1350 1874 1449 961 1009 1609 1102 1063 1269 447 224 273 691 1086 1228 1461 536 485 391 1324 875 1743 329 373 1170 584 604 1631 327 198 1820 533 101 436 775 824 1097 1268 1698 
1226: 496 1457 1115 368 1624 1684 409 288 1183 1349 191 232 450 469 670 730 780 1350 1431 641 122 503 1542 213 449 196 321 1532 729 1170 1691 1254 1447 230 268 657 853 863 975 
990: 684 1475 125 1311 925 734 1082 188 450 537 1874 299 1456 1269 1796 333 606 3 1675 1532 794 795 1066 508 259 1678 1284 932 1566 1833 993 765 736 1576 1215 42 63 97 105 152 202 367 400 405 579 590 643 656 679 683 713 785 830 927 963 1826 1488 1540 1462 1214 1549 1322 1851 1361 1619 1558 1118 1380 1261 1010 1531 1056 1242 1668 
122: 684 1475 1293 1758 408 288 734 51 232 512 1752 946 897 429 366 58 211 739 1226 1617 126 1377 790 7 508 4 9 19 23 75 110 111 653 149 660 1692 679 172 1203 692 712 1225 717 208 1232 1748 1751 229 756 273 274 791 793 794 795 1822 1324 308 325 1875 347 868 1384 1387 1397 1407 902 1414 1425 1430 932 442 444 965 455 477 485 499 504 536 1057 1086 1099 1613 601 611 1136 1646 1647 1658 643 1671 
1407: 684 1570 163 368 408 409 288 255 734 193 512 599 722 792 1843 1154 1063 366 58 260 363 126 1687 6 98 122 229 244 365 379 1675 1086 660 1225 788 791 793 794 795 1439 879 1433 1566 19 45 46 71 78 105 123 144 234 236 316 329 362 414 480 485 502 504 549 605 611 667 697 723 759 785 808 892 940 1001 1010 1051 1052 1088 1089 1114 1126 1157 1242 1253 1268 1286 1361 1366 1851 1438 1450 1451 1463 1497 1583 
366: 684 1475 1124 1672 125 368 589 758 807 921 1081 1206 1311 1758 1624 116 408 409 475 288 255 734 1082 81 89 162 191 193 370 450 512 554 670 1210 1213 722 730 1008 780 1843 1372 1211 995 1009 1154 1063 1456 956 1439 58 879 243 508 6 122 229 503 927 1692 433 1407 993 1225 1242 794 1001 16 19 33 39 41 52 54 63 65 70 78 94 95 99 105 110 115 123 134 152 172 196 210 216 226 230 237 244 257 259 265 269 273 287 290 293 321 322 336 346 356 363 1673 459 1166 1170 661 1759 667 669 1185 1187 680 486 1705 1706 1679 690 691 697 1851 1726 1343 1532 1224 1228 718 507 723 1744 726 1669 1601 739 1518 1261 1269 1272 1276 1787 771 1693 1301 793 1306 1586 1313 1324 1328 1331 1332 1842 825 1846 1023 1345 683 1351 1045 1362 1366 483 1376 866 1074 1382 1384 637 889 1401 777 892 895 384 902 394 1631 1379 414 1438 1440 1450 1451 1458 445 447 1471 1473 1476 967 968 969 449 451 1501 1507 1137 500 502 504 1528 1529 511 1027 1031 1543 1545 1546 1039 1549 1044 1554 1048 1051 1052 1239 560 563 1077 566 1591 1089 1607 1122 1126 1128 1413 1642 1649 629 1658 643 480 648 
504: 684 163 368 589 593 1127 1206 1293 408 541 61 103 162 188 193 370 450 512 1699 722 1843 951 1154 1063 306 366 1276 58 109 211 260 363 381 739 1074 1705 1869 126 6 49 98 122 196 229 244 365 379 1086 660 1225 791 793 794 795 1407 433 449 503 879 849 1433 1692 1566 1001 8 19 37 41 45 46 66 99 105 106 131 143 172 236 281 323 324 362 373 387 478 502 1166 667 697 1253 1779 1280 770 1283 1286 1296 1317 1833 1331 1851 1351 1362 1367 1380 886 1572 1438 1450 616 1216 1507 1010 1012 1027 524 534 1052 549 1571 1072 566 585 1103 1616 1114 1118 1631 612 1126 1135 1583 1157 1669 651 
310: 684 1104 1184 404 409 188 1270 58 333 1701 126 7 879 1433 229 34 172 1228 1423 1805 1308 1203 830 1466 574 723 1747 1123 
1286: 684 475 288 58 1869 98 229 795 1407 504 1433 46 879 243 12 356 99 105 112 396 445 567 667 851 898 1000 1283 1616 1466 1851 
1137: 684 1475 1124 1672 368 589 593 807 1758 734 370 1210 722 1843 1047 1063 1456 956 366 1649 1269 211 771 1701 1345 606 98 229 1225 1228 793 764 433 511 52 207 384 1679 723 1783 1282 1284 1390 46 1224 993 763 765 105 269 1827 879 913 414 1438 560 1440 355 866 1130 762 1136 123 480 1515 356 1707 1466 745 759 145 919 1826 172 78 667 1744 1549 1001 1045 16 189 202 683 689 728 877 886 896 1023 1026 1717 1838 1846 1742 1428 1543 
1239: 684 1570 1758 925 1028 366 363 18 365 19 1324 216 
123: 684 1570 1638 383 589 758 1184 1206 734 137 162 722 780 1304 1843 1874 946 1657 1063 366 109 363 739 1453 835 18 98 229 273 365 1532 795 1335 1407 449 1044 508 1671 19 52 240 328 362 1592 1732 1733 1735 1737 1740 1783 1739 932 875 1734 1736 1738 817 634 1690 1332 965 1692 1242 392 396 1185 556 1440 476 1398 134 790 1439 57 1001 1568 1137 667 830 759 834 1868 83 1759 1187 1707 197 711 714 237 1795 778 279 1820 809 843 395 909 401 940 455 1007 1038 601 129 
237: 684 383 1293 1758 964 450 366 739 1554 1225 1044 19 753 637 1824 1450 1048 1185 1496 1451 123 549 1548 1351 1052 566 1129 92 1814 303 827 711 969 1862 1863 1507 626 331 1026 1795 
1051: 684 1475 383 589 593 731 921 1184 1206 1758 288 734 1082 162 193 599 730 1874 1609 1063 366 1649 1270 260 1345 229 321 379 1532 1407 1671 259 407 723 753 932 290 1315 1331 1332 213 287 1450 1048 336 566 25 1088 1170 1248 1605 358 67 334 507 551 600 601 644 680 685 686 818 888 969 1505 1489 1465 1848 1791 1364 1693 1128 1644 1351 1793 1851 1564 1185 
28: 684 520 1026 1536 
92: 684 637 1242 930 93 828 415 237 458 
99: 684 163 1206 61 162 1210 722 641 1154 366 333 363 1074 708 98 229 365 1256 504 362 765 1286 1205 105 879 45 97 1441 1515 1466 78 770 785 1851 1473 1616 502 1846 805 106 620 
110: 684 1355 409 734 366 211 606 122 273 1675 1671 957 849 1398 207 356 1282 246 1616 945 355 1466 618 948 687 185 1380 489 
306: 684 116 964 504 98 465 836 549 
333: 684 1457 541 162 232 1032 260 990 879 229 310 52 667 1689 830 733 1515 105 1441 754 98 1802 717 510 99 1166 785 680 1839 1216 1865 1118 1374 1251 485 486 1822 411 1149 480 1404 481 
405: 684 1345 1228 259 990 178 476 42 361 680 1851 704 1346 1631 
427: 684 1470 765 1613 114 
466: 684 1758 98 1026 1151 
646: 684 589 996 1349 993 635 1177 1445 1385 
670: 684 1115 368 1311 1624 1684 624 409 925 288 964 1183 1349 232 431 450 469 1164 1165 1102 763 1671 1433 923 433 366 449 1345 196 321 1532 641 637 1874 1170 1224 919 1613 1231 660 673 691 717 730 780 723 1384 802 1085 1480 523 1535 352 804 1226 1514 268 152 298 386 1678 1003 736 
945: 684 244 1089 110 45 1379 106 592 1769 1536 1153 
1679: 684 589 1311 409 722 1032 366 1076 1345 606 1225 1228 793 794 795 433 1133 1439 1438 1324 1137 637 556 1363 553 1631 1384 1851 954 976 
1186: 684 1570 589 921 1184 1758 552 734 1082 1213 1231 722 802 1874 961 1009 1270 32 1086 764 433 1460 1470 485 1089 143 240 259 281 330 1784 885 932 1029 1566 1833 924 993 1014 763 1232 1205 105 287 1242 1244 1361 879 892 396 1048 1185 556 712 1439 598 846 1441 948 393 445 1038 1419 1432 149 667 532 1088 197 253 369 527 581 618 659 741 744 914 935 988 992 1158 1189 1708 1243 1280 1851 1393 1465 1468 1549 1579 1573 1606 1632 1635 
1833: 684 409 1495 1603 791 499 504 611 143 281 1284 1029 957 1439 990 243 290 105 1186 502 45 78 400 445 456 549 744 809 811 1002 1087 1118 1205 1315 1362 1540 1634 1635 1826 1851 
1331: 684 125 368 589 1206 1624 925 193 370 1210 722 730 780 961 1063 366 574 346 1532 1225 795 449 503 504 1044 611 259 723 1282 1324 1477 1473 149 733 1332 1451 1051 520 1476 502 1323 374 653 354 1450 172 203 1328 735 825 859 1052 1067 
1340: 684 835 98 1336 105 957 1411 
1087: 684 734 188 1270 1276 260 98 244 791 764 1089 326 1477 1100 1833 763 765 45 364 549 586 1383 510 76 209 818 836 1126 
1597: 684 125 383 1104 1624 734 1699 1154 273 1532 754 1559 52 1324 637 1690 185 1451 356 1038 1166 1542 271 1806 1279 1323 129 617 1141 1474 1864 
964: 684 1758 1594 475 255 879 237 287 98 1198 510 1383 1873 656 306 836 131 549 670 1168 1721 1258 
1481: 684 1457 1475 1115 409 103 232 1210 780 1649 433 373 1529 606 1524 1631 954 1205 476 1635 202 489 1228 
723: 684 1475 1124 368 589 593 710 1206 1624 409 541 925 288 734 1082 1495 670 722 1843 847 1431 1603 429 956 366 1649 58 1554 310 60 229 273 1532 1228 795 1407 1125 433 1057 1066 143 259 879 1284 993 213 524 356 1787 1324 1137 637 667 1689 712 1451 1552 1558 1595 1051 1348 287 277 1323 588 1717 59 66 172 476 481 533 561 585 601 669 1166 1677 1700 1784 1803 1806 1305 1837 1331 1113 1384 924 1450 976 1492 985 1003 1004 1012 1048 1052 1067 1621 1635 1654 
836: 684 964 306 98 1089 1087 1052 510 
1390: 684 1475 1115 1124 383 710 1624 409 925 734 188 218 1009 58 1345 244 379 691 1228 433 503 259 1384 1439 1438 1787 1137 637 1658 1170 919 1795 212 349 380 397 1292 1698 1847 1410 
739: 684 1457 1115 368 589 662 738 1184 1624 409 925 232 730 366 1840 122 1671 923 503 504 449 1473 273 637 1689 123 1170 237 1613 520 1476 1044 259 691 47 387 419 443 476 500 501 620 621 622 1827 1712 824 1172 1474 1228 981 1504 1384 1142 1794 
1236: 684 1457 1115 589 921 1104 408 409 288 232 1439 243 1225 794 1438 415 712 1605 699 691 1776 868 1466 172 954 706 1228 655 
846: 684 1049 1081 1333 734 1063 58 1675 788 1414 973 1652 330 637 943 566 864 1595 1026 1186 553 67 332 390 393 401 586 605 638 656 659 809 810 818 930 944 1646 1788 
1026: 684 722 1063 98 244 846 549 1189 1137 1548 106 237 466 1371 1713 1258 28 
1077: 684 368 1206 366 771 98 1808 287 879 1826 374 667 1179 1419 1432 1534 1696 
770: 684 1475 211 1423 606 764 504 1282 46 290 105 1450 1216 1451 1668 1669 1272 1616 99 483 578 785 1253 
165: 694 315 589 1311 1758 734 1082 137 1213 1241 1152 641 1456 1270 258 260 606 3 98 1086 764 433 485 534 1144 763 765 287 1185 1689 247 1572 37 63 145 1557 926 1468 959 197 1607 1381 1763 1130 1643 586 635 1821 
764: 694 1570 125 593 1206 1311 1758 408 475 734 1082 137 431 512 722 792 1347 1874 1431 961 1009 1530 1047 1609 299 429 1456 1269 1270 58 260 1850 1423 923 3 18 229 1675 1225 754 790 165 7 19 36 63 67 70 78 91 144 145 152 168 172 190 203 240 250 259 272 302 327 338 358 364 374 375 396 433 456 480 481 485 486 497 500 503 507 549 596 637 667 668 679 702 760 762 763 1170 1166 1689 1692 1185 1186 830 1723 1744 1686 1243 1244 765 770 1295 1308 1840 1844 1344 834 1361 863 871 1383 879 907 911 913 1433 1549 938 1461 1463 1472 963 976 978 982 1515 1014 1037 1398 1043 1566 1066 1067 1087 1088 1099 1109 1126 1242 1130 1131 1137 1158 
299: 694 1570 1124 589 593 758 996 1184 116 408 552 734 1082 218 232 512 575 1213 1231 1235 1008 1431 1009 1609 3 1675 790 1054 1576 764 1840 63 145 224 242 259 260 287 290 1176 1185 1187 1705 1706 1215 1218 1225 1230 1242 736 1270 760 763 1787 1284 1796 1797 1813 1824 1826 1844 327 1361 354 367 375 1118 892 400 923 926 429 433 948 1461 954 1130 1477 981 793 990 480 485 486 1010 503 508 1532 1038 1549 1558 1076 570 606 1120 618 1131 1659 1669 
763: 694 125 593 807 996 1184 1293 1311 1872 475 288 734 1082 61 137 370 431 670 1008 792 1347 1431 1009 299 1270 260 812 1172 1850 923 3 18 229 365 1675 754 764 433 449 485 500 503 1559 1066 1089 240 250 272 281 1203 702 1384 1433 1566 1583 790 165 1840 1130 762 53 63 67 70 91 144 168 268 327 336 358 364 374 375 396 411 422 463 480 530 578 614 618 632 667 668 760 1166 1689 1185 1186 1192 830 1744 1686 1772 784 1805 1780 1308 1322 818 765 821 1842 1844 834 1361 866 871 872 1409 911 912 913 940 947 1383 1463 976 1515 1012 1043 1062 1067 1578 1087 1109 1619 1111 1242 1131 1137 1163 
1542: 694 1475 1104 734 191 1210 1294 1347 1270 1226 1705 1650 1484 574 18 794 508 1284 637 1552 7 1413 1242 277 621 583 930 63 514 849 830 1549 16 111 120 216 463 489 840 842 940 1023 1233 1382 1582 1616 1597 1854 
64: 694 719 244 1710 9 1873 884 1029 556 198 1064 1474 1834 200 275 324 175 199 905 
616: 694 758 1758 211 18 244 754 504 207 240 1282 1384 290 765 1463 1677 355 1689 957 12 257 356 502 1166 1807 667 830 896 1129 1258 1515 1779 1288 1670 
1241: 694 1672 589 1311 1487 1580 624 925 288 162 577 961 790 165 58 503 631 771 641 1063 566 19 62 109 143 189 485 520 528 623 742 800 850 989 1016 1103 1187 1227 1230 1556 1635 1587 1613 1616 1873 1642 1521 1654 
1361: 694 1570 589 758 1104 1184 1758 288 552 103 1213 780 792 1347 847 1609 1641 299 238 1270 1796 260 371 1172 1554 1377 923 82 1225 793 764 1407 1133 259 1282 1324 1477 521 1566 290 763 765 387 990 1242 1244 1247 1130 879 724 33 322 1586 572 1800 1363 1348 1119 1186 1549 1185 66 76 83 91 94 127 261 396 397 527 579 721 728 800 898 991 992 1015 1094 1187 1243 1300 1323 1344 1797 1721 1648 
480: 694 1570 593 1082 299 366 1270 333 1850 82 98 229 764 1407 485 500 1529 1066 240 281 328 330 1808 763 765 879 911 556 774 1689 1398 520 790 1840 762 358 631 336 1137 1844 912 950 1248 886 482 1515 210 53 70 71 142 197 239 425 486 655 1821 557 1327 1040 1466 1090 843 1101 1364 1507 1830 1378 1132 888 1401 1280 
676: 694 408 552 734 61 81 89 789 508 1045 637 1107 1469 86 94 1405 775 1472 1012 843 
486: 694 1672 1758 1082 1063 299 366 333 1850 82 98 764 485 328 330 1284 1808 765 1787 879 911 556 1689 358 480 1515 336 1214 70 481 432 1586 1248 482 816 239 626 71 72 270 334 655 1040 664 1830 590 1749 1132 1562 1790 
1588: 694 197 1586 750 1801 
1210: 719 125 368 807 1206 1238 1311 1624 1778 624 408 409 925 288 193 370 58 1477 879 1009 503 366 1542 449 1532 1473 1256 961 1762 1063 1137 566 637 667 1779 1304 1332 1609 269 648 1533 1476 1044 259 935 691 1008 99 730 501 722 780 1545 86 634 53 94 175 185 189 224 261 316 346 394 397 456 476 490 527 692 757 825 850 1025 1062 1083 1090 1091 1205 1209 1745 1826 1328 1331 1853 1855 1372 1384 1453 1512 1539 1481 1635 
816: 719 1206 58 1225 1057 1746 993 1242 556 1826 486 1744 1363 342 741 1610 1392 
1326: 719 552 1235 260 60 1324 1477 1787 364 1435 145 1279 666 889 1353 
1775: 719 1621 525 324 175 228 
1268: 719 288 218 1407 449 932 1535 1242 1780 1432 1161 1462 1153 501 711 643 1820 1772 190 1790 189 489 1399 505 1160 1712 1299 406 716 831 903 1006 1015 1162 1560 1426 1722 
1345: 779 758 1238 1758 1624 1580 404 288 734 1082 61 188 193 218 450 554 1164 670 1213 722 1752 1008 755 780 792 1843 847 1874 1449 946 1009 1657 429 1456 366 1649 1269 1270 211 363 1074 1869 1207 923 503 1692 433 1647 8 449 19 41 46 49 82 100 146 196 262 269 279 283 321 324 340 346 355 356 362 364 365 374 387 401 405 473 481 485 487 511 534 570 588 621 652 660 707 805 832 835 841 864 892 909 924 981 1012 1016 1022 1034 1051 1090 1137 1141 1168 1179 1203 1205 1248 1256 1281 1282 1313 1332 1679 1691 1768 1826 1827 1836 1858 1383 1390 1572 1447 1461 1470 1571 1573 1605 1749 1631 1655 
1279: 779 897 418 1470 1247 364 1004 1383 1326 271 1597 411 1575 1742 12 714 1389 1719 
259: 779 1570 315 738 758 1184 1206 1267 1758 1624 1580 1872 409 288 552 103 137 370 1210 730 1304 1350 897 1102 641 299 366 1270 258 260 739 1249 1587 1869 1554 764 1429 485 503 1671 990 1242 329 1473 33 1324 415 514 1248 1605 886 1451 1007 525 1051 1363 1476 1186 1185 1361 1014 91 100 146 251 652 657 723 1243 1271 765 1015 283 1827 1323 1331 1334 868 1387 1390 885 387 396 397 916 405 1450 476 497 531 1052 1056 600 
1843: 779 1457 1475 1115 1124 125 163 368 495 589 921 1104 1238 1267 1624 1580 1333 624 408 409 925 288 734 1082 103 137 162 191 370 450 452 516 554 575 1699 1213 722 1008 1777 780 1294 1439 1840 879 1009 1270 1207 503 1086 1407 1225 794 1001 366 504 771 795 1438 1345 1350 1532 1191 113 793 961 363 951 1352 1137 637 667 244 759 123 1670 1170 693 1394 1515 1066 1613 105 560 1044 1657 502 98 1301 1371 691 1705 1776 50 82 96 100 104 249 265 328 354 371 381 397 451 476 521 523 581 625 643 723 727 745 777 812 835 845 924 989 1018 1024 1067 1073 1074 1126 1187 1208 1366 1378 1384 1401 1474 1545 1551 1573 1635 1678 1695 1746 1756 1772 1785 1796 1808 1818 1846 1851 
189: 779 751 1580 1333 1210 1241 754 281 1313 1268 600 1482 1169 1137 813 142 100 275 1802 1695 1504 1595 1246 1018 
1036: 779 562 823 1061 1184 753 490 1476 892 1185 393 596 1721 1720 1595 928 652 282 1623 639 955 1596 
1750: 779 1115 315 1758 730 1538 641 1044 569 1444 1415 622 531 1006 1798 
1: 1457 1115 1594 624 116 404 408 409 475 541 925 288 255 1598 
1594: 1457 921 1 255 541 552 734 964 1082 1183 1349 1495 
43: 1457 1115 624 734 598 1009 508 1225 1743 1032 606 1706 1245 1294 1550 1728 717 339 1235 725 227 1008 1777 1408 
77: 1457 1609 1384 876 
88: 1457 1624 1684 408 409 288 1696 
159: 1457 1115 1311 1758 409 288 452 1545 543 1228 975 
188: 1457 1115 1206 1624 624 408 409 925 288 734 1840 1477 990 1009 508 260 599 849 503 433 1456 1398 1647 504 1869 310 1213 1345 1350 1532 207 211 356 1032 1282 1431 792 759 1170 693 290 919 1515 1558 1609 1613 232 1696 250 279 1549 1014 287 98 1301 218 691 1294 227 1087 1776 1347 451 1545 1390 932 327 1384 1351 892 96 683 1228 737 231 1784 271 285 1856 844 1388 1118 924 272 468 987 367 1535 578 596 1149 479 
193: 1457 1115 125 315 368 996 1206 1311 1624 1684 624 408 409 925 288 552 103 1675 1840 6 503 1456 8 780 1549 1806 1044 1048 1177 1051 1052 287 290 1824 1063 553 281 1450 1451 232 1328 818 691 1332 567 1335 825 1851 449 450 1855 1474 321 1476 461 1486 1345 722 1107 1210 1473 1367 346 452 992 730 1242 1384 366 370 504 1331 1532 1407 1795 566 
211: 1457 1115 1124 758 1311 188 1777 1449 995 429 58 1054 1439 508 122 849 1225 504 216 1463 795 1345 1529 793 12 13 18 49 63 80 98 110 120 1166 272 1551 279 1813 1689 1057 1384 1806 1203 382 1000 364 1466 240 1470 967 1865 313 977 1616 1515 939 1118 1135 354 1378 1380 616 489 1582 1643 367 1136 1137 754 1462 245 876 507 1776 1659 768 770 1669 1670 
249: 1457 1115 1809 996 1684 408 409 288 232 452 469 789 1843 897 1657 503 1692 1001 1532 1559 407 759 1595 1185 1550 1146 954 476 1504 855 856 
352: 1457 1115 758 996 1758 1624 408 409 288 469 1164 1165 670 1231 802 1874 1480 1102 238 926 113 1515 1613 606 707 1545 1474 1085 531 1678 804 1714 1484 1003 
363: 1457 1115 589 593 758 1293 408 409 475 1082 61 162 1843 1657 366 109 1439 243 1780 229 433 1086 1407 1225 794 1001 504 377 771 795 1438 1345 196 1532 1010 1272 11 793 19 23 24 98 99 105 123 234 239 242 244 252 273 326 340 354 1686 667 1181 685 1203 1595 1742 1239 759 1793 778 1800 1779 1313 1823 818 821 1851 1859 1868 1384 374 382 400 1429 1445 425 1448 1454 451 1483 476 1498 478 1505 1508 1517 1012 1548 1549 1067 1579 1076 1596 1599 609 1631 1126 1642 1159 
371: 1457 1115 452 516 1699 722 1777 789 1843 1001 733 1122 1361 1802 892 896 1812 381 812 
381: 1457 1115 408 452 516 1699 722 1777 1843 1852 371 1671 504 1787 637 1397 1441 1470 1705 1498 1643 669 1873 379 1126 1847 1583 992 251 412 812 1531 
413: 1457 1115 734 452 516 554 1213 1008 780 792 1347 1009 1032 1047 260 598 1130 882 1440 1335 1549 629 677 1550 1705 511 485 1700 555 1401 718 428 1388 298 881 187 1300 220 1306 1725 1812 1155 
418: 1457 1758 1671 1279 1787 273 514 1658 22 556 239 384 1802 1812 1181 1185 935 1474 459 1101 860 644 
447: 1457 1475 734 366 433 1787 636 1613 1337 1384 1535 298 1484 
452: 1457 1115 758 996 1206 624 1183 61 137 193 232 1270 849 449 321 1532 1249 516 488 514 1558 105 660 1657 1593 1727 1802 1415 1777 1843 995 722 780 1699 159 249 371 381 401 413 1822 1449 812 1721 1266 1372 1513 1852 891 1280 1538 907 
469: 1457 1115 163 368 738 1206 1624 1684 624 408 409 925 1183 1349 162 232 450 1102 1671 503 1086 1751 52 449 196 321 875 1532 641 1164 516 637 1165 1874 1135 1170 1066 1335 1231 648 765 1802 691 1235 730 722 780 230 249 268 340 352 1678 789 670 802 804 938 939 1742 1085 1003 1746 1480 707 1080 614 1384 1261 946 1226 
544: 1457 593 1477 886 157 168 1353 
582: 1457 1115 288 1671 503 1869 234 660 691 1634 272 583 
734: 1457 1475 1115 1570 125 368 383 589 593 758 996 1184 1206 1238 1267 1293 1311 1594 925 288 255 552 3 1675 790 1439 165 554 1576 764 1840 299 58 1477 598 990 1757 1009 1270 14 16 19 26 36 43 48 52 61 78 81 91 93 103 109 110 117 122 123 126 137 144 149 162 178 188 191 198 206 209 216 218 219 229 230 240 242 251 253 257 258 260 265 269 271 273 280 285 321 322 327 346 354 356 364 366 367 379 382 396 397 413 417 426 429 433 444 447 449 450 484 487 491 500 503 507 508 512 516 517 521 547 555 556 557 560 579 583 590 591 599 600 605 633 663 671 676 677 679 690 699 700 707 716 717 722 723 725 728 730 733 1419 1843 1168 1169 1170 1179 1690 1693 1186 1698 1194 1678 1704 1705 1706 1707 1203 1213 1728 1223 1297 1225 833 1770 1247 737 1256 1261 1777 1779 760 763 756 1183 772 1692 1288 1185 1609 1294 1805 1806 1807 1300 1301 792 1813 1306 1308 1312 1697 1826 1783 1410 1324 1699 1329 1332 1842 1334 1846 1848 1787 1345 835 1348 1436 1619 1353 846 1351 1869 1451 853 1874 771 1367 1370 1029 1383 1384 874 875 1012 1528 882 1284 884 886 889 1401 892 1407 1408 757 1532 907 911 1641 915 1428 1431 1432 923 1435 930 1456 1462 1214 1044 1470 967 1478 961 1482 973 974 1485 976 1488 1388 1048 1491 1727 777 1390 1201 1051 1004 1515 1007 1010 1542 1522 1014 795 1008 1023 1540 1032 1549 1551 1553 1045 1046 1047 1558 1103 1563 1055 876 1566 1656 1761 1658 797 780 1235 1782 1082 1087 1597 1661 1603 1096 1607 883 1613 1615 813 1618 1627 1533 762 1133 1136 1137 1784 741 1063 1344 1187 1665 736 1671 
771: 1457 163 368 738 758 1238 1333 734 370 450 512 577 599 1699 722 1304 1843 1241 1456 366 109 317 363 957 6 1692 1566 16 18 39 67 93 134 196 321 328 330 332 334 340 364 391 432 446 485 567 590 626 667 669 680 754 1298 1044 1045 1137 1166 1599 1826 1066 940 1466 1452 1453 1077 825 1846 1847 1470 1367 1770 1502 1378 935 1253 867 1368 1011 1402 1790 1332 902 787 1523 
780: 1457 1115 125 163 368 758 1206 1624 1684 624 408 409 925 288 552 734 1082 1183 1349 61 137 162 191 193 232 370 450 452 469 670 1210 722 730 1439 1840 508 1284 503 433 1225 794 1001 366 52 449 1345 196 321 1532 641 1473 1661 961 1249 1541 1787 951 637 759 1874 123 1332 330 1515 1609 1107 68 1476 1044 1549 1361 1843 1579 238 86 114 172 268 346 378 397 403 413 479 707 736 749 1226 1746 1299 789 1328 1331 825 1866 1378 1384 892 1016 1530 1481 1837 
789: 1457 1238 1758 1778 624 409 1183 81 89 469 1164 1165 780 1102 229 377 1154 1063 1157 407 667 759 1673 1874 1406 1609 560 1705 1283 592 630 86 653 902 82 889 676 172 245 249 251 267 371 551 614 1421 1678 1811 890 802 1062 1838 976 1209 1085 1583 841 1480 1472 1615 984 1411 1118 1482 1146 946 1805 1821 
792: 1457 1475 1115 1124 1311 1355 624 409 734 1082 103 188 218 516 554 1165 1008 764 1130 1009 1270 763 260 1566 433 1407 1242 1398 882 52 1345 897 1032 16 1431 18 101 187 238 240 272 279 292 327 413 555 637 667 736 765 1553 1300 1549 1388 1705 1344 1618 1347 1351 1485 1361 1133 1619 1288 881 883 1348 1014 862 1535 1793 1287 1269 
799: 1457 1115 409 232 1164 503 358 172 1577 
812: 1457 1115 758 1082 452 516 1699 722 1777 1843 371 381 763 793 1534 
946: 1457 1475 1115 624 925 255 89 232 469 599 722 789 122 1671 1345 123 345 1579 1851 614 1480 954 1655 1785 
1074: 1457 368 1206 1624 408 722 1843 366 1207 433 794 504 1345 1170 1552 866 98 99 1776 172 1313 1677 1208 1004 521 523 1073 257 775 776 1024 1067 1846 
1098: 1457 1184 1758 667 980 500 1367 226 
1102: 1457 1115 1624 624 925 191 232 370 469 554 1164 1165 670 1231 789 802 1480 957 3 196 229 259 352 354 391 503 637 688 717 765 804 1003 1085 1678 1170 1535 1454 1545 1671 
1120: 1457 404 408 218 512 1009 299 429 1270 260 6 849 1242 287 484 645 667 720 765 877 948 991 1170 1185 1494 1383 1787 
1121: 1457 1570 1311 1082 218 508 6 503 484 522 747 877 947 1170 1324 1212 
1172: 1457 1115 738 739 763 882 1473 1476 1044 1361 47 443 387 501 620 621 622 703 981 1142 1228 
1190: 1457 503 1787 18 105 263 867 1664 1658 1501 
1249: 1457 996 1075 1311 452 1213 780 1541 961 897 633 1270 1477 508 1869 11 209 242 251 259 334 356 415 507 511 591 787 866 884 1000 1103 1478 1559 1762 1261 1282 
1266: 1457 1115 137 452 516 1777 1449 246 556 
1270: 1457 1570 1124 383 996 1104 1311 116 552 734 1082 137 218 452 1681 1699 1213 792 1843 1347 1350 1541 1431 961 1009 1028 1032 897 1657 1063 299 1456 956 1269 3 1675 165 764 58 1477 598 1130 33 60 91 105 115 124 126 144 145 192 204 219 224 229 246 257 258 259 260 285 286 287 289 290 300 310 320 327 330 364 379 393 417 433 480 481 483 484 485 503 507 508 511 536 555 590 614 618 637 667 669 677 683 693 707 720 733 747 762 763 765 793 795 866 871 877 884 889 898 910 911 913 923 927 930 934 941 948 967 977 1004 1014 1051 1086 1087 1089 1092 1109 1111 1119 1120 1131 1133 1157 1185 1186 1212 1214 1225 1230 1234 1242 1243 1244 1248 1249 1698 1705 1706 1726 1532 1787 1796 1797 1361 1838 1335 1848 1850 1344 1345 1618 1869 1870 1451 1363 1282 1383 1398 1401 1410 1799 1429 1450 1440 1478 1482 1485 1498 1306 1619 1525 1542 1549 1566 1579 1592 1322 1615 1648 1668 1332 
1431: 1457 1115 1311 624 409 925 288 552 734 1082 103 188 218 554 730 1008 792 1347 862 764 299 1130 1009 1270 763 508 258 260 1566 433 1456 993 1743 794 1751 1398 1641 882 52 875 1532 926 16 33 60 124 126 145 180 182 187 238 272 287 290 292 327 364 485 612 618 656 683 691 706 723 725 736 765 811 850 883 892 932 956 963 988 1014 1133 1226 1243 1269 1287 1288 1289 1344 1348 1387 1388 1706 1732 1744 1793 1805 1817 1796 1435 1485 1490 1549 1553 1618 1648 1659 
1453: 1457 1475 1115 589 758 921 1311 1624 232 1210 1213 771 508 1532 356 1324 1135 123 606 660 691 553 756 328 1228 
1480: 1457 1115 1124 758 624 409 925 89 232 469 1164 1165 670 1231 789 802 946 1102 1671 433 667 712 1451 757 564 1028 614 388 1085 298 352 804 954 1003 1447 1678 1785 
1617: 1457 1624 409 925 288 1165 1757 122 1787 1045 415 18 172 240 606 673 1228 1383 1387 1474 1714 
1705: 1457 1115 368 996 1758 408 409 288 734 1082 218 516 554 1699 722 1008 1777 789 792 1843 1347 1009 1032 1047 1603 1657 299 366 1270 260 381 413 882 504 1542 52 113 1170 754 459 660 98 1181 1301 568 673 679 1728 45 67 91 106 115 187 203 342 364 479 507 521 555 597 643 718 746 756 796 881 1133 1300 1306 1383 1388 1400 1401 1410 1619 1648 1654 1820 1870 
1530: 1457 1758 624 137 232 780 764 1532 1609 105 765 679 717 1435 618 1028 126 833 292 479 736 
1587: 1457 1475 383 589 593 1758 409 1241 1154 1063 1477 1671 1692 433 631 566 759 134 1451 259 756 485 1642 623 752 1486 
1850: 1457 589 996 1082 1009 1270 317 790 764 763 1692 993 234 911 912 1170 1824 1515 98 691 1337 480 1384 486 316 939 1454 1715 1853 
1681: 1457 1115 1624 624 408 409 541 925 288 232 516 1130 1270 1689 1170 1549 1301 106 1347 757 1028 91 736 954 1447 1503 
1701: 1457 589 6 223 310 433 691 1137 1228 1384 1703 
1869: 1457 1475 1570 1124 1104 1311 734 1082 188 599 722 1541 1009 1028 897 1456 1270 258 582 1249 1054 7 879 508 1284 927 437 1225 484 1398 504 16 98 144 259 265 266 278 341 415 507 509 511 587 653 667 711 741 760 777 798 852 866 884 911 950 971 1000 1012 1039 1071 1103 1168 1203 1247 1261 1263 1286 1287 1300 1308 1345 1367 1384 1414 1471 1488 1559 1651 1658 1710 1723 1761 1762 1847 
1657: 1457 1115 1124 1311 624 409 925 288 552 232 452 516 554 1843 1408 1009 1047 1054 1439 1270 260 1284 1566 1438 52 1345 1532 363 1063 33 637 123 1670 1170 1558 1800 124 249 335 364 476 691 707 1067 1128 1383 1485 1618 1637 1697 1705 1851 1754 
1554: 1457 1475 315 368 921 1238 925 162 730 1063 366 1439 503 631 213 1070 11 34 82 126 237 259 360 364 637 704 718 723 820 866 886 887 919 1007 1045 1107 1205 1208 1288 1361 1450 1474 1518 1552 1676 1613 1658 1556 1668 
1650: 1457 1115 1542 626 825 
1603: 1457 1115 758 624 734 51 137 512 722 1777 1449 995 508 1833 1705 456 723 1232 
1777: 1457 1115 758 1758 624 552 734 43 51 137 452 512 516 1699 722 1235 1009 1398 207 211 1282 866 60 371 381 626 812 995 1266 1449 1478 1603 1705 1843 
1699: 1457 1115 921 1311 624 116 408 409 925 288 734 61 218 450 452 516 554 1675 1439 58 1009 1270 508 1671 923 429 433 504 771 1438 196 321 1203 1170 290 887 919 1613 866 1460 98 1301 1470 1008 1777 1408 1705 511 1843 722 1597 485 76 139 187 247 265 324 371 381 384 517 529 531 536 555 706 788 812 941 956 967 1114 1148 1208 1219 1228 1322 1372 1383 1384 1400 1414 1461 1492 1615 1698 1761 1804 1807 1873 1877 1810 
1484: 1457 1115 1758 408 409 288 1164 1165 897 352 447 923 503 1542 1045 919 691 707 1228 1805 
554: 1475 1115 368 758 1293 1311 1624 624 925 552 734 1082 218 232 431 516 3 52 177 187 258 260 327 347 366 367 413 534 1294 1553 1300 919 792 1820 1743 1826 1699 937 555 557 1705 691 1712 1796 1408 1461 1335 1592 1212 1214 961 1726 1347 1348 1477 1732 1609 1102 1345 722 1107 1618 1619 643 1028 1245 1431 1843 1634 1637 1384 1009 1388 881 882 1648 1008 1170 1398 1401 1657 1532 1494 1032 
508: 1475 1115 368 758 1049 1206 1293 1758 408 288 552 734 43 61 103 137 188 450 599 1699 722 780 1350 1874 1541 1431 961 1009 1538 1603 897 633 1063 299 1456 366 1270 58 211 260 1121 1249 1453 1869 3 6 18 82 122 321 1675 676 1532 1225 1757 1710 1414 938 503 598 990 7 8 65 97 114 123 144 145 206 208 209 216 240 257 265 281 316 354 356 364 382 417 419 478 483 484 507 1673 1169 661 667 669 1690 1692 1697 683 1205 712 713 725 1242 1244 1761 1770 756 759 760 1784 1284 1807 1300 1813 1815 1817 849 821 1344 1856 1282 1367 885 1398 1542 892 1406 910 916 1428 919 1443 1549 948 1466 1478 976 1488 1491 1847 1501 1502 1136 1000 1004 1515 1012 968 1027 521 1045 545 549 1070 579 585 590 591 1615 600 1131 1158 1670 
1671: 1475 163 1206 1758 1624 408 409 288 734 1183 61 81 89 162 191 370 450 469 512 670 1699 722 1752 1304 1436 946 1480 1538 1102 1063 58 109 381 418 582 739 1587 1687 122 196 273 321 691 791 793 1804 1460 536 503 1044 1066 1439 4 19 27 34 52 86 100 110 123 128 144 145 149 172 259 266 270 330 336 337 355 374 377 407 444 451 459 507 561 596 617 637 659 667 689 693 707 712 733 759 860 866 1023 1051 1065 1088 1170 1176 1187 1305 1313 1319 1348 1368 1384 1406 1438 1440 1448 1450 1451 1463 1474 1491 1534 1539 1543 1583 1613 1618 1636 1646 1686 1708 1741 1763 1693 1832 1834 1866 1875 
1207: 1475 368 1206 1267 1624 408 512 722 1843 429 1074 1345 1219 6 98 172 234 246 257 316 354 433 521 523 524 693 772 775 776 795 866 1004 1024 1067 1073 1742 1677 1551 1313 1384 1208 1846 1877 1715 1634 1776 
1456: 1475 1124 368 593 758 921 1184 1311 1624 116 288 552 734 1082 188 193 218 722 1008 1350 1431 1449 951 1009 1063 429 165 764 990 1270 508 260 6 433 98 115 144 257 287 364 366 485 534 611 771 774 841 871 892 1023 1092 1137 1170 1176 1185 1224 1225 1242 1269 1281 1282 1345 1398 1772 1527 1618 1647 1869 1875 1649 1615 1742 1806 
795: 1475 1570 758 1293 408 255 734 218 450 512 722 1752 1008 1843 1514 1009 1154 1063 1270 1796 58 211 363 923 60 82 122 229 244 365 1207 1208 1086 1225 793 794 1439 990 879 1407 1001 1647 504 8 45 46 123 134 281 290 323 327 330 344 362 374 534 594 723 759 1679 1438 1316 1451 1583 1331 1616 1092 967 818 1631 1170 1280 1282 1286 
52: 1475 368 738 921 996 1624 1872 409 541 734 1349 81 227 370 450 469 554 675 1213 730 1008 780 792 1347 1350 1431 1009 1657 641 238 366 333 1705 1553 196 321 691 1532 1225 791 1335 1429 449 500 1671 1840 927 8 213 1170 1717 1729 1732 1734 1735 1736 1737 1738 1739 1740 1754 756 759 817 1337 1348 329 857 866 875 373 919 451 707 1515 1733 1545 525 1573 1579 1592 1597 86 1619 604 1631 1137 123 634 637 1159 
321: 1475 1124 368 738 1624 1684 408 409 925 288 734 1183 1349 61 191 193 450 452 469 670 1699 730 780 1350 641 366 771 1226 1345 196 1439 508 1671 1001 8 52 449 268 1804 1051 814 691 693 1337 1532 322 1488 1107 536 346 604 875 749 1515 759 
450: 1475 368 738 758 1184 1624 1684 1872 624 408 409 541 288 734 1183 1349 61 191 193 370 1840 990 879 243 508 1671 503 1225 794 1001 366 504 771 8 795 675 52 1213 449 1345 196 321 1350 329 105 237 268 273 316 346 373 397 1164 567 1170 1044 670 1185 1804 875 1384 1699 691 780 1843 1337 793 1851 1226 1545 1107 536 1515 857 604 730 753 749 667 886 637 1532 641 469 759 
1532: 1475 125 163 368 593 758 921 1075 1206 1238 1311 1758 1624 1684 1333 408 409 925 288 255 552 734 1183 1349 61 137 188 193 370 402 450 452 469 516 537 554 1164 1165 670 675 1210 1213 722 730 1008 755 780 1304 1843 847 1372 1541 1431 1009 1530 1538 1609 633 1657 641 299 366 1269 1270 249 363 1226 1453 708 98 196 273 321 346 378 379 691 660 1054 1477 990 508 503 1225 1743 1001 8 213 52 449 373 9 19 86 91 123 170 265 268 298 308 330 391 476 488 521 637 667 683 699 723 736 749 759 782 791 825 892 919 948 965 1044 1051 1052 1088 1107 1125 1170 1243 1255 1328 1331 1332 1335 1367 1384 1426 1447 1450 1451 1473 1476 1697 1597 1732 1761 1787 1824 1826 1827 1550 1559 1799 1599 1746 1615 
1010: 1475 368 589 593 1184 734 1082 722 961 299 258 260 363 708 98 229 379 793 1407 485 504 9 240 330 1384 521 637 990 1677 1247 1054 712 1751 766 790 598 364 100 120 169 172 215 231 246 327 374 412 525 553 667 669 907 1002 1141 1551 1483 1299 1634 1443 1455 1658 1397 1468 1864 1111 1368 1776 1505 
1203: 1475 125 710 1184 409 734 1699 1514 211 363 1869 126 310 1345 122 1225 207 384 763 1692 12 209 265 348 523 591 706 759 894 919 954 1185 1691 1616 1282 
1627: 1475 734 1073 1692 12 
1787: 1475 1115 1672 589 593 758 1206 1311 1758 1624 925 255 552 734 1082 599 1213 780 847 1874 1372 1609 1063 299 366 1270 58 317 381 418 447 1120 1190 1617 1687 923 14 340 1675 691 1532 1275 1335 1429 433 1460 1470 467 536 503 511 893 19 723 1873 1384 1390 916 924 1224 867 736 757 1130 1419 927 1242 631 145 148 152 172 336 358 393 426 451 455 456 486 507 550 566 583 591 692 699 729 746 851 860 866 876 889 899 975 1146 1170 1261 1274 1326 1351 1362 1435 1450 1465 1488 1492 1502 1504 1505 1525 1574 1646 1665 1677 1696 1697 1708 1727 1846 1800 
246: 1475 783 1104 1758 1624 1270 1266 1207 1208 31 110 1282 1433 523 534 924 354 355 678 591 1836 1439 1136 1839 1010 849 948 631 15 79 151 174 209 663 463 1825 338 686 830 1722 1851 1354 1742 980 1004 602 860 1128 1250 635 1020 1458 510 1024 1795 1670 
273: 1475 1570 125 163 368 589 1206 1624 408 409 925 734 450 722 730 1350 1538 1063 1320 366 1796 58 109 363 418 739 1687 606 122 244 1439 879 1671 1433 503 433 993 882 1438 1532 1832 16 93 105 110 123 124 144 164 172 266 270 1170 659 1176 1686 667 1187 1708 690 691 693 1088 712 723 733 1763 1766 759 1307 300 817 1335 337 1875 1368 354 1384 365 382 1406 902 393 407 411 412 1440 1446 1448 1460 1474 476 482 507 1023 1024 1534 1535 515 1543 1044 561 1597 581 1613 1618 1646 636 637 
1534: 1475 812 18 273 1497 1671 281 1197 1463 1599 1692 1438 1048 1613 1451 1415 1556 1170 667 1176 1071 1077 1301 16 1591 1406 1847 1052 522 337 489 962 1446 
759: 1475 125 163 368 589 758 1184 1206 162 188 450 1213 722 1008 780 789 1304 1843 1347 1874 961 1063 1649 1276 109 249 363 1587 835 18 98 229 273 321 346 365 1532 795 1407 449 500 1559 1066 508 1671 19 52 240 362 391 1203 833 875 707 290 1690 1332 879 392 396 1450 1185 556 1440 1439 1576 1540 123 393 57 1001 1137 667 830 222 279 401 455 601 669 711 1177 1178 1199 1725 1744 1754 1759 778 809 818 1847 889 909 1038 
1341: 1475 18 98 1144 354 733 502 1551 522 1422 1776 1258 
1874: 1475 589 1184 1624 1684 1580 624 408 409 925 288 734 469 670 675 1213 1231 780 789 847 764 58 1477 990 508 923 503 433 1345 961 1559 1787 1063 566 637 18 830 759 123 172 185 267 298 330 352 397 412 453 479 485 487 535 691 707 708 757 804 919 1007 1014 1051 1107 1129 1133 1186 1351 1384 1417 1435 1474 1498 1503 1507 1515 1535 1545 1615 1677 1678 1714 
488: 1475 758 1311 1758 925 452 18 1532 1463 1549 1018 671 1415 
1575: 1475 1638 1758 89 18 1279 
49: 1475 758 408 409 58 211 1345 18 1647 504 1463 1282 588 1659 1312 511 1628 
1332: 1475 125 368 921 1206 1758 1624 1684 1580 1333 925 734 1082 162 193 370 1210 722 730 780 1063 366 1270 109 771 1345 98 346 660 1532 433 449 467 503 1529 1044 19 1566 637 1331 1473 415 234 759 123 693 172 279 285 354 653 825 866 889 919 944 976 1051 1052 1193 1328 1441 1450 1451 1474 1476 
1515: 1475 125 593 1206 1758 734 61 188 370 450 1164 1165 722 1752 780 1304 1843 847 1874 1372 961 1538 58 211 333 352 1850 835 98 196 321 346 379 764 1470 449 485 1066 1234 895 508 19 52 281 1282 1433 875 707 521 290 763 765 1714 105 911 913 1438 45 97 1689 1306 643 616 790 762 480 336 1502 1137 1402 912 432 1586 70 71 99 106 341 486 549 601 655 940 1131 1243 1401 1876 1610 1618 1619 1754 
1552: 1475 1570 315 368 589 921 1238 1624 1355 475 925 162 722 109 1074 1554 126 485 19 723 1384 637 290 1242 1542 1438 1272 830 1170 1690 886 887 1007 338 892 948 1067 1107 1176 1187 1322 1344 1474 1676 1613 1668 
606: 1475 404 43 1164 1231 722 1304 1347 299 1796 352 1453 1617 1481 1687 1567 165 990 1757 927 1086 207 273 1324 1111 1137 566 667 463 22 105 928 34 79 110 135 156 192 203 226 327 345 349 471 1679 669 696 1259 1118 1503 1504 1260 861 876 638 1691 770 1027 1033 907 
1136: 1475 710 734 58 211 122 1675 508 29 31 1282 1433 1472 345 892 712 355 246 1137 830 202 939 980 989 1004 1761 
232: 1475 1115 738 996 1293 1311 624 1183 30 137 188 191 193 554 299 58 1102 1009 258 122 1225 512 675 1213 1350 875 641 1154 516 1165 1763 482 109 1231 1245 1119 168 780 1294 1678 916 249 1174 670 804 421 1698 1453 946 1021 948 949 1681 469 452 1478 534 1480 1481 333 1535 340 1236 853 1366 1496 476 1372 730 739 1008 707 757 1657 1530 799 1408 387 1666 1226 
660: 1475 163 858 1758 1580 408 61 158 452 512 1164 670 847 641 1649 582 1453 1705 126 1345 32 122 229 1208 1086 1407 1225 794 504 1438 449 1532 1473 1256 793 214 637 760 514 1332 887 1469 1533 283 326 380 473 500 533 534 536 567 588 600 639 652 657 1144 1691 1314 805 1447 1837 1205 687 1103 892 1615 979 1877 813 756 1637 1305 1768 884 1413 1795 
103: 1475 1124 1672 589 758 1580 624 408 409 925 288 734 177 508 503 433 193 504 373 1191 128 1431 792 1352 1122 1170 886 866 1616 32 82 96 397 1422 1187 805 678 230 691 1713 1843 727 703 833 1347 1351 1481 847 1361 1366 476 1384 1772 1776 259 1454 
1185: 1475 1570 1124 589 593 758 921 1184 1293 1311 1872 255 552 734 1082 450 599 1152 299 1456 366 1270 249 260 418 1120 1567 1076 379 1706 1225 764 1335 1429 1125 433 1460 503 250 259 1203 1784 885 1566 1144 637 924 1315 993 1014 763 765 1413 213 287 1692 1242 1244 1361 1051 1439 165 762 1419 927 484 1398 1473 319 336 33 322 1157 234 759 1868 572 1088 123 636 1658 693 237 1038 1119 1186 1549 1686 91 131 144 161 271 289 312 337 369 375 393 395 412 445 446 453 583 618 644 699 814 818 851 860 871 935 944 948 962 963 979 988 1000 1036 1052 1156 1505 1697 1214 1344 1251 1446 1848 1851 1393 1435 1478 1521 1579 1573 1606 1631 
1708: 1475 1570 758 599 273 467 1671 1324 1477 637 1787 1048 1563 336 1186 667 669 1419 1432 33 322 65 93 140 394 419 975 1027 1052 1160 1323 1759 
1460: 1475 758 1184 1311 408 288 1082 512 1699 1063 429 1687 923 273 791 1429 433 1671 503 1647 1787 33 322 637 667 1658 134 281 105 1186 1686 1185 65 143 178 209 354 364 382 500 511 534 669 683 833 924 1274 1291 1351 1631 1747 
851: 1475 1115 593 1184 1206 1311 552 370 577 1228 1324 1286 1787 1242 1185 712 926 1432 667 37 1616 1718 393 588 669 713 1466 992 1351 1563 1522 
1387: 1475 1638 589 1758 1624 730 1431 641 1617 122 196 691 611 153 259 1313 1324 916 1476 1633 1827 556 1498 520 1216 497 149 42 1851 1766 212 859 1062 419 1473 96 147 150 275 531 805 806 842 1006 1202 1816 1389 1623 1767 1504 1660 1666 
1634: 1475 1580 554 1213 582 1207 1208 1256 473 1833 269 892 45 1010 336 1432 620 981 1179 
1776: 1475 125 163 807 1104 103 162 188 370 1843 211 1074 1236 1207 1208 611 1073 1282 916 523 45 1010 356 1551 1772 208 1422 1341 120 1303 96 773 1505 1666 1769 
730: 1475 1115 125 368 738 1206 1624 1684 1580 1872 624 409 925 552 734 1183 1349 193 232 370 450 469 670 1210 722 1009 1433 503 1225 366 52 449 196 321 1350 875 1532 641 1473 1554 273 1431 1170 1332 1609 1051 520 1476 1044 259 652 691 1387 47 739 100 147 153 154 238 268 301 327 346 412 511 604 678 700 1717 1726 1226 1750 1269 780 1328 818 1331 825 1337 1384 890 1496 1583 1076 1080 1623 
69: 1475 1463 602 629 1700 68 989 309 
93: 1475 807 734 771 273 1313 637 1841 1599 1677 1242 556 712 1637 667 1549 1187 1708 1090 106 92 283 438 703 470 1505 
146: 1475 1115 1345 98 691 1125 503 259 631 699 1768 1771 1358 
179: 1475 633 260 433 1297 364 1668 881 882 1383 597 1301 517 1223 1201 883 1299 1296 1464 
182: 1475 1758 1431 1747 105 1215 612 1802 180 181 940 1614 1163 
191: 1475 710 1872 624 734 1102 1671 366 882 1542 321 1350 450 1154 961 1559 1324 415 232 1843 780 485 1677 523 1226 131 1693 561 1877 992 1519 1280 1538 
280: 1475 589 734 691 433 503 753 1284 1715 124 1802 743 968 
305: 1475 
307: 1475 1363 
313: 1475 211 207 1282 913 762 356 1368 1422 
328: 1475 1672 163 589 593 921 1758 1355 409 162 722 755 1843 771 1453 1076 793 938 1066 849 566 637 1673 1548 1088 1129 123 330 210 287 480 67 782 1168 334 1446 557 944 767 1217 1485 1621 486 626 1403 1021 1023 332 
380: 1475 163 710 98 379 660 1225 503 1390 1501 1450 866 1398 790 1135 1170 144 1146 118 1428 398 1848 444 596 
391: 1475 1124 589 921 1104 409 1082 1538 1102 771 691 1532 139 1438 637 759 1397 1394 1107 866 757 1474 557 1635 1535 212 863 
393: 1475 1570 589 1184 1355 722 1270 58 98 273 788 433 500 503 932 1787 1692 879 396 414 1185 1440 572 851 1439 846 1441 336 1001 724 322 759 636 1658 1038 1186 106 445 446 395 78 253 257 1036 1189 686 877 1522 889 
397: 1475 593 1758 734 61 103 450 1210 780 1843 847 1874 961 574 1125 1044 1559 259 1784 1390 924 993 1014 765 1232 1361 1048 1441 1637 1549 1088 618 1274 1579 446 1696 559 
402: 1475 315 383 807 624 162 1215 503 1532 1154 234 164 887 269 1696 935 1056 1695 534 209 1759 285 316 998 1255 
444: 1475 1672 734 162 1687 122 503 1671 281 1224 556 380 1432 415 1287 298 1068 955 
476: 1475 1115 368 589 1758 103 232 1210 1843 1657 1649 249 363 739 1481 98 273 1532 503 259 723 1324 1384 1561 1205 128 1242 354 376 319 123 693 1549 405 785 959 136 169 298 343 1835 1640 727 863 1635 1006 1012 
478: 1475 593 363 504 508 143 916 667 
487: 1475 589 734 1874 1345 1335 611 1873 290 483 438 1016 
498: 1475 404 556 1851 1806 1392 
500: 1475 368 758 1104 1206 1311 1758 408 409 288 552 734 1082 512 599 722 1028 1609 1063 366 739 1098 130 660 1225 764 1429 433 1460 1470 763 1242 631 52 875 336 759 1658 134 1579 152 257 393 426 480 1424 924 1808 583 1351 878 1131 740 741 1383 876 889 892 893 1409 1274 
551: 1475 1672 383 589 789 86 637 1051 
577: 1475 1206 624 409 925 288 229 503 794 631 771 793 1324 1241 919 1451 851 1323 1123 713 1521 1067 1052 819 
578: 1475 188 1269 923 1089 763 770 954 626 276 
611: 1475 758 1075 1104 408 409 512 1164 1231 722 1456 58 122 378 1225 1228 1335 1407 485 1844 919 629 1198 1387 1833 1776 1133 1490 487 785 811 813 1331 1714 1848 1721 1004 1873 1016 614 1645 757 
613: 1475 1758 1624 1228 1692 830 131 294 
625: 1475 1487 1843 524 1605 999 
626: 1475 1672 589 1049 552 1777 1063 771 1650 1219 1513 328 637 287 145 67 203 486 1088 1351 1045 578 818 1673 237 566 767 775 1527 1371 1642 332 334 1181 610 1640 1794 
632: 1475 1672 1311 1347 238 691 1477 637 763 354 172 1122 1834 782 798 421 
656: 1475 1758 964 1431 86 924 990 846 465 767 
665: 1475 1758 932 1714 1247 591 919 209 777 525 860 
703: 1475 103 1164 1172 224 1566 1490 943 428 948 557 1344 1549 949 1565 483 204 484 93 1288 947 1518 1802 180 1660 
744: 1475 593 758 1086 143 240 281 1029 1833 1205 712 1563 756 760 1186 172 1419 713 1851 1704 1432 1635 1257 
773: 1475 1104 1551 1772 1422 1776 1395 1352 531 
791: 1475 593 408 512 847 1009 260 122 229 691 1532 1284 1671 503 1566 433 1407 1647 504 52 1282 1669 1224 1613 1460 1833 1087 1089 1312 511 63 400 659 766 1494 1380 
924: 1475 1570 758 1184 1624 1778 475 188 722 1843 847 1345 1460 500 503 723 1324 1384 206 1787 336 246 1658 887 556 1363 1186 1185 287 1323 889 397 1450 396 172 656 1187 1771 891 1291 
937: 1475 554 1008 1009 503 1747 875 1388 187 1802 169 740 1807 1725 
1000: 1475 1311 81 89 1350 1541 897 211 1249 1869 1804 508 207 1282 1286 1261 1185 1546 994 356 618 1851 251 1800 1802 800 1674 1785 
1004: 1475 593 1206 734 722 1270 260 1074 98 340 1207 1208 1086 1256 508 611 1073 1647 1652 723 1384 521 523 1583 1472 105 1677 345 97 354 1836 1439 1136 356 1643 1668 246 631 1279 1308 1670 1779 1288 106 1761 111 215 316 896 939 1811 1316 1742 1601 1067 1024 1626 1488 
1057: 1475 408 409 58 211 122 691 1398 356 1282 895 723 816 342 1472 
1092: 1475 807 1311 408 409 1456 1270 82 1086 1225 793 794 795 1762 667 1383 1466 241 388 892 1168 
1208: 1475 1206 1758 408 1699 722 1235 1843 1418 1074 1554 1513 98 691 1207 849 433 1086 1242 795 246 415 234 974 1669 693 1007 660 97 1802 1634 1776 354 1384 1551 1313 169 257 471 521 523 533 596 775 776 976 1004 1024 1067 1073 1156 1836 1846 1877 1254 1764 1404 
1232: 1475 1672 589 1758 541 675 1304 1603 897 429 122 815 128 733 1605 1186 677 1200 54 253 284 369 395 396 397 412 414 445 688 1169 1189 1496 1632 1257 1773 
1360: 1475 589 1758 260 1470 1841 1822 756 1669 692 236 1616 1367 777 1527 522 896 939 
1367: 1475 734 193 771 1098 1869 1532 504 508 753 766 919 747 1360 
1410: 1475 996 734 599 722 1270 1705 1384 1390 1306 1820 555 1401 203 1616 1728 796 
1422: 1475 125 589 1758 103 1224 560 1551 313 1341 1776 96 531 773 1395 
1474: 1475 315 383 1206 1267 1624 1333 162 193 1164 722 1843 1874 1154 1063 109 352 418 739 1617 1554 273 346 485 503 1559 1671 391 1552 1714 1690 1332 269 345 600 185 1451 1556 481 94 1045 1597 1409 453 561 64 928 935 588 360 581 775 1110 1721 1835 1635 
1746: 1475 125 1075 1238 409 925 1598 1082 469 780 1843 126 1567 923 1532 485 1089 250 830 514 1613 68 106 966 816 643 185 988 1668 
1772: 1475 589 1267 103 162 1843 429 1456 691 763 1268 1613 70 152 1551 1352 584 1776 252 773 1016 1281 
1781: 1475 1218 
1818: 1475 408 409 288 1843 1689 556 584 1579 1395 
1827: 1475 807 288 370 739 1345 1086 1532 259 407 1384 957 1137 1802 1387 1579 374 1271 
1793: 1475 1872 792 1431 1009 363 503 1066 1324 1159 1450 1051 712 1572 1451 887 1007 525 1323 1573 940 1052 
1491: 1475 1104 734 508 1671 866 1095 124 1406 975 
1813: 1475 734 1495 1538 299 211 1086 508 207 1282 355 1398 356 1615 515 1097 1357 1458 
1505: 1475 383 1311 363 281 1324 1787 1633 1051 1185 1010 667 1090 93 322 1351 566 1860 1776 96 141 571 573 1171 1666 
1821: 1475 1758 789 951 556 165 480 138 1785 1437 1392 
1551: 1475 1104 1758 734 162 1843 211 82 1207 1208 1073 1224 560 1010 1352 1341 1303 1776 1772 96 773 1422 1876 1666 
1563: 1475 1124 1267 734 1082 137 370 961 82 340 1675 467 521 1692 560 712 851 1419 1473 1432 667 1708 588 669 1466 876 160 169 172 744 797 1052 1097 1807 1826 1704 1839 1577 
1590: 1475 589 1017 689 609 1412 
1631: 1475 1672 125 368 589 921 1184 1293 1311 1355 722 1063 366 363 1481 1345 98 379 795 1460 504 511 52 330 1679 1535 637 290 287 1824 1185 1440 134 1556 336 1088 405 1851 1128 285 289 1168 1351 1023 1045 818 1673 1847 906 1543 167 566 636 1371 680 80 222 276 686 778 987 1446 
1637: 1475 1124 158 554 1657 98 660 1335 503 1732 1317 1324 1384 637 808 1045 912 279 397 172 93 596 1285 
1649: 1475 368 589 758 1624 116 255 227 1456 956 366 993 1345 1137 712 759 1673 1051 660 1549 98 723 1383 1528 224 1313 94 202 473 476 890 1023 1255 1276 1481 
1841: 1475 589 662 475 81 89 317 379 373 1689 1224 354 198 93 843 1240 1360 1493 
1667: 1475 345 
1668: 1475 783 1624 755 633 1270 1554 1746 1297 1477 521 523 1552 990 105 1054 808 733 849 882 865 1301 1802 770 1383 1004 727 179 493 517 597 682 782 881 883 1201 1223 1264 1296 1299 1391 1464 1630 
51: 1115 1124 624 1082 598 1009 122 512 370 1170 37 1706 218 1777 995 350 1603 722 1796 1579 
101: 1115 218 792 1347 1009 1032 1796 1553 219 224 1706 485 272 1592 1732 1282 1535 898 1840 1398 1170 919 1348 327 948 1176 436 118 
139: 1115 409 925 1699 1088 954 590 391 
196: 1115 368 589 738 1624 1684 408 409 288 1183 1349 61 450 469 670 675 1699 722 730 780 1350 1102 641 366 363 771 1226 1345 1671 503 794 1001 504 8 52 449 1545 1804 1044 875 1384 1337 1532 321 536 346 604 354 1387 749 1515 637 268 
207: 1115 1124 1311 409 188 1777 606 18 98 1225 754 110 1439 849 1463 12 63 80 120 272 1080 1812 1700 977 1203 1000 313 1466 832 1725 1368 1813 1118 367 354 616 240 1137 1462 777 1659 1247 1670 
213: 1115 1570 758 1624 288 255 1226 1554 32 98 1532 1559 52 723 1384 8 857 278 1051 1185 1451 661 853 712 855 214 1366 856 986 1254 
323: 1115 593 1293 1487 229 1086 1225 793 794 795 503 504 1560 
346: 1115 125 368 921 1206 1758 1624 408 409 288 734 61 193 370 450 1210 722 730 780 366 1345 196 321 503 794 449 1532 1473 1324 637 759 1332 1515 1107 1476 1044 316 1328 1331 825 1808 1474 728 479 1384 749 
354: 1115 368 383 807 1311 1758 734 162 722 1843 961 1102 299 211 363 130 196 273 340 365 1207 1208 1460 508 207 1282 534 1566 1841 993 867 1331 1332 1413 1523 1677 377 208 246 1341 1549 1686 832 59 115 342 910 1080 546 1067 1704 1742 1024 476 1004 632 948 842 
355: 1115 807 1238 1580 1345 98 1671 110 105 1439 616 356 246 1137 693 1136 1616 374 63 195 209 316 1813 1064 561 697 1466 591 1380 
382: 1115 475 734 211 363 273 365 1675 1757 1460 508 362 1282 437 679 608 56 100 1072 709 968 1139 507 1412 
387: 1115 738 1758 1580 925 232 739 1172 1345 98 503 504 1044 259 637 1840 1473 1107 520 1476 1361 345 47 443 1720 592 981 620 621 622 501 1142 150 531 737 1504 1405 
416: 1115 568 
479: 1115 383 188 1235 780 1874 1436 1530 1154 1705 346 754 938 485 240 1312 1435 720 1761 257 187 1742 
523: 1115 593 409 191 670 722 1843 1028 238 1074 98 691 1207 1208 433 1073 1203 1747 1313 1384 1454 521 524 246 637 1844 1440 1007 980 1288 1198 1776 1720 172 1677 1004 257 775 1846 706 1024 1067 1742 1380 1668 776 
534: 1115 1124 368 1075 1758 1624 409 925 288 552 232 402 554 1028 1456 1269 1345 1513 98 691 660 795 1335 1429 433 1460 536 503 504 1732 707 1545 533 165 246 974 514 1170 866 980 1181 1312 354 889 172 183 194 704 843 1285 
572: 1115 1570 758 1184 769 258 18 1225 1361 1185 393 
585: 1115 1124 125 368 589 710 1075 722 109 98 691 1228 433 503 504 508 723 761 637 373 243 1447 1493 1378 
600: 1115 1809 1672 589 1624 1580 734 98 691 660 508 259 1384 1545 1450 1051 830 1170 1451 520 699 62 189 298 1052 1443 808 1474 1790 863 1835 768 
621: 1115 589 662 738 370 1032 739 1172 1345 98 503 1044 153 387 1476 1542 1473 886 887 1007 47 443 1720 592 981 620 150 501 1496 622 1142 1504 
641: 1115 368 731 738 996 1127 1311 1624 1684 1580 1333 624 1183 1349 218 232 450 469 670 675 730 1008 780 1350 1009 1241 165 503 1225 8 52 449 196 321 875 1532 47 98 99 100 147 231 259 268 275 327 485 520 596 604 652 1496 1524 660 1476 1269 667 1322 1170 1337 1384 1466 1226 720 721 1473 1750 1131 1387 1646 1774 1525 1397 
649: 1115 1082 520 148 767 
678: 1115 589 738 1075 1872 103 730 1545 246 1496 954 111 1768 
757: 1115 125 1104 1624 925 734 232 1164 1681 1210 1874 1480 60 98 1335 611 391 833 1150 1787 234 131 203 251 908 877 1353 
761: 1115 1758 409 1152 1567 1675 449 407 1284 957 993 1613 1659 585 818 655 301 1405 
774: 1115 1104 162 1456 1086 637 1438 1802 480 975 
825: 1115 125 163 368 589 662 1206 162 193 370 1210 722 730 780 366 771 1650 1374 346 1532 449 1044 240 326 1331 1332 1476 345 392 1438 1473 524 1795 705 1177 1328 372 1052 1182 1237 1251 1636 1385 
847: 1115 1570 593 758 807 1104 1206 1758 1624 624 408 103 1054 598 503 1225 1242 1345 1532 1787 365 637 1874 330 1451 1515 556 1609 1613 1107 109 866 1363 660 1361 98 689 691 238 791 1545 723 397 1384 257 531 721 924 934 1012 1538 
853: 1115 758 996 1758 734 232 1226 1218 857 213 214 491 1371 1254 856 986 854 
862: 1115 1570 1184 624 925 516 792 1852 1347 1477 1284 1431 1609 1348 50 1553 187 396 736 1807 954 1344 
866: 1115 125 368 1075 1311 81 103 137 162 512 1699 1777 1304 1347 847 1372 1541 1032 366 1270 58 317 1074 1249 1869 1554 126 130 340 379 690 1207 1256 1125 1017 1671 29 52 143 391 1313 1317 1433 707 534 763 1787 1332 1599 1159 1261 1450 1215 1137 667 1548 21 111 152 172 183 247 316 343 380 436 465 531 679 689 777 806 1310 1864 1866 1876 1417 1491 1016 1065 1606 1615 1635 1141 1146 
892: 1115 368 383 1104 1311 1624 288 734 1082 89 137 188 722 780 1350 1431 1009 1154 299 1456 366 371 1345 660 1532 1225 1407 1429 433 500 1092 508 1284 1384 1477 533 206 1552 243 1432 1451 1136 1186 677 1634 507 586 590 591 741 1036 1815 1604 1618 1691 1287 
916: 1115 589 1580 409 475 232 98 1228 433 508 259 1840 243 1787 830 1088 1170 1633 520 1387 1776 1628 1396 150 1851 96 298 478 
995: 1115 624 51 452 512 722 1777 849 366 211 1603 
1003: 1115 758 1206 469 1164 1165 670 1213 1231 802 1480 1102 238 352 1678 723 804 765 1599 1762 1451 1790 1085 1006 
1008: 1115 368 758 1075 1267 1293 1311 624 925 552 734 1082 43 137 218 232 516 554 1164 1699 1210 1213 722 1235 1245 1675 1576 299 1321 1477 598 1130 1009 763 258 260 1284 433 1456 993 1225 1743 1751 1641 366 882 795 52 1345 1350 1532 641 793 1032 1431 792 759 1308 911 974 1548 1088 612 1394 919 1558 347 1706 1348 1335 1119 1549 287 277 1294 717 60 187 224 327 413 440 468 483 555 557 579 643 736 877 881 889 932 937 948 1176 1705 1212 1214 1726 1732 1347 1796 1797 1300 1312 1826 1829 1843 1337 1109 1856 1619 1870 1028 1384 1401 1428 1429 1461 1478 1388 1498 1531 1820 1553 1047 1565 1579 1615 1618 1131 1149 1659 
1009: 1115 1570 368 383 758 1075 1206 1293 1311 1624 624 552 734 1082 43 51 137 188 218 227 232 370 516 554 599 1164 1699 1210 722 1235 730 1008 1777 1294 792 1843 1852 1347 1350 1431 3 1675 1576 764 177 1840 299 1321 1477 598 1130 52 60 67 83 101 178 187 212 219 242 258 260 277 287 290 325 327 347 366 375 396 413 433 440 483 485 491 508 555 557 579 612 634 641 642 643 717 720 736 737 762 763 765 791 793 795 811 817 833 859 876 877 881 882 892 894 898 911 913 919 923 932 937 948 965 978 993 1002 1170 1335 1176 1186 1698 1705 1706 1715 1212 1214 1726 1732 1225 1734 1735 1736 1738 1739 1747 1242 1270 1793 1796 1807 1300 1301 1308 1826 1829 1324 1844 1339 1850 1345 1109 1348 1619 1869 1870 1362 1028 1284 1390 1401 1428 1429 1548 1454 1456 1461 1478 1388 1498 1322 1817 1014 1733 1531 1532 1535 1032 1398 1549 1737 1553 1047 1558 1565 1740 1581 1743 1592 1615 1618 1120 1751 1128 1856 1131 1641 1656 1657 1149 1659 1161 
1028: 1115 589 996 1311 624 409 925 431 516 554 1681 1235 1008 1372 922 1480 1009 1530 1270 503 1398 1869 415 1239 1170 919 691 1089 500 884 75 124 187 224 242 523 526 533 534 672 843 954 1430 1103 1388 1261 
1032: 1115 1124 758 1293 1311 624 925 552 734 43 158 188 218 516 554 1235 1008 1294 792 1347 1009 1675 1477 598 1270 433 437 1743 1398 882 12 46 60 101 114 187 245 287 333 347 413 483 514 529 555 566 621 658 718 733 800 864 866 877 881 898 932 954 981 1002 1687 1705 1679 1219 1269 1292 1300 1308 1829 1856 1348 1388 1406 1414 1418 1428 1450 1467 1478 1518 1573 1579 1490 1067 1068 1616 1149 
1054: 1115 1081 1238 288 512 847 1657 299 211 1869 3 1675 1706 1532 485 1647 1282 521 1144 1224 287 1613 957 34 87 356 428 436 514 539 549 671 733 849 868 948 1010 1169 1556 1440 1707 1466 1448 1130 1643 1540 1668 
1058: 1115 758 409 1609 260 1553 1225 1525 367 
1164: 1115 921 1184 1206 1624 624 409 925 218 450 469 1102 879 1009 849 1213 1345 1532 11 18 98 240 352 468 606 611 660 670 703 757 789 799 802 804 868 897 985 988 1003 1008 1085 1107 1110 1133 1165 1822 1678 1474 1480 1231 1384 1805 1515 1525 1655 1538 1484 
1678: 1115 1758 409 925 734 232 469 1164 1165 670 1213 1231 789 802 1843 1347 1874 1480 1102 352 990 1398 1085 1118 1447 804 1655 152 1003 1103 
1751: 1115 1082 469 1235 1008 1347 1431 1009 58 6 122 967 1743 327 756 1010 1170 1632 1830 
1183: 1115 368 1624 1684 1594 624 925 288 255 734 1671 449 196 321 1349 450 1532 641 232 730 780 469 452 789 1226 268 670 529 
1235: 1115 624 734 43 227 469 299 598 1009 1743 1751 1350 1032 637 830 1245 1014 1371 1294 1550 1728 717 339 364 440 479 535 570 725 876 1008 1028 1208 1326 1870 1584 1851 1388 1777 1408 
1748: 1115 589 408 58 122 691 569 637 
1752: 1115 1624 624 408 409 925 288 58 122 1671 795 1345 208 336 1224 1515 143 1163 1544 1834 
1306: 1115 734 599 1294 1047 366 1270 413 1705 708 1592 875 1515 1820 796 555 1401 1410 
1873: 1115 125 589 1758 409 964 1699 1231 961 1241 429 381 503 511 611 64 1787 1107 884 487 1016 
1282: 1115 1124 710 1311 409 188 512 1777 429 1456 1270 58 260 1249 1345 18 49 98 1225 754 791 795 1470 485 1057 508 110 240 1203 1054 1439 849 1433 1692 1463 616 13 63 80 101 105 120 206 209 245 246 265 313 354 364 367 382 436 507 700 737 768 770 876 889 919 939 977 1000 1117 1118 1136 1137 1166 1689 1697 1721 1726 1776 1813 1331 1865 1361 1378 1380 1384 1425 1462 1466 1490 1515 1522 1582 1599 1616 1643 1659 1669 1670 
1379: 1115 162 366 1613 677 945 510 
1388: 1115 1293 1311 409 925 734 137 188 516 554 1235 1008 1294 792 1347 1431 1009 1028 1032 413 1705 1553 1706 503 1477 1743 882 1170 919 347 1549 756 1820 557 948 555 1826 187 292 579 736 737 881 937 1212 1280 1300 
1541: 1115 163 996 1311 624 925 780 1477 1270 508 1869 1532 11 961 1249 1762 242 415 507 511 633 689 691 717 736 866 884 897 919 1000 1103 1170 1261 1383 1559 
1398: 1115 125 1075 1758 552 137 188 516 554 1777 792 1347 1431 961 1009 1028 1032 1152 1456 1270 1869 6 60 379 1086 1225 1228 793 764 485 1057 508 110 240 330 1678 1463 736 1692 1185 556 101 1130 1106 484 25 34 67 123 337 364 380 460 480 631 635 667 746 777 889 940 977 1131 1166 1169 1383 1396 1430 1466 1478 1611 1875 1813 1630 
1449: 1115 624 137 452 1777 1456 993 1345 211 1669 1609 1603 1535 933 1266 
1478: 1115 758 734 218 232 1008 1777 1009 1032 1270 58 260 1249 1225 1234 508 1324 1726 105 1692 345 1185 1398 849 1743 336 667 482 756 590 669 1525 
1727: 1115 1206 1758 734 452 50 1335 1732 1764 1284 1787 1242 35 1314 1718 1593 832 170 296 677 756 976 1415 1437 1578 1806 1838 1870 
1496: 1115 589 1758 1872 232 730 641 58 691 1044 1232 621 678 237 147 842 1851 1648 
1224: 1115 475 670 1752 1456 366 1276 791 19 1313 1841 1054 1787 1137 444 1422 1551 1826 1712 1714 1466 1616 
1558: 1115 1311 734 188 452 1008 1009 1657 299 224 1335 19 272 1592 1732 1733 1735 1737 1740 723 1739 932 1734 1736 1738 817 634 990 285 618 720 948 1085 1296 1344 1485 1549 
1564: 1115 315 1487 433 1339 1051 319 959 169 166 685 1405 
1602: 1115 156 
1145: 1115 1124 589 1758 1624 691 794 1497 1324 1144 1714 105 1438 1323 1851 549 883 
1664: 1115 1063 1190 556 
258: 1570 758 1206 1311 1624 116 475 734 137 232 516 554 599 1213 1008 1431 1009 1270 3 165 1321 33 63 74 83 106 219 224 631 1549 1299 667 1052 669 926 1692 1693 1442 679 1869 1323 1324 572 1469 342 325 327 586 590 1048 322 485 1133 1540 1010 1244 1012 1014 1118 1784 259 260 1284 1242 
1566: 1570 383 1061 1311 409 734 162 792 1347 1431 1657 1270 1796 260 771 923 6 224 229 1225 791 793 764 1407 1429 504 1133 272 1324 707 521 990 763 1692 285 327 354 364 483 527 618 700 703 721 756 760 765 898 947 948 949 963 1185 1186 1242 1332 1344 1361 1490 1518 1549 1744 
993: 1570 368 758 1184 475 1213 722 1008 1431 1449 961 1009 366 1649 58 260 1850 6 273 723 1784 1284 761 833 290 990 1692 91 172 316 342 354 396 397 646 648 745 816 882 988 1296 1300 1186 1187 1362 1693 1080 1137 1014 1185 
1242: 1570 1638 368 758 1184 1206 1311 1758 1624 1872 288 552 1082 193 218 1213 722 792 1347 847 1009 299 1456 238 366 1269 1270 258 1796 260 1120 126 923 6 18 1706 1208 1225 764 1407 433 500 503 1529 1559 1066 508 19 240 259 272 407 1433 932 1477 1566 290 1552 1014 763 765 1787 990 1159 105 287 1692 1439 1840 1130 76 83 91 92 93 123 187 251 285 318 322 327 364 375 396 445 476 579 590 715 816 851 886 887 889 898 991 1015 1025 1038 1048 1070 1103 1111 1185 1186 1707 1727 1728 1244 1268 1779 1693 1299 1300 1829 1322 1362 1348 1361 1797 1363 1344 1549 1448 1465 1483 1540 1542 1565 1632 1658 
1082: 1570 163 368 589 758 807 921 1184 1206 1311 1624 1778 1594 116 552 734 165 554 764 177 299 58 1321 598 990 7 1130 1009 1270 763 260 923 503 927 433 1456 1086 1225 1242 794 1751 366 631 1121 1869 10 38 51 74 83 87 112 137 152 162 164 218 287 290 319 327 338 363 391 439 440 457 460 471 480 482 485 486 500 510 511 521 566 590 618 637 643 649 705 712 717 721 722 723 736 747 765 780 792 793 806 812 818 877 886 887 892 926 948 956 1007 1008 1010 1014 1021 1050 1051 1060 1063 1676 1191 1705 1706 1850 1214 1746 1779 1272 1787 1788 1789 1285 1796 1185 1294 1186 1299 1308 1332 1843 1847 1343 1345 1347 1371 1269 1401 1429 1430 1431 1446 1296 1451 1460 1312 1482 1548 1563 1599 1094 1274 1118 1119 1132 1144 1154 
552: 1570 1104 1311 1594 116 1675 554 1840 299 598 7 1009 1270 734 508 599 503 433 1456 193 1242 1398 1082 74 91 131 137 144 145 152 218 227 257 259 287 330 347 364 374 396 401 471 500 507 511 534 626 1185 1186 676 1707 1200 1213 1214 708 712 713 722 730 1777 1274 1787 777 780 1294 1808 1300 1312 1324 1326 1844 1532 1344 1361 851 876 877 889 1288 893 910 1429 1431 1435 1450 954 956 1470 1498 1008 1014 1528 1023 1032 1573 555 1579 637 1089 1609 1657 1658 
33: 1570 758 1184 1758 1624 1431 1657 1154 366 1270 258 260 1225 793 1460 19 259 1592 290 1014 287 1692 1361 1185 1686 926 1549 1708 912 1868 16 
566: 1570 1124 921 1049 1758 1624 1355 1082 162 193 1210 1852 1874 1032 1241 1063 366 1587 1567 606 18 98 485 504 19 240 328 330 1324 290 1472 1787 287 1824 898 943 1051 712 693 134 706 846 358 1556 203 481 1308 1549 1088 17 1851 1548 876 1248 1168 1351 1023 1045 1658 1070 1670 1052 1005 439 237 553 319 304 41 44 296 331 360 361 464 531 1178 680 685 1759 1765 1795 1864 1328 1865 1371 1402 935 944 1467 1505 1507 1510 1521 1019 573 581 587 1626 1631 1129 626 1446 636 638 
911: 1570 1124 288 734 218 1213 1008 961 1009 1270 1850 1869 18 754 764 433 485 511 240 763 765 1463 879 790 926 667 1689 834 63 70 71 197 364 395 446 480 481 486 1166 1170 1067 1327 912 1586 1723 1515 1099 1230 1090 1815 
1088: 1570 1672 589 758 921 1184 1758 1355 1213 1008 835 18 229 273 1532 764 1407 967 1671 139 328 330 1416 916 637 396 1450 1051 1185 1451 267 1169 1186 67 667 1432 1045 1766 566 334 397 626 636 669 726 818 940 1023 1052 1187 1168 1631 1129 1385 1642 
1670: 1570 589 1624 162 722 1843 1657 109 211 18 340 938 508 19 207 1282 637 105 616 34 1169 246 830 1004 566 21 210 470 482 848 928 1368 1371 
1038: 1570 589 1184 1758 299 19 240 1242 879 396 414 1438 1185 1440 1439 123 1441 293 393 445 759 1001 724 667 54 78 412 446 618 669 1483 1189 1597 1186 1393 1280 
32: 1570 1758 408 288 103 957 213 1689 1044 660 278 279 1186 
73: 1570 762 1415 37 145 1817 1802 1442 
218: 1570 758 1293 624 552 734 1082 51 137 188 554 1840 299 598 1130 1009 1270 260 1284 599 923 433 1456 1225 1743 1242 1120 1121 795 1345 641 926 1272 1164 793 1032 1063 1431 792 667 911 1548 1170 290 330 37 219 1348 1335 287 101 178 1176 1699 1705 1707 698 1726 717 722 224 736 1268 1796 1294 1817 802 1322 1347 327 350 364 1390 436 898 1429 272 932 948 618 1478 468 483 1008 1535 1565 557 1581 1089 1615 
274: 1570 1124 58 60 122 384 514 1694 
312: 1570 1184 1185 
364: 1570 552 734 137 218 1213 1235 1431 961 633 1657 1063 1456 238 1270 211 260 771 1705 1554 1345 60 1675 1225 764 1335 1429 433 1460 485 503 508 1133 1282 1566 1014 763 1242 911 1398 177 598 762 882 1010 1279 667 1308 532 1181 1301 673 1087 1518 1579 1729 144 1525 1646 1326 1383 87 100 115 179 204 286 342 683 1223 1264 1289 1805 1807 1815 597 877 881 883 948 517 1565 1618 1128 1648 
369: 1570 1232 396 1185 1186 1632 
395: 1570 589 1184 1758 1232 396 911 414 1438 1185 1440 123 1441 393 1189 56 446 1071 1632 1847 718 689 1280 
396: 1570 495 589 758 921 288 552 734 862 1009 260 82 764 433 485 1089 259 407 1784 932 637 924 993 1014 763 1286 1232 105 1242 1244 1361 957 1439 598 631 1432 491 667 712 759 1088 1135 123 1038 556 1186 1549 1802 801 1579 756 1632 445 446 395 393 1646 1053 1465 618 1450 369 527 914 1048 1189 1468 718 601 1243 1158 412 1794 
445: 1570 1184 366 98 691 1833 1583 1286 1232 1394 1692 1242 879 396 414 1438 1185 1440 1439 1441 393 57 724 1038 1186 54 1632 78 253 1189 550 1393 767 
446: 1570 1184 771 98 1225 1710 1784 879 396 911 1185 1440 1441 393 1038 56 415 1802 395 397 1697 550 718 
581: 1570 589 1479 1355 1843 1063 273 330 637 1690 345 556 712 134 267 1556 1186 876 1351 1045 1474 566 640 1573 935 1371 680 319 638 672 942 944 1209 
618: 1570 589 1184 1082 218 1431 1530 1063 299 1270 1796 260 708 224 1225 793 485 110 330 1324 521 1566 637 290 1490 763 1692 898 396 1185 1558 1096 948 1038 1186 926 327 1348 70 91 1344 949 1187 484 1518 1697 397 71 83 115 335 483 1695 721 947 1591 1000 713 1565 
718: 1570 1124 1206 1211 1032 366 413 1705 1554 1073 281 105 396 1450 712 1822 849 555 1107 1170 1401 667 446 1248 601 1802 395 1177 
782: 1570 495 781 1487 126 691 1532 328 287 1668 632 685 
802: 1570 624 925 218 469 1164 1165 670 1231 789 1102 433 637 886 1186 86 352 1678 804 1085 1480 1003 
885: 1570 589 1624 409 288 503 1529 508 259 1439 1762 637 415 1440 1451 105 1186 1185 374 932 
914: 1570 1758 330 637 396 598 1186 926 1371 1579 1573 
935: 1570 1124 315 589 710 1184 1624 1487 1355 402 1210 1152 1063 418 771 98 379 1228 330 637 529 1714 1690 1692 345 1185 712 134 1693 1848 1556 1643 336 1186 1820 481 1548 1023 1045 1658 1409 1474 553 566 685 1759 176 319 928 39 1371 301 581 680 962 
967: 1570 408 925 734 512 1699 429 366 1270 58 211 690 795 1429 433 1751 1088 511 898 
988: 1570 1184 1164 1431 1423 1706 1746 993 1185 830 1186 891 420 
1014: 1570 589 1049 1184 1311 475 552 734 1082 188 516 1235 792 1874 1431 1009 1270 258 1796 260 1225 793 764 433 1133 259 1284 1324 993 1130 1692 1242 882 926 33 322 1186 1549 1185 145 285 287 327 364 396 397 590 765 941 947 1187 1323 1214 1015 1383 1435 
1052: 1570 315 368 383 589 731 1184 1206 162 193 577 1609 1152 1063 366 258 260 1706 1532 1407 504 259 723 753 932 290 1315 1331 1332 1501 287 1692 1048 1185 600 825 1451 1563 358 1693 1169 1088 1708 644 1793 1128 1248 322 1591 818 1473 1534 566 237 1605 403 1465 888 969 1364 836 1521 252 334 1458 1644 
1059: 1570 1624 1324 1205 667 1323 1742 1635 
1066: 1570 758 807 921 1624 408 409 288 162 469 1843 109 771 691 793 764 503 990 763 1284 1671 1242 1438 1324 637 234 759 19 290 886 482 1515 83 328 384 480 529 644 723 742 765 855 1441 1613 1793 
1152: 1570 1184 1758 624 165 1398 1063 1451 1185 935 691 867 1851 1052 761 1405 
1243: 1570 1311 137 1431 1270 260 1706 1532 764 259 765 1361 396 1515 1186 1070 1363 1465 590 1806 
1280: 1570 191 452 229 1086 1225 793 794 795 433 503 504 1384 1388 737 1438 480 1038 1186 395 742 
1310: 1570 1784 866 667 669 689 
1313: 1570 589 1487 409 366 1649 363 1074 1345 365 1207 1208 1671 362 1432 415 1224 866 1387 745 93 189 521 523 700 1024 1281 1577 
1322: 1570 315 758 218 1699 1009 641 1270 224 1477 1552 763 765 990 1159 1242 1244 712 1170 1176 1187 1658 711 
1393: 1570 1185 445 1038 1186 
1468: 1570 1184 1624 396 165 1010 1186 
1549: 1570 1124 589 1184 1238 734 188 193 370 1681 1008 780 792 1347 1431 1436 1009 1063 299 366 1649 1270 258 1796 260 363 413 126 82 365 1225 793 794 764 508 1284 1324 1388 1566 1014 1463 488 990 287 1692 1242 737 1361 396 1185 354 476 1558 38 1435 1113 1707 1186 327 1712 1348 91 481 484 1542 33 1137 566 1658 59 83 93 94 289 397 683 703 720 1105 1187 1301 1518 1795 1817 1565 
1687: 1570 383 562 1206 404 1032 1046 790 1671 1692 1407 1787 1045 273 667 1868 290 606 1686 1460 553 1312 1523 172 411 1205 1635 1584 444 1572 245 529 1230 1298 1365 
1696: 1570 383 1184 1206 1758 188 402 88 31 702 1315 1787 105 1613 1466 667 669 785 1077 1616 397 1522 1658 1502 842 
1728: 1570 996 734 43 227 1235 1294 1408 1705 637 1242 555 1401 91 203 1410 725 629 1550 339 796 
1759: 1570 958 1758 402 1304 366 893 1784 1324 1084 693 123 336 759 197 1708 642 940 1502 566 935 464 
1784: 1570 921 1184 1206 409 288 734 188 258 508 723 993 926 667 1186 1686 1185 287 1579 446 1646 397 396 1187 1759 161 1310 
1786: 1570 
1578: 1570 781 1538 503 1324 763 1727 57 1323 252 711 726 966 1577 1834 
1646: 1570 758 641 58 260 122 273 503 1671 1784 1787 396 364 846 152 1658 1417 
1648: 1570 1293 1758 1349 431 516 554 1431 961 633 1270 1705 707 736 105 1361 1496 364 1441 555 927 1308 679 1142 1579 172 1401 1296 
1692: 1124 1104 1184 1206 1758 1355 288 734 599 1294 1538 1320 366 258 58 249 771 1587 1850 1687 1345 6 60 122 690 1225 1228 793 794 764 1414 1429 433 973 485 504 508 1203 1282 1324 932 1566 993 1014 1123 105 790 1439 762 1419 927 16 33 115 123 145 247 322 393 394 403 414 443 445 586 613 618 631 643 667 669 698 704 854 898 906 935 963 992 1027 1045 1052 1078 1099 1178 1185 1220 1242 1257 1274 1323 1337 1396 1398 1428 1441 1450 1451 1466 1478 1483 1494 1528 1534 1549 1563 1613 1616 1627 1686 1689 1721 1744 1756 1810 
961: 1124 589 758 996 1293 1311 1624 624 925 288 734 137 158 191 554 1210 1213 780 1843 1874 1541 764 1477 1270 508 260 923 503 433 993 1398 499 1010 11 78 82 83 91 190 224 241 242 293 354 364 378 394 397 472 553 637 689 759 785 877 884 897 910 911 919 1170 1186 1698 1230 1241 1249 1762 1521 1791 1609 1317 1331 1844 1357 1873 1378 1383 984 1515 1012 1016 1535 1563 1095 1103 1615 1648 
1559: 1124 1758 1624 408 409 925 288 191 599 675 1874 1541 897 249 1249 1869 1532 1225 433 485 503 1017 763 1242 213 12 524 195 247 281 397 570 759 855 856 928 1170 1384 1474 1597 
300: 1124 738 409 755 1270 18 273 1414 1840 1502 149 1707 1719 756 1599 1123 1613 
1673: 1124 1672 589 921 1049 1355 789 1063 366 1649 18 508 328 330 637 1472 1824 267 67 667 590 1548 1045 1658 186 489 553 626 680 686 944 1209 1371 1507 1631 1642 
1548: 1124 1672 589 921 1184 1758 1082 218 1008 1009 1063 363 18 98 130 244 328 330 637 290 1472 1205 287 1824 879 1048 866 1451 549 697 1851 1175 906 176 1045 322 566 1673 106 237 303 510 553 607 647 680 935 979 1026 1129 1351 1371 1446 1489 
26: 1124 624 408 288 734 598 429 512 269 1800 1706 560 754 1363 574 
236: 1124 593 98 244 1407 504 240 105 879 898 45 706 834 1415 667 1779 502 1425 1283 1847 1360 
521: 1124 781 783 1206 409 734 1082 722 1843 260 1074 1705 98 691 1207 1208 1532 794 433 503 569 508 1073 1313 1324 1384 1054 1566 1010 1070 524 667 1440 1170 886 1515 1361 1518 618 1344 1563 948 172 1401 1677 1018 1004 257 483 507 1805 1846 523 949 1024 1067 1742 941 1380 947 775 883 1668 776 
634: 1124 1311 1758 1624 409 925 288 431 516 1210 1408 1009 691 52 1284 1439 1438 637 123 1170 1558 1754 1067 1851 1485 
743: 1124 738 1758 503 736 546 280 1025 
801: 1124 1384 396 45 356 1704 
817: 1124 1311 1624 409 925 288 516 1408 1009 273 691 52 1284 1439 1438 637 1397 123 1170 1558 1754 1067 1851 1485 
868: 1124 1624 1164 58 1236 122 153 259 1384 1454 637 1054 289 1430 1053 
954: 1124 552 1349 1681 862 946 1480 1028 1032 299 249 1236 1481 139 1679 1203 1783 804 1384 884 1337 678 1130 602 377 96 578 1112 1499 
1103: 1124 1311 734 516 1541 951 961 1028 897 1241 633 260 1249 1869 660 1804 433 503 504 1678 884 1477 736 287 1715 1242 1261 706 1607 919 882 1383 1012 415 648 279 989 266 1328 883 1223 1072 1674 
1726: 1124 1758 409 218 554 722 730 1008 1009 366 1270 260 1225 793 1461 1783 1282 1170 1619 1478 239 1618 1300 
1732: 1124 1311 1624 409 925 288 516 554 1008 1408 1431 1009 1532 536 52 1439 1321 879 1284 1438 637 123 1170 693 1558 1727 80 101 436 533 534 1067 1485 1618 1637 1697 1851 1754 
1733: 1124 1311 1624 409 925 288 516 1408 1009 691 52 1439 1284 1438 637 123 1170 1558 1754 1067 1485 1851 
1734: 1124 1311 1624 409 925 288 516 1408 1009 52 1284 1439 1438 637 123 1170 1558 242 1067 1485 1851 1754 
1735: 1124 1311 1624 409 925 288 516 1408 1009 52 1439 1284 1438 637 123 1170 1558 1067 1485 1851 1754 
1736: 1124 1311 1624 409 925 288 516 1408 1009 691 52 1284 1439 1438 637 123 1170 1558 1067 1485 1851 1754 
1737: 1124 1311 1624 409 925 288 516 1408 1009 52 1439 1284 1438 637 123 1170 1558 1067 1485 1851 1754 
1738: 1124 1311 1624 409 925 288 516 1408 1009 691 52 1284 1439 1438 637 123 1170 1558 1067 1485 1851 1754 
1739: 1124 1311 1624 409 925 288 516 1408 1009 52 1284 1439 1438 637 123 1170 1558 1067 1485 1851 1754 
1740: 1124 1311 1624 409 925 288 516 1408 1009 52 1439 1284 1438 637 123 1170 1558 1067 1485 1851 1754 
1742: 1124 710 1206 1293 1311 469 1456 363 1207 521 523 1545 354 479 1435 356 246 651 1004 1067 1455 586 1137 1761 1056 285 1779 1288 415 561 896 1024 524 1279 441 939 1059 
1783: 1124 1758 409 734 722 1675 433 1439 1137 123 1368 1525 67 172 602 954 976 1707 1726 
1798: 1124 433 1490 1750 1518 
1335: 1124 1184 1311 1624 408 409 925 288 193 218 469 516 554 1231 1008 1852 1408 1009 429 1270 1796 260 413 273 691 1532 1439 1284 503 1438 52 1787 336 637 123 1170 1558 27 80 124 327 335 364 436 438 487 533 534 536 568 611 707 725 746 757 910 915 986 1053 1067 1185 1287 1300 1485 1637 1807 1851 1856 1727 1754 1383 
1846: 1124 589 1758 734 722 1843 366 771 1074 1207 1208 1073 521 523 1787 1438 745 787 1067 919 172 1137 99 298 1024 
1408: 1124 624 734 43 227 232 554 1699 1235 1294 1335 1592 1657 1470 1550 1728 339 725 634 817 1230 1738 1732 1733 1734 1735 1736 1737 1739 1740 
1693: 1124 1758 734 191 366 258 1429 433 485 1671 1324 993 1242 898 414 1450 1051 790 1451 1419 667 525 935 1323 1099 145 586 854 1052 1178 1483 1555 1614 
1525: 1124 1164 1213 641 1270 58 1470 503 1783 1058 1787 1478 364 145 1618 1383 1131 1129 689 1420 531 1660 
1592: 1124 1311 1624 409 925 288 516 554 1408 1009 1270 691 52 1439 1284 1438 33 637 123 1170 1558 101 124 436 707 1067 1247 1306 1309 1383 1485 1851 1754 
1128: 1124 1213 1009 1657 1063 366 260 287 1450 1051 1216 1572 364 1435 1451 756 246 1045 1573 1631 1571 1052 
923: 1672 758 807 1104 1758 1684 404 734 1082 218 670 1699 1304 1874 961 1009 299 1270 739 1484 574 1345 1374 1675 790 764 7 763 6 1284 1419 65 98 105 185 203 226 345 358 379 414 426 433 484 485 503 514 578 586 591 653 693 795 843 1090 1376 1817 1242 1566 1501 1574 1323 1324 1706 948 1460 1085 1091 1746 1218 1361 1686 1225 1131 1513 1089 1787 1158 
1063: 1672 368 383 589 758 921 1049 1293 1624 1355 116 288 734 1082 193 218 1210 789 1304 1874 1241 1657 1152 957 1270 508 260 1671 229 503 1456 1407 366 504 795 926 1070 128 1554 1787 15 176 1045 18 19 41 45 83 91 98 106 123 134 141 143 145 169 172 244 252 273 285 287 289 290 330 345 358 360 364 374 379 392 401 464 483 485 486 500 531 553 556 561 566 573 574 581 618 626 636 637 638 667 680 692 693 759 814 818 835 846 864 889 920 935 938 942 943 944 948 956 962 1023 1026 1048 1051 1052 1673 1690 1189 1507 1209 1246 1248 1521 1790 1824 1319 1323 1324 1446 1331 1851 1344 1351 1402 1864 1865 1535 1368 1281 1409 1205 1546 1429 1549 1451 1467 1128 1460 1474 1510 1543 1548 1556 1567 1658 1095 1664 1631 1129 1137 1655 1332 1587 
1324: 1672 368 589 731 1206 1872 409 552 734 191 370 516 577 599 1304 1009 1063 366 258 58 1121 1453 606 923 122 346 1675 1225 793 1429 485 1066 19 143 240 259 281 1679 723 927 1692 1566 631 1463 1438 926 1070 1272 128 16 42 68 83 161 169 252 374 476 521 529 532 566 618 695 752 811 813 851 877 890 904 924 948 989 1013 1014 1059 1112 1119 1145 1171 1177 1205 1220 1239 1248 1323 1693 1708 1759 1766 1793 1799 1824 1326 1331 1871 1344 1361 1364 1387 1478 1505 1506 1508 1520 1535 1549 1556 1578 1597 1613 1635 1637 1644 
1248: 1672 315 589 593 1624 162 1063 1270 109 1345 98 19 259 1324 529 1472 1205 287 1450 1051 1546 1451 480 1707 1108 486 603 566 439 629 718 1020 1052 1635 1722 
455: 1672 589 162 109 122 19 1787 706 123 759 415 298 928 
1802: 1672 158 452 469 333 371 418 1584 1208 1086 442 1031 1827 396 97 774 134 878 1498 135 187 752 1451 539 1668 937 1348 667 669 149 182 446 1149 280 772 974 1007 1661 73 1000 629 718 843 659 636 685 740 1156 1264 1573 443 703 1314 40 90 136 189 438 820 1411 1555 
1720: 1672 1872 1044 523 387 1476 621 631 767 1473 47 620 1036 1395 1504 
1632: 1672 589 1758 1284 1232 128 1242 879 396 414 1751 445 1186 1189 667 253 815 176 54 369 395 412 
930: 1672 1311 734 599 1270 1675 1613 846 1542 1502 415 234 514 1362 92 412 
267: 1672 589 1049 1165 789 1874 1538 1086 1228 1501 345 693 185 1546 1718 790 1045 336 234 834 1673 864 1406 1088 1129 1371 1866 581 257 331 1039 920 944 1719 726 617 1023 1409 1357 
529: 1672 315 541 1183 1699 1032 1687 485 1066 1324 957 336 1502 667 830 693 1248 567 935 1323 1205 809 944 1400 1629 
587: 1672 589 1869 637 556 1179 114 566 
680: 1672 589 921 1355 1063 366 333 771 330 637 1714 1690 287 1051 1441 481 1179 405 1548 1351 1045 1409 1673 553 566 1272 935 1328 176 319 1765 1129 1631 1382 1364 581 
686: 1672 921 1355 330 637 287 1051 246 393 1673 1631 1022 
767: 1672 1758 328 330 649 445 656 1720 592 626 351 715 1389 1412 
944: 1672 589 921 1355 1063 1702 485 328 330 1339 637 529 1332 1824 1185 1621 1095 846 267 1851 234 1023 784 1409 1673 566 1721 1371 962 814 581 464 1188 
1168: 1672 589 1355 734 964 429 1869 1345 1225 1089 1092 328 330 637 1472 1440 1088 566 1371 553 1631 1507 1027 818 
1209: 1672 589 1210 789 1063 1045 1673 581 
1328: 1672 125 368 1206 193 370 1210 722 730 780 366 346 1532 449 1044 473 637 1331 1332 1476 128 825 1451 1103 415 629 553 566 1025 1473 1524 680 890 
1467: 1672 589 1032 1063 1743 172 440 1045 818 553 566 
1507: 1672 589 1874 1063 366 126 504 753 637 765 1824 480 1168 1673 237 566 
1538: 1672 589 1624 624 408 409 925 288 191 452 1164 1213 847 1477 508 1671 503 1692 433 1532 1045 273 637 415 667 1689 1844 1170 919 1515 556 525 472 691 1659 1578 1697 772 1430 1067 391 1712 267 570 664 1808 1806 1750 1813 
1642: 1672 1638 589 1241 366 109 363 1587 485 330 287 1088 1673 626 1521 
1714: 1672 315 383 589 958 1104 1624 925 675 1874 352 1617 1513 503 611 330 1224 176 1045 1658 1515 935 345 1474 1145 975 680 360 367 665 1023 1556 
950: 1638 1869 18 1501 762 480 234 71 809 1039 1595 
31: 1638 589 710 409 246 1451 1595 1136 210 1616 980 1368 1696 1386 250 
55: 1638 409 722 535 574 1086 1613 287 1105 1382 
843: 1638 1350 1028 923 676 1497 1433 1545 534 1841 765 105 556 1689 1822 123 480 849 1466 889 772 453 1802 726 1019 
1504: 1638 738 1580 1872 249 739 606 1044 1583 387 1787 1476 621 520 1762 1387 150 1473 620 1720 652 189 
1576: 125 1758 734 1008 1350 1009 1609 299 3 1477 990 1613 172 759 1215 
1757: 125 408 734 755 260 1617 606 3 1840 144 145 287 382 485 508 511 765 879 1158 1230 
243: 125 368 1206 1872 450 722 1154 366 363 1236 3 98 229 365 973 362 916 1029 1833 290 1286 105 1114 892 585 106 1851 1616 502 
81: 125 1758 624 734 957 1671 1433 366 52 18 789 676 689 1841 707 89 866 614 1000 126 1413 
250: 125 1075 1184 409 925 188 1304 1609 691 764 31 762 763 1170 1613 1469 1837 1746 1185 765 
1044: 125 368 589 738 758 1206 1758 1624 408 409 925 734 162 193 370 450 1210 722 730 780 1843 366 739 771 1172 32 196 244 273 346 691 1532 1225 1228 449 503 1840 1671 1001 1438 1473 637 415 123 1170 237 1332 1107 520 1476 47 150 387 397 443 501 620 621 622 825 981 1378 1187 1384 1328 1331 1720 1851 1496 1750 1504 1142 
765: 125 593 1184 1311 1624 475 288 1082 137 469 792 1347 1431 1009 1530 1102 1270 58 260 1120 1225 1757 793 764 485 511 1066 1089 250 259 272 1284 1808 1433 1566 1014 763 165 1840 990 762 1242 616 336 1111 491 1137 667 1689 830 760 1844 834 911 912 913 1246 1515 1595 1185 1361 36 53 70 99 142 144 145 190 302 327 338 397 425 427 480 481 486 507 596 602 614 617 720 1166 1003 1243 1244 1322 843 876 1507 1053 1087 1610 1109 1138 1158 
679: 125 734 1530 1609 258 1705 122 764 485 1747 884 382 990 866 37 555 1648 1401 292 
240: 125 589 758 1684 409 734 1164 1165 1231 792 1347 211 1617 835 98 1675 1702 764 895 508 1647 207 879 763 1433 1242 1398 1010 616 1282 1324 1502 566 637 830 733 759 834 1402 911 912 432 463 532 95 1122 120 123 1690 1038 1186 502 1415 45 78 80 87 169 178 236 1169 744 825 1339 1724 1865 977 479 480 1029 
1545: 125 368 589 738 1206 1758 1872 409 61 188 370 450 1210 722 1843 847 1874 1102 366 159 352 196 691 1125 449 52 833 1384 1454 290 94 534 600 678 843 1742 
1254: 125 589 1104 1226 1553 98 379 1208 213 853 230 1762 980 1691 
1265: 125 1131 
266: 125 1869 273 1671 833 1261 706 1103 415 1072 
786: 125 624 
1823: 125 996 1081 1127 1758 363 1824 830 1348 374 644 1595 401 470 1229 1489 1508 1547 1596 
871: 125 1456 1270 260 764 1089 763 287 1185 1045 1615 
883: 125 368 1311 734 792 1431 633 126 433 1461 1297 884 521 533 1145 364 1668 1300 881 882 1383 1103 597 1301 517 725 1223 1201 179 337 1674 1803 1296 1299 1065 1464 1391 1264 
1565: 125 1311 1758 218 227 1008 1294 1009 956 224 1133 707 1490 105 1242 879 598 364 948 1170 1344 1549 618 1518 703 483 
1618: 125 734 554 1213 1008 792 1347 1431 1009 1609 633 1657 1456 1270 260 1553 126 273 1671 1732 1726 892 277 364 1515 1348 1525 728 
609: 125 758 363 365 830 415 184 1590 
1150: 125 589 409 821 757 94 131 201 316 975 
1439: 163 368 1184 1206 1311 734 61 1699 722 780 1843 1350 1657 1154 366 211 363 1236 1554 835 3 229 273 321 365 795 1335 1407 1671 19 207 281 362 1679 1592 1732 1733 1735 1737 1740 1783 1282 1739 1390 885 1433 1734 1736 1738 1833 817 634 637 8 1501 105 1692 1242 396 1185 355 790 123 246 293 336 393 437 445 557 602 651 697 745 759 787 830 977 1004 1038 1067 1108 1186 1189 1380 1455 1669 
1284: 163 758 409 734 218 227 516 1008 780 1294 862 1009 1657 299 258 260 1869 923 3 1675 791 1335 1414 1470 485 1066 569 508 1133 407 1592 1732 1733 1735 1737 1740 723 790 1477 990 72 78 106 149 164 216 242 277 280 287 327 439 482 486 507 525 634 671 707 736 761 765 817 833 891 892 993 1014 1071 1137 1230 1727 1734 1736 1738 1739 1287 1826 1833 1851 1868 1440 1523 1540 1542 1549 1579 1632 
9: 163 593 409 122 1532 1010 724 64 
524: 163 589 1624 1872 1207 504 1559 723 1433 521 523 1123 1159 825 1707 1448 1067 1488 208 23 279 12 1358 980 1742 1493 625 
1817: 163 218 1431 1009 260 923 60 508 1463 1557 1383 1549 1579 83 73 1442 
1613: 163 758 1872 288 734 188 670 1699 1843 847 1241 1269 58 260 352 447 739 1554 835 122 273 379 791 793 485 503 1066 1671 19 55 250 300 407 1746 761 1324 1433 932 637 1552 1413 1159 1692 790 1054 1576 598 815 1432 1045 1534 830 760 164 1779 1007 23 263 427 643 659 756 848 930 976 1002 1039 1099 1227 1300 1323 1378 1379 1772 1696 1822 1655 
298: 163 781 1872 162 370 670 1874 1372 1480 1154 413 447 1532 1416 916 1315 1413 476 600 1078 642 444 1846 968 377 164 455 1262 226 1021 1375 1527 715 1536 
1595: 163 162 109 249 363 365 379 19 31 362 723 765 846 1686 811 1362 53 950 279 501 1823 909 1036 189 953 
1353: 163 734 897 1796 544 433 757 1261 1376 598 1326 984 987 1854 
976: 163 383 589 710 1104 734 162 789 1208 764 503 508 1679 723 1783 763 1332 1613 1727 1466 887 1314 1785 
736: 163 1184 925 734 1082 218 1681 670 1008 780 792 1347 862 1541 1431 1009 1530 299 1553 1532 1284 1388 1477 990 1398 1787 1348 1761 1344 948 1695 1648 1785 546 1103 743 1025 
859: 163 1580 162 1009 1331 1824 644 1387 1021 999 
1785: 163 162 516 1843 946 951 1480 1086 736 1821 976 271 1000 1437 711 138 
15: 315 1063 246 336 1161 1045 167 1832 376 319 176 603 304 
176: 315 589 921 1624 1063 1567 1228 19 1714 1690 1095 358 1169 374 667 1548 1632 1045 1636 1832 210 640 1020 1510 935 376 680 1790 319 1644 399 1521 15 304 603 254 
376: 315 1624 128 476 1079 959 374 1106 482 262 1510 15 176 319 654 1622 1343 709 1788 1644 
166: 315 1564 1522 
210: 315 589 921 1758 1355 366 1418 485 31 328 330 637 776 480 959 472 1045 1670 176 319 553 842 505 
302: 315 1758 1624 1487 764 765 1844 882 865 1030 1682 1126 1230 1640 682 1369 
399: 315 128 1095 176 
1556: 315 1206 1624 1872 1241 1063 1554 485 1324 1714 1054 1045 1534 566 832 935 1631 1474 811 581 1555 
928: 315 589 1624 162 1213 109 606 1228 1559 1218 1144 1824 712 358 1779 1670 455 1474 200 21 935 1756 1036 361 434 1625 
1567: 315 1184 404 1063 176 319 566 637 134 606 1185 1371 691 1643 1746 1351 169 761 1339 1405 1409 
681: 315 433 685 319 
319: 315 589 1624 1082 1320 1567 691 1228 1690 1185 476 1564 1214 1045 482 210 566 640 969 935 681 705 376 680 1790 15 176 304 1040 581 
959: 315 1624 691 476 1564 165 376 603 210 374 85 
1342: 315 1830 1343 1765 615 1857 
1343: 315 1082 366 830 1214 1030 376 1830 1765 1342 615 
1351: 315 589 758 921 1184 734 103 162 188 537 792 1874 1063 366 109 260 1567 835 1460 500 503 504 637 1787 287 1824 1438 1450 943 1051 712 693 851 134 336 1419 74 1548 83 876 1301 906 1070 1045 566 1402 1129 237 553 800 1631 626 222 303 581 657 680 814 1023 1278 1865 1446 1510 1489 1864 1521 1505 
1107: 315 921 1684 61 193 450 554 1164 1165 780 1304 847 1874 1554 98 321 346 676 1532 449 1044 19 391 753 1873 1552 387 603 667 111 718 827 971 1635 1795 
1622: 315 1320 691 374 376 
1501: 315 996 1311 925 599 366 1190 923 508 1439 879 1868 950 1371 553 1216 1085 1822 380 531 1052 267 1039 1255 
1636: 315 1671 825 644 1023 176 
360: 315 495 921 1063 1554 754 330 637 1714 1599 1166 493 1045 784 1070 631 1474 566 1272 1877 1371 
1510: 315 1758 1063 134 1037 1351 1191 566 685 1020 176 376 603 
1095: 315 383 589 921 1598 961 1063 794 637 1123 414 176 834 1406 966 1491 399 920 944 1722 
1645: 315 1758 611 128 1126 815 1139 
603: 315 1267 1451 959 1107 1248 1832 685 1510 15 176 1246 
1521: 315 1206 1624 1355 577 961 1241 1063 485 330 1824 1185 134 1351 1052 566 1642 1489 176 
374: 315 593 958 1758 1624 552 722 755 1063 317 363 1345 691 1225 795 764 1671 281 1324 833 885 570 763 1331 1827 712 355 693 1010 336 959 176 376 1161 567 54 654 1424 1823 561 1622 642 1077 
685: 315 781 783 921 1758 363 637 1051 1564 566 603 935 1802 782 704 1510 681 1356 
1840: 368 593 1872 552 734 188 193 218 370 450 1213 722 780 1843 1009 299 739 3 340 1757 764 1044 52 300 916 763 765 329 387 1242 913 101 1216 790 63 325 327 480 493 667 669 701 729 762 948 1179 1321 1844 
8: 368 1872 541 1349 193 370 450 675 1213 1350 641 1345 196 321 1532 795 433 449 503 504 508 52 875 1439 213 1438 329 857 373 
1213: 368 758 1872 624 541 552 734 1349 188 232 370 450 1164 1675 165 1840 299 1270 258 927 993 1225 1242 366 8 52 16 115 124 126 144 145 149 287 327 329 330 364 373 413 485 667 725 759 811 834 835 857 875 911 928 948 961 1003 1007 1008 1088 1128 1158 1186 1201 1678 1294 1345 1686 1244 1249 1264 1272 1787 1269 1843 1344 1350 1862 1361 1874 1383 1415 1453 1464 1490 1518 1525 1532 1538 1550 1615 1618 1619 1634 
94: 368 589 1758 1210 722 366 1649 535 676 1545 637 1150 1361 879 1440 756 635 1549 1474 1305 969 1364 222 
1187: 368 1758 734 103 1843 1241 299 366 273 433 1044 1671 1784 932 1552 924 993 867 1014 1361 1451 123 172 1549 1088 1605 1550 1579 394 618 93 1322 
689: 368 1075 1495 81 847 1541 961 897 1671 143 1450 866 38 436 1300 172 1137 1525 183 223 324 386 395 798 1590 1310 899 
1211: 368 1758 624 366 718 
1272: 368 996 1758 1082 218 1213 366 363 1324 1552 1298 1599 1451 635 667 770 669 1658 631 1323 10 750 360 680 1601 
1276: 368 589 758 116 956 366 1649 504 759 1224 1087 827 1364 
1877: 368 921 191 1699 1207 1208 1086 660 503 1073 1205 890 360 
889: 368 758 1206 1311 1758 552 734 599 1008 789 1350 1514 1609 1063 366 1270 260 60 224 1470 500 503 1282 534 924 1787 1332 1242 1398 583 762 948 336 393 759 1344 949 1312 1326 83 484 631 974 1658 1288 426 843 1296 1803 1805 992 1665 1289 
1401: 368 996 1311 734 1082 554 722 1008 1843 1009 1047 366 1270 413 1705 485 875 707 521 1689 1306 643 480 1515 1820 555 1648 629 679 1728 746 91 796 203 718 1166 1400 1410 
502: 368 589 593 722 1843 1154 366 229 1407 973 504 240 1029 1833 1331 105 1114 879 1438 97 616 243 34 356 1466 651 1669 78 1851 99 236 1001 1045 1341 1616 106 1173 1258 510 1537 522 
1546: 368 589 1075 1758 1154 1063 366 1339 637 556 957 185 1045 1406 1248 1371 1643 1000 453 267 331 1392 
533: 368 996 1624 409 925 1028 98 1208 660 1335 1429 536 503 1732 723 1384 1535 1170 172 892 194 534 883 
1658: 368 589 758 1104 1206 1311 1758 552 734 599 1609 1063 366 418 1190 1869 1554 18 122 1429 433 1460 1470 485 500 1808 1390 924 1463 1205 1714 1242 1185 451 583 756 760 1010 336 393 1549 1659 1646 1322 1274 889 426 1045 631 1272 566 1673 200 470 935 1685 1696 
1607: 368 1311 734 366 1225 86 165 968 1103 1405 
1126: 368 781 1075 1758 722 1843 366 363 381 126 229 244 365 764 1407 504 1089 362 1477 105 733 302 1087 1001 1129 1616 510 106 785 838 903 1645 
643: 368 758 1598 1082 554 599 722 1008 1843 1009 366 58 1705 60 122 130 1225 503 1746 1384 990 1692 1268 1613 134 247 926 1170 1515 785 787 803 704 848 745 1401 1158 
648: 368 1624 469 1210 366 503 29 290 993 1103 289 111 1080 890 
407: 383 1104 1624 409 925 162 789 249 273 503 1671 1284 1242 17 234 396 1051 1440 1613 1827 556 1844 1384 627 761 644 
1218: 383 409 1514 299 1269 923 1706 1256 272 281 17 441 853 928 1781 1257 
1690: 383 1758 1624 925 734 162 1154 1063 109 503 508 19 240 637 1552 1473 176 1045 319 712 234 759 123 67 78 581 653 680 935 1474 1597 1824 
1605: 383 858 1624 1236 1345 98 340 467 485 503 19 259 637 1232 269 1450 1051 1451 821 78 596 1187 1397 234 1052 23 415 1473 138 625 
1779: 383 734 1082 162 1210 363 365 691 503 504 19 362 637 867 1242 1438 943 1613 556 693 616 358 336 1004 1851 236 561 704 928 1685 1742 
1304: 383 589 807 1267 1758 1624 1580 1872 624 162 1210 1671 923 503 631 771 1532 1154 1063 1324 637 759 123 19 109 130 250 259 316 317 340 379 531 606 850 866 940 1048 1056 1067 1107 1232 1808 1759 1515 1539 
886: 383 589 1311 734 1082 103 162 450 802 544 1554 60 503 504 1066 19 259 521 637 1552 1242 1244 621 185 480 67 1137 202 1555 1574 966 1007 887 
887: 383 1184 1082 162 402 1699 1554 60 660 503 19 637 1552 924 1242 1824 621 185 1844 667 976 202 1793 886 1007 1574 
584: 383 691 1818 19 1535 1820 1772 1473 1352 263 1639 
23: 383 363 122 365 362 1613 524 1605 
24: 383 363 365 433 68 
106: 383 1681 1063 258 1705 574 244 794 504 1089 1746 1284 105 45 97 712 1440 1216 243 1515 549 393 697 1004 78 190 1126 683 785 1851 99 502 1001 1548 1129 1026 1616 945 510 93 411 542 810 1258 127 
345: 383 1267 1684 288 61 946 1063 219 1046 606 923 563 281 387 1714 1413 762 1022 1045 336 830 1007 1136 233 42 935 172 185 202 267 1400 825 1474 581 1478 1865 1870 696 1722 1004 1392 697 841 1667 
558: 383 925 1154 637 1438 172 
1348: 383 734 218 554 1008 792 1347 862 1431 1009 1032 238 317 1553 126 1513 340 754 1133 1671 52 723 637 736 1242 737 1361 101 185 1435 756 436 327 555 1157 27 292 411 618 1288 1344 1802 1549 1823 1485 1618 1659 
1599: 383 925 1082 363 771 1532 300 1282 1272 1534 866 93 360 522 1003 1214 
867: 383 475 1152 58 771 1190 365 503 1197 1384 1438 1787 1779 263 301 354 715 752 1187 1448 1199 1205 1611 1412 
1283: 383 789 244 504 1286 879 45 356 236 1630 
1409: 383 1063 1567 433 500 763 693 267 1045 818 935 1474 680 944 814 900 
1855: 495 783 1758 193 1210 459 457 
1365: 562 1687 1686 629 205 
1753: 562 
475: 589 710 1206 1 409 19 29 46 206 258 290 362 363 365 366 382 1552 916 924 1315 1841 964 1224 1490 993 867 1014 763 764 765 1286 
598: 589 1267 1311 552 734 1082 26 43 51 218 1235 1008 1294 847 1009 1032 1270 1796 260 413 3 60 1706 717 485 508 1133 898 396 1613 1376 63 172 197 316 336 364 375 436 555 912 1170 667 1565 1186 1212 1090 1353 1230 1743 1383 1130 914 1010 644 
57: 589 6 485 123 445 759 1578 629 279 705 1030 711 1420 966 
569: 589 408 1228 1748 433 1284 1438 10 521 1750 
128: 589 921 1758 288 103 1063 691 1671 1324 1232 10 399 294 1323 1328 1844 704 460 338 1451 729 476 1632 358 873 1645 376 1659 1788 1030 
208: 589 1752 429 122 508 46 354 63 172 1462 12 524 120 150 180 195 1319 939 1352 1378 1776 
365: 589 758 408 409 475 847 1345 98 229 244 273 957 1439 879 243 763 1086 1407 1225 794 1001 504 795 1438 793 16 23 24 54 99 105 123 234 252 354 1676 759 1313 1549 1445 425 1579 818 1595 1851 1868 1596 1239 867 1126 1779 382 1375 609 
1402: 589 1063 771 18 754 240 1463 1515 1351 415 566 826 
432: 589 771 18 754 240 1029 1463 879 45 1515 486 826 
34: 589 1758 109 1554 310 606 98 1671 1054 97 1398 1670 502 
54: 589 366 365 1232 414 1643 445 1038 374 1632 1181 
65: 589 731 1758 1372 366 923 379 1225 433 1460 1470 511 508 1647 290 287 144 1131 1708 239 1053 1574 
68: 589 780 1746 1324 1463 556 1820 1745 394 24 989 69 
82: 589 996 1104 1758 408 103 370 789 1843 961 58 1554 1345 508 229 795 815 113 793 1762 1432 637 234 1549 1361 691 480 396 1551 1563 486 1092 1233 772 241 1523 1274 384 1790 388 225 
90: 589 1802 1411 
134: 589 1624 1598 162 1165 1063 366 109 771 1587 1567 835 18 98 795 1460 500 105 287 693 1045 566 1765 733 1129 123 119 1802 505 935 553 1834 1446 567 581 1351 1631 1380 1510 1521 643 1543 
154: 589 1624 409 730 1228 433 153 520 1198 150 1384 1826 147 1623 419 1767 842 
202: 589 1649 1481 990 345 591 1136 1137 886 887 1007 1849 1606 209 1041 
239: 589 1311 1872 575 363 418 1726 290 808 762 480 486 234 65 1053 1790 818 284 
251: 589 734 789 381 1249 717 259 757 1242 491 1000 1854 
252: 589 1063 363 365 1324 1451 1772 1578 1052 1600 
270: 589 273 1671 1029 486 949 
289: 589 921 1758 1355 1063 1270 1796 260 574 379 290 287 1185 868 948 1549 83 648 1631 1790 276 803 818 
326: 589 409 363 660 279 1087 825 454 
340: 589 807 921 1238 1624 408 409 925 288 232 469 1304 1656 58 363 771 1345 1840 503 433 467 1787 637 1670 1605 358 556 866 1348 1089 194 337 1563 1056 545 805 549 1067 1454 896 850 1497 992 354 1125 1255 1004 884 1024 386 1539 
362: 589 758 409 475 1345 98 229 244 1086 793 794 795 1407 504 1439 243 1001 1438 637 234 759 123 1779 1595 105 23 99 1039 1313 1445 425 1579 818 1851 1596 1126 382 
655: 589 1104 1758 248 1236 761 480 1515 336 486 896 441 939 
1169: 589 710 1758 734 58 485 508 240 1232 1450 1054 1398 1451 176 1088 1670 189 1052 1362 1794 
1680: 589 1758 712 
664: 589 1538 691 1477 486 699 1141 1721 1486 
943: 589 921 288 1063 1702 330 1339 637 1824 566 1779 1371 846 1351 703 638 1300 
1176: 589 218 1008 1009 299 1456 1796 273 379 1706 1086 485 1671 1552 879 392 1048 101 436 327 347 1170 1534 483 1322 1591 
1848: 589 996 1311 1758 734 248 599 1270 378 379 611 1051 1185 790 380 935 915 
1205: 589 1075 1311 1624 925 1210 1063 1481 1554 1687 1345 98 691 660 485 508 143 281 330 1324 1029 1833 867 529 1045 1397 1548 1658 1248 1451 1186 567 99 669 1851 172 1166 157 439 476 645 744 880 890 940 1059 1877 1626 1635 1539 
702: 589 1758 409 1495 764 433 1497 763 1161 1696 147 
1261: 589 996 1311 288 734 469 1541 1028 897 366 1249 1869 884 1477 1787 990 415 712 866 1000 465 266 1353 242 1103 1488 
1246: 589 1063 19 637 765 520 591 603 189 810 
748: 589 575 
1769: 589 1104 1624 722 929 1851 1776 96 1395 945 
1790: 589 921 1355 1063 771 82 330 637 290 287 1268 1824 600 1003 808 486 289 239 553 567 176 319 920 1788 1789 
1523: 589 1624 925 771 1687 82 1284 354 1067 
1865: 589 921 1063 211 333 240 1282 637 824 345 481 1659 1616 1351 522 566 864 
1299: 589 1082 780 633 956 258 691 1461 1297 1242 1268 1010 1668 1300 881 882 1383 1579 1301 484 517 716 1223 883 465 1655 1296 179 
592: 589 789 387 1476 621 767 1473 47 945 610 
808: 589 1758 1350 1407 290 600 957 830 980 705 1528 239 70 169 531 818 1637 1691 1790 1668 
814: 589 1355 1063 321 637 1185 336 1351 818 1409 1371 726 962 864 638 944 
1339: 589 409 925 288 1009 1567 240 470 1564 1546 944 943 
838: 589 1758 244 635 1126 1023 
1368: 589 1063 771 273 1671 31 207 1783 637 1010 437 667 285 1522 313 1670 522 489 1483 1694 1464 1539 
1404: 589 317 333 1423 1208 433 473 1616 934 1181 
899: 589 691 1787 689 
1411: 589 1311 789 835 1822 1340 1099 320 1802 645 672 90 
638: 589 921 1355 1063 606 330 637 943 846 190 811 813 566 1371 1446 112 814 1181 581 1392 
1446: 589 921 1184 1355 1082 1063 273 328 330 637 1824 1185 134 667 669 1548 1351 1023 1534 566 1371 1631 334 962 638 1489 
1337: 589 662 738 1758 288 1349 158 450 730 1008 1350 641 1796 447 1850 196 321 433 449 52 929 604 1692 1170 1579 199 201 327 954 1856 
1450: 589 710 731 1206 1624 1355 288 552 162 193 599 1032 1609 366 1270 260 1554 835 229 1532 1407 504 1671 259 723 753 932 924 1315 1787 1331 1332 1692 396 667 759 1088 1669 1248 237 1605 358 1451 866 1051 689 770 1169 600 1851 200 1465 197 888 1351 78 151 380 493 644 687 718 818 969 1048 1128 1300 1364 1693 1847 1793 1644 
1458: 589 1075 366 691 1089 246 1813 927 1052 561 880 
962: 589 921 1184 1355 1063 330 637 1824 1438 1185 172 818 940 1543 1534 935 1446 814 944 1489 
979: 589 1184 1758 660 290 1185 1548 96 1789 1160 
1007: 589 1267 1872 734 1082 162 1213 1874 1554 1208 1256 503 19 259 1317 523 1552 345 1613 621 123 667 202 1793 886 887 1802 
1562: 589 1495 1824 486 111 441 
1527: 589 1456 98 1826 1157 1360 525 1072 626 79 298 
1024: 589 1758 722 1843 1074 273 340 1207 1208 1073 1313 1384 521 523 1677 354 1707 246 1004 1067 1616 257 1846 775 1742 
1030: 589 1624 1154 128 302 57 482 1040 1343 
1048: 589 288 734 193 1304 1063 366 258 485 723 753 1242 1824 396 1450 1534 667 1548 1170 237 1451 1051 1186 1708 397 403 1176 1052 1151 
1080: 589 662 469 730 691 467 207 993 105 354 342 279 848 648 
1610: 589 1758 722 765 1515 816 1465 1371 388 975 
590: 589 758 807 734 1082 1270 258 260 771 1423 1513 1225 508 139 1014 990 1242 1244 892 1478 926 486 1243 1673 1363 1050 1828 1512 
605: 589 734 1407 846 1122 1083 
1129: 589 921 1355 1874 1063 18 98 328 330 637 1472 134 616 267 549 1643 557 78 481 1088 1126 1525 1548 106 1351 453 237 566 865 1371 680 510 864 
1144: 589 1184 409 1082 691 660 143 1477 1054 165 830 1341 928 1185 438 1145 
636: 589 1184 1758 1063 447 18 273 330 637 1185 393 667 1088 669 1659 1001 1023 818 1406 525 566 39 1802 1631 
762: 593 1758 734 137 1009 1047 1270 260 3 18 764 442 1529 1073 250 1433 875 763 765 287 1692 345 913 1185 1689 1840 1130 53 71 73 142 144 239 313 336 344 364 375 425 480 601 614 1043 1844 1166 889 796 1591 912 1586 950 830 834 1137 1515 1131 1619 1761 1815 1383 1396 
575: 593 738 1206 624 1598 162 299 7 216 190 239 290 748 1843 637 1053 915 1574 
46: 593 475 288 1032 1345 98 795 1407 504 1133 1433 879 208 356 1286 1137 358 105 1842 770 
67: 593 1009 771 1705 1076 764 328 330 1783 637 290 763 1690 1051 1398 846 557 1820 667 1673 1088 886 567 510 443 1851 785 403 661 401 1709 827 1465 626 
71: 593 260 1407 911 913 762 480 1515 336 197 70 190 486 1344 618 912 950 1586 1327 425 72 1620 1132 888 
200: 593 921 1758 1495 1450 1451 830 198 1658 64 928 175 1053 386 1611 1571 
257: 593 552 734 847 1609 1456 366 1270 1074 1207 1208 1225 754 793 500 508 1073 143 281 521 523 637 1677 479 616 776 267 393 1067 471 1024 775 
394: 593 1210 961 366 793 485 637 1692 1438 1187 1708 68 1794 
431: 593 624 554 764 763 717 634 932 327 1820 1028 1648 670 
651: 593 1758 98 504 1439 502 1742 
1444: 593 1758 409 1029 121 1750 1789 
932: 593 1311 409 137 188 218 431 1008 1431 1009 1032 956 1796 58 260 122 433 885 1477 990 1692 1242 637 667 712 532 123 1451 1558 1613 1051 1186 393 327 396 441 665 728 1268 1052 1187 1450 948 1366 1118 1244 
1483: 593 363 1692 1242 1438 1216 1693 1010 1038 1368 
720: 593 1009 641 1270 1796 1120 60 717 765 479 1558 1540 1549 725 335 903 
1269: 593 116 1082 675 1213 730 792 1347 1431 1032 641 1456 366 764 990 1270 260 1242 484 1345 1532 1137 1218 1613 485 1820 534 272 1535 115 578 841 1561 1281 
1665: 593 1311 734 238 1787 1312 1807 889 1288 1805 974 1289 1803 
1380: 593 211 791 504 110 1282 521 523 990 879 414 355 134 1439 356 1312 522 896 1582 
818: 593 921 1184 1487 1355 1082 193 730 1063 363 365 379 795 330 362 761 637 763 1824 1450 1051 1185 808 846 1451 759 830 1087 1088 289 1168 1045 239 636 279 553 1631 626 1052 1467 962 814 1409 
1395: 593 1061 1818 1422 1720 1769 773 999 
766: 593 599 98 791 1089 957 216 1010 1462 1179 1367 1596 
666: 662 556 1326 351 810 
1202: 662 1387 
1215: 710 227 402 922 299 3 1477 990 866 1576 182 265 400 614 
1263: 710 1869 1762 11 
269: 710 1624 288 734 26 402 1210 366 317 1345 98 1228 1256 503 1137 1605 78 411 1826 1064 1193 1577 980 1474 1108 1634 
66: 710 1125 504 723 1361 1533 
187: 710 516 554 1699 1008 1294 792 1347 862 1431 1009 1028 1032 413 1705 1553 1706 1086 433 1388 1242 479 957 1743 882 347 1802 557 948 555 1826 937 881 1300 1148 1789 
209: 710 1267 734 402 512 1249 1804 1460 485 508 1203 1282 1433 1247 355 591 246 1087 202 1056 1616 629 1198 108 195 1430 1812 665 936 1721 1725 968 777 
285: 710 734 1495 188 248 402 1063 1270 260 1225 793 1566 1014 1332 287 1242 1558 1166 304 463 1368 1631 1742 
535: 710 404 722 1235 1874 1514 55 94 1677 1447 742 
1056: 710 807 1758 402 1304 317 340 1125 467 86 259 1808 990 591 1826 850 316 209 386 798 805 1742 
1110: 710 1164 994 149 861 1474 
742: 710 1241 535 449 1066 1280 
1323: 731 1206 577 599 1063 258 923 793 1429 259 281 723 1324 924 1014 529 1331 128 1692 1824 1361 1438 1613 1145 752 1693 1344 1708 42 877 83 811 1793 1597 1578 631 1272 161 904 1059 1112 1171 1177 1364 1635 1644 
443: 738 739 1172 1044 387 1692 621 67 981 850 501 1142 47 620 1802 622 
981: 738 1032 299 739 1172 1345 98 433 1044 387 621 539 1634 47 443 501 620 622 1142 1767 
150: 738 1758 1872 61 1044 153 154 916 387 1476 621 520 208 419 1387 1473 147 1623 1504 842 1767 
419: 738 739 508 153 154 520 1708 1387 1142 150 1666 147 1623 842 1767 
501: 738 1210 739 1172 793 1497 1044 387 1268 621 520 849 1826 981 1122 1595 47 443 620 622 458 842 1142 
620: 738 739 1172 503 1044 387 1476 621 1634 981 99 501 1142 1473 47 443 1720 622 1504 
622: 738 739 1172 1044 387 621 1750 981 501 1142 47 620 443 
1454: 738 807 1872 409 103 1009 1102 363 1850 340 467 1497 1473 652 1545 868 523 805 850 992 
1142: 738 1758 739 1172 574 1044 387 1476 621 1648 981 419 501 47 443 620 622 
1274: 738 1758 552 1082 599 429 260 317 82 1429 1460 500 503 893 1787 1692 1130 1686 948 1344 713 1658 397 192 741 
1762: 751 158 1210 1350 1541 961 897 1154 260 1249 1869 82 536 499 1092 19 885 1003 1012 526 661 11 1263 111 205 842 1020 1254 1504 
116: 758 1311 1 1063 552 1320 299 429 1699 306 1456 1082 956 238 366 1649 1269 1270 1656 1276 258 1796 1418 
1598: 758 1758 1 97 134 158 247 575 630 643 835 878 1095 1498 1503 1746 
1086: 758 1293 408 1082 469 512 722 1843 1154 1270 58 260 363 126 606 6 122 229 244 365 1706 1208 957 165 1433 503 19 55 74 161 187 267 323 362 441 504 579 637 660 669 741 744 774 793 794 795 860 865 878 898 926 1001 1004 1158 1802 1186 1827 1176 1806 1785 1092 1407 1861 1227 1398 1091 1877 1813 1498 1225 1405 1280 1157 1455 1535 
1647: 758 408 409 188 512 429 1456 58 1345 6 49 122 690 1225 754 791 795 1460 511 1031 957 1054 65 111 192 240 436 677 896 940 1004 1463 
10: 758 1758 1082 1154 1256 467 1511 1529 569 128 926 1070 631 1191 1022 1060 815 1473 750 113 1272 
926: 758 1293 1082 218 1431 1147 1063 299 238 258 1796 260 352 1086 1225 793 1784 1324 1014 911 712 851 643 165 177 1451 948 10 33 74 91 226 322 590 618 914 1579 949 963 1111 1744 1119 1259 
113: 758 1104 1758 370 1843 352 1705 82 804 637 10 465 538 1465 
11: 758 1206 158 1164 1541 961 897 363 1249 1554 793 929 1661 1762 1263 
63: 758 299 366 258 211 791 764 207 1282 1477 763 990 911 97 355 1689 790 165 1840 598 1542 208 356 1844 912 1099 80 1179 1851 1761 
224: 758 408 218 1210 1008 961 1028 299 1649 1270 258 1796 260 219 1566 484 499 330 1558 1429 327 889 618 83 91 101 1296 1565 1322 436 703 335 721 1535 
238: 758 1311 116 730 780 792 1347 847 1431 1514 956 260 503 433 1242 52 875 926 1348 1361 629 1288 126 1805 1300 949 352 1003 364 632 1665 1289 523 
247: 758 1598 370 1699 1609 1559 1384 875 1692 866 165 643 
459: 758 1778 366 418 1705 503 1671 29 384 693 234 1070 119 1101 860 1855 1635 
460: 758 1104 1082 19 1384 128 1398 1543 727 1789 1709 
595: 758 
601: 758 835 122 485 330 723 1084 396 1051 762 123 834 1515 1415 759 667 1635 718 
635: 758 1758 1154 98 485 1529 19 86 712 1398 165 756 760 246 631 1272 1432 78 94 100 474 908 910 1062 838 1611 1396 646 
713: 758 552 577 126 508 637 990 712 851 1466 78 618 927 1432 1616 1851 744 1274 1173 
1165: 758 1624 624 409 925 232 469 1164 1102 260 1532 897 792 18 134 240 267 352 358 522 670 693 754 789 802 804 915 980 1003 1085 1107 1166 1678 1805 1617 1347 1480 1609 1231 1755 1515 1484 
1700: 758 1355 227 1514 413 229 207 723 965 1247 777 629 69 1021 1812 1725 
1712: 758 921 1758 554 1538 739 153 1224 1268 1549 832 1382 628 831 
1725: 758 1355 227 1514 413 485 207 591 759 937 209 629 936 1700 1296 1812 
1220: 758 1324 1692 784 
1344: 758 1184 1311 552 734 599 1213 792 1347 862 1431 633 1063 1270 1796 260 1553 379 764 433 508 1324 521 1566 290 1552 1490 736 1242 1824 1361 1185 1558 1130 1451 1707 327 1348 91 144 1723 484 1323 1579 889 71 618 83 335 703 1158 1274 1296 1565 
1230: 758 1408 961 1047 1241 299 1270 1687 1757 485 1284 1824 911 598 302 1131 631 234 629 1405 
1518: 758 1758 1213 1032 366 1554 50 521 1566 364 948 327 172 91 144 1549 618 1565 703 1798 
1796: 758 116 1082 51 218 554 1231 1008 1843 1431 1009 299 956 1270 58 598 990 1130 260 229 1566 1225 1242 795 926 793 273 1157 667 234 1844 1170 606 219 1706 1335 1549 1361 1014 1490 60 83 91 101 224 289 327 436 468 483 618 698 720 721 932 947 948 949 1176 1337 1344 1353 1707 1829 
1805: 758 1311 734 1164 1165 789 1431 897 238 260 1484 310 433 521 763 556 364 849 1466 1312 1761 1807 889 1288 974 1023 1259 1289 1665 1803 
1806: 758 734 193 1538 1456 211 498 1086 1225 467 723 1727 1243 982 1428 1597 401 1257 
1300: 758 552 734 516 554 1008 792 1347 1009 1032 1047 633 238 413 1705 1869 1225 1335 1429 433 508 1297 1726 1388 637 993 1242 1361 1450 943 1613 187 1435 882 689 746 555 465 883 1655 1296 881 1299 517 
1812: 758 1624 1355 227 1514 371 413 418 1584 207 965 287 591 706 428 204 209 629 561 936 1700 1021 1471 1725 1181 
1828: 758 162 1609 590 
1847: 758 1758 1082 162 599 381 771 1869 379 508 1390 290 1450 759 1214 144 667 1744 236 1334 1534 1469 1631 395 
884: 758 1311 409 734 1541 961 1028 897 633 1270 260 1249 1869 340 660 433 467 1873 882 64 415 919 679 1498 1383 706 883 1426 1072 1715 954 1223 1103 1261 
897: 758 996 1311 624 925 1164 1165 792 1347 1541 961 1477 1270 508 122 1869 11 1249 1762 242 249 259 415 507 511 633 689 707 855 856 884 1805 1811 1559 1353 1609 1484 1103 1232 1000 1384 1261 1146 1279 
903: 758 1758 1268 1126 1419 720 1161 1432 324 1683 960 
1415: 758 158 452 1213 1372 1423 1046 574 835 379 485 86 240 1384 488 105 1727 1750 1498 790 358 756 760 834 1534 42 73 236 334 403 453 465 601 614 687 1149 1875 
1435: 758 1624 552 734 722 1294 1874 1431 1436 1530 260 60 1675 1225 717 793 503 1747 1384 1014 1787 1185 712 479 1321 631 1451 1348 1549 1628 375 596 772 1128 1259 1300 1326 1742 1761 
974: 758 1311 734 1008 18 1208 433 503 534 948 1312 889 1288 1805 453 947 1802 1167 1803 1665 1289 
982: 758 764 1851 1806 
1644: 758 1624 272 1324 1450 1051 1451 1052 1323 376 176 254 709 985 1640 
1520: 758 1324 1463 1078 415 309 
1522: 758 734 1282 1472 712 851 393 1368 1696 489 166 
1555: 758 1872 1693 1556 729 886 1802 571 
1593: 758 452 50 451 1727 1718 677 35 832 170 1314 296 
1615: 758 1238 1758 1333 734 218 1699 1213 1008 789 1874 1436 961 1009 1456 1270 317 98 660 1532 717 1125 508 875 105 287 1715 693 866 871 1813 1118 279 1697 515 1163 1838 
482: 781 783 1758 1624 1082 232 273 691 1066 19 1284 1159 1478 480 486 614 1488 1090 1670 376 319 1695 682 1721 1217 1132 1030 1287 
784: 781 1487 691 763 944 360 1220 
1820: 783 996 1293 431 516 554 1008 1047 1269 1705 1388 1535 1268 1306 123 584 68 1363 935 725 67 91 203 555 1401 1410 1488 1837 
728: 783 1624 734 317 346 932 1361 1618 172 1137 
1858: 783 1487 1345 691 1788 1789 
467: 807 1238 1758 1624 408 288 340 1256 1125 503 631 10 287 1806 1056 805 1826 1193 1067 1708 1332 1080 1605 588 850 1497 992 884 1563 1787 1454 
1256: 807 1624 408 409 925 288 734 1210 1609 260 1345 98 660 503 10 467 85 99 185 234 265 269 583 637 693 756 785 866 1004 1007 1034 1064 1170 1218 1396 1384 1808 1634 
491: 807 1127 734 1009 1076 1125 281 765 396 853 38 1067 667 16 251 939 
1090: 807 1238 1758 137 1210 1345 923 911 185 598 480 172 70 481 316 1586 482 1064 93 1505 
441: 807 1293 248 1086 1218 932 111 655 1742 1562 
805: 807 1758 103 516 1345 340 660 449 467 1497 1454 693 850 1056 99 234 426 1387 279 1198 1105 992 
1808: 807 1758 1624 409 925 552 370 1304 1843 1538 346 691 1256 500 830 1658 1170 765 699 480 1851 486 1056 1077 1713 212 1373 
1826: 807 734 554 1210 1008 1009 299 771 1345 98 1532 467 154 1284 1388 1833 1224 990 269 1440 187 1563 671 1707 1432 1137 501 816 1527 1056 168 1077 
850: 807 1049 1758 1355 1210 1304 1431 1241 340 467 1497 1454 1321 821 443 588 1056 805 148 798 1445 992 
1091: 807 1210 923 1086 316 1586 
1497: 807 1184 1624 408 409 925 288 340 1407 467 503 1534 1170 556 1616 501 1851 1466 805 1454 843 1145 1067 702 850 775 992 
992: 807 191 193 381 340 467 1497 1454 637 1692 1361 851 1186 850 212 889 1704 805 1426 798 1524 975 
880: 807 1075 691 637 373 1205 1458 148 1626 1517 
1695: 823 1104 402 1843 736 1108 882 91 618 482 975 189 
1221: 858 1758 98 1173 519 
906: 921 1355 6 1470 637 287 1692 1548 1351 1489 1569 1631 
1765: 921 1355 18 485 637 290 287 1824 134 1045 1191 566 1830 1371 680 1343 1342 
164: 921 1778 1082 402 273 19 1284 637 290 1613 1362 1780 819 298 
115: 921 599 1213 1456 956 366 1269 1270 260 1705 1477 1692 354 364 756 948 338 618 
607: 921 1548 
640: 921 1758 1706 176 319 581 
726: 921 1355 366 1824 267 1088 1578 843 814 
1357: 921 1758 961 1029 637 267 1813 1489 
938: 921 1624 408 409 288 469 1063 229 794 764 508 637 667 1670 328 1067 479 
1489: 921 1081 1355 330 637 1824 1051 358 1466 644 1548 1351 1023 906 525 1357 1823 1371 962 1446 1521 1508 
1021: 921 1082 162 232 1294 229 328 637 859 1062 629 1112 1700 298 1812 
1543: 921 599 722 1063 366 273 1225 1671 330 637 1824 134 667 1137 669 460 1631 962 
1253: 958 771 229 1407 504 1216 1669 770 1851 
1301: 996 734 188 1681 1699 1843 1009 633 366 1705 126 1804 433 485 1297 364 1668 830 37 881 882 1383 1549 1579 342 597 673 484 1534 1181 179 489 517 883 1223 1299 1464 1351 
91: 996 552 734 1681 1372 961 1063 1270 1796 260 1705 708 224 1532 1225 793 764 259 1490 993 763 1242 1361 898 1185 948 926 1820 555 1401 484 1549 1728 1518 785 618 1344 659 796 1695 203 
203: 996 1047 1705 606 923 1706 764 875 637 757 1331 1820 555 1401 91 566 1371 1728 626 813 1410 
205: 996 1311 1463 1762 1536 1365 
454: 996 326 320 
555: 996 552 734 516 554 1699 1008 792 1347 1009 1032 1047 1270 413 1705 244 485 875 1388 1306 187 598 1300 1820 882 1348 629 679 1728 91 796 203 386 718 881 1648 1400 1401 1410 
700: 996 1311 288 734 730 574 1282 1313 1477 1566 637 329 1308 1851 737 1488 
737: 996 1311 288 734 188 1372 1009 1282 1384 1388 1477 637 387 700 1308 1348 1549 1488 1280 
796: 996 1047 1705 485 503 1306 762 555 1401 91 1410 1728 1400 
1085: 996 469 1164 1165 670 1231 789 802 1480 1102 352 923 86 1678 804 1501 1003 1558 
1488: 996 1311 734 1869 835 321 508 1477 1787 990 700 737 1261 1844 1004 1820 524 482 263 
1125: 996 1624 408 340 1532 503 467 491 1170 281 866 1185 1545 723 397 1384 66 146 483 948 1056 1067 1615 1251 
1463: 1049 541 137 211 49 764 1407 895 1647 1671 143 207 1282 1324 206 763 7 1398 216 25 68 69 70 205 356 432 463 481 488 514 579 616 667 826 830 911 912 1039 1070 1402 1438 1440 1586 1549 1520 1817 1658 1534 
206: 1049 1758 475 734 18 508 1282 879 1463 1432 105 411 924 696 1466 892 1177 810 
894: 1049 1009 1203 1440 890 
60: 1061 1758 408 137 516 1008 1777 1431 1009 1032 1270 1796 260 1046 1321 598 1692 433 484 1398 795 793 886 887 717 350 723 274 643 1435 1817 1697 1326 327 720 1247 1383 746 1131 364 1396 889 898 757 
325: 1061 1009 258 122 1840 
527: 1061 1210 1566 1361 396 756 760 1186 1815 
1089: 1075 408 552 218 1028 366 1270 260 923 98 229 244 340 1225 791 1407 763 667 1689 105 1186 765 45 945 510 1087 76 106 145 396 578 586 697 766 836 871 975 1168 1458 1466 1746 1126 
1123: 1075 925 577 58 310 379 300 753 1561 1583 1692 216 524 1192 336 733 760 1406 47 119 185 583 756 873 1095 1362 
1378: 1075 780 1843 961 211 771 1044 1282 105 1613 585 480 1099 1761 208 1430 1141 984 
787: 1075 1311 137 771 1249 643 1439 437 1179 522 1846 
401: 1081 552 452 1063 1345 1824 846 1451 123 759 67 644 1806 1823 
470: 1081 1339 637 1824 644 93 1658 1670 169 1823 1371 1508 
1229: 1081 1238 143 1824 644 1823 588 
1508: 1081 363 1324 1824 1451 644 1823 1489 470 
644: 1081 1184 1372 418 1066 407 1824 1450 1051 1185 598 1451 567 401 827 470 1823 1229 859 1052 1636 971 1489 610 1508 1139 1547 
1547: 1081 1824 1451 644 1823 
980: 1104 1624 1580 1495 1165 675 1098 1228 793 1804 31 523 534 290 269 808 1136 1528 246 1462 699 915 344 524 1254 156 1167 1654 
1550: 1104 43 227 1213 1235 1294 1408 249 413 1532 485 753 290 1187 725 1728 800 339 
45: 1104 1684 255 1063 1705 98 229 244 795 1407 504 1089 240 1833 290 105 879 1689 432 1515 1616 97 945 1842 1462 510 1087 99 1634 106 236 1776 1153 1283 801 
70: 1104 366 764 763 765 1463 911 808 480 1515 1466 197 912 1327 1090 71 72 1620 486 618 1772 
180: 1104 1431 182 612 1163 208 1614 703 181 
231: 1104 188 1609 641 1384 1010 1170 1178 
320: 1104 1270 260 1411 454 
708: 1104 404 552 1231 1874 879 1532 1010 1511 330 1394 99 618 91 659 1306 
991: 1104 1120 1584 1242 1361 392 
1816: 1104 1758 1387 975 
1199: 1104 835 867 759 567 
1792: 1104 288 549 1635 704 1020 262 
1465: 1104 1311 1758 793 1787 1242 396 1450 1051 1451 358 830 1186 1170 67 456 667 1243 699 1052 113 1610 
1722: 1104 1268 345 1095 246 1248 1290 
1697: 1104 1206 1487 734 1294 1538 1657 60 1532 508 1732 1282 1787 287 1185 1441 948 618 446 1615 677 169 403 550 1257 1803 1721 
1730: 1104 
1490: 1104 1206 475 137 1213 1431 1032 1796 50 611 1282 1566 637 484 864 1451 91 144 327 618 703 948 1344 1565 1798 
1377: 1104 404 122 1361 975 
1694: 1104 1206 437 1067 274 1368 896 1060 548 
1767: 1104 153 154 520 981 419 1387 150 465 147 842 1623 
1835: 1104 637 476 600 653 1474 1006 
1626: 1104 691 1205 1004 566 1464 880 1517 939 970 
1250: 1104 246 
1654: 1104 162 1241 1705 98 1470 384 723 591 975 1573 980 
520: 1127 1872 1333 730 1241 641 739 1044 153 154 384 916 387 1331 556 600 649 957 1473 750 830 1246 1441 28 42 96 147 150 419 480 501 531 1443 806 842 1389 735 1504 1767 1387 1623 1666 
840: 1127 1542 279 100 
1749: 1127 1580 1345 1583 486 652 119 351 1811 
6: 1184 408 193 512 1641 429 1456 366 771 1120 1121 1701 923 3 508 1419 1207 1780 1433 229 503 927 1692 1566 433 437 57 1086 1407 993 1225 973 1106 1743 1242 794 484 1751 1001 1398 1005 1647 882 499 631 504 377 906 
1419: 1184 734 359 722 58 923 6 98 503 1384 1433 1787 1692 392 1185 712 1563 1693 1186 172 1012 744 797 876 903 1077 1351 1369 1432 1704 1708 1473 
927: 1184 1082 137 1213 1350 1609 633 366 1270 260 1869 606 6 52 1324 1787 990 1692 1185 1572 1648 1383 713 96 286 484 1526 1573 1458 
484: 1184 1311 734 633 1269 1270 1120 1121 1869 1503 923 6 60 224 433 503 508 1490 941 1185 1398 948 172 91 1344 1383 1549 618 927 1301 124 1299 889 703 725 517 1201 1119 
131: 1184 1758 552 964 191 504 1150 757 1698 1824 1185 613 
144: 1184 1311 552 734 158 1213 633 1456 1270 58 260 1869 229 273 1757 764 1407 433 485 511 508 1671 1490 763 765 1185 762 364 380 149 667 1518 65 152 669 440 1847 1344 579 1223 337 
219: 1184 404 734 218 1009 1270 258 1796 216 733 25 1170 101 130 272 436 327 1362 345 224 891 1403 
322: 1184 734 366 258 260 321 1460 19 1014 1692 1242 1361 1185 1451 1686 393 926 1708 1868 1548 16 199 1052 1505 
375: 1184 1758 1009 299 764 763 1242 1185 598 762 1435 1181 
453: 1184 1874 1076 835 1513 503 384 570 1185 693 185 1546 1415 514 849 336 830 172 667 669 1397 974 741 1129 1474 843 942 1035 
675: 1184 1624 624 408 409 925 288 1349 232 450 503 8 52 196 641 913 1559 804 1714 1231 1232 980 1874 1503 1269 1532 
699: 1184 1206 734 1236 1532 485 1808 1787 1185 146 600 664 980 41 44 331 462 1465 1866 1560 
809: 1184 1076 1833 529 846 123 759 190 1397 811 813 950 464 953 
877: 1184 552 1082 1008 961 1009 1032 633 1270 1120 1121 511 272 1324 757 1130 364 393 1743 667 1137 1314 1323 1579 471 
949: 1184 232 238 1796 521 1561 1566 1824 177 948 926 327 889 618 703 270 947 
963: 1184 1431 764 503 1566 990 1692 1185 926 1744 
1119: 1184 1082 30 232 1245 1008 1270 1324 1799 1361 1185 1572 926 1212 286 484 1571 1573 
1706: 1184 408 409 734 1082 26 43 51 137 512 1008 1431 1009 299 366 1270 1796 260 1046 923 1054 598 1086 1242 1432 1218 514 1170 105 74 101 135 152 187 203 327 350 448 483 485 640 696 988 1052 1158 1176 1185 1189 1197 1243 1244 1366 1388 1803 1717 
1214: 1184 1624 1487 552 734 1082 137 554 1008 1294 1009 1270 260 1225 717 290 1014 990 1599 1185 177 1321 1060 1191 319 705 486 112 338 457 1050 1430 1847 1343 1756 
1244: 1184 1311 288 137 1213 1047 1270 258 1706 764 508 932 765 1242 886 1363 1186 1185 1361 396 497 590 1322 
1315: 1184 475 1833 667 1451 1051 1696 1185 669 1450 298 1052 
1376: 1184 366 923 957 598 1353 
1413: 1184 1624 925 81 599 366 660 1542 1438 1502 1451 1613 1185 345 354 298 
1513: 1184 404 452 923 849 514 105 1348 1498 626 1208 534 453 570 590 1714 
1573: 1184 552 722 1843 1032 1345 503 52 1185 1186 914 927 1579 1793 1128 1119 1802 513 581 1654 
1606: 1184 1185 866 1186 202 1635 85 136 
183: 1206 1758 534 866 689 
514: 1206 1758 452 1032 418 923 1513 18 1706 660 259 1746 534 1463 105 1438 1054 556 185 1822 930 1099 849 1542 274 453 489 687 
775: 1206 1758 1074 676 1207 1208 1497 1073 1384 1535 521 523 637 693 776 172 257 1474 626 896 334 1464 1024 
940: 1206 1304 771 1407 1647 281 763 1205 712 1398 123 1515 1088 182 1542 216 1793 1045 659 283 1635 1141 1759 962 
1047: 1206 624 734 162 722 1008 1009 764 762 433 1225 794 793 1137 913 1657 1705 1579 485 1820 796 555 203 1401 1244 413 1300 1306 1230 
1763: 1206 1758 162 232 1154 109 273 503 1671 19 637 105 165 263 
1314: 1206 660 1727 1718 1822 976 877 677 35 1802 832 170 1593 296 
1870: 1206 1235 1008 1009 1270 1705 1477 345 1727 1369 
1659: 1206 1008 1431 1009 1538 299 211 49 1225 207 1282 761 128 356 1348 1012 636 1658 124 1430 1865 
1440: 1238 1758 1355 255 366 1270 260 413 18 98 273 973 1671 330 350 407 1284 885 1433 521 523 1463 105 879 1438 560 1054 97 1137 667 759 94 106 123 393 395 445 446 550 669 894 969 1038 1168 1179 1189 1364 1826 1631 
532: 1238 58 260 18 240 1324 932 364 1186 1166 212 
785: 1238 722 961 333 98 229 1256 1407 611 330 384 990 105 97 476 643 697 172 67 91 770 1126 1616 1696 99 106 1370 
357: 1238 172 
657: 1238 1226 660 259 637 1476 1351 1473 
1427: 1238 485 977 1539 1271 
1743: 1267 1293 43 218 554 1235 1008 1347 1431 1009 1032 6 1532 1388 1477 1535 898 1751 1478 187 1321 598 347 877 1308 1467 1579 
1308: 1267 1311 734 1082 1008 1009 1032 1869 310 18 764 503 19 637 763 700 737 1498 364 706 1004 37 1743 1648 566 968 
286: 1267 1270 260 364 927 1119 
717: 1293 1311 408 734 1082 43 218 431 512 670 1235 1008 1347 1541 1436 1009 1530 1102 58 333 60 122 598 929 673 251 1435 1461 1214 1485 720 721 1615 1557 987 876 
127: 1293 1514 98 105 1361 97 1118 106 525 
111: 1293 1758 1495 126 122 1647 290 678 866 1004 1107 1542 1762 648 896 441 1562 169 
1405: 1293 1349 1152 1567 676 1086 1470 761 387 1564 849 1607 1230 
1675: 1311 408 552 734 61 193 1699 1213 1008 1009 1032 299 1270 1656 260 923 3 18 229 38 110 240 364 382 433 503 507 508 706 733 761 763 764 846 930 973 990 1054 1096 1136 1284 1324 1407 1429 1435 1451 1482 1540 1563 1839 1783 1787 
356: 1311 1624 1333 734 188 1231 366 1249 1453 1345 98 229 503 1057 508 110 272 723 1143 46 1286 1463 105 1677 1054 355 245 616 63 12 13 172 195 313 316 1430 1813 801 688 1000 1466 1469 1597 1004 1742 1380 1643 367 1137 502 1776 1659 977 1283 1669 
760: 1311 1758 734 299 1869 18 660 764 485 508 1566 763 765 1123 1613 790 756 525 527 635 744 1800 1585 1591 834 1493 1658 1415 
83: 1311 1758 1082 137 722 1436 961 1009 1063 258 1796 224 1225 793 503 1066 1324 1242 1361 123 948 1557 1344 1549 1312 618 1122 1323 1817 889 1351 1485 861 289 
89: 1311 624 81 957 1671 366 667 1575 86 676 1384 789 1841 1480 946 892 614 907 1000 204 
398: 1311 379 712 380 
435: 1311 1656 1053 284 
471: 1311 552 1082 606 1208 272 877 1579 257 1117 1612 
506: 1311 
517: 1311 734 1699 633 433 1461 1297 1698 364 1668 1300 881 882 1383 1579 597 1301 484 883 1296 1223 179 1299 1464 1400 1264 1201 
687: 1311 1758 660 110 1450 1415 514 1741 
692: 1311 512 1210 1063 58 122 1470 1787 1360 
707: 1311 1624 409 925 734 81 137 232 469 780 1874 897 1657 1270 352 1484 126 1345 1503 98 1225 1335 442 536 499 503 1133 1671 52 1592 1747 1284 1384 790 1130 1566 234 759 1170 290 1515 866 534 1565 1648 1401 
788: 1311 408 1699 1372 1407 846 393 
798: 1311 162 1869 229 1511 1433 850 632 1056 212 689 936 1524 264 1292 992 998 1222 
878: 1311 1758 1598 1086 1429 500 957 1802 
922: 1311 624 925 1215 574 1028 
956: 1311 116 552 1082 1699 1431 1063 429 1270 1225 366 882 1137 1451 1796 238 485 723 932 1797 1364 1649 1565 115 721 1296 1299 1276 
968: 1311 1758 366 508 382 1607 1308 209 280 415 298 
1072: 1311 433 504 884 382 1715 556 706 1103 1005 415 266 1527 1101 
1112: 1311 1758 1324 954 1323 1021 
1223: 1311 734 633 433 1297 884 364 1668 881 882 144 1383 1103 597 1301 517 883 1296 179 1201 1299 1464 1264 
1258: 1311 964 616 502 106 848 896 510 215 1341 1026 1151 
1288: 1311 552 734 792 1347 1431 1514 238 1554 1804 330 523 1824 616 1004 1348 1312 1761 889 974 35 672 703 1674 1803 1805 1742 1665 1289 
1289: 1311 1431 238 260 364 1312 889 1288 1805 974 1665 
1294: 1311 624 552 734 1082 43 188 218 227 232 516 554 1213 1235 1008 1321 598 1130 1009 1284 503 1692 1542 1032 1045 667 287 277 187 339 725 876 1021 1132 1214 1306 1550 1435 1565 1697 1579 1843 1852 1728 1388 1408 
1682: 1311 302 1655 284 62 
1717: 1311 1624 730 1706 52 723 1384 172 1137 
1842: 1311 734 366 46 763 45 1363 525 528 
1363: 1311 26 847 1270 1133 259 1679 924 1242 1244 1361 1820 1243 1012 816 590 724 307 800 1015 1842 
1383: 1311 1684 734 964 1699 1213 1541 961 633 1657 1649 1270 260 317 1120 1617 1705 1553 1345 60 1225 764 1335 433 485 500 503 1092 1592 1297 884 1014 763 879 913 1398 598 762 364 1668 1189 881 882 927 484 1279 1181 1301 568 673 1087 1579 1525 1817 179 204 342 517 597 683 883 910 1103 1201 1223 1264 1296 1299 1464 1400 1391 
1429: 1311 408 409 552 1082 218 512 722 1008 1009 1063 429 1270 58 363 224 229 1675 690 1225 1710 1130 503 1692 1566 52 875 1787 1324 1658 1686 1185 1460 287 259 1323 364 485 500 533 534 876 878 892 893 967 1274 1300 1693 
1430: 1311 1082 722 1028 1538 122 1398 591 356 868 1214 338 1659 209 1378 
1635: 1311 1624 162 1210 1843 1241 1481 1687 98 485 503 143 281 391 723 1324 1029 1833 1205 1792 476 866 1186 1107 1851 1248 601 1396 940 1323 439 459 1474 1539 1771 744 567 1606 647 1059 
1448: 1311 1758 363 273 1671 867 1242 1054 451 524 704 141 
1807: 1311 734 1699 862 1009 793 1335 1804 508 616 364 1563 937 1805 1665 837 1803 
1485: 1311 734 792 1347 1431 1657 1270 717 1335 433 328 1592 1732 1733 1735 1737 1740 1739 1734 1736 1738 817 634 1558 834 1348 83 292 
1312: 1311 552 734 1082 1008 1687 49 791 503 534 277 479 177 507 1380 974 1288 83 411 489 889 1289 1805 1665 
1394: 1311 925 162 1008 1843 708 19 391 1432 445 1078 1876 
5: 1758 
16: 1758 734 1213 792 1431 951 366 771 1869 273 365 1324 1692 336 1137 1542 1766 491 33 1111 1157 1568 322 1352 214 1502 1534 
22: 1758 162 418 606 19 790 525 1441 
61: 1758 1624 624 408 409 288 734 1675 1439 763 508 1671 503 1225 794 882 504 449 1345 196 321 450 1532 363 637 234 1515 1107 660 345 99 780 1545 1699 397 1295 150 536 676 1804 452 346 1384 749 1528 
132: 1758 198 1064 275 
153: 1758 409 730 691 433 520 1387 621 868 150 147 154 1623 1712 419 1767 842 
158: 1758 624 541 1598 11 29 144 913 1838 660 1415 1802 1337 961 497 261 1032 1762 1637 
161: 1758 1349 1086 330 1784 1324 637 1185 1323 
168: 1758 232 544 764 763 1826 1397 
169: 1758 1063 1567 1208 240 1324 1677 476 1564 343 808 1563 1010 745 937 1697 111 470 1683 848 890 
194: 1758 340 533 534 1285 
262: 1758 1345 379 1792 1832 376 983 
265: 1758 734 1699 722 1843 366 1869 1532 1256 508 384 1203 1282 1215 1179 412 
291: 1758 691 1780 1663 1134 1625 
358: 1758 1624 162 1165 1063 109 799 835 923 340 764 973 19 330 637 46 763 1787 128 1450 1051 1689 790 1451 1191 176 566 834 1779 1052 1489 1465 1371 480 486 928 1415 
384: 1758 409 1699 366 418 82 1066 86 1084 1203 1502 1137 520 459 274 785 265 1101 1654 453 806 
386: 1758 1624 670 340 555 614 1056 689 200 
390: 1758 599 1076 433 1384 846 
429: 1758 116 408 409 288 734 26 512 1699 722 1154 299 764 58 879 6 122 1207 503 18 50 208 211 253 1168 1335 1429 1688 485 1698 870 1710 691 1460 956 1234 511 1345 1219 1647 967 712 973 1232 723 1114 1275 1120 1252 1873 753 1529 1772 1456 756 1274 895 1282 
440: 1758 1082 1235 1008 1009 260 756 144 1467 
448: 1758 1706 667 669 
456: 1758 1210 1603 764 1833 1787 712 78 1053 1465 1464 1544 
461: 1758 193 1113 811 
465: 1758 306 1297 1261 866 1415 1300 656 1299 113 1767 
489: 1758 1231 211 1481 110 1100 1268 514 1312 1542 1301 1522 1673 1368 1534 1653 
507: 1758 552 734 599 1541 897 366 1270 211 1249 1705 1869 273 1675 764 508 1671 1282 1284 521 382 765 1787 892 1051 712 667 1312 1464 483 
530: 1758 763 525 
565: 1758 
576: 1758 404 1689 
631: 1758 1082 577 1304 1241 258 1587 1554 6 98 467 485 500 503 1529 19 330 1324 1787 1692 396 560 712 146 1398 1435 1451 480 246 1004 635 1230 889 1432 1658 1396 10 96 100 147 360 1323 1720 1611 1768 1272 
688: 1758 1102 1232 356 
698: 1758 218 1796 1384 1692 941 327 377 
733: 1758 734 599 1032 1270 333 371 219 18 273 1675 1225 754 485 1671 240 1477 637 1232 1331 1123 1054 134 1432 172 557 597 1166 1341 1875 1362 1126 1643 1406 1668 
740: 1758 500 1247 937 481 1802 
745: 1758 722 1843 130 86 1313 993 105 643 1439 1137 169 848 803 1846 
746: 1758 1705 60 1335 1470 1477 1787 1398 948 1300 1401 1761 1601 
756: 1758 734 599 1320 429 1453 1705 1587 835 122 660 1256 485 508 52 300 1433 1388 1566 1123 941 396 1613 1751 1478 1727 1216 790 760 834 1406 1658 635 1348 1415 94 115 440 527 744 1319 1071 1128 1078 1591 1099 1360 1493 1113 
776: 1758 1074 1207 1208 1073 521 523 957 210 172 257 775 
839: 1758 667 669 
848: 1758 130 1613 643 745 1670 169 1420 1080 1258 803 
896: 1758 371 835 98 340 1647 373 616 1466 437 1004 1380 1137 1360 111 415 655 775 1694 1721 1742 987 1258 
902: 1758 789 366 58 771 98 122 273 1414 1477 105 1502 
908: 1758 511 757 994 635 
918: 1758 18 1867 
936: 1758 591 212 209 629 798 1812 1725 
951: 1758 1624 624 925 370 780 1843 1456 504 16 18 98 138 1103 1785 1821 
969: 1758 366 281 1450 1051 1440 1621 1451 821 94 1052 237 319 1795 705 1177 1178 1364 
972: 1758 162 
1012: 1758 1872 734 847 961 258 363 1869 1345 676 503 504 508 723 763 556 476 177 172 1419 1762 1432 1363 1659 140 1103 
1025: 1758 516 1210 736 1242 342 546 673 743 800 1328 
1055: 1758 734 
1070: 1758 1063 1554 18 508 1324 521 637 1463 1242 1243 1351 10 360 459 566 
1073: 1758 408 722 1843 1074 1219 98 1207 1208 433 762 849 1433 1627 667 1451 1776 1551 172 1004 521 523 257 316 718 775 776 1024 1067 1698 1846 1877 
1076: 1758 404 370 730 299 58 109 363 491 525 1185 98 67 328 390 453 809 1679 1709 1652 1281 
1108: 1758 269 1439 1248 1695 901 1182 
1111: 1758 1270 606 763 765 1242 1010 926 16 1122 1296 
1135: 1758 469 211 1453 18 379 504 396 380 849 56 1071 525 
1156: 1758 1208 1185 1802 
1157: 1758 789 1270 1796 229 1086 1225 793 794 1407 504 19 86 1185 1348 16 1527 
1173: 1758 713 1851 502 1221 
1182: 1758 825 1108 
1196: 1758 1838 
1237: 1758 825 827 
1262: 1758 298 
1264: 1758 1213 633 364 1668 881 882 1383 597 517 1223 1201 883 1802 1464 1391 
1317: 1758 409 961 379 504 290 1007 866 287 1637 118 117 1316 1318 
1318: 1758 1317 1316 
1346: 1758 405 724 
1359: 1758 185 
1381: 1758 165 1189 1191 
1391: 1758 633 1668 1383 597 883 1264 1464 
1426: 1758 1624 1532 884 1268 830 1406 992 
1428: 1758 734 1008 1009 1032 508 1692 380 849 1137 1806 
1436: 1758 1624 624 734 722 260 1671 503 793 19 83 98 479 717 1435 1557 1615 1549 
1437: 1758 1727 1821 1305 1141 138 1785 
1492: 1758 1699 503 723 1787 1838 
1503: 1758 1624 1684 404 1598 1681 675 1874 606 484 875 1133 707 184 217 999 
1514: 1758 624 670 795 1203 1218 629 1288 238 535 889 1700 127 1812 1725 
1539: 1758 1210 1304 340 1671 1205 1368 1473 531 1635 1427 
1557: 1758 1436 717 165 1579 1817 1442 83 
1560: 1758 1268 323 1161 699 829 1721 
1583: 1758 409 730 789 381 835 229 795 1407 433 504 1671 879 763 149 1123 445 1466 1004 515 1749 1504 
1601: 1758 366 1004 746 1272 
1611: 1758 867 1398 635 631 200 263 430 
1619: 1758 734 554 1213 1008 792 1347 1009 1270 1705 1553 1461 52 1726 763 990 1689 762 1515 1844 
1653: 1758 667 489 
1656: 1758 116 734 1009 1675 1105 340 435 
1669: 1758 1449 299 366 211 260 18 98 1208 791 504 1282 879 1450 1216 1439 1451 356 1067 502 522 770 876 1253 1360 
1674: 1758 1804 881 1103 1288 883 1000 515 1296 
1771: 1758 924 146 1067 531 1635 148 
1871: 1758 1324 637 1399 
1836: 1758 1345 1208 957 246 1004 
1853: 1758 1333 1210 1850 1234 1451 1524 
1856: 1758 188 1008 1009 1032 1335 485 508 875 1337 377 124 
1860: 1758 18 693 1325 1505 
1862: 1758 162 1213 712 279 237 1830 
1844: 1624 552 961 1009 1538 299 1796 18 764 1470 611 272 407 523 763 765 128 879 1689 790 1840 762 1540 63 480 302 327 671 887 1118 1166 1179 1396 1488 1619 1723 
21: 1624 162 109 503 19 866 347 1670 1122 928 
96: 1624 1580 103 188 1843 691 916 520 954 927 1579 1551 631 1387 979 1422 1776 652 1505 1769 1526 1018 1666 
118: 1624 379 1652 1317 101 380 588 1180 
201: 1624 637 1150 1337 1451 1834 175 199 
254: 1624 1644 985 176 1640 
561: 1624 191 1063 273 1671 723 355 693 172 374 1779 1386 567 1474 438 1742 1458 1812 1625 1257 
709: 1624 382 1037 1851 865 376 1644 
953: 1624 1652 1397 809 1595 
985: 1624 1164 723 1045 1644 254 
1138: 1624 765 1620 
1231: 1624 624 404 409 925 232 469 1164 1165 670 675 299 1102 849 875 1473 793 356 1874 1170 556 1609 606 754 1335 29 42 138 148 240 352 489 611 708 802 804 1003 1016 1085 1166 1186 1678 1553 1476 1480 1358 1873 1796 
1255: 1624 402 1649 340 1532 433 1529 1501 957 1770 
1298: 1624 925 771 1687 1272 1067 
1469: 1624 258 126 676 660 503 29 250 356 1847 
1857: 1624 1487 1320 1342 
1789: 1624 1082 1444 1824 187 979 1020 460 1790 654 1858 
1640: 1624 476 302 626 1644 254 
1122: 1684 103 370 366 371 18 691 240 1247 632 83 1111 605 501 21 157 
630: 1684 1598 789 50 614 
1511: 1487 408 708 691 10 798 
120: 1487 1320 211 18 691 207 240 1282 1010 1542 208 1776 952 
1536: 1487 691 1078 298 205 945 28 
1018: 1487 1843 521 488 253 96 652 189 810 735 
108: 1487 591 209 
628: 1487 691 1824 1712 1178 
1204: 1487 361 
1486: 1487 193 1587 485 664 
142: 1580 691 143 765 1472 414 762 480 308 189 268 
608: 1580 126 382 53 
806: 1580 1082 384 290 866 520 1387 100 652 999 
1389: 1580 520 1387 767 1279 
1623: 1580 730 153 154 520 172 1579 419 1387 150 1473 147 1036 842 1767 
1666: 1580 232 98 691 520 1551 419 1387 1776 96 1505 
975: 1479 1349 537 755 159 1226 1377 754 503 1089 1150 373 1714 1787 774 1441 1466 1708 1491 1661 214 1685 1610 1816 1695 1654 1719 992 
184: 1479 1503 609 
167: 1355 637 849 15 1631 
864: 1355 1032 1063 1345 18 379 1034 637 1490 105 846 267 830 172 1037 525 1721 841 1281 865 814 1865 1129 
629: 1355 162 227 1372 1514 238 366 413 229 485 611 1247 591 849 555 1401 1230 1248 209 1728 777 1400 57 35 69 1802 1812 1421 1700 1328 936 1725 711 1365 1021 
563: 1355 404 366 330 345 1822 1069 
732: 1355 
819: 1355 577 164 
1768: 1872 1345 660 146 678 669 631 1358 
439: 1333 1082 485 1284 857 1205 1451 1248 566 1635 855 856 854 
1780: 1778 162 109 363 6 503 19 763 1268 830 164 291 
1247: 1778 288 734 1869 60 207 1592 1010 1279 1689 1122 919 525 1361 629 209 591 665 740 777 1067 1179 1700 
404: 1 126 162 219 310 1423 1377 1046 535 1687 1688 1567 1584 1076 574 576 1345 1219 708 1231 835 606 1374 1120 1503 923 1513 498 563 
30: 624 1245 1119 232 
227: 624 552 43 188 1215 1009 1284 433 52 629 1294 1550 1728 339 1235 725 1812 1565 1338 1700 1725 861 876 1649 1408 
248: 624 1495 415 172 441 285 655 984 1848 
359: 624 1419 503 
537: 624 990 1532 1351 975 
1245: 624 30 43 232 554 1235 1008 1119 
1852: 624 452 516 1294 1009 503 566 637 1335 1371 862 522 381 1815 
931: 624 
1320: 116 370 58 1130 1692 319 273 1502 120 756 84 301 1078 1079 1622 1857 
1418: 116 409 162 1032 281 109 525 210 172 1208 835 282 1764 
1423: 404 310 764 849 830 1415 770 338 590 658 988 1404 
1046: 404 734 1706 754 345 1415 86 60 1118 1687 
1688: 404 409 429 830 1822 1639 
1584: 404 1235 1687 105 1802 1822 991 1812 
574: 404 408 409 288 26 599 922 1063 310 923 1542 1438 637 830 55 79 106 223 289 397 490 1042 1193 1331 700 1257 1374 1142 1118 1415 
1219: 404 288 1699 1032 429 1207 637 626 1073 
1374: 404 333 574 923 830 172 825 
3: 408 734 554 1009 1102 299 1270 258 58 260 1675 790 1054 1439 165 1576 764 177 1840 1215 1321 1477 598 990 1757 7 1130 879 243 762 763 508 6 1284 
14: 408 734 1787 
130: 408 255 1304 219 503 712 1548 866 347 500 643 354 1179 172 745 848 342 803 
378: 408 780 961 1532 611 915 1848 1016 
1702: 408 637 1198 240 185 943 944 
690: 408 734 512 366 273 1692 1647 866 1429 967 
754: 408 26 1165 1231 211 333 771 1705 1046 764 763 1647 207 616 1282 733 834 1402 911 912 432 463 895 189 257 360 479 553 1597 1348 975 987 
1275: 408 512 429 1787 583 
1336: 408 288 433 1340 
870: 408 409 429 
1710: 408 288 512 429 1869 508 64 1429 446 
1414: 408 512 1699 1032 58 1869 122 508 1284 1692 1502 149 300 511 653 846 902 160 1078 1384 1571 1851 
1804: 408 409 61 450 1699 196 321 1477 1671 980 1288 1301 536 209 1000 1103 1674 1807 
1461: 408 288 554 1699 1008 1009 299 1345 717 764 433 1619 948 1535 883 1299 517 1726 
442: 408 512 58 122 762 1451 1802 511 707 1031 
1470: 408 552 734 1699 1408 58 211 381 771 1345 1284 503 906 1279 1282 1787 1844 1658 1515 1186 41 65 152 160 272 427 500 511 583 692 746 889 1360 1405 1654 1571 1525 
973: 408 734 512 429 6 1675 790 243 1692 105 330 358 502 667 846 1851 1440 
536: 408 409 61 450 1699 1270 122 196 321 660 1335 1804 1671 503 1762 1787 1170 1732 707 533 534 833 1384 1535 
499: 408 512 961 58 6 122 224 503 1833 1234 948 707 1762 1031 511 
1017: 408 409 925 288 691 1438 1559 866 1590 
1529: 408 512 429 366 211 1481 762 1242 631 10 480 635 885 893 1255 1332 
1031: 408 512 366 442 499 1647 1802 
1234: 408 288 512 429 1270 499 1515 1478 1853 
893: 408 552 1429 500 503 1529 511 1787 667 1274 1759 
895: 408 512 429 366 18 754 1057 1463 1689 240 1166 1515 
1133: 408 409 288 734 1164 792 1347 1874 1431 1270 258 260 1705 1503 1225 1228 793 433 485 611 790 598 1284 1566 1363 1348 1361 1014 510 46 364 707 1679 1565 
1652: 408 288 1076 281 556 553 846 1004 118 811 117 282 953 1443 1791 
29: 409 475 158 1231 866 1136 233 1524 648 1469 1533 1476 42 459 
86: 409 89 1210 780 789 802 1609 1046 676 1532 1671 52 1157 635 1415 656 1056 551 172 1085 580 327 1607 1863 745 1134 1146 384 
272: 409 188 218 792 1347 1431 1269 211 260 582 219 764 1470 485 207 1130 763 1566 1242 356 1218 1844 1558 765 1579 327 101 436 471 984 877 1644 
350: 409 51 218 60 1706 1440 1756 833 
1819: 409 
1197: 409 162 599 1706 1534 867 403 
1724: 409 240 463 
1764: 409 1418 1208 281 1727 
753: 409 450 599 429 667 237 1824 1451 1107 1051 1550 1123 1450 280 1507 1052 1048 1367 1036 
1297: 409 734 633 433 882 1301 1383 1668 465 883 1655 1296 1223 179 881 1299 517 1300 
1307: 409 273 
804: 409 232 469 1164 1165 670 675 1231 802 1874 1480 1102 352 1678 113 614 1085 954 1655 1003 
852: 409 1869 
1416: 409 637 1088 298 
473: 409 1649 1345 98 660 957 1533 1634 1328 1404 1715 
490: 409 1210 574 830 1382 172 1193 1036 
1034: 409 1345 1256 864 172 1033 1731 
1561: 409 1269 1123 948 659 476 949 
570: 409 370 1235 1538 299 1345 1513 691 433 1559 374 453 
1084: 409 384 7 601 842 1371 1472 1759 
1100: 409 433 1087 489 468 
1143: 409 356 1715 
929: 541 717 11 1769 1337 
978: 541 1009 764 
7: 925 552 1082 575 58 1869 310 923 3 122 1225 764 508 1084 1463 1542 216 
965: 925 1009 122 1532 123 327 1700 1812 
1633: 925 162 109 19 916 637 667 571 573 971 1387 1505 
1159: 925 162 109 363 793 503 52 1242 524 1045 234 693 482 1613 866 1591 1793 1322 
1677: 288 191 1874 1074 535 1207 723 521 523 1787 437 1010 616 356 1432 560 354 93 438 169 257 522 1004 1024 1067 
1698: 288 734 232 370 1699 961 1009 429 1270 1073 1390 1535 1761 131 367 517 
1715: 288 1009 1850 1207 884 473 1143 957 1615 280 1838 1103 1072 
1799: 288 1270 1532 1324 1451 1119 1579 
1366: 288 103 232 1843 366 1706 1407 932 213 
1114: 288 1699 429 229 1407 433 504 511 105 243 502 1851 571 
392: 288 1063 1419 759 123 1176 825 991 971 
913: 288 158 675 1009 1047 1270 18 764 19 763 765 1840 1130 762 1137 1689 830 912 71 313 1166 1723 1383 1131 1515 
560: 288 734 26 789 1843 366 98 105 1677 631 1137 1440 1704 1422 1551 1563 1851 1471 
1608: 288 1382 
97: 255 1598 98 1208 508 990 105 879 45 957 1001 1440 1515 34 502 63 1802 785 411 542 810 697 1216 1118 99 106 1004 127 510 
74: 552 1082 258 1706 1086 793 1130 926 1351 
145: 552 1213 1431 1063 299 1270 260 1757 764 485 503 511 1089 508 1671 1014 765 1787 1692 165 1686 1693 948 336 1137 149 667 73 725 1525 669 1326 626 1158 
152: 552 1082 516 670 366 260 1706 764 1470 500 503 1678 1787 990 287 866 144 1646 829 1772 
347: 552 554 1008 1347 1009 1032 122 130 433 1388 187 1099 87 327 1743 1170 21 124 1176 1797 
1707: 552 734 218 722 1796 300 1783 1242 1054 123 849 948 524 1432 1137 1248 233 1549 327 1344 172 1826 1024 
1200: 552 1232 597 53 
777: 552 734 1843 366 1869 207 1247 1824 866 1398 591 919 209 629 1181 1700 665 1360 
876: 552 734 137 227 512 1235 1294 1009 77 211 606 717 1429 485 500 503 1282 765 1787 1563 1669 1419 1432 566 1351 515 581 810 
910: 552 961 1270 260 1335 508 354 635 1383 
1528: 552 734 61 366 1649 1692 808 790 980 
790: 734 599 1241 299 58 1850 1687 835 923 3 122 379 764 433 973 485 1133 1284 707 763 1692 911 1613 1689 22 63 123 267 358 380 480 756 760 1686 1439 1693 1441 1840 821 1078 1079 1848 834 1099 1528 1113 1515 1010 1844 1415 
36: 734 764 765 105 
48: 734 
78: 734 961 366 793 764 1407 240 1284 1029 1833 1690 105 269 1450 712 1451 393 445 1038 635 1001 1432 1137 667 1129 1605 502 510 99 106 713 456 1544 
117: 734 1652 1317 1493 1180 1721 
149: 734 1213 58 18 122 1414 1671 300 1284 1583 1331 712 1186 145 144 667 653 1502 1802 1443 1071 1110 1387 
216: 734 162 575 366 109 211 219 503 508 19 1284 637 1463 7 1239 1123 766 1542 940 
242: 734 1541 961 1009 1028 897 299 363 1249 1284 1477 1734 1261 335 
253: 734 1609 429 1228 1232 879 556 393 445 1186 1632 1018 
271: 734 188 1185 1689 185 1279 1406 1597 1785 1864 
417: 734 162 1270 508 
547: 734 172 1011 
579: 734 1008 1009 1086 1225 793 794 508 1388 1463 990 1242 1361 144 
583: 734 582 1256 1275 1470 500 503 511 1787 1123 1185 957 1542 1658 889 
591: 734 1249 923 503 508 1203 1787 1247 892 355 957 246 1246 629 1198 1466 1056 1654 108 195 202 209 1430 1812 665 936 1721 1725 777 
663: 734 246 172 
671: 734 1284 488 1054 1844 549 614 1826 
677: 734 1270 413 1225 433 1647 290 1232 892 1379 1727 35 1314 1593 832 170 411 1281 1697 
716: 734 1268 1362 1299 
725: 734 43 227 1213 1235 1294 1408 1431 1225 1335 508 287 145 1820 720 484 1550 1728 339 140 505 1296 883 
1179: 734 1345 130 244 485 1384 290 105 1247 1440 766 1840 63 1844 787 1634 1045 265 587 680 1077 1741 1287 
1194: 734 162 
1704: 734 370 143 560 354 1563 1419 377 1473 1432 801 1305 744 992 
1770: 734 771 508 1255 
772: 734 137 1538 82 1207 1435 1802 528 843 
1329: 734 
1334: 734 259 1834 199 1721 1847 1193 
1370: 734 105 785 1616 
874: 734 426 
907: 734 89 452 606 764 1010 
915: 734 575 1165 378 1335 290 1848 124 980 711 1273 
1432: 734 599 82 1706 1313 206 1394 1677 1268 892 396 1613 851 733 1563 1707 1186 635 1826 1634 78 667 1088 1012 400 1419 1708 713 1077 876 1161 444 1704 631 1473 13 160 341 531 588 744 797 903 1160 1162 1577 1721 
1462: 734 211 207 1282 990 105 1268 45 766 667 208 980 1006 
1482: 734 1082 599 789 1270 260 1675 1225 189 
1201: 734 1213 633 1668 881 882 1383 597 484 517 1223 883 179 1464 1264 
1540: 734 258 1675 1284 1833 637 990 1242 1054 759 1844 720 614 412 481 
1761: 734 1699 1869 1532 508 736 1698 479 1321 762 1136 1435 63 1004 919 1288 746 837 1378 1742 1805 1838 
797: 734 1563 1419 1432 
1782: 734 
1661: 734 780 1838 11 975 1802 
1533: 734 1210 98 660 503 29 473 1067 66 
741: 734 1869 379 1086 500 892 1186 816 1274 453 
1198: 964 1702 433 611 154 523 591 209 805 1721 40 
510: 964 1082 333 98 244 1089 1133 105 45 97 1379 246 67 78 1087 1126 502 1548 106 1129 836 1258 
1721: 964 452 611 1282 1692 1361 556 591 664 117 209 1697 1334 1432 482 1474 896 1560 864 1198 528 944 1036 
177: 1082 103 554 1009 3 875 364 1451 367 1012 949 926 1214 1312 
1321: 1082 137 1008 1294 1009 258 3 60 1732 556 1840 17 327 850 1118 1214 1743 1435 1761 
1130: 1082 218 1681 1008 1294 792 1431 1009 1320 299 1270 1796 260 413 3 98 764 1429 433 272 707 1014 763 1787 1242 1361 913 1054 1398 1718 165 598 74 172 327 762 830 877 901 948 954 1274 1579 1344 1875 1754 1137 
38: 1082 1675 637 491 1549 1676 689 
87: 1082 503 240 1054 364 347 
112: 1082 1286 1214 638 
338: 1082 1423 764 1552 765 128 246 1214 115 596 1430 
457: 1082 1214 1855 
705: 1082 825 808 1214 1037 57 969 319 1364 827 
721: 1082 847 641 956 1796 224 717 1566 1361 863 618 947 335 
747: 1082 1270 260 1121 1367 
1050: 1082 433 706 1214 590 
1060: 1082 1214 10 1694 1861 
1676: 1082 1554 365 1552 38 
1191: 1082 103 1843 260 245 358 1381 1214 10 1765 1510 1290 
1788: 1082 128 846 1020 376 1830 1790 654 1858 
1285: 1082 534 1637 863 194 
1296: 1082 137 633 956 224 503 504 1297 993 1558 1668 1300 881 882 1648 1344 1383 889 1111 517 725 1223 883 1299 179 1674 1655 1725 
1094: 1082 1361 1140 
1118: 1082 188 789 299 258 211 333 1046 574 606 504 207 1678 1282 932 1477 1833 990 97 1321 1844 830 127 1615 
1132: 1082 1294 480 486 71 72 482 1620 1040 
1729: 1349 52 875 364 
423: 1495 1443 
939: 1495 469 211 1850 1282 1136 1004 729 491 208 1360 655 1742 515 1626 
1800: 26 1657 363 1787 1361 760 1000 
339: 43 227 1235 1294 1408 725 1728 1550 
37: 51 218 504 19 879 277 851 165 1308 1181 1301 568 673 679 73 
234: 61 402 1350 1154 1796 363 582 1850 18 82 98 365 1207 1208 1256 1407 1066 362 407 707 604 757 1690 1332 1159 105 879 1185 1216 930 267 1230 805 1447 1371 944 950 1605 459 588 239 1868 261 
1295: 61 764 75 
749: 61 450 780 196 321 346 1532 449 
614: 81 89 469 789 946 1480 1270 260 835 1225 433 611 804 763 765 630 1215 762 1540 1415 671 367 482 386 
204: 89 1270 260 364 1383 800 1812 703 
1352: 103 1843 691 1851 16 1551 1772 208 584 773 
1713: 103 370 1808 1026 1151 
865: 137 126 18 1086 637 287 1824 1668 172 302 1037 864 709 1129 
1838: 158 789 1270 1384 1715 1727 1451 1137 1761 1615 1661 1196 1492 
497: 158 691 764 433 259 281 1244 821 1387 
261: 158 1210 1361 234 588 1233 
1455: 162 1086 1439 1010 13 463 1192 1742 
422: 162 637 763 
515: 162 109 273 1228 143 1583 172 1813 876 1615 1674 1854 939 
849: 188 452 1164 1231 995 211 1120 1423 1513 1208 504 508 1073 110 207 328 1282 1054 1478 514 4 167 246 279 415 453 501 522 629 718 830 843 1805 1428 1064 1707 1093 1135 1405 1417 1668 1542 
683: 188 1431 366 1270 260 1532 1225 793 1460 508 290 990 287 364 1383 1549 1137 106 861 
844: 188 637 
468: 188 218 1164 722 1008 1796 1100 
987: 188 717 754 1498 1353 896 1631 
596: 188 641 1208 764 1671 765 1435 380 1637 338 1605 458 1036 
1149: 188 1008 1009 1032 333 835 105 1822 1415 1802 
1519: 191 722 667 
1177: 193 281 1324 206 825 1451 821 759 316 1323 718 100 969 1795 827 1364 646 971 1354 
567: 193 450 771 660 485 1286 529 1205 134 1451 67 374 644 1579 561 1635 39 1199 827 971 1790 
1795: 193 660 1390 1438 825 123 821 246 336 1107 1170 667 1549 811 1045 268 1065 1866 237 566 969 1177 40 827 971 1251 
436: 218 512 1796 219 224 1225 1335 485 1647 272 1592 1732 1282 1384 1535 1054 101 866 598 1170 1348 689 327 1176 
483: 218 1008 1009 1032 1063 366 1270 1796 1706 1225 1125 508 521 1566 287 507 327 770 1176 618 1565 703 550 487 
1581: 218 1009 
1338: 227 
861: 227 260 606 1225 793 290 683 83 1110 
1174: 232 
421: 232 632 
984: 248 789 961 272 1353 1571 1378 
998: 402 798 
1822: 452 1164 333 1688 1584 563 98 122 1501 1613 957 514 1314 1411 119 718 843 1149 1360 1811 
891: 452 219 1284 924 988 
12: 516 1032 211 1559 207 1203 1286 616 356 1627 208 524 1279 
1614: 516 599 373 1693 182 612 1163 180 181 
612: 516 599 1008 1431 1009 18 504 373 182 180 181 1163 1614 
1797: 516 1008 299 956 1270 260 1242 1361 347 76 
1212: 554 1008 1009 1270 1121 1388 287 598 1119 
1494: 554 1120 791 1692 704 
190: 575 961 109 764 503 330 765 105 1268 1689 106 71 337 638 809 
1053: 575 1335 290 765 396 868 456 239 65 200 435 438 
4: 599 58 122 1671 849 
114: 599 722 780 1032 508 587 1287 427 
586: 599 258 923 1089 1692 892 165 846 1693 1087 1742 
1685: 599 1779 1658 975 
828: 599 1438 343 92 
1745: 599 1210 68 
829: 599 327 152 1579 59 1560 
1875: 599 1456 58 835 122 273 1671 1398 1130 733 834 1415 1502 
1663: 599 291 295 
1655: 1164 946 1063 126 1345 1678 1297 804 414 1613 1300 1299 1296 1039 1682 412 1251 1811 
522: 1165 1852 1121 98 1599 1677 849 437 787 1380 1669 502 1360 1534 1341 1368 337 909 1865 
1166: 1165 1231 366 211 333 771 98 764 504 895 723 1282 763 765 1205 911 913 1398 616 762 733 1844 1401 1502 912 463 532 553 1597 285 360 531 
1755: 1165 
1447: 1681 1480 1226 535 1345 98 660 1532 1678 585 234 279 104 
673: 670 1617 1705 717 503 879 364 37 1383 342 546 597 1181 1301 568 1025 
76: 1699 1089 1242 1361 1087 1797 
531: 1699 1304 847 1063 352 98 259 1384 387 1501 866 1621 1750 520 808 1166 1525 316 1432 1406 1387 1539 566 1422 1771 773 
1148: 1699 187 
1400: 1699 633 260 1705 485 529 345 555 1401 667 1383 517 796 629 
1810: 1699 58 1384 178 1692 1824 
53: 1210 763 765 762 480 729 1595 1200 608 
1083: 1210 1851 605 
1512: 1210 590 
124: 1213 1372 1431 1028 1657 1270 273 1335 330 1592 637 287 277 347 1659 1856 484 1406 1371 1287 915 280 1491 1399 
1158: 1213 260 923 1706 1086 1757 764 485 508 765 396 643 1186 145 667 1344 669 
1464: 1213 633 433 287 507 1668 882 456 1383 597 1301 517 1223 1201 883 179 1368 775 1264 1391 1626 
138: 1231 951 98 1821 1437 1605 1785 148 
148: 1231 1787 649 850 1771 880 1517 138 151 571 
1016: 1231 780 1350 961 1241 1345 378 691 611 1873 866 487 1772 
1358: 1231 146 524 1768 
588: 722 1345 49 98 660 467 503 723 851 1563 850 234 1432 1474 1473 118 261 519 1229 
284: 722 875 1232 239 1682 435 
602: 722 1783 765 105 1498 1439 246 1616 69 241 388 954 
845: 722 1843 1609 
1711: 722 503 1170 1227 
1141: 722 1154 1345 98 866 1010 664 1597 940 659 1866 1437 1378 1864 
1163: 722 1752 763 182 612 1615 180 1614 181 
147: 730 641 153 154 702 1476 1496 520 419 631 1387 415 150 1623 1767 842 
301: 730 1320 691 761 637 867 472 935 
890: 730 789 1649 1324 1205 172 894 169 1877 648 1328 
1544: 1752 78 456 
1829: 1008 1009 1032 1796 287 1242 327 
1109: 1008 1009 1270 764 763 765 
1531: 1008 1009 381 990 
1131: 1008 1009 641 299 1270 923 60 764 485 500 508 763 913 1689 1398 762 1515 1170 1525 65 1230 1265 
403: 780 1197 1692 1048 1451 1415 67 1697 1052 672 
1837: 780 98 660 250 723 1820 
377: 789 363 6 433 1671 354 336 954 1397 1856 1704 298 698 
653: 789 58 1869 923 122 1414 1690 1331 1332 149 1835 
245: 789 1032 211 1687 1282 957 1191 815 356 1794 
1421: 789 485 629 
1811: 789 897 556 1822 1004 1749 1655 
841: 789 1456 1269 1345 345 1451 864 
1146: 789 897 249 86 1787 866 380 
292: 792 1347 1431 1530 503 1388 1348 679 1485 
1287: 792 1431 1869 1335 1284 892 667 1179 124 444 114 482 800 
104: 1843 1447 
989: 1843 1241 1324 1136 1451 667 1103 68 69 1791 
1756: 1843 350 1692 1214 928 464 
1815: 1852 508 892 911 762 364 527 
212: 1347 1009 391 1808 1390 532 1387 337 798 992 936 1292 1222 
1227: 1350 1241 1086 485 1613 1711 
934: 847 1270 260 948 1404 
1744: 1431 366 764 1566 763 1692 759 926 1137 816 1847 963 
933: 1449 714 217 
241: 961 82 1092 602 388 
293: 961 366 105 414 1439 1038 1443 
472: 961 1538 1477 210 39 40 41 301 
1791: 961 1652 1051 989 1171 
564: 1480 62 
388: 1480 82 1092 602 1610 241 
642: 1009 556 374 1759 298 1392 
1002: 1009 1032 1833 1613 1010 415 
1161: 1009 702 1268 374 1432 15 903 1160 1560 
75: 1028 122 1225 1295 
526: 1028 1477 1762 
672: 1028 330 1384 637 1288 403 1371 581 1411 
525: 1538 1418 1076 52 259 330 1284 1247 22 760 1693 1010 701 342 1793 1842 813 530 1192 1406 864 1135 636 127 331 665 1193 1834 1864 1489 1775 1527 
437: 1032 1869 6 433 1477 382 1677 1439 909 787 1368 896 1694 1067 522 
658: 1032 1423 830 997 
1292: 1032 1390 212 798 1222 
1068: 1032 444 
1397: 1609 641 58 381 18 122 485 391 817 1205 1010 1466 1189 168 377 42 453 809 811 953 1605 
548: 1609 1694 724 
1043: 1609 764 763 762 
1160: 1609 1268 1708 1161 1432 979 1369 1257 140 303 
1625: 1609 561 291 928 295 
62: 1241 600 564 1682 
528: 1241 105 772 1842 1721 311 
623: 1241 1587 485 
597: 633 1154 1705 879 364 733 1668 881 1383 342 1181 1301 568 673 1200 1574 883 1223 179 517 1201 1464 1391 1264 
335: 1657 224 1225 1335 941 948 1344 242 618 720 721 
1754: 1657 1335 52 1592 1732 1733 1735 1737 1740 1739 1734 1736 1738 817 634 1130 1515 759 
1524: 641 317 1481 503 29 1853 798 992 1328 
1774: 641 1476 
41: 1063 366 1345 1470 504 472 699 566 
464: 1063 379 330 637 1824 566 1759 1756 1371 809 944 
573: 1063 1633 566 1505 151 571 
920: 1063 330 637 1824 1095 267 1790 
942: 1063 453 581 
1189: 1063 1706 290 1232 396 414 712 1440 1439 393 445 1038 1186 1045 1397 1026 1632 395 1383 1381 
1319: 1063 1671 756 208 
1864: 1063 866 1010 1643 172 271 1351 1597 525 566 1141 
1281: 1063 1456 1269 1076 1345 1313 677 1772 864 
84: 1320 
1078: 1320 1414 485 1394 1692 790 756 1536 298 264 1520 
1079: 1320 790 376 264 
400: 299 363 791 1477 1833 990 105 1215 1432 
1252: 429 485 
1364: 956 1276 485 1324 1450 1051 1440 480 94 1052 1323 969 1178 705 1177 680 294 505 
39: 366 771 637 472 636 935 567 1371 
661: 366 508 213 67 1762 
697: 366 98 229 244 1407 504 1089 105 345 879 97 355 1439 1001 1548 106 785 1175 
1586: 366 18 1463 1361 911 1718 762 1515 197 486 912 1090 71 1091 1327 1588 
1382: 366 55 490 1608 1712 1542 1062 680 1193 
1471: 366 1869 105 560 1812 
1027: 366 606 504 508 1692 135 1708 1168 1273 
1591: 366 1159 762 1451 756 760 1170 1176 618 1534 1052 947 
192: 1270 606 1647 1274 214 1015 
481: 1270 333 1345 764 723 765 1463 911 1540 1045 566 1129 1549 935 1474 1090 486 680 1865 740 
977: 1270 211 207 240 1282 637 1398 1439 356 1396 80 1427 
1105: 1656 503 55 1549 805 1473 
827: 1276 281 330 821 1107 67 644 279 237 1237 705 1177 567 1795 971 1859 222 505 107 221 
1442: 258 260 1557 1579 1817 73 1683 
342: 258 1705 130 1057 993 879 354 364 1383 816 525 1181 1301 673 1080 1025 597 
947: 1796 1121 521 1566 1014 763 941 948 949 618 974 1591 703 721 
308: 58 122 1532 637 415 142 
1099: 58 122 764 485 1692 911 1613 790 63 756 1693 514 347 1378 1411 
1302: 109 
434: 109 928 
543: 159 538 121 
13: 211 1282 356 1455 1432 1192 
80: 211 1335 207 240 1732 1282 290 63 830 977 1631 
1582: 211 1282 1380 1542 
768: 211 1282 600 
1839: 333 1675 1563 246 
1216: 333 504 1029 1501 105 97 957 1840 830 234 1669 1170 1616 1387 106 770 756 56 545 1065 1128 1483 1253 
411: 333 1687 98 273 206 763 105 269 97 1348 1312 106 677 1279 
1181: 363 418 1705 534 364 549 37 375 1383 342 597 673 1301 777 1375 1404 54 626 1812 160 568 619 638 
778: 363 123 759 1045 1631 
1859: 363 19 827 
1445: 363 365 362 850 646 1354 
425: 363 365 362 765 762 480 71 
1517: 363 880 148 1626 
1596: 363 365 362 766 1718 1362 1823 909 1036 
428: 413 105 1054 703 1812 
220: 413 
1101: 418 384 480 459 1072 
860: 418 1086 503 1671 1787 1185 246 459 665 
157: 544 433 1205 1122 1571 
1794: 739 105 396 245 1451 1169 394 626 
332: 771 328 330 846 669 1371 626 
1452: 771 1384 1434 
1011: 771 503 547 
1577: 799 1313 269 556 1563 316 1432 1578 141 
645: 1120 1205 1832 1411 647 
263: 1190 867 1613 1763 1488 1406 1611 584 1500 430 
568: 1705 1335 416 37 1383 597 673 1181 
752: 1587 485 1324 867 957 1802 1323 430 
912: 1850 126 18 754 240 763 765 1463 879 911 913 1689 598 762 63 480 1515 549 197 1637 70 1166 33 71 1327 1586 
223: 1701 574 689 1703 
1703: 1701 223 
278: 1869 32 1384 213 957 279 
341: 1869 1515 1432 
509: 1869 
711: 1869 1268 123 759 1322 915 1578 57 279 629 237 966 1785 
971: 1869 1633 392 821 1107 644 1177 567 1795 827 222 571 221 492 
1071: 1869 1284 879 756 149 1534 1135 395 
1651: 1869 1824 
1723: 1869 764 911 913 1844 1344 
704: 1554 534 128 1692 1792 643 1451 821 1448 1494 405 1779 1023 685 815 1412 1830 
820: 1554 1802 
215: 126 1010 1004 724 1258 
25: 219 18 1463 1051 1398 
1403: 219 328 
1572: 1687 1345 503 504 1689 957 165 927 1119 1579 1128 1793 
1639: 1688 898 584 
1709: 1076 67 1851 460 
79: 574 606 246 1527 
1042: 574 
1257: 574 1218 1232 1692 1806 1697 561 744 1160 
832: 1345 485 207 354 1727 1718 1556 1712 667 677 35 1314 1593 170 296 
909: 1345 123 437 759 522 1595 1596 
1022: 1345 345 10 686 1373 
1571: 1345 379 1414 1470 504 1689 557 1579 1128 1119 200 157 984 
463: 606 18 754 240 1724 763 1463 246 830 1455 172 1166 1542 285 
135: 606 1706 957 1802 1027 
156: 606 1602 980 
349: 606 379 1390 
696: 606 1706 206 345 1178 
1259: 606 1435 926 701 1805 
1260: 606 637 
1033: 606 1034 
999: 1503 859 806 1395 625 674 
1392: 498 345 1546 1821 816 642 638 
1069: 563 
1106: 6 1398 830 1396 376 
1005: 6 330 637 566 1072 1371 
826: 18 1463 432 1402 
1628: 49 916 1435 
170: 50 1532 1727 1718 677 35 832 1314 1593 296 
1396: 60 1256 916 1692 556 1398 762 1844 977 635 1106 631 1635 1630 
815: 82 1232 1613 245 1632 10 1645 704 
1233: 82 485 667 669 1542 1362 261 
225: 82 
1175: 98 879 697 1548 
1425: 98 122 1282 1438 236 1192 
477: 122 
803: 130 643 745 289 848 
1832: 273 1671 19 15 176 262 603 645 727 983 
1766: 273 1324 879 1170 1088 16 1387 
545: 340 508 1216 
1803: 1706 723 1807 889 1288 1805 1697 974 883 1665 
1325: 691 1860 
1412: 691 382 867 767 704 1590 
1116: 691 
1861: 1086 172 1060 
639: 660 557 1036 
1305: 660 1671 723 712 94 1704 155 1437 
1589: 1225 
955: 1228 444 1036 
85: 1256 959 172 1606 
344: 795 762 980 1420 
594: 795 
1316: 795 503 1317 1004 279 1318 
668: 764 763 556 
1037: 764 637 864 865 1371 705 1510 709 1801 
27: 1335 1671 1348 
438: 1335 1144 287 1677 93 487 561 1802 1053 1167 1849 
986: 1335 213 853 
160: 1414 1470 1563 1851 1432 1502 1181 
35: 433 1727 1718 677 1288 629 1314 1593 832 296 170 
822: 433 
1291: 1460 924 
1385: 485 825 1088 646 
1424: 500 172 374 
873: 503 1123 128 
701: 503 1840 525 1259 
1015: 503 259 1014 1242 1268 1361 192 1363 
195: 1559 355 591 356 209 208 
1065: 1671 281 866 1216 883 1795 
1741: 1671 1029 1179 1851 687 
724: 9 1361 393 445 1038 1363 1346 215 548 
233: 29 345 1707 
1386: 31 561 
580: 86 
1134: 86 291 175 
842: 153 154 1384 1084 287 354 1496 520 1542 419 1762 1387 501 150 210 1696 147 1623 1767 
1271: 259 1827 279 1427 
571: 281 1633 1114 197 1851 971 1555 1505 148 151 573 1506 
1178: 281 330 637 1692 1824 556 1693 759 566 969 1371 1364 231 696 628 1155 
1459: 281 
1719: 300 267 975 1279 
174: 330 246 
296: 330 637 1727 1718 566 35 1371 832 170 1593 1314 
647: 330 1548 1635 645 
17: 407 1218 637 1321 566 415 
627: 407 
1309: 1592 1472 
348: 1203 
59: 723 637 354 667 1549 669 829 
1113: 723 1472 790 756 1549 461 
1117: 1282 471 
72: 1284 70 486 1362 71 1132 1620 
1373: 1808 1022 
695: 1324 
904: 1324 1323 
1013: 1324 1451 172 
1171: 1324 712 1323 1505 1791 
121: 1444 539 172 538 543 
1731: 1034 
750: 637 520 1466 10 1272 1588 
56: 637 382 879 1216 1135 446 395 
102: 637 
1222: 637 212 798 1292 
810: 206 105 97 846 876 106 1616 1246 1018 173 666 
276: 290 287 882 289 578 1631 513 
505: 290 287 1268 134 725 210 1364 827 
1139: 382 451 644 811 813 1645 
1240: 1841 857 214 854 855 856 
1493: 1841 287 585 756 760 1686 117 524 1516 
715: 867 1242 1451 767 298 
1192: 763 1123 1455 13 314 525 1162 1425 
872: 763 
1773: 1232 
1509: 857 214 324 854 855 1830 856 674 
546: 736 879 354 673 743 1025 
550: 1787 1440 1441 445 446 483 1697 
735: 1331 520 1018 
1876: 1394 866 1515 1551 
119: 1123 134 1822 459 1749 
1718: 105 556 851 1727 957 1130 1586 1849 35 1314 170 267 296 832 1195 1593 1596 
309: 105 69 1520 1760 
1500: 105 1502 263 430 
1662: 105 
294: 128 613 1364 
318: 1242 304 385 
1153: 1268 45 945 
1399: 1268 124 1871 
406: 1268 
831: 1268 1712 
1006: 1268 476 1003 1750 1462 1387 1835 
199: 1337 322 1334 1834 64 175 201 1193 
1604: 892 
197: 911 1450 165 598 123 480 1466 1186 912 1586 70 71 1588 571 1759 
1327: 911 480 70 912 71 1586 
888: 1450 1051 1451 480 71 1052 
151: 1450 246 148 571 573 
493: 1450 1840 1668 360 
1151: 1048 549 466 1713 1258 
539: 1054 1802 981 121 
869: 556 
1277: 712 821 172 
1831: 712 
136: 476 1802 1606 
343: 476 866 957 828 169 
372: 825 
1830: 1751 480 486 1862 704 1765 1788 1509 1342 1343 
559: 1689 397 
1630: 1398 1668 1283 1396 
2: 957 
518: 957 
994: 957 1000 1110 494 908 
1585: 185 760 830 966 
1035: 185 453 351 
430: 752 1406 1611 1500 263 
1849: 1718 202 20 235 438 
1195: 1718 
494: 994 
901: 1130 1108 
314: 1451 1192 
837: 1451 1761 1807 
1568: 123 16 
714: 123 1279 933 
129: 123 1597 
1040: 480 486 1030 319 1132 1217 
1188: 821 944 
264: 1078 1079 798 
1093: 849 
1825: 246 
1354: 246 1177 1445 
222: 759 94 1351 1631 971 827 
474: 635 
519: 172 1221 588 
540: 172 
1620: 70 71 72 1132 1138 
1369: 302 1419 1870 1160 
654: 374 376 1788 1789 
458: 596 501 92 
1801: 1037 1588 
140: 1012 1708 725 1160 
1499: 954 
181: 182 612 1163 1614 180 
40: 472 1198 1802 1795 
1854: 1353 1542 251 515 
610: 644 626 592 351 1660 
1303: 42 1551 1776 
1041: 202 
361: 405 566 928 1204 
1526: 927 96 
133: 1851 
650: 1851 
1537: 502 
303: 1548 1351 237 1160 
304: 285 566 318 319 15 176 
44: 699 553 566 
462: 699 
1278: 1351 
1273: 915 1027 186 
900: 1409 
186: 1673 1273 
1683: 1442 169 903 
1290: 1191 1722 
1569: 906 
295: 1663 1625 
155: 1305 
983: 1832 262 
538: 113 121 543 
1814: 237 
1356: 685 
960: 903 
1867: 918 
256: 966 800 
513: 1573 276 
420: 988 
385: 318 
615: 1343 1342 
1434: 1452 
221: 971 827 
492: 971 
952: 120 
1612: 471 
1140: 1094 
674: 1509 999 
1600: 252 
619: 1181 
1516: 1493 
997: 658 
970: 1626 
353: 1155 
173: 810 
311: 528 
107: 827 
1760: 309 
20: 1849 
235: 1849 
