2488
0: 622 625 2410 1457 2437 130 2131 953 1819 541 446 128 1407 499 2327 500 556 1998 
622: 0 14 34 132 301 385 386 446 454 498 504 540 1421 787 1305 1562 669 1974 2124 1067 1069 2363 842 1481 721 2252 1742 1619 2069 2385 1374 1120 2327 2150 1391 2414 1912 1407 1592 1159 
625: 0 34 75 96 134 224 225 274 303 321 323 343 364 423 446 485 497 540 541 546 563 597 598 2320 2321 2326 1819 805 1829 1324 824 1845 835 848 2381 855 1367 858 1878 863 1375 1884 1392 1404 894 1917 2427 1417 1421 1932 1427 1428 925 2453 927 1949 1148 1913 1455 1456 950 1470 968 1484 975 1493 985 2011 2017 1246 1018 1531 1532 1550 1043 2065 1060 1064 1579 1598 1599 1600 1605 1615 1117 1635 2147 2150 1644 626 2160 2167 1150 1441 655 669 2125 1198 2212 2221 696 698 1216 1231 1232 1746 689 1763 2297 1789 2301 2302 2308 1800 
2410: 0 27 28 183 237 266 318 366 380 386 396 399 436 442 444 527 592 619 627 707 746 761 771 789 848 861 890 963 972 1005 1033 1081 1131 1138 1162 1211 1219 1243 1244 1271 1278 1350 1378 1383 1401 1407 1422 1521 1546 1603 1638 1732 1733 1757 1777 1782 1801 1830 1899 1900 1909 1987 1988 1993 2017 2039 2046 2068 2109 2149 2159 2160 2179 2206 2207 2218 2228 2338 2391 2401 2409 2454 2413 
1457: 0 22 185 354 377 385 443 551 573 669 671 689 729 744 844 863 877 899 980 982 1129 1157 1158 1159 1208 1253 1270 1319 1356 1552 2453 2208 2212 1913 1713 1597 1784 1480 1738 2253 2383 1624 1625 1753 2011 1818 2032 1563 1786 2127 1944 2479 2437 
2437: 0 1457 22 27 34 109 226 412 435 486 511 652 694 754 784 795 805 933 949 969 1011 1054 1100 1135 1146 1159 1181 1303 1575 1635 1637 1696 1786 1872 1940 1944 1945 2080 2208 2212 2239 2253 2327 2359 2383 2414 
130: 0 85 128 1551 789 1428 1049 540 925 2323 680 1713 953 444 573 320 1470 1602 337 1940 368 1012 1013 639 1154 
2131: 0 27 118 258 280 322 329 340 344 347 351 399 426 427 443 535 573 644 657 666 669 689 721 738 745 747 771 805 828 835 848 908 915 925 940 975 980 1003 1017 1024 1029 1043 1114 1116 1134 1163 1164 1208 1216 1218 1263 1270 1329 1330 1374 1386 1387 1402 1407 1510 1527 1532 1551 1552 1583 1600 1602 1605 1675 1696 1786 1790 1800 1804 1835 1867 1908 1909 1940 1976 2015 2017 2022 2085 2427 2417 2363 2143 2150 2163 2167 2253 2303 
953: 0 130 50 70 128 165 256 264 293 365 396 438 499 500 546 556 634 784 1677 2063 2321 1944 1825 1575 1324 1464 1724 969 1228 1866 1740 1743 1494 1290 989 1886 2327 1391 1650 1539 
1819: 0 625 85 121 145 160 170 174 185 187 213 224 258 266 274 291 295 296 298 322 327 340 357 372 373 384 385 441 470 479 483 485 487 514 535 539 541 546 547 563 573 578 594 597 598 604 613 635 644 647 657 700 701 703 715 718 720 721 723 747 789 801 802 803 826 855 858 860 896 903 925 934 950 969 975 980 984 985 991 1012 1016 1029 1047 1059 1094 1101 1116 1140 1141 1153 1167 1215 1257 1282 1329 1332 1334 1352 1367 1377 1392 1407 1414 1446 1481 1501 1531 1547 1580 1582 1583 1600 1644 1673 1677 1688 1713 1765 1768 1784 1789 1800 2482 2062 2315 1851 2363 1855 2391 1886 2403 2416 1910 2434 2444 1940 1825 1860 1967 2454 2253 1845 2264 2041 2054 2063 2017 2109 2024 2165 2213 2221 2239 2242 2298 2479 
541: 0 625 1819 2 12 27 34 48 50 69 75 78 98 118 120 128 145 152 160 170 174 185 191 193 194 199 212 213 220 246 258 263 266 274 289 290 295 313 328 333 343 344 349 353 371 372 373 380 386 400 412 423 432 434 436 441 446 460 478 479 482 483 485 487 497 498 499 506 510 515 539 540 2320 2321 795 2326 1974 802 701 1823 2337 1720 1829 1322 2062 1709 819 1331 703 1845 770 828 2359 2360 1859 1862 845 1865 848 2231 1363 1367 2239 858 1878 1881 2240 1884 1377 1886 2383 2398 1393 873 1266 2404 2406 2073 2408 1392 2413 1733 888 1404 1406 2424 1917 2427 901 1531 2432 1417 915 1426 2444 2447 1940 1434 1944 1945 927 1947 1949 1441 1446 1912 1450 723 1452 2471 946 1968 950 1825 2482 2483 959 1153 968 969 1579 1491 985 2308 1497 991 2011 1583 1414 2024 2327 1501 1014 1532 1503 1504 1034 1080 2055 1551 1043 1046 2066 1048 542 543 1055 546 1568 2189 1064 1150 1575 1136 562 563 2094 1342 1357 568 2099 1591 1003 1681 864 581 1602 1605 1608 590 2125 2065 1617 598 2017 602 1115 1123 1231 1635 2153 695 1644 626 632 2287 634 2166 1148 1660 2173 1100 644 1159 1160 1356 650 2106 1950 1675 657 1677 2190 1172 1144 665 666 2293 1953 1513 1693 1698 679 2213 680 2217 2041 2022 2212 2221 597 2225 696 700 595 710 1223 1731 681 2412 1005 718 719 687 975 1746 732 1752 801 774 1455 2388 1761 2249 1763 2276 2278 1768 1907 2286 2288 2289 2290 2291 2292 1883 2294 1784 1789 2167 2302 2303 1198 2310 1800 
446: 0 622 625 541 34 70 82 132 270 301 323 386 427 444 2439 529 1551 1675 789 739 1431 1305 2250 543 2124 1912 1067 1069 1706 1637 504 1974 573 1216 2298 2215 1784 1352 1481 2363 721 1619 2069 473 771 540 542 1120 1027 848 1758 1762 669 2150 749 479 1391 498 2029 1139 466 1211 736 509 1786 1407 2427 1664 1159 2204 
128: 0 130 953 541 34 85 2190 1428 1048 2323 2449 927 1825 556 305 1458 980 1749 1625 498 499 500 671 258 774 139 
1407: 0 622 2410 2131 1819 446 190 351 357 466 479 579 652 657 700 701 703 705 774 845 876 968 969 1016 1017 1029 1077 1080 1094 1115 1119 1194 1231 1324 1335 1352 1361 2298 2055 2189 2444 1809 2448 2020 1563 2290 1706 1741 2083 1699 1580 1582 2054 1974 1984 1481 2345 1619 1746 2211 2006 2291 1510 2327 1765 1894 1768 1902 2286 2287 2288 2289 2292 2293 2294 1789 2203 1663 1413 1667 2106 
499: 0 953 541 128 66 89 90 162 170 189 224 237 320 381 387 396 419 426 427 457 472 498 2312 788 789 2323 1310 801 1825 1554 1334 619 1851 1344 1872 1893 1386 1392 1401 2435 2440 915 890 2447 1940 2449 2450 2451 1479 1484 1485 1995 1997 980 1493 988 2017 1008 500 501 1025 1029 1545 1551 1553 1044 540 2079 1069 2096 1081 573 2109 2110 581 2138 2150 1137 1139 2159 1657 669 671 1706 2223 1713 1717 1214 1228 1757 1262 1784 1786 
2327: 0 622 2437 953 541 1407 5 8 9 14 20 23 51 52 53 72 74 84 89 113 114 115 131 133 136 139 150 154 156 160 174 176 183 184 190 191 209 212 219 220 223 224 228 234 249 250 257 270 272 273 278 282 284 288 290 291 294 311 315 329 337 339 348 353 362 370 375 377 386 387 389 404 426 430 434 442 443 458 463 466 473 483 487 492 493 494 497 506 509 511 514 517 520 522 523 536 543 546 550 558 568 573 581 582 596 603 608 614 618 620 621 623 626 635 640 642 644 645 649 656 659 662 666 672 673 683 686 687 698 714 719 721 744 746 760 761 771 777 789 790 791 802 813 822 826 839 842 845 846 847 848 853 867 871 872 877 880 885 886 890 891 892 899 909 916 919 920 922 929 930 935 937 938 946 949 955 959 968 979 983 985 986 987 990 993 994 1009 1011 1012 1013 1014 1015 1017 1021 1022 1024 1029 1032 1034 1035 1043 1058 1067 1071 1076 1087 1096 1100 1105 1106 1116 1120 1124 1125 1126 1130 1157 1163 1164 1174 1179 1182 1183 1184 1189 1197 1202 1205 1209 1211 1212 1214 1229 1253 1262 1274 1276 1281 1285 1294 1310 1316 1318 1320 1325 1331 1338 1345 1347 1352 1353 1370 1375 1377 1378 1380 1386 1390 1391 1395 1409 1415 1430 1432 1438 1446 1449 1454 1462 1465 1466 1467 1470 1482 1483 1486 1493 1495 1502 1516 1523 1524 1529 1539 1549 1555 1556 1567 1569 1579 1582 1584 1595 1606 1620 1622 1625 1640 1644 1649 1651 1675 1688 1694 1696 1706 1725 1726 1740 1742 1749 1758 1760 1768 1769 1771 1778 1783 1784 1788 1790 1792 1816 1821 1822 1826 1831 1836 1847 1856 1872 1879 1880 1884 1888 1890 1895 1905 1925 1927 1938 1947 1953 1963 1973 1975 1976 1980 1981 1997 2000 2002 2003 2015 2017 2029 2041 2046 2051 2060 2062 2064 2071 2080 2083 2084 2085 2094 2099 2115 2119 2125 2133 2134 2135 2136 2140 2142 2144 2152 2166 2172 2175 2178 2181 2185 2187 2203 2208 2212 2216 2228 2229 2230 2233 2237 2245 2249 2250 2256 2266 2278 2279 2307 2319 2324 2328 2333 2345 2359 2363 2369 2370 2388 2397 2420 2427 2430 2448 2449 2451 2457 2460 2462 2465 2483 2409 2426 2468 2481 2350 
500: 0 953 128 499 66 90 139 162 186 189 202 225 498 591 1044 2447 1940 2450 2451 669 798 1979 1825 949 1717 1214 1344 2109 2044 1484 1995 2323 1493 1880 2142 1506 1670 877 1262 1139 2096 1025 1029 2435 
556: 0 953 128 528 1845 696 2449 2113 1161 1749 
1998: 0 51 879 1670 1768 
14: 622 2327 842 1424 1011 693 1397 1560 1780 156 765 1217 1058 1409 135 1349 1000 555 1990 2014 
34: 622 625 2437 541 446 128 2 2427 349 11 784 274 275 2320 2321 2326 802 805 298 2062 1329 2351 1845 1046 845 1360 343 1367 2386 1878 1883 1884 1377 1886 873 2408 1392 888 1912 1913 386 901 1414 1417 2444 414 1947 1441 1953 1446 1455 946 1968 950 1746 968 1990 1484 1491 984 1497 2015 991 483 485 2016 487 563 492 1005 497 1531 1532 1034 2055 1550 1043 2065 540 542 543 2017 546 2189 1580 1583 1342 568 1080 2106 2108 1599 82 2125 1617 598 1115 98 1124 2150 1136 626 120 1144 2167 1270 1153 1664 145 1675 657 1677 2190 1175 669 160 423 595 170 680 174 2217 687 597 696 698 1214 2239 770 1231 721 1199 858 1747 1241 220 732 774 1266 2286 2287 2288 2289 2290 2291 2292 2293 2294 258 1789 2302 773 2249 266 2308 2310 1800 
132: 622 446 573 435 2482 925 1940 1377 1153 511 1092 1213 1391 1582 1374 
301: 622 446 386 1470 2323 1118 2112 2204 1378 258 2257 2007 1099 1570 1332 1480 1451 1642 1813 1815 276 112 95 1042 1814 2072 415 2459 2473 1975 1472 1473 1738 2250 1121 876 1280 2177 
385: 622 1457 1819 349 1784 386 399 1681 2322 165 1333 354 228 1384 1389 1015 1657 1154 2323 2078 305 1554 1553 1049 1475 483 1625 1915 266 1424 745 246 1048 396 1586 485 1361 139 1713 52 2254 1883 761 2338 789 1401 963 2046 1110 1138 1378 436 2273 1631 1555 969 2167 960 1387 2049 258 971 1386 1339 89 169 187 211 253 1332 2360 2235 837 1881 2393 1215 1902 1903 1400 2419 387 1924 1416 914 915 917 434 1970 515 2268 1036 1062 1585 572 581 1619 2140 2159 2160 1145 2170 641 2206 1693 1695 1540 1777 1274 2303 
386: 622 2410 541 446 2327 34 301 385 2 2427 30 46 51 65 120 145 146 160 170 174 220 243 258 266 274 298 320 327 329 343 348 353 365 888 1807 2320 2321 2326 802 1635 2336 1319 1327 2360 1345 2369 845 848 2377 1367 858 1884 1383 873 1893 1386 1389 1392 2416 1401 1404 1913 1406 1915 1920 1921 1058 2432 1417 1933 915 1231 719 1940 925 1655 933 1953 1450 943 1455 2167 1968 441 1974 1370 1469 452 968 969 980 1491 1749 984 901 475 1497 991 483 2017 1583 1752 491 781 497 1012 1016 1018 516 521 523 1550 1551 2062 1167 2065 1048 540 542 543 487 546 547 2078 550 1136 1579 563 1077 2229 568 1080 2444 573 1599 1602 2109 1608 1614 2125 1617 598 1619 666 2112 1115 1624 1625 2138 1883 2284 1129 1011 1644 626 1342 1593 1148 1270 1154 644 2289 2177 1160 2180 2106 657 2189 1173 1683 1178 669 423 673 1696 679 1194 680 2217 2221 597 1206 696 698 1211 1725 1196 2238 2239 770 2249 602 1627 1236 1746 1747 729 1243 2211 1878 1758 2273 1266 755 2286 2287 2288 1034 2290 2291 2292 2293 2294 1789 1790 774 1795 2308 2310 1800 
454: 622 1216 1579 669 483 1915 1575 2363 1163 1867 1455 666 1570 1164 690 2371 1207 694 313 656 390 
498: 622 541 446 128 499 500 2427 1216 416 427 1456 1333 336 980 1016 1017 1154 2310 1049 483 1214 266 542 598 2482 492 487 721 855 2017 1893 1809 139 2363 551 1495 2021 1808 857 789 890 1493 2109 1137 167 2412 1484 1997 991 2150 1742 1940 1912 1441 968 1136 2302 1972 666 202 877 54 66 90 103 131 134 141 189 262 388 419 444 457 1344 1374 2394 2414 907 2440 1425 2447 2449 2450 2451 931 2483 1485 1995 1025 1029 2096 1601 1604 1613 2142 1638 1193 1206 1717 2044 1262 1281 
504: 622 446 721 295 2109 1912 595 2302 1054 1069 1120 1067 254 1305 1974 
540: 622 625 130 541 446 499 34 386 2 1786 2427 1784 4 10 12 21 25 37 44 46 51 69 72 82 84 114 120 139 145 160 174 182 224 225 258 263 266 274 295 306 312 320 329 337 343 372 373 399 423 479 482 483 485 487 497 501 503 765 2320 2322 2323 795 801 802 2062 819 2351 828 835 1860 844 1360 2383 858 1878 1881 2240 864 1377 873 877 2408 1392 1393 888 892 1404 1920 1921 1413 2432 1417 915 2444 1428 1431 924 925 1945 1451 2471 1455 1968 1974 959 962 1286 1475 968 1481 1491 901 991 2014 563 904 1168 2024 1007 2180 1501 1017 1034 1042 2065 1048 1049 1050 542 543 2017 546 1934 1579 1580 1583 1342 568 1644 573 1599 1602 588 1940 1617 598 1619 1115 1116 1094 1434 626 1012 1144 2167 673 2173 644 1666 651 1166 1675 657 1171 1172 1173 663 1953 666 669 671 1614 679 595 680 1277 2217 2221 597 1206 696 698 1873 2234 2237 2239 2125 770 2244 1734 1231 723 1746 1747 732 2249 1768 1990 1266 1789 771 2304 2308 2310 1800 
1421: 622 625 85 146 1306 2065 289 925 789 1392 47 290 377 449 466 863 879 975 1501 1925 
787: 622 669 1758 1780 139 1885 1808 69 969 2069 968 877 162 278 356 1939 1120 1122 1603 1748 
1305: 622 446 504 848 2229 266 1555 873 1912 1790 2007 501 1164 297 1054 264 1069 2248 1120 1067 697 1289 1438 1122 1974 
1562: 622 706 396 1742 1743 770 2257 1847 513 1600 365 237 650 889 1400 1744 1817 
669: 622 625 1457 2131 446 499 500 34 386 454 540 787 1786 2427 1784 399 673 1696 1166 1456 10 980 354 1016 1017 1657 27 224 100 1554 1428 1579 115 1635 2308 1644 801 328 329 1553 663 13 28 29 30 37 46 67 117 119 136 145 150 170 171 174 182 185 199 203 204 211 225 258 261 266 274 302 325 343 353 365 372 373 376 377 379 382 390 396 429 442 456 469 474 480 483 485 487 503 511 518 528 539 543 547 563 565 568 580 583 585 591 597 598 605 635 643 644 782 784 2321 793 2326 2482 1818 1804 802 1411 1823 1136 1825 1330 855 823 2353 1340 831 832 2363 1856 2369 842 2371 1356 2017 890 1867 1559 1872 857 1877 1878 860 1881 863 1377 1888 873 1902 1392 2167 902 2432 2433 2333 1424 1934 2444 1401 1939 1940 1654 927 721 2352 1953 1446 1404 1451 1150 945 1459 950 1974 1975 2487 1980 964 1476 968 1481 1483 975 1116 1742 2007 2008 2011 1583 2019 2020 781 1008 991 1526 1019 1675 2435 1625 2483 2055 1758 1551 2065 1055 897 2081 2082 1153 2091 2177 1289 1611 2124 2125 1619 1620 1290 1115 899 2138 1132 1133 1140 2165 1148 1151 2456 1664 1160 1161 1162 1011 1164 2184 1168 1273 1673 1174 901 1181 671 1691 1693 1695 1697 679 680 2056 1706 689 2221 1713 1920 2228 1903 2089 701 1215 2062 1450 2412 1201 718 719 720 1741 723 2255 1746 2259 730 1455 1624 2271 744 745 1051 1714 955 1270 1034 1780 1029 1792 774 1287 1256 1800 
1974: 622 541 446 1407 386 504 540 1305 669 1216 1112 1553 543 828 749 721 2021 1484 2150 1912 946 1664 2141 575 2455 667 1928 1069 1120 1067 790 1443 
2124: 622 446 669 27 100 848 644 721 1758 1780 139 551 353 1552 1808 1835 1909 1084 108 192 275 365 503 798 836 1386 1387 1556 1606 1617 2215 2150 2261 
1067: 622 446 2327 504 1305 1974 828 597 1758 689 1822 1808 929 1912 145 377 877 1570 140 1069 1120 1391 517 565 651 1459 
1069: 622 446 499 504 1305 1974 1067 1016 1872 483 1886 1424 2349 802 1495 652 470 1404 1706 1743 1849 1912 968 1583 2257 2388 2423 1480 466 2416 894 260 1432 99 1740 129 419 420 528 586 792 1433 1434 1155 1619 1116 1120 1391 2296 2414 1400 
2363: 622 2131 1819 446 2327 454 498 669 1786 1216 349 1784 1470 399 1696 1166 82 1487 980 1657 27 558 2224 1579 858 801 329 573 1475 1218 842 720 1872 483 1625 1424 745 723 1586 2017 1011 2008 925 1983 21 37 46 49 171 203 207 211 237 325 420 426 442 472 473 501 518 537 565 575 594 599 607 608 645 672 679 695 740 761 782 789 793 795 802 873 899 926 942 958 964 969 974 982 994 1010 1072 1116 1122 1132 1139 1140 1151 1164 1168 1176 1215 1265 1289 1319 1401 1411 1484 1506 1559 1576 1658 1664 1666 1694 1713 1736 1746 1791 1800 1804 1825 1856 1881 1902 1903 1904 1913 1920 1927 1934 1940 1960 1980 1982 2083 2150 2174 2177 2198 2206 2211 2233 2235 2252 2279 2309 2433 2378 2406 2448 2432 2435 2483 2412 
842: 622 2327 14 669 2363 10 352 27 1900 2229 28 137 139 141 204 206 233 339 436 476 521 639 644 666 693 755 774 1424 1552 2342 1706 2056 2099 1370 1214 1732 846 2134 1834 1624 2136 1878 1885 2014 955 1733 1909 1163 2298 1164 2269 
1481: 622 1819 446 1407 540 669 1554 828 380 2017 1310 1139 2254 652 1484 2150 969 2041 1249 1391 2140 204 522 438 641 856 
721: 622 2131 1819 446 2327 34 498 504 669 1974 2124 85 1786 2427 1216 349 1784 228 1384 1894 1389 1657 1154 27 224 1554 1579 848 858 1497 2308 2310 1644 1553 422 680 2242 483 1886 266 2479 274 542 543 563 828 723 598 749 373 644 13 2063 30 435 487 28 35 46 58 78 101 114 145 152 160 170 174 185 191 215 270 295 296 315 318 337 365 372 419 420 441 470 479 482 485 493 503 511 528 535 539 547 577 586 587 594 597 624 632 635 666 710 718 719 784 1296 2448 1822 1837 1330 2065 832 1348 845 2153 2068 850 851 1363 1367 1881 864 1377 2286 1392 2414 2416 898 1413 2435 2444 2447 1940 1432 1654 1825 1947 1446 1742 1455 1968 950 1370 1153 967 968 969 1480 1484 1080 1489 984 985 991 1583 2020 2022 1500 1011 1526 1417 1029 1543 2099 2056 1551 2062 1167 2017 2189 1578 1071 2289 1075 2106 1619 1623 1115 1116 1120 2147 1637 2150 1643 1139 2117 2167 1270 1659 1660 2176 1160 1164 1441 1677 1663 2191 1176 1800 2217 1706 2221 1711 1209 1219 855 2412 1741 1743 1746 2259 730 1878 774 1624 946 1256 1752 2041 2279 756 2287 2288 1034 2290 2291 2292 2294 2054 770 2302 2303 2304 
2252: 622 2363 1944 2078 848 1644 801 720 373 1011 2146 1885 424 52 442 1733 372 890 2109 1555 1940 2069 1387 89 129 191 195 368 464 519 891 1289 1355 1383 1527 1732 2328 
1742: 622 2327 498 1562 669 721 1786 2427 1216 1784 427 980 1657 27 224 100 1896 1579 848 328 2073 573 1027 483 771 266 1424 563 828 487 597 1758 485 2017 1780 2014 2065 1809 139 551 1139 1800 1552 1808 1401 1061 167 168 1909 929 2150 150 2215 160 170 237 377 466 869 877 968 975 1089 1164 1208 1211 1244 1290 1377 1386 1387 1392 1583 1600 1738 1741 1939 1942 1940 2221 1743 
1619: 622 446 1407 385 386 540 669 1069 721 980 1389 146 1043 1579 573 1027 771 1048 543 1758 2017 2056 1914 295 551 1895 789 955 716 1909 2054 2049 2444 1583 2302 260 1432 1740 357 2140 739 199 243 278 471 547 874 1447 1603 
2069: 622 446 787 2252 416 1166 980 2229 720 1424 30 487 1780 185 1270 1885 802 1552 890 955 190 1940 114 191 221 234 237 701 755 891 992 1053 1122 1151 1387 1419 1445 1480 1604 1654 1765 1847 1928 2438 2414 2086 2248 2386 
2385: 622 980 486 2323 44 342 1428 1915 266 1011 296 969 1115 527 661 1297 1374 1626 1880 2113 2271 2279 
1374: 622 2131 132 498 2385 1216 1784 1917 835 1579 848 801 328 329 573 1214 2479 749 1531 1591 1940 969 1175 2256 950 1762 1257 2020 2271 1517 467 1714 2082 2391 994 280 2232 1028 1954 1184 552 161 247 389 491 494 781 988 1338 2278 2268 
1120: 622 446 2327 504 787 1305 1974 1067 1069 721 1729 1883 963 1084 1624 101 1706 1912 1583 589 1054 207 1391 1777 
2150: 622 625 2131 446 499 34 498 1974 2124 2363 1481 721 1742 85 1786 2427 1784 1456 1333 747 352 27 224 100 2445 937 1579 848 2308 1018 2310 1644 801 1580 573 483 1625 1915 266 1424 1675 274 423 563 598 373 396 2063 298 75 487 597 855 1878 1758 485 2017 1768 901 1011 1551 185 1531 2065 1270 2062 469 705 137 1809 1822 353 1414 1800 52 2369 1253 372 539 761 789 1401 974 470 1532 1110 2204 1888 2412 1404 473 991 2054 28 29 101 60 109 117 120 141 160 162 170 174 191 205 213 225 258 283 339 365 377 402 404 418 421 441 443 493 497 509 546 547 583 640 718 719 756 790 803 822 845 863 873 888 899 950 968 969 973 975 985 1010 1029 1034 1076 1080 1115 1116 1135 1136 1141 1153 1160 1167 1209 1215 1219 1228 1231 1239 1249 1255 1266 1267 1295 1330 1347 1359 1367 1377 1392 1396 1400 1413 1417 1435 1438 1441 1446 1455 1458 1496 1519 1542 1550 1578 1582 1583 1587 1602 1605 1631 1637 1660 1663 1694 1699 1706 1740 1741 1743 1746 1782 1789 1825 1911 1931 1939 1940 1947 1981 2006 2059 2106 2113 2125 2321 2326 2343 2401 2388 2393 2425 2426 2286 2264 2444 2287 2167 2288 2176 2291 2293 2217 2221 2228 2259 2202 2463 2289 2290 2292 2294 
1391: 622 953 446 2327 132 1067 1069 1481 1120 1303 793 293 353 1706 2080 1847 2388 1600 118 1054 1324 278 419 420 509 528 2485 2414 
2414: 622 2437 498 1069 721 2069 1391 399 1681 1696 1333 747 1303 980 1027 771 2024 1758 2017 139 1885 802 1495 1895 2309 1583 1563 1332 2424 667 2182 1078 1823 2012 365 213 256 547 895 903 1320 1416 2067 2251 
1912: 622 541 446 34 498 504 1305 1974 1067 1069 1120 1456 1333 2063 2482 1780 479 145 703 868 985 1141 1582 2454 2041 
1592: 622 639 928 
1159: 622 1457 2437 541 446 427 980 354 1657 1976 573 1157 2479 1011 1551 22 2032 185 1270 2253 1181 551 1913 1713 844 88 729 877 899 908 1129 1158 1552 1818 1438 2483 1319 1450 1257 1597 1356 1753 2433 1208 
75: 625 541 2150 1331 2439 165 1333 747 980 2260 706 2323 848 2308 1644 1218 483 274 542 423 563 598 13 2063 30 298 1763 435 1586 2482 492 2313 1725 1310 808 2147 1323 1332 845 855 1878 1881 1883 1884 118 901 1940 1943 925 1451 1455 950 1484 975 1495 1997 985 485 2017 1009 1526 2041 2055 1046 487 2082 2091 1080 2106 1600 2113 2125 597 599 96 2144 1128 113 626 1139 2159 2160 1150 2189 666 1687 160 1691 167 168 1208 1211 191 2249 1746 1749 2264 1761 1762 1764 1768 2283 2286 2287 2288 2289 2290 2291 2292 2293 2294 439 1800 
96: 625 75 85 2427 2115 1456 2320 858 1635 2308 671 1878 1531 2065 1361 927 1532 696 2167 2321 805 1845 1367 1392 1441 1455 497 546 1599 2125 698 1199 1789 1605 877 2221 1932 1427 1684 2453 1693 1060 1825 1064 2212 1829 303 1117 2011 1375 2297 1949 
134: 625 498 1786 1216 1784 1579 1625 1424 902 2017 1011 955 1378 696 546 84 1198 285 1246 549 1381 
224: 625 1819 499 2327 540 669 721 1742 2150 532 1786 2427 1784 647 835 1696 980 354 5 27 28 29 37 60 67 100 101 140 141 150 167 168 1814 801 2333 302 2346 2349 2351 2352 2353 1131 320 2361 1348 328 329 1865 1867 1049 539 1377 2396 1381 1893 1386 1387 1564 840 2412 2417 1909 1404 396 1418 398 1424 2444 1939 921 2449 2455 2468 434 439 1484 466 473 479 991 483 485 2022 1011 503 1526 513 2044 1031 2051 2054 2056 528 1552 1048 2073 1568 554 561 1084 2110 1095 591 1110 1624 607 1688 1644 1139 1648 1947 1161 1162 2183 1054 1170 848 671 2204 1089 2215 1706 688 1631 2228 1211 599 1219 1743 1285 730 225 761 773 1290 1800 
225: 625 500 540 669 2150 224 1786 1784 835 1681 1894 2323 848 1644 671 320 1027 1424 1048 2138 749 2017 1893 1011 2032 705 2349 802 1800 1552 372 167 929 529 2110 2167 2444 877 2455 140 1480 1211 2399 2361 982 434 1740 398 141 1089 1131 1773 1290 
274: 625 1819 541 34 386 540 669 721 2150 75 2427 1470 1945 1456 848 858 2308 1644 1049 671 1317 1027 483 12 1675 13 160 1550 2063 789 791 1688 466 1822 808 1448 1763 2041 2471 1455 563 2167 1792 1209 828 364 959 2239 968 1768 2383 975 1997 723 597 598 855 1367 985 1878 423 479 1749 1150 1758 485 2017 2221 2147 542 2024 626 373 2326 998 543 894 901 1377 2182 1800 
303: 625 96 1786 2427 1216 1784 835 673 1456 2320 858 1635 2308 573 1214 771 563 644 1878 2017 1531 2065 927 1532 2109 696 2167 2049 2321 805 1845 1367 1392 1441 1455 497 546 1599 2125 2217 698 1789 1257 1605 191 2453 2011 368 594 1932 1427 1060 1064 2212 1829 1949 1703 2297 1117 1246 1375 1148 
321: 625 980 483 1768 2116 802 1792 657 2326 145 
323: 625 446 1470 835 399 1696 1456 1333 747 82 352 100 2323 858 1012 680 266 2063 1586 855 1878 1768 1150 901 185 2065 689 18 28 105 150 190 258 264 1804 791 1550 2326 1310 2333 1320 810 1830 1332 1841 1845 1852 1348 343 1367 864 2396 2406 2412 1911 903 1932 1940 1949 1950 1446 1450 1455 950 1829 1973 1474 975 985 2011 2015 491 2022 1010 511 1543 1034 2057 1055 546 1064 562 1599 1605 2125 1617 600 1119 1628 1124 2147 1639 1136 635 1148 1149 640 1153 2189 1693 1695 2212 2217 1532 2042 1713 698 2238 719 1246 1249 2271 439 1789 1795 1800 
343: 625 541 34 386 540 669 323 2427 1917 1470 1043 1554 422 1317 2229 771 543 828 1878 2017 2253 2062 1310 600 539 167 2429 2110 1947 1982 2189 2444 2221 1486 2389 1688 1506 635 1127 1257 368 888 1126 2050 1034 
364: 625 274 1016 423 563 598 749 380 396 1763 597 855 1878 485 2017 626 1800 2326 1367 1455 1550 975 2373 2221 198 
423: 625 541 34 386 540 2150 75 274 364 85 2427 1216 427 1945 673 980 1894 858 2308 1644 1317 1027 306 483 771 266 12 1675 542 543 13 167 171 264 273 373 2326 808 855 828 1386 2383 1367 1878 894 1940 925 1947 929 424 426 1960 2471 1455 1461 959 1480 975 1997 985 485 2017 2024 1550 2063 998 563 597 598 600 1630 2147 626 2167 1150 1688 1198 2221 1209 2239 723 1749 2266 1758 1763 1768 1792 1800 
485: 625 1819 541 34 385 540 669 721 1742 2150 75 224 274 364 423 85 1331 2427 1216 416 427 835 2439 1944 673 165 1333 747 1345 336 980 1894 1154 27 100 146 2323 1579 848 2308 1049 1306 671 1317 1580 573 320 1027 483 1625 1915 771 266 1424 1048 542 543 563 598 644 13 2063 30 1763 435 1586 2482 492 487 597 855 1878 131 160 167 170 174 191 197 237 325 337 372 464 466 472 784 789 2326 1804 802 808 1378 1332 1842 975 2369 1367 857 860 863 1738 1377 1893 1387 2249 1392 1565 890 891 1413 1416 2444 1401 1940 923 925 1556 1455 2487 1980 968 969 1480 1482 1484 1495 903 2017 2022 1011 2041 1334 2054 2056 1550 1551 1552 2065 550 1153 1256 1583 1584 1088 1089 2109 585 587 1942 1128 626 1139 2159 635 1150 1867 1663 2176 1158 1668 1163 1164 1167 657 666 668 1688 2221 1710 1209 1211 2231 1733 718 719 1740 1741 2254 529 1768 1780 2127 1792 1800 
497: 625 541 2327 34 386 540 2150 96 303 2427 1917 1470 1456 2199 2320 858 1635 771 2138 1878 1011 156 1217 1531 2065 1310 927 1532 1997 696 805 1845 1367 1441 1953 1455 950 1932 1427 1939 2453 546 1949 1060 2125 1064 2212 1829 1330 698 1599 1605 715 2259 1375 2011 1691 2041 2297 1789 
546: 625 953 1819 541 2327 34 386 540 2150 96 134 303 323 497 85 2427 1216 1470 835 1696 1456 980 146 1043 2320 858 1635 2308 1644 801 771 543 2471 487 1878 2017 1551 1531 2065 1683 1575 925 1310 1713 372 927 1532 1484 1997 696 2167 2321 805 1845 1367 1392 1441 1446 1455 968 118 138 157 348 425 807 1829 824 850 1879 1375 2425 2440 1427 2453 1949 2011 2031 547 1060 1064 1089 1599 1605 2125 1117 2147 1932 2212 1703 2217 698 1210 2388 2297 1789 
563: 625 1819 541 34 386 540 669 721 1742 2150 75 274 303 364 423 485 85 2427 1470 1945 980 1894 2323 1428 1579 848 858 1644 1049 671 1317 320 1027 483 266 12 1675 1048 542 543 2471 13 160 167 170 373 429 487 521 2326 1804 828 2383 1367 2239 1878 1377 1392 894 901 1940 1942 1949 1455 1461 959 968 975 1997 2017 2024 998 2041 1550 2065 1050 2091 1583 1089 597 598 2116 626 2167 1688 1693 2221 1713 1209 701 855 1738 1741 723 1763 1780 1792 1800 
597: 625 1819 541 34 386 540 669 1067 721 1742 2150 75 274 364 423 485 563 85 1786 2427 1216 1784 427 1470 1696 980 1016 1579 848 858 2308 1049 671 1317 306 483 266 598 396 13 2063 30 1763 487 25 139 160 167 168 170 171 278 791 2326 805 808 855 1367 1878 1377 877 1392 894 1940 1942 1947 1655 1455 1461 968 1484 975 1997 985 989 2017 1583 1014 998 2041 1550 1551 2065 1089 600 2147 1688 626 2167 1150 1153 2221 1209 2240 1738 1741 1749 1758 1768 1780 1792 1800 
598: 625 1819 541 34 386 498 540 669 721 2150 75 274 364 423 485 563 597 85 1331 2427 427 835 2439 1945 673 1303 336 980 1154 146 2323 1554 848 2308 1644 1553 1049 671 1317 1027 483 266 12 1675 1048 542 543 2471 828 959 2239 2024 723 13 30 167 264 372 373 419 435 487 492 522 791 2326 802 808 2147 2383 1367 1878 1377 890 901 2444 1940 925 1947 1455 1461 2482 1484 975 1997 985 2017 1005 1011 1531 2041 1550 2063 1050 998 1586 1128 1688 626 2455 1150 1664 1161 2221 1209 1749 1758 1763 1768 763 1792 855 1800 
2320: 625 541 34 386 540 96 303 497 546 532 1456 1487 6 1043 1065 60 246 350 412 537 543 573 594 696 698 805 858 901 927 1007 1024 1026 1060 1064 1117 1150 1367 1375 1392 1427 1455 1461 1491 1531 1532 1599 1605 1635 1789 1799 1829 1845 1847 1878 1932 1949 2011 2065 2125 2212 2297 2308 2480 2453 
2321: 625 953 541 34 386 669 2150 96 303 546 2427 835 1894 858 2308 487 2017 1150 2065 2369 927 789 2351 969 2167 1064 1104 1117 1133 1290 1324 1367 1392 1441 1455 1569 1588 1749 1789 1829 1845 1879 1932 1939 2011 2147 2212 2264 2388 2454 
2326: 625 541 34 386 669 2150 274 321 323 364 423 485 563 597 598 85 2427 1917 1470 1012 2034 298 1763 855 1878 2017 1768 626 2065 1800 1883 974 657 1484 1947 49 264 273 874 975 1025 1124 1135 1148 1289 1367 1419 1455 1550 2221 2432 
805: 625 2437 2131 34 96 303 497 546 597 2320 427 1456 82 2078 1043 858 1635 1644 773 828 1878 2017 901 1531 2065 139 802 1041 1139 927 1532 696 784 611 698 1932 1425 1427 1845 2453 1060 1064 2212 1199 1455 819 1829 1215 1599 1605 2125 1746 1367 1375 1499 2011 2297 1789 1949 
1829: 625 541 96 303 323 497 546 2320 2321 805 2427 1216 1470 1456 858 1635 2308 1878 1531 2065 927 1532 696 2167 1845 1367 2386 1392 1441 1455 1599 2125 698 1789 1257 1605 1600 2453 2011 1932 1427 1060 1064 2212 1117 1375 1703 2186 1949 2297 
1324: 625 953 1407 1391 2321 1786 1945 1579 1580 1915 771 479 469 705 1671 1648 551 1713 1495 2352 1446 339 318 467 1094 2182 1480 2041 466 703 756 2331 1693 99 2298 357 586 638 700 701 772 785 867 1232 2250 1352 1869 1396 
824: 625 546 1696 354 1015 1016 1657 2323 1043 1018 573 2471 2024 113 640 696 1455 698 819 1851 2271 181 2011 1102 1932 1064 1949 121 1148 484 509 552 1246 2031 895 
1845: 625 1819 541 556 34 96 303 323 497 546 2320 2321 805 1829 1786 2427 1216 1784 1470 835 1456 1333 1017 305 858 1635 2308 2229 1424 723 487 1878 1758 1150 1011 1780 1531 2065 1220 1046 1883 652 927 1532 1484 1997 696 2167 2049 196 258 348 377 433 547 698 718 719 873 977 984 1024 1060 1064 1096 1117 1148 1257 1367 1375 1392 1427 1441 1455 1468 1480 1583 1599 1600 1602 1605 1691 1761 1789 1879 1884 1932 2453 1949 2011 2013 2388 2055 2101 2125 2134 2147 2212 2217 2297 
835: 625 2131 540 1374 224 225 303 323 485 546 598 2321 1845 2 2427 1917 1470 33 61 73 113 121 145 165 170 185 190 219 258 264 266 305 328 341 348 396 474 486 487 528 542 547 562 571 600 626 657 680 689 696 698 707 724 747 773 774 801 810 1804 1809 1888 1040 1309 1330 2350 1333 1046 1344 1856 844 1356 1361 855 1367 858 2390 1883 1380 1381 2401 1392 2412 1908 901 903 1932 2444 2453 1947 2456 1949 2167 1450 1454 1455 1456 968 975 2015 991 1509 1516 1246 1008 2032 1332 1417 1532 1024 1034 1550 1551 1043 2063 2065 1060 1583 1584 1586 1852 1599 1605 2122 1615 1115 1116 1119 1628 2142 839 1134 1136 1148 2169 1441 2189 1687 1693 1695 2125 1531 2217 1706 2221 1713 1209 1213 2239 1222 2253 1878 1624 1253 1761 1768 1270 1789 2308 2310 1800 
848: 625 2410 2131 541 446 2327 386 1305 2124 721 2252 1742 1374 2150 75 224 225 274 485 563 597 598 2427 1696 1456 1894 1017 1657 27 100 6 2078 1074 1554 1428 1579 24 28 30 33 37 57 58 74 78 79 80 83 91 101 114 127 129 131 143 150 156 160 169 174 191 223 226 231 237 241 253 283 285 294 302 326 328 329 333 351 357 372 373 394 410 433 434 435 436 437 440 442 448 456 461 473 476 478 483 487 495 501 503 511 519 521 535 561 562 572 606 619 627 657 689 703 741 745 746 749 753 770 772 773 784 786 789 801 820 827 829 837 839 841 843 845 847 1801 2396 2412 2333 1825 1348 2338 2231 1831 1940 1328 1378 2352 1335 1903 1270 1155 849 1367 1644 1137 1377 2401 874 876 877 1899 1392 2074 1398 1113 2413 1401 1404 896 1409 1920 1638 903 2432 1417 1424 1645 916 917 1430 1046 2308 2453 2455 929 2459 934 1446 893 1959 979 943 2481 956 2485 1153 873 963 1478 969 984 974 1489 2429 991 1878 1000 1862 1777 2034 2039 1271 1538 1334 1031 1034 1080 2055 2056 1551 2456 1060 1762 1150 2473 1070 1596 1694 1081 2031 1593 2106 2206 2447 1615 1616 2017 1115 1116 2113 1629 2149 1764 1521 1135 1138 2159 968 2287 2165 1654 2065 2174 1610 1778 1160 1161 1162 1670 2189 1231 1647 1867 1583 2204 1783 2207 2444 1702 1706 2223 2213 1937 1209 2228 1211 1141 1350 1223 2244 1228 2046 1738 1739 2294 1746 2048 1243 1244 2160 1251 1768 1761 1965 2280 904 2286 2138 2288 2289 2290 2291 2292 2293 2054 1546 2304 1630 1292 1797 1800 
2381: 625 647 558 6 2095 1976 1428 59 123 138 188 208 219 249 256 259 379 439 472 488 521 588 589 593 600 628 646 726 730 771 840 847 876 880 890 891 916 947 960 986 987 1004 1028 1031 1083 1110 1112 1287 1315 1360 1425 1501 1512 1523 1635 1651 1721 1762 1857 1884 1909 1914 1975 2011 2058 2082 2193 2202 2206 2324 2461 2416 
855: 625 1819 498 669 721 2150 75 274 323 364 423 485 563 597 598 2326 835 2427 1470 1333 228 2323 305 2308 644 13 2063 1763 67 139 140 141 160 206 322 353 375 433 626 699 798 808 1809 1310 1822 2348 1332 1847 1367 1878 868 877 1903 890 901 1928 1942 1455 1973 965 966 1483 1484 975 976 1488 985 1835 2007 2008 991 2017 1034 1550 2080 1624 2147 1656 1150 2221 1713 1730 1743 1749 1765 1768 1780 864 2307 1800 
1367: 625 1819 541 34 386 721 2150 96 274 303 323 364 423 485 497 546 563 597 598 2320 2321 2326 805 1829 1845 835 848 855 1786 2427 1216 1784 1470 1696 1456 1016 858 1635 2308 1644 573 1872 483 1886 771 397 2138 1763 1878 1758 2017 626 1531 2065 925 1713 1800 927 1532 1484 2309 696 1208 1947 969 2167 160 191 196 211 398 491 509 547 571 698 703 877 897 915 962 975 982 1060 1064 1117 1274 1300 1375 1392 2436 1932 1427 2453 1949 1441 1455 2011 2022 1550 1599 1600 1605 2125 2212 2221 2297 1789 
858: 625 1819 541 34 386 540 2363 721 96 274 303 323 423 497 546 563 597 2320 2321 805 1829 1845 835 1367 2427 1216 2115 1470 673 1456 1016 1017 2199 6 1043 160 340 483 487 491 547 594 626 696 698 1330 2361 1872 2384 1878 1879 1375 1392 894 901 908 1932 1427 1939 2453 927 1947 1949 1446 1455 1981 2429 2011 2017 998 1531 1532 1034 1551 2065 1060 1064 1580 2097 1599 1605 1102 2125 2134 1635 2147 1139 2167 1180 1953 2212 1196 1198 1212 2253 2388 2297 1789 2308 1800 
1878: 625 541 34 386 540 669 842 721 2150 75 96 274 303 323 343 364 423 485 497 546 563 597 598 2320 2326 805 1829 1845 835 848 855 1367 858 85 1786 2427 1216 349 1784 427 1470 673 1696 1456 354 1894 2323 937 1635 2308 1012 328 1049 422 1317 1625 542 543 828 644 13 2063 1763 139 185 199 227 278 348 377 398 503 522 626 666 696 698 798 808 856 888 894 901 925 927 950 975 976 985 998 1060 1064 1126 1127 1150 1163 1198 1206 1209 1246 1270 1323 1375 1392 1409 1427 1455 1484 1506 1531 1532 1550 1551 1599 1600 1605 1688 1713 1749 1768 1789 1800 2297 2062 2432 1932 2453 1947 1949 1997 2011 2022 2065 2017 2444 2125 2134 2141 2147 2167 2212 2221 2253 
863: 625 1457 1421 669 2150 485 48 1306 483 1583 154 387 2181 1165 
1375: 625 2327 96 303 497 546 2320 805 1829 1845 1367 858 1878 1456 2078 1635 1118 483 1531 479 2065 927 1532 696 1455 1599 2125 698 1789 1605 2453 2011 1932 1427 1060 1064 2212 1355 1949 2297 
1884: 625 541 2327 34 386 75 1845 2381 85 165 1333 747 1729 1487 980 354 1657 706 305 801 328 329 1306 573 63 1625 1157 2479 745 689 1361 1713 1046 52 1883 890 1401 1532 2049 142 256 258 285 286 318 348 390 433 478 480 503 549 562 578 635 748 903 962 982 1134 1148 1156 1246 1323 1332 1339 1491 1499 1547 1565 1606 1656 1689 1691 1702 1757 1761 1762 1764 1823 2331 2384 2002 2022 2055 2143 2144 2191 2249 2280 
1392: 625 1819 541 499 34 386 540 1421 669 721 1742 2150 96 303 485 546 563 597 2320 2321 1829 1845 835 848 1367 858 1878 1786 2427 1216 1784 1944 980 937 1428 1579 1379 2308 2306 2310 1012 1644 1049 1872 483 771 266 412 542 543 487 1758 2017 1893 901 1780 2065 2062 705 925 353 1800 927 789 1110 167 168 1461 1997 529 1208 1940 1947 969 2167 1377 129 160 170 174 264 307 662 888 968 975 1034 1054 1064 1089 1117 1176 1211 1825 1402 1688 1932 2444 1942 1441 1449 1455 2440 2011 1583 2041 2090 1605 2125 2134 2031 1693 2212 2217 1738 1741 2283 1789 
1404: 625 541 386 540 669 1069 2150 224 848 1786 1784 1681 1303 1016 1017 27 100 1896 2078 115 1018 1644 328 1027 1625 1048 2138 1893 1011 925 1792 2369 1733 1808 167 150 434 506 529 639 640 694 713 861 969 989 1119 1126 1161 1211 1370 2334 2444 2301 1997 2371 1867 
894: 625 1069 274 423 563 597 858 1878 85 2427 2017 626 925 1800 1835 167 168 991 2167 2221 998 931 1582 1611 
1917: 625 541 1374 343 497 2326 835 2 22 61 82 98 100 120 150 185 186 190 194 220 246 254 258 266 279 296 354 397 420 439 479 488 501 542 549 558 594 600 626 689 707 732 735 742 781 828 864 888 927 968 980 1025 1027 1034 1043 1046 1055 1057 1075 1148 1153 1204 1246 1329 1413 1446 1449 1454 1456 1470 1475 1476 1497 1541 1551 1559 1599 1617 1653 1657 1696 1768 1800 1804 1883 1911 2350 2412 1932 2444 1947 1949 1953 2479 2011 2015 2055 2056 2078 2099 2108 2122 2147 2454 1950 2189 2217 2239 2242 2249 
2427: 625 2131 541 446 2327 34 386 498 540 669 721 1742 2150 96 224 274 303 343 423 485 497 546 563 597 598 2321 2326 1829 1845 835 848 855 1367 858 1878 1392 894 85 2 1786 27 58 98 118 131 160 167 168 170 185 266 320 372 427 438 472 483 484 487 515 522 529 543 547 601 626 644 662 696 698 705 732 749 771 774 796 828 832 888 890 899 912 925 927 950 951 968 969 975 980 991 998 1011 1012 1034 1043 1050 1064 1089 1115 1117 1127 1153 1160 1207 1216 1219 1231 1234 1270 1283 1317 1341 1342 1345 1377 1399 1417 1441 1446 1455 1461 1470 1484 1491 1497 1531 1532 1551 1570 1579 1582 1583 1624 1635 1690 1691 1693 1696 1706 1713 1730 1732 1733 1738 1741 1758 1780 1784 1789 1800 1855 1885 1914 1928 1932 1940 1942 1947 1949 1953 1968 1997 2011 2017 2020 2021 2029 2031 2032 2041 2049 2062 2065 2080 2138 2147 2167 2190 2195 2212 2217 2221 2228 2235 2239 2308 2310 2332 2404 2487 2444 2448 2454 
1417: 625 541 34 386 540 721 2150 835 848 2427 427 673 1017 542 543 2204 2215 398 434 638 1211 1231 1818 1499 
1932: 625 96 303 323 497 546 2320 2321 805 1829 824 1845 835 1367 858 1878 1375 1392 1917 2427 1216 1470 1456 1635 2308 1531 2065 927 1532 696 969 2167 1441 1455 1599 2125 698 1789 1605 1764 191 118 2453 2011 992 1060 1064 1117 1427 1949 2212 2301 2297 
1427: 625 96 303 497 546 2320 805 1829 1845 1367 858 1878 1375 1932 1456 1043 1635 1872 1531 2065 1310 927 1532 2061 696 1455 1599 2125 698 1789 1605 118 325 2453 2011 1979 1060 1064 1949 2212 2297 
1428: 625 130 128 540 669 2385 563 848 2381 1392 85 1263 165 10 82 354 228 1657 27 2199 6 1172 2323 1976 74 102 160 174 215 223 256 320 337 363 388 429 472 478 479 482 515 586 671 676 680 771 776 778 802 877 891 968 986 988 991 992 1011 1012 1031 1048 1049 1050 1052 1132 1138 1170 1214 1217 1317 1424 1850 2361 2394 1886 2416 1914 2444 1433 1434 2466 2487 2022 1524 1525 1545 1555 1601 1686 1635 1648 1673 1693 2308 2298 
925: 625 130 2131 1819 132 386 540 1421 2363 75 423 485 546 598 1367 1878 1392 1404 894 2427 1786 747 486 100 1579 2308 1644 329 680 568 2242 483 266 2063 435 2482 487 2017 1768 1150 1058 1990 1551 2032 2065 18 137 57 60 78 114 117 124 145 160 164 170 171 194 198 204 212 258 344 366 368 372 379 384 389 418 420 421 444 493 525 640 657 658 701 703 719 781 783 784 789 790 803 843 845 864 883 2318 1825 2346 2352 1341 1342 1858 1371 1376 1377 1477 2401 1393 2415 1907 1911 1918 1414 1822 2444 1940 1942 1946 1947 1446 2464 1450 1451 1455 1973 1471 1985 1986 968 975 985 991 1516 1008 2037 2041 1504 1542 1034 1035 1037 1038 1693 2074 2189 1578 1582 1583 1080 1590 2022 2106 2023 1602 1617 1115 1116 1127 2148 2153 2154 2454 1654 2167 1153 1155 1356 1272 2184 2190 1176 1177 1953 2055 1694 1700 2221 1441 1735 1746 2388 1765 1770 1266 1267 2287 2290 2292 1883 2296 1036 1792 2304 
2453: 625 1457 96 303 497 546 2320 805 1829 1845 835 848 1367 858 1878 1375 1932 1427 1786 1216 1784 1696 1456 1635 81 749 396 1586 1551 1531 2065 1310 345 927 1532 1484 696 969 2167 1455 1583 1599 2125 2217 698 1199 1789 1605 2147 493 169 348 398 662 1060 1064 1148 1949 2011 2212 2297 2361 
927: 625 541 128 669 96 303 497 546 2320 2321 805 1829 1845 1367 858 1878 1375 1392 1917 2427 1932 1427 2453 1470 1456 1635 2308 542 2239 1011 1551 1531 2065 689 600 24 488 501 696 698 748 2444 1949 1441 1060 1064 2212 1532 1075 2350 1599 1789 968 2125 1241 1117 991 1455 1605 2011 2167 2297 1164 
1949: 625 541 96 303 323 497 546 563 2320 805 1829 824 1845 835 1367 858 1878 1375 1917 2427 1932 1427 2453 927 1216 1470 1456 1043 1635 1644 573 1011 1531 2065 890 955 1532 1909 696 1455 1599 2125 698 1789 1257 1605 191 1480 1600 1010 2011 2361 758 557 1060 1064 2212 2297 121 398 512 1198 1246 1356 2296 
1148: 625 541 386 669 303 323 2326 824 1845 835 1884 1917 2453 1216 1470 1043 1644 329 1157 1531 1310 1013 113 2412 696 2167 1446 698 118 1009 912 2361 121 735 899 904 1703 
1913: 625 1457 34 386 2363 1159 1786 1784 1944 1945 1696 1303 980 483 2479 828 22 2032 2253 1181 1310 1315 551 54 335 575 620 789 899 955 1139 1356 1713 1773 1960 2075 
1455: 625 541 34 386 454 540 669 721 2150 75 96 274 303 323 364 423 485 497 546 563 597 598 2320 2321 2326 805 1829 824 1845 835 855 1367 858 1878 1375 1392 2427 1932 1427 925 2453 927 1949 1786 1216 1784 1470 673 1456 1015 1657 305 1635 2308 1012 1644 801 2229 573 723 2063 1763 487 2017 1768 626 1150 1011 765 808 1551 1531 479 2065 1800 372 1532 167 1196 1484 1997 2061 1161 696 1947 2167 873 1441 108 118 157 170 174 196 348 377 398 484 547 698 718 719 968 975 977 985 1024 1060 1064 1096 1117 1134 1246 1879 1921 1605 2011 1550 2101 1599 1600 2125 2134 2147 2212 2217 2221 1749 2388 2297 1789 
1456: 625 498 669 2150 1912 96 274 303 323 497 546 2320 805 1829 1845 835 848 1367 858 1878 1375 1917 1932 1427 2453 927 1949 1455 1216 1470 1263 4 78 264 320 353 466 486 487 696 698 747 922 962 1018 1043 1060 1064 1094 2063 2065 1694 2212 1532 2022 1605 1600 1484 2125 2011 1599 1644 1759 1635 1531 2024 2041 2297 1789 
950: 625 1819 541 34 669 721 1374 2150 75 323 497 1878 2427 1216 427 1044 1681 1487 980 1657 2323 1644 663 2073 723 1758 2253 139 1713 1139 1800 2452 1808 113 167 190 1484 1997 1953 160 174 588 719 2189 2125 1842 2106 1323 1981 1491 1746 2175 2303 2071 
1470: 625 130 2327 301 2363 274 323 343 497 546 563 597 2326 1829 1845 835 855 1367 858 1878 1917 2427 1932 927 1949 1148 1455 1456 85 2 1786 28 43 61 73 142 146 150 185 186 190 193 194 204 215 220 258 260 266 279 289 290 295 296 298 306 325 368 376 429 466 467 470 479 488 491 501 502 511 542 549 553 599 600 626 635 638 657 673 680 687 689 700 703 704 707 719 742 747 768 781 784 790 803 828 832 839 864 889 907 929 955 964 968 975 976 980 985 1003 1010 1011 1014 1031 1034 1046 1055 1075 1089 1116 1122 1124 1134 1139 1153 1167 1191 1204 1209 1214 1246 1309 1332 1333 1356 1361 1389 1441 1446 1450 1454 2323 1814 1823 1856 2406 2390 2396 2350 1892 1804 1841 1911 1914 2432 1908 1825 2249 1940 1942 2166 1947 1953 1973 2483 2426 1497 1501 2011 1531 1542 2184 2153 1550 2061 2070 2189 1579 2090 1761 2444 2022 1599 1768 2122 1615 1659 2147 1944 2032 1653 2065 2120 1950 1677 2197 1693 1800 2212 2217 1617 2042 2239 2125 1598 2227 1708 1541 1765 2279 2307 1883 2297 1789 2304 2309 2310 
968: 625 541 1407 2327 34 386 498 540 787 669 1069 721 1742 2150 274 485 546 563 597 835 848 1392 1917 2427 1428 925 927 1455 1470 1786 1784 416 427 2439 1944 673 165 1333 747 336 980 1894 1017 1154 2199 146 2323 305 1579 115 1644 801 329 1049 1306 671 1317 680 1580 568 1027 720 483 1625 1915 771 266 1424 2479 745 1048 542 543 2239 373 644 1050 487 1758 2017 1893 1780 1551 2065 2116 689 139 295 1181 802 1713 600 440 1792 1800 1495 372 337 789 890 2109 2204 657 167 168 1888 1997 991 2054 529 1867 2215 1208 1555 1940 1947 969 784 1377 873 2444 1441 73 131 140 157 160 170 237 357 362 383 434 464 466 488 493 501 515 518 547 582 624 655 666 668 700 701 703 704 806 819 860 903 905 915 934 1309 2343 1215 1842 1847 2359 1855 1350 1352 1354 1738 1881 1882 1688 1381 2163 1939 2448 1942 2251 1956 2474 1480 1482 2001 1500 1413 2350 1530 2041 2057 1167 1565 2082 1075 1332 975 1089 1600 1094 2122 2036 1114 2135 1604 1638 2159 2455 1866 1184 2213 2039 1210 1211 1334 2249 1741 2255 2278 1246 1765 1583 2298 1789 
1484: 625 499 500 34 498 1974 2363 1481 721 75 224 485 546 597 598 2326 1845 855 1367 1878 2427 2453 1455 1456 950 85 800 165 1696 1333 747 980 1017 1154 27 1172 305 2308 1644 801 1049 1598 1475 1476 483 1886 1915 1048 2239 723 373 2063 1050 2482 487 2017 1768 1011 1780 1551 2032 185 1270 2116 2062 802 2339 2021 372 657 1194 190 73 142 145 160 170 191 258 307 322 344 420 433 455 547 578 700 701 718 719 752 803 845 860 903 975 991 1034 1080 1115 1153 1356 1377 1383 1386 1413 1423 1425 1441 1446 1450 1802 1804 1823 1825 2374 2406 1927 2249 2447 1940 2454 1589 1660 1488 2022 1515 2054 2071 2373 2444 2104 2106 1605 2288 2189 1688 2217 2221 1725 2240 1730 2255 1746 1749 2268 2388 1759 2278 2286 2287 2289 2290 2291 2292 2293 2294 1545 1789 
975: 625 2131 1819 541 1421 669 1742 2150 75 274 323 364 423 485 563 597 598 2326 835 855 1367 1878 1392 2427 925 1455 1470 968 1484 85 1216 165 1333 980 100 2323 1579 2308 483 1886 266 745 2063 1763 2482 487 2017 1768 626 1150 1780 808 2056 2065 1809 699 1822 679 353 1800 1883 372 2109 2412 991 1940 1175 2080 1377 1550 1583 1153 160 170 1386 1942 57 67 141 191 206 212 213 433 548 574 868 907 943 1903 1415 1741 1973 985 1029 2094 1081 1089 2147 1656 1165 1691 2221 1738 1749 2264 2278 2307 
1493: 625 499 2327 500 498 416 706 1118 671 296 25 47 79 90 317 521 674 1410 1911 1779 
985: 625 1819 541 2327 721 2150 1912 75 274 323 423 597 598 855 1878 925 1455 1470 975 2308 573 1027 771 773 2063 2482 1768 1150 1780 808 2146 353 789 400 991 2080 1982 1377 873 1034 1153 1942 67 1296 667 831 832 833 589 209 511 791 907 1174 1749 1740 2147 2041 2153 1119 1502 1541 
2011: 625 1457 541 669 96 303 323 497 546 2320 2321 805 1829 824 1845 2381 1367 858 1878 1375 1392 1917 2427 1932 1427 2453 927 1949 1455 1456 1470 1216 2439 1681 165 980 1016 1017 1657 706 2445 1635 2308 1018 671 573 1214 745 2239 2138 1586 1531 2065 1575 1532 696 969 2167 2444 1441 1599 2125 1115 698 1789 2334 1257 1605 1332 1937 1757 2401 2374 84 433 163 547 549 665 790 829 1060 1064 1117 1249 1381 1504 1703 2361 2212 2297 
2017: 625 2410 2131 1819 541 499 2327 34 386 498 540 669 2363 1481 721 1742 1619 2150 2414 75 134 225 274 303 343 364 423 485 546 563 597 598 2321 2326 805 848 855 1367 858 1878 1392 894 2427 925 1455 968 1484 975 85 1786 1216 349 1784 647 427 399 1944 1945 673 1333 747 1303 980 1389 1657 27 2323 1579 329 1317 1326 483 771 266 745 542 828 13 298 1763 1586 492 487 28 46 78 118 125 139 160 167 168 170 171 190 200 258 278 362 372 398 410 436 462 479 528 595 600 626 635 689 695 700 701 724 795 802 844 877 880 888 890 901 914 942 951 969 982 991 998 1008 1011 1029 1034 1036 1089 1115 1116 1167 1198 1208 1211 1249 1275 1330 1332 1377 1386 1387 1395 1414 1430 1438 1451 1461 1531 1532 1550 1552 1583 1626 1637 1656 1706 1713 1738 1741 1743 1746 1780 1796 1800 1804 1883 1909 1911 1940 1942 1947 1969 2015 2331 2062 2377 2416 2444 2178 2032 2042 2050 2057 2065 2080 2113 2117 2140 2160 2167 2189 2221 2235 2286 2302 
1246: 625 134 303 323 824 835 1878 1884 1917 1949 1455 1470 968 1216 349 1043 452 1012 1644 801 1758 168 1940 2167 2091 1446 1789 1257 2455 191 2361 121 547 2186 
1018: 625 386 2150 824 1404 1456 2011 85 634 2439 1681 2322 1696 1333 1303 2247 82 354 228 1015 1016 1017 1657 6 2445 2323 1554 1112 76 94 140 170 190 198 202 203 253 261 344 353 371 404 406 433 442 470 522 552 566 639 644 645 652 672 679 795 798 806 826 827 890 964 965 1013 1339 2388 1886 1388 1411 1424 1429 1431 1151 1463 1465 1475 1997 1495 1496 2015 2024 1525 1534 1553 1046 1048 2073 2110 1101 2125 1625 1626 1627 1629 1636 1194 1195 1196 1713 2227 1730 2471 2135 1761 1883 2297 1790 
1531: 625 1819 541 34 1374 2150 96 303 497 546 598 2320 805 1829 1845 835 1367 858 1878 1375 2427 1932 1427 2453 927 1949 1148 1455 1456 1470 2011 2017 1786 1216 1784 1333 1154 2199 100 1043 305 1579 1635 2407 267 1118 1553 1586 1758 2008 16 25 139 333 547 624 696 698 819 877 947 1010 1034 1055 1060 1064 1094 1115 1141 1211 1212 1302 1332 1461 1464 1491 2384 2429 1939 1953 1997 1532 2065 1599 1600 1605 2125 2186 2212 2253 2297 1789 
1532: 625 2131 541 34 2150 96 303 323 497 546 2320 805 1829 1845 835 1367 858 1878 1375 1884 2427 1932 1427 2453 927 1949 1455 1456 2011 2017 1531 85 1216 354 1043 1635 1011 2065 2253 1046 25 90 333 363 473 547 696 698 702 929 977 1007 1034 1060 1064 1110 1199 1212 1295 1461 2314 1953 2125 2212 2384 1599 1605 1600 1997 2134 1761 2297 1534 1789 2429 
1550: 625 34 386 2150 274 323 364 423 485 563 597 598 2326 835 855 1367 1878 1455 1470 975 2017 1216 349 647 2108 980 1043 1644 1763 626 2065 600 1800 171 186 278 687 713 1198 1879 2221 
1043: 625 2131 541 2327 34 1619 343 546 2320 805 824 835 858 1917 2427 1427 1949 1148 1456 1246 1531 1532 1550 2260 486 6 80 113 114 118 121 167 171 181 185 191 196 237 290 317 320 325 338 345 363 488 496 529 539 696 698 741 755 766 794 841 869 890 904 1034 1298 2351 1857 2369 1871 2384 1879 2392 1400 1401 2434 1930 1937 1441 1951 1473 1994 1506 1522 1524 1057 1060 1581 2094 2105 1599 2125 1109 2140 1640 2167 1149 1164 1165 1679 1182 2207 2212 1202 1209 2249 1290 1800 
2065: 625 541 34 386 540 1421 669 721 1742 2150 96 303 323 485 497 546 563 597 2320 2321 2326 805 1829 1845 835 848 1367 858 1878 1375 1392 2427 1932 1427 925 2453 927 1949 1455 1456 1470 968 975 2011 2017 1531 1532 1550 48 85 1786 1216 1784 427 2439 673 1696 1333 980 354 1015 1017 1657 1154 937 305 1074 1579 1497 1635 2308 1644 2073 1317 2229 1872 483 771 266 1424 542 543 2471 2239 644 487 1758 901 1780 16 1551 479 91 160 167 170 182 190 256 264 276 348 368 377 523 529 547 662 696 698 704 719 890 1060 1064 1089 1117 1196 1206 1211 1332 1377 1386 1387 1441 1461 1552 1583 1599 1602 1605 1688 1703 1738 1741 1789 1800 1883 1909 1942 1947 1997 2062 2297 2360 2444 2125 2167 2212 2126 
1060: 625 96 303 497 546 2320 805 1829 1845 835 848 1367 858 1878 1375 1932 1427 2453 927 1949 1455 1456 2011 1531 1532 1043 2065 1786 1216 1784 2078 305 1635 573 857 1161 696 1555 1599 2125 698 1789 1605 118 1064 2212 1836 2297 1149 1638 
1064: 625 541 96 303 323 497 546 2320 2321 805 1829 824 1845 1367 858 1878 1375 1392 2427 1932 1427 2453 927 1949 1455 1456 2011 1531 1532 2065 1060 1635 2308 901 156 696 2167 1441 1599 2125 698 1789 1257 1605 2186 2212 1117 2297 
1579: 625 541 2327 386 454 540 669 2363 721 1742 1619 1374 2150 134 485 563 597 1324 848 1392 2427 925 1470 968 975 2017 1531 2065 85 1786 634 416 1944 1945 673 1333 336 980 352 1894 1017 6 2323 686 2224 16 140 160 167 168 170 237 250 258 266 353 372 419 422 442 483 487 503 529 552 600 666 671 676 701 771 773 774 850 890 891 929 942 955 969 1048 1078 1089 1116 1122 1163 1164 1208 1234 1377 1378 1381 1386 1387 1413 1416 1424 1425 1499 1552 1563 2480 2059 2333 2297 2360 1893 2412 2429 1909 1939 1940 1942 1740 1741 1965 1997 1583 2041 2063 1580 1625 1644 2163 1654 2177 1780 2191 1867 2229 1721 2233 2235 1732 1733 1738 2271 2279 2298 1800 
1598: 625 1470 1484 165 1333 10 82 1012 1326 433 623 1009 1206 1277 1332 1334 1424 1565 2421 1615 1883 1761 2273 
1599: 625 34 386 540 96 303 323 497 546 2320 805 1829 1845 835 1367 858 1878 1375 1917 1932 1427 2453 927 1949 1455 1456 1470 2011 1531 1532 1043 2065 1060 1064 1216 1635 1644 1625 696 1583 118 348 651 698 1010 1789 2212 1703 1605 1600 2125 1777 2297 
1600: 625 2131 1819 1562 1742 1391 75 1829 1845 1367 1878 1949 1455 1456 968 1531 1532 1599 673 1166 82 980 2095 1379 2272 1635 2308 252 801 1915 2479 1150 1011 2062 802 1046 1980 1883 652 1835 1401 974 495 1101 617 1624 1555 1947 969 1441 1583 774 258 2267 1452 2265 1851 333 1978 74 271 299 369 547 591 650 777 827 860 1102 1249 1578 2187 1864 2474 1741 2012 
1605: 625 2131 541 2150 96 303 323 497 546 2320 805 1829 1845 835 1367 858 1878 1375 1392 1932 1427 2453 927 1949 1455 1456 1484 2011 1531 1532 2065 1060 1064 1599 48 532 1216 399 165 2199 1635 2308 1118 1048 749 1150 901 1780 185 469 470 696 1555 1746 2055 2125 698 1789 2134 819 60 1942 1847 192 207 333 649 951 977 1007 1117 1341 1534 2374 2212 2483 1785 2297 
1615: 625 835 848 1470 1598 399 800 1333 980 2095 1326 306 397 1768 1361 2330 1801 2190 971 480 964 1339 2152 2455 61 1687 1695 445 638 962 1151 1332 1356 1454 1823 2480 1852 1866 1628 2271 2280 2350 2050 1736 
1117: 625 96 303 546 2320 2321 1829 1845 1367 1392 2427 1932 927 1455 2011 2065 1064 1605 1172 1074 1554 2308 1553 266 1361 2109 2281 969 2167 1441 1789 1458 2221 1479 518 1419 1736 594 1951 2282 1804 2212 340 444 596 1435 1564 1366 1149 
1635: 625 2437 541 386 669 96 303 497 546 2320 805 1829 1845 2381 1367 858 1878 1375 2427 1932 1427 1428 2453 927 1949 1455 1456 2011 1531 1532 2065 1060 1064 1599 1600 1605 85 1216 1389 6 686 163 174 266 665 696 698 901 964 979 1118 1158 1441 2125 2212 1703 2041 1967 2407 2097 1851 1940 1997 2393 2147 1904 2297 1789 
2147: 625 721 75 274 323 423 546 597 598 2321 1845 855 858 1878 1917 2427 2453 1455 1470 975 985 1635 1944 706 2308 487 1150 1800 2388 127 547 1024 2101 
1644: 625 1819 541 2327 386 540 669 721 2252 2150 75 224 225 274 423 546 563 598 805 848 1367 1392 1404 925 1949 1148 1455 1456 950 968 1484 1246 1550 2065 1579 1599 85 416 1945 82 980 1894 27 558 2224 2310 7 1012 12 37 45 53 70 113 118 121 141 150 151 152 160 167 168 191 202 203 208 237 260 264 353 367 368 372 373 436 442 444 464 487 493 496 501 539 542 543 562 591 599 672 680 696 698 723 756 777 781 798 827 828 841 857 876 890 923 929 934 955 959 979 991 1048 1057 1058 1115 1132 1133 1139 1153 1350 1364 1377 1386 1401 1403 1430 1451 1545 1551 1552 1556 2333 1720 1895 2383 2396 1888 1889 1893 1905 1906 1920 1923 1940 2167 2471 2484 2425 2021 2094 2029 2033 2039 2043 1966 2099 2105 2109 1939 2138 2143 1688 2024 2164 1675 1867 1706 1707 2223 2230 2234 1727 2239 2301 2134 1762 2474 2295 1909 1789 1797 
626: 625 541 2327 34 386 540 75 274 364 423 485 563 597 598 2326 835 855 1367 858 1878 894 1917 2427 1455 1470 975 2017 1550 1216 1696 980 1657 2323 1049 1317 573 1625 13 1763 1758 398 2249 2462 1198 689 2254 1458 2221 1134 998 1947 2167 901 903 1800 
2160: 625 2410 385 75 848 2017 349 399 673 483 266 1586 1713 1552 789 1430 963 2046 2109 168 1909 436 1997 774 2455 61 112 387 572 645 917 1081 1274 1538 1616 1777 1902 2206 2170 
2167: 625 2131 541 34 385 386 540 669 721 2150 96 225 274 303 423 546 563 597 2321 1829 1845 835 1367 858 1878 1392 894 2427 1932 925 2453 927 1148 1455 2011 2017 1246 1043 2065 1064 1117 1644 626 85 1786 1784 427 2439 673 1696 980 1894 2323 1976 2308 1118 1049 422 1317 1625 771 1048 2138 644 1758 1150 901 2253 689 2062 705 137 1800 337 167 168 1461 28 1947 60 121 256 322 348 377 484 547 655 715 815 856 888 998 1010 1126 1127 1198 1209 1441 1450 1482 1583 1602 1613 1688 1703 1789 1823 2050 2057 2212 2217 
1150: 625 541 669 75 274 323 423 485 597 598 2320 2321 1845 848 855 1878 925 1455 975 985 1600 1605 2147 2167 1331 980 2260 242 1015 2308 573 13 2063 30 1763 435 1586 2482 492 487 1128 1768 167 168 191 285 340 383 491 657 666 748 808 1088 1691 2462 1323 2022 1842 2234 1981 1997 1943 1881 1883 2221 2283 2140 1708 
1441: 625 541 34 498 721 2150 96 303 497 546 2321 1829 1845 835 1367 1392 2427 1932 925 927 1455 1470 968 1484 2011 1043 2065 1064 1600 1117 1635 2167 1216 2308 1012 801 328 329 644 396 1011 1551 113 696 1947 98 118 157 211 388 547 605 735 782 1160 1223 2159 2212 1981 2217 2041 1789 2205 1547 
655: 625 968 2167 85 686 1118 2034 723 2138 2116 1361 1253 1940 2231 969 160 2302 46 249 434 1425 1167 1688 1479 2083 811 2097 1486 1276 1419 
2125: 625 541 2327 34 386 540 669 2150 75 96 303 323 497 546 2320 805 1829 1845 835 1367 858 1878 1375 1392 1932 1427 2453 927 1949 1455 1456 950 1470 2011 1018 1531 1532 1043 2065 1060 1064 1599 1605 1635 85 1216 82 1015 1016 1017 2445 2323 680 2229 573 542 543 1758 1011 1058 826 1310 1196 2227 696 730 2444 121 171 339 698 977 1332 1789 2104 2212 2297 
1198: 625 541 134 423 858 1878 1949 2017 1550 626 2167 1216 1263 2217 707 2139 1330 
2212: 625 1457 2437 541 2327 96 303 323 497 546 2320 2321 805 1829 1845 1367 858 1878 1375 1392 2427 1932 1427 2453 927 1949 1455 1456 1470 2011 1531 1532 1043 2065 1060 1064 1599 1605 1117 1635 2167 1441 2125 1216 1945 1696 1303 980 2308 1214 771 1586 696 1947 2444 698 1789 1761 211 547 856 977 1023 1330 1473 1879 2186 2297 
2221: 625 1819 541 386 540 669 721 1742 2150 96 274 343 364 423 485 563 597 598 2326 835 855 1367 1878 894 2427 925 1455 1484 975 2017 1550 1117 626 1150 1216 452 1872 266 1675 1048 828 1763 1768 1310 1713 1800 1477 657 1461 1743 1947 1034 120 64 181 333 1688 1740 1818 1981 
696: 625 541 556 34 386 540 96 134 303 497 546 2320 805 1829 824 1845 835 1367 858 1878 1375 2427 1932 1427 2453 927 1949 1148 1455 1456 2011 1531 1532 1043 2065 1060 1064 1599 1605 1635 1644 1441 2125 2212 1216 27 1551 1310 372 113 118 227 638 2440 1703 698 2361 2031 2297 1789 
698: 625 2327 34 386 540 96 303 323 497 546 2320 805 1829 824 1845 835 1367 858 1878 1375 2427 1932 1427 2453 927 1949 1148 1455 1456 2011 1531 1532 1043 2065 1060 1064 1599 1605 1635 1644 2125 2212 696 85 1216 747 980 1139 372 1947 118 2297 1789 2307 
1216: 625 2131 446 454 498 1974 2363 721 1742 1374 134 303 423 485 546 597 1829 1845 1367 858 1878 1392 2427 1932 2453 1949 1148 1455 1456 950 975 2011 2017 1246 1531 1532 1550 2065 1060 1599 1605 1635 626 1441 2125 1198 2212 2221 696 698 85 2 11 27 28 101 109 145 150 170 174 185 193 258 266 344 372 487 503 511 539 547 644 657 687 689 718 719 747 753 774 777 801 844 845 864 888 901 969 980 982 991 1010 1011 1024 1034 1052 1080 1095 1115 1134 1153 1213 1804 1303 1823 1825 1330 1332 1342 2364 1856 1361 1370 2388 1377 1395 2217 2444 1940 1942 1446 1450 1979 2429 2006 1510 2022 2032 1526 2054 1551 2062 2078 1578 1583 2106 2117 1622 1624 1883 1639 1654 2169 1270 1356 2189 1275 1479 1699 2056 2042 2228 2239 1282 2412 1741 2253 1746 2259 1752 1253 1761 1768 2286 2287 2288 2289 2290 2291 2292 2293 2294 1277 1789 2302 2308 2310 1800 
1231: 625 541 1407 34 386 540 2150 848 2427 1417 427 673 1017 1049 320 542 543 1552 890 1401 2204 2429 2215 434 638 1211 
1232: 625 1324 1788 292 296 1677 295 652 974 470 1972 871 1494 2154 2454 688 2298 949 
1746: 625 541 1407 34 386 540 669 2363 721 2150 75 805 848 925 950 1484 2017 1605 1216 1681 1696 1333 747 354 1894 1657 305 1554 1553 568 266 828 723 1893 689 1713 442 372 168 2061 960 2386 45 104 112 169 433 480 549 578 718 719 819 903 971 994 1010 1193 1199 1299 1332 1388 1480 1684 1702 2313 2456 1852 2462 2374 1954 2279 1818 2165 2455 2168 
689: 625 1457 2131 669 1067 323 835 848 1884 1917 927 1470 968 2017 626 2167 1216 1746 1786 1784 1681 165 1333 747 980 352 801 573 1214 1157 542 2239 644 492 1768 1551 185 17 46 84 190 196 211 256 488 501 547 549 562 600 657 1823 1323 2350 821 1339 2361 2364 1353 1356 2375 1361 2405 903 2444 1940 2456 1446 1450 1332 2037 1046 1075 1080 2106 2139 1134 1653 1156 1667 845 2184 2189 2175 1695 1702 2217 1713 1733 2249 1761 748 2286 2287 2288 2289 2290 2291 2292 2293 2294 
1763: 625 541 75 274 364 423 485 563 597 598 2326 855 1367 1878 1455 975 2017 1550 626 1150 2221 85 1331 349 2108 2308 542 13 2063 30 223 435 487 492 657 808 862 901 1076 1088 1128 1257 1289 1586 1749 2022 2482 1850 1984 2283 1768 2175 1800 
2297: 625 96 303 497 546 2320 805 1829 1845 1367 858 1878 1375 1932 1427 2453 927 1949 1455 1456 1470 2011 1018 1531 1532 2065 1060 1064 1579 1599 1605 1635 2125 2212 696 698 486 1586 1011 2332 1909 2429 969 1789 1691 2117 
1789: 625 1819 541 1407 34 386 540 2150 96 303 323 497 546 2320 2321 805 1829 1845 835 1367 858 1878 1375 1392 2427 1932 1427 2453 927 1949 1455 1456 1470 968 1484 2011 1246 1531 1532 2065 1060 1064 1599 1605 1117 1635 1644 2167 1441 2125 2212 696 698 1216 2297 1786 1784 2308 801 1580 483 1214 771 1551 296 793 1315 1495 1940 1947 969 1583 174 2217 157 348 491 547 791 1024 1109 1356 1688 1703 1740 1967 2041 2140 2269 
2301: 625 1404 1932 1644 558 686 1399 252 1510 1792 372 539 1808 2231 1639 160 1857 114 1904 1762 1133 1724 1721 2373 363 1526 439 2266 356 1132 131 1537 332 837 249 265 676 727 791 1033 1425 1450 1523 2037 2117 2186 2463 2394 
2302: 625 541 34 498 504 721 1619 2017 655 1216 85 2115 2260 686 252 1872 1424 2138 644 1414 1800 1940 2444 170 174 92 117 147 344 695 860 1078 1276 1302 1431 1688 2074 2202 
2308: 625 541 34 386 540 669 721 2150 75 96 274 303 423 485 546 597 598 2320 2321 1829 1845 835 848 855 1367 858 1878 1392 2427 1932 1428 925 927 1455 1484 975 985 2011 2065 1064 1600 1605 1117 2147 2167 1150 1441 2212 1216 1763 1789 1331 1786 1784 1944 980 6 937 1379 101 121 167 264 285 435 487 492 493 542 543 573 605 657 662 770 771 789 808 851 901 915 969 1012 1034 1048 1088 1164 1287 1380 1602 1688 1703 1768 1937 1997 2022 2138 2215 2444 
1800: 625 2131 1819 541 34 386 540 669 2363 721 1742 2150 75 224 225 274 323 364 423 485 563 597 598 2326 835 848 855 1367 858 1878 1392 894 1917 2427 1455 950 1470 968 975 2017 1550 1043 2065 1579 2147 626 2167 2221 1216 1763 2302 1786 1784 427 2439 1681 673 980 1894 2323 328 1049 1317 573 483 266 1424 745 542 543 828 487 1758 1011 1780 22 2032 185 2193 1270 802 600 92 118 157 160 167 168 170 190 237 264 436 522 531 549 638 982 998 1034 1089 1167 1190 1209 1253 1265 1341 1376 1377 1461 1552 1583 1691 1700 1738 1741 1790 1796 1813 2444 1942 1947 1950 1997 2015 2049 1933 2091 2174 2474 
27: 2410 2437 2131 541 669 2124 2363 842 721 1742 2150 224 485 848 1404 2427 1428 1484 2017 1644 696 1216 1786 634 1784 980 1894 1017 1154 5 783 2323 801 2332 2333 302 2351 2352 2353 1336 2078 328 329 2369 846 1378 2396 1888 1893 2412 1909 380 2429 396 403 1401 921 929 424 436 1461 442 448 456 1997 473 479 991 483 1012 1524 573 1032 2054 529 2061 28 29 37 52 1084 2110 1095 1622 1624 1625 607 2138 1629 100 101 613 1861 2309 640 418 1161 1162 1670 146 150 1867 671 2204 167 168 2215 1706 1713 2228 1196 1733 1743 730 226 1758 2273 749 2281 761 1208 1631 
28: 2410 669 842 721 2150 224 323 848 1470 2017 2167 1216 27 1894 1154 100 328 1027 1048 2138 396 551 1253 1401 2227 846 436 1032 1801 150 1555 1940 795 1947 822 1208 2231 2110 969 1363 472 2277 2281 418 960 
183: 2410 2327 1554 1553 671 745 822 2238 1010 1029 264 1513 1274 
237: 2410 499 1562 2363 1742 2069 485 848 968 1043 1579 1644 1800 647 800 1696 2085 1487 1017 1896 1065 2224 452 1012 1306 671 680 1580 720 483 643 412 543 373 1768 1780 1551 469 292 1809 1914 802 1139 2369 1495 372 1401 955 979 470 495 1101 617 1137 1138 2412 921 795 969 1363 1617 1241 564 1413 718 719 1710 1335 923 1334 1765 1094 2401 191 2182 2000 1480 1271 118 2264 915 2359 688 703 756 1102 2472 1282 1556 1865 1402 1432 744 166 182 701 299 1215 843 341 2181 856 1891 881 1902 535 1929 2459 2466 2475 949 973 471 992 650 1023 1055 1578 565 574 2448 605 2165 2175 1669 1165 656 1748 1694 1875 2251 1741 1771 753 762 
266: 2410 1819 541 34 385 386 498 540 1305 669 721 1742 2385 2150 323 423 485 563 597 598 835 1392 1917 2427 925 1470 968 975 2017 2065 1579 1117 1635 2160 2221 1216 1746 1800 2439 1166 10 44 671 483 1625 1915 13 145 160 170 1310 2336 2373 1377 1383 1386 1387 2412 1401 380 1909 1939 1942 2455 418 2460 1955 1461 2045 2049 487 1583 1081 1089 2109 600 614 1947 761 1713 1738 1741 1758 745 746 1780 763 
318: 2410 721 1324 1884 1786 1784 980 63 745 2383 2056 826 1713 1046 1883 1287 436 1762 55 2198 1689 1691 2331 2208 1714 2298 703 2382 2384 1761 1764 947 896 1164 
366: 2410 925 2256 42 2335 1546 
380: 2410 541 1481 364 27 266 416 673 1894 1016 44 452 671 12 37 150 197 199 200 259 351 1102 658 1425 1555 1937 1050 591 2455 2337 779 1578 1552 639 1969 2227 1591 444 1997 1983 1350 1732 1733 974 467 1092 1920 992 2062 652 1357 2021 493 1865 1521 2161 2163 1909 1403 396 767 2424 1281 1546 1919 2048 2141 2180 1234 675 
396: 2410 953 499 385 1562 669 2150 224 364 597 835 2453 1441 27 28 380 349 416 1896 252 771 12 749 25 139 150 170 174 197 199 253 304 316 381 382 1801 442 1810 955 1350 2379 1371 1372 1378 868 876 1909 1904 890 2425 1928 1937 2446 891 2455 929 420 934 1445 426 2469 436 1458 2478 444 1980 461 974 991 484 1008 1521 503 2038 517 1029 739 827 547 548 550 1590 1100 1101 1102 2141 2171 1200 1204 1743 2048 733 1346 2474 437 1791 2303 778 779 
399: 2410 2131 385 540 669 2363 2414 323 2017 1605 1615 2160 647 159 4 70 87 165 203 273 305 312 335 353 354 1296 789 1303 2323 795 1310 1554 1332 1333 828 829 2374 2375 1872 2394 1384 1389 1900 1411 1921 1415 2439 1424 2445 1944 1945 466 931 2471 1473 1475 1480 1487 1488 980 982 484 494 1011 1013 1016 1017 1334 2049 1032 1545 526 2061 1553 1044 1167 1556 1048 2078 2085 1257 2191 1586 568 1591 573 2024 1625 1181 1645 1657 639 644 645 505 1694 1166 2190 1172 1681 2199 2203 673 1696 680 1210 1217 2249 2254 433 1249 2271 745 1883 1790 773 
436: 2410 541 385 842 848 2017 1644 2160 1800 27 28 318 396 1657 706 305 1328 1027 1214 1286 745 749 644 1050 1586 1011 1713 440 1792 761 847 1895 789 890 1401 1430 963 2046 2207 1378 91 169 197 223 239 261 294 312 326 368 394 434 1801 795 804 1831 813 829 1350 849 2389 2401 1899 2159 1398 896 917 2455 2170 1993 473 476 2039 1022 1538 1334 1546 1555 535 1578 564 1081 572 1092 1610 1116 606 1638 619 628 639 2174 645 2206 1211 1724 1228 2259 1243 1244 746 752 1777 1271 951 
442: 2410 2327 669 2363 2252 848 1018 1579 1644 1746 27 396 800 1894 1015 1016 1554 452 2310 483 496 828 749 1011 1841 23 199 203 355 363 1801 666 2328 929 2206 939 1479 2052 2352 444 1386 1215 2109 713 587 1228 464 1997 2002 1602 605 1505 1632 871 493 789 2243 2159 503 2162 890 1163 639 645 1630 2373 1164 518 
444: 2410 130 446 498 925 1117 1644 380 396 442 1786 1784 647 1554 1553 573 1214 373 2021 372 789 1940 202 191 261 297 1688 702 1158 
527: 2410 2385 85 745 1758 600 1401 167 168 1909 1070 1398 91 1422 2409 861 1278 
592: 2410 1909 1370 2409 1422 861 1278 
619: 2410 499 848 436 761 1401 2109 1801 368 2328 1073 1244 1325 2316 
627: 2410 848 495 2204 1163 991 1801 1724 234 129 2409 1988 1422 1752 1278 861 
707: 2410 835 1917 1470 1198 1681 1333 573 1883 1446 1602 1545 1257 1761 2022 84 196 2174 
746: 2410 2327 848 266 436 2224 487 1270 761 789 1401 955 2046 2109 1110 2207 1801 564 2048 200 2180 294 1228 62 197 263 508 572 603 1929 1534 2206 2213 1334 1081 1211 1979 1350 1738 1613 1007 1638 1398 1911 1538 
761: 2410 2327 385 2363 2150 224 27 266 436 619 746 2199 2078 671 422 1328 483 1424 644 1409 1361 1983 139 1552 2369 1733 24 25 37 62 285 326 333 394 421 434 437 456 473 476 477 495 572 715 1801 786 2328 2338 813 1844 1350 2370 2373 847 849 1378 2401 1386 1387 1899 2413 1398 1401 2432 1929 916 1937 1430 2455 929 1958 1959 1961 2473 955 963 1480 1993 991 2044 2046 1538 2049 1546 2059 2074 1583 2099 2109 1610 1110 837 1624 1631 1638 2154 2159 1151 2456 2174 1163 2459 2204 1211 1228 1738 1243 1244 2472 1346 1777 769 772 
771: 2410 2131 446 2327 540 1742 1619 2414 303 343 423 485 497 546 1324 2381 1367 1392 2427 1428 968 985 2017 2065 1579 2167 2212 1789 2308 396 416 647 10 1303 1657 146 1554 267 671 1580 720 483 30 145 160 167 168 194 209 212 213 260 289 290 291 292 295 296 351 357 372 373 419 435 460 469 470 487 511 547 595 599 635 644 649 657 697 700 701 703 719 729 730 1296 789 795 2328 2233 2352 1847 1352 2391 1377 1889 1890 873 1393 889 2423 1918 802 1416 803 912 1934 1939 1940 1942 1434 1947 1477 1495 1413 1004 1161 1675 2042 1029 1543 1059 1062 2444 1090 1604 2448 1617 882 1140 1270 1664 2177 1163 2203 2204 1191 946 1765 1768 2288 1780 2298 1792 2304 1885 
789: 2410 130 1819 446 499 2327 385 498 1421 2363 1619 2150 274 485 2321 848 1392 925 1913 968 985 2160 2308 399 436 442 444 746 771 85 1786 634 349 1784 800 980 228 146 2078 1554 2103 1788 1553 671 1317 70 2242 81 483 1886 1926 1424 543 828 644 435 2482 492 487 1128 1893 1011 765 1058 1551 185 479 1270 705 292 1809 1822 802 345 440 1792 1414 1552 1690 1733 1495 482 372 25 1844 847 337 50 53 60 67 74 77 78 89 92 114 123 131 145 150 160 167 168 170 191 197 213 241 276 294 315 332 333 363 367 377 379 387 421 432 434 441 443 467 478 495 503 518 520 521 535 572 585 606 607 623 635 665 668 675 695 730 741 752 784 786 1801 1294 1810 792 2305 794 2182 809 2341 2343 2346 946 823 1797 1339 1848 790 832 1857 1352 1356 1357 849 2231 1370 862 1401 864 1377 1378 871 1383 873 1386 1387 1902 1899 1903 2413 2415 1911 1334 2429 2335 803 2440 2444 1937 1909 1430 2448 2176 2454 2455 1668 1446 1958 1450 1504 2483 2485 2166 1153 963 1986 969 1480 1918 1993 1749 1271 2006 2387 997 1219 1752 1008 1972 2101 1019 907 2041 2042 2012 2046 1538 2049 1545 2057 1929 1555 2068 1052 910 1720 829 1066 1578 1071 1694 2099 2022 2259 2109 1604 1606 2406 1105 1617 1618 1110 837 1624 890 2028 2141 2451 1125 1126 1127 2153 2054 2159 1629 883 2170 1478 2177 1160 1161 1163 2206 2037 1176 1359 1513 2204 2207 1089 2213 1616 1706 1700 2227 1211 891 2216 2412 1228 1790 1084 1740 1741 1743 2257 1539 1243 1244 1115 2135 2473 1256 1032 1973 1777 1778 2134 2447 2304 1630 1581 1290 1631 
861: 2410 1404 527 592 627 800 558 1554 1553 1551 1552 539 1909 991 1387 1386 763 1804 1092 2409 1603 1131 1988 1284 1498 2164 818 1422 1987 1278 
890: 2410 499 2327 498 669 2252 2069 485 598 2381 855 1884 2427 1949 968 2017 1018 1043 2065 1579 1644 1231 396 436 442 789 416 2439 800 673 352 354 1016 1017 1657 2199 2078 305 2224 801 328 329 671 2229 320 70 1475 1027 306 483 1214 1286 2479 1923 2471 2024 749 644 1586 2482 1011 1551 479 1683 826 1983 139 1885 1181 672 802 679 1713 440 1139 1841 1552 1046 426 2254 1495 2021 372 652 25 847 337 1895 83 91 108 121 129 160 167 168 202 203 208 263 331 439 464 472 480 495 503 521 550 596 605 623 637 701 713 730 750 752 804 841 1839 1722 1334 2360 2373 2374 1383 1899 1903 1396 1906 1401 891 1920 1922 1416 1927 1928 915 2444 1909 1430 1940 2449 1434 1449 1967 969 2001 1521 991 1525 2033 2039 1555 2171 1425 1583 2109 1602 1005 1099 1102 1006 1106 2002 1115 1122 2367 2166 1152 1461 1162 1168 1695 1684 2207 1194 2223 1208 1618 2230 2233 1724 1223 1249 2271 1761 1032 955 1772 1712 1431 2478 1797 
963: 2410 385 1120 848 2160 436 761 789 673 252 1923 25 288 1401 363 548 837 1801 1169 2207 1339 1350 1740 1638 1398 2206 
972: 2410 1112 483 1430 1630 363 1211 2089 1777 
1005: 2410 541 34 598 890 801 568 1909 1461 1387 379 1366 2050 1383 1479 1386 
1033: 2410 2301 1696 980 1788 483 1214 2479 745 289 793 293 1139 1208 2444 1724 840 1548 1077 2241 886 
1081: 2410 499 848 975 2160 266 436 746 1016 1554 1553 1424 1050 479 1552 482 847 1401 1430 2109 167 1378 1909 795 1387 1386 1630 1014 377 1906 1903 1429 191 1271 2159 1211 1398 332 885 837 1071 387 478 1902 2335 1777 535 1929 1958 1853 1616 1778 1538 
1131: 2410 224 225 861 1333 1809 1822 1314 1741 1348 
1138: 2410 385 848 1428 237 25 1137 174 190 404 893 2202 
1162: 2410 669 224 848 27 890 1786 1784 416 2445 252 328 1553 1625 1424 2239 2056 2054 1161 84 503 528 730 832 877 2083 1215 2371 1290 
1211: 2410 446 2327 386 1742 75 224 225 485 848 1392 1404 1417 968 2017 1531 2065 1231 436 746 761 789 972 1081 85 2108 2078 1554 483 1886 1915 1424 2239 1768 1058 1551 2056 2052 2338 1401 1430 2046 657 2207 1783 1378 2396 1909 1461 991 2054 226 1555 2256 2444 1617 160 503 1602 1386 521 294 606 1993 1271 2206 2159 78 158 241 282 387 434 476 523 535 572 849 853 864 916 917 1330 1840 2360 1348 1350 1899 1902 1911 2450 2473 2487 2039 1778 1694 1740 1243 1244 1777 
1219: 2410 721 2150 224 2427 789 85 2199 100 1586 2062 1591 955 2204 2352 473 991 29 607 418 150 282 477 2316 1939 1694 1958 1724 1602 2240 1228 1366 1533 1504 
1243: 2410 386 848 436 761 789 1211 1401 2352 1801 1724 1398 665 2244 947 849 1702 535 1638 1752 
1244: 2410 1742 848 436 619 761 789 1211 1554 644 1808 1401 2207 1801 1630 1724 2455 363 713 1271 2206 1370 1398 1207 1350 2244 434 1777 535 1853 1638 241 1038 1557 1752 2426 
1271: 2410 848 237 436 789 1081 1211 1244 1554 1553 1893 2021 1401 1234 1630 1228 74 535 885 1478 1899 1777 1778 1776 2039 
1278: 2410 527 592 627 861 1012 2409 1603 1988 1422 1987 
1350: 2410 848 968 1644 380 396 436 746 761 963 1211 1244 85 980 573 483 1915 745 2034 749 373 487 1011 802 1495 372 847 1401 1430 991 1228 1903 2384 363 191 2159 1105 1239 434 535 948 2164 1616 2259 1899 1777 2176 
1378: 2410 2327 301 385 134 485 848 1579 27 396 436 761 789 1081 1211 673 980 486 2323 2224 452 801 328 2229 1027 483 2471 2138 2056 1980 1495 2338 1401 1430 2046 1110 1163 2207 33 294 363 418 421 476 508 535 572 668 837 854 904 991 1096 1115 1145 1228 1234 1801 1846 1853 2373 1903 1929 1939 2455 1948 1953 1526 2044 1540 2059 1558 1578 1581 1632 2159 2165 2181 1694 2206 1695 2223 2228 2259 1777 1778 1547 
1383: 2410 386 2252 1484 266 789 890 1005 980 352 483 1625 644 1552 2021 1401 2046 1909 1706 1555 969 1387 1545 1386 521 531 522 2402 300 1514 
1401: 2410 499 385 386 669 2363 1742 2150 485 848 1884 1043 1600 1644 1231 27 28 237 266 436 527 619 746 761 789 890 963 1081 1211 1243 1244 1271 1350 1378 1383 159 427 1263 673 980 354 1657 305 452 1497 115 671 422 320 483 1915 1424 749 373 644 1050 30 1011 1217 1058 1409 2056 139 1552 426 1733 1495 372 25 1844 847 337 64 125 147 167 168 191 197 199 203 234 241 368 387 473 476 480 493 495 503 516 547 572 585 603 628 641 645 666 715 727 756 769 770 772 813 829 837 849 926 929 991 1102 1110 1137 1163 1164 1228 1237 1249 1261 1354 1386 1387 1398 1853 1881 2401 1902 1899 1732 2413 1903 1920 2432 1929 1939 2455 1959 1961 2472 2473 1478 2002 2022 2028 2039 2159 2048 2049 2059 2186 1558 1563 2074 1578 1581 1583 2099 2109 1516 2197 1624 1629 1630 1631 1632 1638 1694 1674 2189 1693 2206 2207 1706 2228 1727 2046 1909 1741 1540 1757 1777 1797 
1422: 2410 527 592 627 861 1278 1384 1389 483 1398 1740 2409 1603 1988 1987 
1521: 2410 848 380 396 890 974 42 465 549 2206 1546 
1546: 2410 848 366 380 436 761 1521 2229 749 167 1801 1281 1793 322 2230 
1603: 2410 787 1619 861 1278 1422 199 2409 
1638: 2410 498 848 968 1060 436 746 761 963 1243 1244 1401 228 252 847 1110 929 1801 2217 2134 1762 942 1937 363 2113 1419 369 1251 434 837 437 2474 2170 535 827 1372 934 241 2473 
1732: 2410 842 2252 2427 1579 380 1401 352 115 801 328 329 2229 1872 1048 2138 1893 1058 353 1733 976 2109 2396 969 1034 774 1790 60 1339 2461 223 348 464 585 713 750 790 796 1004 1152 1185 1215 1396 1466 1613 1869 2370 2230 2113 2371 1793 1881 1757 1741 1778 2089 
1733: 2410 541 842 2252 485 1404 2427 1579 689 27 380 761 789 1401 1732 85 1784 1166 1333 82 980 352 2199 2323 115 1012 801 328 329 2073 2229 1476 1218 1872 483 745 1923 1048 2138 644 2482 487 1893 1217 1058 1409 1822 1983 353 1841 1792 23 2339 2369 60 92 105 199 223 234 264 333 348 464 493 537 585 635 701 713 716 750 751 774 790 796 829 884 912 969 976 991 1004 1034 1076 1122 1152 1165 1183 1185 1215 1249 1339 1396 1419 1466 1474 1563 1578 1594 1613 1622 1631 1680 1706 1725 2328 1854 2377 1869 1881 2396 1911 2461 1741 2481 2002 2004 2022 2028 2049 2059 2076 2109 2113 2370 2165 2371 2177 2089 2206 2213 1988 2230 2237 1736 1793 1757 1778 1779 1790 
1757: 2410 499 1884 2011 1401 1732 1733 673 1487 980 354 1017 1657 1554 115 801 329 1553 2073 573 63 1625 643 397 745 1586 1011 1713 844 1046 1883 1909 2054 2061 2091 2055 1790 1762 202 1134 1906 80 104 125 355 433 601 701 829 947 982 1164 1525 1697 2374 2071 1761 2251 1965 2274 
1777: 2410 385 1120 848 1599 2160 436 761 789 972 1081 1211 1244 1271 1350 1378 1401 1896 2078 1074 1553 2229 320 644 1046 2338 1895 1430 1137 2207 1909 2054 2215 2277 1849 1630 294 840 2455 1228 518 1993 2206 2159 2393 1899 197 2241 434 1740 387 152 231 535 572 849 917 1538 
1782: 2410 2150 1424 613 1294 256 870 1347 2464 
1801: 2410 848 1615 28 396 436 442 619 627 746 761 789 963 1243 1244 1378 1546 1638 1553 1328 1424 1426 1713 844 1808 2338 337 1961 495 2046 2204 2207 929 448 473 169 285 326 363 394 476 606 772 827 837 849 893 896 934 1021 1124 1126 1228 1354 1372 1538 1610 1630 2135 2074 2444 1831 1979 2149 1993 2401 1899 2159 2456 2174 
1830: 2410 323 242 1553 2073 1217 595 1691 1764 1164 2374 433 829 1249 2205 947 701 367 674 1248 2066 
1899: 2410 848 436 761 789 890 1211 1271 1350 1401 1777 1801 85 1554 1553 1424 440 2021 372 2046 1110 891 2159 434 535 849 
1900: 2410 842 399 1681 2322 800 1696 1657 6 2224 185 404 644 840 1011 1194 1270 1381 1488 1624 1808 1850 1852 1967 
1909: 2410 2131 2124 842 1742 1619 224 2381 1949 2017 2065 1579 1644 2160 2297 27 266 380 396 527 592 789 861 890 1005 1081 1211 1383 1401 1757 1777 427 1166 980 354 242 1657 2323 1026 2229 320 306 483 1424 1048 749 644 1050 298 2482 1217 1058 353 1552 424 2452 2021 1430 976 2046 1061 2109 2203 33 50 108 109 171 199 273 282 283 348 417 418 464 472 473 503 531 537 585 588 683 763 774 777 780 803 880 941 948 969 1102 1104 1109 1116 1160 1167 1223 1249 1261 1281 1387 1480 1516 1539 1540 1556 1563 1578 1631 1722 1738 1741 1778 1791 1861 1903 2372 2377 1988 2413 2425 2434 1927 1965 2370 2028 2044 2099 2104 2113 2157 2371 2457 2206 2230 2048 1939 
1987: 2410 861 1278 1422 1758 1613 2409 
1988: 2410 627 861 1278 1422 1733 1909 647 479 2409 299 
1993: 2410 436 761 789 1211 1777 1801 1074 483 139 495 795 2049 1630 1903 363 74 880 948 1616 
2039: 2410 848 968 1644 436 890 1211 1271 1401 2323 801 483 373 1495 372 1110 613 191 891 2159 
2046: 2410 2327 385 848 2160 436 746 761 789 1211 1378 1383 1401 1801 1899 1909 427 1333 1154 305 1553 1424 479 139 1139 1792 424 426 25 337 147 160 182 434 535 572 678 739 807 885 996 1228 1294 1332 1354 1480 1544 1578 1937 2455 2206 2207 2436 
2068: 2410 721 789 2063 991 1972 2182 276 645 154 586 
2109: 2410 1819 499 500 386 498 504 2252 303 485 968 975 1117 1644 2160 266 442 619 746 761 789 890 1081 1401 1732 1733 1909 85 1894 1172 1554 329 1553 573 1872 483 745 902 1923 373 487 693 1780 479 1510 1885 295 802 1552 1980 1495 372 25 847 1895 2478 37 108 167 190 191 261 269 316 322 368 406 464 514 518 732 776 822 864 891 929 938 1014 1042 1073 1137 1252 1386 1387 1398 1415 1555 1556 1558 1602 1613 1928 1940 2022 2049 2312 2141 2159 2444 2251 
2149: 2410 848 1801 
2159: 2410 499 385 75 485 848 968 1441 436 442 761 789 1081 1211 1350 1378 1401 1777 1801 1899 2039 2109 1554 329 1553 671 483 1050 1758 479 139 679 1713 847 1895 1430 1110 2207 1940 170 1920 2455 533 1903 2206 112 231 387 572 917 1301 1538 1540 1616 1693 1778 1950 2022 2059 2450 2213 2449 
2179: 2410 2479 
2206: 2410 385 2363 848 2381 2160 436 442 746 789 963 1211 1244 1378 1401 1521 1733 1777 1909 2046 2159 85 1074 1872 483 644 2482 802 1495 1430 2207 991 1624 607 1631 1115 145 170 2134 1204 606 1906 1937 363 2269 713 1480 74 434 535 572 591 623 645 741 786 803 837 843 885 917 1022 1221 1478 1538 1581 1606 1738 1778 1929 2101 2170 2259 2335 
2207: 2410 848 1043 436 746 789 890 963 1211 1244 1378 1401 1777 1801 2046 2159 2206 673 483 25 1163 74 91 255 363 434 535 572 649 792 837 917 1480 1581 1937 2101 2170 2176 
2218: 2410 85 1263 706 1510 1139 1084 339 234 406 1089 1092 1558 1578 1793 2140 
2228: 2410 2327 669 2150 224 848 2427 1216 27 1378 1401 673 980 100 1780 1808 955 167 168 2054 150 91 108 333 421 503 572 869 1228 1778 1939 1943 2113 
2338: 2410 385 848 761 1211 1378 1777 1801 644 1560 25 572 1110 1755 1756 2421 
2391: 2410 1819 1374 771 82 2229 542 2239 802 191 243 2002 
2401: 2410 2150 835 848 925 2011 237 436 761 1401 1801 1786 1784 82 2116 1671 2369 1591 2309 2444 962 2050 66 505 1094 118 286 702 809 1237 1504 1928 2041 2123 
2409: 2410 2327 527 592 627 861 1278 1422 1603 1987 1988 479 1310 2110 170 2111 1762 493 1483 
2454: 2410 1819 1912 2321 1917 2427 925 1484 1232 789 85 1044 1333 1016 1017 1657 1306 2229 1424 139 1310 1808 1194 1195 1997 1588 1749 639 419 420 645 1129 1569 2002 2457 
2413: 2410 541 848 761 789 1401 1909 85 1915 1758 2056 426 1163 1706 2273 1386 1903 490 282 1283 1674 1722 2468 
22: 1457 2437 1159 1917 1913 1800 1786 1784 1944 673 1657 306 2479 902 828 1586 16 1551 1677 2062 793 1181 1310 672 802 1315 551 679 293 1713 185 844 335 2253 469 600 345 353 440 1041 1139 2032 1270 1841 1792 2332 1414 
185: 1457 1819 541 669 721 2069 2150 1159 323 835 1878 1917 2427 1470 1484 1043 1605 1216 689 1800 789 1900 22 1786 1784 427 1944 1696 115 2407 1049 1306 2073 573 1426 2479 828 1758 1011 16 1551 2032 1650 55 116 125 167 168 1298 1813 1818 802 804 312 1353 334 335 887 2330 2332 2432 2433 2435 1315 918 923 1947 2483 958 962 969 1480 1997 982 1534 1624 2140 1139 2175 1679 2217 1713 1208 190 1222 2241 1234 2253 219 744 1270 2298 
354: 1457 385 669 1159 224 824 1878 1884 1917 1428 1018 1532 2065 1746 399 890 1401 1757 1909 1784 647 4 1681 2322 800 673 1696 1166 1333 747 1345 1487 980 352 36 52 63 84 125 158 174 190 202 203 211 228 244 246 253 258 286 305 312 320 353 792 2323 1306 1818 2332 1323 1839 1332 1841 1339 829 1387 2374 2384 1883 355 1888 2399 1386 1895 1897 371 373 1915 903 914 1935 1431 1951 424 1451 433 439 2403 958 964 1475 387 1491 1327 1691 480 995 2019 1003 1788 1011 1525 1016 1017 1334 2049 521 523 1552 1553 1554 1046 537 1560 2073 549 1424 2091 1587 573 1933 1429 2189 1625 1626 2138 612 2143 2152 671 1145 1656 1657 2174 644 1015 1164 657 1677 1172 2375 1689 1690 2203 1193 1713 701 1217 1218 2240 1223 1226 716 1736 2249 2471 1540 2266 1249 2268 1761 2278 1270 2298 1282 1790 2303 
377: 1457 2327 1421 669 1067 1742 2150 1845 1878 1455 2065 2167 789 1081 1118 81 2063 1758 1768 705 296 1046 657 167 168 2110 1940 1947 258 51 117 1693 2468 432 695 954 1724 580 1092 1108 2165 2037 2140 898 2432 
443: 1457 2131 2327 2150 789 2105 802 2231 2163 2334 1014 662 351 552 1116 
551: 1457 498 2124 1742 1619 1159 1324 1913 28 22 1786 1784 1118 573 2479 1768 1551 2032 2253 1181 24 26 54 117 127 170 172 174 206 264 341 353 368 370 410 517 657 2250 815 1713 1321 1844 955 1720 575 607 1221 2447 1356 591 1738 593 2004 1115 795 1377 1667 1617 1906 2030 2430 1160 
573: 1457 130 2131 1819 446 499 2327 132 386 540 2363 1742 1619 1374 2150 1159 303 485 2320 824 1367 1884 1949 1455 985 2011 1060 626 1150 2125 689 2308 1800 27 399 444 707 1350 1757 2109 185 354 551 85 1044 1166 1333 10 82 1487 980 228 1016 1017 1657 2323 305 1554 1497 1670 801 1553 671 680 1580 2229 13 35 55 84 89 105 145 160 170 174 190 191 202 212 213 218 244 256 258 273 320 372 376 379 397 405 435 455 470 479 480 483 487 492 496 514 518 521 523 542 1296 1810 784 1818 1719 1825 701 1836 1332 1555 1339 1848 1853 791 844 2169 2376 1361 1872 2384 1370 795 1883 1381 873 1385 2242 2406 2070 1915 2415 1921 1413 2432 1924 906 913 1424 915 2450 929 1950 1444 1954 1556 1452 1491 2482 1469 1980 1235 969 1747 1156 2003 1499 1509 2024 2433 1011 2037 1163 2042 2055 1551 2062 1167 1046 1570 1702 651 2094 2099 1085 1597 579 1100 590 594 1115 1625 1637 2153 1135 1136 1713 1654 643 1495 1157 1158 2184 1673 657 658 2190 666 1687 1691 1693 1698 679 1277 2213 703 2359 1920 2230 1659 1703 2239 1223 1451 719 1743 1029 1749 1758 946 745 1765 1768 700 1264 1773 1270 1194 765 1792 1287 
671: 1457 128 499 540 669 96 224 225 274 485 563 597 598 1428 968 1493 2011 1579 27 183 237 266 380 761 771 789 890 1401 2159 354 573 85 1331 427 10 82 1154 100 146 2323 1026 1670 1012 1118 328 329 1049 2073 13 56 64 65 69 117 139 140 145 147 150 160 174 199 215 258 296 320 325 331 337 403 408 429 430 438 478 479 482 483 487 492 501 511 552 581 618 637 668 784 2324 795 1815 802 1317 821 2352 826 2369 1355 1161 2239 864 1886 1893 1387 877 2249 2424 902 1413 912 915 2444 2455 807 1963 2479 1469 1473 1482 1483 991 1524 2037 1534 2045 1334 1551 1048 1050 2079 2081 2094 1589 1679 1153 1668 2184 1673 1683 2203 1693 1697 680 2229 705 2240 1451 719 1741 1029 739 1253 744 1791 1792 2141 867 
729: 1457 386 1159 771 1786 1784 1011 335 379 2140 899 2300 2434 1319 1503 1129 
744: 1457 2327 669 237 185 671 673 980 352 242 1016 100 720 2479 828 749 2482 1758 693 479 2332 1270 1885 969 2191 195 635 1116 904 
844: 1457 540 1159 835 2017 1216 1757 1801 22 573 673 980 1976 680 1218 2169 643 1157 397 644 1768 2032 2253 1713 72 202 244 376 480 657 799 2452 1818 1719 1698 1697 1826 1700 1701 1702 1703 2091 1839 1573 1597 2175 1499 2143 1509 2019 2202 1156 1152 1411 1158 1444 1924 2055 1651 
877: 1457 2327 500 498 540 787 1067 1742 1159 96 225 597 848 855 1367 1428 2017 1531 1162 671 647 2323 686 1012 1049 680 320 1675 1048 723 2063 1758 1893 1780 219 1809 600 1690 2369 1013 991 1940 2080 1136 174 2249 666 718 719 583 2020 51 90 109 117 357 382 432 632 763 781 803 851 868 874 1294 2342 2373 1911 1423 920 1450 1975 2487 1504 1009 1542 1578 1076 1116 2165 2176 2182 2184 1167 1694 1190 1707 1721 1745 2261 2140 
899: 1457 2327 669 2363 2150 1159 2427 1148 1913 729 1657 2229 2253 1310 345 1139 1115 770 2428 1094 1613 1939 1525 2440 2140 199 695 1319 1129 
980: 1457 2131 1819 128 499 386 498 669 2363 1742 1619 2069 2385 2414 1159 75 224 321 423 485 546 563 597 598 1884 1392 1917 2427 1913 950 1470 968 1484 975 2011 2017 1550 2065 1579 1600 1615 1644 626 2167 1150 2212 698 1216 689 2308 1800 27 318 399 789 1033 1350 1378 1383 1401 1733 1757 1909 2228 354 573 744 844 85 1786 349 1784 647 2108 4 2439 1044 1681 2322 1944 800 673 165 1696 2085 1166 1333 747 1303 82 21 23 37 61 63 68 100 108 113 125 129 145 150 152 160 161 168 170 174 190 196 202 208 227 228 243 258 264 280 288 293 302 305 307 313 320 329 333 335 345 347 351 352 362 365 369 372 379 388 422 424 433 456 466 469 480 483 484 495 502 503 521 522 523 542 543 549 552 554 565 568 591 594 643 651 652 662 666 672 680 687 701 720 730 745 748 749 752 755 776 782 792 793 795 801 802 803 809 828 864 881 895 903 904 906 908 924 942 943 959 961 962 964 969 971 973 979 2323 2331 2344 2350 2352 2356 2358 2394 2428 2435 2442 2444 2447 2448 2451 2479 2359 2360 2384 2386 2078 982 984 988 991 1009 1010 1011 1012 1013 1015 1016 1017 1027 1028 1029 1046 1050 1053 1076 1077 1100 1102 1124 1151 1157 1158 1161 1163 1164 1167 1172 1188 1194 1199 1209 1221 2471 1270 1277 1286 1287 1290 1310 1332 1334 1339 1357 1361 1377 1379 1381 1386 1390 1398 1419 1424 1429 1443 1444 2169 1491 1494 1495 1510 1538 1539 1547 1551 1553 1554 1555 1556 1563 1564 1565 1573 1575 1586 1587 2193 1597 1636 1654 1657 1675 1693 1695 1698 1702 1703 1708 1713 1714 1719 1744 1758 1762 1765 1773 1792 1818 2230 1823 1825 1841 1842 1852 1855 1872 1880 1883 1885 1888 1894 1914 1915 1916 1922 2248 1934 1938 1940 1951 1954 1960 1966 1997 2005 2013 2020 2024 2031 2034 2049 2268 2051 2055 2061 2073 2113 2122 2127 2132 2138 2140 2143 2144 2155 2181 2196 2198 2229 2235 2238 2239 2249 2251 2254 2279 2280 2298 
982: 1457 2363 225 1367 1884 2017 1216 1800 399 1757 185 980 85 1786 1784 1681 1944 1696 1333 1303 305 1553 1214 1424 2032 1181 802 1046 1883 2015 2055 2217 1762 1134 1332 1761 272 2361 2432 547 737 2331 1823 2232 1174 1353 1249 2175 2433 2435 
1129: 1457 386 1159 2454 729 899 1786 1784 1263 1333 1580 379 2140 632 2300 2434 1319 1503 
1157: 1457 2327 1159 1884 1148 689 573 844 980 165 1333 10 747 2323 1306 244 256 264 372 404 433 480 513 549 657 748 903 1046 1156 1339 1943 1818 1719 1697 1698 1573 1700 1701 1702 1703 1332 2232 1597 1768 2249 1486 1361 1823 1883 1761 1256 1541 1713 2202 1651 1261 2303 1158 1924 
1158: 1457 1159 485 1635 444 573 844 980 1157 1696 1713 1046 1883 170 174 971 718 480 1818 1156 1703 701 790 2202 1921 1702 244 799 2208 1719 1697 1698 1700 1701 1826 1597 1573 2382 1651 1403 1924 
1208: 1457 2131 1742 1159 75 1367 1392 968 2017 1579 27 28 890 1033 185 673 1333 747 2323 1553 397 2239 1768 1551 2032 2056 1270 1575 1677 679 1495 657 142 258 272 774 819 886 903 1077 1115 2331 2037 1825 1693 1823 1953 1576 1450 1458 1933 1356 2448 1265 1332 2174 2184 
1253: 1457 2327 2150 835 655 1216 1800 28 671 85 1915 487 139 23 25 192 205 1202 1867 2444 2361 
1270: 1457 2131 34 386 669 721 2069 2150 1159 835 848 1878 2427 1484 1216 1800 746 771 789 1900 22 185 354 573 744 980 1208 1786 1784 1944 673 747 1017 1657 2445 115 663 1306 1872 1214 828 959 1586 1011 16 1551 2032 219 2332 108 114 125 167 190 200 241 261 264 312 334 335 391 466 480 519 522 581 631 918 923 977 991 1029 1070 1152 1193 1194 1266 1298 1813 1310 1334 1341 1818 2444 1947 2483 1480 1997 2002 2022 1519 1555 1583 1624 2140 2175 1693 1694 1710 1713 2238 1741 2253 1370 1783 
1319: 1457 386 2363 1159 729 899 1129 1786 1784 1333 2479 1011 1885 1181 335 2049 379 1695 2140 2300 735 2434 2336 1503 
1356: 1457 541 669 1159 835 925 1949 1913 1470 1484 1615 1216 689 1789 789 551 1208 1786 1784 1333 747 1657 1112 1214 2479 1310 1713 335 1622 1191 2015 2217 666 718 719 1257 1332 312 1431 1323 703 1823 1804 1213 103 169 196 256 571 709 896 903 1717 1450 2364 2435 2128 1856 1882 1969 2037 2433 2184 
1552: 1457 2131 2124 842 1742 2069 1159 224 225 485 2017 2065 1579 1644 2160 1231 1800 380 761 789 861 890 1081 1383 1401 1909 2109 354 416 427 146 2323 1554 1553 2073 2229 2105 1027 483 1424 302 745 773 749 373 1758 139 353 23 129 191 426 473 518 519 531 545 548 552 654 752 780 795 803 891 915 955 969 976 1122 1223 1354 1386 1398 1430 1495 1539 1540 1556 2370 1903 2424 1927 2452 1861 2002 2021 2044 1630 1631 2371 1706 2230 1722 1741 2280 1778 
2208: 1457 2437 2327 318 1158 2383 1181 1315 575 688 1156 1697 
1713: 1457 130 1819 499 385 669 2363 1159 323 546 563 1324 835 855 1367 1878 1884 2427 1913 950 968 2017 1018 2160 2221 1746 689 27 266 318 436 890 1757 1801 2159 22 185 354 551 573 844 980 1157 1158 1270 1356 1786 1784 159 1944 800 1696 1166 1333 747 1303 2260 352 228 486 1894 1016 1017 1657 2323 1554 1976 115 801 328 329 1553 2073 1317 680 63 1476 306 483 1625 1915 643 1424 2479 745 902 1048 2471 828 2239 644 487 1893 1768 1011 1551 2032 2253 1361 469 289 296 1510 1983 1677 2390 1914 295 1181 1315 679 90 121 160 174 177 190 202 220 287 290 332 456 466 470 552 576 630 651 664 666 684 843 845 891 903 920 926 943 955 958 962 984 986 999 1013 1041 1042 1046 1054 1080 1094 1095 1122 1139 1161 1163 1164 1167 1191 1213 1221 1223 1261 1287 1332 1339 1395 1411 1434 1450 1466 1501 1578 1583 1597 1616 1624 1626 1627 1642 1664 1689 1691 1693 1695 1804 1818 1719 1842 1846 2189 2061 1857 2386 1881 1883 2396 1905 1911 1927 1928 2442 1940 1947 1954 1960 1792 1979 2088 2052 2055 2071 2178 2106 1882 2127 2451 2287 2288 1823 2198 2213 1920 2243 2384 1740 2303 2264 1761 2430 2286 2289 2290 2291 2292 2293 2294 1714 
1597: 1457 1159 573 844 980 1157 1158 1713 828 202 480 1563 1818 1156 1703 2202 1697 244 799 1573 1698 1700 1701 1719 1651 1924 
1784: 1457 1819 541 446 499 2327 385 540 669 2363 721 1742 1374 2150 134 224 225 303 597 1845 1367 1878 1392 1404 2427 2453 1913 1455 968 2017 1531 2065 1060 2167 689 1789 2308 1800 27 318 444 789 1162 1733 2401 22 185 354 551 729 980 982 1129 1270 1319 1356 1713 2 1786 37 84 112 150 160 219 226 234 258 298 329 379 418 441 456 530 547 575 715 723 774 793 803 868 901 933 969 991 992 1025 1034 1124 1164 1201 1213 1287 1298 1344 1361 1380 1381 1426 1449 1450 1483 1497 1547 1551 1664 1689 1693 1714 1761 1768 1773 1804 1809 2351 1855 2371 1898 2331 2426 2428 2432 2433 2435 2444 2418 1947 1953 1982 1994 2253 2032 2037 2047 2062 1938 2138 2140 2142 2184 1869 2217 2236 2239 1882 2479 2310 
1480: 1457 301 1069 721 2069 225 423 485 1324 1845 1949 968 1746 237 399 761 789 1909 2046 2206 2207 185 1270 85 1657 1554 801 329 1553 2229 483 1886 1915 2479 644 2008 1361 2062 289 296 1677 802 1046 2254 2369 1495 400 1194 2215 1940 795 1947 969 2049 784 845 2444 2189 1080 2106 145 160 2286 2287 2288 2289 2290 2291 2292 2293 2294 1204 719 1257 1228 1852 1059 331 73 78 374 508 585 701 739 778 790 791 864 1141 1174 1183 1425 1825 2359 2376 2448 1540 2165 2230 2240 2268 2278 
1738: 1457 301 1742 485 563 597 848 1392 2427 968 975 2017 2065 1579 1800 266 746 761 1909 2206 551 483 828 487 1780 1058 2429 1377 1583 160 170 2257 1942 2007 840 632 1089 572 1165 1353 1741 
2253: 1457 2437 2131 1819 1159 343 835 858 1878 1913 950 1531 1532 2167 1216 22 185 551 844 899 1270 1713 1784 1786 1944 673 1657 1012 422 2479 902 828 1011 16 1551 2032 2332 335 353 547 672 679 888 923 1034 1046 1126 1127 1181 1212 1310 1315 1322 1330 1506 1606 1671 1715 1761 1773 1953 1967 2062 2392 2384 2282 2429 
2383: 1457 2437 541 540 274 423 563 598 1644 318 2208 1944 1945 12 1675 542 543 2471 828 959 2239 2024 723 293 373 575 1295 1315 1703 2386 
1624: 1457 386 669 842 721 1120 224 835 855 2427 1600 1216 27 761 789 1401 1900 2206 185 1270 1713 1044 82 228 100 1027 543 2138 644 1809 699 802 2412 86 150 199 259 712 774 834 905 931 989 1341 1370 1499 1556 1601 2059 1947 2335 2141 1958 2099 2483 2170 2183 
1625: 1457 128 2327 385 386 669 2363 2150 134 485 1878 1884 1404 968 1018 1579 1599 626 2167 27 266 399 1162 1383 1757 354 573 1713 2439 1944 1945 673 1696 1333 10 1303 1487 352 1894 1016 1017 1657 146 1172 2323 2078 305 1554 115 1553 2073 2229 1475 1872 483 1886 25 106 125 127 129 160 168 174 256 333 345 353 371 424 433 480 494 521 523 525 539 562 623 635 665 666 745 776 792 1011 1032 1046 1078 1116 1122 1161 1163 1164 1200 1223 1304 1339 1340 1353 1409 1424 1465 1526 1551 1555 1586 2482 2062 2352 2374 2375 1730 2157 1905 2419 1927 2166 1952 1656 1750 2014 2018 2031 2034 2049 2054 2071 2024 1627 1764 1655 1915 1691 2205 1700 1702 2230 1725 2240 2251 2471 2266 2268 1761 1762 2279 2280 1790 1791 
1753: 1457 1159 1786 2471 723 901 120 718 467 2432 2127 
1818: 1457 669 1159 1417 2221 1746 185 354 573 844 980 1157 1158 1270 1713 1597 800 1696 1015 1016 1017 1657 1154 2323 1475 1218 1214 643 397 542 828 2239 644 1586 1758 2008 1551 2032 1671 1196 2091 2055 2189 2106 160 2249 666 480 1339 1429 1548 84 244 286 420 449 799 850 897 914 1156 1193 1274 1411 1434 1558 1573 1651 1697 1698 1700 1701 1703 1719 1839 2176 1826 2399 1924 2202 2168 
2032: 1457 1159 225 835 2427 925 1913 1470 1484 2017 1216 1800 22 185 551 844 982 1208 1270 1713 1784 2253 1818 1786 1944 673 1657 2479 902 828 16 335 672 679 802 923 962 1139 1181 1310 1315 1710 1715 1967 2334 2332 2062 
1563: 1457 1407 2414 1579 1401 1733 1909 980 1597 1786 1945 747 543 2138 1677 1101 1555 1940 1153 1458 316 666 819 54 78 171 285 511 591 1247 1400 1803 1652 1817 1836 1766 2271 1967 
1786: 1457 2437 2131 446 499 540 669 2363 721 1742 2150 134 224 225 303 597 1324 1845 1367 1878 1392 1404 2427 925 2453 1913 1455 1470 968 2017 1531 2065 1060 1579 2167 689 1789 2308 1800 27 318 444 789 1162 2401 22 185 551 729 980 982 1129 1270 1319 1356 1713 1784 2253 1753 2032 1563 2 37 52 101 112 150 160 167 219 226 258 270 272 298 329 335 362 379 418 441 456 530 547 575 609 635 666 715 718 719 723 737 774 803 868 901 933 969 991 992 1010 1017 1025 1034 1124 1136 1163 1164 1174 1181 1201 1213 1287 1298 1310 1344 1353 1361 1380 1381 1426 1449 1450 1473 1483 1497 1510 1547 1551 1618 1664 1670 1689 1693 1714 1741 1761 1768 1804 1809 2351 1855 2371 2386 1882 1883 1898 2331 2426 2432 2433 2435 2444 2418 1947 1953 1994 2037 2047 2062 1982 1938 2140 2184 2217 2236 2142 2239 2479 2310 
2127: 1457 485 980 1713 1753 228 2323 483 118 2174 272 552 1850 1975 2430 
1944: 1457 2437 953 541 2252 485 1392 1913 1470 968 2017 1579 2147 2308 399 22 185 980 982 1270 1713 2253 2383 1625 2032 4 1681 87 158 160 253 258 335 484 526 552 579 631 657 684 709 735 747 839 843 883 903 943 979 984 994 1094 1115 1134 1167 1182 1223 1249 1326 1330 1332 1333 1361 1414 1429 1473 1482 1504 1551 1583 1620 1657 1696 1715 1730 1736 1741 1790 1804 1823 1940 1956 1960 2471 2024 2085 2099 2181 2182 2202 2480 2271 
2479: 1457 1819 721 1374 1159 1884 1917 1913 968 1600 890 1033 2179 22 185 551 671 744 980 1319 1356 1713 1784 1480 2253 2032 1786 1681 673 1333 352 1389 1657 1154 11 2323 2078 801 329 579 1218 1214 1915 643 1424 23 139 202 258 353 362 447 456 472 651 672 677 679 693 781 786 828 869 902 954 988 1013 1054 1077 1123 1139 1163 1173 1181 1194 1252 1284 1300 1315 1372 1410 1450 1458 1538 1551 1575 1650 1683 1684 1702 1758 1860 1936 1938 1940 1960 2030 2062 2254 2274 2300 2331 2332 2449 
109: 2437 2150 1216 1909 877 1554 452 801 329 1553 483 2034 2138 1893 1980 113 466 1364 398 
226: 2437 848 27 1211 1784 1786 1681 2353 1424 2138 372 2351 101 1867 528 1791 398 
412: 2437 541 2320 1392 237 532 427 82 1657 1154 11 1874 1553 320 2242 1886 53 126 174 258 915 1688 1450 1458 439 682 770 1602 456 1479 2384 1119 864 2276 969 1904 2415 1575 2303 1928 
435: 2437 132 721 75 485 598 848 925 1150 1763 2308 771 789 573 1331 2439 13 2063 30 353 368 657 915 1175 1177 2080 808 943 1586 2482 492 1088 1602 487 1128 2022 1768 
486: 2437 2385 835 925 1456 1043 2297 1378 1713 4 10 196 268 341 2063 1704 1252 1139 2041 2428 773 
511: 2437 2327 132 669 721 323 848 1470 985 1216 771 671 1563 2439 452 1758 1780 1809 699 139 353 1461 1982 1377 2408 984 1153 1790 1942 67 1296 794 667 831 832 833 589 1502 2269 209 1850 715 1541 
652: 2437 1407 1069 1481 1845 1018 1600 1232 380 890 980 1333 345 23 58 521 1483 1124 1415 664 
694: 2437 454 1404 1310 1583 1124 191 2447 1656 398 2037 2184 2387 
754: 2437 2227 522 
784: 2437 953 34 669 721 485 805 848 925 1470 968 789 573 671 1480 427 673 336 1670 492 139 1414 150 969 170 1813 1970 1602 1014 
795: 2437 541 540 2363 2017 1018 28 237 399 436 771 1081 1993 551 573 671 980 1552 1480 85 2439 1015 1016 1017 2078 1554 1553 1915 773 1893 1011 479 139 802 426 1495 337 495 2227 1997 1631 65 91 282 331 351 355 429 433 434 493 519 522 571 637 639 668 703 735 739 757 1815 1833 1334 867 1386 915 1947 1952 1451 2475 949 965 969 992 2033 1529 1020 1087 2099 1102 1116 1122 1656 1664 1178 2198 1223 1740 1249 1256 1266 1779 2298 
933: 2437 386 1784 1786 1696 1303 1191 2231 170 344 1825 1052 
949: 2437 2327 500 1232 237 795 1657 1586 607 1175 1096 1093 1282 203 332 1071 127 581 2296 2165 1116 
969: 2437 953 1819 541 1407 385 386 787 2363 1481 721 2385 1374 2150 485 2321 848 1367 1392 1404 2427 1932 2453 968 2011 2017 1579 1600 1117 655 1216 2297 1789 2308 28 237 789 890 1383 1732 1733 1909 185 573 744 980 1552 1784 1480 1786 412 784 795 85 1331 427 1681 1696 82 1154 1306 568 320 483 1424 373 1050 298 2056 469 705 802 353 1495 1883 372 955 2227 2054 2061 2110 2215 1940 1947 83 84 90 191 199 368 376 438 635 718 756 791 804 891 915 2360 2382 1386 1387 1393 2426 1906 2444 1972 1468 1534 1034 1933 1256 1602 2122 1116 2176 2182 2183 1190 2211 1707 1215 2241 1741 2264 1247 1762 1261 1266 2298 1290 
1011: 2437 2327 14 386 669 2363 721 2252 2385 2150 1159 134 224 225 485 497 598 1845 1404 2427 1428 927 1949 1455 1470 1484 2017 1532 1600 1441 2125 1216 2297 1800 399 436 442 789 890 1350 1401 1757 1900 185 354 573 729 980 1270 1319 1713 2253 1625 795 85 2115 159 1681 673 165 1333 747 352 2323 2078 305 1554 342 1497 267 1306 422 320 1027 1872 483 1915 2173 1424 2471 828 2138 644 1050 298 1586 1758 16 49 52 69 87 145 156 167 168 191 296 312 333 340 348 353 426 433 437 472 478 479 482 521 537 547 600 613 666 768 772 778 791 792 797 802 804 815 819 826 841 846 860 956 992 993 1003 1297 1124 1310 2317 2350 1841 1851 1361 2384 1377 1730 1395 1903 2417 1911 1920 1430 2449 2452 1947 1740 1450 2000 2004 2005 1332 1287 2043 1029 2058 1551 1057 1576 1075 1594 1086 2107 1100 1101 1102 2374 1116 2140 1125 1133 2176 1668 1163 1164 2122 1691 1702 2277 1215 1217 2240 2241 2256 1370 1761 1256 2393 1790 
1054: 2437 504 1305 1120 1391 224 1392 1713 2479 85 320 1886 1990 1710 2007 923 297 175 361 675 697 843 1312 1443 1596 1229 1692 
1100: 2437 541 2327 396 573 980 1011 1681 1333 1306 1048 543 723 492 167 2015 145 170 174 1920 460 2041 493 1010 
1135: 2437 2150 2326 848 573 1017 564 78 548 635 684 803 966 1682 
1146: 2437 1016 854 
1181: 2437 669 1159 1913 968 399 890 22 551 982 1319 2208 1713 2253 2032 1786 2479 329 902 2239 2024 1575 121 962 2444 2198 2184 2106 1883 1503 1507 2433 
1303: 2437 1391 2414 598 1404 1913 2017 1018 2212 1216 399 771 980 982 1713 1625 933 4 1681 673 165 1696 2085 1166 32 60 70 87 138 146 170 211 253 258 273 353 439 484 526 533 552 684 724 776 792 860 872 908 914 915 956 967 1049 1050 1130 1218 1223 1273 1306 1815 1334 2374 1730 2073 1903 1915 1922 1419 1940 2455 1960 2471 2424 1473 2016 2024 2031 2049 2061 1424 1587 2144 1656 2181 2182 2199 2202 1790 
1575: 2437 953 541 454 546 2011 980 1208 2479 412 1181 85 1016 2323 1554 1012 1553 2229 2239 1758 479 17 289 296 167 170 173 174 290 293 295 362 441 470 506 703 777 793 1029 1094 1169 1257 1501 1677 1792 2141 1940 1688 
1637: 2437 446 721 2150 2017 573 1263 2014 2215 1979 2176 528 2344 
1696: 2437 2131 2327 386 669 2363 2414 224 323 546 597 824 848 1367 1878 1917 2427 2453 1913 1484 1018 2065 626 2167 2212 1746 237 399 1033 1900 185 354 980 982 1158 1713 1625 1818 1944 933 969 1303 85 2108 159 4 2439 1681 1945 800 673 32 47 87 112 121 139 140 147 164 170 211 234 253 258 289 295 312 320 344 352 353 371 433 439 484 518 526 533 537 547 552 657 684 739 745 748 776 796 829 850 895 904 956 991 1010 1027 1028 1050 1052 1094 1118 1130 1151 1156 1166 1167 1199 1217 1218 1273 1306 1333 1361 1370 1384 1389 1419 1451 1473 1489 1491 1498 1545 1551 1573 1586 1587 1594 1643 1648 1657 1684 1687 1693 1852 2372 2374 2375 1730 1894 1908 1915 1920 1922 2445 2455 1954 1928 1965 2423 2024 1914 2031 2181 2049 2438 2062 1848 2091 2361 2140 2199 2034 2182 2189 2191 2202 1702 1698 2227 1960 2217 1741 2471 2265 2268 1759 2271 2473 1765 2286 1905 1790 2478 1797 
1872: 2437 499 2327 669 1069 2363 1367 858 1392 1427 2065 2221 2302 399 1732 1733 2109 2206 573 980 1270 1625 1011 532 1044 1681 1166 1333 10 1016 1017 1657 11 146 1172 1811 2323 44 686 305 1065 452 1992 1112 252 267 2073 70 720 89 139 285 316 384 473 547 550 565 643 644 770 775 785 793 869 902 929 990 1050 1130 1153 1249 1411 1424 1431 1432 1433 1458 1488 1525 1591 1664 1706 1715 1758 1790 2399 1903 1920 1953 1979 2429 2083 2174 2223 2239 
1940: 2437 130 2131 1819 541 499 500 132 386 498 540 669 2363 721 2252 1742 2069 1374 2150 75 323 423 485 563 597 598 848 1392 2427 925 1470 968 1484 975 2017 1246 1579 1635 1644 655 1216 689 1789 2302 28 444 771 890 2109 2159 377 877 980 1713 1480 1563 1944 2479 969 1303 1575 673 747 82 2199 1554 2103 1026 1012 329 1788 1553 1049 680 1580 2105 483 1915 2034 1675 1048 542 373 1050 487 1893 1768 1551 2056 2155 1962 2349 1809 1822 1983 2051 139 802 1315 1046 1495 2021 372 1395 2084 69 167 1754 2412 1997 991 2054 418 2215 39 78 93 129 145 160 191 204 244 249 264 279 280 281 315 339 379 407 409 415 419 434 518 522 528 591 594 606 635 637 661 666 700 741 752 759 774 775 819 822 836 837 843 872 876 885 886 905 912 947 992 1030 1094 1122 1143 1202 1204 1215 1334 1370 1380 1386 1393 1434 1451 1458 1483 1494 1542 1606 1664 1776 1804 1825 1855 1906 1911 1920 1933 1939 2162 2364 2346 2394 2426 2416 2440 2166 1947 1950 1968 2485 2371 2355 1966 2076 2099 2192 2201 2165 2174 2202 2444 2176 2298 
1945: 2437 541 540 274 423 563 598 1324 1913 2017 1579 1644 2212 399 2383 1625 1563 1696 4 1681 12 60 87 113 158 199 253 373 466 542 543 552 723 828 908 959 979 1326 1429 1504 1583 1620 1675 1790 1897 2085 2471 2238 2374 2239 2024 2369 2298 2181 2182 
2080: 2437 2327 1391 855 2427 975 985 2017 877 435 30 487 1758 1780 765 137 67 98 187 194 206 212 213 313 595 658 735 832 873 912 1088 1136 1153 1190 1266 1377 1502 1655 1660 1745 1942 1973 2213 2404 2153 2408 2304 
2239: 2437 1819 541 34 386 540 274 423 563 598 835 1917 2427 927 1470 968 1484 2011 2065 1644 1216 689 1162 1211 2391 573 671 980 1208 1713 1784 2383 1818 1786 1181 1575 1872 1945 159 427 673 165 1166 1333 747 82 1894 1657 2431 305 568 1027 306 12 1675 542 543 2471 828 959 46 106 117 139 193 256 263 340 348 362 373 430 488 501 506 600 644 679 713 715 723 731 748 791 823 903 1042 1075 1139 1191 1236 1261 1277 1330 1332 1469 1501 1511 1593 1602 1667 1688 1703 1719 1730 1804 1839 1852 1860 1893 1920 1921 1934 1984 2024 2075 2113 2138 2140 2238 2331 2487 2386 2350 2444 2483 2249 
2359: 2437 541 2327 968 237 573 980 1480 85 1166 1894 2008 1495 168 1947 1257 1797 91 806 1290 2251 2278 
85: 130 1819 128 1421 721 2150 96 423 485 546 563 597 598 2326 1878 1884 894 2427 1428 1470 1484 975 2017 1018 1532 2065 1579 1635 1644 2167 655 2125 698 1216 1763 2302 527 789 1211 1219 1350 1733 1899 2109 2206 2218 2454 2413 573 671 980 982 1253 1480 795 969 1011 1054 1575 1696 2359 1 11 29 46 53 60 65 70 78 81 84 272 275 2323 283 2333 298 305 306 307 2350 2360 2361 331 2371 2373 336 337 2378 344 2393 356 360 2403 368 369 371 372 373 374 2416 383 2424 388 2429 2432 397 2447 426 2465 2339 441 447 449 452 456 460 461 462 473 483 492 508 515 525 320 575 578 587 590 591 594 606 611 636 644 657 661 665 668 673 678 688 702 703 705 710 713 714 756 775 786 796 798 801 839 840 841 847 862 888 892 901 915 921 954 959 1009 1010 1013 1015 1029 1044 1047 1048 1049 1050 1052 1062 1072 1084 1093 1096 1101 1102 1105 1119 1124 1125 1126 1127 1128 1132 1139 1154 1156 1166 1174 1175 1177 1188 1193 1196 1207 1220 1228 1239 1241 2472 1251 1261 1273 1277 1282 1286 1288 1301 1310 1345 1365 1411 1414 1418 1431 1446 1463 1468 131 1486 1499 1524 1525 1530 1533 1537 1539 1556 1581 1591 1602 1611 1642 1656 2204 1664 1681 1683 1685 1191 1690 1691 1709 1710 1712 1725 1727 1730 1768 1792 1808 1812 1813 1815 1823 1825 1835 1837 1842 1851 1855 1857 1860 1865 1874 1877 1881 1886 1893 1894 1904 1920 1923 1925 1933 1935 1938 1939 1951 1979 1996 1997 2002 2008 2012 2033 2034 2062 2071 2073 2083 2091 2099 2103 2104 2105 2113 2116 2138 101 114 2162 123 2172 2174 136 142 2198 159 160 163 167 2211 173 2215 186 2229 197 2241 202 203 2244 208 2249 2254 220 2271 2276 2277 2279 2282 245 2295 262 264 
1551: 130 2131 541 446 499 386 669 721 2150 1159 485 546 597 835 848 858 1878 1917 2427 925 2453 927 1455 968 1484 2065 1644 1441 696 1216 689 1789 237 789 861 890 1211 22 185 551 573 671 980 1208 1270 1713 1784 2253 1625 1818 1786 1944 2479 1011 1696 1940 416 2439 1345 336 1657 2323 305 115 801 1049 1306 2229 320 483 1214 1424 902 1048 828 1893 1217 555 16 118 125 157 190 191 219 312 335 398 472 521 529 547 609 657 783 888 891 918 923 942 955 956 1124 1139 1175 1191 1220 1257 1298 1327 1330 1386 1416 1431 1446 2332 2230 1860 1888 1934 2444 2455 1972 2022 2049 1555 1602 2128 1622 1650 2175 1664 1693 2215 2300 
1049: 130 385 498 540 224 274 485 563 597 598 1878 1392 1428 968 1484 626 2167 1231 1800 185 671 877 1303 1940 85 1551 165 10 82 2323 1012 147 160 174 241 313 320 337 429 478 479 482 483 547 657 680 701 774 776 790 864 912 991 1048 1673 1424 2444 1050 1434 2229 2141 2213 1617 1413 1768 1693 2049 1886 1381 1524 2034 1883 1317 
2323: 130 128 499 500 301 385 540 2385 75 225 323 485 563 598 824 855 1878 1428 950 1470 968 975 2017 1018 1579 626 2167 2125 1800 27 399 1378 1733 1909 2039 354 573 671 877 980 1157 1208 1552 1713 1625 1818 2127 2479 1011 1575 1872 85 1551 1049 673 165 1333 10 82 1017 1657 1154 11 6 52 61 89 103 104 115 125 160 174 190 243 253 289 295 296 305 320 337 351 429 470 479 480 482 483 493 503 523 547 552 578 593 595 612 641 657 666 680 768 776 792 802 819 829 860 864 906 914 971 979 991 1003 1012 1021 1048 1050 1078 1116 1143 1167 1214 1217 1261 1317 1332 1339 1370 1377 1381 1424 1431 1434 1491 1495 1497 1524 1538 1554 1586 1587 1617 1664 1673 1677 1685 1693 1702 1741 1768 1790 1841 1881 1886 1915 1951 2049 2055 2062 2073 2078 2173 2178 2191 2213 2229 2254 2266 2268 2273 2278 2374 2444 2471 
680: 130 541 34 386 540 669 721 323 835 1428 925 1470 968 1644 2125 237 399 573 671 844 877 980 1713 1940 1049 2323 10 82 1389 1017 1172 1012 801 329 663 25 63 73 174 293 295 320 337 483 542 568 578 588 644 651 657 666 679 1309 819 2350 1860 1360 1873 857 1881 1920 924 926 929 1451 2469 962 1475 2014 1027 1048 1050 1580 2122 1614 1139 1151 2173 1666 1677 1171 1173 2215 1734 1768 1277 1206 1792 1286 
320: 130 499 386 540 224 225 485 563 2427 1428 1456 1043 1231 890 1401 1777 1909 354 573 671 877 980 412 969 1011 1054 1696 85 1551 1049 2323 680 349 1166 10 336 82 1894 1016 1017 1657 1154 1896 146 1012 801 2073 1317 56 64 114 139 140 160 167 168 174 202 306 807 1334 1348 840 2374 1881 1886 1893 1386 891 2429 915 1430 1431 2455 429 1451 433 469 439 2485 1469 1482 1495 478 479 991 482 483 2094 1501 1524 1048 1050 550 564 2163 639 644 1673 1683 668 1693 2241 2471 774 
1602: 130 2131 541 386 540 2150 1845 925 2065 2167 2308 442 707 890 1211 1219 2109 412 435 784 969 2239 85 1551 1497 2229 2242 306 483 1214 644 2482 1768 765 808 2330 1495 657 37 418 822 1377 873 1953 1491 1617 1153 170 220 258 213 279 347 363 365 370 421 533 688 777 819 864 903 1088 1122 1228 1260 1295 1370 1445 1541 1582 2305 2213 1825 2022 2002 1604 2406 1660 1911 1950 2184 
337: 130 2327 540 721 485 1428 968 2167 789 890 1401 1801 2046 671 795 85 1049 2323 680 82 146 483 1048 1050 1768 479 826 1510 482 372 25 64 88 147 160 331 1170 1679 2444 1431 2075 657 547 1825 807 513 1745 1429 1354 1482 1611 857 478 748 678 1245 1377 1105 1928 1547 
368: 130 2252 303 343 925 1470 2065 1644 436 619 1401 2109 551 435 969 85 2242 483 373 1510 1495 372 1617 1153 145 258 1458 1454 1429 191 518 261 2022 1370 1398 1415 406 1274 1950 1281 944 464 864 
1012: 130 1819 2327 386 540 323 2326 1878 1392 2427 1428 1455 1246 1598 1644 1441 2308 27 237 1278 1733 671 877 980 2253 1575 1940 1049 2323 680 320 1044 673 82 11 44 1497 2407 1670 2310 7 70 73 103 152 154 174 186 191 208 275 292 296 329 372 374 410 431 455 483 491 555 568 588 591 607 636 644 663 700 723 804 819 854 860 869 888 892 908 912 915 926 938 955 962 991 1009 1812 1835 1860 1876 1370 1882 2402 1393 2433 1822 2475 2484 1494 1163 2043 1045 1048 1050 1606 2138 1136 1141 1153 2173 1182 1693 2229 1223 1451 1734 2266 1256 1779 1275 2304 
1013: 130 2327 1148 1018 399 877 980 1713 2479 85 1044 673 1016 1017 706 2073 70 2138 644 25 711 846 854 912 992 1009 2097 1970 2104 1851 1479 1101 2378 1163 
639: 130 842 1592 1404 1018 380 399 436 442 2454 795 320 2439 1044 1015 1016 1017 1657 1154 2445 2078 1112 483 1214 1424 749 644 2014 699 139 802 2330 1495 1194 1195 2227 1252 1997 473 640 1161 1631 871 114 1935 666 294 2388 333 439 76 94 198 332 355 405 434 2447 1928 1440 931 2421 1453 1202 1967 1842 1673 1737 2379 1490 2090 1813 752 1373 1501 1507 1432 1031 645 1793 1250 
1154: 130 385 386 498 721 485 598 968 1484 1531 2065 27 28 2046 671 1818 2479 412 969 85 2323 320 639 349 4 2322 1017 64 65 79 131 138 139 140 146 160 167 288 331 333 347 372 403 439 449 482 483 508 518 525 568 593 623 645 657 668 737 739 799 807 897 910 915 951 991 1032 1048 1050 1808 1815 1317 2339 1893 1895 1906 1410 1416 1928 2444 2445 2455 1967 1979 2002 1495 1544 1545 1555 2071 2078 1583 2094 1679 1683 2203 1194 1195 1765 1768 2286 1274 1790 2478 
118: 2131 541 1391 75 546 2427 1932 1427 1148 1455 2017 1043 1060 1599 1644 1441 696 698 1800 237 2401 2127 1551 1379 328 1524 846 1583 1241 1851 1903 1184 552 2188 2469 433 1873 1985 1492 990 1506 741 872 121 506 245 904 
258: 2131 1819 541 128 34 301 385 386 540 669 2150 323 1845 835 1884 1917 925 1470 1484 2017 1579 1600 1216 354 377 573 671 980 1208 1784 1786 1944 2479 412 1303 1696 1602 368 2439 673 165 1333 305 1512 1670 1118 801 328 329 1214 1915 2173 828 2138 1586 1758 1768 2116 1361 469 289 296 137 2349 139 1677 295 1046 2254 1883 470 167 929 1997 2061 1947 2049 984 1301 798 1823 1825 2233 1339 2360 322 344 369 371 1411 914 1429 2462 433 1473 484 2022 2041 599 1113 624 638 1167 662 1687 1695 1688 1703 1215 1223 290 2271 1761 772 775 
280: 2131 1374 980 1940 1458 978 2166 513 2022 88 184 240 2440 1307 1402 282 2425 2426 375 
322: 2131 1819 855 1484 2167 1546 2109 258 2063 1458 1334 
329: 2131 2327 386 540 669 2363 1374 224 848 1884 925 1148 968 2017 1441 27 890 1732 1733 1757 2109 2159 671 980 1713 1784 1480 1786 2479 109 1181 1940 680 1012 258 349 1333 1384 100 1554 267 7 801 328 92 93 117 136 139 147 150 160 286 298 785 1310 802 821 1842 1855 1881 1885 2396 1893 2444 2448 2451 931 1951 944 2474 433 1979 1980 463 979 991 1507 1009 510 514 529 1587 1093 2139 1641 624 1153 2173 2175 1664 1167 666 1867 672 1021 2222 1221 1028 730 2471 2277 1798 781 
340: 2131 1819 858 1117 1150 1011 2239 2115 228 2229 487 2062 1139 860 
344: 2131 541 925 1484 1018 1216 2302 933 1696 85 258 1015 1016 1017 1554 1553 2138 1414 1706 170 583 50 1190 
347: 2131 980 1602 1154 568 749 1555 518 623 1606 525 1343 
351: 2131 1407 848 380 771 443 980 795 2323 673 1657 1580 483 1915 745 1048 826 802 2408 1413 666 1765 1094 363 518 703 2211 117 199 700 701 1352 722 1116 357 1007 630 638 
426: 2131 499 2327 2363 423 396 890 1401 2046 2413 1552 795 1011 85 673 1657 1554 1112 568 2229 306 483 749 693 23 25 131 136 273 1555 2447 439 1334 2002 1430 2001 472 480 2396 503 
427: 2131 446 499 498 1742 1159 423 485 597 598 805 1878 2427 1417 950 968 2017 2065 2167 1231 1800 1401 1909 2046 185 671 1552 412 784 969 2239 2 78 160 306 373 1377 657 2062 2444 2447 1693 1825 547 1446 1720 1706 1923 2482 703 1124 1953 464 1617 2002 1495 1115 480 864 483 1886 487 1386 1387 1768 1136 1606 503 888 1657 903 2176 775 1414 777 1765 
535: 2131 1819 721 848 237 436 789 1081 1211 1243 1244 1271 1350 1378 1638 1777 1899 2046 2206 2207 1027 2204 190 418 2388 1228 860 410 1834 2472 434 993 387 849 457 1038 1008 2477 2487 1371 2114 886 1538 
644: 2131 1819 541 2327 386 540 669 2124 842 721 303 485 855 1878 2427 968 1018 2065 2167 1441 1216 689 2302 399 436 761 771 789 890 1244 1383 1401 1733 1777 1900 1909 2206 2338 354 844 1713 1480 1624 1818 1011 1872 2239 85 680 320 1602 1012 1013 639 1263 1044 1681 2322 800 1333 82 352 228 1389 1016 1017 1657 146 1172 568 2229 1027 81 1886 1214 2169 1915 1424 12 1048 542 2138 142 202 203 264 293 294 295 353 371 439 480 519 521 549 575 578 601 638 1820 2335 1835 819 1839 1334 2354 829 1851 834 2367 840 2369 846 1871 857 1370 1051 1881 1381 1903 885 2429 908 804 1939 2450 1555 891 931 2462 1955 1447 1958 942 1488 1151 955 1997 979 1491 1510 2022 1004 1009 1525 1163 2044 1842 2050 1545 1547 2059 2062 1045 2170 1578 2091 1586 2099 1601 1261 1099 1101 1102 1883 1656 2174 645 713 657 1677 1194 1703 1203 2230 2254 1539 1758 2277 748 1768 752 1778 1779 763 2054 1793 
657: 2131 1819 541 1407 34 386 540 321 485 2326 835 848 925 1470 968 1484 1150 2221 1216 689 1763 2308 771 1211 354 377 551 573 844 1157 1208 1944 435 1696 85 1551 1049 2323 680 1602 337 1154 427 644 1331 146 1976 1497 801 1317 1886 2169 1048 828 749 492 487 1893 1768 808 139 802 679 2452 25 136 60 72 160 170 190 376 529 1804 1400 2455 1444 1984 1499 1509 2022 1021 1024 2055 1084 2083 2091 1088 1667 1688 1204 1206 1236 1249 1761 1765 
666: 2131 541 2327 386 454 498 540 842 721 75 485 1878 968 1579 1150 442 1401 573 877 980 1356 1713 1625 1818 1563 1786 1011 1940 2323 680 639 329 351 1016 1017 801 483 1424 745 543 1110 1163 167 1947 2091 1153 1458 46 1934 49 171 182 211 325 518 565 782 1167 1168 1449 1215 1853 1450 1488 1875 1920 986 988 987 2388 2271 1130 1881 1903 1151 2432 1164 
738: 2131 970 
745: 2131 385 669 2363 848 1884 968 975 2011 2017 1800 183 266 318 399 436 527 1033 1350 1733 1757 2109 573 980 1552 1713 1625 1696 351 666 2108 159 2439 800 673 1166 1333 747 1657 11 2445 2078 305 1554 1976 801 1214 1915 1424 102 125 190 202 203 211 325 353 455 480 493 521 630 672 679 700 719 732 2334 1332 1339 837 1361 2388 2428 1411 902 903 904 2435 1934 1431 2251 2082 1458 951 955 956 958 964 1327 2013 2350 1555 1572 2091 1257 1586 1587 1122 1151 1152 2174 1664 1163 1164 1168 2189 1687 1695 1193 1702 1714 1736 748 1261 1881 1967 1883 1790 
747: 2131 1819 2150 2414 75 323 485 835 1884 925 1456 1470 968 1484 2017 698 1216 1746 689 354 980 1157 1208 1270 1356 1713 1563 1944 1011 1940 2239 745 4 165 1333 242 256 272 305 352 433 455 483 484 542 549 571 700 719 802 1823 1323 1326 1332 1842 1852 2364 2374 1361 860 1883 2405 1921 903 1424 2444 1450 1461 1971 2175 2431 2055 1046 1565 2075 1764 1585 1587 2106 2278 1628 2143 2144 2162 2165 1156 2189 1688 1693 1695 1702 1214 2247 2249 2256 2260 2262 1758 1761 1762 748 752 2286 
828: 2131 541 540 1974 1067 1481 721 1742 274 343 423 563 598 805 1878 1917 2427 1913 1470 2017 1644 2221 1746 1800 399 442 789 22 185 744 980 1270 1713 1597 1738 2253 2383 1818 2032 2479 1011 1945 2239 1551 258 657 2310 801 483 902 12 1675 542 543 2471 17 23 114 124 145 157 167 168 191 202 208 353 372 373 376 456 479 480 482 484 635 650 651 723 1298 1315 1825 1826 1555 1342 2388 1883 873 874 1310 2331 2444 2449 945 959 1483 1583 2024 1582 1617 2134 1124 1134 2154 1650 2189 1706 1721 1960 2286 2300 1290 
908: 2131 1159 858 980 1303 1945 1012 644 647 352 1017 1139 403 2015 170 2249 1765 502 2174 1842 748 2175 390 2303 
915: 2131 541 499 385 386 540 1367 968 2308 237 890 573 671 1552 412 435 795 969 1303 85 320 1012 1154 82 2078 1026 483 2482 1893 1683 139 802 1495 1622 168 1555 1947 1175 1617 1153 1204 1386 533 1429 1245 2424 140 891 2113 439 2022 1825 1398 127 152 408 566 621 739 862 864 1928 1678 2213 1354 1103 1741 1274 938 1119 1416 1950 
940: 2131 1015 1016 1017 2101 
1003: 2131 541 1470 354 1011 2323 2008 2412 1947 2055 1515 484 
1017: 2131 1407 2327 498 540 669 1845 848 858 1404 1417 968 1484 2011 1018 2065 1579 2125 1231 27 237 399 890 1757 2454 354 573 980 1270 1713 1625 1818 1786 795 1135 1872 2323 680 320 1013 639 1154 344 644 666 908 940 634 4 2439 1044 165 1166 1333 82 1487 228 1015 1016 6 11 25 44 70 87 91 94 108 125 170 190 202 203 211 246 253 261 262 285 333 342 353 371 404 433 441 453 456 473 480 493 494 521 552 568 571 608 645 658 672 739 798 802 893 931 946 958 964 1007 1293 1297 1320 1554 1555 1339 1368 1886 1381 1411 1921 1923 1424 1937 1429 1430 1046 1488 1463 1915 1482 1997 1495 2015 1534 1026 2049 2268 1525 1045 2073 2078 1119 2445 2024 1608 1101 1626 1634 1636 1145 1656 1657 2174 1188 1194 1196 2223 2227 2229 1214 1874 2254 1761 2274 1273 1781 1883 2299 1627 1790 1290 
1024: 2131 2327 2320 1845 835 1455 2147 1216 1789 657 1768 768 1094 
1029: 2131 1819 1407 499 2327 500 498 669 721 2150 975 2017 183 396 771 573 671 980 1270 1011 1575 85 1263 673 1657 1758 479 139 1139 2452 1808 1163 168 1888 1461 2049 2015 2189 2106 1664 1790 2134 819 383 798 199 419 420 549 653 914 1632 2449 2450 1717 1341 1116 2140 1626 
1114: 2131 968 991 2444 
1116: 2131 1819 2327 540 669 1069 2363 721 2150 835 848 925 1470 2017 1579 436 1909 443 744 877 1625 795 949 969 1011 2323 351 1029 800 1384 1389 2078 1497 2138 749 1758 139 1139 482 1461 1997 529 150 1115 145 1458 1790 923 1691 1451 2041 966 1330 522 715 1215 1226 
1134: 2131 835 1884 1455 1470 626 1216 689 1757 982 1944 828 1681 2078 1553 1046 1883 2386 2055 1762 46 1257 72 256 521 1807 2456 1761 
1163: 2131 2327 454 842 485 1878 1579 442 627 761 771 789 1378 1401 2207 2413 573 980 1713 1625 1786 2479 1011 1012 1013 644 666 745 1029 558 1554 801 483 1923 2056 25 1559 105 171 282 518 523 565 599 732 782 1009 1934 2191 1228 1183 1825 1664 2222 1215 1458 1903 2233 1725 2237 1730 1578 1902 2259 1881 1334 2396 2388 1660 2049 1920 1164 
1164: 2131 2327 454 1305 669 2363 842 721 1742 485 927 1043 1579 2308 318 442 1401 1757 1830 354 980 1713 1784 1625 1786 1011 666 745 1163 1015 1657 1112 115 801 63 483 1214 643 1768 1677 167 1287 1664 1934 719 171 1903 1332 2198 1689 2384 84 312 518 565 782 1714 1697 1215 1736 2382 1247 2403 1249 
1218: 2131 2363 75 1733 354 844 1818 2479 1303 1696 10 1657 2199 1554 1553 2229 63 137 190 397 483 643 905 956 1424 2081 2082 1962 1586 1918 2009 1764 1768 2175 
1263: 2131 1428 1456 1198 1401 2218 1129 1637 644 1029 3 6 51 113 121 138 139 152 188 252 256 299 338 450 482 521 544 564 628 632 691 699 713 782 793 826 986 1004 1014 1020 1027 1071 2187 1678 1811 1846 1694 1308 2081 2043 1914 1589 2416 2424 1370 2265 2407 1643 1389 2173 1670 
1329: 2131 1819 34 1917 1151 1903 
1330: 2131 669 721 2150 497 835 858 2017 1198 2212 1216 1211 2253 1944 2239 1551 1116 673 1016 1896 1554 2073 1048 2138 901 2062 139 1315 1790 1334 1398 398 547 2307 
1386: 2131 499 2327 385 386 2124 1742 224 423 1484 975 2017 2065 1579 1644 266 442 761 789 861 1005 1081 1211 1383 1401 2109 2413 354 980 1552 795 969 1940 1551 320 427 915 1657 1554 801 1553 483 1424 298 1758 1983 672 802 353 440 2452 539 1430 976 40 473 1861 1631 503 91 191 572 585 741 780 803 804 916 917 1223 1281 2370 2371 1864 1903 1927 2451 2455 2002 2044 1540 2070 2114 2176 2178 2230 1722 1741 1778 1793 
1387: 2131 385 2124 2252 1742 2069 224 485 2017 2065 1579 266 761 789 861 1005 1081 1383 1401 1909 2109 354 671 969 427 352 1172 2078 1554 1553 2229 483 30 1780 353 440 424 2452 2021 1430 976 2429 473 1861 418 1631 464 503 531 774 780 803 1089 1103 1223 1281 2230 2104 1722 1979 2044 2370 1540 1741 2002 1516 2028 1903 1793 1778 2371 1918 1539 1927 
1402: 2131 1392 237 280 1118 2257 513 260 88 375 99 184 365 2261 1432 
1510: 2131 1407 1216 2301 2109 2218 980 1713 1786 337 368 644 416 159 2085 706 686 2407 749 479 17 469 826 296 35 59 64 76 78 103 136 163 182 332 357 461 466 552 564 616 668 931 1051 1084 1093 1123 1315 1370 1390 1396 1419 1450 1479 1482 2089 1614 2397 2122 2378 2005 1793 2392 1688 2021 1903 2309 
1527: 2131 2252 693 1885 2254 1655 2334 1235 682 107 1528 195 327 1294 1799 
1583: 2131 1819 541 34 386 540 669 1069 721 1742 1619 1120 2150 2414 485 563 597 1845 835 848 863 1392 2427 925 2453 968 975 2017 2065 1579 1599 1600 2167 1216 1789 1800 266 761 890 1401 1270 1713 1738 1944 694 1945 1154 118 828 1333 82 252 70 483 2034 542 543 487 1780 2332 353 1495 2351 2352 1706 845 1377 76 124 131 140 160 170 240 254 259 312 356 365 406 419 519 522 608 635 650 667 682 711 839 905 926 978 1010 1089 1227 1228 1332 1335 1337 1353 1400 1411 1432 1433 1578 1581 1804 1901 1911 1688 2435 1950 2460 1661 1991 2020 2041 1942 2029 2457 1741 1776 
1675: 2131 541 446 2327 34 540 669 2150 274 423 563 598 1644 2221 771 877 980 2383 1940 1945 2239 828 673 568 12 25 69 87 139 295 373 467 542 543 723 959 1144 1416 2200 1997 2471 2024 1758 2181 
1790: 2131 2327 386 1305 1018 1800 399 789 1732 1733 1757 354 1625 1944 511 1011 1303 1696 1872 1945 2323 1154 745 1017 1029 1116 1330 1487 1016 1657 2078 1554 115 1670 1553 2073 2169 1048 1586 2056 1677 353 1046 424 52 470 2098 768 37 2273 1555 2049 1491 145 1458 106 114 125 131 178 191 356 438 488 521 522 523 701 711 776 850 931 966 970 973 1077 1107 1207 1304 1340 1474 1499 1541 1556 1626 1627 1691 1702 1761 1762 2374 2375 1812 2175 2178 2205 2378 2240 2266 2268 
1804: 2131 669 2363 323 485 563 835 1917 1470 1484 2017 1117 1216 861 1356 1713 1784 1786 1944 1940 2239 657 1583 483 600 1139 1101 1997 984 170 840 1851 1499 1102 1537 89 125 169 398 1042 1450 2364 
1835: 2131 2124 855 894 1600 85 1012 644 82 70 496 25 60 78 171 501 547 605 1073 1080 1255 1320 1334 1369 1537 1558 1578 1613 1745 1779 2412 2429 1928 
1867: 2131 454 669 224 485 848 1404 968 1579 1644 27 1253 226 329 100 686 452 328 483 2056 479 335 2369 991 2054 150 60 205 419 549 1021 1047 1419 1865 1939 2373 1873 2371 2049 
1908: 2131 835 1470 1696 1306 1915 1758 296 600 2203 190 1225 1454 2350 2122 1943 2022 290 1653 
1976: 2131 2327 1159 2381 1428 2167 844 1713 657 745 2115 165 1333 1657 6 72 170 174 227 376 456 479 501 503 664 802 806 903 1301 1332 1444 1499 1509 1565 1768 1822 1851 2452 2169 1992 2303 2055 
2015: 2131 2327 34 323 835 1917 2017 1018 1800 982 1356 1100 908 1017 1029 165 146 190 174 390 638 829 962 1450 
2022: 2131 541 721 224 323 485 1367 1878 1884 1428 925 1456 1470 1484 1150 1216 1763 2308 707 789 1401 1733 2109 2159 1270 435 1551 1602 368 258 280 644 657 915 1908 1331 1333 305 1326 542 723 492 487 1768 808 1310 1046 372 783 2351 2215 1175 1655 160 578 142 2238 718 1761 312 191 78 433 594 1088 1445 1656 1921 2405 
2085: 2131 2327 237 399 980 1944 1303 1945 1510 4 32 167 170 1332 1333 1768 1914 2138 
2417: 2131 224 1011 792 1542 
2143: 2131 1884 1644 354 844 980 747 165 1333 1657 1915 373 1586 2008 1046 1883 372 1997 2055 2189 170 174 2286 1762 480 1332 1761 191 376 1167 903 2278 973 
2163: 2131 968 1579 380 443 320 1050 1430 37 501 934 1500 1823 2328 2474 2371 
2303: 2131 541 385 721 950 396 354 1157 1713 412 908 1976 1333 679 1414 170 174 1920 703 249 880 
50: 953 541 789 1909 344 70 2110 1494 1797 1643 1295 339 1111 2166 2233 1723 2141 294 1300 326 
70: 953 446 1644 399 789 890 1303 1872 85 1012 1013 1017 1583 1835 50 1166 10 82 1487 352 1015 1657 801 1677 763 802 360 1194 1195 1196 191 1978 960 1980 713 333 1488 979 1871 857 589 1886 1762 470 372 891 1915 716 1495 518 2182 373 
165: 953 385 75 485 835 1884 1428 968 1484 975 2011 1598 1605 689 399 980 1157 1011 1303 2239 1049 2323 258 747 1017 1976 2015 2143 4 2439 800 10 84 119 144 1807 802 1822 1823 1321 1323 1326 305 307 1332 1841 1842 2371 2374 2375 1361 860 1883 1381 2232 2419 1915 1411 1921 903 1424 2444 2462 433 1487 1834 2260 1500 483 484 2431 494 2037 1333 2045 517 1334 1545 2055 1046 1048 543 1565 547 549 2082 2191 2445 578 2278 1094 2144 1656 1152 1156 1670 2184 1172 1693 1702 1703 2219 1716 192 1729 2247 2249 1749 2262 2271 1761 1762 1764 748 242 256 
256: 953 2414 2381 1884 1428 2065 2167 689 1782 573 1157 1356 1625 2239 747 1134 1263 165 1333 1172 1326 1361 1046 1883 455 1639 2055 2249 2334 1695 1332 1761 1323 752 1688 1156 1823 1565 1249 346 748 549 903 1450 1702 2364 1511 1130 638 1667 
264: 953 1305 323 423 598 2326 835 1392 1456 2065 1644 2308 1800 183 1733 551 980 1157 1270 1940 85 644 483 2034 2482 1768 2062 802 991 1947 888 2444 1115 1765 2447 703 756 2211 1673 1209 2230 2487 2001 1658 
293: 953 1391 1033 22 980 2383 1575 680 644 673 1886 1677 793 149 260 271 528 1429 1570 467 1837 1077 1207 840 1229 339 470 1882 2393 2141 873 2277 886 1654 1920 2430 2182 
365: 953 386 1562 669 2124 721 2150 2414 980 1602 1402 1583 483 1758 139 1495 1295 2162 1939 108 278 528 420 2086 1462 717 
438: 953 1481 2427 671 969 1790 2020 
634: 953 541 1018 1579 27 789 1017 48 2 65 100 288 352 478 479 482 483 502 537 2440 1306 2452 1965 1722 1339 1683 1274 2406 1215 1140 1016 2054 2044 1792 2309 
1677: 953 1819 541 34 721 1470 1232 22 354 1208 1713 1480 1563 1575 2323 680 258 644 1164 1790 70 293 673 1345 82 1384 1894 1389 1657 146 2272 1026 1118 568 2229 1886 1915 1923 1050 1758 826 2349 139 19 25 69 87 95 112 142 152 164 276 288 295 333 338 339 362 405 415 466 480 484 502 578 601 602 672 690 943 967 984 1007 1066 1121 1151 1207 1280 1292 1300 1315 1393 1439 1451 1472 1473 1494 1495 1534 1608 1813 1815 1837 2350 1876 2394 2075 2423 1922 1928 1930 1938 2459 1965 1975 1997 2005 1836 1934 2093 2117 2141 2203 2171 2204 2072 2191 2200 2227 2235 1741 2473 2276 2278 
2063: 953 1819 721 2150 1912 75 274 323 423 485 597 598 835 855 1878 925 1455 1456 1484 975 985 1579 1150 1763 2068 377 877 435 486 322 1331 483 13 30 67 145 353 474 487 492 637 808 819 831 984 991 1128 1175 1245 1584 1586 1740 1749 1768 1780 1942 1986 2318 2482 2455 
1825: 953 1819 541 128 499 500 669 2363 721 2150 96 848 1392 925 1470 1484 1216 573 980 1208 1480 933 1940 85 1602 337 258 427 828 915 1163 1333 82 1894 305 542 1758 1893 353 1792 1495 529 160 503 2238 2373 297 90 441 457 522 1206 1685 1692 1938 2447 1869 2449 1855 
1464: 953 1531 2045 208 1939 612 791 1308 
1724: 953 2301 436 627 890 1033 1219 1243 1244 377 1670 2034 749 1648 1914 52 1137 2204 473 991 1555 1446 770 564 521 528 606 887 1398 1585 1606 1694 2459 1775 2379 1761 2425 1925 
1228: 953 499 2150 848 436 442 746 761 789 1219 1271 1350 1378 1401 1777 1801 2046 2228 1480 85 1602 535 1163 1583 558 2078 1554 452 1553 2229 1027 139 1792 2330 955 1110 991 418 1555 1034 200 1723 57 370 421 528 572 713 885 916 2059 1939 2451 2328 2335 2102 2230 1853 1611 2002 2259 2405 1516 1778 2171 1663 
1866: 953 968 1615 532 515 131 2211 989 1423 
1740: 953 2327 1069 1619 2150 225 485 985 1579 2221 1789 789 963 1211 1422 1777 1713 795 1011 2063 1399 1553 246 2482 1809 1310 1414 976 2351 418 1743 170 503 1458 1264 1693 99 468 524 544 656 681 757 879 1001 1035 1037 1039 1087 1170 1483 1607 1654 2335 1775 1985 2261 1948 2305 
1743: 953 1562 1069 721 1742 2150 224 855 2017 2221 27 396 789 573 1740 100 1027 749 469 699 418 150 259 587 1398 1654 1693 1939 2444 1967 2140 2457 
1494: 953 1232 980 1940 1012 50 1677 48 673 1166 82 452 1886 296 295 1495 955 470 1849 260 339 1167 1295 1300 1937 2174 2298 2331 
1290: 953 669 1742 224 225 2321 1043 789 1162 980 969 2359 828 1017 673 1016 2138 503 1458 2279 1721 2361 1928 2019 692 2213 
989: 953 597 1404 1624 1866 1673 1209 
1886: 953 1819 541 34 1069 721 1367 1428 1484 975 1018 789 1211 671 1480 1625 412 1054 85 1049 2323 320 427 644 657 1017 70 293 1677 1494 10 1894 1015 1016 1112 1317 720 306 65 113 295 333 339 372 467 470 705 857 1009 1119 1139 1300 1683 2090 1997 2237 2141 2075 1895 2138 
1650: 953 185 2479 1551 828 16 2332 
1539: 953 2327 789 1909 980 1552 85 644 1387 673 82 1389 100 1074 1214 1430 2204 991 1664 333 1606 259 2372 1791 
121: 1819 824 835 1949 1148 1246 1043 1644 2167 2125 2308 890 1713 1181 1696 118 1263 647 483 1315 2084 113 1903 1188 1985 2440 1167 286 1879 904 
145: 1819 541 34 386 540 669 1067 721 1912 321 835 925 1484 1216 266 771 789 2206 573 671 980 1480 1011 1100 1940 368 828 1116 1790 2063 673 242 542 492 1560 1058 137 2349 1809 353 1139 1046 2254 1883 1770 1477 991 1161 2215 2444 51 114 1938 1950 676 2346 315 1556 2258 1582 2141 635 1761 947 1663 522 1795 907 
160: 1819 541 2327 34 386 540 721 1742 2150 75 274 485 563 597 848 855 1367 858 1392 2427 1428 925 950 968 1484 975 2017 2065 1579 1644 655 2301 1800 266 771 789 890 1211 2046 573 671 980 1713 1784 1480 1738 1625 1818 1786 1944 1940 85 1049 2323 320 337 1154 329 427 657 1583 2022 1825 416 2439 673 336 1894 146 1317 1027 483 1048 542 543 1050 487 1893 1780 2008 2116 705 137 139 802 353 1792 2369 372 2204 168 2429 1461 1997 529 2215 2281 1947 1377 1153 79 86 125 140 1813 297 191 2233 1842 1556 325 1860 2372 2430 1416 398 1425 923 1450 434 1507 493 1014 1334 1051 548 2082 1089 580 581 1942 2455 1167 668 1688 170 1707 701 703 1726 1741 2261 2264 748 2280 1289 1969 778 
170: 1819 541 499 34 386 669 721 1742 2150 485 563 597 835 1392 2427 925 1455 968 1484 975 2017 1018 2065 1579 1216 2302 1800 266 396 789 2159 2206 2409 551 573 980 1158 1738 784 933 1100 1303 1575 1696 1602 344 657 908 1017 1583 1804 1976 2085 2143 2303 1740 160 2322 336 1016 483 1214 543 492 487 1768 1780 2349 139 1139 1414 372 113 167 1997 1377 2444 46 54 71 273 815 315 333 1052 1902 1145 1942 1450 441 2483 1513 2041 1040 552 1089 2113 1010 2071 1652 2166 2174 682 174 1741 
174: 1819 541 2327 34 386 540 669 721 2150 485 848 1392 1428 1455 950 1635 1216 1789 2302 396 1138 354 551 573 671 877 980 1158 1713 1625 412 1100 1575 1049 2323 680 320 1012 1976 2015 2143 2303 170 532 1657 44 1048 543 1586 2056 802 1139 1883 113 1195 2054 1947 2231 2049 46 154 2186 956 1762 1703 2240 1863 812 1691 583 1761 880 1482 243 1036 
187: 1819 385 2080 1426 2034 2332 699 1822 2146 2233 294 667 1973 466 1946 2153 2340 574 205 206 209 212 213 604 
213: 1819 541 2150 2414 975 771 789 573 2080 1602 187 699 2146 2281 873 1266 1570 1210 547 1946 2153 2340 574 205 206 209 212 2057 1870 604 
291: 1819 2327 771 1894 568 289 2349 2203 1797 333 466 1840 1007 271 1143 
295: 1819 541 504 540 721 1619 1470 968 1232 771 2109 1713 1575 1696 2323 680 258 644 1675 1677 1494 1886 673 82 1384 1894 1389 2272 1026 1118 568 1923 1050 1758 826 2349 2051 139 19 1914 23 25 39 69 83 87 112 152 164 260 271 276 1813 1815 1315 1327 1836 1837 1840 333 1360 339 1876 2394 1920 1922 906 1928 1930 405 1938 924 415 1439 2459 1447 1451 2473 2423 1066 1975 957 1473 967 466 1997 470 1495 484 1007 502 2350 2043 2075 2093 601 1119 2141 338 1137 2203 637 1151 2372 1664 2191 2200 672 2204 679 690 2227 1534 1368 2276 1292 
296: 1819 721 2385 1917 1470 1493 1232 1789 771 377 671 1713 1480 1011 1575 2323 1012 258 1510 1908 1494 673 82 1384 1894 1389 100 1026 1118 568 302 1923 1048 1050 1758 2014 17 826 19 25 69 87 95 112 139 152 164 276 1813 1815 1309 1315 1836 1837 2349 2350 333 338 2394 1393 371 2423 1922 1928 1930 1934 405 1938 415 1439 2459 2473 1066 1975 1473 967 466 1997 1495 480 484 1007 649 502 1534 2051 2075 2093 601 1119 1121 2203 1151 2171 2204 2191 2200 672 676 690 2227 2276 1277 2141 1292 
298: 1819 34 386 2150 75 2326 1470 2017 1909 1784 1786 969 1011 85 329 1386 349 2078 1554 13 51 90 139 2062 1690 1299 955 1086 1124 1127 1128 878 1126 1795 2056 
327: 1819 386 1527 1096 2162 234 1694 
357: 1819 1407 1619 1324 848 968 771 877 351 1510 647 1580 826 705 2349 139 1495 2281 2444 1413 339 1765 1094 2269 466 703 2211 2405 2298 1720 1343 2448 1833 1836 1966 700 701 1352 905 1902 1149 
372: 1819 541 540 669 721 2252 2150 225 485 546 598 848 2427 925 1455 968 1484 975 2017 1579 1644 696 698 1216 1746 2301 237 444 771 789 890 1350 1401 1899 2039 2109 573 980 1157 226 969 1940 85 337 368 1012 1154 828 2022 2143 70 1886 160 170 416 82 1894 2199 558 146 2078 2224 1670 1306 2105 306 483 2024 2138 373 1893 1768 479 672 23 2339 482 2021 54 129 150 152 167 168 169 191 202 257 367 791 796 955 2333 1895 841 2374 847 1873 1377 876 1905 1920 548 400 464 1430 924 929 1969 2484 466 979 502 2043 518 1545 529 1556 539 1080 2113 1939 1115 1688 1182 1352 635 640 1153 688 1709 1710 2223 1728 717 756 1797 
373: 1819 541 540 669 721 2252 2150 274 423 563 598 848 968 1484 1644 237 444 771 1350 1401 2039 2109 354 1552 2383 969 1940 1945 2239 85 368 427 828 1675 2143 70 372 416 2224 267 801 2073 2105 496 643 1923 12 542 543 2471 959 2024 723 91 113 150 152 167 168 191 202 257 312 367 2325 2333 2351 827 841 1385 857 2071 1893 1895 1905 383 1920 1419 400 1430 929 2474 1967 464 979 2002 2021 1009 2033 2043 2049 1545 1556 2104 1939 591 1688 1133 1182 672 1709 2223 1206 735 2282 756 1797 2296 1792 
384: 1819 925 1872 1967 2468 1682 
441: 1819 541 386 721 2150 789 1784 1786 1575 85 1017 1825 170 1333 1016 2138 139 1808 1014 1332 312 505 181 778 2174 977 1694 1021 1072 1352 2140 1918 
470: 1819 1069 721 2150 1470 1018 1605 1232 237 771 573 1713 1575 2323 258 1790 70 293 1494 1886 295 673 1026 568 1027 1923 1050 1758 2332 139 793 802 1495 25 910 271 278 333 415 466 467 2227 2459 2141 1300 1997 1928 1194 1836 2473 1077 1451 2203 2438 1876 1119 2394 1922 1642 1007 1393 1534 2049 
479: 1819 541 446 1407 540 721 1912 224 274 1324 1375 1917 1428 1455 1470 2017 2065 27 789 890 1081 1988 2046 2109 2159 2409 573 671 744 795 1011 1575 1049 2323 320 337 828 1029 1510 1867 1976 634 372 416 336 1894 100 146 328 1317 2353 1027 483 496 1424 1048 543 1050 1758 1893 16 35 90 139 140 150 167 168 275 278 332 335 432 466 1548 802 815 2352 1808 2369 2370 2378 2231 1881 1905 1415 916 2444 2455 1952 2478 1983 1482 1999 493 2028 502 1526 2371 2044 2045 1334 2049 526 529 1336 1084 1061 1256 1070 2091 2110 2111 2117 599 1622 1639 1861 635 637 2170 2189 1693 2215 2223 1720 727 2273 778 
483: 1819 541 2327 34 385 386 454 498 540 669 1069 2363 721 1742 2150 75 224 274 321 423 485 563 597 598 848 1367 858 863 1375 1392 2427 925 1913 968 1484 975 2017 2065 1579 2160 1789 1800 27 237 266 442 761 771 789 890 972 1033 1211 1350 1378 1383 1401 1422 1733 1909 1993 2039 2109 2159 2206 2207 573 671 980 1552 1713 1480 1738 1625 2127 109 969 1011 1940 85 1551 1049 2323 680 320 1602 337 368 1012 639 1154 351 426 427 666 747 828 915 1163 1164 1218 1386 1387 1583 1804 1867 165 264 365 634 2063 121 160 170 372 479 349 416 159 673 1333 10 336 82 1894 146 1172 1811 1554 1306 1317 2229 1027 23 39 52 77 87 89 94 108 113 131 136 140 152 158 168 191 211 217 276 294 302 316 325 353 362 391 393 424 464 469 791 1309 802 807 1720 1327 1332 1842 1847 840 1355 550 1372 1377 873 1893 878 1565 891 1918 2429 1413 1416 912 2441 2444 2448 1942 924 1947 1440 1182 1556 2170 1281 1758 1915 1979 641 1477 1482 2000 2002 1495 2049 2430 2014 903 487 2203 495 506 2041 1534 2271 519 525 2056 587 529 1048 542 543 914 1153 1424 1584 1586 2098 1936 572 2104 1089 2278 585 1814 2119 1425 599 1622 1121 668 1688 1133 2442 1139 594 2455 1656 1663 645 1668 1167 1780 1171 672 1360 679 1191 2213 1703 1708 2328 2013 938 2230 2176 2215 1895 2249 1741 1261 1938 602 1540 1110 1756 2268 860 1250 1256 755 1277 1787 2299 1431 1791 1792 1795 1817 2309 
487: 1819 541 2327 34 386 498 540 669 721 1742 2069 2150 75 485 546 563 597 598 2321 1845 835 848 858 1392 2427 925 1455 1456 968 1484 975 2017 2065 1579 2147 1644 1150 1216 1763 2308 1800 266 746 771 789 1350 1733 2109 573 671 1253 1713 1738 435 1940 2080 340 427 657 1583 2022 2063 160 170 483 1331 416 2439 1333 1016 2078 1027 542 13 30 1586 2482 492 73 114 156 273 353 398 418 1806 802 808 1128 832 2388 1377 1902 2416 1415 2444 1938 1942 1477 1997 1489 1495 490 2349 2041 2049 1037 1576 2101 1088 1089 1122 2190 2238 1728 2248 1741 2258 1767 1768 955 1780 1792 
514: 1819 2327 2109 573 329 801 1398 1415 
539: 1819 541 669 721 2150 224 343 1043 1644 1216 2301 861 1625 1386 372 1681 2445 2138 749 2369 24 428 503 521 1808 928 1458 1091 838 1895 2416 1014 
547: 1819 386 669 721 1619 2150 2414 546 1845 835 1367 858 2427 1455 968 1484 2011 1246 1531 1532 2065 1600 2147 2167 1441 2212 1216 689 1789 396 771 1401 982 1784 2253 1786 1011 1696 1872 1551 1049 2323 337 427 1330 1835 165 213 673 1333 228 1554 2224 801 1317 1424 2034 1048 167 1196 2429 1461 2049 1953 1034 220 2134 1762 1847 1332 2384 2041 434 1703 2140 522 1587 157 348 484 1807 2364 1450 977 1504 1023 2197 1212 856 
578: 1819 1884 1484 1746 85 2323 680 644 2022 165 1677 800 1389 44 305 2173 1139 2106 2286 1545 307 142 171 312 371 433 2374 923 1501 1762 1764 
594: 1819 2363 721 303 2320 858 1917 1117 573 980 1940 85 2022 483 2138 847 1947 1953 191 1749 1688 398 791 
604: 1819 187 213 1118 699 1822 2146 1617 1807 1946 2153 2340 574 205 206 209 212 269 
613: 1819 27 1782 2039 1011 1214 1424 1058 1458 
635: 1819 2327 669 721 323 343 485 1884 1470 2017 771 789 1733 744 1625 1786 969 1135 1940 828 1583 145 372 479 1670 1058 139 353 168 929 1177 2049 2444 2189 1153 533 466 234 398 2176 1578 402 421 450 2066 1950 1739 1267 
647: 1819 224 2381 2017 1550 237 399 444 771 1988 354 877 980 908 121 357 2 38 87 113 371 531 1548 1041 1426 2444 955 2073 1691 673 1703 1580 1586 701 703 1851 1153 1094 1167 1997 762 892 2168 897 2162 1413 1670 
700: 1819 541 1407 1324 1470 968 1484 2017 771 573 1940 1012 351 745 747 357 452 267 1670 1580 765 705 139 1895 1997 2231 2444 1413 2388 1765 1094 2269 2041 703 1815 2211 2298 1720 1343 701 1352 2448 2128 
701: 1819 541 1407 669 2069 563 1324 925 968 1484 2017 1579 237 771 890 1733 1757 1830 354 573 980 1158 1480 1049 351 1790 160 357 647 700 673 1389 2073 1580 1424 765 1409 705 139 672 2254 1895 1997 1161 2444 2249 1413 1334 2384 1765 1094 2000 703 1815 1842 2211 829 2298 1236 1249 1720 1343 1967 641 2448 2202 1836 1352 2128 1248 1435 905 1035 1037 
703: 1819 541 1407 1912 1324 848 1367 925 1470 968 237 318 771 573 1356 795 1575 85 351 427 2303 264 160 357 647 700 701 2445 1580 705 2349 139 802 1895 730 2231 2444 1413 1295 339 1570 1691 1765 1094 2269 778 2448 2202 2211 1450 2298 1720 1352 2128 1815 905 1279 
715: 1819 497 2167 761 1401 1784 1786 511 2239 1116 2008 699 1822 139 1885 353 1139 2254 2429 1706 1979 1071 2029 315 1534 269 300 419 2345 2307 2426 1030 
718: 1819 541 669 721 2150 485 1845 1455 1484 1216 1746 237 877 1158 1356 1753 1786 969 2022 723 139 1310 2231 2286 46 196 270 1167 719 1881 1663 
720: 1819 669 2363 2252 2069 968 237 771 744 980 1872 1886 10 82 1554 1553 2229 139 474 516 523 1555 1439 802 1191 2230 1725 1096 2248 992 993 1885 1053 955 1537 1416 1780 1151 1799 
723: 1819 541 540 669 2363 721 274 423 563 598 1845 1455 950 1484 1644 655 1746 877 1784 2383 1753 1786 1100 1945 2239 1012 828 1675 2022 373 718 1657 12 542 543 2471 959 2024 46 719 1663 2332 934 2231 1256 2286 1206 2428 
801: 1819 541 499 540 669 2363 2252 1374 2150 224 546 835 848 1884 1455 968 1484 1246 1600 1441 1216 689 1789 27 890 1005 1378 1732 1733 1757 2039 573 980 1713 1480 2479 109 85 1551 680 320 258 329 657 666 745 828 1163 1164 1386 70 373 514 547 349 1044 673 1333 352 100 305 1554 267 7 136 150 157 158 253 328 348 433 463 503 672 679 770 785 802 1553 821 1337 1855 1885 2396 1893 1568 2449 2451 2455 931 1951 944 2484 1979 979 991 1009 1021 1027 2062 1093 2139 1664 2195 1020 2222 2229 2237 1221 2471 1708 860 1768 1798 
802: 1819 541 2327 34 386 540 669 1069 2363 2069 2414 225 321 485 598 805 1428 968 1484 2017 1600 1800 237 771 789 890 1350 2109 2206 2391 22 185 443 671 980 982 1480 1624 2032 795 969 1011 1940 2323 639 329 351 657 747 915 1017 1386 1976 70 165 264 160 174 470 479 483 487 703 720 801 416 673 1333 1016 2199 146 305 328 1306 1326 2229 306 1915 1424 1048 1050 1586 1758 1893 156 2193 2155 137 2349 139 73 89 131 164 190 312 433 466 480 550 582 713 780 2328 806 807 2343 819 1332 1842 1847 1854 1855 860 1381 1895 1309 881 903 904 1416 1928 2444 1434 1947 1960 1968 1477 973 979 1495 991 1540 1556 1565 1578 1613 1121 840 1139 1656 1167 1184 1695 1199 2249 2251 2278 2264 1756 1256 1277 2299 1792 2309 
803: 1819 2150 925 1470 1484 771 789 1909 2206 877 980 1552 1784 1786 1135 1386 1387 673 1809 699 139 353 1175 1898 942 2041 1939 86 95 259 398 1071 1739 2389 
826: 1819 2327 1018 2125 318 890 671 1011 337 351 1263 1510 1677 295 296 357 1923 17 469 25 215 260 289 290 333 463 467 668 2250 931 2211 2352 2227 1997 2386 1501 1642 1534 2204 1007 
860: 1819 669 485 968 1484 1600 2302 1011 1303 2323 1012 340 535 747 165 483 801 802 2115 1333 82 328 2229 1424 2138 1217 1041 1110 1997 1655 2444 2249 1332 84 182 1565 1842 948 1525 1184 1536 903 1925 
896: 1819 848 318 436 1801 1356 1857 531 
903: 1819 2414 323 485 835 848 1884 968 1484 626 1746 689 354 980 1157 1208 1356 1713 1944 2239 1602 427 745 747 1976 2143 165 256 483 802 860 1333 2247 1147 305 1326 1424 542 543 1758 1361 139 1310 1041 1046 1883 455 1639 2444 2055 2189 2106 2286 2249 1762 2007 1628 1332 1761 1323 2144 752 433 1156 1823 1842 1565 1693 2019 748 2165 549 419 420 484 571 2364 1921 1450 2175 1585 1130 1152 1702 2262 2278 
934: 1819 848 968 1644 396 1638 1801 2163 723 503 942 363 191 437 1167 1500 2474 827 
984: 1819 34 386 721 1845 848 980 1713 1944 511 258 1804 1677 2063 1333 1310 456 2049 575 943 1673 1823 1960 1762 
991: 1819 541 34 386 498 540 669 721 2150 224 835 848 855 894 2427 1428 925 927 968 1484 975 985 2017 1644 1216 27 396 627 761 861 890 1211 1219 1350 1378 1401 1733 2068 2206 671 877 980 1270 1784 1786 1696 1940 1049 2323 320 1012 1154 329 1114 1867 264 2063 1724 1228 1539 145 801 802 416 336 1657 100 146 306 1048 1050 2482 1893 1780 1648 1310 1414 2369 495 2204 167 168 2352 1997 473 29 60 141 150 294 398 461 489 522 529 548 607 798 889 931 954 1816 1824 1385 2398 1939 1942 2455 1972 2485 1982 1479 1533 2044 2049 1068 1604 1009 2153 1643 2213 2217 1240 1752 2281 1482 
1016: 1819 1407 386 498 669 1069 364 597 824 1367 858 1404 2011 1018 2125 380 399 442 890 1081 2454 354 573 744 980 1713 1625 1818 795 1146 1575 1872 320 1013 639 344 644 666 940 1017 1330 1790 634 1290 1886 170 441 487 802 4 2439 1044 1166 1333 1487 228 1015 25 76 80 87 91 94 125 190 202 253 262 299 333 371 433 453 456 473 480 482 493 494 521 552 561 571 617 714 717 775 829 843 931 946 958 1007 1465 1310 1320 1553 2346 1332 2353 1853 2384 1883 2396 1400 1411 1923 1424 2442 2445 1429 1431 1488 1463 2482 1997 1495 1327 1530 1534 2045 2268 1038 2062 1554 1555 1046 1561 2073 1084 2089 2094 1101 1685 2144 1139 1145 1657 2174 1693 1194 1195 1196 2223 2227 1730 1234 1248 1541 1761 1781 2299 1075 
1047: 1819 85 1867 1015 2073 1217 1194 1273 
1059: 1819 771 1480 469 521 64 882 2248 2423 
1094: 1819 1407 540 1324 1456 968 1531 237 2401 899 1713 1944 1575 1696 1940 351 1024 165 357 647 700 701 703 1580 543 2471 749 2155 705 292 1495 456 190 1115 1458 339 1765 66 2312 1995 2096 505 189 1025 371 466 507 728 1435 2251 2211 1701 2298 1836 1840 1352 1149 1207 
1101: 1819 1018 1600 237 396 1563 1011 85 1013 644 1017 1804 1016 416 1044 82 1015 1586 25 168 241 331 333 363 473 503 804 1007 1009 1954 1194 2484 1851 1102 1485 1869 1364 
1140: 1819 669 2363 771 634 82 1027 1893 482 1559 2352 503 57 360 466 1004 1556 2072 1568 1571 1578 1858 1370 2136 1516 2157 2420 1905 
1141: 1819 2150 1912 848 1531 1480 1012 82 1384 1389 353 1617 1266 1847 212 387 1882 1388 
1153: 1819 541 34 132 669 721 2150 323 485 597 848 1917 2427 925 1470 1484 975 985 1644 1216 789 671 1563 511 1872 2080 1602 368 1012 329 666 915 160 372 483 635 647 2439 1553 2138 1780 699 2146 353 168 2227 1982 2256 1377 2408 1034 67 589 667 831 832 833 879 1088 1296 1939 2372 1502 2002 1942 1541 1604 2153 2416 
1167: 1819 386 721 2150 485 1470 968 2017 655 1800 399 1909 573 877 980 1713 1944 1696 2323 258 329 666 2143 1494 121 160 483 647 718 802 934 1681 673 1333 336 328 1915 1424 2024 1758 1768 1885 793 672 1883 288 1191 190 2396 2054 1555 503 1458 906 1765 2162 1881 1684 1434 996 488 523 785 792 988 2123 1366 2395 
1215: 1819 385 669 2363 2150 805 968 237 442 1162 1732 1733 969 1011 1940 258 666 1116 1163 1164 634 2078 1554 1553 749 1758 288 2351 1555 2444 521 339 1920 1556 872 522 523 2345 278 2209 1957 
1257: 1819 1374 1159 303 343 1829 1845 1949 2011 1246 1064 1763 399 707 1356 1480 1575 2359 1551 745 1134 1487 1497 496 1361 137 1617 2217 687 46 193 710 775 806 907 1950 2213 1466 1977 1749 1450 2184 
1282: 1819 1216 237 354 949 85 1191 114 1096 2162 108 2475 1707 
1332: 1819 301 385 2414 75 323 485 835 855 1884 1470 968 2011 2017 1531 2065 1598 1615 2125 1216 1746 689 399 2046 354 573 980 982 1157 1208 1356 1713 1944 1011 2239 2323 745 747 1164 1583 1976 2085 2143 165 256 441 483 547 802 860 903 1016 1681 800 1166 1333 1729 1487 352 1172 305 1512 1306 1326 2169 1915 1424 246 1048 543 1050 1586 1758 1768 1361 1841 1414 1046 1883 821 456 1430 167 1194 190 1287 2061 1095 455 2091 2049 2444 2016 2055 2286 2249 1545 776 1762 2152 2428 61 1695 962 1628 2271 84 290 312 376 433 549 552 562 624 641 748 752 1130 1152 1156 1223 1249 1323 1463 1823 2364 2374 2375 1880 1881 1381 2405 2419 1921 2462 1450 1967 2480 1474 1488 1515 1842 2071 1565 2191 1585 1587 2278 2140 2144 1764 1654 1693 1702 1714 1749 2262 1761 
1334: 1819 499 485 848 968 1598 237 399 436 746 789 890 354 671 980 1270 795 1303 1940 320 322 426 644 1163 1330 1835 165 160 479 701 1044 800 352 1389 706 1553 63 1424 1048 2471 2349 1983 2051 139 1648 1914 1792 1465 955 164 1898 480 1797 339 141 234 333 433 493 548 552 891 951 1020 1077 1188 1321 1931 1500 1952 2211 1700 1501 2472 2162 1863 
1352: 1819 446 1407 2327 1324 968 771 789 351 357 372 441 700 701 703 1094 1580 2444 1413 339 2141 1765 466 2211 2298 1720 2448 2251 905 
1377: 1819 541 2327 34 132 540 669 721 1742 2150 224 274 485 563 597 598 848 1392 2427 925 968 1484 975 985 2017 2065 1579 1644 1216 1800 266 771 789 551 980 1738 511 1011 2080 2323 1602 337 427 1583 160 170 372 483 487 1153 2439 1317 1027 1893 1780 699 168 1461 2215 1947 1982 51 67 191 209 522 589 667 831 832 833 1034 1089 1296 1813 2444 1973 1556 1942 1741 1502 2269 1541 2455 2307 
1414: 1819 541 34 2150 925 2017 2302 789 22 1944 784 85 344 427 2303 1740 170 991 1332 1333 1214 2482 492 1041 1139 719 819 907 923 1155 1431 1813 1578 1479 1482 1918 1710 
1446: 1819 541 2327 34 669 721 2150 323 546 1324 848 858 1917 2427 925 1148 1470 1484 1246 1216 689 707 789 85 1551 427 1724 1893 469 1822 1947 1175 1177 348 381 522 552 2257 2298 
1501: 1819 541 540 1421 2381 1470 1713 1575 2239 320 639 578 826 1334 673 1389 2199 568 1923 542 1050 1315 1495 1137 1947 142 2350 333 2423 1922 2191 690 1223 1837 1938 87 112 152 355 405 601 682 1007 1466 1473 2459 1930 2394 2200 2181 
1547: 1819 1884 1441 1378 980 1784 1786 337 644 2439 146 2445 1758 1041 1895 1096 2162 1077 786 2295 87 182 362 572 609 1020 1416 1684 1717 
1580: 1819 1407 34 540 2150 485 1324 858 968 1579 1789 237 771 573 1129 1940 680 351 357 647 700 701 703 1094 1352 10 139 339 419 466 568 705 905 929 1028 1050 1139 1206 1413 1435 1808 1720 2211 2215 1593 1836 2349 2444 2298 2487 2231 1758 1765 2162 2448 1654 2051 2182 
1582: 1819 1407 2327 132 2150 1912 894 2427 925 1602 828 145 1554 2332 1363 564 2006 154 843 1362 1699 
1673: 1819 669 1428 573 671 1049 2323 320 639 264 989 984 2078 1048 1050 1893 600 1032 1555 520 1823 
1688: 1819 2327 224 274 343 423 485 563 597 598 1878 1392 968 1484 2065 1644 2167 655 2221 1789 2302 2308 444 412 1575 2239 258 657 747 1510 1583 256 160 372 373 483 594 2471 2138 1792 2444 2217 220 2290 719 480 2388 1479 2113 78 152 591 665 799 811 912 1132 1390 2448 1950 2006 2037 2075 2298 2184 
1765: 1819 1407 2069 855 925 1470 968 237 771 573 980 1696 1154 351 427 657 908 264 357 700 701 703 1094 1167 1352 1580 673 2199 1915 1758 1361 1962 139 1895 974 2444 1413 1454 1691 64 439 449 463 466 766 897 905 1169 1343 1435 1548 1634 1656 1703 1708 1720 2448 2211 2298 2235 2168 2405 1905 2269 
1768: 1819 541 1407 2327 1998 540 2150 75 274 321 323 423 485 597 598 2326 835 848 855 1878 1917 925 1455 1470 1484 975 985 1615 1150 2221 1216 689 1763 2308 237 771 1211 377 551 573 844 1157 1208 1713 1784 1786 435 1940 85 1049 2323 680 1602 337 1154 258 427 644 657 1024 1164 1218 1976 2022 2085 264 2063 170 372 487 801 1167 1332 1331 673 1333 1894 1657 146 1112 1497 1317 2169 1915 1048 13 30 1586 2482 492 1128 1893 60 72 136 139 190 197 353 376 419 529 679 752 808 1021 1071 1088 1315 1341 1444 1499 1509 1601 1667 1694 1749 1808 2332 2444 1947 1984 2055 2083 2091 2452 
2482: 1819 541 132 498 669 1912 75 485 598 925 1484 975 985 1150 1763 789 890 1733 1909 2206 573 744 1625 435 1602 427 915 264 2063 1740 487 991 1016 1414 1768 1331 2439 336 1554 1553 2138 13 30 1586 67 209 332 353 398 492 699 705 730 868 907 1128 1175 1706 1780 1942 1973 1982 2041 2058 2059 2153 2215 2269 2342 2371 2455 
2062: 1819 541 2327 34 386 540 669 721 2150 343 1878 1392 2427 1484 2017 2065 1600 2167 1216 380 1219 22 573 1784 1480 2253 1625 2032 1786 2479 1696 85 2323 340 427 644 1330 264 298 801 1016 422 543 901 17 90 167 271 472 522 705 888 1126 1127 1342 1806 1939 1947 2113 2190 
2315: 1819 
1851: 1819 499 824 1600 1635 1011 85 1013 118 644 1804 1976 647 1101 416 1044 146 1874 1379 1512 1586 219 600 440 2021 1395 473 770 2279 60 331 333 531 605 620 646 804 920 1009 1102 1149 2484 1879 2307 
1855: 1819 2427 968 980 1784 1786 1940 85 329 1825 801 802 1657 328 542 543 1310 2249 2257 2141 2280 1842 285 748 1051 1708 2234 2405 
2403: 1819 354 85 1164 1657 1214 643 2471 1883 84 1247 1834 1233 994 
2416: 1819 386 1069 721 2381 1428 2017 1940 85 1263 487 539 1153 1758 1822 353 1495 2215 2091 493 898 1658 
1910: 1819 1027 1887 
2434: 1819 1043 1909 729 1129 1319 1657 219 2193 1495 2279 2331 2140 1869 695 1567 
2444: 1819 541 1407 34 386 540 669 721 1619 2150 224 225 343 485 598 835 848 1878 1392 1404 1917 2427 1428 925 927 1470 968 1484 2011 2017 2065 2125 2212 1216 689 2302 2308 1800 771 789 890 1033 1211 1801 2109 2401 671 980 1253 1270 1784 1480 1786 969 1181 1940 2239 1551 1049 2323 337 1154 329 427 747 828 1114 165 264 1743 145 170 357 479 483 487 635 647 700 701 703 802 860 903 1215 1332 1352 1377 1580 1688 1765 1768 2439 1333 1894 1657 146 1317 1027 1424 773 1048 542 543 2138 1050 1586 1758 1893 1560 156 2116 137 2349 1809 2051 139 600 1792 1495 1770 2204 167 168 190 929 1997 529 1095 2215 1947 873 72 114 141 191 310 362 434 464 466 488 501 522 599 656 668 704 755 791 836 905 1034 1075 1102 1184 1343 1370 1380 1413 1458 1482 1556 1565 1654 1695 1703 1795 1813 1842 1939 1968 2041 2082 2189 2232 2249 2316 2346 2350 2361 2374 2388 2455 2448 
1860: 1819 540 2479 2239 85 1551 680 1012 160 1681 673 82 2229 542 1361 679 1792 1980 857 400 208 2455 205 221 869 1182 1203 1398 2079 
1967: 1819 1635 1789 890 1900 2253 2032 1563 639 1154 745 1743 373 384 701 1332 2322 146 579 1027 902 543 139 979 2309 1342 668 2455 1451 1010 702 287 586 843 1038 1042 2183 
2264: 1819 2150 75 2321 975 237 1713 969 160 802 1172 1792 2369 1495 
2041: 1819 541 2327 1481 721 1912 75 274 485 497 563 597 598 1324 1392 2427 925 1456 968 985 1579 1635 1441 1789 789 2401 486 1100 258 1116 1583 170 483 487 547 700 803 2482 2444 1112 220 719 131 272 273 587 907 1066 1256 
2054: 1819 1407 721 1619 2150 224 485 848 968 1484 1216 27 789 1162 1211 1757 1777 2228 1625 969 1940 644 1867 634 174 1167 100 2078 328 2034 2138 1893 2056 2369 2429 1461 150 418 529 730 1161 1249 1413 1545 1556 1565 1667 1730 1939 2210 2387 2202 
2024: 1819 541 540 2414 274 423 563 598 824 1456 1018 1644 399 890 573 980 2383 1625 1944 1181 1303 1696 1945 2239 828 1017 1675 372 373 723 1167 2108 159 800 352 1384 1389 146 686 305 1118 12 542 543 2471 959 58 138 147 339 353 552 987 1103 1310 1489 1555 1656 1687 1693 2360 2049 
2165: 1819 669 848 1746 237 1378 1733 377 877 1480 949 1940 747 903 219 139 1195 2189 2286 798 1071 129 522 581 1682 
2213: 1819 541 848 968 746 789 1733 2159 573 1713 2080 1049 2323 1602 915 1290 483 991 1257 1894 2199 1048 749 1050 1758 1893 1361 1495 857 1491 1266 2455 1415 1946 
2242: 1819 721 1917 925 789 573 412 1602 368 10 309 1175 1495 1792 1859 2246 
2298: 1819 446 1407 842 1324 1428 968 1579 1232 318 771 185 354 980 795 969 1940 1945 1494 357 700 701 703 1094 1352 1446 1580 1688 1765 673 1894 1657 146 452 2173 469 1671 139 456 2204 2352 1413 2180 819 339 138 2154 1937 147 2171 2043 466 1611 2211 2331 99 154 419 580 1279 1863 1960 2094 2119 2187 2202 2250 2392 
2: 541 34 386 540 835 1917 2427 1470 1216 1784 1786 427 634 647 532 1331 349 416 2108 2115 159 
12: 541 540 274 423 563 598 1644 380 396 2383 1945 2239 644 828 1675 373 723 2024 1048 542 543 2471 959 2138 749 
48: 541 863 2065 1605 634 1494 1 1139 1710 2257 219 60 1942 2007 1847 1175 583 2020 1715 324 1133 
69: 541 540 787 671 1011 1940 1675 1677 295 296 82 2173 1923 542 543 1758 215 679 25 2191 1714 
78: 541 721 848 925 1456 2017 789 1211 1480 1563 1135 1940 85 427 1510 1835 2022 1688 1027 1424 1893 2116 1139 167 1461 1095 2215 1115 1458 1939 297 193 325 230 490 752 1010 778 
98: 541 34 1917 2427 1441 2080 
120: 541 34 386 540 2150 1917 2221 1753 306 542 1787 2233 
152: 541 721 1644 1777 980 1012 915 1263 1677 295 296 372 373 483 1501 1688 1166 2199 252 1118 1214 469 289 1618 339 2141 1245 467 191 1815 290 260 829 1928 1249 552 920 253 649 
191: 541 2327 721 2252 2069 2150 75 303 485 848 1367 1932 1949 1484 975 1246 1043 1644 1150 237 444 789 1081 1350 1401 2039 2109 2391 573 1552 694 969 1011 1940 1551 368 1012 828 1386 1790 2022 2143 70 160 372 373 483 594 934 1377 2444 152 416 82 2224 2105 306 496 1923 1893 672 679 353 2021 1895 1430 2478 979 167 168 2333 929 607 418 150 2215 1555 1545 202 1797 2223 2033 1920 1906 501 331 763 2317 815 2402 464 827 1853 841 1372 872 367 1905 1405 407 922 434 2475 1468 992 2012 1533 518 1540 522 1556 1568 1087 587 1182 2170 2171 1169 661 1707 1709 1712 750 756 1779 257 777 
193: 541 1470 1216 2239 1257 78 542 543 2254 1430 1611 792 
194: 541 1917 925 1470 771 2080 2281 942 
199: 541 669 1619 1878 380 396 442 1401 1603 1733 1909 671 899 1624 969 1945 351 1029 2310 1923 749 1139 1690 955 1555 2055 1920 2455 923 2424 1613 2043 688 1230 1357 1928 2248 382 141 1578 198 637 992 1504 381 
212: 541 2327 925 975 771 573 2080 187 213 604 1141 699 1822 2146 2256 1266 832 1946 2153 2340 574 205 206 209 
220: 541 2327 34 386 1917 1470 1713 85 1602 547 1688 2041 600 1947 1994 734 1289 
246: 541 385 2320 1917 354 1017 1740 1332 1015 1657 11 990 1762 2000 1046 1883 1721 2268 1684 
263: 541 540 746 890 2239 542 1581 
289: 541 1421 1470 771 1033 1713 1480 1575 1696 2323 258 291 826 152 1894 2199 1118 1923 17 25 87 112 139 164 276 405 1930 2200 415 1439 2459 1928 690 2191 2350 1066 1975 2277 1473 1938 2241 1315 1099 333 466 601 1495 2393 2394 484 1837 1121 1007 371 1797 1077 2423 1922 2204 1292 
290: 541 2327 1421 1470 1043 771 1713 1575 258 1908 826 1332 152 673 1389 1118 1315 1495 2350 333 1922 2191 1393 1223 87 112 415 952 1473 601 2394 2459 1007 1928 
313: 541 454 980 2080 1049 1050 1947 595 1589 196 1907 
328: 541 669 1742 1374 224 835 848 1878 1884 1404 1441 1800 27 28 890 1162 1378 1732 1733 671 1713 118 258 329 1867 479 801 802 860 1167 1855 2054 10 100 7 29 37 101 136 150 302 529 528 2451 672 1951 1025 1706 944 1664 2351 2352 2353 1344 1093 1661 1865 2249 921 561 979 1110 2333 473 1221 730 433 2396 1031 2008 1881 1161 2412 476 503 501 1526 607 2173 2429 2056 2204 1545 931 
333: 541 848 1531 1532 1600 1605 2221 761 789 1733 2228 980 1625 1011 639 1154 1017 70 1677 1886 1539 170 291 295 296 470 826 1016 1101 1334 1501 1851 289 290 673 1166 1214 2173 139 1914 1046 1980 1844 910 1477 979 617 136 1171 164 167 168 1191 1194 1195 716 1032 1555 668 1761 64 331 108 112 119 234 243 1102 638 1089 1731 1357 992 2473 2244 1752 1292 
349: 541 34 385 2363 721 1878 2017 1246 1550 2160 1763 396 789 980 320 1154 329 298 483 801 2 1331 64 138 139 146 182 1806 1554 1050 2078 955 2108 2450 732 2398 1895 749 1274 2176 
353: 541 2327 386 669 2124 2150 1391 855 1392 1456 975 985 1018 1579 1644 399 1732 1733 1909 22 354 551 1552 2253 1625 2479 435 511 969 1011 1303 1696 644 745 828 1017 1386 1387 1583 1790 2063 1825 145 160 483 487 635 715 803 1141 1153 1768 2482 2416 2024 191 352 1657 706 2078 686 1554 1553 1780 2056 1809 1822 345 52 117 125 141 190 204 1339 1340 1849 533 856 1881 868 1380 874 2406 1903 382 898 1654 1942 418 521 523 1555 562 2099 1626 1631 1659 1663 1160 1161 658 1706 2240 1741 1744 730 2266 2268 522 
371: 541 1018 354 1625 1696 85 258 644 1017 296 578 647 1016 1094 289 1487 2445 305 2073 469 1046 1883 1591 2061 2091 307 1904 142 1933 1934 1935 171 1761 433 2174 1298 958 1072 990 1265 630 1656 1152 781 
400: 541 985 1480 372 373 1860 2439 1657 1497 2138 1980 25 857 208 2251 1611 1479 2267 1008 1009 2117 
432: 541 789 377 877 479 1082 1429 1089 
434: 541 2327 385 224 225 848 1404 1417 968 655 1231 436 761 789 1211 1244 1350 1638 1777 1899 2046 2206 2207 795 1940 639 535 160 547 2444 191 1118 1027 1048 440 1430 168 1191 2334 294 628 752 1415 665 91 1590 1954 837 1348 1008 1911 1022 2426 1538 645 1036 
460: 541 771 1100 85 1172 305 542 1895 1947 73 84 2316 
478: 541 848 1884 1428 789 1081 671 1011 1049 320 337 634 416 336 1894 146 1317 1048 543 1050 1758 1893 139 1808 167 168 2352 529 2110 1861 2215 2091 275 2111 2455 140 502 1720 278 1482 727 1372 
482: 541 540 721 1428 789 1081 671 1011 1049 2323 320 337 1154 828 1116 1263 634 372 1016 1140 416 336 1894 146 1317 1048 543 1050 1758 1893 139 23 35 77 140 167 168 275 278 466 1808 1810 529 2455 1639 2210 2215 815 2091 2352 1720 2110 2111 2045 1861 1482 727 1622 731 2273 2028 502 2478 2049 
506: 541 2327 1404 1575 2239 118 483 558 1426 699 1980 1495 114 1133 374 362 1453 1068 605 2183 
510: 541 329 
515: 541 385 2427 1428 968 85 1866 2138 770 2166 1459 1817 
1823: 541 669 2414 1884 1470 1484 1615 2167 1216 689 980 982 1157 1208 1356 1713 1944 85 258 747 2163 165 256 903 984 1332 1673 1333 1172 1147 1326 1361 1046 2254 1883 190 455 1639 2049 2055 2249 776 1695 1761 1323 1009 752 1750 1156 390 549 748 1130 1249 1450 1565 1585 1693 1702 2364 2262 1836 2405 
2337: 541 380 2412 2279 1865 
1720: 541 1644 789 551 427 357 479 483 700 701 703 1352 1580 1765 478 482 2078 306 1758 693 1822 1885 1139 2309 1175 1413 1184 129 259 943 1604 1674 2335 2086 2176 
1322: 541 2253 1561 1618 665 277 
1709: 541 85 372 373 191 
819: 541 540 805 824 968 1531 1605 1746 1208 1563 1011 1940 2323 680 1602 1012 644 1029 2063 802 1414 2298 82 2445 1915 2349 1822 2254 1491 1458 46 1570 1965 1076 1207 2483 1341 840 1741 2259 2451 2276 1010 2424 1613 2172 
1331: 541 2327 75 485 598 1150 1763 2308 671 435 969 657 2022 2063 487 1768 2482 2 349 13 30 63 219 439 492 713 808 1088 1128 1220 1293 1937 1606 2217 1586 2108 1923 
770: 541 34 386 540 1562 721 848 2308 1401 899 412 1872 1724 801 1851 515 532 1065 2306 1670 63 2034 542 543 1893 111 147 309 387 522 602 650 676 943 1213 1723 1473 1741 1502 1643 
2360: 541 385 386 2065 1579 890 1211 980 969 85 258 2024 673 352 2078 1554 1553 1306 1217 1555 2091 521 2223 593 223 278 522 523 1556 1712 2240 2328 
1859: 541 2242 309 2246 
1862: 541 848 1430 398 
845: 541 1407 2327 34 386 721 2150 75 848 925 1484 1216 689 1713 1480 1583 1681 1333 1894 1893 168 2061 571 2313 2455 1954 1852 
1865: 541 224 237 380 85 1867 328 2337 159 706 1361 150 294 1102 381 
2231: 541 485 848 655 2301 28 789 443 933 174 479 700 703 718 723 1580 100 558 686 252 2229 2034 1046 2369 1997 730 163 719 811 1133 1276 1419 1439 1761 1762 1969 2334 2235 2277 
1363: 541 721 28 237 1582 1758 1137 278 1362 2285 
1881: 541 385 540 669 2363 721 75 968 1150 1401 1732 1733 1713 85 2323 680 320 329 644 666 745 1163 479 718 1167 1332 328 353 1166 1333 82 1487 1657 305 1554 1497 2073 568 2229 1424 1664 1173 719 480 2223 1920 312 670 924 986 1086 1151 1168 1277 1702 2230 2174 
2240: 541 540 597 1484 1219 354 671 1480 1625 1011 1790 174 353 2360 1333 1657 2078 1554 1655 1339 2266 1656 1627 522 646 948 1340 1626 2268 
2398: 541 991 349 1885 1009 956 676 2037 1122 
1393: 541 540 925 771 969 1940 1012 1677 296 470 290 82 267 1214 542 469 1171 1937 2182 449 1078 
873: 541 34 386 540 1305 669 2363 2150 1845 848 1455 968 985 771 789 573 2080 1602 828 293 213 483 2444 542 793 2091 2386 505 630 651 791 2057 1459 1479 1366 1875 2142 1152 
1266: 541 34 386 540 2150 925 1270 795 969 2080 213 1141 2213 212 542 167 205 206 832 864 900 2057 1956 1459 1343 2269 1380 
2404: 541 2427 2080 
2406: 541 2363 323 1470 1484 789 573 1602 634 353 2439 673 336 137 2349 1809 699 1822 139 1430 1175 1177 2455 1834 398 209 637 780 
2073: 541 1742 224 950 1018 2065 1733 1757 1830 185 354 671 980 1552 1713 1625 1303 1872 85 2323 320 1013 1017 1330 1790 373 647 701 1016 1047 371 1881 10 1657 2078 1554 1399 312 433 466 480 503 641 711 829 943 947 966 1009 1027 1046 1048 1248 1249 1273 1451 1491 1555 1761 1883 1965 2000 2049 2189 2229 2299 2374 2254 
2408: 541 34 540 511 2080 351 1153 424 1947 912 1136 1190 
888: 541 34 386 540 2150 343 1878 1392 1917 2427 2017 2167 1216 2253 85 1551 1012 427 264 2062 1166 422 543 705 186 752 1126 1694 1127 
1406: 541 386 1161 602 1608 
2424: 541 2414 380 671 1552 1303 85 915 1263 199 819 416 1681 336 1894 146 663 529 1555 1972 668 2455 64 1429 1096 2162 108 525 526 608 739 912 992 1006 1073 1321 1357 1451 1473 1578 1613 1722 1791 2031 2122 
901: 541 34 386 540 669 2150 75 274 323 563 598 2320 805 835 855 858 1878 1392 2017 2065 1064 1605 1635 626 2167 1216 1763 2308 1784 1753 1786 85 1330 2062 1553 543 13 273 1656 1196 952 1981 1606 2259 1295 
2432: 541 386 540 669 2363 2326 848 1878 1470 761 1401 185 377 573 982 1784 1753 1786 85 666 1754 2386 1664 232 272 437 682 695 737 775 1174 1353 2314 2451 2433 2435 
1426: 541 1801 185 1784 1786 187 647 506 11 490 804 1937 2328 
2447: 541 499 500 498 721 848 1484 789 551 980 694 85 639 426 427 264 1825 1214 857 1997 472 774 129 1485 2044 2451 
1434: 541 540 1069 1428 771 890 1713 1818 1940 1049 2323 802 1167 1657 1915 1048 542 543 1050 2332 114 1928 334 512 2305 1538 
1947: 541 2327 34 721 2150 224 343 423 597 598 2326 835 1367 858 1878 1392 1917 2427 925 1455 1470 968 2017 2065 1600 626 2167 1441 2212 2221 698 1789 1800 28 266 771 185 377 1270 1713 1784 1480 1624 1786 795 969 1011 1940 2359 258 666 915 1003 264 160 174 483 594 802 1377 1446 1501 1768 2062 2444 220 313 460 2408 2310 1758 1310 339 595 732 774 912 1034 1115 1449 1473 1797 1953 2271 
1450: 541 386 669 1159 323 835 925 1470 1484 2167 1216 689 2301 789 877 1208 1356 1713 1784 1786 2479 412 1011 666 747 1510 1804 2015 256 160 170 547 703 903 1257 1332 1823 673 1333 1729 1112 1214 2138 1310 1139 1883 456 1622 1191 1323 1213 709 930 2186 2397 1856 2364 1969 2037 
1452: 541 1600 573 44 624 649 1429 2428 
2471: 541 540 274 423 546 563 598 824 1018 2065 1644 399 890 1378 354 980 1713 2383 1625 1753 1944 1011 1303 1696 1945 2239 2323 320 329 828 1675 373 723 801 1094 1334 1688 2403 2024 12 1044 673 1166 352 1384 1389 1015 2199 2445 1399 1915 542 543 433 526 552 904 959 965 1194 1310 1419 1474 1489 1587 1687 1750 1815 1831 1903 1965 2000 2079 2202 
946: 541 2327 34 1974 721 771 789 573 1017 1016 206 2153 1807 1972 1528 2233 
1968: 541 34 386 540 721 2427 1940 802 2444 542 543 749 2227 783 2091 1833 
2483: 541 2327 498 669 2363 1159 1470 1605 789 185 1270 1624 2239 170 819 568 542 679 1792 1461 501 88 1274 1341 
959: 541 2327 540 274 423 563 598 1644 980 1270 2383 1945 2239 85 828 1675 373 723 2024 12 2471 542 543 796 2087 979 1342 1960 2140 1416 
1491: 541 34 386 540 2320 1884 2427 950 1531 354 573 980 1696 2323 1602 644 1790 2213 819 2073 1044 1681 800 352 1657 1048 215 1046 1883 65 370 480 678 1339 1725 1981 2249 2071 1761 1762 
1497: 541 34 386 721 1917 2427 1470 2065 1401 573 1784 1786 1011 2323 1602 1012 657 1116 1257 1768 400 1881 416 6 955 1048 1396 1482 1703 1842 2249 2405 2428 
1014: 541 2327 597 1470 1081 2109 443 784 1263 160 441 539 1681 1166 44 1306 2138 871 57 602 662 958 2191 2074 1327 1850 2025 1072 1516 1265 2174 
1503: 541 729 1129 1319 1181 469 
1504: 541 925 2011 789 1219 2401 877 1944 1945 547 199 228 1389 1554 1553 1424 1754 960 171 790 1958 
1034: 541 2327 34 386 540 669 721 2150 323 343 835 848 855 858 1392 1917 2427 925 1470 1484 985 2017 1531 1532 1043 2221 1216 2308 1800 1732 1733 1784 2253 1786 969 1228 547 1153 1377 2444 1947 673 2310 1214 955 167 1287 2429 1953 51 398 868 952 1126 1212 1981 1236 2384 2134 1190 
1080: 541 1407 34 386 721 2150 75 848 925 1484 1216 689 1713 1480 1835 372 1681 1333 1894 1893 168 2061 2313 2455 1954 1852 
2055: 541 1407 34 669 75 1845 848 1884 1917 925 1605 1757 573 844 980 982 1713 1818 2323 657 747 1003 1134 1976 2143 165 256 903 1332 1768 199 1823 1333 63 2169 1046 1883 2452 190 2091 72 142 376 562 1323 1380 1444 1499 1509 1667 1761 1762 1764 1984 2144 2083 
1046: 541 34 75 1845 835 848 1884 1917 1470 1018 1532 1600 689 318 890 1757 1777 354 377 573 980 982 1157 1158 1713 1480 2253 1625 1940 258 747 1017 1134 1790 2022 2143 165 256 145 903 1016 1332 246 333 371 1823 2231 2073 1491 2055 1333 1487 1657 305 63 1214 1424 1758 1361 23 25 142 390 433 549 562 748 1339 1954 1702 1323 2254 2371 2249 1883 2144 1761 1762 1764 1691 1656 1156 2049 1684 
2066: 541 1830 635 1479 1656 1249 876 2467 
1048: 541 128 385 386 540 1619 224 225 485 563 598 1404 1428 968 1484 1018 1579 1605 1644 2167 2221 2308 28 399 1732 1733 1909 671 877 1713 1100 1940 85 1551 1049 2323 680 320 337 1012 1154 351 644 657 1330 1790 165 160 174 296 479 483 547 802 991 1332 1334 1673 1768 2444 2213 12 434 478 482 2073 1434 1491 1497 1333 82 1657 305 115 2229 1214 1424 16 52 84 102 108 114 125 190 429 433 519 542 543 585 612 667 774 776 829 864 914 929 931 1295 2049 1339 2374 1050 2386 1888 1381 1914 1927 1489 1495 1524 1526 1075 2138 1693 1217 2254 2268 2278 2142 
542: 541 446 34 386 498 540 721 75 274 423 485 563 598 835 1878 1392 1917 1417 927 1470 968 2017 2065 1644 2125 1231 689 1763 2308 1800 2391 573 980 2383 1818 1940 1945 2239 680 644 747 828 1583 1675 2022 1825 145 160 373 483 487 723 903 1501 1855 2444 1860 2024 12 69 120 193 263 460 770 1393 873 1266 1434 2471 1968 2483 959 1048 673 82 2431 2310 568 1286 46 488 501 1839 2350 823 2373 2386 2249 1469 1920 1921 1935 1442 543 1075 1593 1608 600 1144 2164 2168 679 2238 713 748 1277 1792 
543: 541 446 2327 34 386 540 669 1974 721 1619 274 343 423 485 546 563 598 2320 1878 1392 2427 1417 968 2065 1644 2125 1231 2308 1800 237 789 980 2383 1624 1563 1100 1945 2239 666 828 1583 1675 165 160 170 174 373 479 483 723 903 1094 1332 2062 1855 2444 1967 2024 12 69 193 478 482 770 888 901 1434 2471 1968 959 1048 542 159 673 1333 2431 2310 568 496 46 453 1342 2386 1921 1495 576 2113 2134 1144 2217 2238 2249 1747 748 1261 1792 2304 
1055: 541 669 323 1917 1470 1531 237 473 912 958 2086 
1568: 541 224 801 1140 191 1172 2021 531 
2189: 541 1407 34 386 721 75 323 343 835 848 1917 925 950 1470 1484 2017 1216 689 1401 354 1713 1480 1818 1696 745 747 828 1029 2143 479 635 903 2444 2165 2073 1681 1333 1894 1389 1657 1758 1893 600 52 2204 168 2061 104 169 480 823 1381 1540 1852 1954 2313 2235 2249 2378 2271 2455 
1136: 541 34 386 498 669 2150 323 835 573 877 1786 2080 1012 427 2408 1808 1086 1907 2020 
562: 541 323 835 848 1884 1644 689 1625 1332 353 2055 1046 1333 1657 1883 2217 1762 1761 1764 
2094: 541 2327 975 1043 1644 573 671 320 1154 1016 2298 1050 2254 2369 857 208 1982 501 1479 525 1419 688 1102 1928 2047 
1342: 541 34 386 540 2427 925 1216 828 2062 1967 959 543 2103 1893 1139 857 
1357: 541 380 789 980 199 333 2424 336 146 910 1783 1555 668 1589 2455 513 2295 88 430 108 367 864 992 1578 
568: 541 2327 34 386 540 669 925 968 1746 399 1005 980 969 2239 680 1012 1154 347 426 644 1017 1675 1677 291 295 296 470 1501 1580 1881 2483 542 543 159 10 82 25 46 72 292 306 1171 1173 2043 2336 679 2346 2225 955 1593 1469 2238 1475 2173 1606 1614 1009 2014 1666 1261 1143 1144 1277 1915 1538 1920 1286 1758 
2099: 541 2327 842 721 1917 1644 761 789 1401 1909 573 1624 1944 795 1940 85 644 353 2229 1110 167 529 503 1009 1370 834 1004 1955 2170 
1591: 541 1374 380 399 1219 2401 1872 85 371 1172 24 503 586 1124 1170 2355 1656 1750 
1681: 541 385 2414 225 1404 950 2011 1018 1746 689 1800 399 707 1900 354 980 982 1944 2479 226 969 1011 1100 1303 1696 1872 1945 85 644 1134 539 1167 1332 1860 845 2424 1491 1014 1080 2189 4 1044 97 108 147 208 302 305 335 352 376 379 433 529 623 640 645 672 673 706 765 772 895 1166 1306 1333 1339 1410 1451 1495 2396 1895 1934 2455 2478 2006 2031 2034 2049 2091 2106 1684 1687 1695 2209 2279 2286 2287 2288 2289 2290 2291 2292 2293 2294 
864: 541 540 721 323 855 1917 925 1470 1216 789 1211 2109 671 980 1480 412 1049 2323 1602 368 427 915 1266 1048 1357 1894 1317 1050 1893 1361 137 2349 1792 1997 529 2091 1618 1847 668 2455 942 464 477 
581: 541 499 2327 385 671 1270 949 160 2165 1139 730 1710 186 162 580 161 1726 
1608: 541 386 1017 1677 1406 542 602 
590: 541 573 85 
1617: 541 34 386 540 2124 323 1917 925 1470 237 771 789 1211 551 1049 2323 1602 368 427 828 915 604 1141 1257 336 1894 44 1893 2349 955 529 871 942 1351 1458 1847 2271 1928 
602: 541 386 1677 483 770 1406 1014 1608 686 
1115: 541 1407 34 386 540 669 721 2385 2150 835 848 2427 925 1484 2011 2017 1531 1644 1216 789 890 1378 2206 551 573 899 1208 1944 427 1116 264 372 1094 78 1947 673 706 2445 2229 749 1586 600 2227 448 1997 2256 105 363 631 883 1028 2190 2191 2089 2235 1610 2388 1882 2394 1658 2307 
1123: 541 2479 1510 
2153: 541 721 925 1470 985 789 573 2080 187 213 604 991 1153 2482 212 946 1361 1809 699 1822 2146 955 168 1982 1847 832 2269 513 1973 1946 205 206 209 574 2340 
695: 541 2363 2017 2302 789 377 899 2434 2432 1310 2412 2428 2037 2184 1576 
632: 541 721 877 1129 1738 1263 1758 139 2257 2020 2162 2176 1848 
2287: 541 1407 34 386 721 2150 75 848 925 1484 1216 689 1713 1480 1681 1333 1894 1893 168 2061 1852 1954 2313 2455 
2166: 541 2327 1470 789 890 1625 1940 280 50 170 515 1112 1822 2084 168 1252 1982 978 1204 196 375 430 513 885 1776 1778 2335 2426 2170 2425 2428 
1660: 541 721 2150 1484 2080 1602 1163 1894 1317 139 2254 348 1659 2255 
2173: 541 540 1011 2323 680 1012 258 329 1263 578 2298 69 328 333 568 10 82 1389 1915 89 154 265 537 679 906 924 1007 1050 1234 1360 1451 1758 1920 1923 2072 2250 
1160: 541 386 669 721 2150 848 2427 1441 789 1909 551 353 673 1894 146 2078 1554 2014 2332 1895 1555 493 1223 
650: 541 1562 1600 237 828 1583 770 1694 1366 1817 
2106: 541 1407 34 386 721 2150 75 848 925 950 1484 1216 689 1713 1480 1818 1181 747 1029 578 903 1681 1333 1894 1657 1893 52 168 2061 142 169 1077 1708 1711 1852 1954 2313 2455 
1950: 541 323 1917 1470 1800 2159 573 1940 1602 368 915 1583 145 635 1257 1688 2199 492 2014 2116 2007 662 2176 1578 649 1676 1759 
2190: 541 128 34 2427 925 1615 399 573 487 2062 1115 1992 1758 346 493 605 
1172: 541 540 1428 1484 1117 399 2109 354 980 1625 1872 680 644 1387 165 256 483 1332 2264 460 1823 1568 1591 800 1333 1389 1657 6 146 61 73 102 142 188 190 211 285 433 596 616 641 674 686 853 1130 2374 1424 1379 1558 1885 1553 1554 1302 2382 1627 1883 1626 1525 1670 2048 1795 2181 1545 
1144: 541 34 540 1675 542 543 568 
665: 541 2011 1635 789 1243 1625 85 1688 434 1322 1147 1112 600 2333 1857 1618 338 2279 2162 2133 126 241 920 2237 1791 
2293: 541 1407 34 386 2150 75 848 1484 1216 689 1713 1480 1681 1333 1894 1893 168 2061 1852 1954 2313 2455 
1953: 541 2327 34 386 540 669 497 858 1917 2427 925 950 1470 1531 1532 1378 1208 1784 2253 1786 1872 1602 427 547 594 1947 1034 2034 2429 278 977 1212 2384 
1513: 541 183 789 170 1084 1010 283 131 990 419 820 1289 2237 
1693: 541 385 669 96 323 563 1324 835 1392 2427 1428 925 1470 1401 2159 377 573 671 980 1208 1270 1713 1784 1786 1696 1551 1049 2323 320 1012 427 747 165 1740 1743 479 903 1016 1332 2024 1823 1048 673 1333 1345 305 1554 1553 1326 1050 1893 1217 1361 139 1792 190 962 1565 2405 154 178 429 484 586 1807 2262 1850 2175 
1698: 541 573 844 980 1157 1158 1597 1818 1696 2174 1156 262 1703 958 2202 620 1702 2186 1697 244 1719 1700 1701 
679: 541 386 540 669 2363 975 1018 890 2159 22 573 1208 1713 2253 2032 2479 2239 680 657 745 2303 295 483 801 1768 1860 69 191 2483 542 568 2173 2322 82 1657 1670 663 1424 1758 46 72 89 136 190 202 203 549 588 782 1168 1934 1189 1021 682 1451 2091 2223 1469 1664 1725 1495 1920 1767 857 1194 1277 1152 
2217: 541 34 386 540 721 2150 303 323 546 1845 835 1392 1917 2427 2453 1455 1470 1484 2167 1441 1198 1216 689 1789 1638 185 982 1356 1784 1786 1696 991 1257 1688 1331 543 562 1487 1657 2045 2227 2049 125 147 1010 1703 1761 1981 2364 
2225: 541 568 532 2407 1664 2101 764 
595: 541 34 504 540 2017 771 1830 2080 2323 313 1947 82 912 
710: 541 721 85 1257 452 232 
1223: 541 848 1441 890 1909 354 573 1552 1713 1625 1944 795 1303 1012 258 1386 1387 1332 1501 290 1160 1333 82 1384 305 2229 2138 1361 1883 955 168 190 716 2061 1555 1655 521 518 2374 433 571 586 886 973 1795 1556 1473 1261 1249 2266 1627 
1731: 541 333 617 
681: 541 1740 706 
2412: 541 498 669 2363 721 2150 224 323 835 848 1917 1148 975 1579 1216 27 237 266 789 1624 1940 1003 1835 328 2337 695 416 2439 1027 1424 2138 1409 2369 150 916 994 1089 2037 2184 2462 2429 
719: 541 2327 386 669 721 2150 323 485 1845 925 1455 950 1470 1484 2065 1216 1746 237 771 573 671 877 1356 1480 1786 745 747 1164 718 723 1414 1688 2041 2231 1881 228 686 1992 1112 1915 1050 1758 2116 139 1139 1287 1070 2286 46 250 270 278 339 466 528 1548 1295 1682 2075 948 1714 1025 791 2300 1656 1920 
687: 541 2327 34 1470 1550 1216 980 1257 167 168 162 186 211 
732: 541 34 540 1917 2427 2109 745 1163 349 1947 2353 1424 379 531 638 2435 
1752: 541 386 721 1216 627 789 1243 1244 991 333 1333 495 2281 2070 2074 1694 
774: 541 128 1407 34 386 669 842 721 835 2427 1579 1600 2160 1216 1732 1733 1909 1208 1784 1624 1786 1940 1049 320 1387 2447 1947 1048 1027 1792 2215 348 956 1611 1485 1122 1479 2428 905 
2388: 541 2327 1069 2150 1391 546 2321 1845 858 925 1455 1484 1018 2147 1216 639 535 666 745 828 1163 487 700 1688 2444 1115 1706 54 297 645 777 942 1416 1423 1803 1805 2101 2258 2455 
1761: 541 75 1845 835 848 1884 1470 1018 1532 1598 2212 1216 689 318 707 890 1757 354 982 1157 1713 1784 2253 1625 1786 1011 258 657 747 1017 1134 1790 2022 2143 165 256 1724 145 174 903 1016 1332 333 371 1823 2231 2073 1491 2055 1046 562 2217 1333 1657 2199 305 1326 63 1214 1424 2034 1893 1361 1139 1883 167 455 2049 2249 142 1762 962 1691 297 390 433 484 549 748 843 1156 1323 1656 1702 2319 1954 2144 1764 
2249: 541 2327 34 386 540 75 485 1884 1917 1470 968 1484 1043 626 689 399 354 671 877 980 1157 1818 2239 85 747 908 165 256 483 701 802 860 903 1332 1855 2444 328 1823 1491 1497 1046 542 543 2189 1761 1333 1657 305 1424 2034 156 1361 139 1310 672 1961 64 91 125 147 158 186 285 449 480 501 507 549 638 748 799 897 994 1007 1009 1051 1133 1156 1327 1381 1425 1454 1548 1565 1702 1703 1708 1839 1842 2002 2122 2144 2168 2175 2183 2234 2405 2480 2350 2280 
2276: 541 412 85 1677 295 296 819 469 215 2390 383 682 
2278: 541 2327 1374 968 1484 975 354 1480 2359 2323 747 2143 165 1677 483 802 903 1332 1048 1333 1657 305 1841 2144 1565 332 1921 1702 
1907: 541 925 313 1136 1792 2020 
2286: 541 1407 34 386 721 2150 75 848 1484 2017 1216 689 1713 1480 1696 1154 747 828 2143 578 718 723 903 1332 2165 1681 719 1333 1729 1894 1893 1883 168 929 2061 112 142 1852 1954 2235 2271 2279 2313 2455 
2288: 541 1407 34 386 721 2150 75 848 1484 1216 689 771 1713 1480 1681 1333 1894 1893 335 168 2061 1852 1954 2313 2455 
2289: 541 1407 34 386 721 2150 75 848 1484 1216 689 1713 1480 1681 1333 1894 1893 168 2061 1852 1954 2313 2455 
2290: 541 1407 34 386 721 2150 75 848 925 1484 1216 689 1713 1480 1688 1681 1333 1894 1893 1792 168 2061 791 1852 1954 2313 2455 
2291: 541 1407 34 386 721 2150 75 848 1484 1216 689 1713 1480 1681 1333 1894 1893 168 2061 1852 1954 2313 2455 
2292: 541 1407 34 386 721 2150 75 848 925 1484 1216 689 1713 1480 1681 1333 1894 1893 168 2061 1852 1954 2313 2455 
1883: 541 34 385 386 1120 75 2326 1845 835 1884 1917 925 1470 975 2017 1018 2065 1598 1600 1150 1216 318 399 707 1757 354 573 980 982 1157 1158 1713 1786 969 1181 1049 258 644 745 747 828 1017 1134 2143 165 256 145 174 903 1016 1167 1332 2403 246 371 1823 2073 1450 1491 2055 1046 562 1172 1223 1761 2286 673 1333 1487 352 1657 305 1306 1326 63 1214 2169 1915 1424 1217 1822 23 52 84 169 203 247 249 390 433 480 821 829 872 914 971 1261 1273 1302 1323 1339 1565 1613 1626 1656 1684 1689 1691 1723 1762 1764 1807 2371 2299 2374 2384 2399 1954 1965 2175 2049 2268 2191 
2294: 541 1407 34 386 721 2150 75 848 1484 1216 689 1713 1480 1681 1333 1894 1893 168 2061 1852 1954 2313 2455 
2310: 541 34 386 498 540 721 2150 835 1392 2427 1470 1644 1216 442 1784 1786 1012 828 199 1947 1034 542 543 82 6 292 472 952 1050 1096 1530 1717 1758 1997 2040 2309 2425 
82: 446 34 540 2363 323 805 1917 1428 1018 1598 1600 1644 2125 1733 2391 2401 573 671 980 1624 412 969 1940 2239 1049 2323 680 320 337 1012 644 915 1017 1583 1835 70 1677 1825 1494 1539 295 296 372 483 720 860 1101 1140 1141 1860 69 191 819 1881 1393 1048 542 568 2173 679 595 1223 2310 4 1044 673 7 11 25 44 1306 2484 1841 2374 854 1728 1370 869 1479 374 1398 1399 892 2429 1415 912 1424 926 938 1973 955 962 1997 2008 2043 518 1045 1050 2078 1934 564 1078 588 410 2138 100 114 1139 1657 1664 1670 663 1683 1182 186 2227 2229 1535 202 1734 716 208 2266 1277 2304 
270: 446 2327 721 1786 718 719 1682 
2439: 446 75 485 598 968 2011 1018 2065 2167 1800 266 399 890 980 1625 435 511 795 1696 1551 639 258 745 1017 165 160 487 1016 1153 1377 1547 2482 2444 400 2406 2412 4 30 87 142 305 431 433 654 857 891 945 974 1015 1044 1196 1249 1333 1384 1586 1589 1729 1781 2322 2445 
529: 446 225 485 1392 1404 2427 968 1043 2065 1579 27 1551 329 657 1116 1825 160 372 479 483 991 1768 2444 2054 328 478 482 2424 2099 1681 864 1617 100 146 2352 2396 37 150 668 678 2455 2335 2141 2373 1256 1247 1647 753 1161 1928 
739: 446 1619 396 2046 671 1480 795 1696 1154 915 1017 2424 673 1384 1389 139 1195 1997 147 1429 1548 1354 408 790 1514 1274 895 
1431: 446 540 1018 2302 890 354 1356 1872 85 1551 2323 320 337 745 483 1016 1414 1657 146 305 139 2227 1555 521 64 147 1429 106 203 552 678 775 785 807 1020 1103 1145 1245 1289 1451 1482 2037 1918 1538 1928 
2250: 446 2327 301 1324 551 826 2298 2173 1788 579 492 139 1495 871 1102 1119 1207 1301 1642 1815 1928 154 488 
1706: 446 1407 499 2327 669 1069 842 721 1120 2150 1391 224 835 848 2427 2017 1644 27 789 1383 1401 1733 2413 1552 1872 344 427 828 1583 715 2482 328 353 2388 2199 100 1027 1809 1139 167 168 921 1461 1997 150 182 419 420 503 1234 1606 1654 1663 2328 2029 2402 
2215: 446 2124 1742 224 1417 968 1231 2308 27 1777 1480 969 1637 1940 85 1551 680 2022 145 160 479 483 1377 1580 2482 2416 2444 78 191 478 482 774 1586 1914 2369 847 260 282 402 428 688 794 1133 1380 1413 1419 1451 1479 1485 1589 1654 1699 1722 1810 1969 2090 2209 
473: 446 2327 2363 2150 224 848 1532 27 436 761 1219 1401 1801 1909 1552 1872 85 639 1017 1386 1387 1724 991 1016 1101 1851 328 1055 1044 100 1286 1560 1058 2369 2227 2352 65 150 2075 958 1102 645 1927 
1027: 446 1742 1619 2414 225 274 423 485 563 598 1404 1917 968 985 28 436 890 1378 980 1552 1624 1011 1696 2239 680 535 644 1263 1228 1743 160 470 479 483 487 801 1140 1377 1910 2444 1967 78 434 2073 2412 774 1706 10 100 2229 23 25 56 91 129 150 397 420 440 480 572 593 684 763 792 837 891 910 1007 1813 2344 1844 1911 1915 1416 1928 1933 1934 1935 2448 2449 1980 1495 2006 1534 1537 1041 1072 1089 2117 1620 2174 1182 1699 1201 2226 1209 1110 1234 1797 
1758: 446 2327 386 787 669 2124 1067 1742 1619 2150 2414 274 423 597 598 1845 1367 1392 2427 950 968 1246 1531 2065 626 2167 2125 1800 27 266 527 1987 2159 2413 185 377 573 744 877 980 1552 1818 2479 511 1011 1575 1872 2080 258 644 747 1029 1116 1386 1675 1908 365 1677 1825 295 296 470 479 483 802 903 1167 1215 1332 1547 1580 1765 2416 2444 2213 69 478 482 1720 1363 1947 1046 2189 568 632 2173 2190 679 719 2310 532 1333 1657 305 1670 2229 1915 1424 13 1586 65 114 141 204 260 382 430 469 480 493 533 552 832 868 930 1008 1021 1099 1102 1109 1137 1192 1296 1341 1349 1380 1413 1432 1495 1500 1538 1578 1631 1656 1674 1809 2342 1914 1921 1934 2082 2464 2186 2047 2187 2079 2081 2112 2176 2254 1759 
1762: 446 1374 75 848 2381 1884 1644 2301 318 1638 1757 2409 980 982 1625 969 747 1134 1790 2143 70 165 174 547 578 903 984 1332 246 2231 1491 2055 1046 562 1761 1883 1333 305 1992 252 63 1361 1524 2049 503 142 45 390 420 433 717 748 829 1007 1009 1240 1691 2191 1954 1764 
749: 446 1974 721 1374 225 364 848 2427 2453 1605 27 396 436 442 890 1350 1401 1546 1909 744 980 1552 639 347 426 657 1116 1510 1724 1743 539 1094 1215 2213 12 199 349 1968 1115 416 1729 100 1896 558 146 686 1112 1214 88 92 101 129 139 150 151 167 168 197 437 453 458 461 495 521 548 550 591 645 661 684 699 786 1810 955 1822 1834 2352 2384 859 2392 1380 876 1902 887 1142 1948 1483 2180 2265 2048 1555 2086 1076 1078 1613 1127 2161 1653 929 2197 1202 1207 2141 778 779 
2029: 446 2327 2427 1644 1583 715 1706 1780 1847 1797 124 517 820 1447 1578 
1139: 446 499 500 2363 1481 721 1742 75 224 485 805 858 1913 950 1470 1644 698 237 890 1033 2046 2218 22 185 899 1713 2032 2479 486 2239 85 1551 680 340 908 1029 1116 1804 1886 145 170 174 483 578 715 802 1016 1414 1580 48 78 199 1720 1450 1342 581 719 1761 82 1706 1657 100 2056 1361 29 80 113 154 182 190 211 250 276 278 325 419 420 450 464 603 620 923 924 1068 2350 1341 2369 1403 1413 2472 1966 2486 1495 1500 1506 2117 1618 2140 1149 1661 1526 1701 2126 1710 1712 2237 1537 2254 2474 2226 
466: 446 1407 2327 1421 1069 1742 224 274 485 1324 1456 1470 968 399 980 1270 1713 109 1945 1510 1677 187 291 295 296 357 372 470 479 635 802 1094 1140 1352 1580 1765 2444 2298 289 482 2073 719 673 1306 496 292 1754 101 2049 503 339 2223 1920 1099 1906 83 158 182 276 370 449 1170 2211 1193 2440 1741 843 2006 737 2248 1249 
736: 446 673 1589 
509: 446 2327 2150 1391 824 1367 923 282 748 
1664: 446 34 669 1974 2363 598 771 1713 1784 1786 795 1872 1940 85 1551 2323 329 745 1029 1163 1164 1539 295 801 328 1881 2432 679 2225 82 1166 1657 2078 1554 2224 2272 1553 1424 1586 1983 1914 1555 46 203 211 262 521 522 523 608 645 740 882 958 1072 1151 1419 1479 1556 1956 1836 2423 2433 2235 2174 1759 1934 1920 2435 1791 1666 
2204: 446 301 2150 224 848 1417 968 1231 27 627 761 771 789 1219 1801 85 535 1677 1724 1539 160 295 296 826 991 2444 2298 289 328 2189 673 100 146 2078 2369 25 29 53 150 294 339 640 1694 1779 1797 1903 1906 1925 
2449: 128 499 2327 556 498 224 890 2159 2479 1011 828 1029 1825 801 1027 673 1424 2021 167 472 202 583 501 331 520 1587 1744 2299 
305: 128 385 1845 835 855 1884 1455 968 1484 1531 2065 1060 1746 399 436 890 1401 2046 354 573 980 982 1625 1011 1872 2239 85 1551 2323 258 745 747 2022 165 1825 578 801 802 903 1332 2024 371 460 1881 1046 1048 1681 1693 1223 1761 2249 2278 1883 2439 1431 1758 1762 800 1333 1487 1384 1657 6 2078 73 142 171 190 243 1326 307 1841 312 829 2374 1361 2399 1915 1411 1424 433 962 1475 1476 480 1515 1545 1050 2071 403 2092 2140 624 1655 641 1695 1194 1217 1725 1730 2251 1249 2268 752 
1458: 128 2150 1117 626 396 1208 1563 2479 412 1872 1940 368 280 322 666 745 1116 1163 1790 1740 1290 539 613 1094 1167 2444 78 819 1617 1657 1896 1553 2229 2034 156 2349 2051 139 36 64 94 114 232 247 339 406 582 777 871 905 931 951 1010 1030 1031 1201 1210 1295 1304 2259 1966 1898 1571 2340 2343 2154 1723 2235 1739 1812 2113 1519 1633 2050 1654 2397 2232 1965 2271 1778 2183 1927 
1749: 128 2327 556 386 75 274 423 597 598 2321 855 1878 1455 1484 975 985 1763 789 2454 573 165 2063 594 1257 1332 1768 2229 808 219 1220 1175 2091 2374 283 433 879 1569 2462 
139: 128 2327 500 385 498 540 787 2124 842 1742 2414 597 805 855 1878 950 968 2017 1531 396 761 890 1401 1993 2046 2159 2454 671 1253 1552 2479 511 784 795 1696 1872 1940 2239 320 639 1154 258 329 657 915 1029 1116 1263 1330 1675 365 1677 1228 160 170 295 296 298 357 441 470 479 635 700 701 703 715 718 720 802 803 903 1334 1580 1765 1768 2444 1967 2165 2298 289 333 349 478 482 2406 632 1660 1693 719 2249 739 1431 2250 749 1458 336 1487 228 146 2407 1317 1915 1893 1780 469 1683 18 1809 53 64 65 101 138 1296 1808 273 807 192 141 1335 832 2369 331 1354 846 1876 867 1888 1895 755 382 2423 1413 1415 1416 1928 1429 2455 1997 938 1461 467 1495 1500 2012 2020 1010 2181 1020 1534 518 1544 525 550 1578 408 168 1103 593 1110 1595 2140 2141 621 1182 2176 140 2182 2183 1678 167 1190 2203 678 1191 645 178 1210 702 204 717 215 1754 752 757 1274 2296 439 260 1631 
190: 1407 2327 2069 323 835 1917 950 1470 1484 2017 1018 2065 689 1800 1138 2109 185 354 573 980 1270 1713 1551 2323 535 657 745 1017 1218 1908 2015 802 1016 1094 1167 1332 1768 2444 353 1823 2055 1048 1172 1693 679 1223 1139 305 673 1333 1729 352 228 1015 1657 342 115 1214 1424 1923 600 1041 25 168 2227 84 1697 2083 2091 1965 1587 1984 480 2122 1432 1626 1627 1667 1008 1151 2350 1653 1028 
579: 1407 573 1944 2479 1967 2250 10 1894 502 1041 1361 702 1119 1192 1797 2211 
705: 1407 2150 225 1324 1392 2427 2167 789 377 671 969 85 1886 160 357 700 701 703 1094 1580 2482 2062 888 17 273 275 292 1175 1295 1526 1970 1209 1089 836 2251 857 1960 1905 1785 2423 1479 
876: 1407 301 848 2381 1644 396 1940 372 2066 749 1345 2138 1555 503 1234 1451 1398 125 2067 951 1500 
1077: 1407 386 1033 980 1208 2479 1790 293 470 1334 1547 289 2106 706 1671 793 1477 2227 2351 840 84 886 987 2241 
1119: 1407 323 835 1404 985 412 85 915 1017 1886 295 296 470 2250 579 673 1797 806 
1194: 1407 386 1484 1018 890 1900 2454 573 980 1270 1480 2479 639 1154 644 1017 70 470 1016 1047 1101 1332 333 2471 679 305 1044 1333 1657 2078 1923 1586 1217 2254 25 2098 87 94 284 355 480 520 552 593 645 1007 1045 1737 2227 1432 1195 1534 1997 2395 1507 2274 
1335: 1407 848 237 1583 139 929 49 798 1221 1676 2162 1759 
1361: 1407 385 96 835 1884 1470 1615 1117 655 1216 689 761 573 980 1157 1713 1784 1480 1786 1944 1011 1696 258 745 747 165 256 903 1257 1332 1765 1860 2213 1823 1865 1046 864 2153 1693 1223 1761 2249 1762 1139 305 579 800 1166 1333 1657 686 2224 1512 1670 1326 1214 219 17 37 61 65 66 84 142 157 338 439 455 456 549 641 713 748 832 875 979 1137 1152 1156 1296 1321 1323 1836 1841 1880 1904 2419 1408 1929 1425 2462 1965 1486 2000 1499 1515 1565 2082 2091 1593 2141 1656 1692 1695 1702 2271 
1809: 1407 498 1742 2150 835 855 975 237 789 1131 877 1784 1624 1786 511 1940 1740 145 803 2444 353 2406 2153 1706 1758 139 416 693 1780 18 137 39 60 141 198 205 236 259 260 564 565 574 812 868 1068 1076 1201 1295 1483 1613 1643 2341 1898 2042 1982 1824 2162 2047 2318 
2448: 1407 2327 2363 721 2427 968 237 771 789 980 1208 1480 329 357 483 700 701 703 1352 1580 1688 1765 2444 1027 1893 2116 1041 1495 1413 140 398 1184 2181 791 
2020: 1407 669 721 1374 2427 877 980 1583 438 48 1136 632 1907 139 
1741: 1407 669 721 1742 2150 485 563 597 1392 2427 968 975 2017 2065 1579 1600 1216 1800 237 266 789 1131 1401 1732 1733 1909 671 1270 1552 1738 1786 1944 969 1696 2323 915 1386 1387 1583 1677 160 170 483 487 1377 353 819 770 466 1050 1780 699 979 208 2134 1942 668 171 493 869 285 1089 981 2475 
2083: 1407 2327 2363 655 1162 1872 85 657 1768 2055 190 773 1161 2091 89 799 1667 1791 1984 
1699: 1407 2150 1216 1582 2215 1027 2224 1870 
1984: 1407 1763 2239 657 1768 2055 190 2083 2091 505 1210 804 1667 
2345: 1407 2327 715 1215 204 207 
2211: 1407 386 2363 969 85 351 264 1866 357 700 701 703 826 1094 1334 1352 1580 1765 2298 466 579 469 1885 960 1413 467 186 702 129 234 755 
2006: 1407 2150 1216 789 1582 1688 1681 1027 466 2224 114 996 
1894: 1407 721 225 423 485 563 2321 848 1878 968 1579 1644 2167 1746 1800 27 28 380 442 2109 980 1713 1625 1696 2239 2359 85 320 1677 1825 1886 160 291 295 296 372 479 483 1768 2444 2213 2298 289 478 482 845 2424 1080 2189 864 1617 2287 1660 1160 2106 2293 2286 2288 2289 2290 2291 2292 2294 579 4 1044 13 146 167 168 215 260 339 391 464 518 521 525 752 806 807 867 1032 1041 1050 1102 1184 1292 1462 1553 1554 1555 1558 1648 1815 2390 1914 1979 2056 2203 2229 2254 
1902: 1407 385 669 2363 2160 237 789 1081 1211 1401 1163 170 357 487 749 146 418 1264 387 870 1256 1453 
2203: 1407 2327 399 771 1909 354 671 1154 1908 1677 291 295 296 470 483 139 1894 1026 1788 469 215 1914 25 56 668 702 1151 1451 1589 
1663: 1407 721 2150 485 1228 145 483 718 723 353 1706 252 1586 2332 730 2233 147 
1413: 1407 540 721 2150 485 1917 968 1484 1579 237 771 573 671 1049 351 357 483 647 700 701 703 1352 1580 1765 2444 2054 2298 1720 2215 1758 1139 139 2448 2211 2349 42 140 278 1435 
1667: 1407 689 551 2239 657 256 1768 2054 2055 190 2083 1984 1041 2091 
66: 499 500 498 2401 1094 1361 456 1262 2312 1995 2096 505 189 1344 2142 1025 363 728 
89: 499 2327 385 2252 789 573 1872 2323 1804 483 802 2173 679 2083 673 976 1934 202 1920 1488 332 1388 885 
90: 499 500 498 1493 1532 877 1713 969 1825 298 479 2062 2407 2138 1310 208 2429 2334 2000 1979 
162: 499 500 787 2150 581 687 2180 142 
189: 499 500 498 1094 66 456 1262 2312 1995 2096 505 2314 1344 2142 1025 728 
381: 499 396 1446 199 1865 2180 1366 
387: 499 2327 385 863 2160 789 1081 1211 1401 1777 2159 354 535 1141 770 1902 1657 1554 115 2049 1903 2374 1249 1536 
419: 499 498 1069 721 1391 598 1579 771 2454 1940 1029 1583 1867 715 903 1580 1768 2298 1513 1706 1139 800 673 2078 1306 469 1914 418 564 2257 260 1432 1236 2086 528 1694 1433 420 
457: 499 498 535 1825 2199 
472: 499 2363 485 2381 2427 1428 28 890 1909 2479 1011 1551 426 2062 2447 2310 2449 416 2078 1554 1553 2229 52 1980 262 273 362 408 1193 891 1658 
2312: 499 2109 1094 66 189 456 1262 505 728 1025 1344 1995 2096 2142 
788: 499 
1310: 499 2327 1481 75 323 343 497 546 855 1427 2453 1148 1913 2125 2221 696 266 399 2409 2454 22 899 980 1270 1356 2253 2032 1786 694 1011 85 329 828 2022 1740 718 903 984 991 1016 1855 2024 1947 1450 2471 695 2249 90 1657 37 114 125 150 285 287 505 600 748 862 943 958 1051 1072 1082 1124 1265 1933 1759 2192 1935 1576 1842 2243 1979 1703 2451 1960 2405 2280 1904 2037 2174 
1554: 499 385 669 1481 721 343 598 848 1018 1117 1746 183 399 442 444 771 789 861 1081 1211 1244 1271 1757 1899 2109 2159 354 573 980 1552 1713 1480 1625 109 795 1011 1575 1940 2323 329 344 426 745 1017 1163 1218 1330 1386 1387 1790 1228 298 483 547 720 801 1016 1215 1582 2482 349 353 2360 1881 2240 2073 1504 1160 1172 1693 1664 1894 387 472 1345 228 1015 1657 558 6 2078 1074 52 125 167 168 202 223 358 369 414 421 424 464 494 518 520 525 548 585 593 605 643 768 782 796 829 847 884 918 929 938 942 1032 1070 1122 1132 1145 1183 1214 1249 1273 1288 1294 1302 1306 1315 1339 1366 1415 1424 1430 1474 1475 1516 1523 1524 1553 2229 1722 1873 1808 1983 2396 1903 1920 2451 2455 1958 1828 1915 2478 1841 2049 1555 2074 2082 2091 1587 1616 2134 1627 1780 2126 2223 2226 1716 2235 1959 2254 1630 
1344: 499 500 498 835 1784 1786 328 66 189 2312 1262 1995 2096 505 651 728 785 1025 2142 
1893: 499 386 498 224 225 485 1392 1404 968 1579 1644 1746 27 789 1271 1732 1733 671 877 1713 109 795 1940 2239 85 1551 320 1154 329 657 915 1825 160 372 373 479 483 801 802 991 1140 1377 1446 1673 1768 2444 2054 2213 78 191 478 482 770 845 1080 2189 1342 864 1617 2287 2106 2293 1693 1761 2286 2288 2289 2290 2291 2292 2294 139 2448 100 686 1670 1923 13 1050 25 37 136 150 317 519 520 525 668 753 765 790 938 1021 1031 1032 1089 1093 1495 1876 2352 1895 1928 2402 1952 1997 2021 2373 2141 
2435: 499 500 669 2363 721 185 980 982 1356 1784 1786 745 1583 2432 732 1664 379 272 1174 1353 2433 737 
2440: 499 498 546 1392 696 789 899 1940 280 634 121 466 1112 1788 492 113 2227 101 2309 129 420 879 1623 1970 
2450: 499 500 498 1211 2159 573 644 1029 349 1044 2229 2138 1045 2282 2451 1717 
2451: 499 2327 500 498 789 980 1713 329 1386 1228 801 328 819 2432 2447 1310 1554 2450 1044 1657 1199 341 300 
1479: 499 1117 655 1216 442 1005 412 1013 1510 991 1414 1688 400 873 2066 2094 774 82 2215 1664 705 252 2229 302 2116 1561 2369 857 979 2396 1639 67 163 241 682 782 1009 1411 1419 2067 2075 1485 1873 1877 1486 1791 
1485: 499 498 1101 2447 774 2215 1479 422 2008 521 1694 2013 
1995: 499 500 498 1094 66 189 2312 1344 456 1262 388 505 651 728 1025 1665 2096 2142 
1997: 499 2327 498 75 274 423 497 546 563 597 598 1845 1878 1392 1404 2427 1455 950 968 1018 1531 1532 2065 1579 1635 2160 1150 2308 1800 27 380 442 2454 185 980 1270 795 1940 85 639 258 644 1017 1116 1675 1804 2143 1677 1886 160 170 295 296 470 487 647 700 701 826 860 991 1016 2444 2231 2447 864 1115 2310 82 739 1706 139 1194 1893 1044 673 1015 146 2330 1980 1495 1844 910 495 2098 1171 1195 1196 2227 64 94 138 140 147 171 200 317 355 439 447 645 804 841 871 1102 1234 1488 1614 1626 1708 1842 1934 1935 2313 2379 2135 2486 2144 2259 
988: 499 1374 1428 980 2479 666 1167 1555 1078 523 299 605 
1008: 499 669 835 925 2017 396 789 535 400 434 1758 190 2322 1725 493 2202 1289 1240 
501: 499 540 1305 2363 848 1917 927 1470 968 1644 689 671 2239 1835 1976 2163 2444 191 328 2483 542 2094 2249 2449 1896 63 600 345 1792 1639 2016 1057 2436 1934 2350 488 2456 548 1482 891 2171 1075 
1025: 499 500 498 2326 1917 1784 1786 1094 328 719 66 189 2312 1344 1995 456 1262 2096 505 2142 273 388 651 728 1269 1665 
1545: 499 1428 1484 1644 399 707 789 1383 1696 1154 644 165 372 373 578 1332 2054 191 328 1172 305 1333 1915 2021 37 455 142 433 516 641 1515 2374 2104 1846 1730 
1553: 499 385 669 1974 721 598 1018 1531 1117 1746 183 399 444 789 861 1081 1162 1271 1757 1777 1801 1830 1899 2046 2109 2159 354 573 980 982 1208 1552 1713 1480 1625 109 412 795 1575 1940 344 1134 1218 1386 1387 1790 1228 1740 720 801 1016 1153 1215 1334 2482 353 2360 901 1504 1172 1693 1664 1458 1894 472 1554 10 1345 1811 2078 1992 52 167 168 202 307 414 424 464 494 518 520 525 537 564 565 585 593 605 643 768 796 829 847 884 885 929 938 942 1032 1070 1073 1122 1152 1238 1273 1294 1302 1306 1317 1339 1366 1424 1430 1449 1474 1516 2335 1722 1904 2233 1931 2478 1920 2049 1555 2074 2082 2091 1587 1616 1627 1915 1780 2126 2223 2229 1959 
1044: 499 500 950 399 2454 573 980 1624 1872 85 1012 1013 639 644 1017 801 1016 1101 1334 1851 2471 1491 1681 82 2439 473 1194 1894 2450 2451 1997 4 5 87 168 363 1009 2227 1045 2445 1084 1203 2223 2230 1420 2229 1468 2369 1102 1370 2138 2013 2224 1896 1537 1792 1286 1419 
2079: 499 671 1860 2471 1758 1345 2227 2091 1934 752 282 1298 1540 218 704 1474 
2096: 499 500 498 1094 66 189 2312 1344 1995 1025 342 456 1262 505 728 1022 2142 
2110: 499 224 225 343 1018 27 28 2409 377 969 50 479 478 482 1252 76 150 259 505 667 675 1192 1255 1366 1398 1613 1791 2223 
2138: 499 386 669 225 497 848 1367 1404 2427 2011 1644 2167 655 2302 2308 27 28 1378 1732 1733 354 980 1784 1624 1563 109 226 1011 2239 85 1012 1013 258 344 644 1116 1330 2085 1290 1886 372 441 539 594 860 1153 1688 2482 2444 2054 12 400 515 1450 1014 1048 1223 2412 82 876 90 2450 1044 800 1389 2407 2229 275 276 360 566 730 857 930 1009 1045 1102 1221 1321 1370 1372 1451 1526 1537 1601 1656 1672 1702 1779 1792 1813 1814 1885 1925 2021 2056 2346 2352 2369 2186 2233 2271 
1137: 499 498 848 237 1138 1401 1777 2109 1724 295 1501 1363 1758 1361 1345 1384 706 146 1074 25 363 893 1109 1674 1694 2473 1207 1364 1630 1398 1965 
1657: 499 385 669 2363 721 1742 1159 824 848 1884 1917 1428 1455 950 2011 2017 1018 2065 626 1746 399 436 771 890 1401 1757 1900 1909 2454 22 354 573 899 980 1270 1356 1713 1480 2253 1625 1818 2032 1944 2479 412 949 1696 1872 2239 1551 2323 320 639 351 426 427 644 745 1017 1029 1164 1218 1386 1790 1976 2143 70 1677 174 723 991 1016 1768 1855 2403 2434 2444 2298 246 353 400 1881 2240 2073 1434 1491 1046 1048 2189 562 2106 1172 679 2217 1761 2249 2278 1883 82 1431 1758 1139 1664 305 1458 190 1194 1361 387 1310 1554 2451 159 4 800 673 1166 1333 1487 352 228 1015 36 39 46 52 84 125 146 158 169 202 203 253 265 286 307 312 339 433 480 495 503 518 554 600 641 643 651 672 748 792 829 891 906 914 929 944 958 965 979 995 1050 1145 1152 1193 1196 1209 1214 1221 1226 1236 1247 1249 1261 1272 1277 1292 1327 1339 1424 1429 1463 1465 1474 1475 1488 1524 1555 1585 1586 1587 1614 1626 1627 1631 1656 1716 1725 2374 2375 2377 1895 1842 1935 1941 1951 1954 2178 1837 2008 2254 1841 2049 2078 2091 1933 2140 1915 2144 2034 2202 2175 1708 2238 1730 2266 2480 
2223: 499 848 1644 890 1378 1872 1017 372 373 479 1016 191 2360 1881 679 466 1554 1553 1044 2110 2224 2229 1586 693 424 52 2324 564 203 757 891 1087 1613 1794 1920 1970 2282 
1717: 499 500 498 1356 1029 1547 2310 2450 2330 2265 1570 433 804 1298 2364 1856 
1214: 499 2327 500 34 498 842 1374 303 1428 1470 2011 2212 689 1789 436 444 890 1033 982 1270 1356 1818 2479 1551 2323 1602 639 258 644 745 747 1017 1164 1539 170 613 1414 2403 152 333 1393 2447 1450 1034 1046 1048 1761 1883 749 190 1361 1554 1657 673 1333 10 1487 1460 2229 40 53 84 91 124 142 168 186 480 643 743 777 846 857 967 994 1834 2350 1841 1882 2394 1904 1915 1928 1933 1935 2484 2174 1488 1923 1516 1534 2134 2136 2158 1233 1234 1240 1247 1265 1292 
1262: 499 2327 500 498 66 189 2312 1344 1995 1025 2096 505 728 2142 
5: 2327 224 27 1044 2199 706 100 1896 558 
8: 2327 
9: 2327 1788 
20: 2327 
23: 2327 442 1733 980 1253 1552 2479 652 426 828 295 372 483 482 1046 1883 1027 2229 2034 1586 1690 2330 2077 424 2339 52 2254 1980 2369 1495 2452 2021 1770 1524 378 1465 2052 
51: 2327 1998 386 540 377 877 1263 145 298 1377 1034 2078 2227 1555 
52: 2327 385 2252 2150 1884 27 354 1786 1011 2323 1790 1724 483 353 1048 2189 2106 1883 472 1554 1553 1657 2223 23 352 2078 2229 1217 2087 2478 1339 1195 1235 2254 2033 1920 2049 
53: 2327 1644 789 412 85 2204 139 1214 1389 2199 2056 150 1272 668 138 
72: 2327 540 844 657 1134 1976 1768 2444 2055 568 679 2169 2452 1057 2279 2107 462 1444 1965 181 2000 1499 1509 376 
74: 2327 848 1428 1600 789 1271 1993 2206 2207 146 2224 1584 
84: 2327 540 134 2011 689 707 1162 354 573 1784 1818 969 85 1164 165 860 1332 2403 460 1048 1883 190 1077 1361 1657 1214 800 1333 1729 1379 1399 2229 643 902 1050 1161 480 2350 962 1488 2374 1323 1010 374 537 1247 1834 433 2235 965 1736 1233 2133 1750 994 2399 2174 
113: 2327 75 824 835 1148 950 1043 1644 1441 696 980 109 1945 1263 1886 121 170 174 373 483 647 1139 2440 1315 25 923 904 
114: 2327 540 721 2069 848 925 1043 2301 789 1270 85 320 639 828 1790 145 487 1282 2444 506 1434 1048 82 1758 1458 2006 1310 673 44 902 1050 156 2056 2332 2051 1885 2254 1808 2049 1716 662 684 314 2367 334 996 512 1028 645 521 
115: 2327 669 1404 968 1401 1732 1733 1757 185 1270 1713 1625 1551 2323 1164 1790 1048 190 387 1333 2260 352 6 2060 1424 168 1954 829 312 839 2374 346 1249 612 1477 2399 2019 1888 1714 2049 
131: 2327 498 485 848 2427 968 2301 789 85 1154 426 1583 1790 1866 483 802 2041 1513 1895 846 2049 1009 1939 2174 587 1707 958 1281 2176 1793 904 
133: 2327 
136: 2327 669 85 329 426 657 1510 483 801 1768 328 333 679 1893 25 376 2281 1021 
150: 2327 669 1742 224 323 848 1404 1917 1470 1644 1216 27 28 380 396 789 1219 2228 671 980 1784 1624 1786 784 329 1116 1867 1743 372 373 479 801 991 2054 191 328 1865 2412 529 1706 473 1027 749 2204 1310 1893 2110 53 416 100 2353 302 1792 2369 1110 167 168 2333 2351 2396 921 29 607 60 2474 1210 1939 1704 688 1076 2170 1370 503 1526 1613 1533 261 1415 1631 
154: 2327 863 2068 1012 174 1582 2298 2173 1693 2250 1139 2034 2332 1461 1972 234 907 1435 586 
156: 2327 14 497 848 1064 1011 487 802 2444 2249 1458 114 44 725 2134 620 2341 1927 
176: 2327 910 1840 
184: 2327 280 1402 375 
209: 2327 985 771 511 187 213 604 1377 2482 212 2406 2153 1780 292 699 1822 2146 1982 1942 832 1210 1946 2340 574 205 206 2270 
219: 2327 835 2381 185 877 1270 1784 1786 1551 1851 2434 2165 48 1331 1749 1361 2115 16 122 202 658 2332 1196 1611 356 
223: 2327 848 1428 1763 436 1732 1733 2360 1554 2324 222 
228: 2327 385 721 855 1428 1018 789 1638 354 573 980 1713 1624 2127 340 644 1017 547 1016 1504 719 139 190 1554 1657 4 1487 352 87 179 203 1931 2060 1424 2199 1816 418 931 2081 403 1202 1586 2227 1915 1086 1217 967 846 2268 1251 1507 1516 1267 839 785 2171 1411 2333 
234: 2327 2069 627 1401 1733 2218 1784 1696 327 635 1334 333 2211 154 101 2235 1925 1071 151 2070 2074 1184 1694 2219 450 1165 
249: 2327 2381 655 2301 1940 2303 1883 146 821 1234 1530 247 248 1781 2139 
250: 2327 1579 719 1139 1710 923 2271 
257: 2327 372 373 191 252 1009 241 
272: 2327 982 1208 1786 2127 85 747 2041 2432 2435 1333 232 1797 1695 1174 1850 737 2433 1353 
273: 2327 423 2326 399 1909 573 1303 426 170 487 2041 901 139 705 472 1025 1345 1495 929 1939 2474 471 2013 
278: 2327 787 1619 1391 597 1878 2017 1550 365 470 479 1215 478 482 2360 1363 1953 719 1139 1413 469 1730 430 382 2176 1578 528 1209 731 
282: 2327 1211 1219 1909 2413 795 280 1163 2215 509 2079 101 1972 88 240 1388 2136 
284: 2327 1194 1196 
288: 2327 963 980 1154 634 1677 1167 1215 673 146 1923 1885 25 717 2263 1928 
294: 2327 848 436 746 789 1211 1378 1777 639 644 50 187 483 991 434 1865 2204 418 421 585 1267 631 
311: 2327 
315: 2327 721 789 1940 145 170 715 137 2349 2051 1754 2309 279 1833 850 755 415 1030 
339: 2327 842 2150 1324 2125 2218 1940 50 293 1677 1494 1886 295 357 703 1094 1215 1334 1352 1580 2024 2298 152 1947 719 466 2204 1458 1894 1657 1118 793 617 846 1295 111 151 210 239 260 2438 1653 2187 2455 806 2411 1843 1300 1347 2373 816 881 1632 1633 359 1132 678 370 1774 917 1918 1249 1540 905 907 1037 
348: 2327 386 546 1845 835 1878 1884 2453 1455 2065 1599 2167 1789 1732 1733 1909 1011 2239 547 801 1446 1660 774 640 1078 2361 2372 734 935 421 1338 1756 
362: 2327 968 2017 980 1786 2479 1575 2239 1677 483 1547 2444 506 472 673 1384 912 548 
370: 2327 551 1602 1228 1491 466 339 2330 822 503 518 
375: 2327 855 280 1402 2166 184 1822 978 1903 513 88 259 2426 
389: 2327 1374 925 2353 1492 1772 2195 
404: 2327 2150 1018 1138 1900 1157 1017 2445 1926 418 1359 1482 2335 1371 1799 
430: 2327 671 2239 1357 2166 1758 278 1989 978 923 513 1394 88 240 319 2425 2426 1187 993 
458: 2327 749 699 259 
463: 2327 329 801 826 1765 1204 
492: 2327 34 498 75 485 598 2017 1150 689 1763 2308 789 573 671 435 784 1100 85 657 2022 2063 145 170 487 1414 1768 2482 1331 1950 2250 2440 13 30 1586 808 1088 2139 1128 821 1289 1155 
493: 2327 721 2150 925 2453 968 1644 2308 380 442 1401 1733 2409 795 1100 2323 745 1017 160 479 1016 1334 2416 1160 2190 1758 1741 1008 1050 955 929 418 1264 763 77 260 300 402 420 1528 552 1875 859 2266 870 1267 756 2148 1416 
494: 2327 1374 399 1625 1017 165 1016 1554 1553 800 1333 1015 1548 
517: 2327 1067 396 551 165 2029 1822 2007 667 832 1459 1889 
520: 2327 789 1673 2449 1194 1554 1893 1553 416 1896 2078 1895 168 521 923 2428 518 623 550 1606 79 593 1558 1425 1410 523 
522: 2327 1481 598 1878 2427 1018 1800 1383 980 1270 754 795 1940 1116 1583 1790 1825 145 547 991 1215 1377 1446 2062 2444 2165 191 353 770 2360 2240 1664 1896 1306 1430 2091 2049 1070 2233 1339 1606 593 938 829 585 
523: 2327 386 2065 1211 354 573 980 1625 2323 1163 1790 720 1167 1215 353 2360 1664 988 520 1333 1306 1430 2478 167 168 1032 2091 2049 1070 521 1339 1920 518 623 1606 525 593 938 1927 829 1627 1578 358 1931 1831 585 1558 1686 
536: 2327 
550: 2327 386 485 396 890 1872 320 483 802 749 139 520 146 2229 1495 1032 891 518 77 623 2171 198 241 391 525 2186 1558 1815 930 2230 1606 
558: 2327 2363 2381 1917 1644 2301 861 1163 1228 372 506 2231 749 1554 5 332 1548 1939 686 1453 2393 1132 1133 1792 1671 
582: 2327 968 802 1458 1220 240 993 1462 
596: 2327 1117 890 1172 891 
603: 2327 746 1401 1139 1710 923 
608: 2327 2363 1017 1583 2424 1664 955 2122 1388 1927 108 2040 1924 
614: 2327 266 1613 1468 
618: 2327 671 
620: 2327 1913 1851 1698 1139 156 872 408 1700 2340 1702 
621: 2327 915 139 1354 1514 
623: 2327 1598 789 890 2206 1625 1154 347 1681 520 523 550 1058 1555 521 77 358 525 548 1558 1606 
640: 2327 2150 323 824 1404 925 27 639 372 1681 2204 348 422 1424 1841 402 406 421 1432 2336 1960 1207 1590 2232 1359 1684 1490 1371 1526 645 1035 1037 
642: 2327 
645: 2327 2363 1018 2160 399 436 442 1401 2068 2206 2454 639 1154 644 1017 483 434 1681 2388 473 749 1664 139 1194 1997 114 640 1424 440 910 2098 2227 1631 871 439 1078 931 332 837 94 2090 97 355 367 792 1958 2047 1490 1373 883 1587 2421 
649: 2327 1605 771 2207 296 152 1452 1950 686 2105 2034 1914 2021 1655 1797 1714 1938 682 2019 1703 2005 
656: 2327 454 237 1740 2444 1792 418 521 1847 1264 1036 476 2460 1035 
659: 2327 
662: 2327 1392 2427 2453 2065 2308 443 980 258 1014 1950 114 686 2332 1191 1589 1127 1156 1815 88 106 913 674 1320 1966 1347 1875 1653 
672: 2327 2363 1018 1644 890 22 980 2253 2032 2479 329 745 1017 1386 1677 295 296 372 373 483 701 801 1167 191 328 1681 2249 1657 673 1166 276 502 641 1714 955 1924 
673: 2327 386 540 669 303 423 485 598 858 1878 1417 1455 1470 968 2017 2065 1579 1600 2160 2167 1231 1800 380 399 890 963 1378 1401 1757 2207 2228 22 354 744 844 980 1208 1270 2253 1625 2032 2479 784 1011 1303 1696 1940 2239 85 2323 1012 1013 258 351 426 745 1029 1330 1675 293 1677 1494 1290 1539 145 160 295 296 470 483 547 647 701 801 802 803 1167 1501 1765 1768 1860 2298 290 333 2360 2406 1450 2471 1034 542 543 1681 1115 1160 1693 1883 82 739 466 736 2204 2449 190 1119 89 419 1997 1657 1214 114 288 362 672 4 2322 800 10 11 13 25 61 138 157 167 168 202 203 292 302 469 480 502 554 585 637 641 643 2331 792 1327 1841 878 793 854 857 2386 1880 2394 2399 1898 1911 1914 1915 1409 2430 904 2433 914 1315 1938 891 1488 1960 955 956 1979 1980 1476 971 2344 1009 2034 1355 1333 2049 1928 1578 1084 2122 1118 2140 2146 1525 1166 1173 1193 1702 902 1209 2229 2235 2462 2395 2266 1249 2268 2271 1966 1627 776 
683: 2327 1909 
686: 2327 1579 1635 655 2301 2302 877 1872 1510 1867 2024 353 2231 602 1172 719 749 1361 1893 558 649 662 1389 6 146 1147 25 252 374 600 605 1045 920 1019 811 2237 1221 1992 1118 2407 2034 1923 
714: 2327 85 1016 706 1685 
760: 2327 
777: 2327 1600 1644 1216 1909 1575 1602 427 191 2388 1458 1214 208 1235 1009 276 682 1558 1437 1449 
790: 2327 1974 2150 925 1470 2011 789 1732 1733 1158 1480 1049 1504 739 1893 146 2455 268 609 2259 
791: 2327 274 323 597 598 985 1789 2301 573 1480 969 1011 2239 1464 372 483 594 2444 873 719 2290 2448 2021 1360 503 2436 1951 1791 1221 1960 1390 
813: 2327 436 761 1401 2199 
822: 2327 2150 28 183 2109 1940 1602 370 2229 2330 392 
839: 2327 835 848 1470 1944 85 1583 115 228 532 352 2199 1065 2095 2224 1670 1424 1217 1715 906 1937 196 1587 1086 1850 967 
846: 2327 842 27 28 1011 1013 118 644 139 1214 131 228 339 693 2014 1885 955 108 141 233 633 1400 1189 1193 1834 1105 2136 862 1009 
847: 2327 848 2381 436 761 789 890 1081 1350 1401 1638 2109 2159 85 372 594 2215 1554 1553 706 1317 25 518 2191 1430 891 2436 
853: 2327 1211 1172 421 
867: 2327 1324 671 795 139 1894 668 
871: 2327 1232 442 789 639 1014 1617 2250 1458 1997 645 44 341 524 586 2305 
872: 2327 1303 1940 118 1215 191 1883 620 628 1398 1274 1022 2044 
880: 2327 2381 2017 1909 1993 2303 174 1586 2339 178 1308 
885: 2327 1081 1271 2046 2206 1940 644 1228 2166 89 1553 2002 
886: 2327 1033 1208 1940 535 293 1223 1077 706 793 1132 2259 
891: 2327 2252 2069 485 2381 1428 1579 396 789 890 1899 2039 2109 1552 1713 969 1551 320 644 915 70 483 1334 2439 1027 472 501 1657 2223 550 596 673 847 352 2199 2229 440 1841 2254 1895 1430 955 167 1032 202 2233 2033 1920 1903 2271 83 124 203 464 605 752 2342 1578 1722 2002 2367 1106 1006 1525 1712 2171 1122 1928 
892: 2327 540 85 1012 647 82 306 1189 
909: 2327 586 2184 1459 
916: 2327 848 2381 761 1211 1386 1228 479 2412 418 1037 1036 2070 1035 913 948 2366 941 
919: 2327 2229 
920: 2327 877 1713 1851 152 665 686 1611 2295 
922: 2327 1456 191 469 1606 
929: 2327 1067 1742 225 423 848 1470 1532 1579 1644 27 396 442 761 1401 1638 1801 2109 573 1872 680 258 372 373 635 1580 2444 191 1048 2286 749 1335 1554 1553 1657 273 493 1345 252 2465 955 495 1110 2352 260 363 464 605 713 756 2328 2171 1076 1853 2140 1133 1526 2043 
930: 2327 1450 1758 2138 550 1923 564 548 2186 565 
935: 2327 348 252 
937: 2327 2150 1878 1392 2065 2308 6 254 912 1938 1449 
938: 2327 2109 1012 915 483 82 139 1554 1893 1553 522 523 2078 2229 1555 521 127 129 1556 1021 1924 1206 2230 
955: 2327 669 842 1619 2069 134 1949 1913 1470 1579 1644 237 396 746 761 890 1219 2228 551 1552 1713 969 1551 1012 644 745 1228 1494 298 372 487 647 720 1334 199 349 1497 1034 568 1617 2153 1223 82 749 493 608 672 673 846 891 929 2078 1317 1424 1217 25 108 129 147 182 208 521 1425 1555 1558 1191 2216 2422 2468 956 2371 1234 2005 1707 992 2141 1730 1669 2174 2176 1122 1928 
979: 2327 848 1635 1644 237 980 1944 1945 2323 329 644 70 372 373 801 802 1967 191 328 333 959 1361 1741 1479 1657 1166 1384 1389 1147 1885 25 857 307 439 488 752 799 1191 2484 1534 1611 1791 1110 1754 1007 1606 2202 2171 1482 1419 
983: 2327 
986: 2327 2381 1428 1713 666 1263 1881 2115 2254 1807 
987: 2327 2381 666 2024 1077 
990: 2327 1872 118 246 371 1513 1110 1656 630 1846 2137 1152 
993: 2327 1011 535 720 430 582 1885 1655 2087 2423 965 107 1528 905 1268 2219 1307 1482 
994: 2327 2363 1374 1746 1944 2403 2412 2249 1214 84 1904 1933 1934 1935 958 2331 1702 1327 1842 2119 1072 1249 2025 1265 2174 
1009: 2327 75 1148 1598 877 980 85 1012 1013 329 644 1163 1886 373 801 991 1101 1851 400 1823 2398 2073 568 2099 2249 1762 1479 1044 2138 131 257 673 777 846 1788 1841 2104 2279 521 2152 1589 1728 158 508 711 944 992 1045 1102 1203 1468 1727 1236 1911 1970 1540 1410 
1015: 2327 385 824 1455 1018 2065 1150 2125 442 354 980 1818 795 85 639 344 940 1017 1164 70 1886 1016 1047 1101 246 2471 2439 190 1554 1997 1657 494 4 1333 2247 1487 25 76 198 202 299 332 355 415 451 452 480 552 588 646 804 2227 2445 2144 2331 1195 1834 1488 1196 2098 2229 2104 1534 2395 1495 1051 2014 1252 1381 1224 1269 
1021: 2327 1801 2323 329 657 1867 441 801 1768 679 1758 1893 136 938 1487 1389 2227 2281 1685 2328 1145 
1022: 2327 436 2206 434 2096 872 505 794 2269 525 461 837 1824 1892 1836 2157 1858 
1032: 2327 27 28 399 789 890 1625 1154 1673 333 1894 1554 1893 1553 523 550 891 416 1896 2078 1317 902 1895 167 168 77 108 391 518 521 525 548 593 829 970 1558 1828 1952 1555 2113 2134 
1035: 2327 925 1740 701 640 656 916 1792 2089 398 1482 1037 1036 1038 
1058: 2327 14 386 925 1644 2125 789 1211 1401 1732 1733 1909 1738 145 613 635 473 623 2445 262 392 402 948 974 2191 2369 2172 2365 1359 1877 2134 1606 
1071: 2327 721 789 1081 949 1263 715 803 1768 2165 234 1295 332 94 2202 2013 
1076: 2327 2150 1763 1733 877 980 819 749 1809 150 929 706 1896 1317 2227 564 232 1898 513 71 259 285 849 1073 1498 
1087: 2327 795 1740 191 2223 2232 757 1366 
1096: 2327 1845 1455 1378 949 85 327 720 1282 1547 2424 2310 64 841 1320 2475 2162 
1105: 2327 789 1350 85 337 846 1482 
1106: 2327 890 891 346 
1124: 2327 34 323 2326 1470 1801 980 1784 1786 652 694 1011 85 1551 427 828 298 1591 1310 1128 1690 1299 1125 1127 
1125: 2327 789 1011 85 1124 2229 1128 1690 1989 628 513 1623 2230 1126 1127 
1126: 2327 343 1878 1404 2167 789 1801 2253 85 298 2062 888 1034 1125 2078 422 1128 1690 1989 628 513 1623 1127 
1130: 2327 1303 1696 1872 666 256 903 1332 1823 1172 1333 1586 363 965 966 2205 1515 253 
1174: 2327 669 985 982 1480 1786 85 2432 2435 272 2254 1618 379 2271 737 2433 1353 
1179: 2327 2199 
1182: 2327 1043 1944 1012 372 373 483 1860 191 82 1027 139 146 1980 217 
1183: 2327 1733 1480 1163 1554 2229 
1184: 2327 1374 968 118 802 860 2444 1720 2448 1894 234 146 1306 1495 1925 276 182 1536 
1189: 2327 679 846 892 1010 1308 
1197: 2327 25 
1202: 2327 1043 1253 1940 639 749 228 2361 192 1890 1827 
1205: 2327 25 2476 
1209: 2327 721 2150 274 423 485 563 597 598 835 848 1878 1470 1043 2167 1800 980 264 989 1027 705 1657 278 673 1822 1985 2342 998 
1212: 2327 858 1531 1532 2253 547 1034 1953 2429 1655 232 2384 712 2088 
1229: 2327 1054 293 793 2277 840 297 2393 
1274: 2327 385 1367 2160 183 1818 368 1154 915 634 349 2483 739 139 872 2108 1570 678 1207 1642 408 1103 1538 
1276: 2327 655 2302 2231 252 63 81 1161 2334 241 350 513 954 996 2089 2097 
1281: 2327 498 380 1546 1909 368 1386 1387 483 131 416 1895 1084 2373 421 1793 2426 
1285: 2327 224 2459 
1294: 2327 789 1782 2046 877 1527 1554 1553 137 
1316: 2327 
1318: 2327 2267 1226 
1320: 2327 2414 323 1017 1835 1016 662 1096 735 
1325: 2327 619 2199 518 1398 
1338: 2327 1374 348 668 2455 956 1595 
1345: 2327 386 485 2427 354 85 1551 1677 1693 876 1554 1553 2079 1137 273 929 4 564 2078 2352 1626 1524 1779 1798 
1347: 2327 2150 1782 339 662 2332 1631 564 2365 1542 
1353: 2327 689 185 982 1738 1625 1786 1583 2432 2435 272 1174 1499 449 737 897 2300 2433 
1370: 2327 386 842 721 1404 1216 592 789 1244 573 1270 1624 1011 1696 1940 2323 1602 368 1012 644 1263 1510 1140 2444 2099 82 1044 2138 150 800 1147 1050 2056 2369 167 2429 942 1939 834 2059 2230 2259 
1380: 2327 835 2308 1784 1786 1940 2444 353 1266 2055 2215 1758 749 1671 2227 1204 461 259 1366 2307 
1390: 2327 980 1510 1688 791 
1395: 2327 2017 1216 1713 1011 1940 1851 1923 600 25 186 895 1343 1611 2049 
1409: 2327 14 848 1878 761 1401 1733 1625 701 2412 673 422 1923 25 476 1133 2044 1626 2056 
1415: 2327 975 399 2109 652 368 479 487 514 2213 434 82 139 1554 150 532 706 2180 91 605 692 1073 1674 
1430: 2327 848 2017 1644 2160 436 761 789 890 972 1081 1211 1350 1378 1777 1909 2159 2206 1552 1011 320 426 1017 1386 1387 2163 1539 372 373 1332 191 193 434 1862 2406 1554 1553 522 523 847 891 2078 1586 1885 440 2339 25 91 363 521 837 1102 1234 1277 1555 1556 1820 1958 1903 1616 2002 2170 1538 
1432: 2327 1069 721 1619 237 1872 639 1402 1583 1758 190 1194 419 640 800 252 1983 2098 1849 1847 94 129 1256 
1438: 2327 1305 2150 1159 2017 1655 171 
1449: 2327 1392 1917 890 1784 1786 666 1947 1553 777 937 316 1295 
1454: 2327 835 1917 1470 1615 368 1908 1765 2249 1333 600 403 964 61 549 810 837 1051 2350 2122 1509 
1462: 2327 365 1894 582 1631 2232 177 1180 1549 
1465: 2327 1018 1625 1016 1334 1657 23 2199 1217 1697 1477 2181 2182 
1466: 2327 1732 1733 1713 1257 1501 1348 
1467: 2327 
1482: 2327 485 968 2167 671 1944 320 337 1017 1510 174 479 483 991 1414 2444 478 482 1497 1431 501 404 979 993 1035 1105 146 1317 2141 147 1429 678 2423 1247 2172 
1483: 2327 669 855 2409 671 1784 1786 652 1940 828 1740 749 1809 416 699 564 1898 141 1108 2047 
1486: 2327 343 655 1157 85 1361 1479 2116 1419 
1495: 2327 498 1069 2414 75 485 1324 968 1018 1789 237 771 789 890 1350 1378 1401 2039 2109 2206 573 980 1208 1552 1480 795 969 1940 2359 2323 320 1602 368 639 1154 427 915 1017 1583 70 365 1677 1825 1494 295 296 357 470 483 487 802 1016 1094 1501 2416 2434 2444 2264 2213 2242 289 290 506 1048 543 1681 679 2250 1027 1758 1139 139 2448 1893 1997 23 273 550 1015 1184 416 1487 2199 146 1306 1317 1915 469 2390 2330 65 108 167 168 203 259 260 467 755 766 914 923 973 1121 1152 1161 1196 1261 1354 1381 1847 1854 1928 1895 2049 1656 2176 1710 2251 1880 2299 2309 
1502: 2327 985 511 2080 1153 1377 770 2146 1942 67 1296 667 831 832 833 589 889 1206 1541 2175 
1516: 2327 835 925 1401 1909 1387 1228 1140 1014 1554 1553 1214 228 2078 2455 1906 2002 1850 
1523: 2327 2381 2301 1554 
1524: 2327 1428 1043 27 671 85 1049 2323 320 118 1048 1762 1554 1657 23 1345 2374 2012 
1529: 2327 795 1561 1885 1655 978 2423 513 2426 
1549: 2327 1462 2273 1089 2368 
1555: 2327 385 1305 2252 1428 968 1060 1600 1605 28 380 436 789 890 1211 1383 2109 573 980 1270 1625 1563 1551 1154 347 426 644 745 828 915 1017 1790 1724 1228 720 1016 1167 1215 1673 2024 191 199 333 353 2360 2073 2424 1357 1160 1223 1431 749 1664 876 1894 1554 988 1553 1657 51 623 938 955 1032 1430 800 1333 1896 146 2078 1306 1424 1586 1885 2254 716 208 358 518 521 525 585 711 829 992 1070 1249 1288 1302 1339 1398 1507 1525 1828 1831 1920 1927 1931 2455 2002 2049 1558 2082 1578 2091 1606 2126 2134 1934 1627 1626 
1556: 2327 2124 485 1644 237 399 1909 2109 573 980 1552 1624 85 1790 145 160 372 373 483 802 1140 1215 1377 2444 2054 191 2360 1223 1664 938 1430 1670 1306 168 2091 2049 1070 1339 2050 1725 129 519 585 829 884 1730 
1567: 2327 2434 
1569: 2327 2321 2454 1749 879 
1584: 2327 485 835 2063 483 74 1425 
1595: 2327 139 1338 2257 2261 1748 
1606: 2327 2124 1884 789 2206 2253 1940 1012 347 427 1724 1539 1331 901 568 1706 520 522 523 550 623 922 979 1058 1555 521 906 2122 1572 77 262 358 383 508 525 548 559 1382 1558 2347 1973 
1620: 2327 669 1944 1945 1027 10 706 1168 1920 
1622: 2327 1216 27 1733 1356 1551 915 479 483 482 1450 2078 302 25 2475 
1640: 2327 1043 1923 25 587 1199 
1649: 2327 398 
1651: 2327 2381 844 1157 1158 1597 1818 1586 480 1156 2202 1924 1719 799 1573 1826 
1694: 2327 2363 2150 848 925 1456 237 399 789 1211 1219 1378 1401 877 1270 1263 1724 327 441 1768 888 650 1752 2204 419 1485 1137 234 1315 2281 1200 439 2171 297 2170 1089 1969 1853 1779 420 425 977 1056 
1725: 2327 386 75 1484 1733 1625 85 1163 720 1491 679 305 1008 1657 1556 1333 2078 1424 480 1339 748 1051 1381 1526 1702 2074 1842 1730 2178 
1726: 2327 160 581 811 580 
1760: 2327 533 970 
1769: 2327 336 104 1006 
1771: 2327 237 532 1715 2142 388 651 
1778: 2327 848 789 1081 1211 1271 1378 1732 1733 1909 2159 2206 2228 1552 644 1386 1387 1228 2166 1458 496 495 1196 1581 2002 2117 572 1187 1341 
1783: 2327 848 1211 1270 1357 26 363 2394 
1788: 2327 1232 789 1033 354 1940 2250 2203 2440 9 1009 2272 2407 331 702 926 1327 1934 2141 1904 2174 2012 
1792: 2327 669 274 321 423 485 563 597 598 1404 925 968 2301 436 771 789 1733 2046 22 573 671 980 1713 1575 85 680 634 1825 1228 160 373 483 487 802 1334 1688 2444 1860 2264 2242 2483 542 543 864 1693 774 1907 2290 501 1044 2138 150 558 656 1035 800 2229 306 765 2116 105 420 654 823 1132 1538 1639 2485 2148 1969 2052 
1816: 2327 991 228 1560 1558 
1821: 2327 141 
1822: 2327 1067 721 2150 274 855 925 975 789 1131 1733 1940 1012 1976 165 187 604 715 1446 2416 212 353 1720 819 2406 2153 2166 1883 749 209 375 517 1209 1780 18 1962 137 699 60 205 206 208 297 574 658 780 1068 1235 1351 1400 1574 1589 2318 1942 2455 2192 1824 2340 2339 1847 1982 2397 2273 2042 2146 2429 
1826: 2327 844 1158 1818 828 1651 2202 1924 799 
1831: 2327 848 436 1801 2471 523 1555 800 2078 1670 1217 2091 521 2082 
1836: 2327 1060 573 1563 1677 295 296 357 470 701 1094 1580 1823 1664 1361 1022 628 1093 2117 
1847: 2327 1562 2069 1391 2320 855 968 1605 771 483 547 802 1141 48 864 1617 2153 2029 656 1432 1495 1822 1780 1942 192 697 742 794 889 1088 1210 1213 1366 1416 1447 1459 1541 1604 1654 2057 2248 2269 2042 2428 
1856: 2327 669 2363 835 1470 1216 1356 1450 1717 456 2364 664 
1879: 2327 546 2321 1845 858 1455 1550 1043 2212 121 1851 1199 491 
1880: 2327 500 2385 980 1332 1361 673 1495 1333 1118 2229 
1888: 2327 669 2150 835 968 1644 27 354 980 1551 1029 1048 139 115 638 962 2140 2049 2060 
1890: 2327 771 1202 2279 2361 1707 192 1500 
1895: 2327 1619 2414 1644 436 890 1777 2109 2159 354 1154 1886 372 373 483 539 700 701 703 802 1547 1765 191 349 460 1681 1160 139 1893 1657 131 520 891 1032 1281 1495 1389 146 1286 1923 25 138 147 167 168 518 525 549 593 740 755 1169 1538 1558 1793 2002 
1905: 2327 1644 1713 1625 1696 372 373 479 1140 1765 191 705 1389 1070 599 197 948 
1925: 2327 1421 85 1724 860 2204 2138 234 1184 1394 1642 182 1536 
1927: 2327 2363 1484 890 1909 1552 1713 1625 1386 1387 1048 473 1458 156 523 608 1555 2134 521 942 91 1626 2135 
1938: 2327 980 1784 1786 2479 85 1677 1825 145 295 296 483 487 1501 289 649 673 937 469 215 2390 1982 1548 398 429 806 
1963: 2327 671 
1973: 2327 323 855 925 1470 975 789 2080 187 1377 2482 2153 82 1606 1191 1175 2455 832 206 907 2175 
1975: 2327 301 669 2381 877 2127 1677 295 296 289 2407 1118 643 
1980: 2327 669 2363 485 1600 396 1378 2109 573 109 329 70 1860 333 400 506 1027 472 1997 23 673 1182 1384 25 37 208 221 682 713 857 1221 1534 1611 1728 1779 1928 1978 2233 2227 2484 2025 2328 
1981: 2327 2150 858 950 1150 1441 2221 901 1491 1034 2217 532 2115 2199 643 397 388 1314 251 304 952 1759 
2000: 2327 237 1011 483 701 246 2073 2471 1361 90 72 1586 2056 2049 202 480 125 433 829 947 1249 1941 2071 2376 
2002: 2327 1884 442 890 1401 1733 2391 2454 1270 1552 85 1602 1154 426 427 1386 1387 1228 373 483 1153 2249 885 891 1430 1516 1555 1778 1895 706 1670 1618 518 1656 538 572 741 1073 1362 1425 1722 2335 
2003: 2327 573 1904 2237 
2051: 2327 224 980 1940 295 296 1334 1580 2444 1458 114 315 18 137 2349 755 1030 1705 1754 1770 2076 2346 2486 2309 
2060: 2327 115 228 1888 2091 962 2399 179 1897 
2064: 2327 1655 942 1798 1207 1528 429 1063 
2071: 2327 950 1484 1757 1713 1625 85 1154 170 373 1332 1491 305 2000 800 1333 146 2049 480 1687 1695 312 1965 1261 641 829 947 1249 
2084: 2327 1940 121 2166 1671 25 1489 
2115: 2327 96 858 2302 1011 340 1976 860 2 219 986 1981 138 181 241 773 1102 1110 1147 1759 
2119: 2327 483 2298 994 171 
2133: 2327 665 84 1118 
2134: 2327 842 1845 858 1878 1392 1455 1532 1605 1644 789 1638 2206 828 1029 547 1034 543 1741 1554 1214 156 1032 1058 1555 1927 1333 2199 1923 974 164 38 233 369 437 490 648 827 1142 2113 2474 2135 2472 
2135: 2327 968 1018 789 1801 1997 1927 2134 1078 512 1289 
2136: 2327 842 1140 1214 282 846 360 2420 569 
2140: 2327 385 1481 1619 2017 1043 1150 1789 2218 185 377 729 877 899 980 1129 1270 1319 1784 1786 1011 1696 2239 1029 1743 441 547 1332 2434 959 1139 305 139 1657 673 929 1888 1333 146 1915 1586 962 2235 688 1530 1473 420 1145 2394 
2142: 2327 500 498 835 1784 1786 873 1048 66 189 2312 1344 1995 1025 2096 1262 1771 505 388 651 728 1665 1970 
2144: 2327 75 1884 980 1303 747 165 903 1016 1332 2055 1046 1761 2249 2278 1997 1657 1015 1333 2445 1586 2227 1921 
2152: 2327 1615 354 1332 1009 1333 1424 202 54 1929 
2172: 2327 85 819 1058 1482 418 1498 
2175: 2327 950 689 1763 237 185 844 982 1270 1551 329 747 908 1218 1790 903 1693 2249 1883 1657 1502 1973 1896 146 2078 456 2091 480 1842 748 571 1697 1986 2178 
2178: 2327 2017 1713 2323 1386 1790 1657 1725 2175 521 962 1730 2375 
2181: 2327 863 237 1378 980 1944 1303 1696 1945 1675 1501 1172 139 2448 1465 2182 330 586 1256 
2185: 2327 519 
2187: 2327 1600 1263 2298 1758 339 
2216: 2327 789 955 
2229: 2327 386 1305 842 2069 343 1845 1455 2065 1579 2125 890 1378 1546 1732 1733 1777 1909 2391 2454 573 671 899 980 1552 1480 1625 1575 85 1551 1049 2323 1602 1012 340 426 644 1017 1218 1387 1677 1228 483 720 801 802 860 1860 2231 1881 2073 1048 2099 1115 1223 82 1027 1758 1458 1749 1894 472 1554 2450 1479 1553 1044 2138 2223 1214 23 52 84 550 673 822 891 919 938 1015 1125 1183 1792 1880 10 352 1896 146 2224 267 1306 99 135 158 168 203 230 306 424 518 519 525 531 537 589 766 785 829 841 924 944 948 1045 1203 1207 1273 1286 1339 1355 1419 1537 1594 1695 1728 1834 1841 1903 1928 1952 1971 2013 2021 2049 2141 2155 2177 2227 2316 2268 2299 
2230: 2327 1644 890 1546 1732 1733 1909 573 980 1552 1480 1625 1551 644 1386 1387 264 1228 483 720 1881 1044 550 938 1125 1370 352 706 1306 1045 537 203 276 785 1952 2058 2139 
2233: 2327 2363 1579 771 890 258 1163 50 160 187 120 946 1663 1553 2138 522 891 1980 146 2078 503 2257 528 856 1416 1722 1928 2005 2141 
2237: 2327 540 1733 1163 1886 801 665 1513 1139 686 2003 2407 1118 2021 2396 1857 2334 1710 1133 923 163 
2245: 2327 490 
2256: 2327 1374 366 1211 1011 747 1153 212 1115 2309 2049 1655 33 1098 1099 1247 1817 1903 2271 
2266: 2327 423 2301 354 1625 2323 1012 1790 353 2240 1223 82 1657 493 673 1112 302 1050 424 716 2061 1655 1857 307 480 1339 525 106 233 961 1340 1626 2375 2268 
2279: 2327 2363 721 2385 1470 1579 1746 980 1625 85 1290 1851 2434 2337 1681 665 2286 72 1009 1890 600 46 55 394 462 906 1099 1721 2089 2107 2265 2480 
2307: 2327 855 1470 975 698 1330 715 1377 1851 1115 1380 765 418 833 1607 2376 
2319: 2327 1761 
2324: 2327 2381 671 2223 223 2224 1923 25 439 1191 
2328: 2327 2252 442 619 761 771 1733 2163 1228 483 802 2360 1426 1706 929 1021 1980 2078 167 168 1234 1264 1507 464 528 820 859 1168 2101 2402 
2333: 2327 669 224 323 848 1579 1644 27 85 372 373 191 328 665 150 228 100 146 44 422 2369 360 
2369: 2327 386 669 2150 485 2321 1404 1043 27 237 761 1733 2401 671 877 1480 1945 644 1867 160 479 539 991 2264 2054 2231 2094 2412 2215 473 1139 2204 139 1479 1044 2138 23 150 1058 1370 2333 100 146 2105 2056 79 105 207 331 480 730 778 841 976 1089 1110 1133 1526 1629 1639 1951 2075 2351 2371 
2370: 2327 761 1732 1733 1909 1552 1386 1387 479 2371 
2397: 2327 1510 1450 1458 1822 1289 
2420: 2327 1140 2136 1978 2469 155 544 893 1799 
2430: 2327 551 1713 2127 293 160 483 673 456 379 502 398 664 
2457: 2327 1909 2454 1583 1743 2007 1614 
2460: 2327 266 1583 656 1133 1037 610 
2462: 2327 626 1150 1746 258 644 165 1332 2412 1749 1361 673 1333 496 171 1565 169 464 1779 
2465: 2327 85 929 1983 25 882 1735 
2426: 2327 2150 1470 1244 1784 1786 969 1940 280 715 434 2166 375 430 1281 1529 2045 978 513 2425 1187 
2468: 2327 224 2413 377 384 955 1586 2364 2421 
2481: 2327 848 1733 2429 1838 
2350: 2327 835 1917 927 1470 968 1615 689 980 1011 2239 85 680 745 1908 1677 295 296 1501 2444 289 290 542 2249 1139 190 501 1214 84 1454 1333 215 1914 600 1841 964 61 73 488 837 1075 1309 1653 2122 
186: 500 1917 1470 1550 85 1012 888 581 687 2249 82 2211 1214 1395 2034 127 1093 
202: 500 498 1018 1644 444 890 1757 354 573 844 980 1713 1597 2479 85 320 644 745 828 1017 372 373 1016 191 679 82 2449 89 1554 1553 1657 219 673 891 1015 2000 2152 2322 1915 1586 208 776 46 1965 211 480 609 1256 2300 2174 
591: 500 669 224 1600 1644 380 2206 551 980 1563 1940 85 1012 373 1688 749 2224 1885 2309 398 1684 1260 1408 
798: 500 2124 855 1878 1018 1644 85 258 1017 1029 991 2165 1335 611 2037 1366 
1979: 500 1427 1216 746 1801 1713 1637 1872 85 1154 329 1387 483 715 801 1894 90 1310 673 2407 2478 1559 1252 418 1589 363 1372 
2044: 500 498 224 761 1378 1909 1552 644 1386 1387 634 479 991 2447 872 1409 1112 1424 1252 2429 147 1398 1587 
1506: 500 2363 343 1878 1043 2253 118 1139 1269 
1670: 500 1998 848 27 573 671 1786 784 1012 258 1263 1790 165 1724 372 635 647 700 770 1172 679 82 1758 1361 1893 839 1556 1831 2002 1166 1333 6 2095 1874 1379 252 37 129 244 519 792 1206 1277 1424 1559 1929 2238 1841 
528: 556 669 1069 721 1391 224 835 2017 1162 226 1637 1940 293 365 1724 1228 328 719 419 278 2233 2328 1808 418 503 2232 2402 1312 
2113: 556 2385 2150 75 848 2017 1638 1732 1733 1909 2228 980 2239 85 915 170 372 1688 2062 543 1458 1032 2134 1074 252 2034 469 1671 2254 503 180 369 827 854 1007 1500 1534 1939 2472 
1161: 556 669 224 598 848 1404 1455 1060 27 771 789 1162 671 980 1713 1625 639 145 701 2054 328 353 1406 529 2083 84 1276 1495 416 100 252 1424 2056 91 503 730 735 832 1832 1627 2058 
879: 1998 1421 1740 1153 1749 2440 1569 1238 832 1089 887 1574 
1424: 14 385 669 1069 2363 842 1742 2069 2150 134 224 225 485 1845 848 1428 968 1018 2065 1579 1598 2302 1800 399 761 789 1081 1162 1211 1401 1782 1801 1899 1909 2046 2454 354 573 980 982 1552 1713 1625 2479 226 969 1011 1303 1872 1551 1049 2323 639 644 666 745 747 1017 1218 1386 165 479 483 547 613 701 802 860 903 1016 1167 1332 1334 2444 78 1881 1504 1046 1048 1172 679 2412 732 1761 2249 1883 82 1758 1664 2449 305 190 1554 1553 1657 115 228 640 645 839 955 1555 1725 2152 2044 1670 1161 11 456 678 1261 1656 1842 1920 1951 159 2108 1473 1714 2351 1882 58 100 1339 2078 2117 1915 1075 1476 962 800 1333 1729 1487 242 73 102 119 144 155 211 235 421 433 610 630 730 792 829 966 995 1068 1107 1152 1217 1249 1348 1385 1397 2374 1560 1889 1892 1490 1474 1515 1756 2352 1565 1587 2365 1682 1697 1695 2210 1700 
693: 14 842 2109 744 2479 426 1527 1720 1809 2223 846 2224 146 1655 2180 2394 1398 1613 1528 764 
1397: 14 1424 1587 2466 
1560: 14 2338 354 145 2444 473 1816 1424 338 1587 
1780: 14 787 669 2124 1742 2069 1912 485 563 597 1845 855 1392 2427 968 1484 975 985 2017 2065 1579 1605 1800 237 266 771 2109 2228 877 1738 511 2080 1387 1583 2063 160 170 483 487 720 991 1153 1377 2482 353 2029 139 1809 1741 1554 1553 209 1822 1847 1942 2282 868 1982 832 1089 140 513 574 699 783 794 831 874 889 1210 1459 1541 1604 2248 1849 1885 2269 
765: 14 540 1455 789 573 2080 1602 700 701 1681 1893 1792 2307 609 857 1946 2304 
1217: 14 497 1428 399 1401 1733 1830 1909 354 1011 1696 1551 2323 860 1047 2360 1048 1693 1883 305 1194 52 228 839 955 1465 1831 1273 1691 2091 352 1339 1424 2374 1122 1509 242 829 102 125 316 424 792 1716 1474 2299 1646 1249 
135: 14 2229 1399 
1349: 14 1758 452 917 1803 1805 
1000: 14 848 1928 699 2100 
555: 14 1551 1012 431 
1990: 14 34 540 925 1054 951 2335 
2014: 14 540 842 1742 1625 1637 680 639 296 483 568 1160 1950 846 1015 796 1168 
11: 34 1216 2479 412 1872 85 2323 1012 745 1017 246 1426 82 673 4 1424 302 629 2034 773 902 1923 
275: 34 2124 85 1012 479 478 482 705 2138 503 
2351: 34 540 224 2321 1043 27 1784 1786 226 1583 2022 1740 373 1215 328 1077 150 2369 1133 100 2353 1424 974 
1360: 34 540 2381 680 295 483 2173 791 663 588 
2386: 34 2069 1829 1746 980 1713 2383 1786 2239 1134 826 873 2432 1048 542 543 673 2198 1333 480 1104 2382 2384 
414: 34 1554 1553 2078 
2016: 34 1303 1332 501 587 1333 
2108: 34 1917 1550 1763 1211 980 1696 745 2024 2 349 1331 1274 2271 1424 1972 
1175: 34 1374 975 435 949 85 1551 915 2022 2063 803 1446 2482 2242 48 1720 2406 1749 705 1973 30 137 67 489 907 2057 2270 
1199: 34 96 805 2453 1532 1746 980 1696 802 2451 1640 1879 954 2177 773 169 1057 1295 1662 
1747: 34 386 540 573 543 1678 
1241: 34 927 237 85 118 
773: 34 224 805 835 848 985 1579 399 1552 486 795 2444 2083 2115 11 1199 302 261 332 401 997 1388 
1092: 132 380 436 861 2218 377 2373 1084 1461 1668 585 91 1336 763 1284 110 308 
1213: 132 835 1216 1356 1713 1784 1786 770 1450 1847 100 227 743 
1118: 301 1375 1493 1531 1605 1635 2167 655 377 551 671 1696 258 1402 1677 295 296 604 2024 152 289 290 434 339 673 686 1880 1975 2133 2237 388 702 840 1418 1874 2034 1475 1992 1618 2042 1389 600 38 1309 1841 2202 1112 7 231 605 667 1425 1436 2088 1850 2384 2251 
2112: 301 386 1758 292 18 1962 137 905 2009 2076 
2257: 301 1562 1069 789 1738 1402 1446 1855 48 632 419 1595 2233 1808 420 973 1272 2007 2255 
2007: 301 1305 669 855 1738 1054 903 48 1950 517 2457 2257 420 1423 1658 2076 
1099: 301 890 644 289 1758 466 2256 2279 462 2265 906 2059 1721 394 55 2107 
1570: 301 454 1067 2427 573 293 213 703 819 1717 1274 1207 2244 793 59 
1451: 301 540 669 75 925 2017 1644 354 573 671 795 1696 1940 680 320 1012 1116 1677 295 470 1967 2073 2424 1681 2173 679 1431 2215 876 2203 2138 1191 1815 1920 2116 1714 2309 1333 1429 87 526 1020 1971 
1642: 301 1713 85 470 826 2250 1274 1925 668 678 1191 1754 147 1354 1514 1863 
1813: 301 1800 185 1270 784 85 639 1677 160 295 296 1377 1414 2444 1027 2138 1537 146 292 1045 1298 1500 2331 1869 1882 
1815: 301 671 795 1303 85 1154 1677 295 296 700 701 703 152 2471 2250 1894 550 662 702 469 215 1914 1110 467 1714 1451 260 2093 
276: 301 2065 789 2068 1677 295 296 483 289 1139 466 2138 672 777 1184 2230 449 702 954 2034 2199 1914 1306 182 87 215 2390 2202 469 1078 
112: 301 2160 1746 2159 1784 1786 1696 1677 295 296 1501 289 290 333 2286 215 2390 1914 854 2043 87 1292 
95: 301 1677 296 803 
1042: 301 540 2109 1713 2239 1804 1967 518 1398 464 
1814: 301 224 1470 483 2138 678 906 1245 
2072: 301 1677 1140 2173 1078 978 
415: 301 1940 1677 295 296 470 289 290 315 1015 1196 215 2390 469 1797 
2459: 301 848 237 761 1677 1724 295 296 470 1501 289 290 1285 702 967 439 1914 1928 521 1110 215 260 2390 2191 363 706 1292 2183 1870 
2473: 301 848 761 789 1211 1401 1638 1696 1677 295 296 470 333 1137 452 702 439 1088 1914 2043 2191 2141 
1472: 301 1677 630 
1473: 301 1043 2212 399 671 1786 1944 1303 1696 258 1677 295 296 1501 289 290 770 2424 1947 1223 2140 2199 1379 439 1729 352 2445 1424 215 2390 1914 138 178 
1121: 301 1677 296 483 802 289 1495 1102 766 
1280: 301 1677 
2177: 301 386 669 2363 1579 771 789 1733 2229 1062 416 1885 960 1199 1934 1295 2423 1922 297 1416 151 697 548 782 
2322: 385 540 1018 1900 354 980 1154 644 170 1967 679 2439 1008 673 202 1525 203 2199 502 1206 4 
1333: 385 498 2150 2414 1912 75 323 485 1845 835 855 1884 1470 968 1484 975 2017 1018 1531 2065 1579 1598 1615 1746 689 399 707 1131 1733 2046 2454 354 573 980 982 1129 1157 1208 1319 1356 1713 1625 1944 2479 652 1011 1100 1696 1872 2239 2323 258 329 644 745 747 1017 1583 1976 2022 2085 2143 2303 165 256 1825 441 483 487 547 801 802 860 903 984 1016 1167 1332 1414 1768 2444 1823 845 1881 2240 1450 1080 2055 1046 1048 543 2189 562 1681 2287 2106 1172 2293 1693 1223 1752 1761 2249 2278 2286 2288 2289 2290 2291 2292 1883 2294 2439 1758 1762 305 190 1194 1361 1545 1657 1214 84 115 272 494 523 673 1015 1130 1454 1555 1725 1880 2071 2134 2140 2144 2152 2462 2350 1670 307 2371 456 1050 1156 1166 1196 1411 1463 1730 1842 2116 142 2271 1475 1293 335 1381 2386 2037 2184 2049 352 537 1306 1339 503 2364 2078 2169 1275 2016 243 1915 1921 521 2238 61 549 4 1451 962 1703 1424 1147 2374 73 376 800 91 227 242 253 297 431 433 455 552 641 748 752 772 776 821 859 965 1151 1152 1169 1249 1321 1323 1326 1841 2399 2419 2445 2456 2480 1487 1488 2260 1750 2092 1512 2061 1565 2191 1585 1587 1613 1729 1528 1764 2431 1687 1695 1702 1716 2247 1791 1515 1540 2268 
1384: 385 721 399 1422 1696 329 1116 1677 295 296 1141 2024 2471 1223 2439 739 305 1137 362 979 1980 1188 37 2031 2309 146 1389 2273 4 480 2090 253 267 495 780 857 902 923 1109 1221 1313 1674 2171 
1389: 385 386 721 1619 1470 2017 1635 399 1422 2479 1696 680 644 1116 1263 1677 1539 295 296 578 701 1141 1334 1501 2024 290 2471 1504 2189 2173 1172 739 2138 53 686 979 1021 1895 1905 1166 1251 1904 1914 1928 2031 2309 4 1487 1384 119 215 253 267 467 469 495 567 726 780 857 895 902 964 1118 1249 2059 2273 2202 2026 2251 2090 2171 1861 
2078: 385 386 2252 805 848 1375 1404 1917 1060 1216 27 399 761 789 890 1211 1777 980 1625 2479 795 1011 2323 639 1154 745 915 1017 1116 1134 1387 1790 1228 298 372 487 1215 1673 2054 349 353 1720 2360 2240 2073 1160 82 1664 2204 305 1194 419 472 1554 1553 1657 51 52 520 938 955 1032 1126 1345 1430 1516 1555 1622 1725 1831 2175 2233 2328 46 306 374 525 1050 1251 1277 1288 1712 1730 2091 2254 6 2224 168 2049 352 1306 1339 503 1333 47 325 358 414 420 480 518 521 548 585 593 646 768 829 884 918 931 1036 1070 1204 1302 1396 1424 1425 1476 1626 1764 1828 1931 2075 2469 2478 2089 2362 2280 2305 
1475: 385 540 2363 1917 1484 1018 399 890 354 1625 1818 680 568 305 1554 1657 532 1333 10 1118 643 965 1152 1249 1304 1971 
1915: 385 386 454 2385 2150 485 1324 968 1484 1600 266 1211 1350 1401 2413 354 573 980 1253 1713 1480 1625 2479 795 1011 1303 1696 1940 2323 258 351 644 745 1017 1908 2143 70 165 1677 483 802 1167 1332 1765 1768 819 1434 2471 568 2173 719 1883 1027 1758 305 139 1554 1545 1553 1657 1214 228 673 1495 2140 202 397 1656 2012 159 2254 912 2309 2176 1333 10 158 480 552 850 1031 1109 1145 1424 1674 2484 2346 
1586: 385 2363 75 323 485 598 835 2453 2011 2017 1531 2160 1150 2212 1763 2297 399 436 890 1219 1757 22 980 1270 1625 1818 435 949 1011 1696 2323 258 644 745 1218 1790 2143 2063 174 483 487 647 802 1101 1332 1768 2482 1851 2444 1331 1115 2439 2215 1758 1664 1194 1663 1657 2223 23 228 492 880 1130 1430 1555 1651 2000 2140 2144 2468 202 306 1102 1128 1166 1525 1656 2008 2162 167 203 208 13 30 352 1306 158 169 433 480 549 730 944 971 1249 1423 1540 1573 1911 1924 1613 1627 1695 1701 2050 1965 
2254: 385 1481 485 626 399 890 980 1480 2479 85 2323 258 644 1017 1527 145 701 715 193 1823 819 2073 1046 1048 2094 1660 1758 1139 1194 1894 1554 1657 23 52 114 891 986 1174 1555 2113 508 1418 2199 2078 1915 643 30 87 480 804 829 1045 1235 1298 1540 2049 2476 2374 
1110: 385 2150 224 2381 1392 1532 746 761 789 1378 1401 1638 1899 2039 2159 2338 666 1228 483 860 328 2099 1027 139 150 929 979 990 2115 2369 1050 1102 1191 1815 1920 163 2074 168 100 146 25 495 763 1643 2459 1959 2425 
2273: 385 386 1598 27 2413 2323 1790 479 482 1549 1822 1089 1389 1384 222 780 1705 1929 
1631: 385 2150 224 27 761 789 1401 1733 1909 2206 1552 795 639 1386 1387 353 1758 139 1657 150 645 1347 1462 713 840 101 1937 418 100 1578 2251 941 1425 
960: 385 2381 1746 28 70 1504 2211 756 1062 2177 129 1388 
2049: 385 1619 303 1845 1884 2427 1800 266 399 761 789 1401 1733 1993 2109 354 980 1319 1480 1625 1303 1696 1551 1049 2323 258 1017 1029 1163 1790 1867 174 373 470 479 483 487 547 635 984 991 1332 2024 482 1823 2073 1046 1048 1681 2217 1761 1883 1762 466 387 1554 1553 1657 52 114 115 131 522 523 673 1395 1495 1555 1556 1888 2000 2071 2229 2256 2373 1468 1923 2034 2254 30 58 601 912 1333 352 2078 643 2061 83 125 129 433 521 549 778 914 947 965 1256 1339 1459 1703 2048 2374 2399 2176 2205 2251 
971: 385 1615 1746 980 1158 2323 1883 673 203 2271 1586 37 61 1852 1687 1695 643 195 445 965 1697 2405 2280 2050 
1339: 385 1884 1018 1615 689 789 963 1732 1733 354 573 980 1157 1713 1625 1818 2323 258 745 1017 634 353 2240 1491 1046 1048 1681 1883 1554 1553 1657 52 522 523 1555 1556 1725 2229 2266 203 2049 352 1306 1333 1487 2078 1424 1217 424 480 521 433 792 1086 1236 1248 1340 2374 1587 2268 
169: 385 848 2453 1746 436 1801 1356 1804 372 2189 2106 1883 1657 2462 397 1586 379 1199 376 2191 1684 643 1966 455 1838 
211: 385 669 2363 1367 1441 2212 689 354 1303 1696 666 745 1017 483 1172 687 1139 1664 202 2174 2037 1934 1424 823 1798 2346 
253: 385 848 1018 396 354 1944 1303 1696 1945 2323 1017 801 1016 152 1657 1130 352 537 1389 1333 2227 1384 2445 1636 1489 
2235: 385 2363 2427 2017 1579 980 1677 1765 2231 2189 1115 2286 1664 1458 1554 84 234 673 2140 1207 1896 906 1695 593 531 740 829 1249 2335 2382 
837: 385 848 2301 761 789 963 1081 1378 1401 1638 1801 2206 2207 1940 745 434 1027 645 1022 1430 1454 2350 775 2012 203 1593 1992 742 1548 628 1505 2372 91 285 1074 440 818 2170 
2393: 385 2150 1635 1777 1011 85 293 289 558 1229 2095 793 2277 840 1687 1548 286 428 488 549 567 585 756 811 1275 1348 1869 1936 2241 
1903: 385 669 2363 848 855 975 789 890 1081 1350 1378 1401 1909 1993 2159 2413 1552 1011 1303 1872 118 644 666 1163 1164 1329 1386 1387 1510 121 353 2471 2204 387 1554 375 891 1430 2229 2256 60 796 1050 1982 503 2056 73 1841 1061 1448 261 670 870 996 1314 1366 
1400: 385 1562 1069 2150 1043 1563 657 1583 1016 846 1822 2116 1348 1817 
2419: 385 1625 165 1332 1361 2374 1333 433 1565 
1924: 385 573 844 1157 1158 1597 1818 608 672 938 1651 1826 1586 1703 2202 1573 1797 1719 244 799 2281 2154 
1416: 385 2414 485 1579 771 890 1551 1154 915 1675 160 483 720 802 1547 959 2388 1027 139 493 1847 2233 306 1885 2021 2177 1210 267 171 1604 
914: 385 2017 354 1818 1303 2323 258 1029 483 1048 1883 1657 673 1495 1920 2049 480 147 612 
917: 385 848 2160 436 1211 1777 2159 2206 2207 1386 339 518 1349 
1970: 385 784 1013 705 2440 2223 1009 2142 422 161 1019 2151 
2268: 385 1374 1484 354 980 1480 1625 1696 2323 1017 1790 483 1016 246 353 2240 1048 1883 305 228 673 2229 2266 1530 1730 1339 1655 1627 1333 2081 918 1626 624 1340 
1036: 385 925 2017 174 434 656 916 1035 2078 843 2202 2335 
1062: 385 771 85 1287 960 564 1295 513 697 1230 2177 
1585: 385 747 1724 903 1332 1823 1657 1476 1333 800 1474 
572: 385 848 2160 436 746 761 789 1211 1378 1401 1777 2046 2159 2206 2207 2228 2338 1738 1386 1228 483 1547 1027 1778 2002 439 2259 1793 1896 1323 533 1853 2281 200 421 1817 
1145: 385 1378 354 1017 170 1016 1431 1554 1657 1021 2140 1915 342 
2170: 385 2160 436 789 1638 2206 2207 1624 644 479 483 191 2099 2166 150 1430 1694 837 
641: 385 1481 1401 2323 483 701 1332 2073 1172 305 1361 1545 1657 672 673 2071 2374 1333 829 433 1026 947 1489 740 
1695: 385 669 323 835 1615 689 890 1378 980 1319 1713 258 745 747 256 802 1332 2444 1823 1681 305 1361 272 2071 2229 2034 2091 2271 1586 2235 61 1424 376 704 1333 1708 2456 1852 1687 800 1729 1487 971 445 1151 1323 1348 1490 1587 2280 2050 
1540: 385 1378 1401 1909 2159 354 1552 1480 1386 1387 483 802 191 2189 2079 339 1009 575 2254 1586 480 1333 2081 1589 2431 2082 233 
30: 386 669 721 2069 75 485 597 598 848 1150 1763 771 1401 435 2080 1387 2063 487 1768 2482 1331 2439 492 1175 1050 1128 1177 2091 2254 13 1448 1586 1849 1982 1639 2049 
46: 386 540 669 2363 721 2017 655 689 2239 85 666 1134 170 174 718 723 1257 819 542 543 568 679 719 1664 1657 2279 202 1166 2078 1904 1933 1934 1935 1173 2238 480 964 521 
65: 386 671 795 85 1154 634 1886 1491 473 1758 139 1361 1495 146 1026 1050 469 1683 292 2442 467 
146: 386 1421 1619 485 546 598 1470 968 27 771 789 671 1552 1625 1303 1872 320 337 1154 644 657 2015 1677 160 372 479 483 802 991 1547 1768 1851 2444 1967 2024 2298 349 478 482 2424 1357 1160 1172 529 1431 749 2204 139 1894 1902 1997 1137 1657 74 249 288 550 686 790 1182 1184 1482 1495 1555 1895 2071 2140 2175 2229 2233 2333 2369 65 331 336 668 678 1102 1251 1286 1683 1808 1813 1920 416 6 2199 2095 1992 439 1317 1928 2169 64 138 1384 38 108 140 807 1469 1841 2372 1559 391 1922 1425 411 806 2455 1978 467 469 2263 1002 1026 521 526 1086 567 1512 1589 406 1110 600 1112 2141 1636 147 1678 2194 1936 2202 178 179 693 2227 712 717 261 1200 733 2265 227 752 755 260 1791 
243: 386 1619 2391 980 2323 174 333 305 1920 564 1333 2227 533 
1807: 386 1134 165 547 604 946 1693 1883 986 1487 2374 829 1249 552 947 889 1168 1248 
2336: 386 266 1319 568 640 242 584 
1327: 386 354 1551 745 295 483 1016 1014 2249 1657 673 994 1788 1072 1904 1933 1935 2174 262 2272 1934 926 958 1265 2025 
2377: 386 2017 1733 1909 1657 2091 1474 
1920: 386 540 669 2363 848 1644 380 890 1401 2159 573 1713 1011 1100 1696 1872 1940 2239 85 680 666 1163 2303 293 295 372 373 1215 191 199 1881 542 568 2173 679 719 466 1664 89 1554 1553 2223 52 523 891 1555 1620 146 2224 1424 424 1110 480 243 502 914 1451 1957 
1921: 386 540 1455 399 573 1158 2239 747 1017 2022 165 903 1332 542 543 2278 1758 2144 1333 962 1565 1249 1700 1719 
1933: 386 1800 354 1208 969 1940 85 371 1027 1310 1657 1214 994 46 1072 1904 2272 1041 91 196 262 926 958 1265 1327 1700 1934 1935 2458 2174 2025 
1655: 386 597 1625 2080 1527 2022 860 2240 1223 305 649 993 1212 1438 1529 2064 2256 2266 954 1885 2353 693 1849 32 233 259 261 667 697 852 865 961 978 1098 1340 1412 1517 1528 1542 1838 1700 2129 2346 2268 2405 1776 2035 2423 1922 
943: 386 848 975 980 1713 1944 435 1677 984 1720 770 2073 1310 456 2455 1960 
1469: 386 573 671 2239 320 542 568 679 336 668 146 2455 767 
452: 386 1246 2221 237 380 442 1378 1401 109 511 1872 85 1867 1228 1494 700 2298 710 1015 60 324 307 2199 6 1074 179 252 363 2480 1939 2201 2330 807 1827 1839 1841 1089 1349 967 1611 2259 730 1379 2271 2473 503 1779 1109 1654 2182 
475: 386 1817 
491: 386 1374 323 1367 858 1470 1150 1789 1012 1879 1885 2332 706 
781: 386 669 1374 1917 925 1470 1644 877 2479 329 371 1808 2162 782 
516: 386 1401 720 1545 167 168 1089 1304 1284 
521: 386 842 563 848 2381 1493 789 890 1211 1383 354 573 980 1625 652 1011 1551 644 745 1017 1134 1263 1790 1724 539 1016 1059 1215 353 2360 1223 1431 749 1664 1894 1485 114 520 523 623 656 938 955 1009 1032 1430 1555 1606 1831 1927 2178 46 525 1525 1683 2091 167 168 1885 2049 1306 1339 2078 146 593 800 1333 342 1070 358 518 548 804 829 2372 1388 1931 1425 918 2459 958 1558 585 1626 1627 1200 711 
1614: 386 540 680 1510 568 1997 1657 2457 663 1841 651 
2284: 386 
1593: 386 848 2239 1580 542 568 1361 532 837 
2180: 386 540 380 746 2298 749 162 381 1415 1898 693 42 161 1255 1398 1613 1969 
1173: 386 540 2479 680 1881 568 673 46 593 88 
1683: 386 546 890 671 2479 85 320 1154 915 634 1886 82 139 65 336 525 1050 146 17 469 140 155 467 521 763 1122 1315 1679 2455 2141 1928 
1178: 386 795 
1206: 386 498 540 1878 2065 1598 680 657 1825 373 723 1580 938 1502 1670 2322 
1196: 386 858 1455 1018 2065 2125 27 1818 85 1017 70 547 1016 901 2439 1997 1657 219 284 1015 1495 1778 1333 1487 25 1195 355 415 1488 2227 1381 2274 1534 
2238: 386 323 183 980 1270 1945 2239 2022 1825 487 542 543 568 1657 1670 46 2331 484 1333 1719 
1627: 386 1018 1713 1625 1017 1790 2240 1172 1223 190 1554 1553 1657 523 673 1555 1161 1730 101 1586 1381 352 521 227 658 792 2268 
1236: 386 2239 657 701 1034 419 1657 1009 1339 643 1764 104 420 1248 
755: 386 842 2069 1043 980 483 2444 139 2211 315 1495 1895 2051 146 1936 2455 690 2248 
1795: 386 323 145 298 483 2444 1172 1223 
690: 454 1677 295 296 1501 289 81 755 215 469 965 2089 513 966 
2371: 454 669 1404 1162 1732 1733 1909 1552 1784 1786 1940 85 1386 1387 1867 2163 165 479 2482 1046 1883 955 2369 2370 1333 706 730 1234 2081 823 1526 2082 
1207: 454 2427 1244 85 1790 293 1677 1094 819 2250 749 1137 640 1274 2064 2229 1885 793 600 1570 1939 2235 161 712 883 1366 1744 
390: 454 669 1884 908 2015 1823 1046 1761 1883 1762 1764 1954 
416: 498 2069 485 968 1493 1579 1644 380 396 771 890 1162 1552 1551 1510 160 372 373 479 483 487 802 991 1101 1851 2 191 478 482 2424 1497 2412 749 1809 472 150 520 1032 1281 1483 1495 1161 336 525 668 1102 101 37 67 100 140 141 146 335 1298 1936 1089 1578 564 2485 593 1793 1203 2177 
336: 498 485 598 968 1579 784 85 1551 320 160 170 479 483 991 1167 2482 478 482 2406 2424 1357 1617 139 1769 416 4 146 147 1683 668 2455 1469 1286 2141 
2021: 498 1974 2427 1484 1644 380 444 890 1271 1383 1899 1909 1552 1940 1387 1510 372 373 1851 191 1568 2449 1893 1545 2138 23 649 791 2229 2237 702 841 1923 2104 2105 25 300 1075 1410 1416 1703 2059 2117 
1808: 498 787 2124 1067 1742 1404 950 2301 1244 1801 1900 2228 2454 85 1154 1029 441 479 539 1580 1768 478 482 1136 139 1554 114 528 2257 1133 356 1010 1537 146 808 25 332 363 781 1221 1252 1526 1589 2478 2374 
857: 498 669 485 1060 1644 680 337 644 70 1886 373 1860 2213 400 2447 2094 1342 679 2439 705 1479 2138 1214 673 979 1980 331 360 2429 713 1611 1935 208 2117 1389 25 765 1728 1841 1384 682 830 1978 2484 1853 2372 1834 1745 1221 1265 1398 1779 2267 2477 1419 
167: 498 1742 75 224 225 343 423 485 563 597 598 1392 1404 894 2427 1455 950 968 2017 1043 2065 1579 1644 2167 1150 2308 1800 27 527 771 789 890 1081 1401 1546 2109 2228 185 377 1270 1786 1011 1100 1575 1940 85 320 1154 258 666 828 1164 2085 170 372 373 479 547 991 1332 2062 2444 78 191 333 478 482 1266 1034 2099 687 1761 1706 749 2449 139 1894 1554 1553 150 523 673 891 1032 1370 1495 1895 2328 81 954 1050 1102 100 1317 1586 25 37 117 2313 804 325 1946 468 2031 516 518 521 1571 1073 2277 607 2176 1668 168 1192 2299 780 
1972: 498 1232 789 2068 969 1551 991 2424 946 154 282 2108 1898 141 41 341 513 923 1295 1604 2394 
54: 498 1913 551 1563 170 372 2388 2152 575 606 379 2154 
103: 498 1356 2323 1012 1510 1634 490 
141: 498 842 2150 224 225 855 975 1644 991 1334 2444 199 353 1758 139 1809 846 1483 1821 416 868 502 564 1972 480 346 1068 1108 259 
262: 498 85 1017 1016 1698 1664 472 1058 1606 1072 1904 1933 1935 2174 2272 2332 1934 926 1327 958 1265 2025 
388: 498 1428 1441 980 85 1995 1025 1771 1981 2142 1118 699 350 
2394: 498 1428 2301 399 980 1940 1677 295 296 470 1501 289 290 1115 1214 673 1783 2140 688 1972 215 260 2043 693 469 1445 1918 
907: 498 1470 975 985 789 145 1257 1414 2482 2041 154 339 1973 1175 722 1604 2342 
1425: 498 805 2381 1484 1579 655 2301 380 890 1480 160 483 2249 1361 520 955 1584 2002 1842 1461 2078 2056 146 593 521 549 2407 748 1118 804 1631 346 
931: 498 894 399 1624 639 329 644 1017 1510 1790 801 826 991 1016 328 1048 1458 228 645 2034 2078 1204 904 88 2100 
1601: 498 1428 1624 644 1768 2138 2255 
1604: 498 2069 968 771 789 1602 991 1153 1720 1847 1942 832 1780 1972 907 1210 2146 1416 1366 2269 2057 
1613: 498 2167 746 1732 1733 1987 2109 899 1835 802 199 819 2424 1883 749 1809 2110 2223 150 614 2373 1586 418 1898 564 2180 464 1333 1498 693 71 849 1002 1073 2059 
1193: 498 1746 354 1270 1818 85 745 466 472 1657 673 846 
254: 504 1917 1583 937 
4: 540 1456 399 354 980 1944 486 1303 1696 1945 1154 747 1017 2085 165 1016 1681 82 2439 1894 1044 1657 228 673 1015 1345 11 336 1166 352 1389 2322 800 1333 10 1729 2247 1487 2260 1384 242 2431 
10: 540 669 842 1428 1598 266 771 573 671 1157 1625 486 1872 1049 2323 680 320 1218 70 165 1886 483 720 1580 2242 328 2073 568 2173 1027 579 1553 1214 673 1620 2229 81 306 397 1286 2105 1475 63 1317 1306 2169 1915 1476 4 663 422 1328 1326 1460 2353 496 643 1926 
21: 540 2363 980 
25: 540 597 1493 1531 1532 396 761 789 890 963 1138 1401 2046 2109 2207 2338 1253 1625 680 337 1013 426 657 1017 1163 1675 1835 1677 295 296 470 826 1016 1101 69 289 400 1046 568 82 1027 2204 190 1194 2203 1893 1137 113 136 288 673 686 847 955 979 1015 1197 1205 1395 1409 1430 1622 1640 1895 1980 2084 2324 2465 456 1166 1196 1191 1808 2034 167 208 1287 168 2021 1559 2445 821 1844 857 910 401 1961 2478 1477 974 976 495 2045 2098 1061 40 1090 1110 617 1171 164 1195 2227 716 1238 1754 1252 768 
37: 540 669 2363 224 848 1644 27 380 761 2109 980 1784 1786 1602 1790 2163 328 529 1361 1310 1893 1545 1980 1670 101 167 416 1384 100 1234 316 971 
44: 540 2385 266 380 1872 1012 1017 174 578 1452 1014 1617 82 114 156 871 2333 1904 2104 142 6 600 1079 1225 1358 338 823 776 
182: 540 669 2065 237 2046 666 1510 860 1547 349 1706 1139 466 955 1184 1925 1710 307 449 455 276 1536 
306: 540 423 597 1470 1615 890 1909 22 1713 2239 85 320 1602 426 427 1886 372 802 991 120 191 1720 568 892 1792 2229 10 2078 1676 1443 1586 1095 2373 1416 
312: 540 399 436 185 354 1270 1356 1011 1696 1551 1164 1583 2022 373 441 578 802 1332 1881 2073 305 1657 115 2071 307 397 1730 142 63 912 352 2176 663 643 2061 104 117 125 433 1697 829 966 2374 947 
503: 540 669 2124 721 224 848 1878 1884 1579 1216 396 442 789 890 1162 1211 1401 1909 2228 980 2323 426 427 1386 1387 1976 1825 1740 1290 539 801 934 1101 1140 1167 328 2073 2099 1591 1706 1762 466 876 1657 150 370 791 2233 528 2113 1161 275 2429 452 1939 2224 168 1333 2078 1983 2227 783 2352 2396 35 147 241 376 1679 1853 2117 2259 2474 1903 741 638 753 
924: 540 980 680 295 372 483 1881 2173 1139 2229 1277 
962: 540 1367 1884 1456 1615 2401 185 980 1713 2032 1181 680 1012 2015 1332 1693 1761 82 305 84 1888 2060 2140 2178 1220 1301 439 1921 61 800 1333 1424 345 1906 571 897 944 1587 1565 1954 1323 965 966 1151 1781 2205 
1286: 540 436 890 980 85 680 542 568 473 1044 1895 2229 336 668 1166 10 146 2455 1398 
904: 540 848 1148 1043 1378 744 980 1696 118 745 121 802 2471 113 131 673 583 1937 1461 1112 931 1850 1489 
1168: 540 669 2363 890 666 745 1881 679 1620 2328 1807 2014 
1007: 540 2320 1532 1605 746 351 1017 1677 291 295 296 470 826 1016 1101 1501 289 290 2173 2249 1027 1762 1194 979 2113 1301 1379 439 1914 1844 910 495 617 1171 1195 259 1289 638 476 
1050: 540 563 598 2427 1428 968 1484 380 436 1081 1401 1909 2159 671 980 969 1011 1303 1696 1872 1940 85 1049 2323 680 320 337 1012 1154 2163 1677 160 295 296 470 479 802 991 1332 1501 1580 1673 2444 2213 313 349 478 482 1434 1048 2094 864 2173 1693 719 2310 82 305 1741 1894 1893 1657 84 114 493 1370 2266 65 1333 2078 1317 13 30 64 167 168 429 433 451 580 585 2374 1903 1110 2141 1683 1779 1277 
1934: 540 669 2363 771 980 2239 1551 666 745 1163 1164 1677 296 371 1681 679 82 1027 1758 1664 89 1997 501 2079 994 1555 1788 46 1072 1904 1933 1935 2008 2174 262 2272 1914 2177 1327 2445 902 1671 211 221 566 782 926 958 1265 1850 1852 2183 2025 2300 
588: 540 2381 950 1909 680 1012 679 82 1015 1360 
1666: 540 2363 680 568 1664 782 
651: 540 1067 1599 573 980 1713 2479 680 828 873 1344 1995 1025 1657 1771 2142 1654 1614 1849 2269 192 
1166: 540 669 2363 2069 1600 266 399 1733 1909 354 573 980 1713 1303 1696 1872 2239 2359 85 320 745 1017 70 1494 1016 1332 152 333 1881 888 2471 1014 1681 1664 1361 1657 672 673 979 1670 46 4 25 58 480 495 502 1951 1444 1586 1333 1221 1389 2438 2031 1398 1286 
1171: 540 680 483 333 1393 568 1997 1923 25 1007 2227 1534 
663: 540 669 950 1270 680 1012 2424 679 82 2332 1360 1614 10 312 1249 
1277: 540 1598 1216 573 980 2239 85 680 296 483 802 1881 542 568 679 82 1657 1430 1670 1050 2078 924 
1873: 540 680 118 1867 372 1554 1479 2361 841 439 730 1419 
2234: 540 1644 1150 1855 2249 1842 748 
2244: 540 848 1243 1244 85 333 252 1570 
1734: 540 680 1012 82 1639 800 105 
2304: 540 721 848 925 1470 771 789 2080 1012 543 82 765 
1306: 1421 485 863 1884 968 237 2454 185 354 1157 1270 969 1011 1100 1303 1696 1551 1908 634 372 483 802 1332 2360 1014 1681 1883 82 466 419 1554 1553 522 523 1184 1495 1555 1556 2229 2230 449 862 1586 1333 10 2078 125 276 521 1078 1256 1302 1339 1697 1702 1791 2176 
47: 1421 1493 1696 2078 
449: 1421 1818 85 1154 1765 1393 2249 466 1353 352 706 1306 480 1548 1078 182 276 897 799 1703 
1885: 787 842 2252 2069 2414 2427 771 890 2109 744 980 1319 329 1527 715 720 801 1167 1720 2398 1172 2211 2138 114 288 846 979 993 1430 1529 1555 591 447 1207 1191 2162 992 1780 19 108 221 491 521 526 956 1053 1095 1122 1151 1416 1528 1655 2248 2086 2251 2177 
356: 787 2301 85 1583 1790 219 1808 2367 
1939: 787 669 1742 2150 224 497 2321 858 968 1531 1579 1644 266 771 1219 1378 1401 1909 2228 899 1940 85 644 1867 365 1464 1228 1743 372 373 803 991 1153 2062 2444 2054 78 131 150 273 558 1370 2113 452 756 1207 252 2056 101 418 503 88 476 605 1654 1739 1853 1854 1956 2259 2059 
1122: 787 1305 2363 2069 1470 1579 890 1733 1552 1713 1625 795 1940 1602 745 487 2398 774 1554 1553 891 955 796 1683 1885 1928 1217 403 2141 2265 518 956 2005 1941 
1748: 787 237 1595 
297: 1305 444 1054 1825 160 78 2388 1761 1229 1694 1822 2177 1333 716 171 1596 1692 1443 
2248: 1305 2069 980 487 720 1059 199 466 1847 992 1780 1885 100 755 496 882 1707 
697: 1305 771 1054 1847 1062 2177 1655 2423 151 
1289: 1305 669 2363 2252 2326 1763 160 220 1513 1431 1008 492 2135 2397 1690 1812 1928 2259 1007 1031 724 1896 1966 2232 2193 2183 232 2267 820 1948 2222 
706: 1562 75 1884 1493 2011 2147 436 2218 1013 1510 1334 353 1865 1681 1115 681 1077 1137 5 714 847 886 1076 1415 1620 2002 2230 2371 449 796 2472 2012 2271 1914 491 1643 945 178 437 570 2442 1561 1187 2459 811 2101 2045 2425 
513: 1562 224 1157 337 280 1402 1357 2153 2166 375 430 1076 1125 1126 1276 1529 2426 1942 1062 1127 1128 1690 967 1780 67 1204 1972 889 978 240 319 1186 690 1394 2425 
889: 1562 1470 771 991 1502 1847 1942 1780 1807 2146 513 
1744: 1562 980 353 2449 1207 2425 
1817: 1562 1563 483 515 650 2256 1239 2034 2485 475 1400 572 1864 
100: 669 2124 1742 2150 224 323 485 848 1404 1917 925 975 1531 27 28 1219 2228 671 744 980 1624 329 1867 634 1743 1539 296 479 801 991 2054 328 2231 82 529 1706 473 1027 749 1139 2204 1893 5 150 2333 2369 1161 1710 60 29 713 921 1084 101 167 416 37 1213 2351 18 1424 1943 1824 1572 2056 2352 2353 599 1985 2248 1110 730 923 1629 1631 2396 261 1526 607 
13: 669 721 75 274 423 485 563 597 598 855 1878 2017 626 1150 1763 266 573 671 435 2063 298 487 1768 2482 1331 901 1758 1894 1893 492 673 1050 1128 30 1586 
29: 669 2150 224 27 1219 85 991 328 1139 2204 150 100 2330 1477 455 
67: 669 224 855 975 985 789 511 2080 2063 1153 1377 2482 1479 1502 1175 416 832 1296 794 667 831 833 589 2269 513 1541 
117: 669 2150 925 2302 377 551 671 877 2239 329 351 353 167 832 312 811 222 
119: 669 165 333 1389 1424 480 455 
171: 669 2363 423 597 925 2017 1550 1043 2125 1909 1563 666 1163 1164 1835 578 371 1504 305 1741 1997 1438 2119 2462 307 142 439 2259 1869 549 408 480 433 297 1416 1671 55 2283 1037 
203: 669 2363 1018 1644 399 442 890 1401 354 949 85 644 745 1017 679 1883 1431 1664 1657 2223 228 673 891 1495 2229 2230 1525 2008 2322 1586 208 971 1339 1736 1750 837 1249 646 
204: 669 842 1481 925 1470 1940 353 1758 139 2345 942 1785 2342 
261: 669 1018 436 444 2109 1270 368 1017 150 100 146 773 1655 2227 147 1903 355 71 849 1073 1002 
302: 669 224 848 27 980 1552 296 483 328 1681 1479 150 673 1622 2266 11 307 1923 2034 1234 773 1020 
325: 669 2363 485 1427 1470 1043 671 666 745 160 483 78 1139 167 2078 
376: 669 1470 573 844 969 657 828 1976 2143 1332 1768 2055 1681 72 136 1499 2034 1714 2452 503 2169 1333 403 1695 1444 1509 169 
379: 669 2381 925 789 1005 573 729 980 1129 1319 1784 1786 1940 1681 732 2435 1174 2430 54 169 2300 
382: 669 396 877 199 353 1758 139 278 197 1234 129 
429: 669 563 1428 1470 671 795 1049 2323 320 1048 1693 1938 2064 1050 2335 
456: 669 848 27 761 980 1713 1784 1786 2479 412 85 828 1017 1976 984 1016 1094 1332 2298 1450 1361 66 189 2312 1995 1025 2096 1856 2175 2430 1333 1326 1424 25 403 664 943 575 1239 728 480 1654 505 
469: 669 2150 1324 1605 237 771 22 980 1713 969 320 258 1510 1743 483 826 1059 1446 2298 152 371 1393 1503 2276 1758 139 2211 2203 419 278 673 922 1495 1938 2113 583 65 668 1683 1815 1837 1923 1882 484 1914 1928 146 1389 1911 87 260 467 338 2394 2191 17 19 271 276 405 415 1439 1315 690 2349 1930 2200 1679 2075 2423 2171 1292 
474: 669 835 2063 720 628 2318 1986 
480: 669 1884 1615 1746 890 1401 354 573 844 980 1157 1158 1270 1597 1625 1818 2323 426 427 644 745 828 1017 2143 1677 296 802 1016 1334 1688 1881 2073 1491 2189 2249 1883 1027 1758 305 190 1194 1657 1214 84 673 1015 1651 1725 2000 2071 2175 2266 2369 202 46 449 456 1156 1166 1691 1920 2008 2091 2254 63 1586 1689 2386 1339 2078 2056 141 1915 1548 1703 897 800 1384 242 1671 716 119 158 171 244 286 799 850 2384 2395 914 1429 944 1540 2283 1152 1719 1736 1249 
518: 669 2363 968 1117 442 789 1777 2109 573 1552 1696 1940 368 1154 347 351 666 1163 1164 70 372 191 1223 82 139 1894 1554 1553 1657 370 520 523 550 847 1032 1325 1555 1895 2002 2229 525 167 1317 2078 593 521 1042 464 768 1122 1896 108 147 1152 424 1558 2005 970 1366 1398 917 
565: 669 1067 2363 237 980 1872 666 1163 1164 1809 1553 930 564 2341 2132 
580: 669 377 160 2298 581 1726 1050 
583: 669 2150 877 344 174 48 2449 352 469 904 
585: 669 485 789 1401 1732 1733 1909 1480 1386 483 1048 1554 1553 294 522 523 673 1555 1556 2373 2393 796 1050 168 2078 1578 521 1911 1092 947 780 1958 2126 653 
605: 669 1441 2308 237 442 890 1835 1851 506 2190 1554 988 1553 686 891 929 1415 1102 1251 1365 1904 1939 1992 1287 252 1118 1112 1237 
643: 669 237 1757 573 844 980 1713 1818 2479 1872 1164 1218 373 2403 1554 1553 1657 1214 84 673 1975 1981 397 1656 2254 1475 63 2049 1965 1236 1476 10 312 1703 829 1249 125 169 1719 1573 1700 1474 971 1247 947 
782: 669 2363 1441 980 666 1163 1164 1263 679 1554 1479 1072 1685 2034 2174 2177 781 1934 1666 1956 
793: 669 2363 1391 1789 1033 22 980 1784 1575 1872 1263 293 470 1167 873 1077 339 673 886 1229 2393 840 1207 2277 1882 1570 1928 149 260 271 1629 2183 
1411: 669 2363 1018 399 844 1713 1818 1872 85 258 745 1017 1583 165 1016 305 1479 228 1333 2081 964 2374 2122 2082 549 1842 
823: 669 789 2239 542 2189 1792 2371 1877 44 211 196 490 
2353: 669 224 27 226 479 1016 328 732 150 389 2351 100 1655 10 
1340: 669 1625 1790 353 2240 2266 1339 1655 2268 265 
831: 669 985 511 2063 1153 1377 1502 1942 2162 1982 832 1780 67 140 1541 1296 589 667 833 2269 
832: 669 721 2427 1470 985 789 1162 511 2080 487 1153 1377 212 1266 2153 1758 139 1361 209 517 1502 1973 1161 879 1942 2034 1982 1780 730 67 1296 794 667 831 117 589 1946 1210 1604 2269 833 1541 
1559: 669 2363 1917 1163 1140 1979 1670 360 146 25 2197 
1877: 669 85 1479 1058 1685 823 1419 
902: 669 134 2109 22 671 1713 2253 2032 2479 1181 1872 1551 745 828 1967 84 114 673 1032 11 1293 1389 1934 800 1384 1960 630 664 2330 
2433: 669 2363 1159 185 573 982 1356 1784 1786 1181 1012 2432 1664 2435 272 673 1174 1353 737 196 2300 
1654: 669 721 2069 848 925 1579 1216 573 980 293 1740 1743 1332 1580 2444 353 1706 2215 1458 1847 1942 452 456 1939 2091 800 1326 730 2346 651 941 
2352: 669 224 1324 848 925 27 442 771 1219 1243 671 980 1625 1583 479 826 991 1140 2298 328 478 482 529 473 749 1893 2138 929 1345 331 756 100 503 1424 704 2455 948 2222 
945: 669 828 2439 706 1646 
1459: 669 1067 515 873 1266 517 909 1847 1780 2049 1718 
2487: 669 485 2427 1428 1211 877 2239 535 264 1580 2182 1578 1165 476 
964: 669 2363 1470 1018 1615 1635 354 980 745 1017 1454 2350 46 1411 1935 2174 1389 61 2122 1509 
1476: 669 1917 1484 1733 1713 305 673 702 2078 10 643 995 1152 1248 1424 1585 
2008: 669 2363 855 1531 1480 1818 2359 85 1003 2143 160 715 328 82 1485 1657 1586 15 203 480 923 1394 1488 1841 1934 2192 
2019: 669 354 844 1290 903 115 649 526 227 
1526: 669 721 75 224 1216 2301 1378 1625 479 328 1048 1139 705 2138 150 640 929 1725 2369 2371 1730 1808 2104 100 
1019: 669 789 686 138 811 1970 
897: 669 1367 1818 1154 647 1765 2249 1353 449 1904 737 962 1548 1703 2168 403 480 799 
2081: 669 671 1218 1263 1758 228 2371 1411 2091 2224 2227 1074 42 1474 1540 2268 
2082: 669 1374 75 2381 968 745 1218 165 160 2444 1758 1361 1554 1553 1555 1831 2371 1411 2091 1074 1474 1540 1641 2183 
2091: 669 75 563 1246 1800 1757 354 844 1818 1696 85 644 657 666 745 479 1332 1768 2416 371 478 482 2360 873 1968 2055 1681 864 679 1749 190 1361 2083 1984 1667 1554 1553 2079 1657 522 523 1555 1556 1831 2060 2175 1487 2078 1326 30 1217 137 73 480 521 548 574 601 630 763 918 1152 1381 1654 1695 1700 1703 1719 1798 1897 2042 2081 2082 2399 2377 
1611: 669 894 85 337 1228 2298 193 400 774 219 920 979 1395 1980 331 452 840 1251 1896 2193 857 1721 868 1296 586 682 684 815 830 913 
1132: 669 2363 1428 1644 2301 85 1688 1554 339 558 886 1792 1133 
1133: 669 2321 1644 2301 1011 373 483 48 506 2231 2249 2215 558 929 1409 2237 2369 2460 1808 2351 163 778 796 1132 1453 
1151: 669 2363 2069 1018 1615 761 980 1696 680 644 666 745 1329 1677 295 296 720 1881 1664 190 2203 688 2199 1885 1914 962 215 1333 2390 1687 1695 2263 
2456: 669 835 848 1746 689 761 1801 1134 501 702 600 1333 1695 2395 
2184: 669 925 1470 689 573 671 877 1208 1356 1784 1786 694 1181 1602 165 1257 1688 695 2412 909 1220 2037 1333 2332 398 196 1576 2013 2387 
1273: 669 1303 1696 85 1017 1047 2073 1883 1554 1553 2229 1217 2299 
1691: 669 75 497 1845 1884 2427 975 1150 2297 1800 318 1830 354 573 1713 1625 1011 85 1116 1790 174 647 703 1765 1046 1761 1883 1762 840 1261 159 63 1217 480 2198 1689 299 843 1702 1764 2384 
1697: 669 1757 671 844 1157 1158 2208 1597 1818 1164 1698 190 1465 2175 1156 1261 2277 1306 312 1424 2061 2202 971 1702 1719 1700 244 2186 1701 
2056: 669 842 721 1619 224 485 848 1917 975 1216 318 1162 1211 1378 1401 2413 1208 969 1940 1163 1790 1867 174 298 483 2054 328 353 1139 1894 2138 53 114 1370 1409 2000 2369 1161 2429 1939 418 1461 100 1578 16 476 480 552 730 948 1083 1425 1903 2059 2202 2210 
2089: 669 972 1732 1733 1510 1016 1115 1035 1276 2279 81 954 2078 690 2028 2086 2425 
1201: 669 1784 1786 1027 1458 1809 699 1806 
2255: 669 968 1484 1660 2257 1601 
2259: 669 721 2150 497 1216 436 789 1350 1378 2206 1163 1228 819 901 1458 1997 790 886 1370 452 1939 1992 418 484 2309 503 171 1264 1289 476 572 2059 
730: 669 721 224 2381 2125 27 771 789 890 1162 980 329 703 2482 2054 328 353 2231 581 1663 2138 2369 1161 2371 452 1586 168 832 100 1654 2056 1873 1424 
2271: 669 2385 1374 323 824 1579 1615 399 890 1563 1944 1696 85 258 666 165 483 1332 1947 2189 1617 2286 1458 1361 2138 250 673 891 1174 2256 307 452 2108 1333 706 2445 1399 600 971 61 1687 1695 445 1852 1628 552 638 883 992 1028 1113 1565 1621 2050 2280 
1051: 669 644 1510 160 1855 2249 1310 1015 1454 1725 1842 1381 1708 748 125 2280 1839 
1714: 669 1374 318 980 1713 1784 1786 745 1164 1332 69 719 115 649 672 1815 2198 2224 1287 1689 242 1424 2384 376 638 717 854 1451 
1287: 669 2381 2308 318 573 980 1713 1784 1786 1011 1164 1332 1034 719 1062 2198 25 605 1248 1249 1689 1714 2382 2384 
1256: 669 721 485 789 1157 795 969 1011 1012 479 483 723 802 2041 529 1902 1432 2181 202 587 1685 609 2049 1306 2309 2176 2227 355 607 2281 1969 
1112: 1974 2381 1018 972 1356 1872 639 426 1164 1886 1768 2041 1450 2166 665 719 749 2440 2266 2044 6 2037 168 1928 146 904 2227 2407 1781 1118 1028 495 605 1576 1346 2387 
2141: 1974 1878 380 396 789 2109 671 1624 1575 1049 50 293 1677 1886 145 295 296 470 1352 1855 152 529 749 139 1361 1893 955 1482 1788 2229 2233 336 668 1050 1683 2034 1317 1928 2309 64 146 140 260 1122 2390 1589 147 2455 956 1848 2473 1026 733 806 1943 2263 
575: 1974 2363 1913 551 2208 1784 2383 1786 85 644 984 456 54 1548 1540 1960 
2455: 1974 224 225 598 848 968 1246 1615 2160 1746 266 380 396 436 761 789 1244 1378 1401 1777 2046 2159 671 1303 1696 1551 320 1154 657 1386 2063 160 479 483 801 991 1377 2482 2444 1860 1967 2213 199 478 482 845 2406 2424 1080 2189 1357 1681 864 2287 2106 2293 2388 2286 2288 2289 2290 2291 2292 2294 529 139 1554 339 790 1338 1516 1555 1822 1973 336 661 668 1286 1683 2295 992 1578 146 140 943 1469 755 87 147 1315 1770 2478 2352 2141 56 91 221 533 767 866 956 1006 1227 1297 1590 1621 2343 2469 
667: 1974 2414 985 511 1583 187 1153 1377 1048 2110 517 1502 611 832 67 1655 1541 699 1296 1118 958 589 1477 831 833 
1928: 1974 2069 855 2427 396 890 2109 2401 1713 412 1696 337 639 1154 915 1835 1677 1290 295 296 470 802 152 199 289 290 1434 2094 1617 529 1431 2250 1027 139 1893 1214 288 673 891 955 1495 1980 2229 2233 668 1683 1389 146 1112 1000 469 215 2390 793 2309 2141 2384 140 467 1943 260 94 1507 956 1122 1289 2459 
1443: 1974 980 1054 306 297 
1084: 2124 1120 224 27 789 2218 85 657 1510 479 1016 1513 1044 673 1281 2373 100 658 948 1557 1092 2010 1284 1669 
108: 2124 1455 890 1909 2109 2228 980 1270 1017 365 483 1282 333 2424 1048 1357 1681 608 846 955 1032 1495 525 668 678 1317 1885 146 140 147 518 956 2040 
192: 2124 1605 1253 165 139 1202 1847 1890 2361 651 207 
836: 2124 1940 2444 705 2335 1314 
2261: 2124 877 1402 1740 160 1595 
140: 1067 224 225 855 968 1018 1579 671 1696 320 1154 915 1583 160 479 483 478 482 139 2448 1413 1997 668 1683 416 951 439 1780 1928 1578 64 138 146 1896 1026 2141 2455 147 108 831 
2349: 1069 224 225 1940 258 1677 145 170 291 295 296 357 487 703 802 1334 1580 2444 819 2406 864 1617 1458 1413 315 2051 1914 64 215 2390 292 469 164 2346 18 1962 137 281 905 1030 1705 1754 1983 2076 2343 
1849: 1069 1777 1494 353 1432 1942 142 30 1780 1655 651 252 
2423: 1069 771 1696 1677 295 296 1059 1501 289 1664 139 705 993 1482 1529 1618 2117 64 2177 1655 2390 469 2267 882 697 
260: 1069 1619 1470 1644 771 1402 293 1494 295 826 152 2215 1758 139 1809 1894 419 339 493 929 1495 587 756 1815 601 1914 1928 146 793 87 469 2141 1300 467 271 2459 807 2394 
99: 1069 1324 1402 1740 2298 2229 2232 
129: 1069 2252 848 1392 627 890 980 1552 1625 1940 372 2165 1720 2447 1027 749 2211 2440 938 955 1432 1556 1670 2049 2117 147 1983 960 127 382 947 
420: 1069 2363 721 1391 1917 925 1484 396 2454 1818 1029 365 903 1706 1027 1762 1139 419 2440 493 1694 1792 2140 2257 2007 418 2078 1236 973 268 1848 
586: 1069 721 1324 1428 2068 1967 1591 1693 1223 154 871 909 2181 1611 341 
792: 1069 789 2207 354 980 1625 1011 1303 2323 2417 1167 193 1027 1657 645 673 1670 1874 1992 352 1339 1627 1424 1841 1217 1385 1626 235 1991 
1433: 1069 1428 1872 1583 419 2098 
1155: 1069 848 925 1414 492 1578 2154 207 1999 1918 
2296: 1069 925 1949 949 373 139 
1487: 2363 2320 1884 950 237 399 1757 354 573 1625 1017 1790 70 165 1016 1257 1332 371 1881 1046 2217 1883 305 139 1657 1214 228 1015 1021 1495 1196 2091 6 1339 1807 1389 549 4 1424 1728 2374 1333 1695 2265 800 102 433 1152 1180 1249 2313 2484 2431 
2224: 2363 1579 1644 237 746 890 1378 1900 372 373 547 191 1664 1361 1699 2006 1044 2223 74 839 2229 2324 591 713 1191 1920 532 6 2199 2095 2078 1074 338 503 693 717 757 1379 1578 1618 1714 1794 2081 2478 
1983: 2363 380 761 890 1733 1713 1940 1386 479 1334 1664 1554 1432 2465 197 503 129 424 2349 18 137 767 769 
49: 2363 2326 1011 666 1335 1797 1671 1588 
207: 2363 1120 1605 2345 2369 1892 192 1155 767 1999 210 
537: 2363 2320 1733 1909 354 1011 1696 634 2173 1553 84 2229 2230 2199 352 1333 253 526 2114 1700 
599: 2363 75 224 1470 1644 771 258 1163 479 483 2444 1905 1191 100 564 43 1498 2107 
607: 2363 224 27 789 1219 2206 551 949 1012 991 191 328 150 606 167 168 100 398 490 1256 
740: 2363 1664 1895 525 2235 593 1896 641 
926: 2363 1401 1713 680 1012 1583 82 1788 1072 1904 1933 1935 2174 262 2272 1327 1934 1265 958 
942: 2363 2017 1579 1638 980 1551 644 803 934 194 864 1617 2388 1554 1553 1370 1927 2064 204 883 2075 1295 62 437 615 1958 2474 
958: 2363 185 354 1713 745 1017 1016 371 1014 1055 1698 473 1664 1310 1657 131 994 1072 1904 1933 1935 2174 262 2272 1327 521 1934 2445 926 1700 667 218 2458 2025 1265 
974: 2363 2150 2326 848 1600 1232 380 396 1521 1765 2439 1058 2134 2351 2485 25 76 682 2058 977 
1010: 2363 2150 323 1949 1470 1531 1599 2167 1216 1746 183 980 1786 1100 1696 85 1583 170 1967 78 819 1513 2217 1458 139 84 1189 345 1808 196 285 1773 1152 
1072: 2363 85 441 371 1014 1027 1664 1310 994 2272 1904 1933 1934 1935 926 1798 2174 262 782 958 2458 1327 2025 1265 
1176: 2363 721 1392 925 789 923 
1265: 2363 1800 1208 371 1014 1310 1214 994 1072 1904 1933 1935 2174 262 2272 1327 1934 857 926 196 1700 958 2183 2025 
1576: 2363 1208 1011 487 695 1310 2037 2184 1112 1190 
1658: 2363 264 2416 1115 472 2007 1661 898 
1736: 2363 1615 1117 1733 354 1944 745 1164 84 203 1773 480 2260 1671 978 196 887 
1791: 2363 396 1909 671 1625 226 1539 483 2424 665 1664 2083 1479 2110 791 979 307 1306 146 1333 97 1221 2111 961 2367 
1904: 2363 1635 2301 396 412 85 371 1361 1310 1553 1214 994 1788 2003 46 1072 532 800 1389 44 342 1992 2272 153 240 262 605 897 926 958 1149 1265 1327 1700 1933 1935 2458 2174 2025 1934 
1960: 2363 423 1913 980 1713 1944 2479 1303 1696 828 802 984 2298 959 705 1310 640 673 791 360 575 1102 943 2445 902 2405 
1982: 2363 343 985 1784 1786 511 991 1153 1377 2482 2094 2153 2166 1809 209 1822 1938 1942 2199 30 868 1780 2332 699 259 831 832 1903 2269 
2174: 2363 848 1800 436 707 761 1801 354 1208 2127 1872 1940 85 644 745 908 1017 1494 170 441 1016 371 1881 1014 1698 1027 1664 1310 1214 84 131 955 994 1788 202 1072 1904 1933 1935 2445 2272 1934 964 926 196 211 262 782 958 1265 1327 1542 1700 1850 2005 2025 2075 2458 
2198: 2363 318 980 1713 795 1181 85 1164 1691 63 1287 2386 1689 1714 2384 2382 
2309: 2363 2414 1367 1470 27 2401 1510 634 483 802 1967 1720 2310 2440 315 1495 2051 2256 591 1928 1384 1389 1915 1256 1451 1668 2141 2259 
2378: 2363 85 1013 1510 1790 479 2189 1315 
352: 842 2150 323 1579 689 890 1383 1732 1733 354 744 980 1713 1625 2479 1011 1696 644 747 908 1387 70 634 801 1332 1334 2024 353 2360 2471 1491 1681 1883 190 1657 52 115 228 839 891 2229 2230 583 307 449 159 1586 1473 2031 2049 4 1333 1729 87 102 147 179 253 312 785 918 537 424 1700 431 433 1339 1217 792 1897 768 1627 2078 
137: 842 2150 925 2167 2080 258 1218 145 160 802 1257 2444 2406 864 1809 315 1294 1822 2051 1175 2091 868 2112 699 2349 18 1983 1962 2076 2343 1343 2009 233 
206: 842 855 975 551 2080 187 213 604 212 1266 946 2153 209 1822 1973 1942 699 2146 1946 2340 574 205 2057 2270 675 
233: 842 846 2134 2266 1655 1716 1540 137 
476: 842 848 436 761 1211 1378 1401 1801 328 656 1409 1939 418 2487 2117 2056 2259 1007 654 1534 1038 1070 
2342: 842 877 2482 1758 891 1209 204 907 1785 936 
1834: 842 535 165 2403 2406 749 1214 84 846 1015 2229 2429 2445 857 1460 205 1233 1240 1292 2158 
2269: 842 1789 2206 511 357 700 703 1377 1765 2482 1266 2153 1022 1847 1942 1982 832 1780 67 651 2101 1366 1833 831 1604 
1249: 1481 2150 323 2011 2017 1600 399 890 1401 1733 1830 1909 354 982 1944 795 1872 657 1164 256 701 1332 2054 152 1823 2073 2066 1223 2439 466 305 387 1554 1657 115 339 673 994 1555 2000 2071 142 203 1475 1586 1287 2235 1965 1807 1389 1921 663 1424 2374 480 1333 2061 1487 829 1217 433 643 1764 104 125 158 944 947 1226 1248 2251 
856: 1481 1878 2167 2212 237 547 353 2233 2176 1023 
422: 721 343 1878 1579 2167 761 1401 980 2253 1011 2062 888 1485 640 1126 1409 2333 796 1127 10 1970 
35: 721 573 1510 479 482 503 92 
58: 721 848 2427 652 2024 1166 1424 2049 923 2010 2210 
101: 721 1120 2150 224 848 1216 2308 27 1786 226 85 328 749 466 139 2440 234 282 1939 416 100 37 811 437 1627 1631 
215: 721 1428 1470 671 826 69 1491 2276 139 1894 2203 1938 2350 1815 1837 967 112 1473 484 601 1928 502 1389 87 2349 19 164 1930 276 405 2200 415 2075 338 2459 1066 690 2191 1876 2394 2093 1151 1922 1292 
577: 721 1542 
587: 721 485 442 85 1743 483 2041 191 131 1640 2016 88 260 796 1256 2405 
624: 721 968 1531 258 329 1332 1452 305 2374 772 2268 
1296: 721 985 399 771 573 511 1153 1377 1758 139 1361 1502 1611 2162 832 67 1541 589 667 726 831 833 2340 
1837: 721 85 293 1677 295 296 1501 289 1657 469 215 2390 
1348: 721 224 323 848 1131 1211 320 434 1466 2393 840 2241 1424 1695 1400 811 398 
850: 721 546 1579 1818 1696 1790 315 1915 480 961 
851: 721 2308 877 752 1366 
898: 721 377 2416 353 1070 1447 1658 
967: 721 1303 1677 295 296 1214 228 839 452 532 1065 215 513 1292 2459 
1489: 721 848 1696 487 2024 2471 1048 2084 2031 904 2445 526 895 253 641 
1500: 721 968 2163 165 934 1334 1758 1139 139 876 1890 2113 2472 1813 1234 883 1070 2474 
1543: 721 323 771 
1578: 721 2150 925 1600 1216 237 380 436 789 1378 1401 1733 1909 2046 2218 877 1713 644 1163 1583 1835 635 802 1140 1414 199 2424 1357 1950 1758 2029 139 278 523 673 891 1555 713 416 2224 992 1234 2487 2056 1631 2154 2455 140 763 2043 1534 218 585 1155 1165 1396 1832 2305 
1075: 721 1917 927 1470 968 689 1011 2239 1016 2444 1048 542 501 2350 2021 488 600 1424 
1623: 721 2440 1125 1126 1127 1128 1690 616 2214 2470 
1643: 721 1696 1263 50 991 770 1809 1110 699 706 1797 981 1723 
2117: 721 2017 1216 2297 2301 1677 479 400 1027 1139 1778 1836 702 2021 503 1424 857 1070 2423 129 476 1587 
1659: 721 1470 573 353 1660 
2176: 721 2150 485 789 1350 2207 877 1818 969 1011 1637 1940 427 1386 483 635 349 1720 632 1950 1758 139 131 278 955 1495 1261 159 167 2049 1306 1915 1687 312 856 1165 1256 1668 2013 
2191: 721 1884 1579 399 744 1696 2323 1163 165 1677 295 296 1332 1501 69 289 290 1014 1115 1883 1762 847 1058 1882 215 1333 2390 469 169 854 2459 2473 
1711: 721 2106 1937 
756: 721 2150 1324 1644 237 1401 969 85 264 372 373 191 493 929 2393 2352 960 1111 763 1939 260 1918 
2146: 2252 985 187 213 604 1153 212 2153 209 673 1502 1822 889 699 18 205 206 574 675 1604 1946 2340 2270 
424: 2252 423 27 1909 2046 354 980 1625 1387 1790 483 2408 1554 1553 2223 23 2229 2266 1920 352 1339 464 1217 2478 518 1983 26 1200 
195: 2252 744 1527 971 
464: 2252 485 968 1644 442 890 1732 1733 1909 2109 368 427 1387 372 373 483 2444 191 864 1139 1894 1554 1553 891 929 2328 2462 1923 1639 1042 424 518 1613 1398 
519: 2252 848 1270 1552 795 644 1583 483 1048 1893 1556 2185 2229 1670 2372 92 
1355: 2252 1375 671 483 673 2229 2199 188 1662 1538 
1896: 1742 1404 237 396 1777 320 1330 749 1458 501 1044 5 520 522 1032 1076 1555 2175 2229 525 1611 439 2235 140 593 699 518 572 740 1289 
1061: 1742 1909 479 25 1903 
168: 1742 75 224 597 1392 894 2427 968 2017 1246 1579 1644 2160 2167 1150 1746 1800 27 527 771 789 890 1401 2228 185 377 980 1625 1011 2359 320 828 915 1029 160 372 373 479 483 635 991 1101 1153 1377 2444 191 333 434 478 482 845 1080 2189 2153 2287 2166 2106 2293 1223 687 2286 2288 2289 2290 2291 2292 2294 1706 749 139 190 1894 1554 1553 1044 1214 115 150 520 523 673 1032 1495 1556 1895 2229 2328 81 2373 954 1050 1102 167 2078 1112 1317 2077 25 2478 1110 804 2405 1911 957 1507 503 516 521 1073 585 607 1781 1192 180 2251 1234 730 1275 780 
869: 1742 1043 2228 2479 1872 1012 1860 82 1741 208 1739 1376 
1089: 1742 224 225 485 546 563 597 1392 2427 1470 968 975 2017 2065 1579 1800 266 789 2218 1738 1387 1583 160 170 483 487 1377 333 432 2412 1027 705 1741 1893 1549 1694 2369 879 1942 2373 452 416 1065 1780 2273 2334 2010 489 516 742 780 2164 1820 
1942: 1742 485 563 597 855 1392 2427 925 1470 968 975 985 2017 2065 1579 1605 1216 1800 266 771 1738 511 2080 1583 2063 160 170 483 487 991 1153 1377 2482 48 353 1741 209 1502 1822 1847 1780 1849 1982 206 513 794 831 832 874 889 1089 1366 1541 1604 1654 2348 2269 
1914: 1619 2381 2427 1428 1470 237 980 1713 1696 1263 2085 1724 295 1334 333 1048 2215 1758 1664 1894 2203 419 649 673 2350 1815 1923 2272 112 1473 1389 706 2155 469 2349 19 87 260 276 552 1007 1151 1498 1876 2200 2459 1934 2093 2473 2171 
716: 1619 1733 354 70 333 1223 82 1555 2266 25 480 297 1534 
471: 1619 237 273 
874: 1619 2326 848 877 828 353 1942 1780 
1447: 1619 644 295 2029 1847 1292 898 
221: 2069 1860 1980 1885 1934 1548 2455 
992: 2069 1932 1428 237 380 1784 1786 795 1011 1940 1013 720 191 199 333 2424 1357 955 1009 1555 796 2271 1885 2455 2248 956 1578 
1053: 2069 980 720 1885 
1419: 2069 2326 1117 655 1638 1733 980 1303 1696 1510 1867 373 2231 2471 2094 2215 1664 1479 1044 979 1486 2229 81 2429 841 1877 2105 868 1873 857 2050 80 682 
1445: 2069 396 1602 2022 2394 
2438: 2069 1696 470 339 1166 439 
2086: 2069 365 1720 1055 749 419 197 1885 2089 
342: 2385 1011 1017 190 2096 461 1904 6 2095 521 252 1145 1086 630 2137 2362 2088 
661: 2385 1940 85 191 749 532 2455 1827 
1297: 2385 1011 1017 2455 
1626: 2385 2017 1018 354 1713 1017 1029 1790 353 2240 1172 1883 190 1997 1657 1345 1409 1555 1927 2266 2078 521 792 2268 
1517: 1374 64 1655 1245 
467: 1374 1324 1470 380 789 1753 1675 293 1886 470 826 152 139 2211 1495 65 1683 1815 1882 1928 146 1389 260 469 1315 1070 1295 1300 271 
2232: 1374 982 1157 165 2444 1458 640 1087 1462 528 829 99 125 259 1289 
1028: 1374 2381 980 1696 329 1580 1115 190 114 2271 1112 712 
1954: 1374 1746 573 980 1713 1696 1101 434 845 1080 1046 2189 2287 2106 2293 1761 2286 2288 2289 2290 2291 2292 1883 2294 1762 1657 115 962 2061 390 1779 
552: 1374 824 1018 1579 443 671 980 1552 1713 2127 1944 1303 1696 1945 2323 118 1017 1510 170 1016 1332 1334 1446 2024 152 2471 1431 1758 1194 493 1015 678 2271 1914 2056 1807 1915 1333 2445 1195 1429 1876 
161: 1374 980 581 1207 2180 1970 
247: 1374 1883 1458 249 1530 292 821 947 2139 248 
1729: 1120 1884 165 1332 1450 2286 2439 749 190 84 1473 2331 352 4 1424 1333 1695 24 433 1326 1565 1587 
589: 1120 2381 985 511 70 1153 1377 1502 2229 832 67 1541 1296 91 1272 667 831 833 
2445: 2150 2011 1018 2125 399 1162 1270 1696 639 1154 745 1017 165 539 703 1016 1547 371 819 2471 1115 2439 1044 404 1015 1058 2144 1239 2174 2271 6 1473 2031 25 1934 87 2374 1333 2227 253 433 552 895 958 1489 1534 1834 1958 1960 2274 
60: 2150 224 2320 925 1605 2167 789 1732 1733 1303 1945 85 657 1835 1867 991 1768 1851 48 1809 150 1822 100 452 699 2461 533 1705 868 1903 2428 
205: 2150 1253 1867 187 213 604 1860 212 1266 2153 1809 209 1822 2429 699 2146 1834 206 287 574 1946 1652 2340 
283: 2150 848 1909 85 1513 1749 240 2425 
402: 2150 635 2215 493 640 1058 418 1806 1420 1460 1267 421 490 1632 1756 2365 870 2148 
418: 2150 925 27 28 266 1219 1378 1909 1784 1786 1940 1602 535 1387 1228 1740 1743 487 2054 191 353 1902 419 228 294 404 493 656 916 2172 2307 1979 528 713 1730 1939 2074 2056 1461 200 229 241 402 2059 420 421 941 1631 2121 1613 2070 2259 1264 476 1756 1632 2148 1267 2164 1755 913 
421: 2150 925 761 789 1378 2228 1602 1228 635 1554 294 348 640 853 1281 2074 418 1424 1728 2070 1587 572 1632 402 1373 913 
973: 2150 237 980 1790 2143 802 1223 1495 2257 420 1946 1037 
1239: 2150 1350 85 456 2445 2034 1548 830 1817 
1255: 2150 1835 2110 2180 1073 
1267: 2150 925 635 228 294 493 418 762 2070 402 941 
1295: 2150 1532 2383 1602 50 365 1494 703 901 1048 719 1458 705 1809 339 1071 1449 1062 2485 2177 1199 1972 467 505 2013 1922 942 451 216 2183 2030 507 1351 
1359: 2150 789 404 640 1058 81 1373 1756 
1396: 2150 1324 890 1732 1733 1510 1497 2078 1578 
1435: 2150 1117 701 1094 1580 1765 1413 154 
1496: 2150 1018 2145 
1519: 2150 1270 1458 
1542: 2150 925 1470 877 1940 2417 1347 2174 1655 617 577 
1587: 2150 354 980 1303 1696 2323 329 745 747 547 1332 2471 2449 190 1554 1553 1657 645 839 2044 1882 1339 2117 962 1424 1333 1695 1729 242 1397 1560 1385 2335 155 235 421 610 2316 1756 
1911: 2150 323 1917 925 1470 1493 2017 746 789 1211 1733 877 1713 1011 1940 1602 1583 434 1027 673 1009 2199 1586 168 469 585 
1931: 2150 1334 1553 228 523 1555 2078 521 
2059: 2150 1579 761 1378 1401 1733 2159 1624 644 1228 2482 1370 1939 418 2021 2056 2259 1389 1613 1099 2058 
2343: 2150 968 789 802 1458 397 1220 2455 2349 1833 137 1245 
2425: 2150 546 1644 396 1909 280 1724 2166 2310 430 2426 283 1110 252 706 843 1744 2089 513 978 1394 88 240 1307 
2202: 2150 2381 2302 1138 844 1157 1158 1597 1818 1944 1303 1696 1940 701 703 2054 2298 2471 1698 1008 1657 979 1071 1651 1826 1156 2056 146 1389 1703 654 1026 1118 276 406 244 799 1036 1037 1371 1573 1697 1700 1701 1719 1924 2158 
2463: 2150 2301 1728 2335 1755 
2485: 1391 848 789 1940 320 991 1792 2034 416 974 1797 1295 398 1817 
2182: 2414 274 1324 237 789 2068 877 1944 969 1303 1696 1945 70 293 1580 1393 139 1465 2181 452 2487 1671 1723 1300 2126 
1078: 2414 1579 2302 1625 2323 1393 82 749 988 348 645 2135 449 841 1191 1306 978 276 1170 2072 1827 2299 
2012: 2414 1600 789 85 191 139 1524 1788 706 1915 111 398 837 
895: 2414 824 980 1696 1681 739 1395 1389 2445 1489 
2067: 2414 876 1479 1656 346 2467 
2251: 2414 968 237 1757 2109 980 1625 2359 745 802 1094 1352 400 305 705 1495 324 168 1885 2049 1389 2374 2090 433 1249 1118 1631 
868: 1912 855 975 396 877 1784 1786 2482 353 1034 1758 1809 60 1611 1780 137 1982 564 141 269 1068 1343 1366 2047 2042 1419 
928: 1592 539 
88: 1159 337 280 1402 2483 1357 749 282 375 430 662 587 1939 1173 931 2045 1565 2026 2425 978 1186 240 1518 
2260: 75 1043 1150 2302 1713 747 165 115 2332 4 1333 2247 242 1736 2431 
2313: 75 1746 845 1080 2189 2287 2106 2293 2286 2288 2289 2290 2291 2292 2294 1997 167 1487 
808: 75 274 423 485 597 598 855 1878 1455 975 985 1150 1763 2308 435 1602 657 2022 2063 487 1768 1331 1749 492 1808 15 1088 
1323: 75 1878 1884 950 1150 689 354 1356 747 165 256 903 1332 1823 1450 2055 1046 1761 1883 1361 84 2364 962 1333 1695 1326 1671 455 227 572 1366 
1943: 75 1150 2228 1157 1908 1928 100 87 164 2141 
1128: 75 485 598 1150 1763 789 435 85 2063 298 487 1768 2482 1331 492 1124 1125 1126 1127 13 30 1586 513 628 1690 1989 1623 
1687: 75 835 1615 573 1696 258 745 2024 2471 1681 2071 2393 840 2241 2271 2277 2176 61 1333 1852 971 445 612 1151 1505 1695 1751 2280 2050 
1764: 75 848 1884 1932 318 1830 1625 747 1218 165 578 1332 2055 1046 562 1761 1883 1762 1691 142 197 63 2078 1236 1333 829 1249 2399 390 1248 
2283: 75 1392 1150 1763 480 171 
439: 75 224 323 2381 1917 2301 890 354 412 1303 1696 320 639 1154 426 644 915 1765 1331 139 1361 1997 645 979 1694 2324 678 1065 1896 146 1074 1512 2407 2227 171 1589 962 140 2438 2459 572 1848 1473 717 1873 2473 1007 1534 
1684: 96 1746 890 2479 1696 1167 1547 246 1046 1681 1883 640 591 1499 157 169 
285: 134 848 1884 1150 2308 761 1801 1563 1872 1017 1855 1172 2249 1741 1310 1076 1010 1842 2199 1381 748 2405 125 2280 837 
549: 134 1884 1917 1470 2011 1746 689 1800 1521 354 980 1157 644 747 1029 1867 165 256 903 1332 1823 1046 679 1761 2249 1361 1454 1895 2393 840 1156 1411 1842 2241 2277 1586 1381 2049 800 1333 1487 600 171 906 2050 398 748 1425 1702 1708 1442 567 944 
1381: 134 224 835 968 2011 1579 1900 573 980 1784 1786 1049 2323 644 1017 165 802 1332 1048 2189 2249 1015 1495 1725 397 1196 1842 2091 1333 2405 1627 285 748 1051 549 1702 1708 
532: 224 2320 1605 412 1872 1866 174 2 770 2225 1758 839 1415 1771 1981 307 661 1102 1812 1874 1904 6 2199 2074 1065 2095 2224 951 1593 1475 967 2243 1992 1759 1379 2272 1787 
2346: 224 925 789 1940 145 1016 2444 568 2138 2051 1177 1341 1654 1915 1655 211 1674 94 2349 1770 783 1030 1766 2028 
2361: 224 225 858 1428 2453 1949 1148 2011 1246 696 689 982 1253 1696 85 1290 2444 348 1202 1890 1315 954 192 369 1873 
2396: 224 323 848 1470 1644 27 1211 1732 1733 1713 329 426 1163 801 1016 1167 328 1681 529 1554 1479 150 2237 383 100 503 
1564: 224 1117 980 
840: 224 2381 1033 1777 1900 1738 85 320 644 1804 293 483 802 819 1077 1229 81 2393 1118 793 1631 2277 55 93 549 748 811 954 1687 1691 1839 1842 1210 1348 2241 1611 1871 2280 1794 
1418: 224 85 1118 2254 330 
398: 224 225 1367 1878 1417 2453 1949 1455 2017 626 109 226 694 1551 1330 1804 160 487 594 635 803 991 2482 1862 2406 1034 2448 1035 1649 1938 2430 591 2012 2184 1722 2485 1203 549 859 496 607 316 1348 1810 939 2157 2023 
921: 224 27 237 85 328 1706 150 100 
1031: 224 848 2381 1428 1470 639 328 1458 1893 1915 1289 
554: 224 980 1657 673 2334 
561: 224 848 1016 328 
1095: 224 1216 27 1713 1332 2444 78 306 525 951 1885 1203 2486 
1648: 224 1324 1428 1696 1724 991 1334 1894 19 617 1561 
2183: 224 1624 969 1967 506 2249 1458 139 793 1934 2082 1295 1265 1289 2459 
1170: 224 1428 337 1740 1591 466 1078 2306 
688: 224 1232 237 2208 85 1602 372 199 2094 2215 150 2140 1868 722 796 1151 2394 
2399: 225 354 1818 1872 1883 305 84 115 673 2060 1923 2091 2049 1333 1897 1764 196 646 918 1565 
1773: 225 1913 573 980 1784 2253 1010 1301 1298 800 1811 2374 1736 1750 735 268 1868 
1317: 274 343 423 485 563 597 598 1878 2427 1428 968 2017 2065 626 2167 1800 789 671 1713 1049 2323 320 1154 657 1886 160 479 483 547 1377 1768 2444 478 482 864 1660 139 1553 847 955 1032 1076 1482 1495 668 1050 167 168 10 146 108 138 147 488 518 807 2141 2478 
1448: 274 30 1903 
998: 274 423 563 597 598 858 1878 894 2427 2017 626 2167 1800 1209 
1703: 303 546 1829 1148 2011 2065 1599 1635 2167 696 1789 2308 573 844 980 1157 1158 1597 2383 1818 2239 258 644 165 174 483 547 647 1765 2444 1497 1698 2217 2249 1310 649 397 449 1156 2091 2021 2049 1548 1333 643 403 480 126 244 799 897 1700 1701 1719 2202 1924 
2116: 321 563 968 1484 655 2401 85 258 160 2444 78 1950 719 2448 1479 1486 1792 1333 16 912 1400 1451 1986 
18: 323 925 139 1809 1822 2051 100 2112 699 2146 2349 1962 137 1983 
105: 323 1733 573 1163 1115 1792 2369 1639 1734 217 682 1385 
810: 323 835 1454 1628 1474 
1841: 323 1470 442 890 1733 22 354 980 1011 2323 165 1332 2278 82 305 1361 1554 1657 1214 640 673 891 1009 2229 2350 1670 452 2008 146 1614 1333 1118 1326 299 664 792 857 1269 1903 
1852: 323 835 1615 1746 1900 980 1480 1696 2239 747 845 1080 2189 2287 2106 2293 2286 2288 2289 2290 2291 2292 2294 2271 61 1934 971 1687 1695 445 2280 2050 
1474: 323 1733 1790 1332 2471 1554 1553 2079 1657 2377 1424 810 1628 2081 1217 1585 643 2082 
2057: 323 968 2017 2167 789 213 873 1266 1847 1175 2042 206 1604 
600: 323 343 423 597 835 2381 1917 927 1470 968 2017 1550 1579 689 1800 266 527 22 877 1011 2239 1804 1908 1673 1851 2444 220 542 2189 1115 665 190 1310 501 1657 686 1395 1454 2279 2350 1715 1188 1207 2271 1992 146 488 549 44 2407 1118 2061 1309 2209 2456 1063 1075 2107 1653 
1628: 323 835 1615 747 903 1332 2271 61 810 1474 
1639: 323 1216 2301 256 479 903 482 1823 1479 501 1792 2369 30 105 464 682 2075 1734 
1149: 323 1043 1060 1117 357 1094 1851 1139 1904 455 
2042: 323 1470 2017 1216 771 789 573 1809 1822 1847 2091 868 1118 699 346 2057 
2429: 343 848 858 1531 1532 1579 1216 1231 2297 27 789 1738 2253 1872 85 320 644 1387 1835 160 483 547 715 2054 328 1034 1953 2412 82 90 1212 1370 1822 2481 2044 2056 857 205 503 534 734 1419 1834 1838 2384 
2389: 343 436 803 1204 
1127: 343 1878 2427 925 2167 789 2253 85 298 2062 888 749 662 1124 1125 1126 422 1128 1690 1989 513 1623 
2050: 343 2017 1615 2167 1005 2401 644 1458 1556 1499 2271 1586 61 549 1852 1687 1695 1419 971 2280 445 
2373: 364 1484 2301 266 442 761 890 1378 877 85 1867 1825 542 529 1893 339 1281 306 168 1461 1084 2049 59 585 1089 1092 1284 1403 1613 2474 
198: 364 925 1018 639 199 1809 550 1015 1937 410 259 
1461: 423 563 597 598 2320 1392 2427 2017 1531 1532 2065 2167 2221 1800 27 266 890 1005 1211 511 747 1029 1116 160 547 1377 2054 78 2483 1706 139 154 2373 418 2056 904 941 1092 1284 1425 
1630: 423 848 442 789 972 1081 1244 1271 1401 1777 1801 1993 1552 1554 1137 1191 1853 849 1958 42 
197: 485 380 396 436 746 789 1401 1777 85 1768 749 1905 1983 1764 2086 382 2076 
1842: 485 950 968 1150 980 1713 85 639 329 644 747 908 165 160 483 701 802 860 903 1332 1855 2444 1497 2249 1310 1997 1657 994 1725 2175 840 1411 1333 1424 1961 2227 2280 125 196 285 549 748 1051 1381 1425 1534 1565 1708 1839 2234 2405 
1565: 485 1884 968 1598 980 747 1976 165 256 483 802 860 903 1332 2444 2054 1823 1693 2249 2278 1883 1361 2462 1842 2271 1921 962 1424 2374 1333 1729 1326 2399 2419 88 
923: 485 1644 237 185 1270 2253 2032 1054 1551 1116 160 578 1414 199 1139 509 113 250 430 520 603 1495 2237 1710 1537 1712 2008 2103 58 100 1972 1384 1702 309 1423 1176 
1088: 485 1150 1763 2308 435 2080 1602 657 2022 487 1153 1768 1331 492 1847 808 2473 
1668: 485 789 671 1011 483 1261 1685 159 167 2309 2176 1793 1429 1092 1210 
668: 485 968 789 1378 671 795 85 320 1154 1510 160 483 826 2444 1967 333 2424 1357 864 529 1741 2203 1893 53 867 1338 331 336 416 146 1317 1286 469 1754 2141 108 138 140 147 2455 1469 702 1006 2027 1642 678 1928 
1710: 485 237 1270 2032 1054 85 372 1414 48 581 1139 250 603 1495 2237 100 2103 182 923 1712 
2199: 497 858 1428 968 1531 1605 399 761 890 1219 1733 1303 1696 1940 1218 372 802 1501 1765 2213 152 289 2471 1950 1761 1706 457 5 53 228 813 839 891 1179 1325 1465 1495 1981 2134 452 1188 2254 532 2322 61 111 146 188 216 265 276 285 316 433 537 612 617 630 849 865 1002 1026 1151 1210 1242 1355 1362 1473 1607 1646 1647 1686 1716 1759 1911 1982 2074 2224 2374 
138: 546 2381 1303 1154 1263 2024 2298 349 139 1997 53 673 1895 2115 668 678 1473 1317 64 146 87 147 807 178 1589 717 2263 733 1019 140 
157: 546 1455 968 1441 1789 1800 1551 828 547 801 1361 673 786 1684 566 
425: 546 1694 
807: 546 2046 671 320 337 1154 483 802 1431 139 1894 452 1317 138 146 260 147 1544 
2031: 546 824 848 1392 2427 696 980 1625 1303 1696 2424 1681 1166 167 352 1384 1389 2445 965 548 1489 
1210: 546 968 399 213 1458 139 1984 150 209 1847 840 2199 832 1780 1668 1416 574 1604 
763: 598 266 861 1909 877 644 70 191 1027 493 713 756 1683 2091 1578 1110 91 1571 1092 1609 1284 
6: 2320 848 2381 858 1428 1018 1043 1579 1635 2308 1900 2323 1017 1263 1976 1497 1172 2310 305 1554 115 686 937 1670 452 1874 2103 532 1487 146 2445 1811 1147 2078 44 1065 1074 2095 2224 342 1992 1112 1379 2272 1512 2407 1399 252 1026 2306 267 
1065: 2320 237 1872 770 839 532 6 439 967 1089 
350: 2320 1276 388 1499 
1026: 2320 1909 671 1940 915 1017 1677 295 296 470 2203 65 775 1874 6 2199 146 140 1589 2202 641 2141 56 
1799: 2320 1527 720 404 2420 2480 1074 
2480: 2320 1579 1615 1944 1332 2249 1657 2279 452 1333 1515 406 1799 
1104: 2321 1909 2386 2331 
1588: 2321 2454 1507 49 
2034: 2326 848 655 1350 980 1625 109 1696 1940 85 1049 1583 264 1724 187 547 2054 770 2231 1681 1953 1761 2249 1458 1657 23 154 649 673 686 186 2113 11 1239 1118 302 25 87 164 276 376 617 742 782 832 931 1108 1221 1234 1695 1781 1817 1868 2485 2141 2093 2367 2049 
1041: 805 22 1713 647 860 903 1414 1547 1027 190 579 2448 1894 1667 702 1933 
611: 805 85 798 667 127 1986 
1499: 805 1884 1417 1579 573 844 1624 85 657 1790 1804 1976 1768 2055 1361 72 1353 2169 1315 2452 2050 1444 286 350 376 692 1684 1996 1509 
2186: 1829 1246 1531 1064 2212 2301 1401 174 1450 1698 1758 2138 550 930 1702 1700 548 2392 1697 1372 1969 
1671: 1324 2401 2253 1818 2298 1077 558 1380 2084 2113 369 1934 480 1736 2182 1323 717 1824 17 49 171 957 2267 2030 
2331: 1324 1884 2017 318 980 982 1208 1784 1786 2479 2239 828 1494 2434 2298 673 994 1015 1813 1729 2238 2384 87 638 1104 1869 
638: 1324 1417 1470 1615 696 1231 1800 258 351 644 2015 256 333 732 2249 1888 2271 1714 2331 503 1869 1007 965 
772: 1324 848 761 1401 1801 1011 258 1681 1333 2484 1702 624 1848 
785: 1324 1872 329 801 1167 1431 1344 228 2229 2230 352 1429 1398 
1869: 1324 1732 1733 1784 1825 1101 2434 2393 1813 2331 171 638 2357 
181: 824 1043 2221 441 72 2115 
1102: 824 858 1600 237 380 396 890 1401 1909 980 795 1011 85 644 1804 1101 1851 2444 333 1865 2094 2250 473 1758 1894 1997 1044 2138 1009 1430 2115 532 416 146 1147 1512 1586 1110 167 168 1857 1057 2484 605 804 1678 1960 1121 1571 
484: 824 2427 1455 2167 396 399 980 1944 1303 1696 258 747 828 1003 165 1677 295 296 547 903 289 1693 1761 242 469 215 2390 2238 2259 766 
1220: 1845 85 1551 1331 1749 582 16 962 2037 2184 2343 
196: 1845 1367 1455 1043 689 707 980 1356 486 718 313 2166 839 1010 1842 1933 2174 2433 2037 2184 1736 748 2399 1750 823 1265 
433: 1845 848 855 1884 1484 975 2011 1018 1598 1746 399 1757 1830 354 980 1157 1625 795 1011 1696 320 118 258 329 747 1017 2022 165 578 801 802 903 1016 1332 1334 328 371 2073 2471 1046 1048 1681 1172 1223 1761 1883 2439 1762 305 1749 1545 1657 1717 84 2000 307 1050 142 2199 1586 2049 352 1965 1339 1275 564 312 1424 2374 1333 571 1729 1487 829 2445 455 171 1798 641 2251 1249 2419 
977: 1845 1455 1532 1605 2125 2212 1270 441 547 1953 1694 1882 974 
1468: 1845 969 85 191 1044 614 1009 2049 1937 
2013: 1845 980 745 483 1485 1044 273 1071 2229 841 2184 2176 1295 
2101: 1845 1455 2147 789 2206 2207 940 487 2225 2388 2328 505 706 2269 334 367 201 405 489 616 
33: 835 848 1378 1909 2256 1680 
61: 835 1917 1470 1615 2160 980 2323 1332 1172 1361 673 1454 2350 2271 2199 800 1333 1326 971 964 1687 1695 445 1852 962 1628 2280 2050 
73: 835 1470 968 1484 1480 680 1012 487 802 460 1172 305 2350 2091 2122 1424 2374 800 1333 403 1903 1309 
341: 835 237 551 486 2451 871 1298 1972 586 
571: 835 1367 1356 795 747 1017 903 1016 845 1223 2175 962 433 2405 
724: 835 2017 1303 1289 
1040: 835 170 2428 
1309: 835 1470 968 680 296 483 802 2350 600 2122 73 1118 
2390: 835 1470 1713 2276 1894 1495 1938 1837 112 1473 484 601 1928 87 2349 19 164 276 415 1066 1151 1315 1922 1930 2075 2093 2141 2191 2200 2423 2459 
1509: 835 573 844 657 1976 1768 2055 72 1454 1499 2452 2169 376 964 1217 2334 1444 
2122: 835 1917 1470 968 980 969 1011 680 1510 1908 2424 2249 190 608 673 1454 1606 2350 1411 964 73 1309 
2169: 835 1216 573 844 980 644 657 1790 1976 1332 1768 2055 1883 72 1499 2452 1333 10 146 1147 376 1444 1509 
1222: 835 185 
1074: 848 2065 1117 1777 1993 2206 1539 1554 1137 2113 452 6 2224 439 2081 1507 2082 1926 42 837 1616 1799 
24: 848 927 761 551 539 1591 1729 
57: 848 925 975 1228 1140 1014 1728 631 1906 
79: 848 1493 1154 160 520 2369 502 593 1589 2436 
80: 848 1043 1757 1016 1139 1419 
83: 848 890 969 295 466 891 2049 1798 
91: 848 2065 436 527 890 2207 2228 795 2359 1017 1386 373 1016 434 2249 1027 1214 1415 1430 1927 1161 678 1933 531 1333 628 2455 878 1398 589 763 752 1092 837 2405 
127: 848 2147 551 1625 949 915 938 186 611 1093 1057 1221 129 
143: 848 
231: 848 1777 2159 1118 1632 
241: 848 789 1211 1244 1401 1638 1270 1049 1101 665 1479 257 550 1276 2115 418 503 1966 
326: 848 436 761 1801 50 
394: 848 436 761 1801 2279 462 2265 1721 55 2107 1099 
410: 848 2017 551 1012 535 82 198 
437: 848 396 761 1638 1011 934 2432 749 2134 101 252 363 706 942 2474 827 
440: 848 968 436 789 890 1899 22 1386 1387 1851 434 1027 645 891 1430 564 628 837 
448: 848 27 1801 1115 948 
461: 848 396 85 1510 991 749 1022 1380 342 564 1898 818 1365 887 2047 
495: 848 1600 237 627 761 789 890 1401 1801 1993 980 795 483 991 1752 749 1997 1657 929 1778 1166 1923 1389 1204 25 1007 1110 1384 363 1112 1948 1952 2281 
606: 848 436 789 1211 1801 2206 1940 85 1724 607 54 
741: 848 1043 789 2206 1940 118 1386 2002 503 
753: 848 1216 237 529 1893 503 
786: 848 761 789 2206 2479 85 1547 749 157 664 
820: 848 1513 2029 2328 363 1289 
827: 848 1018 1600 1644 396 1638 1801 373 934 191 2134 2113 363 437 
829: 848 2011 399 436 789 1401 1733 1757 1830 354 1696 2323 644 2015 701 1016 152 2073 1048 1883 1762 305 1554 1553 1657 115 522 523 1032 1555 1556 2000 2071 2229 2104 2254 951 2235 1965 2078 1807 521 312 1424 2374 2061 643 1217 1315 1764 1444 433 94 104 125 158 355 641 1437 2205 944 956 2232 966 1248 1249 
841: 848 1043 1644 890 1011 85 372 373 191 1997 1096 2229 2369 2021 778 1419 1078 1873 2013 
843: 848 925 237 2206 1713 1944 1054 1940 1016 1582 1967 1761 466 1691 1477 2425 1036 
1328: 848 436 761 1801 10 
849: 848 436 761 789 1211 1243 1401 1777 1801 1899 535 1076 2199 1548 1398 1613 261 1630 155 1827 
2074: 848 925 2302 761 1401 1801 1014 1752 1554 1553 234 1725 532 2199 1110 418 2281 1906 2171 1853 421 1850 
1398: 848 436 527 746 761 963 1081 1243 1244 1401 1422 2109 980 1552 368 915 1330 1724 1743 514 1860 82 876 2110 1137 872 1325 1555 2044 1166 1286 2180 1042 464 857 518 1221 693 91 538 785 809 849 1073 1354 2365 2263 
1113: 848 258 2271 
1645: 848 399 
893: 848 1138 1801 1017 1137 2420 1916 2380 
1959: 848 761 1401 1554 1553 1110 883 
956: 848 1011 1303 1696 1551 745 1218 174 2398 774 673 955 1338 992 1885 1928 1122 829 108 2455 2141 
1478: 848 789 1271 1401 2206 200 
1538: 848 2160 436 746 761 789 1081 1777 1801 2159 2206 980 2479 2323 535 434 1434 568 1431 1758 1274 1430 1792 1895 1937 1355 
1070: 848 527 1270 479 719 1554 1553 522 523 1555 1556 1905 2078 2117 521 467 1500 31 308 476 898 2157 
1596: 848 1054 297 1692 
1616: 848 2160 789 1081 1350 1993 2159 1713 1554 1553 1430 1730 1074 584 
1629: 848 1018 27 789 1401 2369 100 793 699 259 941 2263 
1610: 848 436 761 1801 1115 335 
1647: 848 529 2199 
1702: 848 1884 1746 689 1243 573 844 980 1157 1158 1625 2479 1011 1696 2323 745 747 1790 165 256 903 1332 1823 1881 1046 1698 1761 2249 2278 1361 2138 620 673 994 1725 1156 1691 1381 1306 549 1333 772 748 923 1697 1700 1701 1719 2186 
1937: 848 2011 1043 2308 380 396 761 789 1638 2046 2206 2207 1017 1494 2298 1331 1393 1426 839 1468 63 1631 198 904 1538 1711 2005 
1739: 848 635 803 1458 1939 869 
2048: 848 380 396 746 1401 1909 1172 749 1234 2049 42 
1251: 848 1638 85 228 1389 146 2078 252 2334 363 605 1611 1759 
1965: 848 1579 1757 1909 1696 634 1677 819 2073 2471 1883 1458 190 1361 1137 72 2071 202 1586 643 1235 125 433 829 947 1249 1766 2376 1986 2374 
2280: 848 1884 1615 980 1552 1625 160 1855 2249 1310 840 1842 2271 2078 61 1852 1687 1695 748 971 125 445 285 1051 2050 
1292: 848 1677 295 296 289 333 1894 1657 1214 967 112 215 469 1834 2459 1447 
1797: 848 1644 789 890 1401 1696 2359 50 291 372 373 1334 191 289 1947 1027 2029 2204 579 1119 272 649 702 2485 1643 232 49 415 1723 1952 2005 1924 
2095: 2381 1600 1615 839 1670 2393 532 6 146 342 1086 1304 2407 2224 
59: 2381 1510 2373 1570 631 
123: 2381 789 85 1857 
188: 2381 1263 1172 2199 1355 
208: 2381 1644 890 980 85 1012 828 1464 1860 400 2094 1681 82 1741 90 777 955 1555 1822 1980 202 203 1586 25 857 1242 869 1898 1410 
259: 2381 380 1624 1583 1743 1539 803 1720 1809 2110 375 458 1076 1380 1495 1951 1982 141 1655 1007 2232 198 1629 1343 1001 
488: 2381 1917 927 1470 968 1043 689 2239 1790 1167 2444 542 2250 501 979 2350 2393 1317 600 1477 1075 
593: 2381 551 2323 1154 2360 1027 139 1194 1554 1553 520 522 523 1032 1895 416 2235 2078 1896 1173 521 518 79 1425 740 
628: 2381 436 1401 1263 434 872 1125 1126 1836 1052 1128 474 440 1861 62 91 363 837 1368 2157 1779 
646: 2381 1851 2240 1015 203 2078 1897 2399 403 1520 
726: 2381 1389 1296 166 
947: 2381 1531 318 1243 1757 1830 1940 145 2073 2000 2071 397 2049 1965 1807 1541 312 1249 585 641 643 752 129 286 567 1248 247 2192 
1004: 2381 771 1732 1733 644 1263 1140 2099 569 
1083: 2381 2056 
1315: 2381 1913 1789 22 185 2208 1713 2253 2383 2032 2479 1940 828 1330 1510 1677 121 295 296 1501 1768 289 290 1554 113 673 1694 2361 2378 1499 1683 467 2390 1308 829 2455 469 345 
1512: 2381 258 1332 1851 1361 1102 6 439 146 1333 2407 2436 
1721: 2381 1579 2301 877 828 1290 246 2279 462 1611 2265 2407 1152 906 55 394 1099 2107 
1857: 2381 1043 2301 789 1713 85 896 665 2237 2266 1102 2407 36 123 1045 1678 
2058: 2381 1011 2482 2230 1161 974 2059 767 
2193: 2381 1800 980 802 2434 1611 16 1289 
2461: 2381 1732 1733 60 
699: 855 975 1624 511 639 1263 1743 187 213 604 715 803 1153 1377 2482 212 506 2406 2153 749 1741 209 458 1483 1822 60 388 1201 1898 1982 1780 2042 1892 1896 1000 18 137 205 206 235 505 574 667 685 1824 2340 1068 1643 1247 1629 2146 981 
2348: 855 1942 
965: 855 1018 795 2471 1657 84 993 1130 1475 2031 2049 962 2374 638 1333 2061 971 690 104 2205 
966: 855 1135 1116 1790 2073 1130 1261 2428 312 962 1424 2374 829 1248 104 690 
976: 855 1878 1470 1732 1733 1909 1552 1386 1387 1740 89 2369 25 
1488: 855 1484 399 1900 1872 644 666 1017 70 1016 1332 89 1997 1657 1214 84 673 1015 1196 2008 1333 2227 1652 
1656: 855 1884 975 2017 354 1625 694 795 1303 85 644 1017 2022 165 483 802 1765 2024 371 2240 901 1046 2066 1591 719 1761 1883 1758 1361 2138 1657 990 1495 2002 397 775 159 1915 643 1424 1586 158 1109 1674 2405 2067 
1730: 855 2427 1484 1018 1625 1944 1011 1303 1696 2239 85 1163 1016 2054 305 1545 1657 278 955 1556 1725 2178 954 1333 2078 418 312 1526 684 1616 1627 2268 
397: 1367 1917 1615 1757 573 844 1208 1818 85 1218 1027 1981 10 1326 63 1915 643 169 312 1703 2343 947 1719 815 1381 2415 1656 
1300: 1367 2479 50 1677 1494 1886 470 339 260 467 2182 
2436: 1367 2046 501 791 847 1512 79 1930 40 
2384: 858 1884 1531 1532 1043 318 1350 354 573 980 1713 2253 412 1011 1164 547 701 1016 1034 1953 1883 749 1212 2429 1691 2198 63 1287 1689 1714 2386 2331 1928 480 1118 1646 2382 
2097: 858 1635 655 1013 1276 252 
1180: 858 1462 1487 
227: 1878 696 980 1976 1213 146 1627 1333 1323 2019 1641 
1165: 863 975 1043 237 1733 1738 234 2487 1578 2176 1169 
63: 1884 318 1757 354 980 1713 680 1164 1218 1334 1331 770 2055 1046 1761 1883 1762 501 1276 397 1691 2198 10 1689 1937 643 2384 480 1764 312 
142: 1884 1470 1484 1208 85 644 2022 1677 578 1501 371 2055 1046 2106 1172 1761 2286 2439 1762 305 1361 162 1545 1214 307 1333 44 1849 171 433 312 2374 1764 1249 
286: 1884 2401 354 1818 329 121 1657 2393 1499 480 947 
748: 1884 927 1150 689 980 1157 1696 2239 337 644 745 747 908 165 256 160 903 1332 1855 1823 1046 542 543 1761 2249 1762 509 1361 1310 1657 1725 2175 840 1156 1842 1381 549 2234 1333 1708 800 2280 2405 125 285 196 1425 1051 1702 1839 
1156: 1884 689 573 844 1157 1158 2208 1597 1818 1696 85 747 165 256 903 1332 1823 1046 1698 1761 2249 1361 662 1651 1333 564 480 244 549 748 799 1719 1697 1573 1700 1701 1702 1703 2202 
1689: 1884 318 354 1713 1784 1786 1164 1883 1691 2198 63 1287 480 1714 2384 
1379: 1392 1600 2308 980 118 1851 1172 84 1670 452 532 6 2224 1007 1473 
2306: 1392 770 6 2272 1170 
307: 1392 1484 980 85 165 578 371 305 1553 1657 979 2266 532 1333 352 452 302 40 142 171 182 2374 676 2209 312 433 2271 1791 
2090: 1392 1470 639 1886 2215 645 1389 1384 2098 94 97 346 355 2372 2251 
713: 1404 1550 442 890 1244 1732 1733 2206 2239 85 644 1263 70 1228 802 1331 542 1361 929 1980 100 2224 857 418 1631 763 1578 1073 1839 2156 
2334: 1404 2011 443 2032 745 1527 256 434 2231 90 1276 2237 1251 1992 1089 38 1509 554 799 2088 
279: 1917 1470 1940 1602 315 
735: 1917 1148 1441 1319 1944 795 2080 373 1320 1161 1618 1773 218 
742: 1917 1470 1847 2034 1089 837 
1057: 1917 1043 1644 1011 501 72 1102 1199 39 127 
1204: 1917 1470 396 2206 1480 1940 657 915 2166 463 1380 2078 564 495 39 978 236 513 931 2389 1775 
1541: 1917 1470 985 1157 511 1602 1790 1016 1153 1377 1502 1847 1942 832 1780 67 1296 667 831 833 589 947 2205 
1653: 1917 1470 689 1908 749 190 339 662 2350 600 1233 107 
601: 2427 1757 644 1677 295 296 1501 289 290 2091 215 2390 2049 260 
796: 2427 1732 1733 1696 85 372 959 1554 1553 1133 587 688 706 422 2014 1903 2162 585 992 1122 
912: 2427 1148 771 1733 671 1940 2080 1049 1012 1013 483 1688 2408 2424 1947 1055 595 82 362 937 81 1261 2116 1915 2049 312 815 
951: 2427 2017 1605 436 1154 745 1334 1458 876 532 1990 1095 140 829 125 1708 
1234: 2427 1579 380 1271 1378 185 1016 2173 1706 1027 876 1997 1214 249 955 1430 2328 2371 2034 37 168 302 382 1578 2048 1500 
1283: 2427 2413 2154 
1341: 2427 925 1605 1800 1270 1624 1029 1768 819 2483 1758 1139 1778 2346 
1399: 2427 2301 1740 2073 2471 82 84 2271 6 135 217 431 711 1366 1833 1515 2171 
1690: 2427 789 354 877 85 298 199 23 1124 1125 1126 1127 1128 265 513 766 1289 1623 1989 
2195: 2427 801 389 
2332: 2427 2297 27 22 185 354 744 1270 2253 2032 2479 1551 1583 1650 187 470 723 1582 1768 1434 1160 1663 114 154 219 662 1347 262 2037 1982 2184 2260 663 16 287 491 709 878 1001 
2061: 1427 1455 1470 1746 27 399 1757 980 1713 969 1303 258 1332 371 845 1080 2189 2287 2106 2293 1223 2286 2288 2289 2290 2291 2292 2294 2266 2049 600 312 1333 829 965 1249 1697 1954 
102: 1428 745 1048 1172 352 1424 1487 1217 
363: 1428 1532 1043 2301 442 789 963 972 1244 1350 1378 1638 1801 1993 2206 2207 1602 351 934 1101 1115 66 1044 1137 929 1130 1430 1783 1979 452 1251 1808 252 628 2265 2330 495 2267 2459 2474 437 827 1853 1372 820 
676: 1428 1579 2301 145 296 770 2398 307 1755 
776: 1428 2109 980 1625 1303 1696 1049 2323 1790 1332 1823 1048 673 202 1923 44 1333 
778: 1428 396 1480 1011 160 441 479 703 78 749 2369 1133 841 2049 
1052: 1428 1216 789 933 1696 85 170 628 
1850: 1428 1763 1900 2127 511 1014 1693 272 839 1516 1715 2174 2074 904 1934 2070 1118 
2466: 1428 237 1397 
1525: 1428 1018 890 1757 354 899 1872 85 644 1017 860 1172 673 891 1555 2322 1586 521 203 
1686: 1428 523 2199 1992 1548 1846 
124: 925 828 1583 2029 1214 891 1460 
164: 925 1696 1677 295 296 802 1334 289 333 2134 2034 25 1728 215 2390 292 2349 2335 1943 1254 
525: 925 1625 85 1154 347 483 2424 2094 139 1894 1554 1893 1553 523 550 623 1022 1032 1555 1606 1895 2229 2266 81 416 1896 2078 1683 1095 521 518 77 108 1558 1828 970 740 
658: 925 380 573 2080 1017 353 219 1822 1084 1627 
783: 925 27 1551 2022 1968 360 1780 503 2405 2346 1770 764 
883: 925 789 1944 1115 645 1207 2271 942 1500 1955 1959 
2318: 925 2063 1809 1822 474 1245 1343 
1858: 925 1140 1022 2103 502 948 
1371: 925 396 535 404 640 2202 
1376: 925 1800 869 235 330 
1477: 925 2221 771 145 483 487 802 333 1077 115 1465 29 488 25 843 809 1272 218 667 
2415: 925 789 573 412 397 616 759 2128 
1918: 925 771 789 1218 1387 441 483 1414 1431 339 756 2394 1155 
1946: 925 187 213 604 2213 212 2153 209 167 832 765 2146 973 206 675 574 205 477 1870 2340 
2464: 925 1782 1758 2335 2365 1037 
1471: 925 
1985: 925 118 1740 121 1209 100 1304 1854 2335 2467 
1986: 925 789 2063 2175 611 2116 1965 474 1245 1030 
2037: 925 689 2301 789 377 573 671 1208 1356 1784 1786 694 165 1688 2398 1450 695 2412 1431 1310 798 1220 1333 1112 2332 196 211 1576 2387 2184 
1037: 925 1740 487 701 339 640 916 1035 2460 2202 2405 973 171 2335 2464 
1038: 925 1244 535 1016 1967 1035 1594 2335 476 
1590: 925 396 434 640 2455 1373 
2023: 925 1203 398 2335 287 1245 
2148: 925 493 1792 418 1728 402 
2154: 925 1232 761 828 2298 1458 1283 1578 1155 1924 54 1999 
1272: 925 1657 53 2257 1477 589 
1177: 925 435 85 635 1446 2406 30 1770 2346 2335 
1700: 925 1800 789 844 1157 1158 1597 1625 1818 1334 1698 620 1156 1261 1904 1933 2091 2174 352 537 1921 1655 1703 1424 2202 643 1702 961 1719 958 2186 1697 1265 244 2458 1701 
1735: 925 2465 
1770: 925 145 2444 23 2051 1177 2455 292 2346 783 1030 
81: 2453 789 377 85 644 1276 10 2089 1359 690 954 912 167 168 840 1419 525 1394 
345: 2453 1043 789 22 899 980 1625 652 353 501 1010 962 1315 1868 
758: 1949 86 2443 
557: 1949 92 93 1682 1063 978 1412 708 2130 
512: 1949 1434 114 2135 806 334 
335: 1913 399 22 185 729 980 1270 1319 1356 2253 2032 1786 1944 1551 1867 479 1681 2288 2282 416 1333 104 1610 
2075: 1913 2239 337 747 1677 1886 295 296 1688 719 473 1479 2369 2174 2078 1639 215 2390 469 1460 942 
1759: 1456 1484 1696 1950 1758 1664 1335 1310 1981 2115 1251 532 2199 
2452: 950 1909 844 1552 1011 657 1029 1386 1387 1976 634 1768 2055 23 72 1499 2169 376 403 1444 1509 
43: 1470 1191 599 2111 
502: 1470 980 908 634 1677 295 296 372 479 478 482 579 672 673 2430 1166 1920 2322 215 812 79 141 1858 1498 
553: 1470 2168 
704: 1470 968 2065 2444 2079 2352 1695 
768: 1470 1011 2323 1024 1790 1554 1553 352 2078 25 518 
1191: 1470 771 1356 1713 933 2239 85 1551 483 720 1167 1282 333 434 1450 139 662 955 979 1973 2324 1642 2224 1885 25 1110 43 599 799 970 1020 1078 1192 2111 1451 2120 1630 
1892: 1470 1022 1424 699 207 
2070: 1470 573 1386 1752 234 916 418 2335 1267 229 421 1850 
2120: 1470 1191 216 
2197: 1470 1401 547 749 1559 
2227: 1470 1018 2125 28 380 789 754 795 969 1696 639 1017 1677 295 296 470 826 1016 1153 1968 1115 2217 82 1431 473 190 1077 1194 2440 1997 1044 2079 51 228 645 1015 1021 1076 1380 1980 2144 2229 369 1196 1842 1935 439 503 64 146 243 25 1171 87 2445 1112 1195 200 236 253 261 317 1256 1488 2081 
1708: 1470 1150 980 483 801 1765 1855 2106 2249 1997 1657 1842 951 1381 549 1695 2405 748 1051 
383: 968 1150 85 1029 373 2276 1606 2396 332 576 
806: 968 1018 2359 1976 802 1257 1119 1894 339 1938 146 2141 93 334 512 
905: 968 1624 1940 1218 1583 357 701 703 1352 1580 1765 2444 774 1458 339 993 2112 2349 1962 2076 2009 
1354: 968 1401 1801 2046 1552 337 915 739 139 621 1495 1642 147 1398 1558 2258 
1882: 968 1356 1713 1784 1786 1012 293 1141 1115 1214 1813 1424 469 793 467 2191 1587 977 
1956: 968 1944 1266 1664 1939 782 1385 
2474: 968 1600 1644 1800 396 1638 329 2163 373 934 1139 150 273 2134 2373 503 363 1500 942 437 
2001: 968 890 426 264 
1530: 968 85 1016 2310 249 2140 821 247 248 2139 2268 
2036: 968 
800: 1484 1615 237 442 789 861 890 1900 354 980 1713 1818 1696 644 745 1116 165 578 1332 1334 2024 1491 1172 305 1361 419 2138 1657 84 494 673 1370 1432 1555 1792 1831 2071 1904 1654 1773 521 61 549 4 962 1734 38 87 1424 2374 480 73 1333 1695 1811 1846 748 1195 1326 1585 1487 1505 1507 902 
2339: 1484 1733 85 1154 372 23 880 1430 1822 
455: 1484 573 1012 745 747 256 903 1332 1823 1761 1361 1545 29 182 1333 2375 433 1045 1326 119 1323 169 1680 1701 2400 1149 
752: 1484 436 789 890 980 1552 1940 639 644 747 256 903 1332 1768 78 434 1823 888 305 139 1894 2079 891 979 146 564 1333 91 236 851 947 
1423: 1484 877 1866 2388 2007 1586 923 
1802: 1484 159 
2374: 1484 2011 1605 1746 399 890 1757 1830 354 1625 1011 1303 1696 1945 2323 320 747 1790 165 372 578 1332 2444 2073 1048 1172 1223 1883 82 305 1749 387 1545 1657 84 115 1524 307 1050 1261 1411 1808 142 159 2254 2199 2049 1965 1339 1773 1807 312 1424 800 1333 1487 2445 1217 73 125 433 624 641 829 965 966 1247 1248 1249 1565 2251 2419 
1589: 1484 671 1263 313 1357 2439 2215 736 2203 662 1009 1822 1979 1808 439 138 146 1026 2141 56 79 147 1240 1403 1540 1952 
1515: 1484 1003 1332 305 1361 1545 1130 1399 1424 1333 1326 2480 104 1868 
2104: 1484 2125 1909 85 1013 1387 373 483 1545 1009 1015 44 2021 829 1248 1526 1906 2402 
548: 975 396 963 1552 1135 160 372 991 1334 749 1554 501 362 623 930 1032 1606 2091 2031 2078 2177 521 1221 2171 2186 
574: 975 237 187 213 604 212 2153 1809 209 1822 2091 1780 699 1210 2146 1366 206 675 1946 2340 205 
317: 1493 1043 1893 1997 2227 1498 1929 
674: 1493 1830 1172 662 
1410: 1493 2479 1154 1681 520 1009 208 2021 
1779: 1493 1733 795 1012 644 1835 191 2204 2138 1345 1694 1980 2462 452 1050 628 857 1954 717 2477 
833: 985 511 1153 1377 1502 2307 832 67 1541 1296 589 667 831 
163: 2011 1635 85 1510 2231 1479 2237 1133 2407 1110 2047 
1326: 2017 1598 1615 1944 1945 747 2022 165 256 802 903 1332 1823 1693 1761 1883 305 1361 397 456 2091 1654 61 10 1333 1841 800 1729 455 1152 1323 1929 1565 2262 1515 
125: 2017 1401 1757 185 354 980 1270 1625 1551 2323 745 1017 1790 1804 160 1016 353 1048 2217 2249 876 1310 1554 1657 2000 1842 951 2049 1306 1965 312 2374 829 1217 1249 748 643 2232 2405 2280 285 1051 
200: 2017 380 746 1270 1228 1997 418 2227 572 42 1478 
462: 2017 85 72 2279 55 1721 2265 2107 394 906 1099 
1275: 2017 1216 1012 2393 2241 168 1333 433 
1796: 2017 1800 
1969: 2017 380 1356 160 372 2231 1450 2215 1694 1792 2180 2005 1256 2186 
2247: 1018 747 165 903 1015 4 1333 242 2260 2431 
76: 1018 639 1510 1583 1016 2110 1015 974 812 1572 
94: 1018 639 1017 483 1016 1458 1194 1997 645 1071 1432 1923 1928 2090 829 97 1195 1507 355 1440 2346 1737 2145 
406: 1018 2109 2218 368 1583 1458 640 146 2202 2480 
566: 1018 915 2138 1934 157 
1388: 1018 1746 1141 89 282 608 773 521 332 960 576 
1429: 1018 1081 354 980 1818 1944 1945 337 368 258 915 1017 293 1016 432 2424 1452 739 1431 139 1657 1482 678 64 1451 1668 480 552 106 785 1103 
1463: 1018 85 1017 1016 1332 1657 1333 
1534: 1018 1532 1605 746 185 671 969 1017 1677 295 296 470 483 715 826 1016 1027 139 1194 1214 979 1015 1980 2113 1196 1842 1787 439 1578 1171 2445 1195 716 617 476 
1636: 1018 980 1017 146 253 428 
1195: 1018 2454 639 1154 70 174 1016 2165 333 739 1194 1997 52 1015 1196 1923 25 1007 87 2227 800 552 2098 94 355 1737 1507 1534 
2407: 1531 1635 185 1012 1263 1510 2225 139 90 2138 686 1788 1975 2237 1979 1857 163 6 2095 439 600 1112 1512 71 1425 1721 2392 
267: 1531 771 1011 1872 329 373 700 801 1393 2229 6 1389 1384 2155 1416 
16: 1531 2065 1579 22 185 1270 2253 2032 1011 1551 1650 479 1048 219 1220 2116 2332 2056 2193 
1302: 1531 2302 1172 1883 1554 1553 1555 1874 1306 2078 2209 560 
702: 1532 444 2401 85 1967 139 579 2211 2203 1788 668 1118 1476 1041 2021 1754 1797 854 276 2456 2459 1192 2473 2117 1815 
2314: 1532 2432 189 232 
338: 1043 1263 1677 295 296 665 1361 2224 44 215 1560 469 2372 1505 
496: 1043 1644 442 573 1835 373 479 1257 191 543 466 1778 2462 10 398 2248 
766: 1043 1765 1495 2229 1690 484 1121 
794: 1043 789 511 2215 1022 1847 1942 832 1780 67 1245 818 
1298: 1043 185 1270 1784 1786 1551 828 371 2079 1717 1813 2254 416 341 1773 
1871: 1043 644 70 840 
2392: 1043 2253 1510 2298 749 2105 2047 2407 2186 
1930: 1043 1677 295 296 1501 289 215 2390 469 2436 
1951: 1043 1117 354 980 85 2323 329 801 328 1657 791 2369 1166 1424 259 
1994: 1043 1784 1786 220 2382 
1522: 1043 
1581: 1043 789 1378 1401 2206 2207 85 1583 263 1778 
2105: 1043 1644 443 1552 1940 85 372 373 191 649 2369 10 1419 2021 2392 
1109: 1043 1789 1909 1758 1137 452 1656 1915 1384 682 
1679: 1043 185 671 337 1154 331 1683 503 64 469 2158 
2126: 2065 1139 1554 1553 1555 762 2182 585 1803 
2421: 1598 2338 639 645 2468 948 1989 1756 2365 1755 
2272: 1600 1677 295 1664 1788 1072 1904 1933 2174 262 532 6 87 926 958 1265 1327 1914 1934 2005 2306 
252: 1600 2301 2302 396 963 1162 1638 1872 1263 1583 152 2231 1762 1663 1479 257 686 929 935 1276 1432 1670 2113 1161 369 452 1251 1365 1939 2244 6 1147 342 811 437 2097 363 1849 605 2425 
617: 1600 237 1016 333 1731 339 1923 2034 2199 25 1007 1542 1648 1534 
2267: 1600 400 1318 857 363 2423 39 1289 1671 
2265: 1600 1696 1263 749 1717 2279 462 146 1122 1487 2098 2111 55 1721 363 394 1099 1566 2107 
1978: 1600 70 1980 2420 360 146 857 569 
271: 1600 293 291 295 470 2062 793 260 467 292 469 
299: 1600 237 1988 1263 1016 988 1015 1691 1841 1269 630 
369: 1600 1638 980 85 258 1554 2134 2113 2361 252 1671 2227 2472 
1864: 1600 1386 1874 1817 
1785: 1605 705 204 2342 936 
2330: 1615 185 1602 639 1228 1997 1717 23 370 822 1495 29 452 1548 363 902 
445: 1615 2271 61 1852 1687 1695 971 2280 2050 
2281: 1117 27 28 160 213 357 991 194 1752 136 1021 1694 1093 2074 2047 1966 495 572 731 865 1256 1924 2192 
2282: 1117 2253 85 373 2450 2223 1780 335 1225 
1366: 1117 1005 1219 1167 873 650 381 1554 1553 2110 1087 1380 1847 798 1942 1207 868 1399 1323 518 1903 2111 2269 757 574 2270 675 851 1260 1604 
7: 1644 1012 329 801 328 82 1118 
45: 1644 1746 1762 
151: 1644 749 234 339 2177 697 
367: 1644 789 1830 372 373 191 1357 645 2101 
1364: 1644 109 1101 1137 
1403: 1644 380 1158 1139 2373 1589 
1889: 1644 771 517 1424 
1906: 1644 890 1081 1757 2206 551 969 1940 1154 191 466 2204 1516 2104 2074 962 87 57 
1923: 1644 890 963 1733 2109 85 427 1017 1163 1677 295 296 373 470 826 1016 1501 69 191 199 289 1331 2173 190 1194 1893 1214 288 686 930 1395 1409 1640 1895 2134 2324 11 302 40 92 93 94 287 464 469 495 617 776 910 1090 1171 1195 1224 1291 1372 1612 1844 1914 2021 2004 2399 2098 2049 
2484: 1644 1012 372 801 1101 1851 82 1214 979 1980 1102 1915 1487 857 772 
2033: 1644 890 795 85 373 191 52 891 
2043: 1644 1011 1012 1263 295 372 373 2298 199 568 82 929 112 1578 411 2473 2394 
1966: 1644 980 1940 357 1139 1458 662 673 241 2281 1200 1289 169 
2164: 1644 861 1350 542 418 1089 1861 932 
1707: 1644 877 969 160 1282 191 131 955 1890 2248 214 
1727: 1644 1401 85 1009 292 
2295: 1644 85 1547 1357 920 2455 
815: 2167 551 1011 170 479 191 482 397 1611 2103 912 251 
242: 1150 1830 1909 744 747 165 145 1714 484 2336 4 1424 480 1333 2247 2260 1587 2431 1217 
2205: 1441 1830 1625 1790 1130 2241 2049 1541 962 829 965 104 
811: 655 1688 2231 686 1726 2393 840 954 101 252 706 1348 117 1019 
2139: 1198 689 329 801 249 492 2230 1530 821 247 248 
1023: 2212 237 547 856 
64: 2221 1401 671 320 337 1154 1510 1059 1765 333 349 2424 2249 1431 1458 139 1997 1096 331 678 1050 2162 146 2349 910 2227 2141 138 147 2442 1679 1429 1245 1517 882 2423 1922 140 
2364: 1216 689 1356 1940 747 1804 256 547 903 1332 1823 1450 2217 1717 1856 2468 1333 1989 1323 
292: 1232 237 771 789 1012 1094 568 2310 466 705 209 673 65 1727 1813 2112 87 17 164 247 271 2349 854 1770 1922 
104: 1746 1757 2323 2189 1769 335 1236 312 829 1249 965 1515 966 2205 
1299: 1746 298 1124 
2168: 1746 1818 647 1765 542 2249 1548 403 799 553 897 
17: 689 1575 828 1510 296 826 2062 289 705 1361 1683 292 469 2155 1671 
821: 689 671 329 801 1332 1883 249 492 1530 25 1333 39 247 248 2139 
2375: 689 399 354 1625 1696 1790 165 1332 1657 2178 2266 1261 455 106 
2405: 689 747 2022 1228 357 1332 1765 1855 1823 1497 1693 2249 1310 587 1656 1842 1381 168 1655 1708 571 1960 748 971 91 1750 783 92 125 285 1037 1190 
862: 1763 789 85 915 1310 846 1306 1247 1820 
1537: 2301 85 1804 1835 720 1027 1139 1044 2138 2229 1808 923 2226 1813 
332: 2301 789 1081 1713 949 639 1510 479 2482 2278 89 558 645 1015 1071 383 1808 773 1388 
265: 2301 2173 1657 1690 2199 1340 2114 
727: 2301 1401 479 478 482 
92: 2302 1800 789 1733 329 749 1923 2405 519 1337 35 93 557 
147: 2302 1401 2046 671 1696 1049 337 329 2024 2298 770 1681 2217 2249 739 1431 1663 1997 955 1482 1895 2044 336 668 678 1642 1317 352 503 64 138 146 140 1589 108 2141 2455 129 914 807 178 1354 717 261 2263 733 1245 518 
531: 1800 1383 1909 1552 1387 647 896 1851 1568 732 2229 2235 91 
1190: 1800 877 969 2080 344 2408 1034 139 2405 1576 
1336: 27 479 1092 
403: 27 671 1154 908 305 228 1454 456 2452 1548 1703 2168 897 73 376 1122 684 646 682 
1861: 27 1909 1552 1386 1387 479 478 482 1389 628 2164 
2277: 28 1777 1011 85 329 644 293 289 2231 1229 2393 840 167 2241 793 549 1687 1697 
564: 237 436 746 1135 320 1263 1510 1724 1582 82 1809 419 1553 2223 930 1076 1345 1347 1483 461 1062 1156 416 868 1898 141 440 39 236 243 433 1613 565 2341 1204 599 752 2156 
2472: 237 761 1401 85 535 1334 1139 2134 2113 369 706 2171 854 1500 
166: 237 726 1247 725 734 
1891: 237 
881: 237 980 802 339 
1929: 237 746 761 789 1081 1378 1401 2206 1361 2152 1670 2273 1326 780 317 
2475: 237 795 1012 1282 191 1741 1096 1622 1020 
1669: 237 955 1084 
1875: 237 666 873 493 662 
762: 237 647 1267 2126 
1955: 266 644 2099 883 2335 
2045: 266 671 165 1464 479 1016 482 2217 2426 25 706 88 240 1518 
55: 318 185 573 2279 462 840 2265 906 171 1721 394 2107 1099 
2382: 318 1158 969 1164 1172 2198 1287 2386 1994 2235 2384 
42: 366 1521 1413 2180 2081 1074 2048 1630 200 
2335: 366 789 1081 2206 1624 644 1228 1740 1720 2166 529 1553 404 2002 1177 2235 1806 1990 429 2070 164 1587 1038 1985 1036 1343 149 836 1037 1063 1577 1955 2023 2464 2463 
779: 380 396 749 
2161: 380 749 
767: 380 1469 2455 1507 1983 2058 1284 207 210 769 1259 
1919: 380 
675: 380 789 1054 2110 2146 1366 206 1946 574 477 
304: 396 1981 1225 2188 
316: 396 2109 1563 1872 483 1449 2199 37 1217 398 
1810: 396 789 573 482 2215 749 1548 398 
2379: 396 639 1724 1997 
1372: 396 1638 1801 2479 483 191 478 2138 1979 1923 363 1252 2186 
2446: 396 
2469: 396 680 118 2420 2078 2455 
2478: 396 890 2109 1696 1154 479 191 482 1681 1554 1553 52 523 1979 1808 2224 168 1317 2078 25 2455 424 459 
2038: 396 633 
2171: 396 890 1677 1228 296 2298 191 501 228 550 891 929 979 1694 2472 2074 1399 1914 1389 1384 469 77 548 1609 
1200: 396 1625 1694 146 521 1966 424 56 
733: 396 138 146 147 2141 
1346: 396 761 1112 
159: 399 1401 1713 1011 1696 2239 85 745 1510 483 2024 2 1865 543 568 1657 1261 1656 1691 1802 1424 408 2441 1728 2374 352 1915 2176 1668 
87: 399 1944 1011 1303 1696 1945 1017 1675 1677 295 296 483 647 1016 1501 1547 289 290 2439 1194 1044 228 2034 2254 2272 112 2331 1914 352 138 1451 800 2445 469 292 215 2390 1195 2227 2455 1906 1943 1045 276 260 
526: 399 1944 1303 1696 479 2424 2471 1885 537 146 1451 2019 1489 
505: 399 2401 441 1094 873 1984 66 189 2312 1310 1344 1995 1025 2096 2110 1262 1022 2142 456 699 1295 2101 728 
239: 436 339 
804: 436 890 185 969 1011 1012 644 1386 1101 1851 1426 1984 1997 1717 1015 1102 167 2254 168 521 1425 
355: 442 1757 354 795 639 1501 1194 1997 645 1015 1196 2090 829 97 1195 1507 2098 1252 261 94 1737 1490 2145 1256 
939: 442 398 
2052: 442 1211 1713 23 1792 
1505: 442 1687 338 800 837 177 
1632: 442 1378 1401 1029 339 418 1528 1086 421 231 402 941 
2243: 442 1713 1310 532 
2162: 442 1940 85 747 365 327 647 1167 1282 1334 1547 1580 2424 632 665 1335 1809 1096 796 1586 1885 64 781 831 1296 
1073: 619 2109 1835 2424 1553 1076 1415 2002 713 167 168 1398 1613 1252 261 1255 
2316: 619 1219 2444 460 2229 1587 
62: 746 761 628 942 629 
508: 746 1378 1480 85 1154 1009 1606 2254 
477: 761 1219 864 533 675 1946 1577 
1844: 761 789 1401 551 333 1027 1997 1923 25 1007 1090 
1958: 761 789 1081 1219 1624 644 1504 1554 645 1430 2445 585 942 1630 2470 
1961: 761 1401 1801 2249 1842 25 
769: 761 1401 1983 767 210 1259 
1090: 771 1923 25 910 1844 
882: 771 1059 1664 2465 64 2423 2248 
2103: 789 1940 85 1342 1710 6 815 923 1858 
1926: 789 404 10 1074 
77: 789 483 482 493 550 623 1032 1606 525 1548 2171 
2305: 789 1602 1740 1434 871 2078 1578 1314 
809: 789 2401 980 1398 1477 1227 
2341: 789 1809 156 564 565 
1848: 789 573 1696 632 1874 439 420 1548 772 2141 1226 
2387: 789 694 2054 2037 2184 1152 1112 
997: 789 773 
910: 789 1154 470 333 1357 1027 1997 176 645 1923 64 25 1007 1090 
1066: 789 1677 295 296 2041 289 215 2390 
1618: 789 890 1786 152 1322 864 665 1139 1174 2002 2224 1118 39 277 735 2423 1991 
2028: 789 1401 1733 1909 1387 479 482 2346 2089 2118 
1284: 861 2479 2373 1084 1461 516 763 1092 767 308 653 
1498: 861 1696 1076 2172 1914 502 599 1613 317 
818: 861 461 794 837 2192 2076 
331: 890 671 1480 795 85 337 1154 1101 1851 191 333 2449 139 1788 2369 146 857 2352 668 64 1679 682 1611 1876 1006 
637: 890 671 795 1940 2063 295 479 199 2406 673 1235 
750: 890 1732 1733 191 
1839: 890 354 844 1818 2239 644 542 2249 452 713 840 1842 748 1719 1051 
1722: 890 1909 2413 1552 1386 1387 634 2424 2215 1554 1553 891 2002 2233 398 
1922: 890 980 1303 1696 1677 295 296 470 1501 289 290 64 146 2177 1655 215 2390 1020 292 854 1295 
1006: 890 2424 891 1769 331 668 2455 
2367: 890 644 114 891 356 2034 1791 
1152: 890 1732 1733 844 1270 745 165 903 1332 371 873 679 1361 1553 1657 990 1495 1010 2091 1475 1476 1424 480 1333 1487 1326 1721 518 630 2387 
1772: 890 389 1898 
1712: 890 85 191 2360 1139 891 1710 2078 923 
1169: 963 1575 1765 191 1895 1333 1165 
1548: 1033 1818 479 647 1765 719 2249 739 494 558 1938 2393 449 575 1239 2330 403 480 77 221 799 830 837 849 897 1810 1686 1703 1848 2168 
2241: 1033 1777 185 969 1011 85 320 289 1077 2393 840 2277 1687 93 549 1275 1348 2205 
1853: 1081 1244 1378 1401 573 666 1228 1016 191 929 1694 1939 2074 503 857 363 1630 572 
1314: 1131 1981 1903 2305 1833 405 1068 836 900 148 
158: 1211 354 1944 1945 483 801 2249 466 1657 1009 2229 1261 1656 1586 1915 480 829 1249 944 
1840: 1211 291 295 1094 176 1143 
1533: 1219 85 991 191 150 
1557: 1244 1084 
1776: 1271 1940 1583 2166 1655 1030 978 
948: 1350 1909 1993 860 2240 719 916 1058 1905 2229 1084 2056 533 1971 2352 448 1858 2421 1097 
854: 1378 1146 1012 1013 82 673 2113 702 2472 112 1714 2191 292 1922 
1846: 1378 1713 1263 1545 990 800 812 1686 
1948: 1378 1740 749 495 1289 251 
1558: 1378 1401 2109 2218 1818 1835 1172 1894 520 523 550 623 777 955 1032 1555 1606 1816 1895 525 521 518 1354 
2402: 1383 1012 191 1706 1893 2328 528 2104 
300: 1383 715 2451 493 2021 240 
1514: 1383 739 621 1642 2258 
1237: 1401 2401 605 
1261: 1401 1909 1157 1713 969 2239 85 2323 644 745 483 543 568 1223 1883 1657 1495 2071 159 1424 1691 2374 912 158 966 1697 1700 2375 2176 1793 1668 
1674: 1401 2413 1720 1758 1137 1415 1656 1685 1915 1384 906 2346 
465: 1521 
1793: 1546 1732 1733 2218 639 644 1386 1387 1510 131 1281 1895 1261 416 392 572 1668 
1185: 1732 1733 
751: 1733 
884: 1733 1554 1553 1556 2078 
1594: 1733 1011 1696 2229 1038 
1680: 1733 33 455 1250 
1854: 1733 802 1495 1939 1985 1394 
2004: 1733 551 1011 1923 1203 411 
2076: 1733 1940 2051 2007 197 2112 2349 1661 905 137 1962 818 
2274: 1757 2479 1017 1194 1196 2445 
870: 1782 1902 493 1903 1916 402 2365 
1248: 1830 701 1016 2073 2104 1287 1339 1807 1236 1476 2374 829 1249 1764 966 947 
417: 1909 1561 
780: 1909 1552 1386 1387 802 2406 1822 167 168 1089 1389 2273 1384 585 1929 
941: 1909 916 418 1461 1654 1267 1631 1629 1632 
2372: 1909 1696 1539 160 295 1153 348 146 521 2090 338 857 837 519 1368 
2157: 1909 1625 1140 1022 628 398 1070 2467 
678: 2046 85 337 1491 529 1431 139 339 1274 1482 668 146 1424 138 64 147 1429 91 108 439 552 1103 1814 1642 
996: 2046 1167 2006 114 1276 954 1903 
1544: 2046 1154 139 807 
269: 2109 604 715 868 
1252: 2109 2479 486 639 2166 2110 1015 1979 2044 1808 25 355 71 1002 1073 1372 
533: 2159 1303 1696 1602 915 635 353 1758 1760 60 243 2455 477 572 948 
1301: 2159 85 258 1976 2250 962 1007 1773 
1221: 2206 551 980 1713 329 801 328 1335 2138 1657 686 791 1980 1166 1808 2034 1147 1384 857 1398 1791 127 548 
255: 2207 1662 
1755: 2338 418 676 2421 1756 825 2463 
1756: 2338 483 802 348 418 1424 1587 402 2421 1359 825 1755 
2123: 2401 1167 
2111: 2409 479 478 482 1191 43 1020 2265 1791 1366 1192 
490: 2413 487 78 1426 2134 2245 1685 1634 607 103 823 402 
116: 185 1728 
334: 185 1270 1434 114 806 2101 512 
887: 185 1724 749 879 461 1736 2263 
918: 185 1270 1551 1554 2091 352 2078 521 2399 2268 
36: 354 1458 1657 1857 1082 
244: 354 573 844 1157 1158 1597 1818 1940 1698 1670 1156 1703 480 2202 1573 1719 1700 1697 1924 799 1701 
1897: 354 1945 2060 2091 352 2399 2219 646 
1935: 354 85 639 371 542 1027 1310 1997 1657 1214 994 46 1072 1904 1933 857 2227 1934 262 926 958 964 1265 1327 2458 2174 2025 
995: 354 1657 1476 1424 
612: 354 2323 1464 1048 115 2199 1687 914 
1226: 354 1116 1657 1318 1249 1848 
954: 377 2479 85 991 1276 81 2361 840 167 168 1655 1199 2089 276 811 996 1730 
1108: 377 1483 2034 141 
26: 551 1783 424 
172: 551 
1321: 551 165 1334 2424 1361 2138 1333 
2030: 551 2479 1671 1295 229 
218: 573 2079 1578 735 958 1477 
405: 573 639 1677 295 296 1501 289 215 469 2101 1314 
1719: 573 844 980 1157 1158 1713 1597 1818 2239 1698 1651 397 1156 2091 1921 2238 1703 480 2202 643 1702 1573 1697 244 1924 799 1700 1701 1839 
2376: 573 1480 2000 2307 1965 
1385: 573 373 991 1424 1956 792 1587 105 
906: 573 980 2323 295 1167 2173 1657 839 1606 2279 462 2235 549 1814 55 1721 2107 717 1099 1674 
913: 573 662 916 1611 418 421 
1444: 573 844 980 657 1976 1768 2055 72 1166 1499 2452 2169 376 1509 829 
1235: 573 1527 52 777 1822 2254 1965 637 1085 
1085: 573 1235 
1264: 573 1740 1902 493 656 2328 418 2259 56 
56: 671 320 1027 2203 1589 2455 1026 1200 1264 
408: 671 915 739 139 472 620 1274 159 171 1103 
2300: 729 1129 1319 2479 1551 828 719 1353 202 379 737 2433 1934 
799: 844 1158 1597 1818 1154 1688 2249 2083 979 1651 1826 449 1156 1191 1548 1703 2168 897 480 2202 1573 1719 244 2334 1572 1924 
1701: 844 1157 1158 1597 1818 1094 1698 1139 1156 1586 1703 2202 1702 455 1719 1700 244 1697 
1573: 844 980 1157 1158 1597 1818 1696 1651 1156 1586 2202 643 244 1924 1719 799 
1745: 877 2080 337 1835 857 
2428: 899 980 1784 486 745 723 1332 1452 1497 695 2166 774 520 1847 60 775 2431 966 1040 1750 
68: 980 
961: 980 2266 1655 850 1791 1700 
2344: 980 1637 1027 673 
2356: 980 
2358: 980 
2442: 980 1713 483 1016 65 64 706 712 
1188: 980 85 1017 121 1334 1384 2199 600 
1916: 980 870 893 2380 
2005: 980 1011 1510 1677 649 955 2233 2174 2272 1937 1122 518 1797 1969 229 
2132: 980 565 
2155: 980 1940 802 1094 2229 1914 267 17 
2196: 980 
737: 982 1786 1154 2432 466 2435 272 1174 1353 2433 2300 897 
391: 1270 483 1894 550 1032 1898 146 
631: 1270 1944 1115 294 57 59 
709: 1356 1944 1450 2332 
2128: 1356 1551 700 701 703 2415 
545: 1552 
654: 1552 2439 1792 2202 476 
177: 1713 1462 1505 
287: 1713 1967 1310 1923 2332 1794 205 2023 
576: 1713 543 383 609 1388 
630: 1713 351 745 371 873 990 2091 2199 1424 299 902 1152 342 2137 1472 
664: 1713 652 1976 1856 2430 456 786 1841 902 
684: 1713 1944 1135 1303 1696 1027 749 114 1611 1730 403 
999: 1713 
2088: 1713 1212 1118 342 2334 232 
530: 1784 1786 
1898: 1784 1786 803 1334 1458 1809 673 1076 1483 461 208 699 564 41 346 391 1613 1772 1972 2180 
2418: 1784 1786 
2047: 1784 1786 2094 1758 1809 645 1483 461 163 868 2281 2392 
2236: 1784 1786 
374: 1480 85 1012 506 82 84 686 2078 
1715: 2253 2032 1944 1872 48 839 1771 600 1850 
86: 1624 160 803 1230 758 2275 
712: 1624 1212 1207 146 1028 2442 413 
834: 1624 644 2099 1370 
106: 1625 2239 1790 1431 662 2266 2375 1429 
1304: 1625 1790 1458 2095 1475 516 1985 
1952: 1625 795 479 1334 1893 1032 2229 2230 1589 1797 495 1518 
1750: 1625 1823 2471 1591 84 203 1773 2428 1333 196 2405 
2018: 1625 
1247: 1563 969 1164 2403 529 1657 1214 84 1482 2256 862 2374 699 643 166 
1803: 1563 2388 2126 1349 1805 
1652: 1563 170 1488 205 
1766: 1563 1965 717 2346 
609: 1786 1551 1547 790 202 765 1020 576 1256 
447: 2479 85 1997 1885 
677: 2479 
1936: 2479 483 2393 416 146 755 
1874: 412 85 1017 1851 1670 532 6 792 875 1026 1118 1302 1520 1848 1864 
126: 412 665 1703 
682: 412 1527 1583 170 1501 2432 679 2276 1479 649 777 1980 331 1611 1639 857 974 1419 403 1109 105 
268: 486 790 1773 420 1811 
1704: 486 150 
757: 795 1740 139 2223 1087 2224 1366 1794 2311 
1833: 795 357 1968 315 1399 2269 2343 1314 1030 
1020: 795 1263 801 1334 1547 1431 139 1191 609 1451 302 2111 1922 2475 
1093: 949 85 329 1510 801 328 1893 1836 186 2281 127 450 
797: 1011 
2317: 1011 191 
1086: 1011 298 1881 1136 228 839 2095 1339 146 342 1632 
2107: 1011 72 2279 462 600 599 2265 906 1721 394 55 1099 
175: 1054 
361: 1054 1203 1420 
1312: 1054 528 
1692: 1054 1825 1361 297 1596 
1682: 1135 384 2165 719 270 1424 557 
1507: 1181 639 329 160 1194 228 1555 2328 168 1928 800 1195 1074 2098 1588 94 355 767 1368 2100 
32: 1303 1696 2085 1655 
173: 1575 85 
1811: 1872 1263 483 1553 6 1773 800 268 
1992: 1872 1976 2190 719 1762 1553 686 1904 532 6 146 600 605 792 837 1118 1686 2259 2334 
775: 1872 1940 85 258 427 1016 1257 2432 1431 1026 2428 1656 837 
1962: 1940 1218 1765 1822 2112 2349 18 905 137 2009 2076 
1754: 1940 2432 1504 466 139 315 979 2051 668 702 1642 25 2349 
39: 1940 295 483 1809 1657 1618 564 1057 1204 821 978 812 232 2267 
93: 1940 329 840 1923 2241 806 411 92 557 
281: 1940 2349 
407: 1940 191 
409: 1940 
759: 1940 616 2415 
1030: 1940 715 1458 315 2051 2346 2349 1833 1986 1770 1776 
1143: 1940 2323 291 568 1192 1840 
2355: 1940 1591 
2192: 1940 1310 1822 2008 2281 947 236 818 
2201: 1940 452 
2431: 2239 747 165 542 543 2428 4 1333 2247 1487 2260 242 1258 1540 
731: 2239 482 278 2281 
1511: 2239 256 
1: 85 48 
360: 85 70 1140 2138 2136 2333 857 1559 783 1978 569 1960 
636: 85 1012 
1288: 85 1554 1555 2078 
1365: 85 461 252 605 
1685: 85 2323 1825 1016 714 1021 490 782 1256 1343 1668 1674 1877 
1812: 85 1012 1790 1458 532 1289 
1996: 85 1499 
245: 85 118 
1260: 1602 591 1941 1366 
1245: 337 915 2063 152 1431 64 1814 147 794 2343 1517 2318 1986 2023 
944: 368 329 801 328 1657 1009 2229 1586 549 962 480 829 1249 158 
431: 1012 2439 1399 352 1333 555 217 
1876: 1012 1677 295 470 139 1893 331 1914 215 552 1561 
1045: 1012 644 1017 82 1194 2450 1044 2138 686 1009 2229 2230 1813 1857 2254 87 455 
711: 1013 1583 1790 2073 1009 1555 1399 521 2395 
1440: 639 483 94 
1453: 639 506 1902 558 1133 
1737: 639 1194 1195 355 2098 94 
1490: 639 640 645 1424 1695 97 355 2145 1373 
1373: 639 645 421 1359 1490 1590 
1250: 639 483 1680 
2188: 118 304 
1492: 118 389 240 
978: 280 1583 2166 375 430 1529 2426 1655 1204 1736 1078 39 513 1187 2425 1394 2072 88 240 1776 319 557 1186 
240: 280 1583 282 430 582 283 1904 2045 2026 513 1187 2425 88 300 978 1518 1307 1492 
1307: 280 993 1187 2425 240 
1641: 329 2082 227 
2222: 329 1163 801 2352 1289 
1798: 329 801 1345 2064 1072 2091 433 211 83 
1343: 347 357 700 701 1765 2444 1266 1395 1685 868 2263 259 2335 137 2318 981 
722: 351 688 907 
2477: 535 857 1779 
2114: 535 1386 537 265 
1820: 644 1430 862 1089 
2354: 644 
1203: 644 1860 1044 1009 2229 416 1095 1728 398 2023 361 2004 
970: 738 1790 1032 1760 525 1191 518 1863 
1572: 745 1606 100 76 799 
1971: 747 2229 1475 1451 948 
2262: 747 165 903 1332 1823 1693 1326 
1678: 915 1263 139 1102 1857 146 1747 
1103: 915 1387 2024 1431 139 1274 678 408 1429 
453: 1017 1016 543 749 
1293: 1017 1331 1333 902 
1368: 1017 295 628 1507 2372 
1634: 1017 1765 490 103 
1781: 1017 1016 2439 249 2034 168 962 1112 
2299: 1017 483 802 1016 2073 1883 2449 1495 2229 1273 167 1217 1078 
653: 1029 585 1284 
2009: 1218 2112 905 137 1962 
3: 1263 
450: 1263 635 1139 234 1093 
544: 1263 1740 2420 
691: 1263 15 
1308: 1263 1464 880 1189 1315 395 
40: 1386 1214 307 1923 25 2436 232 
616: 1510 1172 2101 2415 1623 759 
107: 1527 993 1653 1528 
1528: 1527 946 493 993 2064 1885 1655 1333 693 107 1632 
1227: 1583 2455 809 
1337: 1583 801 92 
1901: 1583 
1661: 1583 328 1139 2076 1658 
1991: 1583 1618 792 
2200: 1675 1677 295 296 1501 289 1914 215 2390 469 
2098: 1790 483 1194 1997 645 1015 1432 1923 25 2090 2265 1195 1507 355 1433 1737 2100 
178: 1790 1693 139 880 1473 138 146 147 706 
1107: 1790 1424 1056 
1369: 1835 
1225: 1908 2282 44 304 957 
1111: 50 756 
1723: 50 1228 770 1883 1458 1643 2182 1797 
144: 165 1424 
2219: 165 234 993 1897 
1716: 165 1554 1657 114 2199 1333 1217 233 
346: 256 2190 115 1106 1898 2042 141 2090 1425 2067 
149: 293 793 2335 
717: 365 372 1016 1762 139 288 2224 439 1714 138 146 147 1779 906 1671 1766 
19: 1677 295 296 1885 1914 215 2390 469 1648 1561 
1439: 1677 295 296 720 289 2231 469 2093 251 
2093: 1677 295 296 1815 2034 1914 215 2390 1439 
1775: 1724 1740 1204 
2102: 1228 180 911 
468: 1740 167 
524: 1740 871 
1001: 1740 2332 259 
1039: 1740 
1607: 1740 2307 2199 
692: 1290 1415 1499 
2258: 145 487 2388 1354 1514 
71: 170 1076 2407 1613 1252 261 
1863: 174 1334 2298 1642 970 
812: 174 1809 502 1846 76 39 
2340: 187 213 604 212 2153 1458 209 620 1822 699 1296 2146 206 574 1946 205 
1870: 213 1699 2459 1946 
957: 295 168 1671 1225 
878: 298 483 673 2332 91 
1728: 372 487 82 1009 1980 2229 159 1203 1487 857 164 57 116 421 1420 2463 2148 
2325: 373 
1999: 479 1155 2154 207 
217: 483 1182 1399 431 105 
393: 483 
2441: 483 159 
1787: 483 120 532 1534 
1806: 487 2062 349 1201 2335 402 
1767: 487 679 
428: 539 2215 2393 1636 
1091: 539 
838: 539 
38: 647 2134 146 800 1118 2334 1989 
1279: 703 2298 
1536: 860 387 1184 1925 182 
1147: 903 1823 665 686 979 1370 2115 1102 6 2169 1333 252 1221 
489: 991 1175 1089 2101 
1824: 991 1809 1022 1822 100 699 1671 
1068: 991 506 1139 1809 1822 868 141 1424 699 1314 
1240: 991 1762 1008 1214 1589 1834 
1561: 1016 1322 1479 1529 706 1648 19 417 1876 
507: 1094 2249 1295 
728: 1094 66 189 2312 1344 1995 1025 2096 1262 2142 456 505 
1571: 1140 1458 1102 167 763 
2395: 1167 1194 673 1015 480 2456 711 
2209: 1215 1681 2215 307 600 1302 
1957: 1215 1920 
1977: 1257 
1362: 1582 1363 2002 2199 
1233: 2403 1214 84 1653 1834 
1887: 1910 
310: 2444 
2210: 2054 482 58 2056 1424 
309: 2242 770 1859 923 2246 
2246: 2242 1859 309 
324: 48 452 2251 
230: 78 2229 
1405: 191 
1230: 199 1062 86 1412 238 
734: 220 348 2429 725 166 
952: 290 901 1034 2310 1981 
1082: 432 1310 36 
277: 1322 1618 
111: 770 339 2012 2199 
2285: 1363 
670: 1881 1903 
900: 1266 1989 1314 
232: 2432 710 1458 272 1076 1212 1797 39 1289 2088 40 2314 
2087: 959 52 993 
2025: 1014 994 1980 1072 1904 1933 1935 2174 262 1327 1934 958 1265 2458 
2467: 2066 1985 2157 2067 
1442: 542 549 
97: 1681 645 2090 94 1490 355 1791 2145 
1351: 1617 1822 1295 
1676: 1950 1335 306 
764: 2225 783 693 
1805: 2388 1349 1803 
2040: 2310 608 108 
1535: 82 
2226: 1027 1139 1554 1537 
1192: 1758 579 2110 702 1191 167 168 1143 2111 1508 
859: 749 493 2328 1333 398 1827 
1142: 749 2134 
2486: 1139 1997 2051 1095 
2092: 305 1333 
1633: 1458 339 
875: 1361 1874 1311 
1408: 1361 591 
236: 1809 564 1204 2227 752 2192 
981: 1741 699 1643 1343 
358: 1554 523 623 1555 1606 2078 521 
1828: 1554 1032 1555 525 2078 
1665: 1995 1025 2142 
1269: 1025 1015 1506 1841 299 
1238: 1553 879 25 2263 
1420: 1044 1728 361 402 
1672: 2138 
1941: 1657 2000 1122 1260 
1794: 2223 840 2224 757 287 
1460: 1214 10 1834 124 402 2075 
743: 1214 1213 
2158: 1214 2202 1834 1679 
2077: 23 168 
378: 23 
314: 114 
725: 156 166 734 
2270: 209 1175 2146 1366 206 
122: 219 
222: 223 2273 117 
179: 228 2060 452 352 146 
248: 249 1530 821 2139 247 
2263: 288 138 146 147 1151 1398 2141 1629 1238 1343 238 887 
210: 339 767 769 207 
2411: 339 
1843: 339 814 816 817 
816: 339 1843 
359: 339 
1774: 339 2053 
1989: 430 1125 1126 1127 1128 1690 2364 38 2421 900 
1394: 430 1925 81 2008 451 513 2425 978 1854 
319: 430 513 1187 978 
1187: 430 1778 2426 706 978 240 1307 319 
1437: 777 829 
392: 822 1058 1793 
633: 846 2038 
2366: 916 
2422: 955 
2137: 990 342 630 
1268: 993 
451: 1015 1050 1295 1394 
1224: 1015 1923 
2365: 1058 1347 1424 1398 402 2421 870 2464 
1827: 1202 452 661 859 1078 849 
2476: 1205 2254 
2368: 1549 
559: 1606 
1382: 1606 
2347: 1606 
1056: 1694 1107 
1574: 1822 879 
251: 1981 815 1439 1948 
538: 2002 1398 
1705: 2051 60 2273 2349 
1063: 2064 600 2335 685 557 2130 1412 
648: 2134 
569: 2136 360 1004 1978 
330: 2181 1418 1376 
1098: 2256 1655 
155: 2420 1683 1424 1587 849 
610: 2460 1424 1587 
1838: 2481 2429 1655 169 
180: 2113 168 2102 
1832: 1161 1578 
629: 11 62 
567: 2393 146 1389 549 947 
534: 2429 
2027: 668 
1868: 688 2034 1773 1515 345 
2156: 713 564 
2458: 1072 1904 1933 1935 2174 1700 958 2025 
2010: 1084 58 1089 
830: 1239 1611 1548 857 
1520: 1874 646 
153: 1904 
1291: 1923 
1612: 1923 
15: 2008 808 691 
1242: 208 2199 
1621: 2271 2455 
216: 2199 2120 1295 
865: 2199 1655 2281 
1002: 2199 146 1613 1252 261 
1646: 2199 1217 945 2384 
229: 418 2070 2005 2030 
2121: 418 
41: 1898 1972 
2362: 2078 342 
411: 146 2043 93 2004 2329 
2194: 146 
2357: 1869 
1662: 1199 1355 255 
401: 773 25 
584: 2336 1616 
2026: 1389 88 240 
852: 1655 
1412: 1655 1063 1230 557 708 2130 
2129: 1655 
2035: 1655 
1079: 44 
1358: 44 
235: 1424 699 792 1587 1376 
1751: 1687 
685: 699 708 2130 1063 
395: 1308 
1566: 2265 
1313: 1384 
1258: 2431 
2100: 931 1507 2098 1000 481 660 2380 
2145: 97 355 94 1496 1490 660 
570: 706 1964 
866: 2455 
459: 2478 
1436: 1118 
1518: 2045 1952 88 240 
1254: 164 
2400: 455 
615: 942 
2380: 1916 893 2100 
1609: 2171 763 
1186: 513 88 978 
1964: 570 
201: 2101 2214 
2329: 411 
238: 2263 1230 
413: 712 
560: 1302 
2470: 1958 1623 
31: 1070 
308: 1070 1284 1092 
2311: 757 
1311: 875 
932: 2164 
214: 1707 
1577: 2335 477 2443 
1718: 1459 
2151: 1970 
1097: 948 
1508: 1192 
936: 2342 1785 
825: 1756 1755 
110: 1092 
1259: 767 769 
2214: 1623 201 
481: 2100 
660: 2100 2145 
2118: 2028 
708: 685 1412 557 2130 
2130: 685 1063 1412 557 708 
2275: 86 
814: 1843 
817: 1843 
2053: 1774 
911: 2102 2220 
148: 1314 
2443: 758 1577 
2220: 911 
