1377
0: 318 
318: 0 28 142 206 243 288 309 620 633 516 695 902 544 777 684 417 940 565 1073 823 887 345 867 486 996 
28: 318 935 189 191 1293 895 1245 865 682 552 577 11 14 748 1260 1008 262 1151 1165 670 1055 190 1182 1222 1077 1241 866 
142: 318 557 556 575 1293 1048 719 5 14 54 118 243 1015 771 772 780 544 1308 422 1315 684 1070 250 610 1082 582 584 467 1112 354 864 611 612 360 871 
206: 318 1293 375 994 1000 813 368 434 87 88 985 1186 27 135 501 1146 1291 662 805 936 951 1210 587 1352 972 598 604 1366 
243: 318 142 935 1229 561 1034 461 719 578 888 552 467 422 121 1150 521 780 794 1061 434 182 823 1231 218 22 486 14 15 89 126 154 160 164 198 217 234 241 747 496 245 1005 852 620 777 1014 1015 765 515 264 413 1215 689 412 924 754 419 294 296 679 417 560 309 945 695 1330 443 1207 1213 1341 708 965 359 1230 453 360 598 604 354 1242 867 1032 
288: 318 746 557 534 556 440 191 1060 912 314 461 732 78 211 552 863 363 467 295 517 794 434 831 87 486 88 1165 417 564 867 590 1056 443 23 631 190 270 285 287 367 1082 1008 748 768 900 902 397 1151 913 914 412 290 1174 550 679 681 938 687 1032 1208 322 1084 359 453 1218 846 869 509 300 532 
309: 318 243 1286 42 666 166 865 228 1241 413 632 419 74 129 240 506 646 945 330 592 723 
620: 318 243 467 434 335 1015 679 1230 
633: 318 769 1286 78 759 994 467 13 196 594 615 1005 634 904 780 1298 1185 777 944 823 760 761 1101 
516: 318 85 890 1293 37 349 880 218 525 774 197 832 26 134 139 153 277 402 542 810 689 1091 
695: 318 243 467 422 780 1044 434 182 1231 985 1341 1015 594 866 398 679 777 359 762 1230 241 294 754 924 196 127 570 640 1005 1039 708 
902: 318 288 1293 491 584 658 533 434 867 494 1192 236 287 1091 1104 290 302 1230 1208 185 210 270 300 450 869 1305 
544: 318 142 534 935 177 1204 1229 441 375 895 166 78 211 578 470 1373 1059 1088 577 979 467 422 780 87 218 486 88 14 117 118 765 1046 54 74 77 139 154 221 296 300 315 335 345 455 473 481 488 530 618 588 770 819 723 1151 1026 925 754 1308 550 679 1089 684 689 1073 1235 1023 1103 854 1091 1237 735 1230 
777: 318 243 633 695 534 42 1233 719 864 467 422 471 521 780 1185 1186 867 413 285 498 198 245 256 292 431 432 446 479 572 598 685 743 757 789 1316 
684: 318 142 544 888 517 434 117 118 1308 54 1341 335 227 1227 145 315 1252 898 689 
417: 318 243 288 534 976 1034 78 72 478 247 864 235 467 295 368 517 780 87 218 486 88 14 505 1308 46 54 69 119 185 186 201 244 250 253 300 302 305 325 354 360 1266 1062 1020 901 1105 1267 1033 1171 754 723 931 681 1326 433 1070 567 853 1235 867 616 
940: 318 746 42 85 1233 314 759 994 1059 790 202 467 870 14 69 90 130 133 135 226 277 286 350 382 436 677 714 766 868 1124 1083 1032 1176 1050 1008 1071 1090 1250 
565: 318 534 1034 151 1370 678 1341 200 635 917 460 861 442 412 1253 153 437 485 
1073: 318 544 1060 118 747 
823: 318 243 633 72 467 422 13 634 1150 780 794 434 196 241 294 333 381 410 419 496 679 1005 1015 1214 1130 924 1087 
887: 318 746 414 935 440 817 745 1029 815 
345: 318 544 467 652 1341 1015 124 69 789 473 1116 1340 
867: 318 243 288 902 777 417 746 557 534 935 556 440 1204 1060 1293 1163 912 314 732 865 78 888 790 863 235 517 794 1185 434 107 401 486 15 1165 208 564 200 27 174 185 190 201 270 285 290 322 359 397 412 453 498 509 541 545 585 590 592 650 654 679 681 687 689 698 728 731 748 768 846 866 1008 1031 1032 1056 1062 1077 1082 1084 1085 1124 1141 1151 1168 1174 1181 1194 1208 1260 1348 869 873 896 913 914 938 943 
486: 318 243 288 544 417 867 377 557 935 556 440 189 191 1355 1229 441 1293 375 37 561 816 166 1245 1034 719 72 470 888 1373 329 552 883 863 266 247 1137 813 202 1370 864 235 363 13 121 517 780 794 669 1185 1061 434 107 87 1231 218 19 49 66 69 88 103 104 160 200 239 245 256 262 267 302 333 359 371 376 382 398 419 442 443 498 500 525 548 1056 558 1066 1070 1077 1079 1082 1090 591 1114 609 611 1123 1124 1126 623 1141 642 655 1165 1173 678 687 691 698 1208 948 1220 1227 1241 1246 1248 744 747 1260 1211 768 1318 786 808 1319 1341 843 846 635 898 900 564 945 952 965 1214 573 1080 487 996 
996: 318 486 746 557 414 935 556 191 85 894 647 1284 1163 912 1034 759 829 1059 790 552 658 388 1055 813 467 368 378 87 296 965 818 1247 997 635 75 631 77 1008 1151 1227 160 745 520 455 174 1153 1138 558 240 395 742 993 1095 252 1258 415 1237 135 999 134 214 269 301 462 536 646 934 958 1029 
935: 28 243 544 887 867 486 996 1 746 377 557 534 42 23 37 43 44 67 78 83 89 96 103 104 148 160 161 164 166 179 188 189 190 191 200 212 222 224 231 235 236 239 240 267 285 314 331 340 354 356 358 359 375 376 378 382 412 415 416 436 440 442 453 467 487 494 505 514 523 533 555 556 558 577 578 635 642 649 658 668 669 671 683 685 688 693 696 698 705 709 714 735 748 758 759 771 780 790 806 811 813 815 816 820 826 827 828 829 863 866 888 889 895 912 913 914 918 919 934 1008 1009 1025 1034 1035 1054 1055 1070 1074 1076 1370 1090 1093 1095 1106 1371 1130 1145 1151 1163 1165 1000 1173 1182 1218 1222 1228 1233 1237 1251 1252 1258 1041 1291 1216 1048 1174 1315 1360 1061 1064 1320 938 960 962 993 965 968 973 977 994 985 1250 987 
189: 28 486 1 746 534 155 414 935 37 61 83 90 93 96 161 164 169 238 747 748 495 978 883 240 251 888 1141 1144 768 388 772 1151 912 914 1165 1055 552 682 428 1063 432 436 745 190 191 1111 829 956 359 1309 965 461 441 976 979 349 351 1370 1245 1246 233 487 
191: 28 288 486 996 1 746 377 557 1286 1292 534 155 414 935 555 556 440 189 44 49 51 67 96 103 104 110 118 130 135 148 160 164 166 182 190 745 239 1008 240 1025 522 1174 1063 1055 1057 1061 558 1070 1074 1076 1090 1093 1151 649 1163 775 682 683 687 688 1200 200 1215 203 698 1222 212 1233 732 231 233 234 742 1252 747 748 1258 771 772 267 780 668 1297 790 805 301 1319 813 816 1326 314 826 828 1336 846 340 552 864 865 866 359 871 368 375 378 889 895 401 912 913 416 934 939 436 822 960 453 965 993 980 987 829 
1293: 28 142 206 516 902 867 486 377 557 1286 1170 555 44 61 96 273 298 314 359 464 552 647 1000 1034 1053 1048 1106 1150 1258 1307 818 803 1372 883 912 1162 973 994 47 150 195 211 235 258 376 1006 517 553 1091 783 1245 758 765 1229 3 7 11 22 27 29 38 60 72 80 81 90 108 111 116 118 121 123 124 131 141 144 145 146 154 168 179 190 212 213 229 241 247 248 253 263 272 276 280 281 287 296 302 305 320 336 343 350 355 357 360 361 365 367 370 372 373 386 399 405 413 422 434 435 461 465 467 469 479 481 483 485 487 499 505 506 509 533 539 540 543 546 550 554 560 564 567 573 581 584 587 614 622 625 626 627 639 640 652 664 676 679 690 711 713 715 718 722 735 755 756 762 764 771 773 774 781 785 794 795 809 811 812 831 842 844 845 850 868 875 886 910 928 929 939 985 988 995 1001 1007 1008 1023 1030 1032 1057 1061 1068 1082 1094 1104 1110 1122 1124 1126 1133 1149 1156 1158 1169 1178 1188 1190 1197 1198 1208 1211 1216 1218 1232 1246 1248 1263 1268 1270 1358 1362 1335 1294 1304 1313 1315 1340 1360 1363 1364 1366 1329 1349 1350 
895: 28 544 746 377 557 4 534 42 935 1204 191 960 85 34 61 96 129 160 169 200 239 314 356 430 442 470 472 530 552 558 577 578 647 654 678 745 1000 1034 1074 1048 1090 767 1151 1165 1173 748 790 818 1054 889 1370 883 14 47 67 119 151 166 188 226 237 246 260 266 267 268 272 277 291 329 368 372 383 428 436 444 453 481 494 514 527 532 533 682 705 762 764 765 775 829 833 852 863 864 866 880 888 1008 1014 1025 1070 1093 1163 943 1218 951 1235 1245 1327 912 1153 958 965 971 938 979 984 
1245: 28 486 377 557 4 534 42 555 189 575 1060 44 200 314 359 441 472 577 687 732 1034 1053 1090 1151 748 1054 883 895 912 952 979 994 88 104 211 235 1293 1163 683 561 11 19 53 78 180 181 233 262 281 285 286 290 302 324 432 453 461 487 500 509 513 576 626 689 710 719 731 765 772 787 806 819 820 851 863 864 865 866 880 898 939 975 978 988 1005 1033 1062 1066 1070 1071 1102 1132 1137 1178 1200 1241 1268 1285 1291 1331 1359 1247 
865: 28 309 867 4 1286 534 556 191 1060 960 161 200 273 314 441 536 558 642 678 732 1074 1150 1151 1165 748 790 889 912 951 965 987 87 88 103 322 329 358 375 1245 914 993 699 190 1008 710 1241 794 866 683 121 170 224 225 233 256 262 285 287 290 333 379 428 434 447 453 473 491 505 509 532 564 590 598 623 631 643 681 689 708 722 728 747 771 772 806 815 820 828 842 864 1005 1015 1021 1067 1077 1084 1088 1097 1098 1105 1119 1168 1373 1174 1185 1194 1207 1248 880 938 
682: 28 128 189 191 960 160 239 472 552 577 669 698 1055 748 790 895 951 968 979 517 780 436 7 67 90 165 233 276 453 623 1285 1174 811 815 1070 926 1032 710 839 699 863 
552: 28 243 288 486 996 746 377 534 155 414 189 191 960 85 160 239 240 314 359 472 1293 375 895 912 1048 561 166 1074 732 211 759 578 994 156 888 329 7 682 81 790 8 36 77 83 87 88 118 119 164 174 180 190 215 235 244 247 262 265 266 268 276 281 331 338 339 372 428 434 435 436 443 448 465 518 545 1252 1253 1008 793 1014 1064 1066 762 1077 1090 593 610 611 612 1122 1125 1127 625 1154 649 652 658 1165 1183 681 1192 1200 1188 1217 1291 735 745 1260 754 1263 758 1269 764 775 780 626 794 1307 1315 818 1326 1327 1332 833 1344 854 863 866 881 896 921 958 965 993 977 
577: 28 544 746 42 935 1204 960 85 44 61 96 160 200 239 240 298 359 430 442 558 1229 895 1163 166 1245 1034 383 211 829 578 1000 329 682 790 8 883 863 15 67 118 119 188 201 237 241 265 266 268 286 296 297 322 368 444 453 481 505 745 1082 747 767 1151 1008 748 943 1070 1200 1328 951 833 965 847 978 979 854 1235 593 1057 743 
11: 28 534 363 1055 813 1370 979 235 1245 1293 1110 561 888 247 1137 268 1164 1300 811 202 207 864 233 
14: 28 142 243 544 417 940 557 534 1204 1060 200 314 441 671 678 854 1157 1165 963 895 912 965 979 994 87 88 158 208 375 600 765 780 1070 1229 1310 461 78 349 1059 1297 266 1315 247 233 467 422 910 218 117 118 504 505 1043 1196 15 229 985 31 916 918 1046 1308 1057 1186 808 54 355 1200 296 651 1334 1341 335 845 120 465 339 351 564 227 744 
748: 28 288 867 746 557 534 155 935 189 191 826 135 200 239 240 314 388 412 558 577 647 732 1055 1151 1165 895 912 1245 865 349 829 682 790 813 979 233 521 434 351 965 1025 693 267 104 190 436 697 1252 750 889 905 866 973 978 868 
1260: 28 867 486 441 552 1165 979 47 1202 487 467 19 69 202 233 768 1315 1056 1229 247 978 772 203 256 1185 198 343 98 286 720 848 1294 
1008: 28 288 940 867 996 557 935 556 1204 191 826 960 61 239 400 412 430 552 558 577 997 1048 1151 1165 813 895 912 958 1252 979 77 211 260 1014 743 758 1293 914 993 67 190 1163 1113 865 829 888 233 1177 434 428 1196 529 917 57 192 397 416 468 524 526 583 730 731 750 799 806 815 828 866 868 913 978 1009 1321 1298 1216 1218 
262: 28 486 552 1165 1370 195 235 668 1245 1110 487 1070 866 865 263 863 1315 15 
1151: 28 288 544 867 996 746 377 557 534 155 935 189 191 960 61 135 200 239 240 301 523 537 577 745 997 1029 1055 895 1163 912 1245 348 865 358 863 266 268 813 979 422 260 652 780 215 1185 434 1165 1046 1057 1157 758 820 212 748 1008 32 67 69 203 258 332 350 512 706 793 828 866 868 959 1014 1080 1122 1141 1336 1318 1162 1263 1259 1217 1237 
1165: 28 288 867 486 746 557 1286 534 42 935 189 1204 960 160 200 412 552 578 669 732 999 1151 895 1163 912 817 865 211 156 790 202 1370 467 422 517 910 794 434 182 428 88 14 16 23 27 55 79 122 186 190 204 225 226 228 262 267 270 285 287 290 300 322 354 453 498 500 509 532 564 568 585 590 627 631 650 679 681 689 714 728 748 772 842 866 900 913 938 943 969 973 977 1005 1008 1031 1032 1076 1084 1112 1173 1248 1252 1260 1271 1287 1216 1294 1174 1314 1367 
670: 28 555 556 440 1204 558 669 671 13 174 410 37 50 354 1080 1210 51 1181 981 1177 
1055: 28 996 746 377 557 534 414 935 556 189 191 826 960 85 44 134 135 160 200 239 240 314 359 378 395 400 412 455 530 536 558 647 654 687 732 742 745 997 999 1029 1034 894 1284 1163 1074 1113 211 829 641 682 790 11 77 89 104 214 267 296 453 479 525 527 622 631 648 705 710 728 748 813 818 874 896 913 934 948 965 993 1018 1076 1336 1095 1101 1151 1216 1274 1285 1326 1153 
190: 28 288 867 557 935 189 191 960 96 200 359 412 470 530 552 558 1000 1165 748 1054 1370 883 912 1252 979 77 211 375 650 674 1293 919 658 1070 67 1229 865 242 1373 1088 864 303 918 296 651 227 744 525 774 772 1089 1008 74 183 369 978 1009 1141 643 771 750 913 350 1178 986 936 1066 1343 567 1212 984 866 
1182: 28 746 155 414 935 1060 75 388 854 1157 211 1059 467 88 296 965 758 1025 820 971 917 89 138 514 781 962 964 1038 1095 1290 1323 
1222: 28 746 155 414 935 191 1060 169 388 412 442 455 767 854 1157 1163 211 994 1059 266 467 780 88 296 965 818 758 1025 1076 820 451 331 267 89 181 246 350 514 781 822 828 1038 1095 1210 1258 1290 1321 1323 
1077: 28 867 486 129 314 552 1048 1251 790 1054 965 47 153 208 211 258 267 297 375 780 487 372 383 467 1241 866 865 78 382 202 233 652 1315 1229 938 203 939 500 681 1207 1081 
1241: 28 309 486 557 556 575 1048 1054 104 258 1245 765 487 467 1229 865 888 266 202 233 1186 939 382 1077 203 500 866 
866: 28 695 867 557 1286 534 935 555 556 191 1060 960 200 273 314 412 441 552 558 698 732 1034 1074 1090 1151 1165 748 790 816 1054 889 895 912 951 1252 965 968 987 87 88 103 235 322 329 358 375 650 1245 743 914 739 993 67 190 226 340 467 1008 1163 710 1241 794 683 865 156 1373 1088 880 247 864 233 121 652 1044 1185 434 428 505 1334 564 262 590 623 772 820 212 594 938 1077 170 181 186 199 225 230 234 256 270 285 287 290 300 305 333 379 447 453 473 509 532 598 630 679 681 689 708 722 728 771 785 815 821 828 842 844 1031 1049 1066 1098 1114 1168 1174 1194 1207 1243 1360 904 
557: 142 288 867 486 996 1 746 13 14 20 37 42 50 56 67 85 96 103 104 110 123 147 166 174 190 191 200 226 240 245 267 272 273 312 314 336 340 349 354 359 360 369 372 375 376 378 383 410 467 495 522 534 553 555 556 1008 1025 1034 1048 1050 1055 1074 1078 1080 576 1087 1268 610 1133 632 1141 1151 1163 1165 663 669 671 1196 691 781 1215 710 1204 721 1233 1241 1245 748 761 767 1285 1293 790 794 804 883 813 826 827 993 846 1355 1357 854 866 895 558 912 913 914 922 934 935 960 963 965 575 
556: 142 288 867 486 996 1 746 557 534 935 555 13 50 56 67 79 96 103 123 138 166 174 191 208 211 240 245 247 267 268 272 273 299 308 312 314 328 340 349 354 359 372 375 378 399 453 462 553 1008 1025 1026 1039 1048 1055 1071 570 1080 589 593 598 600 1111 610 635 1163 669 670 671 692 697 781 1215 866 1233 1241 735 743 745 1268 1285 779 790 880 1310 804 811 813 1326 826 1334 1355 1357 865 1373 558 912 951 960 963 965 977 827 575 
575: 142 1 557 534 155 42 556 88 196 229 277 314 354 359 441 500 514 550 553 747 1132 788 1062 762 787 669 1060 829 1200 1048 576 611 960 612 719 1355 851 1359 1360 600 1241 610 1245 1246 1357 
1048: 142 746 557 4 534 155 935 556 575 960 1233 160 314 359 552 578 698 1293 375 895 1163 912 20 37 47 72 78 133 147 165 215 302 358 432 437 477 492 505 543 589 616 643 790 792 795 796 804 806 827 846 938 967 978 979 994 1008 1019 1021 1251 1169 1185 1241 1066 1077 1119 1215 1094 1230 1315 1109 1336 
719: 142 243 777 486 4 534 177 575 1233 297 1245 383 78 374 1061 
5: 142 1204 578 759 994 211 259 349 78 829 72 
54: 142 544 684 417 534 42 169 441 530 790 87 375 1091 600 14 349 467 1310 561 502 1308 1059 266 117 118 504 15 229 985 916 918 1046 1257 635 385 398 680 651 1115 1076 1334 335 330 845 847 1247 744 
118: 142 544 684 1073 534 191 441 442 455 552 577 629 767 1138 854 1173 790 43 87 88 158 258 375 1014 600 1293 1070 14 166 467 1163 1310 1308 54 1229 1059 266 864 295 422 218 117 15 49 73 74 845 241 876 119 635 764 283 387 771 772 1026 429 744 1344 651 563 824 1334 918 325 330 1219 460 335 718 847 1046 221 602 679 308 1366 985 1186 229 
1015: 142 243 620 695 823 345 442 1150 790 1361 905 965 1109 521 765 1231 463 147 467 1215 761 348 865 505 434 625 852 89 247 1032 15 1044 182 234 196 1341 619 413 422 627 1197 218 798 457 689 264 1299 217 594 757 924 1207 
771: 142 534 935 191 245 441 530 687 854 1173 790 883 822 994 211 232 322 376 780 1293 166 190 1196 794 866 865 863 118 434 525 768 1229 156 247 864 295 422 1185 531 985 918 443 496 1066 236 679 498 1114 1217 1082 598 984 1246 473 499 538 548 715 1124 1045 1161 1004 945 1242 1342 1218 1360 
772: 142 189 191 687 1165 1173 883 822 1091 1109 1245 780 1070 190 1196 794 866 865 19 118 233 434 525 768 1246 985 236 918 143 598 842 473 1088 1137 422 1185 531 227 1260 184 256 538 548 602 715 1124 798 1066 945 1082 984 
780: 142 243 633 695 544 777 417 823 486 377 534 935 191 61 160 200 356 359 552 578 698 1074 1138 1150 1151 1173 1222 790 1054 951 822 979 13 87 88 104 211 235 267 322 375 521 691 783 765 1229 166 72 682 584 1315 202 864 467 422 121 652 14 15 67 83 124 127 182 184 198 203 212 215 236 264 272 292 360 372 413 421 434 453 457 496 503 505 573 594 598 611 679 689 694 705 708 729 754 757 768 771 772 1004 1005 1039 1066 1070 1077 1083 1098 1185 1124 1155 1178 1230 1231 1207 833 1341 1342 842 1352 869 873 884 896 901 1212 916 918 924 944 993 974 978 984 985 
1308: 142 544 684 417 1286 534 1173 790 912 375 14 467 505 1059 266 247 268 118 54 265 371 394 421 513 636 1200 1240 
422: 142 243 695 544 777 823 359 1150 1151 1165 759 790 963 1361 979 13 174 517 521 783 765 780 1293 14 147 1087 1215 794 348 505 1227 118 652 754 771 1315 852 820 918 72 499 772 234 864 1185 1341 12 1178 22 121 241 413 35 217 230 244 264 1004 1342 1015 1294 1155 1005 679 924 1318 433 689 1207 644 1083 1212 457 1299 1352 1098 798 982 1114 496 
1315: 142 534 42 935 566 826 960 1233 200 314 412 441 536 552 1048 854 790 804 816 818 1054 883 912 965 987 104 235 375 376 1014 1353 1099 674 780 1293 1110 437 14 110 336 360 522 1196 1215 683 461 382 10 186 327 434 447 525 927 1085 1026 1226 1270 888 343 16 23 91 106 168 247 250 262 278 285 305 330 335 411 422 500 501 503 546 551 623 630 635 636 655 681 720 838 870 881 901 938 939 980 1016 1066 1067 1077 1082 1114 1130 1169 1230 1234 1248 1260 1358 1321 1352 1354 
1070: 142 417 486 128 534 935 191 1233 200 359 577 578 654 687 698 1150 1173 790 883 895 822 208 322 1091 650 1245 780 993 682 1229 166 461 156 1373 584 1137 864 233 794 1185 434 218 531 14 118 1196 985 918 26 91 143 145 170 184 190 227 236 256 262 263 292 323 423 473 483 513 519 525 548 598 611 613 615 637 679 705 715 768 772 820 842 868 873 982 984 1004 1005 1066 1082 1101 1116 1178 1187 1230 1246 1298 1320 1341 1342 1362 
250: 142 417 42 1355 169 200 298 314 997 1072 994 211 258 297 375 410 37 467 781 561 863 19 434 649 1315 296 343 266 635 774 589 70 141 236 622 755 923 938 821 587 1105 679 731 
610: 142 557 42 555 556 575 359 552 558 669 1173 13 88 174 553 550 896 888 218 127 196 371 443 873 1016 1026 1095 1374 611 612 
1082: 142 288 867 486 245 577 854 912 965 1293 1070 336 913 447 771 1315 806 772 864 81 1197 
582: 142 169 818 375 1076 296 1171 
584: 142 902 1357 979 77 211 780 1293 1070 434 1229 1208 978 7 216 274 339 350 352 513 679 1316 982 
467: 142 243 288 620 633 695 544 777 417 940 823 345 996 557 935 1060 240 245 388 412 441 442 464 537 597 687 997 999 1000 1150 1165 1173 1182 1222 1274 1275 1276 1277 1278 1279 1280 1281 1282 790 963 813 1361 883 905 1153 958 987 158 174 188 211 329 1014 518 650 521 691 783 765 780 1293 1231 641 14 147 226 1229 348 242 328 81 863 247 202 12 15 22 32 40 41 54 68 69 89 90 118 119 120 121 122 127 154 182 203 215 217 234 241 244 250 264 265 278 286 294 296 308 368 379 413 429 433 434 453 457 462 496 1004 1005 499 1007 747 505 1015 525 533 921 1046 1352 1066 563 1071 1077 1087 585 590 1098 594 1101 764 617 619 632 634 1144 643 645 651 679 1187 689 1200 1032 1210 1215 1230 1235 598 731 1207 1241 1242 1247 1260 754 761 1271 1299 794 798 825 1334 1308 1341 1342 843 845 852 1364 866 723 904 916 924 945 1196 947 982 985 708 481 
1112: 142 414 1165 1251 259 1215 1140 666 447 927 819 
354: 142 243 417 557 935 555 556 1204 575 960 1355 359 419 558 669 1034 1035 1165 790 1357 174 208 50 166 461 72 247 670 700 918 355 651 405 372 154 49 360 51 100 241 885 763 1022 538 795 563 1181 943 1329 1346 981 616 
864: 142 777 417 486 191 412 419 687 790 883 895 822 994 158 208 235 1014 517 1091 691 1245 780 487 1070 190 1163 1196 794 866 561 461 865 78 11 19 69 118 434 525 868 649 1271 768 771 805 1229 1246 985 119 1348 498 285 236 918 598 72 623 473 1124 203 1137 254 286 300 422 429 531 594 621 757 1185 1082 1066 984 
611: 142 486 534 575 1060 359 442 552 841 994 87 88 174 208 1099 780 550 896 1070 610 794 666 78 1200 888 218 443 1374 1016 612 333 878 1188 
612: 142 575 359 552 1106 841 174 553 550 896 1050 610 78 611 766 1026 1270 888 1374 331 55 443 371 116 1137 1016 64 333 945 
360: 142 243 417 557 155 1204 960 359 558 669 790 889 780 1293 436 50 354 72 1315 247 1177 182 313 918 355 405 938 49 51 52 241 885 763 457 945 1329 1346 1230 484 
871: 142 191 442 790 889 77 7 178 1023 1299 
375: 206 544 486 377 557 4 534 935 556 191 960 1233 61 135 205 298 359 378 388 412 418 441 442 470 472 530 552 1029 1048 1173 790 963 804 1054 1361 883 912 1153 951 952 965 987 994 6 77 104 158 211 259 267 322 329 358 1229 14 15 23 54 65 79 91 110 117 118 119 168 173 181 190 197 202 203 214 215 218 237 247 250 277 285 295 325 328 333 338 343 350 490 491 492 522 1014 1016 511 579 517 1025 1046 1352 549 1057 1066 1071 1077 1085 1088 1094 847 1105 1110 681 1130 1136 514 636 641 650 651 655 1167 1168 1373 1174 1196 630 1200 1210 1223 720 743 750 582 764 866 780 1291 710 793 1308 1310 1315 817 821 845 1353 1354 805 863 865 1376 870 1262 382 383 643 901 938 939 943 437 953 758 451 966 461 972 471 474 984 985 744 
994: 206 633 940 746 534 414 935 135 160 200 314 359 442 552 654 675 745 1074 1048 1078 1222 790 813 1370 1293 375 1245 5 211 259 6 14 36 74 197 232 250 260 265 266 267 268 272 292 328 329 347 382 426 444 481 506 514 549 567 587 609 611 615 667 681 751 753 758 760 771 784 795 835 852 859 864 880 888 918 934 944 969 985 1014 1025 1342 1343 1069 1085 1166 1167 1168 1207 1217 1235 1302 
1000: 206 746 377 1170 935 1204 1060 96 135 169 205 314 359 388 400 419 441 442 455 470 530 577 647 654 678 745 1293 895 683 1074 383 78 72 6 38 139 167 190 202 228 232 236 242 296 303 328 329 368 382 445 463 467 478 583 616 628 641 679 739 751 781 801 818 833 839 854 888 897 898 905 965 988 998 1026 1044 1059 1076 1106 1138 1169 1174 1153 1291 1297 1373 
813: 206 486 996 746 557 534 414 935 556 191 826 85 75 134 135 160 200 240 301 314 378 388 415 455 536 558 646 647 742 745 997 999 1029 1034 1055 1138 1151 748 1258 759 790 1163 912 829 994 658 11 13 77 174 214 296 467 631 648 1005 1008 896 993 934 818 820 1153 958 1076 1095 965 948 1247 
368: 206 417 996 1204 191 96 200 205 314 359 388 400 441 455 577 647 678 698 1000 1106 1138 854 818 895 1153 13 211 600 463 641 383 467 1196 781 78 863 382 677 167 1026 801 1174 296 236 693 779 72 242 998 1059 303 38 1016 898 1169 583 839 445 833 679 
434: 206 243 288 620 695 902 684 823 867 486 534 566 440 960 56 200 298 359 419 442 552 1138 1146 1150 1151 1165 1173 748 790 858 979 13 47 77 87 88 174 322 1091 600 650 674 521 765 780 1293 1231 436 487 1070 37 349 467 1008 1087 794 866 1254 865 78 863 549 183 186 202 242 628 1373 1059 425 584 266 1315 247 268 864 121 652 1185 26 29 40 112 127 154 184 196 212 230 241 248 250 265 279 285 287 294 313 335 350 352 374 379 405 413 433 496 1005 662 501 1015 1020 1026 525 755 1066 1071 927 1083 1097 594 1103 1104 602 614 626 627 643 651 1178 1197 679 438 689 1207 1208 1211 1213 708 1217 722 1230 1235 1247 744 747 1264 762 764 768 771 772 1287 793 820 1341 1342 1358 852 1360 884 1149 901 916 918 564 945 444 446 956 450 451 453 457 969 984 988 484 
87: 206 288 544 417 486 996 377 1170 1204 1060 135 442 552 578 745 883 13 1229 666 166 865 72 232 888 641 328 329 266 880 268 202 780 215 1185 1061 434 14 40 54 878 119 1269 1144 386 514 265 1285 1290 1291 1294 118 372 1178 292 174 1217 181 564 762 443 573 611 203 285 335 866 1014 88 598 729 667 985 487 488 
88: 206 288 544 417 486 377 534 575 1060 61 96 442 464 552 578 597 687 712 1034 1165 1173 1182 1222 1274 1275 1276 1277 1278 1279 1280 1281 1282 883 912 987 13 87 1229 166 1245 865 72 641 328 266 268 1164 202 780 215 1061 434 610 14 1337 498 1014 564 94 611 616 118 643 667 1181 174 692 1211 203 729 744 241 1259 758 764 265 1294 287 292 1313 1318 322 335 350 866 868 386 443 985 488 
985: 206 695 534 935 314 530 678 790 883 994 87 88 258 375 1014 780 1293 896 1070 14 467 1163 561 505 54 118 328 764 771 72 343 1088 864 303 1044 236 477 481 602 635 679 772 872 982 984 1062 1089 
1186: 206 777 558 14 1241 118 525 119 700 268 265 266 15 1340 181 26 667 136 701 
27: 206 867 1165 77 211 1293 444 764 156 481 
135: 206 940 996 746 377 534 191 85 1355 441 375 314 1074 1034 211 759 259 72 994 1000 888 883 151 1055 813 1370 260 87 505 1196 678 1157 1200 296 854 169 818 1076 1248 748 1151 224 160 959 949 952 455 1138 896 687 240 370 841 330 1026 654 727 898 269 537 804 681 1029 198 199 344 353 1372 617 
501: 206 418 1146 666 434 735 1315 296 1352 881 
1146: 206 746 85 314 388 418 678 1297 434 735 616 99 110 390 501 881 
1291: 206 377 935 555 160 169 314 441 455 470 530 552 671 1000 1078 854 1157 818 82 87 211 232 329 375 1014 1245 1229 998 478 641 328 425 863 266 202 296 651 631 201 896 64 99 221 269 276 445 585 792 988 1237 1329 
662: 206 434 296 266 481 602 334 
805: 206 534 191 314 388 536 647 678 1265 1370 912 965 375 1145 919 463 658 1025 291 927 648 649 864 303 820 474 481 873 893 1325 248 1232 982 
936: 206 190 590 1343 1052 
951: 206 746 377 1286 534 414 556 85 96 160 169 314 455 520 577 578 678 745 1029 759 1284 818 874 895 375 166 865 72 1059 682 863 266 780 296 965 866 1141 236 1207 1337 80 237 269 1018 1037 1216 
1210: 206 414 1222 1274 979 987 375 765 467 69 1026 72 116 670 820 481 946 
587: 206 388 1072 994 77 1293 505 328 250 589 73 1044 622 343 481 774 877 731 1105 
1352: 206 314 536 818 1328 211 375 1353 780 372 467 1315 1354 1360 296 938 409 939 422 756 244 501 
972: 206 578 375 
598: 206 243 777 556 530 578 790 87 765 780 1070 467 794 866 865 771 852 554 212 268 1039 266 864 121 1185 1341 772 594 413 1066 679 1207 901 265 294 379 457 595 1005 1083 708 1097 
604: 206 243 245 208 322 600 808 473 423 70 1318 1043 717 162 
1366: 206 517 1293 666 118 888 1342 1346 
1229: 243 544 486 534 42 1060 298 577 997 854 1251 858 883 87 88 103 104 211 232 297 329 375 376 517 780 1291 1293 471 1070 14 37 190 272 383 467 1080 1141 1241 794 275 502 533 505 863 60 107 118 139 202 215 325 514 1200 868 764 1026 754 771 1057 2 21 29 64 66 74 119 198 203 247 256 278 295 296 305 330 338 421 500 584 619 630 635 643 845 864 932 961 969 974 1046 1059 1061 1068 1077 1137 1178 1185 1249 1260 1283 1325 1334 1368 1374 1246 
561: 243 486 4 534 200 245 359 441 442 552 675 1074 1251 13 232 260 267 329 1245 765 1303 1110 436 487 383 1163 1215 11 15 16 40 54 69 119 219 241 250 266 279 294 313 423 444 457 496 532 764 636 1022 786 1085 689 692 945 1076 955 571 1358 602 851 985 1243 864 
1034: 243 417 565 486 996 746 377 557 4 414 935 826 44 75 96 135 245 359 388 412 536 577 1293 1140 895 1074 1245 29 88 137 174 267 277 339 354 358 461 465 471 546 692 696 759 813 818 827 842 863 866 898 932 1025 1033 1198 1370 1080 1055 1067 1307 1215 1090 1091 1374 1206 
461: 243 288 4 189 359 1034 790 979 375 517 1245 1293 1070 14 354 372 7 15 72 74 105 179 264 343 420 762 652 1033 1302 1178 1056 1198 1315 1064 465 978 864 
578: 243 544 746 534 42 935 1204 1060 44 160 239 240 442 552 577 895 1048 166 383 5 6 87 88 186 208 237 260 265 266 268 272 322 329 525 745 780 762 1207 1165 1059 1066 943 1070 951 714 972 598 854 1235 984 
888: 243 684 867 486 534 935 189 960 1355 1233 135 169 200 240 301 359 412 442 455 552 669 698 732 745 1000 895 912 952 822 994 6 87 103 104 267 329 527 846 914 919 993 641 1008 1025 610 1241 794 934 683 11 107 611 1315 879 242 998 628 89 483 612 744 1130 957 938 1152 1101 1373 929 1366 1209 950 1122 
121: 243 486 13 780 1293 487 467 794 866 865 202 327 434 754 285 598 1185 422 924 1207 740 
1150: 243 823 746 1204 160 745 1293 865 72 790 266 233 235 467 422 13 236 241 294 381 410 413 434 496 635 679 689 722 757 765 768 780 820 1015 1070 1087 1230 1231 1341 
521: 243 777 377 656 748 13 150 467 422 133 196 300 434 457 622 754 1015 780 924 1080 1341 1230 1231 
794: 243 288 823 867 486 557 245 552 745 1165 13 235 1091 674 765 1293 487 1070 166 467 1229 865 888 1300 202 864 422 121 97 196 203 241 379 434 457 528 598 611 679 692 714 754 771 772 1124 1005 1213 1027 1066 945 1207 868 852 1056 1230 866 
1061: 243 486 155 935 1204 191 301 656 675 13 87 88 650 1293 487 1080 719 78 186 202 420 852 859 1229 295 72 1059 1185 203 285 287 290 411 532 538 564 715 749 869 1005 1124 1207 
182: 243 695 191 359 1165 13 780 1231 360 467 904 1346 1015 1207 196 241 594 1341 679 
1231: 243 695 486 377 245 1150 13 521 765 780 467 652 434 182 196 241 294 361 413 436 457 496 573 679 820 884 1005 1015 1087 1207 1213 1217 1230 1341 1242 
218: 243 516 544 417 486 455 1173 13 208 235 375 517 758 765 410 1110 487 269 1070 14 1087 610 1214 505 549 118 186 328 611 754 806 247 72 1067 15 1062 1341 619 1368 302 16 133 159 165 209 872 244 1020 1266 1015 407 1367 802 300 843 723 860 892 
22: 243 13 1293 467 212 443 1341 422 433 594 496 
15: 243 867 1204 1060 169 577 678 818 375 780 14 467 666 561 461 54 118 525 1200 303 218 760 1269 1015 262 564 1186 1341 1247 465 319 227 
89: 243 935 200 205 252 1055 1182 1222 1372 987 358 467 1268 219 348 1113 202 673 888 948 1015 1016 
126: 243 179 
154: 243 544 359 322 765 1293 354 467 434 227 26 95 241 1005 413 230 707 679 
160: 243 486 996 746 769 534 155 414 935 440 191 826 960 85 1355 39 75 96 129 135 441 895 1284 912 1048 816 817 314 1074 759 578 994 470 682 790 552 863 577 1055 813 1150 780 669 31 1165 854 200 997 933 971 226 987 267 1251 91 520 536 1175 1054 1090 585 1138 1141 1162 161 164 687 698 745 239 240 1258 1259 1291 804 1336 344 858 356 412 921 419 951 952 453 455 973 977 
164: 243 935 189 191 960 56 61 75 160 161 239 240 552 745 1138 1157 1054 1162 977 358 67 1268 1163 666 293 173 219 220 348 1113 863 215 828 971 203 453 246 512 524 1217 953 
198: 243 777 135 1138 818 803 77 780 1254 202 444 525 1229 785 285 762 806 711 203 256 1185 242 643 303 1260 181 1092 715 223 
217: 243 467 1270 1267 422 30 1015 609 1183 970 255 
234: 243 191 200 359 790 912 1162 467 1050 866 962 815 422 1015 196 706 
241: 243 695 823 245 419 442 577 1150 88 691 1293 1231 354 360 467 794 561 549 118 434 1095 754 852 119 296 785 1071 182 154 422 679 1230 1005 892 640 924 294 945 560 568 457 
747: 243 1073 486 534 440 189 191 575 960 85 240 359 577 741 790 894 174 235 267 517 743 487 166 272 467 663 865 434 444 72 266 811 652 124 917 179 413 1026 515 1234 1114 74 559 171 300 956 1084 835 1209 
496: 243 823 742 1150 765 780 1231 467 561 434 771 859 1039 49 1124 1062 22 413 422 679 1230 1299 101 230 1005 1024 689 538 1207 982 
245: 243 777 486 746 557 556 561 1034 467 794 1231 651 324 203 423 419 785 381 1258 1337 604 1082 292 241 1313 457 771 482 
1005: 243 633 695 823 359 1165 813 1245 765 780 1231 1070 166 467 794 865 434 754 852 932 1061 285 212 598 1062 1341 622 154 241 422 679 1230 294 496 689 1253 1299 1269 594 460 904 1207 528 599 1332 708 1242 
852: 243 534 1370 895 994 467 1087 794 434 422 1061 1015 413 1207 711 1230 598 241 294 1005 
1014: 243 377 534 155 1060 1355 96 169 298 301 314 412 442 455 470 530 536 552 654 1151 790 818 883 895 994 82 87 88 211 232 297 329 375 998 478 328 1088 919 1224 1145 1315 864 467 118 1196 985 808 296 1076 331 1089 764 1008 1174 236 1071 1215 1026 573 514 64 119 139 353 488 602 665 751 956 982 984 1012 1022 1291 1133 1368 1092 
765: 243 544 377 534 441 1150 883 895 952 822 1245 1293 561 1110 467 422 652 780 794 434 1299 1231 218 14 154 196 227 230 264 294 340 374 457 496 500 598 679 689 692 1005 884 1015 1155 1036 1039 1241 1318 1066 1200 1207 1083 1341 1094 847 1230 853 1210 859 869 
515: 243 1204 412 67 747 962 453 806 73 1117 201 
264: 243 783 765 780 467 461 570 254 367 422 679 1376 227 1015 590 
413: 243 309 777 1150 517 1109 780 1293 1231 467 434 747 754 852 598 500 1185 1235 1341 154 422 1015 496 35 101 982 689 924 1083 1230 679 
1215: 243 557 556 191 44 56 359 395 412 678 1034 1048 1054 1357 103 1014 517 832 110 467 495 522 561 1315 422 1015 554 1067 938 1085 503 546 99 291 735 856 954 956 1037 1112 1127 
689: 243 516 544 684 867 200 1150 1165 517 1245 765 780 467 866 561 865 1214 434 652 754 1360 1246 1337 820 247 1039 72 499 842 1124 305 413 422 1294 898 398 294 496 227 1015 101 230 1005 1155 1180 708 1097 
412: 243 288 565 867 746 377 534 414 935 440 960 1355 1233 96 160 200 252 314 441 375 912 1074 1034 759 888 790 1315 1055 979 864 467 517 652 1185 1357 1196 1165 965 272 939 623 372 382 267 522 938 702 1085 103 748 1008 190 1222 866 745 1307 949 952 966 1106 1174 806 1054 492 1215 980 993 530 104 1014 67 515 83 110 188 292 346 376 518 1132 642 655 1168 668 1184 705 1259 754 457 804 1323 1329 1354 889 415 958 
924: 243 695 823 997 521 780 467 1087 505 199 447 1187 1237 196 1341 619 1368 121 241 413 422 133 294 457 585 1015 122 244 1213 127 
754: 243 695 544 417 534 314 412 552 1074 208 521 780 467 794 202 1229 422 121 218 1341 413 203 1066 679 1207 689 1217 241 294 196 379 513 614 1126 1005 1326 
419: 243 309 823 486 746 534 414 1060 134 160 200 245 359 78 72 1000 864 533 434 854 487 745 40 241 354 512 1029 1166 
294: 243 695 823 96 472 1150 765 1231 467 1196 561 549 434 1026 754 852 212 1033 570 598 241 485 679 1329 1376 1230 227 689 1005 924 708 1369 
296: 243 544 996 155 56 135 298 359 378 441 442 464 530 577 597 687 1000 1029 1055 1072 1138 1182 1222 1251 1258 1274 1275 1276 1277 1278 1279 1280 1281 1282 813 1054 883 1153 951 1252 979 987 77 174 208 211 232 297 329 1014 650 674 691 1291 1293 641 14 190 349 372 383 467 1141 1163 863 382 186 202 328 386 444 514 525 1076 764 649 1026 1313 880 829 1229 921 932 954 295 491 998 1373 266 151 268 368 36 222 24 26 40 64 97 111 112 181 201 203 224 241 250 265 276 280 284 498 501 836 554 1065 1071 573 582 1092 1094 1105 624 638 1159 662 775 1178 1211 1235 1237 1247 752 760 1325 1329 1339 833 1342 1348 548 1352 347 362 876 643 898 672 426 969 
679: 243 288 620 695 544 823 867 442 1000 1074 1150 1165 1173 1251 790 211 691 743 765 780 1293 1231 1070 467 794 866 863 118 434 444 1184 754 771 985 119 120 1334 1263 808 250 212 598 499 368 182 1359 1341 584 145 154 241 413 422 469 1299 496 40 127 264 294 528 1207 898 901 1007 1005 708 1230 1242 1376 
560: 243 1293 290 241 479 1230 457 475 723 519 438 1042 
945: 243 309 486 919 487 360 467 794 561 434 771 772 612 241 457 
1330: 243 181 
443: 243 288 486 555 359 552 87 88 610 525 611 771 22 900 612 
1207: 243 578 1138 951 822 965 994 765 780 1231 467 794 866 865 382 434 754 852 1061 212 247 598 72 266 182 1359 1185 1235 1341 1077 121 422 679 1066 1230 496 1092 1005 1015 379 59 727 1155 1242 
1213: 243 359 1231 794 434 266 1178 1211 1230 457 924 
1341: 243 695 684 565 345 486 960 395 629 1150 979 208 211 521 765 780 1231 993 699 1070 14 467 781 789 1064 434 754 768 1331 247 598 459 473 978 15 182 1185 422 634 1299 218 22 25 292 413 528 548 679 708 843 899 924 1005 1015 1116 1207 1230 1317 1340 1342 
708: 243 695 780 467 866 865 434 598 692 1059 1341 1137 679 294 689 1005 594 
965: 243 486 996 746 557 534 414 935 556 440 189 191 1060 1233 61 96 169 200 314 359 378 388 412 441 455 464 470 520 537 552 558 577 597 647 654 687 745 1000 1029 1035 1055 1074 1106 1157 1182 1222 1251 748 759 1274 1275 1276 1277 1278 1279 1280 1281 1282 790 963 804 813 1328 1054 1370 895 912 1153 951 952 375 1163 817 1268 220 1113 865 358 383 259 1059 919 658 1145 863 151 1315 303 260 517 652 553 14 651 1334 48 66 83 103 149 258 291 316 346 372 379 382 389 444 462 463 487 492 503 514 539 571 572 623 635 648 649 680 685 705 739 805 812 824 828 866 893 913 914 927 938 1009 1015 1016 1025 1026 1036 1068 1082 1095 1099 1109 1114 1162 1207 1218 1226 1235 1326 1350 1360 1238 966 1077 993 987 
359: 243 288 695 867 486 746 557 1292 155 42 935 556 440 189 191 575 960 75 200 301 1293 375 400 1048 561 166 1074 1245 1034 461 383 78 211 829 994 1000 470 888 790 552 577 388 1055 979 422 368 517 471 652 780 533 669 434 182 1299 610 553 1196 1070 1200 296 465 965 1269 1025 820 487 971 443 267 297 103 1251 154 190 460 609 959 495 1152 447 398 827 423 463 1066 1174 419 1138 1054 558 576 1091 49 104 139 153 234 286 332 353 354 1005 1026 1027 1035 538 1052 1064 579 1097 1096 591 762 611 612 1155 1178 705 1213 1215 1230 1246 747 767 768 787 1309 1319 550 828 547 846 1311 1359 858 1372 360 897 898 415 934 859 453 
1230: 243 620 695 902 544 359 1048 1150 979 77 521 765 780 1231 1070 360 467 1087 794 685 325 434 1315 852 1208 820 918 247 462 1373 196 1341 241 413 560 679 1083 335 433 496 398 904 1207 294 457 843 884 982 1005 1097 1213 1242 
453: 243 288 867 935 556 191 960 61 160 239 240 356 359 577 698 997 999 1055 1157 1165 790 895 1162 979 358 518 1245 780 739 993 682 699 50 67 467 1268 1133 1163 866 865 434 868 801 828 932 164 564 143 1101 1122 51 246 1018 515 524 697 
1242: 243 200 1231 467 771 285 179 679 1230 1005 1207 753 
1032: 243 288 940 867 440 1165 1293 682 467 1174 1015 1168 
746: 288 940 887 867 996 1 34 39 44 56 61 75 85 96 128 129 134 135 155 160 161 169 176 189 191 200 205 238 239 240 245 252 273 298 301 314 356 359 363 377 378 388 395 400 412 414 415 418 419 430 440 441 442 455 464 466 470 472 520 523 530 534 536 537 552 555 556 557 558 577 578 597 629 642 646 647 654 656 669 671 675 678 687 698 712 721 732 741 742 745 997 999 1000 1029 1034 1035 1053 1055 1072 1074 1048 1078 1090 1106 1371 767 1134 1138 854 1146 1150 1151 1157 1165 1170 1173 1182 949 1222 1233 1250 1251 748 1256 1258 1265 759 1274 1275 1276 1277 1278 1279 1280 1281 1282 1284 790 963 1307 804 813 816 818 1328 826 827 1175 1054 1345 841 803 1351 889 1355 849 1357 1361 858 1370 1372 874 883 894 895 905 912 1153 935 959 951 952 822 958 1252 960 965 968 1162 973 976 977 979 987 994 1336 
534: 288 544 777 417 565 867 1 746 377 557 1292 10 11 14 19 34 42 43 54 60 67 69 77 85 88 96 99 103 107 118 129 135 139 150 153 155 158 160 161 166 167 174 176 183 185 186 188 189 191 195 197 199 200 202 211 215 232 233 240 258 259 267 269 291 297 298 301 314 325 327 328 329 358 363 370 372 375 376 378 383 386 388 389 400 412 414 415 419 420 430 434 436 437 440 441 442 444 446 447 463 466 489 494 495 514 520 522 525 527 529 530 533 997 1006 747 1014 1029 1002 1035 1038 1041 536 537 1048 1053 1055 1091 552 553 1060 541 556 1200 868 561 1070 1075 1076 927 1079 578 1085 580 1090 1093 1095 1099 764 611 766 1127 922 767 625 1136 1141 1144 641 1151 648 649 1157 652 654 1163 1165 1170 1026 1173 673 1184 1187 685 1192 1196 663 866 714 1224 1226 951 1233 575 735 1245 1250 1251 745 748 1257 1258 1259 754 758 759 1270 1271 765 768 771 773 780 651 1296 790 963 1132 1307 801 965 1313 1315 883 669 647 1323 818 1326 1327 880 889 828 829 1308 832 1056 719 1328 1354 1355 550 1358 852 1360 854 551 859 805 863 865 1074 1057 873 874 1312 879 888 896 893 895 1025 813 905 1370 1113 1229 917 1153 921 932 935 1303 952 954 958 959 960 962 1246 909 966 555 979 983 985 986 675 744 993 994 
440: 288 887 867 486 1 746 377 534 935 34 39 44 85 160 191 228 239 247 267 273 301 359 412 415 434 745 747 1002 1181 759 1141 1021 1025 1284 905 1032 1162 1036 1067 790 520 492 1064 795 1200 952 829 837 965 971 826 854 473 670 762 
1060: 288 1073 867 1 534 575 6 14 15 78 87 88 119 151 166 179 202 208 232 247 256 265 266 268 285 290 317 419 442 444 464 467 564 571 578 597 611 650 781 809 865 866 869 883 912 965 987 1000 1014 1274 1275 1277 1278 1279 1282 1289 1280 1182 1229 1276 1281 1245 1185 1313 1222 1348 1235 1109 1251 
912: 288 867 996 746 377 557 4 935 556 189 191 826 1060 960 1355 61 134 160 200 239 240 273 314 412 430 552 558 687 997 999 1074 1048 1151 1165 748 790 813 816 1345 883 895 1293 375 1163 13 14 57 67 68 69 78 88 174 183 190 211 233 234 267 290 295 350 372 416 436 519 564 623 651 652 730 750 756 768 783 798 805 811 828 847 863 865 866 888 1082 1008 1009 1068 1135 1141 1144 1162 1208 1211 1373 1245 1246 1252 1259 1270 1271 1308 1315 914 933 934 956 958 965 973 977 993 
314: 288 940 867 746 557 4 534 42 935 556 191 826 575 960 1233 44 96 134 135 160 205 252 441 1293 1254 895 647 400 275 912 1048 293 6 14 30 47 70 77 103 111 112 115 130 166 202 211 219 242 250 260 263 266 267 285 297 303 1000 494 1002 497 498 505 1014 1020 1025 1026 525 1039 1055 585 1074 758 1077 1078 583 1092 1095 601 1110 358 632 1141 1146 1147 646 1153 648 649 652 654 1161 669 1178 1185 687 1196 866 714 1235 1245 1246 1251 745 748 754 759 762 767 770 369 1291 784 790 801 805 1313 1315 813 1326 317 829 833 327 839 1352 1353 1359 348 552 863 865 1373 868 368 877 372 641 382 383 893 388 389 395 412 923 418 425 426 435 943 949 950 951 954 958 959 674 965 463 985 988 993 994 
732: 288 867 746 4 155 42 191 552 647 1245 67 202 228 251 258 349 351 474 525 554 728 745 748 888 1165 793 1055 1069 1246 953 958 1217 863 865 866 868 
78: 288 633 544 417 867 769 935 177 1204 1060 359 400 419 442 466 1000 1048 1090 818 841 912 1162 150 211 259 329 650 1245 14 166 226 1133 1141 922 719 5 49 72 73 1225 1022 1044 1061 1077 1079 1086 93 1108 611 612 1119 616 122 1176 186 1216 1227 1228 223 1248 1267 265 266 268 1289 202 1298 299 302 326 331 1348 845 859 864 870 368 371 374 381 900 901 407 807 420 431 434 444 
211: 288 544 377 1286 534 556 1204 56 129 135 298 314 359 442 464 537 552 558 577 597 654 669 671 1055 1074 1078 1165 1182 1222 1250 1251 1258 1265 1274 1275 1276 1277 1278 1279 1280 1281 1282 883 912 973 987 994 77 1229 1293 375 166 1245 383 5 78 23 27 156 181 190 197 491 498 1008 1011 1014 508 1018 525 1059 1077 584 1094 1105 1185 771 650 677 679 691 693 1200 276 1234 729 1237 232 752 1261 250 762 768 780 1291 1343 281 296 297 302 1320 829 833 1341 328 329 1352 343 1143 863 368 372 382 898 914 917 927 420 933 444 467 988 
863: 288 867 486 1286 534 935 177 1355 61 96 160 176 200 314 388 441 442 455 552 577 678 732 1034 1138 854 1151 790 1370 895 912 951 965 82 211 375 492 517 518 1245 743 1291 919 658 487 682 67 166 467 1025 1196 502 1229 328 1059 8 116 1297 64 164 221 250 262 296 303 368 434 447 473 625 635 649 659 679 702 724 771 786 1057 1076 1085 1103 1216 1246 898 910 938 
363: 288 486 746 534 11 32 183 208 589 781 625 821 785 896 558 
295: 288 417 155 1173 1357 912 375 118 202 1200 1026 771 1229 12 181 1044 296 806 554 1061 573 1343 458 473 
517: 288 684 417 867 486 377 42 200 359 412 687 1165 790 818 883 965 977 13 375 376 1229 1293 461 156 682 863 202 864 303 422 19 69 107 152 186 218 272 336 413 465 487 505 747 1127 623 518 855 900 545 927 689 692 869 832 833 1215 1217 1347 525 1366 961 
831: 288 13 1293 907 41 277 48 1010 
564: 288 867 486 1204 1060 960 1165 912 87 88 174 492 1293 487 14 866 865 434 1187 1061 285 453 15 290 532 1059 300 302 450 526 1062 1031 1289 943 869 
590: 288 867 1165 467 866 865 868 266 835 1068 519 264 17 162 292 936 
1056: 288 867 486 534 441 654 675 849 150 518 794 461 533 19 325 1200 580 1257 1259 1088 1185 465 933 623 1260 1171 545 326 786 848 850 969 1209 1212 1234 
23: 288 935 1233 298 388 1165 1250 1251 103 211 267 297 375 1261 372 522 382 1085 1270 1315 631 938 1067 702 
631: 288 996 155 134 378 388 455 536 997 1055 1165 813 818 1328 1361 1153 1291 993 1196 865 23 38 1018 702 
270: 288 902 867 1165 866 1208 
285: 288 777 867 42 935 1204 1060 314 642 687 1165 87 188 375 1245 37 372 866 865 185 202 233 434 1127 652 1315 1061 72 247 864 121 1185 428 564 623 198 256 1124 1005 1062 526 532 287 290 302 572 1242 869 
287: 288 902 669 1165 88 1293 866 865 502 434 1061 907 1208 285 41 532 1059 1062 869 900 302 943 
367: 288 442 1293 227 264 568 1363 
768: 288 867 486 534 189 359 854 1150 858 912 211 780 1070 434 525 1137 864 1341 1260 772 771 548 
900: 288 486 301 415 1035 854 1165 1258 759 883 208 517 78 808 820 918 443 532 1124 287 886 1142 
397: 288 867 553 1333 550 1008 1163 778 
913: 288 867 557 1286 935 191 96 558 1055 1165 1252 965 783 758 436 190 1008 1327 1082 1009 
914: 288 867 377 557 935 189 96 466 558 687 767 912 1252 965 977 211 865 888 651 1008 866 369 436 1009 
290: 288 902 867 1204 1060 1165 912 1245 866 865 185 1061 1208 1348 285 72 478 1059 564 1062 1031 526 411 302 560 450 869 
1174: 288 867 155 935 191 826 39 96 359 412 642 745 1000 767 1165 759 1284 1153 959 952 1336 267 375 1014 463 993 682 372 1025 866 865 606 1166 382 389 868 921 266 268 368 423 265 300 332 346 956 988 1032 1063 1156 1167 1168 1169 1343 1320 1203 1216 
550: 288 544 377 534 575 359 441 997 1029 1090 1258 894 822 553 1293 1163 652 222 610 1200 465 693 545 143 1270 481 203 819 576 975 612 611 1178 907 397 787 974 
681: 288 417 867 135 442 552 1165 979 994 150 375 349 372 866 865 525 868 652 1026 1315 653 179 1009 247 978 351 1077 144 479 1304 1081 
938: 288 867 42 935 566 1233 412 441 1048 1165 790 1054 895 965 104 329 375 1091 1353 758 110 336 360 1215 866 865 863 382 868 1085 652 1315 1354 888 250 23 411 500 819 1352 1077 1105 1114 
687: 288 867 486 746 769 42 191 96 135 160 239 240 314 912 1245 759 1055 864 467 517 401 88 1157 1070 1200 296 965 529 933 772 745 285 312 485 650 1011 771 914 698 705 868 
1208: 288 902 867 486 155 1204 894 912 1293 185 434 584 287 290 302 1230 270 300 450 869 
322: 288 867 377 566 577 578 1165 979 88 375 865 780 434 1070 820 154 866 1318 978 1194 512 868 604 364 771 1332 
1084: 288 867 1165 865 747 
1218: 288 935 520 895 965 973 977 1293 1008 771 1216 416 
846: 288 867 486 377 557 1292 191 359 472 558 1048 104 888 487 993 
869: 288 902 867 1060 517 765 780 1025 1061 1208 285 290 564 1185 287 757 302 1023 
509: 288 867 42 1165 1245 1293 866 865 677 69 868 1246 498 72 1059 1185 68 950 
300: 288 902 544 417 530 1165 195 521 632 866 685 1144 1214 202 747 1174 1208 564 864 278 506 218 
532: 288 1204 669 1165 895 1261 866 561 865 1061 285 72 41 303 564 287 411 1062 900 
1286: 309 633 1 191 211 263 505 606 863 865 866 913 951 1165 1166 1308 1293 
42: 309 777 940 1 377 557 534 2 13 20 36 37 239 103 1130 498 577 250 938 635 636 509 894 895 896 819 517 520 778 525 785 714 790 1165 285 477 204 166 1054 169 173 935 558 687 732 54 1071 1200 314 503 1331 575 576 323 578 1085 202 1090 1091 1315 1076 359 401 592 762 1229 1104 979 472 832 224 382 975 610 1245 297 1374 383 107 1251 
666: 309 4 1204 997 1138 959 87 358 919 993 226 1268 934 275 8 15 91 120 164 170 215 219 220 293 324 348 371 439 501 512 533 611 630 1026 785 943 1112 806 1326 819 955 1367 1349 847 1237 1366 1113 1247 
166: 309 544 486 557 4 534 42 935 556 177 1204 191 1060 1233 239 240 314 359 441 552 577 578 1054 895 951 87 88 103 211 259 691 780 487 1070 1163 49 72 73 78 118 119 1253 374 747 771 265 266 268 828 498 794 943 1059 1062 1005 481 186 824 573 460 525 224 383 354 863 302 237 
228: 309 377 440 732 1000 1165 883 259 329 1046 227 16 1264 758 635 774 693 589 1171 795 796 1212 
632: 309 557 314 467 40 300 350 524 595 946 
74: 309 544 442 470 530 994 267 190 461 118 747 1229 119 72 465 136 1103 588 
129: 309 746 534 895 211 1077 160 174 1331 909 
240: 309 996 746 557 534 155 414 935 556 189 191 826 960 85 1355 976 44 75 135 160 161 200 239 441 894 647 1163 912 166 578 470 888 790 552 577 1055 813 467 1357 854 997 971 987 748 1151 1227 91 745 1101 1122 1138 558 687 64 164 747 252 530 1259 921 699 988 312 698 453 1345 712 858 606 356 993 
506: 309 994 1293 1080 1200 302 300 
646: 309 996 746 414 85 134 301 314 388 415 647 759 813 1025 267 959 745 463 370 1258 1228 1029 130 138 389 439 879 893 1172 648 929 953 954 956 957 958 1232 
330: 309 135 442 818 54 118 652 1315 1229 266 1183 1068 834 
592: 309 867 42 979 478 978 
723: 309 544 417 467 560 567 218 449 
335: 620 544 684 87 88 14 54 118 434 1315 793 221 1230 303 271 
769: 633 1 78 160 195 200 267 410 471 492 502 533 615 663 685 687 1141 1144 789 944 1214 960 1355 1110 
759: 633 940 996 746 534 414 935 440 85 1233 34 44 75 134 135 160 200 252 301 314 356 388 412 415 455 552 642 646 647 687 741 742 745 997 1029 1034 1053 1090 1258 1284 317 5 9 49 82 116 157 178 398 422 480 500 533 583 635 702 874 1168 965 813 905 781 900 1174 1345 963 934 1067 818 820 951 1083 958 782 841 1101 1235 952 1372 1122 
13: 633 823 486 377 557 42 555 556 566 1233 96 378 669 671 1150 963 813 1357 912 561 383 328 1059 783 151 1137 1110 235 422 368 121 634 260 517 471 521 652 780 910 150 533 603 1044 794 670 1177 36 215 676 1185 1061 434 182 313 60 700 657 831 107 1299 428 401 87 1231 218 222 22 531 610 553 88 870 
196: 633 695 823 575 188 1109 521 765 1231 610 794 505 434 754 247 1039 1044 182 234 1267 1015 573 1230 122 528 898 924 133 619 244 1007 1368 
594: 633 695 232 780 467 866 434 247 1039 598 182 864 22 1005 1015 708 528 
615: 633 769 1074 994 1070 934 573 
634: 633 823 96 13 467 761 1228 1341 621 
904: 633 1091 226 467 866 1187 1181 49 182 500 1168 1167 1230 457 1005 379 621 1013 
1298: 633 150 1070 1008 78 500 933 
1185: 633 777 867 486 1060 96 200 314 412 430 442 530 1048 1138 1151 979 13 87 211 492 780 1110 487 1070 1080 866 865 505 202 434 444 868 1026 1259 771 1056 1229 554 1061 509 785 285 1071 247 700 598 266 978 772 203 864 277 256 869 1088 422 121 165 198 223 413 572 898 1260 1341 1207 
944: 633 769 1074 994 780 934 494 785 969 1342 
760: 633 994 296 15 144 1273 
761: 633 557 467 634 1015 1075 1322 
1101: 633 96 239 240 698 1055 759 883 1162 103 358 993 1070 67 349 467 1163 888 453 806 38 512 1147 
85: 516 940 996 1 746 1256 128 557 4 534 414 440 826 960 1351 44 65 76 997 999 239 240 1018 1029 1033 1035 530 1090 1055 1074 1078 577 1106 1133 1146 134 135 646 1153 1168 160 161 269 200 201 1239 741 742 1251 745 747 1258 759 767 1284 273 790 804 298 301 813 835 1345 1355 1357 854 858 552 1372 874 378 642 894 895 388 647 415 416 418 934 442 951 958 959 455 968 971 976 472 988 
890: 516 1 1170 960 195 326 635 680 949 
37: 516 486 557 4 42 935 555 566 189 826 960 1233 378 441 669 671 997 1074 1048 827 174 260 553 1110 471 487 1229 26 250 398 401 533 285 670 434 324 202 203 423 1108 193 319 
349: 516 557 556 189 558 732 748 883 150 674 14 5 24 54 265 266 268 296 636 351 681 434 711 1101 
880: 516 534 556 56 656 678 1251 1370 895 994 87 153 195 260 1245 758 437 866 865 266 9 151 224 280 296 702 828 
525: 516 486 534 155 42 1204 44 205 314 442 578 732 997 1055 1157 790 883 979 211 259 517 1192 896 487 1070 166 190 467 781 202 434 156 1315 864 15 1186 296 48 198 203 224 236 350 421 435 443 498 1253 640 1004 978 705 768 772 1217 793 681 1324 820 665 696 821 1219 771 961 898 1103 1026 1234 984 1327 
774: 516 675 153 228 1293 896 437 190 250 589 622 64 144 343 587 16 70 824 1329 821 
197: 516 534 675 994 211 375 72 16 144 872 809 1171 1209 898 299 
832: 516 377 534 42 1233 654 260 517 1296 24 26 179 726 1087 1215 
26: 516 832 1070 37 434 296 179 154 1211 1248 1186 726 925 1028 
134: 516 996 746 414 85 647 1284 912 314 759 388 1055 813 378 675 631 1251 745 952 1153 419 742 874 698 252 1258 415 1317 1029 301 646 958 840 353 
139: 516 544 534 169 359 442 455 647 1000 979 232 329 1014 1229 1373 303 1234 1246 421 943 731 1376 1123 
153: 516 565 377 534 359 383 919 880 260 1269 774 917 179 1077 460 877 1332 485 437 690 1325 1350 
277: 516 940 575 1034 1053 854 895 103 375 1109 758 325 1354 1360 119 635 72 1185 831 481 48 84 798 838 1359 
402: 516 905 909 1234 542 284 
542: 516 328 943 402 
810: 516 107 435 733 
1091: 516 902 544 377 534 42 359 1034 174 1293 864 794 434 54 1070 772 938 136 904 
1044: 695 1204 56 239 1000 13 758 866 78 685 1064 514 551 985 295 700 268 72 265 266 478 192 196 338 445 587 847 851 1015 1264 
398: 695 486 359 1251 759 979 297 1110 471 37 505 54 444 918 247 978 1319 500 1230 227 423 689 
762: 695 42 440 575 314 359 442 552 578 895 87 211 1293 461 434 447 1200 1246 636 198 898 1155 1178 
127: 695 1173 780 467 610 434 819 302 679 713 1188 227 924 
570: 695 556 294 264 1097 
640: 695 818 1293 525 241 1211 1212 283 715 850 
1039: 695 556 314 1173 765 780 471 372 505 594 496 689 598 196 661 
491: 902 169 298 455 470 671 6 211 329 375 743 934 865 263 296 201 478 998 
658: 902 996 377 935 176 455 552 813 1370 965 376 492 1145 743 919 739 463 8 181 190 303 382 502 514 627 649 1002 1026 1297 927 805 941 1196 1326 863 838 967 1094 735 
533: 902 769 534 935 1233 161 359 419 441 759 895 13 174 1293 471 37 467 666 1229 202 49 203 439 1056 819 1214 1374 1228 984 
494: 902 534 935 301 314 654 895 944 1270 30 970 255 609 90 299 1071 1183 
1192: 902 377 534 39 96 455 552 1258 1307 804 818 803 383 525 1076 522 336 734 1069 1348 
236: 902 935 442 1000 1150 1173 1251 951 232 267 329 1014 691 780 1070 1080 1196 328 444 514 525 764 625 649 771 985 250 224 1373 864 368 772 203 40 1124 1217 1094 969 256 
1104: 902 42 169 470 530 818 1293 434 764 1216 1373 659 95 105 
302: 902 417 486 1048 211 1245 1293 487 166 78 1214 1246 1208 285 100 72 290 564 869 1289 287 218 127 506 450 
185: 902 417 867 534 1204 1196 285 290 898 1208 
210: 902 758 641 1334 203 1238 316 
450: 902 272 1214 434 1208 268 290 564 302 861 
1305: 902 
177: 544 1 72 78 166 1348 1001 719 374 883 1373 329 444 863 654 674 265 266 268 
1204: 544 867 1 557 1292 5 14 15 31 41 49 72 73 78 87 150 166 174 185 186 202 211 224 251 268 285 290 313 329 354 360 368 371 374 409 410 439 442 444 490 498 515 525 532 564 577 578 666 669 670 711 786 854 858 895 907 1000 1008 1025 1044 1059 1061 1109 1124 1150 1162 1165 1274 1208 1357 1370 1300 
441: 544 486 746 377 534 189 575 135 160 200 240 314 388 412 2 14 37 54 82 118 166 170 186 203 281 296 368 372 375 376 382 383 432 1173 1000 1260 979 896 472 771 1026 559 652 685 533 455 606 548 1059 1315 765 938 939 561 820 876 1071 1334 865 1370 962 965 1093 1056 467 550 1291 978 1360 854 1109 605 1240 863 1245 866 1374 993 1041 
470: 544 486 746 160 169 240 359 455 375 895 72 6 491 1000 998 232 73 74 105 190 328 329 445 745 1130 1014 1026 1088 523 524 1291 530 1306 481 1089 934 1066 818 988 827 1223 965 977 1104 854 478 735 531 641 
1373: 544 486 556 177 1355 314 530 1000 1072 854 912 979 6 329 375 1070 641 190 866 865 139 434 1200 1026 888 744 296 498 1104 236 242 998 628 70 108 221 659 898 1088 1089 1154 1155 1230 1302 
1059: 544 940 996 1204 441 442 464 578 597 1000 1182 1222 1251 1274 1275 1276 1277 1278 1279 1280 1281 1282 883 951 965 979 987 6 13 211 14 166 1080 863 1308 54 118 202 434 444 764 1358 1229 119 425 1061 498 636 509 268 72 374 265 266 978 290 368 564 40 170 203 286 287 481 563 602 605 708 752 943 1051 1137 1318 1235 
1088: 544 470 530 1072 854 883 375 1014 190 866 865 19 328 764 1257 1056 985 1373 72 772 73 1185 201 643 7 108 481 283 438 602 982 984 1089 1203 
979: 544 746 534 42 189 1233 61 359 388 412 441 577 642 698 1048 1090 1138 1151 748 1054 883 895 973 1163 683 817 1245 461 1373 1059 682 783 584 11 1300 14 79 124 139 174 184 190 208 256 272 281 296 322 350 398 401 422 434 453 507 525 531 538 547 592 623 681 780 798 812 815 855 873 910 918 978 1008 1040 1071 1080 1114 1116 1124 1155 1185 1187 1200 1210 1220 1227 1230 1235 1246 1125 1260 1294 1309 1320 1334 1341 1364 980 984 993 
117: 544 684 252 375 14 54 118 635 
1046: 544 176 200 301 1151 883 228 375 14 467 1196 54 118 1229 120 266 1318 1049 
77: 544 996 377 128 534 314 442 455 552 1055 1072 854 813 375 211 584 871 434 296 651 635 820 297 27 1006 1008 1011 512 1026 906 167 190 198 1092 587 1230 350 868 
221: 544 301 418 1006 674 743 1291 1350 275 863 118 215 325 327 1358 921 119 120 1373 787 170 350 928 1016 335 165 1139 1020 390 519 
315: 544 684 
455: 544 996 746 414 85 34 39 96 135 160 169 200 378 388 395 400 441 442 383 759 491 1000 470 888 329 116 658 1145 863 1055 813 368 60 218 118 1196 1057 965 818 1076 331 631 297 1251 201 77 1222 803 745 905 1038 915 1307 949 952 66 90 92 119 139 168 312 403 429 1014 1016 510 530 585 1069 567 573 680 1192 1237 734 743 767 1291 1133 686 886 839 549 1361 921 842 951 463 
473: 544 345 440 629 1070 866 865 789 863 771 295 864 1341 772 423 1016 604 292 717 305 1116 1340 449 899 834 
481: 544 418 470 577 654 1258 895 994 553 1293 550 166 372 383 467 328 1136 649 805 985 119 1210 331 1059 277 961 170 27 116 1088 48 347 423 1376 722 662 665 1302 1318 1217 587 970 856 
488: 544 87 88 232 1014 328 589 
530: 544 746 534 85 169 200 240 412 455 470 375 895 1000 998 232 478 641 1373 328 329 1088 883 1055 202 1185 1196 985 54 296 854 818 758 382 659 1089 764 190 1066 785 1104 74 105 111 112 300 445 1014 643 771 1026 1291 934 988 1203 982 602 598 984 
618: 544 442 1196 
588: 544 790 635 74 280 738 
770: 544 566 314 790 889 436 203 
819: 544 42 804 158 553 1245 550 471 666 533 1334 1112 938 247 222 224 127 133 548 1049 1159 
1026: 544 534 414 556 56 135 314 359 441 442 470 472 530 537 654 745 1000 1251 1370 965 77 260 329 1014 758 896 658 610 1141 781 1254 666 118 202 327 328 434 444 514 525 747 1041 764 1229 156 1373 266 1315 295 368 1185 296 339 971 702 203 636 1071 1331 612 755 66 95 112 180 294 350 619 643 681 821 859 943 1212 1343 1210 1235 
925: 544 26 535 
1089: 544 470 530 818 883 1014 190 328 764 985 1373 201 643 108 1088 984 283 602 105 24 1306 438 982 
1235: 544 417 1060 314 577 578 759 895 965 979 994 471 467 1227 434 1026 829 296 498 785 1009 1059 702 413 1207 898 
1023: 544 1293 871 869 
1103: 544 502 863 434 525 1184 1348 74 80 145 283 
854: 544 746 557 534 414 440 1204 85 39 75 96 135 160 161 239 240 252 419 441 442 464 470 472 530 552 577 578 597 669 1000 1029 1074 1138 1229 894 816 817 1373 328 329 1088 1145 863 1315 1137 1300 202 368 14 118 16 77 143 201 203 277 444 514 643 674 764 768 771 784 821 827 1016 1082 1105 1275 1278 1162 1182 1222 1237 1251 1252 1258 1262 1274 1276 1277 1279 1280 1281 1282 1291 1318 1329 858 900 971 973 977 987 988 
1237: 544 996 935 826 169 298 388 455 536 854 1151 818 959 211 1291 67 666 215 1076 551 296 702 672 924 
735: 544 534 935 556 960 169 415 470 537 552 1035 1138 1146 1258 959 1099 1109 1145 1293 919 658 67 147 1141 1215 215 444 1041 927 625 1067 331 1271 48 149 181 276 334 390 501 579 1129 881 1340 792 821 1337 1360 
1233: 777 940 1 746 377 557 534 155 935 556 191 960 13 19 23 32 37 166 174 267 314 375 376 412 533 554 685 719 745 759 801 832 888 896 932 938 965 979 1048 1054 1070 1093 1144 1313 1315 1251 
471: 777 377 769 1355 200 359 1034 1090 13 375 1110 1229 37 383 425 107 193 203 222 371 382 398 454 533 752 1108 1033 1039 685 819 1200 585 740 975 1235 1369 1374 
498: 777 867 486 42 1204 314 1138 1165 88 211 410 487 166 1196 444 525 1187 771 932 296 1348 72 242 1373 1059 864 910 659 224 49 68 73 310 757 509 643 786 711 1092 1235 984 
256: 777 486 1060 442 1372 979 487 1070 1080 866 865 505 202 233 1229 635 285 236 247 978 772 203 1185 1260 198 1294 572 
292: 777 245 412 994 87 88 780 1070 789 1327 331 473 1341 1340 590 
431: 777 150 78 916 125 
432: 777 189 441 654 1048 1245 1246 
446: 777 534 434 791 
479: 777 1055 1293 711 64 560 681 
572: 777 1251 965 285 256 1185 1016 
685: 777 769 534 935 1233 441 965 1110 471 303 1044 1200 68 300 435 1230 
743: 777 377 556 455 577 1251 375 1163 72 491 658 863 1196 1200 1008 866 679 1062 739 221 276 672 747 
757: 777 1150 780 410 498 72 864 869 1015 
789: 777 345 769 1341 292 1116 1340 473 899 
1316: 777 790 584 274 1346 71 
227: 684 977 228 1109 765 1070 14 190 272 808 918 499 1120 772 15 154 367 898 901 274 398 16 294 689 497 1161 264 1155 230 992 127 991 101 1191 707 
1227: 684 486 996 1292 960 34 239 240 968 979 487 147 663 683 78 151 811 202 422 229 351 201 29 58 90 165 276 346 476 500 926 932 1065 1092 1235 
145: 684 1293 1070 1166 652 1071 679 46 1103 1342 1198 
1252: 684 746 935 191 552 854 1165 748 912 328 296 933 820 1008 190 866 55 513 750 913 914 934 1009 
898: 684 486 135 359 395 418 1000 1034 1138 1251 211 674 1245 1196 1254 863 185 197 444 525 764 829 296 425 1071 762 224 247 1373 623 368 1124 196 1185 1235 242 643 679 1094 227 802 689 1092 112 230 387 445 704 833 1287 
976: 417 1 746 189 85 1355 12 44 96 240 622 745 790 874 889 952 1274 1296 1284 
72: 417 823 486 177 1204 826 56 135 419 442 470 675 1000 1074 1048 1150 1251 1258 1370 951 87 88 174 259 260 674 743 758 780 1293 410 166 354 360 461 78 263 186 197 215 328 420 444 514 747 1136 551 1057 985 1061 808 1210 498 509 785 285 806 918 268 299 5 29 49 74 532 1044 1051 1059 559 73 1088 1142 347 151 660 156 665 689 1207 1212 1217 711 1219 218 277 757 265 266 784 786 290 302 835 350 864 368 371 381 393 422 465 
478: 417 169 470 530 1000 1138 818 6 232 329 1014 1291 1196 328 1200 1076 355 592 290 1044 988 305 491 998 445 574 
247: 417 486 555 556 440 1060 552 558 1090 1173 883 987 104 375 1293 14 272 354 360 372 467 866 275 505 1308 11 434 652 771 1315 1229 1209 819 285 51 196 218 1124 1260 1015 256 398 405 837 898 1318 1185 681 689 1207 1341 333 594 1230 1294 
235: 417 867 486 377 935 552 1150 1173 13 232 1293 1245 1315 11 864 49 218 1124 747 262 263 267 780 794 1196 1334 1342 866 616 1123 
505: 417 1286 935 135 314 442 577 1048 1274 818 883 232 517 780 1293 14 272 383 467 866 865 1214 263 1229 247 202 422 1185 218 119 133 196 203 256 333 338 350 398 421 1015 1039 924 1308 587 847 985 1294 
46: 417 874 1261 370 649 145 
69: 417 940 345 486 534 1151 912 517 467 561 202 864 319 589 1260 509 795 68 512 1210 969 1234 1114 868 
119: 417 155 1060 442 455 536 552 577 629 790 895 1336 87 375 1014 1145 166 467 561 505 118 202 1002 1200 1229 1059 864 1186 820 481 679 277 73 74 241 221 602 
186: 417 534 1204 441 578 1165 517 166 866 78 72 998 156 1315 1061 434 218 296 1359 1184 1217 711 
201: 417 867 960 85 169 239 455 577 854 1153 987 174 259 260 1291 641 1196 1227 296 515 491 1088 24 106 751 276 1089 792 585 361 
244: 417 552 467 447 196 619 1368 422 218 1352 133 924 
253: 417 1293 136 
305: 417 1293 866 202 1076 652 1315 1229 473 229 478 941 1247 338 861 280 689 1332 630 
325: 417 534 208 375 896 118 1229 303 1056 948 203 873 277 1230 500 221 782 704 
1266: 417 208 218 
1062: 417 867 575 1245 743 166 985 1216 285 806 49 73 290 532 564 229 218 496 287 278 411 720 1005 
1020: 417 314 434 268 218 221 861 
901: 417 375 780 781 78 434 652 1315 212 598 679 793 227 71 
1105: 417 298 1072 854 211 375 781 865 296 250 938 589 622 1137 343 587 616 731 
1267: 417 826 896 78 1270 1177 623 30 970 217 196 255 609 908 1183 
1033: 417 555 85 44 1034 1357 674 1245 471 1140 461 465 137 294 1206 
1171: 417 228 19 197 1056 79 969 582 
931: 417 96 388 1307 818 370 1076 179 331 1069 
1326: 417 534 556 191 200 314 552 1055 1328 965 267 1296 658 966 666 1226 754 224 573 1094 926 1324 
433: 417 1370 82 467 434 859 22 422 1230 25 
567: 417 442 455 1153 994 1293 190 941 136 723 
853: 417 765 720 132 
616: 417 558 1000 1048 1146 88 235 226 354 78 1211 333 1105 1142 528 881 740 
790: 940 867 996 746 128 557 534 414 42 935 556 566 440 191 826 960 85 976 39 61 96 160 200 239 240 314 359 412 442 472 520 536 552 558 577 642 654 698 745 1035 1055 1074 1048 1150 1165 748 1258 375 894 895 912 683 817 461 865 994 7 682 19 25 32 40 54 65 76 83 90 110 118 119 120 230 234 266 339 346 354 355 360 372 381 382 422 434 436 453 467 475 517 524 525 588 589 593 598 651 679 705 744 747 770 771 776 780 1014 1015 1070 1077 1093 1184 863 799 1308 1315 1316 1317 883 813 815 889 1054 864 866 871 874 885 1370 934 938 939 946 952 953 956 963 965 966 973 985 992 
202: 940 486 534 42 1204 1060 239 314 530 597 647 732 1000 1138 854 1165 858 883 987 87 88 103 258 329 375 376 517 780 1291 37 467 1141 1241 794 78 533 505 1227 11 69 1229 1059 266 1137 268 1300 89 119 120 121 198 500 525 1049 1061 1068 1077 764 643 350 1026 1185 1187 1200 203 222 1260 754 755 256 285 295 296 299 300 305 845 355 1374 868 385 387 421 932 434 435 444 975 
870: 940 13 375 1109 78 1076 652 1315 636 193 
90: 940 189 61 455 790 818 889 1293 682 467 1087 1227 99 494 967 1019 1037 500 1176 1221 
130: 940 191 314 646 647 959 267 463 1025 389 648 879 893 954 1228 956 439 953 950 957 
133: 940 997 1048 521 896 226 505 199 1187 651 932 819 795 196 713 218 333 1247 122 924 244 
226: 940 557 826 61 160 200 558 1106 1165 841 1357 883 895 20 666 78 467 133 500 1142 766 1019 1021 904 778 1288 281 1176 1050 1064 573 833 581 740 866 1119 616 
286: 940 359 577 1245 467 868 1071 1059 864 1260 
350: 940 169 200 442 1151 1222 818 912 979 77 88 258 375 1293 190 632 505 202 434 525 1026 72 266 643 584 124 707 274 1217 181 221 230 1159 825 1092 
382: 940 486 1292 42 935 96 200 301 314 412 441 530 558 642 669 678 1000 1251 790 1370 965 973 994 47 103 104 211 297 375 1145 919 471 658 383 1241 173 1315 368 36 296 23 38 323 655 664 1174 938 1077 1085 714 1207 
436: 940 377 534 935 189 191 552 654 1090 748 790 895 912 1231 914 561 682 434 589 97 360 1119 913 1009 770 1050 1344 1118 
677: 940 1292 894 211 383 368 203 509 
714: 940 534 42 935 314 578 1165 1251 1054 894 297 383 794 382 
766: 940 534 44 200 896 226 1071 64 500 612 
868: 940 534 960 314 442 687 732 1151 748 973 977 77 88 322 1293 1070 1008 794 69 202 1229 864 1185 590 938 764 1152 203 1174 636 509 453 286 681 
1124: 940 867 486 1204 1258 979 235 780 1293 487 794 934 771 1061 285 1331 236 247 842 772 864 496 203 643 689 900 898 1097 
1083: 940 759 1284 765 780 434 598 413 422 1230 
1176: 940 905 896 226 78 90 500 730 1142 1332 
1050: 940 557 436 226 224 612 234 480 728 1045 
1071: 940 42 556 441 767 841 979 375 1014 527 1245 758 372 467 434 494 1095 766 1026 921 296 1185 145 241 286 898 978 
1090: 940 486 746 377 534 42 935 191 85 160 169 552 745 1034 895 1284 1245 78 759 919 247 979 471 355 818 487 866 1307 1066 1130 436 550 
1250: 940 746 534 935 169 200 298 1138 211 23 297 269 389 1296 1251 
151: 565 1060 135 1307 818 895 965 13 174 258 1006 739 269 1080 1227 1079 880 917 932 296 820 72 9 59 1253 1269 1332 332 609 
1370: 565 486 746 377 534 155 935 189 1204 135 441 669 1034 1074 1165 790 963 895 683 317 358 72 994 919 658 1297 1145 863 880 11 103 190 195 262 303 376 380 382 433 477 492 541 553 624 635 649 652 700 717 726 739 805 806 820 824 852 896 907 917 927 948 958 965 1006 1026 1076 1086 1099 1261 1296 
678: 565 486 746 377 414 75 135 418 895 219 865 1000 883 1145 863 880 368 14 1196 15 985 382 485 649 745 881 1146 1296 917 805 806 1029 951 1215 1094 1358 1251 
200: 565 867 486 746 377 557 769 534 155 935 555 191 826 85 61 75 160 169 441 895 1163 912 683 561 1074 1245 1268 348 865 358 759 994 888 641 790 863 577 266 1315 268 1055 813 368 517 471 780 1185 434 14 1165 158 1046 1057 1157 1070 965 67 89 104 190 997 495 239 514 527 1035 530 1054 1064 1076 579 766 630 1141 1144 1151 1162 675 689 705 706 203 1226 226 1242 1246 234 1250 240 748 1259 246 250 252 1270 258 267 273 1217 793 804 301 812 814 818 1326 828 332 858 353 1372 866 359 874 382 558 350 906 917 412 922 419 958 455 487 
635: 565 486 996 42 935 556 890 96 1150 1251 759 1307 818 1370 965 77 228 1145 758 919 110 383 495 502 863 54 60 118 514 927 1315 1229 985 250 117 16 24 40 80 131 144 180 256 277 385 588 751 1016 1194 752 1243 821 957 1212 835 838 969 971 847 1375 851 784 1368 
917: 565 534 44 200 678 1182 1370 153 211 260 437 1008 781 747 859 941 151 25 460 485 540 1253 
460: 565 301 359 415 1035 949 153 437 166 1064 118 1271 917 918 1319 690 1016 30 1253 1005 1269 1332 982 
861: 565 273 1258 959 267 1006 410 1025 266 251 31 439 490 305 457 1020 1332 424 450 454 
442: 565 486 746 534 414 935 566 1204 1060 85 1355 96 239 298 388 375 895 561 78 211 578 72 994 1000 888 329 1059 81 790 871 863 577 266 467 1185 434 87 88 118 505 1200 296 854 1015 818 525 1076 420 820 331 297 1251 444 764 77 1222 374 959 745 1307 952 455 38 74 119 139 181 195 236 241 256 258 278 330 350 367 394 429 435 493 1011 1014 1022 1026 1035 567 593 679 611 618 1168 681 1258 755 762 781 784 806 1329 1358 868 874 909 472 
1253: 565 301 552 712 949 166 525 917 151 1269 460 1332 1005 
437: 565 377 534 654 1048 153 260 375 919 880 1315 916 1269 774 917 179 460 877 1219 1332 485 690 
485: 565 678 687 153 1293 437 917 630 294 
333: 823 486 375 487 866 865 505 541 611 785 247 1067 612 426 281 280 1119 616 122 133 694 
381: 823 245 1150 790 78 829 179 72 374 49 711 
410: 823 377 557 769 1204 1150 72 670 218 250 820 861 498 1348 757 711 489 
1214: 823 486 769 259 487 533 218 505 778 689 302 278 300 450 1160 
1130: 823 42 935 470 1090 827 104 267 375 1025 502 1085 1313 1315 888 820 281 775 1129 1212 
1087: 823 557 1150 208 832 1231 467 422 434 218 918 573 90 1230 100 852 924 964 1127 
414: 887 996 1 746 1256 128 534 85 134 160 169 189 191 239 240 252 269 297 301 312 378 388 412 745 1337 1258 873 915 1263 997 874 472 1274 1029 999 646 647 1284 442 1055 1034 1035 1038 790 1153 415 419 675 1182 552 808 813 1196 818 889 951 1209 1210 958 1216 455 965 1222 1351 678 1102 1026 1078 854 742 952 759 1112 987 994 1251 
817: 887 377 4 160 642 854 1165 790 965 979 358 375 393 697 1076 
745: 887 996 746 534 155 1170 414 556 440 189 191 826 960 85 976 1233 34 44 56 96 134 160 169 205 239 240 252 298 301 314 356 378 388 400 412 415 419 430 442 455 470 472 520 536 552 577 578 642 646 647 669 675 678 687 698 732 742 894 895 1284 1074 759 994 1000 888 790 1055 813 1150 794 963 87 1157 965 818 997 987 1251 444 1151 164 344 416 999 1026 1029 1035 1174 1053 1054 1078 1090 1106 767 1134 1162 951 1258 1274 815 827 1337 1345 841 889 858 1371 1372 874 905 915 1153 952 958 966 988 
1029: 887 996 746 534 414 85 96 134 135 252 301 378 388 415 419 430 536 537 646 647 675 678 698 742 745 375 1284 1349 759 1055 813 296 854 965 818 1151 905 952 1153 874 1258 1337 951 214 550 943 958 
815: 887 935 169 745 790 979 358 682 1008 866 865 1166 915 1168 510 234 1167 1320 
652: 345 534 314 359 412 441 552 1151 1054 1370 883 912 965 973 977 13 553 758 765 780 1293 550 1231 372 1080 1196 866 461 434 747 1085 247 422 91 145 285 305 330 1329 901 689 681 938 939 1066 1077 1342 1334 1240 806 1248 870 
124: 345 979 174 780 1293 19 747 1239 80 1234 350 1161 
1116: 345 979 1070 789 266 473 1341 1340 
1340: 345 997 1293 272 789 735 266 473 1341 1186 292 1116 899 
1163: 867 996 557 4 534 935 556 191 200 239 240 356 558 577 698 1055 1048 1151 1165 1173 1222 813 1054 895 912 965 979 258 267 553 1245 743 550 993 699 166 1008 118 164 203 296 397 453 512 514 524 561 697 710 778 828 829 864 866 985 1101 1122 1309 1285 
107: 867 486 534 155 42 13 103 104 517 1110 471 1229 888 48 907 810 222 984 477 
401: 867 42 191 687 979 13 174 267 37 
208: 867 377 556 1060 363 578 979 188 1137 864 218 14 1070 296 1341 20 101 136 427 369 754 1266 900 272 545 692 1114 715 821 1077 325 1087 1348 843 604 354 611 978 
174: 867 996 377 557 534 556 566 1204 1233 129 378 552 669 1034 813 912 979 87 88 37 72 151 1110 467 422 260 533 670 434 313 657 401 610 296 564 124 545 201 374 59 65 747 371 896 1091 602 353 354 611 612 
541: 867 534 654 1370 372 939 333 
545: 867 552 174 208 517 518 553 550 19 1257 1056 1348 
585: 867 160 314 455 1165 1291 471 467 651 201 64 276 573 792 924 
650: 867 377 1060 687 1165 211 375 78 1297 303 467 1061 434 1070 296 272 190 866 
654: 867 746 377 534 155 177 960 96 135 314 895 1074 211 994 1000 790 1055 150 1070 1334 965 818 1056 372 832 948 481 494 1141 806 1054 1026 66 1014 376 432 436 437 541 619 1193 1173 1333 1209 
698: 867 486 746 377 935 191 826 960 1355 61 75 134 160 169 239 240 378 536 687 1163 1048 173 816 358 888 682 790 979 368 780 1157 1070 939 212 267 179 866 745 1101 1122 896 546 453 104 67 246 258 512 688 697 1259 999 1029 1159 1162 932 821 699 1078 828 1018 
728: 867 732 1055 1165 1050 866 865 653 306 
731: 867 1072 1245 467 1008 139 1257 250 589 623 622 278 343 587 1105 1223 720 824 
1031: 867 1165 866 290 564 
1085: 867 534 155 42 412 1251 1357 994 47 375 492 110 372 1215 561 863 1166 382 444 1038 941 1315 652 1067 23 938 278 310 503 546 1037 1130 1219 
1141: 867 486 557 769 534 440 189 960 160 200 298 314 558 654 675 1151 949 1251 912 951 232 297 329 190 1229 78 202 296 179 32 83 203 540 735 934 1026 1325 1184 
1168: 867 85 412 442 759 804 822 994 375 866 683 865 1174 815 1032 904 1219 384 
1181: 867 440 669 88 50 354 51 670 1177 904 427 891 1179 1294 
1194: 867 322 866 865 635 63 
1348: 867 155 177 1060 675 741 208 1192 410 336 173 78 1144 296 864 545 374 498 290 1103 326 1209 
873: 867 534 414 298 675 883 979 780 1070 147 372 610 781 325 1200 805 91 40 165 643 696 779 806 893 1024 930 
896: 867 377 534 42 1233 135 363 441 472 552 698 1055 1074 813 1370 174 780 1291 641 1110 215 610 1196 985 525 774 1267 1108 133 199 325 362 611 612 749 766 872 1026 1045 1176 984 1368 
943: 867 314 537 577 578 1029 1165 895 375 166 354 666 139 1026 331 564 1059 287 542 
377: 486 1 746 4 6 13 34 42 43 47 77 82 87 88 96 103 104 135 150 153 155 158 174 188 191 195 200 208 211 228 232 235 258 259 260 267 297 298 322 329 356 358 375 376 492 1000 1006 1014 517 518 527 534 1053 1055 552 553 1074 1090 1091 1353 1099 600 1109 1145 1151 650 654 668 674 521 678 1192 691 1202 698 1034 783 1233 1245 743 1261 758 765 780 1291 1292 1293 1296 1303 883 817 818 1328 1333 827 1336 832 1350 846 550 1370 1372 1231 895 896 912 914 410 919 412 1110 935 430 436 437 440 441 951 958 960 739 463 993 471 658 482 1251 487 
1355: 486 1 746 557 769 1292 534 555 556 575 960 85 75 135 160 222 238 240 242 250 254 329 354 412 442 471 487 511 558 643 671 674 698 764 859 863 888 912 976 1014 1357 1373 
816: 486 746 4 935 191 960 160 523 558 642 698 854 912 358 383 730 1315 866 1025 1102 1076 
329: 486 377 534 177 1204 1355 298 442 455 470 530 552 577 578 1000 854 1251 895 994 6 87 211 228 232 297 1229 375 561 865 78 491 242 998 628 888 478 641 1373 328 139 202 203 236 296 1014 1026 764 866 651 1291 938 548 808 435 1325 423 445 467 988 1141 
883: 486 746 377 557 534 177 189 1060 135 530 577 678 1371 767 1173 790 818 1229 1293 375 895 912 1245 211 349 328 1059 1088 8 73 87 88 131 190 202 226 228 247 296 331 351 372 429 447 467 468 487 500 505 517 525 583 602 623 652 692 764 765 771 772 784 786 845 864 873 979 1070 1014 1270 900 1155 1089 984 985 1101 1046 906 1315 982 970 978 1248 
266: 486 177 1060 176 200 298 314 442 552 577 578 1072 1106 1150 1151 1222 790 818 1054 895 951 994 87 88 258 600 758 1291 14 166 272 349 781 1241 275 1310 561 78 1308 54 118 202 434 747 1076 1026 880 1174 296 250 785 598 72 1059 8 48 73 144 184 1004 499 1043 1044 1046 1068 590 1114 1116 1121 662 1185 1186 1207 1213 1247 793 1321 1340 326 330 847 350 861 910 448 969 
1137: 486 854 858 959 13 208 1245 1070 1080 11 202 1200 768 1229 907 143 593 772 786 1059 203 864 612 361 393 435 708 876 1105 1155 
669: 486 746 557 534 935 556 1204 575 160 314 359 558 37 211 888 682 1370 13 260 50 51 146 174 267 287 354 360 382 532 576 610 745 1165 670 1177 1181 795 820 1064 1333 781 854 981 1080 
19: 486 534 1233 96 675 790 1328 517 1245 487 343 1088 864 623 1260 250 124 1257 772 1171 545 420 802 1056 820 580 
49: 486 1204 191 169 359 520 759 841 235 166 354 360 78 533 118 1076 498 224 299 72 496 91 1142 621 381 1019 904 1049 1062 73 
66: 486 455 654 965 739 663 60 215 1026 1229 148 64 1066 1115 573 
103: 486 377 557 1292 534 42 935 555 556 191 314 359 412 430 558 1074 1370 965 47 1229 166 865 888 116 202 107 487 23 382 267 110 893 277 793 1215 203 463 1101 866 993 1122 
104: 486 377 557 1292 935 191 960 200 359 412 558 698 1055 748 1229 375 1245 888 1315 247 780 107 487 382 938 1241 55 527 1130 980 457 846 1246 
239: 486 746 414 42 935 440 191 826 960 85 39 44 61 75 160 161 200 895 1163 912 166 578 682 790 552 577 1055 202 1044 1357 854 971 987 212 201 748 1008 1151 1227 745 1101 442 67 83 164 240 1002 1259 874 697 705 1018 523 524 453 1309 687 699 696 698 1345 804 344 858 988 356 993 
267: 486 377 128 557 769 534 935 555 556 440 191 1233 44 96 160 200 314 359 412 642 646 647 669 698 1034 1055 1074 1165 1222 748 1258 963 1328 1054 895 905 912 959 822 1162 973 987 994 103 235 375 1163 561 829 888 941 780 401 1025 23 65 74 91 130 148 236 251 490 747 893 389 463 648 1216 1130 1174 1272 929 1326 439 1333 1077 468 980 861 1122 
371: 486 1204 174 471 610 666 78 1308 820 72 374 612 1051 
376: 486 377 557 534 155 935 1233 356 412 441 558 654 1258 1370 1229 1293 919 658 1145 1315 202 517 966 203 771 950 
500: 486 575 1165 1173 759 883 1245 765 966 226 1241 1064 1227 202 325 766 1315 1229 279 938 299 90 203 178 1077 413 398 904 1176 1298 1167 955 
548: 486 441 329 1070 768 771 296 808 819 772 1341 1152 
558: 486 996 746 1256 557 1292 155 42 935 555 556 191 1355 96 200 240 359 363 523 895 1163 912 816 865 211 349 790 577 247 1055 811 813 260 669 670 671 1357 610 553 916 1186 965 226 382 522 103 748 1008 190 866 1141 50 73 100 104 223 310 354 360 376 1133 913 914 1197 922 1329 804 846 977 616 
1066: 486 39 359 470 530 552 578 1048 1090 1173 375 1245 765 780 487 1070 190 372 467 794 866 434 652 754 771 1315 1263 212 598 772 864 64 66 71 738 1207 1342 
1079: 486 534 260 78 151 933 559 
591: 486 359 487 192 
1114: 486 1173 965 979 208 866 69 233 747 771 1315 938 266 795 422 427 855 
609: 486 359 994 258 494 1270 1263 1267 151 30 970 217 255 1183 1155 
1123: 486 235 139 
1126: 486 1293 754 974 1117 423 824 1160 
623: 486 566 412 818 883 912 965 979 517 518 487 682 866 865 19 1127 1315 1056 285 864 31 1267 898 731 
642: 486 746 935 826 85 412 1284 816 817 865 759 790 979 382 267 970 745 285 463 1174 551 978 543 346 
655: 486 412 1054 375 372 382 1315 939 1018 1294 
1173: 486 746 534 935 205 441 654 997 1106 1165 375 895 1163 883 247 235 467 295 780 434 218 610 88 118 1308 1070 651 1334 772 1248 1066 236 679 636 1114 1178 127 258 353 435 500 619 771 1039 1368 1187 
691: 486 377 557 298 211 297 166 864 467 780 296 236 679 241 781 353 
948: 486 155 654 1055 813 1370 987 82 325 859 355 25 89 583 
1220: 486 979 978 
1246: 486 534 189 575 200 314 359 732 1054 912 979 104 1293 1070 576 863 139 771 1229 864 772 820 509 762 978 689 302 432 626 1154 
1248: 486 135 1165 1173 883 1293 1110 487 865 78 1200 1127 652 1315 786 1264 26 95 
744: 486 534 790 88 375 14 190 54 118 434 1200 651 888 1373 1049 1247 
1211: 486 818 912 88 1293 99 434 296 700 640 26 283 284 616 1097 1213 
1318: 486 854 1151 88 297 322 600 765 808 179 247 1059 1046 1368 422 481 715 602 33 604 717 
786: 486 1204 675 883 272 561 863 1056 859 498 72 1137 1248 91 1329 
808: 486 414 232 329 1014 758 14 328 764 72 40 80 227 548 604 679 717 1318 900 
1319: 486 191 359 415 1035 1251 1258 297 463 1025 389 579 460 398 
843: 486 301 208 467 1341 218 1230 257 
952: 486 746 534 155 414 440 826 976 34 134 135 160 169 205 388 412 442 455 742 745 1029 949 759 790 889 1361 905 375 1245 888 765 965 249 1271 1152 527 1038 394 885 1162 1174 962 
573: 486 455 1258 87 1014 780 1293 1231 166 226 1087 1196 275 615 60 99 183 215 420 1076 1093 1326 921 295 296 477 779 196 64 66 178 91 181 438 884 792 838 585 724 
1080: 486 557 556 566 96 430 669 1034 1151 979 1336 150 158 259 260 521 783 50 1229 1059 151 1137 652 603 670 1177 36 1185 1061 313 657 149 203 236 256 506 1125 
487: 486 377 935 189 1355 200 359 419 1090 883 965 87 103 104 517 1245 1293 846 37 561 166 863 864 121 794 1185 1061 434 218 564 262 525 19 623 1260 256 278 302 333 1124 747 1214 1302 498 1066 945 591 1077 1227 1248 1241 
894: 996 746 4 42 85 240 745 1055 854 1284 790 818 874 550 677 714 747 1346 905 1208 
647: 996 746 4 534 414 85 134 240 301 314 388 415 646 1293 895 130 138 139 202 267 283 368 389 463 745 1000 1258 879 759 748 893 649 1029 958 1172 793 648 1055 805 813 950 953 954 956 957 705 959 929 965 1228 732 828 1025 
1284: 996 746 4 414 440 85 976 34 134 160 252 642 742 745 1029 1055 1090 1138 759 894 219 874 905 951 963 1083 1174 
829: 996 534 155 935 440 189 191 575 314 359 378 577 997 1055 748 1258 813 895 1162 973 211 267 1008 1163 514 828 5 296 381 1009 898 1235 
388: 996 746 534 155 414 189 85 44 96 134 169 301 314 359 441 375 647 1034 759 1000 863 9 23 99 110 278 297 331 368 745 1274 1258 631 748 1146 1275 1277 1278 646 1281 1282 1029 1279 1280 1276 415 416 418 1307 1182 805 756 813 1196 818 1076 965 952 1337 958 442 1216 455 587 1222 464 931 597 979 1361 1237 593 987 467 742 1251 
378: 996 746 557 534 414 935 556 191 85 134 375 37 829 1055 813 13 174 214 296 997 999 631 1153 520 395 536 1029 699 745 697 698 455 965 993 742 
818: 996 746 377 534 414 34 39 75 96 135 169 200 205 301 388 395 418 442 455 470 530 552 654 745 1000 1029 1034 1055 1090 1138 1157 1222 1251 1258 759 1307 813 1293 894 895 383 78 156 478 328 883 1145 266 151 1315 368 260 517 215 428 531 505 15 1334 90 97 168 181 198 237 258 276 278 297 304 330 331 350 353 386 394 475 522 551 554 563 582 593 602 623 625 631 635 640 643 674 734 775 803 1014 1016 1076 1089 1092 1094 1104 1161 1192 1211 1069 1291 1237 1270 833 1352 856 905 931 951 962 
1247: 996 997 813 1245 467 666 54 434 744 296 266 15 305 338 248 713 1269 133 508 
997: 996 746 534 414 85 75 160 200 240 378 415 536 537 745 1229 912 666 37 759 829 1055 813 467 525 1247 16 21 133 214 250 299 453 550 631 740 924 971 993 1008 999 1151 1153 1173 1095 1340 1119 
75: 996 746 1355 1034 759 813 678 854 200 818 997 20 971 239 240 999 1138 1274 1153 160 161 164 1182 698 84 91 858 359 
520: 996 746 534 42 440 34 44 160 378 383 790 1145 1057 965 490 745 49 183 312 874 1133 889 1156 905 524 523 951 1078 1218 1095 727 742 
1153: 996 746 534 414 85 75 96 134 205 314 378 400 536 742 745 997 999 1000 1029 1055 1106 813 895 375 467 368 296 965 1025 1076 631 201 38 463 567 583 775 781 801 839 993 1169 1174 
1138: 996 746 75 135 160 169 240 359 395 1000 1078 1284 666 242 998 478 641 863 813 202 979 368 780 1185 434 118 1196 296 854 818 933 802 971 297 1250 659 40 164 198 327 445 498 735 898 934 1069 1207 1337 
395: 996 746 155 44 314 378 1055 1341 818 1076 702 455 1138 99 1215 858 672 898 
742: 996 746 414 191 85 44 134 252 378 388 466 520 1284 759 641 941 1055 813 496 745 952 1153 514 1029 
993: 996 377 557 534 935 191 826 61 239 240 314 378 412 441 536 552 997 1055 1157 813 912 1153 965 1162 979 103 358 780 846 463 1163 666 293 1268 219 220 348 1113 865 888 215 1070 1341 939 631 1008 866 1101 1174 51 453 67 246 332 512 828 953 978 1259 
1095: 996 534 935 61 314 464 520 597 997 1055 1157 1182 1222 1274 1275 1276 1277 1278 1279 1280 1281 1282 813 965 987 610 1071 1065 214 241 
252: 996 746 414 134 200 240 1284 314 759 117 854 745 576 742 416 65 89 1029 412 858 957 
1258: 996 746 534 414 935 191 960 85 134 160 245 298 301 388 415 442 472 646 647 745 1029 1035 1371 767 854 1222 1251 1293 211 759 829 72 81 790 813 296 818 1025 1076 267 297 338 481 490 424 861 959 803 495 1271 1307 1192 546 874 735 573 67 147 251 278 353 376 439 550 579 833 900 958 962 1041 1124 1216 1219 1249 1319 1337 
415: 996 746 534 414 935 440 85 134 298 301 359 388 412 647 759 641 813 997 297 1251 460 495 745 1271 735 67 1258 147 1035 99 962 767 646 1029 900 1041 1319 1337 958 579 1216 973 1249 
999: 996 746 414 85 75 378 698 745 997 912 683 1055 813 467 1165 693 971 1153 1336 453 214 697 699 
214: 996 378 997 999 1029 1055 813 375 495 1133 1095 
269: 996 128 534 414 960 85 135 1250 951 259 1291 151 218 775 
301: 996 746 534 414 440 191 826 85 134 200 647 759 888 388 813 1061 1046 1269 818 758 1076 331 987 382 1151 460 494 91 803 745 1152 359 1014 1258 1035 415 900 1029 646 767 804 221 962 800 958 1332 843 1253 
462: 996 556 965 258 467 215 444 1230 824 307 568 
536: 996 746 534 155 960 160 378 1034 865 790 1145 1315 1055 813 997 631 745 1153 993 698 1014 1237 119 1133 1216 1029 1353 409 756 1296 805 1352 1354 
934: 996 557 935 191 85 359 470 530 1055 1074 1138 759 790 813 912 1252 994 358 1268 1141 666 293 219 348 1113 491 888 1200 543 1337 83 390 615 1124 1159 944 
958: 996 746 377 534 414 85 134 200 301 314 388 412 415 552 646 647 732 745 1029 767 1258 759 813 1054 1370 895 912 467 1200 987 1008 502 463 546 138 389 648 953 954 956 957 1172 973 
1: 746 1256 377 128 557 4 769 1286 1292 534 155 1170 414 42 935 555 556 177 566 440 189 1204 191 826 575 1060 960 1351 85 1355 976 1233 890 
1256: 1 746 85 128 414 555 558 1351 
128: 1 746 1256 77 85 682 269 699 1070 790 889 1143 966 641 1351 414 267 
4: 1 377 1254 375 1140 894 895 647 1284 400 275 1163 912 666 1048 37 293 1310 173 683 561 816 817 314 166 1074 1245 1034 1268 1349 461 719 317 85 219 220 348 732 1113 865 358 383 
1292: 1 377 103 104 191 359 382 534 549 558 677 846 1064 1204 1227 1355 
155: 1 746 377 534 52 107 119 120 745 240 748 376 631 514 1270 1144 1274 1275 388 1277 1278 1151 1280 1281 1282 395 1279 654 279 536 158 160 1048 1174 675 295 296 425 554 1061 176 558 732 355 948 1064 191 952 907 1208 829 1085 200 949 1182 205 960 1348 1222 653 464 1014 525 1276 597 1233 1334 575 552 987 1370 359 360 189 489 
1170: 1 746 534 18 87 745 890 960 1000 1196 1200 1293 
555: 1 746 1256 557 534 935 13 37 51 55 96 100 103 143 191 200 247 267 273 323 354 443 1268 767 641 1025 1291 1293 1296 670 1177 579 671 556 558 700 827 1033 1355 1357 826 610 1245 866 1333 
566: 1 13 37 45 115 174 322 434 442 459 499 1315 882 1017 770 903 790 809 938 1080 623 842 601 1120 
826: 1 746 557 935 555 556 440 191 37 72 85 160 200 226 239 240 301 314 514 642 671 698 702 745 748 790 813 1008 1267 1018 1034 1290 912 1174 1054 1055 1315 939 952 960 1351 975 1237 1374 993 
960: 1 746 377 557 769 534 155 1170 935 556 191 826 575 37 83 85 104 160 164 169 176 190 201 239 240 258 263 269 273 314 326 354 359 360 375 383 412 416 426 429 434 453 536 552 553 564 577 654 675 682 698 702 735 745 747 785 790 804 816 820 827 828 858 865 866 868 888 890 895 905 912 1008 1048 1055 1064 1078 1141 1151 1157 1165 1196 1227 1233 1258 1315 1341 1355 1357 
1351: 1 746 1256 128 414 826 85 297 298 703 822 1251 
34: 746 377 534 440 895 1284 759 818 1076 522 1227 803 745 249 1271 1152 520 905 527 1038 915 1307 949 952 455 
39: 746 440 383 790 31 854 818 820 160 239 1192 1066 1174 734 1307 455 
44: 746 935 440 191 85 976 1293 314 1245 1034 358 759 578 577 388 1055 96 651 525 1025 267 917 745 520 1307 827 239 551 778 204 472 492 240 766 395 1033 546 523 1336 1215 980 696 742 
56: 746 557 556 211 72 880 1044 434 1200 296 554 745 1215 755 164 1026 
61: 746 189 1293 375 895 912 790 863 577 979 780 96 88 1057 965 200 226 212 1008 1151 966 239 1336 453 993 164 90 1156 909 698 1095 978 
96: 746 377 557 534 935 555 556 189 191 976 44 61 1293 895 683 314 1034 1000 790 863 577 388 13 368 634 1185 19 88 745 1133 889 382 514 558 1153 267 1029 781 913 914 1169 412 160 795 1174 1307 294 169 931 1192 687 571 635 1069 818 1076 951 953 1080 654 442 455 331 190 549 1014 1101 854 965 
161: 746 534 935 189 85 75 160 865 533 158 854 971 91 239 240 164 906 653 1309 
169: 746 414 42 189 960 96 135 895 1113 383 491 1000 470 888 478 641 388 215 15 54 355 1334 845 965 200 49 123 139 745 625 1133 1011 307 1016 510 514 1237 1291 530 1038 181 915 350 435 643 551 815 1250 818 1222 250 698 444 952 1014 1138 201 582 455 1090 1092 331 699 951 1104 857 674 735 
176: 746 534 155 960 919 658 1145 863 266 1046 1276 246 927 
205: 746 155 375 400 314 1000 368 31 818 525 38 89 745 1153 1173 801 952 583 839 966 463 1106 
238: 746 189 1355 778 114 
273: 746 557 555 556 440 960 85 200 1293 912 865 866 861 
298: 746 377 534 1351 85 1229 1293 375 275 211 491 232 329 577 266 268 36 434 296 250 1328 23 372 297 83 97 181 203 265 745 873 1258 1014 638 752 1141 1041 415 1187 691 1325 316 444 1078 705 442 1105 1237 1250 1251 
356: 746 377 935 160 239 240 895 1163 759 780 745 453 828 512 858 1162 376 411 821 
400: 746 4 534 205 314 359 38 78 368 1000 463 745 455 1008 1153 839 1106 801 1055 583 
418: 746 85 314 388 375 1297 678 818 702 481 1146 99 221 390 501 1132 881 898 
430: 746 377 534 895 912 577 1185 20 103 1029 745 1008 1080 
464: 746 155 1060 388 1293 211 1059 467 88 1157 296 854 965 820 1038 1095 1290 312 781 1323 
466: 746 534 78 1106 742 680 384 914 
472: 746 414 42 85 44 441 442 375 895 1245 682 790 552 1200 854 933 745 896 180 294 874 1258 1026 1035 571 1188 846 513 
523: 746 935 44 239 470 520 816 1157 1151 527 558 246 353 1144 
537: 746 534 135 211 467 963 965 997 1151 1016 735 1026 1029 1099 943 
597: 746 155 1060 388 211 1059 202 467 88 1157 296 854 965 820 1038 1095 1290 781 1323 
629: 746 118 1341 119 984 473 738 
656: 746 880 521 1061 
671: 746 557 935 555 556 826 1355 558 37 211 491 116 13 670 14 51 146 827 1291 767 1025 
675: 746 534 155 414 960 134 200 561 72 994 343 1061 774 589 197 19 1056 112 123 489 745 873 1259 1141 1029 786 1348 
712: 746 240 88 921 1253 1332 
721: 746 557 492 
741: 746 85 759 303 1200 747 1348 
1035: 746 534 414 935 85 200 301 359 415 442 472 745 641 790 965 460 495 1271 546 874 735 354 514 67 1258 147 99 579 767 804 833 900 962 973 1041 1216 1319 1337 1249 
1053: 746 377 534 745 1293 1245 759 1327 277 
1072: 746 1373 343 1088 266 296 589 250 444 77 587 622 731 1105 
1074: 746 377 557 4 534 935 191 85 135 160 200 314 359 412 552 654 745 1000 1034 1055 895 912 37 561 72 83 103 188 211 219 220 267 340 348 468 563 615 679 754 780 790 820 828 854 858 865 866 896 934 944 965 994 1069 1327 1342 1217 1374 1370 
1078: 746 557 414 960 85 298 314 520 698 745 211 994 297 1251 1138 874 1291 138 389 648 956 
1106: 746 935 85 205 400 412 466 745 1000 1293 266 368 963 1196 351 965 226 38 1153 463 839 278 583 612 649 727 801 874 1173 1188 1119 
1371: 746 935 745 883 1270 905 1065 1258 223 1013 
767: 746 557 534 555 85 301 314 359 415 455 577 671 745 1035 895 219 883 118 1222 1174 1071 1258 147 1337 579 914 1064 958 962 973 
1134: 746 745 278 
1157: 746 534 960 135 200 464 523 597 687 698 745 1151 14 164 331 453 525 792 818 953 965 987 993 1095 1279 1274 1275 1276 1278 1280 1282 1291 1281 1182 1277 1222 
949: 746 155 890 34 135 314 412 455 1269 460 1141 249 1271 1152 905 527 1038 837 1253 1162 1332 952 1217 989 
1251: 746 377 534 414 42 935 1060 1351 85 1233 134 160 298 314 359 388 415 442 455 678 745 1048 1078 854 1250 1229 561 211 72 232 329 1059 880 1200 296 965 818 635 1025 693 1076 1328 451 331 23 382 297 1085 57 83 97 180 195 203 236 278 280 389 398 406 435 572 593 679 705 714 743 840 898 959 977 1016 1026 1038 1077 1112 1141 1187 1212 1258 1296 1307 1319 1325 1331 1376 
1265: 746 211 649 347 805 836 
1274: 746 155 414 1204 1060 976 75 388 745 1055 854 1157 211 1059 467 88 505 296 965 820 971 1270 1038 59 781 1095 1210 1290 1323 
1275: 746 155 1060 388 854 1157 211 1059 467 88 296 965 820 1038 1095 1290 781 1323 
1276: 746 155 1060 176 388 854 1157 211 1059 467 88 296 965 820 1038 1095 1290 781 1323 
1277: 746 155 1060 388 854 1157 211 1059 467 88 296 965 820 1038 1095 1290 781 1323 
1278: 746 155 1060 388 854 1157 211 1059 467 88 296 965 820 1038 1095 1290 435 781 1323 
1279: 746 155 1060 388 854 1157 211 1059 467 88 296 965 820 1038 1095 1290 781 1323 
1280: 746 155 1060 388 854 1157 211 1059 467 88 296 965 820 1038 1095 1290 781 1323 
1281: 746 155 1060 388 854 1157 211 1059 467 88 296 965 820 1038 1095 1290 781 1323 
1282: 746 155 1060 388 854 1157 211 1059 467 88 296 965 820 1038 1095 1290 781 1323 
963: 746 557 534 556 537 745 1106 759 1284 790 375 1370 467 422 13 14 31 168 224 267 1216 965 1350 
1307: 746 534 34 39 44 96 388 412 442 455 552 1034 1090 1251 1258 1293 383 151 818 635 1076 331 522 297 803 905 278 457 593 734 931 1069 1192 
804: 746 557 556 960 85 135 160 200 239 301 412 558 1035 1048 375 1315 965 1025 522 463 1192 819 1168 1167 
1328: 746 377 534 298 577 1251 965 19 267 297 613 631 987 1226 1324 1325 1326 1352 
827: 746 377 557 935 555 556 960 44 359 470 671 745 1034 1048 854 37 372 47 1064 1130 930 
1175: 746 160 
1054: 746 42 935 826 1233 160 200 359 412 654 745 790 375 895 1163 166 1245 383 641 266 1315 979 652 780 296 965 939 372 1261 267 938 190 1077 1241 866 714 164 539 655 833 958 978 1215 1246 
1345: 746 85 239 240 745 759 912 874 
841: 746 135 745 759 78 226 1071 1142 49 611 612 
803: 746 34 301 455 1258 1307 818 1293 31 1076 331 522 198 457 510 579 1192 1069 839 905 
889: 746 128 534 414 935 191 976 96 412 520 745 748 790 895 865 776 871 866 952 360 90 230 770 1097 992 
849: 746 272 933 1056 848 1158 
1357: 746 557 555 556 1204 575 960 85 1355 239 240 412 558 584 295 13 226 354 489 859 1033 1085 1099 1111 1144 1215 
1361: 746 388 455 375 467 422 1015 331 987 631 952 393 278 1333 
858: 746 1204 960 85 75 160 200 239 240 252 356 359 395 745 1074 854 1229 1137 202 434 143 971 203 729 768 1036 977 
1372: 746 377 85 135 200 359 745 759 1293 275 641 215 987 91 874 89 256 988 
874: 746 534 414 85 976 134 200 239 442 472 520 745 1029 1035 1055 1078 1106 1258 759 1284 790 1345 1372 894 1336 46 951 
905: 746 534 440 960 34 455 520 745 1000 1029 1371 949 748 759 1284 1307 818 803 894 1349 219 467 1015 267 522 249 1271 1152 353 402 426 527 915 1038 1176 952 980 
959: 746 534 85 135 314 359 442 646 647 1151 1251 1258 666 293 1349 219 220 348 1113 358 1137 31 1025 267 490 861 130 251 361 389 439 463 648 735 833 893 950 954 956 957 1174 1325 1228 1237 
822: 746 191 1351 1222 888 864 780 765 1070 772 820 267 179 1207 1168 1166 771 550 1167 
968: 746 935 85 682 866 1227 
1162: 746 440 1204 160 200 356 698 745 854 1151 949 912 952 965 1293 78 829 267 203 1101 1122 453 993 164 514 512 234 705 706 1309 
973: 746 935 160 415 1035 767 854 1165 748 790 912 958 1293 211 829 979 652 382 267 847 579 868 549 977 1218 
977: 746 935 556 160 470 552 558 854 1165 1251 858 912 973 517 652 227 847 164 868 914 144 379 1172 1218 
987: 746 155 414 935 191 1060 160 239 240 301 388 745 854 1157 1328 1361 1372 958 965 375 865 211 1059 1315 247 202 467 88 296 319 1025 820 971 21 59 89 201 246 267 424 514 527 546 551 668 673 725 781 866 948 1270 1290 1038 1323 1210 1095 
1336: 746 377 191 44 61 160 999 1055 1048 1151 874 1025 55 1080 1174 99 119 1063 1156 
6: 377 1060 314 470 578 1000 994 375 491 242 998 232 628 156 888 478 641 1373 328 329 1059 
43: 377 534 935 118 
47: 377 314 1048 827 895 1293 434 531 1260 382 1085 103 1077 1169 1016 
82: 377 441 759 863 433 948 1014 1291 310 
150: 377 534 1204 654 13 1293 78 349 521 299 681 1298 1080 431 1056 
158: 377 534 155 161 200 375 864 467 910 14 118 429 819 559 692 1080 
188: 377 534 935 412 577 1074 895 467 1196 208 372 285 755 1234 784 781 196 353 346 248 1339 
195: 377 769 534 890 442 1251 1370 1293 880 262 280 859 300 
232: 377 534 1060 298 470 530 1000 1251 994 6 87 211 1229 561 998 91 139 203 505 1014 641 771 1291 329 672 478 296 297 1325 988 820 808 445 328 331 1141 594 1099 235 263 488 233 236 
258: 377 534 960 200 442 698 732 1151 1173 818 965 1293 275 1163 266 151 268 202 260 118 985 589 250 1257 179 1077 1241 609 636 755 170 1234 350 984 95 251 781 279 409 668 462 
259: 377 534 135 965 994 228 375 166 5 78 9 72 144 178 201 1006 374 1214 269 525 919 932 1187 1080 836 1234 1112 739 
260: 377 135 314 558 578 669 1151 818 895 965 994 13 153 174 258 37 561 72 1297 880 144 201 1008 832 1026 917 1051 437 313 1079 1080 589 726 
297: 377 534 414 42 1351 298 314 359 388 415 442 455 577 1078 1138 1250 1251 1258 1307 818 1328 77 211 232 1229 719 383 998 329 36 296 1025 1076 250 451 331 23 382 97 203 278 1014 638 398 1041 1318 1319 714 691 1325 1331 1077 800 1141 593 424 
358: 377 4 534 935 44 200 314 698 1034 1048 1151 816 1370 959 965 375 666 293 683 817 1268 1349 219 220 348 1113 865 67 89 164 203 215 879 512 389 1025 527 1101 934 815 693 696 956 453 463 866 993 
492: 377 769 440 44 412 721 1048 1370 965 375 919 658 1145 863 1185 564 1085 346 1099 
1006: 377 534 1370 77 259 1293 151 861 221 237 361 581 
518: 377 412 552 517 683 863 467 939 623 545 1056 453 373 
527: 377 534 34 200 523 1055 949 895 905 952 987 104 358 888 249 1271 1152 98 648 1038 1323 1071 953 1337 
553: 377 557 534 556 575 960 359 558 1370 965 13 1293 1163 37 652 610 143 397 465 481 545 550 1321 819 1200 612 
1353: 377 314 536 375 1315 938 649 99 409 756 1352 1354 
1099: 377 534 537 1357 1370 965 232 492 1315 355 193 735 1337 611 435 927 
600: 377 556 575 266 368 434 14 118 54 152 369 513 1318 715 604 622 717 
1109: 377 1204 1060 441 1048 965 700 870 227 1015 772 413 48 277 196 735 792 923 1142 1212 
1145: 377 935 176 455 520 536 678 854 818 1370 965 376 492 1014 8 919 658 1297 119 303 382 385 463 502 635 649 735 739 805 927 967 1025 
668: 377 935 191 412 987 258 465 262 1025 828 
674: 377 177 1355 169 314 854 818 349 72 1315 794 434 296 351 659 190 1205 1033 108 221 898 
1202: 377 1260 643 95 111 112 105 108 1301 1203 
783: 377 912 979 13 1293 7 264 338 422 467 780 913 1080 
1261: 377 1054 1370 211 383 23 46 532 
758: 377 534 935 301 314 530 552 1151 1182 1222 994 88 228 375 1293 72 266 880 652 1044 218 1196 1057 808 16 210 277 364 635 751 1359 938 781 913 1133 1026 1008 1071 
1296: 377 534 555 976 536 678 1250 1251 1370 832 546 1022 353 1326 613 
1303: 377 534 561 923 
1333: 377 555 654 669 1361 267 397 
1350: 377 963 965 153 1293 303 291 221 
919: 377 935 176 1090 1370 965 153 259 376 492 1014 1145 666 888 8 183 190 303 331 382 437 463 571 635 649 658 735 739 805 863 1297 927 945 1076 
1110: 377 769 314 13 174 375 765 1293 896 37 561 1315 11 107 170 218 222 262 280 398 471 685 975 1108 1294 1185 1374 1248 
739: 377 1000 1370 965 259 1145 743 919 658 151 60 866 583 453 1065 66 183 733 927 1321 1325 1232 
463: 377 534 205 314 359 400 455 642 646 647 1000 1106 804 1153 959 958 965 103 267 358 1145 919 293 683 1268 219 220 348 1113 383 658 368 1015 1025 38 130 389 439 879 649 1030 583 1174 648 801 929 839 805 1319 950 953 954 956 957 1216 1228 993 893 
482: 377 245 156 1297 
699: 128 169 239 240 378 698 999 682 1163 865 1341 453 512 697 1010 1159 
1143: 128 211 355 321 
966: 128 534 61 205 412 745 790 965 375 376 36 299 353 361 500 1326 1226 
641: 128 534 555 169 200 314 415 470 530 742 1000 1035 1055 1138 1054 1372 6 87 88 232 329 375 1291 896 242 998 628 888 147 180 201 210 296 328 368 372 445 467 1272 962 1373 1249 
20: 557 42 75 430 1048 208 81 845 554 143 178 971 1067 562 405 1327 226 596 451 331 
50: 557 556 558 669 670 1080 806 360 354 51 52 1201 981 795 1181 453 
67: 557 534 935 556 191 200 239 412 415 577 698 732 1035 1151 1258 895 912 358 780 993 682 863 1008 190 866 1271 1101 1122 1016 735 453 164 515 147 828 1337 579 1237 
110: 557 191 388 412 1146 790 103 375 1315 635 451 372 938 1085 1215 386 606 
123: 557 556 169 675 1293 370 
147: 557 415 1035 1048 767 1258 641 67 467 422 1015 1227 1271 873 551 735 1337 1041 984 457 
272: 557 556 412 578 849 895 979 994 208 517 650 780 1293 1229 266 247 505 227 16 71 747 450 274 786 421 549 423 426 1340 707 1343 984 1120 
312: 557 414 556 240 455 464 520 687 1337 1216 
336: 557 517 1192 1293 1315 938 1348 1082 950 1148 
340: 557 935 556 191 1074 765 866 
369: 557 314 208 600 914 190 116 
372: 557 534 556 298 314 412 441 552 654 790 827 1054 883 895 912 965 87 188 211 780 1293 641 110 354 461 383 247 652 1196 296 1025 939 23 91 285 873 643 655 1039 1174 539 540 541 681 1066 1071 1329 1077 828 1085 1352 806 481 
383: 557 4 534 42 960 39 169 314 359 441 455 520 577 578 1000 1307 816 818 1054 895 965 13 153 211 297 375 1192 1261 463 471 166 372 1229 173 561 719 296 323 368 382 503 505 635 657 1049 677 971 1077 714 1367 734 481 
495: 557 534 189 200 359 415 1035 1258 1196 31 635 214 1215 1133 1216 649 
522: 557 534 191 34 412 558 1307 804 818 803 905 375 1192 1315 23 1215 839 
1025: 557 534 935 555 556 440 1204 191 44 314 359 646 647 671 1034 1182 1222 1251 748 1258 804 816 895 1153 959 965 987 994 1336 267 297 358 375 1145 668 463 372 293 683 1268 219 220 348 1113 888 863 941 16 130 138 148 251 389 424 439 468 490 648 649 711 805 861 869 879 893 929 950 953 954 956 957 1217 1030 1130 1174 1319 1228 
576: 557 42 575 252 359 669 1245 550 1200 1359 1022 1246 
1268: 557 4 555 556 200 965 358 1245 1293 463 993 1025 666 293 683 89 164 215 219 220 348 370 453 512 934 1113 1349 
1133: 557 85 96 169 455 520 536 558 1014 758 1293 495 78 1196 1076 453 138 214 353 
663: 557 769 534 331 1227 66 747 
1196: 557 534 1170 414 960 135 314 359 388 412 455 530 678 1106 1138 188 235 375 1014 743 758 896 658 1070 14 372 467 495 1008 1133 683 478 863 1315 864 368 652 215 64 180 185 201 236 248 294 498 573 618 631 771 772 775 781 848 898 1016 1046 1069 1344 
781: 557 556 1060 96 363 442 464 597 669 1000 1182 1222 759 1274 1275 1276 1277 1278 1279 1280 1281 1282 1153 987 188 258 691 758 1293 1196 317 343 266 368 1341 525 250 1136 917 873 1169 755 1026 1234 901 784 1358 984 279 1304 821 955 1105 
710: 557 1055 375 1245 682 1163 865 866 1285 
1285: 557 556 1055 87 1245 682 1163 710 
922: 557 534 200 558 78 
1254: 4 314 163 198 224 434 659 898 1026 1076 1255 
1140: 4 1034 274 1033 1112 
275: 4 298 314 1372 258 1229 203 221 247 266 1257 666 573 702 
293: 4 314 959 358 463 993 1025 1268 934 666 51 164 215 219 220 512 879 1009 389 1349 348 1113 
1310: 4 556 375 14 54 118 120 213 266 933 
173: 4 42 698 375 383 164 1348 1297 382 514 
683: 4 935 191 96 200 999 1000 790 1370 979 358 518 1245 463 1025 1268 1196 866 219 220 348 493 1315 1131 888 1167 1168 706 1216 1227 1100 1113 865 
1349: 4 1029 905 959 358 1293 1268 666 293 219 220 348 1113 
317: 4 1060 314 759 1370 781 1234 393 667 571 
219: 4 314 678 1074 767 1284 905 959 358 463 993 1025 1268 934 666 293 683 561 1349 89 164 215 512 389 1076 448 220 348 1113 
220: 4 1074 959 965 358 463 993 1025 1268 666 293 683 1349 219 164 215 348 1113 389 512 
348: 4 200 314 1074 1151 959 358 463 993 467 1025 1268 934 666 293 683 1349 219 220 89 91 164 215 1015 512 422 563 1113 
1113: 4 534 169 1055 959 965 358 463 993 1008 1025 1268 934 666 293 683 1349 219 220 348 89 164 215 389 512 879 
502: 769 958 1145 658 1229 863 60 54 635 971 385 32 131 163 287 851 1130 1103 824 
1144: 769 534 155 189 1233 200 523 1357 912 87 467 1348 300 
263: 1286 960 314 232 235 1293 1070 72 491 505 262 261 1132 1368 
606: 1286 240 441 110 1174 1158 
1166: 1286 419 822 994 1085 1174 145 115 394 724 815 
549: 1292 96 455 973 994 375 272 434 218 222 1228 241 294 720 
1064: 1292 155 935 440 960 200 359 552 669 767 827 226 461 1044 1341 460 1038 1037 500 
10: 534 1315 
60: 534 455 13 1293 739 502 1229 215 203 635 573 66 514 170 
99: 534 388 395 415 418 1035 1146 1336 1353 1291 1215 451 1211 551 980 573 90 
167: 534 1000 77 368 
183: 534 363 520 912 919 739 190 434 551 573 1047 278 
199: 534 135 896 866 941 1187 924 133 
215: 534 169 552 1048 1151 818 1372 13 87 88 358 375 780 896 993 467 1268 1196 666 293 219 220 348 1113 60 1229 72 64 66 164 1076 573 702 462 221 1237 735 
233: 534 189 191 1150 748 912 232 1245 682 1070 14 1008 1241 866 865 11 1260 256 772 285 1077 1339 1114 
291: 534 895 965 1350 1215 64 1037 805 
327: 534 314 1138 1315 121 1200 1076 1026 988 221 1094 435 
328: 534 556 470 530 1000 854 818 883 1252 994 6 13 87 88 211 232 329 375 1014 1291 641 467 863 72 998 478 91 144 218 236 296 764 643 1026 542 481 933 554 435 988 808 445 1088 1089 331 587 602 982 984 985 488 
370: 534 135 646 1293 123 1268 1297 554 46 57 248 1092 497 931 1010 
386: 534 818 87 88 1293 110 296 702 84 
389: 534 314 646 647 1078 1250 1251 959 958 965 267 358 463 1025 293 219 220 1113 1174 1228 953 893 130 648 879 439 950 929 1319 954 956 957 
420: 534 442 211 461 78 19 72 1061 1257 1234 573 1086 
444: 534 177 1204 1060 169 298 442 577 745 1072 854 895 965 994 211 561 78 202 434 72 1059 1185 296 820 702 1085 27 198 236 344 374 398 747 498 898 1026 1342 462 679 735 
447: 534 359 883 866 865 863 1315 35 244 341 619 1158 1329 924 762 1112 1082 484 1368 
489: 534 155 675 1357 410 
514: 534 155 935 826 575 96 169 200 742 1035 854 1182 1222 895 965 1162 987 994 87 375 1014 658 1163 173 60 1229 829 72 1044 296 635 236 323 1026 276 828 1216 1094 
529: 534 687 1008 16 1264 569 
1002: 534 440 239 314 658 140 551 980 119 724 727 927 1021 1047 
1038: 534 414 34 169 455 464 597 1182 949 1222 1251 1274 1275 1276 1277 1278 1279 1280 1281 1282 905 952 987 527 1064 820 1085 249 1271 1152 1323 
1041: 534 935 298 415 441 1035 1258 297 147 1264 1271 735 1026 1337 579 962 1249 
1200: 534 1170 42 440 191 575 56 135 359 442 472 552 577 687 741 1251 958 979 211 375 553 1245 743 765 550 471 14 467 576 934 685 1308 202 327 1229 478 1373 1137 295 222 15 48 119 120 170 193 276 284 310 506 554 611 643 744 762 847 851 873 897 942 978 1022 1056 1065 1111 1142 1248 1359 
1075: 534 761 71 1322 
1076: 534 42 935 191 34 96 135 200 301 388 395 442 455 1000 1055 1165 1222 1251 1258 1307 813 816 818 803 1370 1153 297 1014 1192 817 919 1133 1254 561 219 863 54 215 327 478 266 870 296 16 49 181 276 278 305 331 573 582 593 643 784 833 931 1016 1065 1178 1094 1184 1092 1237 
927: 534 176 1370 965 211 517 1099 1145 919 739 658 434 1002 1315 303 635 649 735 1112 805 
580: 534 19 1056 
1093: 534 935 191 1233 441 790 895 573 136 435 
764: 534 1355 442 530 552 854 883 895 88 329 375 1014 1293 467 561 118 202 328 434 868 1229 1059 1088 303 985 808 296 1089 27 70 108 236 324 602 643 898 1026 1022 1104 982 984 
1127: 534 552 517 1087 1215 623 1248 285 361 
625: 534 169 363 552 818 1293 863 628 156 1015 236 735 390 626 725 
1136: 534 375 781 72 24 347 481 
648: 534 314 646 647 1055 1078 813 959 958 965 267 527 463 1025 389 649 1228 953 893 130 138 439 879 1030 1172 805 1324 950 954 956 957 929 1232 
649: 534 935 191 314 552 647 678 1106 1265 1370 965 1353 1145 919 463 658 495 1025 863 927 648 343 864 303 296 250 702 481 236 46 805 893 
673: 534 987 89 429 937 1360 
1184: 534 412 790 1141 186 1076 998 679 711 1103 
1187: 534 298 1173 1251 979 259 1070 467 199 202 941 564 1327 806 498 904 978 835 94 133 924 
1224: 534 1014 8 720 
1226: 534 200 1328 965 966 1315 1326 1324 
1257: 534 258 275 19 54 420 1088 545 731 961 1056 
1259: 534 160 200 239 240 412 675 698 1151 912 88 993 1185 222 918 1056 755 1313 
1270: 534 155 200 1371 1274 818 883 912 987 1293 550 494 1315 1327 331 23 30 38 79 217 255 609 612 970 1183 1267 
1271: 534 34 415 1035 1165 949 1258 905 912 952 527 67 147 467 1038 1041 735 864 460 249 579 1152 
773: 534 1293 435 
651: 534 44 245 1173 790 912 965 77 329 375 1291 914 14 190 354 467 54 118 434 133 585 1154 1169 713 744 
1132: 534 575 412 418 1245 263 1217 
801: 534 1233 205 314 400 1000 1106 1153 463 368 38 839 453 583 
1313: 534 1060 1233 245 314 88 1293 1259 296 820 702 1130 
1323: 534 412 464 597 1182 1222 1274 1275 1276 1277 1278 1279 1280 1281 1282 987 527 1038 
1327: 534 552 1053 1074 895 20 913 525 1187 1270 343 292 
828: 534 935 191 960 200 356 359 647 698 1074 1151 1222 912 965 668 993 67 166 372 1008 1163 866 865 514 880 829 939 693 203 453 164 83 524 705 1309 1358 
1354: 534 412 536 375 1353 1315 938 277 1352 756 409 
1358: 534 442 678 1293 781 561 434 1315 828 1059 820 73 755 784 221 435 571 
1360: 534 935 575 441 965 1293 866 434 673 735 771 277 689 1359 1352 
551: 534 44 169 642 818 987 147 99 183 1002 1315 72 1044 40 664 1237 806 
859: 534 1355 359 1357 994 195 765 78 1026 1061 433 496 948 917 921 559 786 571 1283 1209 
1057: 534 191 61 200 455 520 577 1151 375 758 1293 14 863 1229 72 353 1156 
1312: 534 
879: 534 646 647 358 463 1025 293 1113 389 648 888 1228 893 130 439 950 929 1172 
893: 534 314 646 647 959 965 103 267 463 1025 389 648 649 805 873 879 1228 953 130 439 929 950 954 956 957 
921: 534 160 240 455 552 712 467 859 296 1174 1071 573 64 221 
932: 534 1233 698 1034 259 1227 202 1229 151 296 179 203 498 453 133 361 1005 
954: 534 314 646 647 959 958 463 1025 1215 389 648 893 296 1228 953 130 138 957 1172 956 
962: 534 935 301 415 441 1035 767 1182 1258 818 952 641 1041 515 1337 579 234 
909: 534 61 129 442 391 402 
983: 534 
986: 534 190 872 
52: 155 50 360 51 885 1201 
120: 155 790 14 467 666 1310 202 1200 1046 599 679 221 
279: 155 258 781 561 434 500 
425: 155 314 1291 471 434 1059 7 898 
554: 155 1233 56 732 818 1293 20 1215 328 370 1200 295 296 1185 248 405 842 1037 598 
355: 155 169 1090 790 1099 1293 1143 14 354 360 202 478 223 230 274 352 885 892 795 948 569 847 
907: 155 1204 1370 550 107 1137 831 287 
653: 155 161 331 681 728 
1334: 155 556 169 441 654 1173 818 965 979 235 14 467 866 54 118 652 1229 210 679 819 978 
18: 1170 933 
1337: 414 245 388 415 745 1029 1035 767 1138 1258 951 88 527 1099 67 147 312 934 1041 735 962 933 569 665 689 833 1009 
915: 414 34 169 455 745 905 510 815 
1263: 414 552 1151 1293 933 609 1066 679 696 643 111 459 608 1024 
1209: 414 654 197 747 1056 859 888 1348 247 347 
1216: 414 935 388 415 536 1035 1055 1165 1258 963 951 267 1293 463 312 495 1008 683 78 863 514 1174 998 1104 1062 953 1218 
1102: 414 816 1245 513 
2: 42 441 1229 
36: 42 298 552 994 13 297 966 1080 382 296 1205 
636: 42 1173 258 375 349 561 1308 868 1026 1315 1059 268 870 351 193 519 547 876 878 762 1042 1068 1198 842 
778: 42 44 238 226 1163 1214 114 397 
785: 42 960 245 363 530 1293 866 666 944 72 266 1185 198 241 333 1235 
477: 42 1048 1370 107 985 573 984 825 
204: 42 44 1165 820 280 
503: 42 965 780 383 1215 1085 1315 1067 
1331: 42 129 1251 297 1245 1026 1341 1124 
323: 42 555 1070 383 382 514 
224: 42 935 1204 135 963 166 1050 1254 865 525 1326 880 296 498 819 1067 29 49 898 806 1065 236 
975: 42 826 1245 550 1110 471 202 62 83 230 787 788 1120 
1374: 42 826 441 1034 1074 1110 471 610 533 202 611 1229 612 
83: 935 189 960 239 298 412 552 1074 1251 790 965 780 1141 934 828 975 1217 1356 705 
148: 935 191 267 1025 583 66 1332 512 
179: 935 1060 698 822 153 258 1293 832 437 1141 461 747 932 465 26 58 109 126 493 1003 755 630 920 931 806 681 1318 569 586 381 726 1242 
212: 935 191 61 239 698 1151 780 1293 866 434 22 1066 598 474 1207 679 294 1005 901 
222: 935 1355 13 550 1110 471 549 107 202 1200 1259 296 819 203 820 833 
231: 935 191 806 334 
331: 935 96 169 301 388 442 455 552 1157 1222 1251 1307 818 803 1361 883 232 297 1014 919 20 663 78 328 1076 735 1270 653 181 278 292 1142 1016 612 740 1183 943 967 1069 593 931 734 481 1119 
416: 935 191 960 85 252 388 745 912 1008 57 705 1218 
688: 935 191 698 
693: 935 999 1251 748 211 228 358 550 828 368 16 246 697 706 
696: 935 44 239 1034 358 525 873 1263 86 
705: 935 200 239 298 359 412 647 687 1055 1251 790 895 965 1162 780 1070 525 828 83 416 1217 524 538 956 953 
709: 935 1264 29 324 
806: 935 412 442 654 678 1048 1370 1245 50 372 1008 666 865 652 1187 551 873 295 224 179 231 72 81 218 339 405 1152 1101 40 198 223 320 493 515 563 595 644 730 878 920 1301 1335 1062 825 1082 1219 
811: 935 556 558 912 1293 682 1227 11 747 953 
820: 935 960 39 359 441 442 464 597 669 1074 1150 1151 1182 1222 759 1274 1275 1276 1277 1278 1279 1280 1281 1282 813 1370 822 1252 987 77 232 322 1245 1231 410 1070 866 865 19 434 444 525 1038 1313 1358 805 1246 119 1210 1130 204 222 151 422 589 40 371 435 689 702 1147 900 1230 
918: 935 979 994 780 1070 14 190 354 360 1087 54 118 434 1259 771 72 864 422 227 398 460 772 809 900 1230 
1009: 935 912 1252 965 914 436 190 1008 913 293 829 1337 583 681 526 750 1235 
1228: 935 646 647 959 463 1025 78 533 549 389 648 879 893 954 634 130 223 254 439 568 569 929 950 953 956 957 1030 1206 
1320: 935 979 211 1070 1174 815 
51: 555 191 669 671 993 50 354 360 293 52 453 247 670 1177 700 793 1201 885 981 1181 
55: 555 1165 1252 1336 104 31 1063 1065 612 
100: 555 558 354 1087 302 136 
143: 555 854 858 553 550 1070 20 453 1137 772 847 697 203 
1177: 555 669 13 360 1008 1080 51 670 795 796 981 1179 1267 1181 
579: 555 200 359 415 1035 767 1258 803 973 375 67 1041 735 1271 962 1319 
700: 555 1370 13 1109 354 51 1044 1185 1211 1186 
79: 556 1165 979 375 1270 1171 978 713 528 184 
138: 556 646 647 1078 1182 958 1025 1133 648 954 1067 953 956 957 
268: 556 177 1204 1060 200 298 552 577 578 1151 895 994 87 88 258 166 349 78 1308 11 202 434 1174 296 636 72 1059 73 144 184 450 1020 910 406 1044 1186 448 969 598 
299: 556 997 150 966 78 197 202 494 72 941 49 500 
308: 556 467 118 
399: 556 1293 
589: 556 363 675 1072 1048 790 228 258 260 436 69 250 820 343 16 1264 774 53 488 587 622 645 660 795 796 779 1329 1343 1105 731 
593: 556 388 442 552 577 1251 790 1307 818 297 1076 331 1137 278 
1111: 556 189 1357 1200 
692: 556 1034 883 88 158 208 517 765 794 561 835 1294 708 
697: 556 239 378 698 999 748 817 699 1163 453 693 143 512 1018 524 
779: 556 873 589 368 465 573 872 1024 
1001: 177 1293 246 
374: 177 1204 442 174 259 765 166 719 78 434 444 1348 1059 29 73 371 373 381 393 1338 984 
265: 177 1060 298 552 577 578 994 87 88 166 349 467 78 1308 434 1174 296 598 72 1059 1044 1186 351 73 969 144 
45: 566 1238 
115: 566 314 1166 
459: 566 1263 1341 1097 
499: 566 1293 467 771 266 422 227 679 621 689 569 1161 497 568 513 
882: 566 1097 
1017: 566 753 1329 
903: 566 
809: 566 1060 1293 197 918 320 1149 
842: 566 455 1034 1165 780 1293 1070 866 865 554 636 772 689 1037 1124 
601: 566 314 
1120: 566 272 975 227 274 
1021: 440 1048 226 865 1002 140 
1036: 440 858 965 765 543 
1067: 440 1034 759 20 1215 865 1085 735 1315 503 224 23 138 218 333 490 546 956 1119 
795: 440 96 669 1048 994 228 1293 50 354 69 355 1177 589 133 793 1114 
837: 440 949 247 178 457 
971: 440 85 75 160 161 239 240 359 997 999 1138 854 1182 1274 858 895 987 20 383 502 1026 635 164 91 
93: 189 78 1156 
978: 189 61 441 577 642 1048 748 1054 883 979 208 322 1245 780 993 190 1008 461 525 1200 1187 1246 1334 1071 592 79 1059 584 1185 531 1341 1260 398 256 538 547 681 812 855 984 1220 
251: 189 1204 732 1258 959 258 267 1025 490 861 439 756 
428: 189 552 1165 818 895 13 1008 866 865 285 
1063: 189 191 1336 1174 55 1156 1239 
956: 189 646 647 1078 790 912 959 958 358 1014 463 1025 1215 389 434 747 648 893 954 1174 705 1228 138 1067 933 953 130 1172 957 
1309: 189 161 239 359 1162 979 1163 828 246 
351: 189 732 1106 748 883 674 14 349 1227 636 265 116 1065 1037 701 886 681 
31: 1204 39 160 205 963 803 959 14 495 55 623 490 424 861 
41: 1204 467 831 287 532 
73: 1204 470 558 883 166 78 118 1358 119 498 268 72 374 265 266 49 1088 1062 515 784 587 
313: 1204 13 174 260 360 1080 561 434 603 
409: 1204 536 258 1353 1354 490 1352 756 
439: 1204 646 1258 959 267 463 1025 666 533 389 648 879 893 1228 251 490 424 861 1169 130 1030 929 950 
490: 1204 520 1258 959 267 375 1025 1067 251 31 409 439 424 756 861 
711: 1204 1293 410 349 1025 186 1184 852 498 72 877 381 479 198 
1300: 1204 854 979 794 11 202 483 
775: 191 552 818 895 1153 269 1196 296 1130 
203: 191 200 245 298 441 854 1151 1251 858 1162 87 88 103 232 297 329 358 375 376 780 550 471 37 467 1080 1141 1163 1241 794 275 533 505 677 60 202 325 525 868 1026 754 828 1229 932 296 1061 164 222 236 143 770 1059 1124 1137 864 1185 845 1260 338 1077 198 500 256 660 421 1068 1325 210 1368 
1297: 191 418 1000 1146 1370 260 1145 650 919 658 482 14 173 863 370 8 116 80 95 149 396 
939: 191 826 412 441 698 790 1054 375 518 1245 1293 993 372 1241 541 652 1315 828 16 655 833 1352 1077 
980: 191 44 412 905 979 104 267 99 1002 1315 941 
702: 826 960 395 412 418 759 275 863 215 386 444 649 1026 1313 880 631 23 820 1237 998 97 181 1107 812 988 833 1092 1235 
1018: 826 85 239 698 1055 951 211 631 453 697 512 539 655 
1290: 826 464 597 1182 1222 1274 1275 1276 1277 1278 1279 1280 1281 1282 987 87 1065 
229: 575 1293 14 1227 54 118 1062 305 
788: 575 975 274 194 
787: 575 359 1245 550 975 221 1139 194 1125 
851: 575 1245 561 502 1200 635 1044 1016 1022 1243 
1359: 575 314 359 1245 758 576 186 1200 1360 277 679 1207 
571: 1060 96 472 965 919 561 317 1358 859 393 
1289: 1060 78 564 302 
326: 960 890 78 1056 1348 266 
426: 960 314 905 994 272 296 1119 333 
429: 960 442 455 883 158 467 118 673 864 1169 1188 
703: 1351 
65: 85 252 790 174 267 375 
76: 85 790 
1239: 85 1063 124 
835: 85 994 747 1187 635 692 72 590 484 619 1368 1022 
988: 85 239 240 314 470 530 745 1000 854 1372 211 232 329 1245 1291 1293 327 328 434 1174 702 998 478 116 659 445 
242: 1355 314 1000 1138 6 329 641 190 467 434 888 498 1373 368 70 198 998 628 445 659 898 
254: 1355 1228 864 264 
511: 1355 375 926 
643: 1355 169 530 1048 854 818 88 375 1202 190 372 467 865 202 328 434 1200 1076 764 1026 873 1229 296 1263 498 1124 1088 1089 324 70 198 350 898 1339 1343 
12: 976 467 295 303 422 
622: 976 1055 1072 600 521 1293 250 589 343 774 324 587 106 1005 1105 824 731 
32: 1233 363 1151 790 467 1141 502 
680: 890 455 466 965 54 70 
249: 34 949 905 952 527 1038 1271 1152 
1152: 34 301 359 949 905 952 527 1038 868 1271 888 806 548 181 583 249 
734: 39 455 1307 818 1192 383 331 
546: 44 698 1034 1035 1258 958 987 1293 1296 1215 1085 1315 1067 1190 
755: 56 442 188 258 1293 781 202 434 1026 1259 1358 250 179 969 493 1234 784 
1156: 61 520 1336 1293 1057 1174 93 1063 
84: 75 386 277 860 
91: 75 160 161 240 301 1372 232 267 375 1070 372 666 348 328 652 1315 873 971 49 786 573 1190 941 30 1272 569 984 
1169: 96 1000 1048 1153 47 1293 781 651 1315 1174 368 439 429 
1069: 96 455 732 1074 1138 1307 818 803 994 1192 1196 331 931 
953: 96 646 647 732 1157 790 958 375 527 463 993 1025 389 648 893 954 1216 164 705 811 1228 138 956 130 1232 1269 1172 957 
1317: 134 790 1341 722 339 71 
840: 134 1251 
353: 134 135 200 359 523 1173 1258 818 905 174 188 1014 691 1296 966 1133 1057 706 
727: 135 520 1106 1002 1207 
344: 135 160 239 745 444 
617: 135 467 
933: 160 472 687 1138 849 912 1252 211 1310 328 1079 1056 18 1337 1263 956 361 850 1158 750 136 392 476 608 848 856 1298 1195 
906: 161 200 883 77 1238 991 
845: 169 883 375 1293 14 20 467 78 54 118 202 1229 203 193 
1011: 169 442 687 77 211 156 
307: 169 462 
1016: 169 455 537 854 1251 818 965 47 375 67 610 1196 1076 611 1315 635 89 331 473 368 612 851 460 583 221 572 
510: 169 455 803 915 815 
181: 169 298 442 1222 818 87 211 375 1245 658 866 1076 735 295 296 331 702 198 350 573 627 1186 1152 838 1330 
435: 169 314 442 552 1173 1251 1278 329 1099 1293 685 202 327 328 525 1093 773 1358 820 1137 810 
1092: 169 314 818 77 1014 1227 370 1076 296 498 702 198 350 361 898 1223 1207 1217 
857: 169 
246: 176 200 523 698 1222 895 987 993 164 453 693 1001 1309 524 
630: 200 375 866 666 1315 1229 179 305 338 485 
706: 200 1151 1162 683 693 234 353 
1217: 200 552 732 1074 1151 949 994 87 517 1231 1025 186 434 525 754 771 1132 83 164 236 705 72 969 144 350 481 793 1092 923 347 
793: 200 552 647 732 1151 103 375 434 525 51 266 795 335 1217 990 901 
812: 200 965 979 1293 978 702 
814: 200 346 
332: 200 359 1151 993 1174 151 
38: 205 400 442 1000 1106 1153 1293 463 382 1270 801 631 368 255 1183 839 1101 1122 583 
583: 205 314 400 1000 1106 759 883 1153 739 463 1008 801 948 148 1009 368 38 756 1016 839 1152 187 
839: 205 314 400 455 1000 1106 803 1153 463 682 522 801 368 38 583 
114: 238 778 
524: 239 470 520 790 1008 632 1163 828 164 453 705 697 246 
1122: 240 552 698 1151 759 1162 103 267 1293 67 1163 888 453 38 48 512 1147 
64: 240 1014 1291 1196 863 215 291 766 1229 921 296 612 465 774 1066 1049 1115 573 66 280 792 543 830 838 585 1367 479 
324: 245 1245 37 666 764 709 643 622 
423: 245 359 329 1070 37 272 561 1174 473 421 481 1126 398 1160 878 604 717 
457: 245 412 1307 803 104 521 765 780 1231 147 360 467 794 561 434 598 837 241 422 560 1119 1230 1015 861 904 449 924 945 1213 
957: 252 646 647 959 958 463 1025 389 648 888 893 954 635 1228 138 956 130 953 1172 
97: 298 1251 818 297 436 794 296 702 40 
638: 298 297 296 
752: 298 211 471 296 635 1059 
1325: 298 1251 1328 959 153 232 297 329 739 1141 805 1229 296 203 1232 
316: 298 965 798 210 
1269: 301 359 552 949 87 153 437 15 151 690 953 1247 1253 1005 460 1332 
800: 301 297 
1332: 301 552 712 949 153 322 437 148 151 305 421 690 1253 1005 460 1086 1176 1269 861 
30: 314 494 1270 1267 91 460 970 217 255 609 1183 
70: 314 764 250 1373 242 643 680 343 774 604 
111: 314 530 1202 1293 296 1263 108 95 105 112 1301 1203 
112: 314 530 675 1202 434 1026 296 108 111 898 877 95 105 1301 1203 
303: 314 741 1000 1370 965 517 1145 650 1350 919 658 190 685 863 139 325 927 764 649 805 985 15 368 532 12 198 969 68 105 1125 448 335 982 
497: 314 370 499 227 230 
1147: 314 820 1122 1101 
1161: 314 818 771 499 124 227 707 1037 230 1097 
1178: 314 359 1173 87 1245 780 1293 550 1070 190 461 434 1076 1229 296 762 422 547 1096 1213 
784: 314 442 854 883 994 188 781 1076 1358 635 72 73 969 144 755 1234 797 
833: 314 552 577 1000 1035 1258 818 1054 895 959 211 517 780 226 1076 296 1337 222 368 939 702 898 
877: 314 153 437 711 587 112 33 
923: 314 1109 1303 250 1217 
950: 314 647 959 376 463 336 1025 389 648 879 888 893 509 1228 439 130 929 1030 644 
512: 356 419 698 1151 1162 77 322 358 993 699 1268 1163 666 293 219 220 348 1113 69 148 164 697 1018 1122 1101 1129 
411: 356 1315 1061 938 290 532 1062 
821: 356 363 698 854 208 375 781 866 525 1026 735 250 635 343 774 
1299: 359 13 765 467 871 1341 422 679 1346 496 1005 1015 992 991 
465: 359 552 1034 517 553 668 1293 550 14 461 1056 179 1033 779 72 15 64 74 664 1198 1244 614 
1027: 359 794 602 
538: 359 979 354 771 1061 705 978 772 715 496 216 
1052: 359 936 
1097: 359 889 865 434 570 598 459 882 1124 969 1211 237 1230 689 1161 1117 621 1115 569 1139 568 1096 
1096: 359 1178 1097 1004 621 484 
1155: 359 883 979 765 780 762 1373 1137 422 689 1207 609 1154 227 
547: 359 979 636 978 1178 311 
1311: 359 
897: 359 1000 1200 1262 
9: 388 759 259 880 151 941 
278: 388 442 1106 1134 1251 1258 1307 818 1361 297 487 467 1214 183 1076 1085 1315 1229 331 593 1062 731 300 
756: 388 536 912 1353 1293 1354 251 409 490 583 1352 982 
672: 395 232 743 296 1237 
346: 412 642 790 965 188 492 1227 1174 543 814 1199 
1329: 412 442 558 854 1291 1293 354 360 372 447 652 296 589 1017 786 774 294 
1249: 415 1035 1258 641 1041 1229 
390: 418 1146 934 625 735 221 
881: 418 552 678 1146 735 1315 501 616 665 
40: 419 1138 790 87 467 632 561 434 551 873 296 808 635 236 806 820 1059 679 271 97 
170: 441 258 1110 1070 866 666 865 60 1200 1059 481 221 
281: 441 552 979 211 1245 1293 226 1130 333 733 
559: 441 158 747 1079 859 72 
876: 441 118 296 636 1137 
605: 441 1059 68 
1240: 441 1308 652 720 
81: 442 552 1258 1293 20 467 806 7 276 404 1082 
394: 442 818 952 1166 1308 862 
493: 442 683 179 806 755 1131 1100 
1022: 442 1014 1296 354 576 561 78 1200 764 851 835 724 
116: 455 671 759 103 1293 369 863 1210 351 1297 612 988 8 24 1188 481 192 
92: 455 
168: 455 963 818 375 1293 1315 
403: 455 720 
686: 455 
886: 455 1293 351 900 
384: 466 1168 
998: 470 530 1000 1138 6 232 297 329 1014 1291 641 186 328 1184 888 296 1216 1373 368 702 988 242 491 720 445 478 628 1272 1037 
105: 470 530 1202 461 1104 108 111 112 303 1089 95 1203 1301 
445: 470 530 1000 1138 232 329 1291 641 328 368 1044 988 242 898 998 478 
1306: 470 1089 
1223: 470 375 1362 16 1264 24 731 824 982 1092 
531: 470 818 979 13 47 1070 771 978 772 864 
180: 472 552 1251 1245 641 1196 1026 635 1188 
1188: 472 552 1106 1293 611 429 116 539 127 180 
513: 472 1252 600 1245 1070 1308 754 1102 499 584 1068 1346 1042 607 
659: 530 1138 674 1254 863 498 1104 1373 988 242 969 24 
1203: 530 1202 1174 108 111 1088 112 105 95 1301 
982: 530 883 1014 1070 467 328 764 805 985 584 413 422 756 1088 1223 984 1230 496 602 303 460 347 1089 1264 
602: 530 818 883 174 1014 561 118 328 434 764 985 119 772 1059 1088 984 1019 1089 1318 729 1027 662 982 
984: 530 578 629 883 895 979 258 375 1014 780 896 1070 147 190 272 781 533 107 328 434 525 764 771 985 498 477 374 978 772 864 91 1088 1089 535 602 982 
156: 552 1165 818 6 211 517 482 1070 866 186 525 625 1026 771 72 27 627 628 48 1011 725 
7: 552 790 783 1293 682 461 425 871 584 81 753 343 1117 776 1088 
8: 552 577 883 1145 919 658 666 863 1224 266 1297 116 
276: 552 818 211 743 1291 1293 682 1227 514 1200 1076 735 296 201 81 792 585 1212 1094 
338: 552 1258 375 783 505 1229 1044 203 305 1247 24 280 630 1363 
339: 552 1034 790 14 1026 806 584 1317 342 
448: 552 219 268 266 303 132 
1125: 552 979 1080 787 303 807 
1154: 552 651 1246 1373 427 1155 
1183: 552 494 1270 331 1267 330 38 30 609 970 217 255 
626: 552 1245 1293 434 625 1246 628 283 627 911 
1344: 552 436 1196 118 856 
916: 558 780 437 14 467 54 434 431 136 
223: 558 1371 78 355 806 1228 1185 198 
310: 558 82 1200 1085 498 
1197: 558 1293 434 1082 1015 282 720 
237: 577 578 818 895 951 375 1006 166 1158 1097 
847: 577 912 973 977 375 765 666 505 54 118 1200 355 635 143 266 1044 
738: 629 1066 574 588 1287 456 
970: 642 883 494 1270 1267 481 30 1142 609 1183 217 255 
543: 642 1048 1293 934 1036 64 346 1199 
1172: 646 647 958 977 648 879 954 956 953 957 
929: 646 647 267 1293 463 1025 389 648 879 888 893 1228 439 950 1030 
1232: 646 1293 739 648 805 1325 953 387 
283: 647 118 626 627 640 713 850 1211 1088 628 1089 1103 872 
619: 654 1173 467 447 1026 1229 196 835 218 1015 924 244 1368 
1193: 654 
146: 669 671 1293 
981: 669 50 354 51 670 1177 
343: 675 1072 211 375 1293 781 461 19 649 1315 1327 985 250 589 622 1260 7 70 872 774 821 587 1105 731 
1094: 678 1048 818 211 375 765 1293 658 327 514 1076 1326 296 236 144 276 898 
1159: 698 699 934 296 819 350 
474: 732 375 805 212 80 24 
941: 742 267 658 1025 199 1085 1187 917 299 980 305 567 91 9 
16: 997 854 1165 228 758 272 1025 561 197 529 1076 1315 635 693 589 939 774 218 1223 227 1264 140 
21: 997 987 1229 
740: 997 471 226 331 121 616 
1119: 997 1048 1106 436 226 865 78 331 1067 426 333 457 
628: 1000 6 329 641 434 625 888 1373 242 626 627 283 156 998 911 
751: 1000 994 1014 758 635 201 
29: 1034 1293 1227 434 1229 224 709 72 374 
137: 1034 1033 
1198: 1034 1293 461 636 145 465 193 311 
1206: 1034 1228 1033 
468: 1074 883 267 1008 1025 
563: 1074 818 354 467 348 118 806 1059 720 
1342: 1074 994 235 780 1070 467 944 434 444 652 771 296 1341 145 422 1366 1066 271 716 
165: 1048 682 1227 873 1185 218 221 
792: 1048 1157 1109 1291 735 201 64 276 573 585 
796: 1048 228 1177 589 
967: 1048 1145 658 331 90 24 1037 
1019: 1048 226 90 49 602 
1065: 1371 739 1227 1200 1076 1095 296 224 55 351 1290 581 1288 1148 
1013: 1371 904 848 
802: 1138 19 898 218 
1262: 854 375 1264 798 897 
722: 1150 1293 866 865 434 481 1317 848 
910: 1165 979 13 158 1293 14 863 498 268 266 
122: 1165 467 78 196 333 133 924 
225: 1165 866 865 
568: 1165 1228 462 499 241 367 1097 
627: 1165 1293 658 434 626 628 156 1015 181 283 911 
969: 1165 994 944 69 434 1056 1229 296 635 236 268 265 266 303 1171 659 755 136 784 1217 1097 
1287: 1165 434 405 898 738 
1294: 1165 979 87 88 1293 1110 505 247 692 1181 256 1260 422 689 655 
1314: 1165 
1367: 1165 383 666 64 218 
1368: 1173 1014 896 263 447 1229 635 203 196 835 619 218 1318 924 244 
964: 1182 1087 
989: 949 
451: 1222 1251 297 375 20 110 99 434 271 
1321: 1222 553 739 1008 1315 266 
57: 1251 912 1008 370 416 
280: 1251 195 1293 1110 880 296 204 64 305 338 333 588 1219 
406: 1251 268 144 
1212: 1251 228 1109 780 190 1026 1056 1130 635 72 276 422 640 1304 
1376: 1251 375 139 481 679 294 264 
750: 748 912 1252 375 190 1008 1009 933 
424: 1258 987 297 1025 31 439 490 861 304 
1219: 1258 437 118 525 1085 806 72 1168 280 720 
347: 1265 994 1136 296 1209 72 481 1217 1264 982 
836: 1265 259 296 
157: 759 824 947 
178: 759 259 20 837 871 500 573 
480: 759 1050 736 
782: 759 325 
59: 1274 987 174 151 1207 
25: 790 917 948 1341 433 
230: 790 889 765 866 434 355 975 154 350 422 469 715 898 274 496 689 497 1161 227 763 
475: 790 818 560 106 
776: 790 889 7 1365 
799: 790 1008 
885: 790 952 354 360 52 355 51 1201 763 
946: 790 632 1210 141 
992: 790 889 274 1346 1299 227 991 342 352 452 
1167: 804 822 994 375 683 1174 815 500 904 
730: 816 912 1008 806 1115 1176 729 1128 
304: 818 424 
856: 818 1215 481 933 1344 
613: 1328 1296 1070 
1324: 1328 525 648 1226 1326 
930: 827 873 
539: 1054 965 1293 372 1018 1188 
1142: 841 1109 226 1200 331 72 49 616 1176 900 970 48 
848: 849 1196 1056 1260 722 933 98 1013 
1158: 849 1293 606 447 933 237 
393: 1361 817 317 72 374 571 1137 1234 667 
729: 858 87 88 211 780 730 602 717 
380: 1370 
624: 1370 296 
717: 1370 600 808 473 423 729 1318 604 427 162 364 
726: 1370 260 832 179 26 
824: 1370 965 166 502 118 462 622 690 774 1126 1223 1117 385 157 194 731 737 749 947 
1086: 1370 78 420 1332 
131: 883 1293 502 635 385 
1346: 894 354 360 182 1366 1299 1316 513 991 992 
68: 912 467 685 69 498 509 605 303 337 
519: 912 1070 636 560 221 590 
798: 912 979 467 772 277 422 1262 1015 1264 316 
1068: 912 965 1293 202 1229 636 266 203 330 590 513 
1135: 912 
361: 959 1006 1293 1231 966 1127 932 201 1137 933 1092 
80: 951 1293 808 635 1297 124 474 1103 797 
1037: 951 1215 1064 291 1085 554 842 90 351 967 1161 998 
48: 965 1109 107 525 1200 735 266 277 481 831 1122 156 1142 
149: 965 1080 735 1297 1139 
379: 965 977 467 794 866 865 434 754 598 904 1207 321 
1238: 965 45 210 906 
144: 977 259 260 1293 197 328 635 268 265 266 760 774 1217 784 681 1094 406 
184: 979 780 1070 434 79 268 266 772 1189 
507: 979 
855: 979 517 978 1114 
1040: 979 1115 
1364: 979 1293 467 
319: 987 37 69 15 421 908 1234 
725: 987 625 156 
667: 994 87 88 317 393 1186 
753: 994 1017 7 1242 
1343: 994 211 190 272 1026 1174 295 589 643 936 
1302: 994 487 461 1373 481 
603: 13 1080 313 
676: 13 1293 
657: 13 174 383 1080 
878: 87 611 636 806 423 
1164: 88 11 
94: 88 1187 1180 
690: 153 1293 437 1269 460 824 1332 
1234: 188 211 258 259 781 317 69 139 420 525 747 1315 1056 124 755 319 393 784 402 
248: 188 1293 1196 370 434 805 554 1247 
1339: 188 233 296 643 665 
101: 208 413 496 689 227 
136: 208 1091 1093 100 74 969 253 567 933 1186 916 
427: 208 1181 1154 1114 106 717 109 
715: 208 600 1293 1070 771 1061 772 198 640 1318 230 538 
508: 211 1247 
1264: 228 434 529 1041 709 589 1044 1248 1223 1262 798 16 24 347 982 872 
95: 258 1202 1026 1104 1297 108 111 154 1248 112 105 1203 1301 
1051: 260 72 371 1059 
1272: 267 641 91 998 
364: 322 758 717 
720: 375 549 1224 1315 1062 1260 1240 1197 1335 998 1219 563 853 731 403 
581: 1006 1293 226 1065 
665: 1014 525 1337 72 481 881 1339 
1012: 1014 
152: 517 600 
1347: 517 
961: 517 525 1257 1229 481 113 
373: 518 1293 374 
98: 527 1260 848 
193: 1099 471 37 1200 636 845 1198 870 1108 311 
385: 1145 502 54 202 635 131 824 24 
1205: 674 36 
108: 674 1202 1293 764 1373 1088 1089 95 111 112 1203 1301 105 
1301: 1202 806 108 111 112 105 1203 95 
53: 1245 589 
884: 765 780 1231 434 573 1230 
421: 780 272 505 1308 139 202 525 1229 203 319 1028 423 1332 
694: 780 333 
1004: 780 1070 467 525 771 266 422 484 1096 
1098: 780 467 866 865 422 484 
974: 780 550 1229 1126 
3: 1293 
141: 1293 250 946 
213: 1293 1310 830 
320: 1293 806 809 
357: 1293 
365: 1293 
405: 1293 20 354 360 434 554 806 247 289 1287 
469: 1293 679 230 
483: 1293 1070 888 1300 733 
540: 1293 372 1141 917 
614: 1293 434 754 465 
639: 1293 
664: 1293 382 551 465 733 
713: 1293 651 79 1247 127 133 187 283 
718: 1293 118 
844: 1293 866 
850: 1293 1056 640 933 283 
875: 1293 
928: 1293 221 
995: 1293 526 
1007: 1293 467 196 679 
1030: 1293 463 1025 648 1228 439 929 950 
1149: 1293 434 809 
1190: 1293 546 91 
1362: 1293 1070 1223 
1335: 1293 806 720 
1304: 1293 781 1212 106 681 
1363: 1293 338 367 569 
24: 832 349 1136 296 635 201 338 116 659 1223 474 967 1264 385 1089 
1108: 896 1110 471 37 78 193 311 
362: 896 296 872 1024 
749: 896 1061 824 
872: 896 197 985 986 779 343 218 283 1264 362 1024 
1045: 896 1050 771 1024 
1118: 436 
733: 739 281 483 664 810 366 
454: 471 861 
1369: 471 294 
838: 658 1315 635 277 64 573 181 
926: 682 1227 1326 511 
1010: 699 370 831 
637: 1070 
321: 1143 379 
504: 14 54 
1043: 14 266 604 
562: 20 
596: 20 
1201: 50 52 51 885 
1288: 226 1065 
71: 272 1075 1066 901 274 1316 1317 
274: 272 1140 355 1120 788 584 350 227 271 707 71 1316 230 992 
707: 272 154 350 274 1161 227 63 
1148: 336 1065 
763: 354 360 230 885 352 892 
484: 360 434 447 835 1098 1004 1096 
1049: 383 866 202 744 819 49 64 1046 
645: 467 589 1121 106 644 
825: 467 477 806 350 
947: 467 824 157 
192: 1008 1044 116 591 
526: 1008 285 1009 290 564 995 171 
595: 632 806 598 
955: 781 666 561 500 
1322: 761 1075 1179 
528: 794 79 196 1341 679 616 1005 594 
1243: 866 561 635 851 
163: 1254 502 1255 
1255: 1254 163 
1131: 683 493 1100 
1100: 683 493 1131 
1225: 78 
407: 78 218 
807: 78 1125 1295 
899: 789 473 1341 1340 
1160: 1214 1126 423 
261: 263 
724: 863 1166 1002 573 1022 
58: 1227 179 
476: 1227 933 
207: 11 
1115: 54 64 66 730 1097 1040 
387: 118 202 1232 898 1047 
1047: 183 1002 387 
704: 325 898 
352: 434 355 584 992 763 
438: 434 560 573 1088 1089 449 
791: 446 
35: 447 413 422 
341: 447 
255: 494 1270 1267 38 30 609 1183 970 217 
569: 529 355 1337 179 1228 499 1363 91 1097 
171: 747 526 
140: 1002 1021 16 
284: 1200 296 1211 1024 402 
942: 1200 
937: 673 
334: 735 231 662 
1129: 735 1130 512 449 
106: 1315 201 622 1304 475 1121 427 645 109 
1283: 859 1229 
1024: 873 1263 779 496 872 284 362 1045 
391: 909 
599: 120 1005 
458: 295 
892: 355 241 218 763 
608: 1263 933 
1375: 635 
1042: 636 560 513 
62: 975 
1356: 83 
109: 179 106 427 
1003: 179 
920: 179 806 
586: 179 
86: 696 404 1058 408 
644: 806 422 950 1121 645 716 
1179: 1177 1181 1322 
661: 1039 
660: 589 72 203 
1338: 374 
1121: 266 106 645 644 
621: 499 49 864 1097 634 904 1096 
891: 1181 
449: 473 457 438 723 1129 
834: 473 330 
1221: 90 1295 
701: 351 1186 
1117: 515 7 1126 824 1097 
396: 1297 
1107: 702 
908: 1267 319 172 
194: 788 787 824 
1139: 787 221 1097 149 
830: 64 213 
1028: 421 26 
216: 584 538 
113: 961 
1081: 1077 681 
797: 80 784 
404: 81 86 408 
289: 405 
1244: 465 
1199: 543 346 
911: 626 627 628 1236 
187: 713 583 
282: 1197 175 
311: 1198 1108 193 547 
159: 218 
209: 218 
860: 218 84 
990: 793 
271: 451 274 40 1342 335 
535: 984 925 
991: 1346 992 1299 906 227 452 
337: 68 
1128: 730 
392: 933 
1195: 933 
1180: 689 94 
33: 877 1318 
737: 824 
716: 1342 644 
607: 513 
342: 339 992 
132: 448 853 
306: 728 
17: 590 
162: 590 717 604 
63: 1194 707 
1295: 807 1221 
125: 431 
736: 480 
1273: 760 
574: 478 738 
1236: 911 102 
1365: 776 
408: 404 86 
452: 992 991 
1189: 184 
257: 843 
1191: 227 
862: 394 
172: 908 
456: 738 
1058: 86 
366: 733 
102: 1236 
175: 282 
