2326
1837: 121 740 828 1131 1651 1700 1703 1817 1880 1974 1938 2192 
121: 1837 1855 1880 1917 1938 1943 1954 1974 2008 2169 2185 2192 2219 2252 2288 1244 635 130 771 791 796 286 1197 1700 1093 845 917 728 740 234 1131 
740: 1837 121 1855 1917 1974 2005 2192 2219 88 124 293 635 1700 845 
828: 1837 1880 1938 1974 2192 2288 306 637 639 697 733 884 1651 1351 1522 910 1817 1474 1479 1254 1131 
1131: 1837 121 828 1854 1880 1944 1945 1990 2034 2058 2092 2134 2212 2318 7 55 171 321 360 361 439 573 584 773 870 1650 1653 1798 1481 1555 1696 1319 1450 1205 1449 1622 
1651: 1837 828 1931 2058 2071 2099 2130 2147 2288 2291 56 124 216 232 240 318 354 389 400 420 522 612 636 637 639 733 782 831 845 884 890 896 948 1016 1070 1084 1086 1244 1254 1262 1270 1302 1307 1330 1346 1365 1474 1475 1554 1561 1585 1590 1609 1646 1785 1697 1773 1795 
1700: 1837 121 740 1853 1908 1918 2005 2007 2008 2025 2027 2050 2155 2164 2172 2182 2183 2246 2252 2262 2274 53 149 186 188 189 192 249 269 320 600 635 677 712 748 782 845 891 927 985 987 1027 1048 1125 1231 1253 1296 1340 1467 1486 1609 1622 1660 1791 1813 1817 1819 1703 1701 1719 1758 
1703: 1837 1700 1889 1926 2050 2066 2155 2156 2187 2274 32 76 113 188 220 299 507 635 748 754 917 1110 1166 1351 1443 1486 1512 1622 1646 1816 1817 1819 1830 
1817: 1837 828 1700 1703 1841 1855 1868 1885 1888 1901 1917 1919 1931 1938 1948 1962 1966 1969 1971 1990 2008 2013 2018 2022 2024 2025 2033 2035 2050 2052 2058 2060 2061 2075 2114 2139 2147 2151 2188 2192 2201 2212 2219 2243 2248 2259 2262 2272 2284 2288 2318 2323 24 35 60 65 71 82 111 113 124 130 151 185 222 228 240 254 286 293 306 339 340 343 345 351 354 370 372 378 380 381 385 395 405 439 441 443 457 458 476 480 485 494 495 496 539 543 545 546 551 575 577 589 590 602 606 609 612 620 627 636 653 671 675 679 697 698 728 733 748 751 754 765 766 772 776 802 807 815 817 833 845 861 884 885 891 896 907 909 917 927 942 946 952 966 967 968 1038 1039 1077 1091 1116 1118 1128 1129 1159 1205 1217 1235 1268 1273 1285 1291 1329 1343 1351 1365 1374 1378 1379 1390 1391 1438 1447 1449 1450 1459 1468 1472 1474 1475 1504 1561 1562 1573 1603 1631 1642 1653 1665 1666 1682 1686 1697 1702 1744 1771 1782 1790 1795 1809 1813 1816 1821 
1880: 1837 121 828 1131 1974 
1974: 1837 121 740 828 1880 1938 264 272 351 1646 
1938: 1837 121 828 1817 1974 1879 1917 164 178 747 1622 2192 
2192: 1837 121 740 828 1817 1938 1855 1917 2168 2169 2185 2188 56 130 148 155 195 203 204 234 263 264 267 268 286 425 443 639 728 748 791 917 946 988 1016 1235 1307 1351 1474 1475 1514 1575 1596 1642 1794 2288 2252 
1855: 121 740 1817 2192 817 346 1562 1603 2212 111 178 386 416 435 454 461 686 693 1235 1285 1327 1436 1450 1622 
1917: 121 740 1817 1938 2192 2172 1351 2216 896 1494 1235 946 1475 267 268 1642 2288 2324 99 203 2188 286 681 1307 1474 1596 1655 
1943: 121 2172 1885 1846 186 762 782 891 1027 1278 11 28 58 166 192 193 284 396 443 544 600 665 691 804 807 833 883 901 1007 1053 1069 1290 1398 1553 1558 1634 1646 1660 1819 2048 2073 2250 2254 
1954: 121 171 1262 1645 673 1233 2034 609 1449 9 28 773 1608 1696 435 1450 434 585 791 953 1653 1451 1577 1555 1908 2227 2262 2209 437 502 619 1589 1923 1940 1942 1944 1945 1947 62 137 321 337 479 480 549 570 590 606 631 688 801 804 1068 1130 1159 1281 1383 1452 1532 1592 1677 1707 1775 2007 2247 2248 
2008: 121 1700 1817 1523 116 776 1163 1351 1472 340 339 445 811 925 1632 1666 1588 1885 2052 641 126 712 885 907 1447 782 891 1278 1847 407 565 713 1852 1875 1877 1895 1922 1925 1926 1968 1975 1990 9 23 24 32 53 88 102 105 114 115 117 119 122 146 155 158 167 169 172 193 199 203 204 234 235 242 247 248 249 256 270 306 319 320 330 343 359 367 380 383 385 402 404 425 426 439 441 443 450 452 456 457 467 493 501 522 523 532 545 546 567 580 581 586 588 590 618 626 649 650 675 682 686 727 729 732 733 741 751 781 790 804 825 865 883 884 889 890 901 926 934 945 953 993 1016 1033 1052 1053 1069 1076 1079 1084 1128 1132 1142 1145 1148 1155 1166 1168 1177 1179 1230 1234 1247 1260 1266 1269 1293 1296 1297 1300 1306 1309 1312 1313 1319 1330 1332 1340 1376 1382 1392 1411 1427 1428 1438 1446 1471 1474 1478 1479 1482 1498 1503 1529 1535 1558 1573 1574 1591 1597 1629 1630 1631 1646 1653 1661 1702 1763 1764 1768 1790 1795 1808 1816 2158 2026 2030 2035 2061 2063 2185 2091 2126 2098 2165 2120 2170 2212 2218 2219 2237 2242 2303 2259 2270 2083 2288 2305 2272 2289 
2169: 121 2192 1498 1311 837 
2185: 121 2192 2008 1351 1918 712 360 1158 917 884 728 580 1133 26 1708 
2219: 121 740 1817 2008 124 126 712 1777 782 891 1302 1853 236 469 796 1660 1908 1914 2007 2022 2164 35 53 130 179 214 216 320 424 514 515 729 744 807 883 987 993 1048 1378 1509 1522 1541 1597 1629 1631 1646 1701 2288 2252 
2252: 121 1700 2192 2219 574 612 124 1918 712 293 1093 1365 495 1379 522 2212 189 635 1014 1325 1498 362 1561 320 303 2014 577 1095 1709 2283 
2288: 121 828 1651 1817 2192 1917 2008 2219 1868 171 776 1351 1481 2224 896 124 131 497 608 637 817 943 1070 1233 1632 1697 1918 2268 73 735 1885 2075 1517 126 712 885 1447 845 1278 1365 351 494 495 609 1129 1302 1379 439 781 1680 1772 441 1971 309 435 1646 32 548 1475 1124 917 155 443 546 636 733 786 884 951 953 1018 1179 1300 1391 1715 1771 1907 1945 1995 2063 2072 2095 2102 2151 2163 2188 2195 2210 2237 2248 2283 99 130 137 141 149 151 152 203 204 232 240 304 327 389 395 444 459 480 496 547 575 580 590 598 610 627 639 640 675 681 696 702 714 728 765 804 848 864 935 950 952 966 967 968 1011 1016 1031 1064 1100 1104 1128 1160 1166 1219 1234 1244 1254 1268 1307 1319 1323 1333 1374 1377 1452 1456 1461 1474 1495 1555 1561 1570 1589 1604 1653 1655 1673 1691 1816 2295 2291 
1244: 121 1651 2288 637 236 796 1834 636 589 2164 314 2124 897 1580 
635: 121 740 1700 1703 2252 579 1632 1777 186 782 891 1027 1278 2320 607 677 2027 464 353 1853 189 469 1908 2005 2007 2183 38 40 53 192 193 213 417 463 1774 1522 1014 1527 897 1541 1161 1378 1069 1701 1660 959 1174 1630 987 1125 729 1135 
130: 121 1817 2192 2219 2288 861 1758 612 896 1056 1697 2075 712 907 830 845 351 494 495 609 985 1129 1379 1792 1998 522 1815 1667 1926 32 883 1033 46 926 99 1478 1744 242 449 496 575 1064 334 320 2188 2066 610 1308 1374 480 1452 1916 2119 864 1655 286 1673 291 172 1456 436 223 976 1372 
771: 121 2172 1788 124 579 1780 126 186 565 609 2212 2130 7 1622 12 397 2139 2147 23 585 1597 1919 1448 697 1522 869 2092 1883 1962 1993 2184 2202 24 185 306 319 432 479 606 681 774 1268 1559 1080 1319 1763 1621 1760 1127 1081 1709 
791: 121 2192 1954 1868 1262 896 608 1918 712 293 782 845 1365 494 495 1129 1772 1971 1515 1124 334 375 389 433 610 1604 1561 1570 968 1719 1219 837 966 967 1495 1498 1374 856 1258 1771 
796: 121 2219 1244 126 782 891 2320 1792 359 1853 1908 1914 53 244 320 514 987 1660 1265 807 1646 
286: 121 1817 2192 1917 130 2172 1494 712 2027 946 1642 155 2194 254 590 681 778 378 1708 
1197: 121 2172 712 1449 1450 354 807 1913 2205 801 1423 1661 
1093: 121 2252 641 1447 1846 830 891 1889 1920 1926 2105 2320 9 28 32 43 58 396 446 631 729 837 1273 1340 1609 
845: 121 740 1651 1700 1817 2288 130 791 1472 1758 1857 340 637 772 957 1243 1343 1697 1899 735 1257 1588 1885 2052 708 712 907 1447 1846 1856 1861 1889 1890 1895 1903 1907 1926 1936 1990 2006 2012 2043 2083 2105 2133 2139 2153 2164 2165 2188 2197 2212 2237 2296 2304 2320 49 53 65 88 99 102 108 113 115 137 148 155 157 166 179 185 192 234 242 310 332 334 345 351 380 382 383 385 396 405 438 439 441 443 450 482 494 517 546 567 581 586 600 620 639 650 675 692 705 707 713 729 732 733 813 820 883 884 1400 891 1409 1411 901 1415 923 1438 1655 954 956 1471 1475 1478 1479 976 1498 1514 986 1160 1278 1033 1044 1066 1069 1071 1587 1592 1094 1095 1096 1101 1623 1653 1182 1177 1266 1702 1731 1242 1786 1790 1798 1291 1300 1819 1309 1822 1317 1831 955 1340 1366 1372 
917: 121 1703 1817 2192 2185 2288 2172 748 1351 673 1697 1866 1885 2052 885 907 1777 782 830 891 1278 407 985 1449 256 439 441 1066 2083 28 469 1069 461 158 2158 2184 2291 2295 137 155 185 242 249 264 292 306 385 400 443 545 546 631 728 732 733 739 786 804 883 884 1411 952 1300 1398 1344 1358 1242 953 1771 
728: 121 1817 2192 2185 2288 917 2172 171 394 748 1481 612 896 1056 124 131 579 817 895 1233 1494 1697 1899 73 735 1324 1885 712 885 907 351 494 495 609 988 1379 1806 61 1496 439 727 781 441 646 1971 2212 2174 2058 283 1554 435 1285 1727 1509 1646 32 719 158 167 426 443 546 786 883 884 932 933 953 1391 1715 1771 216 926 240 1773 2240 1522 232 1607 1795 2261 2092 1234 204 675 1931 2004 2013 2051 2066 2113 2126 2138 2148 2194 2248 18 42 62 112 141 148 149 275 291 318 398 404 453 504 531 580 610 639 651 889 898 1435 1452 1461 1471 966 968 1495 1561 1589 1084 1104 1281 1644 1160 1186 1208 1719 1211 734 736 1251 769 1374 1311 1319 1323 1835 1329 827 837 1372 
234: 121 2192 2008 845 1868 394 1262 1472 1481 1575 1758 603 612 896 124 1697 2268 1885 350 293 1365 351 494 495 609 1129 1379 1813 1496 727 522 2096 1646 32 1035 1915 267 268 1889 1907 1924 1990 1995 2032 2209 2283 2301 2318 149 151 375 900 425 426 440 1498 1030 1568 547 1570 836 1582 1589 1084 578 1121 610 1127 1128 1137 1653 1169 1702 335 1203 1205 698 1234 725 1240 1759 261 1795 262 272 275 1821 292 310 321 1347 334 848 337 343 1368 354 
2005: 740 1700 635 612 1501 186 1027 189 901 1069 193 2114 192 1398 2007 614 1125 1822 2183 
88: 740 2008 845 574 776 2216 896 1056 943 1632 2094 843 907 71 293 891 609 677 727 441 646 435 1856 1919 2063 2091 2111 2178 2196 2197 2199 2218 2245 23 24 27 53 1522 248 1527 1411 135 436 268 203 1422 1427 661 1434 610 1820 547 1570 1701 1319 1529 1466 1597 169 1600 1300 588 1743 199 151 1238 552 1631 1126 1002 1132 1771 238 
124: 740 1651 1817 2219 2252 2288 771 728 234 2172 1868 1351 1575 2216 1842 1864 1881 1885 1887 1913 1918 1941 1967 1997 1998 2018 2024 2027 2035 2042 2048 2062 2070 2102 2112 2139 2147 2155 2218 2253 2261 2267 2296 2318 2 47 56 57 123 1391 883 884 1396 711 371 1411 400 402 1427 1430 925 1440 1230 424 937 426 429 945 434 437 636 637 1471 1474 1475 638 458 1491 469 476 482 1070 303 1752 494 499 425 1016 1529 1020 1033 736 1558 1380 1563 542 545 1573 1579 564 1587 572 575 579 1096 587 588 151 1685 1631 610 1123 1635 1640 1642 1142 1653 125 126 1660 639 131 649 650 651 1166 1169 1354 1174 152 155 668 160 1184 504 677 679 169 681 683 173 686 1202 1019 185 195 1219 708 1448 717 207 719 1235 1236 1748 729 733 735 1198 1764 1255 1795 1771 1773 762 1218 435 261 774 267 268 782 1806 1297 1307 1310 1311 290 270 298 811 300 1326 817 316 837 330 853 348 795 350 865 357 359 1383 
293: 740 1817 2252 791 234 88 171 1163 1481 2216 925 1233 1666 735 1846 71 1854 1889 1908 1920 1926 2072 2101 2165 2170 2178 2245 2259 24 135 167 209 211 240 242 1306 891 1411 901 714 400 1428 407 927 1439 1446 953 974 469 982 1495 1503 1514 1526 1159 511 1537 523 1036 1041 1673 1079 1053 548 1066 1069 1587 567 575 1603 1121 620 581 627 1653 1266 650 1682 675 1212 1589 1725 1234 733 1248 1744 1790 782 1823 1825 309 825 1340 319 1365 1369 865 357 363 
306: 828 1817 2008 771 917 2172 1163 1351 1575 1918 830 1772 1235 650 1035 1475 267 1014 2147 1761 232 96 774 1555 1891 2045 2063 2078 2146 2205 2223 2258 2282 45 136 190 218 265 278 1689 1658 1531 639 1798 1390 1551 1552 1049 1435 424 1201 956 1474 453 839 716 336 1530 726 734 1247 562 1635 1254 324 1128 
637: 828 1651 2288 1244 845 124 1868 758 1163 1472 1645 1935 612 896 1842 1871 1885 1931 1987 2061 2071 2146 2147 2233 2291 209 216 318 321 436 495 522 582 609 611 636 1561 884 817 1016 735 639 641 691 1667 1288 948 1162 1270 1304 1307 1622 1693 1697 1319 1379 1711 1074 1330 1715 956 954 1474 1475 967 1609 1091 1152 1235 1302 733 1374 1254 1773 
639: 828 1651 2192 2288 845 728 124 306 637 776 1697 735 1257 2094 641 1365 495 948 1302 1792 9 522 2130 1475 719 2061 2147 636 733 884 216 240 389 1773 1266 1561 2289 2146 700 1307 1474 289 661 1609 1693 1987 2071 2291 318 1016 1585 1270 1245 1464 1468 1254 
697: 828 1817 771 1472 1788 943 2075 351 495 609 1129 1302 1496 781 1286 1622 32 1313 1875 2273 290 315 1522 1275 1039 870 966 967 1621 1373 1381 1000 
733: 828 1651 1817 2008 2288 845 917 124 293 637 639 1868 171 1262 1351 1788 340 896 131 497 608 943 1070 1918 73 346 735 2052 641 712 907 1278 1365 1504 351 494 495 1302 1379 1813 1496 439 781 1772 19 441 464 522 2058 1667 1509 1646 32 973 548 1475 1124 1915 2147 125 443 636 1889 1907 1924 1925 1945 1997 2035 2073 2113 2141 2195 2208 2218 2291 151 152 203 216 290 303 304 316 327 389 450 453 476 496 517 547 567 580 610 627 651 714 1391 884 889 914 960 1474 966 967 968 1495 1514 1016 1551 1079 1570 1104 1604 1710 1208 1219 1743 1234 1254 1771 1773 1307 1821 1311 1323 836 1377 
884: 828 1651 1817 2008 2185 2288 845 917 728 124 637 639 733 1523 2172 1868 748 776 1472 340 612 896 131 339 497 608 673 817 943 1070 1233 1666 1918 73 735 1885 2075 2052 708 712 885 907 1447 1501 891 1278 1365 351 494 495 609 988 1302 1813 1496 439 727 1603 1772 441 1971 2058 1660 1819 1235 1646 32 1479 548 1475 1124 267 1014 1202 2147 125 155 249 443 545 585 636 786 883 1872 1905 1907 1920 1945 1982 1992 2018 2063 2073 2102 2113 2116 2138 2165 2195 2208 2283 2291 2314 2318 42 62 100 112 142 149 151 152 216 232 242 275 303 304 327 349 389 395 401 444 450 459 473 476 496 517 531 567 580 606 610 620 627 640 651 675 711 734 804 837 1391 1396 1426 933 1570 1451 1461 1474 966 967 1495 953 1016 1536 1031 1757 1084 1098 1100 1104 1756 1627 1008 1159 1160 968 1715 1208 1719 1211 1743 1742 1234 1604 1251 1763 1764 1255 1771 1281 1795 1797 1630 1631 1816 1307 1821 1123 1319 1323 1254 1128 1377 1219 1374 
1351: 828 1703 1817 2192 1917 2008 2185 2288 917 124 306 733 1840 748 1841 1901 1975 2012 2042 2082 2092 2095 2099 2120 2143 2183 2246 2318 51 56 65 83 99 137 141 222 226 292 334 359 369 375 384 493 531 558 606 673 800 811 850 866 925 946 947 1033 1080 1084 1109 1121 1123 1194 1206 1774 1777 1628 1629 1803 1690 1739 1612 1465 1531 1555 1493 1449 1459 1748 1514 1667 
1522: 828 2219 635 771 728 88 697 497 943 1780 2042 712 71 782 351 609 1037 1129 1998 1496 1603 236 686 1834 23 167 585 964 1179 1297 1875 1922 1962 1995 2028 2066 2259 2321 75 135 180 203 207 222 645 764 850 905 1242 1268 1348 1452 1497 
910: 828 2172 1848 1951 2079 2267 94 391 491 531 651 759 880 1424 1178 926 1760 1377 1553 1394 
1474: 828 1651 1817 2192 1917 2008 2288 124 306 637 639 733 884 1472 2216 1056 1666 1697 2094 2075 641 494 948 1302 441 522 1109 7 1646 32 1475 2147 636 216 232 517 620 1561 944 2146 848 1307 2022 2071 2291 2325 137 318 381 968 1016 1047 1120 1254 1270 1330 1711 1609 1489 1685 
1479: 828 2008 845 884 776 1472 445 497 817 925 1070 1233 1666 1697 1885 1106 71 891 1278 351 494 495 607 609 988 1037 1129 1813 61 1496 439 1603 441 236 1660 1819 2177 283 686 1327 103 32 1862 1887 1896 1901 1907 1990 2150 2196 2197 2251 2261 2281 2295 2297 2300 63 108 112 125 155 164 220 231 242 320 322 330 369 381 443 477 480 496 523 545 553 575 592 644 768 790 846 883 894 953 1008 1020 1079 1141 1142 1179 1234 1236 1296 1297 1328 1347 1391 1471 1476 1790 1597 1627 1630 1637 1682 1739 1744 1781 1631 1821 
1254: 828 1651 2288 306 637 639 733 884 1474 2172 1697 2052 712 407 948 1302 1998 1475 2147 636 232 1561 2146 2113 1307 1609 318 402 2071 2291 1016 
1854: 1131 293 584 861 1645 1758 153 896 1603 1852 360 361 486 573 1109 7 55 283 357 773 1089 1357 1554 1608 1667 1696 2134 
1944: 1131 1954 609 2089 1646 992 1174 1369 2086 610 207 1435 1347 1686 2129 
1945: 1131 1954 2288 733 884 1262 673 2042 609 1449 1450 1646 992 2230 1369 883 1451 1273 149 702 695 1707 1435 1347 1686 
1990: 1131 1817 2008 845 234 1479 776 1788 2216 896 673 811 1090 1885 1447 891 609 1129 1302 1813 1496 1286 522 2212 357 1667 1285 103 1174 23 585 933 953 1033 1179 1428 1573 1682 2001 388 389 1448 1498 1403 363 627 675 945 1230 1889 1949 292 307 310 314 318 404 491 606 667 831 837 940 963 1031 1051 1080 1081 1229 1245 1273 1277 1292 1298 1423 1503 1710 1743 1787 2263 
2034: 1131 1954 2172 1758 1857 131 1447 1846 1940 167 216 520 627 675 676 773 831 847 865 898 1179 1398 1555 1587 1649 1667 1715 1774 2037 
2058: 1131 1651 1817 728 733 884 394 2311 2216 2224 131 817 2166 2052 1852 488 1782 1853 1936 1959 27 47 96 170 207 222 241 261 287 363 412 456 557 562 570 625 686 732 768 777 792 818 942 1006 1026 1067 1107 1123 1132 1205 1227 1256 1263 1323 1360 1368 1391 1397 1427 1487 1503 1542 1544 1552 1581 1597 1622 1744 1770 1790 2073 2086 
2092: 1131 771 728 1351 1523 2172 758 1472 1575 1788 1935 612 896 131 817 943 2094 2085 1447 71 351 1207 1449 1806 1998 1888 9 439 727 1286 1772 19 428 522 1279 1617 1733 2089 2134 309 7 386 1450 1622 1646 1042 862 1659 1915 853 163 585 786 931 933 964 1791 2165 2296 1895 388 476 818 1142 1448 1498 2240 1315 2086 1882 1931 1962 1995 2013 2036 74 87 118 143 152 184 307 319 465 477 482 487 504 538 610 631 651 652 709 751 844 855 858 927 965 966 967 1102 1127 1137 1183 1191 1208 1240 1256 1373 1374 1432 1442 1468 1490 1495 1539 1564 1589 1621 1709 1755 1756 1774 1823 1830 2148 2163 2217 2129 2131 2293 
2134: 1131 1854 2092 2172 584 758 861 1645 153 603 2044 1603 1852 360 361 486 573 1109 7 55 155 283 357 773 931 932 933 1357 1554 1696 
2212: 1131 1817 1855 2008 2252 771 845 728 1990 1523 2172 1472 1481 896 1056 1193 673 925 1494 1697 2268 1588 1885 712 885 71 1365 407 524 565 609 1129 1379 1562 1813 1851 439 727 781 1455 1603 1748 428 522 1853 1947 2033 2036 2057 2066 2071 2086 2096 2099 2114 2139 17 23 31 41 157 184 187 191 216 248 316 363 382 388 403 414 459 476 509 515 543 547 552 553 587 611 618 619 632 651 654 669 686 706 716 719 804 846 856 872 879 890 898 911 926 951 953 990 1033 1039 1049 1057 1067 1077 1081 1083 1085 1094 1128 1176 1202 1221 1297 1319 1347 1370 1375 1383 1402 1469 1512 1545 1555 1556 1564 1565 1602 1624 1668 1682 1702 1728 1756 1763 1784 1803 1810 1835 2259 2228 2277 2278 2281 2291 2321 
2318: 1131 1817 234 124 884 1351 183 584 612 896 1056 528 811 817 826 1070 1090 1697 1899 1257 928 1447 1496 727 1165 1271 1603 19 428 1733 1815 2177 1646 973 611 167 408 1111 1759 505 1577 1795 1234 327 653 1288 1495 1555 1925 2176 1273 1305 2292 319 320 1100 1897 1940 2038 2115 8 18 342 593 610 617 619 705 710 726 797 847 868 904 950 1040 1075 1080 1127 1139 1189 1201 1217 1221 1238 1319 1348 1374 1433 1468 1528 1545 1547 1570 1579 1594 1812 1835 
7: 1131 771 1474 1854 2092 2134 1523 584 1935 612 528 943 494 609 1449 61 439 1748 522 360 361 486 573 1109 1969 2032 2105 2199 3 242 1370 1073 1371 455 517 651 149 290 1761 1191 1323 55 1208 69 967 1353 1357 723 1495 604 610 1219 1127 620 1795 
55: 1131 1854 2134 7 584 1645 1758 896 1603 360 361 486 573 1109 2057 2233 1650 1185 1814 283 289 1583 1585 694 1081 459 1357 1232 1235 321 1759 357 620 
171: 1131 1954 2288 728 293 733 2172 1840 1885 1931 1947 1971 1982 2089 2195 21 74 100 152 167 1137 627 1653 1787 896 522 1801 1551 275 1555 1302 923 1524 1056 673 931 932 933 1319 1570 1067 944 1587 934 953 1525 445 865 319 960 1447 1084 1603 966 548 1482 207 1233 1234 491 1618 1365 321 1089 893 1055 1495 612 1327 1127 1179 619 320 1379 
321: 1131 1954 234 637 55 171 1523 109 183 394 758 1163 1575 1645 1758 1788 2311 1935 2224 612 896 339 817 1233 1343 2166 350 609 1449 1286 1603 522 1387 2177 283 1089 1554 1667 1696 386 1235 1285 1450 1584 715 1915 158 2147 354 400 566 585 931 932 933 934 1179 1428 1524 1811 2001 225 926 1297 1448 1759 1773 2033 1577 1665 1795 1234 363 675 836 1495 1555 1995 203 275 1323 319 320 753 872 1228 1809 1083 1075 1348 191 610 1326 1319 2011 2062 2103 2127 2129 2138 2152 2225 2233 2247 2249 3 74 140 143 184 207 258 290 311 1419 912 1435 431 1456 1482 384 503 1585 1543 479 1564 1570 1061 557 1583 1081 1624 1115 615 1130 1137 1140 648 1169 1188 1208 1225 1240 1245 1763 1764 1770 1775 1292 1823 1829 337 1370 352 1383 1386 879 
360: 1131 2185 1854 2134 7 55 584 861 1645 153 943 9 522 1852 283 357 1266 1281 773 1554 1696 1570 573 1795 1608 1357 1109 486 361 746 
361: 1131 1854 2134 7 55 360 584 861 1645 1603 1852 283 357 486 1109 573 1696 773 1795 1608 1357 
439: 1131 1817 2008 2288 845 917 728 733 884 1479 2092 2212 7 1318 1523 2172 574 776 1472 1481 1788 612 896 1056 131 497 579 608 817 943 1070 1233 1494 1666 1697 1918 73 735 1324 1885 2075 2052 350 712 885 1447 71 891 1278 351 494 495 609 988 1379 1813 1850 9 1864 1871 1873 1882 1883 1905 1907 1910 1915 1919 1926 1961 1971 1979 1986 2018 2028 2035 2062 2066 2067 2073 2093 2129 2138 2139 2148 2157 2174 2274 2275 2285 2286 2291 19 23 32 35 42 64 76 83 95 98 106 112 120 125 143 144 149 152 155 169 172 191 196 203 216 240 242 247 249 251 266 273 287 290 291 303 304 311 316 318 320 327 330 331 334 354 365 385 386 388 389 398 403 414 425 435 1391 1256 883 887 1563 543 714 1566 1430 1435 546 927 1450 464 1320 1461 441 443 962 967 1487 1493 1495 475 959 482 1411 1326 619 1498 1016 508 477 1319 1543 522 1545 1554 1448 536 1559 1050 1561 545 547 1069 1080 1081 1084 1088 1297 1603 1682 496 1089 1622 1627 610 611 620 1688 1644 1646 1008 582 1266 1660 1604 926 1668 1160 1673 587 1173 1285 1271 1692 1695 1186 1609 686 1812 1202 1715 1631 1208 1719 1211 681 1228 853 1743 1234 1771 732 1452 736 1251 1630 1261 1772 1795 1274 1279 769 1282 606 1286 521 1374 786 523 950 790 1121 1815 1819 1311 804 1377 953 808 1124 1773 818 504 1552 833 1798 836 837 675 844 534 1187 1372 1219 1520 966 
573: 1131 1854 2134 7 55 360 361 584 776 861 1645 153 1680 522 1852 486 1915 1919 157 283 357 773 1554 1696 686 947 1795 1357 1109 
584: 1131 1854 2134 2318 7 55 360 361 573 1840 109 1852 1915 2249 74 153 216 283 339 357 486 522 1370 758 896 773 1161 1163 1555 1696 1554 1357 1449 1450 1081 1592 1603 1608 1152 1109 1748 1369 1371 861 609 612 1127 1645 
773: 1131 1954 1854 2034 2134 360 361 573 584 183 1645 2216 612 896 1090 1899 1885 494 1129 1603 1680 522 486 1865 2001 2061 2161 2225 18 585 620 1653 1548 1696 1704 1068 1073 1074 1075 1592 1593 1594 1347 1348 1608 
870: 1131 697 758 776 612 673 1918 1447 1806 1998 158 1239 926 869 1039 1607 1205 95 1564 909 1760 
1650: 1131 55 1523 758 776 1163 1758 1233 178 1759 1234 675 127 1611 149 1763 1940 2247 289 209 1162 356 615 1152 1585 
1653: 1131 1817 1954 2008 2288 845 234 124 293 171 773 2172 776 1481 2216 612 131 1070 1233 1697 1588 2052 782 891 1365 2320 494 495 1029 1129 1302 1379 1813 9 727 1603 1772 441 522 1066 2083 28 901 2177 178 1926 1045 1124 1073 155 249 385 443 545 546 585 883 1771 2165 1869 1889 1947 1949 2161 2170 10 53 120 216 240 291 304 320 343 381 389 396 449 505 619 620 627 631 679 737 940 966 967 1007 1081 1084 1217 1219 1232 1234 1242 1393 1411 1495 1497 1498 1555 1561 1570 1649 1685 1795 
1798: 1131 845 306 439 712 2243 1286 1421 1071 1309 1326 1543 402 682 969 
1481: 1131 2288 728 234 293 2212 439 1653 1523 1840 183 394 1163 1865 1871 1885 1895 1926 1997 2001 2002 2022 2072 2075 2085 2283 2308 2320 10 18 19 28 70 143 151 153 158 172 184 188 207 319 350 363 396 397 441 443 449 503 546 585 661 673 810 817 858 883 896 926 1017 1018 1045 1066 1083 1111 1132 1179 1208 1226 1232 1233 1325 1375 1419 1427 1435 1451 1495 1509 1548 1554 1562 1593 1589 1645 1646 1649 1667 1696 1734 1790 1525 1555 1559 
1555: 1131 1954 2288 306 1351 2034 2212 2318 171 321 584 1653 1481 1523 109 183 394 758 776 1163 1262 1575 1645 1758 1788 1935 2224 153 612 896 1056 131 579 673 817 895 1090 1780 1899 1257 1885 350 907 1447 71 609 1562 61 781 1212 1603 1748 364 522 1134 865 1387 283 1089 1554 1667 1696 461 1285 1450 1646 715 548 365 397 1915 611 2061 158 1901 2147 1369 354 457 585 931 932 933 934 1111 1113 1179 1384 1511 1524 1715 1811 2165 2001 2002 2296 225 1818 388 389 476 818 1297 1451 1759 1773 893 1072 1418 1795 1631 1234 41 363 836 945 1495 1940 1997 2037 2082 2101 2102 2103 2127 2138 2227 2249 2280 2294 3 18 35 74 140 143 144 184 207 241 258 275 277 290 318 319 320 352 375 384 507 582 593 615 619 625 654 676 717 753 801 829 848 858 872 880 912 966 968 1061 1068 1075 1079 1081 1083 1115 1127 1140 1152 1161 1169 1173 1182 1186 1195 1228 1240 1267 1319 1323 1326 1329 1335 1360 1370 1374 1383 1386 1480 1482 1525 1529 1543 1823 1570 1614 1619 1669 1712 1756 1770 1821 1829 1832 1809 
1696: 1131 1954 1854 2134 321 360 361 573 584 773 1481 1555 896 1070 1899 1447 609 1603 522 486 2083 1608 1865 2035 2061 2102 2225 2247 74 167 258 382 496 585 606 778 836 931 932 933 1073 1074 1075 1113 1127 1169 1179 1184 1240 1312 1329 1347 1348 1370 1454 1495 1548 1569 1592 1593 1646 1704 1770 
1319: 1131 2008 2288 771 728 88 637 884 2212 2318 171 321 439 1555 1523 394 758 776 1163 1472 1758 1788 2224 896 579 673 1233 350 712 885 1447 1970 71 609 988 1449 1562 781 1603 1680 1748 441 522 1089 1554 435 686 1235 1285 1450 1646 12 715 1124 1369 354 585 587 786 883 932 933 934 951 953 1715 2296 1568 926 523 1297 1411 1448 1451 1493 869 893 1795 1631 1205 1234 65 204 363 675 898 1084 1495 1977 2151 1779 2292 203 275 1323 2196 50 144 1757 619 877 8 967 1589 149 191 2259 558 1913 1931 1940 2011 2197 2213 34 38 44 62 90 100 104 129 205 207 213 223 383 421 436 540 555 570 581 606 661 703 717 723 731 768 847 881 888 912 966 987 998 1068 1077 1078 1130 1173 1240 1248 1284 1294 1400 1456 1829 1482 1477 1578 1518 1559 1564 1592 1614 1618 1635 1644 1661 1756 1765 1770 1461 1336 1368 1371 1383 
1450: 1131 1817 1855 1954 1197 1945 2092 321 439 584 1555 1319 787 1523 109 183 758 776 1163 1645 1935 896 673 1918 350 2085 712 2320 609 1449 1562 727 1286 1603 1772 2317 247 428 522 1971 309 1660 1089 1667 386 1285 1875 1915 1936 1940 1953 1985 2018 2088 2099 2103 2152 2206 2209 2217 2245 2294 151 152 207 270 310 316 320 335 352 363 379 383 388 403 405 442 451 457 475 476 478 482 502 509 527 534 542 546 550 616 625 651 706 719 722 775 801 803 848 853 856 926 931 932 933 934 949 989 992 994 998 1039 1049 1061 1076 1077 1080 1102 1124 1127 1128 1142 1157 1181 1183 1204 1208 1217 1230 1240 1265 1310 1325 1369 1370 1374 1376 1386 1400 1409 1416 1418 1448 1749 1823 1468 1478 1482 1493 1495 1525 1604 1685 1587 1706 1451 1756 1763 1795 1779 
1205: 1131 1817 234 2058 870 1319 1523 2311 1935 2224 612 896 131 1918 1885 2269 1129 61 1603 1554 1667 1235 715 1915 2061 882 1014 123 155 400 546 786 934 1300 2002 1577 1795 2261 429 1884 1891 1898 1924 1949 2020 2072 3 30 53 76 140 149 191 320 363 440 483 489 699 802 831 836 837 852 898 967 968 1083 1137 1183 1290 1693 1545 1482 1483 1386 1208 1619 1368 1835 1800 
1449: 1131 1817 1954 1197 917 1351 1945 2092 7 321 584 1319 1450 787 1523 183 758 1645 896 1866 350 2085 712 2320 1847 609 1863 1913 1915 1936 1940 1953 1971 1985 2018 2096 2098 2152 2209 2317 151 152 209 247 277 310 320 354 363 375 386 405 428 451 457 475 476 478 482 514 515 522 527 534 542 546 550 616 651 670 719 722 727 775 803 825 848 853 856 898 932 934 949 989 991 998 1039 1051 1068 1069 1077 1078 1089 1128 1142 1154 1181 1183 1204 1208 1219 1235 1240 1265 1285 1286 1325 1369 1374 1386 1400 1409 1427 1448 1561 1468 1482 1493 1525 1562 1603 1604 1629 1659 1660 1667 1680 1688 1451 1587 1772 1795 1779 1784 1808 1834 
1622: 1131 1700 1703 1938 1855 771 637 697 2058 2092 439 1859 2256 758 1163 1472 1645 1935 896 673 1459 346 712 885 907 71 2320 495 713 9 727 1748 19 300 441 646 1971 2174 1667 686 1436 1873 1874 1889 1894 1915 1922 1952 1975 1995 2024 2030 2036 2066 2073 2093 2114 2155 2182 2193 2218 2227 2245 2319 23 53 81 100 180 212 222 240 315 319 320 338 443 450 465 508 534 575 585 627 648 678 722 833 851 892 893 919 927 966 976 993 1039 1068 1082 1083 1102 1105 1128 1130 1234 1240 1293 1297 1300 1304 1356 1369 1371 1375 1471 1490 1493 1495 1509 1520 1529 1559 1597 1604 1610 1614 1621 1756 1624 1771 1630 1671 1686 1727 1790 1791 1801 1823 
1931: 1651 1817 728 637 2092 171 1319 896 817 2268 1501 407 565 1806 1286 201 28 1660 167 443 1179 216 818 1448 869 1039 99 1607 2261 1339 1719 1083 1374 681 909 137 212 651 711 972 1067 1760 1769 2114 1950 2235 2111 2282 
2071: 1651 637 639 1474 1254 2212 2216 528 638 811 1106 885 351 1302 9 111 1235 2147 636 756 240 232 168 681 212 1760 425 318 1016 874 1742 
2099: 1651 1351 2212 1450 758 1163 1472 1575 612 896 1885 2094 350 1562 1834 1895 1997 74 212 487 542 669 829 1539 1589 1774 2231 2131 
2130: 1651 771 639 2216 1666 1501 762 1278 2320 1853 469 761 1660 1819 2066 58 593 636 938 1265 1708 1719 
2147: 1651 1817 771 124 306 637 639 733 884 1474 1254 321 1555 2071 748 1472 612 896 131 1697 1866 2039 139 885 941 1149 407 1302 1772 1956 1475 719 2061 2012 2139 1909 1979 2029 2032 2045 2063 2112 2146 87 123 132 167 232 289 295 381 412 425 529 636 732 847 969 1016 1307 1323 1340 1390 1569 1814 1835 2176 2197 2241 
2291: 1651 2288 917 637 639 733 884 1474 1254 2212 439 2172 896 943 73 712 1302 1475 125 636 883 1391 1771 216 362 1561 714 1374 1386 1307 1016 960 1104 1160 
56: 1651 2192 124 1351 1868 131 1070 2269 1998 300 2089 2083 1158 2 2022 2267 2286 123 1403 1410 1012 1800 1169 354 290 1635 610 298 812 1326 304 125 316 832 1297 1218 968 1576 977 132 
216: 1651 2219 728 637 639 733 884 1474 2034 2212 439 584 1653 1931 2291 2256 776 1054 1472 340 1056 339 497 772 895 1588 2052 308 843 885 1447 948 441 1660 1235 1327 103 550 650 365 719 426 457 933 953 1018 1391 1871 1949 2007 2020 2024 2086 2113 2126 2208 2218 2259 2299 2302 2307 2312 150 165 375 889 893 909 412 927 425 427 1452 1458 1471 453 974 1514 491 1016 1017 514 515 1055 1567 562 1082 1600 659 1606 1607 592 598 1630 1631 610 1128 620 1774 633 1656 649 651 1681 1181 682 1208 1188 1741 939 1236 1238 1751 1794 687 1264 1270 264 783 1807 1298 1307 1297 837 1358 1374 1375 963 869 1383 
232: 1651 2288 728 306 884 1474 1254 2071 2147 2172 1163 1575 1935 612 896 772 2052 2284 2085 1027 1365 407 988 1302 1603 247 441 435 461 650 1475 1915 267 268 1313 1642 249 426 1179 1403 1877 2111 2146 72 143 165 203 1145 261 263 1077 1306 1057 1317 336 437 1208 575 455 1087 588 1487 264 1630 1631 363 
240: 1651 1817 2288 728 293 639 439 1653 1622 2071 340 896 907 2320 1207 9 1073 1901 385 546 585 953 1179 1895 1872 1925 2093 2170 2325 70 505 1411 682 1571 1556 867 1306 
318: 1651 728 637 639 1474 1254 1990 439 1555 2071 776 612 896 673 346 948 1302 328 1475 719 636 756 1033 476 1795 1495 180 966 1307 606 2254 570 404 922 102 1270 1016 578 
354: 1651 1817 1197 234 321 439 1555 1319 1449 56 1523 1868 574 758 1645 1758 2311 817 1697 1918 350 139 712 2269 351 61 9 1286 1603 359 441 1279 865 2025 1667 686 1285 32 1659 1014 1587 23 1907 1913 1940 2004 2018 2066 2086 2102 2129 2181 2259 2273 2292 42 44 80 97 151 204 205 242 275 299 303 316 341 352 388 398 926 1443 942 1454 968 1482 1495 987 530 540 557 1340 1208 1403 1234 1245 756 1287 1297 1300 790 696 829 836 837 848 867 869 363 
389: 1651 2288 791 639 733 884 1990 439 1653 1555 1788 2216 339 73 735 1885 708 885 1278 1504 2320 407 781 1286 441 865 461 1285 1313 1587 2139 167 385 443 457 545 546 883 953 1391 1597 1761 1895 1873 1913 1925 2035 2102 65 375 1145 1411 1801 1041 1053 1309 935 1702 1448 1631 1160 1075 698 1514 1340 1148 1297 962 1604 1831 1609 1312 610 580 
400: 1651 917 124 293 321 1205 1868 1262 2216 131 579 811 817 895 1070 1588 1486 2253 1430 2089 992 1014 2230 125 157 2167 2282 2299 2313 203 290 375 388 1774 1267 499 521 922 1570 1635 1720 1218 837 585 587 1232 1749 1368 877 
420: 1651 2172 727 1109 756 1118 
522: 1651 2008 2252 130 234 637 639 733 1474 1990 2092 2212 7 171 321 360 439 573 584 773 1653 1555 1696 1319 1450 1449 1523 2172 183 1262 1645 1758 2226 896 528 673 1233 1343 1632 1697 2052 708 860 885 1447 71 2320 351 407 494 1851 9 727 1535 1603 1748 441 1865 1891 1895 1903 1908 1925 1932 1956 1962 1971 2043 2073 2093 2102 2105 2165 2208 2233 2277 2278 2293 2295 10 23 33 74 113 137 155 158 167 192 193 197 207 275 290 345 363 368 396 398 405 426 429 435 443 449 455 457 472 476 479 486 496 505 1391 1393 1053 1411 901 631 926 932 933 1451 945 1464 1744 893 1475 837 980 1495 1003 1073 1016 1074 1160 1585 1587 1557 1052 543 1568 1571 1066 1582 1075 1077 1080 1594 1084 1608 593 1344 600 606 1631 610 1636 619 620 1137 627 1657 636 643 650 754 1175 1687 1179 1186 1192 1383 1198 689 691 692 1720 1702 714 719 1234 1240 1111 1452 1759 1251 753 1266 1268 1711 1273 1281 1284 1795 1543 1307 1308 1825 804 1083 953 1832 829 834 1348 848 1726 1364 964 1387 1646 
612: 1651 1817 2252 130 728 234 2005 637 884 2092 2318 7 171 321 439 584 773 870 1653 1555 1205 2099 2147 232 318 1523 2172 1868 183 1163 1472 1575 1645 1758 2311 2216 1841 1850 1851 1885 1895 1899 1901 1915 1982 1997 2063 2067 2070 2091 2102 2115 2127 2129 2165 2166 2176 2186 2209 2220 2235 2243 2247 2268 2275 2278 2292 2301 3 8 9 10 18 21 71 99 123 142 151 152 184 260 262 264 265 267 268 273 300 327 346 351 363 381 385 388 398 425 426 441 460 494 496 497 507 534 546 577 580 582 609 611 1256 1397 896 1419 1823 1228 1434 924 926 927 928 935 945 1471 1495 1496 1002 1525 1035 1036 716 653 1573 1577 1083 1076 1587 1594 1084 1090 1127 1145 1148 666 1179 668 673 1202 699 1723 1217 708 1733 715 1194 1230 1234 1238 727 729 1755 1794 1795 1777 1279 1790 784 1121 1304 1806 1312 1313 953 808 1835 817 818 1297 826 827 836 1365 1371 869 1815 1384 878 1390 
636: 1651 1817 2288 1244 124 637 639 733 884 1474 1254 2071 2130 2147 2291 318 522 1868 673 1697 1885 2094 641 1365 495 948 1302 1379 1475 1907 1987 2146 2237 412 1561 1016 691 1307 1270 1693 1568 675 1609 927 1773 
782: 1651 1700 1943 2008 2219 635 791 796 917 124 293 1522 1653 394 811 817 1233 1632 1697 1885 126 907 1846 186 1879 1926 2083 2156 2165 2170 2190 10 58 125 207 249 275 292 320 329 385 441 545 546 567 585 609 631 725 737 880 1266 1649 881 1719 901 1806 1710 1554 1819 891 1064 1066 825 1446 1212 892 1660 1619 1234 1365 1495 807 1813 1378 1379 953 1384 1603 
831: 1651 1990 2034 1205 896 1056 155 585 933 1715 2033 319 1075 927 356 366 460 676 1245 1038 
890: 1651 2008 2212 776 1723 346 1149 1813 1496 21 359 2170 2196 2323 1921 2217 2283 63 156 976 1413 
896: 1651 1817 1917 2288 130 791 728 234 88 637 733 884 1854 1990 2092 2212 2318 55 171 321 439 584 773 1481 1555 1696 1319 1450 1205 1449 1622 1931 2099 2147 2291 232 240 318 522 612 831 1868 109 183 394 1262 1472 1645 1758 1788 2311 1935 2216 1841 340 603 1876 1882 1885 1887 1891 1898 1901 1915 1924 1940 1949 1970 1975 1982 1986 1995 1997 2001 2002 2004 2013 2047 2051 2052 2057 2072 2091 2093 2101 2102 2111 2113 2129 2166 2173 2176 2186 2195 2197 2207 2208 2209 2220 2233 2234 2235 2243 2261 2268 2273 2281 2283 2286 2294 2295 2 3 9 17 19 23 48 52 59 71 73 95 98 111 135 137 145 149 152 155 158 176 188 203 206 207 224 260 265 273 275 277 284 289 290 291 300 302 312 314 316 319 327 330 335 345 351 353 357 363 365 385 386 421 425 436 440 441 448 453 457 460 461 479 480 496 497 503 507 515 517 539 543 545 546 580 593 594 599 606 609 611 615 620 624 627 651 653 661 673 675 676 677 679 681 699 706 712 715 716 719 727 729 731 732 735 739 821 827 829 844 847 856 857 865 875 877 879 883 885 889 891 893 895 898 900 904 907 924 925 926 927 928 931 932 933 943 944 945 950 953 962 964 968 972 993 1018 1032 1041 1065 1066 1067 1073 1074 1075 1080 1081 1083 1084 1089 1107 1111 1129 1134 1169 1179 1180 1186 1191 1192 1194 1202 1212 1233 1234 1235 1238 1240 1251 1258 1278 1279 1280 1281 1282 1285 1289 1297 1308 1338 1348 1350 1361 1365 1379 1386 1387 1390 1391 1403 1433 1434 1443 1446 1447 1451 1452 1459 1460 1461 1468 1482 1495 1496 1502 1517 1528 1532 1543 1545 1552 1570 1573 1577 1587 1589 1594 1602 1603 1607 1608 1631 1633 1646 1657 1679 1697 1702 1715 1725 1748 1755 1759 1760 1763 1764 1772 1794 1795 1796 1800 1810 1815 1821 1823 1829 1832 1835 
948: 1651 637 639 1474 1254 216 318 636 2172 776 1472 1697 1847 1865 1889 2112 2139 401 766 827 848 1270 1016 1816 1307 1475 1121 
1016: 1651 2192 2008 2288 124 637 639 733 884 1474 1254 439 2071 2147 2291 216 318 522 636 948 1472 2216 1056 2075 494 1302 1379 441 1646 1475 125 253 967 610 1307 1570 1609 969 1160 1270 1330 
1070: 1651 2288 124 733 884 1479 2318 439 1653 1696 56 400 1933 1842 131 579 608 1850 1873 1913 1918 1940 1956 2019 2052 2062 2070 2139 2166 2182 2289 2317 3 9 23 24 57 66 112 123 125 151 260 290 298 300 314 316 350 351 366 375 437 441 466 476 482 517 542 546 587 610 668 735 736 832 837 866 883 885 907 933 949 966 968 1014 1391 1411 1427 1440 1441 1451 1495 1576 1579 1109 1111 1112 1667 1685 1693 1184 1219 1771 1773 1806 1305 1311 1379 
1084: 1651 2008 728 234 884 1351 171 439 1653 1319 522 612 896 1758 1788 1697 1885 1365 351 1603 441 461 106 1646 715 611 1202 883 953 2001 1411 1451 913 1577 1795 1234 363 807 1891 1983 2022 2245 52 260 303 444 606 649 709 716 829 904 1265 1756 1797 1543 1821 1329 1390 1495 1760 
1086: 1651 2268 1773 1234 1468 1082 878 
1262: 1651 1954 791 234 733 1945 1555 400 522 896 1840 1054 1866 1871 1998 2073 2086 2264 2301 2 14 57 74 127 142 149 198 275 305 350 503 528 582 622 627 646 673 675 676 686 762 806 847 895 926 1056 1068 1073 1083 1121 1127 1129 1137 1198 1223 1225 1233 1234 1733 1711 1554 1807 1302 1568 1320 1741 1784 1759 1586 1587 1461 1589 1594 1723 1823 1365 1489 1303 1755 1374 1821 1603 
1270: 1651 637 639 1474 216 318 636 948 1016 2172 1475 1174 1307 172 266 
1302: 1651 2219 2288 637 639 697 733 884 1474 1254 1990 171 1653 2071 2147 2291 232 318 636 1016 1262 2172 2256 528 1459 1666 1697 1866 641 885 1847 407 565 1877 1887 1895 1947 2062 2146 2187 2295 172 219 435 594 932 933 945 1036 1111 1145 1148 1236 1561 1528 1411 1307 1313 1403 1591 1475 1478 1597 1630 1376 1772 
1307: 1651 2192 1917 2288 124 637 639 733 884 1474 1254 2147 2291 216 318 522 636 948 1016 1270 1302 2172 1788 2216 817 1666 2075 494 379 1035 1475 931 1761 1568 1320 1403 2101 2013 2325 381 1330 1489 
1330: 1651 2008 637 1474 1016 1307 139 1475 
1346: 1651 2172 1365 548 766 1234 334 1787 503 1570 1982 879 2195 366 970 
1365: 1651 1817 2252 2288 791 234 293 639 733 884 2212 171 1653 232 612 636 782 896 1084 1262 1346 2172 1472 1575 1758 2216 1056 131 925 1233 1350 1494 1666 1899 1257 708 1846 762 830 891 1889 1908 1924 1932 1982 2025 2043 2056 2072 2089 2102 2156 2158 2165 2168 2170 2195 2245 2272 2277 2321 2 9 24 38 62 127 135 166 167 168 174 185 195 200 242 249 254 261 262 267 268 270 272 309 334 357 390 424 426 435 438 444 456 459 460 469 496 503 506 545 547 548 567 575 578 620 624 627 640 643 650 672 675 705 713 723 729 732 768 848 869 879 892 901 926 930 947 953 974 1008 1033 1039 1041 1051 1069 1079 1118 1127 1159 1211 1218 1226 1234 1266 1288 1292 1306 1340 1393 1397 1411 1427 1728 1438 1446 1570 1744 1495 1514 1587 1790 1437 1682 1692 1702 1787 1794 1819 1821 1823 1825 1831 1551 1557 
1475: 1651 1817 2192 1917 2288 845 124 306 637 639 733 884 1474 1254 2147 2291 232 318 522 636 948 1016 1270 1302 1307 1330 1523 2172 1472 497 1697 1866 2094 2075 494 1863 1035 1919 2022 2045 2062 2102 2180 2218 2230 2325 39 102 123 212 505 570 605 649 661 725 807 848 968 1192 1194 1218 1323 1416 1561 1609 1685 1720 1741 1770 1541 
1554: 1651 728 1854 2134 321 360 439 573 584 1481 1555 1319 1205 782 1262 1523 1758 1885 891 9 486 825 1109 1873 1889 1891 1928 1929 1995 2103 143 144 149 337 585 650 698 719 893 906 933 1025 1391 1488 1646 1795 1572 1759 1637 
1561: 1651 1817 2252 2288 791 728 637 639 1474 1254 439 1653 1449 2291 636 1302 1475 340 1343 1697 73 735 1885 2052 885 1447 781 359 441 2083 435 973 155 167 443 545 546 883 1391 2296 1297 1744 2035 620 1889 2073 2259 381 455 688 804 978 1160 1514 1559 1649 1702 1766 
1585: 1651 639 55 321 1650 522 1523 1758 772 891 609 9 1603 1066 1109 1667 158 456 953 1033 926 1759 144 289 209 618 1173 1130 1226 1594 2057 1583 2233 769 
1590: 1651 933 447 91 
1609: 1651 1700 1093 637 639 1474 1254 439 389 636 1016 1475 340 1056 1494 712 1501 495 236 111 435 1834 1646 434 505 2035 1091 437 1940 857 1760 1950 1104 1572 
1646: 1651 1703 1974 1943 2008 2219 2288 796 728 234 733 884 1474 1944 1945 2092 2318 439 1481 1555 1696 1319 522 896 1016 1084 1554 1609 2172 116 1054 1575 1233 735 749 2044 126 762 351 407 609 985 1748 488 865 469 435 1285 1327 1858 1914 1942 2018 2032 2035 2045 2073 2155 2158 2184 2260 2261 2262 2295 2304 2 10 23 57 60 99 114 115 119 122 167 185 242 249 267 268 275 330 343 348 385 391 424 425 426 434 437 450 484 489 513 517 545 546 572 585 618 619 650 675 692 711 807 849 893 923 926 945 952 953 1018 1020 1025 1033 1110 1128 1159 1198 1202 1234 1238 1242 1250 1264 1266 1267 1391 1396 1427 1433 1443 1448 1468 1471 1529 1568 1572 1573 1631 1648 1702 1787 1795 1794 1810 
1785: 1651 1523 2172 340 339 2052 641 1603 178 435 862 1288 1057 989 547 
1697: 1651 1817 2288 130 845 917 728 234 637 639 1474 1479 1254 2212 2318 439 1653 2147 354 522 636 782 896 948 1084 1302 1475 1561 1575 2216 340 1842 339 445 811 1090 1233 1666 1885 1891 1907 1925 1926 1971 2024 2027 2052 2073 2083 2102 2105 2126 2240 2249 2262 2280 2296 2320 9 106 155 158 167 193 203 242 249 263 267 268 270 292 296 307 342 350 402 426 435 441 443 472 491 493 495 523 543 545 546 558 567 575 580 585 649 651 654 675 712 727 729 735 756 786 822 855 865 885 891 900 901 907 927 932 945 953 969 977 1017 1027 1033 1057 1069 1109 1125 1128 1160 1188 1229 1235 1266 1278 1309 1340 1376 1397 1427 1443 1478 1496 1543 1571 1603 1611 1734 1702 1733 1761 1763 1797 1789 1791 
1773: 1651 728 124 637 639 733 321 439 1555 636 1070 1086 2172 340 131 339 817 2268 2052 21 1971 397 1659 123 132 1391 1761 1771 1873 476 818 2018 2261 2295 112 151 152 316 418 478 482 493 503 542 669 681 949 1076 1187 1191 1288 1433 1443 1454 1577 1671 1801 
1795: 1651 1817 2008 728 234 124 884 2318 7 321 360 361 439 573 1653 1555 1319 1450 1205 1449 318 522 612 896 1084 1554 1646 1523 183 748 1575 1758 2311 673 943 1233 1494 350 351 1379 61 1496 1603 441 2322 650 719 1124 585 933 1391 2001 926 1297 1881 1997 2032 2035 2055 2146 2155 2188 2234 2260 143 144 149 207 242 275 414 517 580 778 833 947 1025 1061 1127 1166 1234 1251 1329 1374 1386 1441 1495 1572 1787 
1853: 1700 2219 635 796 2058 2212 2130 907 762 1278 2320 28 189 236 309 469 761 901 1069 1660 1815 1819 2177 1956 2025 
1908: 1700 1954 2219 635 796 293 522 1365 1885 712 1129 1035 1064 313 1218 1719 1920 
1918: 1700 2185 2252 2288 791 124 306 733 884 439 870 1450 1205 354 1070 776 1842 131 608 1846 1847 1913 76 80 125 132 180 201 203 204 242 290 303 346 359 397 434 435 437 489 546 602 610 681 686 693 712 713 727 735 794 857 883 907 909 921 1141 1157 1159 1191 1199 1202 1217 1239 1258 1278 1279 1285 1297 1364 1409 1411 1447 1451 1471 1519 1534 1549 1577 1579 1655 1659 1733 1926 1998 2018 2070 2073 2145 2197 2237 2238 2269 2133 2309 2317 2320 
2007: 1700 1954 2219 635 2005 216 186 891 1027 189 1660 193 192 614 1123 1125 1265 1822 2183 
2025: 1700 1817 354 1365 1853 1523 2172 817 471 712 495 1029 1165 1948 45 152 155 176 391 409 473 894 1118 1834 2028 2270 2272 2273 
2027: 1700 635 286 124 1697 1056 1723 1850 1896 244 271 320 381 456 469 686 946 1033 1297 1430 1597 1760 2156 2187 2102 2272 2274 
2050: 1700 1703 1817 861 1212 747 214 
2155: 1700 1703 124 1622 1646 1795 1054 528 638 811 1792 236 435 1035 1110 1403 437 2259 165 1036 345 
2164: 1700 2219 1244 845 40 430 1158 1926 1091 
2172: 1700 1917 1943 771 286 1197 917 728 124 306 884 910 1254 2034 2092 2134 2212 171 439 1653 2291 232 420 522 612 948 1270 1302 1307 1346 1365 1475 1646 1785 1773 2025 1838 1523 2255 1846 1848 1851 1852 1868 1871 1873 1885 1886 1896 1907 1910 1913 1923 1925 1927 1933 1947 1948 1949 1956 1962 1967 1976 1979 1991 1992 1993 1997 1999 2002 2009 2011 2019 2031 2037 2040 2045 2047 2062 2068 2070 2072 2076 2091 2093 2096 2108 2112 2117 2127 2138 2139 2149 2152 2153 2156 2167 5 6 12 19 27 46 47 74 98 99 100 112 114 115 116 119 120 122 135 139 141 156 158 189 192 198 200 203 207 211 212 219 228 229 235 245 248 253 255 257 260 262 263 266 282 304 315 320 327 336 340 343 351 352 367 388 391 395 398 403 404 416 417 429 443 445 449 450 451 456 464 465 467 469 472 475 478 480 495 497 504 509 517 530 531 553 559 564 565 575 580 581 583 585 586 587 589 591 598 603 606 611 618 622 624 631 647 650 652 655 674 685 686 712 713 714 749 751 754 756 768 774 775 776 780 795 800 802 807 810 814 815 817 818 838 841 842 848 849 853 855 860 867 869 883 895 901 902 903 906 911 924 926 927 928 930 931 933 938 940 945 949 952 954 962 963 976 985 993 1005 1006 1012 1014 1022 1023 1033 1034 1037 1041 1042 1043 1064 1073 1080 1081 1092 1102 1104 1108 1116 1119 1124 1127 1143 1166 1184 1185 1187 1190 1202 1212 1220 1227 1232 1238 1239 1247 1268 1274 1278 1279 1285 1289 1290 1304 1308 1310 1325 1327 1332 1340 1355 1356 1357 1360 1362 1377 1378 1382 1389 1391 1394 1398 1409 1416 1418 1425 1434 1451 1452 1462 1472 1478 1491 1504 1520 1546 1548 1559 1563 1564 1573 1588 1597 1607 1614 1615 1629 1631 1647 1654 1656 1662 1664 1665 1667 1676 1681 1694 1699 1704 1707 1711 1719 1723 1728 1748 1755 1759 1764 1767 1803 1815 1831 2275 2272 2174 2178 2187 2195 2202 2203 2208 2218 2222 2237 2246 2292 2294 2300 2301 2308 2319 2321 2297 
2182: 1700 1622 1070 2052 1379 9 19 810 1325 
2183: 1700 635 2005 1351 2007 186 1027 189 193 192 1125 1822 1198 
2246: 1700 1351 2172 1193 1403 
2262: 1700 1817 1954 1646 1697 1885 2075 351 988 9 1069 1174 2230 443 1391 1556 320 450 493 823 1323 1518 1770 
2274: 1700 1703 439 2027 776 1472 1090 712 71 1129 784 9 79 1286 1748 309 461 1313 23 585 1427 1428 1919 1627 1831 2259 1268 2077 290 2233 664 1148 1226 1709 1710 1713 2319 
53: 1700 2008 2219 635 796 845 88 1653 1205 1622 712 907 1813 9 951 43 1064 1734 203 1743 1596 489 1621 135 1503 1710 2273 412 
149: 1700 2288 728 234 884 1945 7 439 1650 1319 1205 896 1262 1554 1795 394 1758 2224 497 1233 350 891 1379 441 1089 1235 1073 1587 2264 786 933 1715 2001 2002 1568 926 1759 2043 1234 363 627 675 1495 1441 275 1323 1611 2102 2289 2049 967 1903 2079 2095 2110 2138 2276 2283 2301 3 74 104 129 1396 431 1461 440 451 966 1503 503 1538 1068 1594 1618 1115 1121 615 625 631 1686 676 173 1709 1223 1225 723 223 1281 277 1823 1347 867 1383 
186: 1700 1943 635 771 2005 782 2007 2183 860 1846 1920 883 505 1027 1819 1822 891 438 189 192 193 1125 614 
188: 1700 1703 1481 896 183 340 817 1777 71 784 1851 9 79 21 1956 2139 2217 2230 184 1630 1305 797 927 1577 1451 1337 1733 869 618 364 
189: 1700 2252 635 2005 1853 2007 2172 2183 186 762 1027 1278 2320 193 901 264 523 1819 1822 192 1660 469 1123 1125 
192: 1700 1943 635 845 2005 522 2007 2172 2183 186 189 762 891 1027 495 2117 193 1822 1125 
249: 1700 2008 917 884 439 1653 232 782 1365 1646 1697 1868 776 2311 340 339 497 943 2268 1885 712 891 1278 351 494 495 609 1813 441 825 1066 2083 901 435 1926 32 2139 1891 1907 2102 2165 2170 10 496 1266 1649 631 385 737 915 567 610 545 546 654 820 1341 962 1219 967 329 714 1740 1446 1573 953 1306 
269: 1700 1588 1207 1338 973 157 1234 65 405 2237 2036 1702 1586 1492 1143 648 
320: 1700 2008 2219 2252 130 796 1479 2318 171 321 439 1653 1555 1450 1205 1449 1622 782 2027 2172 2262 1523 109 1472 1788 340 673 1090 2268 126 885 891 2320 351 495 609 380 781 1286 469 901 1069 1660 1819 1667 1285 1926 622 443 585 933 934 1524 1597 926 1919 523 642 1448 1451 505 1076 363 575 1630 396 1306 1891 319 1940 1962 2103 2127 2129 18 102 137 172 185 222 312 436 952 479 480 729 489 1529 1160 1756 1557 1101 1621 1633 1669 1172 661 1702 1721 600 1240 1241 1290 783 805 823 788 348 
600: 1700 1943 845 522 320 346 933 198 1525 1002 
677: 1700 635 88 124 896 776 1788 1723 131 579 817 1632 2039 941 1847 407 1895 1910 1950 1998 2056 2073 2131 2173 2197 2233 2241 2248 23 77 78 81 111 135 136 151 152 178 180 204 314 316 329 359 365 388 397 403 413 417 419 479 493 502 504 509 539 587 588 602 622 1403 1359 1448 1451 952 1503 993 996 1509 1029 1033 1551 1044 1059 1613 1618 1116 1127 1128 1172 1687 1442 1709 700 710 1238 1251 1774 1273 1297 1824 869 816 785 701 702 848 1378 
712: 1700 2008 2185 2219 2252 2288 130 791 286 1197 845 728 733 884 1522 1254 2212 439 1798 1319 1450 1449 1622 2291 354 896 1609 1697 1908 1918 2025 2172 2274 53 249 2256 574 758 776 1788 1857 221 1723 131 497 608 817 1632 2268 735 1257 1324 1588 2094 2052 350 641 708 936 1106 2284 1845 1846 1848 1864 1877 1881 1889 1894 1895 1903 1907 1910 1913 1915 1920 1930 1940 1953 1962 1966 1971 1992 1998 2018 2019 2028 2035 2036 2063 2066 2067 2070 2073 2076 2089 2105 2118 2120 2139 2154 2188 2217 2236 2259 2260 2294 2295 2296 2313 2320 2321 2323 9 21 45 47 58 61 64 65 69 81 99 107 112 135 151 152 155 166 167 169 178 193 207 264 266 299 300 304 312 316 328 333 343 345 352 363 365 383 393 395 396 397 398 401 402 403 404 405 407 434 435 436 437 441 443 449 457 461 476 478 479 491 521 523 534 551 552 575 585 605 610 614 616 631 632 661 671 674 679 691 702 710 1391 883 885 1404 1309 1433 1434 1313 926 729 1441 935 1447 1448 1451 1258 976 1471 1476 971 1487 1157 1493 984 1834 1504 994 1002 1515 901 1014 1527 1529 1022 878 1076 1501 1278 1042 1045 1761 1069 1584 1080 1592 914 1297 1094 1807 1514 718 1629 1124 1639 1132 1008 923 1400 1142 1659 1665 1156 1667 1675 1680 1687 1179 1181 1194 1202 1716 1317 1597 1720 1219 713 715 1235 1240 731 732 739 1630 1766 1768 1771 752 1268 1779 762 1279 1790 1791 1282 1285 1286 775 777 1374 781 1545 789 1814 800 766 804 754 951 813 1325 818 1566 1340 830 832 1043 1044 1359 860 1729 1380 949 
748: 1700 1703 1817 2192 917 728 884 1351 2147 1795 1840 1926 2031 2120 2131 2136 2269 2289 2294 2321 41 71 494 495 585 620 735 753 769 1160 1503 1427 1495 925 1309 927 945 1459 1464 926 1106 993 1242 1498 1630 1509 1387 
891: 1700 1817 1943 2008 2219 635 796 1093 845 917 88 293 884 1479 1990 439 1653 782 896 1365 1554 1585 1697 2007 149 186 192 249 320 394 1472 1758 673 1885 2052 126 907 1846 830 1919 1926 1956 1971 2083 2126 2138 2156 2165 2170 2259 2320 9 49 58 155 193 242 329 385 441 443 495 502 545 546 567 609 619 631 737 857 901 1446 945 1495 998 1008 1066 1069 1082 1627 1630 1631 1129 1649 1660 1266 1234 1761 1278 1285 1819 1310 1317 953 1813 1379 
927: 1700 1817 293 2092 439 1622 216 612 636 831 896 1697 2172 188 748 340 1090 1343 73 1324 2052 924 139 907 71 1504 351 494 61 2253 1563 1733 2322 1069 357 853 158 268 1587 23 585 730 786 964 2165 2158 1568 869 517 620 373 807 1495 2170 1053 1995 654 837 1323 1757 877 8 168 967 610 1909 2032 2127 2278 4 39 62 91 154 166 250 264 290 392 537 539 552 576 604 723 797 799 833 846 1393 1468 965 966 968 1502 1752 1552 1080 1137 1159 1690 1710 1268 1291 1390 
985: 1700 130 917 1646 2172 1847 407 462 565 125 278 343 515 523 545 593 627 807 848 893 1792 1290 1037 1207 1464 1352 1685 988 
987: 1700 2219 635 796 1319 354 1056 126 907 464 1216 
1027: 1700 1943 635 2005 232 1697 2007 2183 186 189 192 350 1846 1901 2096 2177 193 266 607 1822 1321 1125 
1048: 1700 2219 787 2256 1216 1234 204 1630 203 1248 
1125: 1700 635 2005 1697 2007 2183 186 189 192 1027 1035 193 244 1822 1514 
1231: 1700 575 1553 2156 1226 1800 1628 
1253: 1700 735 1782 1514 
1296: 1700 2008 1479 1459 350 988 1813 932 774 1695 1218 963 1248 1458 
1340: 1700 2008 1093 845 293 2147 354 389 1365 1697 2172 712 776 2216 1447 495 609 1129 1379 9 357 32 1771 2118 627 643 1613 2146 480 1159 1570 425 1518 315 2047 347 1095 
1467: 1700 809 
1486: 1700 1703 400 603 131 2075 924 1379 1998 1850 2062 2283 66 123 132 284 311 610 666 942 1014 1174 1258 1299 1435 1534 1685 1830 
1660: 1700 1943 2219 635 796 124 884 1479 439 1450 1449 1931 2130 216 782 1853 2007 189 320 891 1472 1885 471 907 1501 762 1278 2320 609 1379 1792 1813 1286 441 1971 469 761 901 1069 1896 1926 2091 2111 2140 12 125 155 242 443 545 651 707 711 718 805 807 883 953 1008 1064 1091 1123 1352 1437 1503 1627 1630 1631 1819 1721 1689 1719 1760 
1791: 1700 2092 1622 1697 712 1868 776 1885 255 71 495 609 9 727 1971 932 953 1179 1300 1573 2136 2198 81 82 271 395 477 606 829 945 1280 1281 1498 1532 1568 1621 1832 
1813: 1700 1817 234 733 884 1479 1990 2212 439 1653 782 890 53 249 891 1296 1660 776 1472 445 925 1632 1324 1588 1885 2052 885 907 1447 1278 1847 407 565 1877 1889 1895 1913 1925 1975 2063 2083 2120 2142 2170 2218 2223 2259 2272 2296 9 23 24 86 102 105 155 158 167 173 193 203 204 242 247 270 330 352 359 380 385 395 402 425 441 443 457 467 469 473 489 493 523 545 546 567 649 650 654 727 729 732 781 790 825 883 901 953 993 1033 1034 1069 1076 1128 1132 1145 1148 1168 1174 1179 1266 1306 1309 1312 1313 1332 1376 1382 1427 1437 1446 1471 1495 1503 1518 1573 1591 1597 1630 1631 1659 1662 1702 1816 
1819: 1700 1703 1943 845 884 1479 439 2130 782 1365 1853 186 189 320 891 1660 1472 1885 471 907 1501 762 1278 2320 1129 441 469 761 901 1069 1926 2190 43 137 155 242 443 545 718 805 953 1008 1091 1265 1398 1437 1503 1627 1630 1631 1719 1721 
1701: 1700 2219 635 88 907 1569 938 
1719: 1700 791 728 884 439 1931 2130 782 1908 2172 1660 1819 1501 1327 1391 43 1064 1920 1311 1007 1896 2111 2273 137 173 598 634 672 718 1123 1126 1265 1290 1352 1437 1458 1503 1514 1754 
1758: 1700 130 845 234 1854 2034 55 321 1650 1555 1319 354 522 612 896 1084 1365 1554 1585 1795 149 891 1840 394 758 1645 1867 1885 1915 1935 2001 2049 2129 2148 2170 2224 2233 2247 2249 19 32 74 153 158 184 225 226 228 275 289 319 337 350 351 356 363 495 585 615 643 673 675 723 750 801 802 836 885 898 932 933 934 967 1037 1051 1066 1073 1074 1089 1100 1127 1129 1130 1137 1173 1183 1204 1208 1225 1233 1234 1240 1383 1387 1461 1496 1509 1524 1570 1583 1603 1612 1686 1759 1763 1832 
1889: 1703 1093 845 234 293 733 1990 1653 1622 948 1365 1554 1561 712 1813 394 2075 2052 1447 495 1129 1379 1212 441 1971 1066 1109 283 2139 443 585 883 1179 1297 1498 1759 1234 65 449 496 1266 1649 127 203 275 334 396 543 643 649 654 707 737 837 979 1007 1232 1306 1323 1339 1553 1611 1787 2196 2101 2018 
1926: 1703 2008 130 1093 845 293 439 1653 1481 782 1697 1918 2164 249 320 748 891 1660 1819 1472 1857 907 1930 2320 1379 1792 441 1066 28 761 901 1629 40 430 1158 10 58 292 343 385 396 443 449 545 546 577 631 737 807 867 900 1045 1117 1232 1306 1649 2165 
2066: 1703 130 728 1522 2212 439 1622 2130 354 712 2256 776 1788 772 350 907 1504 2320 9 328 674 1748 646 1134 1279 1834 766 2120 2070 397 992 1124 1659 2230 155 403 585 587 1391 1895 521 671 962 1297 1325 2028 1814 1627 2018 1913 2019 222 395 491 539 551 552 710 729 731 839 878 938 1118 1157 1374 1413 1433 1476 1529 1807 2067 
2156: 1703 782 1365 2027 2172 891 1231 2226 811 1278 380 1895 1230 1734 1959 691 763 952 
2187: 1703 1302 2027 2172 187 1128 185 
32: 1703 2008 2288 130 1093 728 234 697 733 884 1474 1479 439 354 249 1340 1758 1575 497 811 1243 1350 1666 1885 708 860 907 1970 71 1278 351 407 494 495 565 609 1379 1562 1792 441 825 865 1387 309 1069 357 1861 1884 1895 1925 2004 2014 2102 2151 2158 2165 2170 2196 2235 2248 2254 8 11 1393 883 456 900 1427 1428 920 1446 443 449 962 385 1514 496 517 1545 1041 1053 544 545 546 1060 1573 567 1636 1127 105 620 624 1145 1148 242 155 1179 158 692 694 696 935 200 1229 732 1759 1761 1261 1266 250 270 1309 1312 1313 803 804 953 1831 316 963 
76: 1703 439 1205 1918 1575 1343 2089 195 267 268 1901 123 932 933 964 1111 1112 1573 926 2132 363 1821 2176 319 2289 2168 2283 1397 1794 262 264 1820 1443 424 425 965 207 1487 97 261 
113: 1703 1817 845 522 1278 2320 407 565 469 1069 1478 1273 396 1290 1010 1126 
220: 1703 1479 255 471 256 391 1784 271 894 2270 77 1388 531 759 
299: 1703 354 712 579 2320 1603 435 587 931 1967 1403 398 696 2138 1685 509 998 1287 349 
507: 1703 1555 612 896 203 
754: 1703 1817 522 2172 712 830 546 1801 629 
1110: 1703 1646 2155 528 638 811 1866 1972 1973 151 152 
1166: 1703 2008 2288 124 1795 2172 1129 9 19 21 443 953 24 1348 610 1743 2210 173 1116 
1443: 1703 354 896 1646 1697 1773 76 131 1279 585 521 1759 327 1311 2289 1218 165 304 2145 1532 937 2022 1012 2283 554 710 960 1528 
1512: 1703 2212 609 1562 9 1212 23 456 587 1373 1756 1081 
1816: 1703 1817 2008 2288 884 948 1813 1472 1788 340 339 1632 2268 2052 907 609 9 380 1279 1069 454 461 1727 550 2120 456 585 883 1427 1919 1142 1297 1411 429 1631 65 242 1925 1975 1922 203 1267 112 729 231 588 1268 1743 432 2091 2131 2306 77 135 137 330 412 509 682 702 711 788 1132 1337 1628 1726 
1830: 1703 2092 1486 1523 435 1235 365 719 1675 1771 2093 949 
1841: 1817 1351 612 896 153 221 340 603 1056 1193 1723 
1868: 1817 2288 791 234 124 637 733 884 56 354 400 612 636 896 2172 249 1791 1838 1851 9 23 71 73 83 123 125 131 132 155 157 163 167 181 267 268 288 346 357 365 385 403 408 426 443 456 457 545 546 566 579 585 587 668 719 730 732 756 786 800 811 832 865 883 907 931 932 933 934 951 953 964 1018 1033 1066 1088 1111 1112 1113 1151 1179 1300 1384 1391 1427 1428 1472 1511 1524 1573 1575 1597 1682 1715 1716 1761 1771 1810 1811 2165 1967 1992 2001 2002 2089 2094 2120 2158 1961 2296 2324 1895 
1885: 1817 1943 2008 2288 845 917 728 234 124 637 884 1479 1990 2212 171 439 773 1481 1555 1205 2099 389 612 636 782 896 1084 1554 1561 1697 1908 2172 2262 249 891 1660 1791 1813 1819 1758 32 2256 109 776 1163 1472 1788 673 811 817 1233 1343 1632 1899 1843 735 2 9 10 23 24 41 65 103 151 152 155 157 181 204 242 253 270 309 316 327 329 331 351 362 363 373 385 397 435 441 443 449 457 485 494 495 496 544 545 546 548 567 575 589 609 627 632 653 675 719 807 810 820 825 836 856 866 885 893 898 907 915 916 923 926 945 953 955 962 1008 1033 1064 1091 1114 1124 1129 1219 1230 1234 1266 1278 1285 1286 1288 1309 1325 1332 1354 1376 1379 1427 1428 1446 1448 1495 1524 1535 1597 1603 1627 1630 1631 1649 1682 1766 1790 1821 1925 1977 1997 1920 2037 2083 1975 2165 2170 2176 2227 2295 1895 2261 2139 2052 2151 
1888: 1817 2092 1788 340 1723 339 638 817 2268 346 2052 1847 1379 19 21 163 251 271 405 591 714 1181 1282 1286 1305 1311 1403 1441 1448 1463 1734 1771 1779 1801 2292 1922 1995 1969 1977 
1901: 1817 1351 1479 1555 240 612 896 1027 76 1523 776 1866 2094 139 762 1998 9 781 19 21 247 1134 622 1035 1915 1014 1155 8 148 168 273 562 580 591 672 694 706 726 850 967 1024 1151 1251 1487 1577 1589 1613 1695 1827 1831 2323 2215 1975 2170 1955 
1919: 1817 771 88 439 573 1475 2274 320 891 1816 776 1056 885 609 1129 380 1772 441 1279 1667 2070 862 1124 2061 158 1871 13 47 99 203 270 289 432 436 661 1001 1078 1080 1268 1275 1297 1304 1320 1354 1471 1570 1743 1766 2295 1995 2218 2260 1922 
1948: 1817 2025 2172 21 106 1385 1569 
1962: 1817 771 1522 2092 522 2172 320 712 1788 340 924 495 9 461 686 719 585 1297 1411 169 2028 151 1821 1268 1275 1570 764 919 1180 1833 
1966: 1817 712 1243 843 9 379 1600 746 1731 
1969: 1817 7 1888 340 339 2052 9 1448 591 404 963 2241 2218 
1971: 1817 2288 791 728 884 171 439 1450 1449 1622 522 1697 1773 712 891 1660 1791 1889 2256 1054 1788 340 339 673 817 826 961 2268 735 2052 351 462 1806 1998 1851 9 458 674 781 1165 1286 1748 1772 2317 21 441 1915 1953 95 151 238 242 244 267 287 292 334 342 369 403 435 443 457 472 476 563 686 699 751 775 818 848 853 930 991 998 1032 1089 1285 1297 1310 1391 1403 1448 1451 1452 1454 1498 1509 1604 1621 1760 1801 2114 2139 2113 2018 
2013: 1817 728 2092 896 1307 14 1794 
2018: 1817 124 884 439 1450 1449 354 1646 1773 1918 712 1889 2066 1971 2256 776 445 350 1603 1680 441 1279 435 686 397 616 1124 1659 1587 155 403 457 521 1297 1325 169 1744 1779 2292 1922 1900 1905 1953 97 210 311 341 352 489 610 619 775 839 968 998 1077 1203 1251 1433 1435 2067 2073 2244 2293 
2022: 1817 2219 1474 1481 56 1084 1475 1443 2269 9 761 1235 2 1202 403 722 675 572 1760 330 605 296 705 1012 1020 1188 1198 1236 
2024: 1817 124 1622 216 1697 776 609 1279 111 1112 675 807 343 725 198 1374 480 530 1578 
2033: 1817 2212 321 831 183 776 673 943 1350 1876 1562 9 1212 1680 1748 1892 686 1784 397 1722 155 585 932 933 953 1810 1811 869 1937 1986 74 112 176 191 239 337 402 643 706 846 872 879 911 930 990 1127 1176 1228 1390 1438 1592 1665 1756 1809 2298 2289 2132 
2035: 1817 2008 124 733 439 1696 389 1561 1609 1646 1795 712 73 1324 885 1535 441 283 1285 1915 1391 926 869 1744 1882 112 144 151 253 316 572 575 580 783 807 1082 1091 1173 1208 1251 1566 1582 2067 
2052: 1817 2008 845 917 733 884 1254 2058 439 1653 216 232 522 896 1070 1561 1785 1697 1773 2182 712 891 927 1813 1889 1816 1885 1888 1969 1971 183 776 1472 2224 153 340 1723 131 339 817 895 1843 735 1891 1895 1905 1909 1940 1975 1995 2001 9 19 61 71 111 135 151 152 155 156 163 204 205 304 333 334 364 405 435 437 441 460 476 493 494 495 499 502 509 546 575 581 609 611 623 652 682 702 714 722 775 781 844 848 869 885 1069 1073 1077 1129 1208 1251 1278 1297 1325 1379 1441 1452 1552 1563 1568 1599 1600 1604 1606 1617 1675 1749 1761 1771 1772 1779 2085 2086 2114 2139 2165 2171 2178 2322 
2060: 1817 412 
2061: 1817 2008 637 639 773 1555 1696 1205 2147 1919 2311 131 895 1866 1608 1035 1865 1073 1074 1548 1704 2017 369 596 864 923 942 955 956 1055 1288 1415 1487 1592 1593 1770 1821 2230 2151 
2075: 1817 2288 130 697 884 1474 439 1481 1016 1307 1475 2262 1486 1889 1343 1843 735 2069 9 23 65 137 203 237 255 407 424 434 435 437 452 523 527 620 718 775 781 883 885 935 952 1050 1145 1148 1202 1218 1278 1312 1313 1373 1374 1381 1447 1535 1591 1606 1631 1659 1687 1794 2218 2320 
2114: 1817 2005 2212 1622 1931 1971 2052 776 340 1193 339 817 2268 565 727 1286 2174 111 386 403 926 818 1451 1821 1282 334 1940 651 1760 175 398 477 1256 1423 1604 1621 
2139: 1817 771 845 124 2212 439 2147 389 948 1070 2172 188 249 712 1889 1885 1971 2052 574 2216 1056 131 817 1494 1866 73 1324 565 609 1029 1772 19 441 865 1976 12 622 719 1882 1883 1907 2028 2123 42 95 112 123 132 170 196 290 304 331 334 436 504 536 554 580 606 610 620 691 709 808 815 818 837 856 878 926 937 1012 1080 1081 1120 1219 1297 1311 1377 1391 1411 1452 1532 1559 1566 1567 1604 1741 1753 1771 2170 2180 
2151: 1817 2288 1319 32 1885 2061 462 495 1129 9 1748 1976 622 158 1014 1147 1313 132 155 585 786 953 567 632 1309 2295 1936 1995 81 102 231 310 996 1185 1204 1326 2217 
2188: 1817 2192 1917 2288 130 845 1795 712 946 83 932 517 1995 203 707 1553 1894 137 191 590 1095 1242 1572 1655 
2201: 1817 1488 
2243: 1817 1798 612 896 1575 1845 1895 1900 1909 1997 195 261 262 267 268 363 424 425 426 1127 1323 1339 1397 1606 1662 1770 
2248: 1817 1954 2288 728 677 32 497 351 494 495 2089 496 707 1708 
2259: 1817 2008 293 1522 2212 1319 216 354 1561 2155 2274 712 891 1813 776 1472 943 2268 495 609 1129 23 1411 2043 242 632 1008 1064 1995 203 911 1903 2180 2218 135 222 838 1275 1292 1304 1570 1710 2283 2301 
2272: 1817 2008 1365 2025 2027 2172 1813 471 885 391 395 1157 894 2270 1187 1425 
2284: 1817 232 712 574 1494 1844 2089 98 106 111 115 382 449 457 523 588 809 1029 1521 1665 
2323: 1817 890 712 1901 776 907 1675 1014 362 1695 156 290 652 1290 
24: 1817 2008 771 88 293 1070 1365 1813 1166 1885 2256 776 943 2094 885 609 1129 380 1680 1772 359 428 2089 1109 397 719 23 1297 1451 505 774 1972 1995 2137 1264 135 1064 949 966 203 874 751 
35: 1817 2219 439 1555 1515 267 523 154 894 1118 514 750 2128 744 
60: 1817 1646 1575 497 71 494 495 21 195 267 268 1573 926 1801 496 2049 619 610 711 2032 2014 421 
65: 1817 845 1351 1319 389 269 712 1889 1816 1885 2075 776 1056 925 943 1459 495 9 1124 1771 1895 1403 1011 151 1052 679 174 1710 700 447 1354 1374 1306 
71: 1817 88 293 1522 1479 2092 2212 439 1555 1319 1622 522 612 896 2274 188 748 927 1791 32 1868 2052 60 183 1575 2224 340 1056 885 1846 1909 1940 1995 2032 2089 2102 2127 2158 2240 2322 3 4 8 21 39 61 375 797 968 1310 373 544 407 1434 933 934 964 965 966 967 1495 1496 476 996 494 496 1017 517 537 1562 1563 1057 1568 1570 1579 585 1617 604 610 619 620 1137 648 651 1186 166 168 1702 1710 1208 1733 723 514 1756 1268 1291 268 1295 786 267 1810 99 799 1823 290 1032 1323 304 833 837 846 853 1373 869 877 1390 
82: 1817 1791 374 1801 734 2104 81 769 
111: 1817 1855 2071 896 1609 677 2024 2052 2114 2284 1523 776 861 445 817 943 988 1915 1977 31 110 132 1568 1448 1452 1327 568 853 348 869 874 
151: 1817 2288 234 88 124 733 884 1481 1450 1449 354 612 1070 1773 677 712 1110 1885 1962 1971 2035 2052 65 1472 340 339 445 817 1233 907 9 1772 21 300 441 2174 865 1066 1109 309 357 435 434 1014 23 155 167 385 545 546 730 732 953 1018 1179 1300 1391 1597 2165 926 476 818 991 1297 1631 1898 1925 1949 1953 2091 2137 2148 2194 2292 69 102 135 1442 437 1465 963 968 474 484 998 479 1566 552 1081 152 606 624 1219 203 204 1268 949 1308 1822 290 820 1468 1359 343 868 
185: 1817 771 845 917 124 1365 1646 320 2187 609 856 1376 731 2184 1663 
222: 1817 1351 1522 2058 1622 320 2066 2259 776 1472 1788 1279 686 1285 1124 23 932 933 1498 169 955 1275 838 1177 954 667 1422 2283 67 1678 412 956 854 
228: 1817 2172 1758 131 2230 1151 1483 1245 1996 226 227 1426 750 
254: 1817 286 1365 1498 1570 
339: 1817 2008 884 321 584 216 389 1785 1697 1773 249 1816 1888 1969 1971 2052 2114 151 183 776 2311 1933 1935 340 1723 1842 1873 1891 1905 1909 1915 2001 2085 2086 2102 2140 2171 2178 2196 2238 2314 9 51 61 80 98 135 152 156 163 251 283 333 334 885 895 385 405 924 1441 1448 1452 455 494 495 496 497 1552 1050 539 1563 546 1573 1077 1599 1604 1096 1120 609 611 665 623 652 1675 654 682 702 1740 727 1251 1771 757 1284 1801 1297 781 1325 784 848 349 1379 1386 364 
340: 1817 2008 845 733 884 216 240 896 1561 1609 1785 1697 1773 2172 188 249 320 927 1816 1841 1888 1962 1969 1971 2052 2114 71 151 339 183 776 1472 1788 2311 1891 1895 1896 1905 1909 1956 1995 2001 2023 2085 2086 2093 2097 2102 2145 2158 2165 2171 2178 2238 2245 2268 2270 2314 2322 4 9 23 47 61 98 103 106 126 135 136 152 156 163 184 203 204 333 334 883 895 385 907 397 403 405 1441 1446 1447 1448 1452 443 450 966 455 459 976 424 493 494 495 496 497 817 509 1552 1049 1050 1056 546 547 1573 1069 1077 567 1597 1598 1343 1616 611 620 1604 1666 1159 652 1675 654 682 1723 1278 1740 1743 725 732 1251 1764 1765 1771 1772 1266 757 1285 1797 1801 784 1297 1299 1300 609 781 1825 1325 869 843 848 539 705 962 351 865 1379 357 1306 
343: 1817 2008 234 1653 1646 2172 712 985 1926 2024 151 641 609 1035 268 1587 2165 46 1631 152 632 1997 1348 1024 1613 1903 1972 2277 2308 69 102 342 1010 393 529 1317 823 868 998 
345: 1817 845 522 896 2155 712 153 609 2230 1577 1221 2275 660 1047 2149 2281 1092 920 
351: 1817 1974 2288 130 845 728 234 697 733 884 1522 1479 2092 439 2071 354 522 612 896 1070 1084 1646 1795 2172 2262 249 320 927 1758 32 1885 1971 2248 340 1523 2256 776 1472 2216 131 445 497 811 1243 1666 735 2039 350 885 907 1447 1847 1895 1925 1940 1941 1989 1995 2036 2083 2101 2102 2115 2125 2152 2158 2165 2170 2179 2209 2218 2227 2251 2277 2295 28 41 46 57 105 155 158 200 224 242 270 272 290 296 309 315 330 1393 883 456 900 1579 402 407 412 1313 926 932 934 1446 953 443 962 966 1831 976 465 1489 474 1498 479 1506 1511 1156 1514 494 495 496 1525 1528 517 1545 565 1553 1047 1053 545 546 1076 1077 585 1614 1111 1113 606 1120 609 1636 1639 619 620 837 631 1145 1147 1148 1266 1152 1667 650 1673 660 1179 504 681 1202 694 935 705 1221 852 1228 732 1759 1771 1285 1268 1288 1282 1297 1809 1300 1301 1312 804 1124 825 385 1359 1364 857 1387 
370: 1817 
372: 1817 1669 
378: 1817 286 1575 1675 195 267 268 426 931 1113 272 425 2168 261 262 
380: 1817 2008 845 320 1813 2156 1816 1919 24 1788 221 1632 1850 1875 1922 1932 1936 1981 2006 2023 2031 2120 23 181 207 208 237 242 266 367 1286 1142 1529 1530 381 383 646 1629 1354 1177 541 1498 598 741 432 443 834 452 382 838 586 1279 491 1619 854 1175 1643 995 450 485 1509 1132 1644 
381: 1817 1474 1479 1653 2147 612 1307 1561 2027 380 1472 1056 1588 988 1327 457 546 1597 2296 382 2118 485 945 1743 1940 1950 425 1404 1152 514 1794 1290 424 1328 1208 
385: 1817 2008 845 917 439 1653 240 389 612 782 896 1646 249 891 1813 1926 32 1868 1885 151 339 340 351 2311 497 943 2268 494 495 1129 9 1772 441 1066 2083 901 386 1285 548 994 157 1891 2102 2127 2165 2170 10 242 329 496 1649 1266 388 1374 737 915 567 631 545 546 654 1835 820 953 1766 962 1219 1354 1740 848 1446 1114 1573 429 
395: 1817 2288 884 2172 712 1791 1813 2066 2272 776 579 943 350 495 686 766 1035 397 719 1124 1659 1313 587 732 1300 1325 569 152 204 923 955 1790 1779 203 1251 1536 1913 2067 2133 80 266 311 1145 1157 401 1433 1310 1312 935 938 1148 679 1717 966 1832 605 1248 1380 491 
405: 1817 845 1450 1449 522 269 712 1888 2052 339 340 2256 183 638 346 407 359 1074 403 238 652 1127 
441: 1817 2008 2288 845 917 728 88 733 884 1474 1479 439 1653 1481 1319 1622 216 232 354 389 522 612 782 896 1016 1070 1084 1561 1697 1795 149 249 712 891 1660 1813 1819 1889 1926 32 1885 1919 1971 2018 2035 2052 2139 151 385 1523 776 1472 1056 131 497 608 817 943 1233 73 1324 2094 350 708 843 885 1447 1278 2320 494 495 609 1129 1379 784 1851 9 1286 1772 428 1907 1910 1986 2083 2152 2165 2170 2218 2283 2325 10 23 28 42 112 155 158 172 178 203 242 290 303 304 329 396 1391 883 1411 926 1446 1448 1452 1461 443 967 1495 1007 1008 523 1045 536 1559 1566 545 546 1066 1069 1074 567 1080 1081 575 1600 1604 585 1627 606 1629 1630 610 1124 496 1649 1266 1160 649 650 504 1682 1715 1208 534 1219 675 1743 1232 1234 1235 732 737 1771 1279 786 790 1631 1821 1311 1377 953 818 1297 449 1374 966 
443: 1817 2192 1943 2008 2288 845 917 728 733 884 1479 439 1653 1481 1622 1931 389 522 1561 1697 2172 2262 320 712 891 1660 1813 1819 1889 1926 32 1166 1868 1885 1971 340 351 380 441 776 1472 943 762 1278 2320 494 495 609 1129 1379 674 1603 1617 1066 28 1815 1045 692 1915 155 1907 1940 2101 2111 2119 2165 2237 2283 10 62 99 141 242 307 362 396 429 1391 883 932 956 1469 447 1007 496 523 1039 545 546 1079 1627 1630 1631 610 1008 1649 1652 1684 1232 1234 737 1251 1310 953 449 1372 869 1385 1306 
457: 1817 2008 1555 1450 1449 216 389 522 896 712 1813 1868 1885 1971 2018 2284 381 1054 1645 2216 1056 817 2085 1447 494 495 609 988 1379 79 458 727 1212 1603 1748 359 428 1235 1285 155 1942 1967 1972 1995 2194 2281 2292 2293 2294 146 203 290 331 347 352 388 398 923 1142 945 1734 1026 563 998 904 530 459 1441 1702 1297 1127 1597 1473 964 837 1373 1495 610 867 1389 1381 983 1771 
458: 1817 124 1971 457 183 1056 1999 609 1379 1850 79 2281 2293 2294 146 168 204 331 1402 539 1568 807 1702 945 964 725 983 1495 1755 1502 867 1389 1127 
476: 1817 124 733 884 2092 2212 1555 1450 1449 318 522 1070 1773 712 1971 2052 71 151 961 1876 609 61 1772 386 1659 132 403 732 1873 1940 1953 95 314 334 336 1774 1137 886 1265 504 1032 478 775 1039 542 1068 1454 949 1080 1081 1219 1604 839 1448 1227 1451 479 482 606 
480: 1817 1954 2288 130 1479 896 2172 320 1340 2024 758 907 1278 1504 1562 2096 1667 719 1915 853 546 934 953 1033 1179 523 1325 1376 1925 1282 2209 694 2103 2203 1774 542 534 1564 680 1208 1702 1240 989 1128 
485: 1817 1885 380 381 609 988 1535 2096 2174 461 650 2 1142 1411 253 2095 70 203 205 265 330 1290 1685 1078 1214 1483 1613 1359 
494: 1817 2288 130 791 845 728 234 124 733 884 1474 1479 7 439 773 1653 522 612 1016 1307 1475 249 748 927 32 1885 2052 2248 60 71 339 340 351 385 441 443 457 1472 2311 445 497 961 1243 1343 1350 1666 2166 735 2039 907 1278 1847 407 1861 1883 1891 1895 1925 2032 2083 2097 2102 2103 2107 2115 2158 2165 2196 2254 2277 2295 3 17 21 39 41 46 74 99 105 158 165 166 203 204 242 267 283 290 304 309 363 435 437 456 459 461 465 883 1397 922 1313 933 935 966 967 968 1495 1498 953 1511 1514 1565 495 496 517 1033 565 537 544 545 546 1060 1077 567 1085 1088 1089 604 606 1120 609 1636 619 620 1145 1148 585 654 1186 1191 691 694 593 1733 1740 719 1749 732 1573 1756 1261 1291 1300 610 1312 804 1083 807 1831 1323 1326 1329 825 827 837 1810 844 1370 1376 727 1387 877 
495: 1817 2252 2288 130 791 728 234 637 639 697 733 884 1479 439 1653 1622 636 1609 1697 2025 2172 192 249 320 748 891 1340 1791 1758 1889 32 1885 1962 2052 2151 2248 2259 60 65 339 340 351 385 395 441 443 457 494 574 776 1472 1575 2311 1935 2216 445 497 811 1243 1666 73 346 735 1257 2094 860 885 907 1447 2269 1278 2320 1847 407 1891 1895 1907 1925 1928 1956 2032 2072 2073 2083 2087 2102 2103 2136 2138 2158 2165 2170 2180 2208 2209 2237 2250 2254 2260 2277 2321 11 23 43 45 103 105 155 158 167 174 180 193 200 225 242 261 262 267 284 300 309 310 316 337 364 375 393 397 402 418 434 435 437 456 464 468 473 493 1393 883 1399 1400 1404 1053 1649 901 1427 1428 920 935 1570 719 1463 962 963 966 1066 974 1488 1577 982 1498 1503 1506 1514 496 1532 1075 517 649 523 1040 530 1759 1558 1397 544 545 546 1060 1069 1076 1587 567 572 1599 580 585 1258 592 1620 1089 1114 606 615 1639 619 624 1137 632 1145 1148 1160 650 654 1741 1180 1266 1702 1573 692 1732 1224 1738 1740 1232 1744 727 732 1245 1756 1761 1387 1264 1782 1786 605 1792 1292 1291 1300 694 1308 1309 1821 1312 1313 1825 804 953 1831 1321 1329 930 825 1552 1468 1344 837 1301 620 865 
496: 1817 2288 130 733 884 1479 439 1696 522 612 896 1365 249 1889 32 1885 2248 60 71 339 340 351 385 441 443 494 495 2311 2216 497 407 646 1733 548 1313 546 585 732 883 953 1573 1811 2158 2240 517 620 459 41 1891 2023 2101 2102 2195 2223 2225 2235 2276 2321 105 174 279 418 444 1397 1649 966 1489 1506 1570 1077 619 627 1145 1148 654 1060 1186 675 676 1191 1702 694 1740 752 1291 1312 804 1329 1364 
539: 1817 896 677 927 2066 339 340 458 2216 1459 1494 346 609 1496 9 505 2086 362 203 1760 1171 1303 
543: 1817 2212 439 522 896 1697 1889 1350 9 362 714 1995 631 1831 775 1570 
545: 1817 2008 917 124 884 1479 439 1653 389 782 896 1365 1561 1646 1697 249 891 985 1660 1813 1819 1926 32 1868 1885 151 351 385 441 443 494 495 776 1472 2268 1447 1278 609 1129 1379 9 21 359 1066 2083 28 901 1069 548 1014 155 157 1907 2103 2165 2170 10 152 242 253 329 915 631 930 932 1446 962 967 953 1008 905 1553 546 567 1627 1630 610 1649 1266 1219 714 737 1766 1631 807 820 1354 
546: 1817 2008 2288 845 917 728 439 1653 1481 1450 1205 1449 240 389 612 782 896 1070 1561 1646 1697 1918 249 891 1813 1926 32 754 1868 1885 2052 151 339 340 351 381 385 441 443 480 494 495 496 545 776 2311 131 497 817 943 2268 1278 2320 609 1379 1562 9 825 1066 2083 28 901 1045 1891 1907 2102 2165 2170 2283 10 242 303 329 331 396 436 449 915 1427 920 926 1446 966 967 968 1495 737 1573 567 610 1649 631 654 1354 1266 688 1219 714 1740 1232 1766 953 
551: 1817 712 2066 776 2268 9 1680 397 1124 1613 552 
575: 1817 2288 130 124 293 1479 1622 232 1365 1697 2172 320 712 1231 1885 2035 2052 441 1523 885 609 309 1069 435 1915 1568 1759 1744 362 152 1928 2026 212 383 410 452 489 864 1177 1052 1471 848 1095 976 704 1238 1628 
577: 1817 2252 612 1926 817 435 719 267 610 180 
589: 1817 1244 2172 1885 1129 1603 21 548 1915 2 926 1801 168 821 1734 
590: 1817 1954 2008 2288 286 2188 1165 901 416 946 934 1655 2095 2142 86 460 976 1249 
602: 1817 1918 677 9 488 2234 1705 
606: 1817 1954 771 884 1351 1990 439 1696 1319 318 522 896 1084 2172 1791 2139 151 351 441 476 494 495 1523 1472 497 579 673 1459 1257 727 1603 1066 1069 1202 157 403 932 933 1384 1810 1967 926 1297 169 620 1085 41 807 1495 903 2237 706 191 165 1080 1386 1067 1756 1726 1128 1941 2277 31 414 515 902 904 1081 1077 1564 1751 1121 1006 
609: 1817 1954 2288 130 771 728 234 88 637 697 884 1522 1479 1944 1945 1990 2212 7 321 439 584 1555 1696 1319 1450 1449 612 782 896 1585 1646 249 320 891 1340 1660 1791 32 1512 1816 1885 1919 2024 2052 2139 2259 24 185 339 340 343 345 351 441 443 457 458 476 485 494 539 545 546 575 1523 1472 2216 1193 445 497 673 817 826 1343 1257 1324 708 936 907 1447 762 1278 2320 1847 407 565 1851 1879 1887 1895 1925 1952 1995 2036 2043 2083 2091 2116 2120 2165 2170 2178 2197 2199 2218 2277 2278 2279 2281 2295 2321 2325 10 23 28 31 41 58 100 102 104 120 135 137 155 157 158 165 167 180 184 191 199 203 204 238 242 273 309 330 348 356 357 359 363 390 403 414 421 425 430 436 448 461 469 493 515 517 523 529 532 534 550 567 585 604 883 1411 1564 1422 923 1455 945 974 1502 970 1020 1587 1049 1050 1562 1053 1571 1066 1067 1069 1076 1078 1083 1085 865 790 1602 1597 1100 1230 1348 1702 1631 610 1128 1092 619 620 1603 1077 627 926 649 650 651 654 1057 1682 661 1686 1179 761 1192 932 1194 1589 1202 1630 1728 716 705 1743 1352 1748 727 1241 1753 1573 1756 1183 1763 933 752 1081 1033 1238 1371 784 786 1810 1121 804 953 1831 1323 869 1297 825 615 1347 1764 711 1300 847 859 706 1376 1378 1306 879 
620: 1817 845 293 884 1474 7 55 439 773 1653 216 522 896 1365 1561 748 927 32 2075 2139 71 340 351 494 495 496 606 609 1575 1056 943 1343 784 727 1603 21 1733 1089 158 267 585 933 1088 1511 1883 517 1982 2032 2115 2195 2309 62 156 265 290 304 363 537 593 604 610 619 966 967 968 1495 1749 1565 1067 1077 1611 1120 1186 1191 1211 1756 1261 1288 807 1323 844 846 848 1370 877 
627: 1817 2288 293 733 884 1990 2034 171 1653 1622 522 896 1262 1365 149 985 1340 1885 496 609 776 1233 1257 1447 1129 727 1603 548 1073 167 585 1759 1577 2043 459 1234 41 449 567 1903 1996 2102 2195 2210 14 74 176 191 319 444 503 1551 1359 1589 675 1570 1594 750 1225 1127 1240 1115 1502 1051 676 1348 
653: 1817 2318 612 896 1885 811 943 1665 242 610 912 920 937 
671: 1817 712 2066 776 461 1285 103 1873 963 
675: 1817 2008 2288 845 728 293 884 1990 2034 321 439 1650 1319 636 896 1262 1365 1646 1697 149 1758 1885 2022 2024 441 496 627 394 2224 673 1233 1459 1257 1129 1379 1603 650 1073 1587 786 1179 1715 2001 2002 926 1759 2261 1234 1937 2102 2110 2117 2138 2276 3 223 275 319 440 503 520 615 1526 1538 1480 1354 1821 676 679 1461 1482 1594 1589 1225 1725 1127 1306 
679: 1817 124 1653 896 712 65 395 675 861 131 579 817 895 1233 1379 1772 397 585 818 1448 1234 275 1380 80 1942 214 514 779 
698: 1817 234 389 1554 1350 9 1748 766 932 1326 942 2273 341 2277 
751: 1817 2008 2092 2172 1971 24 1014 1498 336 358 
765: 1817 2288 641 1216 1834 
766: 1817 948 1346 712 2066 395 698 776 673 943 1866 350 1680 1279 686 1863 1881 2026 2028 2067 2070 2195 2221 80 184 401 569 587 652 672 747 1401 1536 878 938 1297 1489 992 1325 998 
772: 1817 845 216 232 1585 2066 776 1842 2270 357 511 735 1821 1372 973 955 932 1478 1603 
776: 1817 2008 2288 88 639 884 1479 1990 439 573 870 1650 1653 1555 1319 1450 216 318 890 948 1918 2172 2274 249 677 712 1340 1791 1813 2066 1885 1901 1919 2018 2024 2033 2052 2114 2259 2323 24 65 111 222 339 340 351 395 441 443 495 545 546 551 627 671 766 772 2256 1840 394 758 1895 1898 1905 1910 1911 1913 1936 1940 1975 1995 2063 2067 2073 2085 2091 2094 2107 2159 2171 2173 2178 2181 2197 2244 2245 2260 2277 2299 2313 2319 20 23 28 42 49 50 66 68 72 78 80 99 110 112 128 135 137 141 153 158 163 166 203 204 205 210 221 248 256 266 273 300 311 357 365 373 379 396 397 401 403 407 419 432 434 436 445 459 461 469 477 479 491 512 521 563 567 568 586 588 616 621 670 673 674 694 696 702 708 710 720 727 732 749 757 768 775 883 847 893 895 900 1413 885 848 1738 1433 1568 1297 935 1447 1826 947 1472 1306 1662 1489 980 1493 1323 992 994 998 1411 1072 1014 1527 1532 989 1670 1536 1030 1544 1078 1164 1052 1054 1055 1251 1066 1069 1160 1071 1076 1077 1588 1594 1181 1597 807 1627 1628 1631 1124 1137 1142 1145 1148 1659 907 1156 1157 1675 1779 1680 1172 1179 1442 1273 1702 1195 1707 1359 1207 1020 1278 1743 1235 1236 1248 933 1772 1266 1797 1279 781 1300 1814 1122 1312 1313 804 805 953 1032 1325 1380 822 827 1492 777 819 838 839 1033 1361 857 1375 1304 1385 1135 878 
802: 1817 1205 2172 1758 73 103 569 1128 1032 1184 938 
807: 1817 1943 2219 796 1197 782 1084 1475 1646 2172 927 985 1660 1926 1885 2024 2035 458 494 545 606 620 776 1588 924 928 907 79 781 247 1584 548 622 650 2 158 1202 1033 1427 1573 1771 46 2043 1631 204 1887 1997 2048 2122 2184 2218 2223 2325 102 198 290 348 393 532 572 610 649 654 688 705 711 729 779 805 1400 1471 966 967 1495 993 1020 1053 1075 1078 1598 1634 1438 1266 1790 1323 1348 841 
815: 1817 2172 2139 2120 642 491 1137 265 716 1528 950 1049 
817: 1817 1855 2288 728 124 637 884 1479 2058 2092 2318 321 439 1481 1555 1931 354 400 612 782 1307 1773 2025 2172 188 677 712 1885 1888 1971 2052 2114 2139 111 151 340 441 457 546 577 609 679 2256 183 1163 1472 1788 2311 2224 1056 1842 445 1872 1873 1891 1895 1905 1940 2019 2029 2040 2067 2085 2086 2093 2096 2173 2209 2215 2223 2225 2230 2268 2283 2292 2317 2320 21 61 72 80 95 106 152 163 184 275 290 298 304 319 359 365 388 397 401 403 428 435 461 479 504 523 527 550 580 585 594 610 611 619 646 661 678 726 727 730 756 775 1391 883 885 1413 907 1419 921 926 932 933 934 1447 1448 943 949 963 1191 1493 1498 1515 1018 1329 1023 920 1559 1068 1579 1078 1589 1085 1601 1603 1604 1100 1111 1127 1137 1077 1148 1675 1172 1613 1759 1202 1235 1451 1760 1779 1282 1800 1801 1803 1806 1297 1121 1311 1823 1825 1320 1039 1325 1326 818 837 1293 1354 1370 869 
833: 1817 1943 439 1622 1795 927 71 116 928 2269 283 1915 327 544 967 610 2254 69 746 1173 974 1382 
861: 1817 130 1854 2134 360 361 573 584 2050 111 679 1840 1871 1915 1933 1935 2230 209 226 258 283 289 486 534 582 1538 1162 1163 1427 1437 1156 1109 1645 
885: 1817 2008 2288 917 728 884 2212 439 1319 1622 2071 2147 216 389 522 896 1070 1302 1561 1697 320 712 1813 1758 1885 1919 2035 2052 2075 2272 24 71 339 351 441 495 575 776 817 1472 1788 1666 2042 1866 1324 350 641 708 1845 1924 1972 1982 2048 2089 2104 2126 2209 2231 2234 2238 9 72 74 79 156 167 180 270 290 334 375 399 425 517 649 682 711 714 719 730 781 818 837 867 869 883 1391 893 1226 1430 968 1407 1496 1498 1161 1543 1448 1577 1079 1598 1621 1630 1129 1607 1173 1208 1194 1232 1238 1769 1266 1267 1273 1282 1285 1286 1033 1291 1809 1300 1128 1363 1375 1376 1374 
907: 1817 2008 130 845 917 728 88 733 884 1555 1622 240 782 896 1070 1697 1853 1918 53 891 927 987 1660 1813 1819 1701 1926 2066 32 1816 1868 1885 2323 151 340 351 480 494 495 609 776 807 817 787 131 73 924 1845 126 1915 1930 2063 2073 2197 2218 2320 23 31 135 152 199 203 248 266 290 303 359 362 365 419 446 502 552 568 610 686 725 727 820 850 868 893 901 1429 1434 966 967 968 1495 1501 1031 1613 1124 1639 1132 1142 1014 1179 1694 1212 1743 1251 1771 1541 1279 1793 1284 1297 1309 1379 1323 1129 1373 1377 
909: 1817 870 1931 216 1918 346 924 928 2269 300 719 926 1451 869 722 1323 1471 180 2111 651 1539 1121 1760 1258 
942: 1817 2058 354 1486 2061 698 1575 1788 131 1998 379 267 268 125 426 933 837 610 1534 582 1559 2062 57 1750 
946: 1817 2192 1917 286 1351 2027 2188 590 1857 1655 1708 
952: 1817 2288 917 1646 2172 320 677 2156 2075 2089 236 1014 1569 419 2238 1118 1265 
966: 1817 2288 791 728 697 733 884 2092 171 439 1653 1555 1319 1622 318 1070 149 927 24 71 340 351 395 441 494 495 496 546 620 807 907 109 394 758 1472 1788 1935 2224 497 1233 735 350 1999 1447 607 1379 9 1603 1387 2083 1667 435 1235 1915 158 268 434 1587 585 883 934 1300 1391 1411 99 1418 1234 204 363 836 1230 1495 2295 1995 203 275 1323 1385 437 13 850 967 610 95 1308 848 304 100 1941 1980 2073 2129 2138 2235 74 90 290 390 477 534 557 699 1393 1422 968 1503 1240 1571 1621 1127 1130 1763 1764 1281 1794 1803 1329 
967: 1817 2288 791 637 697 733 884 2092 7 439 1653 1319 1205 1016 149 249 927 1758 1901 71 441 494 545 546 620 807 833 907 966 221 735 350 1447 713 1379 1998 9 435 2070 1915 158 434 1587 132 167 883 953 1761 1411 1418 1219 1495 203 1323 437 2073 284 290 304 390 610 699 1281 1329 1571 1148 968 1514 
968: 1817 2288 791 728 733 884 1474 1555 1205 56 354 896 1070 1475 927 2018 71 151 494 546 620 885 907 966 967 394 1575 1788 2224 1233 346 1379 1998 9 1748 1772 28 1956 435 650 397 2 267 268 434 1587 426 883 1771 2158 926 1297 1411 169 99 1234 10 152 316 1219 1495 1630 275 1323 437 610 1268 304 1940 290 1579 2073 2127 390 2032 534 57 74 284 411 450 529 721 1397 998 1571 1186 1329 
1038: 1817 831 1788 1286 1285 23 1448 
1039: 1817 697 2212 870 1450 1449 1622 1931 1365 443 476 817 1523 1472 673 1876 1207 1806 1998 1603 719 951 1818 818 1448 1498 869 366 711 722 1607 1579 1760 1130 
1077: 1817 2212 1319 1450 1449 232 522 2018 2052 339 340 351 494 496 606 609 620 776 817 131 1343 346 2085 1562 9 1603 1748 386 650 267 1202 926 818 1297 1451 169 2086 517 836 2102 619 1308 180 1080 2032 1756 1128 398 1245 265 224 460 1802 1564 
1091: 1817 637 1609 2164 1660 1819 1885 2035 40 1158 132 1532 
1116: 1817 2172 677 1166 579 1705 207 963 2210 173 1767 
1118: 1817 420 1365 2025 2066 35 952 471 359 365 837 850 1374 1940 1570 894 2194 2239 0 214 514 
1128: 1817 2008 2288 234 306 884 2212 1450 1449 1622 216 1646 1697 677 1813 2187 480 606 609 802 885 1077 574 350 403 883 1033 926 1451 253 2196 479 1080 1452 1940 1078 2069 2279 260 1081 1669 1802 1621 1518 
1129: 1817 2288 130 791 234 697 1522 1479 1990 2212 773 1653 1205 896 1262 1908 2274 891 1340 1819 1758 1889 1166 1885 1919 2052 2151 2259 24 385 441 443 545 589 627 675 885 907 445 925 1090 1233 1243 1666 1899 735 1257 1447 1278 1847 407 1850 1877 1895 1925 1940 1977 2072 2083 2091 2102 2120 2158 2165 2237 8 9 23 135 137 155 158 167 174 242 247 310 357 414 461 469 493 567 585 588 624 649 650 727 781 825 865 883 898 926 935 940 953 971 980 1011 1051 1069 1114 1126 1403 1422 1427 1428 1471 1503 1520 1532 1537 1591 1630 1631 1266 1159 1682 1179 1186 1188 1702 1446 1230 1268 1273 1825 1639 1728 1373 1306 
1159: 1817 1954 293 884 1365 1646 1918 927 1340 340 1129 1666 2044 727 106 2165 962 1759 152 316 567 753 2210 412 963 1532 1825 1570 1359 
1217: 1817 2318 1653 1450 612 1918 758 1575 1090 1666 1899 1588 1603 1782 106 267 268 2230 167 1403 1230 1740 18 1910 2068 2168 2210 2228 98 261 262 312 425 1210 1545 1397 1579 
1235: 1817 2192 1855 1917 124 306 637 884 55 321 1319 1205 1449 2071 216 896 1697 149 712 1830 2022 441 457 776 817 966 394 2311 735 126 1777 674 300 435 2238 2312 148 212 290 292 295 319 331 363 388 397 450 502 580 585 610 642 719 723 801 818 866 869 893 937 964 1080 1107 1179 1223 1230 1528 1288 1396 1808 1397 1710 1592 1794 1360 1675 1793 
1268: 1817 2288 771 1522 522 2172 2274 712 927 1816 1919 1962 71 151 351 968 1129 1350 1106 2120 1063 1174 585 964 1179 1300 926 1498 1403 856 1495 1922 1995 334 1912 2093 2198 2218 135 764 1057 1157 1160 
1273: 1817 1093 1945 1990 2318 522 677 113 776 885 1129 1472 145 565 727 865 1239 1427 2240 1887 2095 2117 2129 2138 2153 2234 226 421 448 451 705 904 911 944 1104 1121 1127 1410 1570 1832 1488 1763 
1285: 1817 1855 728 1990 321 439 1555 1319 1450 1449 354 389 896 1646 1918 2172 320 712 891 1885 1971 2035 222 340 351 385 457 671 885 1038 787 1472 73 350 1447 1379 727 781 461 686 1873 1932 2030 2037 2093 2161 2232 2260 2294 36 80 203 242 248 270 290 401 403 493 521 527 534 611 703 719 729 730 837 838 839 892 920 998 1124 1137 1187 1282 1435 1448 1529 1630 1631 1671 1686 1297 1803 1325 
1291: 1817 845 927 71 494 495 496 885 1575 268 426 1088 1814 996 425 1127 262 
1329: 1817 728 1555 1696 1084 1795 494 495 496 817 966 967 968 497 988 1806 1603 2177 99 1495 1323 2154 1980 301 470 1433 
1343: 1817 845 321 522 1561 927 76 1885 2075 340 494 609 620 1077 1575 1935 1842 811 1941 1995 2032 2062 2070 2269 267 272 290 421 426 483 610 619 719 937 1033 1169 1234 1326 1693 1577 1494 1386 
1374: 1817 2288 130 791 728 637 884 2092 2318 439 1555 1450 1449 1931 2291 216 1262 1795 712 2066 2024 2075 65 385 441 885 1118 1575 1788 2216 2226 735 708 713 988 9 727 364 686 650 719 1915 268 167 585 668 1111 1179 1391 1761 1142 1320 272 204 363 1925 714 1348 2146 1913 2067 2093 2103 2129 2138 2208 2218 62 261 298 466 534 700 799 977 1092 1102 1435 1825 1702 1725 
1378: 1817 2219 635 782 2172 677 609 2255 126 1777 1629 1024 610 1914 2238 514 594 
1379: 1817 2252 2288 130 728 234 637 733 2212 171 439 1653 636 782 896 1016 1070 1795 2182 149 891 1340 1486 1660 1889 1926 32 1885 1888 2052 339 340 441 443 457 458 545 546 675 679 907 966 967 968 1285 394 1933 2216 2224 445 1666 2268 1899 735 1257 1447 1278 2320 1847 1895 1925 2083 2102 2103 2116 2129 2138 2165 2170 2223 2237 2296 9 23 62 127 155 167 203 251 275 277 292 310 382 523 567 631 649 650 654 723 727 729 786 865 883 926 933 1069 1089 1111 1179 1234 1266 1282 1306 1320 1370 1371 1376 1441 1682 1503 1558 1611 1614 1619 1702 1761 1803 1384 
1390: 1817 306 2147 612 896 1084 927 2033 71 1575 1149 267 268 1014 426 1391 1761 869 1814 43 2176 1083 1721 867 45 424 412 1201 
1391: 1817 2288 728 124 733 884 1479 2058 439 2291 216 389 522 896 1070 1554 1561 1646 1773 1795 2172 2262 712 1719 2066 1868 1971 2035 2139 151 441 443 817 885 966 1374 1390 1575 1056 131 497 579 943 1494 1666 73 843 988 1806 61 19 464 1279 236 1727 719 1915 267 268 2112 426 732 931 932 933 934 1113 1905 1967 2073 2105 2113 2126 2146 2148 2168 2208 2261 2280 57 95 152 184 261 262 290 330 334 424 425 429 436 504 580 619 681 836 837 889 1068 1103 1104 1173 1208 1219 1251 1255 1281 1297 1358 1383 1397 1495 1498 1755 1577 1600 1771 1702 1448 
1438: 1817 2008 845 1365 2033 807 1553 562 2263 1247 526 
1447: 1817 2008 2288 1093 845 884 1990 2034 2092 2318 171 439 870 1555 1696 1319 216 522 896 1561 1918 712 1340 1813 1889 2075 340 351 441 457 495 545 609 627 776 817 966 967 1129 1285 1379 787 1523 109 1056 826 1090 1666 73 1845 843 1915 1987 2093 2152 2165 2177 2283 13 18 100 103 142 167 198 275 283 290 302 303 362 407 428 479 505 554 610 707 727 818 856 869 926 1041 1075 1124 1127 1130 1133 1179 1200 1208 1228 1230 1311 1326 1495 1498 1520 1547 1562 1570 1587 1603 1733 1451 1763 1764 1771 1821 1810 
1459: 1817 1351 1622 896 1302 748 1296 65 539 606 675 116 1472 1575 1788 1842 445 497 1995 2026 2261 2 115 157 287 469 738 1017 1069 1121 1161 1297 1348 1451 1539 1695 1550 1711 
1468: 1817 639 2092 2318 1450 1449 896 1086 1646 927 151 495 1575 1998 9 464 435 158 267 268 155 426 932 327 945 1495 1100 2102 1386 14 867 1180 1397 402 265 261 262 375 414 415 716 
1472: 1817 2008 845 234 637 697 884 1474 1479 2092 2212 439 1319 1622 2099 2147 216 612 896 948 1016 1365 1475 2172 2274 320 891 1660 1813 1819 1926 1816 1868 1885 2052 2259 151 222 340 351 381 441 443 494 495 545 606 609 776 817 885 966 1039 1273 1285 1459 1523 1840 574 1875 1907 1916 1922 2036 2049 2086 2096 2146 2178 2209 2295 9 13 125 137 152 154 155 229 242 303 319 379 403 414 461 548 567 610 622 696 778 818 848 856 869 933 953 996 1008 1033 1080 1081 1121 1151 1226 1234 1278 1279 1281 1286 1311 1320 1427 1448 1631 1495 1621 1627 1629 1630 1788 1743 1771 1772 1821 
1504: 1817 733 389 2172 712 927 2066 480 895 1090 1846 1982 2019 2189 2202 2203 64 239 314 349 442 466 478 479 482 502 504 517 825 829 842 976 1232 1342 1434 1451 1454 1466 1759 1597 1539 1602 1613 
1562: 1817 1855 2212 1481 1555 1319 1450 1449 2099 32 1512 2033 71 480 546 609 1077 1447 673 1847 407 1940 2086 2087 2132 2267 2277 2278 2281 9 41 184 191 239 267 479 553 587 619 669 719 727 812 872 945 951 990 1067 1080 1081 1083 1373 1434 1451 1452 1495 1794 1668 1711 1810 1603 1756 1748 1565 
1573: 1817 2008 124 1990 612 896 1646 2172 249 1791 1813 32 76 1868 60 339 340 385 494 495 496 546 609 807 2311 497 407 21 2083 267 1891 2059 2102 517 654 1060 1311 1518 1648 1740 
1603: 1817 1855 293 884 1522 1479 1854 2134 2212 2318 55 171 321 361 439 584 773 1653 1555 1696 1319 1450 1205 1449 232 354 522 782 896 1084 1262 1585 1785 1697 1795 1758 299 1885 2018 443 457 589 606 609 620 627 675 772 817 966 1039 1077 1217 1329 1447 1562 1523 183 1575 1645 2311 1933 1935 2216 1056 259 673 826 961 1090 1233 1899 735 1257 350 928 1806 1850 79 727 1924 1968 1986 2037 2041 2057 2070 2073 2077 2083 2102 2106 2126 2146 2168 2233 2235 2245 2275 2286 2294 18 23 100 106 144 158 159 167 200 207 242 261 262 267 268 289 319 397 421 425 426 436 505 525 570 580 585 593 615 616 619 695 818 841 846 847 857 865 869 872 877 893 900 902 926 932 933 934 960 973 1011 1073 1074 1075 1080 1081 1083 1100 1126 1134 1137 1173 1179 1180 1192 1219 1234 1240 1245 1266 1347 1348 1356 1371 1386 1397 1403 1411 1471 1495 1524 1525 1540 1545 1583 1587 1589 1821 1803 1680 1608 1794 1629 1772 1669 1682 1757 1718 1756 1759 1771 1790 1715 1832 1835 1729 
1631: 1817 2008 2219 88 124 884 1479 439 1555 1319 216 232 389 522 896 1646 2172 891 1660 1813 1819 1816 1885 2075 151 343 441 443 545 609 776 807 1129 1285 1472 1788 1935 1056 943 1632 1278 565 1496 1286 2083 1124 23 155 953 1297 1448 505 1627 1883 2173 135 152 203 242 331 797 848 1008 1079 1081 1157 1194 1458 1630 1774 1685 
1642: 1817 2192 1917 286 124 232 608 638 811 895 1866 21 2277 1400 1540 
1665: 1817 321 2172 712 2033 2284 653 2216 638 811 924 1149 1998 2253 1784 2070 2 2112 1810 2132 1881 2062 6 298 846 950 1228 
1666: 1817 2008 293 884 1474 1479 439 2130 1302 1307 1365 1697 32 340 351 494 495 885 1129 1159 1217 1379 1391 1447 1842 1907 1997 2072 2165 142 158 268 315 456 567 714 716 727 940 980 982 1025 1127 1226 1257 1266 1274 1306 1322 1427 1428 1503 1629 1825 
1682: 1817 293 1479 1990 2212 439 1365 1868 1885 441 609 1129 1379 1603 787 109 153 1056 961 1257 548 155 1018 2102 362 398 769 900 1017 1432 1570 1821 1734 
1686: 1817 1944 1945 1622 149 1758 609 1285 1788 2320 9 1286 435 1151 1300 642 1448 869 1234 1743 661 1078 2218 414 586 752 1160 1422 1621 
1702: 1817 2008 845 234 2212 389 522 896 1365 1561 1646 1697 269 320 1813 71 457 458 480 495 496 609 776 1129 1374 1379 1391 9 79 1772 1815 461 1771 1498 1234 2292 275 837 2101 304 1080 2223 867 402 852 1026 1120 1580 1586 
1744: 1817 130 293 1479 2058 522 1365 1561 2018 2035 495 575 603 953 1498 591 1879 1883 334 449 837 1471 1570 
1771: 1817 2288 791 917 728 88 124 733 884 439 1653 1622 2291 1070 1773 712 1340 1830 1868 1888 2052 2139 65 339 340 351 441 457 807 907 968 1391 1447 1472 1603 1702 608 1243 73 735 1278 713 1806 1998 9 727 21 247 435 622 719 853 434 1587 23 288 883 1300 2073 2102 2197 2223 10 120 135 203 204 290 437 477 478 482 580 610 691 694 837 864 947 949 1008 1057 1181 1411 1514 1568 1571 1621 1752 1801 
1782: 1817 2058 1253 495 1217 1852 488 1906 1995 2158 89 375 982 1036 1276 1382 1426 1538 1570 1832 
1790: 1817 2008 845 293 1479 2058 1481 1622 612 1365 712 1885 395 807 1603 943 924 674 1124 926 1498 152 425 534 1389 1570 
1809: 1817 321 1555 2033 351 885 943 9 1212 1892 1784 953 1810 1811 2132 41 239 872 911 990 1176 1228 2298 80 176 337 846 960 1127 1592 
1821: 1817 234 733 884 1479 1555 896 1084 1262 1365 76 1885 1962 2061 2114 441 495 675 772 1447 1472 1603 1682 1523 1163 2311 528 895 1090 1233 1899 1563 1667 167 883 1179 1895 523 1577 1234 363 898 1230 1309 1630 1891 1949 3 18 143 302 440 483 571 665 768 813 857 867 900 911 1051 1121 1137 1169 1348 1368 1377 1400 1483 1545 1605 1619 1624 1740 1835 
264: 1974 2192 917 216 232 612 189 712 927 76 811 641 1149 2 2158 517 148 1655 14 246 1957 57 226 1800 1691 1616 
272: 1974 234 1365 351 378 1343 1374 961 1233 407 565 1279 1035 2112 1879 1934 2036 2063 2118 2299 2313 84 97 1540 1543 1691 1692 1693 1464 1487 513 1367 1368 1627 1495 
1879: 1938 782 609 1744 272 1207 973 43 382 1556 1627 2297 2118 
164: 1938 1479 1056 1556 
178: 1938 1855 1650 1653 1785 677 712 441 346 9 674 359 1950 348 1659 1297 397 
747: 1938 2050 766 787 419 718 1500 
2168: 2192 1365 76 378 1217 1391 1603 1806 1998 1772 1815 331 2049 148 1487 1955 984 97 549 1067 1937 2059 2136 15 440 1368 1712 1800 2299 2267 
148: 2192 845 728 1901 1235 264 2168 1575 21 300 1617 1834 195 267 268 1820 261 1167 
155: 2192 2008 2288 286 845 917 124 884 1479 2134 439 1653 1205 522 831 896 1561 1697 2025 712 891 1660 1813 1819 2066 32 1868 1885 2018 2033 2052 2151 151 351 441 443 457 495 545 609 1129 1379 1468 1472 1631 1682 2255 1933 1056 497 925 2166 73 708 1278 300 359 1629 1074 158 1907 1949 1975 2001 2149 2165 2321 41 98 1404 1309 402 932 933 934 429 958 971 1498 1008 505 1550 1061 1627 1630 1127 1245 746 242 1308 953 303 310 311 852 449 
195: 2192 124 1365 76 2243 60 378 148 1866 1806 1772 1387 1815 2 1937 1955 2049 2059 2062 2136 2195 2299 15 97 368 882 628 1288 756 1800 1693 549 1067 1323 305 1712 440 460 1487 1195 984 1368 1752 610 331 
203: 2192 1917 2008 2288 88 733 1522 321 439 1319 232 400 896 1697 1918 2172 53 1048 1813 1889 507 1816 1919 2075 2188 2259 24 151 340 395 441 457 485 494 539 609 776 907 966 967 1285 1379 1631 1771 1788 1935 2216 1056 445 1632 2042 126 471 1278 727 1286 359 488 435 461 686 973 1124 23 125 953 1300 1597 926 1411 1448 169 362 152 204 567 1008 1463 2292 1972 2063 2091 2178 2196 2197 2199 2210 2245 2263 2308 27 58 135 199 1422 436 1460 1002 493 1011 512 547 552 1078 1606 1087 588 661 1281 1132 1692 1190 1194 1529 696 1741 1743 1248 248 769 1793 273 610 290 1314 947 1358 
204: 2192 2008 2288 728 1319 354 1918 677 1048 1813 1885 2052 151 340 395 458 494 609 776 807 966 1374 1771 203 943 1899 641 126 1772 1629 1124 125 953 926 1448 1577 362 1972 1995 2210 2247 1008 1657 898 610 290 1194 567 848 1495 
263: 2192 232 1697 2172 1772 300 1675 517 246 922 261 2062 1714 
267: 2192 1917 234 124 306 884 232 612 1365 1646 1697 76 1868 1971 2243 35 60 71 378 494 495 577 620 942 968 1077 1217 1343 1390 1391 1468 1562 1573 1603 148 1054 1575 1866 533 1149 462 1806 1998 1772 19 21 300 1283 1430 2089 1815 1035 611 2 1909 1937 1955 1984 2049 2059 2062 2063 2132 2136 2195 2221 2267 2295 2299 2313 15 72 97 246 368 882 922 424 426 440 460 1487 984 1495 1036 549 1067 829 585 1552 619 628 1691 1693 1195 1711 1712 1714 1228 1752 1754 1761 1261 517 756 1794 1288 1800 1801 305 1334 331 844 1368 1380 871 
268: 2192 1917 234 88 124 232 612 1365 1646 1697 927 76 1868 2243 60 71 343 378 942 966 968 1217 1291 1374 1390 1391 1468 1603 1666 148 2216 1866 1149 1806 1998 1772 21 300 1283 1430 2089 1815 1035 611 2 1883 1916 1937 1955 2029 2049 2059 2062 2063 2136 2195 2234 2267 2299 2313 14 15 84 97 368 882 1403 922 926 440 460 1487 984 1495 1036 1570 549 1067 591 610 628 1691 1693 1186 1195 1711 1712 1211 517 756 1787 1288 1800 273 1801 1810 305 1334 1552 331 337 1368 1389 
425: 2192 2008 234 124 439 2071 2147 216 612 896 1646 1340 1813 76 2243 378 381 609 885 1217 1291 1391 1603 1790 131 445 608 1632 1806 1815 2 756 1801 1403 253 331 1288 1975 1757 2049 18 1487 2146 2029 290 1579 337 14 246 1937 2059 2062 2136 2267 15 57 305 368 424 628 1399 1794 1693 440 1576 1195 1712 1334 532 842 977 513 1503 1552 
988: 2192 728 884 1479 439 1319 232 2262 985 1296 111 381 457 485 1329 1374 1391 445 535 1632 1847 407 462 565 2100 2118 2237 2238 2261 2267 2295 87 278 382 424 426 580 594 652 715 820 883 932 1020 1096 1792 1607 1033 1290 1037 1300 1207 1071 1327 1328 1721 1597 1748 1629 1761 
1514: 2192 845 293 733 1351 216 389 1365 1561 712 1125 1253 1719 32 351 494 495 967 1771 1806 1772 1124 732 800 1498 505 869 856 1495 334 837 303 1570 1121 39 
1575: 2192 234 124 306 2092 321 1555 2099 232 612 1365 1646 1697 1795 32 76 1868 2243 60 71 378 495 620 942 968 1217 1291 1343 1374 1390 1391 1459 1468 1603 148 267 1840 1866 1876 1934 1937 1955 1977 1998 2029 2049 2059 2062 2063 2089 2131 2132 2136 2138 2152 2195 2267 2299 2313 2 15 18 21 61 84 97 127 131 260 265 300 305 327 331 368 440 460 517 549 585 611 628 756 857 867 882 900 922 984 1035 1067 1081 1149 1195 1201 1283 1288 1334 1367 1368 1430 1487 1495 1506 1552 1801 1611 1667 1607 1691 1693 1712 1752 1761 1772 1711 1800 1806 1630 1810 1815 
1596: 2192 1917 53 22 
1794: 2192 216 612 896 1365 1646 76 2013 2075 381 966 1235 1562 1603 267 425 1772 300 1174 2230 1810 642 1801 591 2132 331 1288 2295 1323 1487 1613 1955 97 2313 2029 1067 1518 1949 2059 2062 2195 2299 15 424 513 922 1368 1395 1693 1752 
346: 1855 733 1622 318 612 890 1918 600 1868 1888 405 495 539 909 968 1077 178 2256 423 1010 1788 1448 1925 23 242 932 1451 1772 450 135 1187 1723 181 579 1843 1998 2039 2089 2180 2269 2 39 180 236 329 1018 1151 1413 1799 693 1299 1376 1814 412 610 1320 1741 701 1471 594 1488 1621 1442 1251 614 359 1258 
386: 1855 2092 321 439 1450 1449 896 2114 385 476 1077 1523 1788 1286 2127 23 319 2085 2317 19 1667 1913 2254 1604 1240 1130 
416: 1855 2172 590 21 9 357 848 1623 812 
435: 1855 1954 2288 728 88 124 439 1319 232 522 1302 1365 1561 1609 1646 1785 1697 1918 2155 249 712 299 1830 1885 1971 2018 2052 2075 151 494 495 575 577 817 966 967 968 1235 1468 1686 1771 203 2255 1859 1915 2197 23 131 152 926 1422 1495 1772 1972 1973 574 497 943 1324 2094 2085 407 1792 79 2317 1870 1894 1913 1977 2028 2146 2165 2193 2198 2199 2218 2228 2238 13 33 125 135 250 253 290 302 303 304 323 393 409 945 450 455 460 989 483 998 1002 1537 1559 547 1570 1587 1685 610 838 1520 1274 700 1735 1403 719 1743 1237 1238 1756 746 1778 1310 801 1323 1377 1219 
454: 1855 1816 2311 207 848 61 1942 349 1101 682 1835 
461: 1855 917 1555 232 389 896 1084 2274 712 1816 1962 485 494 609 671 776 817 1129 1285 1472 1702 203 493 1788 1286 1629 1935 1940 2197 152 436 1078 1234 1495 1759 2091 2096 135 336 388 403 714 1124 1597 132 2089 2120 359 1297 727 1057 1975 2245 221 2268 1977 2086 2198 2217 2314 33 250 412 1648 1017 1797 1576 1726 707 578 1194 1488 1411 
686: 1855 2008 124 1522 1479 2058 2212 439 573 1319 1622 354 1262 1918 2027 2172 1962 1971 2018 2033 222 395 766 907 1285 1374 203 2256 1286 1448 1032 1915 1940 21 23 242 300 350 1080 1304 1913 248 585 674 1680 1279 2174 1864 1875 1922 1936 2012 2063 2171 2181 2218 2223 2260 2277 2299 2312 2313 20 52 54 78 169 276 365 383 397 432 433 521 563 610 1433 1442 1405 1529 1536 1067 1627 1124 1142 1659 1156 1157 1670 1716 702 710 717 1246 1251 1267 1779 775 777 1807 1814 1325 869 1297 838 847 848 1380 878 
693: 1855 1918 1189 346 1364 1513 1921 187 190 
1327: 1855 1479 171 216 1646 2172 1719 111 381 988 1748 581 579 1324 1961 2295 83 231 331 1020 1111 1267 1298 1721 
1436: 1855 1622 869 1621 
2216: 1917 88 124 293 1474 1990 2058 773 1653 2071 2130 389 400 612 896 1016 1307 1365 1697 1340 2139 351 457 495 496 539 609 1374 1379 1603 1665 203 268 493 131 156 363 673 933 1089 1495 2062 2096 74 98 212 497 553 611 749 756 1127 1377 1418 2275 2195 2237 1866 123 132 668 811 953 2001 1840 183 1163 1977 1982 1998 2049 2073 2176 13 14 16 62 261 309 392 402 491 528 548 610 638 649 654 857 900 922 943 1036 1067 1094 1160 1211 1223 1313 1350 1419 1494 1550 1570 1577 1582 1587 1589 1600 1630 1649 1733 1743 1757 1787 2235 2230 
1494: 1917 286 728 2212 439 1365 1609 1795 2139 2284 539 1343 1391 1283 1288 23 2117 2120 2158 574 2216 1324 1842 1998 2261 969 1266 1403 1806 1566 
2324: 1917 1868 1056 1011 
99: 1917 2288 130 845 1351 1931 612 1646 2172 712 1919 71 443 494 776 966 968 1329 1915 479 1667 1212 603 579 826 9 464 2177 587 1179 1877 2215 39 625 141 913 1685 285 1564 290 1188 301 944 470 1760 963 
681: 1917 2288 771 286 124 439 1931 2071 896 1773 1918 351 1391 131 963 1202 2 628 2111 1812 
1655: 1917 2288 130 845 1918 2188 590 946 264 19 707 1095 
1846: 1943 1093 845 293 2034 782 1365 1918 2172 186 712 891 1027 71 1504 2320 762 830 1278 2009 
762: 1943 124 2130 1262 1365 1646 1853 189 192 712 1660 1819 1901 443 609 436 1078 1846 469 901 1278 1398 1109 1069 1437 1501 58 102 538 607 661 718 761 1822 809 1198 763 1123 
1278: 1943 2008 2288 635 845 917 733 884 1479 439 2130 389 896 1697 1853 1918 2172 189 249 712 891 1660 1813 1819 2156 32 113 1885 2052 2075 340 441 443 480 494 495 545 546 609 776 1129 1379 1472 1631 1771 155 203 2283 152 242 926 1495 1846 46 304 469 901 943 762 58 505 538 607 761 763 953 1008 1069 1198 1219 1398 1627 1452 1630 1691 1354 1437 1498 
11: 1943 32 495 1570 721 
28: 1943 1954 1093 917 1653 1481 1931 1853 1926 351 441 443 545 546 609 776 968 1286 1915 2283 2320 449 1232 1066 1297 10 1649 1537 396 1721 1341 1095 1045 
58: 1943 1093 2130 782 712 891 1926 609 203 2320 469 901 1278 1398 1069 1437 762 1198 1373 718 471 607 761 538 763 
166: 1943 845 1365 712 927 71 494 776 497 691 
193: 1943 2008 635 2005 522 1697 2007 2183 186 189 192 712 891 1027 1125 1813 495 1464 1498 804 1123 2261 1920 1822 1746 
284: 1943 896 1486 495 967 968 414 176 544 1786 
396: 1943 1093 845 1653 1481 522 320 712 1889 1926 113 441 443 546 776 2283 2320 449 883 1232 1066 1498 28 1045 10 1649 334 1095 837 857 737 1007 
544: 1943 32 1885 71 494 495 833 1495 209 284 462 
665: 1943 339 1821 436 211 719 1570 1657 1515 1221 197 
691: 1943 637 522 636 712 2156 2139 494 1771 2070 12 2165 554 1577 1498 166 784 1822 
804: 1943 1954 2008 2288 917 884 2212 439 522 1561 712 32 351 494 495 496 609 776 1999 714 901 2165 1498 1207 1920 1352 193 2014 2235 265 463 570 593 716 1265 1068 1751 1373 
883: 1943 2008 2219 130 845 917 728 124 884 1479 1945 439 1653 1481 1319 2291 389 896 1070 1084 1561 1918 2172 186 712 1660 1813 1889 32 1816 1868 2075 340 351 441 443 494 495 496 609 776 817 885 966 967 968 1128 1129 1379 1771 1821 988 2283 110 131 152 242 1495 1772 304 429 449 497 580 714 608 735 9 1066 1124 2063 2073 2254 108 290 396 567 610 682 737 960 1007 1031 1556 1566 1083 1597 1604 1104 1649 1160 1691 1182 1188 1219 1232 1298 1323 1377 
901: 1943 2008 845 2005 293 1653 522 782 1365 1697 1853 2172 189 249 320 712 891 1660 1813 1819 1926 385 495 545 546 590 907 1629 2320 1907 469 631 714 943 762 830 1278 607 1792 364 1066 1109 761 2165 58 538 567 696 737 763 804 1398 1437 1036 1564 1198 1092 1069 
1007: 1943 1653 1719 1889 441 443 449 883 1232 1066 1498 2313 396 1069 1649 438 737 
1053: 1943 2008 293 389 522 927 32 351 495 609 807 1685 1887 1004 2254 1786 
1069: 1943 2008 635 845 917 2005 293 439 1449 1365 1697 1853 2262 320 712 891 927 1660 1813 1819 32 113 1816 2052 340 441 495 545 575 606 609 776 1129 1379 1459 2283 152 1748 1873 2117 469 901 1064 1278 1398 2089 1570 1498 1995 1501 762 607 761 2221 2254 58 334 538 610 763 809 837 1007 1079 1437 1198 
1290: 1943 1205 2172 320 985 1719 113 2323 381 485 988 253 467 565 867 1037 407 1496 103 973 1597 382 2261 1376 2237 2146 265 716 
1398: 1943 917 2005 2034 2172 1819 469 901 1278 762 607 1109 761 1069 694 58 538 763 1120 1198 1437 
1553: 1943 910 1231 1889 2188 351 545 1438 1523 2103 2127 2129 275 1137 1241 607 236 1805 786 591 1332 1902 1927 1988 2020 2117 2199 2267 22 30 238 338 634 792 868 875 894 1015 1410 1417 1423 1424 1425 1713 1592 1721 1760 1800 
1558: 1943 2008 124 495 1379 1080 1772 315 1498 1219 2116 1557 
1634: 1943 807 304 784 1710 
2048: 1943 124 807 885 953 1469 310 2254 
2073: 1943 733 884 2058 439 1622 522 1262 1561 1646 1697 1918 677 712 2018 495 776 907 966 967 968 1391 1603 1771 1495 1669 1772 674 883 1310 2216 1498 1387 784 837 1194 1822 
2250: 1943 495 
2254: 1943 318 32 494 495 833 386 469 883 1069 2048 1053 
1645: 1954 637 1854 2134 55 321 360 361 573 584 773 1481 1555 1450 1449 1622 354 522 612 896 1758 457 861 1603 1523 2256 1788 1933 1935 2113 2224 100 109 394 673 926 933 1081 1383 1386 1840 183 758 1924 68 92 357 486 549 566 615 727 898 962 1051 1072 1109 1139 1297 1419 1538 1564 1621 1759 1667 
673: 1954 917 884 1351 1945 1990 2212 171 870 1481 1555 1319 1450 1622 318 522 612 636 896 1262 1795 320 891 1758 1885 1971 2033 606 609 675 766 776 1039 1562 1603 1523 484 1448 1940 2113 2283 109 242 275 350 363 479 183 1645 2216 1842 445 1882 1970 2195 2237 2273 2281 2289 8 90 144 184 191 289 397 421 450 570 611 619 650 893 1451 953 1466 1482 1564 1067 1068 1582 1589 1080 1081 1083 1594 1085 1602 1624 1127 1667 1173 676 1228 1233 1234 727 1240 1756 1759 1251 1763 1810 950 695 1326 826 827 1347 866 869 872 879 
1233: 1954 2288 728 293 884 1479 171 321 439 1650 1653 1481 1319 522 782 896 1262 1365 1646 1697 1795 149 1758 1885 151 441 627 675 679 966 968 1129 1603 1821 272 1915 1933 2224 2264 275 319 350 363 394 673 699 926 932 1081 1089 1115 1137 1234 1383 1495 1759 1594 1913 1949 1997 2002 2011 2138 74 262 497 631 1073 1325 1755 2301 786 1111 1384 1427 1715 2001 1163 283 676 1208 1587 1482 1842 1884 1924 2049 2102 2261 2273 137 225 402 421 503 582 615 723 735 750 847 877 898 1011 1068 1083 1121 1192 1225 1441 1461 1480 1526 1577 1589 1618 1756 1257 1281 1309 1823 1335 1369 
9: 1954 2008 1093 639 2092 360 439 1653 1622 2071 240 354 522 612 896 1070 1365 1554 1585 1697 2182 2262 2274 53 188 712 891 1340 1791 1813 2066 1166 1512 1816 1868 1885 1901 1962 1966 1969 1971 2022 2033 2052 2075 2151 65 151 339 340 385 441 539 543 545 546 551 602 698 885 966 967 968 1077 1129 1374 1379 1468 1472 1562 1686 1702 1771 1809 178 484 1925 1933 1935 275 337 482 605 926 934 1495 1614 1619 1759 1761 1772 1212 1873 1947 2031 2152 47 74 99 112 120 200 248 304 388 416 449 465 585 647 768 775 883 924 928 931 945 1012 1022 1034 1041 1042 1043 1092 1124 1418 1434 1452 1815 2178 2195 2208 183 1056 608 638 925 641 1106 2269 524 256 61 325 1850 1881 1975 1995 2000 2057 2063 2078 2104 2107 2131 2136 2137 2140 2145 2170 2209 2210 2223 2228 2242 2249 2260 2277 2296 2312 1 8 847 898 868 1419 1426 1428 1429 408 1432 418 419 719 964 1476 971 973 466 981 473 1498 990 1580 303 769 1017 1018 1540 1036 1045 536 1049 41 1577 556 1579 1584 57 1083 576 1599 1600 1601 69 1095 1606 588 1002 1107 1113 1117 610 1635 107 837 1649 1142 412 127 1155 646 1733 1164 144 147 1173 1685 277 1690 1691 1611 163 1188 1191 789 335 250 1710 1712 1203 184 1616 1729 1183 199 1734 415 682 1741 722 168 725 727 1750 1753 1756 1251 239 1693 1267 1779 1784 251 1801 1715 1811 1121 1488 1309 799 290 1314 270 1317 1829 298 1323 1326 820 310 1335 825 1186 322 402 1347 1044 334 1363 1132 349 1133 353 710 357 
1608: 1954 1854 360 361 584 773 1696 522 896 2061 1603 1592 1594 1073 1548 486 1865 2101 2102 2225 1074 1593 
434: 1954 124 1609 1646 1918 712 2075 151 495 776 966 967 968 1771 2197 131 152 926 1759 1772 1972 1973 253 304 497 1377 1866 125 998 574 290 1271 52 250 303 323 1778 610 801 1323 1735 460 1685 1219 
585: 1954 771 884 1522 1990 2092 321 773 1653 1481 1555 1696 1319 1622 240 400 782 831 1554 1646 1697 1795 2172 2274 320 712 748 927 1758 1889 2066 1443 1816 1868 1962 2033 2151 71 351 441 494 495 496 609 620 627 679 817 966 1129 1235 1268 1374 1603 267 1575 688 1788 1288 1925 2093 131 319 337 363 479 893 926 932 933 934 1080 1089 1234 1282 1386 1451 1748 1761 207 266 517 183 758 579 895 943 1780 2166 924 928 524 784 9 646 1387 686 1834 397 1659 1174 1202 1875 1922 1995 2028 2102 2137 2181 2198 2200 2215 2218 2225 2293 2301 69 127 184 265 290 311 477 503 549 578 1403 1419 919 1434 1441 1471 964 965 1067 1497 1498 970 1017 1018 1533 1577 732 1607 587 1610 1611 1111 1127 1157 1671 1173 1698 676 1734 1747 1281 730 1754 1756 1710 764 769 774 1715 1297 1315 1833 818 850 856 869 1384 
953: 1954 2008 2288 917 728 293 884 1479 1990 2212 171 439 1319 216 240 389 522 612 782 896 1084 1365 1585 1646 1697 249 891 1660 1791 1813 1819 32 1166 1868 1885 2033 2151 151 351 385 441 443 480 494 495 496 545 546 609 776 967 1129 1472 1631 1744 1809 155 203 204 1448 1915 2283 152 242 673 926 1495 1592 1667 1772 497 962 963 1278 167 865 2216 1899 2083 103 548 397 2048 2051 2165 2170 2314 18 81 142 329 487 503 567 578 820 898 915 916 1446 1570 1577 1627 1630 1008 1649 1266 1176 1179 1691 1219 1242 1766 1354 
1451: 1954 884 1945 1481 1555 1319 1450 1449 522 896 1070 1084 1918 2172 188 320 677 712 1971 2114 24 476 817 909 1077 1128 1447 1459 1504 1562 1523 1032 1891 1915 1935 1940 2019 131 300 350 479 482 673 932 933 949 1137 1234 1240 1282 758 1163 2268 346 2269 1207 1496 1772 1667 397 1124 853 585 1179 1524 1810 46 388 1873 1142 1325 1985 2209 180 314 442 534 644 648 651 695 702 837 869 904 980 989 1076 1204 1208 1258 1323 1326 1419 1454 1471 1493 1503 1513 1525 1760 1571 1613 1706 1707 1774 1803 1808 
1577: 1954 2318 321 1205 612 896 1084 1773 1918 188 1901 345 495 627 885 1343 1391 1821 204 493 1300 1898 1915 2019 275 319 350 363 394 926 934 1234 1240 1748 581 585 587 611 930 1308 9 132 865 953 964 1810 643 1780 642 2216 1208 1233 1106 2269 2317 1733 1387 1877 2069 2245 2261 3 85 95 205 273 302 691 821 898 1051 1083 1218 1305 1776 1582 1589 
2227: 1954 1555 1622 1885 351 1788 1369 
2209: 1954 234 1450 1449 612 896 351 480 495 817 885 1472 1891 1940 2103 319 350 479 1451 253 1124 1452 2174 9 1208 1130 2085 542 1601 
437: 1954 124 232 1070 1609 1646 1918 2155 712 2052 2075 151 494 495 966 967 968 1771 1915 2197 131 152 926 932 1033 1495 1772 1972 1973 19 253 304 497 1377 1520 125 998 574 290 2317 1174 1219 1323 1894 33 52 64 250 303 323 409 1778 1537 610 801 1735 460 662 1685 1057 1687 746 
502: 1954 1450 677 891 2052 907 1235 1504 1448 1898 1940 2019 479 949 1014 327 749 849 359 878 459 1052 2036 2029 801 1134 2044 
619: 1954 2212 2318 171 439 1653 1555 1319 522 1646 891 2018 60 71 351 494 495 496 609 620 817 1077 1343 1391 1562 1603 267 673 934 1614 120 398 517 1108 2321 1111 1810 183 1090 2166 1899 2085 784 727 1733 1568 1085 41 2102 18 2032 184 503 537 604 1652 1245 1186 1068 1364 706 
1589: 1954 2288 728 234 293 2092 1481 1319 2099 896 1262 1901 609 627 675 817 1603 1933 275 350 673 1234 1383 1279 2216 1067 1482 1233 1618 1577 1248 1121 1225 1582 406 640 1221 1477 1725 1763 
1923: 1954 2172 100 877 1764 2247 154 161 207 1775 
1940: 1954 2034 2318 1650 1555 1319 1450 1449 354 896 1070 1609 320 712 2052 2114 71 351 381 443 476 776 817 968 1118 1128 1129 1562 1523 1286 1300 1915 1935 758 579 673 1350 350 781 2317 428 2096 2174 1667 461 686 1043 379 719 1124 1659 853 23 933 1033 1111 1524 46 926 962 1142 1320 1325 1409 1451 1493 869 1607 2086 382 1076 1234 41 152 270 316 363 955 1495 275 837 319 2209 1952 502 850 479 1240 1937 89 202 311 442 478 482 534 542 702 799 803 949 980 989 1051 1079 1164 1186 1204 1208 1274 1293 1359 1371 1518 1520 1570 1571 1601 1614 1619 1706 1707 1808 2103 2152 2154 2211 2309 2063 
1942: 1954 1646 457 679 2311 2152 255 811 1810 2089 1369 1733 610 1435 454 197 640 1200 
1947: 1954 2212 171 1653 1302 2172 436 1078 1668 1748 9 398 696 
62: 1954 728 884 1319 1365 927 443 620 1374 1379 2224 275 1089 1234 2195 2216 1982 418 1211 366 
137: 1954 2288 845 917 1351 1474 1931 522 896 320 1819 1719 1816 2075 2188 609 776 1129 1472 1629 1597 1233 1632 661 265 412 847 593 854 
337: 1954 234 321 1554 1758 2033 495 1809 268 425 1523 1935 275 394 9 1784 157 585 932 933 934 1810 1811 1607 127 1611 872 990 1176 2289 1924 277 2030 261 906 1068 1200 570 1488 705 1383 
479: 1954 771 321 522 896 320 677 712 151 351 476 776 817 1128 1447 1504 1562 1523 493 1915 1940 2019 131 152 758 673 924 1106 1772 1667 1124 853 1174 2230 585 730 932 933 1524 926 1320 1325 1451 869 99 1381 1234 41 2037 1282 2209 872 502 1613 1326 2221 2299 442 478 1137 1525 989 644 1287 1419 1803 1808 1051 482 542 1579 949 1208 594 534 1707 1760 977 598 1240 1454 1389 
549: 1954 2168 195 267 268 1575 1915 431 1645 262 585 1397 261 424 
570: 1954 2058 1319 318 1475 1603 337 673 906 804 1068 1367 826 1502 1994 
631: 1954 1093 917 2092 1653 522 782 2172 149 249 712 891 1926 351 385 543 545 546 1379 2224 394 198 1233 256 901 2165 2296 809 1607 1649 737 1133 2301 
688: 1954 1561 546 807 787 1788 943 61 646 585 169 242 1471 80 1579 450 682 1010 1189 1465 1507 
801: 1954 1197 1555 1450 1758 1235 435 235 434 437 502 1756 1750 
1068: 1954 773 1555 1319 1449 1622 1262 149 476 817 1391 337 673 1234 1370 1383 906 1179 1621 1233 619 1371 925 804 2236 570 
1130: 1954 321 1319 1622 1585 1758 966 1039 1447 1788 2224 109 275 319 363 386 715 926 1240 1360 1495 12 207 456 768 869 1707 786 1111 209 1297 758 1163 1587 1369 1323 2209 1183 2148 90 223 287 625 1542 
1281: 1954 728 884 360 522 896 149 1791 966 967 1391 1472 203 933 1234 1495 1525 1614 1594 585 931 1113 1715 1780 676 970 1233 503 
1383: 1954 124 2212 321 1555 1319 216 522 149 1758 1391 1523 1288 2224 275 337 363 394 932 933 1234 1240 1163 1645 1233 61 1617 2322 865 1667 379 1014 931 1113 1759 1589 503 207 1756 3 1068 2276 90 1099 1127 1564 
1452: 1954 2288 130 728 1522 439 216 522 896 2172 1971 2052 2139 111 339 340 441 1128 1562 1788 1448 1915 152 363 1137 1240 1614 1619 1667 853 1278 1325 758 9 1568 2209 477 534 989 1057 1208 
1532: 1954 896 1791 1443 2139 495 776 1091 1129 1159 2311 275 394 926 1033 315 962 963 1428 103 362 654 711 2210 1825 
1592: 1954 845 584 773 1696 1319 712 2033 2061 1235 1809 1523 319 1553 2044 1608 1784 1073 1074 953 872 1176 2298 1173 875 1593 1594 
1677: 1954 394 1927 2152 191 727 990 72 
1707: 1954 1945 2172 776 1940 2311 479 1451 1680 397 1568 1130 
1775: 1954 321 319 1923 2247 1502 2079 89 929 
2247: 1954 321 1650 1696 612 1758 204 1915 100 275 1234 1748 1923 74 1801 1461 176 89 929 1502 1775 
1523: 2008 884 2092 2212 7 321 439 1650 1481 1555 1319 1450 1205 1449 354 522 612 1475 1554 1585 1785 1795 2025 2172 320 1830 1901 111 351 441 575 606 609 1039 1447 1472 1603 1821 1838 1883 1891 1898 1915 1925 1933 1935 1940 1946 2019 2065 2093 2103 2113 2127 2129 2159 2173 2197 2224 2264 2283 2311 2320 21 23 93 100 109 110 131 152 156 158 242 275 300 312 319 337 350 363 386 394 431 436 451 479 482 493 605 673 699 715 788 873 893 926 932 933 934 949 983 996 1033 1078 1080 1081 1089 1115 1137 1206 1234 1240 1241 1282 1300 1304 1348 1360 1370 1383 1386 1422 1451 1495 1525 1553 1592 1614 1619 1645 1667 1668 1669 1748 1759 1761 1772 1803 1805 1594 
116: 2008 1646 2172 833 1459 114 1840 122 741 
1163: 2008 293 306 637 321 584 1650 1481 1555 1319 1450 1622 2099 232 612 1885 817 861 1821 1788 1288 1933 1935 2113 2224 2283 100 109 275 363 394 1081 1137 1234 1370 1383 1386 1451 1748 1871 352 911 1564 719 209 1297 1840 758 1924 1928 2216 92 127 143 184 604 615 858 898 1130 1140 1162 1538 1552 1233 1496 1376 1192 
445: 2008 1479 171 1697 2172 1813 2018 111 151 351 494 495 609 776 817 1129 1379 1459 203 425 988 152 673 1748 1212 2152 1842 1897 1977 2036 2146 2177 70 77 497 825 578 963 1597 962 1630 867 746 
811: 2008 124 1351 1990 2318 2071 400 782 1697 2155 2156 32 1110 1868 1885 351 495 653 1343 1642 1665 264 275 932 933 934 1967 2062 467 497 931 1124 1127 1202 1866 566 579 2216 1193 1842 528 535 638 1942 1961 1998 2089 2282 2 95 523 1528 950 1693 960 961 1350 1598 1675 1109 1111 1112 1242 
925: 2008 124 293 1351 1479 2212 896 1365 748 1813 65 1129 155 312 74 1108 1308 9 1427 1842 176 1657 1404 1685 1825 1068 
1632: 2008 2288 635 88 522 782 677 712 1813 1816 1885 380 1631 203 425 988 1032 1629 23 1997 135 867 2297 359 1587 137 943 523 1842 2083 236 536 1458 
1588: 2008 845 2212 1653 216 400 2172 269 712 1813 381 776 807 1217 363 212 1124 1279 1054 1843 2028 2029 2063 31 296 382 387 402 592 670 975 1008 1132 1174 1179 1297 1306 1381 1613 1726 1763 1639 
641: 2008 1093 637 639 733 1474 636 1302 1785 712 343 765 885 264 204 1925 2113 2320 1422 1761 429 580 9 14 2146 610 1008 2267 1373 784 1835 1844 250 1663 
126: 2008 2219 2288 771 796 124 782 1646 320 891 987 340 907 1235 1378 203 204 774 1699 514 460 180 2238 1845 1024 313 236 
1847: 2008 1449 948 1302 1918 677 985 1813 1888 351 494 495 609 1129 1379 1562 988 497 565 713 860 1037 407 1207 1998 1806 1338 1029 462 524 607 1792 
407: 2008 917 293 1254 2212 1931 2147 232 389 522 1302 1646 677 712 985 1813 32 113 2075 71 351 405 494 495 496 609 776 1129 1447 1562 1573 272 988 2283 435 1896 2047 2112 245 248 467 497 565 1037 1124 1290 1597 668 1056 2063 943 1847 2295 61 1535 666 567 1075 1207 462 1792 1326 1376 
565: 2008 771 2212 1931 1302 2172 985 1813 32 113 2114 2139 351 494 609 1273 1631 272 988 350 12 1847 407 462 2234 2261 2295 414 711 1792 1458 1290 1037 1317 1075 1207 1376 
713: 2008 845 1622 1365 1918 2172 712 967 1374 1771 131 1847 2120 243 523 554 668 1400 1074 969 1621 
1852: 2008 1854 2058 2134 360 361 573 584 2172 1782 230 274 353 486 488 825 865 1066 1109 1216 1387 2083 1976 
1875: 2008 697 1522 1450 380 1472 2256 1286 585 686 1179 397 1659 1297 169 569 2028 
1877: 2008 232 1302 712 1813 1129 99 1478 1607 1577 2086 943 913 
1895: 2008 845 2092 1481 2099 240 389 522 612 1302 677 712 1813 2066 2156 32 1868 1885 2052 2243 65 340 351 494 495 609 776 817 1129 1379 1821 1033 2117 1279 2237 1427 2089 328 548 692 505 571 642 813 944 1556 1757 2289 1952 2049 2234 2021 
1922: 2008 1522 1622 1816 1888 1919 2018 380 1268 1472 1288 2320 585 686 1279 2120 1297 781 1509 702 1142 1921 
1925: 2008 733 2318 240 389 522 1697 2172 1813 32 1816 1885 151 351 480 494 495 609 1129 1374 1379 1523 497 1090 1243 1899 346 641 1496 9 79 727 781 428 825 309 1043 1044 692 585 932 962 270 1230 1495 14 18 246 307 1132 1684 1975 
1968: 2008 1603 315 
1975: 2008 1351 1622 896 1813 1816 1885 1901 2052 776 155 425 1788 1925 949 2091 497 9 1536 1621 1430 461 992 1411 162 231 335 757 837 922 1396 1569 2312 2217 2102 2234 
23: 2008 771 88 1522 1990 2212 439 1622 354 522 896 1070 1646 2274 677 927 1813 1512 1868 1885 2075 2259 24 151 222 340 380 441 495 609 776 907 1038 1129 1379 1603 1631 1771 203 1523 2256 1788 1300 1940 2197 574 131 1494 1632 346 727 1772 359 1279 2177 386 435 686 397 1924 1972 1995 2063 2091 2178 2196 2199 2218 2245 1411 403 409 933 436 949 135 1495 1002 1520 1011 1527 1529 1736 1418 27 1568 552 558 1078 1597 581 588 1113 661 152 703 707 199 1735 205 1743 1237 1764 1766 248 774 1297 610 1323 1333 273 788 1354 847 848 366 
102: 2008 845 318 1475 320 1813 2151 151 343 609 807 283 762 610 2102 505 742 
105: 2008 1813 32 351 494 495 496 2096 1064 1570 2083 
114: 2008 1646 2172 116 271 383 2041 117 741 1260 
115: 2008 845 1646 2172 2284 1459 1834 2289 2305 119 1260 741 
117: 2008 114 741 1260 
119: 2008 1646 2172 115 2044 931 452 2213 2300 1661 741 1260 835 
122: 2008 1646 2172 116 741 
146: 2008 457 458 530 624 127 711 2039 1444 
158: 2008 917 728 321 870 1481 1555 522 896 1585 1697 2172 927 1813 1758 32 1919 2151 351 441 494 495 609 620 776 807 966 967 1129 1468 1603 1666 155 1523 1915 2103 1056 497 1866 2094 2044 139 781 359 488 865 810 1074 2001 2165 39 41 98 375 505 1055 532 1495 1308 290 295 610 1323 955 962 1112 1245 224 1377 744 
167: 2008 728 293 1522 2034 2318 171 1696 1931 2147 389 522 1365 1561 1646 1697 712 1813 1868 151 495 609 627 885 967 1129 1217 1374 1379 1447 1603 1821 1935 100 109 152 926 1348 1997 198 963 1064 1238 2321 1056 1090 1780 1899 843 2253 1430 2177 283 2104 2277 2278 2281 13 18 101 1136 877 1151 1766 898 1547 1691 1570 301 302 1321 1200 1075 1576 1208 953 816 730 1503 872 1179 
169: 2008 88 124 439 712 1962 2018 222 606 968 1077 203 688 21 131 152 350 1976 135 674 686 848 895 906 1279 2218 365 786 1018 1428 1875 1905 2181 1297 1536 1779 1936 2299 702 1142 1380 2230 1693 2270 943 147 1541 
172: 2008 130 439 1481 1270 1302 320 441 2096 1064 1597 132 1411 1142 2177 649 654 231 661 
199: 2008 88 609 907 203 23 135 9 1132 1056 2063 1372 
235: 2008 2172 933 450 1496 801 315 
242: 2008 130 845 917 293 884 1479 7 439 354 1365 1646 1697 1795 1918 891 1660 1813 1819 32 1816 1885 1971 2259 351 380 385 441 443 494 495 545 546 609 653 1129 1285 1472 1603 1631 155 1523 2256 688 1788 1286 1915 2283 673 2268 346 350 1278 1207 674 1212 2083 686 548 2 883 953 1297 1627 10 1900 1953 2179 2223 2234 2300 39 1008 1354 1570 610 1630 1083 331 1833 998 559 1282 
247: 2008 439 1450 1449 232 1813 1901 807 1129 1771 1788 1851 98 727 1109 1995 412 362 
248: 2008 88 2212 2172 776 907 1285 203 1788 1286 1448 2197 23 893 932 933 1748 1803 135 579 407 9 1680 2089 686 397 587 732 964 1018 1428 1297 1734 872 1613 1191 2218 1132 1937 57 1017 1456 1160 974 976 
256: 2008 917 220 776 1788 1848 631 9 2270 1404 
270: 2008 124 1450 1365 1697 1813 32 1885 1919 351 885 1285 1788 1925 1940 926 46 869 1041 1043 9 10 1045 2170 2268 79 1044 1584 1673 808 316 342 1004 
319: 2008 771 293 2092 2318 171 321 1481 1555 1622 831 896 320 1758 76 627 675 817 1235 1472 1603 1523 1286 1891 1898 1915 1940 2093 2311 100 394 574 1233 61 727 1387 283 386 715 132 585 926 818 1577 1234 1282 144 2209 3 90 161 207 277 1775 768 392 431 1592 1525 1218 709 1610 1618 1238 1240 1621 1502 1368 1130 532 
330: 2008 124 1479 439 896 1646 1813 1816 2022 351 485 609 1391 253 867 1355 1498 95 2261 382 1950 2100 499 1298 1458 
359: 2008 796 124 1351 354 890 1561 1918 677 1813 24 405 457 545 609 817 907 1118 178 155 203 2256 1788 21 23 158 350 1668 1851 135 388 403 504 818 848 867 869 945 1064 1279 1308 1723 346 668 1018 1632 1806 1998 1271 1680 2317 1904 2029 2133 2270 2290 2309 2314 78 180 231 274 287 316 329 347 348 382 1413 1415 397 923 419 1444 1458 440 461 502 1017 1549 1251 663 1687 700 1245 1246 1774 757 1784 1797 1814 1339 701 864 
367: 2008 2172 380 933 934 1780 1834 1073 2289 2077 1377 2026 1678 1768 1055 1415 586 
383: 2008 845 1319 1450 712 380 575 2091 114 266 315 581 686 780 1187 1279 1482 1498 1936 521 702 1142 834 1272 1147 452 1617 1932 1530 
402: 2008 124 1254 1798 1697 712 1813 2033 351 495 1468 1702 155 932 933 1234 1997 930 1588 9 2216 283 1233 1995 1350 990 700 463 770 1685 
404: 2008 728 1990 318 2172 712 1969 1033 1348 603 2094 930 2125 
426: 2008 728 234 124 216 232 522 612 1365 1646 1697 1868 2243 378 942 968 1291 1343 1390 1391 1468 1603 267 988 1915 21 300 934 1495 1667 1761 2062 253 517 1711 943 1149 1806 1998 61 1430 2089 2177 2282 2299 2313 246 265 331 1540 1201 1800 1036 922 1801 1528 832 716 1111 1752 1503 
450: 2008 845 733 884 1622 1646 2172 2262 340 380 968 1235 2255 688 2127 673 932 933 1495 435 346 692 719 403 732 523 1297 869 382 1076 923 1630 271 1311 1308 848 720 1424 1177 452 424 2006 64 235 1175 798 682 785 1751 
452: 2008 2075 380 575 450 119 581 976 741 1072 2030 1079 1684 383 1177 1353 1957 2006 2142 2213 86 447 1530 798 1316 1644 
456: 2008 2058 1365 1585 2027 2172 32 1512 1816 1868 351 494 495 1666 926 1212 1907 2072 141 1322 865 2120 1995 2165 1266 1427 1428 1306 1825 1570 1831 1274 567 1226 1230 980 982 1503 1130 
467: 2008 2172 1813 255 811 843 407 1266 753 1290 676 
493: 2008 1351 1697 1773 2262 677 1813 2052 340 495 609 1129 1285 203 787 1523 2216 309 461 1577 1995 930 2289 479 2238 2218 963 20 767 1685 
501: 2008 695 1717 
523: 2008 293 1479 439 1319 1697 189 320 712 985 1813 2075 2284 35 441 443 480 495 609 817 1379 1821 482 450 1873 1896 1907 497 713 963 1597 2237 811 2260 1056 1020 180 1765 2177 1632 607 399 505 525 526 1400 1352 978 
532: 2008 609 807 425 158 319 652 2292 43 827 310 876 
567: 2008 845 293 733 884 782 1365 1697 249 891 1813 32 1885 2151 340 385 441 494 495 545 546 609 627 776 1129 1159 1379 1472 1666 203 204 1300 934 1759 2072 456 883 901 962 963 1274 1389 357 865 953 1066 1427 1428 2165 1570 723 753 1503 407 1149 1496 1322 2083 309 2 1313 2230 329 2146 2170 291 438 1649 1825 1446 935 980 982 1545 1114 1145 1148 1226 1266 790 1306 1312 1317 1323 820 1359 
580: 2008 2185 2288 728 733 884 389 612 896 1697 1795 2172 1901 2035 2139 495 817 1235 1391 1603 1771 988 2113 531 1056 535 73 641 1106 1109 883 774 296 432 889 1160 1208 1749 
581: 2008 845 293 1319 2172 2052 1300 23 1422 315 579 1327 587 1577 753 2133 2131 383 2063 954 452 369 1477 2095 2179 1415 1823 1835 956 741 1768 
586: 2008 845 2172 380 776 1686 2256 2283 367 923 2205 2213 1678 598 1269 1661 1796 1768 
588: 2008 88 124 232 677 1816 2284 776 1129 203 23 1525 1910 212 255 1037 9 78 205 1957 1529 742 
618: 2008 2212 1585 1646 2172 188 152 1212 2167 74 2083 2118 2043 2218 1932 716 
626: 2008 315 2030 2026 1766 34 
649: 2008 124 216 1084 1475 1697 1813 1889 441 495 609 807 885 1129 1379 1212 245 650 2165 2094 2216 41 172 1074 654 1756 1257 176 
650: 2008 845 124 293 306 216 232 522 1365 1554 1646 1795 2172 1813 351 441 485 495 609 675 807 968 1077 1129 1374 1379 673 1081 1907 207 229 245 253 622 1056 1866 1257 2094 1029 865 1863 1937 2165 41 421 540 610 649 654 1309 714 1578 1192 1756 989 862 
682: 2008 1798 216 240 1816 2052 339 340 885 688 2197 450 848 883 9 1297 2146 454 2268 424 2242 1028 1539 874 
727: 2008 728 234 88 884 2092 2212 2318 1653 1450 1449 1622 420 522 612 896 1697 1918 1791 1813 2114 339 457 494 495 606 609 620 627 776 817 907 1129 1159 1273 1285 1374 1379 1447 1562 1603 1666 1771 203 1925 2311 23 275 319 394 673 1080 1081 1234 1645 1759 120 135 315 465 472 611 895 924 1279 1564 1681 2292 2294 9 786 964 2165 1905 920 1621 619 290 1677 943 61 1496 1850 1996 2054 2084 2150 2245 2322 4 142 143 247 316 461 500 694 709 937 1463 1134 1760 750 1829 850 858 
729: 2008 2219 635 1093 845 124 612 896 1365 1697 320 712 1813 2066 1816 807 1285 1379 1788 1286 1448 1014 1907 1052 1628 1777 856 84 236 362 2238 2239 75 
732: 2008 845 917 2058 439 2147 896 1365 712 1813 32 1868 151 340 351 395 441 476 494 495 496 776 1391 1514 2113 152 450 1997 19 112 248 327 497 585 1064 1104 1124 2063 42 1604 1311 
741: 2008 380 114 115 116 119 122 581 976 1247 1529 1079 452 117 2082 743 1249 1737 
781: 2008 2288 728 697 733 2212 1555 1319 389 1561 320 712 1813 1901 1971 2052 2075 339 340 776 807 885 1129 1285 1788 1286 1448 1032 1925 1940 158 1014 553 622 869 1124 2208 574 923 460 2268 1850 1922 1928 1929 2030 2041 303 610 707 1275 1743 
790: 2008 1479 439 354 1813 441 609 1348 139 352 1208 43 567 1317 1082 
825: 2008 293 1449 782 1554 249 1813 32 1885 351 494 495 546 609 1129 1504 1925 1852 429 445 497 962 9 1113 2120 1503 10 1649 1230 982 
865: 2008 124 293 2034 171 1555 354 389 896 1646 1697 32 1868 2139 151 340 495 609 1129 1273 1379 1603 1933 1935 158 1383 1386 1495 1852 98 456 650 1831 1056 1090 2161 537 567 604 654 1577 1715 953 964 1225 1685 1245 1387 
889: 2008 728 733 216 896 1391 1137 1667 580 2001 956 382 2118 1822 
926: 2008 130 728 910 2212 321 439 870 1481 1319 1450 354 522 612 896 1262 1365 1585 1646 1795 2172 149 320 712 748 76 1885 2035 2114 2139 60 151 351 441 546 589 606 609 675 817 909 968 1077 1128 1129 1268 1379 1447 1603 1790 203 204 268 1523 1300 1629 1940 2103 2224 2311 152 275 300 319 363 394 479 715 893 1645 943 1090 1233 1780 2268 1324 1876 1278 1496 9 1212 1748 428 1976 283 357 1667 435 1042 12 548 397 719 2 434 163 167 403 456 585 730 756 786 953 1018 1033 1179 1428 2165 1871 1874 1909 1921 1982 1995 1997 2030 2032 2082 2104 2117 2137 2161 2195 2233 2234 2242 2263 2292 13 31 78 141 144 270 290 307 315 388 437 465 558 660 700 704 714 724 746 774 1393 945 1469 1734 1490 1495 1323 983 1836 1004 1518 1226 1532 1041 1050 1566 1577 1075 1080 1081 1619 1130 1160 1098 1180 1017 1192 1199 1208 1221 1234 1251 1763 1766 1275 1297 1292 1308 1823 1825 1325 1594 962 
934: 2008 171 321 1555 1319 1450 1205 1449 320 1758 1868 71 351 480 590 817 966 1391 1603 155 1523 1300 1891 1935 2283 2311 337 394 431 932 933 183 574 579 811 2166 928 1029 9 1430 2089 1667 379 719 611 2 1014 83 125 403 426 585 587 756 931 1972 1992 2110 2237 2289 48 63 179 184 207 238 310 367 369 516 567 594 619 725 734 753 757 879 880 1392 1419 1360 1067 1495 1524 1525 1017 1079 1577 1607 1619 1111 1112 1113 1169 1527 1226 1234 1240 1761 1267 1287 1306 1326 1335 1347 1370 
945: 2008 124 1990 1555 522 612 896 1302 1646 1697 2172 748 891 1791 1885 381 457 458 609 1468 1562 1915 152 926 1033 1080 1667 435 1997 1056 9 359 1174 1179 1524 382 836 2161 2292 2293 180 349 503 595 610 725 1180 1530 1160 1354 1242 1685 1764 1766 
993: 2008 2219 1622 896 2172 677 748 1813 807 1395 156 135 848 471 1777 2089 236 642 991 1219 1649 514 777 1774 1412 
1033: 2008 130 845 124 1351 1990 2212 318 1365 1585 1646 1697 2027 2172 677 1813 1868 1885 480 494 609 776 807 885 1128 1343 1472 988 1523 1788 1283 1288 1940 926 1056 843 1667 397 719 1895 1907 1995 135 404 437 881 945 1393 1140 1669 1354 1532 1230 1238 1495 
1052: 2008 522 65 575 776 933 1252 514 881 2170 502 729 995 1578 
1076: 2008 1450 612 1773 320 712 1813 351 495 609 776 1788 1883 1940 131 1137 1451 1772 450 2177 505 
1079: 2008 293 733 1479 1555 1365 443 885 1631 1940 2173 933 934 1495 141 598 741 757 1069 827 1739 1763 703 2251 957 1165 2125 452 1249 
1132: 2008 88 2058 1481 712 1813 1816 380 907 203 2256 1925 2103 2197 135 248 255 869 1588 9 1142 1498 1613 2063 2163 199 433 552 1265 1400 1429 1488 
1142: 2008 124 1479 2092 1450 1449 712 1816 380 457 485 776 907 1374 509 1940 2093 788 1080 1451 1873 1913 2091 336 403 674 686 838 867 869 1279 1409 2174 2294 9 181 2120 397 1132 1181 1251 1297 1659 1680 491 1498 49 521 702 943 646 1834 1922 1965 2029 2306 169 172 383 412 1267 1726 1612 
1145: 2008 232 389 612 1302 1813 32 2075 351 395 494 495 496 776 497 1124 1377 1995 2063 567 1313 362 578 
1148: 2008 389 612 1302 2274 1813 32 2075 351 395 494 495 496 776 817 967 1448 933 497 1124 1297 290 2063 567 2268 1313 578 1312 
1155: 2008 1901 1866 9 1251 2289 847 1695 760 
1168: 2008 1813 1972 1710 2039 991 
1177: 2008 845 222 380 575 450 207 266 854 452 1932 687 
1179: 2008 2288 1522 1479 1990 2034 171 321 1481 1555 1696 1931 232 240 522 612 896 712 1791 1813 1889 32 1868 151 351 480 609 675 776 907 1129 1235 1268 1374 1379 1447 1603 1821 100 109 926 933 1348 1451 1748 1212 1873 1997 99 198 530 674 945 1064 1127 1238 1588 1662 2321 167 181 953 1111 221 1090 1780 1899 843 2177 283 1587 1875 2101 2157 2289 13 18 95 238 301 302 448 477 571 604 989 1068 1075 1600 1630 1691 1200 1208 1242 1766 
1230: 2008 124 1990 1450 612 2156 1885 609 966 1129 1217 1235 1447 1821 1032 1925 1935 932 1033 1667 2072 456 1124 1995 1359 1774 2102 1090 825 362 1114 
1234: 2008 2288 728 234 293 733 884 1479 2318 171 321 439 1650 1653 1555 1319 1622 354 522 612 782 896 1084 1086 1262 1346 1365 1646 1795 149 269 891 1048 1758 1889 1885 441 443 627 675 679 966 968 1343 1379 1472 1603 1686 1702 1821 1523 1915 1933 1940 2103 2129 2224 2264 2283 100 275 319 350 363 394 431 451 479 673 699 926 932 933 934 1089 1137 1163 497 1233 1257 1792 727 1748 461 1509 1073 1063 1587 585 786 931 1111 1113 1384 1427 1715 2001 2002 2296 1568 1451 1759 1577 1607 2261 2043 1884 1903 1913 1924 1949 1997 2011 2047 2049 2101 2102 2110 2138 2195 2235 2247 2276 2289 2301 3 62 74 80 127 206 223 224 277 302 392 402 503 582 594 615 625 643 676 723 750 785 847 877 880 898 900 1047 1067 1068 1083 1121 1127 1196 1208 1221 1223 1225 1424 1435 1441 1461 1480 1482 1495 1240 1755 1538 1582 1589 1614 1618 1619 1639 1668 1756 1281 1308 1309 1823 1245 1335 1347 1594 1370 1383 
1247: 2008 306 2172 1438 603 2177 1529 514 741 2213 864 1661 1260 
1260: 2008 114 115 119 1247 117 1358 
1266: 2008 845 293 639 360 439 522 782 1365 1646 1697 249 891 1813 1889 32 1885 340 351 385 441 495 545 546 776 807 885 1129 1379 1603 1666 932 1748 1761 2072 456 467 1184 1274 953 1427 1428 2165 191 520 1494 1503 1995 567 1306 980 1496 1322 2083 362 329 898 2170 176 837 877 982 1201 1226 1649 1825 1446 
1269: 2008 586 1175 
1293: 2008 1622 817 1940 1621 2146 1471 1403 1393 
1297: 2008 124 1522 1479 2212 321 439 1555 1319 1622 56 216 354 389 612 896 1561 1795 1918 2027 677 712 1889 2066 1816 1919 1962 1971 2018 2052 2139 24 151 339 340 351 441 457 606 609 766 776 817 907 968 1077 1285 1391 1459 1631 178 2256 484 1788 1286 1448 1032 1915 21 23 100 109 152 242 275 350 926 1080 1081 1282 1304 1645 1759 450 1873 1910 1913 2091 212 248 304 352 388 585 587 674 686 775 848 963 976 1124 1279 1409 1588 1597 132 357 365 1018 1716 1875 1905 1953 2067 2244 311 397 563 878 998 1122 1156 1157 1181 1251 758 1054 1163 221 2044 1496 28 461 994 1659 1675 1174 1587 521 1142 1894 1922 1936 2056 2171 2260 2277 2312 2313 52 144 169 180 184 276 290 334 412 432 474 534 569 582 610 670 682 694 702 777 846 959 1130 1148 1153 1173 1255 1393 1454 1471 1476 1493 1527 1529 1530 1536 1630 1572 1807 1616 1621 1435 1726 1756 1779 1380 
1300: 2008 2288 845 917 88 1205 1622 354 1791 1868 151 340 351 395 494 495 609 776 885 966 1268 1686 1771 203 988 787 1523 579 943 464 646 1043 1124 23 932 933 934 1940 1995 2218 100 135 436 567 581 905 926 1036 1774 1685 1577 1743 1637 
1306: 2008 293 232 240 1365 249 320 1813 1889 1926 65 340 443 609 675 776 1129 1379 1666 1891 934 1907 2072 456 842 963 1274 1588 1427 1428 2165 1570 290 1503 567 1792 1496 1322 1174 1266 3 877 980 982 1226 1825 
1309: 2008 845 1798 389 1697 712 748 1813 32 1885 2151 495 907 1821 155 1629 2320 1234 1910 449 650 1127 1377 9 1056 960 1233 2268 708 1517 843 830 1071 18 310 1245 1691 1471 1600 1373 1326 
1312: 2008 1696 389 612 1813 32 2075 351 395 494 495 496 776 933 497 1124 2063 567 1148 2268 1313 362 578 
1313: 2008 697 232 389 612 1302 2274 712 1813 32 2075 2151 351 395 494 495 496 776 1286 350 605 893 497 1124 1377 1866 2216 1995 2063 567 935 1145 1148 1312 2268 362 578 
1332: 2008 2172 1813 1885 1553 1014 1723 1207 157 1075 
1376: 2008 1450 1302 1697 1813 1885 185 480 494 609 885 1379 1212 1907 1997 565 1290 346 1163 1056 582 407 399 594 783 
1382: 2008 2172 1813 833 1782 1815 379 979 
1392: 2008 934 2003 
1411: 2008 845 917 88 124 293 439 1653 1319 240 389 522 1070 1084 1302 1365 1918 1816 1962 2139 2259 441 485 609 776 966 967 968 1603 1771 203 23 131 1495 1772 1873 1910 2091 12 135 517 774 963 1597 2178 125 1570 290 1975 461 1323 608 2268 2177 2135 172 303 362 505 578 610 1100 1219 1396 1648 1549 1685 1820 1797 1768 
1427: 2008 88 124 2058 1481 1449 1070 1365 1646 1697 2274 748 1813 32 1816 1868 1885 495 546 807 861 1129 1273 1472 1666 21 275 300 1234 2072 456 962 963 1124 1274 1831 925 1090 1233 2044 1496 1322 2253 1387 1035 1895 2165 2233 13 567 974 980 982 1204 1226 1266 1306 1337 1354 1428 1503 1825 
1428: 2008 293 1990 321 2274 32 1868 1885 495 1129 1666 21 300 926 1759 2072 248 456 848 963 1274 1831 9 1427 638 1090 1496 79 328 1322 1430 2004 2162 2165 2233 169 567 922 980 982 1226 1266 1306 1354 1503 1825 1532 
1446: 2008 293 782 896 1365 249 891 1813 32 1885 340 351 385 441 545 546 1129 253 624 963 157 953 2165 548 567 1266 646 1649 2170 1970 2083 316 329 1114 168 
1471: 2008 845 728 124 1479 1622 216 612 1646 1918 712 1813 1919 575 807 909 1129 1603 1744 423 688 1788 1080 1451 1896 1913 253 585 818 1279 125 346 1151 2078 397 1297 1057 2269 1160 1309 1071 1020 534 1496 2086 646 2012 1430 180 941 1766 1909 2154 2325 197 969 1082 1258 1293 1358 1710 1529 
1478: 2008 130 845 1450 1302 1697 2172 113 772 139 1792 2177 1263 1498 1877 514 820 908 1264 1591 
1482: 2008 171 321 1555 1319 1450 1205 1449 354 896 675 2311 673 1234 1240 1495 587 768 2292 1493 1233 1834 1977 1757 877 1589 383 2163 213 223 555 888 1284 1294 1456 1618 1770 1644 
1498: 2008 2169 2252 791 845 234 1990 2092 439 1653 748 1791 1889 1971 222 254 351 380 494 495 751 817 885 1039 1268 1391 1447 1702 1744 1790 155 1514 2320 1873 200 336 403 585 1124 1127 1278 1478 1831 9 643 1132 735 1160 1106 708 1501 328 1387 1069 1142 2043 2073 2102 2105 2154 193 314 330 375 383 396 438 489 691 737 804 1007 1171 1339 1359 1393 1437 1606 1558 
1503: 2008 293 1990 2058 53 149 677 748 1660 1813 1819 1719 495 966 1129 1379 1666 425 2224 300 363 1451 2072 456 591 1274 2321 167 426 1066 1427 1428 2165 866 43 1160 1106 1322 1430 488 825 1035 187 567 1266 1306 980 922 1226 173 982 1242 1663 1825 
1529: 2008 88 124 1555 1622 1646 320 712 2066 380 1285 203 1788 1286 1448 2113 23 350 788 1910 135 587 686 1064 1247 1355 579 719 1297 741 769 588 1814 646 1320 854 1471 1249 
1535: 2008 522 1885 2035 2075 485 1883 407 1850 2186 1174 1101 
1574: 2008 1961 2295 2186 1513 1964 2003 
1591: 2008 1302 1813 2075 1129 1478 1559 1109 2086 943 1746 
1597: 2008 2219 771 88 1479 2058 1622 389 1302 2027 2172 320 712 1813 1868 1885 151 340 381 457 609 776 1504 203 988 1448 2320 23 152 1282 1748 1896 135 445 883 1037 1290 1056 943 407 2174 461 1151 2237 2260 70 137 165 172 310 382 513 523 1160 1297 1354 1411 1648 
1629: 2008 2219 1351 1449 2172 712 1926 380 441 1378 1472 1603 1666 155 204 988 1318 1632 2320 1212 2083 901 461 1856 1959 2122 2154 2196 2279 2295 0 87 137 225 481 498 598 683 719 809 867 878 892 918 926 954 956 1005 1087 1124 1175 1295 1309 1587 1659 1824 1834 1770 
1630: 2008 635 884 1479 439 1622 216 232 1302 188 320 712 748 891 1048 1660 1813 1819 1885 441 443 545 609 885 968 1129 1285 1472 1631 1821 155 1575 1788 1286 1448 242 1495 450 445 895 1278 157 953 1179 1297 1621 2216 608 1496 2 1627 1008 610 694 797 837 897 
1661: 2008 1197 1319 2256 119 586 1247 558 2304 798 
1763: 2008 771 884 2212 321 1650 1450 896 1697 1758 609 966 1273 1447 1788 1915 451 673 926 1240 1495 1594 74 869 1588 1764 944 1618 379 1083 1589 2146 1435 2176 877 725 2014 2273 2276 578 1079 1245 1502 1542 1624 
1764: 2008 124 884 321 896 2172 340 609 966 1447 1915 23 100 1923 1997 945 877 1763 578 
1768: 2008 712 367 581 586 976 1411 1272 69 1644 
1808: 2008 1449 1235 1940 479 1451 207 
2158: 2008 917 1365 1646 927 32 1868 71 340 351 494 495 496 968 1129 1782 264 403 497 1012 1494 428 379 1906 180 1426 2270 
2026: 2008 575 766 1459 367 2030 626 
2030: 2008 1622 1285 1788 1286 1448 337 926 1621 781 452 626 2026 
2063: 2008 2288 88 306 884 2147 612 712 1813 776 907 272 203 267 268 1575 568 1940 21 23 131 893 1014 47 135 266 581 686 756 883 1034 1434 1588 2218 9 732 1132 1680 491 407 1675 1147 1313 1613 2238 199 261 935 1145 1148 1312 
2091: 2008 88 612 896 2172 1660 1816 151 609 776 1129 203 2256 23 152 300 1279 461 521 1142 1297 1411 869 1975 95 80 702 383 135 797 1685 1820 
2126: 2008 728 216 1697 891 885 1391 1603 1089 2218 1517 
2098: 2008 1449 2100 
2165: 2008 845 293 884 2092 1653 1555 522 612 782 1365 249 891 927 1926 32 1868 1885 2052 151 340 343 351 385 441 443 494 495 545 546 609 1129 1159 1379 1447 1666 155 158 275 436 926 435 2072 315 456 631 650 901 931 940 1012 1274 2237 953 1066 1113 1427 1428 1496 727 1322 2083 103 1924 95 142 176 329 362 414 440 567 649 654 691 737 753 804 980 982 1051 1226 1266 1306 1446 1503 1649 1825 2170 
2120: 2008 1351 712 748 1813 2066 1816 1868 380 609 815 1129 1268 788 1080 456 713 1279 157 1193 1494 825 1109 461 1863 1922 397 412 432 440 521 1142 1175 1251 
2170: 2008 293 1653 240 782 890 1365 249 891 927 1813 1758 32 1885 1901 2139 351 385 441 495 545 546 609 1379 429 1041 9 953 2165 1570 2277 567 1052 1266 805 1649 1193 2083 270 329 1446 291 
2218: 2008 88 124 733 1622 216 1475 2172 1813 1919 1969 2075 2259 351 441 609 807 907 1268 1374 1686 493 1300 23 131 1422 435 1956 19 135 248 585 618 686 963 976 2178 1056 2094 163 964 187 169 1008 1995 2196 610 700 1743 661 1937 2063 2126 66 298 892 1050 1373 1527 1537 1829 
2237: 2008 2288 845 636 1918 2172 269 443 495 606 1129 1379 988 673 934 1080 1014 587 1290 1597 2216 579 2165 1895 523 856 1311 2119 491 1683 
2242: 2008 509 350 926 1143 9 1659 769 1248 258 534 503 265 1582 261 682 716 1958 1812 444 742 2137 2104 
2303: 2008 1834 1617 1643 
2270: 2008 2025 220 2272 340 772 1788 391 2158 359 642 256 1613 471 169 1952 231 894 77 759 863 1633 
2083: 2008 845 917 1653 1696 56 782 1561 1697 249 891 1813 1885 351 385 441 494 495 545 546 609 966 1129 1379 1573 1603 1631 1629 242 300 1748 1212 1852 618 953 1066 2165 567 1266 1649 2170 309 1446 1632 1354 1372 105 329 412 770 820 
2305: 2008 115 2006 798 2306 
2289: 2008 639 1070 149 748 76 1443 2033 493 1898 2224 2283 2311 21 337 363 394 673 932 933 934 1078 1234 2002 115 367 931 976 579 964 1179 1810 2089 1895 1430 379 1155 1385 872 821 1121 1139 1368 1709 1835 
1311: 2169 728 124 733 439 1070 1719 1443 1888 2139 441 817 1447 1472 1573 350 450 2096 2237 157 732 1123 2036 943 1501 2261 438 651 837 1760 
837: 2169 791 1093 728 124 884 1990 439 1205 216 354 400 522 1070 927 1889 2139 71 351 457 494 495 817 885 942 1118 1285 1391 1702 1744 1771 1514 1448 1032 1940 2320 110 152 350 1451 564 818 853 1184 1520 9 125 668 719 290 1579 2269 735 1630 1552 1975 2073 396 1069 1266 375 610 1311 1806 1036 40 1158 1169 371 1640 1019 1255 34 489 516 789 
1158: 2185 56 2164 1926 1091 304 132 1857 1552 1890 718 837 1692 1410 1326 
1133: 2185 1447 531 631 1232 9 13 877 1903 2043 
26: 2185 1929 
1708: 2185 286 2130 2248 946 719 2194 1295 1216 
1777: 2219 635 917 1351 612 188 1235 1378 993 514 1509 419 2039 1845 37 2157 2238 313 729 
236: 2219 1244 1522 1479 1609 1853 2155 952 1391 1553 1972 417 993 1434 346 2095 1527 1361 2230 922 729 126 1829 1632 179 918 
469: 2219 635 917 124 293 2130 1365 1646 1853 2027 2172 189 320 1660 1813 1819 113 609 776 1129 1459 2283 1667 762 1278 607 2254 58 412 1398 761 900 901 538 1437 1069 1198 1354 718 1722 610 763 
1914: 2219 796 1646 1378 1956 587 419 2241 147 
179: 2219 845 934 504 931 579 373 1814 180 236 329 
214: 2219 2050 679 1118 2089 514 
424: 2219 124 306 1365 1646 76 2075 2243 340 381 1390 1391 267 425 988 1794 131 1772 450 756 848 1552 2299 1375 1998 2 2295 265 331 549 1201 1693 1806 2268 536 736 246 1298 682 716 
514: 2219 796 1449 216 35 71 381 679 1118 1378 394 2152 674 849 993 1247 1478 1953 397 290 2085 126 1777 1109 1509 1174 1403 1613 419 438 2015 214 224 401 1052 515 981 547 
515: 2219 2212 1449 216 896 985 606 609 1080 1081 1748 849 514 1065 
744: 2219 35 158 460 63 1718 
1509: 2219 728 733 1481 1622 677 748 1758 1971 380 1858 1395 1234 1972 135 559 674 1621 514 2269 2039 2085 1777 1922 2223 180 777 991 1710 1604 
1541: 2219 635 1475 907 642 694 1675 1612 45 1174 169 897 
574: 2252 88 439 354 712 2139 2284 495 1128 1472 23 319 932 933 934 1240 435 260 867 1184 1840 2161 43 57 434 437 460 527 781 1057 1579 1208 1494 
1014: 2252 635 306 884 1205 354 400 1070 2172 712 1486 1901 2151 2323 151 545 751 776 907 952 1390 2255 2320 21 152 300 932 933 934 1383 1772 1803 1054 1866 2094 255 471 781 646 1066 1109 1357 379 550 1035 397 882 1900 1960 1995 2063 2087 2152 2199 2237 97 231 375 403 412 502 562 592 694 729 746 756 768 806 931 935 998 1368 1400 1332 1393 1147 1204 1113 1770 1353 1801 1750 1644 
1325: 2252 1481 1450 1449 2172 2182 712 2066 1885 2018 2052 339 340 395 480 766 776 817 1285 1788 1286 1448 1940 21 479 926 933 1451 1873 388 686 775 818 1124 1279 1233 2268 328 397 616 1659 1018 1151 1900 2028 2244 80 174 290 401 887 998 1186 1251 1433 1434 1452 1698 1738 1760 1380 
362: 2252 2291 1885 2323 443 539 543 575 907 1447 1682 203 204 2320 873 954 1546 1815 2275 357 2165 1532 527 205 1738 1411 1145 1248 1266 1312 1313 503 247 729 1825 1230 455 1881 1890 287 2043 552 1315 785 1637 1687 
303: 2252 124 733 884 439 354 1084 1918 441 546 907 1447 1472 155 1514 2320 131 435 2070 1654 9 132 290 434 437 781 1579 2269 735 708 935 1411 1998 608 2238 3 1191 1364 1258 
2014: 2252 32 60 804 1763 
1095: 2252 845 1340 2188 575 9 28 396 1834 1655 
1709: 2252 771 2092 2274 149 677 74 774 931 1127 491 2289 2249 1195 784 1353 2017 1150 
2283: 2252 2288 234 884 1481 890 896 149 1486 76 1443 2259 222 441 443 546 817 1447 1523 1283 394 1163 579 673 2166 1278 2320 407 784 364 28 469 1069 719 883 931 932 933 934 953 964 1113 818 1234 242 363 127 275 396 2289 3 586 596 392 859 1618 
2224: 2288 2058 321 1555 1319 1205 149 1758 2052 71 675 817 966 968 1379 1523 1915 1935 2113 1840 109 394 758 1163 1645 62 74 100 127 144 209 275 277 283 290 352 363 582 631 855 880 881 926 1089 1130 1137 1161 1162 1173 1233 1234 1240 1347 1383 1418 1441 1461 1495 1503 1610 1611 1657 1667 1685 2289 2264 
131: 2288 728 124 733 884 2034 2058 2092 439 1653 1555 1205 2147 56 400 1070 1365 1773 1918 677 712 1486 1443 1868 2052 2061 2139 228 351 441 546 679 907 942 1077 1391 425 1575 1523 1448 1283 1891 1933 23 1054 2216 1842 1849 1863 1958 1997 1998 2053 2063 2070 2089 2096 2124 2157 2178 2218 2221 2269 2295 48 57 95 123 125 369 883 374 379 1411 1417 717 424 1451 1455 434 435 437 1734 479 483 303 1004 499 504 1018 1029 1563 548 1579 1076 316 1089 585 1104 1685 610 1635 1640 622 132 645 1668 1164 1679 663 1691 160 161 1191 169 681 1218 1219 713 206 1748 734 735 736 1258 238 260 1800 1806 608 1812 1823 290 1317 1320 298 1326 304 1364 1377 1772 
497: 2288 733 884 1522 1479 439 216 612 896 1475 2172 149 249 712 32 2248 60 339 340 351 385 441 494 495 496 546 606 609 966 1329 1391 1459 1573 155 1891 1925 2311 158 1234 435 445 2216 1842 1847 1975 2101 2102 2158 2235 2276 2295 41 144 166 174 309 407 413 434 437 455 883 935 517 523 525 1060 1636 1145 1148 654 1173 1180 676 694 1740 1233 1243 732 735 825 1308 1312 1313 953 811 1350 
608: 2288 791 733 884 439 1070 1918 712 441 1642 1771 425 131 300 2062 2070 47 756 795 883 1239 1279 9 123 125 132 719 290 2269 735 1630 1411 1998 303 610 1806 95 638 2238 1191 1258 1403 1842 1893 298 1540 921 1635 1364 1219 
943: 2288 88 697 733 884 1522 2092 7 360 439 2291 896 1795 249 2033 2259 24 65 111 385 395 441 443 546 620 653 766 817 1391 1631 1790 1809 204 688 1448 1300 1935 21 715 926 435 1851 19 135 585 818 901 1278 1279 1563 1597 2292 426 832 1151 1716 1810 1811 397 2216 1570 960 491 727 1057 735 80 401 407 521 935 1142 1675 1359 2295 1008 1311 1977 922 1430 1691 1806 2102 1842 1877 2088 2186 2261 169 382 542 1737 1432 990 1534 1591 1632 1174 1789 
2268: 2288 234 2212 1931 612 896 1086 1773 249 320 712 1816 1888 1971 2114 2259 340 385 545 546 551 817 1379 1915 156 242 300 926 1451 1803 611 652 848 867 1325 2178 2001 1905 1251 1801 1441 781 1309 1552 1995 2085 205 459 461 512 702 710 1411 1148 1675 1312 1313 1192 1733 334 1419 882 270 1604 1909 1842 313 333 364 424 455 682 834 1460 
73: 2288 728 733 884 439 2291 389 896 1561 927 1868 2035 2139 441 495 802 907 1285 1391 1447 1771 155 1915 436 932 2152 580 598 1843 1552 660 1047 1580 1221 1743 1002 
735: 2288 845 728 124 293 637 639 733 884 439 389 896 1070 1561 1646 1697 1918 712 748 1253 1885 1971 2052 2075 351 494 495 772 966 967 1129 1235 1374 1379 1603 1771 131 1495 1772 1212 1907 46 497 883 1124 1308 1810 2260 1233 608 943 1843 2295 303 334 342 646 1094 1403 1792 1219 837 1580 1498 1160 872 
1517: 2288 896 100 1997 1309 705 224 706 1844 2122 2126 513 633 1742 
1680: 2288 573 773 1319 1449 712 2018 2033 24 551 766 776 1603 2256 568 2159 1910 1913 1992 248 304 403 674 686 848 1041 1043 1279 1707 365 1864 2067 2181 311 359 397 563 878 1156 1157 1442 1536 153 1850 328 1271 1936 2063 2171 432 702 757 777 819 822 994 1142 1255 1321 1380 1433 1670 1797 1685 1779 
1772: 2288 791 306 733 884 2092 439 1653 1450 1449 2147 896 1302 1919 1971 2052 2139 24 151 340 385 441 476 679 776 968 1472 1603 1702 2168 195 204 263 267 268 1514 1575 1794 1523 23 131 152 479 482 949 1451 1761 528 346 735 2269 1355 1850 9 2062 2073 2102 2157 2208 3 10 261 290 403 424 434 435 437 734 736 795 883 953 960 964 1014 1018 1076 1104 1160 1195 1411 1454 1558 1604 1693 1793 
309: 2288 293 2092 1450 1365 1853 2274 32 1885 151 351 494 495 575 609 493 1925 1972 1212 497 962 963 1043 2216 1570 548 567 334 1090 2083 2239 1402 1044 1219 1766 
548: 2288 293 733 884 171 1555 1346 1365 1885 385 496 545 589 627 807 1472 1682 484 131 242 605 926 1212 200 622 2195 1866 953 1895 2216 1787 1551 1570 1350 2253 309 1863 1924 2069 2102 2131 2230 18 39 444 459 503 1035 1605 1571 1211 1218 1734 1107 1446 1121 
1124: 2288 791 733 884 439 1653 1319 1450 1795 2172 712 2066 1885 1919 2018 65 222 351 395 441 551 776 907 1285 1447 1631 1790 203 204 1514 2256 1788 1300 1629 1940 479 1451 1761 1913 2117 255 266 352 674 686 780 838 883 976 221 811 735 1588 1970 407 9 781 1279 461 1864 397 1900 1905 2067 2102 2181 2209 2245 2293 2313 2325 143 205 311 432 491 521 732 777 839 887 935 959 998 1427 1493 1498 1145 1147 1148 1659 1662 1156 1157 1354 1181 1714 1218 1230 1248 1251 1779 1297 1312 1313 1325 1359 1380 
786: 2288 917 728 884 2092 439 1319 1205 1697 149 927 1868 2151 71 441 609 675 1379 926 1234 1495 1553 1976 74 1034 1104 1233 1496 727 862 1995 165 169 307 491 1419 1431 1715 1461 960 1130 
951: 2288 2212 1319 53 712 1868 1039 1562 21 300 207 838 1355 1409 61 1430 2089 2006 3 75 197 332 368 534 922 1146 1284 1801 1683 1470 1505 1003 
1018: 2288 1481 216 896 1646 1868 151 817 1682 1788 131 152 300 926 1772 1956 1976 2112 248 585 924 1325 9 346 719 730 964 1496 359 2322 488 1109 550 1063 1995 169 753 1017 1543 1297 1741 1835 1465 1729 1734 1640 
1715: 2288 728 637 884 2034 439 1555 1319 831 896 149 1868 441 675 1603 109 1234 1614 1212 585 911 9 579 786 865 1066 1233 1430 2089 2097 2225 176 503 676 769 970 1281 1320 1347 1393 1461 
1907: 2288 845 234 733 884 1479 439 354 636 1697 2172 249 712 2139 441 443 495 545 546 1472 1666 155 2320 1033 735 1324 830 1029 1792 901 357 650 456 523 429 536 1376 1306 112 200 729 984 1308 2146 
1995: 2288 234 1522 2092 321 1622 896 1554 927 1888 1919 2052 2151 2188 2259 24 71 340 351 457 543 609 776 966 1268 1343 1459 1782 204 493 1300 1288 2197 2320 23 893 926 1033 1137 1422 1761 1594 1014 1949 2096 456 585 749 849 924 928 930 1034 1279 2218 9 786 964 1018 1621 2268 2044 325 784 79 1271 2253 247 364 1134 1069 1313 1230 1266 205 215 250 310 402 473 516 661 726 935 965 1121 1145 1194 1223 1432 1487 1497 1691 1692 1760 2102 2293 
2072: 2288 293 1481 1205 896 1365 2172 495 1129 1666 1348 2044 1322 357 456 1427 1428 2165 962 567 1230 1266 1306 191 980 1274 1359 963 1226 1503 1127 1368 783 982 939 1825 
2095: 2288 1351 149 485 590 1273 109 2009 581 1005 1073 1355 758 1193 236 898 87 1826 
2102: 2288 124 884 1555 1696 354 389 522 612 896 1365 1475 1697 2027 149 249 32 71 339 340 351 385 494 495 496 546 627 675 1077 1129 1379 1468 1573 1603 1682 1771 1891 2311 93 275 1078 1234 1619 1748 1772 1997 315 327 391 464 497 517 585 714 1124 1202 2195 2321 1810 2240 676 1056 1570 548 1233 619 41 1608 1152 1498 1975 1995 459 1489 1397 646 1083 1733 610 1937 1100 1173 943 961 1230 2176 654 2101 144 1740 102 174 307 444 662 752 1186 1364 1725 2225 2235 2276 2325 
2163: 2288 2092 563 1132 1482 418 
2195: 2288 733 884 171 896 1346 1365 2172 496 620 627 766 195 267 268 1575 1794 673 926 1234 74 262 1127 2216 1056 1350 9 548 459 1787 2102 1570 62 1982 879 1211 261 444 1397 1551 1823 
2210: 2288 1166 627 1116 1159 1217 203 204 315 1767 9 1532 1323 898 1194 1825 335 173 868 1749 
141: 2288 728 1351 2172 443 776 926 1803 12 99 456 1079 982 2202 39 657 
152: 2288 124 733 884 2092 171 439 1450 1449 612 896 1773 2025 677 712 1110 1885 2052 151 339 340 343 395 545 575 817 907 968 1159 1391 1472 1631 1790 203 1523 484 1940 2113 21 23 100 445 749 1278 1029 1772 2317 300 2174 1066 1069 357 435 461 434 1014 167 730 732 883 953 964 1018 1151 1597 926 991 1297 169 1939 1953 2091 2208 2223 69 135 1452 945 949 474 478 1513 1017 479 552 1127 618 624 1137 661 162 1219 1730 437 290 820 837 1359 534 868 871 
304: 2288 733 884 439 1653 56 2172 712 1443 2052 2139 71 441 494 620 817 966 967 968 1702 21 131 1386 1495 435 1913 2070 471 1278 1806 784 9 1680 1109 1158 719 434 132 756 883 1297 1403 1323 437 610 1326 1218 1937 2238 77 298 1169 676 1087 1022 1576 736 1377 1634 1635 1255 
327: 2288 733 884 2318 439 612 896 2172 1443 1885 833 1468 1575 1283 428 464 732 2102 502 1483 
444: 2288 884 1084 1365 496 627 1667 2112 895 963 2195 1570 548 459 2230 2102 1219 1372 2242 
459: 2288 884 2212 55 1365 340 457 494 496 627 776 312 1956 818 1377 2195 2292 2321 1810 1570 548 2268 1207 1884 2029 2102 444 1774 1537 502 610 1710 
547: 2288 234 88 733 2212 439 1365 1785 340 203 1395 1080 435 514 1350 
598: 2288 216 2172 1719 380 1629 479 586 73 955 432 1079 954 1175 414 2300 
610: 2288 130 791 728 234 88 124 733 884 1944 2092 2318 7 321 439 56 216 389 522 1016 1070 1918 249 712 927 1486 1166 2018 2139 60 71 441 443 457 494 545 546 577 609 620 653 807 817 833 907 942 966 967 968 1235 1343 1378 1447 1472 1771 195 203 204 268 1286 1935 2103 2197 23 131 158 242 436 1348 1386 1495 1668 1761 435 1956 2062 2070 2167 135 304 391 449 469 530 650 686 756 795 883 945 962 1232 1238 1377 1389 1418 2218 9 125 132 346 668 719 1297 1493 2216 1587 290 57 434 437 781 1579 2269 1106 1630 459 708 1568 1323 1411 1069 1998 608 826 641 1430 1035 2043 10 1219 399 837 2102 1903 1942 1980 102 180 298 366 371 390 1534 1566 1571 1576 1693 736 1256 750 1364 1368 1218 
640: 2288 884 1365 2197 1589 1942 1445 
696: 2288 354 32 299 776 1472 203 1448 363 1947 1976 901 719 273 8 2004 238 409 914 1287 
702: 2288 1945 677 712 1816 2052 339 776 1940 1451 2070 2091 686 780 869 1279 365 311 397 1157 1297 1659 1680 1067 491 521 2268 328 1142 169 1922 1153 383 412 777 1824 822 1476 
714: 2288 293 733 439 2291 522 2172 249 1888 2052 543 545 546 885 1374 1666 926 1668 650 1134 901 461 883 2102 1020 1289 804 1835 1337 1829 1261 
848: 2288 234 1474 1555 1450 1449 354 522 948 1365 1475 2172 677 985 1971 2052 339 340 385 575 620 776 966 1472 1631 204 2197 23 1422 1748 450 1997 2152 403 416 429 686 2268 328 1680 359 646 2174 454 550 365 1428 1297 169 869 1909 2029 231 424 682 1604 1536 1726 1050 1236 993 
864: 2288 130 2061 575 1771 1247 359 558 
935: 2288 389 612 712 32 2075 351 395 494 495 776 1129 1422 1014 497 622 1124 1995 2063 567 943 1147 1174 1313 231 303 578 
950: 2288 2318 439 896 815 1665 2256 673 1127 811 1056 1613 265 716 261 2104 1528 769 
1011: 2288 65 1129 1603 203 23 482 2324 866 1233 1760 1315 
1031: 2288 884 1990 907 883 
1064: 2288 130 782 1908 2172 53 1660 1719 1885 2259 24 135 963 359 1069 167 732 1179 1957 105 172 1396 1529 1226 
1100: 2288 884 2318 1758 609 817 1468 1603 1891 363 2068 1411 898 18 826 1090 1899 106 505 2043 2057 2102 2278 877 1075 1399 1543 1545 1221 1513 
1104: 2288 728 733 884 2291 1609 2172 1273 1391 131 1772 212 883 1034 1109 103 732 786 1487 165 1208 1101 1431 
1160: 2288 845 728 884 439 2291 389 522 1016 1561 1697 320 748 441 495 776 1268 1686 926 1495 1772 248 336 580 883 895 945 1597 2321 2216 1056 735 1350 1106 61 646 1387 1498 1814 1471 1503 1050 1242 
1219: 2288 791 124 733 884 7 439 1653 1449 1070 249 712 1885 2139 151 385 441 476 545 546 967 968 1391 1603 131 152 949 1495 1761 435 775 869 883 993 1278 1377 123 132 953 290 434 437 735 1323 1411 1998 610 95 309 608 736 1558 2317 444 
1323: 2288 728 733 884 2058 7 321 1555 1319 2147 1475 2262 149 927 1889 2243 71 494 609 620 776 807 907 909 966 967 968 1329 195 1794 23 158 699 893 926 1089 1451 1495 1761 435 207 304 818 883 902 1127 1418 9 1055 1130 1587 290 1441 434 437 379 567 947 535 328 428 353 1581 1174 1722 2230 1411 1219 1916 2210 2234 2306 2307 2325 90 390 473 610 700 904 971 1049 1087 1417 1419 1497 1571 1793 1328 
1333: 2288 23 1008 
1377: 2288 733 884 910 439 2172 2139 441 907 1821 131 158 933 435 2031 304 367 883 895 954 1022 2216 1998 434 1313 132 1403 459 1219 1309 437 610 1326 1380 1635 290 2267 1145 1161 1169 1393 
1456: 2288 130 321 1319 2173 2070 12 248 1694 2181 1482 305 
1461: 2288 728 884 439 1319 896 1262 149 1758 441 675 2224 2264 1234 1759 2138 2301 786 1715 1587 1233 1618 723 1121 877 2247 77 
1495: 2288 791 728 293 733 884 2092 2318 7 171 321 439 1653 1481 1555 1696 1319 1450 1622 318 354 522 612 782 896 1070 1084 1365 1795 149 748 891 927 1813 1885 71 441 457 458 494 546 606 620 807 907 966 967 968 1268 1329 1391 1447 1468 1472 1562 1603 272 204 267 268 1514 1575 1523 1788 1448 1915 1925 1935 1940 2127 2129 2224 2311 23 100 109 158 275 350 363 699 715 926 933 934 996 1033 1234 1240 758 2216 895 1233 735 1278 9 1748 1279 865 1387 1667 435 461 379 1073 1587 426 786 883 953 1761 1411 1418 544 836 1219 1905 1941 1980 1986 2032 2037 2049 2073 2138 2234 8 91 92 224 261 290 304 390 398 437 450 540 542 557 582 610 753 829 1079 1127 1130 1160 1173 1281 1292 1323 1326 1393 1433 1482 1829 1580 1571 1594 1611 1630 1724 1756 1763 1766 1823 
1570: 2288 791 234 88 733 884 2318 171 321 360 1653 1555 400 896 1016 1346 1365 1340 1758 1919 1962 2259 71 254 495 496 543 627 1118 1159 1273 1447 1682 1744 1782 1790 268 1514 509 1940 242 1370 435 135 200 456 963 1831 2195 167 357 953 2296 643 2216 1982 1551 943 1350 1970 1455 309 1069 548 225 1411 382 459 567 2170 1306 2102 18 168 672 503 2105 11 105 444 665 705 974 1229 1371 1393 1437 1825 
1604: 2288 791 733 884 439 1450 1449 1622 389 1971 2052 2114 2139 339 340 441 476 817 1788 1286 1032 386 1772 403 818 848 883 2174 2301 732 1621 1801 1056 1509 334 961 2268 1537 
1673: 2288 130 293 439 351 1089 1137 270 
1691: 2288 264 272 267 268 1575 131 883 1278 9 167 579 953 1179 1309 1995 708 943 2176 1757 1200 1396 965 1432 
2295: 2288 917 1479 522 896 1302 1646 1773 712 1885 1919 2151 351 494 609 966 1472 267 988 1794 1788 1499 1288 1629 1915 131 350 1997 253 497 565 869 963 1327 668 735 407 805 943 505 180 224 424 427 648 1518 1574 1754 
1834: 1244 1522 1449 2099 1609 2025 712 2066 765 148 1629 1873 115 367 585 332 998 1482 1142 956 957 1890 955 1856 1861 1932 2303 2304 134 390 1095 1470 1684 1833 
314: 1244 1990 896 1070 677 476 1504 2019 482 1451 517 1498 
2124: 1244 1032 131 260 123 132 1067 1527 1998 217 816 1154 
897: 1244 635 1630 1541 
1580: 1244 1702 932 1495 647 9 73 1324 735 1572 706 1566 447 1753 
579: 635 771 728 124 439 1555 1319 400 1070 677 299 1868 395 606 679 1116 1391 1300 1883 1940 2283 300 363 436 932 933 934 1967 99 248 266 403 581 585 587 800 931 1127 1327 2237 83 346 566 1842 2089 2265 2289 2296 2 16 63 179 290 368 397 1397 947 1029 1671 1811 1691 1165 1272 1571 1806 1715 850 964 1477 1350 719 811 1625 1345 1112 1529 1513 1111 
2320: 635 796 1093 845 1653 1481 1450 1449 1622 2130 240 389 522 1697 1853 1918 189 320 712 891 1660 1819 1926 2066 113 299 2075 441 443 495 546 609 817 907 1379 1686 1523 1788 1629 2283 641 1846 830 1907 1921 1922 1995 2184 10 28 58 303 362 396 449 661 837 901 932 1014 1045 1066 1232 1238 1309 1498 1597 1649 1792 
607: 635 1479 1027 966 1553 1972 469 901 1278 1398 1069 1020 1437 762 1198 1035 556 2261 523 1847 872 1372 58 538 761 763 
464: 635 733 439 2172 987 495 1391 1468 509 1300 1851 99 327 2042 2102 103 550 1050 1345 1321 799 
353: 635 896 1852 1999 1656 9 1323 1035 317 
38: 635 1319 1365 938 187 
40: 635 2164 1926 1091 1857 1890 837 1255 
213: 635 1319 715 1482 
417: 635 2172 677 236 
463: 635 363 1972 1212 1999 938 847 804 402 
1774: 635 1351 2034 2092 2099 216 400 677 476 480 1631 1300 482 949 1451 27 478 993 125 964 359 1659 290 459 521 1193 1230 542 669 
1527: 635 88 712 776 23 934 2218 1297 236 2124 716 854 
1161: 635 584 1555 885 1459 2224 1081 2117 74 1127 1377 2249 150 789 
959: 635 439 1124 1297 1380 536 
1174: 635 124 1944 1990 1270 2262 1486 1813 1268 1794 1288 479 1910 2045 46 98 585 756 902 930 945 1588 1866 123 2078 1297 514 437 1109 2269 1552 379 1568 935 1306 1323 305 646 1735 943 1909 2238 106 716 706 731 410 2253 937 572 1640 1535 2032 170 231 342 498 569 629 919 1047 1114 1541 1718 1210 1688 1218 1769 1770 
1135: 635 776 12 1559 1806 1963 
1056: 130 728 88 1474 2212 2318 171 439 1555 216 831 1016 1262 1365 1609 2027 987 1841 1919 2139 65 71 340 381 441 457 458 620 817 1391 1447 1603 1631 1682 164 155 203 158 932 1033 1422 1761 1913 1997 98 139 229 253 530 580 650 945 1597 2195 2218 9 167 865 2324 2078 950 1899 1977 1985 2088 2102 2123 2312 2314 18 31 43 68 165 180 191 199 307 382 407 410 523 843 844 1396 1402 1432 1376 1483 1487 1515 1593 1600 1601 1611 1604 1160 1242 1243 1545 1309 1299 
830: 130 1093 917 306 1365 712 891 754 2320 1846 1907 139 901 1309 1501 2184 
1792: 130 796 639 2155 985 1660 1926 32 495 988 2320 1234 435 1907 565 901 1037 1478 2296 735 407 1306 1207 1847 462 278 
1998: 130 124 1522 1254 2092 870 56 1262 1918 677 712 1486 1901 1971 942 967 968 1039 1468 1665 1771 2168 267 268 1575 131 1761 2096 869 1377 125 132 346 426 811 359 2216 1579 1494 1552 2313 608 1847 1806 2 45 265 303 424 610 663 734 1219 1679 1720 1820 2124 
1815: 130 2318 439 612 896 1853 2172 443 1702 2168 195 267 268 425 1575 591 1382 9 261 362 390 734 1397 
1667: 130 637 733 1351 1854 1990 2034 321 1481 1555 1450 1205 1449 1622 354 1070 1585 2172 320 712 1919 351 480 966 1821 1575 1523 1915 1935 1940 2065 2103 2127 2129 2173 2224 93 100 109 363 386 479 673 699 926 932 933 934 1033 1115 1206 1241 1383 1386 1451 1495 1525 1645 1207 1748 1387 469 1961 2037 2082 2131 2228 99 112 160 322 399 426 444 644 778 850 881 886 889 945 953 1230 1336 1369 1417 1437 1452 1524 1528 1568 1594 1621 1669 1690 
46: 130 2172 343 351 494 807 1940 1451 735 1278 2089 1174 1869 2238 342 270 
449: 130 1653 1481 522 2172 712 1889 1926 32 1885 2284 441 443 546 627 1744 155 2320 2112 1193 708 9 1066 28 1045 883 1071 10 1996 396 1649 1308 1309 1232 737 610 750 1007 
334: 130 791 845 234 1351 439 1346 1365 1889 1971 2052 2114 2139 339 340 476 885 1268 1391 1744 1514 1032 1184 1187 1310 9 397 563 1297 735 858 396 1069 2268 309 505 1403 2105 238 369 1169 1604 
1308: 130 522 896 2172 151 495 966 1077 155 158 926 1234 450 1907 449 497 925 735 359 1577 654 418 1208 
1916: 130 1472 268 277 694 1323 1643 2077 
2119: 130 443 2237 1255 1406 
291: 130 728 439 1653 896 567 2170 
436: 130 88 637 1319 896 320 712 1919 2139 546 609 776 1391 1603 203 1523 1300 23 579 73 762 461 2165 610 231 80 1921 1947 74 1525 661 665 1185 1078 1301 980 
223: 130 1319 149 675 1788 1234 1238 1066 209 1130 1482 440 979 3 421 2276 2110 2179 
976: 130 845 1622 890 2172 712 340 351 575 590 1504 1788 2019 2031 12 248 862 1124 1297 1627 239 2289 2049 541 558 2218 1621 452 741 1768 2142 2213 86 358 1753 
1372: 130 845 728 439 443 772 21 100 300 1360 739 1528 199 607 2083 197 444 1182 
1788: 771 697 733 1990 2092 321 439 1555 1319 389 896 1084 1307 320 677 712 2066 1816 1885 1888 1962 1971 222 340 380 817 885 942 966 968 1038 1374 1459 1472 1631 1686 203 787 1859 2256 1912 484 688 1840 1163 1645 1894 1913 1975 2030 2062 2093 2161 2194 2221 2227 2230 2260 2270 2280 2295 2297 2320 23 45 95 157 180 223 242 247 248 251 255 256 270 290 315 346 359 386 428 429 461 487 508 527 534 537 585 703 729 781 810 854 862 873 892 893 920 976 998 1018 1021 1025 1033 1058 1076 1083 1124 1130 1137 1173 1187 1226 1282 1286 1297 1325 1409 1417 1434 1435 1448 1452 1471 1473 1495 1529 1559 1604 1627 1630 1659 1668 1735 1763 1836 1803 1825 
1780: 771 1522 1555 2256 363 926 367 585 167 1111 1179 1384 1842 2086 2166 379 769 1249 1281 1577 1685 1722 1725 1770 
12: 771 1319 2172 1660 2139 1883 926 1304 565 1861 118 1411 1412 141 1294 1456 691 720 976 1250 1559 1130 1135 
397: 771 1481 1555 1773 1918 677 712 2066 1885 2018 2033 24 340 395 495 551 679 776 817 968 1235 1603 178 2256 1010 1032 2159 23 275 350 673 926 1033 1451 1014 1913 248 266 585 587 655 674 686 775 938 1124 1127 1279 1325 1707 579 719 730 953 2120 1864 1875 1905 2067 2244 289 311 359 758 153 943 1680 283 866 2028 2239 2251 80 218 238 334 401 1433 1442 432 1471 1493 998 491 1536 563 569 1613 1122 1142 1659 642 1156 1157 1181 1191 702 514 1251 1779 777 1297 822 521 839 1380 878 
1448: 771 124 1990 2092 321 439 1319 1450 1449 1931 389 1646 320 677 712 1885 1888 1969 1971 111 339 340 441 476 679 817 885 1038 1039 1285 1391 1472 1631 1686 203 204 787 1788 1935 131 673 943 346 2269 781 19 686 719 994 953 1597 388 1873 527 818 1297 1325 1900 2030 2093 2161 248 273 477 487 502 596 696 703 729 837 869 892 998 1032 1075 1137 1148 1255 1282 1348 1434 1435 1452 1495 1529 1630 1803 
869: 771 870 1319 1931 216 354 612 1365 2172 188 677 927 2033 2035 2052 71 111 340 443 609 817 885 909 1039 1235 1390 1447 1472 1603 1686 1514 1448 1940 21 479 673 893 1137 1451 1619 450 2076 2091 517 553 585 611 674 686 774 818 848 1876 1806 1998 781 359 1436 132 1151 1142 1320 505 2266 2295 2308 95 165 180 270 316 651 702 1393 1607 1545 1567 1825 1763 1598 1219 1130 1454 1132 
1883: 771 439 2139 494 620 1631 1744 268 1523 579 1535 12 931 517 722 774 1076 1085 
1993: 771 2172 255 325 518 774 1057 1127 
2184: 771 917 1646 185 807 2320 818 1663 830 
2202: 771 2172 1504 141 
432: 771 1816 1919 380 776 1304 580 598 686 1124 1279 1559 2120 397 1297 1680 957 1430 1977 2325 1836 596 989 922 
774: 771 124 306 2172 1296 24 1883 23 926 1993 112 207 580 585 924 928 126 103 1411 869 2090 95 1022 789 1559 1108 1760 1127 1709 
1559: 771 439 1481 1319 1622 1561 2172 2139 441 817 942 1788 275 1080 435 1212 1979 12 774 818 521 1977 432 1621 1953 2293 369 634 1135 1591 
1080: 771 1351 1990 2318 439 1450 522 896 2172 712 927 1919 2139 441 476 606 1077 1128 1235 1472 1562 1603 1702 1523 509 568 1915 21 673 926 924 928 255 727 1455 1279 2096 686 2120 1202 157 403 585 1810 1142 1297 1801 945 2049 2237 1471 706 2067 2084 2245 2260 31 414 515 547 1756 1558 1559 1081 1102 1564 1614 1619 
1621: 771 697 2092 1622 53 320 1791 1971 2114 885 966 1128 1472 1686 1771 2256 2093 100 319 1240 1645 1667 1748 315 713 976 1356 1559 346 1297 727 646 1436 1509 722 1630 1975 1995 1952 1756 534 1293 2030 2193 2245 678 892 919 1068 1105 1604 1671 
1760: 771 910 870 1931 2071 896 1084 1609 2027 1660 1971 2022 2114 539 817 909 1039 2113 479 1089 1451 1553 99 260 774 895 1238 1325 1425 1607 408 1067 727 2131 1995 2036 1311 15 95 483 2111 2261 651 972 201 1221 1424 711 1950 1011 1423 1769 
1127: 771 234 2092 2318 7 171 584 1555 1696 1450 612 1262 1365 1795 2172 677 1758 32 2033 2243 405 457 458 627 675 817 966 1273 1291 1447 1666 1809 155 152 300 673 933 1081 1234 1383 1495 1993 2072 47 74 219 585 749 774 911 2216 579 811 1350 1257 1806 784 1430 2322 1784 397 882 1151 1179 1384 1811 1409 1498 1801 898 1309 127 1323 1176 1757 108 168 558 80 1353 2195 2017 2249 36 950 1434 1150 1552 1161 1195 1709 1823 
1081: 771 1990 2212 55 321 439 584 1653 1555 896 2172 1512 2139 151 441 476 606 609 1128 1472 1562 1603 1631 1575 1523 100 673 926 1080 1163 1645 1233 1029 1207 727 283 650 157 403 931 1810 962 1297 706 1218 289 209 963 2057 2231 2233 2249 31 74 414 421 515 1161 1192 1583 1624 1127 
1515: 791 712 35 817 605 1873 1092 1056 1552 2086 2267 1035 1862 252 665 1224 
375: 791 234 1351 1555 1449 216 389 400 1070 71 495 885 1468 1782 158 1761 1014 47 290 2136 1498 694 847 1784 1806 488 837 8 1373 1245 2233 2105 1036 1750 
433: 791 686 1132 738 489 614 1822 1470 
856: 791 2212 1450 1449 896 1885 2139 185 1268 1447 1472 1514 1803 1927 585 2237 1536 78 1797 1937 2314 54 438 561 729 813 
1258: 791 896 1918 712 1486 495 909 131 300 1451 391 1662 346 832 311 2269 303 95 180 1471 2145 333 77 608 471 
244: 796 2027 1125 1971 
1265: 796 1450 1449 2130 1084 2007 1819 1719 476 952 1972 1973 1005 920 1132 2131 804 1225 1295 725 683 614 592 347 1501 779 1171 
2194: 286 728 151 457 1118 1788 534 850 2193 734 1708 
778: 286 1696 1795 1472 1667 875 
1913: 1197 124 1319 1449 354 389 1070 1918 2172 712 1813 2066 395 776 1374 2256 1788 21 275 350 386 1234 1282 435 1056 1233 674 1680 1279 686 397 1124 132 668 388 521 1142 1297 1814 913 1779 1471 165 304 491 736 1255 1380 1440 1635 2067 
2205: 1197 306 586 42 44 311 2265 2304 
1423: 1197 1990 2114 1553 1760 1539 296 1424 94 1678 175 
1920: 1093 293 884 1908 186 712 1719 1885 804 193 1501 438 
2105: 1093 845 7 522 1697 712 1391 1570 1498 334 375 281 1732 2109 
43: 1093 53 1819 1719 495 1390 1879 198 574 1056 1887 2118 1 1503 790 294 1605 1600 532 1050 1518 
446: 1093 907 1008 
1857: 845 2034 712 1926 946 1840 40 430 556 1158 
957: 845 932 954 1157 491 432 1842 1490 1079 1834 
1243: 845 32 1966 351 494 495 1129 1771 1925 497 1056 784 1842 
1899: 845 728 2318 773 1555 1696 612 1365 1885 1129 1217 1379 1603 1821 204 1925 1348 1212 611 167 953 1179 1056 619 898 13 18 1100 1350 1600 843 2177 1842 826 1090 302 505 877 1075 1545 1605 2220 
1257: 845 639 2318 1555 1365 712 495 606 609 627 675 1129 1379 1603 1666 1682 1234 1348 1212 650 1127 1520 1728 283 1233 520 153 822 1225 1825 649 1757 1843 1903 1987 2043 2278 2281 91 176 302 505 1029 1075 1126 1545 1326 
708: 845 124 884 389 522 612 1365 712 32 441 609 776 885 1374 155 135 449 867 930 1309 1498 1844 303 610 1691 1568 
1856: 845 88 1629 1206 103 1361 106 1834 1727 
1861: 845 32 494 1805 12 866 973 1834 
1890: 845 40 1158 259 1834 1315 362 
1903: 845 522 149 712 2259 343 627 1234 1212 191 610 1257 541 725 2177 176 1326 1029 1421 2043 632 1133 1469 1637 2236 
1936: 845 2058 1450 1449 2151 380 776 1614 212 686 930 1297 1680 488 1722 169 1639 2029 383 1726 
2006: 845 380 450 951 452 1617 2305 
2012: 845 1351 2147 686 1071 941 1149 1865 1870 1471 
2043: 845 522 1365 149 2259 609 627 807 1234 618 1498 610 1100 1257 2177 1882 176 1903 362 632 1133 1469 1637 2236 
2133: 845 1918 395 581 359 1272 
2153: 845 2172 1273 2159 2054 1388 2199 
2197: 845 88 1479 1319 2147 896 1918 677 609 776 907 1771 203 1523 1350 435 461 862 434 23 403 756 1995 437 610 2146 1218 848 2084 2152 248 298 640 682 1057 1132 1156 2238 
2296: 845 124 2092 1555 1319 1561 1697 712 1813 1868 381 1379 2256 932 933 1234 1212 1873 587 631 2297 9 579 964 1111 1112 1149 1792 382 1047 1208 1485 1570 1685 
2304: 845 1646 1661 956 1834 2205 2213 
49: 845 891 776 930 1057 1617 1142 571 731 52 
108: 845 1479 1896 818 883 1127 1353 
157: 845 2212 573 400 269 1868 1885 385 545 606 609 1459 1788 275 337 394 1080 1081 1979 963 1332 2301 1109 2120 2141 127 371 503 1400 277 1311 1569 1446 1710 956 1611 1630 
310: 845 234 1990 1450 1449 2151 495 1129 1379 155 932 933 934 931 1597 9 1309 1995 45 2048 852 532 
332: 845 2256 2117 951 1834 1442 
382: 845 2212 1696 2284 380 381 1379 1879 988 1940 450 1997 945 1290 1564 1588 1597 2296 359 1056 1570 1152 943 330 889 2118 243 1720 
438: 845 1365 186 514 1498 567 850 856 1311 1825 1920 1822 1007 
482: 845 124 2092 439 1450 1449 1070 1773 476 1504 1771 1523 1940 2019 2127 479 2269 9 1772 1956 523 1451 95 1579 64 69 314 1774 1011 886 504 669 938 1706 1454 949 
517: 845 733 884 1474 7 896 1070 1646 1795 2172 927 32 2188 71 351 494 495 496 609 620 885 1077 1504 1573 264 263 267 268 1575 1883 21 363 933 1370 388 497 924 426 585 1088 1511 1411 869 1909 2032 2087 2101 2102 2115 2179 2321 41 144 314 1397 1533 1173 920 1433 1564 1186 1060 1191 1489 619 1364 1756 1565 
692: 845 522 1646 32 443 495 1925 363 450 1895 1863 550 313 1275 
705: 845 2318 1365 2022 340 351 609 807 1273 337 1570 1685 1517 706 
707: 845 1660 1889 2188 2248 1447 23 781 461 325 1655 2041 690 
813: 845 712 1821 587 1895 2131 1121 856 1396 1833 
820: 845 249 1885 151 385 545 907 988 152 962 1478 9 953 567 850 1710 2083 915 
1400: 845 1319 1450 1449 712 495 807 1642 1821 1288 1014 207 713 157 1132 180 523 874 2217 
1409: 845 1450 1449 1918 2172 1788 1286 1940 1873 207 930 1127 1722 951 1142 1297 731 1057 
1415: 845 2061 367 581 359 491 
923: 845 171 1646 712 1885 2061 395 457 609 1614 450 586 359 1193 2166 781 364 86 491 
954: 845 637 2172 222 1629 581 598 838 957 962 362 955 1952 956 1377 
956: 845 306 637 2061 222 443 1629 581 838 954 2300 157 1252 1834 889 2304 
986: 845 
1044: 845 677 712 1925 603 1041 1042 1043 9 1045 270 309 1090 471 1860 1584 1521 
1066: 845 917 293 1653 1481 522 782 896 1585 249 891 1758 1889 1926 1868 151 385 441 443 495 545 546 606 609 776 2320 152 1014 1852 1997 219 449 883 901 931 1232 2301 1496 2083 2097 2141 2165 10 28 223 307 349 396 567 676 737 1007 1045 1820 1715 1649 1225 1503 1756 
1071: 845 1798 776 988 449 1309 2012 1870 187 1471 
1587: 845 124 293 2034 171 1450 1449 354 389 522 612 896 1262 1365 149 927 2018 343 495 609 675 966 967 968 1447 1603 1771 1629 1891 275 350 932 1234 1495 435 2152 139 1866 1179 1297 2216 1130 535 1233 1632 2146 160 290 390 440 610 877 1323 1461 1543 1722 
1094: 845 2212 712 2216 735 843 
1096: 845 124 339 988 1252 1825 
1101: 845 320 1104 1487 454 165 1535 
1623: 845 416 
1182: 845 1555 47 883 1372 2118 538 
1731: 845 1966 938 460 1057 862 
1242: 845 917 1522 1653 1646 748 2188 945 2321 811 953 1179 1056 1160 1503 1106 
1786: 845 495 1887 284 1053 
1822: 845 2005 2007 2183 186 189 192 1027 1125 151 2073 762 889 691 193 614 438 433 1746 
1317: 845 232 712 891 343 131 262 565 1034 9 1208 567 1397 261 809 202 790 
1831: 845 389 1365 2172 2274 32 1901 351 494 495 543 609 1748 253 456 1279 1090 865 1427 1428 1498 2233 1570 
955: 845 1885 2061 222 395 772 1940 158 350 598 838 954 1834 
1366: 845 
1866: 917 1449 2147 1262 1302 1475 1110 1901 2061 2139 766 885 1642 195 267 268 1575 1859 158 1014 2070 2112 622 650 1202 1239 2216 1842 638 811 2 434 548 599 882 1029 1063 1147 1155 1174 1313 1587 1675 1722 2230 
292: 917 234 1351 1990 782 1697 1926 1971 1235 1379 1442 
739: 917 896 712 1032 1141 1372 
1344: 917 522 495 591 1496 2273 1169 39 1421 
1358: 917 216 1391 203 867 1194 1471 1260 
394: 728 234 2058 321 1481 1555 1319 782 896 149 891 1758 1889 675 776 966 968 1235 1379 1523 1915 1935 2113 2224 2264 2283 2311 275 319 337 363 1840 1871 2289 74 103 127 157 209 277 283 290 1137 758 514 1538 520 1163 1677 1441 926 631 932 933 934 1577 431 1073 1233 1532 1611 719 1234 723 1618 1089 1240 727 582 1759 855 1383 1645 
895: 728 1555 216 400 896 1262 2172 2052 2061 339 340 679 776 1504 1642 1821 1283 1288 21 300 1495 1668 585 1723 1842 2029 2322 61 169 277 444 727 784 1430 922 1760 1160 1083 1063 1109 1373 1630 1377 
1324: 728 439 712 927 1813 2035 2139 441 609 885 1915 926 435 1907 1073 1327 566 719 2089 183 1208 554 1494 1843 536 552 654 1580 1641 
1806: 728 124 2092 870 1931 612 782 1070 1971 817 1039 1329 1391 1603 1771 2168 195 267 268 425 1514 1575 1288 131 1851 1956 1967 2096 2112 260 262 304 818 869 1127 1607 83 125 426 579 359 1579 1494 1552 2299 1135 1998 375 1194 1193 608 943 1350 1847 1029 2233 180 261 424 716 837 1326 1513 1710 1820 
61: 728 1479 7 1555 1205 354 1795 712 927 2052 71 339 340 476 817 1391 1575 688 300 319 363 933 1383 1748 1761 1851 818 867 895 928 931 9 426 951 1111 1112 1113 1384 727 1160 407 615 646 1083 1849 45 648 784 538 1710 325 454 1747 874 
1496: 728 234 697 733 884 1522 1479 1990 2318 612 890 896 1697 1795 1758 71 539 885 1631 1925 300 926 1451 1851 1910 2045 235 962 1290 1723 357 365 786 1018 1066 1427 1428 2165 1297 1163 727 1630 567 757 1306 1266 1849 1881 1958 2128 2132 2232 2314 231 246 335 562 592 594 1017 1083 1147 1280 1344 1458 1471 1734 1825 1689 1710 
646: 728 88 1622 1262 2066 380 496 817 688 1300 1014 1851 403 585 848 1232 9 1157 1621 735 1160 1142 2086 61 784 2015 2102 2225 1529 1446 1471 1174 991 
2174: 728 439 1622 2172 2114 151 485 1940 152 1851 403 686 848 962 1597 563 785 1085 1142 1151 1175 1321 1513 1604 2209 
283: 728 1479 1854 2134 55 321 360 361 573 584 1555 1889 2035 339 494 833 861 1447 1933 1935 2224 100 109 275 319 363 394 926 1081 1386 1619 167 357 1179 397 758 1233 1257 486 1109 1924 92 102 127 277 881 402 1611 604 1756 
1727: 728 1622 1816 1391 863 1856 
719: 728 124 639 2212 1450 1449 2147 216 318 522 896 1554 1795 1830 1868 1885 1962 2139 24 395 480 494 495 577 885 909 1039 1235 1285 1343 1374 1391 1562 1771 1448 1629 1940 2283 363 394 926 932 933 934 1033 1137 435 450 1967 255 304 388 795 931 1005 1425 9 365 566 579 668 1163 608 1324 2089 1109 1864 397 1941 2057 2238 57 80 298 390 477 505 520 610 665 683 696 880 937 998 1018 1529 1693 1708 1218 837 
932: 728 2134 171 321 1555 1696 1319 1450 1449 522 896 1302 1697 1296 1791 1758 76 1868 2033 2188 222 351 443 545 606 609 698 772 817 1391 1468 1603 155 988 1523 1300 1925 1935 2129 2283 2320 21 109 300 337 363 394 451 479 183 574 758 1056 579 811 957 1233 73 346 928 2085 860 1212 1748 1430 2089 1956 1667 719 2 1014 1587 83 403 585 931 1952 1967 2002 2148 2199 2233 2245 2286 2289 2296 3 63 68 80 207 211 239 248 290 310 329 402 413 437 450 499 512 520 562 615 647 753 847 850 872 922 1426 1437 933 934 1451 1457 964 1580 998 1002 1017 1061 1062 1169 1083 1619 1111 1112 1113 1230 1383 1151 1162 1360 1726 1228 1194 1238 1234 1761 1266 1277 1801 1326 1335 1347 1384 
933: 728 884 1990 2092 2134 171 321 1555 1696 1319 1450 216 522 831 896 1070 1302 1554 1590 1795 2172 149 320 600 1758 76 1868 2033 71 222 494 606 609 620 776 817 942 1379 1391 1472 1603 155 1523 1300 1891 1915 1935 1940 2129 2283 21 23 109 300 337 363 394 431 451 479 932 183 574 1645 2216 579 811 928 2085 860 61 1748 1421 1430 2089 1667 379 719 553 611 2 1014 83 585 587 668 931 1957 2148 2217 2289 2296 3 8 39 48 80 95 140 184 191 207 211 225 235 238 239 248 290 310 367 402 413 450 517 520 615 720 725 819 847 850 872 879 922 1419 1240 1750 934 1451 1234 964 965 969 1495 1506 1524 1525 1017 1036 1052 1061 1072 1079 1083 1107 1111 1113 1139 1383 1148 1169 1179 1183 1196 1199 1194 1761 1267 1277 1281 1801 1814 1312 1828 1325 1335 1127 1347 1377 1384 
2240: 728 2092 1697 71 496 1273 2256 1873 2102 224 
1607: 728 870 1931 216 896 2172 885 1039 988 1575 1940 337 350 934 996 1234 585 631 869 1239 1806 1784 1877 2121 154 290 490 852 1513 1756 1628 1679 1720 1753 1760 1687 1769 1644 
2261: 728 124 1479 1205 1931 896 1646 1773 1885 675 1391 1459 988 1891 2113 363 996 1234 211 565 1290 1233 1577 1494 2269 1311 943 607 1881 1929 193 330 821 1745 1760 
2004: 728 354 896 32 2294 1428 153 1106 696 2036 868 1560 
2051: 728 896 953 2230 13 2280 1193 
2113: 728 733 884 1254 216 896 1971 1391 1523 1288 1915 394 1163 1645 2224 673 641 364 1035 732 2261 152 275 580 1529 294 969 1760 2208 
2138: 728 884 321 439 1555 2172 149 891 299 495 675 966 1273 1374 1379 1575 275 1234 1495 1594 2002 1233 2001 1461 1823 2208 
2148: 728 2092 439 1758 151 1391 1935 932 933 996 2292 1130 1183 
18: 728 2318 773 1481 1555 612 320 1217 1447 1603 1821 425 1575 1925 312 1348 1212 611 167 953 1179 1056 1570 960 548 619 1109 1309 401 1823 13 826 1090 1899 2177 505 1100 265 1545 302 1075 716 
42: 728 884 439 354 2139 441 776 2256 2129 350 963 1092 1662 732 616 521 1433 2204 2205 2206 368 
112: 728 884 1479 439 1070 1773 2172 712 1816 2033 2035 2139 441 776 1915 1667 1907 924 9 732 388 774 536 872 1404 1671 1172 1187 827 1598 1742 
275: 728 234 884 171 321 1555 1319 354 522 782 896 1262 1646 1795 149 1758 1889 675 679 817 966 968 1379 1447 1702 1523 1283 1891 1933 1940 2113 2129 2224 2283 394 758 1163 673 811 1233 350 9 727 1748 283 379 397 1587 157 1111 1427 2165 926 1297 1759 1577 1234 363 898 1495 1997 1441 127 1913 2102 2138 2247 62 140 224 418 431 980 1532 1538 1553 1559 1589 1611 1614 1619 1130 1137 582 1756 277 1823 1326 1347 337 855 1370 1371 1383 877 366 
398: 728 439 354 522 612 2172 712 299 2114 457 1077 1682 350 1495 1748 1947 183 1384 1810 619 2032 892 1287 
453: 728 306 733 216 896 
504: 728 124 2092 439 2172 677 2139 351 441 476 817 1391 1504 2019 2093 131 482 949 1748 478 221 749 2044 359 818 2029 290 1693 1454 849 64 2157 179 
531: 728 884 1351 910 2172 220 1355 580 1133 
651: 728 124 733 884 910 2092 2212 7 1450 1449 1931 216 896 1697 1660 2114 71 609 909 2093 1451 1614 1748 1761 869 1012 1238 1067 1311 1334 430 2111 474 1678 1432 972 1760 
898: 728 2034 2212 1319 1205 1449 896 1758 1885 1129 1821 204 275 363 1234 1348 1645 1759 1092 1127 9 167 953 1163 2095 1233 1577 2277 1359 1266 615 1899 2176 2210 2278 2281 1051 1100 
1435: 728 306 1944 1945 321 439 1481 1486 2018 1285 1374 1788 1286 1448 350 1234 924 1279 1297 524 1763 1942 2276 
1644: 728 439 1319 380 1014 315 1607 2181 1482 2265 452 1768 1643 1222 755 
1186: 728 439 1555 522 896 71 494 496 620 968 1129 268 1940 517 1325 9 619 723 1568 2102 1756 844 
1208: 728 733 884 2092 7 321 439 1481 1450 1205 1449 216 232 354 1758 2035 2052 71 381 441 480 885 1391 1447 1940 2093 109 479 926 996 1234 1240 1451 1668 1759 1594 580 930 1073 1104 1308 1452 167 1179 2296 574 1233 1324 1577 1787 2209 1487 1204 789 790 1317 
1211: 728 884 439 1365 620 268 2195 2216 1982 548 1035 62 1218 
734: 728 306 884 82 131 934 1772 1815 2208 1998 2194 1036 470 301 
736: 728 124 439 1070 131 1772 1913 304 123 132 290 610 424 1326 1440 1219 412 
1251: 728 884 439 522 896 1795 677 1901 2018 2035 2052 339 340 395 443 776 907 1391 2256 2023 673 926 674 686 775 1022 1124 1325 9 346 2120 359 397 878 1157 2268 328 616 862 1659 1155 1142 1297 1779 2233 491 1180 
769: 728 439 1585 748 82 1682 203 585 1143 9 1715 950 1659 1780 676 290 1035 2230 1627 1582 1529 503 69 868 2242 265 1123 716 2104 1672 1528 742 2137 2225 1747 1248 
1835: 728 2212 2318 1205 2147 612 896 385 1603 1821 1212 581 714 1018 2289 900 857 454 826 641 524 325 1545 1180 
827: 728 612 896 948 494 776 2173 2311 673 98 112 963 1238 1279 103 720 1826 1814 1029 106 1722 1354 1385 850 1079 532 
603: 234 2134 896 2172 1486 1841 1744 93 99 211 404 2177 77 1551 1693 930 834 1044 1751 1247 613 622 
350: 234 124 321 439 1481 1555 1319 1450 1449 2099 354 1070 1262 1697 1795 149 712 1027 1296 1758 2066 2018 351 395 441 766 885 966 967 1128 1285 1603 1523 1286 1283 1288 1915 1940 2129 2264 242 275 153 673 1233 2166 1844 1865 1913 1957 1997 2028 2181 2209 2242 2271 2295 42 44 169 191 207 225 311 316 341 397 398 1435 931 1451 955 1480 981 1493 1495 473 1529 521 565 530 1055 1061 1577 1587 1589 1602 582 1607 837 1659 1184 686 1234 1240 1245 1756 1279 1297 1311 1313 836 1348 839 1370 352 359 874 363 878 
2096: 234 2212 1449 2172 1027 480 485 817 1472 1940 131 1080 1851 2216 1876 860 1806 1998 1995 45 105 172 461 527 783 818 1311 2118 
1035: 234 306 612 1307 1475 1908 2155 1125 1901 2061 343 395 272 267 268 1575 1288 1891 2113 1370 1014 1991 2070 262 622 1274 1389 1755 1427 548 769 1503 1552 210 1417 1320 1823 610 638 607 1029 353 1515 1863 550 2233 4 261 505 979 1298 1314 1331 1211 1722 1750 
1915: 234 733 2092 321 439 573 584 1555 1450 1205 1449 1622 232 612 896 712 1758 1901 1971 2035 111 339 443 480 575 589 833 861 907 966 967 1374 1391 1447 1523 1891 109 394 1933 1935 2224 1233 2268 73 1324 350 28 357 1667 435 686 1864 1871 50 72 99 100 112 158 242 319 352 363 426 437 479 503 549 700 836 880 900 933 945 953 1080 1221 1234 1240 1267 1297 1352 1363 1386 1451 1452 1495 1538 1577 1724 1743 1759 1763 1764 1801 1924 1940 2113 2117 2223 2247 2295 2065 
1924: 234 733 1205 896 1365 885 1603 1915 2127 23 337 363 1137 1234 1645 2165 758 1163 283 548 1233 1322 880 1832 
2032: 234 7 2147 1646 1795 927 60 71 494 495 620 968 1077 1343 1288 300 926 1495 2112 139 398 517 1151 1801 619 1611 1934 922 829 844 1174 241 1261 
2301: 234 612 1262 2172 149 2259 1234 585 631 153 1233 1066 357 157 1604 455 1461 
900: 234 896 1697 1926 32 351 776 1603 1682 1821 1575 1915 1234 1212 469 2216 847 524 857 1571 1835 
440: 234 1205 896 149 675 1821 2168 195 267 268 425 1575 363 2165 2120 359 1587 753 1359 2101 1292 261 223 
1030: 234 776 1121 
1568: 234 1319 522 636 1262 1307 1646 149 927 1791 2052 71 111 458 575 776 1771 23 715 1089 1234 1667 1873 768 1452 1707 619 379 477 694 708 1455 1174 1869 1958 2101 231 610 1083 1120 1186 1218 1280 1807 1823 1613 1750 1626 
836: 234 733 321 439 1555 1696 1205 354 612 1758 1885 966 1077 1391 1915 350 1495 945 132 1941 557 
1582: 234 522 2035 1891 1933 2311 673 893 1234 2216 1067 1577 769 1121 1589 1483 2104 2137 2242 406 557 1401 1543 1725 1638 
578: 234 318 1365 300 445 585 1764 953 461 935 1411 1145 1148 1312 1313 1121 2146 922 1763 880 2176 421 
1121: 234 293 1351 439 612 948 1262 149 606 609 817 909 1273 1459 1472 1821 1514 363 1234 2117 229 818 1092 9 642 944 548 1233 2289 277 753 1995 1030 1350 1970 1582 813 2234 1589 1519 1295 406 412 448 578 1526 1725 1461 
1137: 234 2092 171 321 1205 522 1262 927 1758 71 476 495 776 815 817 1285 1603 1821 1523 1788 1286 1448 1283 2127 2173 2224 152 275 394 479 1163 535 1233 719 1451 869 1076 1234 1995 1553 1452 1924 262 520 648 889 1397 1525 1673 1173 1368 
1169: 234 124 321 1555 1696 56 896 1343 1821 93 932 933 934 304 1377 668 998 2269 334 265 837 1019 1326 1635 1566 709 393 1344 
335: 234 1450 896 1723 9 2089 1536 1046 1975 1496 1569 231 2210 2217 2312 
1203: 234 2018 2112 9 922 1657 877 1502 
725: 234 782 1475 2024 340 458 907 933 934 945 9 1236 1763 556 1903 1265 
1240: 234 2092 321 1555 1696 1319 1450 1449 1622 522 896 320 712 1758 480 627 966 1603 1523 1915 1940 2103 2127 2129 2224 319 350 386 394 479 673 715 933 934 1234 574 1387 1073 1451 1759 1577 1495 1766 184 878 1004 1130 1152 1162 1208 1614 1482 1452 1359 1621 1241 1763 1383 
1759: 234 2318 55 321 1650 1555 522 896 1262 1554 1585 2172 149 1758 1889 32 1443 351 495 575 627 675 817 1159 1504 1603 1523 1915 275 394 673 1234 1240 1383 1645 1233 9 727 1387 461 1073 434 2230 1428 2001 2002 1873 642 1297 2049 2176 2233 127 258 289 315 356 503 567 615 676 877 898 1051 1208 1225 1461 1583 1594 1611 1618 
261: 234 124 2058 232 1365 76 2243 378 495 1217 1374 1391 1468 1603 148 263 21 300 337 1495 1772 756 1815 2195 950 2216 1801 1552 2063 2299 1675 1195 2 14 2049 2059 2267 97 331 368 440 549 628 922 984 1035 1334 1368 1487 1712 1800 1806 2242 2104 2137 1317 1528 
262: 234 612 1365 2172 76 2243 378 495 1217 1291 1391 1468 1603 1288 300 1137 1233 1806 1035 2 756 962 331 1787 2049 97 549 963 922 2195 1368 1552 1800 2299 1317 
1347: 234 1479 1944 1945 2212 773 1696 149 609 1603 2224 275 363 673 932 933 934 1234 1748 207 9 1715 1982 1538 503 1373 879 
1368: 234 2058 1319 1205 400 1821 272 2168 195 267 268 1575 1794 319 363 1137 1014 1997 2072 262 963 123 1618 2289 2269 694 1397 610 160 261 1280 
1501: 2005 884 1931 2130 1609 712 1660 1819 1719 907 1498 1069 762 1123 1311 1920 1845 830 1265 
614: 2005 2007 186 712 1972 346 973 433 1265 1822 
2094: 88 639 1474 2092 2099 636 1475 712 1868 1901 24 441 495 776 509 158 435 1014 404 622 650 1185 2218 1843 147 231 649 654 661 742 852 1050 1109 1334 2137 
843: 88 216 1966 340 441 1391 1447 1283 1033 1594 98 229 391 467 478 1202 167 1179 1056 1611 1309 50 180 1094 1600 1090 1899 1845 2121 281 513 1601 973 1432 
2111: 88 1931 232 896 1660 1719 443 909 1207 180 455 1598 681 651 1760 812 977 
2178: 88 293 2172 2052 339 340 609 776 1472 203 23 131 605 135 207 2268 325 9 1411 1218 2218 39 
2196: 88 1479 1319 890 1889 32 339 494 1128 203 1629 23 135 963 2218 205 1050 1528 2199 
2199: 88 7 609 203 23 932 1553 435 1014 2153 135 205 2196 
2245: 88 293 1450 1622 1084 1365 340 776 1603 203 23 932 1080 135 388 1124 1621 1577 727 461 1373 1180 409 349 
27: 88 2058 2172 203 509 23 964 642 1774 
135: 88 293 1522 896 1365 2172 53 677 712 1816 2052 2259 24 151 339 340 609 776 907 1129 1268 1631 1771 203 1300 23 152 1033 1422 1972 435 1212 2091 47 943 1632 346 708 727 359 461 1509 1597 1411 169 2028 1064 2196 273 610 1529 1743 1570 2218 1132 248 2063 1606 238 1310 2178 2199 2245 2314 552 1595 199 1741 1429 993 1123 
1422: 88 222 609 966 1129 1686 203 1523 1056 641 1279 1109 435 251 1995 848 1275 2218 1614 1619 135 935 581 1685 
661: 88 639 1481 1319 896 1475 320 712 1919 609 817 1686 203 2320 23 152 436 1078 530 2218 2094 1995 137 2230 762 172 412 1749 
1434: 88 612 896 2172 712 71 907 1504 1562 1788 1286 1448 1288 300 1668 585 867 1127 1325 9 236 992 2063 2221 
1820: 88 76 148 2091 1073 1066 1787 1411 1998 1806 
1466: 88 1504 673 63 1957 
1600: 88 216 1966 2052 441 1391 229 530 9 1179 2216 1056 43 1309 1899 843 973 165 1601 
1743: 88 733 884 1990 439 53 1166 1816 1919 340 381 441 609 776 907 1472 1686 203 1300 1915 23 435 135 622 2218 73 2216 781 205 1267 302 503 2223 412 414 738 1741 1749 
1238: 88 2318 216 612 896 1646 2172 677 575 609 885 2320 319 932 1033 1348 1669 435 2177 167 1179 2049 610 651 1760 175 223 827 
552: 88 2212 712 927 2066 151 551 907 203 23 152 135 1132 1324 505 362 447 
1126: 88 1719 113 1129 1603 694 1483 1257 206 
1002: 88 612 600 712 203 1010 1189 23 932 435 475 1037 1187 9 73 964 2078 862 2238 1403 2223 1404 1567 1453 
238: 88 1971 405 609 131 933 934 1553 1967 135 132 566 1179 2089 397 696 1172 777 334 991 
1842: 124 637 1070 1697 1918 339 772 817 1343 1459 1666 131 673 445 497 895 1866 579 811 1780 1233 2166 1494 925 528 2042 943 638 1350 2268 1899 1090 826 1243 259 535 608 957 961 1632 
1864: 124 439 712 2256 1915 686 810 1124 365 719 328 1680 397 616 862 992 994 1659 
1881: 124 1795 712 766 1665 1418 9 642 1496 2261 96 362 
1887: 124 1479 896 1302 609 807 1273 43 399 572 1053 1786 
1941: 124 351 606 966 1343 1495 719 2089 331 836 1543 
1967: 124 2172 299 1868 457 606 1391 932 579 811 1806 1165 719 2 403 800 931 1111 1112 1961 1963 238 1513 1625 
1997: 124 733 1481 1555 2099 612 896 1795 2172 1885 2243 343 807 1666 131 275 350 926 1234 1056 1233 1632 1517 1066 167 732 1179 962 382 945 1376 402 660 848 877 963 1047 1061 1221 1368 1426 1606 1764 2295 2078 2102 2280 
2042: 124 1351 1522 1945 885 203 464 1810 2299 1193 1842 716 1176 1180 
2062: 124 321 439 1070 1302 1475 2172 1486 942 1343 1665 195 263 267 268 425 1575 1794 1788 21 363 1772 2216 608 638 811 2070 426 1787 610 1534 1067 
2070: 124 612 1070 1918 2172 712 2066 1919 766 967 1343 1603 1665 509 131 605 2062 608 638 1866 2253 973 1863 379 550 622 1035 1955 57 147 231 303 304 305 412 421 610 611 691 702 756 960 1218 1456 1487 1693 1756 2299 2313 2221 2238 2230 2282 
2112: 124 2147 948 2172 1391 1665 272 528 1866 139 407 1806 2032 444 449 505 513 756 800 1018 1036 1203 1540 1693 2131 2146 
2253: 124 400 927 1665 2070 622 167 1427 548 1995 379 1320 1850 1403 1029 79 1958 2087 2241 147 1174 1729 
2267: 124 910 56 1562 2168 267 268 425 988 1575 1553 1377 1425 1397 2036 1977 641 1515 2128 261 634 812 977 
2: 124 56 896 1262 1365 1646 1885 2022 485 589 807 968 1459 1665 264 195 267 268 425 1575 242 926 932 933 934 1348 1967 262 1866 83 132 346 566 579 811 1961 191 1630 567 1675 1397 1998 528 638 261 1036 1685 424 681 
47: 124 2058 2172 712 1919 340 1288 608 9 123 2063 375 1182 135 1127 
57: 124 1070 1262 1646 351 942 968 1391 264 425 131 1761 2070 248 9 719 574 1387 610 1579 2286 
123: 124 1205 2147 56 612 1070 1475 1773 1486 76 1868 2139 1891 131 1976 47 2216 608 936 1174 2230 2124 499 125 132 663 160 1635 316 448 1219 1368 736 
1396: 124 884 1646 149 1235 1064 1767 1151 1056 1975 1411 989 1797 1691 2314 2312 813 
711: 124 884 1931 1646 1660 1816 60 609 807 885 1039 1499 253 565 1037 1532 1109 1685 1760 146 322 633 
371: 124 1184 157 668 610 428 144 837 1019 
1430: 124 439 400 2027 885 267 268 1575 893 932 933 934 1851 674 756 895 931 1127 167 426 951 1088 1111 1112 1113 1428 1715 2289 1503 1975 432 610 943 562 648 1471 
1440: 124 1070 1913 736 
937: 124 1443 2139 653 1235 1343 1973 719 554 727 273 1800 1326 1174 
429: 124 1205 522 2172 1816 385 443 1391 155 1788 363 1907 2152 388 641 428 825 883 1882 2170 2314 427 848 
638: 124 2071 2155 1110 1888 405 1642 1665 2062 2070 1202 1866 9 811 1428 2216 960 1371 2299 2313 1675 2 528 1977 1035 1487 1693 1842 608 
1491: 124 2172 1239 2118 2122 633 717 
1752: 124 927 1771 195 267 1575 1794 426 1957 1457 298 
499: 124 400 2052 131 932 260 123 132 2086 330 421 829 1569 
1020: 124 1479 1646 2022 609 776 807 988 1748 714 1327 125 607 523 399 1471 1328 
1380: 124 712 395 679 776 267 21 1913 686 756 1124 1325 1377 132 668 397 1055 1297 1493 1536 1659 1680 1054 491 521 1814 328 550 169 1267 1613 95 2029 959 1635 
1563: 124 439 2172 927 2052 71 339 1821 131 1851 963 943 196 1733 
542: 124 1450 1449 2099 1070 1773 476 480 1940 479 949 1495 478 1111 66 2230 1320 1774 2209 943 2115 505 1689 669 
1579: 124 2318 1070 1918 71 351 817 968 1039 1217 425 688 131 479 482 1761 9 125 574 290 57 1806 1998 837 610 303 14 560 888 1576 
564: 124 2172 837 1255 1406 
572: 124 1646 2022 2035 495 807 1627 1887 1174 2118 1720 1047 
587: 124 2212 439 1319 400 1070 2172 677 2066 299 1512 1868 395 766 1562 363 715 933 934 996 99 248 403 581 585 579 1930 2089 2265 397 83 566 1914 1961 2237 2296 85 311 333 401 1267 1482 800 1272 1529 850 832 1297 1477 1828 1577 1111 1500 813 
1685: 124 1474 1653 1450 1070 1475 985 1486 299 485 1631 493 1300 2224 21 131 1422 435 2091 99 945 1202 9 865 2296 1157 1680 1780 434 437 925 1411 328 2 402 1165 2317 1134 2118 1053 737 711 1518 1432 705 1050 322 
1123: 124 884 1351 2058 2007 189 1660 1719 363 135 769 762 1501 1311 193 1566 
1635: 124 306 1319 56 400 131 1913 304 1184 1377 9 123 132 1387 80 1380 95 1169 1326 608 1019 1540 1692 
1640: 124 131 1018 1174 837 1729 1636 
125: 124 733 884 1479 439 2291 56 400 782 1016 1070 1918 985 1660 1868 942 1472 203 204 131 934 435 123 608 1806 1998 761 866 434 95 1774 1020 132 1411 290 1579 437 1471 837 610 
1354: 124 1885 1919 65 380 385 545 546 675 817 1010 1189 23 242 1033 139 469 945 1124 1278 1597 2321 953 1427 1428 920 827 1320 854 448 2083 2223 
668: 124 612 1070 1868 1374 1283 1288 933 1913 713 1184 132 2216 2269 407 359 719 2295 371 610 1406 1169 821 1255 837 1112 1380 
160: 124 131 1667 810 123 132 642 1587 1368 
1184: 124 1696 1070 2172 802 350 574 1970 668 316 1266 334 837 1019 1635 2131 2321 371 1540 1433 1464 
683: 124 1629 1005 719 2085 2086 1265 2160 1672 
173: 124 149 1813 1719 1166 1116 1767 1503 593 187 2210 
1202: 124 884 2212 439 612 896 1084 1646 1918 2172 712 2022 2075 351 606 609 807 817 1077 1080 585 528 638 811 1866 843 2102 132 681 1685 
1019: 124 1286 1891 1184 1169 1326 371 1635 837 
717: 124 1555 1319 131 207 686 1491 209 298 
207: 124 1522 1944 2058 171 321 1481 1555 1319 1450 522 782 896 1795 2172 712 76 380 1116 1603 2129 319 350 932 933 934 1383 1923 2089 454 650 882 585 951 1409 774 1323 850 1536 2029 161 1986 2178 3 184 1400 768 1164 1694 1808 1177 307 1513 1347 709 717 1130 1004 366 
1236: 124 1479 216 1302 2022 776 848 1134 725 
1748: 124 1351 2212 7 584 1555 1319 1622 522 896 1646 2172 2274 2066 1971 2033 2151 457 609 698 968 1077 1562 988 1523 1935 131 275 363 926 932 933 1089 1234 1495 1667 1163 445 826 2085 1029 61 1850 1322 1863 1947 2083 2102 2247 8 39 231 248 287 357 398 412 488 504 515 585 622 651 694 709 716 797 848 906 964 1020 1069 1083 1179 1266 1326 1327 1328 1347 1384 1419 1488 1577 1597 1605 1621 1688 1831 
1198: 124 522 1262 1646 2183 2022 363 469 901 1278 1398 1069 1437 762 607 761 58 538 658 763 
1255: 124 884 1391 1448 1032 1913 304 564 132 668 1297 1680 40 837 2119 1540 1454 
1218: 124 56 400 1365 1475 1908 1296 1443 2075 2197 131 319 1081 2070 304 756 1124 2178 719 548 1441 1577 2161 379 1568 980 1192 610 1649 1211 535 1174 562 342 592 1799 1762 
1310: 124 1450 2172 891 1971 71 395 443 363 435 135 472 2039 488 1109 550 642 991 334 80 2073 594 630 1572 
290: 124 697 733 7 321 439 1555 56 400 522 896 1070 1918 2274 927 2139 2323 71 151 351 441 457 494 620 807 817 885 907 966 967 968 1235 1285 1343 1391 1447 1771 203 204 425 1788 1935 2224 2311 131 152 158 394 926 932 933 1386 1495 1761 1772 435 1956 99 504 585 818 883 962 963 1325 1377 1418 1607 9 125 579 1297 1659 183 1587 608 727 973 434 1411 316 1219 837 1306 1323 437 1083 610 1326 736 1980 2104 1397 375 390 303 1534 514 1248 1571 1579 1148 1756 1774 769 1364 
298: 124 56 1070 817 1374 1665 2197 131 300 304 2218 2292 9 719 1109 610 1017 1734 1752 2238 784 608 717 921 1576 
300: 124 1622 56 612 896 1070 712 151 495 776 909 1235 148 155 263 267 268 1575 1794 1523 152 579 608 895 2268 61 1496 1851 2032 2083 2091 2107 2313 95 97 104 120 212 219 224 261 262 298 1008 1397 1017 1018 648 1503 1427 1014 1434 1180 926 1734 1112 932 933 1195 1451 562 949 1716 1083 615 1088 578 756 426 1428 832 1620 1111 1372 1761 686 951 1639 1258 1127 
1326: 124 321 439 1798 1555 56 2151 494 698 817 1343 1447 93 131 275 479 673 932 934 1451 1495 1748 304 1377 9 132 2089 290 1309 407 1433 184 1806 1158 1193 1257 1169 1019 1903 709 736 937 1061 1635 
316: 124 733 2212 439 1450 56 354 896 1070 1773 677 712 32 1885 2035 495 968 1159 1940 131 350 869 1184 1232 123 359 290 727 1649 270 1446 1970 2293 165 1684 
853: 124 2092 439 1450 1449 2172 927 1971 71 111 480 1771 1940 2093 110 479 1451 1865 837 1452 1120 
348: 124 1646 320 111 609 807 178 253 1151 359 180 
795: 124 2172 1772 608 719 610 2146 
357: 124 293 1854 1990 2134 55 360 361 573 584 896 1365 927 1340 32 1868 151 340 609 772 776 1129 1915 21 152 926 1645 1748 1212 1907 2072 98 416 962 963 2301 9 1496 1421 486 1109 283 103 106 753 1297 412 1825 1570 567 1359 362 
2101: 293 1555 896 1307 1889 351 443 496 1702 1234 497 517 1179 41 1608 1568 440 2102 2176 
209: 293 637 1650 1449 1585 861 2256 1935 2065 2224 394 1081 758 1163 544 1928 1162 717 333 223 613 615 1130 
211: 293 2172 932 933 603 2261 665 1710 1012 1412 
1439: 293 
974: 293 216 1365 495 609 833 248 1427 1570 872 1950 
982: 293 495 1666 1782 2072 141 456 1274 1427 1428 2165 753 1503 567 1306 980 1266 1226 1825 825 2044 1322 
1526: 293 675 1233 1369 1121 
511: 293 772 634 
1537: 293 1129 435 2218 437 1109 28 459 1937 1604 1373 
1036: 293 612 1302 2155 1782 267 268 1300 933 1761 2112 901 9 426 2216 1675 2 528 375 837 734 
1041: 293 389 896 1365 2172 32 1447 926 1212 9 1680 1042 1044 1045 1584 270 2170 1637 594 1488 
1212: 293 1555 782 896 2050 2172 1889 1512 2033 457 907 1809 2255 1629 1891 2311 109 242 363 926 932 259 445 1090 1899 735 1257 1850 9 79 1903 2083 2106 2294 2296 18 99 135 309 357 456 463 548 618 632 649 676 695 789 857 872 900 962 970 990 999 1041 1117 1176 1179 1180 1784 1715 1545 1559 1322 1835 1637 1469 1811 1376 
1725: 293 896 675 1374 1810 1780 1121 1589 2102 1582 406 
1248: 293 1319 1048 1296 395 776 203 1124 1356 290 769 362 1589 2242 2104 742 
1823: 293 2092 321 1555 1450 1622 612 896 1262 1365 149 71 817 131 275 715 926 1234 1495 2138 403 581 818 924 1127 2195 1511 1233 1568 784 1035 18 695 412 
1825: 293 522 1365 340 495 817 1129 1159 1374 1666 1788 926 2072 456 869 962 963 1274 357 1427 1428 2165 1570 1532 753 1503 925 567 1306 980 1359 1266 1496 1096 1226 1257 1322 106 362 1114 438 470 982 2210 684 
1369: 293 1944 1945 584 1555 1319 1450 1449 1622 2311 1667 1130 1233 1867 1942 2227 1526 1480 
363: 293 1990 2058 2212 321 1481 1555 1319 1450 1205 1449 232 354 522 612 896 1084 149 320 712 1758 76 1885 2243 494 609 620 966 1235 1374 1821 1523 2256 1283 1288 1891 1915 1940 2224 2283 2311 275 350 394 758 1163 2216 579 673 1233 1780 1588 928 61 1212 1748 283 1089 1667 692 719 585 587 932 933 964 1384 926 1577 2261 429 517 1234 1924 1949 2049 2062 2289 3 144 184 302 898 1310 1441 949 440 451 1483 463 1488 1495 1503 483 1083 1100 1115 1123 1130 621 1198 696 1452 1121 1347 850 1368 1370 1383 1386 
1761: 306 7 389 1307 1697 1773 712 891 32 1868 2052 495 967 1374 1379 1390 267 988 1575 1523 300 932 933 934 1495 1056 641 924 1029 1998 61 784 9 1772 973 1124 426 585 931 1937 1995 57 98 265 290 375 610 651 867 1036 1201 1219 1266 1323 1579 
96: 306 2058 694 1881 
1891: 306 1205 522 896 1084 1554 1697 249 320 2052 339 340 385 494 495 496 546 817 1573 1821 1523 1283 1288 2311 131 497 1970 1212 622 1035 1915 1587 123 132 933 934 1451 2261 363 275 654 1306 50 144 319 753 903 1019 1100 1385 1582 1736 1740 2102 2209 
2045: 306 2147 1475 1646 2172 1496 1174 
2078: 306 2256 1010 1997 212 9 1056 1174 642 1403 1008 1471 369 1454 1002 1671 
2146: 306 637 639 1474 1254 2147 232 636 1302 1795 1340 1374 1391 1472 1603 425 2197 435 1907 2112 445 795 867 1290 289 1587 567 535 641 1149 505 2176 1569 87 578 682 709 1293 1763 1793 
2223: 306 1813 496 807 817 1379 1702 1771 1010 1189 1915 152 242 403 686 1187 1279 9 1509 1743 534 1008 2314 1299 1002 1354 329 2064 377 
2258: 306 
2282: 306 1931 400 2070 426 811 1083 
45: 306 2025 712 495 1390 1788 1972 2096 266 867 1675 1998 1612 61 1201 1518 310 1028 1541 
136: 306 677 340 212 1911 2036 634 
190: 306 693 187 
218: 306 397 
265: 306 612 896 485 620 815 1077 1468 1575 1761 585 867 1143 1290 2275 426 950 2131 769 1464 137 804 1998 18 1740 1757 246 1518 2242 2137 134 1528 424 1712 1169 716 
278: 306 985 988 1037 1207 1792 462 
1689: 306 1660 1496 1403 542 
1658: 306 1778 
1531: 306 1351 
1551: 306 733 171 1365 677 627 603 2195 1787 548 1570 94 1150 
1552: 306 2058 439 896 927 2052 339 340 495 267 268 425 1575 262 591 841 1127 73 1659 758 1163 2268 1806 1998 1158 1515 1035 1174 837 1083 231 1693 1397 424 261 
1049: 306 2212 1450 340 609 815 509 9 1109 1323 1050 
1201: 306 2318 1390 1575 1761 426 1266 45 424 341 
839: 306 2066 2018 476 776 1285 350 1124 2067 397 1659 1250 
716: 306 2212 612 896 1084 609 815 1468 1666 1748 618 1143 1290 426 950 2131 769 1464 1527 804 2042 18 265 1806 1757 424 1174 246 1518 2242 2137 134 1528 
336: 306 232 2172 476 751 1387 461 1142 1498 505 1160 
1530: 306 380 403 945 1279 1297 210 854 1004 452 383 1424 
726: 306 2318 1901 817 1995 
562: 306 2058 216 1901 1438 21 300 932 1014 1801 1496 922 1430 1218 1793 1620 
324: 306 
758: 637 2092 2134 321 584 870 1650 1555 1319 1450 1449 1622 2099 354 712 1758 480 776 966 1217 1933 1935 1940 2065 2224 100 109 275 363 394 479 932 949 1386 1451 1495 1645 1871 585 1452 83 566 209 397 1297 1840 1924 2095 92 143 251 283 582 881 1538 1412 1163 1046 866 1130 858 1552 1162 
1935: 637 2092 7 321 1555 1450 1205 1622 232 896 1758 339 495 861 966 1343 1603 1631 203 1523 1448 1915 1840 394 758 1163 1645 1871 9 167 209 283 290 337 461 582 610 644 857 865 881 924 928 932 933 934 943 1162 1183 1230 1295 1386 1387 1451 1495 1610 1667 1748 1756 2224 1940 2148 
1871: 637 439 1481 216 1262 2172 1919 861 1915 1933 1935 2311 109 394 926 183 758 1163 2226 79 225 1818 
1987: 637 639 636 1447 1350 1257 
2233: 637 55 321 522 896 1585 2274 677 1758 1603 926 932 1081 1759 963 1831 1427 1428 289 1251 1109 1192 375 1035 1806 1090 2176 2235 2057 421 1583 2231 1542 
582: 637 439 1555 612 1262 861 942 1933 1935 2224 275 350 394 1089 1234 1386 1495 611 1297 758 1233 1441 1376 1385 140 669 
611: 637 2212 2318 439 1555 612 896 1084 2172 2052 339 340 817 1285 267 268 1575 673 933 934 2070 2216 1090 2268 1899 727 1865 18 421 460 582 1577 1083 1487 869 
1288: 637 2318 1365 1785 1773 1885 2061 351 620 1235 195 267 268 425 1575 1794 1318 1283 1163 2311 826 895 1494 350 1806 784 1089 622 1035 1784 365 1174 585 668 1033 363 1891 1898 1911 1922 1995 2029 2032 2113 2295 3 47 104 262 658 821 879 929 1083 1164 1397 1400 1417 1434 1611 1383 
1162: 637 1650 861 1935 2224 932 1240 209 758 1163 1152 1371 251 881 615 1192 
1304: 637 1622 612 2172 1919 2259 776 1523 21 686 12 1524 1297 1801 432 2198 1050 
1693: 637 639 1205 636 1070 1343 272 195 267 268 425 1575 1794 2311 1772 2070 2112 504 603 9 719 811 1552 610 1955 638 169 421 424 
1711: 637 1474 522 1262 2172 1459 1562 267 268 1575 938 426 569 1977 980 
1074: 637 773 1696 522 896 1758 2061 405 441 1603 155 158 1348 1592 1594 2068 713 1073 1548 1704 1608 1865 1593 2231 649 1299 1075 
1152: 637 584 1650 1555 351 381 1240 1386 855 924 382 2102 1162 92 140 
700: 639 677 65 1374 1915 926 435 2218 163 359 1323 402 1050 1717 
289: 639 55 1650 2147 896 1585 1758 1919 861 1603 2256 673 1081 1759 2068 756 397 2176 1740 2146 2057 2231 2233 421 1192 1583 822 
1245: 639 1990 321 354 831 228 495 1077 1603 155 158 350 1234 810 1073 865 359 619 1309 375 1763 
1464: 639 522 748 985 272 1184 2131 193 265 716 2107 377 414 
1286: 697 1990 2092 321 439 1798 1450 1449 1931 354 389 2274 320 712 1660 1885 1888 1971 2114 380 441 885 1038 1472 1631 1686 203 787 1788 350 1850 781 1873 1875 1894 1940 2030 2093 2161 28 242 248 251 319 386 401 461 487 527 610 686 703 729 892 920 998 1008 1019 1089 1137 1187 1282 1434 1297 1671 1435 1803 1313 1529 1604 1630 1325 1409 
2273: 697 354 896 2025 53 1719 698 673 478 1233 881 1763 654 632 2016 958 1344 1393 2276 
315: 697 1622 2172 1340 351 1666 1788 926 996 1759 2047 235 727 1239 2165 2102 383 1359 1558 1621 1532 1968 2210 2221 31 626 1664 664 1644 581 
1275: 697 1919 1962 2259 222 926 1422 198 838 781 692 1965 
1373: 697 2092 1512 2075 71 457 907 1129 1562 1668 1956 403 895 924 928 1723 2218 920 1109 1309 2245 221 273 804 1928 375 1937 1347 641 784 364 1403 1381 706 231 147 58 1929 1537 1457 1749 1753 
1381: 697 2075 457 479 1588 1109 1017 1373 1882 
1000: 697 1659 205 
19: 733 2092 2318 439 1481 1622 896 2172 2182 1758 1166 1888 1901 2052 2139 1391 267 1448 386 1360 1851 943 1350 1939 2161 2218 1655 388 1418 403 1180 1584 437 594 732 344 
973: 733 2318 1561 269 772 1603 1879 203 1761 2070 1037 1143 1290 9 290 1207 1492 1586 1600 843 1338 462 1861 326 614 634 1214 
2141: 733 157 1066 1649 
2208: 733 884 216 522 896 2172 495 1374 1391 2113 152 1772 2138 9 781 1675 1083 80 1194 734 
914: 733 712 696 
960: 733 171 2291 1443 1603 1809 1772 2070 883 786 811 528 638 943 1309 18 
1710: 733 1990 782 2274 53 927 2259 65 71 1235 21 2149 211 585 9 157 1509 459 1496 61 1806 1471 1350 455 1432 550 991 820 1634 1454 1168 
1872: 884 240 817 388 
1905: 884 439 2018 2052 339 340 776 817 1391 2256 1495 818 1124 2268 727 397 1297 169 1181 558 
1982: 884 171 612 896 1346 1365 620 885 1504 926 553 2195 2216 2269 1403 1787 1570 1347 62 879 1211 
1992: 884 2172 712 1868 934 996 1803 1193 1680 470 1500 
2116: 884 609 1379 1558 2118 1497 
2314: 884 339 340 135 429 1723 953 359 1536 1056 78 461 1797 328 1496 856 2223 1396 
100: 884 171 1319 1622 2172 609 966 1447 1603 1523 1300 1915 2173 2224 758 1163 1645 1517 283 1667 379 167 1179 1297 1234 152 1495 319 313 1923 2247 768 421 1832 557 1081 1621 1372 1502 352 1764 
142: 884 612 1262 1447 1666 953 2165 727 710 516 
349: 884 299 339 1504 219 945 9 1066 2136 2245 454 1180 2077 525 
401: 884 948 712 395 766 776 817 1285 1286 587 818 1325 397 1779 514 943 569 1734 18 
473: 884 2025 1813 495 350 9 1995 694 1323 1695 1352 1742 
1426: 884 228 1782 2129 932 1997 9 2158 1538 226 750 1996 227 
1536: 884 395 766 776 2256 1910 207 674 686 775 848 1723 397 878 1156 1157 1297 221 328 1271 1680 169 2028 1814 856 1975 2313 78 231 2314 51 335 491 757 980 1164 1380 1797 
1757: 884 1319 927 1603 425 1127 1895 2216 1482 2049 265 1691 1257 716 
1098: 884 926 
1756: 884 2092 2212 1555 1319 1450 1622 1084 320 1512 2033 71 494 495 606 609 620 1077 1562 1603 1935 2093 275 350 673 1080 1234 1383 1495 1594 435 2070 517 585 650 902 1564 1607 9 1066 1297 1621 283 1067 1233 290 2085 1083 801 1085 649 2115 844 1004 1186 1393 
1627: 884 1479 439 2274 891 1660 1819 2066 1885 441 443 545 776 1472 1631 272 1879 155 1788 242 1348 674 686 976 1278 953 769 1630 521 505 2118 572 1008 1082 
1008: 884 1479 439 1365 712 891 1660 1819 1885 2259 441 443 545 1472 1631 1771 155 203 204 2023 1286 242 300 1278 1588 2218 953 2078 1630 1627 2082 943 641 809 2223 393 409 412 446 474 672 1420 1698 1333 
1742: 884 2071 112 867 1517 473 488 905 
1797: 884 1084 1697 340 776 1723 359 1536 1680 78 461 757 1411 328 856 654 1396 2314 
1840: 1351 171 584 1481 1262 748 1758 776 861 1472 1575 1788 1933 1935 2224 2311 109 394 1645 116 183 574 758 1054 1163 1252 2216 2226 1857 
2082: 1351 1555 926 1667 647 741 1008 159 
2143: 1351 
51: 1351 339 622 1536 1193 
83: 1351 439 1868 2188 932 933 934 587 1327 758 579 1806 2 2003 1625 1801 566 85 1112 1111 1513 
226: 1351 1758 228 861 1273 264 1996 1426 227 750 
369: 1351 1479 1971 2061 131 934 581 1559 2078 334 
384: 1351 321 1555 1729 999 
558: 1351 1319 1697 23 926 983 976 1127 1905 1661 864 
800: 1351 2172 712 1868 1514 1967 2112 403 587 535 579 308 1149 2154 39 481 930 
850: 1351 1522 1901 907 966 1118 1940 363 932 933 1667 207 585 587 756 579 727 827 1403 820 1963 2194 77 438 
866: 1351 1070 1885 1235 109 673 125 397 758 488 1861 1011 1503 
947: 1351 573 1365 1795 776 1771 203 579 1193 2230 1323 
1109: 1351 1474 1854 2134 7 55 360 361 573 584 420 1070 1554 1585 1697 1889 24 151 861 1422 1645 1014 1852 1956 2149 304 580 622 749 895 901 1104 1310 1357 1398 2308 157 357 719 811 1018 2094 2120 283 514 486 535 762 247 1937 1977 2233 2309 13 18 205 298 342 379 455 538 632 704 711 1049 1557 1537 1571 1381 1591 1174 1373 
1194: 1351 612 896 1475 712 609 885 1631 203 204 932 933 1078 867 963 2208 1995 2073 461 1806 2210 630 1358 
1206: 1351 1523 1667 1856 1878 1958 474 1370 
1628: 1351 1231 1816 575 776 1607 729 797 
1803: 1351 2212 2172 817 966 1285 1379 1603 1523 1788 1286 1448 479 1451 2268 553 1014 1524 1992 856 80 248 141 
1690: 1351 927 1667 9 1193 488 
1739: 1351 1479 788 963 1079 86 745 
1612: 1351 1758 694 1142 1675 45 1541 
1465: 1351 151 688 1681 1018 1057 
1493: 1351 439 1319 1450 1449 1622 712 776 817 2256 1940 350 715 1451 1873 775 1124 1279 397 1181 1297 1193 994 1659 2313 70 610 1380 1482 1566 1807 
1037: 1522 1479 2172 985 1758 988 565 1847 407 462 187 278 538 588 711 878 973 1002 1659 1792 1778 1290 1207 1597 1618 
964: 1522 2092 522 896 927 76 1868 71 457 458 1235 1268 2093 2283 2311 152 363 932 933 1748 1772 27 248 585 924 928 2218 2294 9 579 865 2085 328 727 2089 1387 1882 1995 2086 2289 2293 2296 3 1774 1017 1018 1734 1316 1432 1191 965 1315 1363 1577 1111 1002 
2028: 1522 439 2025 712 2066 1962 2139 766 350 435 135 585 1325 1588 1875 2067 397 1536 
2321: 1522 2212 1365 2172 712 748 495 496 609 155 517 1184 1106 167 1179 459 1354 2102 619 1075 1503 77 1160 1242 
75: 1522 951 729 2077 2135 1146 684 
180: 1522 1622 318 1918 677 495 577 609 885 909 1077 1788 1499 1451 403 869 945 346 2158 359 1297 1801 1056 2269 1509 2295 610 1806 126 843 1584 523 1471 1909 2111 179 1648 1400 1146 1606 347 1258 348 
645: 1522 131 944 2131 2286 376 
764: 1522 1962 1268 585 
905: 1522 545 1300 867 1571 1742 
1348: 1522 2318 321 773 1696 522 896 1166 343 609 627 807 1374 1459 1603 1821 1523 1448 350 1090 1899 1257 1073 1074 2 167 1179 505 1627 898 1740 18 1075 1986 2068 2072 404 610 660 790 1047 1221 1238 1545 
1497: 1522 1653 585 1995 1323 2116 
1848: 910 2172 712 256 1355 
1951: 910 
2079: 910 149 212 1911 929 1775 
94: 910 1006 1953 1551 1424 1423 
391: 910 1646 2025 2172 220 2272 253 471 843 1860 2102 2270 77 894 863 610 1258 
491: 910 1990 171 216 1697 712 2066 380 395 776 815 1913 352 1124 1279 2237 786 2067 397 998 1156 1157 1181 1251 1536 1659 1779 2216 923 943 957 1142 373 1267 2063 2312 2316 2325 1415 777 1433 702 1709 1026 1380 
759: 910 220 2270 
880: 910 1555 782 1898 1915 2065 2224 2311 934 1234 1370 74 719 1924 92 628 578 877 1804 
1424: 910 1234 1553 450 1927 860 1760 94 1423 1530 
1178: 910 
1394: 910 2172 
944: 1474 171 896 1273 99 1895 1350 1029 2230 645 1121 1763 
2325: 1474 240 1307 1475 441 609 807 1124 491 432 1323 1471 2102 1082 
1047: 1474 345 351 1234 1348 1997 73 2296 2280 1075 572 1174 660 1221 1399 
1120: 1474 2139 339 351 494 620 1702 853 1398 2166 723 1568 654 
1489: 1474 1262 1307 351 496 766 776 517 488 2102 
1106: 1479 2071 712 748 1268 479 1873 212 580 2321 9 1577 1160 1503 1350 1844 2004 610 1498 1387 1242 
2177: 1479 2318 321 1653 1853 1027 1329 1447 23 99 139 198 445 603 749 1238 1247 1478 167 426 1179 1411 1076 604 13 1226 18 172 654 259 1090 1899 1903 2043 239 523 808 918 1547 
103: 1479 1990 216 1885 340 495 671 802 1447 156 394 464 774 906 962 963 1104 1290 1418 357 953 2165 1322 1856 1986 2046 2309 1402 1532 1280 1734 827 980 1749 106 1388 
1862: 1479 715 1515 
1896: 1479 2027 2172 1660 1719 340 407 1675 1597 523 108 1471 1754 
2150: 1479 727 81 
2251: 1479 351 397 221 1079 560 
2281: 1479 2212 896 345 457 458 609 1562 673 1092 167 2277 898 1257 2278 
2297: 1479 2172 1879 1788 1632 1511 2296 513 
2300: 1479 2172 242 119 598 956 1050 555 
63: 1479 890 932 934 1972 931 579 1403 1466 744 
231: 1479 1816 2151 436 1078 1748 1014 1910 2070 622 848 1185 1327 1664 2094 359 878 1536 1552 1975 2107 78 379 1568 935 1164 328 1496 172 2270 1373 335 1174 550 1063 1770 412 1960 1721 742 
322: 1479 1667 198 9 1685 711 2215 
477: 1479 2092 439 1791 2114 776 966 1771 1448 585 1452 719 1179 1568 2221 81 
553: 1479 2212 2172 1562 933 1803 2216 2269 781 1865 1906 1982 95 869 1287 
592: 1479 216 495 1014 1588 694 1496 1218 1695 1458 1265 
644: 1479 1935 479 1451 1667 924 928 1295 2055 
768: 1479 2058 1319 1365 2172 776 1821 100 319 1014 207 9 488 882 1722 1568 1814 2086 1605 176 1130 1958 829 1482 1770 1004 
846: 1479 2212 927 2033 71 620 1603 1665 1809 1810 1811 1297 1784 2132 1228 872 990 1176 239 
894: 1479 2025 220 2272 35 1118 996 1553 391 1425 1934 2270 77 1624 471 863 899 
1141: 1479 1918 739 
1328: 1479 381 988 1748 1961 1323 1020 
1476: 1479 712 2066 963 1279 9 2067 1297 702 
1637: 1479 1554 1300 1212 1041 414 1903 2043 362 2236 
1781: 1479 
153: 1854 2134 360 573 584 1481 1555 1758 1841 2052 345 776 1682 350 2149 1723 2301 397 1680 2004 2049 1713 1257 
486: 1854 2134 7 55 360 361 573 584 773 1696 522 1554 861 1645 1669 1852 1357 357 566 283 569 1608 1109 
1089: 1854 171 321 439 1555 1319 1450 1449 896 149 1758 1971 494 495 620 1379 1523 1286 1288 2224 131 363 394 2216 1233 1748 2126 2231 62 90 127 170 191 379 418 582 585 613 615 622 780 1524 1525 1543 1673 1419 1568 1323 1454 1204 1463 1280 1441 1488 1234 1760 
1357: 1854 2134 7 55 360 361 573 584 2172 1014 486 1109 225 
2089: 1944 2092 171 56 400 1365 712 76 1868 2248 2284 24 71 885 952 267 268 1575 21 131 932 933 934 1851 2002 46 207 248 587 756 931 993 181 288 346 426 579 719 811 951 964 1088 1111 1112 1113 1384 1715 1811 1324 1029 1895 1941 1942 214 224 238 335 461 680 1069 1326 1528 2289 
992: 1944 1945 1450 400 2066 766 776 1434 1864 311 1659 1054 1975 379 616 2086 2306 412 1678 1513 
2086: 1944 2058 2092 2212 216 354 1262 2052 339 340 539 817 1077 1472 1562 1940 2167 674 768 1279 964 1780 2085 379 461 992 1417 2317 646 488 1515 1877 1958 305 421 499 683 1280 1471 1591 1672 
2129: 1944 2092 321 439 354 612 896 320 1758 966 1273 1374 1379 1523 2103 2127 350 1667 932 933 1524 225 1234 1495 275 1553 1240 207 1619 42 788 1241 1426 1525 
2230: 1945 400 1475 2262 188 2066 2061 228 345 817 861 1217 1794 509 1788 479 1759 2070 2167 198 775 810 818 838 902 903 1416 1548 1866 123 2216 944 548 769 379 567 947 1323 1029 428 236 1921 1958 2051 2142 89 107 169 170 377 444 537 538 542 569 658 661 874 919 1001 1192 1261 1320 1397 1417 1729 1735 2238 
695: 1945 1603 2019 673 1451 1212 1928 1823 1929 501 
1090: 1990 2318 773 1555 612 1697 2274 320 927 1129 1217 1447 1504 1603 1821 1925 926 1348 1212 611 1043 1831 167 865 1179 1427 1428 619 13 18 2233 1100 1230 309 1350 1657 843 2177 1044 1899 1842 826 2140 2241 302 505 1075 1605 1402 1545 1224 1569 
2001: 1990 321 773 1481 1555 896 1084 1795 149 1758 1868 2052 339 340 675 155 158 1234 1759 2138 2216 1233 2268 615 889 
388: 1990 2092 2212 439 1555 1450 354 400 612 2172 677 385 457 817 1235 1448 21 926 1451 1873 1913 19 112 120 1029 9 359 428 461 719 1872 2245 2260 517 1297 429 1325 
1403: 1990 56 232 354 896 1302 1307 2155 2246 677 299 1888 1971 65 1129 1217 1268 1603 268 425 435 1949 120 304 585 622 756 1289 1377 1511 2078 642 970 1982 514 1494 735 419 14 334 850 1876 144 1373 2220 1002 608 2253 1952 2228 2241 33 63 91 147 165 377 1040 1293 1689 1671 
1949: 1990 1653 1205 216 896 2172 151 1821 155 1794 363 1234 1233 1403 1995 3 30 1483 
307: 1990 2092 1697 443 1925 926 1976 207 786 1066 1056 2102 
667: 1990 222 886 
940: 1990 1653 2172 1129 1666 2165 
963: 1990 216 2172 1296 32 1969 151 495 671 817 1116 1159 493 312 1081 1956 1997 2072 98 99 262 445 962 1723 328 1322 1421 1563 309 357 103 106 379 157 163 167 288 953 1427 1428 523 1297 1411 1814 1418 567 1064 1446 2295 1306 2196 753 176 2067 2241 681 290 1570 2218 980 1200 1532 2064 2203 2233 2280 42 68 305 444 455 704 718 770 797 827 1402 1476 1025 1576 1082 1194 1729 1739 1747 1825 1829 1368 
1051: 1990 1449 1365 1758 627 1129 1821 1940 479 1645 1759 2165 41 1577 615 898 2235 
1229: 1990 1697 32 1570 1067 1350 
1277: 1990 932 933 931 
1292: 1990 321 1365 2259 495 926 1495 440 
1298: 1990 216 883 1327 1035 424 77 330 2122 471 2118 87 
1787: 1990 171 1346 1365 1646 1795 1889 268 2062 262 2195 2216 1208 1982 1350 548 1138 1551 1820 
2263: 1990 1438 203 715 926 1361 
520: 2034 675 394 932 933 1137 719 1257 1266 877 
676: 2034 1555 831 896 1262 149 496 627 675 109 673 1234 1614 1759 1594 1212 304 467 497 585 652 1073 1066 1715 1233 1320 2102 176 503 1281 2097 2225 769 970 
847: 2034 2318 1319 2147 896 1262 609 776 1603 21 23 932 933 1234 686 1728 2275 9 1233 137 1350 524 1155 900 857 463 366 375 
1649: 2034 1653 1481 782 1561 249 891 1889 1926 1885 385 441 443 495 496 545 546 2320 449 631 883 993 1232 9 953 1066 2165 2216 28 396 567 1266 10 1045 1193 1970 825 2083 1722 316 329 1446 2141 2170 737 789 1007 1218 
2037: 2034 1555 2172 1885 1285 1603 479 1115 1495 1614 1619 1667 1805 877 1359 
2311: 2058 321 1205 354 612 896 1795 249 2061 339 340 385 494 495 496 546 817 1235 1573 1603 1821 1523 1283 1288 1891 1840 394 1871 1942 2102 2249 2289 156 290 319 363 454 483 497 654 727 753 827 880 926 931 934 964 1083 1111 1212 1279 1295 1369 1385 1482 1483 1495 1532 1582 1693 1707 1736 1740 
2166: 2058 321 612 896 1070 494 155 2283 350 934 585 1780 183 923 619 1842 3 184 460 1120 1419 
488: 2058 1646 602 1782 203 158 1370 1748 1852 768 1310 1656 1018 866 277 1503 1936 379 694 1489 2086 1784 375 1690 2132 882 1280 1863 1958 1742 2087 1750 2106 1984 2306 
1959: 2058 2156 1629 
170: 2058 2139 1089 2230 1256 1174 
241: 2058 1555 1241 1564 1584 2032 
287: 2058 439 1971 1459 1748 359 1130 362 
412: 2058 2147 216 636 53 1816 2060 222 351 1159 1390 156 1748 1014 2070 403 469 931 1279 9 346 357 2120 1297 277 2313 137 379 461 702 992 1142 1743 328 1025 1417 1121 1823 1008 661 882 247 1280 736 161 2225 2083 231 1705 2306 294 1250 
557: 2058 321 354 966 100 1495 1538 836 1582 1337 
625: 2058 1555 1450 149 2173 1234 99 1130 
777: 2058 712 776 1032 686 993 1124 397 1156 1297 1659 1680 1779 491 1509 702 994 1705 238 888 
792: 2058 1553 
818: 2058 2092 439 1555 1931 612 1773 2172 712 1971 2114 2139 151 441 679 817 885 1039 1077 1235 1447 1472 1603 1448 2283 319 949 1873 2096 504 585 775 183 943 2085 1806 61 359 428 550 2230 527 1905 2029 2184 2215 72 108 184 290 401 459 1779 1023 1419 1323 1559 1823 1325 921 1471 1601 837 1604 1121 869 
1006: 2058 2172 606 642 94 1994 1408 
1026: 2058 457 1702 491 
1067: 2058 2212 171 1931 896 606 609 620 1562 2168 195 267 268 1575 1794 673 934 1234 2062 585 686 2216 1582 877 1589 702 651 2124 1756 1606 1229 1760 
1107: 2058 896 1235 1283 933 9 548 106 
1227: 2058 2172 476 1032 563 
1256: 2058 2092 439 612 2114 1274 1433 610 1560 170 
1263: 2058 1873 1478 1264 
1360: 2058 1555 2172 1235 1523 932 934 19 1130 1372 
1397: 2058 612 1365 1697 76 2243 494 495 496 968 1217 1235 1391 1468 1603 1288 300 1137 517 756 1356 1815 2195 566 579 1054 1801 290 127 1611 1552 2299 2230 2 331 2102 2049 97 549 628 922 2267 1984 2059 368 1317 1368 1800 1712 
1487: 2058 439 232 712 76 1901 2061 272 2168 195 267 268 425 1575 1794 2093 156 996 2070 611 1104 1930 1208 1056 1995 638 165 261 868 1101 
1542: 2058 1130 2233 1763 859 
1544: 2058 776 
1581: 2058 1323 1863 1718 
1770: 2058 321 1555 1696 1319 1475 2262 2061 2243 1629 1014 465 768 1012 1780 1482 1538 379 694 1295 904 1174 231 1720 
2085: 2092 1481 1450 1449 232 2052 339 340 457 776 817 1077 386 932 933 1748 1972 435 2167 818 1005 1279 1564 964 619 514 1509 2268 1844 184 683 1672 1756 2209 2086 2140 
1207: 2092 240 269 985 776 1039 1879 988 242 1081 1451 1667 565 1037 1332 407 459 1193 1847 462 2111 278 634 804 973 1792 
428: 2092 2212 2318 1450 1449 24 441 457 817 1447 1788 1925 1940 926 1851 327 388 429 818 2292 2158 1323 2230 239 371 1556 
1279: 2092 439 354 612 896 1918 2172 712 2066 1443 1816 1919 2018 2024 222 380 441 766 776 907 1391 1472 272 2256 2311 23 350 788 1080 1422 1495 1851 1910 1913 2091 266 686 962 1012 1124 608 943 1588 2085 328 727 1680 359 1895 1922 1995 2067 2086 2120 2181 2223 31 169 383 397 412 432 466 491 521 702 827 998 1061 1142 1151 1267 1471 1476 1493 1530 1589 1435 1659 1718 1726 1454 1297 1824 1831 1325 1807 
1617: 2092 2052 71 443 148 1383 1851 924 49 144 784 2006 2303 101 383 1315 1316 
1733: 2092 2318 612 1262 1697 1918 188 927 71 494 496 620 1447 1032 1851 1563 9 2216 619 1577 2268 784 201 364 1942 2102 2217 797 1315 
1042: 2092 2172 712 2093 926 1041 471 9 1860 569 1043 1044 1045 1521 1584 
862: 2092 1785 1919 1788 2103 2197 650 838 976 786 1864 1251 2265 409 489 1013 1002 1731 
1659: 2092 1449 354 1773 1918 712 1813 2066 2018 2075 395 476 776 178 2256 1788 1629 1940 350 788 266 352 585 686 1037 1124 1279 1325 1864 1875 2067 2181 397 887 998 1157 1181 1251 1297 1493 1054 992 994 1900 2104 2137 2242 210 290 491 521 702 769 777 839 1000 1142 1380 1433 1552 1774 1779 1721 
163: 2092 1868 1888 2052 339 340 776 817 926 996 963 1012 2218 9 1882 1749 700 
931: 2092 2134 171 321 1555 1696 1450 896 1307 2172 299 1868 378 1391 1883 2283 2311 21 350 451 932 933 934 1081 1234 1383 1761 1014 1967 2002 119 403 183 579 811 61 9 1165 1430 2089 1066 719 566 730 1961 2110 2165 2176 2289 3 63 89 179 225 251 310 411 412 537 753 1017 1277 1112 1709 970 1281 1113 1384 
1315: 2092 2149 585 924 964 1733 1890 1011 362 1617 1874 326 
1882: 2092 439 896 2035 2139 673 429 163 964 1381 2043 
2036: 2092 2212 1622 269 712 351 609 1472 272 445 1810 1311 502 706 136 1760 2267 2004 634 874 981 1800 
74: 2092 171 321 584 1555 1696 2099 522 1262 2172 149 1758 2033 494 627 885 966 968 2224 394 436 1078 1081 1234 1991 2216 826 925 1233 9 786 1384 643 911 880 877 1763 2247 618 1295 799 2195 2249 1528 1150 1280 1161 418 1709 1225 1618 1624 1127 
87: 2092 2147 988 1629 2095 2146 1298 
118: 2092 12 331 1295 
143: 2092 321 439 1481 1555 232 1554 1795 1821 924 1124 758 1163 727 1173 858 
184: 2092 2212 321 1481 1555 612 188 1758 340 609 766 817 1391 1562 2093 363 673 933 934 1240 207 403 585 818 9 1297 1163 619 2166 2085 1326 89 1419 1624 
465: 2092 1622 2172 351 494 926 9 727 379 550 1770 1210 
487: 2092 2099 1788 1286 1448 1282 953 80 822 1734 1463 
538: 2092 469 901 1037 1278 1398 1109 80 1069 2230 1437 762 1198 61 58 607 761 763 1182 
652: 2092 2172 2052 2323 339 340 405 766 988 156 2268 1274 69 1454 532 676 2225 
709: 2092 1084 2139 1032 2093 319 1748 207 727 2146 1169 1326 
844: 2092 439 896 2052 494 620 267 1056 1756 2032 1186 
855: 2092 1697 2172 2224 275 394 1538 455 1152 
858: 2092 1481 1555 924 758 1163 727 143 334 877 503 
965: 2092 927 76 71 2093 933 585 622 924 964 1111 1995 1691 2293 1729 
1102: 2092 1450 1622 2172 1374 1080 
1183: 2092 1450 1205 1449 1758 609 1935 933 9 1130 2148 
1191: 2092 7 896 1773 1918 494 496 620 817 1032 131 248 517 9 964 397 1083 303 608 
1432: 2092 1682 9 964 1056 1995 154 1691 943 1685 843 651 2088 1710 
1442: 2092 677 151 776 2256 2093 686 1187 346 332 397 1413 1680 292 1671 
1490: 2092 1622 926 957 
1539: 2092 2099 909 1459 1504 962 694 682 2234 448 1488 1556 1423 
1564: 2092 2212 321 870 1319 2172 480 606 609 1077 673 1080 1383 1386 1645 99 517 901 1163 2085 727 382 1085 1756 241 2277 904 1393 
1755: 2092 612 896 1262 2172 458 1391 1234 1233 1035 2234 
2217: 2092 1450 890 188 712 2151 933 1975 461 1733 335 1400 
2131: 2092 2099 677 748 1816 1575 1667 1927 2112 581 1184 9 1157 1054 548 145 813 265 414 448 645 716 1265 1464 1633 1760 
2293: 2092 522 2018 457 458 585 945 1124 1559 2294 964 1995 1473 316 2140 965 
2044: 2134 1646 1159 158 1592 1594 2072 119 504 749 849 1427 1297 1995 2241 982 1843 502 1271 2077 
1193: 2212 2246 1841 2114 609 156 1992 200 449 811 2120 1493 2095 923 720 947 1207 2042 51 1774 1690 1649 922 1806 2170 1350 2051 2080 2084 2128 1584 1824 1326 1404 
524: 2212 2068 585 9 847 900 1435 1740 1835 1545 1847 505 
1851: 2212 522 612 2172 188 1868 1971 441 609 1283 21 300 943 1806 1849 61 784 1496 19 201 247 359 364 428 464 646 1134 1279 1421 1430 1563 1617 1733 2322 2089 2096 2174 1892 
1455: 2212 609 21 131 1080 1570 1057 1568 1850 325 2056 
2057: 2212 55 896 1585 1603 1081 9 719 289 1192 2233 1100 1583 2235 421 2231 
17: 2212 896 494 
31: 2212 111 606 609 907 568 926 1080 1081 212 315 1279 1588 365 2260 1056 1613 1083 
41: 2212 1555 748 1885 351 494 496 606 609 627 1562 1809 155 1940 158 479 497 517 650 9 1810 1811 183 619 1784 2101 2102 2115 649 654 1051 1083 879 
187: 2212 2187 1037 2218 1503 1071 173 693 38 1870 190 
191: 2212 321 439 1319 1205 2033 2188 606 609 627 1562 350 673 933 1089 2072 624 1810 183 1056 2 1266 1903 752 1677 
403: 2212 439 1450 2172 677 712 2066 1868 1971 2018 2022 2114 340 405 476 606 609 776 817 1128 1285 1472 2256 2197 23 926 932 934 1080 1081 1772 450 1014 1873 1967 19 1723 579 328 1680 359 646 1421 2174 461 550 994 2106 2158 2223 180 184 1401 455 1530 536 412 800 1823 931 566 1142 1604 587 848 1498 1373 
414: 2212 439 1795 606 609 1129 1468 1472 1686 1080 1081 565 598 2165 2131 1464 1743 1637 284 628 356 
509: 2212 1450 2172 677 299 1816 2052 340 787 2094 464 622 2070 2230 1142 1569 1080 1570 2242 27 1049 1345 1050 
632: 2212 712 1885 2151 2259 343 495 1212 1109 2277 2280 2273 1903 2043 1469 
654: 2212 1555 1697 249 927 1813 1889 339 340 385 494 495 496 546 609 807 1379 1573 1891 2311 497 650 1308 865 2165 2094 2216 41 1324 1532 1797 172 2102 2177 649 2273 1740 1120 
669: 2212 2099 1773 1562 482 582 1774 542 
706: 2212 1450 896 1901 2033 606 609 1080 1081 1810 619 2036 1373 705 1517 1174 990 1565 1580 
872: 2212 321 1555 2033 1562 1603 1809 337 479 673 932 933 1592 1212 112 248 911 930 167 1810 1811 2289 735 1784 2132 1228 607 1892 239 2298 197 846 1176 974 990 
879: 2212 321 896 1346 1365 2033 609 1288 673 933 934 2195 1811 1982 41 1347 
911: 2212 2172 2033 2259 1273 1809 1821 1594 1979 74 1163 1892 1784 1715 1810 1811 2176 872 2249 1176 1228 990 1127 
990: 2212 2033 1562 1809 337 1212 911 930 9 1810 1811 1677 1784 2132 943 402 1228 706 872 1892 239 2298 846 1176 
1057: 2212 232 1785 1697 71 609 1268 1771 2197 873 1993 1409 1452 574 437 943 325 1455 461 1463 1471 1934 49 919 1465 1731 
1083: 2212 321 1481 1555 1205 1622 1931 522 612 896 1262 494 609 1390 1562 1603 1788 1032 1288 1898 2311 21 242 300 363 673 932 933 1234 1748 2047 611 883 895 930 2208 9 365 1233 41 290 1577 460 1552 50 1568 1496 61 1134 2102 2282 3 31 1191 1763 1829 1756 
1085: 2212 494 606 609 817 1883 673 1564 2174 619 1756 
1176: 2212 2033 1809 337 1592 1212 911 930 1127 953 1810 1811 1784 2042 2132 784 1228 176 872 990 1892 239 846 
1221: 2212 2318 345 351 1915 926 1234 1348 1997 73 1589 1100 2280 302 1075 1760 665 660 1047 2179 1399 
1370: 2212 7 321 584 1555 1696 1450 494 620 817 1379 1523 2173 275 350 363 934 1206 1234 1163 488 1035 517 880 1570 1068 
1375: 2212 1481 1622 216 776 885 1499 424 
1402: 2212 458 963 1056 103 309 1090 
1469: 2212 443 926 1212 2048 1029 1903 2043 632 
1545: 2212 2318 439 1205 896 712 32 351 1217 1603 1821 1348 1212 869 1056 567 18 1937 1100 1657 1257 1899 1090 1835 302 1075 524 505 
1556: 2212 240 2262 1879 164 883 1895 70 428 1539 823 
1565: 2212 494 620 1562 517 706 
1602: 2212 896 609 1504 350 673 
1624: 2212 321 1622 1821 673 1081 74 184 1763 1657 176 1569 894 816 
1668: 2212 439 1562 1523 1788 131 605 1234 895 2269 359 1134 714 2215 610 277 1373 1208 1947 1972 1973 85 205 875 1434 
1728: 2212 1365 2172 609 1129 1257 847 
1784: 2212 1449 1262 220 2033 1665 1809 1288 337 1592 1212 911 1127 1607 9 1810 1811 359 41 1892 488 1863 550 2132 2238 2298 39 138 239 375 846 872 990 1176 1228 
1810: 2212 896 1646 1868 2033 71 494 606 609 1447 1562 1665 1809 268 1575 1794 337 673 1080 1081 1451 398 911 826 943 2042 735 201 1892 1784 1722 1942 2036 2102 2132 2289 41 191 239 459 516 619 706 846 872 990 1176 1228 1569 1577 1725 1811 
2228: 2212 1217 1667 435 928 9 1403 
2277: 2212 522 1365 343 351 494 495 606 609 698 776 1562 1642 686 1092 1564 2294 9 167 1297 632 898 2170 78 2235 2162 2281 2278 
2278: 2212 522 612 927 609 1562 1092 167 2277 898 1100 1257 1075 176 2281 
183: 2318 321 773 1481 1555 1450 1449 522 612 896 1795 188 2033 2052 71 339 340 405 458 817 1603 673 699 932 933 934 1645 1871 2011 198 398 585 818 931 2292 9 1840 2166 2216 41 290 554 1324 619 191 
528: 2318 7 2071 522 1262 1302 2155 1110 1821 1772 2112 1202 811 2216 960 460 1675 2 1842 638 1036 
826: 2318 612 1971 609 1447 1603 1283 1288 673 949 1748 74 99 1810 610 18 1100 1899 8 1090 1835 1842 570 1196 
928: 2318 612 896 2172 807 833 909 1603 1935 21 156 363 932 933 934 1080 585 774 924 1844 1960 1995 2228 9 61 251 642 644 1017 964 1734 1373 
1165: 2318 2025 1971 590 21 1972 1967 931 566 579 1685 1850 991 1079 1271 
1271: 2318 439 359 1536 1680 1801 434 1995 328 1850 1165 2044 
408: 2318 1868 9 1760 
1111: 2318 1481 1555 522 896 1070 1302 76 1868 351 817 1374 1379 1940 2311 21 275 300 932 933 934 1234 1967 257 478 585 587 1327 83 426 566 579 811 964 1233 1350 1780 61 1430 2089 1961 2296 542 619 922 965 1017 1139 1267 1801 1179 1513 1112 1625 1130 
505: 2318 1653 240 522 1475 1609 186 320 24 539 1447 1603 1631 155 1514 110 158 1348 2112 336 869 1278 2275 719 1716 1895 20 373 1411 1076 1627 1223 334 2146 2295 18 1035 1100 1257 1899 1090 1075 1134 1545 523 542 1897 746 308 524 1874 102 552 
2176: 2318 2147 612 896 76 1885 1390 1759 911 931 289 2216 1618 898 2146 1691 2233 1763 2280 1021 2102 1350 2101 578 
1305: 2318 1070 188 1888 478 924 1389 1577 
2292: 2318 1319 354 612 2172 1888 2018 151 457 817 1702 203 926 478 945 183 943 727 428 459 331 2148 298 532 1482 1633 
1897: 2318 445 505 208 1569 
2038: 2318 2256 
2115: 2318 612 351 494 620 517 41 1756 77 542 
8: 2318 1319 612 927 32 1901 71 1129 673 933 1495 1748 9 1801 273 696 375 225 3 826 1321 
342: 2318 1697 1971 343 46 1109 735 270 1174 1218 1605 79 
593: 2318 1555 2130 522 896 985 494 620 1603 1999 1656 1511 137 804 1721 173 
617: 2318 
710: 2318 677 712 2066 1443 776 686 9 44 2268 142 
797: 2318 188 927 71 1631 1748 2091 963 1630 1628 1733 
868: 2318 151 343 907 152 1553 1619 749 1185 9 769 1487 2004 913 1952 69 2210 742 
904: 2318 896 1084 457 606 1273 996 1451 1564 1323 550 1770 
1040: 2318 495 1403 
1075: 2318 321 773 1555 1696 389 522 831 896 495 807 1447 1603 1448 926 1348 565 1073 1332 2321 167 1179 407 18 1074 1100 1257 77 1899 2278 1090 505 660 1047 1545 1221 
1139: 2318 933 1645 1111 1113 2289 
1189: 2318 787 688 1010 693 1354 2223 280 1002 595 474 
1433: 2318 896 1646 1773 712 2066 2018 395 776 1329 1495 517 674 686 1184 1325 42 397 998 1659 1680 491 1814 1326 1256 
1528: 2318 896 1302 1443 351 815 1235 1667 74 903 426 811 2089 44 950 642 769 265 261 716 2196 1569 2104 1372 
1547: 2318 1447 867 167 13 2177 
1594: 2318 773 522 612 896 1262 1585 149 627 675 776 1523 673 926 1234 1495 1592 1614 1667 1759 1233 2044 843 1608 1073 1074 1995 911 503 1763 1756 1208 1281 2138 676 738 1156 1593 
1812: 2318 439 131 681 2242 
3: 7 321 1555 1205 612 896 1070 149 71 494 675 1821 1283 1288 2283 319 363 932 933 1234 1383 1772 1949 2152 207 931 951 964 1618 2166 1577 1306 1083 303 223 1483 8 2110 2276 1737 
1073: 7 773 1653 1696 240 522 896 1262 2172 149 1758 2052 2061 627 675 1603 394 1234 1240 1348 1386 1495 1592 1759 1594 367 1233 1324 471 1608 1865 2095 341 503 676 738 1548 1173 1820 1074 1075 1208 1593 1437 1245 
1371: 7 584 1319 1622 612 609 1379 1603 1940 275 1570 638 1162 912 1068 1480 
455: 7 232 522 1561 339 340 435 403 497 855 963 2301 1109 1350 2268 362 2111 1180 1710 
69: 7 712 151 343 833 152 482 983 585 652 1185 9 769 628 868 863 1952 1768 
1353: 7 1014 1127 1937 452 108 1709 
723: 7 1319 1365 149 927 1758 71 1235 1379 2019 394 1234 924 1233 2265 567 1186 1461 1120 
604: 7 927 71 494 609 620 865 1179 1511 1163 283 619 2269 2177 1261 
1185: 55 2172 2151 436 221 2094 471 913 1952 231 69 868 1960 317 
1814: 55 2147 712 2066 776 1291 1390 933 1913 686 768 963 1232 346 2067 359 1536 1160 1433 1876 179 827 1321 1363 1380 1529 
1583: 55 321 1585 1758 1603 1081 1759 289 1192 2233 2057 421 
694: 55 32 1901 351 480 494 495 496 776 1771 1748 1014 352 497 1398 132 1297 727 1630 488 1568 96 1734 1916 281 375 473 592 1276 1539 1541 1417 1368 1458 1612 1613 1126 857 1770 
1232: 55 1653 1481 400 2172 1889 1926 441 443 495 546 885 1504 2320 198 449 883 1970 646 1066 28 1045 1801 1814 10 316 1649 396 737 1007 610 1133 1196 
21: 171 612 890 1773 188 712 1166 1888 1901 1948 1971 60 71 151 494 545 589 620 817 1573 1642 1771 148 267 268 1575 1523 1054 1723 895 943 928 784 1851 1165 1455 2317 1913 1961 2062 2063 2067 2089 2167 2181 2203 2289 388 1427 1428 931 932 933 426 892 1009 1014 1017 508 517 1380 1055 36 562 1083 1080 1088 1111 1112 1113 152 1119 98 615 622 120 1154 648 1685 169 686 1710 1716 1192 416 750 756 260 261 775 1520 1297 1304 951 1389 1325 357 304 311 832 847 1372 869 359 364 365 878 
1801: 171 1622 389 1773 754 1888 1971 60 82 339 340 589 817 1771 267 268 425 1575 1794 1915 699 932 933 1080 1304 1014 2167 260 622 756 849 1127 1232 2203 9 83 365 426 832 951 1088 1111 1112 1716 1961 878 259 2268 1271 1874 2032 2247 8 36 81 180 261 273 562 1009 1267 1397 1508 1604 
1524: 171 321 1555 320 1758 1868 1885 1603 1940 2103 2127 2129 479 715 933 934 1089 1304 1451 1667 1669 1803 2152 945 2234 
1525: 171 1481 1555 1450 1449 612 600 351 1603 1523 2103 2129 319 436 479 715 933 934 1089 1137 1451 1667 588 1619 1281 1669 206 
1618: 171 1319 149 677 2283 319 394 1234 1759 74 1037 1482 1233 2176 1589 1763 3 1368 1461 20 1502 
893: 171 1555 1319 1622 216 522 896 1554 1646 985 1885 776 885 907 1235 1603 1523 1788 673 1430 1313 585 926 869 1878 1995 2063 2257 44 248 1282 1793 922 1694 1061 1323 1582 
1055: 171 216 2061 776 2256 21 158 350 367 1054 1323 1380 819 
109: 321 584 1555 1450 896 320 1885 966 1447 1682 1523 1915 2224 1840 1871 2095 283 758 1667 1163 1715 1297 1179 673 932 933 167 676 1208 1212 970 1495 866 1130 1386 1645 
1387: 321 1555 522 896 748 1758 32 351 494 495 966 195 1933 1935 319 1240 1386 1495 1614 1667 1669 1759 1852 336 585 865 964 1427 1577 57 1160 1106 1498 2073 615 1635 
1584: 321 712 807 19 1041 1042 1043 9 1045 180 270 1193 1044 471 1860 241 1521 
715: 321 1555 1319 1205 612 896 1084 712 988 1523 319 943 1862 1863 2067 2263 174 213 587 703 1524 1525 1284 1669 1495 926 1823 1568 1493 1750 1240 1130 
566: 321 1868 1645 403 587 931 83 758 579 811 1324 1165 486 719 2 1961 2003 85 238 1625 1397 1477 1112 1113 1111 1513 
1811: 321 1555 1868 2033 496 1809 337 1212 911 1127 9 579 1810 943 784 2089 1892 1784 2298 41 239 846 872 879 990 1176 1228 
225: 321 1555 1758 495 1629 2129 350 933 1871 906 931 1357 1570 1233 8 
753: 321 1555 522 748 1159 1891 1898 2311 932 934 1495 98 467 581 931 963 357 1018 2165 106 567 1734 440 770 1121 821 1483 982 1825 
1228: 321 439 1555 612 2033 351 1447 1665 1809 267 673 932 911 930 1810 1811 1784 2132 1892 239 872 990 1176 846 
2011: 321 1319 2172 1234 183 1233 924 1807 
2103: 321 1555 1450 1554 320 480 494 495 545 1374 1379 1523 1940 1667 862 158 1524 926 1234 1553 2209 610 1240 2127 1132 89 1241 1525 1669 2129 
2127: 321 1555 612 2172 320 927 71 385 968 1523 2103 1029 1667 386 1524 1495 1553 273 1240 1924 277 1137 93 450 482 648 875 1115 1241 1729 2129 
2152: 321 1450 1449 2172 351 441 1447 1575 1940 2197 1014 1054 445 73 9 1587 1524 1418 429 848 1677 1942 3 514 
2225: 321 773 1696 496 817 585 652 1715 676 970 1608 769 646 2102 412 
2249: 321 584 1555 1697 1758 2311 1081 74 911 1127 9 1709 1161 1150 
140: 321 1555 1205 275 933 582 1152 1610 
258: 321 1555 1696 861 1759 106 2242 
311: 321 439 1486 2018 395 776 155 2256 1940 21 350 585 587 1124 2067 328 1680 2265 397 992 994 1297 1157 1258 702 2204 2205 2206 1122 355 
1419: 321 1481 612 817 479 933 934 1089 1451 1645 1748 585 818 9 786 2216 2166 1323 184 2268 
912: 321 1555 1319 653 1371 
431: 321 149 1523 275 319 394 933 934 1234 549 2203 859 1502 
503: 321 1481 896 1262 1346 1365 1773 149 627 675 1915 1234 1383 1759 1594 585 945 1073 157 953 1715 1413 676 1570 548 1233 619 769 858 1743 1320 362 2104 2137 2242 279 829 1347 1281 
1543: 321 439 1798 1555 522 896 1084 1697 885 272 1089 903 1018 1587 1100 1582 1941 1404 
1061: 321 1555 1450 1795 155 350 893 932 933 1997 1279 1326 
1115: 321 1555 149 627 1523 2127 93 363 1233 1667 2037 1173 
615: 321 1650 1555 896 149 1758 495 609 675 1603 21 300 932 933 1089 1234 1645 1759 2001 209 643 1163 1233 1387 1162 61 898 877 1051 356 1225 
1140: 321 1555 1033 1220 1163 1720 
648: 321 1622 269 71 2127 2173 21 300 1137 1451 2295 61 1430 
1188: 321 216 1697 2022 1129 99 883 1012 9 95 1598 
1225: 321 1262 149 1758 627 675 1234 1759 74 865 1066 1233 521 615 1257 1569 877 1589 1265 206 
1829: 321 1555 1319 896 1495 714 963 2218 9 727 1083 236 
352: 321 1555 1450 354 2172 712 1813 2018 457 1915 2224 100 350 1163 1124 1659 1297 694 491 341 790 1431 998 
1386: 321 1555 1450 1205 1449 2291 896 1795 339 606 1343 1468 1603 1523 1915 1935 109 363 758 1163 1645 865 1387 283 1667 1073 585 144 610 304 290 582 881 1152 1173 1564 1610 1753 
746: 360 1966 833 155 926 435 1014 445 437 230 505 
1318: 439 1838 787 1858 1859 1912 2255 2256 423 484 568 1032 1283 1288 1499 1629 
1850: 439 612 1070 2027 1486 380 458 1129 1603 1286 1748 1772 1212 674 9 1680 727 781 328 79 1165 1271 1322 1455 1535 2317 2253 
1873: 439 1622 389 1070 1554 1773 2172 339 476 671 817 1285 1286 1448 1451 1759 1106 9 1069 1834 1515 403 1179 2296 1568 388 492 521 523 527 642 818 962 991 1142 1263 1297 1320 1325 1409 1411 1493 1498 2240 
1910: 439 2172 677 712 441 776 1217 1723 1496 328 1680 1279 550 1174 1297 1411 1309 1613 78 231 588 720 1529 1536 1639 1705 2029 
1961: 439 1868 21 1667 1967 587 931 1327 566 811 1111 1112 2 1328 1513 1574 1625 1801 1964 1963 
1979: 439 2147 2172 157 911 1559 
1986: 439 896 2033 441 1603 1348 1495 207 2275 103 1722 
2067: 439 612 712 2066 2018 2035 395 766 776 817 1374 2256 21 715 1080 1913 591 674 963 1124 1279 328 1680 397 1659 521 1297 2028 1814 491 80 233 311 839 878 1157 1476 
2093: 439 1622 240 522 896 2172 1830 340 817 1268 1285 1374 1447 1523 1788 1286 1448 1042 853 585 964 642 1142 319 1487 1921 1996 184 504 651 709 965 1208 1442 1621 1756 
2157: 439 131 949 1772 504 1179 1777 
2275: 439 612 2172 345 1603 2216 505 362 1986 265 460 847 
2285: 439 144 
2286: 439 56 896 1603 932 1669 642 57 645 
64: 439 712 1504 2019 482 949 450 504 437 2029 
95: 439 870 896 1971 2139 476 817 966 1391 1788 131 300 482 933 949 2091 553 774 869 125 132 811 1179 2165 1577 2269 1380 608 1219 1906 1188 1635 330 1760 1258 
98: 439 896 2172 2284 339 340 1217 155 21 158 1761 2216 1056 1350 843 247 865 357 106 1174 753 963 827 
106: 439 1084 1697 1948 2284 340 817 1159 1217 1603 98 963 357 103 753 827 258 1100 1825 1856 1174 1107 
120: 439 1653 2172 609 1771 21 300 9 727 388 1403 619 
144: 439 1555 1319 1554 1585 1795 2035 1603 1891 2224 319 363 673 926 1386 2047 497 517 9 1297 1741 1173 2102 1617 1403 2285 371 1566 
196: 439 2139 1563 331 1295 392 
251: 439 1888 339 1379 1788 1286 1422 924 928 931 9 758 1441 39 1162 
266: 439 1270 2172 712 1027 380 395 776 907 579 674 1279 397 1124 1659 585 571 383 1177 534 2063 45 1741 
273: 439 612 896 1901 609 776 203 268 1448 2127 23 135 1520 1151 1801 277 1577 8 937 696 1373 
331: 439 1885 2139 457 458 546 1235 1631 2168 195 267 268 425 1575 1794 242 198 262 867 1327 2292 426 1397 1320 1941 118 196 261 294 424 1620 
365: 439 1555 216 896 677 712 1830 1868 776 817 907 1118 568 1283 1288 21 686 848 1029 1496 328 1680 1864 31 169 1417 1801 1297 922 1824 719 1083 702 1639 
887: 439 2256 1124 1325 1029 328 994 1659 1952 840 
1566: 439 712 2035 2139 151 441 1010 926 883 1493 1494 1123 610 1173 144 1169 1671 1580 
1320: 439 1262 1307 1919 817 1374 1379 1472 1940 131 479 1873 478 869 346 730 1715 676 2230 503 2253 1035 313 331 542 1529 1354 
962: 439 389 896 2172 249 2066 32 1885 340 351 385 495 545 1159 1925 1940 158 926 1081 1645 1212 1873 1997 2072 262 445 954 1496 328 1279 2174 825 309 357 103 556 953 1427 2181 2203 52 68 290 567 610 770 803 820 915 1532 1678 1560 1539 963 1825 
475: 439 1450 1449 2172 1002 
508: 439 1622 1788 21 2039 
536: 439 2139 441 1907 112 403 9 1324 70 424 77 1632 1884 722 959 
1050: 439 2075 339 340 609 509 926 1304 464 848 2218 2300 2094 43 1160 1685 1049 722 2196 147 700 1345 
1088: 439 1868 494 620 1291 21 300 517 1430 2089 922 1801 
1688: 439 1449 1748 379 1657 1174 243 
1173: 439 1555 1319 1585 1758 2035 833 885 1391 1603 1788 1933 2224 673 1115 1137 1386 1495 1592 497 517 585 1073 9 1297 143 881 144 2102 1671 1566 
1692: 439 1365 272 203 1995 1158 829 1635 
1695: 439 1296 1901 2323 1459 2117 521 1155 1989 2232 473 592 1458 
1261: 439 32 494 620 267 714 2230 604 537 2032 
1274: 439 2172 1666 1940 435 2072 456 652 1723 1322 1035 1427 1428 2165 567 1266 1306 980 982 1226 1256 1825 1503 
1282: 439 896 712 1888 2114 351 480 817 885 1285 1379 1523 2256 1788 1286 1448 242 319 479 893 585 1597 1297 1451 271 1913 487 920 1406 1441 
521: 439 400 712 2066 1443 2018 776 1285 350 1873 1913 2091 674 686 1124 1279 1559 181 2120 2067 2181 42 397 1297 1659 943 383 489 1774 1267 1142 1671 1695 702 1726 1225 1627 1380 
808: 439 612 2139 80 270 2177 
534: 439 1450 1449 1622 612 712 441 480 609 861 966 968 1285 1374 1790 1010 1788 1940 152 479 1451 266 1452 951 1953 1297 1621 670 722 1471 2223 1985 2194 2242 1828 595 
1187: 439 1773 2172 2272 1285 1788 1286 112 346 334 2223 383 1002 1671 1442 
1520: 439 1622 2172 1129 1447 1940 21 23 435 1257 837 437 273 
1865: 773 1481 1696 522 948 2061 350 553 611 853 1073 1548 1704 1608 1675 2012 1074 
2161: 773 1653 1285 1788 1286 1448 926 19 945 865 574 1218 366 
1548: 773 1481 1696 2172 2061 1073 1608 1865 1074 2230 1704 
1704: 773 1696 2172 2061 1548 1865 1074 
1593: 773 1481 1696 2061 1592 1594 1073 1056 1608 1074 
1239: 870 1918 2172 1273 315 608 1866 1491 1607 
127: 1650 1262 1365 1889 1379 1575 2224 2283 275 337 394 1089 1234 1759 585 1127 9 157 1163 283 1441 39 1397 146 277 1721 1611 
1611: 1650 1697 149 1889 620 1379 1575 1288 2224 275 337 394 1495 1759 585 9 157 283 1056 127 277 1441 843 2032 39 720 1397 
356: 1650 831 1758 609 1759 615 414 1832 
1029: 1653 2025 677 2139 2284 2127 131 152 605 934 1081 1748 1761 1907 388 650 1866 365 579 2089 887 944 379 827 2230 1035 1806 1257 2253 1847 1903 2236 550 1469 1246 
1045: 1653 1481 712 1926 441 443 546 2320 449 1041 1042 1043 1232 9 1066 28 396 10 471 1860 1044 270 569 1521 1649 1584 
1869: 1653 46 1568 809 
10: 1653 1481 522 612 782 1646 249 1926 1885 385 441 443 545 546 609 968 1771 2320 242 1772 449 1232 1066 28 396 610 825 1045 1649 270 
737: 1653 782 249 891 1889 1926 385 441 443 545 546 449 631 883 901 1232 1066 2165 1498 396 1649 1685 1007 
1393: 1653 522 1365 927 32 351 495 966 926 1033 1495 1014 869 1377 1564 1715 1297 1570 1498 379 1756 2273 364 1293 
1421: 1798 933 1851 403 624 963 357 1903 1344 958 
969: 1798 2147 1016 1697 2113 933 713 1494 1471 529 
2002: 1481 1555 1205 896 2172 149 1868 675 932 1234 1759 1233 2089 931 2289 2138 
2308: 1481 2172 343 203 869 1109 689 2265 2260 
70: 1481 240 485 445 1597 1493 1556 536 2309 
810: 1481 2172 2182 1885 1788 158 1864 2230 160 1210 1245 
1017: 1481 216 1697 71 1459 1682 21 152 300 926 932 933 934 248 585 924 928 931 9 730 964 1018 1111 359 221 461 328 1496 2322 1381 1734 1832 922 298 
1226: 1481 1365 1585 2274 1231 885 1472 1666 1788 926 934 2072 456 1064 1274 1427 1428 2165 1503 567 1306 980 1266 1322 2177 1977 982 1825 
1734: 1481 1697 53 2156 1888 457 589 1682 131 300 926 198 248 585 841 924 928 9 730 964 1018 548 103 753 401 694 1496 1017 2322 550 89 298 487 1280 1750 
364: 1555 188 2052 339 495 1374 2113 2283 21 1851 901 924 923 1995 1733 1977 1373 2268 784 2128 1393 
1134: 1555 896 2066 1901 1603 1032 1283 110 1668 1851 622 714 727 1995 1236 1083 1685 784 502 505 1063 
1113: 1555 1696 1868 351 378 1391 2283 21 23 932 933 934 1234 1383 1014 198 257 931 9 566 1112 61 1430 2089 825 2165 1139 1281 1384 
1384: 1555 612 782 1868 606 1379 363 932 933 1234 1748 74 398 585 931 1127 1113 1233 1780 61 2089 1550 
1511: 1555 1868 351 494 620 517 2297 593 604 1403 1823 
1818: 1555 1039 1871 1171 
1072: 1555 776 933 1645 1878 34 452 1793 
1418: 1555 1450 2172 966 967 2224 23 1495 2152 19 963 2216 9 103 1881 290 610 1323 
2280: 1555 1697 1391 1788 1997 198 963 1462 632 2176 1221 660 1047 2051 
2294: 1555 1450 896 2172 712 748 457 458 1285 1603 1212 308 727 964 1142 271 2293 2004 2277 
277: 1555 1449 896 149 1379 2127 2224 275 319 337 394 1234 1668 895 9 157 283 127 488 1611 273 165 1916 2069 36 412 1717 1610 1121 
829: 1555 2099 354 522 896 1084 1791 1504 267 1495 768 1572 503 2032 1692 499 
1195: 1555 776 195 267 268 425 1575 300 1772 1127 2299 882 1754 97 1709 261 
1267: 1555 400 1646 1816 885 1898 1915 933 934 587 686 903 1279 1327 9 1111 1801 491 2313 521 1142 1743 1380 
1335: 1555 932 933 934 1234 9 1233 
1480: 1555 675 350 1234 1233 1369 1371 1613 
1614: 1555 1319 1622 2172 351 1379 1523 1940 275 1080 1234 1240 1422 9 1387 1715 923 2037 619 1452 651 1936 676 970 1281 1594 1619 
1619: 1555 1205 782 380 1379 1821 1523 1940 2129 275 926 932 934 1080 1234 1422 1525 1614 9 283 616 869 253 2037 1441 2102 1452 868 
1669: 1555 320 372 1128 1603 1523 2103 715 996 1033 1241 1525 1667 486 1387 1524 2073 1238 2286 886 
1712: 1555 2168 195 267 268 425 1575 9 1397 265 261 
1832: 1555 522 896 1791 1758 395 1273 1603 1782 100 1924 1017 356 877 448 
1454: 1696 354 1773 1971 476 1504 2019 156 479 482 949 1089 1451 1772 478 504 652 869 1279 1694 2078 1297 1255 1710 
1569: 1696 2147 1701 1948 952 509 156 157 1810 1975 14 1225 2146 1090 335 1528 2128 499 1897 1624 871 
1970: 1319 896 32 1891 673 1124 1184 1232 1570 1121 1649 1446 1845 316 
1977: 1319 1885 1888 111 1129 1575 435 445 1559 1711 2216 1056 1482 1109 432 461 989 1226 638 943 784 364 2267 
1779: 1319 1450 1449 712 1888 2018 2052 395 776 817 2256 1913 686 818 1124 9 397 1181 1251 1297 1659 1680 169 401 491 777 
50: 1319 776 1891 1915 843 560 594 1083 
877: 1319 400 896 927 71 494 620 1603 2065 275 312 1234 1759 1923 1997 2037 74 1764 167 1067 1587 1482 1233 520 881 858 1306 1266 615 1225 1461 1100 1763 1832 880 1899 1203 1133 
2213: 1319 1032 119 586 976 1247 2265 452 2304 798 
34: 1319 720 1072 837 1534 1766 86 626 
44: 1319 354 2256 350 893 710 1528 2204 2205 2206 355 
90: 1319 966 319 673 1089 1383 1130 1323 
104: 1319 149 609 1288 300 
129: 1319 149 
205: 1319 354 2052 485 776 23 1668 1124 1577 1109 1995 2268 362 2196 588 1743 2199 1000 
421: 1319 896 60 609 1273 1343 1603 100 673 1081 2070 591 611 650 289 1233 1192 2086 1693 2233 1583 223 2057 499 578 
540: 1319 354 1495 650 
555: 1319 2300 1482 
703: 1319 1285 1788 1286 1448 23 715 471 430 1079 
731: 1319 896 712 2066 185 1409 49 989 1174 2211 86 
881: 1319 782 1935 2224 1033 1386 1667 758 283 92 1361 877 1173 2273 628 1052 1804 1162 
888: 1319 1482 1579 777 
998: 1319 1450 1449 891 299 1971 2018 151 343 457 766 776 968 1285 2256 1788 1286 1448 1032 242 932 435 1014 352 674 775 930 1124 1279 1325 719 397 1834 616 994 1659 434 1297 1181 437 491 1726 1807 1172 1433 1169 
1078: 1319 1449 1919 485 609 776 807 817 1128 1686 203 1523 2256 23 436 762 461 2102 2289 231 661 1947 74 1194 
1284: 1319 522 339 907 715 951 1482 
1294: 1319 1805 12 1482 2307 
1477: 1319 581 587 566 579 1589 1272 2003 85 
1578: 1319 2024 245 650 1052 
1518: 1319 2262 1340 1813 1128 1573 1794 1940 926 867 43 2295 265 45 1685 716 535 2118 2214 513 1287 
1765: 1319 340 523 
1336: 1319 1667 975 
787: 1450 1449 1048 907 1285 1447 1682 747 1838 1858 1859 1912 2023 2255 2256 423 484 493 509 568 688 1010 1395 1788 1286 1189 1448 1318 1300 1499 
2317: 1450 1449 1070 1918 1971 817 1940 21 152 386 435 359 1577 437 2086 1685 1850 1219 
1953: 1450 1449 712 1971 2018 151 476 2256 1032 152 242 1559 1361 1297 534 94 182 280 514 
1985: 1450 1449 1451 1056 534 687 2193 
2088: 1450 1056 943 1432 
2206: 1450 42 44 311 
379: 1450 1307 1966 776 942 1472 1940 100 131 275 933 934 1089 1383 1495 1014 2070 465 622 963 1382 2158 1780 2289 1109 1029 2253 488 1863 1958 2086 2132 2230 39 231 1393 412 1276 1280 1295 1174 1568 1063 1323 1218 979 1750 992 1763 1770 1688 
442: 1450 1504 1940 2019 479 1451 
451: 1450 1449 2172 149 1273 1523 363 931 932 933 1234 1763 
478: 1450 1449 1773 2172 712 476 1504 1771 1940 2019 152 479 843 1111 1320 1305 2292 2273 66 1774 504 542 1571 1454 
527: 1450 1449 2075 817 1285 1788 1286 1448 1873 2096 818 2260 574 2269 362 
550: 1450 1449 216 1816 609 817 1014 1910 2070 403 464 465 622 818 848 1310 1018 1911 1164 1380 1192 1784 1734 1035 904 1863 1029 231 513 1153 1710 692 
616: 1450 1449 712 2018 776 1603 1619 1325 1864 42 998 1251 1215 992 
722: 1450 1449 1622 2022 2052 909 1039 1883 9 1621 642 534 1050 536 1606 2125 
775: 1450 1449 2172 712 1971 2018 2052 2075 476 543 776 817 21 686 1723 9 397 2230 642 818 1297 1325 1493 1219 2049 1251 1536 998 
803: 1450 1449 32 1940 962 
949: 1450 1449 1070 1773 2172 712 1830 24 151 476 817 1771 1523 1940 23 152 300 363 479 482 758 826 1772 818 1451 1219 1975 502 95 542 2157 64 504 886 1774 1706 1571 1454 
989: 1450 1449 1785 480 776 484 1940 479 873 1451 435 2047 650 1452 1179 432 1977 29 280 656 731 823 1396 1144 1836 
994: 1450 712 385 776 1448 403 1864 311 887 998 1157 1181 1297 1493 1659 1680 1054 777 1726 
1157: 1450 1918 712 2066 2272 395 776 1268 1631 2256 1032 585 686 1124 2067 311 397 563 221 957 328 1680 646 994 1659 1297 1181 1251 1613 1536 1639 491 2107 2131 702 1726 1453 1685 
1181: 1450 1449 216 712 1888 776 1771 2256 1124 1151 1905 397 998 1157 994 1659 1142 1297 1493 491 1779 
1204: 1450 1449 1758 2151 1940 1089 1451 1014 1427 1208 2069 510 1750 
1416: 1450 1475 2172 2230 979 
1749: 1450 400 2052 494 620 580 163 103 1743 661 1373 2210 
1706: 1450 1940 482 949 1451 
2269: 1205 56 354 1918 748 2022 495 833 909 1343 1448 1898 131 482 1451 1668 1772 553 1012 9 346 668 1982 1577 527 608 1845 2261 95 180 303 483 604 610 837 921 991 1169 1174 1223 1258 1368 1471 1509 
882: 1205 195 267 268 1575 1014 207 768 1127 1866 2299 1195 2268 471 488 412 
1884: 1205 32 1234 1233 459 536 
1898: 1205 896 151 776 1523 1283 1288 2269 1577 319 753 1385 2289 502 880 1083 1267 
2020: 1205 216 1553 
30: 1205 1553 1949 
483: 1205 1343 1821 2311 131 363 435 2269 1385 1760 1483 
489: 1205 1646 1918 53 320 1813 2018 575 1647 1498 521 862 224 837 433 
699: 1205 612 896 1971 966 967 1523 183 1233 1667 1801 1234 1495 1323 39 
852: 1205 351 1702 155 1607 2094 310 971 
1483: 1205 228 485 1821 2311 363 1949 327 867 1056 753 483 1582 3 1126 
1800: 1205 56 896 1231 817 264 2168 195 267 268 1575 131 1553 262 426 1397 2036 937 261 
1863: 1449 1475 766 131 715 1748 2070 622 650 2120 548 379 1784 1035 488 550 692 1581 
670: 1449 776 1588 1297 534 
991: 1449 1971 151 1032 152 1873 993 1310 563 2269 1509 646 238 1165 1710 1168 
1154: 1449 21 2124 809 
1859: 1622 1838 787 1318 2255 435 568 1788 2256 1866 
2256: 1622 216 1302 712 1048 2066 1885 1971 2018 24 351 405 776 817 1838 787 1318 2255 1859 1858 1864 1875 1905 1912 1913 1930 1953 2038 2067 2078 2091 2181 2240 2244 23 42 44 209 242 289 311 332 346 359 363 397 403 423 484 563 568 586 643 674 686 788 878 887 920 950 998 1055 1078 1122 1124 1132 1156 1157 1181 1251 1279 1282 1297 1413 1442 1493 1499 1536 1621 1645 1659 1661 1680 1779 1780 1788 2296 2260 
1874: 1622 926 1801 374 505 1315 
1894: 1622 712 2188 1788 1286 435 1297 437 1952 1978 
1952: 1622 609 1940 932 954 1185 1895 887 1621 628 1894 2270 1403 868 69 1950 
2193: 1622 435 1621 2194 1985 2039 595 1828 
2319: 1622 2172 2274 776 1713 
81: 1622 677 712 1791 2151 82 953 1801 477 2150 33 
212: 1622 1931 2071 2099 1475 2172 575 1235 568 300 139 2216 1588 1106 1297 588 136 2079 1932 1936 2078 31 1034 410 296 1082 1104 
338: 1622 1553 2160 
678: 1622 817 1621 
851: 1622 
892: 1622 782 1365 1285 1788 1286 1448 1629 21 398 2218 1621 
919: 1622 1962 585 1621 1057 2230 518 1174 
1082: 1622 216 1086 891 2035 212 963 1627 1471 790 2325 
1105: 1622 1621 
1356: 1622 2172 1603 1621 1397 1248 
1610: 1622 1933 1935 2224 319 1386 585 277 92 140 
1671: 1622 1773 1285 1286 112 585 1187 579 2078 1442 1621 521 1173 1403 1566 358 1209 
201: 1931 1918 1851 1810 1733 1760 
1339: 1931 1889 2243 359 1498 
972: 1931 896 651 1760 
1769: 1931 885 1607 1760 1174 2122 490 
1950: 1931 1609 677 381 178 330 1760 974 1952 
2235: 1931 612 896 32 496 966 1603 1234 497 756 2216 2277 804 1051 2233 1021 2102 1740 2057 2231 
756: 2071 318 354 420 1697 2172 1868 817 195 267 268 425 1575 2197 21 300 926 934 1014 2070 2112 262 304 2216 608 1430 2089 1174 2063 2235 2238 14 261 289 424 610 1397 1403 1540 1801 922 850 1218 1380 
168: 2071 1365 927 1901 71 458 589 110 530 624 1127 9 1570 1446 
874: 2071 24 111 350 2230 2036 61 682 981 1400 1287 1516 
2231: 2099 885 1081 1089 289 1192 2233 1074 2235 2057 
761: 2130 1853 1660 1819 1926 2022 609 469 901 1278 1398 125 1069 1437 762 1198 58 538 607 763 
938: 2130 2172 1701 2066 395 766 802 482 873 397 419 1731 463 1711 38 718 
2039: 2147 677 351 494 1032 674 1310 346 1509 1777 508 145 1843 146 347 1168 1349 2193 
139: 2147 354 1330 2172 927 1901 158 2112 1056 535 1845 1930 2032 2177 790 941 1587 830 1478 1354 212 
941: 2147 677 139 2012 1149 1471 308 1845 
1149: 2147 890 1390 1665 264 267 268 1575 800 426 2296 567 2012 2146 1845 941 594 1606 
1956: 2147 522 1070 1853 2172 188 891 340 495 968 482 932 1806 784 1109 1914 290 459 610 963 1018 1373 1606 2218 
1909: 2147 927 2052 2243 71 339 340 267 926 517 848 2313 97 180 1471 2268 1174 374 
2029: 2147 817 268 425 1575 1794 1283 1288 1910 207 504 818 848 895 1588 359 1936 459 1142 1380 502 64 1295 1507 2312 
132: 2147 56 1773 1918 1486 1868 2139 2151 111 476 967 1091 1891 131 319 1913 304 869 1202 1377 123 125 2216 608 1998 461 1158 2 2124 2238 95 499 238 1540 1297 663 668 160 303 610 1577 1635 694 1219 836 172 736 1380 1255 1326 
295: 2147 1235 158 1540 886 2081 
529: 2147 343 609 968 530 1615 969 
2241: 2147 677 1969 963 1090 1403 2253 2044 1914 
1410: 56 1273 1553 1158 
1012: 56 2172 1443 2022 2139 211 2269 9 1279 163 2165 2158 651 296 1188 1770 
812: 56 1562 416 2267 2111 977 
832: 56 1070 712 1868 21 300 587 426 943 177 1009 1801 922 1258 
1576: 56 1070 425 304 963 167 1579 461 610 298 2017 
977: 56 1697 1374 425 479 2267 2111 812 
1054: 216 1262 1646 2155 1971 457 776 267 1032 1283 21 131 1014 2152 1588 1055 1297 1659 642 1840 2131 2313 328 819 992 994 1025 1264 1417 1397 1572 1613 1380 
308: 216 800 2294 535 1845 1200 505 941 
2299: 216 400 776 272 2168 195 267 268 1575 1794 479 2070 262 686 1190 426 642 638 2042 1806 328 882 169 2049 1613 1397 424 261 1195 1746 
2302: 216 
2307: 216 1323 1294 
2312: 216 1235 686 9 1297 642 1056 491 1975 2029 335 1396 
150: 216 1161 658 664 657 
165: 216 232 2155 1443 494 606 609 1913 869 1034 1104 1597 786 1056 277 1487 1600 316 1403 1431 1101 
427: 216 429 2295 
1458: 216 1296 1719 1631 565 359 642 694 1496 330 1633 1632 1695 471 2118 592 
1567: 216 2139 869 1002 
659: 216 
1606: 216 2052 2075 2243 203 1956 1997 2068 135 9 1067 1498 1149 180 722 1827 
633: 216 1491 1517 711 
1656: 216 2172 1999 353 488 1605 593 
1681: 216 2172 727 1465 
1741: 216 1262 1475 2139 495 203 135 266 9 346 1018 642 1743 144 347 2180 
939: 216 2072 783 
1751: 216 606 450 603 804 
687: 216 1985 1177 
1264: 216 1646 24 495 253 1478 1054 1263 2144 
783: 216 320 2035 2072 2096 1376 939 
1807: 216 1262 712 2066 2011 674 686 1279 288 998 1297 1493 1568 
72: 232 776 817 885 267 1915 818 1677 
1087: 232 203 1629 996 304 1323 1488 1276 
1571: 240 522 1697 609 966 967 968 1771 1940 156 949 1451 1495 478 579 548 290 1109 900 1323 610 905 
867: 240 354 2172 149 1926 457 458 885 1390 1468 1702 1821 1575 1629 1761 445 574 1632 2268 708 61 359 1142 331 399 1613 2146 45 265 330 1290 1547 1434 1194 905 1337 1483 1358 1742 1518 
328: 318 712 2066 1910 403 848 962 963 1279 1325 1662 1723 365 964 1428 1895 1864 2067 311 878 887 1122 1157 1251 1536 1680 1054 1498 2299 78 702 757 1323 1164 1797 1380 1850 2128 2314 231 1271 412 1017 569 1726 1685 
922: 318 400 494 263 267 268 1575 1794 893 932 933 262 674 756 895 365 426 832 951 1088 1111 1112 1428 1716 2216 1503 1975 432 1397 1017 1193 943 236 562 2032 261 578 1280 1203 
2181: 354 776 2256 21 350 585 686 962 1124 1279 1680 2265 1659 521 169 1643 1456 1222 1644 
80: 354 1918 339 395 679 766 776 817 1285 1809 484 688 1010 1032 436 932 933 1234 1803 2091 1127 1310 1325 2208 719 2067 397 943 569 1635 538 808 487 
97: 354 76 2018 272 2168 195 267 268 1575 1794 300 1014 262 1195 1397 1909 261 
341: 354 2018 698 350 352 1073 1201 
530: 354 2172 2024 457 495 350 1056 145 1179 1600 168 610 661 146 529 1615 
1287: 354 299 479 934 255 398 553 696 525 1518 874 
2167: 400 2172 21 2085 2230 1801 2086 610 618 
2313: 400 712 776 272 267 268 1575 1794 300 2070 686 1124 426 1297 1493 1536 1054 638 1998 1007 2049 1267 1909 412 
1720: 400 522 1475 712 1607 1140 1998 382 572 1770 1750 
2226: 522 2156 1374 1871 1840 
860: 522 2172 186 712 32 495 932 933 2096 1845 1847 1424 
1932: 522 1365 380 1285 212 618 838 1834 1722 1639 208 383 1177 
33: 522 435 437 461 1403 81 
197: 522 951 1471 1942 665 872 1372 
368: 522 195 267 268 425 1575 579 951 42 1397 1216 261 
472: 522 1697 2172 1971 1032 727 1310 
980: 522 776 1129 1666 1940 275 436 1451 2072 456 963 1274 1711 1427 1428 2165 1536 103 1503 567 1306 784 1322 1266 1218 1825 1226 982 
1003: 522 951 1046 
1557: 522 1365 320 1109 1558 
1636: 522 32 351 494 497 1640 
1657: 522 896 204 2224 925 1090 1545 1827 1200 665 1203 1624 243 1688 
643: 522 1365 1340 1758 1889 2033 2256 1234 74 1498 1577 1114 1441 176 615 1570 
1175: 522 380 1629 450 598 2174 2120 1534 1269 2306 
1687: 522 677 712 2075 1607 359 437 362 
1192: 522 896 1475 609 1603 21 926 1081 650 289 1163 1233 1162 2230 2268 550 1218 981 2057 421 2231 2233 1583 
689: 522 2308 1860 
834: 522 380 603 838 2268 383 
1726: 522 1816 606 932 848 1279 1588 998 1157 1297 1936 461 521 994 1142 328 784 1097 
1364: 522 1918 351 496 131 517 619 290 303 610 2102 608 693 
2186: 612 896 943 1535 1574 
2220: 612 896 1899 1403 
260: 612 896 1070 1084 2172 1128 1575 21 131 574 1806 1801 1760 2124 499 878 1417 
460: 612 831 896 1365 2052 590 1077 195 267 268 1575 1395 435 611 2275 574 2166 434 437 528 126 781 1083 1731 66 744 
924: 612 896 2172 927 1486 1962 339 807 907 909 1665 1790 1935 479 1080 1761 2011 112 517 585 774 1723 1844 1995 9 143 251 364 466 644 723 727 858 1017 1018 1617 1435 1305 928 1823 1315 1616 1152 964 965 1734 1363 1373 
666: 612 1486 407 
1723: 612 890 1262 2027 2172 677 712 1841 1888 2052 339 340 21 1910 403 775 895 924 963 1274 1332 153 221 1867 2314 78 325 328 335 346 359 518 642 757 1373 1496 1536 1797 
784: 612 2274 188 339 340 441 609 620 1032 1283 1288 2283 21 1761 1851 1956 304 585 895 1127 1811 619 1995 2073 980 646 1733 1823 1977 61 2221 1373 2322 1243 641 1849 325 2128 2316 298 364 691 760 1176 1634 1709 1726 1617 1134 
878: 612 1086 712 2066 2139 766 776 2256 1032 1629 21 350 1240 260 686 1037 2067 397 328 1680 1297 1801 502 1251 231 1536 
2190: 782 1819 
329: 782 249 677 891 1885 385 441 545 546 932 346 953 2165 359 567 1266 1649 2170 1446 179 2223 2083 
366: 831 1070 1346 1039 23 275 207 2161 847 610 62 89 
1921: 890 2093 2320 436 926 983 2230 1922 693 
156: 890 2172 2052 2323 339 340 620 885 1523 2019 2311 2216 1193 2268 928 103 1569 1487 1571 1454 993 652 412 1694 
1413: 890 2066 776 817 2256 346 359 503 422 1442 
1876: 896 2033 476 1039 1575 926 2096 591 869 1675 1814 1843 208 1403 2132 
2047: 896 2172 1340 1234 407 144 1083 1352 989 315 525 526 978 1510 
2173: 896 677 776 817 1631 1523 1667 100 1137 1079 625 1456 648 827 1370 
2207: 896 
2234: 896 1795 602 885 1273 268 484 242 926 1495 565 1755 1524 1895 1975 1323 1121 39 1199 1539 
48: 896 131 933 934 
52: 896 1084 686 962 1297 434 437 49 569 571 
59: 896 
145: 896 1273 530 2131 2039 1844 1444 
176: 896 2025 2033 627 1809 768 963 1715 2165 643 676 925 1266 2247 649 1257 2278 2043 1176 1903 752 284 1624 
206: 896 131 1234 1525 1225 1126 
224: 896 351 1077 158 275 300 1234 1495 2089 2240 514 2295 1517 489 
302: 896 1447 1821 363 1234 435 167 1179 1577 92 1743 18 1257 1899 1090 2140 660 1221 1545 
312: 896 320 712 1217 1523 925 459 18 877 1827 963 594 
448: 896 609 1273 123 1179 2131 1121 1832 1354 1539 
594: 896 1302 817 1378 988 312 479 934 1234 19 1041 1310 346 50 1496 1376 1149 
599: 896 1866 
624: 896 1365 2172 32 151 495 1129 152 1421 1446 168 191 146 
821: 896 589 1288 668 2289 1577 753 1385 2261 
857: 896 1609 1918 891 351 776 1603 1821 1575 1935 1212 2216 396 694 847 900 2238 1835 
875: 896 2127 1553 1592 1668 778 
1032: 896 1971 71 476 776 802 1318 484 1448 1054 961 1632 2039 784 674 781 1134 1733 686 397 492 991 1297 1451 1230 334 837 1083 1613 1255 80 1157 1191 1953 1972 2124 2213 472 709 739 777 878 998 1604 1156 1737 1227 
1065: 896 515 
1180: 896 1962 495 1468 1603 300 926 1212 19 219 497 945 1251 2245 2042 455 1835 349 1388 
1280: 896 1791 1089 74 103 379 1568 1496 2086 1734 922 1368 488 412 
1289: 896 2172 714 1403 
1338: 896 269 1847 973 
1350: 896 1365 32 2033 494 543 698 1268 1940 2197 19 98 497 1127 2195 579 811 1111 1112 2216 1787 1570 944 548 1160 1106 847 1121 1806 2176 402 1193 1842 1090 1899 1987 455 547 1229 1710 
1361: 896 776 1953 881 236 1856 2142 2263 1144 1778 
1460: 896 203 2268 
1502: 896 927 458 609 627 100 319 431 1618 2247 1763 1775 570 1203 
1633: 896 320 2292 2131 2270 1458 
1679: 896 131 1607 1998 
1796: 896 586 819 2229 798 
253: 1016 2172 1885 2035 485 545 1128 425 1619 435 1056 391 650 434 426 2209 2295 1264 1648 1290 662 1446 1831 437 1471 711 330 348 
1933: 1070 2172 339 861 1379 1603 155 1523 1915 1840 758 1163 1645 1871 9 131 275 283 582 865 1173 1233 1234 1387 1582 1589 1610 
2019: 1070 2172 712 2066 817 1504 1523 1451 1577 502 479 695 442 478 482 1454 314 64 156 504 723 976 
66: 1070 1486 776 478 1389 2218 460 542 
466: 1070 1374 1504 674 924 1279 9 
1441: 1070 1795 149 712 1888 2052 339 340 457 1379 2224 275 363 394 1089 1234 1282 1619 585 643 1233 127 2268 251 474 582 1218 1323 1718 1611 
1112: 1070 76 1868 2024 21 158 300 932 934 1967 931 83 566 579 668 811 1111 1350 61 1430 2089 1961 2296 922 1801 1113 1625 1513 
913: 1084 1913 99 1185 1877 868 
1983: 1084 
2264: 1262 149 1523 2224 394 1233 350 1867 1234 1461 
14: 1262 2013 627 1468 264 268 425 1925 756 2216 1579 641 1403 1569 261 
198: 1262 2172 600 2024 807 1447 1976 183 2177 2230 167 1113 1179 43 331 1734 1232 13 1911 2280 631 1275 322 
305: 1262 195 267 268 425 1575 605 2070 963 2086 1174 2221 39 1456 1401 
622: 1262 2172 320 677 1901 2139 2151 807 1472 1771 509 1288 1891 21 131 1089 1748 2070 591 603 1866 2094 936 781 2253 1134 1109 1863 379 548 550 51 231 1776 1403 1147 650 1035 1801 799 935 742 965 841 1063 1743 
806: 1262 1014 1750 1213 
1223: 1262 149 1235 1234 2216 2269 1995 505 
1586: 1262 269 1702 1492 973 
1303: 1262 539 
219: 1302 2172 300 1066 1180 1127 349 
970: 1346 609 109 1614 1212 585 931 1715 676 1403 1281 2225 
2056: 1365 677 1297 1455 
174: 1365 65 495 496 1129 715 497 1325 2102 
200: 1365 2172 32 351 495 1603 1907 1193 9 548 1498 664 1570 
390: 1365 609 966 967 968 788 1495 1927 1815 719 1587 290 1323 610 1834 
506: 1365 
672: 1365 1719 1901 766 1570 1008 
930: 1365 2172 1971 2033 495 545 493 404 603 800 708 1892 1174 1722 1409 1577 1995 872 1936 2049 39 49 402 1176 1208 1083 1228 990 998 
1437: 1365 1660 1813 1819 1719 861 2065 932 1667 469 901 1073 1278 1398 1570 1498 1069 762 607 761 58 1198 538 763 
2180: 1475 2139 2259 495 346 1741 
39: 1475 927 71 494 1514 158 242 699 933 1748 99 141 800 930 2178 346 548 127 1611 251 379 305 1784 2234 752 1138 1344 997 1259 
605: 1475 712 2022 395 495 1523 221 1029 9 1515 548 2070 1063 1313 1668 1991 2178 305 1156 1729 1224 841 
1928: 1554 495 575 209 1163 781 695 1373 
1929: 1554 781 1373 2261 695 313 26 
906: 1554 2172 337 1748 103 225 169 570 1068 1994 1718 1404 
1025: 1554 1646 1795 1666 1788 1283 963 1054 412 
1488: 1554 2201 495 1273 337 363 1089 1748 1041 9 346 1132 20 461 535 1539 2306 1087 
1572: 1554 1609 1646 1795 2188 1283 1310 1297 2260 1054 829 1580 
978: 1561 2047 523 
1766: 1561 712 1885 1919 385 545 546 23 926 1240 1495 945 167 953 1179 1471 309 1981 34 626 
447: 1590 65 443 2108 1676 2260 1580 91 552 452 752 1321 
91: 1590 927 1495 1257 1403 447 
749: 1646 2172 776 152 504 2216 1843 1995 2044 2140 2177 502 849 1109 868 1127 
1858: 1646 787 1318 2255 2256 1509 
2260: 1646 1795 712 1919 495 776 1285 2256 1788 1080 255 388 686 1597 2308 9 1297 735 523 527 31 447 1572 
484: 1646 151 787 1318 2255 2256 1788 673 9 548 1297 152 2234 80 989 1032 
513: 1646 272 425 1794 2112 1597 2297 843 1517 1518 550 358 
849: 1646 2172 504 749 2044 1801 1995 502 514 515 
1250: 1646 12 839 412 1683 
1648: 1646 1573 253 1597 461 1411 180 
296: 1697 2022 351 212 580 1012 1588 1423 
822: 1697 776 289 397 1680 702 1257 487 1729 
1789: 1697 943 
418: 1773 495 496 275 1089 74 1308 9 62 2163 
2322: 1795 927 2052 71 340 1383 1851 895 1127 1018 727 1017 1734 784 
2055: 1795 644 
313: 1908 100 1023 1320 1777 2268 126 692 1929 
794: 1918 
921: 1918 817 818 1654 2269 608 298 
1199: 1918 926 933 2234 
1519: 1918 1121 
1534: 1918 1486 942 2062 290 610 943 34 1175 
1549: 1918 359 1411 
2145: 1918 1443 340 841 9 1258 
2238: 1918 339 340 885 952 1235 1378 988 493 2197 435 2070 46 304 756 132 719 642 2063 857 2230 1784 1777 303 2221 729 608 126 471 1174 298 981 1002 1540 
2309: 1918 620 1940 359 103 1109 70 
471: 2025 1660 1819 220 2272 1118 203 1014 304 391 993 1042 1043 1073 1185 1425 1045 628 882 2270 703 2238 1044 1258 1584 1458 981 1845 58 177 1298 894 863 
409: 2025 23 435 437 2245 696 1008 862 2191 
271: 2027 1791 220 1888 1282 450 114 2294 
430: 2164 1926 609 1857 703 569 651 
1838: 2172 1868 787 1318 1523 2255 1859 2256 
2255: 2172 1378 155 1838 787 1318 1858 1859 1912 1972 1973 423 435 450 484 568 1014 1212 1499 2256 
1886: 2172 
1927: 2172 1553 856 390 1424 1677 2131 
1976: 2172 2139 2151 926 1852 221 123 169 198 307 696 770 786 902 1018 1063 2203 
1991: 2172 605 1035 74 
1999: 2172 458 966 1844 353 463 593 804 1414 1656 
2009: 2172 1846 2095 
2031: 2172 748 380 1395 9 1377 976 
2040: 2172 817 591 
2068: 2172 1217 1348 524 1074 1100 1740 289 1606 
2076: 2172 712 869 1900 
2108: 2172 447 
2117: 2172 192 675 1273 1915 926 1553 1494 1069 1124 1895 332 1015 1121 1161 1695 
2149: 2172 345 155 153 1109 1315 1710 1316 
5: 2172 
6: 2172 1665 
229: 2172 1472 1056 843 650 1600 1121 
245: 2172 407 650 649 1578 
255: 2172 1791 220 2075 1788 1080 1014 1993 1845 1942 2260 77 467 588 1132 1124 1287 719 
257: 2172 1111 1113 
282: 2172 
559: 2172 242 1509 1363 
583: 2172 
591: 2172 1888 1901 1969 1744 268 1794 1553 2040 1876 1815 622 1675 2067 421 1552 1503 1344 
647: 2172 932 9 642 2082 738 1580 
655: 2172 397 
674: 2172 712 2066 1971 443 776 1235 1790 178 2256 1032 242 1913 266 2039 1850 2067 2073 2086 54 169 181 397 466 514 521 1142 1536 1807 1680 1433 1179 686 1509 1297 1430 1627 1251 1124 869 998 922 
685: 2172 
780: 2172 1089 1124 702 383 
814: 2172 
838: 2172 2259 222 380 776 1285 435 686 862 1124 2230 951 1142 955 1275 1932 2214 834 854 956 954 
841: 2172 807 1603 605 622 1734 2145 1552 
842: 2172 1504 425 1306 
902: 2172 606 1603 1976 1174 2230 1323 1756 
903: 2172 606 1891 2230 1267 1528 1543 
1005: 2172 1629 2085 719 1265 2095 683 
1022: 2172 712 304 774 9 1251 1377 
1023: 2172 817 818 313 
1034: 2172 1813 212 9 786 1995 1613 165 2063 1984 863 1104 1317 1431 1540 
1043: 2172 712 1300 1925 1940 1042 1090 471 9 1680 309 1860 270 569 1044 1521 1584 1045 
1092: 2172 345 609 1374 901 9 1515 898 1121 42 2277 2278 2281 
1108: 2172 774 925 619 1210 
1119: 2172 21 2315 
1143: 2172 269 973 2242 265 716 2137 769 
1190: 2172 203 2299 
1220: 2172 2128 1140 
1355: 2172 1772 1848 531 2095 159 330 951 1099 1529 
1362: 2172 
1389: 2172 457 458 1790 268 21 479 79 1035 288 642 567 1305 610 202 66 613 
1425: 2172 2272 1553 471 719 1760 894 1457 2267 
1462: 2172 2280 
1546: 2172 362 
1615: 2172 530 742 529 
1647: 2172 489 886 
1654: 2172 303 921 92 
1662: 2172 1813 2243 776 1124 328 1179 1258 42 
1664: 2172 315 231 
1676: 2172 447 
1694: 2172 907 156 893 207 1454 1456 
1699: 2172 126 
1767: 2172 1116 1396 1598 2210 173 
2203: 2172 480 1504 21 431 1976 962 963 1801 
2222: 2172 
823: 2262 320 343 989 1556 1754 
79: 2274 188 457 458 807 885 1603 1702 1925 435 1212 1871 1389 1428 1995 270 1850 2253 342 
2077: 2274 1603 367 1916 349 2044 75 
664: 2274 200 315 150 657 
1713: 2274 1553 2319 153 
2049: 149 1758 60 1472 2168 195 267 268 425 1575 363 1080 1234 1495 1759 262 775 930 976 1238 1895 2216 1233 153 2299 2313 1397 1757 261 
2110: 149 675 934 1234 931 223 3 2276 
2276: 149 496 675 1234 1383 497 1435 1763 223 2102 3 2273 2110 1170 
1538: 149 675 861 1782 1915 275 394 1234 1645 855 758 1163 1906 557 1347 1426 1770 
1337: 188 1816 714 867 1427 557 1210 
915: 249 1885 385 545 546 962 953 820 
1341: 249 28 
1740: 249 339 340 385 494 495 496 546 1217 1573 1821 1891 2311 1348 2068 497 289 265 2102 654 524 2235 
1492: 269 776 973 1586 
642: 320 815 1235 1686 1794 2093 1759 1873 27 647 775 928 993 1006 1310 1389 1723 1895 2078 397 519 1054 1881 2238 2270 2286 2299 2312 78 160 1528 1541 1403 1457 1121 1577 1458 1741 722 859 742 
1172: 320 677 776 817 112 998 238 
1721: 320 1660 1819 1390 988 1553 1327 1659 127 1911 28 593 231 
1241: 320 609 1523 2103 2127 2129 1240 1667 1553 241 1669 
805: 320 1660 1819 776 807 2170 2295 
788: 320 1816 1523 2256 2129 23 1279 2120 1659 1142 1529 390 2279 1739 
77: 677 220 1816 255 304 391 445 603 2321 1461 850 2270 536 1075 1258 894 1298 2115 
78: 677 776 926 1910 686 1723 359 1536 642 2277 328 856 2314 231 757 1797 588 
413: 677 932 933 497 
419: 677 776 907 952 747 938 9 359 514 1777 1403 1914 816 
1359: 677 712 151 351 485 627 776 1159 1940 152 1240 2037 2072 315 1124 357 1498 567 943 898 1230 440 1825 
996: 677 2151 71 1291 1472 1523 163 587 1992 1607 2261 1495 1487 1705 1934 894 2148 315 904 1669 1208 1087 
1059: 677 
1613: 677 1340 1901 343 485 551 817 907 1504 1794 568 1032 479 1451 1910 248 867 1034 1588 397 950 1132 1156 1157 1054 514 2063 2299 694 1568 1380 2270 0 31 816 1480 1793 
1824: 677 1629 1279 365 702 1193 230 
816: 677 167 419 1613 2124 1624 809 
785: 677 1234 450 2174 362 1705 
701: 677 346 359 
221: 712 1841 380 776 967 605 1976 504 1124 1185 1723 1179 1122 1157 1297 1536 2251 1017 541 461 1373 
936: 712 609 622 123 742 1844 
1845: 712 2243 885 907 1447 423 139 255 860 1930 2269 1777 1149 126 843 1970 308 37 471 941 1501 
1930: 712 1926 907 2256 423 139 587 535 1845 1487 
2118: 712 1340 381 272 1879 988 2096 618 1491 43 1627 1685 889 382 572 1518 1458 1298 2116 1182 
2154: 712 1329 1629 1940 800 1498 1471 1216 
2236: 712 1068 1029 1903 2043 1637 
107: 712 9 2230 1729 
333: 712 2052 339 340 587 209 2268 1258 
393: 712 343 495 807 435 1008 1169 999 
1404: 712 381 495 155 112 906 925 256 1193 1002 1543 
971: 712 1129 155 9 1323 852 569 
984: 712 2168 195 267 268 1575 1907 261 
718: 712 1660 1819 1719 2075 747 469 938 963 762 1158 58 
1639: 712 351 495 907 1129 568 300 1234 1910 1588 365 1156 1157 1936 1932 
1156: 712 351 776 861 2256 1032 2197 605 1594 686 1124 397 1680 1297 1613 1536 1639 491 777 2107 
1675: 712 1830 2052 2323 339 340 378 776 817 1235 263 1896 591 2208 1866 811 1297 2063 528 638 943 2268 1876 1865 2 45 261 1036 1541 1612 
1716: 712 1868 21 300 686 943 505 922 1009 1297 1801 
752: 712 496 609 1686 191 2102 176 39 447 1753 
789: 712 1212 774 9 1208 1161 1649 837 979 1778 1698 
1729: 712 1603 2127 605 963 9 1018 822 2230 384 2253 1640 965 107 
2136: 748 1791 495 2168 195 267 268 425 1575 9 349 375 
730: 927 1868 151 817 885 1285 152 479 926 585 931 167 397 1017 1018 1320 1734 1321 
373: 927 1885 71 776 491 505 179 
4: 927 71 340 727 1035 
154: 927 35 1472 1923 1607 1432 
250: 927 32 435 9 434 437 1995 461 641 
392: 927 2283 319 1234 2216 1295 196 
537: 927 71 494 620 1788 931 865 619 2230 1261 
576: 927 9 
799: 927 71 1374 1940 74 464 622 9 
462: 985 1971 2151 267 988 565 1037 407 1207 1847 973 1792 544 278 
1352: 985 1660 1719 609 1915 2047 804 523 473 
1216: 987 1048 765 1852 368 2154 133 824 1708 
1321: 1027 495 464 2174 167 730 1680 1814 8 447 
347: 1340 457 359 1741 180 2039 1265 
809: 1467 2284 1629 631 1069 762 1008 1317 1869 816 1154 
1299: 1486 340 346 1056 1074 2223 
2140: 1660 339 749 9 2085 1090 302 2293 1138 
2198: 1791 1268 2159 1304 435 585 461 274 2046 1965 
2142: 1813 590 976 1361 2230 452 2125 704 
86: 1813 590 976 923 1739 731 452 2125 34 704 
634: 1719 1553 1559 1207 2036 2267 136 511 973 981 
1754: 1719 267 1896 585 1195 2295 823 
1867: 1758 2264 1723 1369 
750: 1758 35 228 627 21 1234 449 1233 727 226 610 1996 227 1426 
979: 1889 1382 1416 379 1035 223 789 
1117: 1926 1212 9 
763: 2156 469 901 1278 1398 1069 1437 762 1198 58 538 607 761 
920: 32 345 495 546 653 817 1285 2256 1788 1286 1282 517 727 1354 1373 1265 
1060: 32 494 495 496 1573 497 517 
2132: 76 2033 1562 1665 1809 267 1575 1794 1810 379 1496 1784 1876 488 239 846 872 990 1176 1228 1276 
1010: 113 343 787 688 346 397 1354 2223 80 534 280 2078 2244 1566 1002 1237 1209 1189 1735 
1388: 220 2153 103 1180 
629: 754 1174 
1972: 1110 24 343 457 885 203 204 2255 1032 23 934 1668 2085 607 1165 236 309 435 1509 434 437 45 63 135 463 614 1168 1265 
1973: 1110 2255 1668 435 434 437 1265 937 
554: 1443 2139 1447 713 183 1324 691 937 525 
2306: 1816 1323 992 1142 1488 412 2305 2232 1175 488 
181: 1868 1885 380 674 346 2089 1142 1179 521 
288: 1868 1771 1395 963 1389 2089 1807 
1151: 1868 1901 228 1472 1686 152 932 869 1127 1279 1325 1597 2174 167 346 943 2032 273 348 1396 1181 1471 
1843: 1885 2052 2075 749 1588 73 346 2094 1324 735 1876 1257 2039 2044 
916: 1885 953 
1114: 1885 385 495 1129 643 567 1825 1230 1446 1174 1996 
1463: 1888 495 203 1089 727 1057 487 
1024: 1901 343 1378 126 
1827: 1901 312 1657 1606 
2215: 1901 817 1668 99 585 818 322 
1955: 1901 2168 195 267 268 1575 1794 2070 1334 1693 
13: 1919 966 1447 1472 926 435 198 167 1179 1427 2216 1109 1090 1899 2177 2051 1547 18 1133 
1001: 1919 2230 
1385: 1948 443 776 966 1891 1898 2311 2289 582 827 483 821 
1833: 1962 242 585 1834 813 
961: 1971 476 494 1603 1682 272 1032 811 1604 2102 1842 
563: 1971 457 776 2256 686 1227 2174 397 1680 991 1297 334 1157 2163 
1900: 2018 2243 1448 242 1014 2076 1124 1325 1659 
210: 2018 776 1659 1035 1530 
2244: 2018 776 2256 1010 1325 397 1297 
1892: 2033 1809 1851 911 930 1810 1811 1784 1228 872 990 1176 239 2298 
1722: 2033 469 768 930 1409 1866 1810 1780 1587 1936 1323 827 1649 1035 1986 1605 1932 
1937: 2033 675 2168 195 267 268 425 1575 1940 1761 248 304 650 2218 1109 856 2102 1545 1373 1353 1537 
239: 2033 1504 1562 1809 932 933 976 9 1810 1811 1784 2132 428 2177 1228 872 990 1176 846 1892 
2298: 2033 1809 1592 1811 1784 872 990 1892 
623: 2052 339 
1599: 2052 339 495 9 
2171: 2052 339 340 776 686 1297 1680 
2017: 2061 1127 1576 1709 
596: 2061 1448 2283 432 
2069: 2075 1128 548 277 1577 1204 
237: 2075 380 
175: 2114 1238 1423 
2123: 2139 1056 
1753: 2139 609 1386 976 1607 9 1373 1580 752 
1147: 2151 351 1014 622 1124 1866 2063 935 1496 1960 383 
1844: 2284 350 1999 924 928 1106 2085 708 145 1517 641 533 936 2010 
1521: 2284 1042 1043 1045 1044 1584 2074 2310 
2137: 24 151 926 585 1143 9 2094 1659 769 503 265 1582 261 716 2242 2104 
2128: 35 1220 328 1496 2267 1193 784 364 1569 
1295: 71 1629 1935 2311 74 379 1121 2029 644 118 196 392 1265 1770 1708 
374: 82 131 1909 1874 2175 
2104: 82 885 2065 926 9 167 950 1659 290 769 1248 503 1582 261 1528 2137 2242 
110: 111 776 1523 1134 556 853 883 505 837 168 
568: 111 776 907 787 1318 2255 1859 2256 1680 2063 31 212 365 1080 1639 1613 
474: 151 351 1189 152 1206 1297 1441 1008 651 
1663: 185 1503 641 2184 
67: 222 
1678: 222 367 586 962 992 651 1423 
854: 222 380 1788 838 137 1527 1354 1529 1177 1530 
1996: 228 627 2093 449 727 226 750 1114 1426 227 
227: 228 226 750 1426 1996 
757: 339 340 776 934 1723 359 1536 1680 1975 78 1496 328 1079 1797 
2023: 340 380 496 787 1008 1251 
2097: 340 494 1066 1715 676 
1598: 340 807 885 112 869 1767 811 2111 1188 194 
1616: 340 264 924 9 1297 
660: 345 351 926 1348 1997 73 2280 302 1075 1221 1047 1399 
1989: 351 1695 
2125: 351 404 1079 722 86 2142 
2179: 351 242 517 581 223 1221 1215 
1506: 351 495 496 1575 933 1301 
1301: 351 495 436 1506 
1981: 380 1766 
208: 380 1876 1897 1932 
541: 380 976 221 1903 
1643: 380 2181 1916 2265 2303 755 1644 
995: 380 1052 
569: 395 766 802 873 1042 1043 1711 1875 397 1297 486 80 401 2230 328 1045 430 52 1174 971 54 
1717: 395 277 1249 700 501 
1652: 443 619 
1684: 443 1925 316 1834 452 
1473: 457 1788 2293 
983: 457 458 1523 926 558 1921 69 
886: 476 482 949 1667 1669 1647 667 295 
680: 480 2089 
1214: 485 973 
2107: 494 776 300 9 1156 1157 1464 231 
2087: 495 1562 1014 517 2253 488 690 
468: 495 
1399: 495 425 1100 660 1047 1221 
1620: 495 300 331 562 
1732: 495 2105 281 2109 
1224: 495 605 1090 1515 1457 252 
1738: 495 776 1325 362 
279: 496 503 
1171: 539 1498 1265 1818 
410: 575 212 1056 1174 
704: 575 926 963 1109 2142 86 
1249: 590 1780 741 1529 1079 36 1717 
1705: 602 1116 996 1910 777 412 785 
2279: 609 1128 1629 788 
859: 609 2283 431 642 1542 
779: 679 807 1265 
358: 751 976 1671 513 
2221: 766 267 1788 131 479 2070 315 1434 477 1069 305 784 2238 
1401: 766 403 305 1582 159 
1911: 776 1283 1288 198 550 136 1153 1721 2079 
2159: 776 1523 1680 397 2198 2153 
20: 776 493 686 1618 505 1488 
68: 776 932 1645 962 963 1056 
128: 776 
512: 776 203 932 2268 
621: 776 363 
720: 776 933 450 1910 12 1252 1611 1193 34 301 827 
1826: 776 2095 827 
1670: 776 686 1680 
1164: 776 1288 1940 131 207 9 1536 328 550 231 
1122: 776 2256 311 397 221 328 1297 
819: 776 933 1055 1680 1054 2229 1796 
2122: 807 1629 1491 1517 1769 1298 
1601: 817 1940 818 9 1056 2209 1600 843 
399: 885 1667 867 1020 1376 610 1887 523 
1407: 885 
1363: 885 1915 559 924 9 964 1814 
1429: 907 135 9 1132 
1793: 907 1235 203 893 1772 1323 1072 1613 2146 15 562 1457 
1750: 942 715 933 1014 9 379 1568 806 375 1734 1035 801 1204 1720 2232 488 
1980: 966 1329 1495 290 610 
411: 968 931 863 
721: 968 11 
1802: 1077 1128 
2239: 1118 397 729 309 
0: 1118 1629 1613 
1210: 1217 465 810 1108 1174 1337 597 
1063: 1268 605 1234 1976 622 895 1866 1018 379 1134 231 
1912: 1268 787 1318 2255 2256 1788 
2232: 1285 1496 1695 1750 2306 
36: 1285 21 1127 1801 277 1249 
301: 1329 99 167 1179 720 734 470 
470: 1329 1992 99 1825 734 301 
1103: 1391 
526: 1438 2047 523 
1200: 1447 337 963 167 1179 1691 1942 1657 308 
738: 1459 1594 647 1073 1743 433 
1550: 1459 155 1384 2216 
415: 1468 9 
2189: 1504 
1342: 1504 
2059: 1573 2168 195 267 268 425 1575 1794 1397 261 
259: 1603 1212 1801 2177 1842 1890 1672 
2041: 1603 114 781 707 
2106: 1603 1212 403 488 
159: 1603 1355 2082 1401 
525: 1603 2047 497 554 523 349 1287 
1540: 1603 1642 272 2112 756 1034 1184 9 132 426 2238 608 1635 1255 295 1406 
1718: 1603 906 1279 1441 1174 1581 744 
1322: 1666 1748 1212 2072 456 963 1274 1427 1428 2165 103 1503 1924 567 1306 980 1266 1226 1825 1850 982 
1906: 1782 553 2158 1538 95 
89: 1782 1940 2103 931 2230 184 1734 2247 366 1775 
1276: 1782 379 694 2132 1087 
571: 1821 266 1179 1895 49 52 377 
1605: 1821 1748 768 1656 548 43 1899 1090 1722 342 
246: 264 263 267 425 1925 426 1496 265 424 716 
1957: 264 350 933 1064 588 1752 1466 147 452 1457 
1934: 272 1575 996 1057 894 2032 
84: 272 268 1575 729 
1367: 272 1575 570 
1500: 747 1992 587 
15: 2168 195 267 268 425 1575 1794 1760 1457 1793 
1167: 148 
958: 155 2273 1421 
628: 195 267 268 425 1575 881 1397 414 471 1952 880 681 69 261 
1314: 203 9 1035 297 
1714: 263 267 1124 
533: 267 1844 
1283: 267 268 1575 1318 1054 2311 131 826 895 1494 350 843 784 1851 1134 1891 1898 1911 2029 2283 3 275 327 363 365 668 1025 1033 1107 1137 1288 1572 
1984: 267 1034 1397 488 2081 
1334: 267 268 425 1575 2094 1955 230 651 261 
871: 267 152 1569 1138 
535: 988 1137 139 580 800 811 1930 1587 1109 1323 2146 1842 308 1488 1218 1518 
2100: 988 330 2098 
22: 1596 1553 
1395: 1794 787 1509 288 993 2031 460 547 
423: 787 1318 2255 2256 346 1845 1930 1471 
1499: 787 1318 2255 2256 2295 180 711 1375 
1946: 1523 
2065: 1523 1915 758 1667 880 877 92 209 1437 2104 
93: 1523 2127 603 1667 2102 1326 1115 1169 
873: 1523 1788 569 362 1057 989 938 
1805: 1523 1553 1861 2037 1294 1412 1783 
767: 493 
1345: 509 464 579 1050 
1507: 688 2029 
280: 1010 1189 1953 989 
1237: 1010 23 435 
1209: 1010 1671 
1735: 1010 1788 23 435 434 437 2230 1174 
1021: 1788 2176 2235 
1058: 1788 1457 
1417: 1788 1288 131 1553 1667 260 365 1054 694 1323 2230 1035 2086 412 
1836: 1788 926 432 989 
595: 1189 945 534 2193 
492: 1032 1873 
1737: 1032 741 943 3 
658: 1288 2230 1198 150 
929: 1288 2247 2079 1775 
481: 1629 800 
498: 1629 1174 
918: 1629 2177 236 
1736: 1891 2311 23 
1724: 1915 1495 
202: 1940 1389 1317 
2211: 1940 731 
92: 2065 1495 1645 1654 758 1163 283 1152 880 302 1610 881 
294: 2113 43 331 412 
2084: 2197 1080 727 1193 
1009: 21 832 1716 1801 
556: 110 962 9 1857 607 725 
1849: 131 1851 1496 61 784 325 518 793 1484 
1958: 131 1206 768 379 1568 2230 1496 2086 2253 488 1004 2242 
2053: 131 
1004: 131 926 1240 207 768 270 1756 1958 1053 1530 
663: 131 123 132 359 1998 
161: 131 319 1923 207 412 
1939: 152 19 
1513: 152 1451 1967 207 1607 2174 83 566 579 1111 1112 1961 992 1806 1100 693 1963 1485 1574 
162: 152 1975 1965 
1730: 152 
2271: 350 
981: 350 9 514 1192 2036 2238 471 634 874 1146 
1878: 893 1206 1072 
2257: 893 
724: 926 
1457: 932 1425 642 15 1752 1058 1373 1224 1957 1793 
1062: 932 
1196: 933 1234 1232 826 
1828: 933 587 534 2193 
516: 934 1810 1995 142 837 
613: 1089 603 1389 209 
1406: 1282 564 668 1540 2119 
1099: 1383 1355 
1902: 1553 
1988: 1553 
1015: 1553 2117 
85: 1668 587 83 566 1577 1477 2003 
1412: 1805 12 211 993 758 
1783: 1805 
1870: 435 1071 2012 187 
323: 435 434 437 
1778: 435 1037 434 437 1361 789 1658 
798: 450 1661 1796 452 2305 2213 
1960: 1014 928 1185 1147 231 
999: 1212 384 393 
230: 1852 1334 1824 746 
274: 1852 359 2046 2198 1138 1776 
1963: 1967 1961 1135 850 1513 601 2229 
1625: 1967 83 566 579 1111 1112 1961 
770: 1976 962 963 753 402 2083 
325: 1993 1723 2178 9 1057 1995 61 784 1835 1849 1455 707 518 
518: 1993 1723 325 1849 919 
1414: 1999 
1510: 2047 
147: 2070 9 2094 1373 1050 1403 2253 169 1914 1957 
1316: 2149 964 452 1617 326 
2054: 2153 727 
344: 19 
1150: 74 1127 1551 2249 1709 
285: 99 
835: 119 
1595: 135 
657: 141 150 664 
662: 253 437 2102 
1431: 352 1034 1104 786 165 
1860: 391 1042 1043 1045 1044 1584 2265 689 824 
863: 391 1034 2270 471 894 1727 69 411 
1533: 517 585 
2200: 585 
1698: 585 1325 1008 789 
1747: 585 963 769 61 
2265: 587 2308 579 2181 311 723 862 1860 2205 2213 1222 1643 1644 
1272: 587 579 2133 383 1477 1768 
1776: 622 1577 274 
742: 622 1615 2094 642 769 588 1248 868 231 936 2242 102 
54: 674 686 856 569 
276: 686 1297 
1405: 686 1674 
1246: 686 359 1029 
243: 713 1657 382 1688 
2090: 774 1904 
2214: 838 1518 
2266: 869 
1994: 906 1006 570 
1560: 962 2004 1256 233 
2064: 963 2223 
1408: 1006 
2315: 1119 
317: 1185 353 
630: 1310 1194 
908: 1478 2144 
387: 1588 
975: 1588 1336 
2121: 1607 843 
490: 1607 1769 
1683: 2237 951 1250 
2000: 9 
1: 9 43 
2003: 83 566 1477 1392 1574 601 85 
101: 167 1617 
1136: 167 
1799: 346 1218 
16: 579 2216 
177: 832 471 
1146: 951 180 981 75 217 
1470: 951 1834 433 2287 
1505: 951 
2162: 1428 2277 
1964: 1961 1574 601 
1485: 2296 1513 
2021: 1895 
182: 1953 2074 
233: 2067 1560 
1222: 2181 2265 1644 
2204: 42 44 311 
355: 44 311 
1904: 359 2090 
2290: 359 
1444: 359 145 146 
840: 887 
1453: 1157 1002 
1153: 1297 1911 702 550 
422: 1413 
1839: 519 
519: 1839 642 
1252: 1840 720 956 1052 1096 
1046: 758 335 1003 
743: 741 
1138: 1787 2140 39 274 871 
1508: 1801 
2316: 491 784 
1641: 1324 
2046: 103 274 2198 
2015: 514 646 
500: 727 2160 
560: 1579 50 2251 
1672: 769 2085 2086 259 683 
377: 1464 2230 1403 2223 571 
1804: 881 880 
215: 1995 
1746: 2299 1591 193 1822 
1215: 616 2179 
281: 694 843 2105 2109 1732 
1626: 1568 
2135: 1411 75 
29: 989 
656: 989 
1144: 989 1361 
1965: 1142 1275 2198 162 
2229: 819 1796 1963 
2144: 1264 908 
1213: 806 
406: 1121 1589 1582 1725 
138: 1784 
37: 1777 1845 
745: 1739 
561: 856 
1420: 1008 
134: 265 716 1834 
1331: 1035 
510: 1204 
1978: 1894 
1028: 45 682 
1013: 862 
684: 1825 75 2287 
1638: 1582 
2080: 1193 
194: 1598 
760: 784 1155 
1745: 2261 
2016: 2273 
252: 1515 1224 
1893: 608 
2160: 683 500 338 
1762: 1218 
793: 1849 
1484: 1849 
217: 2124 1146 
2175: 374 
376: 645 
1170: 2276 
326: 973 1315 1316 
2109: 2105 281 1732 
1349: 2039 
997: 39 
1259: 39 
1097: 1726 
2010: 1844 
1516: 874 25 297 
2074: 1521 182 
2310: 1521 
899: 894 
690: 707 2087 
1445: 640 
876: 532 
297: 1314 1516 
755: 1643 1644 
133: 1216 
824: 1216 1860 
2081: 1984 295 
2191: 409 
1674: 1405 
2287: 1470 684 
597: 1210 
601: 2003 1963 1964 
25: 1516 
