0 917
0 1330
917 171
917 297
917 389
917 424
917 496
917 684
917 694
917 719
917 779
917 1457
917 1475
917 1115
917 1570
917 1124
917 1809
917 1672
917 1638
1330 125
1330 163
1330 315
1330 368
1330 383
1330 410
1330 495
1330 562
1330 589
1330 593
1330 662
1330 710
1330 731
1330 738
1330 751
1330 758
1330 781
1330 783
1330 807
1330 823
1330 858
1330 921
1330 958
1330 996
1330 1049
1330 1061
1330 1075
1330 1081
1330 1104
1330 1127
1330 1184
1330 1206
1330 1238
1330 1267
1330 1293
1330 1311
1330 1758
1330 1624
1330 1684
1330 1487
1330 1580
1330 1479
1330 1355
1330 1872
1330 1333
1330 1778
1 1594
1 624
1 116
1 1457
1 404
1 408
1 409
1 475
1 541
1 925
1 288
1 255
1 1115
1 1598
1594 255
1594 541
1594 552
1594 734
1594 921
1594 964
1594 1082
1594 1183
1594 1349
1594 1457
1594 1495
624 26
624 30
624 43
624 51
624 61
624 81
624 89
624 103
624 125
624 137
624 158
624 162
624 163
624 188
624 191
624 193
624 218
624 227
624 232
624 248
624 297
624 359
624 368
624 370
624 402
624 408
624 431
624 450
624 452
624 469
624 496
624 512
624 516
624 537
624 554
624 575
624 577
624 599
624 1164
624 1165
624 1681
624 1684
624 670
624 1183
624 675
624 1699
624 1210
624 1213
624 1231
624 722
624 1235
624 730
624 1752
624 1245
624 1008
624 755
624 1777
624 769
624 779
624 780
624 1293
624 1294
624 786
624 789
624 792
624 1304
624 1311
624 802
624 1843
624 1852
624 1347
624 1350
624 847
624 1874
624 1372
624 862
624 1541
624 1408
624 1431
624 922
624 1436
624 931
624 1211
624 1449
624 946
624 1457
624 951
624 961
624 1480
624 995
624 1514
624 1009
624 1530
624 1028
624 1538
624 1032
624 1047
624 1147
624 1580
624 1603
624 897
624 1609
624 1102
624 1115
624 1241
624 1641
624 633
624 1657
624 1152
624 641
624 1154
116 1311
116 1063
116 552
116 1320
116 299
116 429
116 1699
116 306
116 1456
116 1082
116 956
116 238
116 366
116 1649
116 1269
116 1270
116 1656
116 1276
116 258
116 1796
116 758
116 1418
1457 43
1457 58
1457 77
1457 88
1457 109
1457 137
1457 159
1457 188
1457 193
1457 211
1457 249
1457 260
1457 317
1457 333
1457 352
1457 363
1457 371
1457 381
1457 409
1457 413
1457 418
1457 447
1457 452
1457 469
1457 516
1457 544
1457 582
1457 722
1457 734
1457 739
1457 771
1457 780
1457 789
1457 792
1457 799
1457 812
1457 946
1457 1074
1457 1098
1457 1102
1457 1115
1457 1120
1457 1121
1457 1154
1457 1172
1457 1190
1457 1226
1457 1236
1457 1249
1457 1266
1457 1270
1457 1350
1457 1372
1457 1431
1457 1453
1457 1480
1457 1617
1457 1570
1457 1705
1457 1530
1457 1481
1457 1587
1457 1843
1457 1850
1457 1553
1457 1681
1457 1701
1457 1869
1457 1657
1457 1554
1457 1650
1457 1603
1457 1777
1457 1699
1457 1484
404 126
404 162
404 219
404 310
404 1423
404 1377
404 1046
404 535
404 1687
404 1688
404 1567
404 1584
404 1076
404 574
404 576
404 1345
404 1219
404 708
404 1231
404 835
404 606
404 1374
404 1120
404 1503
404 923
404 1513
404 498
404 563
408 3
408 6
408 14
408 18
408 26
408 32
408 49
408 50
408 58
408 60
408 61
408 82
408 88
408 98
408 103
408 122
408 126
408 130
408 162
408 163
408 188
408 193
408 196
408 224
408 229
408 244
408 249
408 273
408 288
408 299
408 321
408 340
408 346
408 352
408 363
408 365
408 366
408 368
408 370
408 378
408 379
408 381
408 383
408 1675
408 1681
408 1684
408 675
408 676
408 1699
408 1702
408 684
408 1705
408 1706
408 690
408 691
408 1206
408 1207
408 1208
408 1086
408 1210
408 660
408 1532
408 1225
408 1228
408 717
408 722
408 1236
408 1238
408 1748
408 1752
408 1757
408 1256
408 754
408 1778
408 1275
408 780
408 788
408 791
408 793
408 794
408 795
408 1818
408 764
408 1843
408 1335
408 1336
408 1350
408 847
408 1874
408 870
408 1710
408 1407
408 1120
408 1414
408 1429
408 409
408 1125
408 1804
408 938
408 429
408 433
408 1460
408 1461
408 442
408 1470
408 449
408 450
408 1475
408 967
408 973
408 1484
408 467
408 536
408 1497
408 485
408 1511
408 496
408 499
408 500
408 503
408 504
408 1017
408 1529
408 511
408 512
408 1538
408 1031
408 1044
408 1559
408 1057
408 1066
408 1234
408 1074
408 893
408 569
408 574
408 895
408 1089
408 469
408 1092
408 508
408 593
408 599
408 611
408 1073
408 1133
408 1647
408 1652
408 633
408 1671
409 9
409 19
409 29
409 31
409 49
409 52
409 55
409 61
409 86
409 88
409 103
409 110
409 125
409 126
409 139
409 143
409 153
409 154
409 159
409 188
409 193
409 196
409 207
409 240
409 249
409 250
409 255
409 259
409 272
409 273
409 281
409 288
409 300
409 310
409 321
409 326
409 328
409 330
409 340
409 346
409 350
409 352
409 362
409 363
409 365
409 366
409 368
409 370
409 379
409 384
409 391
409 407
409 1164
409 1819
409 1678
409 1679
409 1165
409 1681
409 1688
409 670
409 675
409 1592
409 684
409 1197
409 1706
409 1203
409 1057
409 1206
409 1210
409 702
409 1724
409 1218
409 1532
409 1732
409 1733
409 1226
409 1735
409 1228
409 1737
409 1684
409 1740
409 722
409 723
409 1236
409 1431
409 1746
409 1747
409 730
409 1752
409 738
409 739
409 1764
409 1256
409 753
409 1783
409 1784
409 1282
409 1284
409 780
409 1293
409 1297
409 1808
409 789
409 793
409 761
409 1307
409 1818
409 1313
409 804
409 1317
409 1324
409 1739
409 1699
409 1705
409 1843
409 1335
409 1339
409 1617
409 511
409 833
409 1347
409 1349
409 852
409 1873
409 1874
409 1538
409 870
409 1758
409 1384
409 1390
409 884
409 885
409 1416
409 1418
409 916
409 1429
409 1433
409 932
409 1444
409 938
409 429
409 1454
409 1044
409 449
409 450
409 875
409 1480
409 1481
409 1484
409 1872
409 1726
409 1388
409 792
409 707
409 473
409 1350
409 1497
409 1475
409 485
409 490
409 1804
409 1477
409 496
409 541
409 500
409 1017
409 512
409 1734
409 1535
409 1028
409 1029
409 521
409 1034
409 523
409 1545
409 1736
409 1553
409 533
409 534
409 536
409 1738
409 1559
409 1561
409 1231
409 1566
409 1058
409 1066
409 1657
409 1075
409 1587
409 570
409 1084
409 574
409 577
409 469
409 1092
409 1407
409 1100
409 593
409 1833
409 599
409 611
409 475
409 1638
409 817
409 1133
409 799
409 1583
409 1647
409 1143
409 1144
409 634
409 637
409 1150
409 1671
475 19
475 29
475 46
475 206
475 258
475 290
475 362
475 363
475 365
475 366
475 382
475 1552
475 916
475 924
475 1315
475 1841
475 1206
475 964
475 710
475 1224
475 589
475 1490
475 993
475 867
475 1014
475 763
475 764
475 765
475 1286
541 8
541 52
541 158
541 255
541 329
541 333
541 368
541 370
541 373
541 450
541 496
541 504
541 529
541 1681
541 929
541 1213
541 824
541 1463
541 1349
541 1350
541 1232
541 1472
541 978
541 723
541 1872
541 857
541 604
541 1758
541 875
541 1535
925 7
925 19
925 103
925 109
925 125
925 126
925 139
925 188
925 193
925 250
925 273
925 321
925 340
925 368
925 370
925 383
925 387
925 407
925 449
925 469
925 485
925 488
925 496
925 516
925 533
925 534
925 554
925 558
925 577
925 599
925 633
925 634
925 670
925 675
925 707
925 723
925 730
925 734
925 736
925 739
925 757
925 758
925 769
925 780
925 802
925 817
925 862
925 897
925 922
925 1164
925 1165
925 1678
925 1681
925 1684
925 1183
925 1699
925 1205
925 1714
925 1210
925 1732
925 1733
925 1734
925 1735
925 1736
925 1737
925 1738
925 1231
925 1740
925 1746
925 1239
925 1752
925 1256
925 1267
925 1690
925 1787
925 1298
925 1808
925 1331
925 1332
925 1843
925 1335
925 1339
925 1532
925 1347
925 1350
925 1874
925 1028
925 1538
925 1388
925 1390
925 1372
925 1541
925 1413
925 1431
925 946
925 951
925 1554
925 965
925 1476
925 967
925 1480
925 961
925 1497
925 990
925 1501
925 1475
925 1008
925 1523
925 1394
925 1017
925 1535
925 1032
925 1552
925 1044
925 1559
925 1739
925 1570
925 1657
925 1592
925 1599
925 1609
925 1102
925 1617
925 1241
925 1123
925 1633
925 1641
925 1159
288 26
288 32
288 46
288 61
288 88
288 103
288 105
288 122
288 125
288 126
288 128
288 159
288 178
288 188
288 193
288 196
288 213
288 229
288 249
288 259
288 269
288 287
288 1677
288 1681
288 1684
288 670
288 1183
288 1692
288 675
288 1698
288 1699
288 684
288 1705
288 1710
288 691
288 1206
288 1715
288 1210
288 700
288 1732
288 1733
288 1226
288 1735
288 1228
288 1737
288 1738
288 1739
288 1740
288 722
288 723
288 1238
288 1241
288 1242
288 1752
288 1244
288 734
288 1247
288 737
288 1758
288 1256
288 1261
288 1268
288 758
288 763
288 1784
288 765
288 1792
288 1286
288 1799
288 793
288 1818
288 290
288 1824
288 1827
288 511
288 817
288 1843
288 1335
288 1336
288 1337
288 1339
288 321
288 1345
288 1361
288 941
288 1874
288 1366
288 345
288 346
288 352
288 1114
288 366
288 879
288 370
288 885
288 892
288 1407
288 898
288 392
288 396
288 780
288 911
288 913
288 1431
288 414
288 1438
288 921
288 938
288 1450
288 429
288 943
288 433
288 1456
288 1460
288 1461
288 961
288 450
288 1475
288 449
288 1484
288 1592
288 467
288 1048
288 1219
288 1497
288 485
288 496
288 500
288 503
288 1017
288 508
288 1532
288 512
288 1734
288 1538
288 1736
288 534
288 1559
288 1051
288 634
288 1570
288 1063
288 1066
288 1657
288 560
288 1234
288 1236
288 574
288 577
288 582
288 1608
288 1613
288 1617
288 1054
288 1133
288 1652
288 340
288 637
288 1671
255 45
255 97
255 98
255 105
255 130
255 213
255 229
255 795
255 290
255 287
255 1183
255 1185
255 1570
255 297
255 556
255 946
255 1532
255 964
255 1407
255 1349
255 712
255 589
255 1787
255 599
255 734
255 366
255 879
255 1649
255 1440
1115 43
1115 51
1115 101
1115 105
1115 109
1115 137
1115 139
1115 146
1115 159
1115 188
1115 193
1115 196
1115 207
1115 211
1115 213
1115 232
1115 249
1115 277
1115 323
1115 346
1115 352
1115 354
1115 355
1115 363
1115 371
1115 381
1115 382
1115 387
1115 413
1115 416
1115 449
1115 451
1115 452
1115 469
1115 476
1115 479
1115 496
1115 508
1115 512
1115 516
1115 523
1115 534
1115 554
1115 572
1115 582
1115 585
1115 600
1115 621
1115 641
1115 649
1115 670
1115 678
1115 693
1115 712
1115 722
1115 730
1115 731
1115 734
1115 738
1115 739
1115 757
1115 758
1115 761
1115 774
1115 780
1115 792
1115 799
1115 812
1115 825
1115 847
1115 851
1115 853
1115 862
1115 866
1115 892
1115 916
1115 946
1115 995
1115 1003
1115 1008
1115 1009
1115 1028
1115 1032
1115 1054
1115 1058
1115 1102
1115 1164
1115 1678
1115 1172
1115 1751
1115 1183
1115 1699
1115 1705
1115 1206
1115 1681
1115 1225
1115 1226
1115 1235
1115 1748
1115 1752
1115 1603
1115 1758
1115 1689
1115 1266
1115 1787
1115 1777
1115 1293
1115 1306
1115 1843
1115 1621
1115 1873
1115 1347
1115 1350
1115 1282
1115 1379
1115 1388
1115 1390
1115 1541
1115 1398
1115 1431
1115 1449
1115 1453
1115 1475
1115 1372
1115 1477
1115 1478
1115 1480
1115 1481
1115 1484
1115 1727
1115 1496
1115 1476
1115 1224
1115 1535
1115 1558
1115 1564
1115 1236
1115 1602
1115 1750
1115 1638
1115 1650
1115 1145
1115 1657
1115 1154
1115 1664
1598 97
1598 134
1598 158
1598 247
1598 575
1598 630
1598 643
1598 758
1598 835
1598 878
1598 1095
1598 1498
1598 1503
1598 1758
1598 1746
2 957
957 32
957 81
957 89
957 97
957 98
957 110
957 135
957 185
957 187
957 245
957 278
957 343
957 365
957 396
957 410
957 424
957 473
957 485
957 518
957 520
957 529
957 583
957 591
957 616
957 752
957 761
957 766
957 771
957 776
957 808
957 878
957 1546
957 1718
957 1822
957 1827
957 1833
957 1063
957 1836
957 1715
957 1340
957 1086
957 1216
957 1609
957 1102
957 1054
957 1376
957 994
957 1647
957 1572
957 1255
3 1675
3 790
3 1054
3 1439
3 165
3 554
3 1576
3 764
3 177
3 1840
3 299
3 58
3 1215
3 1321
3 1477
3 1102
3 598
3 990
3 1757
3 7
3 1130
3 879
3 1009
3 243
3 1270
3 734
3 762
3 763
3 508
3 258
3 260
3 6
3 1284
1675 18
1675 38
1675 61
1675 110
1675 193
1675 229
1675 240
1675 260
1675 299
1675 364
1675 382
1675 433
1675 503
1675 507
1675 508
1675 552
1675 706
1675 733
1675 734
1675 761
1675 763
1675 764
1675 846
1675 923
1675 930
1675 973
1675 990
1675 1008
1675 1009
1675 1032
1675 1054
1675 1096
1675 1136
1675 1213
1675 1270
1675 1284
1675 1311
1675 1324
1675 1407
1675 1429
1675 1435
1675 1451
1675 1482
1675 1540
1675 1563
1675 1656
1675 1699
1675 1839
1675 1783
1675 1787
790 22
790 58
790 63
790 122
790 123
790 267
790 299
790 358
790 379
790 380
790 433
790 480
790 485
790 599
790 707
790 734
790 756
790 760
790 763
790 764
790 911
790 1686
790 1687
790 923
790 1689
790 1439
790 1693
790 1441
790 835
790 1840
790 821
790 1078
790 1079
790 1848
790 1850
790 834
790 1099
790 973
790 1528
790 1613
790 1113
790 1241
790 1284
790 1133
790 1515
790 1010
790 1844
790 1692
790 1415
1054 34
1054 87
1054 211
1054 287
1054 299
1054 356
1054 428
1054 436
1054 485
1054 512
1054 514
1054 521
1054 539
1054 549
1054 671
1054 733
1054 847
1054 849
1054 868
1054 948
1054 1010
1054 1169
1054 1556
1054 1440
1054 1869
1054 1706
1054 1707
1054 1081
1054 1466
1054 1532
1054 1448
1054 1224
1054 1613
1054 1238
1054 1130
1054 1643
1054 1540
1054 1647
1054 1144
1054 1657
1054 1282
1054 1668
1439 8
1439 19
1439 61
1439 105
1439 123
1439 163
1439 207
1439 211
1439 229
1439 246
1439 273
1439 281
1439 293
1439 321
1439 336
1439 355
1439 362
1439 363
1439 365
1439 366
1439 368
1439 393
1439 396
1439 437
1439 445
1439 557
1439 602
1439 634
1439 637
1439 651
1439 697
1439 722
1439 734
1439 745
1439 759
1439 780
1439 787
1439 795
1439 817
1439 830
1439 835
1439 885
1439 977
1439 1004
1439 1038
1439 1067
1439 1108
1439 1154
1439 1184
1439 1185
1439 1186
1439 1189
1439 1206
1439 1236
1439 1242
1439 1282
1439 1311
1439 1335
1439 1350
1439 1380
1439 1390
1439 1407
1439 1433
1439 1679
1439 1699
1439 1732
1439 1733
1439 1734
1439 1735
1439 1736
1439 1737
1439 1738
1439 1739
1439 1740
1439 1783
1439 1692
1439 1833
1439 1843
1439 1455
1439 1501
1439 1554
1439 1592
1439 1657
1439 1669
1439 1671
165 37
165 63
165 98
165 137
165 145
165 534
165 1557
165 1689
165 926
165 1311
165 315
165 1572
165 433
165 1456
165 1213
165 694
165 763
165 1185
165 1086
165 1082
165 1468
165 959
165 287
165 197
165 1607
165 641
165 589
165 1241
165 258
165 734
165 1758
165 485
165 1381
165 1763
165 1130
165 1643
165 586
165 247
165 1270
165 1144
165 606
165 635
165 764
165 765
165 1152
165 260
165 1821
554 52
554 177
554 187
554 218
554 232
554 258
554 260
554 327
554 347
554 366
554 367
554 368
554 413
554 431
554 516
554 534
554 552
554 1293
554 1294
554 1624
554 1553
554 1300
554 919
554 792
554 1820
554 1082
554 1743
554 1826
554 1699
554 937
554 555
554 557
554 1705
554 691
554 1712
554 1796
554 1408
554 1461
554 1335
554 1592
554 1212
554 1214
554 961
554 1726
554 1347
554 1348
554 1477
554 1732
554 1609
554 1102
554 1345
554 722
554 1107
554 1618
554 1619
554 643
554 1028
554 1245
554 1431
554 1843
554 1475
554 1634
554 1637
554 1384
554 1009
554 1388
554 881
554 882
554 1648
554 1008
554 1170
554 1398
554 734
554 1401
554 1657
554 1532
554 1494
554 1311
554 1032
554 758
1576 125
1576 172
1576 299
1576 734
1576 759
1576 990
1576 1008
1576 1009
1576 1215
1576 1350
1576 1477
1576 1609
1576 1758
1576 1613
764 7
764 18
764 19
764 36
764 58
764 63
764 67
764 70
764 78
764 91
764 125
764 137
764 144
764 145
764 152
764 168
764 172
764 190
764 203
764 229
764 240
764 250
764 259
764 260
764 272
764 299
764 302
764 327
764 338
764 358
764 364
764 374
764 375
764 396
764 429
764 431
764 433
764 456
764 480
764 481
764 485
764 486
764 497
764 500
764 503
764 507
764 512
764 549
764 593
764 596
764 637
764 667
764 668
764 679
764 694
764 702
764 722
764 734
764 754
764 760
764 762
764 763
764 1170
764 1166
764 1689
764 1692
764 1185
764 1186
764 830
764 1723
764 1225
764 1744
764 1431
764 1686
764 1243
764 1244
764 1758
764 1269
764 1270
764 765
764 770
764 1609
764 1295
764 792
764 1308
764 1311
764 1840
764 1844
764 1850
764 1344
764 834
764 1347
764 1361
764 1874
764 863
764 871
764 1383
764 879
764 1206
764 907
764 911
764 1423
764 913
764 1433
764 923
764 1549
764 938
764 1456
764 1461
764 1463
764 961
764 1472
764 963
764 976
764 978
764 982
764 1515
764 1009
764 1014
764 1530
764 1037
764 1398
764 1043
764 1047
764 1566
764 1570
764 1066
764 1067
764 1082
764 1087
764 1088
764 1099
764 1109
764 1126
764 1242
764 1130
764 1131
764 1137
764 1158
177 103
177 364
177 1451
177 367
177 1009
177 1012
177 949
177 926
177 1082
177 1214
177 875
177 1312
1840 52
1840 63
1840 101
1840 188
1840 193
1840 218
1840 299
1840 300
1840 325
1840 327
1840 329
1840 340
1840 368
1840 370
1840 387
1840 450
1840 480
1840 493
1840 552
1840 593
1840 667
1840 669
1840 701
1840 722
1840 729
1840 734
1840 739
1840 762
1840 763
1840 765
1840 780
1840 913
1840 916
1840 948
1840 1009
1840 1044
1840 1179
1840 1213
1840 1216
1840 1242
1840 1321
1840 1757
1840 1843
1840 1844
1840 1872
299 63
299 145
299 218
299 224
299 232
299 242
299 259
299 260
299 287
299 290
299 1176
299 1184
299 1185
299 1187
299 1705
299 1706
299 694
299 1213
299 1215
299 1218
299 1225
299 1230
299 1231
299 1235
299 1431
299 1242
299 734
299 736
299 758
299 1270
299 760
299 763
299 1787
299 1284
299 1796
299 1797
299 1813
299 1824
299 1826
299 1844
299 327
299 1361
299 354
299 367
299 375
299 1118
299 892
299 400
299 923
299 926
299 1082
299 429
299 433
299 948
299 1461
299 954
299 1130
299 1477
299 981
299 793
299 990
299 480
299 996
299 485
299 486
299 1008
299 1009
299 1010
299 503
299 508
299 1532
299 512
299 1038
299 1549
299 1558
299 1570
299 552
299 1076
299 570
299 575
299 1609
299 589
299 593
299 606
299 1120
299 1124
299 618
299 1131
299 1659
299 1669
58 4
58 7
58 18
58 49
58 653
58 144
58 1169
58 149
58 1689
58 1692
58 1699
58 684
58 692
58 1210
58 712
58 1225
58 717
58 211
58 723
58 1748
58 1241
58 1751
58 1752
58 734
58 229
58 232
58 244
58 1270
58 765
58 1787
58 1282
58 1286
58 1796
58 273
58 274
58 504
58 1810
58 793
58 794
58 795
58 1613
58 1320
58 1324
58 816
58 308
58 310
58 834
58 846
58 340
58 1874
58 1875
58 866
58 867
58 868
58 366
58 1390
58 1397
58 1407
58 902
58 1414
58 393
58 1419
58 1429
58 611
58 932
58 424
58 429
58 433
58 442
58 1470
58 1475
58 967
58 1478
58 1496
58 993
58 485
58 1515
58 499
58 1525
58 508
58 511
58 512
58 532
58 1057
58 1570
58 1061
58 1076
58 1082
58 1086
58 1099
58 82
58 1123
58 1136
58 1646
58 1647
58 122
58 643
58 1671
1215 182
1215 227
1215 265
1215 400
1215 402
1215 614
1215 710
1215 866
1215 922
1215 990
1215 1477
1321 17
1321 60
1321 137
1321 258
1321 327
1321 556
1321 850
1321 1008
1321 1009
1321 1082
1321 1118
1321 1214
1321 1294
1321 1743
1321 1435
1321 1761
1321 1732
1477 63
1477 115
1477 188
1477 242
1477 367
1477 368
1477 400
1477 437
1477 472
1477 496
1477 526
1477 544
1477 632
1477 664
1477 700
1477 710
1477 722
1477 733
1477 734
1477 736
1477 737
1477 746
1477 862
1477 892
1477 897
1477 902
1477 932
1477 948
1477 961
1477 1008
1477 1009
1477 1032
1477 1075
1477 1087
1477 1103
1477 1118
1477 1126
1477 1144
1477 1206
1477 1210
1477 1242
1477 1249
1477 1261
1477 1270
1477 1284
1477 1311
1477 1322
1477 1326
1477 1331
1477 1361
1477 1372
1477 1388
1477 1475
1477 1870
1477 1804
1477 1708
1477 1743
1477 1541
1477 1874
1477 1538
1477 1532
1477 1488
1477 1668
1477 1587
1102 191
1102 196
1102 229
1102 232
1102 259
1102 352
1102 354
1102 370
1102 391
1102 469
1102 503
1102 637
1102 670
1102 688
1102 717
1102 765
1102 789
1102 802
1102 804
1102 1003
1102 1085
1102 1164
1102 1165
1102 1678
1102 1170
1102 1480
1102 1231
1102 1535
1102 1624
1102 1454
1102 1545
1102 1671
598 26
598 43
598 51
598 60
598 63
598 172
598 197
598 218
598 260
598 316
598 336
598 364
598 375
598 396
598 413
598 436
598 485
598 508
598 552
598 555
598 589
598 1294
598 912
598 1170
598 717
598 667
598 847
598 1565
598 1082
598 1186
598 1706
598 1235
598 1212
598 1090
598 1353
598 1230
598 1613
598 1743
598 734
598 1376
598 1383
598 1130
598 1133
598 914
598 1008
598 1009
598 1010
598 1267
598 1796
598 898
598 644
598 1311
598 1270
598 1032
990 42
990 63
990 97
990 105
990 125
990 152
990 188
990 202
990 259
990 333
990 367
990 400
990 405
990 450
990 508
990 537
990 579
990 590
990 606
990 643
990 656
990 679
990 683
990 684
990 713
990 734
990 736
990 765
990 785
990 794
990 795
990 830
990 927
990 932
990 963
990 1311
990 1566
990 1826
990 1833
990 1488
990 1456
990 1540
990 1462
990 1214
990 1082
990 1066
990 1475
990 1549
990 1322
990 1851
990 1361
990 1619
990 1558
990 1118
990 993
990 1284
990 1380
990 1678
990 1261
990 1010
990 1269
990 1531
990 1532
990 1874
990 1056
990 1242
990 1668
990 1796
1757 125
1757 144
1757 145
1757 260
1757 287
1757 382
1757 485
1757 508
1757 511
1757 606
1757 734
1757 755
1757 765
1757 879
1757 1158
1757 1230
1757 1617
7 1084
7 1869
7 1542
7 310
7 216
7 122
7 1463
7 1082
7 923
7 575
7 508
7 552
7 1225
1130 74
1130 98
1130 172
1130 218
1130 260
1130 272
1130 327
1130 413
1130 433
1130 707
1130 762
1130 763
1130 792
1130 830
1130 877
1130 901
1130 913
1130 948
1130 954
1130 1008
1130 1009
1130 1014
1130 1082
1130 1681
1130 1429
1130 1294
1130 1274
1130 1320
1130 1579
1130 1718
1130 1344
1130 1270
1130 1361
1130 1431
1130 1875
1130 1242
1130 1754
1130 1137
1130 1398
1130 1787
1130 1796
879 19
879 37
879 45
879 46
879 56
879 94
879 97
879 98
879 99
879 105
879 206
879 229
879 234
879 236
879 240
879 253
879 273
879 287
879 310
879 333
879 342
879 365
879 366
879 368
879 393
879 429
879 432
879 445
879 446
879 450
879 480
879 486
879 496
879 502
879 504
879 546
879 549
879 597
879 673
879 684
879 697
879 708
879 722
879 723
879 759
879 793
879 795
879 830
879 1164
879 1170
879 1175
879 1176
879 1186
879 1210
879 1732
879 1225
879 1766
879 1283
879 1286
879 1843
879 1844
879 1570
879 1851
879 1350
879 1868
879 1869
879 1361
879 1380
879 1383
879 1407
879 911
879 912
879 1438
879 1440
879 1466
879 964
879 1001
879 1038
879 1548
879 1565
879 1071
879 1583
879 1077
879 1632
879 1137
879 1154
879 1501
879 1669
1009 43
1009 51
1009 52
1009 60
1009 67
1009 83
1009 101
1009 137
1009 178
1009 187
1009 188
1009 212
1009 218
1009 219
1009 227
1009 232
1009 242
1009 258
1009 260
1009 277
1009 287
1009 290
1009 325
1009 327
1009 347
1009 366
1009 368
1009 370
1009 375
1009 383
1009 396
1009 413
1009 433
1009 440
1009 483
1009 485
1009 491
1009 508
1009 516
1009 552
1009 555
1009 557
1009 579
1009 599
1009 612
1009 634
1009 641
1009 642
1009 643
1009 717
1009 720
1009 722
1009 730
1009 734
1009 736
1009 737
1009 758
1009 762
1009 763
1009 765
1009 791
1009 792
1009 793
1009 795
1009 811
1009 817
1009 833
1009 859
1009 876
1009 877
1009 881
1009 882
1009 892
1009 894
1009 898
1009 911
1009 913
1009 919
1009 923
1009 932
1009 937
1009 948
1009 965
1009 978
1009 993
1009 1002
1009 1008
1009 1164
1009 1170
1009 1335
1009 1176
1009 1082
1009 1186
1009 1698
1009 1699
1009 1705
1009 1706
1009 1206
1009 1715
1009 1212
1009 1214
1009 1726
1009 1732
1009 1225
1009 1734
1009 1735
1009 1736
1009 1738
1009 1739
1009 1747
1009 1242
1009 1347
1009 1777
1009 1270
1009 1793
1009 1796
1009 1293
1009 1294
1009 1807
1009 1300
1009 1301
1009 1308
1009 1311
1009 1826
1009 1829
1009 1324
1009 1843
1009 1844
1009 1339
1009 1850
1009 1852
1009 1345
1009 1109
1009 1348
1009 1350
1009 1619
1009 1869
1009 1870
1009 1362
1009 1028
1009 1284
1009 1390
1009 1401
1009 1428
1009 1429
1009 1431
1009 1548
1009 1210
1009 1454
1009 1456
1009 1461
1009 1478
1009 1388
1009 1235
1009 1498
1009 1322
1009 1817
1009 1014
1009 1733
1009 1531
1009 1532
1009 1535
1009 1032
1009 1398
1009 1549
1009 1737
1009 1553
1009 1047
1009 1558
1009 1565
1009 1570
1009 1740
1009 1581
1009 1075
1009 1743
1009 1592
1009 1615
1009 1618
1009 1624
1009 1120
1009 1751
1009 1128
1009 1856
1009 1131
1009 1641
1009 1656
1009 1657
1009 1149
1009 1659
1009 1161
243 98
243 105
243 106
243 125
243 229
243 916
243 290
243 1833
243 1206
243 1236
243 1851
243 450
243 585
243 973
243 722
243 1616
243 1872
243 1114
243 362
243 363
243 365
243 366
243 368
243 502
243 892
243 1154
243 1029
243 1286
1270 33
1270 60
1270 91
1270 105
1270 115
1270 124
1270 126
1270 137
1270 144
1270 145
1270 192
1270 204
1270 218
1270 219
1270 224
1270 229
1270 246
1270 257
1270 258
1270 259
1270 260
1270 285
1270 286
1270 287
1270 289
1270 290
1270 300
1270 310
1270 320
1270 327
1270 330
1270 364
1270 379
1270 383
1270 393
1270 417
1270 433
1270 452
1270 480
1270 481
1270 483
1270 484
1270 485
1270 503
1270 507
1270 508
1270 511
1270 536
1270 552
1270 555
1270 590
1270 614
1270 618
1270 637
1270 667
1270 669
1270 677
1270 683
1270 693
1270 707
1270 720
1270 733
1270 734
1270 747
1270 762
1270 763
1270 765
1270 792
1270 793
1270 795
1270 866
1270 871
1270 877
1270 884
1270 889
1270 897
1270 898
1270 910
1270 911
1270 913
1270 923
1270 927
1270 930
1270 934
1270 941
1270 948
1270 956
1270 961
1270 967
1270 977
1270 996
1270 1004
1270 1014
1270 1028
1270 1032
1270 1051
1270 1063
1270 1082
1270 1086
1270 1087
1270 1089
1270 1092
1270 1104
1270 1109
1270 1111
1270 1119
1270 1120
1270 1124
1270 1131
1270 1133
1270 1157
1270 1185
1270 1186
1270 1212
1270 1213
1270 1214
1270 1225
1270 1230
1270 1234
1270 1242
1270 1243
1270 1244
1270 1248
1270 1249
1270 1269
1270 1681
1270 1698
1270 1699
1270 1705
1270 1706
1270 1726
1270 1532
1270 1347
1270 1787
1270 1796
1270 1797
1270 1361
1270 1838
1270 1843
1270 1335
1270 1848
1270 1850
1270 1344
1270 1345
1270 1618
1270 1350
1270 1869
1270 1870
1270 1451
1270 1363
1270 1282
1270 1383
1270 1541
1270 1398
1270 1401
1270 1410
1270 1799
1270 1429
1270 1431
1270 1450
1270 1456
1270 1440
1270 1478
1270 1482
1270 1485
1270 1498
1270 1306
1270 1619
1270 1525
1270 1311
1270 1542
1270 1549
1270 1566
1270 1570
1270 1657
1270 1579
1270 1592
1270 1322
1270 1615
1270 1648
1270 1668
1270 1332
734 14
734 16
734 19
734 26
734 36
734 43
734 48
734 52
734 61
734 78
734 81
734 91
734 93
734 103
734 109
734 110
734 117
734 122
734 123
734 125
734 126
734 137
734 144
734 149
734 162
734 178
734 188
734 191
734 198
734 206
734 209
734 216
734 218
734 219
734 229
734 230
734 240
734 242
734 251
734 253
734 257
734 258
734 260
734 265
734 269
734 271
734 273
734 280
734 285
734 321
734 322
734 327
734 346
734 354
734 356
734 364
734 366
734 367
734 368
734 379
734 382
734 383
734 396
734 397
734 413
734 417
734 426
734 429
734 433
734 444
734 447
734 449
734 450
734 484
734 487
734 491
734 500
734 503
734 507
734 508
734 512
734 516
734 517
734 521
734 547
734 552
734 555
734 556
734 557
734 560
734 579
734 583
734 589
734 590
734 591
734 593
734 599
734 600
734 605
734 633
734 663
734 671
734 676
734 677
734 679
734 690
734 699
734 700
734 707
734 716
734 717
734 722
734 723
734 725
734 728
734 730
734 733
734 1419
734 1843
734 1168
734 1169
734 1170
734 1179
734 996
734 1690
734 1693
734 1186
734 1698
734 1194
734 1678
734 1704
734 1705
734 1706
734 1707
734 1203
734 1206
734 1213
734 1728
734 1223
734 1297
734 1225
734 833
734 1770
734 1238
734 1247
734 737
734 1256
734 1261
734 1267
734 1777
734 758
734 1779
734 760
734 763
734 756
734 1183
734 772
734 1692
734 1288
734 1185
734 1609
734 1294
734 1805
734 1806
734 1807
734 1300
734 1301
734 792
734 1813
734 1306
734 1308
734 1311
734 1312
734 1697
734 1826
734 1783
734 1410
734 1324
734 1699
734 1329
734 1332
734 1842
734 1334
734 1846
734 1848
734 1787
734 1345
734 835
734 1348
734 1436
734 1619
734 1353
734 846
734 1351
734 1869
734 1451
734 853
734 1874
734 771
734 1367
734 1370
734 1029
734 1383
734 1384
734 874
734 875
734 1012
734 1528
734 882
734 1284
734 884
734 886
734 889
734 1401
734 892
734 1407
734 1408
734 757
734 1532
734 907
734 911
734 1641
734 915
734 1428
734 1431
734 1432
734 1184
734 923
734 1435
734 930
734 1456
734 1462
734 1214
734 1044
734 1470
734 1475
734 967
734 1478
734 961
734 1482
734 973
734 974
734 1485
734 976
734 1488
734 1388
734 1048
734 1491
734 1727
734 777
734 1390
734 1201
734 1051
734 1004
734 1515
734 1007
734 1010
734 1542
734 1522
734 1014
734 795
734 1008
734 1023
734 1540
734 1032
734 1549
734 1551
734 1553
734 1045
734 1046
734 1047
734 1558
734 1103
734 1563
734 1055
734 876
734 1566
734 1570
734 1656
734 1761
734 1658
734 797
734 780
734 1235
734 1782
734 1082
734 1087
734 1597
734 1661
734 1603
734 1096
734 1607
734 883
734 1613
734 1615
734 813
734 1618
734 1627
734 1533
734 762
734 1133
734 1136
734 1137
734 1784
734 741
734 1063
734 1344
734 1187
734 1293
734 1665
734 736
734 1671
762 18
762 53
762 71
762 73
762 137
762 142
762 144
762 239
762 250
762 260
762 287
762 313
762 336
762 344
762 345
762 364
762 375
762 425
762 442
762 480
762 593
762 601
762 614
762 913
762 1043
762 1844
762 1047
762 1166
762 1433
762 889
762 796
762 1689
762 1692
762 1591
762 912
762 1073
762 1586
762 950
762 830
762 834
762 1137
762 1515
762 1131
762 1619
762 1758
762 1761
762 1815
762 1383
762 875
762 1396
762 763
762 1529
762 765
762 1185
763 18
763 53
763 61
763 63
763 67
763 70
763 91
763 125
763 137
763 144
763 168
763 229
763 240
763 250
763 260
763 268
763 272
763 281
763 327
763 336
763 358
763 364
763 365
763 370
763 374
763 375
763 396
763 411
763 422
763 431
763 433
763 449
763 463
763 480
763 485
763 500
763 503
763 530
763 578
763 593
763 614
763 618
763 632
763 667
763 668
763 670
763 694
763 702
763 754
763 760
763 1172
763 1166
763 1689
763 1184
763 1185
763 1186
763 1192
763 1203
763 830
763 1089
763 1744
763 1686
763 923
763 1772
763 1293
763 784
763 1805
763 1780
763 1308
763 1311
763 807
763 1322
763 812
763 818
763 765
763 821
763 1842
763 1844
763 1850
763 834
763 1347
763 1361
763 1872
763 866
763 871
763 872
763 1384
763 1409
763 911
763 912
763 913
763 1431
763 1433
763 940
763 947
763 1383
763 1463
763 976
763 792
763 996
763 1515
763 1008
763 1012
763 1043
763 1559
763 1566
763 1062
763 1066
763 1067
763 1578
763 1583
763 1082
763 1087
763 1109
763 1619
763 1111
763 1242
763 1131
763 1137
763 1163
508 6
508 8
508 18
508 43
508 61
508 65
508 82
508 97
508 103
508 114
508 122
508 123
508 137
508 144
508 145
508 188
508 206
508 208
508 209
508 211
508 216
508 240
508 257
508 260
508 265
508 281
508 316
508 321
508 354
508 356
508 364
508 366
508 368
508 382
508 417
508 419
508 450
508 478
508 483
508 484
508 503
508 507
508 1673
508 1169
508 661
508 667
508 669
508 1690
508 1692
508 676
508 1697
508 1699
508 683
508 1431
508 1205
508 1206
508 633
508 712
508 713
508 725
508 1242
508 1244
508 1249
508 1761
508 1770
508 756
508 758
508 759
508 760
508 1784
508 1284
508 780
508 1293
508 1807
508 1300
508 1813
508 1815
508 1817
508 849
508 821
508 1344
508 1856
508 1350
508 1869
508 1874
508 1282
508 1367
508 1538
508 1758
508 1710
508 885
508 1398
508 1542
508 892
508 1406
508 897
508 1414
508 910
508 916
508 1428
508 919
508 1443
508 1549
508 938
508 1453
508 1456
508 948
508 1466
508 961
508 1475
508 1478
508 976
508 1488
508 1491
508 1847
508 1501
508 1502
508 1136
508 1000
508 1004
508 1515
508 1012
508 968
508 1532
508 1027
508 1541
508 521
508 1045
508 1049
508 545
508 549
508 1063
508 552
508 1070
508 722
508 579
508 1603
508 585
508 590
508 591
508 1615
508 599
508 600
508 1121
508 1225
508 1131
508 1158
508 1670
258 33
258 63
258 74
258 83
258 106
258 137
258 219
258 224
258 232
258 631
258 1549
258 1299
258 1431
258 667
258 1052
258 669
258 926
258 1692
258 1693
258 1442
258 1570
258 679
258 1869
258 1323
258 1324
258 1213
258 1206
258 572
258 1469
258 342
258 325
258 327
258 1311
258 586
258 590
258 1048
258 599
258 1624
258 322
258 485
258 1133
258 1540
258 1008
258 1010
258 1244
258 1012
258 1014
258 1118
258 1784
258 259
258 260
258 516
258 1284
258 1242
258 758
260 33
260 60
260 71
260 91
260 115
260 126
260 137
260 144
260 145
260 152
260 162
260 179
260 188
260 204
260 214
260 218
260 224
260 229
260 238
260 259
260 1165
260 667
260 1184
260 1185
260 1191
260 683
260 1705
260 1706
260 1214
260 1726
260 1225
260 1747
260 1242
260 1243
260 496
260 1762
260 1256
260 747
260 1436
260 758
260 1274
260 765
260 1282
260 1796
260 1797
260 1289
260 272
260 1805
260 791
260 792
260 285
260 1817
260 287
260 1311
260 290
260 1326
260 618
260 1335
260 320
260 1344
260 1347
260 327
260 1351
260 333
260 1360
260 1361
260 861
260 1284
260 871
260 1383
260 364
260 884
260 1400
260 1407
260 898
260 396
260 910
260 1431
260 1435
260 413
260 926
260 927
260 1440
260 1442
260 932
260 934
260 1450
260 1451
260 433
260 1456
260 948
260 440
260 961
260 1478
260 1482
260 993
260 485
260 1051
260 1646
260 1004
260 1008
260 1010
260 286
260 1014
260 503
260 504
260 289
260 521
260 1549
260 532
260 1082
260 889
260 1052
260 1566
260 1058
260 1063
260 1657
260 1579
260 1086
260 1087
260 1089
260 590
260 1103
260 1613
260 1618
260 1269
260 322
260 1120
260 614
260 1128
260 1133
260 1158
260 1669
6 1419
6 1207
6 1780
6 1433
6 923
6 229
6 503
6 927
6 1692
6 1566
6 1701
6 429
6 433
6 1456
6 437
6 57
6 1086
6 193
6 1407
6 993
6 1225
6 973
6 1106
6 1743
6 1242
6 1120
6 794
6 484
6 1751
6 1001
6 1398
6 1641
6 1005
6 366
6 1647
6 882
6 499
6 631
6 504
6 377
6 512
6 771
6 1184
6 906
6 1121
1284 72
1284 78
1284 106
1284 149
1284 163
1284 164
1284 216
1284 218
1284 227
1284 242
1284 277
1284 280
1284 287
1284 327
1284 407
1284 439
1284 482
1284 485
1284 486
1284 507
1284 516
1284 525
1284 569
1284 634
1284 671
1284 707
1284 723
1284 736
1284 758
1284 761
1284 765
1284 780
1284 791
1284 817
1284 833
1284 862
1284 891
1284 892
1284 923
1284 993
1284 1008
1284 1014
1284 1066
1284 1071
1284 1133
1284 1137
1284 1230
1284 1727
1284 1732
1284 1733
1284 1734
1284 1735
1284 1736
1284 1737
1284 1738
1284 1739
1284 1740
1284 1287
1284 1294
1284 1826
1284 1833
1284 1335
1284 1851
1284 1868
1284 1869
1284 1414
1284 1440
1284 1470
1284 1523
1284 1540
1284 1542
1284 1549
1284 1579
1284 1592
1284 1632
1284 1657
4 599
4 122
4 849
4 1671
599 19
599 95
599 109
599 114
599 115
599 162
599 188
599 218
599 229
599 327
599 379
599 383
599 390
599 433
599 496
599 500
599 503
599 507
599 511
599 512
599 516
599 552
599 574
599 586
599 1170
599 1685
599 667
599 1185
599 828
599 1708
599 694
599 722
599 1745
599 1432
599 733
599 753
599 756
599 1274
599 766
599 1787
599 771
599 1692
599 1306
599 1311
599 1323
599 1324
599 1847
599 1848
599 829
599 1851
599 1344
599 1350
599 1869
599 1197
599 1875
599 1384
599 889
599 1407
599 1410
599 1413
599 1184
599 1438
599 930
599 1450
599 946
599 1482
599 1501
599 1543
599 1045
599 1559
599 1051
599 1658
599 1614
599 1624
599 1124
599 637
599 612
599 1663
599 643
122 9
122 19
122 23
122 51
122 75
122 110
122 111
122 653
122 149
122 660
122 1692
122 679
122 172
122 684
122 1203
122 692
122 712
122 1225
122 1226
122 717
122 208
122 1232
122 211
122 1748
122 1751
122 1752
122 1758
122 739
122 229
122 232
122 756
122 1293
122 273
122 274
122 791
122 793
122 794
122 795
122 1822
122 1324
122 308
122 325
122 1875
122 347
122 1377
122 868
122 1384
122 1387
122 366
122 1397
122 1407
122 897
122 902
122 1414
122 1425
122 1430
122 932
122 429
122 946
122 442
122 444
122 965
122 455
122 477
122 1475
122 485
122 499
122 504
122 512
122 536
122 1057
122 1086
122 1099
122 1613
122 1617
122 601
122 611
122 1136
122 1646
122 1647
122 126
122 1658
122 643
122 1671
849 110
849 167
849 188
849 207
849 211
849 246
849 279
849 328
849 415
849 452
849 453
849 501
849 504
849 514
849 522
849 629
849 718
849 830
849 843
849 1164
849 1423
849 1805
849 1428
849 1064
849 1707
849 1073
849 1208
849 1478
849 1513
849 1231
849 1282
849 1120
849 995
849 1093
849 1135
849 1405
849 1417
849 1668
849 1542
1671 19
1671 27
1671 34
1671 52
1671 61
1671 81
1671 86
1671 89
1671 100
1671 109
1671 110
1671 123
1671 128
1671 144
1671 145
1671 149
1671 162
1671 163
1671 172
1671 191
1671 196
1671 259
1671 266
1671 270
1671 273
1671 321
1671 330
1671 336
1671 337
1671 355
1671 370
1671 374
1671 377
1671 381
1671 407
1671 418
1671 444
1671 450
1671 451
1671 459
1671 469
1671 503
1671 507
1671 512
1671 536
1671 561
1671 582
1671 596
1671 617
1671 637
1671 659
1671 667
1671 670
1671 689
1671 691
1671 693
1671 707
1671 712
1671 722
1671 733
1671 739
1671 759
1671 791
1671 793
1671 860
1671 866
1671 946
1671 1023
1671 1044
1671 1051
1671 1063
1671 1065
1671 1066
1671 1088
1671 1170
1671 1176
1671 1183
1671 1187
1671 1206
1671 1304
1671 1305
1671 1313
1671 1319
1671 1348
1671 1368
1671 1384
1671 1406
1671 1436
1671 1438
1671 1440
1671 1448
1671 1450
1671 1451
1671 1460
1671 1463
1671 1474
1671 1475
1671 1480
1671 1491
1671 1534
1671 1538
1671 1539
1671 1543
1671 1583
1671 1587
1671 1613
1671 1618
1671 1624
1671 1636
1671 1646
1671 1686
1671 1687
1671 1699
1671 1708
1671 1741
1671 1752
1671 1758
1671 1763
1671 1693
1671 1832
1671 1834
1671 1866
1671 1875
1671 1804
5 1758
1758 10
1758 16
1758 22
1758 32
1758 33
1758 34
1758 50
1758 60
1758 61
1758 65
1758 81
1758 82
1758 83
1758 94
1758 95
1758 98
1758 109
1758 111
1758 113
1758 126
1758 128
1758 131
1758 132
1758 137
1758 150
1758 153
1758 158
1758 159
1758 161
1758 162
1758 168
1758 169
1758 182
1758 183
1758 194
1758 200
1758 206
1758 210
1758 237
1758 244
1758 246
1758 259
1758 262
1758 265
1758 275
1758 279
1758 289
1758 291
1758 302
1758 324
1758 328
1758 336
1758 346
1758 352
1758 354
1758 358
1758 366
1758 370
1758 373
1758 374
1758 375
1758 384
1758 386
1758 387
1758 390
1758 395
1758 397
1758 414
1758 418
1758 429
1758 433
1758 440
1758 448
1758 456
1758 461
1758 465
1758 466
1758 467
1758 476
1758 482
1758 485
1758 486
1758 488
1758 489
1758 495
1758 500
1758 507
1758 514
1758 530
1758 534
1758 553
1758 565
1758 566
1758 576
1758 589
1758 613
1758 616
1758 631
1758 634
1758 635
1758 636
1758 637
1758 640
1758 651
1758 655
1758 656
1758 660
1758 665
1758 667
1758 669
1758 685
1758 687
1758 688
1758 693
1758 698
1758 702
1758 710
1758 712
1758 722
1758 733
1758 738
1758 740
1758 743
1758 745
1758 746
1758 756
1758 758
1758 760
1758 761
1758 767
1758 769
1758 775
1758 776
1758 779
1758 781
1758 789
1758 805
1758 808
1758 813
1758 823
1758 830
1758 833
1758 838
1758 839
1758 847
1758 848
1758 850
1758 853
1758 854
1758 855
1758 878
1758 882
1758 889
1758 896
1758 902
1758 903
1758 908
1758 914
1758 918
1758 921
1758 923
1758 936
1758 951
1758 964
1758 966
1758 968
1758 969
1758 972
1758 979
1758 996
1758 1012
1758 1020
1758 1024
1758 1025
1758 1038
1758 1044
1758 1045
1758 1051
1758 1055
1758 1056
1758 1067
1758 1070
1758 1073
1758 1076
1758 1088
1758 1090
1758 1098
1758 1108
1758 1111
1758 1112
1758 1126
1758 1127
1758 1135
1758 1137
1758 1142
1758 1145
1758 1152
1758 1156
1758 1157
1758 1162
1758 1169
1758 1173
1758 1182
1758 1186
1758 1187
1758 1196
1758 1206
1758 1208
1758 1211
1758 1221
1758 1232
1758 1237
1758 1239
1758 1242
1758 1262
1758 1264
1758 1272
1758 1274
1758 1304
1758 1317
1758 1318
1758 1332
1758 1337
1758 1345
1758 1346
1758 1350
1758 1357
1758 1359
1758 1360
1758 1361
1758 1381
1758 1387
1758 1391
1758 1398
1758 1406
1758 1422
1758 1426
1758 1428
1758 1436
1758 1437
1758 1440
1758 1444
1758 1448
1758 1465
1758 1484
1758 1492
1758 1496
1758 1498
1758 1502
1758 1503
1758 1510
1758 1514
1758 1515
1758 1518
1758 1530
1758 1532
1758 1539
1758 1545
1758 1546
1758 1548
1758 1551
1758 1557
1758 1559
1758 1560
1758 1565
1758 1574
1758 1575
1758 1583
1758 1587
1758 1601
1758 1610
1758 1611
1758 1615
1758 1619
1758 1621
1758 1632
1758 1638
1758 1645
1758 1648
1758 1653
1758 1656
1758 1658
1758 1669
1758 1674
1758 1678
1758 1680
1758 1690
1758 1692
1758 1693
1758 1696
1758 1705
1758 1712
1758 1726
1758 1727
1758 1750
1758 1846
1758 1771
1758 1847
1758 1871
1758 1836
1758 1855
1758 1853
1758 1787
1758 1759
1758 1873
1758 1777
1758 1808
1758 1816
1758 1821
1758 1848
1758 1856
1758 1860
1758 1862
1758 1783
1758 1763
1758 1823
1419 98
1419 172
1419 359
1419 392
1419 503
1419 712
1419 722
1419 744
1419 797
1419 876
1419 903
1419 923
1419 1012
1419 1077
1419 1184
1419 1185
1419 1186
1419 1351
1419 1369
1419 1384
1419 1432
1419 1433
1419 1563
1419 1704
1419 1708
1419 1473
1419 1787
1419 1692
1419 1693
1207 98
1207 172
1207 234
1207 246
1207 257
1207 316
1207 354
1207 368
1207 429
1207 433
1207 512
1207 521
1207 523
1207 524
1207 693
1207 722
1207 772
1207 775
1207 776
1207 795
1207 866
1207 1004
1207 1024
1207 1067
1207 1073
1207 1074
1207 1206
1207 1742
1207 1677
1207 1551
1207 1313
1207 1384
1207 1843
1207 1208
1207 1846
1207 1345
1207 1219
1207 1877
1207 1624
1207 1715
1207 1475
1207 1634
1207 1267
1207 1776
1780 19
1780 109
1780 162
1780 164
1780 291
1780 363
1780 503
1780 830
1780 1268
1780 1778
1433 46
1433 81
1433 209
1433 229
1433 240
1433 246
1433 273
1433 310
1433 485
1433 496
1433 504
1433 524
1433 589
1433 670
1433 710
1433 730
1433 756
1433 765
1433 794
1433 798
1433 807
1433 843
1433 866
1433 921
1433 1001
1433 1073
1433 1086
1433 1124
1433 1136
1433 1170
1433 1225
1433 1242
1433 1282
1433 1286
1433 1384
1433 1407
1433 1440
1433 1613
1433 1616
1433 1515
923 65
923 98
923 105
923 185
923 203
923 218
923 226
923 345
923 358
923 379
923 414
923 426
923 433
923 484
923 485
923 503
923 514
923 574
923 578
923 586
923 591
923 653
923 670
923 693
923 739
923 758
923 795
923 807
923 843
923 1090
923 1684
923 1304
923 1376
923 1817
923 1242
923 1566
923 1501
923 1574
923 1323
923 1324
923 1706
923 948
923 1460
923 1082
923 1085
923 1091
923 1746
923 1484
923 1104
923 1218
923 1361
923 1699
923 1874
923 1686
923 1374
923 1225
923 1131
923 1513
923 1345
923 1089
923 1787
923 1158
923 961
923 1672
229 45
229 82
229 98
229 99
229 105
229 123
229 126
229 144
229 162
229 163
229 660
229 667
229 669
229 1700
229 684
229 697
229 1225
229 577
229 723
229 1253
229 758
229 759
229 1280
229 1286
229 1796
229 1355
229 1293
229 785
229 789
229 791
229 793
229 794
229 795
229 798
229 310
229 1851
229 323
229 327
229 333
229 356
229 362
229 363
229 365
229 366
229 368
229 379
229 1407
229 1429
229 414
229 1438
229 1441
229 424
229 938
229 1450
229 1451
229 433
229 480
229 485
229 1001
229 1010
229 502
229 504
229 1021
229 512
229 1051
229 1566
229 1063
229 1583
229 1086
229 1088
229 1089
229 1114
229 1126
229 1137
229 629
229 1154
229 1157
503 8
503 19
503 21
503 47
503 61
503 83
503 87
503 95
503 103
503 109
503 125
503 126
503 130
503 143
503 145
503 146
503 152
503 162
503 163
503 188
503 190
503 193
503 196
503 216
503 238
503 249
503 259
503 269
503 273
503 277
503 279
503 280
503 283
503 292
503 297
503 323
503 336
503 340
503 346
503 356
503 359
503 364
503 366
503 368
503 370
503 379
503 380
503 383
503 387
503 393
503 402
503 407
503 426
503 429
503 444
503 449
503 450
503 453
503 459
503 467
503 469
503 476
503 484
503 485
503 499
503 1684
503 667
503 1690
503 675
503 1190
503 1497
503 743
503 1554
503 1711
503 1206
503 1210
503 712
503 1226
503 1345
503 722
503 1238
503 730
503 1242
503 739
503 1763
503 1256
503 583
503 755
503 1267
503 758
503 1787
503 1280
503 1184
503 1185
503 588
503 1293
503 1779
503 1296
503 1304
503 796
503 1308
503 1311
503 1312
503 1316
503 1274
503 1105
503 1331
503 1332
503 1843
503 1335
503 516
503 1532
503 1852
503 1533
503 1351
503 1524
503 1872
503 1873
503 1874
503 1877
503 860
503 1028
503 867
503 1383
503 873
503 875
503 1388
503 1390
503 961
503 1372
503 885
503 886
503 887
503 889
503 893
503 780
503 1429
503 924
503 1436
503 1294
503 1125
503 673
503 937
503 701
503 1460
503 1435
503 1044
503 1469
503 1470
503 1473
503 1474
503 1015
503 876
503 974
503 791
503 976
503 707
503 1103
503 1502
503 1475
503 1646
503 1241
503 1007
503 1012
503 1525
503 504
503 511
503 512
503 1538
503 521
503 847
503 1553
503 533
503 534
503 536
503 1484
503 1559
503 975
503 1063
503 552
503 1066
503 1579
503 1572
503 1573
503 1082
503 1086
503 1714
503 577
503 582
503 963
503 1605
503 585
503 1609
503 591
503 1613
503 1578
503 1492
503 1121
503 1635
503 1127
503 1637
503 620
503 621
503 799
503 1011
503 1793
503 631
503 641
503 1154
503 643
503 1159
503 648
927 52
927 96
927 137
927 286
927 366
927 484
927 606
927 633
927 713
927 1526
927 1692
927 1185
927 1572
927 1573
927 1324
927 1458
927 1082
927 1213
927 1350
927 1609
927 1869
927 1383
927 1648
927 1787
927 1184
1692 16
1692 33
1692 60
1692 105
1692 115
1692 123
1692 145
1692 247
1692 249
1692 322
1692 366
1692 393
1692 394
1692 403
1692 414
1692 433
1692 443
1692 445
1692 485
1692 504
1692 586
1692 613
1692 618
1692 631
1692 643
1692 667
1692 669
1692 690
1692 698
1692 704
1692 771
1692 793
1692 794
1692 854
1692 898
1692 906
1692 932
1692 935
1692 963
1692 973
1692 992
1692 993
1692 1014
1692 1027
1692 1045
1692 1052
1692 1078
1692 1099
1692 1104
1692 1123
1692 1124
1692 1178
1692 1184
1692 1185
1692 1203
1692 1206
1692 1220
1692 1225
1692 1228
1692 1242
1692 1257
1692 1274
1692 1282
1692 1294
1692 1320
1692 1323
1692 1324
1692 1337
1692 1345
1692 1355
1692 1396
1692 1398
1692 1414
1692 1428
1692 1429
1692 1441
1692 1450
1692 1451
1692 1466
1692 1478
1692 1483
1692 1494
1692 1528
1692 1534
1692 1538
1692 1549
1692 1563
1692 1566
1692 1587
1692 1613
1692 1616
1692 1627
1692 1686
1692 1687
1692 1689
1692 1721
1692 1744
1692 1756
1692 1850
1692 1810
1566 162
1566 224
1566 272
1566 285
1566 327
1566 354
1566 364
1566 383
1566 483
1566 504
1566 521
1566 527
1566 618
1566 700
1566 703
1566 707
1566 721
1566 756
1566 760
1566 765
1566 771
1566 791
1566 792
1566 793
1566 898
1566 947
1566 948
1566 949
1566 963
1566 1061
1566 1133
1566 1185
1566 1186
1566 1225
1566 1242
1566 1311
1566 1324
1566 1332
1566 1344
1566 1347
1566 1361
1566 1407
1566 1429
1566 1431
1566 1490
1566 1518
1566 1549
1566 1570
1566 1744
1566 1657
1566 1796
1701 223
1701 310
1701 433
1701 589
1701 691
1701 1137
1701 1228
1701 1384
1701 1703
429 18
429 26
429 50
429 208
429 211
429 253
429 1168
429 1335
429 1429
429 1688
429 485
429 1698
429 1699
429 870
429 722
429 1710
429 691
429 1460
429 956
429 1234
429 511
429 1345
429 1219
429 1647
429 967
429 712
429 973
429 1232
429 723
429 1114
429 1275
429 1120
429 1252
429 1873
429 753
429 1529
429 1772
429 1456
429 756
429 1274
429 895
429 512
429 1154
429 1282
433 8
433 19
433 24
433 35
433 60
433 65
433 103
433 125
433 126
433 137
433 144
433 153
433 154
433 157
433 179
433 187
433 188
433 218
433 227
433 238
433 273
433 277
433 280
433 329
433 337
433 340
433 347
433 363
433 364
433 366
433 368
433 370
433 373
433 377
433 379
433 390
433 393
433 396
433 415
433 1679
433 670
433 1184
433 1185
433 1186
433 677
433 1699
433 684
433 1198
433 1074
433 693
433 1208
433 702
433 1223
433 1225
433 833
433 723
433 1431
433 1238
433 1242
433 738
433 496
433 1255
433 497
433 1267
433 758
433 1783
433 500
433 1787
433 1280
433 1798
433 1693
433 780
433 1100
433 1293
433 1805
433 1297
433 1300
433 1301
433 792
433 1311
433 802
433 517
433 1332
433 822
433 1336
433 1337
433 681
433 1023
433 1344
433 1345
433 1350
433 1353
433 1872
433 1874
433 534
433 516
433 863
433 1375
433 1538
433 1384
433 1390
433 881
433 883
433 884
433 892
433 1404
433 1409
433 911
433 570
433 916
433 1082
433 932
433 1456
433 437
433 1460
433 1461
433 1464
433 958
433 447
433 961
433 875
433 1480
433 1481
433 974
433 791
433 981
433 1383
433 1050
433 484
433 967
433 1008
433 1187
433 1014
433 504
433 511
433 512
433 800
433 1032
433 521
433 523
433 1553
433 1047
433 1559
433 1485
433 1147
433 552
433 882
433 1072
433 1073
433 1583
433 1587
433 569
433 1096
433 585
433 1609
433 1103
433 593
433 1114
433 1624
433 614
433 1641
433 1133
433 1137
433 633
433 1658
433 1154
433 1564
433 1333
433 1502
1456 98
1456 115
1456 144
1456 188
1456 193
1456 218
1456 257
1456 287
1456 364
1456 366
1456 368
1456 485
1456 534
1456 552
1456 593
1456 611
1456 722
1456 758
1456 771
1456 774
1456 841
1456 871
1456 892
1456 921
1456 951
1456 1008
1456 1023
1456 1063
1456 1082
1456 1092
1456 1124
1456 1137
1456 1170
1456 1176
1456 1184
1456 1185
1456 1224
1456 1225
1456 1242
1456 1269
1456 1281
1456 1282
1456 1311
1456 1345
1456 1350
1456 1398
1456 1431
1456 1449
1456 1772
1456 1624
1456 1527
1456 1618
1456 1647
1456 1869
1456 1875
1456 1475
1456 1649
1456 1615
1456 1742
1456 1806
437 382
437 909
437 1677
437 787
437 1368
437 896
437 1694
437 1067
437 1032
437 522
437 1869
57 1578
57 589
57 629
57 279
57 759
57 123
57 445
57 705
57 485
57 1030
57 711
57 1420
57 966
1086 19
1086 55
1086 74
1086 126
1086 161
1086 187
1086 244
1086 267
1086 323
1086 362
1086 363
1086 365
1086 441
1086 469
1086 504
1086 512
1086 579
1086 606
1086 637
1086 660
1086 669
1086 722
1086 741
1086 744
1086 758
1086 774
1086 793
1086 794
1086 795
1086 860
1086 865
1086 878
1086 898
1086 926
1086 1001
1086 1004
1086 1082
1086 1158
1086 1293
1086 1802
1086 1186
1086 1827
1086 1176
1086 1706
1086 1806
1086 1785
1086 1843
1086 1092
1086 1407
1086 1861
1086 1227
1086 1154
1086 1398
1086 1091
1086 1208
1086 1877
1086 1813
1086 1498
1086 1225
1086 1405
1086 1280
1086 1157
1086 1455
1086 1535
193 8
193 103
193 125
193 780
193 1549
193 1806
193 1044
193 1684
193 1048
193 1177
193 1051
193 1052
193 287
193 1311
193 290
193 1824
193 1063
193 552
193 553
193 281
193 1450
193 1451
193 232
193 1328
193 818
193 691
193 1332
193 1206
193 567
193 1335
193 825
193 315
193 1851
193 449
193 450
193 1855
193 1474
193 321
193 1476
193 461
193 1486
193 1345
193 722
193 1107
193 1210
193 1473
193 1367
193 346
193 1624
193 452
193 992
193 730
193 996
193 1242
193 1384
193 366
193 368
193 370
193 504
193 1331
193 1532
193 1407
193 1795
193 566
1407 19
1407 45
1407 46
1407 71
1407 78
1407 98
1407 105
1407 123
1407 126
1407 144
1407 163
1407 234
1407 236
1407 244
1407 316
1407 329
1407 362
1407 363
1407 365
1407 366
1407 368
1407 379
1407 414
1407 480
1407 485
1407 502
1407 504
1407 512
1407 549
1407 605
1407 611
1407 660
1407 667
1407 684
1407 697
1407 722
1407 723
1407 759
1407 785
1407 788
1407 791
1407 792
1407 793
1407 794
1407 795
1407 808
1407 892
1407 940
1407 1001
1407 1010
1407 1051
1407 1052
1407 1063
1407 1088
1407 1089
1407 1114
1407 1126
1407 1154
1407 1157
1407 1225
1407 1242
1407 1253
1407 1268
1407 1286
1407 1361
1407 1366
1407 1687
1407 1843
1407 1851
1407 1438
1407 1450
1407 1451
1407 1463
1407 1497
1407 1570
1407 1583
993 91
993 172
993 273
993 290
993 316
993 342
993 354
993 366
993 368
993 396
993 397
993 646
993 648
993 722
993 723
993 745
993 758
993 761
993 816
993 833
993 882
993 961
993 988
993 1296
993 1300
993 1431
993 1184
993 1186
993 1187
993 1570
993 1362
993 1213
993 1850
993 1449
993 1693
993 1008
993 1080
993 1137
993 1649
993 1784
993 1014
993 1185
1225 19
1225 33
1225 43
1225 52
1225 61
1225 65
1225 75
1225 83
1225 91
1225 126
1225 137
1225 163
1225 178
1225 207
1225 211
1225 218
1225 232
1225 237
1225 244
1225 257
1225 285
1225 287
1225 290
1225 323
1225 335
1225 363
1225 364
1225 365
1225 366
1225 368
1225 374
1225 379
1225 380
1225 383
1225 436
1225 446
1225 450
1225 483
1225 496
1225 500
1225 504
1225 512
1225 572
1225 579
1225 590
1225 611
1225 614
1225 618
1225 641
1225 643
1225 660
1225 677
1225 683
1225 707
1225 722
1225 725
1225 730
1225 733
1225 758
1225 765
1225 780
1225 793
1225 794
1225 795
1225 816
1225 847
1225 861
1225 882
1225 892
1225 898
1225 919
1225 926
1225 956
1225 1001
1225 1008
1225 1014
1225 1044
1225 1045
1225 1047
1225 1058
1225 1082
1225 1089
1225 1092
1225 1133
1225 1137
1225 1154
1225 1157
1225 1168
1225 1185
1225 1203
1225 1206
1225 1213
1225 1214
1225 1679
1225 1589
1225 1726
1225 1236
1225 1242
1225 1280
1225 1796
1225 1293
1225 1806
1225 1300
1225 1311
1225 1324
1225 1331
1225 1843
1225 1350
1225 1869
1225 1361
1225 1282
1225 1383
1225 1398
1225 1429
1225 1435
1225 1451
1225 1553
1225 1478
1225 1482
1225 1532
1225 1543
1225 1549
1225 1559
1225 1570
1225 1607
1225 1647
1225 1659
973 105
973 330
973 358
973 502
973 512
973 667
973 846
973 1851
973 1440
1106 376
1106 830
1106 1396
1106 1398
1743 43
1743 187
1743 218
1743 347
1743 877
1743 898
1743 1008
1743 1032
1743 1235
1743 1267
1743 1293
1743 1308
1743 1347
1743 1388
1743 1431
1743 1467
1743 1478
1743 1532
1743 1535
1743 1579
1743 1751
1242 18
1242 19
1242 76
1242 83
1242 91
1242 92
1242 93
1242 105
1242 123
1242 126
1242 187
1242 218
1242 238
1242 240
1242 251
1242 259
1242 272
1242 285
1242 287
1242 290
1242 318
1242 322
1242 327
1242 364
1242 366
1242 368
1242 375
1242 396
1242 407
1242 445
1242 476
1242 500
1242 552
1242 579
1242 590
1242 715
1242 722
1242 758
1242 765
1242 792
1242 816
1242 847
1242 851
1242 886
1242 887
1242 889
1242 898
1242 932
1242 991
1242 1014
1242 1015
1242 1025
1242 1038
1242 1048
1242 1066
1242 1070
1242 1082
1242 1103
1242 1111
1242 1120
1242 1159
1242 1184
1242 1185
1242 1186
1242 1206
1242 1208
1242 1213
1242 1706
1242 1707
1242 1727
1242 1728
1242 1244
1242 1268
1242 1779
1242 1787
1242 1796
1242 1269
1242 1693
1242 1299
1242 1300
1242 1311
1242 1829
1242 1322
1242 1529
1242 1362
1242 1347
1242 1348
1242 1361
1242 1872
1242 1624
1242 1797
1242 1363
1242 1344
1242 1549
1242 1448
1242 1465
1242 1483
1242 1540
1242 1542
1242 1552
1242 1559
1242 1565
1242 1570
1242 1632
1242 1638
1242 1658
1120 218
1120 287
1120 484
1120 512
1120 645
1120 667
1120 720
1120 765
1120 877
1120 948
1120 991
1120 1170
1120 1185
1120 1494
1120 1383
1120 1787
794 61
794 106
794 126
794 162
794 196
794 244
794 287
794 323
794 346
794 362
794 363
794 365
794 366
794 368
794 449
794 450
794 496
794 504
794 512
794 521
794 577
794 579
794 660
794 722
794 780
794 793
794 898
794 1293
794 1549
794 1679
794 1047
794 795
794 938
794 1170
794 1074
794 1843
794 1082
794 1092
794 1350
794 1616
794 1236
794 1431
794 1475
794 1001
794 1095
794 1145
794 1542
794 1280
794 1154
794 1157
484 60
484 91
484 124
484 172
484 224
484 1549
484 1299
484 1301
484 1311
484 1185
484 941
484 948
484 889
484 703
484 1344
484 725
484 1869
484 1490
484 1121
484 1503
484 517
484 1383
484 618
484 1201
484 1269
484 1398
484 633
484 1119
484 1184
1751 327
1751 469
1751 756
1751 967
1751 1008
1751 1010
1751 1082
1751 1170
1751 1235
1751 1347
1751 1431
1751 1632
1751 1830
1001 78
1001 97
1001 98
1001 105
1001 106
1001 123
1001 196
1001 249
1001 321
1001 362
1001 363
1001 365
1001 366
1001 368
1001 371
1001 393
1001 449
1001 450
1001 496
1001 502
1001 504
1001 589
1001 636
1001 697
1001 712
1001 722
1001 759
1001 780
1001 795
1001 813
1001 1038
1001 1044
1001 1311
1001 1843
1001 1350
1001 1868
1001 1616
1001 1126
1001 1137
1001 1532
1001 1154
1001 1184
1398 25
1398 34
1398 60
1398 67
1398 101
1398 110
1398 123
1398 125
1398 137
1398 188
1398 240
1398 330
1398 337
1398 364
1398 379
1398 380
1398 460
1398 480
1398 485
1398 516
1398 552
1398 556
1398 631
1398 635
1398 667
1398 736
1398 746
1398 777
1398 792
1398 793
1398 889
1398 940
1398 961
1398 977
1398 1028
1398 1032
1398 1057
1398 1075
1398 1131
1398 1152
1398 1166
1398 1169
1398 1185
1398 1228
1398 1347
1398 1383
1398 1396
1398 1430
1398 1678
1398 1431
1398 1466
1398 1478
1398 1611
1398 1875
1398 1813
1398 1630
1398 1869
1398 1463
1398 1777
1641 50
1641 105
1641 277
1641 485
1641 496
1641 633
1641 800
1641 1008
1641 1096
1641 1147
1641 1350
1641 1361
1641 1431
1641 1498
1641 1553
1005 330
1005 566
1005 637
1005 1072
1005 1371
366 16
366 19
366 33
366 39
366 41
366 52
366 54
366 63
366 65
366 70
366 78
366 81
366 89
366 94
366 95
366 99
366 105
366 110
366 115
366 123
366 125
366 134
366 152
366 162
366 172
366 191
366 196
366 210
366 216
366 226
366 230
366 237
366 244
366 257
366 259
366 265
366 269
366 273
366 287
366 290
366 293
366 321
366 322
366 336
366 346
366 356
366 363
366 1673
366 459
366 1166
366 1170
366 661
366 1759
366 667
366 669
366 670
366 1185
366 1187
366 680
366 486
366 684
366 1705
366 1706
366 1679
366 690
366 691
366 1206
366 697
366 1210
366 1211
366 1213
366 1851
366 1726
366 1343
366 1532
366 1224
366 1228
366 718
366 507
366 722
366 723
366 1744
366 726
366 1669
366 730
366 1601
366 739
366 1518
366 1261
366 1269
366 1272
366 1276
366 1787
366 771
366 758
366 1693
366 589
366 1301
366 793
366 1306
366 1586
366 1311
366 1313
366 807
366 1324
366 1328
366 1331
366 1332
366 1842
366 1843
366 825
366 1846
366 1023
366 1345
366 683
366 1351
366 1045
366 1362
366 1366
366 1372
366 483
366 1376
366 866
366 1074
366 1382
366 1384
366 368
366 370
366 637
366 889
366 1401
366 777
366 892
366 895
366 384
366 902
366 394
366 780
366 1631
366 1379
366 414
366 1438
366 1440
366 1082
366 921
366 1450
366 1451
366 1458
366 956
366 445
366 447
366 1471
366 450
366 1473
366 1475
366 1476
366 967
366 968
366 969
366 449
366 451
366 1501
366 995
366 1507
366 1137
366 1008
366 500
366 502
366 504
366 1528
366 1529
366 511
366 512
366 1027
366 1031
366 1543
366 1545
366 1546
366 1039
366 1549
366 1044
366 1554
366 1048
366 1051
366 1052
366 1239
366 1063
366 560
366 563
366 1077
366 566
366 1081
366 1591
366 1089
366 1607
366 1624
366 1122
366 1124
366 1126
366 1128
366 1413
366 1642
366 1649
366 629
366 1658
366 1154
366 643
366 480
366 648
366 1672
1647 49
1647 65
1647 111
1647 188
1647 192
1647 240
1647 436
1647 511
1647 512
1647 677
1647 690
1647 754
1647 758
1647 791
1647 795
1647 896
1647 940
1647 1004
1647 1031
1647 1345
1647 1460
1647 1463
882 61
882 179
882 187
882 191
882 273
882 276
882 302
882 327
882 364
882 389
882 413
882 496
882 516
882 517
882 555
882 633
882 792
882 881
882 1296
882 1297
882 1299
882 1300
882 1301
882 1264
882 1311
882 1464
882 1695
882 956
882 1172
882 1347
882 1350
882 1103
882 1705
882 1431
882 1747
882 1008
882 1383
882 1201
882 1388
882 1223
882 883
882 884
882 1014
882 1668
882 1032
499 224
499 1833
499 1234
499 948
499 512
499 961
499 707
499 1762
499 1031
499 511
631 10
631 19
631 96
631 98
631 100
631 146
631 147
631 246
631 330
631 360
631 396
631 467
631 480
631 485
631 500
631 560
631 577
631 1554
631 1304
631 889
631 1435
631 1324
631 1323
631 1451
631 1587
631 1082
631 1720
631 712
631 1004
631 1611
631 1241
631 1432
631 1768
631 1272
631 635
631 1529
631 1658
631 1787
631 1230
631 1396
504 8
504 19
504 37
504 41
504 45
504 46
504 49
504 61
504 66
504 98
504 99
504 103
504 105
504 106
504 109
504 126
504 131
504 143
504 162
504 163
504 172
504 188
504 196
504 211
504 236
504 244
504 281
504 306
504 323
504 324
504 362
504 363
504 365
504 368
504 370
504 373
504 379
504 381
504 387
504 449
504 450
504 478
504 502
504 1166
504 660
504 667
504 1699
504 684
504 1705
504 1206
504 697
504 739
504 1253
504 1779
504 1276
504 1280
504 770
504 1283
504 1286
504 1293
504 1296
504 791
504 793
504 795
504 1317
504 1833
504 1331
504 1843
504 1851
504 1351
504 1869
504 1362
504 1367
504 1380
504 1063
504 886
504 1572
504 1438
504 1450
504 1127
504 616
504 951
504 1216
504 1507
504 1010
504 1012
504 512
504 1027
504 524
504 534
504 1052
504 549
504 1571
504 1072
504 722
504 1074
504 566
504 585
504 589
504 1103
504 593
504 1616
504 1114
504 1118
504 1631
504 612
504 1126
504 1135
504 1583
504 1154
504 1157
504 1669
504 651
377 298
377 336
377 354
377 363
377 1704
377 789
377 1397
377 954
377 1856
377 698
512 18
512 26
512 51
512 126
512 172
512 209
512 232
512 244
512 436
512 442
512 485
512 496
512 500
512 511
512 717
512 660
512 1429
512 791
512 795
512 1311
512 771
512 1706
512 1710
512 691
512 693
512 1460
512 895
512 1475
512 1603
512 967
512 1414
512 1863
512 611
512 1234
512 793
512 1275
512 866
512 995
512 722
512 876
512 1529
512 1350
512 690
512 1777
512 633
512 692
512 1282
512 1031
771 16
771 18
771 39
771 67
771 93
771 109
771 134
771 163
771 196
771 317
771 321
771 328
771 330
771 332
771 334
771 340
771 363
771 364
771 368
771 370
771 391
771 432
771 446
771 450
771 485
771 567
771 577
771 590
771 626
771 667
771 669
771 680
771 722
771 738
771 754
771 758
771 1843
771 1298
771 1044
771 1045
771 1137
771 1166
771 1599
771 1826
771 1699
771 1066
771 940
771 1466
771 1452
771 1453
771 1077
771 1333
771 825
771 1846
771 1847
771 1470
771 1304
771 1238
771 1367
771 1770
771 1241
771 1502
771 1378
771 935
771 1253
771 867
771 1368
771 1011
771 1402
771 1790
771 1332
771 902
771 787
771 1523
1184 33
1184 123
1184 131
1184 144
1184 219
1184 250
1184 259
1184 287
1184 290
1184 310
1184 312
1184 322
1184 337
1184 375
1184 379
1184 393
1184 395
1184 424
1184 426
1184 445
1184 446
1184 450
1184 453
1184 572
1184 589
1184 593
1184 618
1184 636
1184 644
1184 675
1184 693
1184 699
1184 736
1184 739
1184 759
1184 765
1184 809
1184 818
1184 851
1184 862
1184 877
1184 887
1184 898
1184 919
1184 924
1184 935
1184 949
1184 962
1184 963
1184 979
1184 988
1184 1010
1184 1014
1184 1036
1184 1038
1184 1051
1184 1052
1184 1082
1184 1088
1184 1098
1184 1104
1184 1119
1184 1124
1184 1144
1184 1152
1184 1164
1184 1686
1184 1185
1184 1186
1184 1696
1184 1706
1184 1203
1184 1214
1184 1344
1184 1244
1184 1784
1184 1293
1184 1311
1184 1315
1184 1868
1184 1446
1184 1335
1184 1351
1184 1355
1184 1361
1184 1872
1184 1874
1184 1371
1184 1376
1184 1413
1184 1460
1184 1468
1184 1473
1184 1475
1184 1513
1184 1548
1184 1549
1184 1567
1184 1570
1184 1573
1184 1487
1184 1579
1184 1606
1184 1631
1184 1497
906 287
906 637
906 1355
906 1548
906 1489
906 921
906 1569
906 1470
906 1631
906 1351
1121 218
1121 522
1121 747
1121 877
1121 947
1121 1082
1121 1170
1121 1324
1121 1311
1121 1212
1121 1570
1084 384
1084 601
1084 842
1084 1371
1084 1472
1084 1759
1869 16
1869 98
1869 144
1869 188
1869 259
1869 265
1869 266
1869 278
1869 341
1869 415
1869 507
1869 509
1869 511
1869 582
1869 587
1869 653
1869 667
1869 711
1869 722
1869 741
1869 760
1869 777
1869 798
1869 852
1869 866
1869 884
1869 897
1869 911
1869 950
1869 971
1869 1000
1869 1012
1869 1028
1869 1039
1869 1071
1869 1082
1869 1103
1869 1104
1869 1124
1869 1168
1869 1203
1869 1247
1869 1249
1869 1261
1869 1263
1869 1286
1869 1287
1869 1300
1869 1308
1869 1311
1869 1345
1869 1367
1869 1384
1869 1414
1869 1471
1869 1475
1869 1488
1869 1541
1869 1559
1869 1570
1869 1651
1869 1658
1869 1710
1869 1723
1869 1761
1869 1762
1869 1847
1542 16
1542 18
1542 63
1542 111
1542 120
1542 191
1542 216
1542 277
1542 463
1542 489
1542 514
1542 574
1542 583
1542 621
1542 637
1542 694
1542 830
1542 840
1542 842
1542 930
1542 940
1542 1023
1542 1104
1542 1210
1542 1226
1542 1233
1542 1294
1542 1347
1542 1382
1542 1413
1542 1475
1542 1484
1542 1552
1542 1549
1542 1705
1542 1582
1542 1616
1542 1597
1542 1854
1542 1650
310 34
310 126
310 172
310 188
310 1228
310 1423
310 1805
310 1308
310 684
310 1203
310 830
310 1466
310 574
310 333
310 1104
310 723
310 1747
310 1123
216 19
216 109
216 162
216 211
216 940
216 1239
216 1463
216 219
216 766
216 637
216 575
216 1123
1463 25
1463 49
1463 68
1463 69
1463 70
1463 137
1463 143
1463 205
1463 206
1463 207
1463 211
1463 356
1463 432
1463 463
1463 481
1463 488
1463 514
1463 579
1463 616
1463 667
1463 826
1463 830
1463 895
1463 911
1463 912
1463 1039
1463 1049
1463 1070
1463 1282
1463 1324
1463 1402
1463 1438
1463 1440
1463 1586
1463 1549
1463 1520
1463 1817
1463 1658
1463 1534
1082 10
1082 38
1082 51
1082 74
1082 83
1082 87
1082 112
1082 137
1082 152
1082 162
1082 163
1082 164
1082 218
1082 287
1082 290
1082 319
1082 327
1082 338
1082 363
1082 368
1082 391
1082 439
1082 440
1082 457
1082 460
1082 471
1082 480
1082 482
1082 485
1082 486
1082 500
1082 510
1082 511
1082 521
1082 552
1082 566
1082 589
1082 590
1082 618
1082 637
1082 643
1082 649
1082 705
1082 712
1082 717
1082 721
1082 722
1082 723
1082 736
1082 747
1082 758
1082 765
1082 780
1082 792
1082 793
1082 806
1082 807
1082 812
1082 818
1082 877
1082 886
1082 887
1082 892
1082 921
1082 926
1082 948
1082 956
1082 1007
1082 1008
1082 1010
1082 1014
1082 1021
1082 1050
1082 1051
1082 1060
1082 1063
1082 1676
1082 1191
1082 1705
1082 1706
1082 1206
1082 1850
1082 1214
1082 1746
1082 1779
1082 1272
1082 1787
1082 1788
1082 1789
1082 1285
1082 1796
1082 1778
1082 1185
1082 1294
1082 1186
1082 1299
1082 1308
1082 1311
1082 1332
1082 1843
1082 1847
1082 1343
1082 1345
1082 1347
1082 1371
1082 1269
1082 1401
1082 1429
1082 1430
1082 1431
1082 1446
1082 1296
1082 1451
1082 1460
1082 1312
1082 1482
1082 1548
1082 1563
1082 1570
1082 1599
1082 1094
1082 1274
1082 1624
1082 1118
1082 1119
1082 1132
1082 1144
1082 1154
575 162
575 190
575 239
575 290
575 748
575 1843
575 593
575 637
575 1206
575 1053
575 915
575 738
575 1574
552 74
552 91
552 131
552 137
552 144
552 145
552 152
552 218
552 227
552 257
552 259
552 287
552 330
552 347
552 364
552 374
552 396
552 401
552 471
552 500
552 507
552 511
552 534
552 626
552 1185
552 1186
552 676
552 1707
552 1200
552 1213
552 1214
552 708
552 712
552 713
552 722
552 730
552 1777
552 1274
552 1787
552 777
552 780
552 1294
552 1808
552 1300
552 1311
552 1312
552 1324
552 1326
552 1844
552 1532
552 1344
552 1361
552 851
552 876
552 877
552 889
552 1288
552 893
552 910
552 1429
552 1431
552 1435
552 1450
552 954
552 956
552 1470
552 1498
552 1008
552 1014
552 1528
552 1023
552 1032
552 1570
552 1573
552 555
552 1579
552 637
552 1089
552 1609
552 1104
552 1657
552 1658
8 213
8 795
8 1438
8 675
8 52
8 1213
8 449
8 1345
8 196
8 321
8 1349
8 1350
8 329
8 450
8 1872
8 857
8 875
8 368
8 370
8 373
8 1532
8 641
213 32
213 52
213 98
213 278
213 1559
213 1051
213 1185
213 1570
213 1451
213 661
213 1554
213 853
213 712
213 1226
213 855
213 723
213 214
213 1366
213 856
213 857
213 986
213 1624
213 1254
213 1384
213 758
213 1532
795 45
795 46
795 60
795 82
795 123
795 134
795 211
795 218
795 244
795 281
795 290
795 323
795 327
795 330
795 344
795 362
795 363
795 365
795 374
795 450
795 534
795 594
795 722
795 723
795 758
795 759
795 793
795 1293
795 1679
795 1438
795 1316
795 1570
795 1063
795 1451
795 1583
795 1331
795 1616
795 1514
795 1092
795 967
795 818
795 1752
795 1843
795 1631
795 1475
795 1008
795 1170
795 1208
795 1280
795 1154
795 1282
795 1286
795 1796
1438 18
1438 19
1438 95
1438 98
1438 109
1438 162
1438 163
1438 273
1438 362
1438 363
1438 365
1438 368
1438 379
1438 391
1438 394
1438 395
1438 445
1438 496
1438 502
1438 514
1438 558
1438 569
1438 574
1438 589
1438 593
1438 634
1438 660
1438 684
1438 722
1438 727
1438 774
1438 817
1438 825
1438 828
1438 867
1438 962
1438 1017
1438 1038
1438 1044
1438 1066
1438 1137
1438 1145
1438 1154
1438 1206
1438 1236
1438 1280
1438 1293
1438 1311
1438 1323
1438 1324
1438 1335
1438 1347
1438 1350
1438 1351
1438 1390
1438 1413
1438 1425
1438 1679
1438 1699
1438 1732
1438 1733
1438 1734
1438 1735
1438 1736
1438 1737
1438 1738
1438 1739
1438 1740
1438 1779
1438 1795
1438 1843
1438 1846
1438 1440
1438 1466
1438 1475
1438 1483
1438 1515
1438 1534
1438 1552
1438 1592
1438 1616
1438 1657
675 52
675 196
675 232
675 450
675 641
675 913
675 1559
675 804
675 1714
675 1349
675 1231
675 1232
675 980
675 1874
675 1624
675 1503
675 1269
675 1532
52 227
52 1170
52 1705
52 691
52 1717
52 1213
52 196
52 1729
52 1732
52 1734
52 1735
52 1736
52 1737
52 1738
52 1739
52 1740
52 730
52 1754
52 738
52 238
52 756
52 759
52 780
52 791
52 792
52 817
52 1335
52 1337
52 321
52 1347
52 1348
52 1349
52 1350
52 329
52 333
52 1872
52 857
52 866
52 875
52 368
52 370
52 373
52 1429
52 919
52 1431
52 921
52 449
52 450
52 451
52 1475
52 469
52 707
52 996
52 1515
52 1008
52 500
52 1733
52 1532
52 1545
52 525
52 1553
52 1573
52 1579
52 1592
52 1597
52 81
52 86
52 1619
52 1624
52 604
52 1631
52 1137
52 123
52 634
52 1657
52 637
52 641
52 1159
1213 16
1213 115
1213 124
1213 126
1213 144
1213 145
1213 149
1213 188
1213 232
1213 287
1213 327
1213 329
1213 330
1213 364
1213 368
1213 370
1213 373
1213 413
1213 450
1213 485
1213 667
1213 725
1213 758
1213 759
1213 811
1213 834
1213 835
1213 857
1213 875
1213 911
1213 928
1213 948
1213 961
1213 1003
1213 1007
1213 1008
1213 1088
1213 1128
1213 1158
1213 1164
1213 1186
1213 1201
1213 1678
1213 1294
1213 1345
1213 1686
1213 1244
1213 1249
1213 1264
1213 1272
1213 1787
1213 1269
1213 1843
1213 1344
1213 1349
1213 1350
1213 1862
1213 1361
1213 1872
1213 1874
1213 1383
1213 1415
1213 1453
1213 1464
1213 1490
1213 1518
1213 1525
1213 1532
1213 1538
1213 1550
1213 1615
1213 1618
1213 1619
1213 1634
449 18
449 61
449 98
449 123
449 125
449 196
449 268
449 297
449 321
449 346
449 368
449 370
449 780
449 1545
449 1170
449 1349
449 1044
449 1684
449 761
449 670
449 1337
449 805
449 742
449 1384
449 1328
449 1331
449 1332
449 1206
449 825
449 1210
449 660
449 830
449 1532
449 450
449 452
449 1476
449 1350
449 1226
449 1345
449 722
449 1107
449 469
449 1473
449 1515
449 604
449 730
449 738
449 1475
449 739
449 1624
449 875
449 749
449 1268
449 759
449 637
449 1183
449 641
1345 19
1345 41
1345 46
1345 49
1345 61
1345 82
1345 100
1345 146
1345 188
1345 196
1345 211
1345 218
1345 262
1345 269
1345 279
1345 283
1345 321
1345 324
1345 340
1345 346
1345 355
1345 356
1345 362
1345 363
1345 364
1345 365
1345 374
1345 387
1345 401
1345 405
1345 450
1345 473
1345 481
1345 485
1345 487
1345 511
1345 534
1345 570
1345 588
1345 621
1345 652
1345 660
1345 670
1345 707
1345 722
1345 755
1345 758
1345 779
1345 780
1345 792
1345 805
1345 832
1345 835
1345 841
1345 847
1345 864
1345 892
1345 909
1345 924
1345 946
1345 981
1345 1008
1345 1012
1345 1016
1345 1022
1345 1034
1345 1051
1345 1074
1345 1090
1345 1137
1345 1141
1345 1164
1345 1168
1345 1179
1345 1203
1345 1205
1345 1238
1345 1248
1345 1256
1345 1269
1345 1281
1345 1282
1345 1313
1345 1332
1345 1679
1345 1691
1345 1752
1345 1768
1345 1826
1345 1827
1345 1836
1345 1843
1345 1858
1345 1874
1345 1624
1345 1383
1345 1390
1345 1572
1345 1447
1345 1449
1345 1461
1345 1470
1345 1571
1345 1573
1345 1605
1345 1749
1345 1580
1345 1631
1345 1649
1345 1655
1345 1657
196 61
196 780
196 1545
196 1804
196 738
196 1044
196 1684
196 670
196 1183
196 1699
196 875
196 1384
196 1337
196 1532
196 321
196 450
196 1349
196 1350
196 1226
196 589
196 722
196 536
196 346
196 604
196 730
196 354
196 1624
196 363
196 1387
196 749
196 1515
196 368
196 637
196 641
196 469
196 268
321 61
321 191
321 268
321 780
321 1804
321 1684
321 1051
321 670
321 1699
321 814
321 691
321 693
321 1337
321 1532
321 322
321 450
321 452
321 1475
321 1349
321 1350
321 1226
321 1488
321 1107
321 536
321 346
321 1624
321 604
321 730
321 738
321 1124
321 875
321 749
321 1515
321 368
321 759
321 1183
321 641
321 469
1349 161
1349 268
1349 329
1349 368
1349 370
1349 373
1349 450
1349 469
1349 496
1349 604
1349 641
1349 646
1349 670
1349 730
1349 780
1349 813
1349 824
1349 857
1349 875
1349 954
1349 975
1349 1183
1349 1226
1349 1337
1349 1684
1349 1405
1349 1532
1349 1729
1349 1350
1349 1872
1349 1648
1349 1535
1350 42
1350 50
1350 95
1350 98
1350 105
1350 125
1350 137
1350 141
1350 172
1350 188
1350 191
1350 230
1350 232
1350 234
1350 244
1350 259
1350 273
1350 277
1350 279
1350 316
1350 329
1350 368
1350 370
1350 373
1350 415
1350 450
1350 485
1350 496
1350 511
1350 516
1350 557
1350 604
1350 633
1350 637
1350 641
1350 691
1350 706
1350 730
1350 738
1350 769
1350 793
1350 800
1350 808
1350 824
1350 843
1350 857
1350 875
1350 889
1350 892
1350 898
1350 919
1350 921
1350 1000
1350 1008
1350 1016
1350 1067
1350 1096
1350 1147
1350 1154
1350 1170
1350 1226
1350 1227
1350 1228
1350 1235
1350 1311
1350 1337
1350 1684
1350 1762
1350 1843
1350 1872
1350 1624
1350 1384
1350 1475
1350 1498
1350 1535
1350 1553
1350 1574
1350 1579
329 259
329 684
329 691
329 824
329 700
329 450
329 1228
329 589
329 1535
329 1872
329 857
329 604
329 368
329 875
329 496
329 370
329 373
329 637
450 61
450 105
450 191
450 237
450 268
450 273
450 316
450 346
450 368
450 370
450 373
450 397
450 1164
450 567
450 1170
450 1044
450 1684
450 670
450 1185
450 1804
450 875
450 1384
450 1699
450 691
450 780
450 1843
450 1337
450 793
450 1851
450 1226
450 1545
450 1183
450 1107
450 1872
450 536
450 1515
450 857
450 1624
450 604
450 730
450 738
450 1475
450 753
450 749
450 667
450 886
450 637
450 1532
450 641
450 469
450 759
450 758
1872 47
1872 150
1872 191
1872 239
1872 259
1872 298
1872 368
1872 370
1872 373
1872 520
1872 524
1872 589
1872 652
1872 667
1872 678
1872 684
1872 691
1872 730
1872 738
1872 830
1872 857
1872 875
1872 1007
1872 1012
1872 1075
1872 1170
1872 1185
1872 1228
1872 1304
1872 1324
1872 1384
1872 1451
1872 1454
1872 1473
1872 1476
1872 1496
1872 1504
1872 1545
1872 1555
1872 1556
1872 1613
1872 1672
1872 1720
1872 1768
1872 1793
1872 1851
857 214
857 368
857 370
857 373
857 389
857 439
857 589
857 853
857 854
857 855
857 856
857 1240
857 1509
857 875
875 123
875 203
875 232
875 238
875 247
875 284
875 368
875 370
875 373
875 469
875 496
875 500
875 555
875 604
875 637
875 641
875 691
875 730
875 738
875 759
875 824
875 830
875 1503
875 1429
875 1684
875 1431
875 1401
875 937
875 1856
875 1729
875 1231
875 1615
875 1515
875 1535
875 1306
368 19
368 94
368 105
368 125
368 126
368 141
368 162
368 172
368 244
368 268
368 273
368 287
368 290
368 346
368 354
368 1170
368 1684
368 667
368 669
368 670
368 1183
368 1187
368 1705
368 689
368 691
368 1206
368 1210
368 1211
368 1226
368 722
368 723
368 730
368 739
368 496
368 758
368 759
368 1272
368 1276
368 780
368 793
368 1324
368 1328
368 1331
368 1332
368 1843
368 824
368 825
368 1045
368 1877
368 1372
368 866
368 1074
368 1384
368 604
368 370
368 883
368 373
368 637
368 889
368 1401
368 892
368 414
368 921
368 1554
368 1475
368 1476
368 469
368 1473
368 476
368 1502
368 485
368 1008
368 1010
368 500
368 502
368 1532
368 1535
368 1545
368 1546
368 1552
368 1044
368 533
368 534
368 1052
368 1063
368 1658
368 1077
368 585
368 1607
368 589
368 1624
368 1631
368 1124
368 1126
368 1137
368 1649
368 641
368 1154
368 643
368 648
370 51
370 82
370 113
370 125
370 247
370 259
370 298
370 315
370 346
370 1170
370 1698
370 1704
370 691
370 1713
370 1206
370 1210
370 712
370 722
370 730
370 1776
370 780
370 783
370 1808
370 1311
370 1827
370 1320
370 1324
370 1328
370 1331
370 1332
370 1843
370 824
370 825
370 1532
370 851
370 1384
370 373
370 951
370 1473
370 1475
370 1476
370 1515
370 496
370 1023
370 1535
370 1545
370 1549
370 1044
370 1563
370 1570
370 553
370 637
370 1076
370 570
370 589
370 1624
370 604
370 1122
370 621
370 1137
373 103
373 125
373 1075
373 1841
373 824
373 833
373 585
373 1481
373 589
373 975
373 1614
373 604
373 496
373 612
373 880
373 1532
373 896
373 1535
373 516
1532 9
1532 19
1532 61
1532 86
1532 91
1532 98
1532 123
1532 125
1532 137
1532 163
1532 170
1532 188
1532 249
1532 265
1532 268
1532 273
1532 298
1532 308
1532 330
1532 346
1532 363
1532 378
1532 379
1532 391
1532 402
1532 452
1532 469
1532 476
1532 488
1532 516
1532 521
1532 537
1532 593
1532 633
1532 637
1532 641
1532 660
1532 667
1532 670
1532 683
1532 691
1532 699
1532 708
1532 722
1532 723
1532 730
1532 736
1532 749
1532 755
1532 758
1532 759
1532 780
1532 782
1532 791
1532 825
1532 847
1532 892
1532 919
1532 921
1532 948
1532 965
1532 1008
1532 1044
1532 1051
1532 1052
1532 1075
1532 1088
1532 1107
1532 1125
1532 1164
1532 1165
1532 1170
1532 1183
1532 1206
1532 1210
1532 1226
1532 1238
1532 1243
1532 1255
1532 1269
1532 1304
1532 1311
1532 1328
1532 1331
1532 1332
1532 1333
1532 1335
1532 1367
1532 1372
1532 1384
1532 1426
1532 1431
1532 1447
1532 1450
1532 1451
1532 1453
1532 1473
1532 1475
1532 1476
1532 1530
1532 1684
1532 1697
1532 1597
1532 1732
1532 1761
1532 1787
1532 1824
1532 1826
1532 1827
1532 1843
1532 1550
1532 1538
1532 1541
1532 1559
1532 1799
1532 1599
1532 1746
1532 1609
1532 1615
1532 1624
1532 1657
641 47
641 98
641 99
641 100
641 147
641 218
641 231
641 232
641 259
641 268
641 275
641 327
641 469
641 485
641 520
641 596
641 604
641 780
641 652
641 1496
641 1524
641 660
641 1476
641 1269
641 667
641 996
641 670
641 1183
641 1311
641 1322
641 1580
641 1170
641 1333
641 1337
641 1384
641 1466
641 738
641 1226
641 1684
641 720
641 721
641 1473
641 730
641 1750
641 1624
641 1131
641 1241
641 1127
641 1387
641 1646
641 1774
641 1008
641 731
641 1525
641 1397
9 593
9 1010
9 724
9 64
9 163
593 46
593 67
593 71
593 98
593 172
593 200
593 236
593 244
593 257
593 323
593 327
593 328
593 330
593 363
593 374
593 394
593 397
593 415
593 431
593 478
593 480
593 502
593 523
593 544
593 549
593 562
593 651
593 791
593 1051
593 1689
593 1185
593 1444
593 932
593 1587
593 823
593 1570
593 835
593 1483
593 847
593 720
593 851
593 684
593 1137
593 1269
593 1665
593 1248
593 1124
593 1380
593 744
593 1004
593 1515
593 818
593 1010
593 1395
593 948
593 766
593 1787
593 1162
593 765
593 723
593 758
1010 98
1010 100
1010 120
1010 169
1010 172
1010 215
1010 231
1010 240
1010 246
1010 327
1010 330
1010 363
1010 364
1010 374
1010 379
1010 412
1010 485
1010 521
1010 525
1010 553
1010 589
1010 637
1010 667
1010 669
1010 708
1010 712
1010 722
1010 766
1010 793
1010 907
1010 961
1010 1002
1010 1141
1010 1677
1010 1551
1010 1483
1010 1299
1010 1634
1010 1443
1010 1455
1010 1658
1010 1397
1010 1468
1010 1475
1010 1864
1010 1111
1010 1368
1010 1384
1010 1776
1010 1247
1010 1505
724 215
724 393
724 445
724 548
724 1038
724 1361
724 1363
724 1346
64 556
64 175
64 1710
64 275
64 244
64 884
64 1873
64 694
64 1834
64 719
64 324
64 1474
64 198
64 199
64 200
64 1064
64 905
64 1029
163 99
163 100
163 162
163 780
163 524
163 273
163 660
163 921
163 1817
163 1613
163 298
163 556
163 693
163 1843
163 825
163 1595
163 1851
163 328
163 1353
163 976
163 469
163 793
163 736
163 1124
163 1624
163 637
163 1776
163 758
163 759
163 859
163 380
163 1785
163 1541
163 290
10 1022
10 926
10 1060
10 1191
10 1070
10 815
10 569
10 1473
10 467
10 1256
10 1511
10 750
10 113
10 758
10 1272
10 1529
10 128
10 1154
1022 345
1022 686
1022 1373
926 33
926 74
926 91
926 218
926 226
926 238
926 322
926 352
926 590
926 618
926 643
926 712
926 758
926 793
926 851
926 911
926 914
926 1293
926 1431
926 1324
926 1063
926 1451
926 1579
926 948
926 949
926 963
926 1111
926 1744
926 1796
926 1119
926 1259
926 1147
926 1784
926 1014
1060 1214
1060 1861
1060 1694
1191 103
1191 245
1191 358
1191 1843
1191 1765
1191 1214
1191 1510
1191 1381
1191 1290
1070 18
1070 360
1070 459
1070 521
1070 566
1070 637
1070 1063
1070 1324
1070 1351
1070 1554
1070 1243
815 82
815 245
815 704
815 1232
815 1632
815 1613
815 1645
569 521
569 1228
569 589
569 1748
569 1750
1473 98
1473 99
1473 125
1473 150
1473 172
1473 259
1473 346
1473 387
1473 389
1473 520
1473 584
1473 588
1473 592
1473 620
1473 621
1473 652
1473 657
1473 660
1473 722
1473 730
1473 738
1473 739
1473 780
1473 825
1473 1044
1473 1052
1473 1105
1473 1170
1473 1172
1473 1185
1473 1206
1473 1210
1473 1231
1473 1328
1473 1331
1473 1332
1473 1387
1473 1432
1473 1454
1473 1504
1473 1690
1473 1704
1473 1580
1473 1720
1473 1476
1473 1605
1473 1623
1473 1563
1473 1539
467 287
467 340
467 1806
467 1056
467 805
467 1826
467 807
467 1193
467 1067
467 1708
467 1332
467 1080
467 1605
467 588
467 850
467 1238
467 1624
467 1497
467 992
467 1125
467 1256
467 884
467 1563
467 1787
467 1454
1256 85
1256 98
1256 99
1256 185
1256 234
1256 265
1256 269
1256 583
1256 637
1256 660
1256 693
1256 756
1256 785
1256 807
1256 866
1256 1004
1256 1007
1256 1034
1256 1064
1256 1170
1256 1210
1256 1218
1256 1396
1256 1384
1256 1808
1256 1609
1256 1624
1256 1634
1511 691
1511 708
1511 798
1511 1487
750 520
750 637
750 1588
750 1272
750 1466
113 82
113 1705
113 465
113 758
113 1843
113 538
113 1465
113 637
113 352
113 804
113 1104
758 11
758 33
758 49
758 63
758 103
758 123
758 162
758 211
758 218
758 224
758 238
758 240
758 247
758 259
758 290
758 327
758 330
758 331
758 336
758 352
758 362
758 363
758 365
758 396
758 452
758 459
758 460
758 485
758 488
758 500
758 572
758 589
758 590
758 595
758 601
758 609
758 611
758 616
758 635
758 643
758 667
758 713
758 744
758 1165
758 1170
758 1700
758 1708
758 1712
758 1725
758 1220
758 1344
758 1230
758 834
758 1518
758 1777
758 759
758 1276
758 1787
758 1796
758 1185
758 780
758 1805
758 1806
758 1300
758 1812
758 1311
758 1828
758 1322
758 812
758 1847
758 833
758 835
758 1347
758 1351
758 1361
758 853
758 854
758 884
758 1032
758 889
758 897
758 903
758 1415
758 924
758 1453
758 1460
758 1435
758 961
758 1478
758 1480
758 974
758 982
758 1644
758 996
758 1003
758 1008
758 1520
758 1522
758 1023
758 847
758 1044
758 1555
758 1058
758 1570
758 1063
758 1593
758 1088
758 1066
758 1603
758 1613
758 1615
758 1624
758 1646
758 1649
758 1658
1272 218
1272 360
1272 363
1272 635
1272 667
1272 669
1272 680
1272 770
1272 996
1272 1298
1272 1323
1272 1324
1272 1552
1272 1599
1272 1601
1272 1451
1272 1658
1529 211
1529 480
1529 635
1529 885
1529 893
1529 1255
1529 1332
1529 1481
128 103
128 399
128 921
128 294
128 1063
128 1323
128 1324
128 1328
128 691
128 1844
128 704
128 460
128 589
128 1232
128 338
128 1451
128 729
128 476
128 1632
128 358
128 873
128 1645
128 376
128 1659
128 1788
128 1030
1154 19
1154 33
1154 98
1154 99
1154 105
1154 109
1154 162
1154 191
1154 232
1154 234
1154 277
1154 298
1154 383
1154 402
1154 415
1154 479
1154 496
1154 502
1154 558
1154 597
1154 635
1154 637
1154 659
1154 691
1154 789
1154 793
1154 892
1154 1030
1154 1067
1154 1141
1154 1546
1154 1690
1154 1587
1154 1624
1154 1474
1154 1597
1154 1304
1154 1851
1154 1762
1154 1498
1154 1763
1154 1311
11 1164
11 1263
11 1554
11 793
11 158
11 929
11 1661
11 961
11 1249
11 1762
11 363
11 1541
11 1206
11 897
1164 18
1164 98
1164 218
1164 240
1164 352
1164 468
1164 469
1164 606
1164 611
1164 660
1164 670
1164 703
1164 757
1164 789
1164 799
1164 802
1164 804
1164 868
1164 897
1164 921
1164 985
1164 988
1164 1003
1164 1008
1164 1085
1164 1107
1164 1110
1164 1133
1164 1165
1164 1822
1164 1624
1164 1678
1164 1206
1164 1474
1164 1480
1164 1231
1164 1384
1164 1805
1164 1515
1164 1525
1164 1655
1164 1538
1164 1484
1263 710
1263 1762
1554 34
1554 82
1554 126
1554 162
1554 237
1554 259
1554 315
1554 360
1554 364
1554 637
1554 704
1554 718
1554 723
1554 730
1554 820
1554 866
1554 886
1554 887
1554 919
1554 921
1554 1007
1554 1045
1554 1063
1554 1107
1554 1205
1554 1208
1554 1238
1554 1288
1554 1361
1554 1450
1554 1474
1554 1475
1554 1518
1554 1552
1554 1676
1554 1613
1554 1658
1554 1556
1554 1668
793 33
793 60
793 74
793 78
793 82
793 83
793 91
793 126
793 137
793 162
793 211
793 218
793 244
793 257
793 285
793 287
793 323
793 327
793 328
793 362
793 363
793 365
793 394
793 485
793 496
793 501
793 577
793 579
793 618
793 660
793 683
793 693
793 694
793 722
793 765
793 1679
793 1684
793 1170
793 1206
793 1726
793 1231
793 1238
793 1280
793 1796
793 1293
793 1807
793 1311
793 812
793 1324
793 1843
793 833
793 1361
793 861
793 898
793 1435
793 1436
793 1451
793 1465
793 1475
793 980
793 1008
793 1014
793 1549
793 1047
793 1066
793 1092
793 1323
793 1613
793 1133
793 1159
793 1137
793 1157
158 29
158 144
158 913
158 1838
158 660
158 1415
158 1802
158 1337
158 961
158 497
158 261
158 1032
158 1762
158 1637
929 717
929 1769
929 1337
1661 780
1661 975
1661 1802
1661 1838
961 78
961 82
961 83
961 91
961 137
961 190
961 191
961 224
961 241
961 242
961 293
961 354
961 364
961 378
961 394
961 397
961 472
961 553
961 589
961 637
961 689
961 759
961 780
961 785
961 877
961 884
961 897
961 910
961 911
961 919
961 1170
961 1186
961 1698
961 1210
961 1230
961 1241
961 1249
961 1762
961 1521
961 1791
961 1609
961 1293
961 1311
961 1317
961 1331
961 1843
961 1844
961 1357
961 1873
961 1874
961 1378
961 1383
961 984
961 996
961 1515
961 1012
961 1016
961 1535
961 1541
961 1563
961 1095
961 1103
961 1615
961 1624
961 1124
961 1648
1249 209
1249 242
1249 251
1249 259
1249 334
1249 356
1249 415
1249 452
1249 507
1249 511
1249 591
1249 633
1249 780
1249 787
1249 866
1249 884
1249 897
1249 996
1249 1000
1249 1075
1249 1103
1249 1311
1249 1478
1249 1559
1249 1762
1249 1261
1249 1282
1249 1541
1762 19
1762 82
1762 111
1762 205
1762 526
1762 536
1762 661
1762 751
1762 842
1762 885
1762 897
1762 1003
1762 1012
1762 1020
1762 1092
1762 1210
1762 1254
1762 1504
1762 1541
363 19
363 23
363 24
363 61
363 98
363 99
363 105
363 109
363 123
363 162
363 234
363 239
363 242
363 244
363 252
363 273
363 326
363 340
363 354
363 1686
363 667
363 1181
363 685
363 1203
363 1595
363 1742
363 1239
363 759
363 1793
363 778
363 1800
363 1293
363 1779
363 1313
363 1823
363 818
363 821
363 1843
363 1851
363 1859
363 1868
363 1384
363 374
363 382
363 400
363 1429
363 1445
363 425
363 1448
363 1454
363 451
363 1483
363 476
363 1498
363 478
363 1505
363 1508
363 1517
363 1012
363 1548
363 1549
363 1067
363 1579
363 1076
363 1596
363 1599
363 589
363 609
363 1631
363 1126
363 1642
363 1657
363 1159
1541 242
1541 415
1541 507
1541 511
1541 633
1541 689
1541 691
1541 717
1541 736
1541 780
1541 866
1541 884
1541 897
1541 919
1541 996
1541 1000
1541 1103
1541 1170
1541 1261
1541 1311
1541 1383
1541 1559
1206 99
1206 123
1206 125
1206 172
1206 183
1206 188
1206 259
1206 273
1206 316
1206 336
1206 346
1206 383
1206 452
1206 469
1206 500
1206 514
1206 521
1206 577
1206 637
1206 667
1206 669
1206 691
1206 693
1206 699
1206 712
1206 718
1206 722
1206 723
1206 730
1206 759
1206 775
1206 780
1206 800
1206 816
1206 825
1206 847
1206 851
1206 889
1206 919
1206 940
1206 1003
1206 1004
1206 1044
1206 1045
1206 1047
1206 1051
1206 1052
1206 1074
1206 1077
1206 1687
1206 1694
1206 1696
1206 1697
1206 1208
1206 1210
1206 1727
1206 1238
1206 1763
1206 1267
1206 1521
1206 1787
1206 1314
1206 1323
1206 1324
1206 1328
1206 1331
1206 1332
1206 1450
1206 1870
1206 1624
1206 1451
1206 1475
1206 1476
1206 1556
1206 1474
1206 1515
1206 1545
1206 1742
1206 1658
1206 1490
1206 1784
1206 1659
897 242
897 249
897 259
897 415
897 507
897 511
897 633
897 689
897 707
897 792
897 855
897 856
897 884
897 1165
897 1805
897 1811
897 1559
897 1311
897 1347
897 1353
897 1609
897 1484
897 1103
897 1232
897 996
897 1000
897 1384
897 1261
897 1146
897 1279
12 524
12 207
12 208
12 211
12 1203
12 616
12 1559
12 356
12 1627
12 1279
12 516
12 1286
12 1032
524 23
524 208
524 279
524 521
524 523
524 1358
524 1448
524 1067
524 1707
524 1488
524 825
524 980
524 589
524 1742
524 723
524 1493
524 1624
524 1559
524 1123
524 625
524 1159
207 18
207 63
207 80
207 98
207 110
207 120
207 188
207 272
207 1080
207 1812
207 1311
207 1700
207 977
207 1203
207 1000
207 313
207 1466
207 832
207 1725
207 1368
207 1813
207 1118
207 367
207 354
207 1124
207 616
207 240
207 1137
207 754
207 1462
207 1777
207 606
207 777
207 1659
207 1247
207 1670
208 46
208 63
208 120
208 150
208 172
208 180
208 195
208 1319
208 939
208 1462
208 1352
208 589
208 1752
208 354
208 1378
208 1776
211 13
211 18
211 49
211 63
211 80
211 98
211 110
211 120
211 188
211 1166
211 272
211 1551
211 279
211 995
211 1813
211 1689
211 1311
211 1057
211 1449
211 1384
211 1806
211 1203
211 382
211 1000
211 364
211 1466
211 240
211 1470
211 967
211 1865
211 313
211 977
211 1616
211 1515
211 939
211 1118
211 1135
211 354
211 1378
211 1124
211 1380
211 616
211 489
211 1582
211 1643
211 367
211 1136
211 1137
211 754
211 1462
211 245
211 1777
211 876
211 507
211 1776
211 1659
211 768
211 770
211 1669
211 1670
1203 125
1203 126
1203 209
1203 265
1203 348
1203 384
1203 523
1203 591
1203 706
1203 710
1203 759
1203 894
1203 919
1203 954
1203 1185
1203 1691
1203 1699
1203 1475
1203 1616
1203 1514
1203 1282
616 18
616 240
616 244
616 257
616 290
616 355
616 356
616 502
616 1166
616 1807
616 667
616 1689
616 1677
616 694
616 1384
616 830
616 896
616 1129
616 1258
616 1515
616 754
616 1779
616 1288
616 765
616 1282
616 1670
1559 191
1559 195
1559 247
1559 249
1559 281
1559 397
1559 485
1559 570
1559 759
1559 855
1559 856
1559 928
1559 1017
1559 1124
1559 1170
1559 1384
1559 1474
1559 1597
1559 1874
1559 1624
356 13
356 46
356 63
356 98
356 105
356 110
356 172
356 188
356 195
356 245
356 272
356 313
356 316
356 355
356 1677
356 1430
356 1813
356 1311
356 801
356 1453
356 688
356 1057
356 1000
356 1333
356 1466
356 1469
356 1597
356 1004
356 1231
356 1742
356 723
356 1624
356 1380
356 1643
356 367
356 1137
356 502
356 1143
356 1776
356 1659
356 977
356 1283
356 1286
356 1669
1627 1073
1627 1475
1279 271
1279 364
1279 411
1279 418
1279 714
1279 779
1279 1004
1279 1247
1279 1742
1279 1575
1279 1389
1279 1326
1279 1470
1279 1719
1279 1383
1279 1597
516 60
516 137
516 152
516 187
516 232
516 371
516 381
516 413
516 452
516 469
516 485
516 496
516 1736
516 1294
516 1681
516 1300
516 792
516 1266
516 1739
516 1311
516 805
516 1699
516 555
516 812
516 1705
516 1008
516 1785
516 1843
516 1335
516 1592
516 1852
516 1475
516 1732
516 1733
516 1734
516 1735
516 1609
516 1737
516 1738
516 1103
516 1740
516 1614
516 722
516 1324
516 1347
516 862
516 1025
516 1648
516 817
516 1388
516 637
516 881
516 1014
516 634
516 1657
516 612
516 1777
516 1028
516 1820
516 1032
516 1797
1286 46
1286 98
1286 99
1286 105
1286 112
1286 396
1286 445
1286 567
1286 667
1286 684
1286 851
1286 898
1286 1000
1286 1283
1286 1616
1286 1466
1286 1851
1032 43
1032 46
1032 60
1032 101
1032 114
1032 187
1032 188
1032 218
1032 245
1032 287
1032 333
1032 347
1032 413
1032 483
1032 514
1032 529
1032 555
1032 566
1032 621
1032 658
1032 718
1032 733
1032 792
1032 800
1032 864
1032 866
1032 877
1032 881
1032 898
1032 932
1032 954
1032 981
1032 1002
1032 1008
1032 1687
1032 1705
1032 1679
1032 1219
1032 1347
1032 1269
1032 1292
1032 1293
1032 1294
1032 1300
1032 1308
1032 1829
1032 1856
1032 1348
1032 1388
1032 1406
1032 1414
1032 1418
1032 1428
1032 1450
1032 1467
1032 1478
1032 1518
1032 1311
1032 1573
1032 1579
1032 1235
1032 1490
1032 1067
1032 1068
1032 1616
1032 1124
1032 1149
13 1455
13 1432
13 1282
13 1192
1455 162
1455 463
1455 1192
1455 1742
1432 78
1432 82
1432 160
1432 206
1432 341
1432 396
1432 400
1432 444
1432 531
1432 588
1432 635
1432 667
1432 713
1432 733
1432 744
1432 797
1432 851
1432 876
1432 892
1432 903
1432 1012
1432 1077
1432 1088
1432 1160
1432 1161
1432 1162
1432 1186
1432 1268
1432 1313
1432 1394
1432 1613
1432 1826
1432 1577
1432 1706
1432 1707
1432 1708
1432 1721
1432 1704
1432 1677
1432 1634
1432 1563
1282 18
1282 49
1282 63
1282 80
1282 98
1282 101
1282 105
1282 110
1282 120
1282 188
1282 206
1282 209
1282 240
1282 245
1282 246
1282 265
1282 313
1282 354
1282 364
1282 367
1282 382
1282 436
1282 485
1282 507
1282 700
1282 710
1282 737
1282 754
1282 768
1282 770
1282 791
1282 876
1282 889
1282 919
1282 939
1282 977
1282 1000
1282 1057
1282 1117
1282 1118
1282 1124
1282 1136
1282 1137
1282 1166
1282 1689
1282 1697
1282 1721
1282 1726
1282 1777
1282 1776
1282 1813
1282 1311
1282 1331
1282 1865
1282 1361
1282 1378
1282 1380
1282 1384
1282 1425
1282 1462
1282 1466
1282 1470
1282 1490
1282 1515
1282 1522
1282 1582
1282 1599
1282 1616
1282 1643
1282 1659
1282 1669
1282 1670
1192 314
1192 525
1192 1123
1192 1162
1192 1425
14 1787
1787 19
1787 145
1787 148
1787 152
1787 172
1787 317
1787 336
1787 340
1787 358
1787 381
1787 393
1787 418
1787 426
1787 447
1787 451
1787 455
1787 456
1787 486
1787 507
1787 511
1787 536
1787 550
1787 566
1787 583
1787 589
1787 591
1787 691
1787 692
1787 699
1787 723
1787 729
1787 736
1787 746
1787 757
1787 780
1787 847
1787 851
1787 860
1787 866
1787 867
1787 876
1787 889
1787 893
1787 899
1787 916
1787 924
1787 975
1787 1063
1787 1146
1787 1170
1787 1190
1787 1224
1787 1261
1787 1274
1787 1275
1787 1311
1787 1326
1787 1335
1787 1351
1787 1362
1787 1372
1787 1384
1787 1390
1787 1429
1787 1435
1787 1450
1787 1460
1787 1465
1787 1470
1787 1475
1787 1488
1787 1492
1787 1502
1787 1504
1787 1505
1787 1525
1787 1574
1787 1609
1787 1617
1787 1624
1787 1646
1787 1665
1787 1672
1787 1677
1787 1687
1787 1696
1787 1697
1787 1708
1787 1727
1787 1846
1787 1873
1787 1874
1787 1800
15 1832
15 176
15 1045
15 376
15 315
15 603
15 319
15 304
15 336
15 246
15 167
15 1063
15 1161
1832 19
1832 176
1832 262
1832 273
1832 603
1832 645
1832 727
1832 983
176 19
176 1548
176 1045
176 921
176 667
176 1690
176 399
176 1567
176 935
176 680
176 1169
176 1714
176 315
176 319
176 1095
176 1228
176 589
176 210
176 1624
176 304
176 1632
176 358
176 1636
176 1063
176 1510
176 1644
176 603
176 1521
176 374
176 376
176 1020
176 254
176 640
176 1790
1045 19
1045 134
1045 210
1045 267
1045 287
1045 290
1045 297
1045 315
1045 319
1045 330
1045 345
1045 360
1045 481
1045 502
1045 566
1045 581
1045 589
1045 626
1045 637
1045 676
1045 680
1045 778
1045 818
1045 871
1045 921
1045 935
1045 940
1045 985
1045 1673
1045 1548
1045 1546
1045 1556
1045 1637
1045 1687
1045 1179
1045 1824
1045 1294
1045 1714
1045 1189
1045 1159
1045 1658
1045 1209
1045 1205
1045 1467
1045 1851
1045 1088
1045 1502
1045 1474
1045 1351
1045 1355
1045 1484
1045 1613
1045 1617
1045 1686
1045 1371
1045 1631
1045 1765
1045 1137
1045 1063
1045 1690
1045 1479
1045 1409
1045 1538
1045 1795
1045 1128
1045 1672
376 262
376 315
376 319
376 374
376 654
376 1079
376 1622
376 476
376 959
376 1343
376 482
376 709
376 1624
376 1788
376 1510
376 1644
315 19
315 166
315 210
315 259
315 302
315 399
315 402
315 1552
315 1556
315 1052
315 1564
315 928
315 1567
315 935
315 681
315 1322
315 1333
315 319
315 316
315 317
315 958
315 959
315 1342
315 529
315 1343
315 811
315 1351
315 1228
315 1451
315 1107
315 1622
315 1750
315 1624
315 1474
315 495
315 1501
315 1248
315 1475
315 1636
315 360
315 1510
315 1095
315 1645
315 603
315 1521
315 374
315 691
315 685
315 1714
603 685
603 1451
603 1267
603 1107
603 1246
603 959
603 1248
603 1510
319 210
319 304
319 1040
319 1690
319 1564
319 1567
319 935
319 680
319 681
319 691
319 566
319 1320
319 1214
319 705
319 581
319 969
319 1228
319 589
319 1624
319 476
319 482
319 640
319 1790
319 1185
304 285
304 566
304 318
336 16
336 19
336 71
336 143
336 145
336 267
336 297
336 637
336 1759
336 1051
336 924
336 655
336 1185
336 383
336 1824
336 935
336 529
336 556
336 814
336 1708
336 765
336 693
336 1335
336 830
336 1406
336 1351
336 1228
336 589
336 337
336 345
336 453
336 1752
336 1779
336 480
336 1631
336 1123
336 1634
336 486
336 667
336 1371
336 1515
336 500
336 1478
336 374
336 889
336 1658
336 1795
336 393
336 1672
246 31
246 79
246 110
246 151
246 174
246 209
246 783
246 534
246 663
246 924
246 463
246 1825
246 678
246 338
246 686
246 1836
246 1839
246 948
246 1104
246 830
246 1722
246 1851
246 1475
246 1354
246 591
246 1742
246 980
246 1004
246 602
246 1624
246 860
246 354
246 355
246 1128
246 1208
246 1136
246 1266
246 1250
246 635
246 1020
246 1458
246 510
246 1024
246 1795
246 1670
246 523
167 1355
167 1631
167 637
1063 18
1063 19
1063 41
1063 45
1063 83
1063 91
1063 98
1063 106
1063 123
1063 134
1063 141
1063 143
1063 145
1063 169
1063 172
1063 218
1063 244
1063 252
1063 273
1063 285
1063 287
1063 289
1063 290
1063 330
1063 345
1063 358
1063 360
1063 364
1063 374
1063 379
1063 383
1063 392
1063 401
1063 464
1063 483
1063 485
1063 486
1063 500
1063 531
1063 553
1063 556
1063 561
1063 566
1063 573
1063 574
1063 581
1063 589
1063 618
1063 626
1063 636
1063 637
1063 638
1063 667
1063 680
1063 692
1063 693
1063 759
1063 789
1063 814
1063 818
1063 835
1063 846
1063 864
1063 889
1063 920
1063 921
1063 935
1063 938
1063 942
1063 943
1063 944
1063 948
1063 956
1063 962
1063 1023
1063 1026
1063 1048
1063 1049
1063 1051
1063 1052
1063 1673
1063 1690
1063 1189
1063 1507
1063 1209
1063 1210
1063 1241
1063 1246
1063 1248
1063 1521
1063 1790
1063 1355
1063 1293
1063 1304
1063 1824
1063 1319
1063 1323
1063 1324
1063 1446
1063 1331
1063 1851
1063 1344
1063 1351
1063 1402
1063 1864
1063 1865
1063 1535
1063 1874
1063 1368
1063 1281
1063 1409
1063 1205
1063 1546
1063 1429
1063 1549
1063 1451
1063 1467
1063 1128
1063 1460
1063 1474
1063 1510
1063 1543
1063 1548
1063 1556
1063 1567
1063 1657
1063 1658
1063 1095
1063 1664
1063 1624
1063 1631
1063 1129
1063 1137
1063 1655
1063 1152
1063 1332
1063 1672
1063 1587
1161 374
1161 702
1161 903
1161 1160
1161 1268
1161 1560
16 273
16 1431
16 792
16 33
16 1568
16 1324
16 951
16 322
16 1352
16 214
16 1111
16 1502
16 1766
16 491
16 365
16 1137
16 1534
16 1157
273 93
273 105
273 109
273 110
273 123
273 124
273 125
273 144
273 164
273 172
273 244
273 266
273 270
273 1170
273 659
273 1176
273 1686
273 1687
273 667
273 1187
273 1708
273 690
273 691
273 693
273 1088
273 712
273 722
273 723
273 730
273 733
273 739
273 1763
273 1766
273 759
273 1796
273 1307
273 1320
273 300
273 817
273 1335
273 337
273 1875
273 1368
273 354
273 1384
273 365
273 382
273 1406
273 902
273 393
273 407
273 411
273 412
273 1440
273 418
273 1446
273 1448
273 1460
273 1474
273 1475
273 476
273 482
273 507
273 1023
273 1024
273 1534
273 1535
273 515
273 1538
273 1543
273 1044
273 1570
273 561
273 1597
273 581
273 589
273 1613
273 1618
273 1624
273 606
273 1646
273 636
273 637
1431 33
1431 60
1431 103
1431 124
1431 126
1431 145
1431 180
1431 182
1431 187
1431 188
1431 218
1431 238
1431 272
1431 287
1431 290
1431 292
1431 327
1431 364
1431 485
1431 612
1431 618
1431 656
1431 683
1431 691
1431 706
1431 723
1431 725
1431 730
1431 736
1431 765
1431 792
1431 811
1431 850
1431 862
1431 883
1431 892
1431 932
1431 956
1431 963
1431 988
1431 1008
1431 1014
1431 1133
1431 1226
1431 1243
1431 1269
1431 1287
1431 1288
1431 1289
1431 1311
1431 1344
1431 1347
1431 1348
1431 1387
1431 1388
1431 1706
1431 1732
1431 1744
1431 1793
1431 1805
1431 1817
1431 1796
1431 1435
1431 1485
1431 1490
1431 1549
1431 1553
1431 1618
1431 1648
1431 1659
792 18
792 101
792 103
792 187
792 188
792 218
792 238
792 240
792 272
792 279
792 292
792 327
792 413
792 555
792 637
792 667
792 736
792 765
792 1165
792 1553
792 1300
792 1311
792 1549
792 1388
792 1705
792 1008
792 1344
792 1618
792 1347
792 1475
792 1351
792 1355
792 1485
792 1361
792 1133
792 1619
792 1288
792 1124
792 881
792 883
792 1348
792 1014
792 862
792 1535
792 1793
792 1287
792 1269
33 19
33 1549
33 1686
33 1185
33 1570
33 912
33 1708
33 1460
33 1592
33 1868
33 1361
33 1624
33 1014
33 287
33 1657
33 259
33 290
1568 123
1324 19
1324 42
1324 68
1324 83
1324 143
1324 161
1324 169
1324 191
1324 240
1324 252
1324 259
1324 281
1324 346
1324 374
1324 476
1324 485
1324 521
1324 529
1324 532
1324 566
1324 577
1324 589
1324 606
1324 618
1324 695
1324 723
1324 731
1324 752
1324 811
1324 813
1324 851
1324 877
1324 890
1324 904
1324 924
1324 948
1324 989
1324 1013
1324 1014
1324 1059
1324 1066
1324 1112
1324 1119
1324 1145
1324 1171
1324 1177
1324 1205
1324 1220
1324 1239
1324 1248
1324 1304
1324 1323
1324 1679
1324 1693
1324 1708
1324 1759
1324 1766
1324 1793
1324 1799
1324 1824
1324 1326
1324 1331
1324 1871
1324 1344
1324 1361
1324 1364
1324 1387
1324 1429
1324 1453
1324 1478
1324 1505
1324 1506
1324 1508
1324 1520
1324 1535
1324 1549
1324 1556
1324 1578
1324 1597
1324 1613
1324 1635
1324 1637
1324 1644
1324 1672
951 18
951 98
951 138
951 780
951 1103
951 1785
951 1843
951 1624
951 1821
322 19
322 199
322 1548
322 1686
322 1052
322 1185
322 1451
322 1708
322 1460
322 1868
322 1361
322 1505
322 1014
322 393
1352 103
1352 584
1352 691
1352 773
1352 1772
1352 1551
1352 1843
1352 1851
214 143
214 192
214 975
214 589
214 853
214 854
214 855
214 1240
214 660
214 856
214 389
214 1509
1111 606
1111 765
1111 1122
1111 1296
1502 18
1502 149
1502 160
1502 240
1502 297
1502 300
1502 384
1502 529
1502 902
1502 930
1502 1166
1502 1320
1502 1413
1502 1414
1502 1466
1502 1500
1502 1689
1502 1696
1502 1875
1502 1759
1502 1515
1766 1088
1766 1170
1766 1387
491 38
491 251
491 281
491 396
491 807
491 1076
491 853
491 667
491 939
491 765
491 1125
491 1127
491 1067
365 23
365 24
365 54
365 98
365 99
365 105
365 123
365 234
365 244
365 252
365 354
365 1676
365 759
365 1313
365 1549
365 1445
365 425
365 1579
365 818
365 1595
365 1851
365 589
365 847
365 1868
365 1596
365 1239
365 867
365 1126
365 1779
365 382
365 1375
365 609
1137 46
1137 78
1137 98
1137 105
1137 123
1137 145
1137 172
1137 189
1137 202
1137 269
1137 355
1137 384
1137 414
1137 480
1137 511
1137 560
1137 589
1137 606
1137 667
1137 683
1137 684
1137 689
1137 722
1137 723
1137 728
1137 745
1137 759
1137 765
1137 807
1137 866
1137 877
1137 886
1137 896
1137 913
1137 919
1137 956
1137 1023
1137 1026
1137 1047
1137 1124
1137 1136
1137 1679
1137 1707
1137 1717
1137 1210
1137 1224
1137 1228
1137 1744
1137 1269
1137 1783
1137 1826
1137 1838
1137 1843
1137 1846
1137 1742
1137 1428
1137 1440
1137 1466
1137 1475
1137 1390
1137 1515
1137 1543
1137 1549
1137 1827
1137 1649
1137 1672
1534 18
1534 281
1534 337
1534 489
1534 522
1534 667
1534 812
1534 962
1534 1048
1534 1052
1534 1071
1534 1077
1534 1170
1534 1176
1534 1197
1534 1301
1534 1406
1534 1415
1534 1446
1534 1451
1534 1475
1534 1497
1534 1556
1534 1591
1534 1847
1534 1613
1534 1599
1157 19
1157 86
1157 789
1157 1527
1157 1348
1157 1796
1157 1185
17 566
17 407
17 637
17 415
17 1218
566 18
566 19
566 41
566 44
566 98
566 134
566 162
566 203
566 237
566 240
566 287
566 290
566 296
566 328
566 330
566 331
566 358
566 360
566 361
566 439
566 464
566 481
566 485
566 531
566 553
566 1168
566 1178
566 680
566 685
566 693
566 1210
566 706
566 712
566 1241
566 1248
566 1759
566 1765
566 1795
566 1864
566 1308
566 1824
566 1328
566 1851
566 1852
566 1351
566 1355
566 1865
566 846
566 1874
566 1371
566 876
566 1402
566 898
566 921
566 1548
566 1549
566 935
566 943
566 944
566 1467
566 1472
566 1505
566 1507
566 1510
566 1521
566 1019
566 1023
566 1556
566 1049
566 1051
566 1052
566 1567
566 1570
566 1587
566 573
566 1088
566 581
566 587
566 1624
566 1626
566 606
566 1631
566 1124
566 1129
566 626
566 1446
566 1670
566 636
566 1658
566 638
407 162
407 234
407 249
407 383
407 396
407 789
407 1051
407 1440
407 1613
407 1827
407 556
407 1844
407 1104
407 1624
407 1384
407 627
407 761
407 644
637 19
637 38
637 39
637 56
637 59
637 61
637 67
637 82
637 92
637 93
637 94
637 102
637 109
637 124
637 126
637 161
637 162
637 164
637 172
637 201
637 203
637 210
637 237
637 240
637 257
637 296
637 301
637 308
637 327
637 328
637 330
637 331
637 334
637 340
637 346
637 351
637 358
637 360
637 362
637 381
637 383
637 387
637 391
637 394
637 396
637 422
637 464
637 469
637 470
637 496
637 523
637 551
637 553
637 556
637 558
637 574
637 581
637 585
637 587
637 589
637 617
637 618
637 626
637 632
637 634
637 636
637 1673
637 817
637 1168
637 657
637 1679
637 659
637 660
637 1734
637 1686
637 1178
637 1690
637 676
637 1592
637 680
637 1702
637 685
637 686
637 1708
637 693
637 1210
637 1765
637 700
637 1728
637 1088
637 1222
637 713
637 1735
637 1736
637 1737
637 1738
637 1739
637 1740
637 722
637 723
637 1748
637 729
637 921
637 733
637 1246
637 737
637 739
637 1763
637 1260
637 1267
637 1351
637 1779
637 670
637 1790
637 672
637 774
637 775
637 1185
637 780
637 844
637 1865
637 1300
637 1304
637 1308
637 802
637 1824
637 1613
637 814
637 935
637 1328
637 818
637 1332
637 1843
637 1335
637 1871
637 830
637 1851
637 1852
637 1347
637 1348
637 1355
637 846
637 1874
637 1368
637 1371
637 864
637 865
637 868
637 1624
637 1390
637 1657
637 885
637 886
637 887
637 1416
637 914
637 1546
637 920
637 1633
637 1548
637 932
637 1446
637 938
637 943
637 944
637 1460
637 1129
637 1044
637 1475
637 962
637 1489
637 1219
637 992
637 880
637 1507
637 863
637 1732
637 1357
637 1733
637 1021
637 1023
637 1472
637 1538
637 1540
637 1543
637 1037
637 847
637 1552
637 1553
637 1049
637 1567
637 1570
637 1066
637 977
637 1235
637 1597
637 1490
637 1095
637 1605
637 1609
637 1835
637 1631
637 1637
637 638
637 1155
637 1670
637 1672
415 92
415 125
415 126
415 147
415 191
415 248
415 259
415 266
415 308
415 1044
415 1311
415 930
415 1402
415 1313
415 1072
415 1328
415 1332
415 1208
415 446
415 444
415 1617
415 706
415 968
415 712
415 1103
415 1742
415 1236
415 1238
415 1261
415 609
415 1002
415 455
415 496
415 1520
415 884
415 1605
415 896
415 885
415 1028
415 1538
1218 272
1218 281
1218 383
1218 441
1218 853
1218 928
1218 1514
1218 1706
1218 1269
1218 1781
1218 1257
18 1165
18 149
18 667
18 1689
18 1190
18 830
18 1765
18 712
18 206
18 1239
18 729
18 731
18 733
18 234
18 244
18 759
18 760
18 1308
18 297
18 300
18 1844
18 826
18 1341
18 834
18 1860
18 1868
18 1673
18 1874
18 864
18 865
18 1397
18 1402
18 1406
18 911
18 912
18 913
18 918
18 1440
18 432
18 950
18 974
18 463
18 488
18 496
18 514
18 1548
18 532
18 25
18 1049
18 1575
18 49
18 1586
18 572
18 895
18 1088
18 589
18 81
18 1617
18 95
18 1122
18 612
18 1129
18 1135
18 120
18 123
18 636
18 1658
18 134
18 137
18 1669
18 1670
1165 134
1165 232
1165 240
1165 267
1165 352
1165 358
1165 469
1165 522
1165 670
1165 693
1165 754
1165 789
1165 802
1165 804
1165 915
1165 980
1165 1003
1165 1085
1165 1107
1165 1166
1165 1678
1165 1805
1165 1617
1165 1347
1165 1480
1165 1609
1165 1231
1165 1624
1165 1755
1165 1515
1165 1484
149 144
149 145
149 653
149 1802
149 667
149 1186
149 1443
149 300
149 1071
149 1583
149 1331
149 712
149 1110
149 1387
149 1414
667 59
667 67
667 78
667 89
667 93
667 98
667 123
667 144
667 145
667 218
667 236
667 244
667 290
667 297
667 330
667 333
667 334
667 364
667 379
667 383
667 396
667 414
667 448
667 453
667 478
667 485
667 507
667 511
667 521
667 529
667 556
667 557
667 589
667 601
667 606
667 636
667 1673
667 1686
667 1687
667 669
667 1693
667 1186
667 1696
667 684
667 1708
667 1210
667 712
667 1089
667 1228
667 718
667 1233
667 722
667 723
667 753
667 759
667 1784
667 765
667 1795
667 1796
667 1802
667 1294
667 789
667 1310
667 1311
667 1315
667 1843
667 1847
667 832
667 1519
667 835
667 1347
667 839
667 1868
667 851
667 1368
667 866
667 877
667 1287
667 887
667 1400
667 893
667 911
667 919
667 1440
667 932
667 1446
667 938
667 1450
667 1451
667 948
667 1460
667 1462
667 1465
667 1466
667 1478
667 1480
667 989
667 1475
667 1505
667 1007
667 1538
667 1543
667 1038
667 1048
667 1824
667 1563
667 1059
667 1570
667 1073
667 1077
667 1088
667 1092
667 1098
667 1107
667 1632
667 1633
667 1638
667 1643
667 1653
667 1155
667 1158
1689 32
1689 45
1689 63
1689 105
1689 137
1689 171
1689 178
1689 190
1689 271
1689 281
1689 333
1689 358
1689 383
1689 480
1689 486
1689 559
1689 576
1689 589
1689 723
1689 739
1689 765
1689 779
1689 813
1689 843
1689 895
1689 911
1689 912
1689 913
1689 1089
1689 1131
1689 1247
1689 1401
1689 1515
1689 1538
1689 1571
1689 1572
1689 1619
1689 1681
1689 1844
1689 1841
1689 1818
1190 105
1190 263
1190 867
1190 1664
1190 1658
1190 1501
830 80
830 123
830 185
830 200
830 240
830 290
830 330
830 333
830 345
830 389
830 412
830 453
830 463
830 490
830 520
830 529
830 574
830 589
830 600
830 609
830 613
830 658
830 722
830 759
830 765
830 779
830 808
830 818
830 1552
830 1808
830 1144
830 1301
830 1688
830 1823
830 1423
830 913
830 1585
830 1426
830 1465
830 916
830 1343
830 1613
830 1235
830 1746
830 1216
830 988
830 1118
830 1374
830 864
830 1136
830 1874
830 1670
1765 134
1765 287
1765 290
1765 485
1765 680
1765 921
1765 1342
1765 1343
1765 1355
1765 1371
1765 1824
1765 1830
712 78
712 93
712 106
712 130
712 143
712 172
712 290
712 297
712 374
712 396
712 398
712 456
712 485
712 507
712 553
712 556
712 581
712 635
712 669
712 693
712 1305
712 1435
712 1690
712 928
712 1186
712 1570
712 932
712 935
712 1189
712 1480
712 1171
712 1277
712 1466
712 1236
712 1831
712 713
712 940
712 718
712 1351
712 744
712 851
712 1238
712 1680
712 1261
712 1793
712 1563
712 1616
712 1522
712 1322
712 1136
712 1649
712 1862
712 1311
712 723
206 105
206 411
206 924
206 696
206 1466
206 892
206 1049
206 1177
206 810
1239 19
1239 684
1239 1028
1239 1570
729 53
729 281
729 297
729 1406
729 1555
729 1624
729 1155
729 1778
729 1226
729 939
731 65
731 1323
731 1450
731 1051
731 1052
731 1451
733 134
733 172
733 219
733 240
733 333
733 371
733 485
733 557
733 597
733 1166
733 1331
733 1341
733 1875
733 1232
733 1362
733 1123
733 1126
733 1643
733 754
733 1406
733 1668
234 61
234 82
234 98
234 105
234 402
234 1690
234 1185
234 930
234 805
234 1447
234 1066
234 1371
234 944
234 1332
234 950
234 1208
234 1850
234 1216
234 707
234 582
234 1605
234 459
234 588
234 1230
234 604
234 362
234 239
234 757
234 1868
234 261
234 1159
234 1796
234 267
244 45
244 105
244 106
244 236
244 1548
244 1044
244 945
244 1843
244 1466
244 1087
244 1089
244 838
244 589
244 555
244 722
244 1371
244 496
244 1126
244 362
244 1390
244 697
244 1179
244 510
244 1026
244 1283
244 389
759 19
759 98
759 109
759 123
759 125
759 162
759 188
759 222
759 240
759 249
759 279
759 290
759 346
759 362
759 391
759 392
759 393
759 396
759 401
759 455
759 500
759 556
759 589
759 601
759 669
759 707
759 711
759 722
759 1177
759 1178
759 1690
759 1185
759 1199
759 1725
759 1744
759 1754
759 1759
759 1276
759 778
759 780
759 789
759 1304
759 809
759 818
759 1332
759 1843
759 1847
759 833
759 835
759 1347
759 1874
759 889
759 909
759 1440
759 1450
759 1475
759 1008
759 1540
759 1038
759 1066
759 1587
759 1649
760 485
760 525
760 527
760 635
760 660
760 744
760 756
760 1800
760 1311
760 765
760 1585
760 1591
760 834
760 1613
760 1493
760 1123
760 1658
760 1415
1308 19
1308 37
1308 364
1308 700
1308 706
1308 737
1308 968
1308 1004
1308 1008
1308 1267
1308 1311
1308 1498
1308 1648
297 19
297 98
297 109
297 125
297 126
297 141
297 143
297 162
297 185
297 217
297 226
297 268
297 281
297 282
297 283
297 287
297 290
297 652
297 659
297 1180
297 669
297 1193
297 682
297 693
297 1217
297 710
297 727
297 1251
297 755
297 1824
297 1868
297 1834
297 1333
297 1845
297 317
297 1851
297 833
297 834
297 835
297 330
297 331
297 1863
297 1866
297 337
297 1362
297 1371
297 351
297 1375
297 367
297 379
297 1406
297 1417
297 412
297 414
297 1441
297 1451
297 1466
297 1472
297 1506
297 1019
297 1023
297 1039
297 542
297 549
297 556
297 383
297 1097
297 1747
297 1104
297 1616
297 1624
297 617
297 1643
297 1716
297 1155
300 1707
300 738
300 1719
300 756
300 1599
300 1123
300 1124
300 755
300 1613
300 1414
1844 63
1844 272
1844 302
1844 327
1844 480
1844 523
1844 611
1844 671
1844 765
1844 887
1844 1118
1844 1166
1844 1179
1844 1396
1844 1470
1844 1488
1844 1538
1844 1540
1844 1619
1844 1624
1844 1723
1844 1796
826 432
826 1402
1341 98
1341 354
1341 502
1341 522
1341 1144
1341 1258
1341 1422
1341 1551
1341 1776
1341 1475
834 123
834 172
834 236
834 240
834 267
834 358
834 383
834 485
834 601
834 754
834 756
834 765
834 911
834 835
834 1095
834 1485
834 1875
834 1372
834 1384
834 1415
1860 693
1860 1325
1860 1505
1868 123
1868 1185
1868 1501
1868 1570
1868 1687
1868 1851
1673 67
1673 186
1673 267
1673 328
1673 330
1673 489
1673 553
1673 589
1673 590
1673 626
1673 680
1673 686
1673 789
1673 921
1673 944
1673 1049
1673 1124
1673 1209
1673 1355
1673 1371
1673 1472
1673 1507
1673 1548
1673 1631
1673 1642
1673 1649
1673 1658
1673 1672
1673 1824
1874 123
1874 172
1874 185
1874 267
1874 298
1874 330
1874 352
1874 397
1874 412
1874 453
1874 469
1874 479
1874 485
1874 487
1874 535
1874 589
1874 670
1874 691
1874 707
1874 708
1874 757
1874 780
1874 789
1874 804
1874 847
1874 919
1874 1007
1874 1014
1874 1051
1874 1107
1874 1129
1874 1133
1874 1186
1874 1231
1874 1351
1874 1384
1874 1417
1874 1435
1874 1474
1874 1475
1874 1498
1874 1503
1874 1507
1874 1515
1874 1535
1874 1545
1874 1580
1874 1615
1874 1624
1874 1677
1874 1678
1874 1684
1874 1714
864 105
864 172
864 267
864 379
864 525
864 814
864 841
864 846
864 1037
864 1721
864 1355
864 1865
864 1490
864 865
864 1129
864 1034
864 1281
865 126
865 137
865 172
865 287
865 302
865 709
865 1668
865 1037
865 1824
865 1129
1397 42
1397 168
1397 381
1397 391
1397 453
1397 485
1397 809
1397 811
1397 817
1397 953
1397 1189
1397 1205
1397 1609
1397 1605
1397 1466
1402 240
1402 589
1402 754
1402 1351
1402 1515
1406 124
1406 263
1406 267
1406 271
1406 281
1406 331
1406 430
1406 525
1406 531
1406 556
1406 589
1406 617
1406 636
1406 756
1406 789
1406 1095
1406 1123
1406 1426
1406 1866
1406 1491
1406 1546
911 63
911 70
911 71
911 197
911 218
911 240
911 364
911 395
911 446
911 480
911 481
911 485
911 486
911 511
911 754
911 765
911 1166
911 1170
911 1570
911 1067
911 1327
911 912
911 1586
911 1723
911 1515
911 1099
911 1230
911 1850
911 1090
911 1124
911 1815
911 1008
912 63
912 70
912 71
912 126
912 197
912 240
912 480
912 549
912 754
912 765
912 1166
912 913
912 1327
912 1586
912 1850
912 1637
912 1515
913 19
913 71
913 313
913 765
913 1166
913 1047
913 1723
913 1383
913 1131
913 1515
918 1867
1440 94
1440 97
1440 98
1440 105
1440 106
1440 123
1440 330
1440 350
1440 393
1440 395
1440 413
1440 445
1440 446
1440 521
1440 523
1440 550
1440 560
1440 669
1440 885
1440 894
1440 969
1440 1038
1440 1168
1440 1179
1440 1189
1440 1238
1440 1355
1440 1364
1440 1826
1440 1631
432 45
432 240
432 589
432 1515
432 754
432 1029
432 486
950 71
950 480
950 809
950 1039
950 1638
950 1595
950 1501
974 453
974 534
974 889
974 947
974 948
974 1802
974 1167
974 1008
974 1208
974 1288
974 1803
974 1311
974 1312
974 1665
974 1289
974 1805
463 172
463 240
463 285
463 606
463 1166
463 754
463 1724
488 452
488 1549
488 1018
488 671
488 1311
488 1475
488 1415
496 42
496 50
496 95
496 98
496 105
496 125
496 137
496 230
496 277
496 279
496 485
496 1691
496 1228
496 1170
496 1684
496 800
496 1062
496 1147
496 1574
496 1067
496 556
496 941
496 1579
496 691
496 948
496 821
496 824
496 1553
496 1851
496 706
496 1347
496 1372
496 1096
496 1498
496 769
496 1609
496 511
496 919
496 722
496 898
496 921
496 604
496 1384
496 633
496 1535
496 1226
514 105
514 185
514 259
514 274
514 418
514 452
514 453
514 489
514 660
514 534
514 930
514 556
514 1706
514 687
514 1099
514 1746
514 1822
514 1513
1548 98
1548 106
1548 130
1548 218
1548 237
1548 287
1548 290
1548 303
1548 328
1548 330
1548 510
1548 549
1548 553
1548 589
1548 607
1548 647
1548 680
1548 697
1548 866
1548 921
1548 935
1548 979
1548 1008
1548 1026
1548 1048
1548 1124
1548 1129
1548 1175
1548 1205
1548 1351
1548 1371
1548 1446
1548 1451
1548 1472
1548 1489
1548 1824
1548 1851
1548 1672
532 212
532 240
532 364
532 1166
532 1238
532 1186
532 932
25 219
25 1051
1049 185
1049 267
1049 287
1049 330
1049 412
1049 589
1049 626
1049 846
1049 850
1049 894
1049 1014
1049 1023
1049 1824
1049 1371
1049 1672
1575 89
1575 1475
1575 1638
49 588
49 1659
49 1312
49 1475
49 511
49 1628
1586 71
1586 197
1586 486
1586 1090
1586 1091
1586 1327
1586 1361
1586 1515
1586 1588
1586 1718
572 393
572 1361
572 769
572 1570
572 1185
895 240
895 754
895 1166
895 1057
895 1515
1088 67
1088 139
1088 267
1088 328
1088 330
1088 334
1088 396
1088 397
1088 589
1088 626
1088 636
1088 669
1088 726
1088 818
1088 835
1088 916
1088 921
1088 940
1088 967
1088 1008
1088 1023
1088 1051
1088 1052
1088 1169
1088 1185
1088 1186
1088 1187
1088 1168
1088 1450
1088 1570
1088 1355
1088 1451
1088 1631
1088 1129
1088 1385
1088 1642
1088 1416
1088 1672
589 31
589 34
589 42
589 47
589 54
589 65
589 68
589 82
589 90
589 94
589 103
589 105
589 109
589 123
589 125
589 134
589 141
589 154
589 202
589 210
589 239
589 240
589 251
589 252
589 267
589 270
589 279
589 280
589 287
589 289
589 290
589 326
589 328
589 330
589 334
589 337
589 340
589 362
589 379
589 383
589 391
589 393
589 395
589 396
589 455
589 476
589 485
589 487
589 502
589 551
589 553
589 557
589 581
589 585
589 587
589 655
589 1168
589 1169
589 1679
589 1680
589 664
589 1590
589 943
589 1185
589 1186
589 678
589 680
589 1176
589 1848
589 691
589 1205
589 1714
589 1209
589 702
589 1232
589 722
589 723
589 1236
589 1238
589 1748
589 1261
589 1241
589 1246
589 1248
589 738
589 739
589 854
589 1254
589 748
589 1769
589 1772
589 1351
589 1276
589 1790
589 1523
589 1865
589 1299
589 600
589 1304
589 1313
589 1824
589 592
589 808
589 814
589 935
589 669
589 1331
589 821
589 1333
589 1616
589 825
589 1846
589 1339
589 1851
589 838
589 1355
589 1360
589 1361
589 1873
589 855
589 856
589 1368
589 1371
589 1453
589 1375
589 1843
589 1538
589 944
589 1384
589 1387
589 886
589 1404
589 899
589 1411
589 1545
589 1422
589 916
589 921
589 1150
589 928
589 1549
589 638
589 1446
589 1014
589 1337
589 1450
589 1451
589 1658
589 1458
589 1552
589 1638
589 1467
589 962
589 976
589 1487
589 979
589 1495
589 1496
589 1051
589 1507
589 1007
589 1562
589 1527
589 1024
589 1472
589 1535
589 885
589 1028
589 1029
589 1030
589 755
589 1546
589 1038
589 1044
589 1048
589 1145
589 1052
589 1570
589 1850
589 1587
589 1080
589 621
589 1095
589 1610
589 590
589 1624
589 605
589 1580
589 1631
589 1632
589 1124
589 1129
589 618
589 1642
589 626
589 1649
589 1075
589 1144
589 636
589 1841
589 646
589 1672
589 1670
81 789
81 676
81 689
81 1841
81 707
81 89
81 866
81 614
81 1000
81 125
81 126
81 1413
1617 172
1617 240
1617 606
1617 673
1617 1228
1617 1383
1617 1387
1617 1474
1617 1714
1617 1624
95 240
95 277
95 511
1122 21
1122 83
1122 103
1122 157
1122 240
1122 371
1122 501
1122 605
1122 632
1122 691
1122 1684
1122 1247
612 180
612 181
612 182
612 1008
612 1163
612 1614
1129 78
1129 98
1129 106
1129 134
1129 237
1129 267
1129 328
1129 330
1129 453
1129 481
1129 510
1129 549
1129 557
1129 680
1129 921
1129 1126
1129 1355
1129 1472
1129 1351
1129 1371
1129 1643
1129 1525
1135 56
1135 379
1135 380
1135 396
1135 469
1135 525
1135 1071
1135 1453
120 1320
120 1487
120 691
120 1776
120 952
120 240
123 19
123 83
123 98
123 109
123 1759
123 1690
123 1185
123 1187
123 684
123 1707
123 197
123 711
123 1732
123 1733
123 714
123 1735
123 1736
123 1737
123 1738
123 1739
123 1740
123 722
123 739
123 237
123 240
123 1783
123 162
123 1795
123 778
123 780
123 279
123 1304
123 1820
123 809
123 817
123 1332
123 1843
123 1335
123 835
123 328
123 843
123 362
123 383
123 392
123 395
123 396
123 909
123 401
123 932
123 940
123 1453
123 946
123 965
123 455
123 476
123 1007
123 1734
123 1038
123 1044
123 1570
123 556
123 1592
123 601
123 1638
123 634
123 1657
123 129
123 134
123 137
636 39
636 330
636 393
636 447
636 525
636 1802
636 669
636 1185
636 818
636 1023
636 1631
636 1659
1658 200
1658 393
1658 418
1658 426
1658 451
1658 470
1658 485
1658 500
1658 583
1658 756
1658 889
1658 924
1658 935
1658 1104
1658 1185
1658 1205
1658 1274
1658 1311
1658 1322
1658 1390
1658 1429
1658 1460
1658 1470
1658 1549
1658 1609
1658 1646
1658 1808
1658 1685
1658 1696
1658 1714
1658 1659
134 98
134 105
134 109
134 119
134 1802
134 505
134 287
134 162
134 1567
134 935
134 553
134 1834
134 1446
134 693
134 1587
134 567
134 835
134 581
134 1351
134 1624
134 1631
134 1460
134 1380
134 1510
134 1521
134 500
134 643
134 1543
137 60
137 83
137 780
137 1293
137 1296
137 1170
137 787
137 1553
137 1563
137 1311
137 932
137 1574
137 1449
137 1706
137 1008
137 1843
137 1214
137 1090
137 707
137 452
137 1603
137 876
137 1490
137 1579
137 1243
137 1244
137 1067
137 866
137 218
137 232
137 364
137 1388
137 1266
137 1777
137 765
137 511
137 892
137 259
137 772
137 755
137 1530
1669 98
1669 502
1669 522
1669 770
1669 791
1669 876
1669 1067
1669 1208
1669 1216
1669 1253
1669 1360
1669 1449
1669 1450
1669 1451
1670 19
1670 21
1670 34
1670 105
1670 109
1670 162
1670 210
1670 340
1670 470
1670 482
1670 722
1670 848
1670 928
1670 938
1670 1004
1670 1169
1670 1368
1670 1371
1670 1570
1670 1624
1670 1657
1670 1843
19 1170
19 1690
19 162
19 164
19 693
19 1224
19 1241
19 1246
19 1248
19 1763
19 237
19 1436
19 1605
19 1778
19 1779
19 281
19 1304
19 1311
19 290
19 1824
19 1332
19 1333
19 1859
19 330
19 358
19 1394
19 886
19 887
19 919
19 1451
19 21
19 455
19 460
19 482
19 1515
19 1007
19 1038
19 1552
19 22
19 1558
19 37
19 1570
19 1066
19 556
19 1595
19 584
19 1609
19 1613
19 1107
19 1624
19 1633
19 105
19 109
19 635
19 821
1170 51
1170 101
1170 103
1170 125
1170 162
1170 188
1170 218
1170 219
1170 231
1170 250
1170 317
1170 327
1170 347
1170 379
1170 380
1170 436
1170 469
1170 521
1170 533
1170 534
1170 536
1170 557
1170 600
1170 634
1170 643
1170 670
1170 707
1170 718
1170 730
1170 739
1170 817
1170 916
1170 1028
1170 1044
1170 1048
1170 1051
1170 1074
1170 1125
1170 1131
1170 1681
1170 1684
1170 1176
1170 1699
1170 1705
1170 1706
1170 1711
1170 1216
1170 1726
1170 1732
1170 1733
1170 1226
1170 1735
1170 1736
1170 1737
1170 1231
1170 1740
1170 1795
1170 1796
1170 1808
1170 1322
1170 1843
1170 1335
1170 1337
1170 1850
1170 1372
1170 1388
1170 1465
1170 1475
1170 1497
1170 1390
1170 1535
1170 1538
1170 1552
1170 1738
1170 1739
1170 1565
1170 1734
1170 1591
1170 1592
1170 1657
1690 67
1690 78
1690 109
1690 162
1690 240
1690 383
1690 581
1690 653
1690 680
1690 935
1690 1474
1690 1552
1690 1597
1690 1624
1690 1824
162 21
162 22
162 42
162 47
162 99
162 100
162 109
162 1194
162 1197
162 1241
162 1248
162 1763
162 1772
162 1776
162 1778
162 1785
162 774
162 780
162 1779
162 1654
162 1304
162 798
162 298
162 821
162 1333
162 1843
162 825
162 1847
162 1851
162 328
162 1351
162 1862
162 333
162 859
162 354
162 1379
162 358
162 1384
162 1394
162 886
162 887
162 379
162 383
162 389
162 1418
162 866
162 402
162 921
162 928
162 417
162 422
162 1450
162 1451
162 1552
162 444
162 1044
162 451
162 1474
162 455
162 972
162 976
162 469
162 1506
162 1007
162 1021
162 1535
162 515
162 1551
162 1047
162 1051
162 1052
162 1066
162 1828
162 1595
162 1624
162 1633
162 1635
162 629
162 1332
162 1159
164 1613
164 402
164 1362
164 1778
164 819
164 921
164 290
164 298
693 185
693 188
693 267
693 290
693 355
693 374
693 453
693 459
693 476
693 529
693 556
693 561
693 1208
693 1759
693 805
693 813
693 1732
693 1843
693 1615
693 1371
693 1643
693 1159
693 1351
693 1779
693 1185
693 1417
693 1409
693 1332
693 775
1224 444
1224 670
1224 791
1224 1422
1224 1551
1224 1313
1224 1826
1224 1712
1224 1841
1224 1714
1224 1466
1224 1616
1224 1752
1224 1276
1241 62
1241 109
1241 143
1241 189
1241 485
1241 520
1241 528
1241 577
1241 623
1241 694
1241 742
1241 800
1241 850
1241 989
1241 1016
1241 1103
1241 1187
1241 1227
1241 1230
1241 1556
1241 1311
1241 1635
1241 1580
1241 1587
1241 1613
1241 1487
1241 1616
1241 1873
1241 1642
1241 1521
1241 1654
1241 1672
1246 189
1246 520
1246 591
1246 765
1246 810
1248 98
1248 109
1248 259
1248 287
1248 439
1248 480
1248 486
1248 529
1248 629
1248 718
1248 1020
1248 1051
1248 1052
1248 1108
1248 1205
1248 1546
1248 1635
1248 1450
1248 1707
1248 1722
1248 1472
1248 1451
1248 1624
1248 1672
1763 105
1763 109
1763 232
1763 263
237 92
237 1293
237 1044
237 1048
237 1814
237 1052
237 1185
237 1824
237 549
237 684
237 1451
237 303
237 827
237 964
237 711
237 1351
237 969
237 1862
237 1863
237 1450
237 1496
237 739
237 1507
237 753
237 626
237 383
237 331
237 1026
237 1795
1436 83
1436 98
1436 479
1436 717
1436 722
1436 1435
1436 1557
1436 1624
1436 1615
1436 1549
1605 23
1605 78
1605 98
1605 138
1605 259
1605 269
1605 340
1605 383
1605 485
1605 596
1605 625
1605 821
1605 858
1605 1051
1605 1052
1605 1187
1605 1232
1605 1236
1605 1450
1605 1451
1605 1624
1778 109
1778 459
1778 789
1778 924
1778 1210
1778 1247
1778 1535
1779 236
1779 358
1779 362
1779 383
1779 556
1779 561
1779 691
1779 704
1779 867
1779 928
1779 943
1779 1004
1779 1210
1779 1613
1779 1685
1779 1742
1779 1851
281 109
281 141
281 143
281 189
281 257
281 268
281 1186
281 1824
281 571
281 1065
281 1323
281 1205
281 1460
281 1616
281 1716
281 827
281 1851
281 1472
281 835
281 969
281 444
281 940
281 718
281 337
281 1451
281 1155
281 345
281 1177
281 480
281 1178
281 1459
281 1505
281 1125
281 1635
281 1764
281 1515
281 1833
281 497
281 374
281 1652
281 744
281 1023
281 1029
281 1418
1304 109
1304 130
1304 250
1304 259
1304 316
1304 317
1304 340
1304 379
1304 383
1304 531
1304 606
1304 807
1304 850
1304 866
1304 940
1304 1048
1304 1056
1304 1067
1304 1107
1304 1210
1304 1232
1304 1267
1304 1808
1304 1624
1304 1580
1304 1759
1304 1515
1304 1539
1311 83
1311 89
1311 126
1311 144
1311 159
1311 205
1311 232
1311 238
1311 239
1311 287
1311 290
1311 330
1311 354
1311 379
1311 398
1311 435
1311 471
1311 485
1311 500
1311 506
1311 511
1311 517
1311 632
1311 633
1311 634
1311 669
1311 670
1311 687
1311 692
1311 700
1311 706
1311 707
1311 717
1311 722
1311 737
1311 765
1311 787
1311 788
1311 798
1311 817
1311 851
1311 866
1311 878
1311 883
1311 884
1311 886
1311 889
1311 892
1311 922
1311 930
1311 932
1311 956
1311 968
1311 1000
1311 1008
1311 1014
1311 1028
1311 1072
1311 1092
1311 1103
1311 1112
1311 1185
1311 1205
1311 1210
1311 1223
1311 1243
1311 1244
1311 1258
1311 1261
1311 1288
1311 1289
1311 1293
1311 1294
1311 1679
1311 1682
1311 1684
1311 1699
1311 1717
1311 1734
1311 1735
1311 1739
1311 1740
1311 1747
1311 1805
1311 1842
1311 1335
1311 1848
1311 1344
1311 1347
1311 1363
1311 1371
1311 1383
1311 1384
1311 1388
1311 1401
1311 1742
1311 1429
1311 1430
1311 1505
1311 1635
1311 1448
1311 1466
1311 1453
1311 1460
1311 1807
1311 1465
1311 1475
1311 1372
1311 1485
1311 1488
1311 1558
1311 1498
1311 1501
1311 1732
1311 1733
1311 1312
1311 1736
1311 1737
1311 1553
1311 1738
1311 1565
1311 1657
1311 1592
1311 1607
1311 1394
1311 1411
1311 1631
1311 1665
290 45
290 65
290 67
290 80
290 111
290 188
290 218
290 239
290 276
290 287
290 289
290 1687
290 1179
290 677
290 1699
290 683
290 684
290 1214
290 707
290 710
290 1747
290 1790
290 1293
290 1189
290 806
290 808
290 1833
290 1847
290 1851
290 1344
290 1355
290 770
290 1361
290 861
290 1384
290 898
290 915
290 1550
290 1475
290 979
290 980
290 487
290 1515
290 505
290 1545
290 1552
290 1051
290 1052
290 1053
290 1570
290 1317
290 1066
290 1631
290 1638
290 618
290 648
290 1672
1824 131
1824 172
1824 330
1824 337
1824 401
1824 464
1824 470
1824 553
1824 628
1824 644
1824 726
1824 753
1824 777
1824 818
1824 859
1824 887
1824 920
1824 921
1824 928
1824 943
1824 944
1824 949
1824 962
1824 1023
1824 1048
1824 1067
1824 1081
1824 1155
1824 1178
1824 1229
1824 1230
1824 1288
1824 1323
1824 1344
1824 1351
1824 1355
1824 1371
1824 1446
1824 1451
1824 1489
1824 1507
1824 1508
1824 1521
1824 1543
1824 1547
1824 1562
1824 1631
1824 1651
1824 1672
1824 1789
1824 1790
1824 1810
1824 1823
1824 1850
1332 98
1332 109
1332 125
1332 172
1332 279
1332 285
1332 346
1332 354
1332 653
1332 660
1332 722
1332 730
1332 780
1332 825
1332 866
1332 889
1332 919
1332 921
1332 944
1332 976
1332 1044
1332 1051
1332 1052
1332 1193
1332 1210
1332 1328
1332 1331
1332 1441
1332 1450
1332 1451
1332 1580
1332 1474
1332 1475
1332 1476
1332 1624
1332 1684
1332 1333
1333 109
1333 189
1333 439
1333 520
1333 556
1333 710
1333 807
1333 846
1333 1193
1333 1267
1333 1293
1333 1843
1333 1684
1333 1853
1333 1474
1333 1615
1333 1624
1859 827
330 67
330 124
330 141
330 161
330 174
330 190
330 210
330 218
330 224
330 287
330 296
330 328
330 1168
330 1178
330 672
330 1186
330 680
330 686
330 767
330 1205
330 1714
330 708
330 1691
330 1790
330 1288
330 780
330 785
330 1809
330 1446
330 818
330 1672
330 827
330 1851
330 332
330 1355
330 334
330 846
330 847
330 1371
330 358
330 360
330 914
330 920
330 921
330 935
330 424
330 943
330 944
330 962
330 464
330 1489
330 480
330 485
330 486
330 1521
330 1023
330 1543
330 525
330 553
330 556
330 557
330 563
330 581
330 601
330 1631
330 618
330 1642
330 638
330 647
358 46
358 109
358 340
358 1051
358 1052
358 799
358 1451
358 1489
358 1465
358 835
358 1624
358 1371
358 480
358 486
358 928
358 1415
358 1450
1394 391
1394 445
1394 708
1394 1008
1394 1078
1394 1843
1394 1876
886 60
886 67
886 103
886 185
886 202
886 259
886 383
886 480
886 521
886 544
886 621
886 802
886 1552
886 1555
886 1574
886 1066
886 966
886 1244
886 1007
886 887
887 60
887 185
887 202
887 383
887 402
887 621
887 660
887 1552
887 924
887 1699
887 1574
887 976
887 1793
887 1007
919 101
919 188
919 511
919 577
919 611
919 665
919 670
919 722
919 777
919 884
919 1293
919 1699
919 1846
919 1609
919 1484
919 1103
919 1104
919 1367
919 1247
919 1761
919 1388
919 1390
919 1008
919 1028
919 1538
1451 31
1451 78
1451 143
1451 200
1451 201
1451 252
1451 259
1451 314
1451 383
1451 401
1451 403
1451 439
1451 442
1451 485
1451 556
1451 567
1451 577
1451 600
1451 644
1451 704
1451 715
1451 723
1451 753
1451 770
1451 818
1451 835
1451 837
1451 841
1451 847
1451 885
1451 888
1451 892
1451 921
1451 932
1451 948
1451 956
1451 969
1451 989
1451 1003
1451 1013
1451 1048
1451 1052
1451 1073
1451 1124
1451 1128
1451 1152
1451 1169
1451 1177
1451 1187
1451 1205
1451 1238
1451 1315
1451 1328
1451 1331
1451 1344
1451 1355
1451 1362
1451 1413
1451 1435
1451 1450
1451 1693
1451 1853
1451 1597
1451 1793
1451 1794
1451 1799
1451 1609
1451 1802
1451 1834
1451 1591
1451 1465
1451 1474
1451 1480
1451 1490
1451 1508
1451 1547
1451 1587
1451 1644
1451 1838
1451 1672
21 866
21 347
21 928
21 1624
21 109
455 109
455 298
455 706
455 928
455 1672
460 727
460 1104
460 1789
460 1384
460 1543
460 1709
482 232
482 480
482 781
482 783
482 1695
482 486
482 682
482 691
482 1721
482 1066
482 1090
482 1478
482 1217
482 1488
482 1624
482 614
482 1132
482 1030
482 1159
482 1287
1515 45
1515 61
1515 70
1515 71
1515 97
1515 98
1515 99
1515 105
1515 106
1515 125
1515 188
1515 333
1515 341
1515 346
1515 352
1515 379
1515 480
1515 485
1515 486
1515 521
1515 549
1515 601
1515 643
1515 655
1515 707
1515 722
1515 765
1515 780
1515 835
1515 847
1515 940
1515 1066
1515 1131
1515 1234
1515 1243
1515 1306
1515 1372
1515 1401
1515 1470
1515 1475
1515 1843
1515 1850
1515 1876
1515 1714
1515 1538
1515 1610
1515 1618
1515 1619
1515 1752
1515 1754
1007 202
1007 259
1007 345
1007 523
1007 621
1007 1802
1007 1552
1007 1317
1007 1208
1007 1613
1007 1267
1007 1793
1038 54
1038 78
1038 240
1038 293
1038 393
1038 396
1038 412
1038 414
1038 445
1038 446
1038 618
1038 669
1038 1483
1038 1441
1038 1570
1038 1189
1038 1597
1038 1186
1038 1393
1038 1280
1038 1185
1552 109
1552 126
1552 338
1552 485
1552 722
1552 723
1552 892
1552 921
1552 948
1552 1067
1552 1074
1552 1107
1552 1176
1552 1187
1552 1238
1552 1322
1552 1344
1552 1355
1552 1384
1552 1474
1552 1475
1552 1676
1552 1570
1552 1624
1552 1613
1552 1668
22 525
22 418
22 606
22 1441
1558 188
1558 224
1558 272
1558 285
1558 452
1558 618
1558 634
1558 720
1558 723
1558 817
1558 932
1558 948
1558 1008
1558 1085
1558 1296
1558 1335
1558 1344
1558 1485
1558 1549
1558 1739
1558 1740
1558 1592
1558 1732
1558 1733
1558 1734
1558 1735
1558 1736
1558 1737
1558 1738
1558 1657
37 1181
37 277
37 1301
37 568
37 218
37 673
37 679
37 73
37 851
37 51
1570 32
1570 73
1570 218
1570 259
1570 274
1570 287
1570 312
1570 316
1570 317
1570 364
1570 369
1570 383
1570 393
1570 395
1570 396
1570 412
1570 445
1570 446
1570 480
1570 581
1570 618
1570 684
1570 694
1570 718
1570 782
1570 802
1570 847
1570 855
1570 862
1570 885
1570 914
1570 921
1570 924
1570 935
1570 967
1570 988
1570 1014
1570 1052
1570 1059
1570 1066
1570 1152
1570 1185
1570 1186
1570 1243
1570 1280
1570 1310
1570 1313
1570 1322
1570 1355
1570 1361
1570 1393
1570 1468
1570 1549
1570 1687
1570 1696
1570 1708
1570 1728
1570 1759
1570 1863
1570 1784
1570 1786
1570 1578
1570 1579
1570 1646
1570 1648
1066 83
1066 109
1066 328
1066 384
1066 469
1066 480
1066 529
1066 644
1066 691
1066 723
1066 742
1066 765
1066 807
1066 855
1066 921
1066 1441
1066 1843
1066 1613
1066 1793
1066 1624
556 68
556 93
556 98
556 105
556 109
556 141
556 143
556 253
556 268
556 331
556 340
556 351
556 396
556 412
556 414
556 418
556 444
556 480
556 486
556 498
556 520
556 1679
556 659
556 1178
556 668
556 1186
556 1716
556 1718
556 1721
556 1231
556 666
556 1251
556 924
556 1266
556 779
556 1441
556 1811
556 1818
556 1821
556 811
556 813
556 816
556 843
556 847
556 856
556 1375
556 869
556 1387
556 1396
556 1805
556 1479
556 1497
556 1012
556 1023
556 1538
556 1546
556 1072
556 581
556 587
556 1577
556 1616
556 1127
556 1652
556 642
556 1664
1595 31
1595 53
1595 109
1595 189
1595 249
1595 279
1595 362
1595 379
1595 501
1595 723
1595 765
1595 811
1595 846
1595 909
1595 953
1595 1036
1595 1362
1595 1686
1595 1823
584 263
584 383
584 1772
584 691
584 1818
584 1820
584 1535
584 1639
1609 77
1609 86
1609 188
1609 198
1609 231
1609 247
1609 250
1609 253
1609 257
1609 485
1609 500
1609 548
1609 679
1609 684
1609 691
1609 706
1609 730
1609 769
1609 780
1609 789
1609 845
1609 847
1609 862
1609 889
1609 1043
1609 1051
1609 1052
1609 1058
1609 1064
1609 1067
1609 1160
1609 1210
1609 1228
1609 1231
1609 1361
1609 1372
1609 1449
1609 1450
1609 1475
1609 1498
1609 1530
1609 1535
1609 1618
1609 1747
1609 1828
1609 1624
1609 1625
1613 23
1613 55
1613 188
1613 250
1613 263
1613 352
1613 379
1613 427
1613 447
1613 485
1613 643
1613 659
1613 670
1613 739
1613 756
1613 761
1613 791
1613 835
1613 847
1613 848
1613 930
1613 932
1613 976
1613 1002
1613 1039
1613 1099
1613 1159
1613 1227
1613 1269
1613 1300
1613 1323
1613 1378
1613 1379
1613 1413
1613 1772
1613 1696
1613 1699
1613 1822
1613 1746
1613 1843
1613 1655
1107 61
1107 98
1107 111
1107 346
1107 387
1107 391
1107 676
1107 718
1107 753
1107 780
1107 827
1107 847
1107 921
1107 971
1107 1044
1107 1684
1107 1873
1107 1635
1107 1795
1624 42
1624 61
1624 88
1624 96
1624 100
1624 118
1624 125
1624 126
1624 154
1624 188
1624 201
1624 254
1624 259
1624 269
1624 279
1624 302
1624 340
1624 346
1624 352
1624 374
1624 379
1624 386
1624 469
1624 533
1624 534
1624 561
1624 600
1624 613
1624 634
1624 648
1624 670
1624 707
1624 709
1624 722
1624 723
1624 728
1624 730
1624 738
1624 739
1624 757
1624 765
1624 780
1624 813
1624 817
1624 847
1624 863
1624 868
1624 885
1624 892
1624 924
1624 928
1624 935
1624 938
1624 948
1624 953
1624 959
1624 980
1624 985
1624 1020
1624 1030
1624 1044
1624 1059
1624 1062
1624 1074
1624 1075
1624 1104
1624 1125
1624 1138
1624 1145
1624 1183
1624 1205
1624 1210
1624 1214
1624 1226
1624 1228
1624 1231
1624 1255
1624 1298
1624 1331
1624 1335
1624 1387
1624 1390
1624 1413
1624 1426
1624 1435
1624 1450
1624 1453
1624 1468
1624 1469
1624 1474
1624 1475
1624 1497
1624 1503
1624 1521
1624 1523
1624 1538
1624 1556
1624 1580
1624 1592
1624 1597
1624 1621
1624 1681
1624 1684
1624 1769
1624 1717
1624 1733
1624 1735
1624 1737
1624 1738
1624 1740
1624 1752
1624 1857
1624 1808
1624 1812
1624 1834
1624 1843
1624 1789
1624 1714
1624 1739
1624 1732
1624 1649
1624 1734
1624 1736
1624 1635
1624 1640
1624 1644
1624 1668
1633 109
1633 571
1633 573
1633 916
1633 971
1633 1387
1633 1505
105 36
105 45
105 46
105 78
105 97
105 98
105 99
105 1179
105 1186
105 1696
105 1706
105 182
105 697
105 1718
105 745
105 190
105 1216
105 718
105 722
105 1238
105 236
105 770
105 1794
105 785
105 293
105 810
105 1833
105 309
105 1843
105 1340
105 1851
105 835
105 843
105 333
105 1362
105 1370
105 127
105 1114
105 355
105 362
105 885
105 902
105 1415
105 396
105 400
105 1378
105 411
105 414
105 428
105 1460
105 1462
105 1466
105 1471
105 452
105 1478
105 1500
105 485
105 1513
105 502
105 1530
105 510
105 1029
105 528
105 542
105 1565
105 557
105 560
105 1584
105 1080
105 1089
105 1615
105 1616
105 1004
105 602
105 606
105 1126
105 106
105 1648
105 1145
105 1149
105 1662
105 1668
109 34
109 42
109 928
109 1302
109 996
109 811
109 813
109 232
109 434
109 1076
109 190
109 1474
109 1351
109 585
109 1866
109 847
109 1642
109 383
109 515
109 1159
109 1418
635 78
635 86
635 94
635 98
635 100
635 474
635 485
635 908
635 910
635 1062
635 838
635 1611
635 756
635 1396
635 646
821 497
821 704
821 1795
821 850
821 1177
821 971
821 1150
821 1277
821 827
821 1188
821 969
20 1849
1849 202
1849 235
1849 438
1849 1718
866 29
866 103
866 111
866 125
866 126
866 130
866 143
866 152
866 172
866 183
866 247
866 316
866 317
866 340
866 343
866 379
866 380
866 391
866 436
866 465
866 531
866 534
866 679
866 689
866 690
866 707
866 777
866 806
866 847
866 1261
866 1777
866 1310
866 1313
866 1699
866 1347
866 1864
866 1866
866 1317
866 1876
866 1372
866 1417
866 1450
866 1491
866 1016
866 1017
866 1065
866 1075
866 1599
866 1606
866 1615
866 1125
866 1635
866 1074
866 1141
866 1146
866 1159
347 87
347 124
347 130
347 187
347 327
347 1388
347 1008
347 1176
347 1347
347 1797
347 1099
928 200
928 361
928 434
928 606
928 1036
928 935
928 1474
928 1228
928 1625
928 1756
928 1144
525 127
525 259
525 331
525 342
525 530
525 665
525 1693
525 1193
525 813
525 1834
525 1076
525 1842
525 701
525 1864
525 1489
525 1793
525 1775
525 1527
525 1538
525 1247
525 1418
418 239
418 384
418 1802
418 1812
418 1181
418 1185
418 935
418 1474
418 459
418 1101
418 860
418 644
606 34
606 43
606 79
606 110
606 135
606 156
606 192
606 203
606 226
606 327
606 345
606 349
606 352
606 471
606 1679
606 669
606 1231
606 1567
606 1453
606 696
606 1347
606 1475
606 1481
606 1259
606 722
606 1118
606 1503
606 1504
606 1260
606 861
606 1687
606 876
606 638
606 1691
606 770
606 1027
606 1796
606 1033
606 907
1441 99
1441 172
1441 333
1441 381
1441 393
1441 395
1441 397
1441 445
1441 446
1441 520
1441 550
1441 680
1441 813
1441 975
1441 1104
1441 1186
1441 1355
1441 1697
1441 1648
23 383
23 362
383 24
383 106
383 277
383 345
383 354
383 402
383 659
383 921
383 1687
383 1051
383 1052
383 1696
383 551
383 558
383 1587
383 1597
383 1474
383 1348
383 1095
383 1866
383 976
383 1599
383 1498
383 479
383 867
383 1505
383 1390
383 892
383 1283
383 1409
383 1714
362 98
362 99
362 1039
362 1313
362 1445
362 425
362 1579
362 818
362 1851
362 1596
362 1126
362 382
24 68
68 780
68 1745
68 989
68 1820
68 69
68 1746
68 394
219 101
219 130
219 218
219 272
219 436
219 327
219 1362
219 345
219 224
219 891
219 1403
219 1796
1051 67
1051 259
1051 287
1051 334
1051 379
1051 507
1051 551
1051 600
1051 601
1051 644
1051 680
1051 684
1051 685
1051 686
1051 723
1051 730
1051 753
1051 818
1051 888
1051 921
1051 932
1051 969
1051 1048
1051 1505
1051 1315
1051 1450
1051 1331
1051 1489
1051 1465
1051 1848
1051 1791
1051 1364
1051 1693
1051 1475
1051 1128
1051 1644
1051 1351
1051 1793
1051 1851
1051 1649
1051 1564
1051 1185
26 269
26 1800
26 1706
26 560
26 754
26 1363
26 574
26 1124
269 78
269 98
269 1228
269 402
269 411
269 1826
269 1064
269 1193
269 1577
269 1210
269 317
269 980
269 1474
269 710
269 1108
269 1634
1800 1000
1800 1361
1800 1657
1706 43
1706 51
1706 74
1706 101
1706 135
1706 152
1706 187
1706 203
1706 327
1706 350
1706 448
1706 483
1706 485
1706 640
1706 696
1706 988
1706 1008
1706 1046
1706 1052
1706 1158
1706 1176
1706 1185
1706 1189
1706 1197
1706 1243
1706 1244
1706 1366
1706 1388
1706 1803
1706 1717
1706 1796
560 98
560 1704
560 1422
560 1677
560 1551
560 789
560 1843
560 1563
560 1851
560 1471
754 189
754 257
754 333
754 360
754 479
754 553
754 1046
754 1231
754 1705
754 1597
754 1348
754 975
754 987
1363 259
1363 307
1363 590
1363 800
1363 816
1363 847
1363 924
1363 1012
1363 1015
1363 1133
1363 1243
1363 1244
1363 1361
1363 1842
1363 1679
1363 1820
574 55
574 79
574 106
574 223
574 289
574 397
574 490
574 1042
574 922
574 1193
574 1331
574 700
574 1257
574 1374
574 1142
574 1118
574 1415
1124 51
1124 103
1124 172
1124 236
1124 274
1124 391
1124 485
1124 521
1124 534
1124 549
1124 585
1124 634
1124 718
1124 722
1124 723
1124 743
1124 801
1124 807
1124 817
1124 868
1124 898
1124 935
1124 954
1124 1103
1124 1726
1124 1732
1124 1733
1124 1734
1124 1735
1124 1736
1124 1737
1124 1738
1124 1739
1124 1740
1124 1742
1124 1783
1124 1798
1124 1185
1124 1843
1124 1335
1124 1846
1124 1390
1124 1408
1124 1637
1124 1475
1124 1693
1124 1480
1124 1525
1124 1549
1124 1563
1124 1592
1124 1128
1124 1145
1124 1657
1124 1672
27 1348
27 1335
1348 101
1348 126
1348 185
1348 218
1348 238
1348 292
1348 317
1348 327
1348 340
1348 411
1348 436
1348 555
1348 618
1348 723
1348 736
1348 737
1348 756
1348 862
1348 1008
1348 1133
1348 1288
1348 1344
1348 1347
1348 1802
1348 1549
1348 1553
1348 1823
1348 1435
1348 1485
1348 1361
1348 1618
1348 1513
1348 1659
1335 80
1335 124
1335 218
1335 327
1335 335
1335 364
1335 413
1335 436
1335 438
1335 469
1335 487
1335 533
1335 534
1335 536
1335 568
1335 611
1335 691
1335 707
1335 725
1335 746
1335 757
1335 910
1335 915
1335 986
1335 1008
1335 1053
1335 1067
1335 1185
1335 1231
1335 1287
1335 1300
1335 1485
1335 1637
1335 1807
1335 1851
1335 1856
1335 1852
1335 1727
1335 1796
1335 1754
1335 1383
1335 1408
28 684
28 520
28 1026
28 1536
684 92
684 98
684 99
684 110
684 172
684 287
684 306
684 333
684 379
684 405
684 427
684 466
684 549
684 646
684 669
684 670
684 945
684 1679
684 1186
684 1833
684 1331
684 1466
684 1340
684 1087
684 1597
684 964
684 1481
684 723
684 836
684 1390
684 739
684 722
684 1236
684 846
684 1026
684 1077
684 770
684 1535
520 42
520 96
520 147
520 150
520 153
520 154
520 384
520 387
520 419
520 480
520 501
520 531
520 1443
520 806
520 916
520 1044
520 1331
520 842
520 600
520 1389
520 730
520 735
520 1504
520 739
520 1127
520 1767
520 1387
520 1623
520 1666
520 649
1026 98
1026 106
1026 466
1026 549
1026 722
1026 846
1026 1713
1026 1371
1026 1189
1026 1258
1536 205
1536 298
1536 691
1536 945
1536 1078
1536 1487
29 1231
29 1136
29 233
29 1524
29 648
29 1469
29 1533
29 1476
29 42
29 459
1231 42
1231 138
1231 148
1231 232
1231 240
1231 352
1231 469
1231 489
1231 611
1231 670
1231 708
1231 802
1231 804
1231 1003
1231 1016
1231 1085
1231 1166
1231 1186
1231 1678
1231 1553
1231 1476
1231 1480
1231 1358
1231 1873
1231 1796
1136 31
1136 202
1136 345
1136 355
1136 710
1136 892
1136 939
1136 980
1136 989
1136 1004
1136 1472
1136 1475
1136 1761
233 1707
233 345
1524 317
1524 798
1524 992
1524 1328
1524 1481
1524 1853
648 111
648 289
648 469
648 1103
648 1080
648 890
648 1210
1469 126
1469 250
1469 660
1469 676
1469 1847
1533 66
1533 98
1533 473
1533 660
1533 1067
1533 1210
1476 125
1476 147
1476 150
1476 259
1476 346
1476 387
1476 389
1476 592
1476 620
1476 621
1476 657
1476 691
1476 722
1476 730
1476 738
1476 739
1476 780
1476 825
1476 1036
1476 1044
1476 1142
1476 1172
1476 1210
1476 1267
1476 1328
1476 1331
1476 1387
1476 1504
1476 1720
1476 1774
42 652
42 405
42 1303
42 1323
42 1580
42 691
42 345
42 1387
42 1415
459 119
459 384
459 1705
459 1101
459 860
459 1855
459 1635
30 1245
30 1119
30 232
1245 43
1245 232
1245 1008
1245 1119
1245 1235
1119 232
1119 286
1119 1008
1119 1212
1119 1572
1119 1361
1119 1185
1119 1571
1119 1573
1119 1799
232 168
232 188
232 191
232 780
232 1293
232 1294
232 1678
232 916
232 249
232 1174
232 670
232 1183
232 804
232 421
232 1698
232 1453
232 946
232 1021
232 948
232 949
232 1681
232 469
232 452
232 1475
232 1478
232 534
232 1480
232 1481
232 333
232 1535
232 340
232 1236
232 853
232 1366
232 1496
232 476
232 1372
232 730
232 738
232 739
232 996
232 1008
232 707
232 757
232 1657
232 1530
232 799
232 1408
232 387
232 1666
232 1226
31 210
31 1616
31 980
31 1368
31 1696
31 710
31 1386
31 1638
31 250
210 921
210 553
210 959
210 328
210 842
210 1355
210 472
210 480
210 485
210 505
210 776
210 1418
1616 45
1616 98
1616 99
1616 103
1616 106
1616 110
1616 209
1616 355
1616 502
1616 542
1616 602
1616 713
1616 770
1616 785
1616 810
1616 851
1616 1024
1616 1126
1616 1216
1616 1360
1616 1370
1616 1404
1616 1410
1616 1466
1616 1497
1616 1865
1616 1696
1616 1851
1616 1691
980 156
980 344
980 523
980 534
980 699
980 808
980 915
980 1167
980 1804
980 1580
980 1462
980 1098
980 1228
980 1104
980 1495
980 1254
980 1654
980 1528
1368 285
1368 313
1368 489
1368 522
1368 1483
1368 1694
1368 1464
1368 1522
1368 1783
1368 1539
1696 88
1696 188
1696 397
1696 402
1696 669
1696 702
1696 785
1696 842
1696 1077
1696 1315
1696 1466
1696 1522
710 66
710 187
710 191
710 209
710 285
710 379
710 380
710 535
710 585
710 1169
710 1056
710 976
710 935
710 1450
710 1742
710 723
710 1110
710 742
710 1390
1386 561
1638 55
1638 125
1638 198
1638 275
1638 324
1638 389
1638 706
1638 719
1638 843
1638 1387
1638 1475
1638 1487
1638 1504
1638 1621
1638 1834
1638 1642
250 125
250 188
250 1837
250 1075
250 1746
250 1185
250 691
250 765
32 1044
32 660
32 278
32 279
32 1186
32 103
1044 47
1044 125
1044 150
1044 346
1044 387
1044 397
1044 443
1044 501
1044 620
1044 621
1044 622
1044 691
1044 722
1044 730
1044 738
1044 739
1044 780
1044 825
1044 981
1044 1378
1044 1187
1044 1384
1044 1328
1044 1331
1044 1843
1044 1210
1044 1720
1044 1172
1044 1851
1044 1228
1044 1496
1044 1750
1044 1504
1044 1142
660 61
660 126
660 283
660 326
660 380
660 452
660 473
660 500
660 533
660 534
660 536
660 567
660 582
660 588
660 600
660 639
660 652
660 657
660 1144
660 847
660 1705
660 1691
660 1314
660 805
660 1447
660 1453
660 1837
660 1205
660 1208
660 687
660 1103
660 892
660 1615
660 979
660 858
660 1877
660 813
660 1580
660 1475
660 756
660 1637
660 1305
660 1649
660 1768
660 884
660 670
660 1413
660 1795
278 279
278 1384
279 188
279 1293
279 1691
279 805
279 1316
279 827
279 1447
279 818
279 1080
279 1475
279 840
279 1862
279 1103
279 1615
279 326
279 1637
279 711
279 1271
1186 143
1186 197
1186 240
1186 253
1186 259
1186 287
1186 369
1186 393
1186 396
1186 445
1186 485
1186 527
1186 581
1186 618
1186 659
1186 722
1186 741
1186 744
1186 802
1186 846
1186 885
1186 892
1186 914
1186 921
1186 924
1186 932
1186 935
1186 948
1186 988
1186 992
1186 1014
1186 1029
1186 1048
1186 1089
1186 1158
1186 1185
1186 1189
1186 1708
1186 1205
1186 1232
1186 1243
1186 1244
1186 1784
1186 1280
1186 1851
1186 1361
1186 1393
1186 1460
1186 1465
1186 1468
1186 1470
1186 1549
1186 1579
1186 1573
1186 1606
1186 1833
1186 1632
1186 1635
103 82
103 96
103 397
103 1422
103 1187
103 805
103 678
103 230
103 1580
103 691
103 1713
103 1843
103 727
103 703
103 833
103 1347
103 1475
103 1351
103 1481
103 847
103 1361
103 1366
103 476
103 1384
103 1772
103 1776
103 259
103 1454
103 1672
1549 38
1549 59
1549 82
1549 83
1549 91
1549 93
1549 94
1549 126
1549 188
1549 287
1549 289
1549 327
1549 354
1549 396
1549 397
1549 413
1549 476
1549 481
1549 683
1549 703
1549 720
1549 737
1549 780
1549 1008
1549 1014
1549 1105
1549 1113
1549 1185
1549 1187
1549 1238
1549 1301
1549 1347
1549 1361
1549 1388
1549 1435
1549 1518
1549 1681
1549 1707
1549 1712
1549 1795
1549 1796
1549 1817
1549 1565
1549 1649
1686 145
1686 354
1686 379
1686 424
1686 511
1686 562
1686 669
1686 811
1686 823
1686 1185
1686 1274
1686 1365
1686 1429
1686 1460
1686 1493
1686 1687
1686 1784
1185 91
1185 131
1185 144
1185 161
1185 249
1185 259
1185 271
1185 287
1185 289
1185 312
1185 337
1185 369
1185 375
1185 379
1185 393
1185 395
1185 412
1185 445
1185 446
1185 453
1185 583
1185 618
1185 644
1185 699
1185 765
1185 814
1185 818
1185 851
1185 860
1185 871
1185 885
1185 921
1185 924
1185 935
1185 944
1185 948
1185 962
1185 963
1185 979
1185 988
1185 1000
1185 1014
1185 1036
1185 1052
1185 1076
1185 1125
1185 1144
1185 1152
1185 1156
1185 1505
1185 1697
1185 1214
1185 1344
1185 1244
1185 1251
1185 1315
1185 1784
1185 1446
1185 1848
1185 1851
1185 1361
1185 1393
1185 1413
1185 1429
1185 1460
1185 1435
1185 1478
1185 1475
1185 1521
1185 1567
1185 1579
1185 1573
1185 1606
1185 1631
1185 1293
1708 65
1708 93
1708 140
1708 394
1708 419
1708 669
1708 975
1708 1027
1708 1048
1708 1052
1708 1160
1708 1323
1708 1475
1708 1563
1708 1759
1460 65
1460 143
1460 178
1460 209
1460 354
1460 364
1460 382
1460 500
1460 511
1460 534
1460 669
1460 683
1460 791
1460 833
1460 924
1460 1274
1460 1291
1460 1351
1460 1429
1460 1631
1460 1687
1460 1475
1460 1699
1460 1747
1592 101
1592 124
1592 436
1592 691
1592 707
1592 1067
1592 1247
1592 1306
1592 1309
1592 1383
1592 1408
1592 1485
1592 1851
1592 1754
1361 66
1361 76
1361 82
1361 83
1361 91
1361 94
1361 127
1361 238
1361 259
1361 261
1361 371
1361 387
1361 396
1361 397
1361 521
1361 527
1361 579
1361 694
1361 721
1361 728
1361 765
1361 780
1361 800
1361 847
1361 898
1361 991
1361 992
1361 1015
1361 1094
1361 1104
1361 1133
1361 1172
1361 1187
1361 1243
1361 1244
1361 1247
1361 1300
1361 1323
1361 1344
1361 1347
1361 1796
1361 1797
1361 1377
1361 1721
1361 1648
1014 145
1014 188
1014 259
1014 285
1014 287
1014 327
1014 364
1014 396
1014 397
1014 590
1014 765
1014 941
1014 947
1014 1187
1014 1323
1014 1214
1014 1015
1014 1235
1014 1383
1014 1435
1014 1133
1014 1796
287 55
287 65
287 98
287 124
287 152
287 188
287 218
287 276
287 285
287 1167
287 1697
287 680
287 683
287 686
287 1212
287 723
287 725
287 1238
287 1747
287 1784
287 1790
287 1293
287 1294
287 1812
287 289
287 1317
287 1829
287 328
287 1351
287 842
287 1355
287 871
287 1384
287 898
287 1429
287 782
287 924
287 438
287 1464
287 964
287 1493
287 483
287 1008
287 505
287 1052
287 1062
287 1103
287 1615
287 1631
287 1128
287 1642
287 626
287 1077
287 1672
1657 124
1657 249
1657 335
1657 364
1657 452
1657 476
1657 691
1657 707
1657 1047
1657 1067
1657 1128
1657 1383
1657 1408
1657 1485
1657 1618
1657 1637
1657 1697
1657 1705
1657 1843
1657 1851
1657 1754
259 91
259 100
259 146
259 251
259 652
259 657
259 1210
259 723
259 730
259 1243
259 739
259 1267
259 1271
259 765
259 779
259 1015
259 283
259 1827
259 1323
259 1331
259 1334
259 738
259 868
259 1387
259 1390
259 885
259 387
259 396
259 397
259 916
259 405
259 1429
259 1450
259 476
259 485
259 497
259 531
259 1052
259 1056
259 1580
259 1587
259 600
34 502
34 97
34 98
502 78
502 97
502 99
502 106
502 236
502 240
502 1173
502 1833
502 1331
502 1843
502 1466
502 1851
502 1258
502 722
502 1114
502 1029
502 510
502 1537
502 522
502 651
97 45
97 63
97 1802
97 785
97 411
97 542
97 810
97 1208
97 697
97 1216
97 1118
97 98
97 99
97 106
97 1004
97 127
97 510
98 45
98 46
98 1166
98 146
98 1175
98 1691
98 1699
98 1705
98 1205
98 1208
98 697
98 188
98 707
98 1221
98 722
98 1254
98 236
98 411
98 240
98 757
98 766
98 1293
98 785
98 283
98 1822
98 125
98 1826
98 306
98 1843
98 1340
98 1851
98 836
98 333
98 847
98 355
98 380
98 387
98 902
98 393
98 1631
98 1425
98 916
98 414
98 935
98 1447
98 445
98 1466
98 446
98 964
98 1475
98 466
98 981
98 473
98 476
98 480
98 486
98 1004
98 1527
98 510
98 521
98 522
98 523
98 531
98 533
98 534
98 549
98 557
98 1580
98 1073
98 1074
98 1850
98 1076
98 1077
98 1087
98 1089
98 896
98 585
98 588
98 1104
98 1615
98 600
98 99
98 100
98 1635
98 1637
98 1837
98 621
98 562
98 1649
98 1141
98 1654
98 127
98 1666
98 138
98 651
35 629
35 1314
35 1718
35 1288
35 1593
35 832
35 1727
35 677
35 296
35 170
629 69
629 209
629 227
629 238
629 413
629 485
629 555
629 591
629 611
629 1802
629 1812
629 1421
629 1700
629 1328
629 936
629 1725
629 1728
629 711
629 1355
629 1230
629 1514
629 1365
629 1372
629 1247
629 1400
629 1401
629 1021
629 777
1314 170
1314 296
1314 677
1314 832
1314 877
1314 976
1314 1802
1314 1718
1314 1593
1314 1822
1314 1727
1718 170
1718 267
1718 296
1718 832
1718 851
1718 1195
1718 1593
1718 1596
1718 1727
1288 238
1288 523
1288 672
1288 703
1288 889
1288 1004
1288 1674
1288 1803
1288 1804
1288 1805
1288 1312
1288 1347
1288 1742
1288 1514
1288 1761
1288 1665
1288 1289
1593 50
1593 170
1593 296
1593 451
1593 452
1593 677
1593 832
1593 1727
832 170
832 296
832 354
832 485
832 677
832 1712
832 1556
832 1727
1727 50
1727 170
1727 296
1727 452
1727 677
1727 756
1727 976
1727 1415
1727 1437
1727 1578
1727 1806
1727 1838
1727 1732
1727 1870
1727 1764
677 170
677 411
677 413
677 1232
677 892
677 1281
677 1379
677 1697
296 170
296 1371
170 50
36 765
765 53
765 70
765 99
765 125
765 142
765 144
765 145
765 190
765 272
765 302
765 327
765 338
765 397
765 425
765 427
765 469
765 480
765 481
765 485
765 486
765 507
765 511
765 596
765 602
765 614
765 617
765 720
765 1166
765 1003
765 1243
765 1244
765 1808
765 1322
765 1347
765 843
765 876
765 1507
765 1530
765 1053
765 1087
765 1089
765 1610
765 1109
765 1138
765 1158
1181 54
1181 160
1181 342
1181 364
1181 375
1181 534
1181 549
1181 568
1181 597
1181 619
1181 626
1181 638
1181 673
1181 777
1181 1812
1181 1705
1181 1301
1181 1375
1181 1383
1181 1404
277 50
277 124
277 1294
277 1553
277 800
277 1312
277 1096
277 723
277 1618
277 1008
277 1498
277 633
277 1147
1301 126
1301 179
1301 188
1301 342
1301 364
1301 485
1301 489
1301 517
1301 597
1301 633
1301 673
1301 881
1301 883
1301 996
1301 1223
1301 1297
1301 1299
1301 1804
1301 1699
1301 1705
1301 1579
1301 1843
1301 1464
1301 1681
1301 1351
1301 1383
1301 1668
568 416
568 1705
568 597
568 673
568 1383
218 51
218 101
218 178
218 188
218 1176
218 1699
218 1705
218 1707
218 698
218 1726
218 717
218 722
218 224
218 736
218 1268
218 1796
218 1293
218 1294
218 1817
218 802
218 1322
218 1347
218 327
218 350
218 364
218 1390
218 436
218 898
218 1429
218 272
218 932
218 948
218 618
218 1478
218 468
218 483
218 1008
218 1535
218 1565
218 557
218 1581
218 1089
218 1615
673 342
673 364
673 546
673 597
673 670
673 1705
673 717
673 1025
673 1383
679 125
679 292
679 382
679 485
679 555
679 1705
679 1747
679 1648
679 884
679 1401
679 1530
73 1802
73 145
73 1817
73 1442
73 1415
851 393
851 577
851 588
851 669
851 713
851 1228
851 1466
851 1475
851 992
851 1351
851 1563
851 1522
51 1777
51 995
51 350
51 1603
51 722
51 1796
51 1579
38 1676
38 689
689 143
689 172
689 183
689 223
689 324
689 386
689 395
689 436
689 1300
689 798
689 847
689 1450
689 1075
689 1590
689 1495
689 1525
689 1310
689 899
39 567
39 472
39 1371
39 935
567 67
567 374
567 485
567 529
567 561
567 1579
567 1199
567 1205
567 827
567 971
567 1635
567 1790
567 644
472 40
472 41
472 301
472 1538
1371 124
1371 203
1371 267
1371 332
1371 360
1371 464
1371 470
1371 553
1371 581
1371 617
1371 626
1371 633
1371 638
1371 672
1371 814
1371 853
1371 855
1371 914
1371 935
1371 943
1371 944
1371 1037
1371 1039
1371 1168
1371 1178
1371 1235
1371 1610
1371 1567
1371 1843
1371 1852
1371 1501
1371 1631
1371 1546
1371 1446
1371 1489
935 301
935 345
935 379
935 402
935 481
935 529
935 553
935 581
935 680
935 685
935 1228
935 1556
935 1693
935 1820
935 1848
935 962
935 1474
935 1355
935 1487
935 1759
935 1210
935 1643
935 1023
935 1152
935 1409
935 1714
40 1795
40 1198
40 1802
1795 268
1795 811
1795 825
1795 827
1795 969
1795 971
1795 1065
1795 1177
1795 1251
1795 1390
1795 1866
1198 154
1198 209
1198 523
1198 591
1198 611
1198 805
1198 964
1198 1721
1198 1702
1802 90
1802 135
1802 136
1802 182
1802 187
1802 189
1802 280
1802 333
1802 371
1802 396
1802 438
1802 442
1802 443
1802 446
1802 452
1802 469
1802 539
1802 659
1802 669
1802 685
1802 703
1802 718
1802 740
1802 752
1802 772
1802 774
1802 820
1802 843
1802 878
1802 937
1802 1000
1802 1031
1802 1149
1802 1156
1802 1208
1802 1264
1802 1411
1802 1498
1802 1555
1802 1573
1802 1584
1802 1668
1802 1672
1802 1827
41 699
41 1470
699 44
699 146
699 331
699 462
699 485
699 600
699 664
699 1465
699 1236
699 1866
699 1560
699 1808
1470 65
1470 152
1470 160
1470 272
1470 381
1470 427
1470 500
1470 511
1470 583
1470 692
1470 746
1470 889
1470 1360
1470 1405
1470 1408
1470 1654
1470 1571
1470 1699
1470 1525
652 96
652 100
652 424
652 1036
652 1580
652 1454
652 1504
652 1749
652 730
652 806
652 1018
405 178
405 361
405 1228
405 680
405 476
405 1851
405 704
405 1346
405 1631
1303 1776
1303 1551
1323 83
1323 161
1323 529
1323 577
1323 723
1323 752
1323 811
1323 877
1323 904
1323 924
1323 1059
1323 1112
1323 1145
1323 1171
1323 1177
1323 1429
1323 1693
1323 1331
1323 1597
1323 1578
1323 1344
1323 1364
1323 1635
1323 1644
1323 1793
1580 96
1580 100
1580 142
1580 171
1580 172
1580 189
1580 355
1580 387
1580 424
1580 426
1580 600
1580 608
1580 730
1580 806
1580 811
1580 813
1580 859
1580 916
1580 1067
1580 1127
1580 1389
1580 1443
1580 1475
1580 1504
1580 1634
1580 1843
1580 1749
1580 1623
1580 1666
691 82
691 96
691 125
691 142
691 146
691 153
691 188
691 280
691 291
691 301
691 317
691 337
691 374
691 391
691 445
691 469
691 497
691 521
691 523
691 534
691 570
691 582
691 585
691 600
691 628
691 632
691 634
691 664
691 670
691 682
691 1684
691 1205
691 1208
691 1210
691 1217
691 1733
691 1228
691 1738
691 722
691 1236
691 1748
691 730
691 738
691 739
691 1772
691 755
691 1267
691 781
691 1293
691 783
691 1808
691 1325
691 817
691 1299
691 1843
691 1850
691 1858
691 847
691 856
691 1384
691 1387
691 1390
691 899
691 1412
691 782
691 784
691 1453
691 1458
691 959
691 1475
691 1484
691 791
691 1496
691 880
691 1016
691 1017
691 1535
691 1028
691 1538
691 1545
691 1736
691 1144
691 1553
691 1057
691 1567
691 1075
691 1080
691 1622
691 1116
691 1626
691 1145
691 1152
691 1666
345 61
345 172
345 185
345 202
345 267
345 1400
345 1046
345 1684
345 946
345 563
345 1714
345 825
345 1474
345 581
345 1478
345 1865
345 1870
345 696
345 1413
345 1722
345 1004
345 1392
345 1267
345 697
345 841
345 387
345 1667
1387 96
1387 147
1387 150
1387 153
1387 212
1387 275
1387 419
1387 497
1387 531
1387 611
1387 730
1387 805
1387 806
1387 842
1387 859
1387 916
1387 1006
1387 1062
1387 1202
1387 1216
1387 1313
1387 1816
1387 1827
1387 1851
1387 1475
1387 1389
1387 1498
1387 1623
1387 1767
1387 1504
1387 1660
1387 1666
1415 86
1415 236
1415 240
1415 334
1415 379
1415 403
1415 452
1415 453
1415 465
1415 485
1415 601
1415 614
1415 687
1415 756
1415 835
1415 1046
1415 1149
1415 1372
1415 1384
1415 1423
1415 1875
1415 1750
1415 1498
43 1294
43 1550
43 1728
43 717
43 339
43 1235
43 725
43 227
43 1008
43 1777
43 1408
1294 187
1294 188
1294 227
1294 339
1294 725
1294 876
1294 1008
1294 1021
1294 1132
1294 1214
1294 1235
1294 1306
1294 1550
1294 1435
1294 1565
1294 1697
1294 1579
1294 1843
1294 1852
1294 1728
1294 1388
1294 1408
1550 227
1550 249
1550 339
1550 413
1550 485
1550 725
1550 753
1550 800
1550 1104
1550 1187
1550 1235
1550 1408
1550 1728
1728 91
1728 203
1728 227
1728 339
1728 555
1728 725
1728 796
1728 996
1728 1235
1728 1401
1728 1408
1728 1410
1728 1705
717 60
717 251
717 333
717 431
717 670
717 1293
717 1435
717 1461
717 1214
717 1347
717 1485
717 720
717 721
717 1615
717 1235
717 1557
717 987
717 876
717 1008
717 1530
339 227
339 1235
339 725
339 1408
1235 227
1235 364
1235 440
1235 469
1235 479
1235 535
1235 570
1235 725
1235 876
1235 1008
1235 1028
1235 1208
1235 1326
1235 1870
1235 1584
1235 1851
1235 1388
1235 1777
1235 1408
725 140
725 145
725 227
725 505
725 720
725 1820
725 1296
725 883
725 1408
227 188
227 1812
227 1565
227 1338
227 1700
227 1725
227 861
227 876
227 1649
227 1408
1008 60
1008 187
1008 224
1008 327
1008 413
1008 440
1008 468
1008 483
1008 555
1008 557
1008 579
1008 643
1008 722
1008 736
1008 877
1008 881
1008 889
1008 932
1008 937
1008 948
1008 1176
1008 1699
1008 1705
1008 1212
1008 1214
1008 1726
1008 1732
1008 1347
1008 1267
1008 1796
1008 1797
1008 1293
1008 1300
1008 1312
1008 1826
1008 1829
1008 1843
1008 1337
1008 1109
1008 1856
1008 1619
1008 1870
1008 1028
1008 1384
1008 1401
1008 1428
1008 1429
1008 1210
1008 1461
1008 1478
1008 1388
1008 1498
1008 1531
1008 1820
1008 1553
1008 1047
1008 1565
1008 1579
1008 1075
1008 1615
1008 1618
1008 1131
1008 1149
1008 1659
1777 60
1777 371
1777 381
1777 452
1777 626
1777 722
1777 812
1777 995
1777 1266
1777 1449
1777 1478
1777 1603
1777 1699
1777 1705
1777 1843
1408 634
1408 817
1408 1230
1408 1738
1408 1699
1408 1732
1408 1733
1408 1734
1408 1735
1408 1736
1408 1737
1408 1739
1408 1740
44 553
553 141
553 424
553 1166
553 1168
553 1679
553 921
553 1687
553 811
553 1328
553 818
553 680
553 1467
553 846
553 1453
553 1501
553 1351
553 1652
553 1023
553 1790
553 1672
45 1684
45 1833
45 945
45 1842
45 1462
45 510
45 1087
45 1089
45 1104
45 1705
45 240
45 99
45 1634
45 106
45 236
45 1776
45 1153
45 1283
45 801
1684 88
1684 240
1684 249
1684 268
1684 469
1684 630
1684 670
1684 730
1684 780
1684 996
1684 1183
1684 1226
1684 1383
1684 1384
1684 1503
1833 78
1833 143
1833 400
1833 445
1833 456
1833 549
1833 611
1833 744
1833 791
1833 809
1833 811
1833 1002
1833 1029
1833 1087
1833 1118
1833 1205
1833 1315
1833 1362
1833 1495
1833 1540
1833 1603
1833 1634
1833 1635
1833 1826
1833 1851
945 106
945 110
945 592
945 1089
945 1153
945 1379
945 1769
1842 46
1842 528
1462 766
1462 1006
1462 1268
510 67
510 78
510 106
510 333
510 1087
510 1089
510 964
510 836
510 1379
510 1126
510 1258
510 1133
1087 76
1087 188
1087 209
1087 326
1087 364
1087 549
1087 586
1087 791
1087 818
1087 836
1087 1089
1087 1100
1087 1126
1087 1383
1087 1276
1089 76
1089 106
1089 145
1089 340
1089 396
1089 578
1089 586
1089 697
1089 766
1089 791
1089 836
1089 871
1089 975
1089 1028
1089 1075
1089 1168
1089 1458
1089 1466
1089 1746
1089 1126
1104 70
1104 82
1104 180
1104 198
1104 231
1104 320
1104 391
1104 500
1104 611
1104 655
1104 694
1104 708
1104 757
1104 773
1104 774
1104 847
1104 892
1104 976
1104 991
1104 1551
1104 1816
1104 1695
1104 1443
1104 1199
1104 1792
1104 1843
1104 1465
1104 1267
1104 1236
1104 1722
1104 1697
1104 1475
1104 1730
1104 1490
1104 1491
1104 1377
1104 1694
1104 1254
1104 1597
1104 1767
1104 1769
1104 1835
1104 1626
1104 1250
1104 1654
1104 1714
1104 1776
1705 67
1705 91
1705 106
1705 115
1705 187
1705 203
1705 342
1705 364
1705 381
1705 413
1705 479
1705 507
1705 521
1705 555
1705 597
1705 643
1705 718
1705 722
1705 746
1705 756
1705 789
1705 796
1705 881
1705 996
1705 1047
1705 1133
1705 1300
1705 1306
1705 1347
1705 1383
1705 1388
1705 1400
1705 1401
1705 1410
1705 1603
1705 1619
1705 1648
1705 1654
1705 1699
1705 1820
1705 1870
1705 1843
240 78
240 80
240 87
240 125
240 169
240 178
240 236
240 1169
240 1702
240 744
240 825
240 1339
240 1724
240 835
240 1347
240 1865
240 977
240 479
240 480
240 1029
99 61
99 78
99 333
99 785
99 1846
99 805
99 1074
99 1205
99 1210
99 1466
99 1851
99 708
99 770
99 722
99 106
99 620
1634 473
1634 582
1634 620
1634 892
1634 981
1634 1179
1634 1208
1634 1475
106 78
106 93
106 785
106 1681
106 411
106 542
106 549
106 810
106 683
106 697
106 190
106 1851
106 1216
106 1746
106 1126
106 1258
106 1004
106 127
106 393
236 1425
236 1283
236 1847
236 1360
236 898
236 706
1776 96
1776 125
1776 188
1776 523
1776 611
1776 773
1776 807
1776 916
1776 1073
1776 1074
1776 1208
1776 1236
1776 1422
1776 1475
1776 1505
1776 1551
1776 1666
1776 1769
1776 1772
1776 1843
1153 1268
1283 789
1283 1630
801 396
801 1704
801 1384
46 1133
46 770
1133 364
1133 485
1133 611
1133 707
1133 1679
1133 1565
1133 1347
1133 1228
1133 1503
770 483
770 578
770 1423
770 785
770 1216
770 1475
770 1253
770 1668
770 1450
47 739
47 443
47 1720
47 1172
47 592
47 981
47 730
47 738
47 1123
47 620
47 621
47 622
47 501
47 1142
47 387
47 389
739 387
739 419
739 443
739 476
739 500
739 501
739 620
739 621
739 622
739 662
739 730
739 738
739 1827
739 1712
739 824
739 1172
739 1474
739 1228
739 981
739 1504
739 1384
739 1142
739 1794
443 67
443 387
443 620
443 850
443 621
443 501
443 1142
443 622
443 1172
443 738
443 981
1720 387
1720 523
1720 620
1720 621
1720 767
1720 1036
1720 1395
1720 1504
1720 1672
1172 387
1172 501
1172 620
1172 621
1172 622
1172 703
1172 738
1172 981
1172 1142
1172 1228
592 387
592 621
592 789
592 767
592 610
981 387
981 501
981 539
981 620
981 621
981 622
981 738
981 1142
981 1767
730 100
730 125
730 147
730 153
730 154
730 238
730 268
730 301
730 327
730 346
730 412
730 469
730 511
730 604
730 670
730 678
730 700
730 722
730 1183
730 1717
730 1210
730 1726
730 1226
730 1750
730 738
730 1269
730 780
730 1328
730 818
730 1331
730 825
730 1337
730 1384
730 890
730 1475
730 1496
730 1583
730 1076
730 1080
730 1623
738 150
738 387
738 419
738 469
738 501
738 604
738 620
738 621
738 622
738 678
738 1545
738 743
738 1454
738 1337
738 1504
738 1384
738 1142
738 1274
1123 119
1123 185
1123 379
1123 577
1123 583
1123 753
1123 756
1123 873
1123 1075
1123 1095
1123 1561
1123 1583
1123 1362
620 387
620 501
620 622
620 621
620 1142
620 1504
621 150
621 153
621 387
621 501
621 662
621 1496
621 622
621 1142
621 1504
622 387
622 501
622 1142
622 1750
501 387
501 458
501 1826
501 1210
501 842
501 1497
501 1268
501 1142
1142 387
1142 419
1142 1648
387 150
387 531
387 737
387 1504
387 1405
389 175
389 198
389 228
389 275
389 324
389 1420
389 1167
389 1064
389 1193
389 719
389 813
389 854
389 1621
389 1834
389 1495
389 855
389 1029
389 856
389 966
389 905
389 1162
588 118
588 261
588 519
588 1229
588 850
588 722
588 1474
588 1563
588 723
1659 124
1659 761
1659 1012
1659 1430
1659 1538
1659 1865
1312 83
1312 411
1312 479
1312 489
1312 507
1312 534
1312 791
1312 889
1312 1289
1312 1805
1312 1687
1312 1380
1312 1665
1475 69
1475 93
1475 146
1475 179
1475 182
1475 191
1475 198
1475 280
1475 305
1475 307
1475 313
1475 316
1475 328
1475 337
1475 379
1475 380
1475 391
1475 393
1475 397
1475 402
1475 444
1475 447
1475 476
1475 478
1475 487
1475 498
1475 500
1475 551
1475 557
1475 577
1475 578
1475 611
1475 613
1475 625
1475 626
1475 632
1475 656
1475 659
1475 665
1475 703
1475 722
1475 723
1475 744
1475 773
1475 779
1475 791
1475 924
1475 937
1475 946
1475 1000
1475 1004
1475 1057
1475 1092
1475 1127
1475 1208
1475 1232
1475 1360
1475 1367
1475 1372
1475 1384
1475 1390
1475 1410
1475 1422
1475 1453
1475 1474
1475 1746
1475 1772
1475 1781
1475 1818
1475 1827
1475 1843
1475 1793
1475 1481
1475 1491
1475 1813
1475 1505
1475 1821
1475 1551
1475 1563
1475 1587
1475 1590
1475 1621
1475 1631
1475 1637
1475 1649
1475 1660
1475 1841
1475 1667
1475 1668
511 50
511 65
511 144
511 145
511 413
511 442
511 908
511 1631
511 791
511 1699
511 1579
511 583
511 967
511 1873
511 1747
511 1114
511 877
511 1414
511 893
1628 916
1628 1435
50 1553
50 800
50 1843
50 1096
50 1490
50 1498
50 862
50 1518
50 630
50 633
50 1147
1553 101
1553 143
1553 187
1553 633
1553 736
1553 779
1553 800
1553 862
1553 1058
1553 1067
1553 1096
1553 1147
1553 1254
1553 1344
1553 1347
1553 1383
1553 1388
1553 1498
1553 1574
1553 1579
1553 1618
1553 1619
800 204
800 256
800 633
800 1351
800 1372
800 1000
800 1498
800 1096
800 1147
800 1025
800 1287
1843 82
1843 96
1843 100
1843 104
1843 125
1843 191
1843 249
1843 265
1843 328
1843 354
1843 371
1843 381
1843 397
1843 451
1843 452
1843 476
1843 495
1843 521
1843 523
1843 581
1843 625
1843 643
1843 722
1843 723
1843 727
1843 745
1843 777
1843 779
1843 780
1843 812
1843 835
1843 845
1843 921
1843 924
1843 989
1843 1018
1843 1024
1843 1067
1843 1073
1843 1074
1843 1126
1843 1187
1843 1208
1843 1238
1843 1267
1843 1366
1843 1378
1843 1384
1843 1401
1843 1474
1843 1545
1843 1551
1843 1573
1843 1635
1843 1678
1843 1695
1843 1699
1843 1746
1843 1756
1843 1772
1843 1785
1843 1796
1843 1808
1843 1818
1843 1846
1843 1851
1096 618
1096 633
1096 1147
1096 1498
1490 91
1490 144
1490 327
1490 611
1490 618
1490 703
1490 948
1490 1344
1490 1565
1490 1796
1490 1798
1498 125
1498 126
1498 381
1498 602
1498 633
1498 884
1498 987
1498 1147
1498 1513
1498 1747
862 187
862 396
862 736
862 1807
862 954
862 1852
862 1344
862 1347
1518 91
1518 144
1518 172
1518 327
1518 364
1518 521
1518 618
1518 703
1518 948
1518 1565
1518 1798
630 614
630 789
633 144
633 179
633 364
633 485
633 517
633 597
633 1296
633 1297
633 1300
633 1264
633 1579
633 1464
633 1299
633 1344
633 1618
633 1103
633 1383
633 1201
633 877
633 1223
633 881
633 1648
633 884
633 883
633 1400
633 1147
633 1391
633 1668
995 452
995 722
995 1603
350 60
350 1756
350 833
1603 456
1603 722
1603 723
1603 1232
1603 1449
722 55
722 83
722 94
722 114
722 125
722 172
722 265
722 284
722 328
722 334
722 346
722 354
722 371
722 374
722 381
722 393
722 452
722 468
722 469
722 485
722 500
722 521
722 523
722 535
722 585
722 602
722 611
722 643
722 1679
722 1699
722 1707
722 1208
722 1331
722 1210
722 1726
722 1430
722 723
722 745
722 1769
722 1519
722 1783
722 780
722 785
722 845
722 807
722 812
722 1328
722 825
722 1846
722 1851
722 1024
722 1866
722 924
722 946
722 1711
722 1401
722 892
722 1410
722 1610
722 1429
722 1435
722 921
722 1047
722 1474
722 1004
722 1023
722 1543
722 1545
722 1573
722 1067
722 1074
722 1631
722 1126
722 1073
722 1141
722 1163
1796 60
1796 83
1796 91
1796 101
1796 224
1796 289
1796 327
1796 436
1796 468
1796 483
1796 618
1796 698
1796 720
1796 721
1796 932
1796 947
1796 948
1796 949
1796 956
1796 1176
1796 1337
1796 1344
1796 1353
1796 1707
1796 1829
1579 96
1579 272
1579 364
1579 396
1579 397
1579 412
1579 471
1579 485
1579 500
1579 517
1579 780
1579 829
1579 877
1579 914
1579 946
1579 1047
1579 1187
1579 1267
1579 1299
1579 1337
1579 1344
1579 1383
1579 1442
1579 1557
1579 1571
1579 1572
1579 1573
1579 1574
1579 1817
1579 1784
1579 1827
1579 1623
1579 1818
1579 1648
1579 1799
1717 172
1717 723
1717 1384
1729 364
1732 80
1732 101
1732 436
1732 533
1732 534
1732 536
1732 1067
1732 1485
1732 1618
1732 1637
1732 1697
1732 1851
1732 1754
1734 242
1734 1067
1734 1485
1734 1851
1734 1754
1735 1067
1735 1485
1735 1851
1735 1754
1736 1067
1736 1485
1736 1851
1736 1754
1737 1067
1737 1485
1737 1851
1737 1754
1738 1067
1738 1485
1738 1851
1738 1754
1739 1067
1739 1485
1739 1851
1739 1754
1740 1067
1740 1485
1740 1851
1740 1754
1754 634
1754 817
1754 1733
238 126
238 780
238 1805
238 1300
238 949
238 956
238 1347
238 847
238 352
238 1003
238 364
238 1514
238 632
238 1665
238 1289
238 523
756 94
756 115
756 396
756 440
756 485
756 527
756 744
756 1319
756 1320
756 1071
756 1128
756 1078
756 1591
756 1216
756 835
756 1478
756 1099
756 1360
756 941
756 1493
756 1113
756 1453
756 1388
756 1587
780 61
780 86
780 114
780 125
780 172
780 191
780 268
780 346
780 378
780 397
780 403
780 413
780 452
780 469
780 479
780 670
780 707
780 736
780 749
780 1183
780 1210
780 1226
780 1746
780 1299
780 789
780 1328
780 1331
780 825
780 1866
780 1378
780 1384
780 892
780 1016
780 1530
780 1481
780 1837
791 63
791 400
791 659
791 766
791 847
791 1494
791 1380
817 1067
817 1851
817 1485
1337 199
1337 201
1337 327
1337 447
1337 604
1337 662
1337 954
1337 1850
1337 1856
1347 101
1347 126
1347 187
1347 188
1347 212
1347 272
1347 292
1347 327
1347 367
1347 413
1347 555
1347 632
1347 736
1347 881
1347 1269
1347 1300
1347 1344
1347 1678
1347 1681
1347 1485
1347 1388
1347 1618
1347 1619
1347 1535
333 1166
333 785
333 680
333 1839
333 1216
333 1865
333 1118
333 1374
333 1251
333 485
333 486
333 1822
333 411
333 1149
333 480
333 1404
333 481
1429 224
1429 364
1429 485
1429 500
1429 533
1429 534
1429 690
1429 876
1429 878
1429 892
1429 893
1429 967
1429 1274
1429 1300
1429 1693
1429 1710
921 115
921 200
921 289
921 328
921 340
921 346
921 360
921 391
921 396
921 607
921 638
921 640
921 680
921 685
921 686
921 726
921 818
921 898
921 1699
921 1712
921 1228
921 1236
921 1784
921 1790
921 1023
921 1351
921 1355
921 1865
921 1357
921 1877
921 1453
921 1446
921 938
921 943
921 944
921 962
921 1489
921 1021
921 1543
921 1095
921 1631
921 1672
451 188
451 424
451 1139
451 1448
469 230
469 249
469 268
469 340
469 352
469 1678
469 789
469 670
469 1183
469 802
469 804
469 938
469 939
469 1742
469 1085
469 1003
469 1746
469 1480
469 707
469 1080
469 614
469 1384
469 1261
469 946
469 1226
707 126
707 352
707 442
707 534
707 536
707 1565
707 1384
707 1484
707 1747
707 1503
707 1648
707 1401
996 82
996 91
996 203
996 205
996 249
996 352
996 379
996 452
996 454
996 533
996 555
996 646
996 700
996 737
996 796
996 853
996 1820
996 1823
996 1848
996 1085
996 1850
996 1488
996 1125
996 1261
996 1401
996 1660
996 1535
996 1410
996 1028
996 1501
500 130
500 152
500 257
500 393
500 426
500 480
500 1424
500 924
500 1808
500 583
500 1351
500 1098
500 878
500 1028
500 1131
500 740
500 741
500 1383
500 876
500 889
500 892
500 893
500 1409
500 1274
1733 1067
1733 1485
1733 1851
1545 61
1545 94
1545 125
1545 159
1545 188
1545 352
1545 534
1545 600
1545 678
1545 833
1545 843
1545 847
1545 1125
1545 1210
1545 1384
1545 1454
1545 1742
1573 513
1573 581
1573 914
1573 1128
1573 1793
1573 1654
1597 125
1597 129
1597 185
1597 271
1597 617
1597 1141
1597 1166
1597 1474
1597 1806
1597 1699
1597 1864
86 656
86 789
86 1046
86 1056
86 802
86 676
86 551
86 172
86 1210
86 1085
86 580
86 327
86 1607
86 1863
86 89
86 745
86 1134
86 1146
86 384
1619 1461
1619 1726
604 824
604 1228
604 1535
1631 80
1631 125
1631 222
1631 276
1631 285
1631 289
1631 379
1631 680
1631 686
1631 778
1631 818
1631 987
1631 1023
1631 1128
1631 1168
1631 1293
1631 1351
1631 1355
1631 1446
1631 1481
1631 1535
1631 1543
1631 1556
1631 1679
1631 1847
1631 1851
1631 1672
634 431
634 1067
634 1210
634 1851
634 1485
1159 1591
1159 1793
1159 1322
53 1200
53 480
53 1210
53 608
1200 597
1200 1232
480 70
480 71
480 82
480 142
480 197
480 239
480 328
480 425
480 1808
480 486
480 655
480 1821
480 557
480 1327
480 1040
480 1466
480 1850
480 1090
480 843
480 1101
480 1364
480 1507
480 1830
480 1378
480 485
480 1132
480 888
480 1401
480 1280
480 774
480 694
1210 94
1210 125
1210 175
1210 185
1210 189
1210 224
1210 261
1210 316
1210 346
1210 394
1210 397
1210 456
1210 476
1210 490
1210 527
1210 692
1210 719
1210 757
1210 807
1210 825
1210 850
1210 1025
1210 1062
1210 1083
1210 1090
1210 1091
1210 1205
1210 1209
1210 1745
1210 1238
1210 1826
1210 1328
1210 1331
1210 1853
1210 1855
1210 1372
1210 1384
1210 1453
1210 1512
1210 1539
1210 1481
1210 1635
608 126
608 382
54 1232
54 374
54 414
54 1632
54 1643
54 445
1232 253
1232 284
1232 369
1232 395
1232 396
1232 397
1232 412
1232 414
1232 445
1232 688
1232 1169
1232 1189
1232 1496
1232 1632
1232 1257
1232 1773
1232 1672
374 317
374 355
374 654
374 1424
374 570
374 1823
374 1827
374 561
374 958
374 959
374 833
374 1622
374 755
374 885
374 1331
374 642
374 1077
414 142
414 293
414 393
414 395
414 669
414 1693
414 1189
414 445
414 1095
414 1643
414 1632
414 1380
414 1655
1632 253
1632 369
1632 395
1632 396
1632 412
1632 445
1632 1189
1632 1672
1643 381
1643 412
1643 669
1643 1004
1643 1061
1643 1546
1643 1567
1643 1864
445 78
445 253
445 393
445 396
445 1189
445 550
445 1583
445 1393
445 767
55 1105
55 535
55 1382
1105 805
1105 1656
535 94
535 1514
535 1677
535 1447
535 742
1382 490
1382 680
1382 1062
1382 1193
1382 1712
1382 1608
56 382
56 446
56 1216
56 395
382 100
382 1072
382 709
382 968
382 1139
382 507
382 1412
446 393
446 395
446 396
446 397
446 1697
446 550
446 1710
446 718
446 1784
1216 545
1216 1029
1216 1065
1216 1128
1216 1483
1216 1501
1216 1253
395 393
395 396
395 1189
395 1071
395 1847
395 718
395 1280
1578 252
1578 711
1578 726
1578 781
1578 966
1578 1538
1578 1577
1578 1834
705 1037
705 1364
705 825
705 827
705 1214
705 808
705 969
485 101
485 144
485 145
485 191
485 209
485 272
485 364
485 394
485 396
485 413
485 436
485 439
485 479
485 1169
485 1176
485 1179
485 669
485 1693
485 1205
485 694
485 1725
485 1227
485 1228
485 1230
485 1233
485 1746
485 1252
485 752
485 1269
485 1355
485 796
485 1699
485 835
485 1856
485 1364
485 1383
485 1384
485 1385
485 1400
485 1401
485 898
485 1421
485 1427
485 611
485 944
485 956
485 1474
485 876
485 1047
485 1486
485 1487
485 1642
485 486
485 1521
485 1535
485 529
485 1556
485 1048
485 557
485 1587
485 555
485 1099
485 601
485 1635
485 618
485 1131
485 623
485 1158
485 1672
485 1078
1030 302
1030 1040
1030 1343
711 915
711 1785
711 1268
711 966
711 1322
1420 324
1420 344
1420 719
1420 848
1420 1834
1420 1525
966 185
966 256
966 1095
966 1585
966 1746
653 1835
653 1331
653 789
653 1414
144 65
144 152
144 669
144 440
144 1847
144 1344
144 579
144 1223
144 337
144 364
144 380
1169 189
1169 1052
1169 1450
1169 1362
1169 1794
1699 61
1699 76
1699 139
1699 187
1699 247
1699 265
1699 324
1699 371
1699 381
1699 384
1699 452
1699 517
1699 529
1699 531
1699 536
1699 555
1699 706
1699 788
1699 812
1699 941
1699 956
1699 967
1699 1114
1699 1148
1699 1208
1699 1219
1699 1228
1699 1322
1699 1372
1699 1383
1699 1384
1699 1400
1699 1414
1699 1461
1699 1492
1699 1615
1699 1698
1699 1761
1699 1804
1699 1807
1699 1873
1699 1877
1699 1810
692 1360
723 59
723 60
723 66
723 143
723 172
723 476
723 481
723 533
723 561
723 585
723 601
723 669
723 670
723 1166
723 1677
723 1700
723 1228
723 1784
723 1803
723 1806
723 1305
723 1837
723 1331
723 847
723 1113
723 1384
723 924
723 1450
723 956
723 976
723 1492
723 985
723 1495
723 1003
723 1004
723 1012
723 1048
723 1052
723 1057
723 1067
723 1621
723 1125
723 1635
723 1649
723 1654
1752 143
1752 1163
1752 1544
1752 1834
274 60
274 1694
274 384
1810 178
1810 1384
1320 84
1320 301
1320 1078
1320 1079
1320 1622
1320 1857
816 342
816 486
816 719
816 741
816 1610
816 1392
816 1744
816 1826
816 1746
816 1057
308 142
846 67
846 332
846 390
846 393
846 401
846 586
846 605
846 638
846 656
846 659
846 788
846 809
846 810
846 818
846 930
846 943
846 944
846 1081
846 1646
846 1652
846 1788
846 1414
340 194
340 337
340 1563
340 1056
340 545
340 805
340 549
340 807
340 1067
340 1454
340 896
340 850
340 1238
340 1497
340 992
340 354
340 1125
340 1255
340 1004
340 884
340 1656
340 1024
340 386
340 1539
1875 835
867 263
867 301
867 354
867 715
867 752
867 1187
867 1448
867 1197
867 1199
867 1205
867 1611
867 1384
867 1152
867 1412
868 153
868 289
868 1430
868 1454
868 1053
868 1236
868 1384
1390 188
1390 212
1390 349
1390 379
1390 380
1390 397
1390 1228
1390 1292
1390 1384
1390 1698
1390 1847
1390 1410
902 789
902 1414
1414 160
1414 1078
1414 1384
1414 1571
1414 1851
393 78
393 253
393 257
393 1036
393 1355
393 788
393 932
393 1189
393 396
393 686
393 877
393 1522
393 889
611 378
611 487
611 785
611 811
611 813
611 1075
611 1331
611 1714
611 1848
611 1721
611 1228
611 1004
611 1873
611 1016
611 614
611 1645
611 757
932 188
932 327
932 396
932 431
932 441
932 665
932 728
932 885
932 1268
932 1052
932 1187
932 1450
932 948
932 956
932 1366
932 1118
932 1244
424 100
424 171
424 172
424 178
424 316
424 327
424 334
424 351
424 1167
424 1443
424 426
424 811
424 813
424 557
424 1629
424 1127
424 881
424 1020
424 863
442 1031
967 690
967 898
1478 590
1478 669
1478 1234
1478 1726
1478 1525
1496 147
1496 678
1496 842
1496 1851
1496 1648
1525 145
1525 364
1525 531
1525 1058
1525 1131
1525 1383
1525 1660
1525 1618
1525 1783
1057 342
1057 1472
1061 60
1061 325
1061 527
1061 1036
1061 1395
1076 67
1076 328
1076 390
1076 453
1076 809
1076 1679
1076 1709
1076 1652
1076 1281
1099 63
1099 1693
1099 1378
1099 1411
82 396
82 1551
82 789
82 1563
82 486
82 1092
82 1233
82 772
82 241
82 1523
82 1274
82 384
82 1790
82 388
82 225
1646 152
1646 364
1646 396
1646 1417
1646 1784
643 60
643 130
643 247
643 785
643 787
643 803
643 1384
643 704
643 848
643 1746
643 745
643 1268
643 1401
643 1158
59 829
59 669
59 354
829 152
829 327
829 1560
669 145
669 332
669 334
669 381
669 448
669 453
669 557
669 1315
669 1310
669 1446
669 1205
669 1466
669 839
669 1233
669 1768
669 1563
669 1158
669 1543
354 115
354 130
354 342
354 910
354 1080
354 534
354 546
354 807
354 1067
354 1704
354 1742
354 1331
354 1208
354 1024
354 1677
354 476
354 1413
354 1004
354 1523
354 632
354 948
354 842
354 1841
60 1046
60 1435
60 1817
60 1697
60 1326
60 327
60 720
60 1247
60 1383
60 746
60 1131
60 364
60 1396
60 889
60 898
60 757
1046 1118
1046 1687
1435 375
1435 479
1435 596
1435 772
1435 1128
1435 1259
1435 1300
1435 1326
1435 1384
1435 1742
1435 1747
1435 1761
1435 1530
1817 83
1817 1383
1817 1442
1817 1557
1697 169
1697 403
1697 550
1697 618
1697 948
1697 1257
1697 1487
1697 1538
1697 1615
1697 1803
1697 1721
1326 145
1326 364
1326 666
1326 719
1326 889
1326 1353
327 101
327 188
327 224
327 272
327 483
327 1829
327 1707
327 436
327 949
327 698
327 431
327 1176
327 618
327 965
327 948
327 1535
327 1344
720 335
720 479
720 903
720 1540
1247 209
1247 591
1247 665
1247 740
1247 777
1247 1067
1247 1179
1247 1700
1383 179
1383 204
1383 317
1383 342
1383 364
1383 517
1383 597
1383 683
1383 881
1383 883
1383 884
1383 910
1383 964
1383 1092
1383 1103
1383 1189
1383 1201
1383 1223
1383 1264
1383 1296
1383 1297
1383 1299
1383 1464
1383 1400
1383 1391
1383 1649
1383 1668
746 948
746 1300
746 1401
746 1601
746 1761
1131 65
1131 1230
1131 1265
364 87
364 100
364 115
364 179
364 204
364 286
364 342
364 683
364 1223
364 1264
364 1289
364 1805
364 1807
364 1815
364 597
364 877
364 881
364 883
364 948
364 517
364 1565
364 1618
364 1128
364 1648
1396 916
1396 977
1396 1635
1396 1630
889 83
889 224
889 426
889 534
889 583
889 789
889 843
889 1296
889 924
889 1803
889 1805
889 948
889 949
889 1344
889 992
889 1514
889 1665
889 1289
898 91
898 101
898 618
898 1693
898 1639
757 125
757 131
757 203
757 251
757 391
757 908
757 1681
757 833
757 1480
757 877
757 1150
757 1353
61 397
61 1295
61 150
61 536
61 676
61 1804
61 452
61 346
61 1384
61 749
61 1528
397 1048
397 924
397 559
397 847
397 1125
397 1637
397 618
397 1274
397 1784
1295 75
150 147
150 153
150 154
150 1623
150 419
150 1504
150 842
150 916
150 1767
536 533
536 534
536 1804
536 833
536 1384
536 1535
676 89
676 94
676 789
676 694
676 1405
676 775
676 1472
676 1012
676 843
1804 209
1804 1000
1804 1103
1804 1674
1804 1807
452 159
452 249
452 371
452 381
452 401
452 413
452 1183
452 1822
452 1449
452 812
452 1721
452 1266
452 1372
452 1513
452 1852
452 891
452 1280
452 1538
452 907
346 125
346 316
346 1328
346 1331
346 825
346 1808
346 1474
346 728
346 479
346 1384
346 749
1384 77
1384 89
1384 125
1384 126
1384 154
1384 188
1384 231
1384 247
1384 390
1384 436
1384 447
1384 476
1384 521
1384 523
1384 531
1384 533
1384 600
1384 670
1384 672
1384 698
1384 737
1384 775
1384 842
1384 847
1384 892
1384 924
1384 954
1384 1004
1384 1024
1384 1067
1384 1075
1384 1125
1384 1179
1384 1208
1384 1280
1384 1679
1384 1827
1384 1838
1384 1850
1384 1410
1384 1452
1384 1637
1528 808
1528 1649
62 564
62 600
62 1682
564 1480
600 189
600 298
600 1809
600 1052
600 1443
600 808
600 1450
600 1474
600 1790
600 863
600 1835
600 768
600 1672
1682 284
1682 302
1682 1655
63 80
63 1179
63 1851
63 355
63 1761
80 977
1179 130
1179 265
1179 587
1179 680
1179 766
1179 787
1179 1077
1179 1741
1179 1287
1851 67
1851 133
1851 143
1851 160
1851 498
1851 571
1851 650
1851 700
1851 709
1851 713
1851 744
1851 916
1851 944
1851 946
1851 982
1851 1000
1851 1029
1851 1083
1851 1114
1851 1145
1851 1152
1851 1173
1851 1205
1851 1217
1851 1253
1851 1355
1851 1450
1851 1497
1851 1635
1851 1679
1851 1709
1851 1741
1851 1769
1851 1808
1851 1863
355 110
355 195
355 209
355 316
355 1813
355 807
355 1064
355 561
355 697
355 1466
355 591
355 1238
355 1380
1761 479
1761 736
1761 837
1761 1004
1761 1378
1761 1698
1761 1742
1761 1805
1761 1838
175 719
175 1775
175 1834
175 1134
175 324
175 198
175 199
175 200
175 201
275 132
275 189
275 198
275 719
275 1621
275 1064
884 706
884 883
884 1426
884 1072
884 1715
884 954
884 1223
884 1103
884 1873
884 1261
884 1028
1873 125
1873 381
1873 487
1873 964
1873 1016
694 486
694 1588
1834 185
1834 198
1834 199
1834 201
1834 324
1834 632
1834 719
1834 1334
1834 1621
719 198
719 228
719 324
719 1775
719 1268
719 1621
719 905
719 1162
324 228
324 1775
324 1621
324 903
324 1509
324 1029
1474 94
1474 185
1474 352
1474 360
1474 391
1474 453
1474 481
1474 561
1474 581
1474 775
1474 1110
1474 1267
1474 1409
1474 1721
1474 1714
1474 1556
1474 1835
1474 1635
198 132
198 1535
198 1841
198 1621
198 200
198 1064
199 1334
199 201
199 1193
200 1450
200 1053
200 386
200 1495
200 1611
200 1571
1064 132
1064 172
1064 858
1064 1090
1029 78
1029 143
1029 270
1029 744
1029 1444
1029 1205
1029 1357
1029 1741
1029 1635
65 1053
65 1574
65 1372
65 239
65 379
1053 239
1053 396
1053 435
1053 438
1053 456
1574 597
1574 1067
1574 1362
1372 91
1372 124
1372 125
1372 298
1372 644
1372 737
1372 788
1372 835
1372 1028
239 1790
239 818
239 284
239 486
239 1726
239 808
379 118
379 125
379 172
379 262
379 282
379 289
379 316
379 349
379 398
379 1176
379 1317
379 1847
379 1571
379 818
379 1841
379 1848
379 1344
379 706
379 464
379 741
379 1254
379 755
379 380
379 381
379 807
66 1125
1125 146
1125 483
1125 948
1125 1056
1125 1067
1125 1615
1125 1251
67 785
67 403
67 661
67 1820
67 401
67 1709
67 827
67 328
67 1465
67 557
67 626
67 1783
785 91
785 172
785 384
785 476
785 697
785 1238
785 1370
785 1126
403 1197
403 1048
403 1052
403 672
1820 91
1820 203
1820 431
1820 555
1820 783
1820 1047
1820 1268
1820 1269
1820 1293
1820 1306
1820 1388
1820 1401
1820 1410
1820 1488
1820 1535
1820 1837
401 1806
401 1081
401 1823
401 644
827 107
827 221
827 222
827 505
827 644
827 1237
827 1276
827 971
827 1177
328 782
328 1168
328 334
328 1446
328 938
328 557
328 1453
328 944
328 767
328 1217
328 1355
328 1485
328 1621
328 486
328 626
328 755
328 1403
328 1021
328 1023
328 332
328 1672
1465 396
1465 456
1465 1052
1465 1243
1465 1450
1465 1610
557 171
557 187
557 391
557 1571
557 703
557 1388
557 639
626 145
626 203
626 332
626 334
626 486
626 578
626 610
626 1513
626 818
626 1219
626 1351
626 1640
626 1642
626 1650
626 1527
626 767
626 1794
626 775
626 1672
1783 172
1783 602
1783 954
1783 976
1783 1707
1783 1726
989 69
989 1103
989 1791
69 309
69 602
69 1700
1746 125
1746 126
1746 185
1746 988
1746 1075
1746 1238
1746 1567
1746 1668
394 1187
394 1794
309 1760
309 1520
602 241
602 388
602 954
1700 413
1700 777
1700 965
1700 1021
1700 1355
1700 1514
1700 1812
1700 1725
70 808
70 1327
70 1466
70 1090
70 197
70 71
70 72
70 1620
70 486
70 618
70 1772
808 169
808 531
808 818
808 1637
808 1691
808 1790
808 1668
1327 71
1466 110
1466 143
1466 197
1466 591
1466 713
1466 843
1466 896
1466 975
1466 976
1466 1092
1466 1236
1466 1691
1466 1805
1466 1583
1466 1489
1466 1497
1466 1563
1090 93
1090 172
1090 185
1090 316
1090 481
1090 807
1090 1238
1090 1505
197 71
197 1450
197 1588
197 571
197 1759
71 425
71 190
71 1344
71 72
71 1620
71 486
71 618
71 1132
71 888
72 1132
72 1362
72 1620
72 486
1620 1132
1620 1138
486 270
486 334
486 481
486 655
486 1040
486 1808
486 664
486 1850
486 1214
486 1830
486 590
486 1749
486 1132
486 1562
486 1790
486 1672
618 83
618 91
618 110
618 115
618 224
618 335
618 396
618 483
618 521
618 1695
618 1530
618 1187
618 721
618 947
618 948
618 949
618 1344
618 1591
618 708
618 1000
618 713
618 1565
1772 152
1772 252
1772 773
1772 1016
1772 1267
1772 1268
1772 1281
1772 1551
190 337
190 1268
190 638
190 809
1344 83
1344 91
1344 335
1344 521
1344 703
1344 736
1344 1158
1344 1274
1344 1296
1344 1565
1344 1707
1344 1723
1132 1040
888 1450
888 1052
1362 716
1362 930
1362 1233
1362 1596
145 1693
145 948
145 1158
1442 1683
1442 1557
74 1351
1351 83
1351 188
1351 222
1351 303
1351 537
1351 581
1351 657
1351 680
1351 814
1351 835
1351 876
1351 943
1351 1023
1351 1278
1351 1865
1351 1567
1351 1446
1351 1450
1351 1510
1351 1489
1351 1864
1351 1521
1351 1505
75 1028
1028 124
1028 187
1028 224
1028 242
1028 431
1028 523
1028 526
1028 533
1028 534
1028 672
1028 843
1028 922
1028 954
1028 1681
1028 1480
1028 1430
1028 1530
1028 1103
1028 1388
1028 1261
76 1797
1797 956
77 876
876 515
876 581
876 810
876 1563
78 1450
78 713
78 456
78 1544
1450 151
1450 380
1450 396
1450 493
1450 644
1450 687
1450 718
1450 753
1450 818
1450 835
1450 924
1450 969
1450 1048
1450 1128
1450 1300
1450 1315
1450 1331
1450 1355
1450 1364
1450 1693
1450 1847
1450 1793
1450 1644
713 126
713 577
713 744
713 1274
713 1173
456 1464
456 1544
79 1527
1527 298
1527 1072
1527 1360
1527 1826
977 1427
789 89
789 172
789 245
789 249
789 251
789 267
789 371
789 551
789 614
789 1421
789 1678
789 1183
789 1811
789 890
789 802
789 1062
789 1838
789 976
789 1209
789 1085
789 1583
789 841
789 1480
789 1472
789 1615
789 1238
789 984
789 1411
789 1118
789 1482
789 1146
789 946
789 1805
789 1821
1841 89
1841 93
1841 317
1841 662
1841 843
1841 1240
1841 1360
1841 1493
89 1480
89 946
89 892
89 614
89 907
89 1000
89 204
614 367
614 386
614 671
614 804
614 946
614 835
614 1480
614 1540
1000 251
1000 994
1000 1546
1000 1674
1000 1261
1000 1785
125 706
125 1228
125 1747
125 1254
125 1265
125 266
125 786
125 1823
125 1328
125 1331
125 825
125 833
125 871
125 883
125 1422
125 1565
125 1075
125 585
125 1618
125 609
125 126
125 1150
125 1672
126 111
126 782
126 1507
126 178
126 833
126 706
126 215
126 1747
126 1618
126 1126
126 883
126 1655
126 1530
1413 298
396 369
396 527
396 914
396 1048
396 924
396 1189
396 1468
396 718
396 601
396 1243
396 1244
396 495
396 1158
396 412
396 1784
396 1794
1551 96
1551 773
1551 1073
1551 1208
1551 1422
1551 1876
1551 1666
1563 160
1563 169
1563 172
1563 521
1563 744
1563 797
1563 1052
1563 1097
1563 1267
1563 1807
1563 1826
1563 1704
1563 1839
1563 1577
1092 241
1092 388
1092 807
1092 892
1092 1168
1233 261
772 528
772 1538
772 843
241 388
1523 1067
1523 1687
1274 192
1274 317
1274 741
1274 893
1274 948
384 265
384 1101
384 1654
384 453
384 806
1790 289
1790 920
1790 1003
1790 1268
1790 1355
1790 1788
1790 1789
388 1610
388 1480
83 1557
83 948
83 1485
83 861
83 224
83 289
948 91
948 101
948 110
948 115
948 187
948 289
948 335
948 521
948 703
948 736
948 934
948 947
948 1561
948 1707
948 949
948 1461
948 1565
948 1388
1485 292
861 683
861 1110
224 91
224 101
224 1296
224 1565
224 1322
224 436
224 703
224 335
224 721
224 1649
224 1535
289 276
289 803
289 818
289 1355
85 172
85 959
85 1606
172 121
172 130
172 663
172 1687
172 1187
172 1193
172 1707
172 1205
172 1236
172 728
172 632
172 744
172 248
172 1277
172 775
172 776
172 799
172 1331
172 1846
172 835
172 1861
172 1864
172 1374
172 357
172 890
172 1418
172 1424
172 924
172 426
172 1467
172 962
172 453
172 490
172 495
172 1012
172 1013
172 515
172 519
172 521
172 1034
172 523
172 533
172 534
172 540
172 547
172 558
172 1073
172 1074
172 1623
172 1637
172 561
172 1648
959 476
959 1564
1606 136
1606 202
1606 1635
656 465
656 924
656 767
656 964
1056 209
1056 316
1056 317
1056 386
1056 402
1056 591
1056 798
1056 805
1056 807
1056 850
1056 1808
1056 1826
1056 1742
802 352
802 670
802 1678
802 804
802 1085
802 1480
802 1003
551 1672
1085 352
1085 670
1085 804
1085 1003
1085 1678
1085 1501
1085 1480
1607 968
1607 1103
1607 1405
745 130
745 169
745 848
745 803
745 1313
745 1846
1134 291
1146 249
1146 380
1480 298
1480 352
1480 670
1480 804
1480 946
1480 954
1480 1003
1480 1447
1480 1678
1480 1785
946 954
946 1655
946 1785
892 188
892 371
892 507
892 533
892 586
892 590
892 591
892 741
892 1036
892 1815
892 1604
892 1618
892 1691
892 1287
204 1812
204 703
90 1411
1411 320
1411 645
1411 672
1411 835
1411 1340
1411 1822
91 659
91 1681
91 796
91 1695
91 555
91 708
91 203
91 1401
659 940
659 1141
659 1561
659 708
659 1067
1681 736
1681 954
1681 1447
1681 1503
796 555
796 1047
796 1400
796 1401
796 1410
796 1306
1695 189
1695 402
1695 736
1695 823
1695 975
1695 1108
555 187
555 203
555 386
555 413
555 1300
555 1047
555 1306
555 718
555 1388
555 881
555 1648
555 1400
555 1401
555 1410
708 1306
203 813
203 1331
203 1047
203 1401
203 1410
1401 413
1401 521
1401 718
1401 1047
1401 1166
1401 1306
1401 1400
1401 1410
1401 1648
92 93
92 828
92 930
92 458
93 283
93 1313
93 1187
93 807
93 438
93 703
93 1677
93 1599
93 470
93 1505
93 1637
828 343
930 412
930 1672
458 596
283 141
283 143
283 940
1313 189
1313 521
1313 523
1313 700
1313 1024
1313 1074
1313 1208
1313 1281
1313 1577
1313 1487
1313 1649
1187 924
1187 1322
1187 1784
807 316
807 317
807 402
807 441
807 590
807 805
807 1808
807 1062
807 1826
807 1454
807 850
807 1091
807 847
807 1238
807 1497
807 992
807 880
807 1827
438 1167
438 1677
438 561
438 1144
438 487
703 180
703 428
703 483
703 1565
703 943
703 949
703 947
703 1660
1677 169
1677 191
1677 257
1677 521
1677 522
1677 523
1677 1004
1677 1024
1677 1067
1677 1074
1599 360
1599 522
1599 1003
1599 1214
470 169
470 1081
470 1339
470 1823
470 644
470 1508
1505 96
1505 141
1505 571
1505 573
1505 1171
1505 1666
1637 596
1637 1285
1637 1317
94 1305
94 969
94 1364
94 222
94 1150
94 1649
1305 155
1305 1704
1305 1437
969 1177
969 1178
969 1052
969 1364
969 1621
1364 294
1364 505
1364 680
1364 956
1364 1052
1364 1177
1364 1178
1364 1276
222 971
1150 131
1150 201
1150 316
1150 975
1649 202
1649 473
1649 476
1649 890
1649 956
1649 1023
1649 1255
1649 1276
1649 1481
96 1422
96 916
96 954
96 188
96 979
96 1769
96 1526
96 1018
96 1666
1422 313
1422 531
1422 773
1422 1395
916 298
916 478
916 1228
954 139
954 249
954 578
954 678
954 804
954 1679
954 1481
954 1236
954 1112
954 1499
188 683
188 1228
188 737
188 231
188 1784
188 271
188 285
188 1856
188 844
188 1388
188 1118
188 924
188 272
188 468
188 987
188 367
188 1535
188 578
188 596
188 1149
188 479
979 1789
979 1160
1769 1395
1018 189
1018 253
1018 521
1018 735
1018 810
1018 1487
1666 419
411 1687
810 173
810 666
1208 169
1208 257
1208 471
1208 521
1208 523
1208 533
1208 596
1208 775
1208 776
1208 976
1208 1004
1208 1024
1208 1067
1208 1073
1208 1074
1208 1156
1208 1836
1208 1846
1208 1418
1208 1513
1208 1877
1208 1254
1208 1764
1208 1404
697 1175
1118 127
1118 1678
1118 1615
1004 111
1004 215
1004 316
1004 521
1004 523
1004 896
1004 939
1004 1811
1004 1472
1004 1316
1004 1836
1004 1742
1004 1583
1004 1601
1004 1067
1004 1024
1004 1652
1004 1626
1004 1488
1004 1073
1004 1074
1004 1668
127 1293
127 1514
1166 285
1166 360
1166 531
1166 1205
146 1768
146 1771
146 1358
1691 230
1691 1226
1691 1254
1205 143
1205 157
1205 439
1205 476
1205 529
1205 645
1205 744
1205 880
1205 890
1205 940
1205 1059
1205 1075
1205 1687
1205 1481
1205 1877
1205 1626
1205 1635
1205 1539
1221 519
1221 858
1221 1173
1254 230
1254 853
1254 1226
766 1367
766 1596
1293 111
1293 323
1293 367
1293 441
1293 1742
1293 1388
1293 1648
1293 1405
1822 119
1822 563
1822 718
1822 843
1822 1149
1822 1360
1822 1501
1822 1584
1822 1688
1822 1811
1826 154
1826 168
1826 187
1826 671
1826 1077
1826 1388
1826 1707
306 465
306 836
306 964
306 549
1340 835
1340 1336
836 1052
836 964
847 257
847 531
847 721
847 924
847 934
847 1012
847 1538
380 118
380 1428
380 398
380 1848
380 444
380 596
380 1501
1447 104
1447 585
1447 1226
1447 1678
964 131
964 549
964 670
964 1168
964 1721
964 1258
466 1151
473 1328
473 1404
473 1715
476 136
476 169
476 249
476 298
476 343
476 1561
476 1835
476 1640
476 1481
476 727
476 863
476 1635
476 1006
476 1012
521 257
521 483
521 507
521 781
521 783
521 1805
521 1846
521 523
521 1074
521 949
521 1024
521 1067
521 1742
521 941
521 1380
521 947
521 1073
521 775
521 883
521 1668
521 776
522 337
522 1852
522 787
522 909
522 1865
522 1360
522 1380
523 191
523 257
523 670
523 775
523 1454
523 1074
523 1846
523 706
523 1024
523 1067
523 1742
523 1747
523 1380
523 1073
523 1668
523 776
531 316
531 352
531 1621
531 1750
531 773
531 1771
531 1501
531 1539
533 194
533 534
533 883
533 1535
534 183
534 194
534 402
534 704
534 843
534 1075
534 1513
534 1285
534 1269
549 671
549 1238
549 1145
549 1151
549 1792
1073 257
1073 316
1073 718
1073 775
1073 776
1073 1024
1073 1067
1073 1698
1073 1074
1073 1846
1073 1219
1073 1877
1074 257
1074 775
1074 776
1074 1024
1074 1067
1074 1846
1850 316
1850 317
1850 939
1850 1454
1850 1715
1850 1853
1077 1808
896 111
896 371
896 655
896 775
896 835
896 1694
896 1721
896 1360
896 1742
896 987
896 1380
896 1258
585 1228
585 1075
585 1493
585 1378
585 761
1615 317
1615 515
1615 871
1615 1163
1615 1238
1615 1813
1615 1715
1615 1838
100 143
100 1177
100 806
100 189
100 840
100 1495
100 1127
1635 143
1635 391
1635 439
1635 601
1635 647
1635 744
1635 940
1635 1059
1635 1481
1635 1539
1635 1687
1635 1771
1635 1792
562 1036
562 1365
562 823
562 1687
562 1753
1141 664
1141 940
1141 1864
1141 1866
1141 1437
1141 1378
1654 591
1654 975
138 148
138 1785
138 1437
138 1821
651 1742
1846 298
1846 787
1846 1024
1846 1067
805 426
805 1454
805 850
805 1497
805 992
143 142
143 1144
143 811
143 1704
143 1229
143 1238
143 282
143 478
143 744
143 257
143 515
1177 316
1177 646
1177 718
1177 825
1177 971
1177 1354
806 999
189 142
189 813
189 1482
189 1504
189 751
189 1268
189 779
840 1127
1495 111
1495 248
1495 285
1495 423
1495 702
1495 939
1495 1443
1495 1562
1495 1813
1127 1749
1127 1823
1127 1443
101 272
101 1176
101 436
101 1535
101 118
272 436
272 471
272 984
272 582
272 877
272 1644
272 1269
1176 392
1176 436
1176 483
1176 1048
1176 1322
1176 1591
436 1535
1535 391
1535 447
1535 670
1535 775
1535 824
1535 1097
1535 1228
1535 1268
1535 1269
1535 1449
1535 1461
1535 1698
118 1180
118 1652
118 1317
678 111
678 1768
678 1075
230 1226
1713 1151
1713 1808
727 1020
727 1668
833 266
833 1530
1481 202
1481 489
1481 1228
1454 850
1454 992
1454 1497
1672 267
1672 444
1672 529
1672 587
1672 632
1672 680
1672 686
1672 767
1672 944
1672 1155
1672 1168
1672 1209
1672 1328
1672 1355
1672 1467
1672 1472
1672 1487
1672 1507
1672 1538
1672 1642
1672 1714
182 180
182 181
182 940
182 1614
182 1747
182 1163
718 413
718 601
718 1211
1238 178
1238 357
1238 657
1238 1067
1238 1229
1238 1427
1794 245
293 1443
835 453
835 601
835 1199
835 1583
835 1488
835 1149
835 1418
843 453
843 726
843 1497
843 1019
1114 571
1378 984
1378 1075
1378 1430
428 413
428 1812
1471 1812
1500 263
1500 430
1513 453
1513 570
1513 590
1513 1714
1530 292
1530 479
1530 736
528 311
528 1721
1565 483
1565 956
1584 991
1584 1812
1584 1687
1080 342
1080 662
1080 848
1126 302
1126 381
1126 781
1126 838
1126 903
1126 1075
1126 1645
1648 431
1648 736
1648 1296
1145 883
1145 1144
1145 1714
1145 1497
1668 179
1668 493
1668 517
1668 597
1668 682
1668 755
1668 782
1668 783
1668 881
1668 883
1668 1201
1668 1223
1668 1264
1668 1296
1668 1297
1668 1299
1668 1391
1668 1464
1668 1630
1258 215
1258 848
1258 1151
108 591
108 209
108 1487
591 195
591 202
591 209
591 1430
591 1812
591 665
591 936
591 1721
591 1725
591 777
209 195
209 202
209 402
209 1430
209 1812
209 665
209 936
209 1721
209 1725
209 968
209 1267
209 777
1487 302
1487 323
1487 625
1487 628
1487 782
1487 783
1487 784
1487 818
1487 1204
1487 1214
1487 1486
1487 1564
1487 1857
1487 1858
811 461
811 638
811 809
811 1556
811 1443
811 1139
811 1652
813 638
813 809
813 1443
813 1139
1866 267
1866 331
1642 1521
1642 1587
515 1228
515 1583
515 1674
515 1813
515 939
515 1854
1418 282
1418 1764
110 687
110 185
110 1355
110 1380
110 489
687 1741
185 1546
185 271
185 1702
185 1585
185 453
185 331
185 1359
185 267
185 1035
1355 141
1355 563
1355 581
1355 638
1355 680
1355 686
1355 726
1355 732
1355 814
1355 818
1355 819
1355 850
1355 944
1355 962
1355 1023
1355 1168
1355 1725
1355 1489
1355 1812
1355 1521
1355 1446
1380 1582
489 1100
489 1268
489 1653
489 1522
111 441
111 1562
111 169
441 248
441 655
441 1742
441 1562
169 1683
169 1564
169 1567
169 937
169 848
169 343
169 890
112 638
112 1214
638 581
638 943
638 1392
638 1446
638 814
1214 338
1214 457
1214 1050
1214 1430
1214 1847
1214 1343
1214 1756
465 1261
465 1297
465 1299
465 1300
465 1767
538 121
538 543
352 1678
352 804
352 1714
352 1484
352 1003
352 670
804 670
804 1678
804 1655
804 1003
114 587
114 1287
114 427
1287 124
1287 444
115 338
115 1269
115 956
338 1423
338 596
338 1430
1269 578
1269 841
1269 1561
1269 1281
956 721
956 1296
956 1299
956 1276
1656 435
117 1652
117 1493
117 1180
117 1721
117 1317
1652 282
1652 953
1652 1443
1652 1791
1493 1516
1721 664
1721 944
1721 1036
1721 1334
1721 1560
1317 1316
1317 1318
119 1749
1749 351
1749 1583
1749 1811
121 539
121 543
121 1444
543 159
1444 1750
1444 1789
1226 191
1226 268
1226 657
1226 670
1226 853
1226 863
1226 975
1226 1183
1377 975
1430 1538
444 298
444 1068
444 1687
444 955
965 1812
1759 402
1759 464
1759 642
1759 893
1759 940
1759 958
1759 1784
1707 1024
714 933
809 464
809 529
809 953
392 825
392 991
392 971
909 1596
940 962
940 1793
1453 1228
124 915
124 280
124 1856
124 1491
124 1399
915 378
915 1848
915 1273
280 1715
280 753
280 743
280 968
1491 975
1491 1095
1399 1268
1399 1871
706 266
706 1050
706 1072
706 1103
706 1236
706 1812
1228 154
1228 159
1228 253
1228 267
1228 613
1228 824
1228 955
1228 1097
1228 1679
1228 1236
1228 1484
1747 937
1747 1075
266 1261
266 1103
266 1072
1823 644
1823 1081
1823 1229
1823 1489
1823 1508
1823 1547
1823 1596
1328 680
1328 825
1328 890
1328 1025
1328 1103
1328 1331
1331 735
1331 825
1331 859
1331 1052
1331 1067
825 326
825 372
825 662
825 1052
825 1182
825 1237
825 1374
825 1251
825 1636
825 1385
825 1650
883 179
883 337
883 517
883 597
883 881
883 1674
883 1803
883 1296
883 1297
883 1299
883 1065
883 1461
883 1464
883 1223
883 1103
883 1300
883 1391
883 1201
883 1264
1075 787
1075 880
1075 1546
1075 1458
1618 728
1618 1726
609 184
609 1590
782 495
782 632
782 685
782 781
1507 753
1507 1168
1655 412
1655 1039
1655 1251
1655 1296
1655 1297
1655 1299
1655 1300
1655 1811
1655 1678
1514 670
1514 1812
1514 1725
399 1095
294 613
704 685
704 1412
704 1494
704 1023
704 1830
704 1792
704 1448
1645 1139
1788 654
1788 1020
1788 1858
1788 1830
130 848
130 342
130 803
848 803
342 1025
342 597
131 191
131 613
131 1698
191 1693
191 561
191 1877
191 992
191 1519
191 1280
191 1538
1698 367
1698 517
505 1268
1567 761
1567 1339
1567 1405
1567 1409
1446 334
1446 962
1446 1023
1446 1489
1587 623
1587 752
1587 1486
581 267
581 1556
581 672
581 942
581 944
581 680
581 1209
581 1479
581 640
1510 685
1510 1020
1510 1037
1521 577
1521 1052
1521 1489
1543 962
135 1027
1027 1168
1027 1273
1296 179
1296 517
1296 881
1296 1223
1296 1674
1296 1297
1296 1299
1296 1300
1296 1725
1449 933
1449 1266
1243 590
1243 1806
1244 497
1244 590
1244 1047
1244 1322
1067 257
1067 577
1067 938
1067 1024
1067 1298
1067 1742
1067 1694
1067 1497
1067 1771
1067 1538
1388 187
1388 292
1388 413
1388 579
1388 736
1388 737
1388 881
1388 937
1388 1212
1388 1280
1388 1300
755 975
148 880
148 850
148 151
148 571
148 1517
148 649
148 1771
1785 271
1785 736
1785 976
1785 1437
1785 1821
1437 1821
1821 1392
139 590
139 391
590 1423
590 1050
590 1828
590 1512
391 212
391 863
391 1538
140 1012
140 1160
1012 1103
1160 303
1160 1268
1160 1369
1160 1257
141 1577
141 1448
1577 316
1577 799
142 1472
142 268
1472 1113
1472 1168
1472 1309
1472 1522
268 670
268 1183
1704 744
1704 992
1229 644
1229 1081
282 1036
744 1257
257 471
257 479
257 1024
257 775
257 776
257 267
152 670
152 1678
440 1467
1847 381
1847 1334
1847 1744
1223 179
1223 517
1223 597
1223 881
1223 1103
1223 1201
1223 1297
1223 1299
1223 1464
1223 1264
337 212
1693 586
1693 854
1693 1052
1693 1178
1693 1483
1693 1555
1693 1614
1768 1358
1771 924
147 153
147 154
147 702
147 1623
147 419
147 1767
147 842
153 154
153 1623
153 1712
153 419
153 1767
153 842
154 1623
154 419
154 1767
154 842
702 1497
1623 419
1623 842
1623 1036
1623 1767
419 842
419 1767
1767 842
880 1458
880 1626
880 1517
850 798
850 1445
850 1497
850 992
151 571
151 573
571 1555
571 573
571 1506
571 971
1517 1626
649 767
1443 351
1443 423
1583 381
1583 1504
1110 994
1504 249
670 298
670 386
670 431
670 1678
670 1003
670 1183
670 736
1678 1003
1678 1103
1712 628
1712 831
1712 1268
1712 1538
156 1602
157 1571
157 544
1571 984
1571 1128
544 168
544 1353
1838 1196
1838 1492
1838 1715
159 975
975 537
975 774
975 1685
975 1816
975 1714
975 1719
975 1479
975 1610
975 992
161 1784
1784 1310
798 212
798 264
798 632
798 1292
798 992
798 998
798 936
798 1222
298 226
298 781
298 413
298 1315
298 1078
298 447
298 968
298 715
298 1375
298 1262
298 1021
298 642
298 1416
1862 1830
859 644
859 1021
859 999
402 285
402 316
402 998
402 1255
976 1679
1506 662
1021 1112
1021 1812
1021 1062
1047 413
1047 1300
1047 1306
1047 1230
1052 252
1052 334
1052 577
1052 644
1052 753
1052 818
1052 1048
1052 1315
1052 1591
1052 1458
1052 1501
1052 1793
1052 1128
1052 1644
1052 1152
1353 984
1353 987
1353 1261
1353 1376
1353 1854
736 546
736 1103
736 743
736 1025
819 577
1572 1128
1572 1687
1572 1793
1381 1189
586 1742
1152 761
1152 1405
166 1522
166 1564
1564 685
1564 1339
1564 1405
1683 903
937 187
937 740
937 1807
937 1725
890 1877
890 894
171 1660
1660 610
1687 245
1687 529
1687 1230
1687 1298
1687 1365
1193 490
1193 1062
1193 1334
1236 655
728 317
728 783
632 421
248 285
248 655
248 984
248 1848
775 334
775 1464
775 1497
775 1024
775 776
1864 271
924 891
924 1291
426 874
1467 818
962 814
962 818
962 944
962 1489
453 1546
453 942
453 570
453 741
453 1035
490 1036
495 360
495 781
495 958
495 1855
1034 1033
1034 1731
547 1011
561 1742
561 1458
561 1812
561 1625
561 1257
1775 228
1775 1621
680 481
680 1409
680 1714
1714 360
1714 367
1714 665
1714 958
1714 1023
1714 1556
1095 920
1095 944
1095 1722
1636 644
1636 1023
1644 254
1644 709
1644 985
1644 1640
1020 1792
1020 1789
254 985
254 1640
367 1058
949 270
949 947
949 1561
179 881
179 1299
179 597
179 1297
179 1464
179 517
179 1201
881 187
881 413
881 517
881 597
881 1674
881 1297
881 1299
881 1300
881 1201
881 1264
1299 517
1299 716
1299 1268
1299 1297
1299 1300
1299 1461
597 517
597 1201
597 1464
597 1391
597 1264
1297 517
1297 1300
1464 507
1464 517
1464 1201
1464 1264
1464 1391
1464 1626
517 1400
517 1300
517 1264
517 1201
517 1461
1201 1264
180 1614
180 181
180 1163
1614 181
1614 1163
181 1163
184 1479
184 1503
1503 217
1503 999
1546 267
1546 331
1546 1339
1546 1392
1702 943
1702 944
331 267
331 617
267 1039
267 920
267 944
267 1719
267 726
267 617
267 1501
267 1023
267 1409
267 1357
267 1538
1035 351
186 1273
187 1300
187 413
187 479
187 1148
187 1789
1300 413
1300 943
1300 1726
413 220
413 1306
413 1725
413 1812
413 1155
479 938
479 1742
1789 654
1789 1858
737 700
737 1488
737 1280
231 1178
285 1742
468 1100
578 276
596 1036
1268 406
1268 716
1268 831
1268 903
1268 1006
1268 1015
1268 1162
1268 1560
1268 1426
1268 1722
779 351
779 1036
779 1750
1877 360
992 212
992 381
992 1426
992 1497
1280 742
1538 570
1538 664
1538 1808
1538 1806
1538 1750
1538 1813
192 1015
1806 498
1806 982
1806 1257
1806 1428
1048 753
1048 1151
818 761
818 814
818 1168
818 1409
1855 457
1855 783
461 1113
1486 664
1367 747
1367 753
1367 1098
1367 1360
194 1285
1285 863
1183 529
1588 1801
1621 944
1621 1162
1611 263
1611 430
202 1041
1410 1306
1812 371
1812 936
1812 1725
205 1365
696 1178
1725 936
1813 1097
1813 1357
1813 1458
777 665
777 1360
939 655
939 1742
939 1626
939 1360
665 860
936 212
1267 286
1865 481
1865 824
507 483
212 1292
212 1808
212 1222
1292 1222
1808 1373
853 856
853 986
853 854
855 249
855 439
855 854
855 1240
855 856
855 1509
856 249
856 439
856 854
856 1240
856 1509
854 439
854 1240
854 1509
1509 674
1509 1830
217 933
698 941
1726 1461
483 550
483 487
891 988
221 971
971 492
971 644
223 1703
335 242
335 941
335 721
721 947
721 863
226 1098
1253 958
323 1560
1178 628
1178 1155
249 1809
944 464
944 529
944 784
944 814
944 1188
944 1339
944 1023
944 1409
582 583
1230 302
1230 1405
753 1036
1805 1023
1805 1259
1805 1289
1805 1484
1805 1665
1805 1803
1805 1807
1003 1006
1665 1289
1665 1803
1665 1807
284 435
1339 943
242 1261
1261 1103
1261 1488
838 1023
783 685
783 781
783 1858
1722 1290
1354 1445
1742 1024
1742 1059
655 761
1848 378
251 381
251 1854
381 371
381 412
381 812
381 1852
381 1531
252 1600
1640 302
471 877
471 1117
471 1612
1540 412
1540 481
1271 1427
1271 1827
320 454
1400 529
934 1404
1103 1072
1103 1674
1103 1715
262 983
262 1792
263 1488
263 430
1488 700
430 752
264 1078
264 1079
1078 1520
265 412
412 863
1072 1101
1072 1715
1039 1501
726 814
1501 1255
1023 1489
1409 814
1409 900
1357 1489
317 316
317 941
317 1404
1108 901
1108 1182
1694 548
276 513
1316 1318
326 454
1715 1143
743 546
743 1025
1155 353
1036 639
1036 823
1036 955
1036 1596
1818 1395
941 316
941 947
1484 447
1017 1590
1234 1853
487 1016
291 1663
291 1625
1663 295
1625 295
682 302
1217 1040
351 666
351 767
351 610
781 685
781 784
715 767
642 1392
301 761
761 1405
302 1369
1369 1870
318 385
1423 658
1423 988
1423 1404
1556 1555
681 685
316 1091
1342 615
1342 1343
1342 1857
1342 1830
529 1629
1343 615
1343 1830
1750 1006
1750 1798
360 784
360 493
685 1356
903 960
767 1389
767 1412
464 1756
1489 644
1489 1081
1489 1508
563 1069
647 645
481 740
1255 1770
1539 1427
1025 546
1392 498
666 662
610 644
784 1220
361 1204
1445 646
1508 644
1508 1081
1264 1391
1807 837
1807 1803
1815 527
1815 1852
1744 963
1081 644
1081 1547
1591 947
371 812
709 1037
378 1016
1139 644
1412 1590
644 1547
1688 1639
1275 583
420 988
1835 1006
1227 1711
1385 646
494 994
994 908
701 1259
625 999
773 1395
1626 970
605 1083
1395 999
662 1202
999 674
1037 1801
658 997
1171 1791
1452 1434
1094 1140
