1578
446: 1514 460 1122 1534 682 
1514: 446 460 682 902 363 
460: 446 1514 363 902 
1122: 446 512 544 551 635 747 774 811 879 956 1045 1050 1060 1116 35 81 114 129 132 332 419 1389 1399 1166 1167 1574 1217 1219 1249 1408 
1534: 446 507 554 864 1096 1172 1376 17 325 420 1560 
682: 446 1514 363 393 902 1320 1262 
902: 1514 460 682 363 1067 
363: 1514 460 682 902 722 55 56 
512: 1122 223 559 622 945 252 83 442 1163 585 957 507 1376 1412 1250 51 886 885 1226 161 1516 1328 1219 596 732 1372 1507 
544: 1122 223 559 1000 945 614 615 840 1068 1542 874 203 1469 83 50 438 1163 1294 566 957 1376 42 1373 1045 424 1249 192 1149 854 1096 853 629 391 1470 1035 168 317 1166 1269 1116 1120 1507 1240 281 511 7 84 85 231 272 369 390 1493 1187 1422 1177 1107 956 571 960 1252 881 744 1131 
551: 1122 945 911 127 653 
635: 1122 539 8 1240 1344 
747: 1122 223 1199 23 106 355 945 236 238 1542 203 577 438 1163 585 957 539 440 507 1376 1285 1249 1002 1075 1547 1024 1250 317 416 560 698 105 385 390 1010 1533 1445 1252 1508 1365 879 881 
774: 1122 223 355 945 252 203 83 373 442 957 1494 507 1503 1547 1314 916 415 1166 81 129 212 380 417 1176 1507 
811: 1122 158 888 1298 451 455 463 503 508 525 625 637 647 652 656 661 772 31 82 83 115 214 295 315 342 356 366 411 413 424 897 1533 1155 1539 1543 914 1307 1308 1056 1060 933 1361 1066 1330 1088 844 1231 1028 838 1392 
879: 1122 747 1021 1214 1481 23 106 355 622 138 236 962 238 354 1542 1321 1469 1255 50 438 1163 1294 1549 585 957 276 539 890 507 699 1376 1249 166 1547 1149 319 1112 343 1314 391 656 1035 168 213 317 1269 845 31 129 361 385 390 1157 1005 938 1115 1252 881 
956: 1122 544 1399 1481 438 440 366 1251 1114 1507 1219 85 710 428 1529 1310 
1045: 1122 544 93 122 138 17 245 1542 1255 438 573 507 462 489 498 529 535 589 628 656 670 721 860 897 934 1005 1036 47 51 161 424 1412 1507 1317 1575 1343 1221 1096 1365 1368 1262 
1050: 1122 17 539 507 897 1506 501 508 651 161 
1060: 1122 811 1023 459 496 629 712 30 1147 1507 
1116: 1122 544 1399 93 138 1367 305 17 373 1266 1294 1549 507 1376 1009 267 251 716 1250 1114 656 605 685 1087 1115 12 161 1422 1555 
35: 1122 1196 93 138 1475 585 1109 507 1376 1388 1108 629 1191 338 1166 1177 1507 29 297 350 369 
81: 1122 774 1549 585 862 1494 1376 1388 1337 198 535 1313 1275 88 1166 829 1488 1507 783 1263 1290 1350 1408 369 
114: 1122 1303 1163 182 132 1166 1269 303 1432 1483 129 
129: 1122 774 879 114 1481 180 1574 1249 132 1166 1252 
132: 1122 114 129 355 373 1163 1013 507 1376 775 358 
332: 1122 364 395 1481 355 1017 1273 1435 965 400 69 228 
419: 1122 1399 970 83 314 1266 911 1280 510 1550 284 290 424 1052 649 209 287 770 650 1378 58 253 780 1547 1069 182 482 282 535 589 601 648 651 659 670 713 769 805 876 918 961 965 1024 1042 1076 1111 1145 1157 1240 1246 1293 1527 1536 1553 43 57 69 121 200 208 240 258 308 409 420 425 
1389: 1122 223 735 1469 83 1163 1388 1185 1435 989 1208 1272 897 489 198 658 717 1093 1166 1300 268 1541 1490 
1399: 1122 956 1116 419 447 89 364 500 506 539 556 558 564 566 606 622 644 663 689 690 692 713 717 726 738 780 781 830 857 865 897 974 998 1004 1101 1106 1154 1166 1176 1185 1217 1226 1256 1270 1299 1308 1335 1368 1397 17 53 55 77 83 93 106 120 122 139 231 251 255 275 284 285 290 293 342 353 359 360 386 425 434 1542 1417 1552 1527 1448 1406 1496 1523 1450 1513 
1166: 1122 544 774 35 81 114 129 1389 1399 223 1481 585 1109 1099 406 507 1376 1081 1249 1028 1207 1251 1314 168 520 684 728 851 896 927 1016 105 128 433 1263 1522 1289 1167 1252 1387 1487 1369 1533 1408 
1167: 1122 1166 1074 629 1507 653 
1574: 1122 129 223 355 252 577 373 438 1163 585 458 1109 566 957 164 276 1229 507 574 629 649 727 744 852 857 1002 1003 1025 1046 1093 1114 1131 1153 1226 1249 1252 1269 1314 1316 1317 1365 1412 1547 7 42 208 212 283 317 319 369 391 
1217: 1122 1399 146 269 690 1004 287 1428 251 477 387 388 670 825 850 935 1115 1136 84 200 328 335 339 341 343 1394 
1219: 1122 512 956 442 855 690 935 366 1397 689 1268 1507 830 1133 27 128 250 
1249: 1122 544 747 879 129 1166 1574 223 1021 559 146 962 1183 1542 1321 83 50 438 1294 1325 957 1229 890 699 467 1440 1208 504 629 886 936 1002 1003 1112 1115 1149 8 84 166 298 317 319 369 390 1300 1427 1357 1252 1507 
1408: 1122 81 1166 203 83 585 1494 1313 1275 1507 1263 1350 
507: 1534 512 747 774 879 1045 1050 1116 35 132 1166 1574 16 89 1430 1457 1214 1481 106 644 622 93 236 46 1304 314 1143 1163 911 954 1549 585 458 1109 1099 566 855 493 539 180 239 440 890 479 482 506 30 32 40 55 58 69 75 78 88 120 150 168 170 182 187 198 208 209 213 219 230 233 246 247 253 255 270 282 283 284 288 289 290 291 292 293 312 313 315 317 319 330 331 335 339 341 342 372 382 396 397 415 416 424 437 443 1136 1141 633 1147 641 1308 1154 540 1182 1228 1185 683 691 696 1209 708 1220 1150 1226 724 726 727 1241 1324 1248 752 1262 1264 1268 1269 538 777 907 1288 784 789 1299 826 799 1309 1311 1314 829 816 1343 845 1004 1363 858 1368 868 869 1376 1382 1383 754 880 1387 883 885 886 1395 897 927 1412 1413 1417 1419 916 1437 800 1470 965 1476 971 972 975 699 884 1488 1491 992 997 1503 1114 1002 1003 1292 1020 1024 1530 515 1532 531 1234 1553 1554 1038 1052 549 1568 1063 1575 562 567 617 574 1088 582 1093 1551 598 1120 1121 1507 712 
554: 1534 323 325 1561 1504 1505 
864: 1534 435 1481 215 1376 1052 366 1504 1505 1483 
1096: 1534 544 1045 786 1214 580 974 871 622 177 183 184 305 1079 970 962 17 357 1542 874 203 735 1255 50 314 373 438 1163 911 1294 848 566 1126 750 1513 1085 1224 284 645 1548 1231 424 1435 1020 649 1097 606 1503 1002 1003 137 1254 650 1071 478 99 116 124 166 444 755 609 1207 1069 1206 854 481 536 567 586 597 602 625 651 668 672 749 751 753 754 756 779 810 843 845 853 858 920 934 951 958 1035 1046 1047 1048 1053 1059 1063 1087 1095 70 175 178 208 222 225 247 303 306 319 338 361 375 423 443 445 1150 1162 1173 1228 1215 1232 1239 1240 1251 1272 1275 1319 1346 1382 1407 1417 1420 1422 1517 1521 1566 1572 1551 1114 
1172: 1534 1114 69 257 
1376: 1534 512 544 747 879 1116 35 81 132 1166 507 864 223 1021 23 101 1000 138 236 305 962 17 238 357 1142 1542 925 933 1321 1358 987 988 874 1255 50 373 1022 903 911 921 804 1294 1549 458 215 539 1550 139 239 334 406 890 617 485 489 522 550 571 602 620 629 643 651 676 681 690 712 717 732 752 756 781 784 789 791 792 797 806 808 814 850 854 869 881 893 896 897 906 907 927 935 966 972 1020 1026 1046 1052 1056 1078 1088 1089 1093 1114 1115 1127 1149 1168 1192 1203 1211 1212 1228 1232 1242 1250 1251 1270 1288 1299 1317 1346 1357 1361 1369 18 42 74 85 136 166 168 173 204 222 232 237 251 257 267 270 272 289 291 293 306 308 317 319 323 325 333 353 358 390 391 408 420 1505 1388 1395 1422 1470 1476 1488 1503 1506 1507 1519 1540 1541 1554 1559 1561 1427 
17: 1534 1045 1050 1116 1399 1096 1376 89 1196 1214 106 355 644 622 93 138 453 489 504 535 537 539 548 629 650 696 771 856 880 897 914 938 957 981 1034 1035 1041 1046 1052 1093 1095 1109 1115 1127 1173 1212 1215 1226 1280 1294 1319 1348 1357 1361 1365 1378 1427 1483 1496 1497 1503 1506 1521 1530 1542 1554 136 140 189 238 240 247 251 267 269 273 284 290 308 313 314 317 335 373 397 401 415 420 438 440 18 33 58 105 
325: 1534 554 1376 267 323 270 416 420 1125 814 909 937 1374 1459 1504 14 
420: 1534 419 1376 17 325 1481 236 523 203 911 664 585 666 185 1450 25 270 869 875 918 961 1029 1431 1484 259 425 
1560: 1534 585 666 1127 1262 1504 1505 
393: 682 447 89 559 587 719 767 839 840 844 945 1000 1021 1053 1069 1075 1076 1098 1149 1191 1225 1279 1294 1298 1299 1319 1414 1435 1450 1495 1549 28 116 137 166 203 218 272 320 328 347 390 
1320: 682 1481 1450 39 596 1067 702 984 
1262: 682 1045 507 1560 1099 666 862 530 1285 424 1412 789 1002 1026 693 1114 581 665 667 1019 1261 39 92 103 257 1296 1559 1326 1277 1387 
1067: 902 1320 426 1046 390 1236 162 245 859 1538 778 631 1208 192 1491 985 161 94 611 546 703 851 978 983 984 21 1180 1445 1203 1497 
722: 363 1054 566 606 987 988 945 357 933 1226 355 238 1075 587 203 1321 1542 1552 50 1462 877 453 454 545 680 252 59 190 1142 523 1183 1291 669 1475 1478 487 643 336 373 802 954 1358 772 1243 874 1501 
55: 363 1399 507 1467 1237 1109 1149 1466 24 340 56 
56: 363 1237 514 55 1251 534 1436 
223: 512 544 747 774 1389 1166 1574 1249 1376 447 459 478 548 617 650 651 663 752 858 859 885 886 890 933 962 1002 1003 1004 1021 1046 1047 1052 1053 1069 1070 1093 1108 1109 1117 1143 1168 1206 1226 1252 1315 1343 1357 1481 1507 1533 1572 12 58 85 88 116 126 222 283 416 424 245 298 433 369 438 314 267 319 342 343 350 253 355 338 361 238 242 
559: 512 544 1249 393 447 1214 580 1481 490 502 539 542 31 59 105 139 187 200 204 242 298 327 354 369 390 413 440 445 756 629 1395 1127 1020 1400 642 645 1035 1544 1078 914 673 934 681 684 1294 829 1577 690 1295 874 672 1023 717 1088 1228 1447 1506 987 1115 1367 971 1094 1251 1507 1509 751 
622: 512 879 1399 507 1096 17 435 1021 786 760 1303 1199 974 871 553 621 645 648 649 650 656 754 755 769 897 1078 1095 116 128 176 390 255 442 445 47 106 482 484 629 706 824 868 945 965 999 1004 1069 1215 1236 1280 1367 1428 1463 1549 66 236 245 305 317 338 342 357 391 200 1066 314 234 478 617 858 885 890 1002 1003 1109 1117 1168 1226 1572 12 58 88 222 438 343 253 238 1075 1503 767 840 1000 1149 1294 1319 1435 1495 272 627 1470 1097 1137 1231 1287 448 454 456 467 499 503 508 510 515 561 570 572 584 596 597 601 602 610 611 2 13 15 25 38 42 50 77 86 93 100 105 124 138 164 181 185 189 192 193 201 209 211 221 228 232 244 273 281 303 316 329 330 331 362 367 373 386 389 406 423 428 441 1548 642 643 1162 1163 1515 662 756 670 674 675 690 1207 1208 1211 1212 716 1232 1063 1407 1245 1251 745 749 751 773 775 1291 1295 1402 1500 826 1311 1313 1321 744 1334 1254 1355 853 857 1370 865 1379 880 1347 883 1010 889 1011 1265 911 915 1427 1429 1434 1442 1440 1087 957 964 855 1325 1026 1489 1496 992 1499 750 1005 1513 1012 1258 1520 1017 1025 1126 1035 1205 1547 1542 1551 854 1051 1566 1361 934 1477 1091 1365 1113 1115 1302 1127 1388 623 1134 
945: 512 544 551 747 774 393 89 888 1021 1481 871 606 987 1024 1079 116 177 183 184 390 306 442 445 844 448 113 1000 622 457 502 533 545 565 574 587 643 647 659 699 717 722 731 735 742 756 780 802 839 853 854 874 881 892 925 927 933 18 39 41 50 93 118 126 134 137 166 168 178 188 202 203 218 303 304 313 320 322 328 329 357 392 406 416 418 1142 1149 1158 1183 1194 1197 1207 1225 1228 1231 1251 1252 1254 1326 1260 1269 1243 1075 1291 1319 1321 1168 1255 1355 1358 1373 1400 1406 1435 1469 1471 967 970 1478 1495 1503 1517 1521 1034 1035 1541 1542 972 1575 1462 1549 1087 1387 
252: 512 774 1574 629 416 319 1294 1137 1552 1154 139 386 204 722 874 138 140 199 907 664 881 1064 1400 791 906 397 1193 389 452 850 882 908 1100 1292 1296 
83: 512 544 774 811 419 1389 1399 1249 1408 89 1298 1199 1457 1214 1481 489 566 644 712 806 897 987 1078 1079 1123 1216 1309 1411 177 183 184 205 390 251 306 354 106 455 466 482 484 594 763 844 845 917 965 1082 1118 1240 1266 1280 1314 1367 1368 1378 1463 1506 1549 36 37 82 134 305 456 457 467 476 486 510 535 537 577 593 602 643 652 704 707 717 775 789 819 850 855 866 903 904 905 915 935 938 959 969 989 996 1020 1022 1023 1033 1052 1087 1115 1202 1212 1232 1251 1292 1294 1295 1357 1382 1395 1435 1441 1507 1538 1544 1553 1572 32 117 126 289 212 209 232 242 261 287 304 312 313 315 327 339 387 388 407 413 416 425 85 440 360 84 109 200 
442: 512 774 1219 16 1021 1303 719 1481 566 606 644 645 755 884 897 901 1046 1078 1079 1185 1273 1413 116 176 183 184 275 306 354 106 622 945 1520 1367 305 970 190 245 545 1321 456 221 421 438 441 474 476 478 499 508 567 572 576 607 642 696 720 752 756 761 780 791 792 804 826 843 849 850 854 857 867 880 881 906 907 951 960 964 982 992 1020 1035 1048 1053 1069 1087 1091 1126 1137 1149 1190 1205 1207 1228 1231 1232 1240 1251 1265 1272 1280 1294 1299 1311 1355 1388 1427 1428 1435 1463 1477 1489 1566 1572 2 5 6 7 47 69 82 88 98 105 124 125 178 180 181 185 189 209 228 240 253 268 272 303 317 329 338 358 362 382 391 406 417 423 
1163: 512 544 747 879 114 132 1389 1574 507 1096 525 649 705 987 1079 183 184 390 306 629 999 1191 1266 1463 1549 236 313 317 357 391 424 962 617 890 1168 1533 1572 88 416 319 355 238 1503 1076 1149 1294 1435 166 622 456 717 855 376 970 781 353 1417 585 660 50 1251 1022 1023 853 105 358 1554 457 545 874 1142 1183 138 467 373 1422 602 168 736 927 237 546 900 247 595 179 337 756 1190 1209 65 679 822 216 289 389 401 1187 1211 1227 1233 1437 1518 1524 1545 1553 1473 
585: 512 747 879 35 81 1166 1574 1408 507 420 1560 1021 1457 553 952 354 445 103 629 972 1549 236 245 317 357 391 962 890 1168 1252 12 88 126 283 433 267 319 238 1503 1294 1299 166 272 494 925 1470 726 1321 1542 69 456 717 971 1496 1400 1304 874 1255 1023 1163 664 457 502 504 536 562 569 19 42 107 121 225 248 256 270 292 323 387 641 665 666 667 671 1188 1207 1228 1234 1251 744 748 1260 1269 1277 1296 814 817 1361 860 861 1374 875 881 1388 891 1422 1437 927 946 977 1491 1020 1029 1553 1087 1088 1132 
957: 512 544 747 774 879 1574 1249 17 760 650 769 116 390 482 613 629 1028 1378 1549 236 317 357 391 885 933 1168 88 319 238 1503 1294 1299 1435 925 1470 622 1542 1552 456 376 1270 672 854 903 1251 565 41 280 281 23 138 1142 1183 874 673 546 602 674 881 883 927 950 951 19 42 192 193 237 327 358 370 1187 1209 1232 1239 1422 1456 960 1471 1487 997 1509 1553 1554 1107 1120 1128 
1412: 512 1045 1574 507 1262 786 1199 884 897 916 1309 1413 629 965 424 230 1052 1109 1226 88 1503 1299 290 506 539 284 386 425 880 1112 531 954 463 479 536 579 653 777 800 1038 1136 1241 1248 1382 1383 247 282 396 397 1530 
1250: 512 747 1116 1376 158 364 395 1021 1196 897 987 1369 629 1549 236 424 93 138 238 545 438 660 1450 267 789 232 237 166 1251 485 548 784 880 941 1115 1186 1226 12 53 78 297 310 331 1554 1315 1317 1372 1476 1427 
51: 512 1045 487 1420 
886: 512 1249 507 223 1021 760 489 897 916 1428 317 440 617 138 1321 1294 1325 276 699 1285 1153 1429 267 1052 1443 1002 1003 1361 58 166 1272 693 1234 247 308 498 547 638 707 883 86 219 222 229 273 288 331 349 370 907 1100 1145 1357 1226 977 992 993 1239 1115 
885: 512 507 223 1021 1481 489 897 916 26 1069 1314 245 200 617 622 138 238 1321 577 441 911 1294 957 276 510 1285 1153 1429 290 1052 1002 1003 330 1361 166 777 693 54 1251 247 308 513 547 578 579 638 883 86 229 272 288 331 353 382 1395 1145 1275 1532 1551 1326 1100 1357 1239 1115 993 1127 
1226: 512 1399 1574 507 17 223 1021 566 755 897 916 1309 1411 251 655 706 752 1069 1144 1428 1508 66 424 200 1250 1540 617 886 1052 622 122 138 238 1321 1462 722 911 804 1294 954 704 1126 276 1153 1429 267 1412 1020 490 1361 166 347 1211 810 1530 777 693 1112 535 308 1136 1532 1343 547 498 599 638 672 674 711 717 725 737 756 782 882 883 977 992 993 1001 1005 1010 1035 1100 1115 22 30 86 107 110 151 172 173 204 219 229 240 273 331 345 349 370 380 382 384 1239 1276 1433 1357 1545 1555 
161: 512 1045 1050 1116 965 962 663 1507 85 1067 992 690 1099 240 1258 1348 121 640 862 636 1431 
1516: 512 218 284 
1328: 512 1079 184 188 
596: 512 1320 1021 1457 424 285 1002 1003 126 1503 1294 622 562 403 1233 1274 1239 1569 
732: 512 1376 650 416 539 359 373 366 615 
1372: 512 1250 416 539 935 851 
1507: 512 544 774 956 1045 1060 35 81 1167 1219 1249 1408 507 1376 223 559 1549 83 304 1093 146 900 690 366 689 145 1251 1114 1127 1385 88 517 728 1115 1310 85 121 161 367 369 
1000: 544 1376 393 390 945 245 317 391 238 448 23 113 463 622 669 772 874 50 107 168 171 203 231 272 1149 1294 1422 1321 1204 1347 1131 
614: 544 1069 651 1319 1302 1566 854 280 1311 950 510 631 49 418 450 
615: 544 1143 717 911 280 450 196 732 803 810 
840: 544 393 1481 649 629 1069 357 1053 253 622 93 452 453 549 582 597 609 687 694 742 813 42 69 166 175 203 218 1393 1018 1272 1529 1223 1289 1566 1041 1422 1551 1552 1553 1304 1128 1063 1358 1244 1246 1114 1255 
1068: 544 871 650 1046 965 1069 338 424 1294 1365 911 1030 1207 571 1127 423 510 99 1285 452 711 1025 235 380 1077 1232 1323 
1542: 544 747 879 1045 1399 1249 1096 1376 17 435 1021 1054 1481 566 644 987 988 390 354 106 629 752 845 945 1240 1280 1549 236 245 317 357 391 424 200 962 617 890 1093 1108 1109 1252 438 319 343 355 587 1149 1294 1299 1435 1450 166 218 272 494 925 1470 1231 622 726 1321 1483 23 138 453 59 190 1142 1183 454 458 498 539 545 569 585 602 603 634 669 674 699 704 718 722 784 791 792 795 860 861 874 881 895 906 907 927 938 957 967 1013 1085 1087 1107 1112 1115 1127 1192 1208 1243 1251 1255 1260 1291 1295 1300 1302 1311 1361 1365 1373 1388 1405 1422 1427 1476 1523 1525 34 44 50 78 105 168 187 276 286 293 316 334 358 394 1577 1553 
874: 544 1096 1376 1054 1199 559 649 987 988 390 945 245 317 357 391 617 890 933 355 238 587 1000 1149 1294 203 272 925 1470 1321 1542 1552 1034 1365 539 231 585 50 1462 718 131 957 358 877 1388 457 453 454 545 680 722 23 252 59 190 1142 1183 1291 1475 1478 1358 1243 577 623 819 168 322 333 373 1163 1422 1476 1209 1131 1127 1255 
203: 544 747 774 1408 1096 420 393 988 116 445 47 945 287 357 933 222 416 253 840 1000 1149 166 93 1142 1183 1291 545 1321 454 1478 722 1358 1243 742 874 571 602 643 720 743 744 802 804 846 853 854 881 927 949 995 1025 1035 1049 1087 1146 1197 1228 1251 1269 1373 1434 1521 18 105 164 218 293 322 
1469: 544 879 1389 1481 945 1191 663 267 1299 454 493 850 851 
50: 544 879 1249 1096 1376 1021 1457 644 656 1078 390 354 845 945 1215 1280 245 317 342 391 440 200 962 890 1252 438 319 355 238 1000 1149 1294 1435 166 272 622 1321 1542 456 1566 539 231 672 699 23 190 545 722 874 569 571 634 673 674 914 938 1035 1087 1112 1115 1131 1163 1251 1337 1388 1422 7 39 42 380 168 406 237 
438: 544 747 879 956 1045 1574 1249 1096 17 223 395 1021 1054 1196 1199 1457 528 553 566 606 649 650 755 897 1008 1046 1078 1095 1273 390 251 354 442 445 629 752 753 1069 1506 1549 162 236 245 305 317 391 424 440 962 1250 314 478 859 890 933 1002 1003 1093 1168 1206 1315 1357 12 88 126 416 23 131 622 93 122 138 745 1336 1400 238 1542 1291 1321 587 1358 742 456 50 467 498 502 503 508 535 546 550 571 602 641 671 681 717 729 736 744 757 781 818 825 826 850 857 881 911 914 927 934 936 951 1041 1071 1076 1085 1087 1097 1115 1127 1149 1153 1162 1169 1194 1211 1212 1245 1251 1260 1270 1294 1295 1299 1330 1331 1337 1361 1365 1388 1422 1427 1470 1476 1496 1497 1503 1575 1577 5 7 18 39 70 73 107 112 125 136 139 166 168 189 202 206 218 232 237 239 242 249 253 290 293 309 319 327 331 339 348 353 358 367 378 382 386 400 408 423 444 
1294: 544 879 1116 1249 1096 1376 17 393 888 1021 1457 1467 1481 559 566 644 916 987 988 116 390 354 442 106 629 845 1069 1367 1549 83 236 245 313 317 338 357 391 962 478 617 885 886 890 1047 1093 1226 1252 1533 416 438 319 253 355 1503 1000 1149 23 622 252 1068 79 190 1542 545 1321 874 1255 456 50 1163 804 510 539 569 571 576 582 585 596 603 623 634 641 665 671 699 717 756 772 775 777 850 853 854 881 938 957 1025 1035 1056 1112 1115 1131 1203 1207 1228 1251 1254 7 18 42 107 139 166 168 171 218 228 231 263 272 276 284 326 334 348 1299 1388 1352 1422 1361 1476 1530 
566: 544 1399 1574 507 1096 16 395 1021 1457 1481 1237 525 538 106 644 236 962 238 1542 669 1321 722 735 83 706 577 456 438 441 442 1266 804 1294 1549 704 1216 463 482 513 516 40 48 54 58 66 77 124 125 128 192 200 213 222 247 251 255 275 280 284 287 288 290 313 317 331 335 342 352 360 391 417 424 428 440 444 629 638 649 650 651 656 1147 1208 639 709 1220 1226 792 1236 1239 1240 1251 746 753 757 1275 769 1285 780 1299 1305 1325 824 916 1424 1004 855 1383 1384 1387 883 1390 1398 893 897 905 1413 1069 1423 917 920 1428 1429 1432 929 1443 938 950 965 1530 982 1509 1510 1025 1547 1566 1571 1572 567 617 1082 1100 1101 606 613 1133 
42: 544 1574 1376 1457 644 390 106 965 1280 287 317 391 459 1206 283 319 355 238 840 1149 1294 272 1470 622 539 585 854 50 1251 1035 957 1207 853 571 59 1373 1358 642 602 735 1085 646 671 727 744 777 783 852 1025 1120 1131 1253 1331 1337 1370 1382 1547 7 392 168 
1373: 544 1054 390 945 357 391 459 319 1075 1149 203 272 1470 1542 1552 1254 76 358 545 1183 42 654 744 168 1476 
424: 544 811 1045 419 507 1096 1262 89 223 888 760 930 1199 1467 974 1481 489 553 566 606 621 645 649 650 656 705 754 769 897 1079 1177 1486 183 354 445 47 482 706 999 1004 1069 1191 1280 1428 1506 245 287 317 342 355 745 46 1068 190 418 1542 925 1321 438 1163 911 954 1109 855 164 1209 1388 185 284 1429 642 463 490 509 513 520 529 534 535 537 565 567 589 596 610 637 651 670 672 780 800 810 854 883 908 928 960 982 992 997 1020 1025 1036 1127 1136 1145 1162 1164 1198 1206 1207 1221 1226 1232 1250 1261 1317 1337 1343 1357 1361 1365 1393 1412 1435 1455 1477 1510 1554 86 105 124 125 181 182 200 222 235 253 340 376 394 425 
192: 544 1199 871 566 769 897 987 1046 1309 116 482 917 1069 1367 478 1168 1206 58 253 1435 1067 622 1321 804 376 959 1442 284 672 854 911 1035 565 41 280 281 301 421 957 1207 853 997 185 950 680 1183 674 1127 373 595 623 782 951 1087 1107 1232 1456 1547 33 107 247 193 196 235 
1149: 544 879 1249 1376 393 1021 1467 644 806 116 390 354 442 106 845 945 1157 1215 1280 1549 245 317 391 962 478 890 1053 1143 1252 438 319 343 355 1075 1503 1000 23 622 138 146 418 1542 669 545 1321 874 203 1255 50 373 1163 911 673 1294 164 276 539 1085 139 406 699 1388 42 185 284 1373 1361 166 1393 1547 569 602 623 634 756 813 860 881 938 1035 1112 1115 1127 1131 55 98 168 231 272 326 349 1197 1569 1244 1311 1337 1422 1544 
854: 544 1096 1376 1021 760 1199 741 871 521 648 649 650 755 769 771 987 1046 1095 1309 1550 116 442 482 945 1004 1069 1144 1367 1549 317 342 424 962 478 651 858 1109 1168 1206 1572 58 222 319 253 1294 1319 1435 1495 203 622 1321 804 2 959 689 780 1106 610 672 745 614 1400 1304 1183 373 421 911 957 1229 42 185 1153 1081 1254 192 1026 1547 1207 1091 499 546 565 623 671 674 728 746 749 756 758 775 828 836 847 853 41 49 54 70 86 151 193 211 247 279 280 281 289 324 331 358 428 1205 1232 1377 993 1311 1334 1370 1402 1403 1434 940 1456 960 1471 984 997 1001 1012 1107 1535 1035 950 1553 1087 1121 1127 
853: 544 1096 760 871 521 644 649 755 769 916 987 1095 1309 116 482 945 1266 1367 1549 317 962 478 1206 12 222 253 1294 1319 1435 203 1097 622 1321 804 178 959 1106 610 672 854 911 1254 1403 1035 280 281 421 1207 1291 1358 373 1163 42 185 192 1026 1091 1025 1232 1337 480 499 546 623 674 746 749 775 836 49 86 152 188 196 289 358 1205 1311 1334 1173 1370 940 949 1456 960 1471 997 1012 1535 1120 1049 1377 1087 1127 
629: 544 1060 35 1167 1574 1249 1376 17 89 1196 1214 559 489 566 644 897 251 255 354 106 23 355 622 93 138 252 840 238 245 1542 587 438 1163 673 1294 585 1109 1280 957 164 539 440 953 642 1412 789 1378 1069 865 182 777 1417 1251 343 1314 1496 1250 308 511 547 569 589 85 88 94 105 136 200 212 321 359 374 397 410 1160 672 674 715 1230 1252 1268 784 1311 1324 830 880 914 955 992 1506 1035 1101 1121 
391: 544 879 1574 1376 89 566 644 656 987 1078 390 354 442 845 1280 1314 1378 1549 212 236 245 317 338 23 355 1000 622 238 1542 874 1255 50 314 438 1163 673 1294 585 957 164 276 539 406 440 42 1373 1435 490 852 1002 1003 237 1071 166 1547 1149 1025 319 1251 343 571 634 638 672 674 727 744 938 1035 1120 1127 1131 1422 1470 1566 7 168 231 268 272 283 
1470: 544 507 1376 395 435 644 390 354 1280 1549 245 317 357 391 617 663 890 283 438 319 355 587 272 925 23 622 59 190 1142 1183 1542 1291 545 1321 1475 1243 874 577 373 585 957 164 539 1388 42 1373 852 1254 323 3 542 1248 496 571 672 676 698 718 744 881 914 1131 1365 105 168 1476 
1035: 544 879 1096 17 1021 1199 559 621 650 1046 1079 116 177 183 184 213 306 354 442 445 47 629 845 917 945 965 1069 1378 1428 1549 313 315 317 391 440 200 651 858 1003 1109 1143 1206 1226 1572 58 253 1076 1149 1294 203 622 717 376 1392 1566 692 780 139 1417 610 672 854 880 911 50 331 1403 523 1358 221 373 421 673 1017 1209 1388 42 5 388 1071 6 192 323 1026 1091 1025 1232 1211 810 853 247 1311 499 914 520 546 576 602 674 730 749 756 782 892 920 967 981 39 70 105 188 244 280 327 358 1162 1258 1305 1515 1456 1087 
168: 544 879 1166 507 1376 1457 656 1078 390 354 845 945 1280 245 313 317 391 440 933 438 355 238 1000 1149 1294 1435 272 1470 1542 1566 539 231 50 673 1388 545 571 874 1373 1127 1422 42 23 1163 406 237 330 569 634 744 1120 1131 7 303 
317: 544 747 879 1574 1249 507 1376 17 89 1021 1430 1196 1457 1214 566 644 656 754 897 1046 1273 213 390 354 442 845 955 965 1215 1378 1506 1549 212 236 23 355 1000 622 138 146 962 1542 1321 874 735 50 373 438 1022 903 1163 911 673 1294 954 585 1109 855 957 750 276 539 406 440 890 699 617 42 424 852 905 1254 166 1547 1194 1149 854 1025 1232 853 120 319 777 1112 567 1251 1114 247 886 1382 880 391 1470 200 672 1035 756 78 168 283 546 550 583 698 727 744 836 1005 1012 1115 1131 1252 1308 1315 1395 1422 1554 1577 7 231 272 303 382 416 437 360 
1269: 544 879 114 1574 507 1481 47 945 1314 1394 203 585 1038 574 
1120: 544 507 1481 390 1428 245 391 272 280 281 957 853 373 42 168 1337 1476 1553 560 785 167 173 389 1131 
1240: 544 635 419 1096 89 888 1214 566 606 656 1079 1177 1273 176 177 183 184 213 251 306 442 713 917 965 1082 122 1339 134 305 1542 83 577 1325 1513 1557 1428 1368 1378 780 607 567 304 1042 264 437 826 508 825 920 1034 1066 57 84 178 1517 1270 1432 1441 1253 
281: 544 760 649 650 1046 1550 516 1069 200 651 858 222 253 622 804 855 376 1566 959 1442 539 1106 672 725 854 911 565 280 1183 1291 421 1283 1126 957 510 185 192 1547 1207 1025 853 366 1311 235 997 1120 595 674 702 749 1471 1535 49 86 107 193 196 
511: 544 650 629 651 1357 238 1023 327 1304 1211 
7: 544 1574 1214 390 442 1215 317 391 440 283 438 319 1294 166 272 50 571 674 1127 373 42 168 852 1025 727 744 1131 
84: 544 1217 1249 89 1021 655 1082 1240 1280 1314 1368 1378 36 66 82 83 138 962 577 903 139 440 1020 90 287 603 200 313 312 315 437 651 684 
85: 544 956 1376 223 629 1549 83 1507 122 138 238 855 139 366 535 1127 1268 161 329 537 710 369 
231: 544 1399 649 390 251 317 391 1000 1149 1294 272 874 50 1509 240 168 1131 1422 121 
272: 544 1376 393 644 656 1078 390 275 354 442 845 1215 1280 245 317 391 885 355 238 1000 1149 1294 1435 166 23 622 1542 545 874 1255 50 954 585 164 276 406 1388 42 1373 237 1251 1127 1470 168 691 1120 1566 744 7 231 569 634 772 938 1131 1422 107 273 
369: 544 35 81 1574 1249 223 559 251 1507 85 862 1229 366 1127 881 1310 110 
390: 544 747 879 1249 1376 393 16 1021 559 644 649 23 106 355 1000 622 945 962 245 354 1542 545 1321 874 1255 83 50 438 1163 673 1294 1280 957 276 539 406 440 890 699 1388 42 1373 251 166 1149 319 1112 1251 391 1127 1470 168 317 845 1120 569 628 634 647 684 744 938 1067 1115 1131 1252 1422 7 107 171 231 272 
1493: 544 1252 
1187: 544 855 998 957 935 1388 1361 1163 
1422: 544 1116 1096 1376 1199 952 1078 390 354 36 245 317 391 297 438 355 840 1000 1149 1294 166 218 272 1542 231 585 672 50 1114 1115 718 957 874 59 1255 1163 209 168 744 881 1162 569 938 1131 74 
1177: 544 35 16 395 855 40 424 688 1020 47 991 846 1361 689 1240 1357 105 328 569 808 1007 107 358 380 
1107: 544 606 649 754 1046 1069 338 651 58 267 1435 1542 854 1254 1048 957 997 1554 192 1005 171 94 196 443 
571: 544 1376 1054 771 354 245 391 890 1002 438 355 1294 203 1470 1321 50 1388 545 23 1068 1475 42 168 1038 7 850 604 1131 
960: 544 1199 648 649 650 771 1024 442 1069 1280 424 253 780 854 957 853 40 1221 49 1065 
1252: 544 747 879 129 1166 1574 1249 223 1021 390 629 945 317 962 890 1542 1321 50 1294 585 699 166 1149 319 1112 12 298 1115 1493 29 
881: 544 747 879 1376 1481 606 644 987 988 354 442 844 945 1549 245 617 890 1108 1109 369 438 355 789 1075 1149 1294 203 218 1470 1542 539 780 1513 585 957 1260 358 545 1422 23 669 778 252 1255 1264 604 31 1544 
744: 544 1574 644 648 390 106 1280 1367 317 391 1206 283 438 319 355 203 272 1470 622 539 585 1207 1388 1373 1183 1475 373 1422 42 168 7 852 1476 1085 322 1025 727 1001 698 151 216 243 1253 1131 
1131: 544 1574 390 844 1394 317 391 283 319 355 1000 1149 1294 272 1470 690 231 50 1184 571 874 1422 42 168 7 852 1120 1347 744 1025 727 549 698 825 
911: 551 419 507 1096 1376 420 1021 760 1199 1467 489 606 649 650 897 1046 1095 1309 116 47 753 1004 1069 1118 1549 313 317 338 424 314 478 617 651 858 885 1002 1003 1206 1226 1572 58 438 253 1503 1149 1097 622 1321 456 804 855 73 971 959 539 1106 139 425 1496 672 854 131 138 615 1068 79 1183 373 533 535 546 623 632 673 685 693 746 756 777 782 783 810 853 894 6 8 34 41 63 70 86 96 99 140 151 192 247 270 280 281 352 358 399 401 444 1150 1207 1220 1232 1258 1325 1505 1347 1352 1377 1415 914 948 951 961 1471 1504 1012 1026 949 1035 1553 1071 1115 1125 1127 
127: 551 1506 1503 721 1490 117 130 495 1282 
653: 551 1167 1481 830 284 531 1412 282 387 555 1178 1192 1188 882 
539: 635 747 879 1050 1399 507 1376 17 1021 1303 1430 1196 1481 559 538 620 621 650 733 734 884 897 901 916 1095 1309 1413 1486 390 255 629 752 753 1069 1215 1314 1549 236 245 312 317 342 391 962 1308 1438 314 285 478 617 890 933 1003 1093 1168 1315 1357 12 58 283 298 319 355 238 789 1149 1294 1299 328 1470 146 290 1147 1321 1542 1552 69 717 855 1302 1365 506 93 138 680 874 50 221 911 660 457 479 496 497 526 531 533 536 18 22 34 42 45 48 54 76 77 78 87 97 139 140 142 150 168 173 182 186 189 209 237 256 263 281 282 284 288 293 308 310 331 340 365 396 405 406 410 443 1136 1139 1150 659 1193 686 1568 691 693 1233 1220 714 716 725 732 1248 1251 744 777 907 792 799 816 827 830 1423 578 1427 865 1375 1382 880 881 1393 1412 906 1417 1372 914 927 1443 1465 800 1361 791 1496 998 1521 1530 1532 1031 1557 1062 1573 558 568 572 1088 579 1091 597 1112 1115 1554 607 540 1305 
8: 635 1249 1457 1481 901 911 493 535 1293 97 782 894 1277 80 408 
1344: 635 1342 589 1042 1512 
1199: 747 447 89 158 1279 760 467 496 505 508 545 622 649 650 670 674 685 713 753 755 804 854 874 890 911 917 918 919 935 960 982 1030 1035 1046 1069 1071 1093 1098 1108 1109 1127 1143 1155 5 6 28 40 83 185 192 199 253 297 308 358 360 367 373 423 424 438 1393 1412 1435 1422 1423 1272 1467 1332 1481 1321 1260 1503 
23: 747 879 1376 1467 553 987 988 1078 1079 390 354 445 47 629 1549 245 317 357 391 962 890 88 438 319 355 1000 1149 1294 1299 1435 137 166 218 272 494 925 1470 1321 1542 780 293 1523 497 498 50 1022 957 1207 496 1260 6 1388 453 454 545 571 874 1142 1183 1475 1478 1358 1071 602 168 408 861 927 907 448 598 638 669 773 791 792 798 870 881 906 967 1063 1119 1209 1229 1255 1277 1347 1476 169 247 265 330 334 65 74 
106: 747 879 1399 507 17 16 1021 566 644 705 712 897 1046 1216 1571 116 390 442 448 513 569 577 608 622 629 670 674 688 706 713 744 780 795 802 834 845 890 965 1002 1003 1005 1042 1093 1115 1149 1215 1228 1294 1327 1387 1388 1427 1428 1442 1482 1500 1509 1542 1549 42 46 58 70 83 93 94 138 209 236 237 238 239 282 312 313 315 331 335 341 342 347 382 397 416 111 200 
355: 747 774 879 132 332 1574 17 223 1021 760 1430 1054 1467 1481 553 987 988 1078 1079 1369 177 183 390 254 277 354 445 629 752 868 1539 1549 236 245 312 313 315 317 357 391 424 962 1066 617 890 1109 1168 1206 1343 88 319 448 23 453 456 457 494 496 498 510 520 539 545 571 577 582 587 598 602 638 647 669 672 722 723 742 744 751 772 791 792 852 861 873 874 881 891 892 899 906 907 920 925 927 931 967 970 971 975 1017 1030 1039 1075 1087 1099 1102 1121 1131 1142 1149 1163 1183 1193 1195 1197 1207 1209 1229 1251 1254 1255 1260 1270 1291 1294 1299 1321 1323 1339 1358 1387 1388 1392 1417 1422 1425 1435 1453 1454 1456 1470 1475 1476 1485 1500 1523 1525 1532 1542 1566 1575 29 30 42 44 50 74 118 122 137 152 166 168 178 185 209 218 235 237 238 240 264 272 282 284 289 293 301 330 334 353 413 415 427 444 
236: 747 879 507 1376 420 89 364 1021 1457 1214 538 566 606 621 644 897 916 1185 1216 213 254 354 47 106 466 516 753 763 1215 1378 355 622 449 93 146 453 454 485 539 558 584 585 617 749 821 836 865 957 997 1005 1066 1105 1147 1163 1200 1209 1220 1224 1250 1251 1294 1299 1305 1307 1365 1423 1424 1443 1487 1542 15 40 58 77 105 124 139 140 233 237 238 280 292 303 313 315 317 329 330 339 353 357 359 373 391 416 438 441 
238: 747 879 1376 17 223 364 1021 1196 1214 1481 1237 566 606 621 644 897 916 1078 1185 1216 128 354 445 47 106 629 753 1215 236 245 304 357 391 1066 1250 1540 885 890 933 1093 1226 1343 85 438 319 355 1000 622 93 138 146 1339 453 454 485 502 511 526 539 558 583 585 602 671 672 678 722 729 735 742 802 821 865 874 898 957 997 1005 1094 1099 1104 1142 1147 1163 1212 1224 1233 1251 1265 1299 1300 1305 1307 1321 1365 1386 1388 1423 1424 1429 1435 1443 1461 1478 1521 1566 1569 32 40 42 50 105 124 125 139 164 168 233 237 386 272 284 292 323 328 392 400 441 290 353 
577: 747 1574 1457 1214 566 354 47 106 455 655 965 1004 1082 1240 1378 1539 83 84 245 287 338 440 200 1066 617 885 1168 58 283 350 355 567 1470 146 1197 476 1417 905 716 76 105 874 1361 373 510 1255 549 247 261 264 368 407 866 915 801 819 720 593 707 
440: 747 956 507 17 89 1021 719 1457 1214 559 489 521 525 566 806 897 1411 1479 184 213 390 277 354 445 47 594 629 655 844 845 944 955 1028 1082 1144 1314 1368 1378 1428 1506 1539 1549 36 37 83 84 312 313 315 317 391 437 93 122 138 146 1339 134 1400 1304 59 1291 577 50 314 373 438 903 1159 673 458 855 276 510 139 476 671 672 674 852 857 867 886 914 934 948 981 989 1035 1055 1076 1080 1087 1102 1194 1209 1329 1330 1382 1435 1496 1572 5 7 33 39 88 90 105 166 168 200 240 261 278 286 319 328 417 
1285: 747 1262 1481 566 897 916 1216 275 613 1004 1378 459 885 886 1109 789 567 290 276 237 977 1068 688 872 1100 339 1518 1553 
1002: 747 1574 1249 507 1096 1262 223 395 1279 760 538 644 649 916 987 1046 1309 1571 106 753 845 1004 1215 1428 1432 391 651 858 885 886 622 373 438 1143 911 954 855 1126 1017 510 789 688 467 5 547 571 593 596 623 686 693 718 731 746 781 783 816 818 829 833 836 929 935 949 971 977 58 124 193 204 247 253 264 265 273 292 324 335 339 341 366 367 382 387 388 423 443 1136 1150 1155 1220 1223 1232 1242 1251 1270 1311 1331 1337 1423 1359 1382 1003 1026 1071 1087 1100 1114 1048 
1075: 747 393 364 656 1008 1369 116 184 47 945 1069 1549 287 313 933 1053 1315 1343 1572 58 355 113 622 93 1291 669 587 1478 722 1243 742 1255 903 334 1373 1435 137 473 502 678 802 881 927 929 950 951 967 19 65 74 152 159 166 218 320 328 389 1149 1437 1197 1207 1355 1347 1553 1495 1260 1228 
1547: 747 774 879 419 1574 566 620 648 649 650 771 1046 1550 254 999 1028 1549 317 391 478 651 283 319 253 1149 166 567 622 1321 804 2 1106 293 854 565 281 52 1388 1291 670 192 510 42 1025 1477 279 302 
1024: 747 419 507 16 89 525 648 649 650 759 769 770 771 945 183 184 1079 1358 1280 510 1550 617 1299 690 1051 1273 47 287 1428 330 116 917 145 1329 483 651 663 670 713 960 18 31 36 52 86 162 234 240 306 308 331 425 1330 1523 1370 1246 
416: 747 507 325 223 1481 1046 106 945 1549 83 236 313 317 962 617 1109 88 252 203 438 1163 1294 1020 857 1251 270 1311 732 814 851 1197 1323 1372 1395 144 218 295 303 350 
560: 747 564 699 1114 1120 167 1016 
698: 747 317 283 319 1470 852 744 1131 1568 
105: 747 1166 17 1298 930 1481 559 553 606 754 1177 1369 128 184 354 442 445 47 629 763 1428 236 245 424 440 200 1066 890 1109 238 28 203 925 1470 146 622 1542 1392 1365 386 672 1251 1035 41 914 113 577 1163 673 1017 169 180 334 322 642 40 6 397 1038 671 513 520 546 586 593 670 674 802 891 964 967 1087 1156 1190 1202 1307 1471 95 384 279 206 263 
385: 747 879 1428 40 721 54 817 
1010: 747 1021 705 897 1079 1004 1266 1109 1226 622 1365 386 900 1178 935 1251 1058 199 520 775 896 934 1001 107 1151 1161 1065 
1533: 747 811 1166 223 965 245 1070 1163 1294 323 1337 319 1251 1127 914 353 685 
1445: 747 1481 1299 1067 1034 1161 1311 777 22 703 
1508: 747 89 183 342 531 1226 992 340 214 
1365: 747 1045 1574 17 888 786 1298 930 1467 645 254 47 706 1157 1428 1432 1506 1549 236 245 424 1108 1109 1315 438 238 1435 1470 622 647 1542 717 1068 1291 874 539 139 169 1209 1388 642 1208 991 1091 1496 880 44 907 672 289 226 1491 170 826 1554 18 671 105 1010 353 389 140 546 558 588 670 791 847 850 1036 1158 1334 204 368 1401 
373: 774 1116 132 1574 1096 1376 17 1199 1481 871 649 650 754 755 769 1046 1273 116 306 354 445 47 753 944 965 1004 1069 1428 236 245 313 317 342 440 200 478 617 858 1002 1003 1168 1343 12 88 283 433 319 253 361 1503 1076 1149 1299 1435 494 1470 931 1197 575 622 456 959 865 1154 293 1417 1513 610 854 903 911 1022 1023 1035 1115 1207 853 704 457 680 722 750 874 190 1291 1475 1358 670 1429 1361 1127 5 192 1339 1400 1304 523 1119 577 491 493 510 598 671 697 732 744 749 751 756 812 934 967 1005 1013 1056 1085 1087 1091 1120 1126 1134 1162 1163 1178 1186 1232 1238 1326 1433 1437 1500 7 24 49 124 135 258 292 337 339 377 389 423 444 
1494: 774 81 1408 1079 1123 183 184 103 1549 36 305 88 319 1231 855 134 139 903 1251 1022 1023 935 704 457 138 685 1313 179 198 1491 520 1517 573 658 1263 1275 1488 180 
1503: 774 507 1096 1376 17 364 1021 1199 1457 1481 489 620 755 897 1008 1046 1273 1369 275 47 753 945 1069 1144 1432 478 617 1168 1206 438 253 729 131 622 146 745 545 735 373 441 1163 911 1416 1294 585 957 510 290 1412 1424 467 1443 477 503 508 535 582 586 596 609 623 643 687 717 736 757 781 783 813 825 950 959 973 1018 1025 1034 1041 1063 1071 1072 1088 1110 1149 1194 1211 1223 1239 1245 1251 1275 1332 1361 1393 1407 13 19 107 125 127 202 293 308 328 339 367 389 392 397 398 408 425 444 1575 1511 
1314: 774 879 1166 1574 507 89 489 897 1309 1571 251 484 629 824 868 944 972 1004 1082 1266 122 138 83 1549 215 539 139 440 185 284 800 1020 90 630 1003 1368 1539 1378 166 607 1417 54 495 552 597 639 802 831 843 880 885 912 977 1029 1055 1090 1132 1136 1190 1269 1270 52 84 200 212 240 247 312 313 315 338 350 391 434 436 437 1461 1444 1382 1488 1496 1565 
916: 774 507 16 1481 489 538 566 650 236 238 706 1294 539 284 1285 342 1004 1412 1208 1002 1003 237 58 531 1025 865 853 777 693 54 282 567 343 1136 886 885 1382 619 795 880 118 200 230 275 288 443 992 1193 1487 1226 1164 1005 
415: 774 507 17 1021 1457 649 650 176 1082 37 312 313 315 651 858 222 355 1034 781 725 819 247 605 736 836 1100 1554 29 329 
212: 774 1574 89 1021 629 824 868 944 1082 1314 1368 1539 83 90 247 391 200 313 756 312 315 317 437 2 
380: 774 606 1177 245 313 1052 1226 267 1147 857 50 935 1336 1068 920 572 270 1233 1001 1089 
417: 774 566 183 442 313 440 122 1251 510 
1176: 774 1399 648 1550 1428 780 535 537 793 827 937 49 1524 1381 
158: 811 447 592 741 820 884 918 953 962 1066 1199 1250 1308 1341 1430 1438 1467 1540 251 395 230 297 314 234 285 
888: 811 447 456 469 476 570 621 717 719 755 760 804 855 2 32 73 134 178 183 184 245 253 255 305 376 424 445 1390 1392 970 971 1034 910 1302 1054 1566 1317 1572 1294 1079 959 1216 1223 1224 1231 1365 992 1442 1240 945 
1298: 811 393 447 613 713 974 987 1054 1141 1272 83 102 105 287 1425 1365 1340 
451: 811 
455: 811 89 83 1119 706 577 
463: 811 871 566 1273 424 1052 1108 1109 267 789 1000 1435 290 1424 1412 40 852 490 1020 800 688 1380 1510 
503: 811 1303 754 953 1003 438 1503 925 622 444 1393 1245 502 1072 687 
508: 811 1050 1199 306 442 1240 304 1053 438 1503 1519 1450 622 534 215 1455 1142 1013 1017 563 1051 662 756 92 181 790 
525: 811 16 974 1481 1237 134 177 183 184 305 1079 970 1358 221 1163 1416 566 1280 10 440 209 989 640 1024 304 1496 247 213 437 651 844 178 1059 1441 589 
625: 811 1096 1481 1206 914 1351 
637: 811 424 1108 1109 1343 736 371 
647: 811 435 1481 755 390 945 355 28 185 1393 609 849 693 289 687 291 353 1184 1403 256 1365 836 977 813 601 1297 
652: 811 1457 917 999 1236 83 855 189 510 671 1349 
656: 811 879 1045 1116 16 566 622 93 50 1266 1549 139 406 699 284 424 1273 1435 789 490 989 5 905 1428 991 1075 293 388 1393 531 1232 1245 319 640 1228 712 54 282 567 965 1182 880 391 498 15 18 19 77 168 272 288 306 313 317 372 445 763 1240 1157 1288 1426 1055 687 1089 1093 1352 1227 1244 1147 1489 1115 736 1246 795 775 
661: 811 1481 146 456 660 903 1022 1023 704 457 221 182 
772: 811 355 1000 1294 272 79 1388 545 722 1366 850 
31: 811 879 1481 559 1024 354 1004 245 58 88 239 881 
82: 811 89 1457 1216 442 466 471 501 594 845 1028 1118 1280 1378 1463 36 357 83 1023 109 948 1351 32 52 338 437 84 90 
115: 811 760 1457 516 867 
214: 811 871 1079 183 184 1508 305 28 134 1424 669 794 
295: 811 416 735 144 
315: 811 507 89 1214 644 649 1571 205 213 354 106 845 955 1215 1314 1378 83 84 212 236 355 673 1099 169 440 1337 693 1496 1311 1127 200 672 914 1035 219 518 674 717 736 1154 1348 1349 1415 15 24 171 303 329 415 
342: 811 1399 507 89 223 566 606 644 649 650 916 1046 106 613 917 1004 1082 1215 1508 245 622 50 373 1143 539 1557 461 478 513 535 593 609 642 679 686 731 777 781 836 854 858 883 887 982 1007 1038 1047 1048 1071 1101 1208 1239 1242 1311 1337 1383 1465 58 69 318 335 339 341 382 387 424 428 432 353 359 388 
356: 811 1114 
366: 811 956 1219 864 974 47 482 200 1002 1507 85 369 146 689 690 830 1101 284 268 281 367 1423 1380 479 588 612 732 145 288 392 
411: 811 897 230 284 531 282 555 724 1178 1264 309 54 288 727 882 
413: 811 559 83 355 1112 1127 1385 1395 1295 
897: 811 1045 1050 1389 1399 507 1376 17 16 1457 489 538 566 644 712 733 754 884 106 622 122 146 236 962 238 245 669 83 706 421 438 442 901 911 804 1109 1126 276 539 440 284 1285 1567 424 1412 789 1052 800 1020 1108 90 834 1503 237 1309 866 99 125 166 192 323 347 1069 531 1206 1232 865 810 479 120 485 496 540 586 629 674 691 693 716 753 777 782 792 796 799 816 880 883 885 886 14 18 25 36 70 144 150 200 213 219 244 246 247 255 275 297 308 310 317 331 358 382 405 411 425 1136 1147 1308 1182 1186 1317 1220 1226 1250 1241 1305 1311 1314 1315 1343 1382 1401 1406 1413 1427 1104 965 967 977 993 1010 1530 1532 1568 1007 1077 1087 1088 1093 1115 
1155: 811 1199 1002 1134 
1539: 811 89 868 1004 1144 1215 1314 355 122 1302 577 440 185 688 1020 630 476 520 639 671 689 775 847 915 948 1100 1268 1355 1385 36 66 206 212 240 247 338 346 387 398 437 
1543: 811 1481 1463 1023 215 1127 
914: 811 17 760 1054 559 734 213 354 445 47 516 629 845 1004 1069 1463 1549 312 313 315 440 200 230 890 1533 438 729 1076 567 627 1470 1231 134 500 539 780 672 911 50 1312 1023 1035 63 1520 1501 673 1209 5 630 44 499 625 659 674 782 39 105 383 997 1036 1515 919 920 1563 1184 1577 1087 1230 981 982 
1307: 811 553 183 47 1463 236 238 122 105 237 1020 1520 1568 68 
1308: 811 1399 507 158 395 1481 897 1185 317 539 285 1052 1150 880 1101 230 843 1121 1170 1390 
1056: 811 1376 1294 293 1272 373 1293 1395 1489 348 
933: 811 1376 223 1054 987 988 945 357 200 651 453 59 190 238 1142 1183 1291 1552 669 545 454 539 587 680 722 874 877 2 164 168 203 225 303 319 438 1243 1321 1075 1462 1088 1475 957 1478 1229 1358 1128 
1361: 811 1376 17 1196 974 650 754 988 1078 1177 275 424 962 478 885 886 1143 1226 438 253 1503 1149 1225 1294 622 1542 291 717 539 585 1251 932 1388 669 577 221 373 900 276 475 654 715 731 783 850 878 892 983 1187 1334 65 216 
1066: 811 158 426 719 580 755 1079 177 183 184 516 1240 1368 236 304 305 355 622 970 238 577 1159 804 215 237 780 1136 105 801 178 
1330: 811 1024 440 438 1424 1153 1127 1337 783 993 949 
1088: 811 507 1376 1481 559 733 897 287 933 253 1503 146 1390 539 1101 585 699 880 268 843 777 334 1081 1211 427 289 784 677 1083 19 144 274 1186 1121 
844: 811 393 89 1054 525 213 404 945 680 83 1023 510 440 185 287 777 1496 427 222 999 997 604 839 36 383 1140 896 1210 1235 1131 881 
1231: 811 1096 426 888 1237 1411 183 442 945 1215 304 305 459 1495 146 622 745 1542 1159 855 1494 640 672 914 948 968 1071 1101 1127 1202 11 52 68 170 209 268 1390 1451 1409 1557 1568 1379 1334 1338 1245 
1028: 811 1166 89 435 1411 205 655 868 957 440 642 82 90 287 1368 474 898 993 45 1272 1547 1055 1259 
838: 811 843 768 941 431 
1392: 811 888 1237 553 277 354 445 47 753 1463 355 376 209 5 444 1232 640 1127 1035 671 105 165 1441 95 584 674 795 870 1480 
1021: 879 1249 1376 393 447 223 456 497 498 539 541 566 567 585 596 606 610 613 617 622 644 650 660 672 692 699 717 725 754 795 848 854 880 885 886 890 903 905 911 945 962 987 1010 9 12 25 50 79 84 106 146 156 166 212 222 236 238 245 268 290 317 319 331 354 355 390 415 438 440 442 1149 1196 1214 1215 1226 1250 1251 1252 1254 1280 1294 1312 1317 1321 1403 1424 1428 1432 1462 1463 1481 1503 1022 1023 1035 1542 1046 1108 1109 1112 1114 1115 
1214: 879 507 1096 17 447 16 1021 1457 493 496 510 528 559 577 593 629 659 674 699 736 816 861 890 927 965 972 1076 1087 1108 1109 1168 1202 7 83 93 138 139 200 204 236 237 238 245 312 313 315 317 335 340 341 387 437 440 1368 1496 1280 1435 1549 1554 1417 1509 1259 1216 1237 1251 1378 1240 
1481: 879 956 129 332 1166 507 864 420 1320 447 223 364 426 435 1021 1199 1457 580 448 454 464 479 488 489 522 525 528 533 535 537 538 539 543 553 555 559 563 566 567 578 588 592 593 595 598 600 605 606 621 625 626 631 642 645 647 648 650 653 654 660 661 663 664 669 676 684 690 704 708 709 717 721 724 739 749 754 763 764 765 768 776 777 778 780 790 806 819 820 823 829 840 846 852 857 877 880 881 885 889 900 901 904 916 918 923 927 929 942 945 955 965 972 977 980 981 985 992 1004 1005 1023 1033 1038 1046 1057 1064 1078 1084 1088 1093 1102 1103 1114 1115 1120 1127 1129 1137 1139 1141 1143 1160 1174 1178 1185 1203 1204 1205 1212 1213 1216 1224 1239 1255 1260 1264 1269 1273 1280 1283 1285 1294 1300 1308 1309 1313 1318 1332 1333 1334 1339 1343 1351 1354 1358 1362 1363 1364 1367 1370 1377 1383 1387 1391 1394 1398 1402 1411 1419 1427 1428 1429 1432 1441 1445 1456 1465 1469 1479 4 8 15 31 32 49 69 70 78 83 93 95 97 105 108 116 137 138 144 155 156 167 171 172 176 178 179 182 198 202 213 215 228 229 238 239 245 246 248 257 269 275 278 282 290 291 303 308 319 323 324 333 335 337 341 343 352 355 357 360 373 398 406 407 408 416 422 424 425 430 432 436 441 442 1564 1551 1575 1541 1482 1558 1490 1506 1500 1503 1522 1527 1529 1542 1543 1562 1573 1495 1555 
138: 879 1045 1116 35 1376 17 1196 1214 1481 489 644 712 251 354 106 629 1314 1549 84 287 313 317 440 200 1250 314 885 886 1052 1093 1226 1315 85 438 238 269 1149 622 1542 539 93 139 353 386 1496 497 610 672 699 911 331 1115 957 673 189 1554 534 282 18 1195 449 659 696 728 735 777 784 823 826 958 1011 1158 1163 1173 1230 1255 1313 1348 1427 1491 1494 1497 1501 1521 1564 136 252 303 308 330 348 362 365 392 397 
962: 879 1249 1096 1376 158 223 1021 1303 489 566 897 390 354 47 965 1378 84 245 317 259 918 23 355 452 461 533 539 550 573 585 586 643 685 699 721 775 789 853 854 890 896 912 919 40 43 50 78 149 159 161 166 196 224 232 268 319 340 343 398 416 427 438 1142 1149 1163 1478 1183 1197 1222 1228 1252 1254 1278 1294 1295 1300 1321 1361 1388 1466 1483 1496 1020 1526 1542 1552 1558 1093 1112 1115 1555 
354: 879 16 1021 760 559 553 650 755 759 1078 183 213 390 277 23 355 138 236 970 962 453 238 245 454 493 496 510 520 545 571 572 577 584 585 629 640 668 671 672 673 674 704 717 753 757 761 791 792 824 861 870 881 890 891 903 906 907 914 917 920 950 1022 1023 1035 1040 1072 1119 1142 1149 1190 1200 1206 1245 1251 1260 1270 1277 1293 1294 1299 1321 1358 1388 1392 1397 1422 1435 1438 1470 1475 1477 1478 1523 1542 1549 1566 2 5 13 28 31 47 49 50 69 74 83 88 105 112 139 166 168 196 200 206 218 237 253 272 293 313 315 317 319 326 328 330 331 334 357 373 384 391 408 424 438 440 442 444 445 
1321: 879 1249 1376 435 1021 1054 1199 566 644 648 650 771 987 988 116 390 354 442 845 945 1069 1280 1378 1428 1549 245 313 317 357 424 962 885 886 890 933 1226 1252 438 319 355 238 587 1000 1149 1294 1435 166 203 925 1470 622 23 453 59 190 1142 1183 1542 1291 1552 545 680 454 539 571 585 676 699 718 722 777 853 854 874 877 911 938 967 1112 1115 1127 1207 1243 1255 9 29 50 54 112 164 170 192 239 276 358 1566 1358 1359 1388 1462 1475 1476 1478 1547 
1255: 879 1045 1096 1376 1481 390 945 1549 391 617 890 355 1075 840 1149 1294 1299 137 166 218 272 925 1147 1321 1542 970 498 585 1251 301 1260 164 215 239 1388 18 454 545 874 1142 138 1127 1422 510 577 927 23 881 929 892 948 954 389 1500 
1549: 879 1116 81 507 1376 393 89 1214 1467 566 644 656 806 116 213 354 106 484 706 765 845 945 955 965 1069 1157 1215 1280 1314 1378 23 355 622 138 245 1542 1291 1321 587 1358 1501 1255 83 456 438 1022 1023 900 903 1163 911 673 1294 954 573 457 497 530 539 546 585 617 662 663 672 674 704 715 777 781 853 854 862 881 890 914 935 957 1005 1012 1025 1035 1075 1127 1132 1146 1149 1150 1173 1250 1251 1313 1331 1365 1431 1435 1470 1474 1491 1494 1495 1507 1523 1547 12 69 85 88 97 139 164 218 228 276 280 282 303 313 317 319 320 328 343 391 392 416 432 437 440 
276: 879 1574 1457 1237 897 1309 390 965 1069 1549 317 391 440 617 885 886 1093 1168 1226 319 1149 1294 1299 1435 272 1321 1542 293 331 1115 1260 358 1388 457 1361 602 1099 751 791 792 906 907 927 1038 1087 1209 1285 1395 237 264 334 
890: 879 1249 507 1376 223 435 1021 1199 1214 644 712 390 354 106 1280 1549 245 317 357 962 617 23 355 622 59 190 238 1142 1183 1542 1291 1302 925 545 1321 1475 587 1358 1243 874 1255 50 438 1163 673 1294 585 458 164 539 334 571 676 699 718 777 881 77 105 166 193 264 319 1149 1168 1127 932 1087 1476 1112 1252 1254 914 938 929 1468 958 1470 1251 1115 1388 
699: 879 1249 507 1021 1214 656 390 945 1506 317 357 962 297 886 890 1252 319 1149 1294 166 1321 1542 139 138 50 458 560 209 321 1164 834 1088 1112 1115 1509 1386 
166: 879 1249 1096 1376 393 1021 1054 489 755 897 1046 390 354 945 1314 245 317 391 440 962 1250 478 885 886 890 1226 1252 88 438 267 319 355 1075 840 1149 1294 28 23 1542 1321 203 1255 50 1163 585 699 490 5 479 693 718 739 883 938 1112 1115 1127 1232 1261 1311 1422 1484 1509 1515 1530 1547 1558 7 247 272 240 
319: 879 1574 1249 507 1096 1376 223 1021 1481 606 649 656 806 952 390 354 965 1280 1549 245 317 357 391 440 962 890 933 1109 1252 1533 58 283 438 267 23 355 252 238 1183 1542 545 1321 50 373 1163 1294 585 666 1325 957 276 539 1494 699 42 904 1373 852 1440 97 166 1547 1149 854 1025 865 479 494 698 727 744 1018 1105 1112 1115 1131 1137 1251 1311 1434 1446 1470 1476 7 41 69 216 
1112: 879 1249 1021 489 390 317 962 890 1226 1252 319 361 1149 1294 166 1321 1542 539 699 50 1412 479 534 934 188 413 1115 
343: 879 1217 223 1481 916 629 1432 1549 391 962 651 858 1143 1168 88 622 1542 510 388 1071 1149 1337 1251 483 496 593 686 717 781 836 883 927 1038 1311 382 358 
213: 879 507 16 89 1457 974 1481 525 566 897 1309 236 354 673 1549 510 440 1388 47 90 915 866 917 1150 672 914 1035 313 999 594 674 708 801 844 955 1080 1118 1168 1240 1274 36 53 312 317 315 445 358 
845: 879 507 1096 89 1457 538 606 644 1571 390 106 594 1542 1321 83 50 673 1294 1549 440 1209 1388 690 82 90 5 1002 1368 1378 1149 965 391 200 914 1035 313 168 312 315 317 335 339 437 674 66 218 272 320 358 955 
361: 879 1096 223 786 719 606 1182 1369 752 1053 1357 1572 373 1023 1099 848 164 510 1299 388 1112 397 1063 18 518 751 821 847 934 1115 1286 1301 1441 76 217 263 386 
1157: 879 419 89 930 656 1079 183 184 1549 180 991 1149 1365 188 969 
1005: 879 1045 1457 1481 916 106 1549 236 317 858 1143 1226 1357 88 253 238 146 622 781 77 1554 1311 1071 373 237 1337 382 340 686 1107 836 593 736 
938: 879 17 566 987 988 390 613 83 391 890 1093 1315 267 1149 1294 166 272 1321 1542 717 50 95 358 1554 1388 1475 1509 1422 777 1575 638 572 701 
1115: 879 1116 1217 1249 1376 17 1021 1481 559 644 656 897 205 390 106 1069 83 317 962 1250 885 886 890 1226 1252 1507 438 319 361 1149 1294 166 146 622 1321 1542 539 93 699 911 50 1251 1112 138 735 373 276 239 1009 800 777 1127 826 408 1293 303 244 1422 
1251: 956 1166 1096 1376 1021 1303 1054 1457 1214 1467 559 566 644 1078 1123 1333 390 277 354 442 445 47 482 516 629 655 753 945 965 1280 1463 1549 83 155 236 245 317 338 391 1250 617 663 885 890 1002 1003 1168 1315 1343 1507 1533 1572 88 126 416 438 267 319 343 355 238 1503 1294 203 272 1197 622 1265 1542 855 539 558 781 77 386 434 1527 1523 498 585 672 1010 50 268 1520 1142 1255 1022 1023 1163 673 954 573 1325 957 164 215 1017 1494 239 530 42 1153 563 630 1443 237 1254 1361 1071 1393 935 531 1232 1228 282 520 522 536 555 658 671 674 802 843 891 920 964 1038 1115 1141 1244 18 56 105 198 247 260 262 266 292 327 339 348 389 396 417 1491 1263 1275 1498 1313 1379 1382 1385 1387 1395 1410 1541 1289 1554 
1114: 956 1116 1574 507 1096 1172 1376 1262 1021 1481 884 317 1002 1507 12 267 840 910 1256 139 331 1142 664 666 510 895 330 935 777 486 560 605 636 685 812 1087 0 61 152 344 356 432 1136 1422 1447 
710: 956 1303 85 239 
428: 956 566 342 651 904 622 854 15 1183 685 900 240 913 34 
1529: 956 1481 313 547 840 347 910 323 1530 410 345 1037 1276 1348 1349 
1310: 956 1507 369 830 425 102 1127 1339 
93: 1045 1116 35 1399 507 17 1196 1214 1481 644 656 712 251 106 629 945 1506 162 236 313 440 1250 1052 1093 438 238 1075 840 203 904 622 717 32 539 689 690 449 784 1092 1115 1195 1348 1427 1497 1521 1554 1569 18 374 138 136 397 308 189 331 237 240 
122: 1045 1399 1237 606 897 251 753 868 1004 1240 1314 1539 440 617 1109 1226 85 438 355 242 290 971 689 449 583 630 735 1020 1037 1130 1307 1440 121 417 187 221 241 240 
245: 1045 89 223 888 1021 1054 1214 1481 553 649 769 771 897 1046 1369 390 354 442 445 484 629 752 753 944 1082 1378 1428 1506 1549 37 23 355 1000 622 962 453 238 454 496 498 502 539 545 571 577 585 591 597 617 651 672 742 756 761 777 791 792 799 834 849 861 874 881 883 885 890 899 906 907 967 1031 1039 1040 1048 1051 1063 1067 1119 1120 1121 1127 1142 1143 1146 1149 1207 1232 1244 1251 1260 1270 1294 1299 1321 1350 1358 1360 1365 1388 1397 1416 1422 1434 1435 1470 1475 1476 1478 1484 1523 1526 1530 1533 1542 31 50 58 74 88 105 137 166 168 188 200 218 232 247 272 289 293 297 319 330 322 342 357 358 380 391 334 408 424 373 444 438 360 
573: 1045 1549 962 456 498 1251 1022 935 215 457 631 1494 1263 1350 1290 783 
462: 1045 89 1548 1450 778 
489: 1045 1389 1376 17 16 1481 871 138 745 962 83 901 911 954 1109 440 284 285 538 1567 1557 424 789 1052 800 209 606 1503 1309 58 166 1393 531 865 754 479 897 1530 777 1150 716 1112 1241 25 247 255 270 282 308 310 311 405 1136 884 629 886 506 863 885 516 540 799 1182 1311 1317 1482 1568 1275 1382 916 1532 578 1343 1220 1095 1248 1486 1314 998 1506 748 1509 880 712 
498: 1045 1021 656 245 200 953 886 1108 1109 1226 438 355 1542 23 1255 900 673 573 607 1251 535 907 672 
529: 1045 424 1343 
535: 1045 81 419 17 1457 1481 606 754 484 1428 1463 83 342 424 1093 1108 1109 1226 1315 1343 85 126 222 438 1503 780 1176 284 498 911 1208 215 18 5 1211 8 310 408 1293 537 1221 1364 
589: 1045 419 1303 974 525 649 650 629 424 1143 58 253 53 425 672 935 572 569 1344 
628: 1045 390 1076 605 406 
670: 1045 419 1217 930 1199 645 649 650 705 769 1024 1550 47 106 706 824 1191 1215 1280 1428 1506 424 230 253 269 622 855 2 1566 1365 1424 105 52 185 642 373 1429 991 1547 1423 308 696 1553 1551 327 602 909 908 943 
721: 1045 1481 884 962 1093 1106 1270 293 1207 685 408 696 684 1229 1136 127 958 385 
860: 1045 1149 1542 585 1127 735 1575 1491 520 326 
934: 1045 1096 559 806 1046 440 1053 1572 438 361 622 1552 291 857 1010 1254 1112 239 750 1291 373 749 954 1063 1162 550 623 751 821 
1036: 1045 424 1365 914 
47: 1045 16 930 465 553 606 650 705 1024 1079 1177 128 183 184 213 277 354 442 445 23 113 622 236 962 238 1358 203 735 577 373 911 673 1109 1280 440 953 617 904 895 40 424 1435 467 520 546 586 593 651 670 672 674 692 716 736 763 836 891 914 964 992 1035 1069 1071 1075 1082 1105 1168 1190 1206 1245 1251 1269 1307 1365 1392 1428 1471 1503 1518 2 6 28 124 200 206 263 264 58 293 339 366 384 444 69 280 105 
1317: 1045 1574 1376 888 1021 489 897 424 1250 1109 1315 267 789 689 880 1316 1382 
1575: 1045 507 1481 553 945 438 355 1503 1435 328 53 819 444 520 751 860 938 
1343: 1045 507 223 1481 489 644 712 897 1428 424 1226 355 238 373 510 642 1075 1254 1251 535 529 637 1261 331 
1221: 1045 769 205 1069 1266 424 253 610 1424 185 534 1184 960 535 257 1477 1530 
1368: 1045 1399 507 89 1303 1214 871 606 1079 183 184 251 306 471 501 514 655 845 955 1028 1082 1240 1314 83 673 1017 440 1209 90 1428 607 674 1034 1066 1141 1253 1270 30 36 84 88 181 212 240 304 437 1432 1568 1517 
1506: 1050 1376 17 89 1430 1196 1481 559 489 712 629 93 146 1339 245 669 735 83 438 1023 954 1109 500 440 953 699 1153 424 308 670 1258 1274 1315 1365 1476 15 45 127 313 317 353 400 1554 
501: 1050 89 176 745 862 82 90 1368 716 147 564 
651: 1050 419 1096 1376 223 525 566 645 648 649 650 705 769 770 771 1024 1046 1550 116 306 47 514 713 917 965 1069 1280 84 162 245 338 424 259 745 614 523 1291 933 1462 1358 441 1143 911 510 1209 185 290 989 1002 1003 915 124 125 444 1547 1207 854 858 343 887 672 1035 235 415 1363 281 511 526 43 57 86 121 257 368 425 428 1348 940 942 950 1107 966 1477 982 1047 1048 1566 
1023: 1060 1021 1279 719 1430 1481 559 1046 1411 205 354 844 1463 1506 1549 82 83 1315 361 1435 28 456 585 660 903 1251 1022 545 221 373 457 511 661 674 704 826 900 914 921 980 144 215 303 1163 1543 1099 1313 1195 1577 1485 1494 1385 
459: 1060 223 974 538 645 733 1185 109 1540 285 1291 855 42 185 269 284 322 1285 1153 904 1292 1548 1299 1567 1195 690 563 464 1231 1373 1429 1009 1557 1051 
496: 1060 1303 1199 1214 897 354 1191 245 90 343 355 1470 539 1101 1312 23 1009 1058 44 67 195 246 264 427 779 948 1468 597 
712: 1060 507 1376 16 89 489 621 656 106 93 138 988 83 706 1159 890 1540 1557 789 490 479 897 546 674 102 255 1506 1343 1220 1351 1486 880 1382 1305 753 
30: 1060 507 1368 1432 1226 355 1147 215 40 605 1387 182 1165 964 1348 
1147: 1060 507 426 566 656 897 177 236 238 1255 855 539 237 143 30 720 179 244 266 377 380 1287 1300 1238 1500 1259 
1367: 1116 89 1481 559 442 1069 622 449 1520 669 735 744 853 854 948 986 1025 1142 1212 1232 1294 19 83 192 239 289 358 402 1545 1435 
305: 1116 1096 1376 89 888 974 1237 525 1411 442 965 1082 1240 1463 37 83 304 622 146 1520 450 617 679 681 827 843 848 891 924 927 1053 1066 1080 1127 1137 1159 1179 1228 1231 1274 1390 1403 1409 1416 1454 1494 1538 10 11 52 170 171 200 214 235 258 266 268 316 437 438 
1266: 1116 419 89 1054 566 621 656 1142 83 456 478 536 643 667 668 671 853 861 1010 1034 1163 1221 175 237 377 383 437 1314 1477 1378 
1009: 1116 251 459 1117 146 1115 496 1161 408 427 232 896 
267: 1116 1376 17 325 223 1250 886 1052 1226 1315 1469 585 463 575 578 689 784 789 812 814 880 938 1107 1114 1124 1125 1251 1272 1317 1326 1374 1386 1391 1554 14 18 19 141 150 166 182 207 257 310 268 270 380 432 319 323 348 
251: 1116 1399 1217 1376 17 16 158 566 606 620 705 1185 1273 1571 390 93 122 138 1552 925 83 706 438 500 284 285 1540 1009 290 471 476 526 558 567 605 629 641 830 863 865 875 880 926 935 1029 1144 1150 1154 1223 1226 1233 1240 1248 1314 1368 1390 1448 1530 1565 1569 18 19 120 191 199 231 240 241 242 247 331 275 292 359 360 358 316 369 
716: 1116 786 489 733 755 884 897 47 501 824 1004 347 622 910 539 558 1101 1397 284 577 800 688 866 479 693 505 515 540 555 668 54 337 339 799 1433 1190 1348 850 1504 
605: 1116 1481 1079 251 357 617 1168 789 992 1101 848 415 1254 1114 164 40 247 1017 1209 232 30 826 1476 181 327 1027 244 286 628 941 964 
685: 1116 1199 649 306 965 304 918 962 1093 1533 717 1270 77 293 911 268 1114 954 1229 1494 1538 1209 408 303 896 569 684 428 920 19 61 348 383 775 721 919 
1087: 1116 1096 1214 871 649 897 116 442 945 1394 83 313 440 109 200 890 1002 1003 438 355 203 622 1542 585 672 848 854 50 1035 1114 914 853 105 673 95 239 1184 59 674 192 373 276 247 1382 39 316 782 1001 1012 383 
12: 1116 223 1021 1095 1549 1250 297 1093 1252 622 373 438 1022 585 1325 539 935 1337 853 1114 1491 181 
1555: 1116 1481 962 1226 1040 1553 
1196: 35 17 447 1021 539 629 806 1153 1195 93 138 140 211 238 268 297 313 317 438 1554 1311 1315 1200 1361 1250 1506 1509 
1475: 35 1054 987 988 354 655 245 357 890 933 355 587 1470 1321 1552 959 1462 718 877 453 454 545 571 680 722 874 59 190 1142 1291 1183 23 669 640 654 744 938 1148 1243 1358 152 220 264 373 389 1478 
1109: 35 1166 1574 507 17 223 1021 1199 1214 1237 465 489 755 897 901 47 516 629 972 1428 1506 317 424 478 617 858 1052 1093 1108 355 622 122 1336 1542 456 1143 804 463 498 535 590 637 646 672 689 690 746 764 766 781 782 783 854 881 893 949 951 994 1010 1020 1032 1035 15 55 70 105 144 164 209 219 222 240 319 323 382 416 1145 1153 1365 1482 1206 1228 1275 1276 1285 1286 1311 1317 1412 1417 1429 1443 1487 1521 1530 1573 1126 1110 
1388: 35 81 1389 1376 719 1457 644 1046 213 390 354 442 106 845 955 1215 245 357 424 962 890 438 355 238 587 1149 1294 272 925 1470 622 726 1321 1542 1552 1365 689 139 585 672 25 50 1035 718 673 358 239 23 59 190 1142 1183 1291 669 545 1243 742 874 1255 458 276 334 406 518 569 571 634 643 744 772 802 938 1127 1187 1264 1361 18 168 316 1547 1476 
1108: 35 223 1021 1199 1214 897 972 1428 617 858 1336 1542 1143 1109 1126 1153 1429 463 498 535 637 646 672 689 746 766 781 881 893 994 70 222 240 382 1521 1145 1530 1443 1206 1365 
1191: 35 393 89 395 1054 580 645 705 706 523 1469 1163 642 424 209 1025 3 308 496 513 670 743 62 288 349 1201 1204 
338: 35 1096 89 223 755 1046 442 516 1236 1314 1539 82 287 131 622 1068 1302 577 1143 1159 911 673 1294 855 185 40 253 1026 607 1232 1251 1311 391 948 499 546 555 576 591 616 623 651 674 775 783 818 836 1027 1063 1107 1319 1334 1370 1566 2 21 52 86 280 316 350 346 
29: 35 1252 355 400 1098 1321 415 735 681 1295 550 964 1189 1 
297: 35 158 1196 1199 648 897 516 594 1463 245 1250 230 146 699 290 789 1510 1568 880 240 331 616 711 802 964 1170 1189 1410 1422 12 193 204 352 
350: 35 223 1314 338 416 577 311 1382 1127 599 1129 
862: 81 1262 501 1549 369 456 161 
1337: 81 871 116 1004 1069 1394 312 313 315 342 424 478 1002 1003 1533 12 58 438 343 1149 959 359 1523 610 50 41 853 185 1332 1005 42 1120 1318 1465 490 746 1126 444 1331 702 782 802 1162 1218 1329 1330 235 394 
198: 81 1389 507 1481 1123 484 88 1034 541 1251 1313 1494 658 1175 266 
1313: 81 1408 1481 1123 183 184 484 1549 622 69 855 1034 1251 1022 1023 935 704 138 1494 198 658 1132 1576 1491 
1275: 81 1408 1096 489 566 1562 313 918 885 1003 1109 1503 855 77 120 331 1251 1071 240 273 1494 994 495 1001 
88: 81 507 223 952 354 442 629 1368 1549 245 440 314 1143 1507 23 355 622 735 373 438 1163 954 585 957 1229 1494 1412 166 1207 1251 343 198 1312 1491 1132 69 574 684 717 1005 1137 1146 1197 1446 31 151 416 201 
829: 81 507 1481 559 1309 1002 1003 247 983 1505 
1488: 81 507 1376 1314 935 1494 785 801 1175 
783: 81 116 516 1069 1394 1428 338 1002 1003 1109 1572 1503 911 1361 5 423 42 1331 1025 86 1162 1234 1330 573 607 1263 1290 
1263: 81 1166 1408 1251 1494 573 1350 783 1290 
1290: 81 573 1350 783 1263 
1350: 81 1408 245 188 1127 180 573 1263 1290 
1303: 114 447 16 426 786 496 503 539 589 622 673 710 719 795 797 865 935 962 1046 1069 1101 1161 1251 1257 1260 6 15 52 95 103 113 164 170 185 189 204 358 404 442 1430 1554 1311 1338 1368 
182: 114 419 507 1481 629 424 267 539 284 880 282 1195 479 661 777 814 1136 30 382 270 412 
303: 114 1096 974 1481 1079 1123 177 183 184 306 442 753 945 1463 1549 236 313 315 317 933 416 253 622 804 293 848 331 1022 1023 1115 170 204 1311 215 138 685 1423 168 736 907 900 112 1416 180 1440 330 1288 536 791 836 48 179 
1432: 114 89 1021 1481 566 754 1273 1240 1368 905 1503 1002 58 567 343 331 30 598 1365 1100 1287 74 348 
1483: 114 864 17 435 306 752 962 1053 1572 1400 1304 1542 1462 322 857 69 95 920 163 206 636 9 175 
180: 129 507 553 442 103 1157 1236 37 146 105 52 10 303 913 1494 458 1104 1132 1350 153 
1013: 132 1438 1450 1542 188 457 508 373 684 819 520 181 
775: 132 656 1216 965 1539 83 338 962 253 1294 622 846 570 1034 1442 692 854 905 1010 1208 853 185 358 685 1127 408 232 1325 1292 
358: 132 1376 1303 1199 644 771 897 987 988 1177 213 251 442 845 1367 245 357 1003 438 343 137 925 1321 1542 971 1406 1513 672 854 911 1424 1035 957 853 673 1260 1142 1183 1291 545 874 1163 276 1388 1373 778 1026 282 1311 98 316 802 881 623 775 850 938 1083 244 
364: 332 1399 447 547 729 754 789 1003 1074 1075 1250 1430 1481 1503 1519 208 236 238 269 400 
395: 332 447 158 494 566 567 627 706 713 719 796 904 925 1002 1003 1177 1191 1223 1250 1279 1308 1470 146 290 438 
1017: 332 644 649 1079 177 183 184 306 1368 1428 313 357 1002 1003 1572 355 1435 622 178 970 1251 1035 105 457 1291 508 1127 10 605 228 758 181 264 289 299 
1273: 332 16 786 1481 656 1024 373 438 442 1280 463 40 763 880 989 1105 1190 1240 1271 15 128 204 209 251 254 317 1297 1432 1482 1503 
1435: 332 1389 1096 393 1199 1214 553 656 755 1078 354 442 47 753 944 945 1069 1215 1367 1549 83 245 391 424 440 355 238 1075 587 23 622 970 1542 1291 1321 735 50 373 1023 1163 957 276 1017 463 668 777 810 850 853 854 1031 1107 1162 1190 1245 1274 1365 1434 64 99 110 118 168 192 216 228 237 247 272 278 320 328 444 1495 1577 1518 1575 1566 1510 
965: 332 419 507 89 1457 1214 1481 566 644 648 649 650 656 771 897 1079 1216 177 183 184 306 106 484 516 765 845 622 146 305 970 962 1068 1142 735 83 577 314 373 954 1549 848 1280 276 510 1442 617 42 185 40 1412 232 866 1378 125 444 1232 865 810 746 319 1417 1251 576 583 610 651 672 685 775 836 880 959 964 15 37 66 161 178 200 304 317 360 1168 1240 1305 1311 1395 1437 1441 1464 1500 1517 1533 1034 1035 1545 1205 1127 
400: 332 364 1430 901 205 1506 438 238 729 500 237 1476 1558 29 102 
69: 332 419 507 1172 435 1481 205 354 442 47 1549 342 200 1143 1315 88 319 840 28 1483 669 585 1325 539 1208 97 935 1313 1311 1127 672 674 822 920 1288 210 425 197 336 
228: 332 1481 1079 442 999 1549 1572 1294 1435 622 359 1017 1027 
970: 419 1096 888 1237 525 553 733 1369 354 442 516 945 965 1236 200 1066 355 1435 1495 1137 855 376 1520 450 565 640 674 843 948 52 68 209 258 394 409 1017 1538 1403 1409 1163 1557 1179 1255 
314: 419 507 1096 17 158 223 1457 1046 965 391 440 820 622 138 680 456 473 539 899 911 1048 1315 1316 1332 1554 49 54 88 438 330 331 
1280: 419 17 89 1021 1430 1054 1214 1481 525 648 649 650 759 769 770 771 987 988 1024 1078 1079 1182 1273 1342 372 183 184 390 255 306 442 47 629 706 965 622 357 1183 1542 1321 83 456 50 1549 476 510 513 546 602 651 670 717 744 795 890 960 1040 1047 1093 1149 1209 1245 1246 1251 36 42 57 82 84 90 107 168 240 247 272 287 290 294 319 391 409 424 425 1299 1363 1370 1553 1470 1576 
510: 419 1457 1214 648 649 650 1024 213 255 275 354 706 844 965 1280 1463 37 83 313 437 440 617 651 885 1002 1003 1052 1343 58 343 253 355 361 1503 1294 146 622 1159 476 717 804 855 284 497 1114 281 282 457 18 1071 373 614 1068 1255 577 221 954 473 486 39 54 172 323 340 409 417 630 1407 652 671 1547 693 1232 600 985 1175 1259 
1550: 419 1376 16 648 649 650 1024 1291 1302 1358 457 478 520 570 609 651 670 797 854 948 989 999 1176 1245 1299 1370 1378 1393 1452 1547 52 235 253 257 280 281 353 1566 
284: 419 1399 507 1096 17 489 538 566 656 884 897 916 1216 1309 1413 251 482 824 1004 1069 1314 162 424 459 478 355 238 789 1149 1294 717 855 539 780 865 998 1101 120 510 479 513 535 540 579 603 653 674 693 701 716 777 799 800 816 880 1020 1025 1136 1150 1220 1305 1382 1393 1412 1465 1516 1526 1530 18 54 148 182 192 196 282 308 396 425 288 405 310 366 411 
290: 419 1399 507 17 395 1021 1481 566 648 649 754 1185 251 1215 1280 953 230 297 651 885 1003 438 238 789 1503 122 539 1285 463 691 781 794 1001 1150 1382 1385 1412 1443 1482 1496 1509 1530 14 15 125 409 292 425 323 331 339 
1052: 419 507 864 1376 17 223 489 897 613 1069 83 1308 548 885 886 93 138 1109 510 1442 463 267 1412 534 923 1020 380 425 1226 1248 1127 
649: 419 1574 1096 16 1199 1237 566 645 648 622 1339 1336 840 245 523 1291 545 1358 874 735 373 438 1143 900 1163 911 803 1280 1513 1017 510 1550 1209 1548 464 342 1004 290 424 466 536 556 589 598 609 640 2 43 52 54 57 86 116 124 163 200 209 231 235 240 253 281 289 308 315 319 323 324 365 390 402 404 415 650 651 1162 667 670 1186 685 693 696 1207 705 740 755 769 770 771 795 826 846 849 850 853 857 1370 915 878 1393 896 1423 917 940 942 1464 959 960 965 1024 1491 986 989 1497 1002 1003 1521 1107 1547 1553 854 1069 1087 1095 1046 
209: 419 507 465 489 525 528 621 644 649 650 705 755 759 769 770 952 987 988 1046 1079 1182 1273 1369 372 177 183 184 306 404 442 103 106 706 868 1004 1191 1378 36 66 83 437 1438 1109 355 1231 622 855 73 178 1392 970 992 539 780 699 40 1422 335 1427 144 179 1209 418 630 827 1121 1453 1568 68 
287: 419 1217 89 1298 871 566 621 1024 1479 275 466 844 1028 1118 1280 1378 83 84 138 203 577 42 1557 424 852 989 640 948 1075 1088 1200 1546 1568 107 200 264 425 338 
770: 419 16 1237 648 649 769 1280 40 209 989 476 640 651 52 57 409 771 1042 1342 1024 1553 1111 1378 
650: 419 1096 17 16 223 1021 930 1199 1481 1237 553 566 645 648 649 131 622 146 1068 354 1183 1291 545 1321 1358 373 438 441 1143 900 911 1280 1126 957 510 539 1550 1209 342 1004 40 424 47 209 989 1428 1003 846 1361 476 511 556 568 589 598 609 610 640 2 6 28 52 54 57 58 66 86 116 124 125 152 162 163 200 235 253 257 281 289 308 323 324 398 402 415 425 433 445 651 1162 655 670 1201 1207 705 720 1232 732 769 1248 755 767 771 780 792 1311 818 826 828 831 1423 858 915 1378 878 1393 906 916 940 1452 955 1464 959 960 854 1024 982 1035 1547 1046 1047 1048 1039 1069 1095 1553 965 
1378: 419 17 89 1457 1214 553 644 650 769 770 987 1216 1309 1411 1550 1571 372 176 205 594 629 845 965 1004 1082 1240 1266 1314 236 1339 962 245 1321 83 577 1143 1159 1549 957 440 617 1285 209 82 287 905 476 819 603 672 674 996 997 1035 1043 1080 1162 1272 2 18 33 36 37 45 58 78 84 200 264 315 317 335 339 387 388 391 425 437 1572 1477 1383 1487 
58: 419 507 17 223 489 566 606 650 769 916 1046 1571 47 106 613 752 1004 1069 1378 1394 1432 236 245 342 478 858 886 1002 1003 1047 1143 1572 622 1336 680 877 577 911 1099 510 539 789 1424 1443 1075 387 388 1071 589 593 665 674 686 717 731 777 781 833 836 854 893 951 977 1035 1076 1107 1136 1171 1194 1242 1264 1274 1311 1337 1465 1482 1502 1554 1565 19 31 192 222 247 253 268 318 319 331 335 339 341 359 382 265 62 
253: 419 507 223 888 760 1199 553 645 649 650 755 1046 1411 1550 354 442 445 516 1069 338 346 424 478 1002 1003 1143 58 438 622 1520 840 203 373 911 804 1294 954 855 510 185 904 40 1503 1254 1361 99 125 192 480 494 497 589 623 670 672 756 775 782 853 854 948 950 959 960 997 1005 1025 1027 1030 1035 1088 1207 1221 1311 1319 1334 1403 1530 1547 1566 2 52 196 211 247 280 281 303 316 324 335 425 
780: 419 1399 1481 1237 871 566 650 116 442 26 106 945 1069 1240 1428 424 1066 478 1003 1572 1495 1223 32 959 992 23 113 1520 190 1142 1291 284 209 989 5 1393 535 537 565 616 623 662 672 49 54 292 327 401 423 891 1524 1162 914 1176 1207 1035 937 813 827 960 977 1232 854 1364 1244 1246 795 1381 881 793 
1069: 419 1096 393 89 223 786 760 1303 1199 871 566 621 648 649 650 755 769 771 897 1046 1079 1216 116 254 255 275 442 47 629 917 1004 622 1367 614 840 1068 523 1291 1321 735 221 373 421 438 441 1143 911 804 1294 954 1463 1549 1126 215 276 539 406 284 40 424 1435 1052 1503 1003 1075 1254 330 915 1071 478 58 99 124 125 192 253 444 1026 609 780 1207 935 480 567 576 600 602 632 651 672 674 746 751 783 810 817 827 849 854 858 885 914 920 940 942 949 950 959 960 981 1025 1035 1040 1047 1048 1053 2 3 49 86 152 165 174 193 196 200 222 244 246 247 264 271 280 281 331 339 362 402 423 1162 1179 1206 1226 1232 1244 1246 1258 1553 1311 1337 1370 1394 1456 1434 1524 1107 1551 1545 1572 1115 1127 1221 
482: 419 507 89 566 621 622 83 957 334 284 424 192 854 853 366 3 54 145 282 1329 542 567 1215 1251 
282: 419 507 719 1481 489 656 916 1309 1413 106 482 1549 355 904 539 865 139 284 425 672 1251 531 1412 358 138 510 800 182 777 1228 54 641 653 665 791 792 906 907 1029 1136 1220 1541 288 411 
601: 419 622 647 704 1511 669 1038 954 913 1379 
648: 419 16 1481 622 523 1321 1358 704 1280 510 1550 1209 40 290 649 989 1428 1003 770 650 116 124 1547 1069 854 1024 965 208 409 513 610 2 43 62 121 152 266 296 297 324 370 384 771 651 1162 1293 805 1566 787 960 959 705 1342 1370 1176 744 878 
659: 419 1214 945 539 914 935 138 1232 825 
713: 419 1399 89 395 1298 719 1199 1457 1024 255 275 106 1304 1209 572 863 1387 1240 651 619 1270 1018 
769: 419 16 930 1237 566 649 650 705 622 245 373 900 954 1280 957 40 424 209 989 770 1378 388 58 192 444 1069 854 1025 853 640 1024 1042 1572 341 1553 306 409 651 1566 425 782 1221 670 52 57 1452 918 1342 1111 
805: 419 16 648 688 1272 225 205 1572 1387 409 1348 
876: 419 425 869 270 961 1029 
918: 419 420 158 1199 1481 769 1342 116 146 962 1275 1127 77 685 57 268 932 
961: 419 420 425 911 409 876 60 1371 
1042: 419 769 770 1342 106 1004 1240 1482 57 495 409 1344 
1076: 419 393 1214 1004 440 200 58 438 373 1163 673 164 672 914 1035 335 341 628 674 
1111: 419 769 770 1342 57 409 
1145: 419 974 1216 424 885 886 1108 1109 998 78 810 229 837 
1246: 419 656 1024 1069 1280 840 1223 780 1393 1245 235 849 586 609 687 813 1244 163 1297 1556 
1293: 419 1457 553 648 1046 184 354 445 752 1197 1115 535 757 8 537 1056 
1527: 419 1399 1481 806 669 1501 1251 1170 1213 117 
1536: 419 1486 425 1564 1471 1504 1125 599 1124 
1553: 419 507 649 650 769 770 205 1069 1280 1428 83 1075 840 1542 425 585 854 911 268 957 670 1120 1285 167 1555 1229 1476 1163 913 836 1530 19 
43: 419 974 620 648 649 962 651 1015 517 1348 
57: 419 1237 649 650 769 770 1240 1280 918 651 425 935 1042 1491 409 1111 1371 60 
121: 419 648 360 651 1507 122 231 585 1248 161 263 
200: 419 1217 89 1457 1214 559 566 644 649 650 755 897 916 354 445 47 106 594 629 845 917 944 955 965 1069 1082 1215 1314 1378 36 83 84 212 245 312 287 305 313 315 317 424 437 440 360 622 138 1339 970 1542 669 933 577 50 373 673 855 139 1209 617 5 124 1206 366 567 1136 885 1226 264 498 534 671 672 674 792 914 958 981 1035 1055 1076 1087 1436 1566 39 69 105 280 281 
208: 419 1574 507 1096 364 974 648 205 313 693 247 497 600 887 1456 243 425 
240: 419 17 620 649 1024 1185 251 442 613 706 753 868 1004 1215 1280 1314 1368 1539 440 297 1108 1109 1226 433 355 28 166 865 998 1397 93 120 122 231 386 1448 795 1030 1195 674 1485 229 323 1020 221 630 1530 1275 1248 701 495 898 1001 1235 161 292 428 
258: 419 1079 177 183 184 305 134 970 373 842 
308: 419 1376 17 1199 1481 489 649 650 705 897 988 1024 629 706 824 1191 1506 37 885 886 1226 1503 539 1101 93 284 293 425 1496 670 138 609 1150 784 1239 1274 
409: 419 648 769 770 771 805 1342 1280 162 290 970 425 510 57 1042 1126 961 1111 1371 60 
425: 419 1399 420 1481 650 769 897 1024 1342 372 1280 1378 83 287 424 651 1052 253 1503 208 290 69 692 284 911 185 1412 1071 1026 531 282 308 233 288 1324 1553 562 409 589 876 961 1041 1310 1536 57 60 
735: 1389 1096 1457 871 566 649 1309 116 445 47 945 965 1069 1367 1506 317 1053 1093 1315 1572 88 238 1503 1435 1495 146 1265 717 376 122 293 903 156 268 1022 1115 131 95 170 454 545 138 602 583 584 662 19 29 42 112 136 171 216 225 295 327 969 1027 1099 1426 1352 973 1567 1209 860 898 1569 1102 1359 1194 1063 861 991 1576 743 
1185: 1389 1399 507 16 1481 871 538 620 621 236 238 669 877 442 953 459 285 526 642 150 226 230 234 237 240 251 290 371 1265 1308 1569 1203 1233 
989: 1389 465 525 621 648 649 650 656 759 769 770 771 988 1079 1273 1550 183 184 306 404 83 287 440 617 651 780 479 1020 86 244 310 1140 
1208: 1389 1249 760 566 621 916 176 1004 66 342 346 1450 1067 622 1542 69 1365 1442 857 1335 386 905 745 1416 1099 1325 322 467 630 631 675 1440 1443 535 537 607 756 775 983 984 985 1173 11 294 1385 
1272: 1389 1096 1298 1199 805 1008 1571 442 1028 1215 1378 230 886 267 840 479 1056 1150 327 
658: 1389 1251 935 1313 198 1491 1494 1132 1175 
717: 1389 1399 1376 888 1021 1481 559 1046 354 945 1280 83 315 617 1143 1226 58 88 438 343 1503 1294 1299 291 93 615 735 221 1163 585 510 539 1085 284 857 1361 935 1127 1035 671 583 600 685 781 938 850 967 1365 
1093: 1389 1574 507 1376 17 223 1199 1481 644 656 897 106 516 1280 962 93 138 238 1542 735 438 900 1294 1109 276 539 293 330 535 1482 1532 331 883 1038 685 721 795 938 12 19 112 268 1300 1507 1130 
1300: 1389 1249 1481 962 1093 238 1147 1542 293 1020 928 
268: 1389 1021 1196 442 1463 304 305 391 918 962 1093 58 267 1231 1335 735 1022 704 366 1251 975 1553 1088 836 685 19 919 348 
1541: 1389 1376 1481 945 1540 617 1251 282 985 1387 229 278 800 
1490: 1389 1481 126 781 900 127 
447: 1399 393 16 89 158 223 364 395 426 435 888 1021 1279 786 760 1298 1303 719 1430 1054 930 1196 1199 1457 1214 1467 580 974 1481 1237 559 741 871 
89: 1399 507 17 393 447 455 462 466 471 482 484 501 514 516 594 613 629 655 706 712 713 733 752 753 760 763 765 824 844 845 868 917 944 945 955 965 972 999 1004 1008 1024 1028 1046 1069 1079 1082 1118 1144 1157 1191 1199 1215 1216 1236 1240 1247 1266 1271 1279 1280 1314 1340 1367 1368 1378 1394 1404 1428 1432 1457 1463 1506 1508 1539 1549 36 37 66 82 83 84 155 162 176 205 212 213 236 245 250 312 287 304 305 313 315 317 338 342 346 357 391 424 437 259 440 360 90 109 200 
500: 1399 251 1506 313 400 954 457 289 914 1311 
506: 1399 507 489 999 1572 539 1412 98 
556: 1399 649 650 
558: 1399 251 1004 236 238 1365 539 900 603 716 1251 331 671 1001 188 795 969 1323 
564: 1399 501 1110 1101 560 830 
606: 1399 1096 16 1021 1481 489 553 566 945 122 146 236 79 238 722 438 441 442 911 855 1325 617 1153 342 1004 424 789 47 90 467 630 478 479 535 537 567 58 66 77 105 112 128 247 251 319 323 361 380 398 1537 1287 1393 1419 782 1427 795 607 784 1564 1073 1211 1395 1094 845 1107 1063 1240 1368 964 994 613 1007 881 967 
644: 1399 507 17 16 1021 566 448 106 513 567 569 602 629 42 46 50 83 93 94 138 139 200 209 218 236 237 238 239 247 272 312 313 315 317 335 339 342 347 358 390 391 397 442 1395 1017 1149 1025 1455 1014 674 1294 1002 1549 1542 1302 669 890 1334 897 1482 1251 688 744 693 1215 1464 834 1216 1343 1470 965 1093 1003 845 706 1321 853 998 1378 1427 1194 1115 881 1388 
663: 1399 223 1481 1024 1549 1469 1074 1251 1127 1470 161 830 
689: 1399 1219 1177 1539 1108 1109 1507 267 1317 93 122 1388 688 1207 854 1025 479 366 1397 520 540 1348 1423 968 739 1509 
690: 1399 1217 1219 1376 1481 559 1024 845 459 1109 1507 622 93 520 540 688 110 143 161 366 968 1001 1131 
692: 1399 1021 1467 1046 47 627 1035 170 1363 425 1170 836 775 891 1464 1480 
726: 1399 507 435 218 1542 585 334 1388 25 187 724 1044 727 1264 
738: 1399 
781: 1399 1376 754 176 753 1004 1549 342 617 1002 1003 1108 1109 58 438 343 1503 1414 146 290 717 1163 215 1251 1127 415 555 171 1490 1005 
830: 1399 1219 974 251 629 663 539 564 366 519 653 1310 
857: 1399 1574 1481 649 442 313 440 617 1572 222 416 438 146 622 1483 717 467 1208 572 119 151 380 1403 934 1127 
865: 1399 1303 489 538 884 897 916 251 629 965 236 230 478 319 238 789 622 539 373 1513 284 800 237 1232 479 599 708 777 797 240 282 443 1136 1395 1530 1220 1382 1386 
974: 1399 1096 447 1298 459 525 528 589 622 696 704 723 830 843 889 893 900 953 955 10 24 36 43 99 102 112 184 208 213 247 303 305 313 366 424 437 1522 1145 1287 1040 1355 1334 1336 1361 1511 1034 
998: 1399 489 644 1428 539 284 1429 1530 1150 229 240 1145 1187 
1004: 1399 1217 507 89 223 1481 465 566 606 649 650 916 1046 128 275 752 753 868 917 622 122 680 577 373 1143 911 804 284 1285 461 342 467 478 558 593 627 630 686 716 756 777 781 789 833 836 854 858 883 914 982 1002 1003 18 31 58 209 240 318 335 339 382 387 424 1171 1208 1215 1239 1242 1245 1076 1311 1314 1337 1331 1359 1378 1383 1443 1465 1007 1010 1020 1025 1539 1038 1042 1047 1048 1069 1071 1101 
1101: 1399 1303 566 733 629 1004 342 1308 1540 1231 564 239 284 1557 800 662 366 716 308 799 496 605 784 927 1038 1088 0 348 396 410 1230 
1106: 1399 116 222 2 911 1026 1547 854 1211 853 948 281 49 1012 721 
1154: 1399 507 251 315 252 373 
1256: 1399 255 1114 880 157 825 
1270: 1399 1376 354 713 972 1240 1314 1368 245 1002 438 355 900 660 957 1229 293 1071 598 408 684 685 721 
1299: 1399 507 1376 393 566 987 1024 1550 354 442 1280 1428 236 245 230 459 438 355 361 238 1294 23 1520 1336 1542 1291 1469 1255 373 900 585 957 164 276 539 494 562 717 880 1025 1254 1284 412 1515 1412 1445 1403 
1335: 1399 1336 1099 1325 232 1208 120 268 
1397: 1399 1219 354 1463 245 904 689 101 479 716 808 100 240 241 
53: 1399 435 213 868 1250 1540 1575 172 589 1012 761 751 278 932 149 
77: 1399 566 606 656 1046 236 90 918 890 242 622 539 1416 1099 1443 1251 379 1311 1275 76 593 685 1005 1352 410 
120: 1399 507 897 251 317 242 1224 1335 284 479 1136 1275 240 
139: 1399 1376 1214 559 644 656 354 1215 1314 1549 84 236 440 200 85 438 238 1149 1294 1365 539 138 252 1501 911 954 458 1494 623 672 699 728 777 826 1035 1114 1134 1348 1388 247 282 185 327 330 
255: 1399 507 16 888 1237 489 566 712 755 897 622 146 1280 510 539 1069 640 1150 629 713 1121 1256 1259 230 410 
275: 1399 16 1481 528 553 566 897 916 1309 251 442 855 510 1285 1004 287 1428 1503 1003 1361 1069 247 1532 331 78 713 1384 1521 15 272 
285: 1399 158 489 1185 251 1308 230 539 459 526 596 1233 1569 
293: 1399 507 1376 656 1078 354 47 917 1463 245 313 1093 1357 438 355 1503 203 1542 476 539 1270 23 735 373 900 1325 276 1229 40 474 684 685 721 751 777 1056 1071 1127 1300 1402 1441 1547 188 292 303 308 408 333 
353: 1399 1376 1046 1216 1550 205 1506 236 342 885 1533 438 355 238 547 218 647 1365 138 669 1163 185 935 331 532 
359: 1399 786 884 251 629 236 342 1003 58 328 855 1390 1302 1337 335 1383 1038 732 588 1401 228 
360: 1399 89 1199 1457 1481 566 251 965 1428 83 245 250 317 1159 1429 387 567 200 150 335 339 341 1383 1038 588 1007 1390 1401 121 
386: 1399 438 361 238 622 1034 138 252 1412 1424 1208 237 1251 240 327 105 1010 809 
434: 1399 1314 1251 1170 1515 
1417: 1399 507 1096 1214 871 516 629 965 1215 1314 1109 355 904 539 577 373 1163 673 479 672 674 826 1035 1127 1382 
1552: 1399 435 1054 987 988 251 357 962 617 933 587 840 1321 46 252 453 59 190 1142 1183 1291 454 539 545 680 722 742 773 874 877 934 957 1025 1243 1358 1373 1388 1462 1475 1478 1501 323 
1448: 1399 251 240 
1406: 1399 897 1008 945 358 
1496: 1399 17 1214 525 1046 629 844 1314 1463 312 313 315 440 962 438 290 622 1365 539 138 911 585 848 485 599 736 784 799 308 331 
1523: 1399 1024 354 1549 245 355 1542 23 1337 1251 504 1175 
1450: 1399 420 393 1320 733 1079 462 1428 1250 1117 1143 1542 1013 508 520 562 800 819 1208 1441 100 181 
1513: 1399 1096 719 649 987 988 1240 1097 622 456 865 669 545 373 778 881 1061 1085 1207 1260 1407 264 358 
1099: 1166 507 1262 765 312 313 315 58 355 361 238 456 1034 1335 77 903 1022 1023 1208 457 1127 735 276 1395 597 1077 161 
406: 1166 1376 1481 656 390 442 945 1069 317 391 1149 272 622 539 50 164 1388 168 669 171 458 628 634 330 
1081: 1166 465 1168 854 790 1088 1086 107 958 292 186 
1207: 1166 1096 760 521 649 650 442 945 1069 1394 155 245 424 478 617 651 858 1047 88 222 253 355 1075 1294 622 1321 959 689 780 1513 585 725 854 911 1403 280 281 23 1068 1183 373 673 1126 750 1085 42 1153 125 192 555 576 623 721 731 744 749 756 782 810 818 833 836 853 1012 15 49 152 153 235 247 249 1464 1311 1211 1232 1471 1524 
520: 1166 987 1550 354 445 47 1463 1539 424 355 1450 689 690 725 1010 1251 1035 105 935 534 1391 1551 1575 523 1013 1494 1232 326 643 1454 860 
684: 1166 1481 559 205 390 84 88 1270 293 239 685 1127 367 408 1013 1229 721 936 
728: 1166 1507 547 139 854 138 1530 842 
851: 1166 1236 416 1067 1462 1469 1372 
896: 1166 1376 649 844 962 1010 1161 685 537 669 1009 
927: 1166 507 1376 1214 1481 945 1463 305 357 438 343 355 1075 203 1542 539 1101 585 848 957 545 276 23 742 1255 1163 247 802 241 1402 
1016: 1166 560 
128: 1166 1219 16 1457 566 606 1273 622 1339 238 185 1004 47 124 125 1025 105 941 1043 1190 254 
433: 1166 223 650 373 585 240 696 1048 
1522: 1166 974 1481 935 825 
1289: 1166 840 1251 145 519 
1387: 1166 507 1262 1481 566 805 1046 1333 106 713 945 1540 355 1251 247 44 30 278 1541 
1487: 1166 916 1378 236 1109 957 15 
1369: 1166 1376 16 988 355 146 970 245 209 1503 1075 1250 516 880 361 105 1477 1162 188 
1074: 1167 364 1333 466 1463 234 663 848 10 1051 608 107 1110 1301 1245 1449 1162 
458: 1574 507 1376 440 953 617 890 1542 456 1224 1442 139 699 848 1022 239 1388 457 900 10 406 1209 169 334 180 1538 1267 530 979 
164: 1574 1303 629 1549 391 424 890 933 1109 361 238 1076 1149 1299 203 272 1470 622 1321 1251 1255 1416 457 485 605 749 1384 1429 1577 406 334 
1229: 1574 1249 313 933 88 369 355 1270 293 854 457 685 408 23 684 721 1553 
574: 1574 507 945 88 95 215 1269 
727: 1574 507 317 391 283 319 726 42 7 724 852 1264 187 744 1131 1025 411 1044 
852: 1574 1481 1237 287 317 391 440 617 283 319 355 1470 42 7 463 698 727 744 785 828 1025 1038 1347 1248 1131 
1003: 1574 1249 507 1096 223 364 395 760 538 644 648 649 650 754 916 1046 1571 205 275 106 752 753 1004 1069 1215 1314 1428 391 234 478 651 858 885 886 1002 622 373 438 1143 911 804 954 1126 1017 510 539 904 290 789 800 467 503 547 593 596 686 691 693 718 729 764 777 780 781 783 816 818 829 833 836 843 850 949 950 971 977 980 981 58 124 204 218 246 253 265 270 273 292 318 324 335 339 341 358 359 382 387 388 402 423 443 1171 1206 1211 1220 1232 1251 1275 1311 1337 1331 1423 1359 1426 1382 1200 1521 1026 1035 1551 1071 1087 1100 1048 
1025: 1574 566 644 705 755 769 916 987 1046 128 706 1004 1069 1191 1367 1549 317 391 424 478 1053 1143 222 283 319 253 1503 1294 1299 203 622 1552 804 689 284 725 1462 1035 281 1048 853 982 15 1291 1071 1127 1423 42 7 600 852 1283 1370 1564 1228 1068 744 124 1131 1126 125 1547 727 783 784 836 993 1162 1238 1385 
1046: 1574 1096 1376 17 16 89 223 1021 760 1303 1199 1481 649 650 754 901 106 1068 79 245 1302 1478 314 373 438 442 1143 1023 911 1126 1085 1442 1209 1224 1388 1429 342 1004 209 5 1428 1503 1002 1003 1254 330 387 478 58 166 192 253 1547 1069 1091 854 1025 480 499 548 651 692 717 835 858 859 882 883 934 942 950 959 1035 64 70 76 77 86 222 235 244 247 273 280 281 317 324 335 338 353 416 1144 1215 1232 1239 1259 1311 1383 1387 1496 1535 1554 1566 1293 1067 1107 1048 
1153: 1574 1196 606 1506 313 459 885 886 1108 1109 1226 438 795 854 1251 1207 1331 1330 
1316: 1574 620 314 1317 1429 495 
283: 1574 507 223 317 391 577 373 585 539 42 852 1547 1025 319 1470 597 698 727 744 1131 7 
146: 1217 1249 395 1021 606 621 650 705 733 734 897 1369 255 306 404 445 706 965 1394 1506 236 305 317 440 918 297 617 1507 238 1503 1149 449 456 457 467 470 485 510 536 539 561 577 583 600 630 660 661 669 704 735 781 798 816 822 836 855 857 873 903 932 954 959 1005 1009 1020 1022 1073 1088 1115 1195 1231 1241 1283 1325 1334 1424 1442 1500 1530 1557 1563 1567 72 104 105 112 180 217 237 264 307 366 367 423 427 432 
269: 1217 17 364 1481 516 459 138 670 
1428: 1217 89 1021 1430 930 1481 566 648 650 656 1024 1046 1079 275 442 47 106 824 1215 1240 1368 622 245 1183 1321 1358 373 673 954 1109 1325 1017 440 953 1299 1450 424 789 1424 1108 467 5 505 522 535 546 567 584 593 595 599 670 672 724 764 780 783 818 836 858 867 880 886 908 935 991 998 1002 1003 1032 1035 1058 1105 1120 1127 1136 1176 1190 1205 1206 1226 1259 1311 1343 1365 1379 1423 15 49 61 80 86 105 125 216 218 222 273 339 340 349 360 385 387 1464 1474 1518 1553 
477: 1217 1216 1503 421 1071 387 388 
387: 1217 1214 1046 1216 1004 1082 1215 1378 1428 1539 66 83 342 360 1002 1003 58 585 1007 335 1339 46 618 477 653 1038 1171 1173 1383 339 
388: 1217 656 769 1216 613 1378 83 342 1002 1003 58 343 361 1035 335 341 339 761 477 45 
825: 1217 917 1240 438 1503 137 1265 1256 659 1522 1363 187 975 1131 1443 640 641 143 1431 1156 1449 
850: 1217 1376 649 442 83 1003 1143 438 1294 1435 717 855 1365 672 1254 716 358 545 571 1361 843 777 1469 772 252 
935: 1217 1219 1376 1303 1199 754 251 1069 1428 1549 36 83 259 478 1002 1143 1572 12 1265 69 717 353 725 1010 1251 1114 718 589 573 215 1494 97 520 603 643 658 659 748 756 826 835 57 143 153 264 271 380 401 1014 1156 1431 1313 1187 1460 1239 1522 1488 1372 
1136: 1217 507 489 733 897 916 1216 1413 1486 1314 1428 424 200 1066 548 1002 1226 58 789 1519 539 865 120 284 880 1114 1412 1554 534 142 282 1455 1478 816 247 721 777 182 246 339 693 1530 1220 1436 619 1382 800 540 579 691 
328: 1217 393 1177 354 945 955 1549 440 238 1075 1503 587 1435 1495 320 1339 539 1245 567 1575 678 1390 359 
335: 1217 507 17 1214 1481 566 644 1046 1216 106 845 1004 1215 1378 66 250 342 360 1002 1003 58 253 1076 567 359 1007 18 209 618 387 388 1171 1259 339 
339: 1217 507 538 644 754 1216 47 845 1004 1069 1215 1378 1428 66 83 236 342 360 90 1002 1003 58 438 1503 290 1287 1251 716 718 1007 40 373 335 341 387 1285 746 221 618 388 1136 579 668 1433 273 
341: 1217 507 1214 1481 769 1216 106 613 342 360 1002 1003 58 1076 1007 388 339 583 1038 1043 1383 45 
1394: 1217 89 1481 1095 1069 146 1143 58 1207 1337 1269 783 1131 1087 602 623 
855: 1219 507 888 566 606 754 1177 275 103 83 313 317 338 424 440 200 459 1002 85 222 253 767 567 146 1147 1231 622 456 970 1163 911 1416 479 510 539 603 652 670 672 847 850 144 209 215 281 284 323 359 1566 1242 1385 1051 1313 1187 1567 1251 1230 942 1275 969 1471 1494 1259 
1268: 1219 507 629 1539 617 85 95 598 172 1347 244 1520 913 583 217 1324 27 
1133: 1219 566 248 
27: 1219 1268 
250: 1219 89 1215 335 360 
1183: 1249 1054 650 987 988 945 1280 1428 357 962 890 933 319 355 587 203 925 1470 1321 1542 1552 854 911 1462 718 281 957 1207 358 1311 239 877 1388 453 454 545 680 722 874 59 190 1142 1291 1373 23 654 742 744 785 943 954 1083 1085 1127 1163 192 428 1204 1475 1478 1358 1243 1476 
1325: 1249 566 606 755 116 484 1240 1428 886 12 319 567 146 622 69 456 1335 293 911 1251 1208 467 408 144 954 675 745 775 1440 630 926 1443 1546 
467: 1249 1199 606 47 1004 1428 83 1002 1003 438 1503 146 622 857 905 1208 924 1429 745 1163 1325 1209 5 309 630 631 1148 675 1440 1443 834 991 
1440: 1249 484 319 622 122 1208 467 303 1094 1325 630 679 
504: 1249 17 1523 585 331 1491 492 226 1132 
936: 1249 438 1311 684 1402 44 
298: 1249 223 559 1252 539 
1427: 1249 1376 17 1481 606 644 897 205 442 106 66 1250 438 789 622 1542 539 93 880 331 1554 138 209 1530 54 270 1253 
1357: 1249 1376 17 223 1177 205 66 83 424 885 886 1226 438 539 169 530 232 293 330 1127 331 696 1038 361 511 1005 1130 117 408 1447 
16: 507 447 465 489 521 525 528 538 553 566 606 620 621 644 645 648 649 650 656 700 705 712 733 734 754 755 759 769 770 771 776 805 806 884 897 901 916 952 987 988 1008 1024 1046 1057 1078 1079 1095 1123 1177 1182 1185 1214 1216 1273 1303 1309 1333 1342 1369 1411 1413 1479 1486 1550 1562 1571 116 372 128 176 177 183 184 205 213 390 251 254 255 275 277 306 354 404 442 445 26 103 47 106 
1430: 507 447 158 364 1303 457 539 591 820 924 1022 1023 1280 1428 18 102 207 291 313 317 355 400 1455 1506 
1457: 507 447 89 493 505 510 535 563 566 567 577 585 596 602 652 660 713 735 754 845 884 897 905 955 965 1005 1034 1073 1169 1194 1195 1214 1215 1251 1293 1294 1351 1378 1388 8 15 42 50 66 78 82 83 90 115 128 168 200 213 236 276 314 317 360 408 415 438 440 445 1485 1503 1463 1481 
46: 507 644 106 424 820 1552 534 239 5 387 1336 450 869 94 
1304: 507 713 917 440 840 1483 585 854 131 239 373 582 1400 452 511 785 1018 
1143: 507 223 1199 1481 649 650 1046 1079 1342 306 1004 1069 1378 1394 245 338 342 109 478 651 859 1002 1003 1047 1108 1109 615 456 461 480 499 541 589 618 672 717 835 850 935 949 959 1005 1025 1035 1048 1051 1085 1091 1126 58 64 69 70 78 88 224 247 253 273 280 286 320 343 1149 1311 1315 1361 1450 1254 1156 1511 
954: 507 871 489 769 1079 1309 1413 177 184 254 613 965 972 1069 1428 1506 1549 317 424 617 1002 1003 1168 1226 1572 88 253 789 272 146 456 476 500 139 848 1251 1412 41 1311 188 722 1183 1429 685 510 764 1255 1456 1500 934 601 679 382 1209 1232 993 1325 
493: 507 1457 1214 354 456 185 373 1469 8 
239: 507 1376 719 1481 644 184 106 1367 1070 438 1321 1101 1251 1115 710 46 1304 1183 1255 458 582 684 693 701 934 1087 1127 1348 1388 1564 31 94 378 
479: 507 1481 489 606 712 897 1309 1413 319 789 166 855 539 689 865 1397 120 284 1417 1424 1112 716 1412 1272 366 989 182 640 1530 777 693 1150 1228 1241 
32: 507 888 1481 516 82 83 437 1315 238 93 780 264 817 
40: 507 1199 465 566 621 645 648 650 755 769 770 771 1079 1177 1273 306 47 965 1069 1271 236 338 962 222 253 238 567 959 293 105 960 5 1209 463 490 605 1198 1232 30 247 379 209 385 339 86 226 237 
75: 507 
78: 507 1457 1481 1216 275 1378 317 962 1250 1143 1542 539 1311 642 1393 609 572 537 975 1094 1145 1395 229 
150: 507 705 897 1185 360 820 953 267 1265 539 331 673 1351 777 1526 800 
170: 507 1303 1079 177 183 184 516 765 305 1231 1321 134 1365 692 52 735 441 1429 836 1324 1517 94 112 303 188 
187: 507 559 726 1542 122 15 724 1264 727 825 1044 165 
219: 507 897 313 315 886 1109 1226 1336 1491 1353 
230: 507 158 705 733 884 916 988 1185 1413 205 255 1308 669 221 285 1299 1557 290 1412 800 865 1272 1150 880 914 526 619 670 1139 1186 1233 1449 1569 411 297 
233: 507 868 236 238 425 237 
246: 507 1481 897 1069 1003 804 280 496 1311 247 777 70 693 1136 1382 550 990 
247: 507 1096 17 974 489 525 566 606 644 897 1046 1309 1486 251 275 655 999 1069 1280 1314 1539 36 212 245 317 885 886 1002 1143 58 253 208 1435 166 1566 139 497 854 880 911 415 1251 1424 1035 1412 1007 1207 95 1554 140 674 40 192 577 602 927 1087 23 1163 1126 1026 54 550 576 600 605 730 773 829 836 887 1102 1136 1382 1387 68 246 
270: 507 1376 325 420 489 1003 416 267 789 575 585 880 911 543 1427 182 229 1026 1326 1105 380 876 14 
288: 507 566 656 916 1191 885 886 1053 567 539 284 425 660 531 282 366 1220 411 
289: 507 1376 649 650 205 1367 83 245 1168 355 647 1365 500 854 853 1393 1088 1017 1163 1234 687 1083 196 
291: 507 1376 435 1430 1481 647 221 1361 717 934 
292: 507 251 162 236 1002 1003 238 290 780 293 585 1251 718 750 373 237 124 240 1530 1081 
312: 507 89 1214 644 205 213 106 845 955 1215 1314 83 84 212 355 673 1099 539 169 440 1337 693 1496 1127 200 672 914 674 1348 1349 171 329 415 
313: 507 17 89 1430 1196 1214 974 566 644 656 1309 1571 205 213 354 106 845 945 955 1215 1314 1506 1549 83 84 212 236 355 93 138 1321 877 373 900 1163 911 673 1294 1099 848 855 500 1017 510 1229 169 440 1224 1153 904 857 1075 293 323 1206 1337 693 1496 1423 1311 1275 1382 578 1127 208 200 672 914 1035 518 674 686 696 856 1087 1259 1276 1282 1348 1349 1352 1497 1511 1529 9 24 110 168 171 211 219 303 346 329 380 392 415 416 417 
330: 507 1024 1046 354 752 1069 236 245 314 548 885 1093 1168 1357 355 622 139 1424 1114 138 140 168 23 303 406 475 515 550 686 22 
331: 507 1021 566 705 897 1024 251 275 354 106 1069 1432 90 1250 297 314 885 886 1093 1168 1226 1343 1357 58 438 290 622 539 558 93 353 1496 854 138 418 276 169 1424 777 1114 1275 504 1035 736 756 826 1030 1080 1130 1186 1233 1352 1427 1521 1569 24 150 303 348 
372: 507 16 1237 656 700 1280 209 1378 640 868 36 108 306 425 
382: 507 897 442 106 1004 317 342 885 1002 1003 1108 1109 1226 58 438 343 1519 672 1509 674 1005 182 1020 1228 954 701 1359 429 
396: 507 539 1101 284 1251 1412 777 397 1150 
397: 507 17 644 106 629 361 1503 93 1412 105 138 600 252 396 784 
437: 507 89 1214 974 525 1123 1411 824 845 868 944 1118 1240 1266 1314 1368 1378 1539 1549 66 82 84 212 305 317 510 440 209 90 880 200 32 639 1059 1528 436 
443: 507 1096 916 1002 1003 539 865 693 1107 1382 381 
1141: 507 1298 1481 1411 1368 1223 1251 913 1292 642 1393 662 849 1245 586 4 1441 1451 
633: 507 497 
641: 507 116 251 254 438 1294 585 282 1127 323 1477 825 
540: 507 489 897 516 162 539 689 690 284 716 777 1220 799 1136 96 1150 691 1170 
1182: 507 16 1237 489 656 700 897 1280 209 640 361 
1228: 507 1096 1376 559 656 442 106 516 945 305 962 1109 1075 1294 203 585 1251 282 642 479 777 1025 382 
683: 507 1079 177 183 184 134 1517 
691: 507 733 897 1003 272 290 539 816 693 619 1136 1186 1150 800 540 
696: 507 17 974 649 442 313 1357 433 670 138 1509 1073 701 599 110 229 1006 975 721 
1209: 507 648 649 650 1046 1079 1216 183 306 713 845 1082 1215 1280 1368 37 236 424 440 200 651 355 1365 1035 914 957 673 704 215 874 642 467 685 5 40 735 276 23 605 777 954 1163 458 720 958 964 181 209 264 1274 
708: 507 1481 213 955 865 537 
1220: 507 489 566 712 897 1309 236 1002 1003 567 539 865 284 911 282 816 777 1530 1150 1136 540 1382 288 
1150: 507 1096 489 884 1309 1413 1486 205 213 251 255 1549 1308 230 1002 789 290 539 998 284 880 911 531 1272 18 308 1393 479 1264 1363 1465 1530 1220 526 1233 799 1382 866 310 800 540 568 691 396 405 410 1322 1375 
724: 507 1481 1428 726 1429 187 411 1264 1044 727 
1241: 507 871 489 897 146 880 1412 479 1377 693 
1324: 507 629 425 95 170 1530 1268 383 
1248: 507 489 650 1309 1413 251 1463 1052 1470 1287 539 1412 1291 533 669 852 891 240 572 964 121 943 
752: 507 1376 89 223 1216 442 355 245 1542 925 438 539 1004 1003 330 58 323 1215 1226 361 1293 1483 
1264: 507 1481 58 218 726 25 1388 724 881 334 1150 187 727 1044 411 
538: 507 16 1481 489 236 566 539 459 284 339 389 897 916 1185 693 567 1382 1403 845 865 1002 1003 
777: 507 1481 489 897 916 987 1309 1413 1486 629 844 1004 1549 245 317 342 885 890 1003 1226 1315 58 1294 1435 1321 539 865 139 284 293 880 911 331 1114 1115 1412 543 1554 282 138 140 42 816 907 479 578 1209 800 1347 1232 182 1530 540 579 619 693 150 172 246 310 396 1136 1521 799 791 792 1305 1181 1568 938 1577 1382 1220 1088 1445 906 850 1139 1228 
907: 507 1376 1467 354 442 955 245 886 355 1542 1365 539 498 282 276 23 252 418 900 777 791 792 906 303 
1288: 507 1376 656 69 1424 185 900 303 
784: 507 1376 606 516 629 1250 267 789 1542 971 1101 93 1496 1030 138 308 1088 172 397 1025 1530 311 136 374 1474 
789: 507 1376 1262 364 489 606 656 712 754 897 1309 629 1004 1428 83 962 1250 297 548 1002 1003 58 267 954 539 284 1285 1429 463 290 479 578 605 784 256 270 348 1136 1390 1551 1427 1186 1150 977 816 1317 1345 1482 865 880 881 
826: 507 649 650 442 1240 617 438 622 1365 139 1417 331 1023 1115 935 138 605 669 1500 1476 1501 
799: 507 489 897 245 1438 539 1101 284 1496 716 777 1091 1121 1530 1150 540 
1309: 507 16 1481 489 897 735 83 911 954 276 539 284 1412 789 1020 90 1002 476 479 594 777 829 853 854 866 880 883 996 1118 1150 1220 1226 1248 112 192 213 247 273 275 282 313 1530 1413 1314 1378 
1311: 507 1303 1196 1237 489 650 754 897 1046 306 442 629 965 1004 1069 1428 313 315 338 342 858 1002 1003 1109 1143 58 222 416 319 343 253 1149 1319 166 622 1542 69 1442 500 77 672 854 1035 280 281 1207 853 673 185 358 614 190 1183 1283 954 237 1211 576 936 943 1005 1212 34 48 70 78 246 303 394 423 1395 1445 1509 
816: 507 1214 897 1002 1003 789 146 539 284 795 800 1530 777 693 1136 1220 691 1305 
1363: 507 1481 1280 651 692 1239 1150 825 336 
858: 507 1096 223 650 884 1046 1004 1069 1428 342 478 651 622 373 911 803 1109 185 1108 1002 1003 58 125 1026 1207 854 1211 672 749 782 836 86 222 244 273 280 281 343 415 1035 1162 1311 939 959 859 1005 
868: 507 89 372 355 622 122 1004 1020 209 630 1028 1539 1314 240 233 437 53 66 212 278 1139 1461 
869: 507 1376 420 257 46 1125 876 
1382: 507 1096 489 538 712 897 916 1216 1413 753 1314 83 313 317 440 1002 1003 350 925 290 1197 1317 539 865 284 1417 880 1251 1412 142 674 1127 42 1087 247 777 246 444 693 244 1530 1220 1305 68 1150 1136 579 832 993 443 
1383: 507 1481 566 1046 1004 1378 342 360 359 1412 1007 185 341 387 1038 318 1471 
754: 507 1096 16 364 1021 1457 1481 1237 489 645 622 373 855 642 290 424 789 1020 1003 1361 1071 478 935 1206 1046 1245 503 535 753 105 107 172 317 339 367 392 410 1521 764 1403 1532 1413 781 1168 1432 1311 897 1315 1572 1008 1107 880 
880: 507 17 1021 1481 489 656 712 754 897 916 1273 1309 1369 1413 1486 251 442 629 965 999 1314 1428 317 437 1250 1308 230 297 548 1315 267 789 1299 622 1566 1317 1365 539 1256 284 795 79 1412 1424 1020 572 531 182 1530 777 693 1150 1241 1423 247 270 310 1136 1382 1509 14 22 188 225 402 1035 1186 1260 1088 993 1007 1427 
883: 507 566 897 1046 1309 1004 245 342 424 617 885 886 1093 1226 222 343 166 622 957 997 638 1443 976 1530 349 
1395: 507 1376 559 606 644 1413 965 83 317 617 885 416 1197 865 1251 1311 1127 78 276 99 171 413 1099 1232 810 836 1056 1162 196 
1413: 507 16 426 566 754 884 897 1309 669 442 954 539 284 1412 800 531 479 1530 777 579 880 1136 1150 1248 1382 1395 54 160 230 282 
1419: 507 1481 606 
1437: 507 965 1075 585 5 373 1163 264 195 1439 
800: 507 489 897 1413 205 1314 424 1438 230 1003 1450 539 865 1101 284 1115 716 1412 282 816 777 1541 463 1121 1530 1136 1186 667 1150 150 405 691 1006 
1476: 507 1376 1215 1506 245 357 1250 617 890 438 319 355 400 587 1294 925 1470 1321 1542 848 718 1388 545 874 59 190 1142 1291 1373 1183 1243 23 605 1120 1204 167 826 744 1553 
971: 507 888 559 1123 972 1002 1003 355 122 1291 911 585 1254 379 784 107 358 
972: 507 1376 89 1214 1481 945 1291 673 954 585 1109 750 1108 476 971 1270 1314 
975: 507 355 268 78 696 643 825 173 
884: 507 16 158 1457 1237 489 442 539 284 1412 176 531 858 865 897 1530 1413 1150 716 1114 721 758 230 359 
1491: 507 553 649 1549 12 88 1067 1365 585 1251 131 138 1313 57 1494 1232 504 658 860 1077 1132 219 
992: 507 888 1481 916 442 47 629 1144 1508 424 886 1226 622 209 1071 780 605 161 1038 
997: 507 760 844 1378 236 424 253 238 376 854 565 280 281 421 914 957 853 834 237 192 1232 883 370 1107 1554 
1292: 507 83 459 531 1141 981 1232 775 252 67 
1020: 507 1096 1376 559 754 897 1177 1309 442 868 1004 1314 1539 83 84 424 962 1052 1109 1226 1315 416 567 146 1197 122 284 585 795 880 1424 1127 736 893 1300 171 490 463 630 748 989 135 240 382 1307 1577 
1530: 507 17 489 566 734 884 897 1309 1413 1486 251 245 548 1108 1109 1226 253 547 1294 166 347 146 290 910 539 865 998 284 880 1412 18 816 900 479 777 1427 1529 638 1532 240 693 662 883 1126 784 1037 728 800 619 799 1136 1150 1220 1221 1276 1305 1324 1375 1382 1396 1505 1518 292 345 405 410 1553 
515: 507 952 622 716 330 912 
1532: 507 489 754 897 275 885 1093 1226 1315 355 539 1127 172 1564 1232 1530 1077 1100 
531: 507 1279 489 656 884 897 916 1413 1508 478 1495 539 425 660 880 1251 1292 1412 125 519 3 54 282 288 411 794 693 1150 1031 653 
1234: 507 917 886 585 215 289 1520 485 783 
1554: 507 1376 17 1303 1196 1214 1046 1506 317 424 1250 314 617 1315 58 267 804 1365 539 93 903 415 1251 957 997 138 900 1163 1126 777 247 1136 756 938 1005 1012 1107 1415 1427 
1038: 507 1481 553 621 1004 342 360 1093 1357 343 992 1101 359 1251 1412 1007 105 571 276 341 387 1355 852 1015 1058 1269 1383 601 163 243 318 1492 
549: 507 840 577 537 1131 836 1164 
1568: 507 489 733 897 1079 183 184 306 1368 287 297 1231 539 1403 188 777 209 1307 698 
1063: 507 1096 606 245 338 1053 1572 361 1503 840 622 1254 211 735 23 843 934 751 1134 821 1274 
562: 507 1299 1450 425 585 596 1254 969 1261 
567: 507 1096 395 1021 1457 1481 538 566 606 644 656 916 1216 251 442 482 516 753 1069 1240 1428 1432 317 424 360 200 617 222 328 577 855 1325 1285 40 1020 1443 124 125 1547 48 288 335 352 1390 639 914 1305 1423 709 1220 982 1100 
617: 507 1376 223 1021 553 566 606 1024 47 965 1378 1463 1549 236 245 305 317 200 355 622 122 146 1142 1542 1291 1552 1462 1243 874 1255 577 373 900 1163 911 1416 1294 954 458 1109 276 510 539 890 485 513 567 605 18 48 49 185 237 264 286 416 885 718 674 1207 717 1226 1244 1251 1268 781 1315 810 1319 826 836 1348 1355 852 857 881 883 886 1395 891 1436 943 1458 1470 1476 989 1503 1001 1515 1541 1544 1554 1094 1108 
582: 507 1467 355 1503 840 1294 239 1400 1304 1018 1545 
1551: 507 1096 1481 1069 885 1003 789 840 622 670 773 520 217 326 327 
598: 507 1481 649 650 1432 355 1270 373 23 1268 984 
1121: 507 255 629 245 1308 355 854 1088 209 800 799 410 1326 
323: 554 1376 325 1481 606 649 650 897 752 304 313 478 1109 1533 267 238 494 1470 290 1552 855 585 905 1035 674 1127 510 490 485 641 812 814 984 1192 1374 1529 19 240 
1561: 554 1376 1374 
1504: 554 864 325 1560 911 716 1536 
1505: 554 864 1376 1560 911 829 1530 401 
435: 864 447 575 622 624 647 726 846 890 1028 1159 1197 1265 1321 1470 1481 1483 1542 1552 53 64 69 291 
215: 864 1376 719 1481 1079 183 404 514 1069 1118 1215 1314 1463 304 1066 729 804 855 781 848 1251 1022 1023 935 1358 1255 573 666 457 508 535 537 561 574 579 964 993 1135 1209 1234 1509 1531 1543 1546 14 30 67 130 148 181 303 
786: 1096 447 622 716 741 755 76 205 359 361 1365 1303 1273 1144 1412 1069 
580: 1096 447 559 1461 1191 1066 1481 
871: 1096 447 463 478 489 557 565 613 621 622 718 725 733 735 746 749 755 780 847 853 854 10 37 49 59 98 192 214 287 373 377 421 1012 1368 900 1283 1031 1417 1205 1424 1185 1178 1190 1195 1069 945 1337 1331 954 1254 1087 1086 1091 1095 1223 1068 1535 1241 
177: 1096 16 719 1237 525 355 945 1520 450 516 640 662 683 827 843 924 948 954 965 1017 1035 1051 1066 1137 1147 1179 1215 1236 1240 1403 1409 1436 1455 1495 1519 1538 1557 10 52 68 83 103 170 258 266 303 316 235 209 179 394 
183: 1096 16 888 719 1237 525 553 733 1024 1078 1079 1411 355 945 1520 913 745 450 584 608 616 640 655 671 674 683 720 753 827 843 849 870 924 928 948 964 965 989 1017 1035 1066 1071 1127 1137 1157 1159 1163 1178 1179 1181 1202 1209 1215 1231 1236 1240 1274 1280 1307 1313 1338 1368 1403 1409 1451 1454 1494 1495 1508 1538 1557 1568 11 15 47 48 52 68 83 103 170 209 214 215 258 266 277 303 304 306 316 329 354 417 394 424 441 442 444 445 
184: 1096 16 426 888 719 974 1237 525 553 1024 1411 945 1520 913 745 450 616 640 655 672 674 683 720 827 839 843 891 924 948 954 964 965 989 1017 1035 1066 1075 1127 1137 1142 1157 1159 1163 1178 1179 1215 1225 1236 1240 1245 1274 1280 1293 1312 1313 1328 1338 1368 1390 1403 1409 1454 1494 1495 1515 1538 1557 1568 10 11 47 52 68 83 103 105 170 189 209 214 235 239 258 266 277 303 316 329 394 440 441 442 
1079: 1096 16 89 888 719 1237 525 553 1024 23 355 945 1520 913 745 450 183 565 597 605 616 640 655 671 674 683 725 827 843 891 924 947 948 954 964 965 989 1010 1017 1035 1039 1053 1066 1069 11 40 47 52 68 83 103 170 176 181 209 214 215 228 258 266 277 303 316 329 376 394 424 441 442 445 1137 1143 1157 1159 1163 1178 1179 1209 1215 1232 1236 1240 1245 1274 1280 1287 1328 1338 1202 1352 1368 1390 1403 1409 1411 1428 1450 1456 1480 1494 1495 1451 1538 1454 1557 1568 1127 
357: 1096 1376 89 1054 1481 987 988 354 594 945 1082 1280 82 236 245 23 355 622 840 453 59 79 190 238 454 523 541 545 585 587 605 669 680 699 718 722 874 877 890 925 927 933 957 1017 1142 1163 1183 1204 1243 1291 1294 1302 1321 1358 1373 1388 1462 1470 1475 1476 1478 1540 1542 1552 1566 98 203 274 319 358 
848: 1096 1021 965 1463 305 313 361 1074 456 1496 913 418 1022 900 954 458 457 485 505 605 61 215 244 303 383 893 927 1441 1211 1087 1476 1230 1232 
1126: 1096 650 897 1046 442 1069 478 1002 1003 1108 1109 1143 1226 1319 622 456 959 1442 725 280 281 1207 982 1554 1291 373 423 247 70 1337 124 1025 623 731 394 409 1452 1530 
750: 1096 1054 972 317 622 456 1207 373 749 292 1238 898 1091 1162 934 751 
1085: 1096 1046 1143 438 1149 1542 717 1513 1462 1207 534 457 1183 373 42 99 1091 744 86 1407 536 810 782 
1224: 1096 888 1481 1046 236 313 238 458 599 686 736 120 237 392 
645: 1096 16 1481 559 622 742 442 1267 953 459 461 537 630 642 40 253 370 424 670 649 650 651 1191 1572 705 1341 1365 754 1511 
1548: 1096 649 462 36 37 459 622 
1097: 1096 426 277 466 478 438 622 418 441 1159 911 1513 1424 671 853 70 151 1407 
137: 1096 393 1481 945 245 355 1075 23 1255 472 825 358 
1254: 1096 1021 871 621 1046 763 945 955 1069 317 346 962 890 1053 1143 1343 253 355 1098 1294 1299 1470 622 804 2 971 1566 854 1251 185 1373 1443 473 533 536 562 597 605 623 731 756 850 853 915 934 948 1027 1063 1107 1110 52 211 316 377 412 1334 
1071: 1096 1199 754 755 183 47 753 1004 1069 1144 342 391 953 478 1002 1003 1206 58 438 343 1503 1231 992 1270 293 425 911 1251 1424 1035 131 1425 23 745 1178 510 1538 477 609 687 1005 1025 1041 125 163 398 444 1393 1275 1451 1128 1072 1245 
478: 1096 223 871 606 754 755 1046 1550 116 442 917 1004 1069 1266 342 131 622 745 1291 221 373 438 441 1143 911 1294 1109 1126 539 1442 284 1097 1503 1003 1361 1071 6 58 63 99 124 125 166 192 253 323 347 444 1393 1015 757 1026 609 780 1547 662 1207 607 935 572 1194 531 1331 1206 1149 1091 854 1347 1025 849 1232 1211 1110 1337 858 865 810 603 853 1495 746 1245 
99: 1096 974 553 897 1069 478 222 253 1435 911 280 1195 1068 1085 261 810 1105 1232 1395 1402 
116: 1096 393 16 223 760 1481 1237 648 649 650 734 1024 106 622 945 745 1321 203 735 373 442 900 911 1294 1549 1325 957 1075 478 602 641 651 672 725 756 780 783 853 854 918 1026 1035 1047 1048 1069 1087 1106 1149 1225 1332 1337 1355 1495 49 70 444 192 222 
124: 1096 566 648 649 650 128 442 47 1069 236 424 200 478 651 1002 1003 1572 238 567 622 725 131 373 1393 237 1283 1377 499 327 1126 1025 1232 1477 292 444 
444: 1096 528 553 566 769 116 183 277 354 445 47 753 944 965 1069 245 478 651 1053 1572 438 355 1503 1435 1392 911 503 1071 1127 373 1423 768 1575 746 1190 1337 1245 124 125 671 757 1382 1477 206 384 
755: 1096 16 888 786 1199 871 621 649 650 622 354 1302 373 438 441 442 1109 1325 334 185 40 1435 209 1503 1071 478 166 253 647 716 2 34 200 255 329 338 1402 1025 1566 1226 1066 1546 1069 824 1211 1206 964 854 853 1258 1500 
609: 1096 649 650 1550 1069 342 478 1503 840 1223 647 1071 308 1393 78 1245 235 849 1451 586 135 163 1297 1556 813 687 1244 1246 
1206: 1096 223 553 754 755 897 354 445 47 753 1069 1428 313 424 200 478 1003 1108 1109 355 745 438 911 42 1429 1503 1071 192 1393 757 584 625 744 756 761 853 854 959 967 1035 1041 1091 196 439 1423 
481: 1096 719 778 143 
536: 1096 649 952 1266 1540 146 539 585 1251 1254 1412 303 958 1085 665 1001 
586: 1096 897 445 47 962 1503 1223 1141 105 1393 1245 849 1451 609 687 163 1244 1246 813 
597: 1096 1079 1095 1314 245 283 840 622 539 1254 496 1099 
602: 1096 1376 1457 644 116 205 1069 1280 1394 83 438 355 238 1149 203 622 1542 959 1035 957 1260 185 1358 670 1127 23 735 1163 276 42 247 206 384 
668: 1096 354 1266 1435 716 188 339 
672: 1096 1021 559 116 184 213 354 445 47 629 965 1069 1378 1428 1549 66 245 312 313 315 317 391 424 440 200 651 858 1108 1109 1143 1226 253 355 238 1076 1470 1231 69 855 1365 780 139 1417 498 610 138 50 221 911 673 957 1388 63 192 854 1211 853 282 1251 1311 499 576 589 9 18 39 49 70 86 105 244 280 281 340 358 382 674 1212 730 1239 782 850 914 1422 920 1456 967 981 1035 1087 
749: 1096 1481 871 236 858 622 854 1035 281 1207 853 164 750 5 373 742 1091 810 1162 836 934 751 1238 257 1431 1253 
751: 1096 559 1069 1053 1572 355 361 622 53 293 750 373 276 408 749 1203 1575 934 1063 1162 
753: 1096 89 1199 553 566 712 754 897 183 354 445 122 236 238 245 373 438 911 539 1004 1435 1424 1503 1002 1003 237 1071 444 1206 567 1251 1423 1382 240 181 671 329 303 576 273 1392 781 
756: 1096 1376 559 116 176 442 945 1004 212 245 317 1206 1226 253 1149 1294 320 627 622 854 911 331 1254 1035 1207 1208 935 185 1554 505 508 1127 373 441 1163 1232 1385 920 964 1521 1356 1233 
779: 1096 496 1027 
810: 1096 553 897 965 1069 424 478 617 1226 1435 911 1035 280 1207 99 1145 749 1395 615 1085 480 
843: 1096 974 1079 177 183 184 442 1082 1314 305 1308 1003 1053 1572 178 970 1251 1142 1501 1063 1088 850 1511 1517 838 
920: 1096 566 354 1069 1240 355 1483 69 672 1251 1035 914 673 674 685 756 1232 210 336 1162 380 
951: 1096 442 1109 58 438 1075 911 957 5 192 423 746 803 632 
958: 1096 200 890 1572 138 721 790 1086 1209 1277 583 1081 536 186 227 
1047: 1096 223 760 650 901 116 1004 1069 1280 342 651 1143 1294 58 1207 1239 1515 
1048: 1096 760 650 1046 116 442 1004 1069 245 342 314 651 1002 1003 1143 222 433 610 1025 1107 
1053: 1096 393 223 1079 442 1069 305 840 735 441 1075 1254 444 1149 1025 1572 288 1063 508 181 751 843 934 9 211 361 1483 
1059: 1096 525 1123 306 1118 437 90 188 819 1441 866 976 
1095: 1096 17 16 871 489 649 650 622 438 911 1463 539 854 853 597 797 12 33 202 264 1394 1572 
70: 1096 1481 897 952 1046 116 106 1108 1109 1143 222 438 1097 804 672 854 911 1035 280 1311 533 1212 1318 1126 246 730 196 
175: 1096 1237 1266 840 1483 1296 
178: 1096 888 719 1481 525 442 945 965 1236 1240 1066 355 1225 1495 1520 669 1017 1557 209 853 640 948 604 843 891 1403 52 68 394 266 
222: 1096 1376 223 1021 566 1046 116 844 1069 1428 424 90 858 886 1108 1109 1572 58 622 1302 203 855 185 1429 40 857 63 99 1207 854 1025 853 567 535 1311 948 505 533 681 782 883 1001 1048 1106 1218 1566 2 52 70 193 196 273 279 281 415 
225: 1096 805 933 2 497 585 880 1462 5 735 669 1515 1092 217 
306: 1096 1376 16 1237 553 656 769 1024 1411 372 183 945 146 1520 913 83 373 442 1143 1163 1178 1280 1017 1209 1557 1051 40 209 989 1368 640 965 1311 1568 1127 1035 508 181 651 655 671 674 685 720 891 964 1059 1202 1236 1240 1483 1546 171 266 303 
375: 1096 1402 887 243 
423: 1096 1199 442 1069 1002 1003 1572 438 146 622 804 780 725 1311 950 5 373 1068 1126 237 783 1162 49 196 949 951 1524 
445: 1096 16 888 760 1457 559 553 650 656 759 1079 183 213 354 23 355 622 945 146 745 238 245 1358 203 735 373 438 1022 673 585 440 424 47 5 253 444 1206 1495 1251 200 672 914 1035 1072 181 671 105 520 584 586 674 753 761 824 839 870 950 1040 1190 1200 1293 1355 1392 1565 41 206 376 384 
1162: 1096 648 649 650 771 1369 1069 1378 424 858 438 1074 1435 622 780 541 1035 1007 950 750 1127 373 423 1422 749 819 49 1395 934 751 1337 906 920 1025 1510 915 783 576 19 174 1238 
1173: 1096 17 1549 1208 853 138 387 603 908 1576 
1215: 1096 17 89 1021 1457 644 1046 1079 1411 177 183 184 106 482 514 594 706 752 765 1004 622 236 134 238 50 900 1159 1463 1549 215 539 139 1209 1388 1231 342 290 1435 1428 1002 1003 1539 387 1149 1272 1417 670 674 827 923 1007 1168 2 7 18 179 200 240 250 272 304 312 313 315 317 335 339 377 1517 1500 1315 1230 1476 
1232: 1096 1376 553 650 656 806 897 1046 1079 442 965 1069 1367 83 245 317 338 424 478 1002 1003 1572 1225 166 622 1392 1034 1566 780 865 541 848 854 911 1251 1035 957 1207 853 997 1127 5 40 192 373 510 659 99 777 756 1395 954 1068 1491 124 520 920 1532 221 1515 1292 711 1077 402 
1239: 1096 1481 566 1046 1004 342 885 886 1047 1226 1503 596 672 957 935 308 97 54 1363 398 
1319: 1096 17 393 945 338 617 253 622 614 804 1126 854 853 1311 235 196 244 
1346: 1096 1376 1433 
1407: 1096 1503 1097 622 1513 510 1085 
1420: 1096 1312 257 1401 51 243 
1517: 1096 103 945 965 1215 1236 1240 1368 1137 1403 52 170 1338 843 1454 316 745 1494 1538 1557 948 683 1274 266 1179 1409 11 68 394 
1521: 1096 17 649 754 275 945 953 1003 1108 1109 238 203 539 93 331 185 138 777 756 243 
1566: 1096 888 566 648 755 769 1046 1078 1550 354 442 516 338 346 357 391 200 651 222 253 355 238 840 1435 272 622 1159 1321 855 614 523 50 1283 895 237 1254 1026 572 1232 1329 247 880 1035 168 281 670 725 949 1027 1465 1524 
1572: 1096 223 888 566 645 754 769 805 1095 442 1069 1082 1247 1378 83 440 1053 622 735 441 1163 911 954 1017 185 1051 857 1075 6 58 124 444 780 662 935 1091 854 1232 1251 506 1127 1035 502 627 723 751 761 783 821 843 934 958 1043 1063 1137 1190 1301 1396 1452 1483 15 94 222 228 294 361 377 423 
257: 1172 1376 1262 1481 650 734 1550 955 651 267 749 1148 869 1221 875 1420 
101: 1376 1397 565 448 1102 327 
1142: 1376 1054 987 988 184 354 945 965 1266 1367 245 357 962 617 890 933 355 238 587 203 925 1470 1321 1542 1552 780 1251 1462 1022 1114 718 957 358 704 877 1388 453 454 545 680 722 874 59 190 23 508 654 711 802 843 900 98 322 1183 1291 1476 1163 1475 1478 1358 1243 1255 
925: 1376 395 1054 251 752 945 999 357 424 890 355 587 23 131 453 59 190 1142 1183 1542 1291 669 473 503 585 718 874 98 105 358 1476 1321 957 1243 1470 1255 1382 1388 
1358: 1376 1054 1481 525 648 649 650 771 987 988 1024 1550 354 445 47 945 1428 1549 245 357 651 890 933 438 355 587 840 203 1321 1552 1462 1035 853 215 877 453 454 545 680 722 874 59 190 1142 1291 1183 1475 1478 23 669 602 1083 1127 1243 42 107 370 373 
987: 1376 16 1021 1298 719 1054 559 23 355 945 453 59 190 357 1142 1183 1542 1291 1552 669 545 933 680 1321 1462 454 1475 587 1478 722 1358 516 520 643 742 777 778 833 853 854 874 877 881 938 941 9 83 192 209 358 391 1127 1401 1025 1250 1163 1294 1299 1513 1280 988 1243 1378 1002 1260 
988: 1376 16 1054 712 987 23 355 453 59 190 357 1142 1183 1542 1291 1552 669 545 933 680 1321 1462 454 1475 587 1478 722 1358 640 773 778 874 877 881 938 203 209 230 308 358 989 1294 1083 1472 1361 1280 1369 1243 1513 1260 
1022: 1376 1021 1430 553 205 354 445 1463 1549 83 317 12 146 456 660 848 903 268 1251 23 1142 545 735 221 373 457 458 573 661 674 704 900 921 5 215 303 1023 1416 1099 1313 1577 1163 1494 1127 1385 1178 1031 
903: 1376 1021 354 1463 1549 83 84 317 440 1075 146 456 660 735 221 373 1022 1023 900 457 661 673 704 171 1416 1554 957 1099 921 1494 1127 
921: 1376 456 903 1022 1023 718 95 704 
804: 1376 888 1199 566 897 442 1004 1069 1066 1003 1109 1226 253 1294 1319 203 456 1291 1283 911 803 510 565 623 725 782 70 86 125 192 206 215 246 280 281 303 423 1025 1547 1554 1442 950 853 959 854 1323 1254 
334: 1376 755 354 482 245 890 355 1075 1294 218 726 1542 25 105 113 164 1388 276 23 1088 1264 458 
485: 1376 897 236 304 1250 617 238 1519 146 1496 848 164 237 323 490 379 1234 1058 1165 
522: 1376 1481 1428 1251 18 
550: 1376 317 962 438 95 247 246 934 330 29 836 
620: 1376 16 913 539 1185 1503 251 1547 240 1316 43 1083 
643: 1376 987 205 945 1266 83 962 1503 203 622 935 1388 722 1478 768 49 746 520 975 1134 
676: 1376 1481 890 1470 1137 1321 929 159 
681: 1376 559 305 222 438 572 29 
791: 1376 354 442 955 245 355 1542 1365 539 282 276 907 23 900 303 777 252 418 
792: 1376 566 650 897 354 442 245 200 355 1542 539 673 282 276 907 23 900 777 418 906 
797: 1376 1303 1095 1550 865 527 1161 
806: 1376 16 1196 1481 1501 83 1549 440 1149 1232 319 18 934 15 1527 117 
808: 1376 1177 1397 688 1348 
814: 1376 325 416 267 585 182 323 1326 72 
893: 1376 974 566 1108 1109 58 848 1020 967 
906: 1376 650 354 442 245 355 1542 539 282 276 907 23 777 792 252 418 1162 
966: 1376 651 1371 
1026: 1376 1262 116 1069 338 478 858 1002 1003 622 1566 1106 425 854 911 1035 853 358 247 533 894 96 151 270 399 1474 1352 1125 
1078: 1376 16 1481 559 553 23 355 622 183 238 354 83 50 438 442 1280 1435 905 237 293 1361 1251 391 1127 168 1566 272 1422 52 277 1130 1409 
1089: 1376 656 1424 900 380 
1127: 1376 17 1560 1199 1481 559 553 733 987 1078 1079 183 184 390 277 306 706 965 999 1069 1428 1549 37 245 312 304 305 313 315 391 424 918 663 885 890 1052 1168 1357 1507 1533 1572 85 126 369 438 350 242 1149 1225 166 272 347 494 1231 622 1321 1542 69 717 1392 781 857 293 1417 854 903 911 1022 1115 853 239 1388 874 1183 1358 1068 1255 373 1099 1017 1020 232 192 323 444 1331 1025 1232 1245 1329 1382 1532 588 602 641 684 711 756 775 802 860 873 969 1077 7 168 278 413 1162 1192 1310 1330 1350 1395 1401 1543 1128 1130 
1168: 1376 223 1214 754 213 47 945 965 1215 890 355 622 59 577 373 438 1163 954 585 957 276 539 1081 1503 330 192 854 1251 343 1509 1127 289 331 327 1137 300 591 605 1086 1434 
1192: 1376 1542 1127 653 323 432 1459 
1203: 1376 1481 1185 1294 1067 751 107 
1211: 1376 606 755 478 858 1003 1226 438 1503 622 1106 672 848 1035 1207 1311 535 1088 1212 49 324 1091 1163 418 511 993 1061 1110 
1212: 1376 17 1481 1367 83 438 238 622 672 1311 418 1211 70 1318 
1242: 1376 1004 342 1002 58 855 
18: 1376 17 1430 656 806 897 1024 251 945 1004 1215 1378 617 438 267 361 1294 203 1365 539 93 284 672 1251 1388 138 1255 510 1530 1150 535 379 335 1455 522 537 873 1348 
74: 1376 354 1432 245 355 1075 1422 23 1140 
136: 1376 17 952 629 438 93 138 735 784 
173: 1376 1540 1226 539 1120 975 149 
204: 1376 1303 1214 559 1273 297 1002 1003 1226 1365 252 303 
232: 1376 466 965 66 83 245 962 1250 1357 438 622 1335 932 1127 605 923 171 1009 775 1385 19 348 
237: 1376 1214 1237 621 644 897 916 1078 1185 1216 254 354 106 753 763 1266 236 391 1066 1250 617 438 355 238 400 1435 272 146 1147 1566 1224 539 865 93 386 50 1251 1424 957 997 1311 642 40 423 1423 1005 168 276 441 1163 1285 1443 473 485 526 821 1305 1307 1569 54 124 196 233 243 292 370 
333: 1376 1481 293 874 172 523 583 
408: 1376 1457 1481 354 245 1357 438 1503 1270 293 1115 188 685 535 8 23 900 1325 1229 1009 1443 684 721 751 775 1515 
1519: 1376 364 1054 177 1247 1340 485 508 534 790 1136 1436 1455 174 181 320 382 
1540: 1376 158 712 251 357 1336 238 459 536 1101 1117 1226 1387 53 149 173 278 351 1541 
1559: 1376 1262 1105 1124 
453: 17 1054 987 988 354 236 245 357 933 355 238 587 840 925 1321 1542 1552 1302 79 1462 877 23 59 190 418 1142 523 1183 1291 669 545 680 454 1475 1478 722 1358 1243 742 874 1501 
537: 17 1481 606 645 66 83 424 85 780 1176 1208 215 18 642 535 1293 78 708 549 414 896 768 1364 
548: 17 223 1046 1250 789 1052 330 1530 1136 880 39 
771: 17 16 648 649 650 770 245 545 1321 1358 1280 40 989 1547 1069 854 1024 965 409 651 1162 571 960 358 610 266 1452 959 
856: 17 313 701 
981: 17 1481 1069 440 200 1003 672 1035 280 914 673 15 669 1292 
1034: 17 888 1457 974 945 965 1240 1266 1368 1503 874 1099 1232 198 1313 415 671 775 386 1445 
1041: 17 953 1206 438 1503 840 425 1071 1128 
1348: 17 805 1144 312 313 315 617 651 218 689 93 139 716 239 18 138 1423 43 1529 30 161 808 
1497: 17 649 313 438 1067 93 138 140 5 248 
140: 17 1196 1144 236 1365 539 911 185 252 330 777 247 1497 348 
189: 17 1303 1237 184 442 953 438 622 539 93 497 795 6 185 138 652 193 
273: 17 1046 1309 1571 753 1428 858 886 1002 1003 1143 1226 222 272 622 15 1423 339 1443 1275 782 
401: 17 780 911 935 1163 1305 1505 1444 
33: 17 1095 1378 440 41 192 62 
1125: 325 1486 267 911 1026 869 524 1124 1536 
909: 325 670 1105 227 
937: 325 780 1176 5 1274 
1374: 325 267 585 323 1105 1561 
1459: 325 1192 
14: 325 897 267 290 880 142 215 270 984 
523: 420 648 649 706 1069 1191 357 651 570 1302 1566 1035 453 454 722 1291 1243 373 669 333 802 520 742 316 1027 
664: 420 1481 955 456 585 1114 1336 578 252 432 665 667 666 
666: 420 1560 1262 319 456 585 1114 215 578 664 1558 107 
185: 420 1303 1199 755 1216 1571 128 442 844 965 1314 1539 66 338 424 90 459 617 651 858 1572 222 253 355 1149 1414 622 647 570 2 1302 139 353 425 854 1254 281 853 1291 441 493 602 623 670 671 731 756 775 836 1043 1190 1221 1245 1288 1311 1337 1383 1521 60 140 189 192 211 
25: 420 1021 489 897 901 218 622 726 334 1267 1388 5 1264 
875: 420 251 585 257 
1029: 420 251 1314 585 282 876 
1431: 420 1549 935 749 923 623 348 161 825 61 
1484: 420 553 245 166 151 381 
259: 420 89 962 935 651 
587: 393 1054 987 988 629 945 1549 357 890 933 438 355 1075 453 59 190 1142 1183 1542 1291 1552 925 545 680 1321 1462 454 1475 320 328 798 1495 1435 1476 1478 718 722 1358 1243 1470 874 877 1388 
719: 393 447 395 888 1279 1303 481 534 613 704 713 142 177 178 183 184 188 215 239 282 361 440 442 1023 950 922 1054 1205 1184 932 1442 1066 1201 1079 839 1362 987 877 1513 1388 
767: 393 650 516 622 855 
839: 393 719 184 445 844 945 1495 1355 41 
1098: 393 1199 1254 533 29 1184 
1225: 393 1411 116 184 945 1361 1232 1495 1127 178 836 788 1355 1253 
1279: 393 447 89 395 494 531 719 1002 1023 1199 1223 
1414: 393 185 781 193 833 
1495: 393 1481 1079 116 177 183 184 445 945 1549 478 1075 587 839 1225 1435 622 134 970 735 1231 780 531 854 1355 41 49 178 320 328 
28: 393 1199 650 354 47 1023 97 166 240 499 565 647 657 788 931 1223 1515 376 69 214 105 370 
218: 393 644 354 845 945 1428 1549 245 1003 416 438 355 1075 840 1294 203 23 1542 669 1255 334 25 726 1264 1516 353 881 1422 1348 973 
320: 393 621 952 845 945 1549 1143 1075 1519 587 1435 1495 669 756 1441 328 
347: 393 644 897 106 478 1226 547 686 716 910 1127 1515 1529 1530 54 
39: 1320 1262 945 440 200 548 438 1137 672 50 1035 914 673 674 510 1087 
702: 1320 131 281 1337 687 48 
984: 1320 1067 854 1208 598 631 323 14 983 
530: 1262 1549 1357 1251 458 842 
693: 1262 538 644 649 897 916 312 313 315 885 886 1002 1003 1226 208 166 647 539 284 880 911 531 716 239 674 510 816 479 777 246 1241 915 1530 691 443 1136 1186 1382 
581: 1262 1105 
665: 1262 58 1294 585 282 578 664 432 536 
667: 1262 649 1266 585 664 800 310 1032 
1019: 1262 311 
1261: 1262 424 1343 166 562 
92: 1262 508 181 
103: 1262 16 1303 1079 177 183 184 134 585 855 1494 180 209 1105 807 1253 1517 
1296: 1262 585 175 252 908 801 
1326: 1262 945 885 267 1184 373 578 144 1121 270 814 141 
1277: 1262 354 585 8 23 603 958 
426: 447 931 1066 1067 1097 1137 1147 1197 1231 1287 1303 1398 1413 1481 184 
760: 447 89 888 543 565 622 624 718 41 63 115 116 131 253 280 281 301 354 355 421 424 445 886 1047 1030 911 914 1048 1007 1069 1146 957 1207 1208 833 1003 1046 853 854 982 997 1002 1199 
1054: 447 888 1298 719 453 454 545 571 587 621 680 722 750 844 874 877 914 925 933 987 988 59 102 166 190 245 355 357 438 1266 1519 1142 1223 1542 1291 1373 1552 1183 1191 1321 1462 1341 1475 1478 1358 1280 1243 1251 
930: 447 642 650 670 769 47 52 105 424 1157 1365 1428 1429 
1467: 447 158 1199 546 582 692 820 833 907 911 917 1149 1251 1294 1351 1365 23 55 90 355 424 1549 
1237: 447 1214 499 525 566 588 649 650 700 754 759 769 770 780 787 852 884 901 970 1057 1079 1109 1182 1216 1231 6 26 55 56 57 116 122 175 176 177 183 184 189 237 238 255 276 277 305 306 372 404 1392 1286 1311 1479 1342 
741: 447 158 786 621 706 854 1351 
465: 16 1109 1004 40 47 209 1081 989 
521: 16 440 1207 854 853 153 154 155 986 1366 
528: 16 1214 974 1481 438 209 444 275 
553: 16 1481 23 355 622 183 184 1079 970 245 354 438 1022 585 180 617 642 424 1435 47 5 606 650 1378 99 253 444 1206 1232 810 1425 1127 944 1072 1491 1038 1575 306 275 105 445 1031 1293 753 179 1392 759 761 638 950 1040 824 1078 1307 1434 1484 
621: 16 888 1054 1481 741 871 622 146 236 238 1266 539 953 1185 40 424 209 989 287 1208 237 1254 755 1069 640 712 482 193 320 1390 1144 1035 1038 955 1123 
700: 16 1237 1182 372 
705: 16 645 648 649 650 106 146 706 1163 642 424 47 209 251 1025 640 308 1191 331 150 230 651 513 670 1010 769 
733: 16 89 871 146 183 970 539 459 568 691 711 716 725 230 1136 897 1077 1568 1450 1088 1101 734 873 1127 
734: 16 733 146 539 116 1530 914 568 257 
759: 16 1237 553 354 1280 209 989 640 1024 445 891 
776: 16 1481 1570 
901: 16 1481 1237 489 897 456 442 539 8 25 310 400 1109 1047 1315 1046 
952: 16 585 1051 209 135 319 88 515 536 817 942 70 136 320 1422 
1008: 16 89 754 438 1503 1075 1272 226 736 1406 
1057: 16 1481 1237 669 773 
1123: 16 621 83 1494 1251 198 1313 437 971 1059 303 
1216: 16 89 888 1214 1481 1237 566 644 106 236 484 238 83 456 457 477 567 752 758 775 824 965 999 1007 1069 1136 1145 1209 78 82 90 185 229 237 284 301 335 339 341 353 387 388 1285 1378 1382 
1333: 16 1481 1074 1251 1387 
1342: 16 1237 648 769 770 1143 1280 1042 409 425 1344 918 919 1111 
1411: 16 1481 1079 745 134 183 184 305 83 1023 900 440 1231 1028 1378 253 1215 1226 437 1141 306 671 655 179 1055 1225 
1479: 16 1481 1237 440 1424 287 1423 
1486: 16 489 712 539 424 1530 777 1150 247 1136 880 1124 1125 1536 
1562: 16 1481 1275 
1571: 16 566 106 185 1424 1002 1003 251 1378 58 1272 1314 313 205 315 845 273 
176: 16 89 1481 1237 884 1079 622 442 466 501 756 781 1208 1240 1378 415 
205: 16 89 786 805 1571 83 1022 1023 800 991 1003 1028 1378 1150 208 289 313 400 502 602 643 684 1115 1221 1357 1427 1553 69 224 280 312 315 348 353 230 
254: 16 1273 128 355 236 954 1442 953 642 237 1547 1069 641 1001 1365 967 1190 1352 1449 
277: 16 1237 1078 1079 183 184 355 134 354 440 47 1097 444 1251 1127 1403 1392 
404: 16 1303 1237 649 146 215 209 989 640 516 844 1230 1453 244 
26: 16 1237 780 143 885 193 
466: 89 649 176 236 83 1424 82 90 207 232 287 1074 1097 
471: 89 251 82 90 1368 
484: 89 1216 622 450 83 198 245 1247 535 965 1549 1313 1440 1314 1416 669 1325 
514: 89 215 1368 1215 651 56 210 336 1137 720 1500 
516: 89 489 566 987 1369 177 404 236 745 970 545 1109 269 1424 253 1417 1228 567 1251 965 32 67 115 165 170 199 280 281 297 300 338 767 655 784 914 533 783 1566 1061 1062 942 1197 948 1066 1477 730 1093 867 872 540 1128 
594: 89 1309 213 357 83 440 82 90 1378 917 1215 304 200 845 297 996 
613: 89 1021 1298 719 871 566 606 954 704 957 1285 342 1052 388 58 240 341 513 938 1315 
655: 89 650 1079 1411 183 184 306 516 1475 577 421 440 1368 1028 1251 247 1226 37 84 1055 1201 
706: 89 395 741 566 644 705 712 897 916 251 106 455 622 146 1339 523 545 510 513 642 670 678 209 240 308 424 1014 1549 1226 1191 1195 1441 1351 1215 1025 1280 1365 1127 
763: 89 1481 656 1273 47 236 669 83 237 1254 105 1190 
765: 89 1481 1549 1099 1215 965 170 546 112 144 990 836 
824: 89 553 566 755 1216 354 445 622 284 5 1428 716 1314 308 437 670 212 
917: 89 1199 1467 566 649 1024 213 354 594 1304 83 342 1004 90 293 915 478 125 192 1069 505 651 652 671 707 801 825 36 64 200 402 1035 955 1234 1240 1118 
944: 89 553 245 373 440 1435 444 1314 495 200 212 437 
955: 89 1457 974 1481 621 650 213 629 845 917 664 1549 440 1538 1388 90 631 1368 1254 915 200 907 313 312 315 317 708 1391 328 791 967 257 1118 
999: 89 1216 1550 213 844 622 925 1163 1051 424 905 1547 247 506 880 1127 1385 652 52 112 228 1461 
1082: 89 566 47 305 245 357 83 577 10 440 1209 342 490 1368 1378 387 1314 674 843 1080 37 84 96 200 212 415 1572 1240 
1118: 89 1309 213 917 955 83 911 215 82 90 287 915 819 54 437 1059 66 707 36 1158 
1144: 89 786 621 1046 251 440 953 1503 1539 1071 854 1226 1332 992 140 611 836 193 60 1348 1349 
1236: 89 566 1079 177 183 184 306 622 134 970 180 338 652 178 1067 851 36 1517 
1247: 89 484 1519 1572 
1271: 89 1273 40 226 371 
1340: 89 1298 1424 1519 533 835 
1404: 89 
1463: 89 1021 1457 1095 442 1069 1215 622 1339 913 305 83 456 1022 1023 900 903 1163 1416 457 510 520 535 617 704 748 848 914 927 964 1074 1248 1251 1307 1354 1390 1392 1397 1441 61 82 90 95 215 268 293 297 303 378 1543 1496 
36: 89 974 897 1024 372 213 844 917 1118 1236 1280 1368 1378 1539 83 1494 440 1538 1548 209 82 90 915 935 247 200 1385 84 1422 801 674 1080 679 978 
37: 89 871 655 965 1082 1378 305 245 83 510 180 440 1209 1548 308 1127 415 674 
66: 89 1457 566 606 650 845 868 965 1118 1539 622 185 209 90 232 1208 387 607 1226 672 335 339 437 1357 537 822 1306 1427 398 84 
155: 89 1481 521 1207 1251 153 154 795 986 1027 1366 
162: 89 650 1024 93 438 284 688 90 540 497 651 1067 292 409 
304: 89 525 183 594 945 965 1215 1240 1368 83 1520 305 238 1159 215 1231 1557 323 485 508 685 932 964 1066 1127 1507 52 181 268 394 
346: 89 1539 313 338 1208 1254 253 671 1566 1027 
90: 89 1457 1467 606 897 1216 1309 213 466 471 501 594 845 917 955 1028 1118 1280 1314 1368 1463 36 66 82 84 162 212 437 440 673 109 185 476 496 576 801 866 1059 77 339 331 222 
109: 89 82 83 90 1143 459 948 1087 
592: 158 1481 
820: 158 1430 1467 1481 46 1336 314 150 94 1341 220 
953: 158 974 621 645 1185 254 47 629 1144 1428 1506 1339 458 498 503 638 642 718 102 150 189 264 290 1521 1041 1169 1323 1071 1200 1274 
1341: 158 1054 645 820 545 
1438: 158 354 1013 539 800 209 799 
234: 158 1024 1185 622 1501 1567 1074 1003 
859: 223 1046 858 438 1143 165 1067 86 1433 
1070: 223 239 686 1533 928 
1117: 223 1540 622 1009 1450 
1315: 223 1196 754 897 901 613 1215 1506 317 1250 314 617 1143 138 735 438 1023 1283 539 267 1020 1075 777 1251 535 310 1317 1532 880 32 69 1554 599 695 938 9 1415 1365 
126: 223 945 83 438 585 979 1251 535 1127 596 1490 
242: 223 559 251 83 438 122 120 1127 77 795 171 
547: 364 629 885 886 1002 1003 1226 490 347 1530 519 345 353 410 1529 1037 910 701 1276 968 728 1386 
729: 364 1003 438 238 215 563 1503 914 400 
494: 395 1279 319 253 355 1299 23 1542 373 585 323 1127 
627: 395 1004 1572 622 914 756 692 
796: 395 897 
904: 395 1481 47 83 313 459 1003 319 253 93 688 54 282 337 428 1077 1397 1444 1417 
1223: 395 888 1279 1054 871 251 1002 1503 840 28 207 1393 609 780 849 1245 264 235 687 1141 586 163 1244 1246 743 813 149 1556 1451 1297 
931: 426 355 28 373 915 
1137: 426 1481 1079 177 183 184 442 514 305 1168 1572 88 319 622 134 970 252 39 676 1517 
1197: 426 435 516 945 962 88 416 355 1075 1149 203 577 373 1020 1251 1382 1395 1128 1293 
1287: 426 974 606 1079 1432 1147 622 1393 1248 339 1451 141 
1398: 426 1481 566 
575: 435 267 373 270 578 
624: 435 760 
846: 435 1481 649 650 1177 203 473 775 
1159: 435 712 1079 183 184 1215 1378 304 305 338 440 360 1066 1097 1231 134 456 457 510 671 188 1566 1441 1338 
1265: 435 1185 442 238 622 735 935 1251 150 825 
64: 435 1046 917 1143 1435 915 480 
456: 888 1021 566 901 1216 442 1266 1280 1463 1549 83 314 1109 1143 438 355 1294 146 622 1159 50 221 373 421 441 1022 1023 900 1283 903 1163 911 660 661 1416 664 921 1178 673 803 804 954 573 704 585 458 1099 848 855 666 457 1325 1126 957 493 750 862 1513 
469: 888 104 
476: 888 650 770 1309 251 442 972 1280 1378 1539 83 440 90 577 954 510 293 261 915 570 819 976 866 
570: 888 1550 622 476 523 185 775 
2: 888 648 649 650 755 354 442 47 1069 1215 1378 212 338 933 222 253 622 185 5 1254 6 1547 854 225 1477 1027 670 959 1106 1334 151 
73: 888 438 911 209 
134: 888 525 1411 277 103 945 1215 1236 1240 83 440 1495 1137 1159 1520 745 450 616 683 827 914 948 1179 1202 1274 1338 1403 1409 1454 1494 1557 11 52 68 258 266 394 170 316 329 214 
376: 888 1079 445 424 28 970 735 1163 957 192 1035 235 997 281 280 1392 565 107 193 196 583 
1390: 888 566 621 1079 184 251 1463 305 360 1308 789 328 567 1231 1567 895 1088 359 
910: 888 547 347 1530 716 1114 410 345 1529 1037 1276 
1302: 888 644 755 1046 1550 1539 338 357 890 222 622 1542 614 453 523 539 185 359 
959: 888 648 649 650 771 1046 965 1069 83 858 1143 1206 253 1503 146 804 2 1475 373 911 1126 40 63 192 780 1207 854 1337 853 746 235 281 280 762 1105 602 
1442: 888 719 1046 254 106 965 478 1052 146 622 804 458 1126 775 1189 1208 1311 192 280 281 1500 
497: 1021 1549 162 253 208 539 23 138 510 6 247 189 225 633 887 773 1332 1351 
541: 1021 357 1143 1232 198 611 1162 
610: 1021 648 650 771 965 424 622 138 79 1291 373 673 1091 854 1337 853 672 1035 1221 1048 
660: 1021 1457 1481 1250 146 456 539 1270 221 1022 1023 903 1163 457 531 572 288 661 1441 704 1238 
725: 1021 871 733 1079 116 1226 804 1566 539 1126 124 1207 935 1025 415 281 280 520 423 
795: 1021 1303 606 649 656 916 106 1280 155 1093 242 1542 1392 558 780 1153 1020 1482 880 240 189 816 969 
905: 1021 1457 566 656 1078 999 1378 1432 83 317 577 467 775 107 323 1208 
9: 1021 987 313 1053 1315 1321 1483 672 785 
79: 1021 606 1046 357 1294 610 880 911 453 772 802 49 
156: 1021 1481 735 583 
1312: 1021 184 88 496 914 1124 193 1420 
1403: 1021 538 754 1079 177 183 184 277 305 253 1299 647 134 178 970 857 854 1557 1207 853 1568 1035 1517 
1424: 1021 871 566 1479 1571 466 516 753 1340 1428 236 58 238 1503 146 1097 386 880 331 463 479 486 533 670 1020 1071 1089 1221 1288 1330 1423 214 237 247 330 358 
1462: 1021 1054 987 988 945 357 617 651 933 1226 587 1321 1483 1552 453 59 190 1142 1183 1291 545 680 454 722 851 874 877 1025 1085 1243 1352 1358 225 1478 1475 
76: 786 1046 361 539 77 113 577 1373 600 593 678 
543: 760 1481 777 270 
565: 760 871 1079 945 424 28 804 376 970 780 854 101 957 192 1547 235 997 281 280 107 193 196 
718: 760 871 357 953 617 890 1002 1003 587 166 925 1470 1321 1542 59 190 1142 1183 1291 1475 1243 874 921 1388 935 1110 292 339 1476 389 1422 216 1011 821 743 1258 
41: 760 445 945 319 839 1495 854 911 954 957 192 1337 105 280 1355 33 301 
63: 760 478 222 959 672 911 782 914 
131: 760 650 338 478 438 1503 925 911 448 702 735 874 1071 1245 1304 1393 1491 124 
280: 760 566 1046 1550 205 47 516 1069 1549 236 338 200 858 1143 253 804 376 959 1442 672 725 854 911 1035 565 41 614 615 1291 421 803 1126 957 1134 99 192 1207 810 853 1311 246 997 1120 281 595 674 782 981 1012 1535 49 70 86 193 196 
301: 760 1216 355 41 1255 192 49 1474 
421: 760 871 897 442 655 1069 456 854 1035 280 281 477 853 997 192 441 
1030: 760 1199 253 355 331 1068 1058 240 235 784 383 1498 
1007: 760 606 897 1177 1216 1004 1215 342 360 880 866 387 247 335 339 341 1383 1038 1162 1160 
1146: 760 1549 245 88 203 
833: 760 1467 987 1004 1002 1003 58 1414 1207 836 1201 
982: 760 1199 566 650 442 1004 342 424 651 567 914 1126 125 1025 1477 546 
102: 1298 1430 1054 974 712 953 400 1291 1310 
1425: 1298 553 355 1071 492 
673: 1303 559 213 390 354 445 47 629 845 972 1368 1428 1549 312 313 315 317 338 391 440 90 200 890 1076 1149 456 1417 498 610 672 903 911 50 1251 1035 914 957 1207 105 138 499 5 39 150 168 358 1388 792 920 674 1311 1209 1087 981 
1161: 1303 1010 797 1009 44 427 896 1445 1360 
1257: 1303 449 1134 
1260: 1303 1199 1481 987 988 354 945 245 438 355 1075 1542 1513 585 880 23 545 1255 276 778 389 881 358 602 1083 171 
6: 1303 1199 1237 650 442 47 478 1572 2 497 911 1035 105 23 152 189 264 
15: 1303 1457 1481 656 806 1273 183 275 965 1428 1506 236 315 1109 1572 290 622 1207 1025 1132 187 942 428 981 1327 1487 273 
52: 1303 930 649 650 769 770 1024 1078 1079 1550 177 183 184 999 1314 82 304 305 338 222 253 1231 134 178 970 1254 180 1547 170 671 1451 670 1253 1517 68 
95: 1303 1481 1463 1483 1392 105 735 921 247 1324 1268 574 1441 550 938 1087 383 144 
113: 1303 47 945 1075 1000 780 76 105 448 1102 1416 334 327 
1338: 1303 1079 183 184 1231 1159 134 924 1517 
534: 719 424 200 1052 1519 1112 138 46 1085 1051 1510 662 1136 508 181 1455 520 56 94 1436 1198 790 1221 
704: 719 974 1481 566 648 354 613 1463 1549 83 1226 146 1542 456 660 903 268 1022 1023 1142 545 221 373 900 661 921 457 601 1434 1031 1313 1577 1209 1494 1379 
142: 719 539 1136 1382 14 
188: 719 1369 945 1157 245 1159 558 293 880 1035 1112 853 170 954 1013 1557 1568 948 671 1328 1059 1441 408 668 947 1158 1350 1480 68 266 
950: 719 553 566 1046 354 445 1069 651 1003 253 1075 1503 804 854 957 614 5 192 746 1162 835 423 
922: 719 
1205: 719 1481 871 442 965 1428 622 854 853 327 1515 
1184: 719 1098 647 914 1393 572 1245 533 977 1087 1131 1221 1326 
932: 719 304 918 890 146 53 232 1361 1447 61 
1201: 719 650 655 1191 833 264 557 
1362: 719 1481 49 
877: 719 1054 1481 987 988 1185 313 357 933 58 587 1321 1552 1462 453 59 190 1142 1183 1291 545 680 454 1475 1478 722 1358 1243 874 867 
457: 1430 1216 1550 945 1463 1549 83 355 146 1159 456 500 539 585 660 848 903 1022 1023 164 704 215 874 221 373 900 1163 661 1416 573 458 1099 276 1013 1017 510 1085 1229 1494 
591: 1430 245 338 1168 
924: 1430 1079 177 183 184 305 1338 467 157 
207: 1430 466 267 1223 1245 1393 
1455: 1430 644 177 424 1519 534 18 1136 508 181 790 1436 
454: 1054 1481 987 988 354 236 245 357 933 238 587 203 622 1321 1542 1552 1462 877 453 23 59 190 1142 523 1183 1291 669 545 680 735 1469 1475 1478 722 1358 1243 742 874 1255 
545: 1054 1199 649 650 771 987 988 390 354 442 516 706 945 245 357 1250 1341 890 933 319 355 1503 587 1149 1294 203 272 1470 1321 1542 1552 1513 50 1462 1022 1023 1260 358 704 877 1388 453 454 23 59 190 1142 1183 1291 669 168 216 322 389 1243 778 1373 927 1476 722 680 1163 634 1204 569 571 1475 1351 1478 762 850 1358 1501 772 735 874 1255 881 
680: 1054 987 988 844 1004 357 314 933 58 587 1321 1552 539 1462 877 453 454 545 59 190 1142 1183 1291 669 192 373 1475 1478 722 1358 1243 743 874 1178 
59: 1054 559 871 987 988 357 440 890 933 1168 587 925 1470 1321 1542 1552 1462 718 877 1388 453 454 545 680 722 874 773 1087 1142 1183 1243 1291 1351 1358 1422 1475 1476 1478 42 190 
190: 1054 987 988 442 357 424 890 933 587 1294 925 1470 1321 1542 1552 780 50 1462 718 1311 877 1388 453 454 545 680 722 874 59 742 802 1142 1183 1243 1291 1358 1475 1476 1478 373 389 
1291: 1054 649 650 987 988 1550 945 972 1069 1549 357 440 459 478 617 651 890 933 438 355 1075 587 1299 1435 203 925 1470 622 1321 1542 1552 804 971 1365 780 610 1462 718 280 281 853 102 185 358 877 1388 453 454 545 680 722 874 59 190 1142 523 1183 934 1017 1025 1126 1243 1248 49 373 1478 1547 1476 1475 1358 1501 
1478: 1054 987 988 1046 354 945 245 357 962 933 238 1075 587 203 1321 1552 1462 877 453 454 545 680 722 874 59 190 1142 1291 1183 1475 23 669 643 1136 1243 1358 
1243: 1054 987 988 945 357 617 890 933 1075 587 203 925 1470 1321 1542 1552 1462 718 877 1388 453 454 545 680 722 874 59 190 1142 1291 1183 1475 1478 1358 523 630 1476 
642: 930 1481 559 553 645 705 754 1185 254 442 629 706 1028 1191 342 424 953 1343 622 1365 1141 105 742 1267 1209 42 461 537 630 78 237 370 908 1043 670 1228 943 1471 1104 1105 993 1377 
1429: 930 1481 566 1046 424 360 459 885 886 1108 1109 1206 1226 222 238 789 622 998 164 170 670 373 954 467 505 593 724 836 1259 1316 1366 125 
1195: 1196 1457 871 706 459 355 146 93 1023 138 99 182 240 241 1485 
211: 1196 313 1053 253 622 854 1254 185 1063 
1200: 1196 354 445 236 287 953 1003 1501 
1509: 1196 1214 559 489 566 106 1168 166 290 689 231 699 880 957 1311 215 696 701 898 938 229 382 1569 
505: 1199 1457 917 1428 222 848 716 1429 915 756 
674: 1199 1214 644 712 897 1079 183 184 213 306 354 445 47 106 629 845 1069 1082 1215 1368 1378 1549 36 37 312 313 315 338 391 440 200 617 1226 58 1076 622 1542 69 1392 970 284 1417 672 854 50 1251 1022 1023 1035 280 281 914 957 853 105 673 1339 192 323 693 247 1382 240 382 39 7 49 920 1087 296 378 
919: 1199 1342 962 268 914 685 
5: 1199 553 656 1046 354 442 445 824 845 1428 440 200 1002 438 166 2 1392 780 25 1022 1035 914 673 950 467 46 373 1209 40 535 749 783 836 937 951 1232 1437 1471 1497 377 225 423 206 86 
199: 1199 251 516 1010 252 782 929 
367: 1199 754 1002 1507 438 1503 146 622 366 684 588 
1393: 1199 489 606 649 650 656 1550 424 478 1206 1503 840 1149 1223 1287 647 539 780 284 1251 131 1141 503 1184 207 1071 124 586 609 687 813 849 964 1150 1244 1245 1246 1274 1297 49 78 163 235 289 1556 1451 
1423: 1199 566 649 650 1479 753 1428 236 313 1002 1003 1206 238 567 539 689 880 1424 670 1267 237 125 444 1025 366 486 1348 273 303 
1332: 1199 1481 116 1144 314 1503 497 900 1337 
563: 1457 1481 459 729 1251 508 181 662 1051 
1073: 1457 606 146 696 
1169: 1457 953 438 
1194: 1457 644 945 317 440 478 58 438 1503 735 669 
1351: 1457 1467 1481 741 712 706 82 497 545 59 546 625 1128 150 216 
1485: 1457 355 1023 1195 240 
593: 1214 1481 47 1004 1428 83 342 1002 1003 58 343 77 76 105 1429 577 1005 1238 
736: 1214 656 1008 47 315 438 1503 1224 1496 331 415 1005 1163 1020 1014 226 1364 303 256 1188 977 637 1480 882 
861: 1214 354 1266 245 355 1542 585 735 23 
1202: 1214 1079 183 306 83 1231 134 105 
340: 1214 1428 1508 424 962 539 55 672 510 1005 1443 
1259: 1214 1046 255 1028 1428 313 1147 855 1429 510 335 
546: 1467 712 47 765 1280 1428 1549 317 338 438 1067 1365 854 911 1035 957 853 982 105 1351 1163 782 216 49 112 1012 599 990 
1461: 580 868 999 1314 238 
723: 974 1572 355 
889: 974 1481 622 
900: 974 1481 871 649 650 769 1411 116 1215 1463 1549 313 617 1093 1507 1299 456 558 1270 293 498 848 903 1010 1022 1023 1554 704 457 1142 1361 1332 408 907 221 458 720 791 792 303 377 428 1530 1288 1416 1295 1163 1051 1089 1490 
10: 974 871 525 177 184 1082 305 1074 458 1017 1379 180 
24: 974 313 315 55 331 373 
112: 974 606 1309 354 765 999 1093 438 146 1321 170 735 546 303 990 193 
1040: 974 553 354 445 1069 1280 245 206 1555 
1355: 974 116 442 445 945 1539 617 1075 839 1225 1495 622 41 1038 398 
1334: 974 1481 644 338 253 146 1231 622 2 1365 854 1254 853 1361 1027 21 
1336: 974 649 820 1540 1108 1109 58 438 1299 1335 450 46 619 664 94 219 380 
1511: 974 645 313 1143 1503 843 601 
448: 1481 644 106 945 355 1000 622 131 113 23 101 
464: 1481 649 459 
488: 1481 
533: 1481 516 945 1340 962 222 1098 539 911 1254 1424 1184 1026 1248 70 616 782 
555: 1481 338 781 1251 716 1207 819 411 653 
578: 1481 489 313 885 267 789 575 539 664 666 777 599 1138 665 1326 
588: 1481 1237 360 1365 359 1127 367 366 1401 
595: 1481 1428 280 281 192 1163 
600: 1481 1069 208 146 717 76 510 247 913 125 1025 397 327 822 1102 
626: 1481 1051 
631: 1481 955 1067 1208 467 614 573 1538 278 351 1421 984 1084 815 
654: 1481 1142 1373 1183 1475 1361 
669: 1481 566 644 897 987 988 1057 1185 1413 484 763 1367 1506 357 200 230 933 355 1075 1000 1149 218 320 925 146 1542 69 178 353 1527 1513 1388 453 454 545 680 722 1475 1478 1358 1361 1194 23 1339 523 572 601 107 214 225 406 742 896 1545 1248 802 678 1198 948 1204 1080 711 973 826 981 743 881 1258 
709: 1481 566 567 
739: 1481 166 689 943 
764: 1481 754 1428 1003 1109 954 
768: 1481 537 444 643 838 
778: 1481 987 988 462 1067 1513 1260 358 481 545 143 881 
790: 1481 1519 534 1455 508 1081 181 958 
819: 1481 1118 1378 83 1450 476 415 874 577 555 1013 261 707 1059 1347 1162 1575 
823: 1481 138 1557 
923: 1481 1215 1052 232 762 1431 
929: 1481 566 890 1002 1075 199 676 1255 
942: 1481 649 952 1046 516 1069 651 855 15 782 
977: 1481 897 1314 886 1002 1003 1226 58 789 647 780 585 1184 736 1285 
980: 1481 1003 1023 
985: 1481 1067 1208 510 1538 1541 
1033: 1481 83 1447 436 
1064: 1481 252 
1084: 1481 631 
1102: 1481 440 355 113 735 247 600 101 100 378 1103 
1103: 1481 1102 378 
1129: 1481 350 618 
1139: 1481 868 230 539 777 1520 
1160: 1481 629 1007 
1174: 1481 
1178: 1481 871 1079 183 184 306 456 1010 1022 680 1071 373 653 411 1352 
1204: 1481 1191 357 1000 545 1183 669 322 773 1476 
1213: 1481 1527 1501 969 1094 117 
1283: 1481 871 1315 146 456 804 1566 281 1311 1025 124 152 
1318: 1481 1212 1337 70 1218 
1339: 1481 649 128 706 1240 1378 1463 1506 440 200 953 355 238 328 674 373 387 669 449 1310 
1354: 1481 1463 107 
1364: 1481 780 535 736 537 226 172 371 
1370: 1481 648 649 1024 1550 1069 1280 338 622 854 853 42 1025 1456 
1377: 1481 854 911 853 642 124 1241 
1391: 1481 955 267 520 968 
1402: 1481 755 622 293 854 927 99 686 936 375 
1441: 1481 525 706 965 1240 1463 83 361 1450 320 1159 1392 293 660 848 1141 95 188 720 1059 832 377 
1456: 1481 1079 1069 355 208 672 854 1035 957 853 192 1370 954 1091 1500 1012 
1465: 1481 1004 342 58 1566 539 284 1331 1337 1150 782 
4: 1481 1141 
49: 1481 871 116 354 1069 1428 314 617 1495 780 1106 1176 672 854 79 280 281 301 1207 853 1362 1291 674 960 373 423 1393 546 614 1051 895 1211 1110 643 1162 793 1524 
97: 1481 1549 319 28 69 539 935 8 1239 468 
108: 1481 372 1181 
144: 1481 897 765 1109 416 855 1023 95 1088 1416 1325 209 410 1326 1421 295 
167: 1481 1120 1476 1553 560 
171: 1481 390 306 312 305 313 315 242 1000 1294 781 903 1260 735 406 1020 232 1395 1107 278 348 873 1130 
172: 1481 754 1226 53 510 777 1364 1329 1532 887 1268 784 149 333 
179: 1481 553 1411 177 1215 1147 303 1163 1494 209 640 1181 
202: 1481 1095 945 438 1503 
229: 1481 1216 885 886 1226 998 1509 78 696 1145 270 240 1541 
248: 1481 585 1133 963 1405 1497 
278: 1481 868 440 1540 1435 53 1127 631 1387 171 583 1541 149 
324: 1481 648 649 650 1046 1002 1003 253 854 1211 
337: 1481 904 716 373 1163 
352: 1481 566 297 567 911 640 
398: 1481 606 650 1539 66 962 1503 1071 1355 1239 887 1238 1306 
407: 1481 83 577 976 866 
422: 1481 
430: 1481 
432: 1481 1549 342 267 146 1114 664 310 665 1192 812 939 1558 
436: 1481 1314 437 1033 607 
441: 1481 566 606 650 755 1079 183 184 442 1069 236 478 651 885 1053 1572 238 1503 1097 622 456 421 170 185 237 756 1238 329 
1564: 1481 606 239 138 1025 1532 491 1536 
1482: 1481 489 644 1273 106 1093 1109 58 789 290 795 1443 757 405 812 1042 348 
1558: 1481 962 400 166 432 666 399 
1500: 1481 755 106 514 965 1215 355 146 1147 622 1442 373 1255 1456 954 54 826 
1573: 1481 1109 539 1180 
499: 1237 1046 442 338 1143 28 622 672 854 1035 914 853 673 124 
787: 1237 648 
1286: 1237 1109 361 908 
490: 559 656 712 1082 391 424 1226 547 166 40 323 463 1020 485 54 1014 701 1337 
502: 559 205 945 245 1572 438 238 1075 585 503 235 1385 
542: 559 482 1470 
327: 559 83 1168 438 780 139 386 1251 1035 957 1272 113 1205 670 735 600 605 1551 101 124 511 973 
1400: 559 945 440 438 1483 585 854 373 582 452 252 785 1018 1304 
1544: 559 83 617 1149 881 1018 
1577: 559 317 438 1435 1542 1022 1023 914 164 704 777 1020 310 
1295: 559 83 962 438 622 1542 900 413 29 286 
1447: 559 1357 1114 932 1033 
1094: 559 606 617 238 78 1213 1440 822 133 
557: 871 1201 841 
746: 871 566 965 1069 478 1002 1108 1109 959 854 911 853 950 444 1337 643 235 339 951 
847: 871 1539 361 855 1365 854 
98: 871 442 357 1149 925 506 358 1142 368 
377: 871 1215 1266 1572 1147 1254 5 373 900 1441 1416 720 329 
1012: 871 1549 317 622 53 1106 854 911 280 1207 853 1554 1087 546 1456 1535 1471 
1031: 871 553 245 1435 539 1022 531 704 
1190: 871 1273 128 254 354 442 445 47 763 1314 1428 1572 1435 716 105 185 1163 444 1329 908 
1331: 871 1004 1549 478 1002 1003 438 1153 1127 42 1465 1337 783 949 993 
1086: 871 1168 1081 958 186 
1091: 871 1046 442 478 1143 1206 1572 622 1365 539 610 854 1035 853 750 373 749 1456 1085 583 799 836 1401 1211 
1535: 871 1046 854 280 281 853 1012 
745: 489 1079 1411 116 183 184 445 501 516 424 478 651 1206 438 1503 1231 622 134 854 1208 467 1071 65 449 1517 1325 
1567: 489 897 234 459 146 855 1390 735 969 
1557: 489 712 1079 177 183 184 306 1240 287 304 342 230 459 146 1231 134 178 970 539 1101 1403 188 823 1517 616 827 
310: 489 897 901 1250 1315 267 539 284 880 535 777 432 1577 640 989 1352 667 1150 686 302 
311: 489 350 784 1019 
405: 489 897 539 284 1482 688 1530 1150 1474 800 
863: 489 251 713 
748: 489 1463 585 935 1020 913 1238 1282 
153: 521 155 1207 935 180 986 1366 154 
154: 521 155 986 153 1366 
986: 521 649 1367 155 153 154 1366 
1366: 521 155 1429 772 986 153 154 
221: 525 442 1069 230 478 622 291 456 717 539 122 660 672 903 1022 1023 1035 704 457 1361 510 900 661 1416 240 339 418 640 1232 
1416: 525 484 1463 245 305 617 1503 456 855 77 903 1022 1208 113 164 457 900 303 144 377 221 379 
640: 525 621 649 650 656 705 759 769 770 988 1079 1182 372 177 183 184 255 306 354 404 287 1231 178 1392 970 1475 479 179 352 221 418 161 310 825 832 
389: 538 1075 1503 622 1365 1251 718 1260 545 190 1475 373 1120 1255 1163 252 
1072: 553 354 445 1503 503 1071 
761: 553 354 442 445 245 1206 1572 53 388 
638: 553 566 391 953 885 886 1226 355 23 1530 883 110 938 
1434: 553 1069 245 1168 319 1435 203 622 854 704 316 
513: 566 644 648 705 106 613 706 1191 1280 342 424 617 885 284 105 
48: 566 183 617 567 539 1311 303 702 
54: 566 649 650 656 916 1413 482 1118 1314 314 885 347 904 1321 539 780 284 854 531 716 282 510 237 247 1239 1427 1500 490 411 1244 701 1444 385 349 
125: 566 650 897 128 442 917 965 1069 1428 424 478 651 858 438 253 238 1503 567 290 804 531 1207 982 1429 1071 1423 600 444 1025 1477 1110 62 
639: 566 1314 1539 437 567 
757: 566 354 478 1206 438 1503 1293 1482 444 
1305: 566 712 897 965 236 238 567 539 284 1035 816 237 777 1530 1382 401 
1384: 566 275 164 
1443: 566 1004 236 886 1108 1109 58 238 1503 567 290 539 77 1251 1254 1208 467 408 237 340 1482 273 883 1325 825 867 983 119 
1510: 566 424 297 1435 534 463 1162 
1100: 566 1432 1539 885 886 1002 1003 1226 567 415 1285 1532 252 
630: 606 645 868 1004 1314 1539 146 122 1251 914 1208 1243 642 467 510 1020 209 240 1440 1325 607 1058 
1537: 606 
782: 606 769 897 858 1109 1226 222 253 804 672 911 1035 63 280 914 1207 192 199 8 1087 546 533 942 1465 1337 1464 273 1085 949 818 1061 151 1001 
607: 606 442 1240 1314 1368 66 338 478 539 498 1208 436 630 783 
964: 606 755 1079 183 184 306 442 47 965 1463 304 297 622 1251 105 215 1393 605 756 1209 29 30 913 1248 
994: 606 1108 1109 1275 1001 
967: 606 897 254 945 955 245 1206 355 1075 1321 1542 717 672 1035 105 373 23 893 
913: 620 1079 183 184 306 1463 848 1141 600 601 428 964 449 748 180 1553 1268 
1083: 620 988 1260 358 1183 1358 1088 289 
193: 621 26 1069 1144 297 890 1002 222 1414 622 376 854 1312 565 280 281 957 189 192 112 235 107 196 
569: 644 1177 390 106 629 1149 1294 272 1542 585 50 589 1388 545 685 1422 168 634 
94: 644 106 629 820 1572 1067 170 534 239 1336 773 46 1501 1107 
1014: 644 706 935 736 490 
688: 644 805 1177 106 1539 162 1002 904 689 690 716 1285 463 405 808 
1464: 644 649 650 965 1428 692 1207 782 818 
834: 644 897 106 245 699 997 467 835 
742: 645 987 945 245 438 355 238 1075 840 203 1552 1388 453 454 190 1183 642 927 669 749 523 473 572 1501 
1267: 645 25 642 1423 100 458 1281 
461: 645 1004 342 962 1143 642 895 
370: 645 648 886 1226 28 957 997 1358 642 237 803 
62: 648 1191 58 33 125 1218 
152: 648 650 1069 355 1075 1114 1207 853 6 1475 1283 
266: 648 771 1079 177 183 184 306 305 1147 134 178 1251 188 198 1517 
296: 648 674 
384: 648 354 445 47 1226 105 602 870 444 
878: 648 649 650 1361 
803: 649 858 456 804 280 615 370 951 
86: 649 650 1024 1046 1069 1428 338 424 651 858 859 885 886 1226 622 804 672 854 911 280 281 853 5 40 1085 989 783 
163: 649 650 1223 1483 1071 1393 1038 1245 849 1451 586 609 687 813 1244 1246 1297 
235: 649 650 1046 1550 177 184 305 424 651 355 1319 1223 376 959 565 281 1030 1207 192 1393 502 746 1337 1068 1245 609 687 813 1244 1246 107 193 
365: 649 539 138 
402: 649 650 917 1069 1367 1003 880 1232 
1186: 649 897 1250 230 789 880 331 373 1088 693 800 691 
740: 649 
849: 649 183 442 1069 245 478 1223 647 1141 1393 1245 609 586 687 813 163 1297 1244 1246 1451 
915: 649 650 213 917 955 1069 1118 1539 36 83 651 931 622 64 476 1254 505 577 693 181 1162 671 707 
940: 649 650 1069 651 854 853 
568: 650 733 734 539 1150 1512 
720: 650 183 184 306 442 514 203 1147 577 900 1441 377 1209 264 
818: 650 1428 338 1002 1003 438 1207 1464 782 
828: 650 854 852 
831: 650 1314 1515 
1452: 650 769 771 1550 1572 1126 
1039: 650 1079 245 355 899 
991: 656 1177 205 1157 1428 1365 670 467 735 583 1426 
1245: 656 754 1079 1550 184 354 47 1004 1280 478 438 1074 1503 1435 328 1223 1231 622 131 1141 503 185 1184 207 1071 1127 1393 444 609 849 586 687 813 1244 163 235 368 1246 1297 1451 1329 
19: 656 251 1367 1093 58 267 1075 1503 585 268 957 685 735 1088 323 232 1162 1553 
1426: 656 1003 735 991 
1055: 656 1411 655 1028 1314 440 200 812 
687: 656 1503 840 1223 647 503 1071 1393 702 1245 235 289 849 1451 586 609 163 1297 1556 813 1244 1246 
1352: 656 1079 254 313 1294 77 911 331 1462 735 1178 1026 1538 310 686 
1227: 656 1163 
1244: 656 1069 245 617 840 1149 1223 780 1251 1393 1245 235 849 1451 586 609 687 813 54 163 1297 1556 1246 
1489: 656 442 622 1056 
711: 733 297 1226 1142 1127 669 1068 1232 
1077: 733 897 904 1127 1068 1491 1099 1532 1232 
873: 733 355 146 18 1127 171 872 
107: 754 1177 390 1280 287 1226 438 1074 1503 1000 1294 272 376 971 585 905 1010 565 281 1358 192 669 1203 1354 235 666 1081 261 193 
392: 754 945 1549 313 238 1503 1224 138 42 366 968 
410: 754 255 629 547 910 539 1101 77 144 1529 1121 1530 1150 1276 
34: 755 1542 539 911 1311 428 583 1415 
329: 755 1079 183 184 442 753 945 236 312 313 315 85 622 134 415 441 377 1477 517 968 1188 45 
1546: 755 306 287 215 1325 
1258: 755 1069 1506 622 911 1035 718 669 161 
891: 759 1079 184 306 354 47 305 617 355 178 692 780 585 1251 105 1248 
1570: 776 
1501: 806 1549 234 1552 139 1527 914 453 545 722 1291 138 1200 843 1213 802 94 742 826 623 117 
117: 806 83 1357 1527 1213 1501 127 
758: 884 1216 854 1017 
866: 897 1309 213 965 83 90 476 716 1007 577 407 1446 1059 1150 
244: 897 1046 404 1069 858 1319 1147 622 672 848 1035 1115 358 605 989 1382 1268 217 348 
1401: 897 987 360 1365 359 1127 588 1091 802 1420 
1104: 897 238 642 180 
993: 897 1028 885 886 1226 854 880 215 642 1331 954 1025 1211 1330 1382 1329 
619: 916 713 230 1336 777 1530 1136 691 110 
118: 916 945 355 1435 
1193: 916 355 539 252 
1164: 916 424 699 549 
1051: 952 1024 177 306 999 245 459 1143 1572 1074 622 855 534 508 563 900 626 49 181 662 1436 
135: 952 373 1020 609 473 1329 
817: 952 1069 32 585 385 
941: 987 128 1250 605 838 730 
773: 988 1057 622 1552 497 59 23 247 1204 1551 678 94 326 
1472: 988 143 
226: 1008 1185 1271 1365 40 736 1364 504 371 
145: 1024 482 1507 366 1289 
1329: 1024 482 440 1566 1127 172 1190 1337 1245 949 135 993 
483: 1024 343 
480: 1046 1069 1143 253 64 853 810 
835: 1046 1340 1143 935 950 834 
882: 1046 1226 736 653 252 411 686 
1130: 1078 1093 1357 122 331 1127 171 
1409: 1078 1079 177 183 184 305 1231 134 970 1517 
1520: 1079 177 183 184 306 442 1367 304 305 253 1299 622 134 178 970 780 1251 914 1139 449 926 1234 1268 1307 
450: 1079 177 183 184 484 305 134 970 1336 46 614 615 
616: 1079 183 184 338 297 134 780 533 1557 827 
671: 1079 1411 183 306 354 445 753 917 1266 1539 346 440 200 438 238 1294 1097 1159 717 1392 1034 1365 558 585 854 1251 105 52 185 188 373 510 652 42 444 915 
827: 1079 177 183 184 1069 1215 305 134 539 780 1176 209 1557 616 68 928 
947: 1079 188 
948: 1079 1550 177 183 184 516 1367 1539 82 287 338 440 109 222 253 1231 134 178 970 1106 911 1254 496 188 669 1255 1517 
11: 1079 183 184 305 1231 134 1208 1517 1230 
68: 1079 177 183 184 1231 134 178 970 52 188 247 209 1517 1307 827 1382 
181: 1079 306 442 445 753 1368 304 424 1053 12 1519 1450 622 534 215 1455 508 563 605 790 1209 1017 1013 1051 915 662 92 1179 348 
316: 1079 177 183 184 251 305 338 253 622 1542 134 1254 358 1388 1087 892 523 1434 1517 151 
394: 1079 177 183 184 304 424 1542 134 178 970 1311 1337 1126 1517 
1179: 1079 177 183 184 1069 305 134 970 181 1517 
1274: 1079 183 184 213 1506 305 953 58 1435 134 596 308 1393 1063 1209 1517 937 
1480: 1079 1392 692 188 736 
1451: 1079 183 1223 1231 1287 1141 52 1071 1393 1245 849 609 1468 687 586 163 1244 813 
1538: 1079 177 183 184 955 36 83 305 1067 970 685 1071 631 985 1517 458 679 1352 1449 
1454: 1079 183 184 305 355 134 520 264 243 1517 
264: 1095 47 1069 1240 1378 287 200 953 617 890 1002 355 1223 146 32 1513 496 935 6 1201 1475 577 276 1209 1017 1454 720 1437 
526: 1185 251 230 285 651 238 539 237 1150 1233 
371: 1185 1271 1364 637 226 
1569: 1185 251 230 285 238 1149 93 596 331 1509 735 237 1233 969 
1233: 1185 251 230 285 238 539 596 331 756 1163 1569 380 526 1150 969 
1105: 1273 103 47 1428 236 319 959 642 99 270 256 581 908 909 71 1559 1374 
1297: 1273 1223 647 1393 1245 849 609 687 813 1244 1246 163 1556 
996: 1309 594 1378 83 
1477: 1369 354 442 516 1266 1378 424 651 622 2 982 124 444 329 1547 125 641 1221 
579: 1413 885 539 284 1412 215 777 339 1382 1136 
160: 1413 
1124: 1486 267 1312 1125 1559 524 1536 
1043: 128 1378 1572 185 642 341 
662: 177 1549 478 1572 622 780 1101 1141 534 508 563 735 181 1051 1530 1436 
1436: 177 200 617 1519 534 1455 56 662 1051 1136 
584: 183 354 445 1428 236 1206 622 1392 735 
608: 183 106 1074 788 
870: 183 354 445 1392 23 206 384 
928: 183 424 1070 1300 827 
1181: 183 777 108 179 110 
1515: 184 617 1047 1299 28 166 347 622 434 1035 914 1205 408 1232 1058 225 831 
224: 205 962 1143 
348: 205 1432 438 267 789 1294 1101 268 331 1251 138 140 685 171 1482 181 232 244 1027 1431 1056 
801: 213 917 36 90 1066 577 1158 1296 1488 978 
1080: 213 1082 1378 36 305 440 331 669 1381 
634: 390 391 1149 1294 272 1542 50 1388 545 168 406 569 
926: 251 1325 1520 
1565: 251 445 1314 58 
191: 251 788 
241: 251 1397 122 1195 927 
1001: 254 617 1226 222 290 558 690 854 1010 1087 744 240 536 380 782 994 1275 110 
1449: 254 230 1074 1538 825 
572: 354 442 713 478 622 1566 539 857 660 880 589 1184 78 669 681 742 380 1248 938 
1119: 354 455 245 373 23 
13: 354 1503 622 
196: 354 1069 962 1206 222 253 1319 376 284 565 280 281 853 192 423 237 70 1395 289 193 615 1107 206 
206: 354 445 47 1539 438 1483 804 105 5 602 1040 870 444 196 
326: 354 1149 1294 1551 773 520 860 
1230: 404 629 1215 855 1101 848 914 138 11 
1453: 404 355 209 
474: 442 1028 293 
576: 442 753 965 1069 338 90 1294 672 1035 1207 1311 247 1162 730 
867: 442 516 1428 440 115 877 1443 
362: 442 1069 622 138 
143: 26 1147 690 935 481 778 1472 825 
807: 103 
1253: 103 1240 1368 1225 52 42 749 1427 744 
895: 47 1542 1390 1566 1114 49 461 80 279 1175 
836: 47 765 965 1004 1144 1428 236 317 338 342 617 858 1002 1003 58 343 1225 146 647 692 854 268 415 1207 833 853 170 185 1429 5 1005 247 303 749 1395 1091 1025 1553 549 550 
1471: 47 945 855 854 911 281 957 1207 853 105 642 5 1383 1012 1536 
1518: 47 1428 1435 1285 1163 1530 
263: 47 361 1294 539 105 121 
802: 106 945 1314 297 238 1075 203 79 1251 105 358 1388 722 190 1142 1127 927 669 1337 523 1501 1401 
1327: 106 15 
111: 106 1345 
3: 482 1069 1191 1470 531 1006 
147: 501 
210: 514 69 920 336 
336: 514 69 722 1363 920 210 
67: 516 496 215 1292 
165: 516 1069 859 1392 187 
300: 516 1168 
1061: 516 1513 1211 782 
1062: 516 539 
730: 516 672 1035 247 70 941 576 
872: 516 1285 873 
1128: 516 933 840 1197 957 1071 1127 1351 1041 
321: 629 699 
374: 629 93 784 
715: 629 1549 1361 
678: 706 238 1075 328 76 669 773 
1018: 713 319 1503 840 582 1400 1544 1304 
990: 765 546 112 246 
427: 844 962 355 146 496 1161 1088 1009 
604: 844 178 571 881 
383: 844 1266 848 1030 914 95 685 1087 217 1324 
1140: 844 74 989 
1210: 844 
1235: 844 240 
707: 917 1118 83 886 577 819 915 261 
495: 944 1314 1042 240 1316 1275 130 127 
731: 945 342 1002 58 1254 1207 185 1361 1126 623 
892: 945 355 1035 1361 1255 316 
322: 945 245 459 203 1483 1208 105 545 874 1142 1204 744 
418: 945 424 1149 1097 848 331 453 907 1212 791 792 906 209 221 1211 614 640 
1158: 945 1118 1365 188 138 801 
583: 965 317 238 146 717 376 122 156 735 341 278 333 1091 991 195 1268 958 34 
1545: 965 1069 1367 1226 582 669 1163 
1385: 999 1539 36 1507 290 855 1251 1022 1023 1208 502 413 756 1025 232 822 
686: 1004 313 342 1002 1003 1070 58 343 347 1224 539 1005 1402 330 1352 882 969 310 20 194 
318: 1004 342 1003 58 1038 1383 
1171: 1004 1003 58 335 387 
1359: 1004 1002 1003 1321 735 382 72 1151 
898: 1028 238 750 1509 735 240 
45: 1028 1378 1506 539 341 329 388 
632: 1069 911 951 
949: 1069 1002 1003 1109 1143 203 1566 911 853 423 1331 1330 1329 782 1049 
174: 1069 1519 1162 
271: 1069 935 694 
1524: 1069 1566 780 1176 1207 423 49 1163 793 
96: 1082 911 1026 540 
611: 1144 1067 622 541 
60: 1144 425 185 57 409 961 1371 
1349: 1144 312 313 315 652 1529 
969: 1157 83 855 558 795 1127 735 1213 1569 1567 1233 562 686 
743: 1191 203 1223 718 680 735 669 
349: 1191 1428 886 1226 1149 883 54 
294: 1280 1572 1208 
1576: 1280 735 1313 1173 
552: 1314 
912: 1314 962 515 
1090: 1314 
1132: 1314 1549 88 585 15 1313 1491 180 504 658 
1444: 1314 904 401 54 
449: 1367 236 146 93 122 1257 138 1339 745 1520 913 
603: 1378 84 478 1294 1542 855 558 284 935 1277 1173 
623: 1394 338 1002 253 1503 1149 1294 622 804 780 139 854 911 1254 1207 853 185 358 874 192 934 1126 1501 1431 731 
599: 1428 1226 1315 350 1224 865 1496 546 696 578 1188 1536 
908: 1428 424 642 670 1286 1190 1173 252 1105 1296 227 
1032: 1428 1109 667 
1058: 1428 1010 1030 496 1038 1515 630 485 983 
1379: 1428 1231 622 1251 704 10 601 
61: 1428 1463 848 1114 932 685 1431 
80: 1428 8 895 
216: 1428 319 1435 718 545 1361 735 1351 546 744 1163 
1474: 1428 1549 301 1026 784 405 
378: 1463 438 239 674 1102 1103 
679: 36 305 342 954 1163 1440 1538 
978: 36 1067 801 
822: 66 146 69 600 1094 1163 1385 
1306: 66 398 
486: 83 1424 1114 1423 510 
261: 83 440 476 577 99 819 107 707 
1027: 155 338 346 253 2 1566 1254 735 1334 605 228 348 523 779 
821: 236 1572 361 238 718 237 934 1063 
899: 245 314 355 1039 
1360: 245 1161 
1526: 245 962 284 150 
169: 312 313 315 1357 1365 331 105 23 458 
518: 313 315 361 1388 157 
1276: 313 1109 1226 547 910 1529 1530 410 
1282: 313 748 127 
110: 313 1226 369 1435 690 696 638 1181 619 701 1001 
1415: 315 1315 911 1554 34 
21: 338 1067 1334 
887: 342 651 208 497 247 172 398 379 375 
274: 357 1088 
509: 424 
1198: 424 534 40 669 
1528: 437 
286: 440 617 1143 1542 605 1295 
220: 820 1475 
1323: 953 416 355 804 558 1068 
452: 962 840 1400 1068 1304 252 
149: 962 1540 1223 53 172 278 173 351 963 
159: 962 1075 676 
1222: 962 
1278: 962 
1466: 962 55 
1170: 1308 297 692 434 1527 540 
351: 1540 631 149 
1189: 297 1442 29 
1410: 297 1251 
473: 314 1075 925 846 1254 510 237 742 1134 135 
1015: 478 43 1038 
1347: 478 1075 1000 622 911 23 777 819 852 1131 1268 
1110: 478 1109 1074 1503 564 1254 718 49 1211 1134 125 
943: 617 1311 1183 642 670 739 1248 
1458: 617 
368: 651 1365 577 98 1245 
939: 858 432 
1433: 859 1226 716 373 339 1346 
1468: 890 496 1451 
265: 1002 1003 58 23 
646: 1108 1109 42 
766: 1108 1109 
590: 1109 
618: 1143 335 387 1129 339 475 
1156: 1143 105 935 825 
439: 1206 
737: 1226 
22: 1226 539 880 1445 330 
151: 1226 88 1097 2 857 854 911 744 316 1026 1484 782 
345: 1226 547 910 1529 1530 
695: 1315 
517: 1507 43 329 
1301: 1572 361 1074 141 
1396: 1572 1530 
1502: 58 
1446: 88 319 866 976 
201: 88 622 
979: 126 458 
1218: 222 1318 1337 1421 62 
279: 222 854 105 1547 895 
249: 438 1207 
309: 438 467 411 
812: 267 1114 373 323 432 1482 1055 
1386: 267 238 547 865 699 
141: 267 1287 1326 1301 
1525: 355 1542 
44: 355 1542 1365 914 496 1161 1387 936 
217: 361 146 1551 244 225 1268 383 
519: 547 830 531 1289 
1037: 547 910 122 1529 1530 
701: 547 284 239 1509 696 490 382 240 856 938 54 91 110 194 837 
968: 547 1231 689 690 1391 329 392 
256: 789 647 539 585 736 1105 412 
1345: 789 111 
65: 1075 1361 23 745 1163 
813: 1503 840 1149 1223 647 780 1393 1245 235 849 1451 586 609 687 163 1244 1246 1297 
973: 1503 218 735 669 327 
243: 208 237 1038 744 1454 1521 1420 375 
798: 587 146 23 
694: 840 271 
788: 1225 28 608 191 
1284: 1299 
412: 1299 1254 182 256 
100: 1450 622 1397 1102 1267 
657: 28 
472: 137 104 468 
995: 203 
1049: 203 853 949 
1556: 1223 1393 609 687 1244 1246 1297 
470: 146 
561: 146 622 215 
1563: 146 914 894 
72: 146 814 1359 
104: 146 469 468 472 
307: 146 
794: 290 531 214 
703: 1067 1445 
983: 1067 1208 1361 829 1443 1148 1058 984 119 
1180: 1067 1573 
1238: 1147 660 750 373 593 749 398 441 1025 1162 748 
38: 622 
675: 622 1208 467 1325 
1011: 622 718 138 
1499: 622 
1113: 622 
1134: 622 139 280 1257 1155 373 1063 643 473 832 1110 
1044: 726 724 1264 187 727 1418 
636: 1483 1114 161 
1405: 1542 248 
197: 69 
976: 476 407 883 1059 1446 
379: 971 77 18 40 1416 485 612 887 
762: 959 545 923 
87: 539 
186: 539 1086 958 1081 
714: 539 
1375: 539 1530 1150 
1381: 780 1176 1080 
793: 780 1176 49 1524 
119: 857 1443 983 
0: 1101 1114 
157: 1256 924 518 
1092: 93 225 
148: 284 215 
532: 353 
809: 386 
1175: 1523 510 198 895 1488 658 842 
1188: 585 736 653 329 599 
946: 585 
403: 596 
894: 911 8 1026 1563 
399: 911 1558 1026 
1151: 1010 1359 1152 
1065: 1010 960 
785: 9 1183 852 1120 1400 1304 1488 
260: 1251 
262: 1251 
1498: 1251 1030 
344: 1114 
492: 1425 504 
195: 496 583 1437 1439 
527: 797 
1460: 935 
1135: 215 
1531: 215 
130: 215 495 127 
487: 722 51 
1148: 1475 467 257 983 
475: 1361 330 618 
491: 373 1564 
697: 373 
1006: 696 800 3 
1380: 366 463 
612: 366 379 
837: 1145 701 
414: 537 
1138: 578 
1421: 631 144 1218 
815: 631 
1492: 1038 
677: 1088 
832: 1441 1134 640 1382 
468: 97 104 472 
963: 248 149 
1371: 57 409 961 966 60 
1356: 756 
133: 1094 
841: 557 
429: 382 
299: 1017 
1473: 1163 
1: 29 
1165: 30 485 
302: 1547 310 
842: 728 258 530 1175 
227: 958 908 909 
71: 1105 
1353: 219 
431: 838 
381: 1484 443 
1439: 1437 195 
1322: 1150 
524: 1125 1124 
1281: 1267 
20: 686 
194: 686 701 
1512: 568 1344 
91: 701 
1418: 1044 123 
1152: 1151 
123: 1418 
