446 1514
446 460
446 1122
446 1534
446 682
1514 460
1514 682
1514 902
1514 363
460 363
460 902
1122 512
1122 544
1122 551
1122 635
1122 747
1122 774
1122 811
1122 879
1122 956
1122 1045
1122 1050
1122 1060
1122 1116
1122 35
1122 81
1122 114
1122 129
1122 132
1122 332
1122 419
1122 1389
1122 1399
1122 1166
1122 1167
1122 1574
1122 1217
1122 1219
1122 1249
1122 1408
1534 507
1534 554
1534 864
1534 1096
1534 1172
1534 1376
1534 17
1534 325
1534 420
1534 1560
682 363
682 393
682 902
682 1320
682 1262
447 16
447 89
447 158
447 223
447 364
447 393
447 395
447 426
447 435
447 888
447 1399
447 1021
447 1279
447 786
447 760
447 1298
447 1303
447 719
447 1430
447 1054
447 930
447 1196
447 1199
447 1457
447 1214
447 1467
447 580
447 974
447 1481
447 1237
447 559
447 741
447 871
16 465
16 489
16 507
16 521
16 525
16 528
16 538
16 553
16 566
16 606
16 620
16 621
16 644
16 645
16 648
16 649
16 650
16 656
16 700
16 705
16 712
16 733
16 734
16 754
16 755
16 759
16 769
16 770
16 771
16 776
16 805
16 806
16 884
16 897
16 901
16 916
16 952
16 987
16 988
16 1008
16 1024
16 1046
16 1057
16 1078
16 1079
16 1095
16 1123
16 1177
16 1182
16 1185
16 1214
16 1216
16 1273
16 1303
16 1309
16 1333
16 1342
16 1369
16 1411
16 1413
16 1479
16 1486
16 1550
16 1562
16 1571
16 116
16 372
16 128
16 176
16 177
16 183
16 184
16 205
16 213
16 390
16 251
16 254
16 255
16 275
16 277
16 306
16 354
16 404
16 442
16 445
16 26
16 103
16 47
16 106
89 455
89 462
89 466
89 471
89 482
89 484
89 501
89 507
89 514
89 516
89 594
89 613
89 629
89 655
89 706
89 712
89 713
89 733
89 752
89 753
89 760
89 763
89 765
89 824
89 844
89 845
89 868
89 917
89 944
89 945
89 955
89 965
89 972
89 999
89 1004
89 1008
89 1024
89 1028
89 1046
89 1069
89 1079
89 1082
89 1118
89 1144
89 1157
89 1191
89 1199
89 1215
89 1216
89 1236
89 1240
89 1247
89 1266
89 1271
89 1279
89 1280
89 1314
89 1340
89 1367
89 1368
89 1378
89 1394
89 1399
89 1404
89 1428
89 1432
89 1457
89 1463
89 1506
89 1508
89 1539
89 1549
89 17
89 36
89 37
89 66
89 82
89 83
89 84
89 155
89 162
89 176
89 205
89 212
89 213
89 236
89 245
89 250
89 312
89 287
89 304
89 305
89 313
89 315
89 317
89 338
89 342
89 346
89 357
89 391
89 393
89 424
89 437
89 259
89 440
89 360
89 90
89 109
89 200
158 592
158 741
158 811
158 820
158 884
158 918
158 953
158 962
158 1066
158 1199
158 1250
158 1308
158 1341
158 1430
158 1438
158 1467
158 1540
158 251
158 395
158 230
158 297
158 314
158 234
158 285
223 459
223 478
223 512
223 544
223 548
223 617
223 650
223 651
223 663
223 747
223 752
223 774
223 858
223 859
223 885
223 886
223 890
223 933
223 962
223 1002
223 1003
223 1004
223 1021
223 1046
223 1047
223 1052
223 1053
223 1069
223 1070
223 1093
223 1108
223 1109
223 1117
223 1143
223 1166
223 1168
223 1206
223 1226
223 1249
223 1252
223 1315
223 1343
223 1357
223 1376
223 1389
223 1481
223 1507
223 1533
223 1572
223 1574
223 12
223 58
223 85
223 88
223 116
223 126
223 222
223 283
223 416
223 424
223 245
223 298
223 433
223 369
223 438
223 314
223 267
223 319
223 342
223 343
223 350
223 253
223 355
223 338
223 361
223 238
223 242
364 547
364 729
364 754
364 789
364 1003
364 1074
364 1075
364 1250
364 1399
364 1430
364 1481
364 1503
364 1519
364 208
364 236
364 238
364 269
364 332
364 400
393 559
393 587
393 719
393 767
393 839
393 840
393 844
393 945
393 1000
393 1021
393 1053
393 1069
393 1075
393 1076
393 1098
393 1149
393 1191
393 1225
393 1279
393 1294
393 1298
393 1299
393 1319
393 1414
393 1435
393 1450
393 1495
393 1549
393 28
393 116
393 137
393 166
393 203
393 218
393 272
393 320
393 328
393 347
393 390
395 494
395 566
395 567
395 627
395 706
395 713
395 719
395 796
395 904
395 925
395 1002
395 1003
395 1177
395 1191
395 1223
395 1250
395 1279
395 1308
395 1470
395 146
395 290
395 332
395 438
426 931
426 1066
426 1067
426 1097
426 1137
426 1147
426 1197
426 1231
426 1287
426 1303
426 1398
426 1413
426 1481
426 184
435 575
435 622
435 624
435 647
435 726
435 846
435 864
435 890
435 1028
435 1159
435 1197
435 1265
435 1321
435 1470
435 1481
435 1483
435 1542
435 1552
435 53
435 64
435 69
435 291
888 456
888 469
888 476
888 570
888 621
888 717
888 719
888 755
888 760
888 804
888 811
888 855
888 2
888 32
888 73
888 134
888 178
888 183
888 184
888 245
888 253
888 255
888 305
888 376
888 424
888 445
888 1390
888 1392
888 970
888 971
888 1034
888 910
888 1302
888 1054
888 1566
888 1317
888 1572
888 1294
888 1079
888 959
888 1216
888 1223
888 1224
888 1231
888 1365
888 992
888 1442
888 1240
888 945
1399 500
1399 506
1399 539
1399 556
1399 558
1399 564
1399 566
1399 606
1399 622
1399 644
1399 663
1399 689
1399 690
1399 692
1399 713
1399 717
1399 726
1399 738
1399 780
1399 781
1399 830
1399 857
1399 865
1399 897
1399 956
1399 974
1399 998
1399 1004
1399 1101
1399 1106
1399 1116
1399 1154
1399 1166
1399 1176
1399 1185
1399 1217
1399 1226
1399 1256
1399 1270
1399 1299
1399 1308
1399 1335
1399 1368
1399 1397
1399 17
1399 53
1399 55
1399 77
1399 83
1399 93
1399 106
1399 120
1399 122
1399 139
1399 231
1399 251
1399 255
1399 275
1399 284
1399 285
1399 290
1399 293
1399 342
1399 353
1399 359
1399 360
1399 386
1399 419
1399 425
1399 434
1399 1542
1399 1417
1399 1552
1399 1527
1399 1448
1399 1406
1399 1496
1399 1523
1399 1450
1399 1513
1021 456
1021 497
1021 498
1021 539
1021 541
1021 566
1021 567
1021 585
1021 596
1021 606
1021 610
1021 613
1021 617
1021 622
1021 644
1021 650
1021 660
1021 672
1021 692
1021 699
1021 717
1021 725
1021 754
1021 795
1021 848
1021 854
1021 879
1021 880
1021 885
1021 886
1021 890
1021 903
1021 905
1021 911
1021 945
1021 962
1021 987
1021 1010
1021 9
1021 12
1021 25
1021 50
1021 79
1021 84
1021 106
1021 146
1021 156
1021 166
1021 212
1021 222
1021 236
1021 238
1021 245
1021 268
1021 290
1021 317
1021 319
1021 331
1021 354
1021 355
1021 390
1021 415
1021 438
1021 440
1021 442
1021 1149
1021 1196
1021 1214
1021 1215
1021 1226
1021 1249
1021 1250
1021 1251
1021 1252
1021 1254
1021 1280
1021 1294
1021 1312
1021 1317
1021 1321
1021 1376
1021 1403
1021 1424
1021 1428
1021 1432
1021 1462
1021 1463
1021 1481
1021 1503
1021 1022
1021 1023
1021 1035
1021 1542
1021 1046
1021 1108
1021 1109
1021 1112
1021 1114
1021 1115
1279 494
1279 531
1279 719
1279 1002
1279 1023
1279 1199
1279 1223
786 622
786 716
786 741
786 755
786 76
786 205
786 359
786 361
786 1365
786 1303
786 1273
786 1096
786 1144
786 1412
786 1069
760 543
760 565
760 622
760 624
760 718
760 41
760 63
760 115
760 116
760 131
760 253
760 280
760 281
760 301
760 354
760 355
760 421
760 424
760 445
760 886
760 1047
760 1030
760 911
760 914
760 1048
760 1007
760 1069
760 1146
760 957
760 1207
760 1208
760 833
760 1003
760 1046
760 853
760 854
760 982
760 997
760 1002
760 1199
1298 613
1298 713
1298 811
1298 974
1298 987
1298 1054
1298 1141
1298 1272
1298 83
1298 102
1298 105
1298 287
1298 1425
1298 1365
1298 1340
1303 496
1303 503
1303 539
1303 589
1303 622
1303 673
1303 710
1303 719
1303 795
1303 797
1303 865
1303 935
1303 962
1303 1046
1303 1069
1303 1101
1303 1161
1303 1251
1303 1257
1303 1260
1303 6
1303 15
1303 52
1303 95
1303 103
1303 113
1303 114
1303 164
1303 170
1303 185
1303 189
1303 204
1303 358
1303 404
1303 442
1303 1430
1303 1554
1303 1311
1303 1338
1303 1368
719 481
719 534
719 613
719 704
719 713
719 142
719 177
719 178
719 183
719 184
719 188
719 215
719 239
719 282
719 361
719 440
719 442
719 1023
719 950
719 922
719 1054
719 1205
719 1184
719 932
719 1442
719 1066
719 1201
719 1079
719 839
719 1362
719 987
719 877
719 1513
719 1388
1430 457
1430 507
1430 539
1430 591
1430 820
1430 924
1430 1022
1430 1023
1430 1280
1430 1428
1430 18
1430 102
1430 207
1430 291
1430 313
1430 317
1430 355
1430 400
1430 1455
1430 1506
1054 453
1054 454
1054 545
1054 571
1054 587
1054 621
1054 680
1054 722
1054 750
1054 844
1054 874
1054 877
1054 914
1054 925
1054 933
1054 987
1054 988
1054 59
1054 102
1054 166
1054 190
1054 245
1054 355
1054 357
1054 438
1054 1266
1054 1519
1054 1142
1054 1223
1054 1542
1054 1291
1054 1373
1054 1552
1054 1183
1054 1191
1054 1321
1054 1462
1054 1341
1054 1475
1054 1478
1054 1358
1054 1280
1054 1243
1054 1251
930 642
930 650
930 670
930 769
930 47
930 52
930 105
930 424
930 1157
930 1365
930 1428
930 1429
1196 539
1196 629
1196 806
1196 1153
1196 1195
1196 17
1196 35
1196 93
1196 138
1196 140
1196 211
1196 238
1196 268
1196 297
1196 313
1196 317
1196 438
1196 1554
1196 1311
1196 1315
1196 1200
1196 1361
1196 1250
1196 1506
1196 1509
1199 467
1199 496
1199 505
1199 508
1199 545
1199 622
1199 649
1199 650
1199 670
1199 674
1199 685
1199 713
1199 747
1199 753
1199 755
1199 804
1199 854
1199 874
1199 890
1199 911
1199 917
1199 918
1199 919
1199 935
1199 960
1199 982
1199 1030
1199 1035
1199 1046
1199 1069
1199 1071
1199 1093
1199 1098
1199 1108
1199 1109
1199 1127
1199 1143
1199 1155
1199 5
1199 6
1199 28
1199 40
1199 83
1199 185
1199 192
1199 199
1199 253
1199 297
1199 308
1199 358
1199 360
1199 367
1199 373
1199 423
1199 424
1199 438
1199 1393
1199 1412
1199 1435
1199 1422
1199 1423
1199 1272
1199 1467
1199 1332
1199 1481
1199 1321
1199 1260
1199 1503
1457 493
1457 505
1457 507
1457 510
1457 535
1457 563
1457 566
1457 567
1457 577
1457 585
1457 596
1457 602
1457 652
1457 660
1457 713
1457 735
1457 754
1457 845
1457 884
1457 897
1457 905
1457 955
1457 965
1457 1005
1457 1034
1457 1073
1457 1169
1457 1194
1457 1195
1457 1214
1457 1215
1457 1251
1457 1293
1457 1294
1457 1351
1457 1378
1457 1388
1457 8
1457 15
1457 42
1457 50
1457 66
1457 78
1457 82
1457 83
1457 90
1457 115
1457 128
1457 168
1457 200
1457 213
1457 236
1457 276
1457 314
1457 317
1457 360
1457 408
1457 415
1457 438
1457 440
1457 445
1457 1485
1457 1503
1457 1463
1457 1481
1214 493
1214 496
1214 507
1214 510
1214 528
1214 559
1214 577
1214 593
1214 629
1214 659
1214 674
1214 699
1214 736
1214 816
1214 861
1214 879
1214 890
1214 927
1214 965
1214 972
1214 1076
1214 1087
1214 1096
1214 1108
1214 1109
1214 1168
1214 1202
1214 7
1214 17
1214 83
1214 93
1214 138
1214 139
1214 200
1214 204
1214 236
1214 237
1214 238
1214 245
1214 312
1214 313
1214 315
1214 317
1214 335
1214 340
1214 341
1214 387
1214 437
1214 440
1214 1368
1214 1496
1214 1280
1214 1435
1214 1549
1214 1554
1214 1417
1214 1509
1214 1259
1214 1216
1214 1237
1214 1251
1214 1378
1214 1240
1467 546
1467 582
1467 692
1467 820
1467 833
1467 907
1467 911
1467 917
1467 1149
1467 1251
1467 1294
1467 1351
1467 1365
1467 23
1467 55
1467 90
1467 355
1467 424
1467 1549
580 559
580 1461
580 1096
580 1191
580 1066
580 1481
974 459
974 525
974 528
974 589
974 622
974 696
974 704
974 723
974 830
974 843
974 889
974 893
974 900
974 953
974 955
974 10
974 24
974 36
974 43
974 99
974 102
974 112
974 184
974 208
974 213
974 247
974 303
974 305
974 313
974 366
974 424
974 437
974 1522
974 1145
974 1287
974 1040
974 1355
974 1334
974 1336
974 1361
974 1096
974 1511
974 1034
1481 448
1481 454
1481 464
1481 479
1481 488
1481 489
1481 507
1481 522
1481 525
1481 528
1481 533
1481 535
1481 537
1481 538
1481 539
1481 543
1481 553
1481 555
1481 559
1481 563
1481 566
1481 567
1481 578
1481 588
1481 592
1481 593
1481 595
1481 598
1481 600
1481 605
1481 606
1481 621
1481 625
1481 626
1481 631
1481 642
1481 645
1481 647
1481 648
1481 650
1481 653
1481 654
1481 660
1481 661
1481 663
1481 664
1481 669
1481 676
1481 684
1481 690
1481 704
1481 708
1481 709
1481 717
1481 721
1481 724
1481 739
1481 749
1481 754
1481 763
1481 764
1481 765
1481 768
1481 776
1481 777
1481 778
1481 780
1481 790
1481 806
1481 819
1481 820
1481 823
1481 829
1481 840
1481 846
1481 852
1481 857
1481 864
1481 877
1481 879
1481 880
1481 881
1481 885
1481 889
1481 900
1481 901
1481 904
1481 916
1481 918
1481 923
1481 927
1481 929
1481 942
1481 945
1481 955
1481 956
1481 965
1481 972
1481 977
1481 980
1481 981
1481 985
1481 992
1481 1004
1481 1005
1481 1023
1481 1033
1481 1038
1481 1046
1481 1057
1481 1064
1481 1078
1481 1084
1481 1088
1481 1093
1481 1102
1481 1103
1481 1114
1481 1115
1481 1120
1481 1127
1481 1129
1481 1137
1481 1139
1481 1141
1481 1143
1481 1160
1481 1166
1481 1174
1481 1178
1481 1185
1481 1203
1481 1204
1481 1205
1481 1212
1481 1213
1481 1216
1481 1224
1481 1239
1481 1255
1481 1260
1481 1264
1481 1269
1481 1273
1481 1280
1481 1283
1481 1285
1481 1294
1481 1300
1481 1308
1481 1309
1481 1313
1481 1318
1481 1320
1481 1332
1481 1333
1481 1334
1481 1339
1481 1343
1481 1351
1481 1354
1481 1358
1481 1362
1481 1363
1481 1364
1481 1367
1481 1370
1481 1377
1481 1383
1481 1387
1481 1391
1481 1394
1481 1398
1481 1402
1481 1411
1481 1419
1481 1427
1481 1428
1481 1429
1481 1432
1481 1441
1481 1445
1481 1456
1481 1465
1481 1469
1481 1479
1481 4
1481 8
1481 15
1481 31
1481 32
1481 49
1481 69
1481 70
1481 78
1481 83
1481 93
1481 95
1481 97
1481 105
1481 108
1481 116
1481 129
1481 137
1481 138
1481 144
1481 155
1481 156
1481 167
1481 171
1481 172
1481 176
1481 178
1481 179
1481 182
1481 198
1481 202
1481 213
1481 215
1481 228
1481 229
1481 238
1481 239
1481 245
1481 246
1481 248
1481 257
1481 269
1481 275
1481 278
1481 282
1481 290
1481 291
1481 303
1481 308
1481 319
1481 323
1481 324
1481 332
1481 333
1481 335
1481 337
1481 341
1481 343
1481 352
1481 355
1481 357
1481 360
1481 373
1481 398
1481 406
1481 407
1481 408
1481 416
1481 420
1481 422
1481 424
1481 425
1481 430
1481 432
1481 436
1481 441
1481 442
1481 1564
1481 1551
1481 1575
1481 1541
1481 1482
1481 1558
1481 1490
1481 1506
1481 1500
1481 1503
1481 1522
1481 1527
1481 1529
1481 1542
1481 1543
1481 1562
1481 1573
1481 1495
1481 1555
1237 499
1237 525
1237 566
1237 588
1237 649
1237 650
1237 700
1237 754
1237 759
1237 769
1237 770
1237 780
1237 787
1237 852
1237 884
1237 901
1237 970
1237 1057
1237 1079
1237 1109
1237 1182
1237 1216
1237 1231
1237 6
1237 26
1237 55
1237 56
1237 57
1237 116
1237 122
1237 175
1237 176
1237 177
1237 183
1237 184
1237 189
1237 237
1237 238
1237 255
1237 276
1237 277
1237 305
1237 306
1237 372
1237 404
1237 1392
1237 1286
1237 1311
1237 1479
1237 1342
559 490
559 502
559 512
559 539
559 542
559 544
559 31
559 59
559 105
559 139
559 187
559 200
559 204
559 242
559 298
559 327
559 354
559 369
559 390
559 413
559 440
559 445
559 756
559 629
559 1395
559 1127
559 1020
559 1400
559 642
559 645
559 1035
559 1544
559 1078
559 914
559 673
559 934
559 681
559 684
559 1294
559 829
559 1577
559 690
559 1295
559 874
559 672
559 1023
559 717
559 1088
559 1228
559 1447
559 1506
559 987
559 1115
559 1367
559 971
559 1094
559 1249
559 1251
559 1507
559 1509
559 751
741 621
741 706
741 854
741 1351
871 463
871 478
871 489
871 557
871 565
871 613
871 621
871 622
871 718
871 725
871 733
871 735
871 746
871 749
871 755
871 780
871 847
871 853
871 854
871 10
871 37
871 49
871 59
871 98
871 192
871 214
871 287
871 373
871 377
871 421
871 1012
871 1368
871 900
871 1283
871 1031
871 1417
871 1205
871 1424
871 1185
871 1178
871 1190
871 1195
871 1069
871 945
871 1337
871 1331
871 954
871 1254
871 1087
871 1086
871 1091
871 1095
871 1096
871 1223
871 1068
871 1535
871 1241
448 23
448 101
448 106
448 113
448 131
448 355
448 1000
448 644
448 622
448 945
23 453
23 454
23 494
23 496
23 497
23 498
23 545
23 553
23 571
23 598
23 602
23 629
23 638
23 669
23 747
23 773
23 780
23 791
23 792
23 798
23 861
23 870
23 874
23 879
23 881
23 890
23 906
23 907
23 925
23 927
23 957
23 962
23 967
23 987
23 988
23 1000
23 1022
23 1063
23 1071
23 1078
23 1079
23 1119
23 1142
23 1149
23 1183
23 1207
23 1209
23 1229
23 1255
23 1260
23 1277
23 1294
23 1299
23 1321
23 1347
23 1358
23 1376
23 1388
23 1435
23 1470
23 1475
23 1476
23 1478
23 1523
23 1542
23 1549
23 6
23 137
23 166
23 168
23 169
23 218
23 50
23 245
23 247
23 265
23 272
23 293
23 317
23 319
23 330
23 334
23 354
23 355
23 357
23 390
23 391
23 408
23 438
23 445
23 47
23 65
23 74
23 88
101 565
101 1102
101 1376
101 1397
101 327
106 507
106 513
106 566
106 569
106 577
106 608
106 622
106 629
106 644
106 670
106 674
106 688
106 705
106 706
106 712
106 713
106 744
106 747
106 780
106 795
106 802
106 834
106 845
106 879
106 890
106 897
106 965
106 1002
106 1003
106 1005
106 1042
106 1046
106 1093
106 1115
106 1149
106 1215
106 1216
106 1228
106 1294
106 1327
106 1387
106 1388
106 1427
106 1428
106 1442
106 1482
106 1500
106 1509
106 1542
106 1549
106 1571
106 17
106 42
106 46
106 58
106 70
106 83
106 93
106 94
106 116
106 138
106 209
106 236
106 237
106 238
106 239
106 282
106 312
106 313
106 315
106 331
106 335
106 341
106 342
106 347
106 382
106 390
106 397
106 416
106 442
106 111
106 200
113 780
113 945
113 1000
113 1075
113 1102
113 1416
113 47
113 76
113 105
113 334
113 327
131 478
131 650
131 702
131 735
131 874
131 911
131 925
131 1071
131 1245
131 1304
131 1393
131 1491
131 1503
131 124
131 438
131 338
355 453
355 456
355 457
355 494
355 496
355 498
355 510
355 520
355 539
355 545
355 553
355 571
355 577
355 582
355 587
355 598
355 602
355 617
355 629
355 638
355 647
355 669
355 672
355 722
355 723
355 742
355 744
355 747
355 751
355 752
355 772
355 774
355 791
355 792
355 852
355 861
355 868
355 873
355 874
355 879
355 881
355 890
355 891
355 892
355 899
355 906
355 907
355 920
355 925
355 927
355 931
355 962
355 967
355 970
355 971
355 975
355 987
355 988
355 1017
355 1030
355 1039
355 1066
355 1075
355 1078
355 1079
355 1087
355 1099
355 1102
355 1109
355 1121
355 1131
355 1142
355 1149
355 1163
355 1168
355 1183
355 1193
355 1195
355 1197
355 1206
355 1207
355 1209
355 1229
355 1251
355 1254
355 1255
355 1260
355 1270
355 1291
355 1294
355 1299
355 1321
355 1323
355 1339
355 1343
355 1358
355 1369
355 1387
355 1388
355 1392
355 1417
355 1422
355 1425
355 1435
355 1453
355 1454
355 1456
355 1470
355 1475
355 1476
355 1485
355 1500
355 1523
355 1525
355 1532
355 1539
355 1542
355 1549
355 1566
355 1574
355 1575
355 17
355 29
355 30
355 42
355 44
355 50
355 74
355 88
355 118
355 122
355 132
355 137
355 152
355 166
355 168
355 177
355 178
355 183
355 185
355 209
355 218
355 235
355 236
355 237
355 238
355 240
355 245
355 254
355 264
355 272
355 277
355 282
355 284
355 289
355 293
355 301
355 312
355 313
355 315
355 317
355 319
355 330
355 332
355 334
355 353
355 354
355 357
355 413
355 390
355 391
355 415
355 424
355 427
355 444
355 445
1000 463
1000 544
1000 622
1000 669
1000 772
1000 874
1000 945
1000 50
1000 107
1000 168
1000 171
1000 203
1000 231
1000 238
1000 245
1000 272
1000 317
1000 390
1000 391
1000 1149
1000 1294
1000 1422
1000 1321
1000 1204
1000 1347
1000 1376
1000 1131
644 507
644 513
644 566
644 567
644 569
644 602
644 629
644 17
644 42
644 46
644 50
644 83
644 93
644 94
644 138
644 139
644 200
644 209
644 218
644 236
644 237
644 238
644 239
644 247
644 272
644 312
644 313
644 315
644 317
644 335
644 339
644 342
644 347
644 358
644 390
644 391
644 397
644 442
644 1395
644 1017
644 1149
644 1025
644 1455
644 1014
644 674
644 1294
644 1002
644 1549
644 1542
644 1302
644 669
644 890
644 1334
644 897
644 1482
644 1251
644 688
644 744
644 693
644 1215
644 1464
644 834
644 1216
644 1343
644 1470
644 965
644 1093
644 1003
644 845
644 706
644 1321
644 853
644 998
644 1378
644 1427
644 1194
644 1115
644 881
644 1388
622 454
622 456
622 467
622 478
622 482
622 484
622 499
622 503
622 507
622 508
622 510
622 512
622 515
622 553
622 561
622 570
622 572
622 584
622 596
622 597
622 601
622 602
622 610
622 611
622 617
622 621
622 2
622 12
622 13
622 15
622 17
622 25
622 38
622 42
622 47
622 50
622 58
622 66
622 77
622 86
622 88
622 93
622 100
622 105
622 116
622 124
622 128
622 138
622 164
622 176
622 181
622 185
622 189
622 192
622 193
622 200
622 201
622 209
622 211
622 221
622 222
622 228
622 232
622 234
622 236
622 238
622 244
622 245
622 253
622 255
622 272
622 273
622 281
622 303
622 305
622 314
622 316
622 317
622 329
622 330
622 331
622 338
622 342
622 343
622 357
622 362
622 367
622 373
622 386
622 389
622 390
622 391
622 406
622 423
622 428
622 438
622 441
622 442
622 445
622 627
622 629
622 1137
622 1149
622 1548
622 642
622 643
622 645
622 648
622 650
622 1162
622 1163
622 656
622 1168
622 1515
622 662
622 756
622 670
622 674
622 675
622 690
622 1231
622 1207
622 1208
622 1211
622 1212
622 706
622 1572
622 716
622 1226
622 1232
622 1236
622 1063
622 885
622 1407
622 1245
622 1251
622 745
622 749
622 751
622 754
622 755
622 649
622 769
622 1280
622 773
622 775
622 879
622 1287
622 1291
622 1078
622 1295
622 1402
622 1500
622 826
622 1311
622 1313
622 1294
622 1319
622 1321
622 744
622 824
622 1334
622 1254
622 840
622 1355
622 853
622 857
622 858
622 1367
622 1370
622 865
622 868
622 1379
622 880
622 1347
622 883
622 1010
622 889
622 1011
622 1265
622 897
622 911
622 915
622 1427
622 1428
622 1429
622 1434
622 1435
622 1442
622 1440
622 1087
622 945
622 767
622 957
622 964
622 855
622 1325
622 1026
622 1489
622 1495
622 1496
622 992
622 1499
622 750
622 1503
622 999
622 1002
622 1003
622 1004
622 1005
622 1513
622 1012
622 1258
622 1520
622 1017
622 1025
622 1126
622 1035
622 1205
622 1547
622 1549
622 1542
622 1551
622 854
622 1051
622 1566
622 1361
622 1066
622 1069
622 1075
622 1463
622 934
622 1109
622 1477
622 1091
622 1095
622 1096
622 1097
622 1365
622 1215
622 890
622 1113
622 1115
622 1302
622 1117
622 1470
622 965
622 1127
622 1388
622 623
622 1134
945 457
945 502
945 512
945 533
945 544
945 545
945 551
945 565
945 574
945 587
945 606
945 643
945 647
945 659
945 699
945 717
945 722
945 731
945 735
945 742
945 747
945 756
945 774
945 780
945 802
945 839
945 844
945 853
945 854
945 874
945 881
945 892
945 925
945 927
945 933
945 18
945 39
945 41
945 50
945 93
945 116
945 118
945 126
945 134
945 137
945 166
945 168
945 177
945 178
945 183
945 184
945 188
945 202
945 203
945 218
945 303
945 304
945 306
945 313
945 320
945 322
945 328
945 329
945 357
945 390
945 392
945 406
945 416
945 418
945 442
945 445
945 1142
945 1149
945 1158
945 1183
945 1194
945 1197
945 1207
945 1225
945 1228
945 1231
945 1251
945 1252
945 1254
945 1326
945 1260
945 1269
945 1243
945 1075
945 1291
945 1319
945 1321
945 1168
945 1255
945 1355
945 1358
945 1373
945 1400
945 1406
945 1435
945 1469
945 1471
945 967
945 970
945 1478
945 987
945 1495
945 1503
945 1517
945 1521
945 1024
945 1034
945 1035
945 1541
945 1542
945 972
945 1575
945 1462
945 1079
945 1549
945 1087
945 1387
449 93
449 122
449 138
449 146
449 236
449 1520
449 1339
449 1367
449 1257
449 913
449 745
93 507
93 539
93 629
93 656
93 689
93 690
93 712
93 717
93 784
93 840
93 904
93 1045
93 1052
93 1075
93 1092
93 1093
93 1115
93 1116
93 1195
93 1250
93 1348
93 1427
93 1497
93 1506
93 1521
93 1554
93 1569
93 17
93 18
93 32
93 35
93 374
93 138
93 136
93 397
93 162
93 251
93 308
93 438
93 440
93 313
93 203
93 189
93 331
93 238
93 236
93 237
93 240
122 583
122 606
122 617
122 630
122 689
122 735
122 753
122 868
122 897
122 971
122 1004
122 1020
122 1037
122 1045
122 1109
122 1130
122 1226
122 1240
122 1307
122 1314
122 1440
122 1539
122 85
122 121
122 251
122 417
122 290
122 438
122 440
122 187
122 221
122 241
122 240
122 242
138 489
138 497
138 534
138 539
138 610
138 629
138 659
138 672
138 673
138 696
138 699
138 712
138 728
138 735
138 777
138 784
138 823
138 826
138 879
138 885
138 886
138 911
138 957
138 958
138 1011
138 1045
138 1052
138 1093
138 1115
138 1116
138 1149
138 1158
138 1163
138 1173
138 1195
138 1226
138 1230
138 1250
138 1255
138 1313
138 1314
138 1315
138 1348
138 1376
138 1427
138 1491
138 1494
138 1496
138 1497
138 1501
138 1521
138 1542
138 1549
138 1554
138 1564
138 17
138 18
138 35
138 84
138 85
138 136
138 139
138 189
138 238
138 251
138 252
138 269
138 282
138 287
138 303
138 308
138 313
138 314
138 317
138 330
138 331
138 348
138 353
138 354
138 362
138 365
138 386
138 392
138 397
138 438
138 440
138 200
146 456
146 457
146 467
146 470
146 485
146 510
146 536
146 539
146 561
146 577
146 583
146 600
146 606
146 617
146 621
146 630
146 650
146 660
146 661
146 669
146 704
146 705
146 706
146 733
146 734
146 735
146 781
146 798
146 816
146 822
146 836
146 855
146 857
146 873
146 897
146 903
146 918
146 932
146 954
146 959
146 965
146 1005
146 1009
146 1020
146 1022
146 1073
146 1088
146 1115
146 1149
146 1195
146 1217
146 1231
146 1241
146 1249
146 1283
146 1325
146 1334
146 1369
146 1394
146 1424
146 1442
146 1500
146 1503
146 1506
146 1507
146 1530
146 1557
146 1563
146 1567
146 72
146 104
146 105
146 112
146 180
146 217
146 305
146 236
146 237
146 238
146 255
146 264
146 297
146 306
146 307
146 317
146 366
146 367
146 404
146 423
146 427
146 432
146 440
146 445
236 453
236 454
236 466
236 485
236 507
236 516
236 538
236 539
236 558
236 566
236 584
236 585
236 606
236 617
236 621
236 747
236 749
236 753
236 763
236 821
236 836
236 865
236 879
236 897
236 916
236 957
236 997
236 1005
236 1066
236 1105
236 1147
236 1163
236 1185
236 1200
236 1209
236 1215
236 1216
236 1220
236 1224
236 1250
236 1251
236 1294
236 1299
236 1305
236 1307
236 1365
236 1376
236 1378
236 1423
236 1424
236 1443
236 1487
236 1542
236 15
236 40
236 47
236 58
236 77
236 105
236 124
236 139
236 140
236 213
236 233
236 237
236 238
236 254
236 280
236 292
236 303
236 313
236 315
236 317
236 329
236 330
236 339
236 353
236 354
236 357
236 359
236 373
236 391
236 416
236 420
236 438
236 441
1520 780
1520 914
1520 926
1520 970
1520 1079
1520 1139
1520 1234
1520 1251
1520 1268
1520 1299
1520 1307
1520 1367
1520 134
1520 177
1520 178
1520 183
1520 184
1520 253
1520 304
1520 305
1520 306
1520 442
1339 649
1339 669
1339 674
1339 706
1339 953
1339 1240
1339 1310
1339 128
1339 200
1339 238
1339 328
1339 373
1339 387
1339 440
1339 1463
1339 1378
1339 1506
1367 669
1367 735
1367 744
1367 853
1367 854
1367 948
1367 986
1367 1025
1367 1069
1367 1116
1367 1142
1367 1212
1367 1232
1367 1294
1367 19
1367 83
1367 192
1367 239
1367 289
1367 358
1367 402
1367 442
1367 1545
1367 1435
1257 1134
913 600
913 601
913 620
913 748
913 848
913 180
913 183
913 184
913 306
913 428
913 1079
913 1463
913 1141
913 1553
913 1268
913 964
745 467
745 478
745 489
745 501
745 516
745 651
745 65
745 116
745 134
745 183
745 184
745 424
745 438
745 445
745 1517
745 1411
745 1206
745 1071
745 1231
745 1079
745 1208
745 854
745 1503
745 1325
450 46
450 134
450 177
450 183
450 184
450 305
450 1079
450 1336
450 484
450 614
450 615
450 970
46 507
46 534
46 820
46 869
46 1336
46 1552
46 5
46 387
46 424
46 239
46 94
134 525
134 616
134 683
134 827
134 914
134 948
134 1137
134 1159
134 1179
134 1202
134 1215
134 1236
134 1240
134 1274
134 1338
134 1403
134 1409
134 1411
134 1454
134 1494
134 1495
134 1557
134 11
134 52
134 68
134 83
134 103
134 258
134 277
134 266
134 394
134 170
134 440
134 316
134 329
134 214
177 516
177 525
177 640
177 662
177 683
177 827
177 843
177 924
177 948
177 954
177 965
177 1017
177 1035
177 1051
177 1066
177 1096
177 1137
177 1147
177 1179
177 1215
177 1236
177 1240
177 1403
177 1409
177 1436
177 1455
177 1495
177 1519
177 1538
177 1557
177 10
177 52
177 68
177 83
177 103
177 170
177 258
177 266
177 303
177 316
177 235
177 209
177 179
177 394
183 525
183 553
183 584
183 608
183 616
183 640
183 655
183 671
183 674
183 683
183 720
183 733
183 753
183 827
183 843
183 849
183 870
183 924
183 928
183 948
183 964
183 965
183 989
183 1017
183 1024
183 1035
183 1066
183 1071
183 1078
183 1079
183 1096
183 1127
183 1137
183 1157
183 1159
183 1163
183 1178
183 1179
183 1181
183 1202
183 1209
183 1215
183 1231
183 1236
183 1240
183 1274
183 1280
183 1307
183 1313
183 1338
183 1368
183 1403
183 1409
183 1411
183 1451
183 1454
183 1494
183 1495
183 1508
183 1538
183 1557
183 1568
183 11
183 15
183 47
183 48
183 52
183 68
183 83
183 103
183 170
183 209
183 214
183 215
183 258
183 266
183 277
183 303
183 304
183 306
183 316
183 329
183 354
183 417
183 394
183 424
183 441
183 442
183 444
183 445
184 525
184 553
184 616
184 640
184 655
184 672
184 674
184 683
184 720
184 827
184 839
184 843
184 891
184 924
184 948
184 954
184 964
184 965
184 989
184 1017
184 1024
184 1035
184 1066
184 1075
184 1096
184 1127
184 1137
184 1142
184 1157
184 1159
184 1163
184 1178
184 1179
184 1215
184 1225
184 1236
184 1240
184 1245
184 1274
184 1280
184 1293
184 1312
184 1313
184 1328
184 1338
184 1368
184 1390
184 1403
184 1409
184 1411
184 1454
184 1494
184 1495
184 1515
184 1538
184 1557
184 1568
184 10
184 11
184 47
184 52
184 68
184 83
184 103
184 105
184 170
184 189
184 209
184 214
184 235
184 239
184 258
184 266
184 277
184 303
184 316
184 329
184 394
184 440
184 441
184 442
305 525
305 617
305 679
305 681
305 827
305 843
305 848
305 891
305 924
305 927
305 965
305 1053
305 1066
305 1080
305 1082
305 1096
305 1116
305 1127
305 1137
305 1159
305 1179
305 1228
305 1231
305 1240
305 1274
305 1376
305 1390
305 1403
305 1409
305 1411
305 1416
305 1454
305 1463
305 1494
305 1538
305 10
305 11
305 37
305 52
305 83
305 170
305 171
305 200
305 214
305 235
305 258
305 266
305 268
305 304
305 316
305 437
305 438
305 442
1079 525
1079 553
1079 565
1079 597
1079 605
1079 616
1079 640
1079 655
1079 671
1079 674
1079 683
1079 725
1079 827
1079 843
1079 891
1079 924
1079 947
1079 948
1079 954
1079 964
1079 965
1079 989
1079 1010
1079 1017
1079 1024
1079 1035
1079 1039
1079 1053
1079 1066
1079 1069
1079 11
1079 40
1079 47
1079 52
1079 68
1079 83
1079 103
1079 170
1079 176
1079 181
1079 209
1079 214
1079 215
1079 228
1079 258
1079 266
1079 277
1079 303
1079 316
1079 329
1079 376
1079 394
1079 424
1079 441
1079 442
1079 445
1079 1137
1079 1143
1079 1157
1079 1159
1079 1163
1079 1178
1079 1179
1079 1209
1079 1215
1079 1232
1079 1236
1079 1240
1079 1245
1079 1274
1079 1280
1079 1287
1079 1328
1079 1338
1079 1202
1079 1352
1079 1368
1079 1390
1079 1403
1079 1409
1079 1411
1079 1428
1079 1450
1079 1456
1079 1480
1079 1494
1079 1495
1079 1451
1079 1538
1079 1454
1079 1557
1079 1568
1079 1096
1079 1127
1336 619
1336 649
1336 664
1336 820
1336 1108
1336 1109
1336 1299
1336 1335
1336 58
1336 94
1336 219
1336 380
1336 438
1336 1540
484 83
484 198
484 245
484 1247
484 535
484 965
484 1549
484 1216
484 1313
484 1440
484 1314
484 1416
484 669
484 1325
614 510
614 544
614 49
614 280
614 418
614 854
614 950
614 1302
614 1311
614 1319
614 1566
614 651
614 631
614 1069
615 544
615 196
615 280
615 1143
615 732
615 803
615 810
615 717
615 911
970 516
970 525
970 553
970 565
970 640
970 674
970 733
970 843
970 855
970 948
970 965
970 52
970 68
970 200
970 209
970 258
970 354
970 376
970 394
970 409
970 419
970 442
970 1137
970 1017
970 1538
970 1403
970 1409
970 1163
970 1435
970 1557
970 1179
970 1066
970 1096
970 1236
970 1369
970 1495
970 1255
451 811
811 455
811 463
811 503
811 508
811 525
811 625
811 637
811 647
811 652
811 656
811 661
811 772
811 31
811 82
811 83
811 115
811 214
811 295
811 315
811 342
811 356
811 366
811 411
811 413
811 424
811 897
811 1533
811 1155
811 1539
811 1543
811 914
811 1307
811 1308
811 1056
811 1060
811 933
811 1361
811 1066
811 1330
811 1088
811 844
811 1231
811 1028
811 838
811 1392
452 252
452 1400
452 962
452 840
452 1304
452 1068
252 512
252 629
252 664
252 722
252 774
252 791
252 850
252 874
252 881
252 882
252 906
252 907
252 908
252 1064
252 1100
252 1137
252 1154
252 1193
252 1292
252 1294
252 1296
252 1400
252 1552
252 1574
252 139
252 140
252 199
252 204
252 386
252 397
252 416
252 319
252 389
1400 582
1400 585
1400 785
1400 854
1400 1018
1400 1304
1400 373
1400 438
1400 440
1400 1483
962 461
962 489
962 533
962 539
962 550
962 566
962 573
962 585
962 586
962 643
962 685
962 699
962 721
962 775
962 789
962 853
962 854
962 879
962 890
962 896
962 897
962 912
962 918
962 919
962 40
962 43
962 47
962 50
962 78
962 84
962 149
962 159
962 161
962 166
962 196
962 224
962 232
962 245
962 259
962 268
962 317
962 319
962 340
962 343
962 354
962 390
962 398
962 416
962 427
962 438
962 1142
962 1149
962 1163
962 1478
962 1183
962 1197
962 1222
962 1228
962 1249
962 1252
962 1254
962 1278
962 1294
962 1295
962 1300
962 1321
962 1361
962 1376
962 1378
962 1388
962 1466
962 1483
962 1496
962 1020
962 1526
962 1542
962 1552
962 1558
962 1093
962 1096
962 1112
962 1115
962 1555
962 965
840 453
840 544
840 549
840 582
840 597
840 609
840 629
840 649
840 687
840 694
840 742
840 813
840 42
840 69
840 166
840 175
840 203
840 218
840 253
840 357
840 1393
840 1018
840 1272
840 1529
840 1223
840 1289
840 1069
840 1566
840 1041
840 1422
840 1551
840 1552
840 1553
840 1304
840 1053
840 1128
840 1063
840 1358
840 1244
840 1246
840 1114
840 1255
1304 507
1304 511
1304 582
1304 585
1304 713
1304 785
1304 854
1304 917
1304 1018
1304 239
1304 373
1304 440
1304 1483
1068 510
1068 544
1068 571
1068 650
1068 711
1068 911
1068 965
1068 1025
1068 1030
1068 1046
1068 99
1068 235
1068 338
1068 380
1068 423
1068 424
1068 1285
1068 1294
1068 1069
1068 1077
1068 1207
1068 1232
1068 1365
1068 1323
1068 1127
453 17
453 59
453 79
453 190
453 238
453 245
453 354
453 357
453 418
453 1142
453 523
453 1183
453 1542
453 1291
453 1552
453 1302
453 669
453 925
453 545
453 933
453 680
453 1321
453 1462
453 454
453 1475
453 587
453 1478
453 722
453 1358
453 987
453 988
453 1243
453 742
453 874
453 877
453 1501
17 489
17 504
17 535
17 537
17 539
17 548
17 629
17 650
17 696
17 771
17 856
17 880
17 897
17 914
17 938
17 957
17 981
17 1034
17 1035
17 1041
17 1045
17 1046
17 1050
17 1052
17 1093
17 1095
17 1096
17 1109
17 1115
17 1116
17 1127
17 1173
17 1212
17 1215
17 1226
17 1280
17 1294
17 1319
17 1348
17 1357
17 1361
17 1365
17 1376
17 1378
17 1427
17 1483
17 1496
17 1497
17 1503
17 1506
17 1521
17 1530
17 1542
17 1554
17 136
17 140
17 189
17 238
17 240
17 247
17 251
17 267
17 269
17 273
17 284
17 290
17 308
17 313
17 314
17 317
17 335
17 373
17 397
17 401
17 415
17 420
17 438
17 440
17 18
17 33
17 58
17 105
59 454
59 545
59 587
59 680
59 718
59 722
59 773
59 874
59 877
59 890
59 925
59 933
59 987
59 988
59 1087
59 1142
59 1168
59 1183
59 1243
59 1291
59 1321
59 1351
59 1358
59 1388
59 1422
59 1462
59 1470
59 1475
59 1476
59 1478
59 1542
59 1552
59 42
59 440
59 190
59 357
79 606
79 610
79 772
79 802
79 880
79 911
79 1046
79 1294
79 49
79 357
190 454
190 545
190 587
190 680
190 718
190 722
190 742
190 780
190 802
190 874
190 877
190 890
190 925
190 933
190 987
190 988
190 1142
190 1183
190 1243
190 1291
190 1294
190 1311
190 1321
190 1358
190 1388
190 1462
190 1470
190 1475
190 1476
190 1478
190 1542
190 1552
190 50
190 373
190 389
190 442
190 424
190 357
238 454
238 485
238 502
238 511
238 526
238 539
238 558
238 566
238 583
238 585
238 602
238 606
238 621
238 629
238 671
238 672
238 678
238 722
238 729
238 735
238 742
238 747
238 753
238 802
238 821
238 865
238 874
238 879
238 885
238 890
238 897
238 898
238 916
238 933
238 957
238 997
238 1005
238 1066
238 1078
238 1093
238 1094
238 1099
238 1104
238 1142
238 1147
238 1163
238 1185
238 1212
238 1215
238 1216
238 1224
238 1226
238 1233
238 1250
238 1251
238 1265
238 1299
238 1300
238 1305
238 1307
238 1321
238 1343
238 1365
238 1376
238 1386
238 1388
238 1423
238 1424
238 1429
238 1435
238 1443
238 1461
238 1478
238 1521
238 1540
238 1566
238 1569
238 32
238 40
238 42
238 47
238 50
238 85
238 105
238 124
238 125
238 128
238 139
238 164
238 168
238 233
238 237
238 386
238 272
238 284
238 292
238 304
238 319
238 323
238 328
238 354
238 357
238 245
238 391
238 392
238 400
238 438
238 441
238 445
238 290
238 353
245 454
245 496
245 498
245 502
245 539
245 545
245 553
245 571
245 577
245 585
245 591
245 597
245 617
245 629
245 649
245 651
245 672
245 742
245 752
245 753
245 756
245 761
245 769
245 771
245 777
245 791
245 792
245 799
245 834
245 849
245 861
245 874
245 881
245 883
245 885
245 890
245 897
245 899
245 906
245 907
245 944
245 967
245 1031
245 1039
245 1040
245 1045
245 1046
245 1048
245 1051
245 1063
245 1067
245 1082
245 1119
245 1120
245 1121
245 1127
245 1142
245 1143
245 1146
245 1149
245 1207
245 1232
245 1244
245 1251
245 1260
245 1270
245 1294
245 1299
245 1321
245 1350
245 1358
245 1360
245 1365
245 1369
245 1378
245 1388
245 1397
245 1416
245 1422
245 1428
245 1434
245 1435
245 1470
245 1475
245 1476
245 1478
245 1484
245 1506
245 1523
245 1526
245 1530
245 1533
245 1542
245 1549
245 31
245 37
245 50
245 58
245 74
245 88
245 105
245 137
245 166
245 168
245 188
245 200
245 218
245 232
245 247
245 272
245 289
245 293
245 297
245 319
245 330
245 322
245 342
245 354
245 357
245 358
245 380
245 390
245 391
245 334
245 408
245 424
245 373
245 442
245 444
245 445
245 438
245 360
354 454
354 493
354 496
354 510
354 520
354 545
354 553
354 571
354 572
354 577
354 584
354 585
354 629
354 640
354 650
354 668
354 671
354 672
354 673
354 674
354 704
354 717
354 753
354 755
354 757
354 759
354 761
354 791
354 792
354 824
354 861
354 870
354 879
354 881
354 890
354 891
354 903
354 906
354 907
354 914
354 917
354 920
354 950
354 1022
354 1023
354 1035
354 1040
354 1072
354 1078
354 1119
354 1142
354 1149
354 1190
354 1200
354 1206
354 1245
354 1251
354 1260
354 1270
354 1277
354 1293
354 1294
354 1299
354 1321
354 1358
354 1388
354 1392
354 1397
354 1422
354 1435
354 1438
354 1470
354 1475
354 1477
354 1478
354 1523
354 1542
354 1549
354 1566
354 2
354 5
354 13
354 28
354 31
354 47
354 49
354 50
354 69
354 74
354 83
354 88
354 105
354 112
354 139
354 166
354 168
354 196
354 200
354 206
354 213
354 218
354 237
354 253
354 272
354 277
354 293
354 313
354 315
354 317
354 319
354 326
354 328
354 330
354 331
354 334
354 357
354 373
354 384
354 390
354 391
354 408
354 424
354 438
354 440
354 442
354 444
354 445
357 454
357 523
357 541
357 545
357 585
357 587
357 594
357 605
357 669
357 680
357 699
357 718
357 722
357 874
357 877
357 890
357 925
357 927
357 933
357 957
357 987
357 988
357 1017
357 1082
357 1096
357 1142
357 1163
357 1183
357 1204
357 1243
357 1280
357 1291
357 1294
357 1302
357 1321
357 1358
357 1373
357 1376
357 1388
357 1462
357 1470
357 1475
357 1476
357 1478
357 1540
357 1542
357 1552
357 1566
357 82
357 98
357 203
357 274
357 319
357 358
418 640
418 791
418 792
418 848
418 906
418 907
418 1097
418 1149
418 1211
418 1212
418 209
418 221
418 331
418 424
1142 454
1142 508
1142 545
1142 587
1142 617
1142 654
1142 680
1142 704
1142 711
1142 718
1142 722
1142 780
1142 802
1142 843
1142 874
1142 877
1142 890
1142 900
1142 925
1142 933
1142 957
1142 965
1142 987
1142 988
1142 1022
1142 1114
1142 98
1142 203
1142 322
1142 358
1142 1266
1142 1183
1142 1376
1142 1291
1142 1552
1142 1476
1142 1321
1142 1462
1142 1163
1142 1542
1142 1475
1142 1478
1142 1358
1142 1243
1142 1470
1142 1251
1142 1255
1142 1388
523 454
523 520
523 316
523 333
523 373
523 420
523 1027
523 649
523 651
523 1035
523 1291
523 1302
523 669
523 802
523 1566
523 1191
523 1069
523 570
523 706
523 722
523 1243
523 742
523 648
1183 454
1183 545
1183 587
1183 650
1183 654
1183 680
1183 718
1183 722
1183 742
1183 744
1183 785
1183 854
1183 874
1183 877
1183 890
1183 911
1183 925
1183 933
1183 943
1183 954
1183 957
1183 987
1183 988
1183 1083
1183 1085
1183 1127
1183 1163
1183 192
1183 203
1183 239
1183 281
1183 319
1183 358
1183 428
1183 1462
1183 1207
1183 1542
1183 1291
1183 1373
1183 1552
1183 1428
1183 1249
1183 1311
1183 1321
1183 1204
1183 1475
1183 1478
1183 1358
1183 1280
1183 1243
1183 1470
1183 1476
1183 1388
1542 454
1542 458
1542 494
1542 498
1542 539
1542 544
1542 545
1542 566
1542 569
1542 585
1542 587
1542 602
1542 603
1542 617
1542 629
1542 634
1542 669
1542 674
1542 699
1542 704
1542 718
1542 722
1542 726
1542 747
1542 752
1542 784
1542 791
1542 792
1542 795
1542 845
1542 860
1542 861
1542 874
1542 879
1542 881
1542 890
1542 895
1542 906
1542 907
1542 925
1542 927
1542 938
1542 957
1542 967
1542 987
1542 988
1542 1013
1542 1045
1542 1085
1542 1087
1542 1093
1542 1096
1542 1107
1542 1108
1542 1109
1542 1112
1542 1115
1542 1127
1542 1149
1542 1192
1542 1208
1542 1231
1542 1240
1542 1243
1542 1249
1542 1251
1542 1252
1542 1255
1542 1260
1542 1280
1542 1291
1542 1294
1542 1295
1542 1299
1542 1300
1542 1302
1542 1311
1542 1321
1542 1361
1542 1365
1542 1373
1542 1376
1542 1388
1542 1405
1542 1422
1542 1427
1542 1435
1542 1450
1542 1470
1542 1476
1542 1483
1542 1523
1542 1525
1542 34
1542 44
1542 50
1542 78
1542 105
1542 166
1542 168
1542 187
1542 200
1542 218
1542 272
1542 276
1542 286
1542 293
1542 316
1542 317
1542 319
1542 334
1542 343
1542 358
1542 390
1542 391
1542 394
1542 424
1542 438
1542 1577
1542 1549
1542 1553
1291 454
1291 459
1291 478
1291 545
1291 587
1291 610
1291 617
1291 649
1291 650
1291 651
1291 680
1291 718
1291 722
1291 780
1291 804
1291 853
1291 874
1291 877
1291 890
1291 925
1291 933
1291 934
1291 971
1291 972
1291 987
1291 988
1291 1017
1291 1025
1291 1069
1291 1075
1291 1126
1291 1243
1291 1248
1291 49
1291 102
1291 185
1291 203
1291 280
1291 281
1291 358
1291 373
1291 438
1291 440
1291 1478
1291 1547
1291 1435
1291 1549
1291 1550
1291 1299
1291 1476
1291 1321
1291 1462
1291 1475
1291 1358
1291 1365
1291 1470
1291 1552
1291 1501
1291 1388
1552 454
1552 539
1552 545
1552 587
1552 617
1552 680
1552 722
1552 742
1552 773
1552 874
1552 877
1552 933
1552 934
1552 957
1552 987
1552 988
1552 1025
1552 1243
1552 1321
1552 1358
1552 1373
1552 1388
1552 1462
1552 1475
1552 1478
1552 1501
1552 251
1552 323
1302 539
1302 755
1302 890
1302 1046
1302 185
1302 222
1302 338
1302 359
1302 1539
1302 1550
669 454
669 545
669 566
669 572
669 601
669 69
669 107
669 178
669 200
669 214
669 218
669 225
669 230
669 320
669 353
669 406
669 742
669 763
669 933
669 1527
669 896
669 897
669 1545
669 1248
669 925
669 802
669 1057
669 1185
669 678
669 680
669 1361
669 1198
669 948
669 1204
669 1080
669 1506
669 1149
669 1075
669 711
669 1475
669 1478
669 973
669 826
669 722
669 1358
669 981
669 987
669 988
669 1413
669 743
669 881
669 1194
669 1258
669 1513
669 1388
925 473
925 503
925 585
925 587
925 718
925 752
925 874
925 890
925 98
925 105
925 251
925 358
925 424
925 1476
925 1376
925 1321
925 999
925 957
925 1243
925 1470
925 1255
925 1382
925 1388
545 454
545 516
545 50
545 168
545 203
545 216
545 272
545 319
545 322
545 358
545 389
545 390
545 442
545 890
545 1243
545 778
545 1022
545 1023
545 771
545 649
545 650
545 1149
545 1294
545 1373
545 927
545 933
545 1476
545 1321
545 722
545 680
545 1163
545 634
545 1204
545 569
545 571
545 1462
545 704
545 587
545 1475
545 1351
545 1478
545 706
545 762
545 1341
545 850
545 1358
545 1501
545 772
545 1250
545 987
545 988
545 735
545 1470
545 1503
545 1513
545 874
545 1255
545 877
545 1260
545 881
545 1388
933 454
933 539
933 587
933 651
933 680
933 722
933 874
933 877
933 2
933 164
933 168
933 200
933 203
933 225
933 303
933 319
933 438
933 1243
933 1321
933 1075
933 1462
933 1088
933 1475
933 957
933 1478
933 1229
933 1358
933 987
933 988
933 1376
933 1128
680 454
680 539
680 587
680 58
680 192
680 314
680 373
680 1321
680 1462
680 1475
680 844
680 1478
680 877
680 722
680 1358
680 987
680 988
680 1243
680 743
680 874
680 1004
680 1178
1321 454
1321 539
1321 566
1321 571
1321 585
1321 587
1321 648
1321 650
1321 676
1321 699
1321 718
1321 722
1321 771
1321 777
1321 845
1321 853
1321 854
1321 874
1321 877
1321 879
1321 885
1321 886
1321 890
1321 911
1321 938
1321 967
1321 987
1321 988
1321 1069
1321 1112
1321 1115
1321 1127
1321 1149
1321 1207
1321 1226
1321 1243
1321 1249
1321 1252
1321 1255
1321 1280
1321 1294
1321 9
1321 29
1321 50
1321 54
1321 112
1321 116
1321 164
1321 166
1321 170
1321 192
1321 203
1321 239
1321 276
1321 313
1321 317
1321 319
1321 358
1321 390
1321 424
1321 438
1321 442
1321 1566
1321 1358
1321 1359
1321 1378
1321 1388
1321 1428
1321 1435
1321 1462
1321 1475
1321 1476
1321 1478
1321 1547
1321 1549
1321 1376
1321 1470
1462 454
1462 587
1462 617
1462 651
1462 722
1462 851
1462 874
1462 877
1462 987
1462 988
1462 1025
1462 1085
1462 1226
1462 1243
1462 1352
1462 1358
1462 225
1462 1478
1462 1483
1462 1475
454 203
454 735
454 587
454 1469
454 1475
454 1478
454 722
454 1358
454 987
454 988
454 1243
454 742
454 874
454 1255
454 877
1475 571
1475 587
1475 640
1475 654
1475 655
1475 718
1475 722
1475 744
1475 874
1475 877
1475 890
1475 938
1475 959
1475 987
1475 988
1475 1148
1475 1243
1475 1358
1475 1470
1475 35
1475 152
1475 220
1475 264
1475 373
1475 389
1475 1478
587 320
587 328
587 438
587 629
587 798
587 890
587 1495
587 1435
587 1549
587 1075
587 1476
587 1478
587 718
587 722
587 1358
587 987
587 988
587 1243
587 1470
587 874
587 877
587 1388
1478 643
1478 722
1478 874
1478 877
1478 987
1478 988
1478 1046
1478 1075
1478 1136
1478 1243
1478 1358
1478 203
722 487
722 566
722 606
722 643
722 50
722 203
722 336
722 363
722 373
722 802
722 1075
722 954
722 1226
722 1358
722 772
722 987
722 988
722 1243
722 874
722 877
722 1501
1358 525
1358 602
1358 648
1358 649
1358 650
1358 651
1358 771
1358 853
1358 874
1358 877
1358 890
1358 987
1358 988
1358 1024
1358 1035
1358 1083
1358 1127
1358 1243
1358 42
1358 47
1358 107
1358 203
1358 215
1358 370
1358 373
1358 438
1358 445
1358 1549
1358 1428
1358 1550
1358 1376
987 516
987 520
987 643
987 742
987 777
987 778
987 833
987 853
987 854
987 874
987 877
987 881
987 938
987 941
987 9
987 83
987 192
987 209
987 358
987 391
987 1127
987 1401
987 1025
987 1250
987 1163
987 1294
987 1299
987 1513
987 1280
987 988
987 1243
987 1378
987 1002
987 1376
987 1260
988 640
988 712
988 773
988 778
988 874
988 877
988 881
988 938
988 203
988 209
988 230
988 308
988 358
988 989
988 1294
988 1083
988 1472
988 1361
988 1280
988 1369
988 1243
988 1513
988 1376
988 1260
1243 617
1243 630
1243 718
1243 874
1243 877
1243 890
1243 1075
1243 203
1243 1470
1243 1476
1243 1388
742 473
742 572
742 642
742 645
742 203
742 438
742 927
742 1075
742 1501
742 749
742 1388
874 457
874 539
874 544
874 577
874 585
874 617
874 623
874 649
874 718
874 819
874 50
874 168
874 203
874 231
874 272
874 317
874 322
874 333
874 358
874 373
874 390
874 391
874 890
874 1096
874 1034
874 1163
874 1149
874 1294
874 1422
874 1376
874 1476
874 957
874 1209
874 1131
874 1365
874 1470
874 1127
874 1255
874 877
874 1388
877 867
877 58
877 313
877 1185
1501 623
1501 802
1501 806
1501 826
1501 843
1501 914
1501 1200
1501 1213
1501 94
1501 117
1501 139
1501 234
1501 1549
1501 1527
203 544
203 571
203 602
203 643
203 720
203 743
203 744
203 747
203 774
203 802
203 804
203 846
203 853
203 854
203 881
203 927
203 949
203 995
203 1025
203 1035
203 1049
203 1087
203 1096
203 1146
203 1149
203 1197
203 1228
203 1251
203 1269
203 1373
203 1408
203 1434
203 1521
203 18
203 47
203 105
203 116
203 164
203 166
203 218
203 420
203 287
203 293
203 253
203 416
203 322
203 445
203 222
735 566
735 583
735 584
735 602
735 649
735 662
735 717
735 19
735 29
735 42
735 47
735 88
735 95
735 112
735 116
735 136
735 156
735 170
735 171
735 216
735 225
735 268
735 293
735 295
735 317
735 327
735 376
735 445
735 1389
735 1265
735 969
735 1022
735 1027
735 1309
735 1099
735 1426
735 1503
735 1352
735 973
735 1053
735 1435
735 1315
735 1567
735 1093
735 1069
735 1209
735 1506
735 860
735 1572
735 1096
735 898
735 1569
735 1102
735 1359
735 1194
735 1063
735 861
735 991
735 1576
735 965
735 743
735 1495
735 1115
735 903
1469 493
1469 544
1469 663
1469 850
1469 851
1469 879
1469 1191
1469 1299
1469 1389
1469 267
1255 498
1255 510
1255 577
1255 585
1255 617
1255 879
1255 881
1255 890
1255 892
1255 927
1255 929
1255 948
1255 954
1255 1045
1255 1075
1255 1096
1255 1127
1255 1147
1255 1149
1255 1251
1255 18
1255 137
1255 164
1255 166
1255 215
1255 218
1255 239
1255 272
1255 301
1255 389
1255 390
1255 391
1255 1294
1255 1422
1255 1549
1255 1299
1255 1500
1255 1376
1255 1388
1255 1260
455 83
455 1119
455 706
455 577
83 456
83 457
83 466
83 467
83 476
83 482
83 486
83 489
83 510
83 512
83 535
83 537
83 544
83 566
83 577
83 593
83 594
83 602
83 643
83 652
83 704
83 707
83 712
83 717
83 763
83 774
83 775
83 789
83 806
83 819
83 844
83 845
83 850
83 855
83 866
83 897
83 903
83 904
83 905
83 915
83 917
83 935
83 938
83 959
83 965
83 969
83 989
83 996
83 1020
83 1022
83 1023
83 1033
83 1052
83 1078
83 1082
83 1087
83 1115
83 1118
83 1123
83 1202
83 1212
83 1216
83 1232
83 1240
83 1249
83 1251
83 1266
83 1280
83 1292
83 1294
83 1295
83 1309
83 1314
83 1357
83 1368
83 1378
83 1382
83 1389
83 1395
83 1408
83 1411
83 1435
83 1441
83 1463
83 1506
83 1507
83 1538
83 1544
83 1549
83 1553
83 1572
83 32
83 36
83 37
83 82
83 117
83 126
83 289
83 205
83 212
83 209
83 390
83 232
83 242
83 261
83 287
83 304
83 306
83 312
83 313
83 315
83 327
83 339
83 387
83 388
83 407
83 413
83 416
83 419
83 251
83 425
83 85
83 440
83 360
83 84
83 109
83 200
1119 373
706 510
706 513
706 566
706 642
706 670
706 678
706 705
706 209
706 240
706 251
706 308
706 424
706 1014
706 1549
706 1226
706 1191
706 1195
706 1441
706 916
706 897
706 1351
706 1215
706 1025
706 1280
706 1365
706 1127
706 712
577 476
577 510
577 549
577 566
577 567
577 47
577 58
577 76
577 84
577 105
577 200
577 247
577 261
577 264
577 283
577 287
577 338
577 350
577 368
577 373
577 407
577 440
577 905
577 1539
577 866
577 655
577 1168
577 915
577 1417
577 801
577 1066
577 1197
577 1378
577 819
577 1082
577 885
577 747
577 1470
577 965
577 716
577 617
577 720
577 593
577 707
577 1361
577 1240
577 1574
577 1004
456 50
456 221
456 314
456 373
456 421
456 438
456 441
456 442
456 1266
456 1143
456 1022
456 1023
456 900
456 901
456 1283
456 903
456 1159
456 1163
456 911
456 660
456 661
456 1416
456 664
456 921
456 1178
456 673
456 803
456 804
456 1294
456 954
456 573
456 1463
456 1549
456 704
456 1216
456 585
456 458
456 1109
456 1099
456 848
456 566
456 855
456 1280
456 666
456 457
456 1325
456 1126
456 957
456 493
456 750
456 862
456 1513
50 539
50 544
50 569
50 571
50 634
50 656
50 672
50 673
50 674
50 699
50 845
50 879
50 890
50 914
50 938
50 1035
50 1078
50 1087
50 1096
50 1112
50 1115
50 1131
50 1149
50 1163
50 1215
50 1249
50 1251
50 1252
50 1280
50 1294
50 1337
50 1376
50 1388
50 1422
50 1435
50 1566
50 7
50 39
50 42
50 380
50 391
50 440
50 390
50 168
50 231
50 438
50 317
50 319
50 406
50 200
50 272
50 342
50 166
50 237
221 457
221 478
221 510
221 525
221 539
221 640
221 660
221 661
221 672
221 704
221 717
221 900
221 903
221 1022
221 1023
221 1035
221 1069
221 1232
221 1361
221 1416
221 291
221 442
221 339
221 230
221 240
314 473
314 507
314 539
314 820
314 899
314 911
314 965
314 1046
314 1048
314 1096
314 1315
314 1316
314 1332
314 1554
314 49
314 54
314 88
314 391
314 440
314 419
314 438
314 330
314 331
373 457
373 478
373 491
373 493
373 494
373 510
373 575
373 598
373 610
373 617
373 649
373 650
373 670
373 671
373 697
373 704
373 732
373 744
373 749
373 750
373 751
373 753
373 754
373 755
373 756
373 769
373 774
373 812
373 853
373 854
373 858
373 865
373 903
373 911
373 931
373 934
373 944
373 959
373 965
373 967
373 1002
373 1003
373 1004
373 1005
373 1013
373 1022
373 1023
373 1035
373 1046
373 1056
373 1069
373 1076
373 1085
373 1087
373 1091
373 1096
373 1115
373 1116
373 1120
373 1126
373 1127
373 1134
373 1149
373 1154
373 1162
373 1163
373 1168
373 1178
373 1186
373 1197
373 1207
373 1232
373 1238
373 1273
373 1299
373 1326
373 1343
373 1361
373 1376
373 1417
373 1428
373 1429
373 1433
373 1435
373 1437
373 1470
373 1500
373 1503
373 1513
373 1574
373 5
373 7
373 12
373 24
373 47
373 49
373 88
373 116
373 124
373 132
373 135
373 192
373 200
373 253
373 258
373 283
373 292
373 293
373 306
373 313
373 317
373 319
373 337
373 339
373 342
373 361
373 377
373 389
373 423
373 440
373 444
373 445
373 433
421 477
421 655
421 853
421 854
421 897
421 997
421 1035
421 1069
421 192
421 280
421 281
421 442
421 441
438 467
438 478
438 498
438 502
438 503
438 508
438 528
438 535
438 544
438 546
438 550
438 553
438 566
438 571
438 602
438 606
438 629
438 641
438 649
438 650
438 671
438 681
438 717
438 729
438 736
438 744
438 747
438 752
438 753
438 755
438 757
438 781
438 818
438 825
438 826
438 850
438 857
438 859
438 879
438 881
438 890
438 897
438 911
438 914
438 927
438 934
438 936
438 951
438 956
438 1002
438 1003
438 1008
438 1041
438 1045
438 1046
438 1069
438 1071
438 1076
438 1078
438 1085
438 1087
438 1093
438 1095
438 1096
438 1097
438 1115
438 1127
438 1149
438 1153
438 1162
438 1168
438 1169
438 1194
438 1206
438 1211
438 1212
438 1245
438 1249
438 1250
438 1251
438 1260
438 1270
438 1273
438 1294
438 1295
438 1299
438 1315
438 1330
438 1331
438 1337
438 1357
438 1361
438 1365
438 1388
438 1422
438 1427
438 1470
438 1476
438 1496
438 1497
438 1503
438 1506
438 1549
438 1574
438 1575
438 1577
438 5
438 7
438 12
438 18
438 39
438 70
438 73
438 88
438 107
438 112
438 125
438 126
438 136
438 139
438 162
438 166
438 168
438 189
438 202
438 206
438 218
438 232
438 237
438 239
438 242
438 249
438 251
438 253
438 290
438 293
438 309
438 317
438 319
438 327
438 331
438 339
438 348
438 353
438 358
438 367
438 378
438 382
438 386
438 390
438 391
438 400
438 408
438 416
438 423
438 424
438 442
438 444
438 440
438 445
441 478
441 566
441 606
441 650
441 651
441 755
441 756
441 885
441 1053
441 1069
441 1097
441 1238
441 1503
441 1572
441 170
441 185
441 237
441 329
441 442
442 474
442 476
442 478
442 499
442 508
442 512
442 566
442 567
442 572
442 576
442 606
442 607
442 642
442 645
442 696
442 720
442 752
442 755
442 756
442 761
442 774
442 780
442 791
442 792
442 804
442 826
442 843
442 849
442 850
442 854
442 857
442 867
442 880
442 881
442 884
442 897
442 901
442 906
442 907
442 951
442 960
442 964
442 982
442 992
442 1020
442 1035
442 1046
442 1048
442 1053
442 1069
442 1078
442 1087
442 1091
442 1126
442 1137
442 1149
442 1185
442 1190
442 1205
442 1207
442 1219
442 1228
442 1231
442 1232
442 1240
442 1251
442 1265
442 1272
442 1273
442 1280
442 1294
442 1299
442 1311
442 1355
442 1388
442 1413
442 1427
442 1428
442 1435
442 1463
442 1477
442 1489
442 1566
442 1572
442 2
442 5
442 6
442 7
442 47
442 69
442 82
442 88
442 98
442 105
442 116
442 124
442 125
442 176
442 178
442 180
442 181
442 185
442 189
442 209
442 228
442 240
442 253
442 268
442 272
442 275
442 303
442 306
442 317
442 329
442 338
442 358
442 362
442 382
442 391
442 406
442 417
442 423
1266 478
1266 536
1266 566
1266 621
1266 643
1266 656
1266 667
1266 668
1266 671
1266 853
1266 861
1266 1010
1266 1034
1266 1116
1266 1163
1266 1221
1266 175
1266 237
1266 377
1266 383
1266 419
1266 437
1266 1314
1266 1477
1266 1378
1143 461
1143 478
1143 480
1143 499
1143 507
1143 541
1143 589
1143 618
1143 649
1143 650
1143 651
1143 672
1143 717
1143 835
1143 850
1143 859
1143 935
1143 949
1143 959
1143 1002
1143 1003
1143 1004
1143 1005
1143 1025
1143 1035
1143 1046
1143 1047
1143 1048
1143 1051
1143 1069
1143 1085
1143 1091
1143 1108
1143 1109
1143 1126
1143 58
1143 64
1143 69
1143 70
1143 78
1143 88
1143 109
1143 224
1143 247
1143 253
1143 273
1143 280
1143 286
1143 306
1143 320
1143 338
1143 342
1143 343
1143 1394
1143 1149
1143 1311
1143 1315
1143 1361
1143 1450
1143 1254
1143 1342
1143 1156
1143 1378
1143 1511
1022 457
1022 458
1022 553
1022 573
1022 660
1022 661
1022 674
1022 704
1022 848
1022 900
1022 903
1022 921
1022 5
1022 12
1022 205
1022 215
1022 268
1022 303
1022 317
1022 445
1022 1023
1022 1416
1022 1099
1022 1549
1022 1313
1022 1577
1022 1163
1022 1463
1022 1494
1022 1376
1022 1251
1022 1127
1022 1385
1022 1178
1022 1031
1023 457
1023 511
1023 585
1023 660
1023 661
1023 674
1023 704
1023 826
1023 844
1023 900
1023 903
1023 914
1023 921
1023 980
1023 28
1023 82
1023 144
1023 205
1023 215
1023 303
1023 361
1023 1411
1023 1163
1023 1543
1023 1549
1023 1046
1023 1099
1023 1313
1023 1060
1023 1315
1023 1195
1023 1577
1023 1463
1023 1485
1023 1435
1023 1494
1023 1251
1023 1506
1023 1385
900 457
900 458
900 498
900 558
900 617
900 649
900 650
900 704
900 720
900 769
900 791
900 792
900 848
900 116
900 293
900 303
900 313
900 377
900 408
900 428
900 1010
900 1411
900 1270
900 1530
900 903
900 1288
900 1416
900 1295
900 1549
900 1163
900 1554
900 1051
900 1463
900 1215
900 1089
900 1093
900 1299
900 1361
900 1490
900 1507
900 907
900 1332
901 489
901 539
901 897
901 8
901 25
901 310
901 400
901 1109
901 1047
901 1315
901 1046
1283 804
1283 1025
1283 124
1283 152
1283 281
1283 1311
1283 1566
1283 1315
903 457
903 660
903 661
903 673
903 704
903 84
903 171
903 317
903 440
903 1416
903 1549
903 1554
903 1075
903 957
903 1463
903 1099
903 921
903 1494
903 1376
903 1127
1159 457
1159 510
1159 671
1159 712
1159 1066
1159 1097
1159 188
1159 304
1159 338
1159 360
1159 440
1159 1566
1159 1441
1159 1338
1159 1215
1159 1231
1159 1378
1163 457
1163 467
1163 507
1163 512
1163 525
1163 544
1163 546
1163 585
1163 595
1163 602
1163 617
1163 629
1163 649
1163 660
1163 679
1163 705
1163 717
1163 736
1163 747
1163 756
1163 781
1163 822
1163 853
1163 855
1163 879
1163 890
1163 927
1163 999
1163 1076
1163 1096
1163 1149
1163 65
1163 88
1163 105
1163 114
1163 132
1163 166
1163 168
1163 179
1163 216
1163 237
1163 247
1163 289
1163 306
1163 313
1163 317
1163 319
1163 337
1163 353
1163 358
1163 376
1163 389
1163 390
1163 391
1163 401
1163 416
1163 424
1163 1168
1163 1187
1163 1190
1163 1191
1163 1209
1163 1211
1163 1227
1163 1233
1163 1251
1163 1294
1163 1389
1163 1417
1163 1422
1163 1435
1163 1437
1163 1463
1163 1503
1163 1518
1163 1524
1163 1533
1163 1545
1163 1549
1163 1553
1163 1554
1163 1572
1163 1574
1163 1473
911 478
911 489
911 507
911 533
911 535
911 539
911 546
911 551
911 606
911 617
911 623
911 632
911 649
911 650
911 651
911 672
911 673
911 685
911 693
911 746
911 753
911 756
911 777
911 782
911 783
911 804
911 810
911 853
911 854
911 855
911 858
911 885
911 894
911 897
911 6
911 8
911 34
911 41
911 47
911 58
911 63
911 70
911 73
911 86
911 96
911 99
911 116
911 139
911 140
911 151
911 192
911 247
911 253
911 270
911 280
911 281
911 313
911 317
911 338
911 352
911 358
911 399
911 401
911 419
911 420
911 424
911 425
911 444
911 1149
911 1150
911 1206
911 1207
911 1220
911 1226
911 1232
911 1258
911 1309
911 1325
911 1505
911 1347
911 1352
911 1377
911 1415
911 914
911 948
911 951
911 959
911 961
911 1471
911 971
911 1496
911 1503
911 1504
911 1002
911 1003
911 1004
911 1012
911 1026
911 949
911 1035
911 1046
911 1553
911 1376
911 1572
911 1069
911 1071
911 1549
911 1095
911 1096
911 1097
911 1106
911 1115
911 1118
911 1125
911 1127
660 457
660 531
660 539
660 572
660 288
660 1270
660 661
660 1441
660 704
660 1238
660 1250
661 457
661 182
661 704
1416 457
1416 525
1416 617
1416 855
1416 1208
1416 77
1416 144
1416 164
1416 303
1416 377
1416 379
1416 1463
1416 1503
664 578
664 585
664 420
664 432
664 665
664 667
664 666
664 1114
664 955
921 704
921 718
921 95
921 1376
1178 653
1178 1010
1178 1071
1178 306
1178 411
1178 1352
673 498
673 499
673 610
673 629
673 672
673 5
673 39
673 47
673 90
673 105
673 150
673 168
673 200
673 213
673 312
673 313
673 315
673 317
673 338
673 358
673 390
673 391
673 440
673 445
673 1388
673 890
673 1149
673 1035
673 1417
673 914
673 1549
673 792
673 920
673 1428
673 674
673 1311
673 1076
673 1207
673 1209
673 957
673 1087
673 845
673 981
673 972
673 1251
673 1368
803 649
803 280
803 370
803 951
803 858
803 804
804 510
804 565
804 566
804 623
804 725
804 782
804 70
804 86
804 125
804 192
804 206
804 215
804 246
804 253
804 280
804 281
804 303
804 423
804 897
804 1025
804 1069
804 1547
804 1226
804 1554
804 1442
804 1319
804 1066
804 1294
804 950
804 853
804 959
804 1109
804 854
804 1323
804 1376
804 1254
804 1003
804 1004
1294 478
1294 510
1294 539
1294 544
1294 566
1294 569
1294 571
1294 576
1294 582
1294 585
1294 596
1294 603
1294 617
1294 623
1294 629
1294 634
1294 641
1294 665
1294 671
1294 699
1294 717
1294 756
1294 772
1294 775
1294 777
1294 845
1294 850
1294 853
1294 854
1294 879
1294 881
1294 885
1294 886
1294 890
1294 916
1294 938
1294 957
1294 1025
1294 1035
1294 1047
1294 1056
1294 1069
1294 1093
1294 1096
1294 1112
1294 1115
1294 1116
1294 1131
1294 1149
1294 1203
1294 1207
1294 1226
1294 1228
1294 1249
1294 1251
1294 1252
1294 1254
1294 7
1294 18
1294 42
1294 107
1294 116
1294 139
1294 166
1294 168
1294 171
1294 218
1294 228
1294 231
1294 253
1294 263
1294 272
1294 276
1294 284
1294 313
1294 317
1294 319
1294 326
1294 334
1294 338
1294 348
1294 390
1294 391
1294 416
1294 1299
1294 1376
1294 1388
1294 1352
1294 1422
1294 1361
1294 1476
1294 1530
1294 1503
1294 1533
1294 1549
954 476
954 489
954 500
954 507
954 510
954 601
954 613
954 617
954 679
954 685
954 764
954 769
954 789
954 848
954 934
954 41
954 88
954 139
954 188
954 253
954 254
954 272
954 317
954 382
954 424
954 1413
954 1168
954 1428
954 1429
954 1309
954 1311
954 1251
954 1209
954 1069
954 1456
954 1549
954 1412
954 965
954 1572
954 972
954 1226
954 1232
954 993
954 1500
954 1325
954 1506
954 1002
954 1003
573 457
573 498
573 215
573 1263
573 1549
573 935
573 1494
573 1251
573 1350
573 1045
573 1290
573 783
573 631
1463 457
1463 510
1463 520
1463 535
1463 617
1463 704
1463 748
1463 848
1463 914
1463 927
1463 964
1463 1069
1463 1074
1463 1095
1463 1215
1463 1248
1463 1251
1463 1307
1463 1354
1463 1390
1463 1392
1463 1397
1463 1441
1463 61
1463 82
1463 90
1463 95
1463 215
1463 268
1463 293
1463 297
1463 303
1463 378
1463 1543
1463 1496
1549 457
1549 497
1549 507
1549 530
1549 539
1549 546
1549 566
1549 585
1549 617
1549 656
1549 662
1549 663
1549 672
1549 674
1549 704
1549 715
1549 765
1549 777
1549 781
1549 806
1549 845
1549 853
1549 854
1549 862
1549 879
1549 881
1549 890
1549 914
1549 935
1549 955
1549 957
1549 965
1549 1005
1549 1012
1549 1025
1549 1035
1549 1069
1549 1075
1549 1116
1549 1127
1549 1132
1549 1146
1549 1149
1549 1150
1549 1157
1549 1173
1549 1215
1549 1250
1549 1251
1549 1280
1549 1313
1549 1314
1549 1331
1549 1365
1549 1376
1549 1378
1549 1431
1549 1435
1549 1470
1549 1474
1549 1491
1549 1494
1549 1495
1549 1507
1549 1523
1549 1547
1549 12
1549 69
1549 81
1549 85
1549 88
1549 97
1549 116
1549 139
1549 164
1549 213
1549 218
1549 228
1549 276
1549 280
1549 282
1549 303
1549 313
1549 317
1549 319
1549 320
1549 328
1549 343
1549 391
1549 392
1549 416
1549 432
1549 437
1549 440
704 457
704 566
704 601
704 613
704 648
704 268
704 1434
704 1031
704 1313
704 1577
704 1209
704 1226
704 1494
704 1379
1216 457
1216 477
1216 566
1216 567
1216 752
1216 758
1216 775
1216 824
1216 965
1216 999
1216 1007
1216 1069
1216 1136
1216 1145
1216 1209
1216 78
1216 82
1216 90
1216 185
1216 229
1216 237
1216 284
1216 301
1216 335
1216 339
1216 341
1216 353
1216 387
1216 388
1216 1285
1216 1378
1216 1382
585 457
585 494
585 502
585 504
585 507
585 512
585 536
585 553
585 562
585 569
585 12
585 19
585 35
585 42
585 69
585 81
585 88
585 103
585 107
585 121
585 126
585 166
585 225
585 248
585 256
585 267
585 270
585 272
585 283
585 292
585 317
585 319
585 323
585 387
585 391
585 420
585 433
585 445
585 629
585 641
585 1166
585 1168
585 665
585 666
585 667
585 671
585 1188
585 1207
585 726
585 717
585 1228
585 1234
585 1251
585 744
585 748
585 1260
585 1269
585 1277
585 1296
585 1299
585 814
585 817
585 1252
585 747
585 1361
585 860
585 861
585 1374
585 875
585 879
585 881
585 1388
585 890
585 891
585 1408
585 1422
585 1437
585 927
585 946
585 952
585 1470
585 971
585 972
585 977
585 1491
585 1496
585 1503
585 1020
585 1029
585 1553
585 1560
585 1574
585 1087
585 1088
585 1132
458 457
458 10
458 139
458 169
458 180
458 239
458 334
458 406
458 440
458 1267
458 890
458 507
458 1538
458 530
458 1442
458 1574
458 953
458 699
458 1209
458 1224
458 617
458 848
458 979
458 1376
458 1388
1109 463
1109 465
1109 478
1109 489
1109 498
1109 507
1109 516
1109 535
1109 590
1109 617
1109 629
1109 637
1109 646
1109 672
1109 689
1109 690
1109 746
1109 755
1109 764
1109 766
1109 781
1109 782
1109 783
1109 854
1109 858
1109 881
1109 893
1109 897
1109 949
1109 951
1109 972
1109 994
1109 1010
1109 1020
1109 1032
1109 1035
1109 1052
1109 1093
1109 1108
1109 15
1109 35
1109 47
1109 55
1109 70
1109 105
1109 144
1109 164
1109 209
1109 219
1109 222
1109 240
1109 317
1109 319
1109 323
1109 382
1109 416
1109 424
1109 1145
1109 1153
1109 1166
1109 1365
1109 1482
1109 1206
1109 1228
1109 1275
1109 1276
1109 1285
1109 1286
1109 1311
1109 1317
1109 1412
1109 1417
1109 1428
1109 1429
1109 1443
1109 1487
1109 1506
1109 1521
1109 1530
1109 1573
1109 1574
1109 1126
1109 1110
1099 457
1099 507
1099 597
1099 765
1099 1034
1099 1077
1099 58
1099 77
1099 161
1099 276
1099 312
1099 313
1099 315
1099 361
1099 1395
1099 1166
1099 1208
1099 1335
1099 1127
1099 1262
848 457
848 485
848 505
848 605
848 61
848 215
848 244
848 303
848 313
848 361
848 383
848 893
848 927
848 1441
848 1074
848 1211
848 1087
848 965
848 1476
848 1230
848 1232
848 1096
848 1496
566 463
566 482
566 507
566 513
566 516
566 525
566 538
566 544
566 40
566 48
566 54
566 58
566 66
566 77
566 124
566 125
566 128
566 192
566 200
566 213
566 222
566 247
566 251
566 255
566 275
566 280
566 284
566 287
566 288
566 290
566 313
566 317
566 331
566 335
566 342
566 352
566 360
566 391
566 417
566 424
566 428
566 440
566 444
566 629
566 638
566 649
566 650
566 651
566 656
566 1147
566 1208
566 639
566 709
566 1220
566 1226
566 792
566 1236
566 1239
566 1240
566 1251
566 746
566 753
566 757
566 1275
566 769
566 1285
566 780
566 1299
566 1305
566 1325
566 824
566 916
566 1424
566 1004
566 855
566 1383
566 1384
566 1387
566 883
566 1390
566 1398
566 893
566 897
566 905
566 1413
566 1069
566 1423
566 917
566 920
566 1428
566 1429
566 1432
566 929
566 1443
566 938
566 950
566 965
566 1530
566 982
566 1509
566 1510
566 1025
566 1547
566 1566
566 1571
566 1572
566 1574
566 567
566 617
566 1082
566 1096
566 1100
566 1101
566 606
566 613
566 1133
855 459
855 479
855 507
855 510
855 539
855 567
855 603
855 606
855 652
855 670
855 672
855 754
855 767
855 847
855 850
855 85
855 103
855 144
855 200
855 209
855 215
855 222
855 253
855 275
855 281
855 284
855 313
855 317
855 323
855 338
855 359
855 424
855 440
855 1566
855 1242
855 1385
855 1051
855 1313
855 1187
855 1567
855 1251
855 1230
855 942
855 1275
855 1219
855 969
855 1471
855 1231
855 1494
855 1147
855 1177
855 1002
855 1259
1280 476
1280 510
1280 513
1280 525
1280 546
1280 602
1280 629
1280 648
1280 649
1280 650
1280 651
1280 670
1280 717
1280 744
1280 759
1280 769
1280 770
1280 771
1280 795
1280 890
1280 960
1280 965
1280 1024
1280 1040
1280 1047
1280 1078
1280 1093
1280 1149
1280 1182
1280 1209
1280 1245
1280 1246
1280 1251
1280 1273
1280 36
1280 42
1280 47
1280 57
1280 82
1280 84
1280 90
1280 107
1280 168
1280 240
1280 247
1280 255
1280 272
1280 287
1280 290
1280 294
1280 306
1280 319
1280 372
1280 390
1280 391
1280 409
1280 419
1280 424
1280 425
1280 1299
1280 1342
1280 1363
1280 1370
1280 1553
1280 1470
1280 1576
666 578
666 107
666 215
666 319
666 420
666 1114
666 1558
666 1560
666 1262
457 164
457 215
457 276
457 500
457 1013
457 1017
457 510
457 539
457 1085
457 1550
457 1229
457 1494
1325 467
1325 567
1325 606
1325 630
1325 675
1325 755
1325 775
1325 886
1325 926
1325 1208
1325 1240
1325 1249
1325 1251
1325 12
1325 69
1325 116
1325 144
1325 293
1325 319
1325 408
1325 1428
1325 1440
1325 1443
1325 1546
1325 1335
1126 478
1126 623
1126 650
1126 725
1126 731
1126 897
1126 959
1126 982
1126 1002
1126 1003
1126 1025
1126 1046
1126 1069
1126 1096
1126 1108
1126 70
1126 124
1126 247
1126 280
1126 281
1126 394
1126 409
1126 423
1126 1554
1126 1207
1126 1442
1126 1319
1126 1452
1126 1337
1126 1226
1126 1530
957 482
957 512
957 544
957 546
957 565
957 602
957 613
957 629
957 650
957 672
957 674
957 747
957 769
957 774
957 854
957 879
957 881
957 883
957 885
957 927
957 950
957 951
957 19
957 41
957 42
957 88
957 116
957 192
957 193
957 237
957 280
957 281
957 317
957 319
957 327
957 358
957 370
957 376
957 390
957 391
957 1168
957 1187
957 1209
957 1232
957 1239
957 1249
957 1251
957 1270
957 1299
957 1378
957 1422
957 1435
957 1456
957 960
957 1470
957 1471
957 1487
957 997
957 1503
957 1509
957 1028
957 1553
957 1554
957 1574
957 1107
957 1120
957 1128
493 8
493 185
493 507
750 749
750 292
750 317
750 1238
750 1207
750 898
750 1091
750 1162
750 934
750 1096
750 751
750 972
862 501
862 81
862 161
862 369
862 1262
1513 649
1513 778
1513 865
1513 881
1513 1061
1513 1085
1513 1096
1513 1097
1513 1207
1513 1240
1513 1260
1513 1407
1513 264
1513 358
164 485
164 605
164 629
164 749
164 890
164 1076
164 1149
164 1251
164 1299
164 1384
164 1429
164 1470
164 1574
164 1577
164 391
164 272
164 406
164 424
164 334
164 361
215 508
215 514
215 535
215 537
215 561
215 574
215 579
215 729
215 781
215 864
215 935
215 964
215 993
215 1066
215 1069
215 1118
215 1135
215 1209
215 1215
215 1234
215 1251
215 1314
215 1376
215 1509
215 1531
215 1543
215 1546
215 14
215 30
215 67
215 130
215 148
215 181
215 304
215 404
215 303
276 602
276 617
276 751
276 791
276 792
276 879
276 885
276 886
276 897
276 906
276 907
276 927
276 965
276 1038
276 1069
276 1087
276 1093
276 1115
276 1149
276 1168
276 1209
276 1226
276 1260
276 1285
276 1299
276 1309
276 1361
276 1388
276 1395
276 1435
276 1574
276 237
276 264
276 272
276 390
276 391
276 334
276 293
276 317
276 319
276 331
276 358
276 440
500 251
500 289
500 313
500 400
500 914
500 1311
500 1506
1013 508
1013 520
1013 684
1013 819
1013 132
1013 181
1013 188
1013 1438
1013 1450
1017 508
1017 605
1017 649
1017 758
1017 1002
1017 1003
1017 10
1017 105
1017 178
1017 181
1017 228
1017 264
1017 289
1017 299
1017 306
1017 313
1017 332
1017 1035
1017 1428
1017 1435
1017 1572
1017 1251
1017 1127
1017 1368
510 473
510 476
510 486
510 497
510 18
510 37
510 39
510 54
510 58
510 172
510 213
510 253
510 255
510 275
510 281
510 282
510 284
510 313
510 323
510 340
510 343
510 361
510 409
510 417
510 419
510 437
510 440
510 630
510 1024
510 1407
510 648
510 649
510 650
510 651
510 652
510 1052
510 671
510 1071
510 1547
510 693
510 1232
510 885
510 1343
510 965
510 1003
510 617
510 717
510 600
510 985
510 1175
510 1503
510 1114
510 1002
510 844
510 1259
539 478
539 479
539 496
539 497
539 506
539 507
539 526
539 531
539 533
539 536
539 538
539 12
539 18
539 22
539 34
539 42
539 45
539 48
539 54
539 58
539 69
539 76
539 77
539 78
539 87
539 97
539 139
539 140
539 142
539 150
539 168
539 173
539 182
539 186
539 189
539 209
539 237
539 255
539 256
539 263
539 281
539 282
539 283
539 284
539 285
539 288
539 290
539 293
539 298
539 308
539 310
539 312
539 317
539 319
539 328
539 331
539 340
539 342
539 365
539 390
539 391
539 396
539 405
539 406
539 410
539 443
539 1136
539 629
539 1139
539 635
539 1147
539 1149
539 1150
539 1308
539 659
539 1193
539 686
539 1568
539 691
539 693
539 1233
539 1215
539 1220
539 714
539 716
539 717
539 725
539 732
539 734
539 1248
539 1251
539 744
539 747
539 733
539 753
539 650
539 1413
539 777
539 907
539 789
539 1299
539 792
539 799
539 1309
539 1314
539 1315
539 816
539 827
539 830
539 1423
539 1168
539 578
539 1357
539 1365
539 1427
539 865
539 752
539 1375
539 1376
539 1382
539 879
539 880
539 881
539 884
539 1393
539 890
539 897
539 1412
539 906
539 1069
539 1417
539 1372
539 914
539 927
539 1438
539 1443
539 916
539 1465
539 800
539 1470
539 1361
539 791
539 1486
539 1496
539 998
539 1003
539 1521
539 1530
539 1532
539 1031
539 1050
539 1557
539 1062
539 1573
539 558
539 568
539 572
539 1088
539 579
539 1091
539 1093
539 1095
539 597
539 1112
539 1115
539 1554
539 607
539 617
539 540
539 620
539 621
539 1305
1085 534
1085 536
1085 717
1085 744
1085 782
1085 810
1085 1046
1085 42
1085 86
1085 99
1085 1149
1085 1407
1085 1207
1085 1091
1085 1096
1550 478
1550 520
1550 570
1550 609
1550 648
1550 649
1550 650
1550 651
1550 670
1550 797
1550 854
1550 948
1550 989
1550 999
1550 1024
1550 1176
1550 1245
1550 1299
1550 1370
1550 1376
1550 1378
1550 1393
1550 1452
1550 1547
1550 52
1550 235
1550 253
1550 257
1550 280
1550 281
1550 353
1550 419
1550 1566
1229 684
1229 685
1229 721
1229 854
1229 88
1229 293
1229 313
1229 369
1229 408
1229 1270
1229 1249
1229 1553
1229 1574
1494 520
1494 658
1494 685
1494 774
1494 935
1494 1123
1494 1231
1494 1251
1494 1263
1494 1275
1494 1313
1494 1408
1494 1488
1494 1491
1494 36
1494 81
1494 88
1494 103
1494 139
1494 179
1494 180
1494 198
1494 319
1494 1517
10 525
10 1074
10 1082
10 1379
10 180
139 623
139 656
139 672
139 699
139 728
139 777
139 826
139 1035
139 1114
139 1134
139 1149
139 1215
139 1314
139 1348
139 1365
139 1376
139 1388
139 84
139 85
139 247
139 282
139 440
139 185
139 327
139 200
139 330
169 1357
169 1365
169 105
169 312
169 313
169 315
169 331
180 507
180 553
180 1104
180 1132
180 1157
180 1236
180 1350
180 37
180 52
180 103
180 105
180 129
180 153
180 303
239 507
239 582
239 684
239 693
239 701
239 710
239 934
239 1070
239 1087
239 1101
239 1115
239 1127
239 1251
239 1348
239 1376
239 1388
239 1564
239 31
239 94
239 378
334 482
334 726
334 755
334 890
334 1075
334 1088
334 1264
334 1376
334 1388
334 25
334 105
334 218
406 628
406 634
406 656
406 1069
406 1149
406 1166
406 1376
406 1388
406 168
406 171
406 272
406 317
406 330
406 390
406 391
440 476
440 489
440 507
440 521
440 525
440 594
440 629
440 655
440 671
440 672
440 674
440 747
440 806
440 844
440 845
440 852
440 857
440 867
440 886
440 897
440 914
440 934
440 944
440 948
440 955
440 956
440 981
440 989
440 1028
440 1035
440 1055
440 1076
440 1080
440 1082
440 1087
440 1102
440 1144
440 1194
440 1209
440 1314
440 1329
440 1330
440 1368
440 1378
440 1382
440 1411
440 1428
440 1435
440 1479
440 1496
440 1506
440 1539
440 1572
440 5
440 7
440 33
440 36
440 37
440 39
440 47
440 84
440 88
440 90
440 105
440 166
440 168
440 200
440 213
440 240
440 261
440 277
440 278
440 286
440 312
440 313
440 315
440 317
440 319
440 328
440 390
440 391
440 417
440 437
440 445
1267 642
1267 645
1267 25
1267 100
1267 1423
1267 1281
890 507
890 571
890 617
890 676
890 699
890 712
890 718
890 777
890 879
890 881
890 77
890 105
890 166
890 193
890 264
890 317
890 319
890 390
890 1149
890 1168
890 1249
890 1127
890 932
890 1087
890 1476
890 1112
890 1252
890 1254
890 914
890 938
890 929
890 1468
890 958
890 1470
890 1376
890 1251
890 1115
890 1388
507 479
507 482
507 506
507 30
507 32
507 35
507 40
507 55
507 58
507 69
507 75
507 78
507 88
507 120
507 132
507 150
507 168
507 170
507 182
507 187
507 198
507 208
507 209
507 213
507 219
507 230
507 233
507 246
507 247
507 253
507 255
507 270
507 282
507 283
507 284
507 288
507 289
507 290
507 291
507 292
507 293
507 312
507 313
507 315
507 317
507 319
507 330
507 331
507 335
507 339
507 341
507 342
507 372
507 382
507 396
507 397
507 415
507 416
507 424
507 437
507 443
507 1136
507 1141
507 633
507 1147
507 641
507 1308
507 1154
507 540
507 1166
507 1182
507 1228
507 1185
507 683
507 691
507 696
507 1209
507 1045
507 708
507 1220
507 1150
507 1226
507 724
507 726
507 727
507 1241
507 1324
507 1248
507 747
507 752
507 1262
507 1264
507 1268
507 1269
507 774
507 538
507 777
507 907
507 1288
507 784
507 789
507 1299
507 826
507 799
507 1309
507 1311
507 1314
507 829
507 816
507 1343
507 845
507 1004
507 1363
507 858
507 1368
507 868
507 869
507 1376
507 1382
507 1383
507 754
507 879
507 880
507 1387
507 883
507 885
507 886
507 1395
507 897
507 927
507 1412
507 1413
507 1417
507 1419
507 916
507 1437
507 800
507 1470
507 965
507 1476
507 971
507 972
507 975
507 699
507 884
507 1488
507 1491
507 992
507 997
507 1503
507 1114
507 1002
507 1003
507 1292
507 1020
507 512
507 1024
507 1530
507 515
507 1532
507 531
507 1234
507 1553
507 1554
507 1038
507 1052
507 549
507 1568
507 1063
507 1574
507 1575
507 562
507 567
507 617
507 574
507 1088
507 582
507 1093
507 1551
507 598
507 1116
507 1120
507 1121
507 1050
507 1507
507 712
1538 631
1538 679
1538 685
1538 955
1538 985
1538 1067
1538 1071
1538 1352
1538 1449
1538 1517
1538 36
530 1251
530 842
530 1357
530 1262
1442 478
1442 775
1442 965
1442 1046
1442 1052
1442 1189
1442 1208
1442 1311
1442 192
1442 254
1442 280
1442 281
1442 1500
1574 574
1574 629
1574 649
1574 727
1574 744
1574 852
1574 857
1574 1002
1574 1003
1574 1025
1574 1046
1574 1093
1574 1114
1574 1131
1574 1153
1574 1226
1574 1249
1574 1252
1574 1269
1574 1314
1574 1316
1574 1317
1574 1365
1574 1412
1574 1547
1574 7
1574 42
1574 129
1574 208
1574 212
1574 283
1574 317
1574 319
1574 369
1574 391
953 498
953 503
953 621
953 629
953 638
953 642
953 645
953 718
953 47
953 102
953 150
953 189
953 254
953 264
953 290
953 1521
953 1144
953 1041
953 1169
953 1428
953 1185
953 1323
953 1071
953 1200
953 1274
953 1506
699 560
699 656
699 166
699 209
699 297
699 317
699 319
699 321
699 390
699 886
699 1149
699 1164
699 1249
699 834
699 1088
699 1112
699 1115
699 1252
699 1506
699 1509
699 879
699 1386
1209 467
1209 605
1209 642
1209 648
1209 649
1209 650
1209 651
1209 685
1209 713
1209 720
1209 777
1209 845
1209 914
1209 958
1209 964
1209 1035
1209 1046
1209 1082
1209 5
1209 37
1209 40
1209 181
1209 200
1209 209
1209 264
1209 306
1209 424
1209 1274
1209 1215
1209 1365
1209 1368
1224 599
1224 686
1224 736
1224 1046
1224 1096
1224 120
1224 237
1224 313
1224 392
617 485
617 513
617 553
617 567
617 605
617 606
617 18
617 47
617 48
617 49
617 185
617 200
617 237
617 264
617 286
617 317
617 416
617 885
617 718
617 674
617 1207
617 717
617 1226
617 1244
617 1251
617 1268
617 781
617 1315
617 810
617 1319
617 826
617 836
617 1348
617 1355
617 852
617 857
617 1376
617 1378
617 881
617 883
617 886
617 1395
617 891
617 1436
617 943
617 1458
617 1470
617 965
617 1024
617 1476
617 989
617 1503
617 1001
617 1515
617 1541
617 1544
617 1554
617 1094
617 1108
979 126
1376 485
1376 489
1376 512
1376 522
1376 544
1376 550
1376 571
1376 602
1376 620
1376 629
1376 643
1376 651
1376 676
1376 681
1376 690
1376 712
1376 717
1376 732
1376 747
1376 752
1376 756
1376 781
1376 784
1376 789
1376 791
1376 792
1376 797
1376 806
1376 808
1376 814
1376 850
1376 854
1376 864
1376 869
1376 879
1376 881
1376 893
1376 896
1376 897
1376 906
1376 907
1376 927
1376 935
1376 966
1376 972
1376 1020
1376 1026
1376 1046
1376 1052
1376 1056
1376 1078
1376 1088
1376 1089
1376 1093
1376 1114
1376 1115
1376 1116
1376 1127
1376 1149
1376 1166
1376 1168
1376 1192
1376 1203
1376 1211
1376 1212
1376 1228
1376 1232
1376 1242
1376 1250
1376 1251
1376 1270
1376 1288
1376 1299
1376 1317
1376 1346
1376 1357
1376 1361
1376 1369
1376 18
1376 35
1376 42
1376 74
1376 81
1376 85
1376 132
1376 136
1376 166
1376 168
1376 173
1376 204
1376 222
1376 232
1376 237
1376 251
1376 257
1376 267
1376 270
1376 272
1376 289
1376 291
1376 293
1376 306
1376 308
1376 317
1376 319
1376 323
1376 325
1376 333
1376 353
1376 358
1376 390
1376 391
1376 408
1376 420
1376 1505
1376 1388
1376 1395
1376 1422
1376 1470
1376 1476
1376 1488
1376 1503
1376 1506
1376 1507
1376 1519
1376 1540
1376 1541
1376 1554
1376 1559
1376 1561
1376 1427
1388 518
1388 569
1388 571
1388 634
1388 643
1388 672
1388 689
1388 718
1388 726
1388 744
1388 772
1388 802
1388 845
1388 938
1388 955
1388 1035
1388 1046
1388 1127
1388 1149
1388 1187
1388 1215
1388 1264
1388 1361
1388 1365
1388 18
1388 25
1388 35
1388 81
1388 168
1388 213
1388 272
1388 316
1388 358
1388 390
1388 424
1388 1389
1388 1547
1388 1476
1388 1470
459 42
459 109
459 185
459 269
459 284
459 285
459 322
459 1285
459 1153
459 645
459 904
459 1540
459 1292
459 1548
459 1299
459 538
459 1185
459 1060
459 1567
459 1195
459 690
459 563
459 464
459 1231
459 733
459 1373
459 1429
459 1009
459 1557
459 1051
42 544
42 571
42 602
42 642
42 646
42 671
42 727
42 744
42 777
42 783
42 852
42 853
42 854
42 965
42 1025
42 1035
42 1120
42 1131
42 1149
42 1206
42 1207
42 1251
42 1253
42 1331
42 1337
42 1370
42 1373
42 1382
42 1470
42 1547
42 7
42 391
42 392
42 272
42 283
42 287
42 168
42 390
42 317
42 319
109 948
109 1087
109 82
109 90
185 570
185 602
185 623
185 647
185 651
185 670
185 671
185 731
185 755
185 756
185 775
185 836
185 844
185 853
185 854
185 858
185 965
185 1043
185 1149
185 1190
185 1221
185 1245
185 1254
185 1288
185 1311
185 1314
185 1337
185 1383
185 1414
185 1521
185 1539
185 1571
185 1572
185 2
185 60
185 66
185 90
185 128
185 140
185 253
185 353
185 281
185 420
185 424
185 189
185 192
185 425
185 338
185 211
185 222
269 516
269 670
269 1217
284 478
284 479
284 482
284 489
284 513
284 535
284 538
284 540
284 579
284 603
284 653
284 656
284 674
284 693
284 701
284 716
284 717
284 777
284 780
284 789
284 799
284 800
284 816
284 824
284 865
284 880
284 884
284 897
284 916
284 998
284 1004
284 1020
284 1025
284 1069
284 1096
284 1101
284 1136
284 1149
284 1150
284 1220
284 1305
284 1309
284 1314
284 1382
284 1393
284 1412
284 1413
284 1465
284 1516
284 1526
284 1530
284 18
284 54
284 120
284 148
284 162
284 182
284 192
284 196
284 251
284 282
284 308
284 396
284 419
284 424
284 425
284 288
284 405
284 310
284 366
284 411
285 489
285 526
285 596
285 1185
285 1233
285 1308
285 1569
285 230
285 251
322 744
322 1204
322 1208
322 1483
322 105
1285 567
1285 613
1285 688
1285 747
1285 789
1285 872
1285 885
1285 886
1285 897
1285 916
1285 977
1285 1004
1285 1100
1285 1262
1285 237
1285 275
1285 290
1285 339
1285 1518
1285 1553
1285 1378
1153 606
1153 795
1153 854
1153 885
1153 886
1153 1108
1153 313
1153 1331
1153 1207
1153 1251
1153 1506
1153 1330
1153 1226
645 461
645 537
645 630
645 642
645 40
645 253
645 370
645 424
645 670
645 649
645 650
645 651
645 1191
645 1572
645 705
645 1341
645 1096
645 1365
645 754
645 1511
904 688
904 47
904 54
904 253
904 282
904 313
904 319
904 337
904 428
904 1077
904 1397
904 1444
904 1003
904 1417
1540 536
1540 712
1540 1101
1540 1117
1540 1226
1540 1387
1540 53
1540 149
1540 173
1540 251
1540 278
1540 351
1540 1541
1292 531
1292 775
1292 981
1292 1141
1292 1232
1292 67
1548 462
1548 649
1548 1096
1548 36
1548 37
1299 494
1299 562
1299 717
1299 880
1299 1024
1299 1025
1299 1254
1299 1284
1299 230
1299 361
1299 412
1299 1515
1299 1412
1299 1445
1299 1403
1299 1428
538 489
538 339
538 389
538 897
538 916
538 1185
538 693
538 567
538 1382
538 1403
538 845
538 865
538 1002
538 1003
1185 526
1185 620
1185 621
1185 642
1185 150
1185 226
1185 230
1185 234
1185 237
1185 240
1185 251
1185 290
1185 371
1185 1389
1185 1265
1185 1308
1185 1569
1185 1203
1185 1233
1060 496
1060 629
1060 712
1060 30
1060 1147
1060 1507
1567 489
1567 897
1567 969
1567 1390
1567 234
1195 99
1195 182
1195 240
1195 241
1195 1485
690 520
690 540
690 688
690 110
690 143
690 161
690 366
690 1024
690 1217
690 1219
690 968
690 845
690 1001
690 1507
690 1131
563 508
563 181
563 662
563 729
563 1051
563 1251
464 649
1231 640
1231 672
1231 914
1231 948
1231 968
1231 1071
1231 1096
1231 1101
1231 1127
1231 1202
1231 1215
1231 11
1231 52
1231 68
1231 170
1231 209
1231 268
1231 304
1231 1390
1231 1451
1231 1409
1231 1411
1231 1557
1231 1568
1231 1379
1231 1334
1231 1338
1231 1495
1231 1245
733 568
733 691
733 711
733 716
733 725
733 230
733 1136
733 897
733 1077
733 1568
733 1450
733 1088
733 1101
733 734
733 873
733 1127
1373 544
1373 654
1373 744
1373 1075
1373 1149
1373 1254
1373 76
1373 168
1373 272
1373 319
1373 358
1373 390
1373 391
1373 1470
1373 1476
1429 467
1429 505
1429 593
1429 670
1429 724
1429 789
1429 836
1429 885
1429 886
1429 998
1429 1046
1429 1108
1429 1206
1429 1226
1429 1259
1429 1316
1429 1366
1429 125
1429 170
1429 222
1429 360
1429 424
1009 496
1009 896
1009 232
1009 251
1009 408
1009 427
1009 1115
1009 1116
1009 1117
1009 1161
1557 489
1557 616
1557 712
1557 823
1557 827
1557 1101
1557 1240
1557 1403
1557 1517
1557 178
1557 188
1557 230
1557 287
1557 304
1557 306
1557 342
1051 508
1051 534
1051 626
1051 662
1051 952
1051 999
1051 1024
1051 49
1051 181
1051 306
1051 1436
1051 1572
1051 1074
363 902
363 55
363 56
902 1067
461 342
461 895
461 642
461 1004
342 478
342 513
342 535
342 593
342 606
342 609
342 613
342 642
342 649
342 650
342 679
342 686
342 731
342 777
342 781
342 836
342 854
342 858
342 883
342 887
342 916
342 917
342 982
342 1004
342 1007
342 1038
342 1046
342 1047
342 1048
342 1071
342 1082
342 1101
342 1208
342 1215
342 1239
342 1242
342 1311
342 1337
342 1383
342 1465
342 1508
342 58
342 69
342 318
342 335
342 339
342 341
342 382
342 387
342 424
342 428
342 432
342 353
342 359
342 388
895 47
895 49
895 80
895 279
895 1390
895 1175
895 1114
895 1566
642 537
642 553
642 629
642 630
642 78
642 105
642 237
642 254
642 370
642 424
642 1141
642 1028
642 908
642 1043
642 670
642 1228
642 1191
642 943
642 705
642 1343
642 1471
642 1104
642 1105
642 1365
642 754
642 993
642 1377
1004 465
1004 467
1004 478
1004 558
1004 593
1004 606
1004 627
1004 630
1004 649
1004 650
1004 686
1004 716
1004 752
1004 753
1004 756
1004 777
1004 781
1004 789
1004 833
1004 836
1004 854
1004 858
1004 868
1004 883
1004 914
1004 916
1004 917
1004 982
1004 1002
1004 1003
1004 18
1004 31
1004 58
1004 128
1004 209
1004 240
1004 275
1004 318
1004 335
1004 339
1004 382
1004 387
1004 424
1004 1171
1004 1208
1004 1215
1004 1217
1004 1239
1004 1242
1004 1245
1004 1076
1004 1311
1004 1314
1004 1337
1004 1331
1004 1359
1004 1378
1004 1383
1004 1443
1004 1465
1004 1007
1004 1010
1004 1020
1004 1025
1004 1539
1004 1038
1004 1042
1004 1046
1004 1047
1004 1048
1004 1069
1004 1071
1004 1101
462 1045
462 1450
462 778
1045 489
1045 498
1045 529
1045 535
1045 544
1045 589
1045 628
1045 656
1045 670
1045 721
1045 860
1045 897
1045 934
1045 1005
1045 1036
1045 47
1045 51
1045 161
1045 424
1045 1412
1045 1507
1045 1317
1045 1575
1045 1343
1045 1221
1045 1096
1045 1365
1045 1368
1045 1262
1450 508
1450 520
1450 562
1450 800
1450 819
1450 1117
1450 1208
1450 1250
1450 1320
1450 1428
1450 1441
1450 100
1450 181
1450 420
778 481
778 143
778 358
778 1260
778 881
778 1067
463 40
463 267
463 290
463 424
463 1273
463 1412
463 1435
463 789
463 1424
463 1052
463 800
463 688
463 1020
463 490
463 852
463 1108
463 1380
463 1510
40 465
40 490
40 567
40 605
40 621
40 648
40 650
40 755
40 769
40 770
40 771
40 959
40 960
40 965
40 1069
40 1177
40 1198
40 1232
40 1271
40 1273
40 5
40 30
40 247
40 379
40 293
40 209
40 47
40 253
40 385
40 338
40 339
40 86
40 222
40 226
40 105
40 237
40 306
267 575
267 578
267 689
267 784
267 789
267 812
267 814
267 880
267 886
267 938
267 1052
267 1107
267 1114
267 1116
267 1124
267 1125
267 1226
267 1250
267 1251
267 1272
267 1315
267 1317
267 1326
267 1374
267 1386
267 1391
267 1554
267 14
267 18
267 19
267 141
267 150
267 166
267 182
267 207
267 257
267 310
267 268
267 270
267 380
267 432
267 319
267 323
267 325
267 348
290 648
290 649
290 651
290 691
290 754
290 781
290 789
290 794
290 885
290 1001
290 1003
290 1150
290 1215
290 1382
290 1385
290 1412
290 1443
290 1482
290 1496
290 1503
290 1509
290 1530
290 14
290 15
290 125
290 230
290 251
290 409
290 419
290 297
290 292
290 425
290 323
290 331
290 339
424 482
424 489
424 490
424 509
424 513
424 520
424 529
424 534
424 535
424 537
424 544
424 553
424 565
424 567
424 589
424 596
424 606
424 610
424 621
424 637
424 649
424 650
424 651
424 656
424 670
424 672
424 705
424 754
424 769
424 780
424 800
424 810
424 854
424 883
424 897
424 908
424 928
424 960
424 982
424 992
424 997
424 999
424 1020
424 1025
424 1036
424 1069
424 1096
424 1127
424 1136
424 1145
424 1162
424 1164
424 1177
424 1191
424 1198
424 1206
424 1207
424 1221
424 1226
424 1232
424 1250
424 1261
424 1262
424 1317
424 1337
424 1343
424 1357
424 1361
424 1365
424 1393
424 1412
424 1428
424 1435
424 1455
424 1477
424 1486
424 1506
424 1510
424 1554
424 47
424 86
424 105
424 124
424 125
424 181
424 182
424 200
424 222
424 235
424 253
424 287
424 317
424 340
424 376
424 394
424 419
424 425
424 445
1273 656
1273 763
1273 880
1273 989
1273 1024
1273 1105
1273 1190
1273 1240
1273 1271
1273 15
1273 128
1273 204
1273 209
1273 251
1273 254
1273 317
1273 332
1273 1297
1273 1432
1273 1482
1273 1503
1412 479
1412 506
1412 512
1412 531
1412 536
1412 579
1412 629
1412 653
1412 777
1412 800
1412 880
1412 884
1412 897
1412 916
1412 965
1412 1038
1412 1052
1412 1112
1412 1136
1412 1226
1412 1241
1412 1248
1412 1262
1412 1309
1412 1382
1412 1383
1412 88
1412 230
1412 247
1412 282
1412 386
1412 396
1412 397
1412 425
1412 1413
1412 1530
1412 1503
1435 553
1435 656
1435 668
1435 753
1435 755
1435 777
1435 810
1435 850
1435 853
1435 854
1435 944
1435 1031
1435 1069
1435 1075
1435 1078
1435 1096
1435 1107
1435 1162
1435 1190
1435 1215
1435 1245
1435 1274
1435 1365
1435 1389
1435 1434
1435 47
1435 64
1435 99
1435 110
1435 118
1435 168
1435 192
1435 216
1435 228
1435 237
1435 247
1435 272
1435 278
1435 320
1435 328
1435 332
1435 391
1435 444
1435 1495
1435 1577
1435 1518
1435 1575
1435 1566
1435 1510
789 479
789 489
789 548
789 578
789 605
789 606
789 629
789 656
789 712
789 754
789 784
789 58
789 256
789 270
789 297
789 348
789 1136
789 1390
789 897
789 1551
789 1427
789 1309
789 1186
789 1250
789 1150
789 977
789 816
789 1317
789 1345
789 1003
789 1482
789 865
789 1428
789 1002
789 1262
789 880
789 881
1424 466
1424 479
1424 486
1424 516
1424 533
1424 670
1424 753
1424 880
1424 1020
1424 1071
1424 1089
1424 1097
1424 1221
1424 1288
1424 1330
1424 1340
1424 1423
1424 58
1424 214
1424 237
1424 247
1424 330
1424 331
1424 358
1424 386
1424 1428
1424 1571
1424 1503
1424 1479
1052 489
1052 534
1052 548
1052 613
1052 864
1052 885
1052 886
1052 897
1052 923
1052 1020
1052 380
1052 419
1052 425
1052 1308
1052 1069
1052 1226
1052 1248
1052 1127
800 489
800 667
800 691
800 716
800 777
800 150
800 205
800 230
800 282
800 405
800 1136
800 1150
800 1530
800 1413
800 1541
800 1101
800 1186
800 1314
800 816
800 1121
800 897
800 1115
800 865
800 1003
800 1438
800 1006
688 162
688 405
688 1002
688 1177
688 805
688 808
688 1539
688 716
688 689
1020 490
1020 567
1020 630
1020 736
1020 748
1020 754
1020 795
1020 868
1020 880
1020 893
1020 897
1020 989
1020 84
1020 135
1020 171
1020 240
1020 382
1020 416
1020 1539
1020 1300
1020 1307
1020 1309
1020 1314
1020 1315
1020 1197
1020 1127
1020 1096
1020 1226
1020 1177
1020 1577
490 485
490 54
490 166
490 323
490 391
490 547
490 1014
490 1082
490 701
490 1337
490 1226
490 656
490 712
852 698
852 727
852 744
852 785
852 828
852 7
852 283
852 287
852 317
852 319
852 391
852 1025
852 1038
852 1470
852 1347
852 1248
852 1131
1108 498
1108 535
1108 637
1108 646
1108 672
1108 689
1108 746
1108 766
1108 781
1108 858
1108 881
1108 893
1108 897
1108 972
1108 994
1108 35
1108 70
1108 222
1108 240
1108 382
1108 1521
1108 1145
1108 1530
1108 1428
1108 1443
1108 1206
1108 1365
1380 366
1510 534
1510 1162
1510 297
649 466
649 536
649 556
649 589
649 598
649 609
649 640
649 648
649 2
649 43
649 52
649 54
649 57
649 86
649 116
649 124
649 163
649 200
649 209
649 231
649 235
649 240
649 253
649 281
649 289
649 308
649 315
649 319
649 323
649 324
649 365
649 390
649 402
649 404
649 415
649 419
649 650
649 651
649 1162
649 667
649 670
649 1186
649 685
649 693
649 696
649 1207
649 705
649 740
649 755
649 769
649 770
649 771
649 795
649 826
649 846
649 849
649 850
649 853
649 857
649 1370
649 915
649 878
649 1393
649 896
649 1423
649 917
649 940
649 942
649 1464
649 959
649 960
649 965
649 1024
649 1491
649 986
649 989
649 1497
649 1002
649 1003
649 1521
649 1107
649 1547
649 1553
649 854
649 1069
649 1087
649 1095
649 1096
649 1046
465 47
465 209
465 1081
465 989
47 467
47 520
47 546
47 553
47 586
47 593
47 606
47 650
47 651
47 670
47 672
47 674
47 692
47 705
47 716
47 736
47 763
47 836
47 891
47 914
47 964
47 992
47 1024
47 1035
47 1069
47 1071
47 1075
47 1082
47 1105
47 1168
47 1177
47 1190
47 1206
47 1245
47 1251
47 1269
47 1307
47 1365
47 1392
47 1428
47 1471
47 1503
47 1518
47 2
47 6
47 28
47 124
47 128
47 200
47 206
47 213
47 263
47 264
47 277
47 58
47 293
47 339
47 366
47 384
47 444
47 445
47 69
47 280
47 105
209 489
209 525
209 528
209 621
209 630
209 650
209 705
209 755
209 759
209 769
209 770
209 780
209 827
209 868
209 952
209 992
209 1046
209 1121
209 1182
209 1191
209 1369
209 1378
209 1392
209 1422
209 1427
209 1438
209 1453
209 1568
209 36
209 66
209 68
209 73
209 103
209 144
209 178
209 179
209 372
209 419
209 437
209 335
209 404
209 306
1081 790
1081 854
1081 958
1081 107
1081 186
1081 292
1081 1168
1081 1086
1081 1088
1081 1166
989 479
989 525
989 621
989 648
989 650
989 651
989 656
989 759
989 769
989 770
989 771
989 780
989 86
989 244
989 287
989 306
989 310
989 404
989 1389
989 1140
466 82
466 90
466 176
466 207
466 232
466 287
466 1074
466 1097
82 471
82 501
82 594
82 845
82 948
82 1028
82 1118
82 1351
82 1378
82 32
82 36
82 52
82 338
82 437
82 84
82 90
90 471
90 476
90 496
90 501
90 576
90 594
90 606
90 801
90 845
90 866
90 897
90 917
90 955
90 1028
90 1059
90 1118
90 1309
90 1314
90 1368
90 36
90 66
90 77
90 84
90 162
90 339
90 437
90 331
90 212
90 213
90 222
176 501
176 756
176 781
176 884
176 1208
176 1240
176 1378
176 415
207 1223
207 1245
207 1393
232 605
232 775
232 923
232 932
232 965
232 1127
232 1250
232 1335
232 1357
232 1385
232 19
232 66
232 171
232 348
287 621
287 640
287 844
287 948
287 1024
287 1028
287 1075
287 1088
287 1118
287 1200
287 1217
287 1378
287 1479
287 1546
287 1568
287 84
287 107
287 200
287 264
287 275
287 419
287 425
287 338
1074 608
1074 663
1074 107
1074 234
1074 1110
1074 1301
1074 1333
1074 1245
1074 1449
1074 1162
1074 1167
1097 478
1097 671
1097 853
1097 1096
1097 70
1097 151
1097 277
1097 1407
467 5
467 309
467 630
467 631
467 1148
467 905
467 1428
467 924
467 675
467 1440
467 1443
467 1208
467 834
467 857
467 606
467 991
467 1249
467 1503
467 1002
467 1003
5 535
5 553
5 656
5 749
5 780
5 783
5 824
5 836
5 845
5 914
5 937
5 950
5 951
5 1002
5 1035
5 1046
5 1232
5 1392
5 1428
5 1437
5 1471
5 1497
5 2
5 377
5 225
5 166
5 423
5 445
5 200
5 206
5 25
5 86
309 411
630 606
630 607
630 240
630 1539
630 914
630 1058
630 1314
630 1440
630 1208
630 868
630 1251
631 278
631 351
631 1421
631 984
631 1208
631 955
631 1084
631 1067
631 815
1148 983
1148 257
905 656
905 775
905 107
905 317
905 323
905 999
905 1208
905 1432
905 1378
905 1078
1428 505
1428 522
1428 535
1428 546
1428 567
1428 584
1428 593
1428 595
1428 599
1428 648
1428 650
1428 656
1428 670
1428 672
1428 724
1428 764
1428 780
1428 783
1428 818
1428 824
1428 836
1428 858
1428 867
1428 880
1428 886
1428 908
1428 935
1428 991
1428 998
1428 1002
1428 1003
1428 1024
1428 1032
1428 1035
1428 1046
1428 1058
1428 1105
1428 1120
1428 1127
1428 1136
1428 1176
1428 1190
1428 1205
1428 1206
1428 1215
1428 1217
1428 1226
1428 1240
1428 1259
1428 1311
1428 1343
1428 1365
1428 1368
1428 1379
1428 1423
1428 15
1428 49
1428 61
1428 80
1428 86
1428 105
1428 125
1428 216
1428 218
1428 222
1428 273
1428 275
1428 339
1428 340
1428 349
1428 360
1428 385
1428 387
1428 1464
1428 1474
1428 1518
1428 1553
924 157
924 1338
675 1208
1440 679
1440 1094
1440 1208
1440 1249
1440 303
1440 319
1443 567
1443 825
1443 867
1443 883
1443 886
1443 983
1443 1208
1443 1251
1443 1254
1443 58
1443 77
1443 119
1443 237
1443 273
1443 340
1443 408
1443 1503
1443 1482
1208 535
1208 537
1208 607
1208 621
1208 756
1208 775
1208 857
1208 916
1208 983
1208 984
1208 985
1208 1067
1208 1173
1208 11
1208 66
1208 69
1208 294
1208 346
1208 386
1208 1389
1208 1365
1208 1335
1208 1249
1208 1385
834 897
834 835
834 997
857 572
857 717
857 119
857 151
857 222
857 313
857 380
857 416
857 1403
857 934
857 1572
857 1483
857 1127
606 478
606 479
606 489
606 535
606 537
606 553
606 567
606 58
606 66
606 77
606 105
606 112
606 128
606 247
606 251
606 319
606 323
606 361
606 380
606 398
606 1537
606 1287
606 1393
606 1419
606 782
606 1427
606 795
606 607
606 784
606 1564
606 1073
606 1211
606 1395
606 1094
606 1096
606 845
606 1107
606 1063
606 1240
606 1368
606 964
606 994
606 613
606 1007
606 881
606 967
991 583
991 656
991 670
991 205
991 1426
991 1365
991 1177
991 1157
1249 504
1249 544
1249 629
1249 747
1249 879
1249 886
1249 936
1249 1002
1249 1003
1249 1112
1249 1115
1249 1149
1249 1166
1249 8
1249 84
1249 129
1249 166
1249 298
1249 317
1249 319
1249 369
1249 390
1249 1300
1249 1427
1249 1357
1249 1252
1249 1507
1503 477
1503 478
1503 489
1503 503
1503 508
1503 535
1503 582
1503 586
1503 596
1503 609
1503 620
1503 623
1503 643
1503 687
1503 717
1503 729
1503 736
1503 753
1503 755
1503 757
1503 774
1503 781
1503 783
1503 813
1503 825
1503 897
1503 950
1503 959
1503 973
1503 1008
1503 1018
1503 1025
1503 1034
1503 1041
1503 1046
1503 1063
1503 1069
1503 1071
1503 1072
1503 1088
1503 1096
1503 1110
1503 1144
1503 1149
1503 1168
1503 1194
1503 1206
1503 1211
1503 1223
1503 1239
1503 1245
1503 1251
1503 1275
1503 1332
1503 1361
1503 1369
1503 1393
1503 1407
1503 1432
1503 13
1503 19
1503 107
1503 125
1503 127
1503 202
1503 253
1503 275
1503 293
1503 308
1503 328
1503 339
1503 367
1503 389
1503 392
1503 397
1503 398
1503 408
1503 425
1503 444
1503 1575
1503 1511
1002 547
1002 571
1002 593
1002 596
1002 623
1002 651
1002 686
1002 693
1002 718
1002 731
1002 746
1002 747
1002 753
1002 781
1002 783
1002 816
1002 818
1002 829
1002 833
1002 836
1002 845
1002 858
1002 885
1002 886
1002 916
1002 929
1002 935
1002 949
1002 971
1002 977
1002 58
1002 124
1002 193
1002 204
1002 247
1002 253
1002 264
1002 265
1002 273
1002 292
1002 324
1002 335
1002 339
1002 341
1002 366
1002 367
1002 382
1002 387
1002 388
1002 391
1002 423
1002 443
1002 1136
1002 1150
1002 1155
1002 1215
1002 1220
1002 1223
1002 1232
1002 1242
1002 1251
1002 1262
1002 1270
1002 1309
1002 1311
1002 1331
1002 1337
1002 1423
1002 1359
1002 1382
1002 1432
1002 1003
1002 1026
1002 1046
1002 1571
1002 1071
1002 1087
1002 1096
1002 1100
1002 1114
1002 1048
1003 478
1003 503
1003 547
1003 593
1003 596
1003 648
1003 650
1003 651
1003 686
1003 691
1003 693
1003 718
1003 729
1003 752
1003 753
1003 754
1003 764
1003 777
1003 780
1003 781
1003 783
1003 816
1003 818
1003 829
1003 833
1003 836
1003 843
1003 850
1003 858
1003 885
1003 886
1003 916
1003 949
1003 950
1003 971
1003 977
1003 980
1003 981
1003 58
1003 124
1003 204
1003 205
1003 218
1003 234
1003 246
1003 253
1003 265
1003 270
1003 273
1003 275
1003 292
1003 318
1003 324
1003 335
1003 339
1003 341
1003 358
1003 359
1003 382
1003 387
1003 388
1003 391
1003 402
1003 423
1003 443
1003 1171
1003 1206
1003 1211
1003 1215
1003 1220
1003 1232
1003 1251
1003 1275
1003 1311
1003 1314
1003 1337
1003 1331
1003 1423
1003 1359
1003 1426
1003 1382
1003 1200
1003 1521
1003 1026
1003 1035
1003 1551
1003 1046
1003 1571
1003 1069
1003 1071
1003 1087
1003 1096
1003 1100
1003 1048
468 97
468 104
468 472
97 935
97 1239
97 8
97 28
97 69
97 319
104 469
104 472
472 137
471 251
471 1368
251 476
251 526
251 558
251 567
251 605
251 620
251 629
251 641
251 705
251 830
251 863
251 865
251 875
251 880
251 926
251 935
251 1029
251 1116
251 1144
251 1150
251 1154
251 1217
251 1223
251 1226
251 1233
251 1240
251 1248
251 1314
251 1368
251 1390
251 1448
251 1530
251 1565
251 1569
251 1571
251 18
251 19
251 120
251 191
251 199
251 231
251 240
251 241
251 242
251 247
251 331
251 275
251 292
251 359
251 360
251 358
251 316
251 390
251 369
1368 501
1368 514
1368 607
1368 655
1368 674
1368 845
1368 955
1368 1028
1368 1034
1368 1066
1368 1082
1368 1141
1368 1240
1368 1253
1368 1270
1368 1314
1368 30
1368 36
1368 84
1368 88
1368 181
1368 212
1368 240
1368 304
1368 306
1368 437
1368 1432
1368 1568
1368 1517
137 825
137 1075
137 1096
137 358
473 135
473 237
473 1075
473 1254
473 846
473 1134
135 609
135 952
135 1329
237 485
237 526
237 621
237 753
237 763
237 821
237 865
237 897
237 916
237 997
237 1005
237 1066
237 1078
237 1147
237 1250
237 1251
237 1305
237 1307
237 1311
237 1423
237 1566
237 1569
237 54
237 124
237 168
237 196
237 233
237 243
237 391
237 272
237 292
237 423
237 254
237 386
237 400
237 370
1075 502
1075 656
1075 678
1075 747
1075 802
1075 881
1075 927
1075 929
1075 950
1075 951
1075 967
1075 1008
1075 1053
1075 1069
1075 19
1075 58
1075 65
1075 74
1075 116
1075 152
1075 159
1075 166
1075 218
1075 313
1075 320
1075 328
1075 389
1075 1149
1075 1437
1075 1315
1075 1572
1075 1197
1075 1207
1075 1343
1075 1355
1075 1347
1075 1553
1075 1369
1075 1495
1075 1260
1075 1228
1254 533
1254 536
1254 562
1254 597
1254 605
1254 621
1254 623
1254 731
1254 756
1254 763
1254 850
1254 853
1254 854
1254 915
1254 934
1254 948
1254 955
1254 971
1254 1027
1254 1046
1254 1053
1254 1063
1254 1069
1254 1096
1254 1098
1254 1107
1254 1110
1254 1251
1254 2
1254 52
1254 211
1254 253
1254 316
1254 317
1254 346
1254 377
1254 412
1254 1566
1254 1334
1254 1343
1254 1470
846 650
846 775
846 1177
1134 643
1134 832
1134 1063
1134 1110
1134 280
1134 1155
474 293
474 1028
293 476
293 656
293 684
293 685
293 721
293 751
293 777
293 917
293 1056
293 1071
293 1078
293 1093
293 1127
293 1270
293 1300
293 1357
293 1402
293 1441
293 1547
293 188
293 292
293 303
293 308
293 313
293 408
293 333
1028 655
1028 868
1028 898
1028 993
1028 45
1028 205
1028 1272
1028 1411
1028 1166
1028 1547
1028 1055
1028 1259
475 330
475 618
475 1361
330 515
330 548
330 550
330 686
330 752
330 885
330 1024
330 1046
330 1069
330 1093
330 1114
330 1168
330 1357
330 22
330 140
330 168
330 303
618 335
618 339
618 387
618 1129
1361 478
1361 650
1361 654
1361 715
1361 717
1361 731
1361 754
1361 783
1361 850
1361 878
1361 885
1361 886
1361 892
1361 932
1361 983
1361 1078
1361 1149
1361 1177
1361 1187
1361 1225
1361 1226
1361 1251
1361 1334
1361 65
1361 216
1361 253
1361 275
1361 291
476 261
476 770
476 650
476 1539
476 915
476 570
476 1309
476 819
476 972
476 976
476 866
476 1378
261 707
261 819
261 99
261 107
770 640
770 648
770 651
770 769
770 52
770 57
770 409
770 419
770 771
770 1042
770 1342
770 1024
770 1553
770 1111
770 1378
650 511
650 553
650 556
650 568
650 589
650 598
650 609
650 610
650 640
650 648
650 2
650 6
650 28
650 52
650 54
650 57
650 58
650 66
650 86
650 116
650 124
650 125
650 152
650 162
650 163
650 200
650 235
650 253
650 257
650 281
650 289
650 308
650 323
650 324
650 398
650 402
650 415
650 419
650 425
650 433
650 445
650 651
650 1162
650 655
650 670
650 1201
650 1207
650 705
650 720
650 1232
650 732
650 769
650 1248
650 755
650 767
650 771
650 780
650 792
650 1311
650 818
650 826
650 828
650 831
650 1423
650 858
650 915
650 1378
650 878
650 1393
650 906
650 916
650 940
650 1452
650 955
650 1464
650 959
650 960
650 854
650 1024
650 982
650 1035
650 1547
650 1046
650 1047
650 1048
650 1039
650 1069
650 1095
650 1096
650 1553
650 965
1539 520
1539 639
1539 671
1539 689
1539 775
1539 847
1539 868
1539 915
1539 948
1539 1100
1539 1144
1539 1215
1539 1268
1539 1314
1539 1355
1539 1385
1539 36
1539 66
1539 206
1539 212
1539 240
1539 247
1539 338
1539 346
1539 387
1539 398
1539 437
915 505
915 651
915 671
915 693
915 707
915 36
915 64
915 181
915 213
915 1162
915 917
915 931
915 1069
915 955
915 1118
570 775
1309 479
1309 489
1309 594
1309 777
1309 829
1309 853
1309 854
1309 866
1309 880
1309 883
1309 897
1309 996
1309 1118
1309 1150
1309 1220
1309 1226
1309 1248
1309 112
1309 192
1309 213
1309 247
1309 273
1309 275
1309 282
1309 313
1309 1530
1309 1413
1309 1314
1309 1378
819 555
819 707
819 415
819 1118
819 1059
819 1378
819 1347
819 1162
819 1575
972 971
972 1270
972 1314
976 883
976 407
976 1446
976 1059
866 716
866 213
866 407
866 897
866 1446
866 1059
866 965
866 1150
866 1007
1378 553
1378 594
1378 603
1378 629
1378 672
1378 674
1378 769
1378 845
1378 965
1378 996
1378 997
1378 1035
1378 1043
1378 1080
1378 1082
1378 1162
1378 1240
1378 1272
1378 1314
1378 2
1378 18
1378 33
1378 36
1378 37
1378 45
1378 58
1378 78
1378 84
1378 200
1378 205
1378 264
1378 315
1378 317
1378 335
1378 339
1378 372
1378 387
1378 388
1378 391
1378 419
1378 425
1378 437
1378 1411
1378 1571
1378 1572
1378 1477
1378 1383
1378 1487
477 387
477 388
477 1217
477 1071
387 653
387 1007
387 1038
387 1046
387 1082
387 1171
387 1173
387 1215
387 1217
387 1383
387 58
387 66
387 335
387 339
387 360
388 613
388 656
388 761
388 769
388 1035
388 1217
388 45
388 58
388 335
388 339
388 341
388 343
388 361
1217 670
1217 825
1217 850
1217 935
1217 1115
1217 1136
1217 84
1217 200
1217 328
1217 335
1217 339
1217 341
1217 343
1217 1394
1071 478
1071 609
1071 687
1071 753
1071 754
1071 755
1071 992
1071 1005
1071 1025
1071 1035
1071 1041
1071 1069
1071 58
1071 125
1071 163
1071 343
1071 391
1071 398
1071 425
1071 444
1071 1393
1071 1270
1071 1144
1071 1275
1071 1425
1071 1206
1071 1451
1071 1128
1071 1096
1071 1251
1071 1072
1071 1245
478 6
478 58
478 63
478 99
478 116
478 124
478 125
478 166
478 192
478 253
478 323
478 347
478 444
478 755
478 1393
478 1015
478 757
478 1026
478 609
478 780
478 1547
478 662
478 1207
478 607
478 935
478 572
478 1194
478 1069
478 531
478 1331
478 1206
478 1149
478 1091
478 854
478 1347
478 917
478 1096
478 1025
478 849
478 1046
478 1232
478 1211
478 1110
478 1337
478 858
478 865
478 810
478 603
478 853
478 1495
478 746
478 1245
478 754
6 497
6 1035
6 1572
6 2
6 152
6 189
6 264
6 105
58 489
58 589
58 593
58 613
58 665
58 674
58 686
58 717
58 731
58 752
58 769
58 777
58 781
58 833
58 836
58 854
58 858
58 886
58 893
58 916
58 951
58 977
58 1035
58 1046
58 1047
58 1069
58 1076
58 1107
58 1136
58 1171
58 1194
58 1242
58 1264
58 1274
58 1311
58 1337
58 1394
58 1432
58 1465
58 1482
58 1502
58 1554
58 1565
58 1571
58 1572
58 19
58 31
58 192
58 222
58 247
58 253
58 268
58 318
58 319
58 331
58 335
58 339
58 341
58 359
58 382
58 419
58 265
58 62
63 672
63 782
63 914
63 959
63 222
99 553
99 810
99 897
99 1069
99 1096
99 1105
99 1232
99 1395
99 1402
99 280
99 253
99 222
116 602
116 641
116 648
116 651
116 672
116 725
116 734
116 756
116 780
116 783
116 853
116 854
116 918
116 1024
116 1026
116 1035
116 1047
116 1048
116 1069
116 1087
116 1096
116 1106
116 1149
116 1225
116 1332
116 1337
116 1355
116 1495
116 49
116 70
116 444
116 192
116 222
124 499
124 567
124 648
124 651
124 725
124 1025
124 1069
124 1096
124 1232
124 1377
124 1393
124 1477
124 1572
124 128
124 292
124 444
124 327
124 200
125 531
125 567
125 600
125 651
125 858
125 897
125 917
125 965
125 982
125 1025
125 1069
125 1110
125 1207
125 1423
125 1477
125 62
125 253
125 128
125 444
166 479
166 489
166 693
166 718
166 739
166 755
166 879
166 883
166 885
166 886
166 897
166 938
166 1046
166 1096
166 1112
166 1115
166 1127
166 1149
166 1226
166 1232
166 1250
166 1252
166 1261
166 1311
166 1314
166 1422
166 1484
166 1509
166 1515
166 1530
166 1547
166 1558
166 7
166 28
166 88
166 247
166 391
166 272
166 319
166 317
166 390
166 240
192 482
192 544
192 565
192 595
192 623
192 672
192 674
192 769
192 782
192 853
192 854
192 897
192 917
192 950
192 951
192 959
192 997
192 1035
192 1046
192 1067
192 1069
192 1087
192 1107
192 1127
192 1168
192 1206
192 1207
192 1232
192 1456
192 1547
192 33
192 41
192 107
192 247
192 376
192 253
192 193
192 281
192 301
192 196
192 280
192 235
253 480
253 494
253 497
253 516
253 553
253 589
253 623
253 670
253 672
253 755
253 756
253 775
253 782
253 853
253 854
253 948
253 950
253 959
253 960
253 997
253 1005
253 1025
253 1027
253 1030
253 1035
253 1046
253 1069
253 1088
253 1207
253 1221
253 1311
253 1319
253 1334
253 1403
253 1411
253 1530
253 1547
253 1566
253 2
253 52
253 196
253 211
253 247
253 280
253 281
253 303
253 316
253 324
253 335
253 338
253 346
253 419
253 425
253 445
323 485
323 494
323 554
323 641
323 674
323 752
323 812
323 814
323 897
323 984
323 1035
323 1127
323 1192
323 1374
323 1470
323 1529
323 1533
323 19
323 240
323 304
323 313
323 325
347 547
347 686
347 716
347 897
347 910
347 1127
347 1226
347 1515
347 1529
347 1530
347 54
444 503
444 528
444 553
444 651
444 671
444 746
444 753
444 757
444 768
444 769
444 944
444 965
444 1053
444 1069
444 1096
444 1127
444 1190
444 1245
444 1337
444 1382
444 1392
444 1423
444 1477
444 1572
444 1575
444 206
444 277
444 384
444 445
755 621
755 647
755 716
755 2
755 34
755 200
755 255
755 329
755 338
755 1402
755 1025
755 1566
755 1226
755 1066
755 1546
755 1069
755 824
755 1211
755 1206
755 964
755 854
755 1096
755 853
755 1258
755 1500
1393 489
1393 503
1393 586
1393 609
1393 647
1393 656
1393 687
1393 780
1393 813
1393 849
1393 964
1393 1141
1393 1149
1393 1150
1393 1184
1393 1206
1393 1223
1393 1244
1393 1245
1393 1246
1393 1251
1393 1274
1393 1287
1393 1297
1393 49
1393 78
1393 163
1393 235
1393 289
1393 1556
1393 1451
1015 43
1015 1038
757 1206
757 1293
757 1482
1026 533
1026 853
1026 854
1026 858
1026 894
1026 96
1026 151
1026 247
1026 270
1026 338
1026 358
1026 399
1026 425
1026 1035
1026 1566
1026 1069
1026 1474
1026 1352
1026 1106
1026 1125
1026 1262
609 586
609 78
609 163
609 235
609 308
609 647
609 1297
609 1556
609 813
609 1069
609 1451
609 1096
609 1223
609 849
609 687
609 1244
609 1245
609 1246
780 535
780 537
780 565
780 616
780 623
780 662
780 672
780 26
780 32
780 49
780 54
780 292
780 327
780 401
780 419
780 423
780 891
780 1524
780 1162
780 914
780 1176
780 1207
780 1035
780 937
780 1572
780 813
780 1069
780 827
780 959
780 960
780 1066
780 1223
780 977
780 1232
780 854
780 1364
780 1240
780 1495
780 1244
780 992
780 1246
780 795
780 1381
780 881
780 793
1547 565
1547 567
1547 620
1547 648
1547 651
1547 670
1547 747
1547 771
1547 774
1547 854
1547 879
1547 999
1547 1025
1547 1046
1547 1106
1547 1149
1547 1477
1547 2
1547 52
1547 254
1547 279
1547 281
1547 283
1547 302
1547 317
1547 319
1547 391
1547 419
662 508
662 534
662 181
662 1141
662 1530
662 1436
662 1572
662 1101
1207 521
1207 555
1207 576
1207 623
1207 651
1207 689
1207 721
1207 725
1207 731
1207 744
1207 749
1207 756
1207 782
1207 810
1207 818
1207 833
1207 836
1207 853
1207 854
1207 858
1207 959
1207 1012
1207 1047
1207 1069
1207 1096
1207 1166
1207 15
1207 49
1207 88
1207 152
1207 153
1207 155
1207 222
1207 235
1207 247
1207 249
1207 280
1207 281
1207 1464
1207 1403
1207 1311
1207 1211
1207 1394
1207 1232
1207 1471
1207 1524
607 498
607 66
607 338
607 436
607 1240
607 1314
607 783
935 520
935 589
935 603
935 643
935 658
935 659
935 717
935 718
935 725
935 748
935 754
935 756
935 826
935 835
935 12
935 36
935 57
935 69
935 143
935 153
935 259
935 264
935 271
935 353
935 380
935 401
935 1010
935 1265
935 1014
935 1156
935 1431
935 1313
935 1187
935 1572
935 1069
935 1460
935 1239
935 1522
935 1219
935 1488
935 1114
935 1372
935 1251
572 78
572 380
572 1566
572 681
572 1184
572 1248
572 713
572 938
572 589
572 880
1194 317
1069 480
1069 567
1069 576
1069 600
1069 602
1069 621
1069 629
1069 632
1069 648
1069 651
1069 672
1069 674
1069 746
1069 751
1069 769
1069 771
1069 783
1069 810
1069 817
1069 827
1069 849
1069 854
1069 858
1069 885
1069 897
1069 914
1069 917
1069 920
1069 940
1069 942
1069 949
1069 950
1069 959
1069 960
1069 981
1069 1025
1069 1035
1069 1040
1069 1046
1069 1047
1069 1048
1069 1053
1069 2
1069 3
1069 49
1069 86
1069 152
1069 165
1069 174
1069 193
1069 196
1069 200
1069 222
1069 244
1069 246
1069 247
1069 254
1069 255
1069 264
1069 271
1069 275
1069 280
1069 281
1069 331
1069 339
1069 362
1069 402
1069 419
1069 423
1069 1162
1069 1179
1069 1206
1069 1226
1069 1232
1069 1244
1069 1246
1069 1258
1069 1553
1069 1311
1069 1337
1069 1370
1069 1394
1069 1456
1069 1434
1069 1524
1069 1107
1069 1551
1069 1545
1069 1572
1069 1096
1069 1115
1069 1127
1069 1221
531 489
531 519
531 3
531 54
531 282
531 288
531 411
531 425
531 884
531 794
531 693
531 1150
531 1031
531 1413
531 653
531 916
531 656
531 897
531 1495
531 1251
531 1508
531 880
1331 783
1331 949
1331 993
1331 1127
1331 1337
1331 1465
1206 553
1206 584
1206 625
1206 744
1206 753
1206 754
1206 756
1206 761
1206 853
1206 854
1206 897
1206 959
1206 967
1206 1035
1206 1041
1206 1091
1206 1096
1206 196
1206 200
1206 313
1206 439
1206 445
1206 1423
1149 544
1149 569
1149 602
1149 623
1149 634
1149 756
1149 806
1149 813
1149 845
1149 860
1149 879
1149 881
1149 938
1149 1035
1149 1053
1149 1112
1149 1115
1149 1127
1149 1131
1149 55
1149 98
1149 168
1149 231
1149 272
1149 317
1149 319
1149 326
1149 343
1149 349
1149 390
1149 391
1149 1157
1149 1197
1149 1569
1149 1215
1149 1244
1149 1252
1149 1311
1149 1337
1149 1422
1149 1544
1091 583
1091 610
1091 749
1091 799
1091 836
1091 853
1091 854
1091 1035
1091 1046
1091 1401
1091 1572
1091 1456
1091 1211
1091 1365
854 482
854 499
854 521
854 544
854 546
854 565
854 610
854 623
854 648
854 651
854 671
854 672
854 674
854 689
854 728
854 746
854 749
854 756
854 758
854 769
854 771
854 775
854 828
854 836
854 847
854 853
854 2
854 41
854 49
854 54
854 70
854 86
854 151
854 193
854 211
854 222
854 247
854 279
854 280
854 281
854 289
854 317
854 319
854 324
854 331
854 358
854 428
854 1144
854 1168
854 1205
854 1232
854 1377
854 993
854 1311
854 1319
854 1334
854 858
854 1370
854 1402
854 1403
854 1434
854 940
854 1456
854 959
854 960
854 1471
854 984
854 1495
854 997
854 1001
854 1012
854 1107
854 1535
854 1035
854 950
854 1553
854 1572
854 1087
854 1095
854 1096
854 1046
854 1106
854 1121
854 1127
1347 777
1347 1131
1347 1268
917 505
917 594
917 651
917 652
917 671
917 707
917 801
917 825
917 36
917 64
917 200
917 213
917 402
917 1024
917 1035
917 955
917 1234
917 1240
917 1118
1096 481
1096 536
1096 544
1096 567
1096 586
1096 597
1096 602
1096 625
1096 651
1096 668
1096 672
1096 749
1096 751
1096 753
1096 754
1096 756
1096 779
1096 810
1096 843
1096 845
1096 853
1096 858
1096 920
1096 934
1096 951
1096 958
1096 1035
1096 1046
1096 1047
1096 1048
1096 1053
1096 1059
1096 1063
1096 1087
1096 1095
1096 70
1096 175
1096 178
1096 208
1096 222
1096 225
1096 247
1096 303
1096 306
1096 319
1096 338
1096 361
1096 375
1096 423
1096 443
1096 445
1096 1150
1096 1162
1096 1173
1096 1228
1096 1215
1096 1232
1096 1239
1096 1240
1096 1251
1096 1272
1096 1275
1096 1319
1096 1346
1096 1382
1096 1407
1096 1417
1096 1420
1096 1422
1096 1517
1096 1521
1096 1566
1096 1572
1096 1551
1096 1114
1025 600
1025 689
1025 705
1025 725
1025 727
1025 744
1025 769
1025 783
1025 784
1025 836
1025 853
1025 916
1025 982
1025 993
1025 7
1025 15
1025 128
1025 222
1025 281
1025 283
1025 317
1025 319
1025 391
1025 1423
1025 1035
1025 1162
1025 1046
1025 1564
1025 1053
1025 1191
1025 1048
1025 1228
1025 1238
1025 1370
1025 1127
1025 1385
1025 1131
849 586
849 647
849 687
849 813
849 163
849 1141
849 1297
849 1244
849 1245
849 1223
849 1246
849 1451
1046 480
1046 499
1046 548
1046 651
1046 692
1046 717
1046 754
1046 835
1046 858
1046 859
1046 882
1046 883
1046 934
1046 942
1046 950
1046 959
1046 1035
1046 64
1046 70
1046 76
1046 77
1046 86
1046 222
1046 235
1046 244
1046 247
1046 273
1046 280
1046 281
1046 317
1046 324
1046 335
1046 338
1046 353
1046 416
1046 1144
1046 1215
1046 1232
1046 1239
1046 1259
1046 1311
1046 1383
1046 1387
1046 1496
1046 1535
1046 1554
1046 1566
1046 1293
1046 1067
1046 1107
1046 1048
1232 520
1232 541
1232 553
1232 656
1232 659
1232 711
1232 756
1232 777
1232 806
1232 853
1232 865
1232 897
1232 920
1232 965
1232 997
1232 1034
1232 1035
1232 1077
1232 1127
1232 1225
1232 317
1232 338
1232 402
1232 1392
1232 1395
1232 1566
1232 1515
1232 1532
1232 1572
1232 1491
1232 1251
1211 511
1211 535
1211 672
1211 858
1211 993
1211 1035
1211 1061
1211 1088
1211 1106
1211 1110
1211 49
1211 324
1211 1311
1211 1212
1211 1226
1110 564
1110 718
1110 49
1337 610
1337 702
1337 746
1337 782
1337 802
1337 853
1337 959
1337 1005
1337 1120
1337 1162
1337 1218
1337 1318
1337 1329
1337 1330
1337 1332
1337 12
1337 41
1337 81
1337 235
1337 312
1337 313
1337 315
1337 343
1337 359
1337 394
1337 1394
1337 1523
1337 1533
1337 1465
858 651
858 672
858 749
858 782
858 836
858 86
858 222
858 244
858 273
858 280
858 281
858 343
858 415
858 884
858 1035
858 1162
858 1311
858 939
858 959
858 859
858 1005
865 479
865 489
865 599
865 629
865 708
865 777
865 797
865 230
865 240
865 282
865 319
865 443
865 1136
865 884
865 1395
865 897
865 1530
865 916
865 965
865 1220
865 1382
865 1386
810 480
810 553
810 749
810 280
810 1395
810 1145
810 897
810 1035
810 965
810 1226
603 558
603 84
603 1173
603 1277
853 480
853 482
853 499
853 521
853 544
853 546
853 610
853 623
853 672
853 674
853 746
853 749
853 769
853 775
853 836
853 12
853 49
853 86
853 152
853 178
853 188
853 196
853 222
853 280
853 281
853 289
853 317
853 358
853 1205
853 1311
853 1319
853 1334
853 1173
853 1370
853 1403
853 916
853 940
853 949
853 1456
853 959
853 960
853 1471
853 997
853 1012
853 1535
853 1035
853 1120
853 1049
853 1377
853 1087
853 1095
853 1106
853 1127
1495 839
1495 1225
1495 1355
1495 41
1495 49
1495 178
1495 320
1495 328
1495 445
746 643
746 235
746 339
746 950
746 951
746 959
746 965
1245 503
1245 586
1245 656
1245 687
1245 754
1245 813
1245 1127
1245 1141
1245 1184
1245 1223
1245 1244
1245 163
1245 235
1245 328
1245 368
1245 1246
1245 1297
1245 1451
1245 1329
754 489
754 503
754 535
754 753
754 105
754 107
754 172
754 317
754 339
754 367
754 392
754 410
754 1521
754 764
754 1403
754 1532
754 1413
754 781
754 1168
754 1432
754 1311
754 897
754 1315
754 1572
754 1008
754 1107
754 880
479 120
479 182
479 319
479 366
479 1397
479 1272
479 640
479 897
479 1530
479 777
479 1413
479 1417
479 689
479 693
479 1150
479 716
479 1228
479 1112
479 1241
479 489
479 712
120 897
120 1136
120 1275
120 1335
120 317
120 240
120 242
182 629
182 777
182 814
182 880
182 1136
182 30
182 114
182 382
182 270
182 282
182 419
182 412
319 494
319 656
319 698
319 727
319 744
319 806
319 879
319 952
319 965
319 1018
319 1105
319 1112
319 1115
319 1131
319 1137
319 1251
319 1252
319 1311
319 1434
319 1446
319 1470
319 1476
319 1533
319 7
319 41
319 69
319 216
319 283
319 317
319 390
319 391
366 482
366 588
366 612
366 689
366 732
366 830
366 864
366 956
366 1101
366 1219
366 1423
366 1507
366 85
366 145
366 200
366 268
366 281
366 288
366 392
366 367
366 369
1397 689
1397 716
1397 808
1397 1219
1397 100
1397 240
1397 241
1272 805
1272 886
1272 1008
1272 1056
1272 1150
1272 1215
1272 230
1272 327
1272 1389
1272 1571
640 525
640 621
640 161
640 178
640 179
640 255
640 306
640 310
640 352
640 372
640 404
640 1392
640 759
640 769
640 1182
640 656
640 825
640 832
640 705
897 485
897 489
897 496
897 540
897 586
897 629
897 674
897 691
897 693
897 712
897 716
897 753
897 777
897 782
897 792
897 796
897 799
897 816
897 880
897 883
897 884
897 885
897 886
897 14
897 18
897 25
897 36
897 70
897 144
897 150
897 200
897 213
897 219
897 244
897 246
897 247
897 255
897 275
897 297
897 308
897 310
897 317
897 331
897 358
897 382
897 405
897 411
897 425
897 1136
897 1389
897 1147
897 1308
897 1182
897 1186
897 1317
897 1220
897 1226
897 1250
897 1241
897 1305
897 1311
897 1314
897 1315
897 1343
897 1050
897 1382
897 1401
897 1406
897 1413
897 1427
897 1104
897 965
897 967
897 977
897 993
897 1010
897 1530
897 1532
897 1568
897 1007
897 1077
897 1087
897 1088
897 1093
897 1115
1530 489
1530 547
1530 548
1530 619
1530 638
1530 693
1530 728
1530 734
1530 777
1530 784
1530 799
1530 816
1530 880
1530 883
1530 884
1530 910
1530 998
1530 1037
1530 1136
1530 1150
1530 1220
1530 1221
1530 1226
1530 1276
1530 1305
1530 1324
1530 1375
1530 1382
1530 1396
1530 1413
1530 1427
1530 1486
1530 1505
1530 1518
1530 1529
1530 18
1530 240
1530 292
1530 345
1530 405
1530 410
1530 1553
1530 1532
777 489
777 540
777 543
777 578
777 579
777 619
777 629
777 693
777 140
777 150
777 172
777 246
777 282
777 310
777 317
777 331
777 396
777 1136
777 1521
777 799
777 1413
777 791
777 792
777 1305
777 1181
777 1315
777 1568
777 1114
777 938
777 816
777 1577
777 1382
777 916
777 1220
777 1088
777 1445
777 844
777 1226
777 906
777 850
777 1486
777 1115
777 1554
777 1139
777 885
777 907
777 880
777 1228
1413 579
1413 880
1413 884
1413 1136
1413 1150
1413 1248
1413 1382
1413 1395
1413 54
1413 160
1413 230
1413 282
1417 516
1417 629
1417 672
1417 674
1417 826
1417 965
1417 1035
1417 1127
1417 1215
1417 1314
1417 1382
689 520
689 540
689 1348
689 1423
689 1317
689 968
689 739
689 1219
689 1177
689 1507
689 1509
693 647
693 674
693 691
693 208
693 246
693 312
693 313
693 315
693 443
693 1136
693 885
693 886
693 916
693 1186
693 816
693 1382
693 716
693 1226
693 1241
693 880
693 1262
1150 489
1150 526
1150 540
1150 568
1150 691
1150 799
1150 880
1150 884
1150 998
1150 18
1150 205
1150 213
1150 230
1150 255
1150 308
1150 310
1150 396
1150 405
1150 410
1150 1264
1150 1233
1150 1486
1150 1322
1150 1465
1150 1220
1150 1308
1150 1363
1150 1375
1150 1382
716 489
716 501
716 505
716 515
716 540
716 555
716 558
716 668
716 54
716 337
716 339
716 884
716 910
716 799
716 1433
716 1190
716 824
716 1348
716 1101
716 850
716 1116
716 1504
1228 516
1228 656
1228 282
1228 382
1228 1251
1112 489
1112 534
1112 879
1112 934
1112 188
1112 317
1112 361
1112 390
1112 413
1112 1226
1112 1115
1112 1252
1241 489
1241 880
1241 1377
489 25
489 247
489 255
489 270
489 282
489 308
489 310
489 311
489 405
489 1136
489 884
489 629
489 886
489 506
489 863
489 885
489 516
489 540
489 1389
489 799
489 1182
489 1311
489 1317
489 1482
489 1568
489 1275
489 1382
489 916
489 1532
489 578
489 1343
489 1220
489 1095
489 1248
489 1486
489 1314
489 998
489 1506
489 748
489 1509
489 880
489 712
712 546
712 621
712 656
712 674
712 102
712 255
712 1506
712 1343
712 1220
712 1351
712 1486
712 880
712 1382
712 1305
712 753
480 64
481 143
143 825
143 1147
143 1472
143 26
482 3
482 54
482 145
482 282
482 419
482 1329
482 542
482 567
482 1215
482 1251
482 621
3 1006
3 1191
3 1470
54 656
54 701
54 885
54 916
54 1118
54 1239
54 1244
54 1314
54 1427
54 1444
54 1500
54 247
54 385
54 411
54 349
54 282
145 1024
145 1289
145 1507
282 641
282 653
282 656
282 665
282 672
282 791
282 792
282 906
282 907
282 916
282 1029
282 1136
282 1220
282 1251
282 1541
282 419
282 425
282 288
282 411
282 358
419 535
419 589
419 601
419 648
419 651
419 659
419 670
419 713
419 769
419 805
419 876
419 918
419 961
419 965
419 1024
419 1042
419 1076
419 1111
419 1145
419 1157
419 1240
419 1246
419 1293
419 1527
419 1536
419 1553
419 43
419 57
419 69
419 121
419 200
419 208
419 240
419 258
419 308
419 409
419 420
419 425
1329 949
1329 993
1329 1024
1329 1127
1329 1190
1329 172
1329 1566
542 1470
567 516
567 48
567 200
567 222
567 288
567 317
567 328
567 335
567 352
567 360
567 1390
567 639
567 656
567 914
567 916
567 1305
567 1432
567 1423
567 709
567 1220
567 982
567 1100
567 1240
567 753
1215 514
1215 594
1215 670
1215 674
1215 752
1215 765
1215 827
1215 923
1215 1007
1215 1168
1215 2
1215 7
1215 18
1215 179
1215 200
1215 240
1215 250
1215 272
1215 304
1215 312
1215 313
1215 315
1215 317
1215 335
1215 339
1215 377
1215 1517
1215 1411
1215 1500
1215 1315
1215 1230
1215 1476
1251 498
1251 516
1251 520
1251 522
1251 536
1251 555
1251 558
1251 629
1251 655
1251 658
1251 663
1251 671
1251 672
1251 674
1251 753
1251 781
1251 802
1251 843
1251 885
1251 891
1251 920
1251 956
1251 964
1251 965
1251 1010
1251 1038
1251 1078
1251 1115
1251 1123
1251 1141
1251 1166
1251 1168
1251 1197
1251 1244
1251 1250
1251 18
1251 56
1251 77
1251 88
1251 105
1251 126
1251 155
1251 198
1251 247
1251 260
1251 262
1251 266
1251 268
1251 272
1251 277
1251 292
1251 317
1251 327
1251 338
1251 339
1251 343
1251 348
1251 386
1251 389
1251 390
1251 391
1251 396
1251 416
1251 417
1251 434
1251 445
1251 1491
1251 1263
1251 1275
1251 1498
1251 1313
1251 1315
1251 1333
1251 1343
1251 1379
1251 1382
1251 1385
1251 1387
1251 1395
1251 1265
1251 1410
1251 1507
1251 1527
1251 1523
1251 1533
1251 1541
1251 1289
1251 1554
1251 1572
621 193
621 320
621 1390
621 1144
621 1035
621 1038
621 955
621 1123
483 343
483 1024
343 496
343 593
343 629
343 651
343 686
343 717
343 781
343 836
343 879
343 883
343 916
343 927
343 1038
343 1168
343 1311
343 1432
343 88
343 382
343 391
343 358
1024 525
1024 648
1024 651
1024 663
1024 670
1024 713
1024 747
1024 759
1024 769
1024 771
1024 960
1024 18
1024 31
1024 36
1024 52
1024 86
1024 162
1024 234
1024 240
1024 306
1024 308
1024 331
1024 425
1024 1330
1024 1523
1024 1370
1024 1246
198 541
198 658
198 1034
198 1123
198 1175
198 1313
198 1389
198 81
198 88
198 266
1247 1519
1247 1572
535 498
535 8
535 18
535 81
535 85
535 126
535 222
535 310
535 408
535 1293
535 537
535 1176
535 1315
535 1343
535 1093
535 1221
535 1226
535 1364
965 516
965 576
965 583
965 610
965 648
965 651
965 656
965 672
965 685
965 765
965 771
965 775
965 836
965 845
965 880
965 959
965 964
965 15
965 37
965 66
965 161
965 178
965 200
965 304
965 306
965 317
965 332
965 360
965 1168
965 1240
965 1305
965 1311
965 1395
965 1437
965 1441
965 1464
965 1500
965 1517
965 1533
965 1034
965 1035
965 1545
965 1205
965 1127
1313 658
1313 1034
1313 1123
1313 1132
1313 69
1313 81
1313 1408
1313 1576
1313 1491
1314 495
1314 552
1314 597
1314 629
1314 639
1314 774
1314 802
1314 824
1314 831
1314 843
1314 868
1314 879
1314 880
1314 885
1314 912
1314 944
1314 977
1314 1029
1314 1055
1314 1082
1314 1090
1314 1132
1314 1136
1314 1166
1314 1190
1314 1269
1314 1270
1314 52
1314 84
1314 200
1314 212
1314 240
1314 247
1314 312
1314 313
1314 315
1314 338
1314 350
1314 391
1314 434
1314 436
1314 437
1314 1461
1314 1571
1314 1444
1314 1382
1314 1488
1314 1496
1314 1565
485 304
485 379
485 1234
485 1519
485 1058
485 1496
485 1250
485 1165
304 508
304 525
304 594
304 685
304 932
304 964
304 1066
304 1127
304 1240
304 1507
304 52
304 181
304 268
304 394
379 612
379 887
379 971
379 18
379 77
1234 783
1234 886
1234 289
1519 508
1519 534
1519 790
1519 1136
1519 1340
1519 1436
1519 1455
1519 174
1519 181
1519 320
1519 382
1058 496
1058 983
1058 1010
1058 1030
1058 1038
1058 1515
1496 525
1496 599
1496 629
1496 736
1496 784
1496 799
1496 844
1496 1365
1496 308
1496 312
1496 313
1496 315
1496 331
1250 512
1250 548
1250 629
1250 747
1250 784
1250 880
1250 941
1250 1115
1250 1116
1250 1186
1250 1226
1250 12
1250 53
1250 78
1250 297
1250 310
1250 331
1250 1369
1250 1554
1250 1315
1250 1317
1250 1372
1250 1476
1250 1427
1165 30
486 1423
486 1114
1423 670
1423 753
1423 880
1423 1348
1423 273
1423 303
1423 313
1423 1479
1114 560
1114 605
1114 636
1114 685
1114 812
1114 884
1114 910
1114 956
1114 1087
1114 0
1114 12
1114 61
1114 152
1114 317
1114 331
1114 344
1114 356
1114 432
1114 1136
1114 1422
1114 1172
1114 1447
1114 1507
1114 1116
1114 1256
1114 1262
487 51
51 512
51 1420
25 726
25 1264
25 420
25 218
247 497
247 525
247 550
247 576
247 600
247 602
247 605
247 655
247 674
247 730
247 773
247 829
247 836
247 880
247 885
247 886
247 887
247 927
247 999
247 1007
247 1035
247 1087
247 1102
247 1136
247 1382
247 1387
247 1486
247 1554
247 1566
247 36
247 68
247 95
247 140
247 208
247 212
247 246
247 275
247 415
247 317
255 629
255 713
255 1121
255 1256
255 1259
255 230
255 410
270 543
270 575
270 876
270 880
270 1105
270 1326
270 1427
270 14
270 229
270 380
270 416
270 420
270 325
308 629
308 670
308 705
308 784
308 824
308 885
308 886
308 1101
308 1191
308 1226
308 1239
308 1274
308 1506
308 37
308 425
310 667
310 686
310 880
310 1315
310 1352
310 1577
310 302
310 432
311 784
311 1019
311 350
405 1474
405 1482
1136 534
1136 540
1136 548
1136 579
1136 619
1136 691
1136 721
1136 816
1136 880
1136 916
1136 1066
1136 142
1136 200
1136 246
1136 339
1136 1455
1136 1436
1136 1220
1136 1226
1136 1486
1136 1554
1136 1382
884 721
884 758
884 230
884 359
629 511
629 544
629 547
629 569
629 589
629 35
629 85
629 88
629 94
629 105
629 136
629 200
629 212
629 321
629 359
629 374
629 397
629 410
629 1160
629 1167
629 672
629 674
629 715
629 1230
629 1252
629 1268
629 784
629 1311
629 1324
629 830
629 880
629 914
629 955
629 992
629 1506
629 1035
629 1101
629 1121
886 498
886 512
886 547
886 638
886 707
886 883
886 86
886 219
886 222
886 229
886 273
886 288
886 317
886 331
886 349
886 370
886 907
886 916
886 1100
886 1145
886 1357
886 1226
886 977
886 992
886 993
886 1239
886 1115
506 98
506 999
506 1572
863 713
885 512
885 513
885 547
885 578
885 579
885 638
885 883
885 26
885 86
885 200
885 229
885 272
885 288
885 331
885 353
885 382
885 1395
885 1145
885 1275
885 1532
885 916
885 1551
885 1326
885 1100
885 1357
885 1239
885 1115
885 993
885 1127
516 32
516 67
516 115
516 165
516 170
516 199
516 280
516 281
516 297
516 300
516 338
516 404
516 767
516 655
516 784
516 914
516 533
516 783
516 1566
516 1061
516 1062
516 942
516 1197
516 948
516 1066
516 1477
516 730
516 1369
516 1093
516 867
516 872
516 540
516 1128
540 96
540 162
540 691
540 1170
540 799
540 1220
1389 658
1389 717
1389 1093
1389 1166
1389 1300
1389 268
1389 1541
1389 1490
799 1121
799 1438
799 1101
1182 656
1182 700
1182 361
1311 576
1311 672
1311 936
1311 943
1311 1005
1311 1035
1311 1212
1311 34
1311 48
1311 69
1311 70
1311 77
1311 78
1311 222
1311 246
1311 280
1311 281
1311 303
1311 306
1311 313
1311 315
1311 338
1311 358
1311 394
1311 416
1311 423
1311 1395
1311 1319
1311 1445
1311 1509
1317 880
1317 1315
1317 1316
1317 1382
1482 795
1482 812
1482 1042
1482 1093
1482 348
1568 698
1568 1307
1568 1403
1568 188
1568 297
1568 306
1275 495
1275 918
1275 994
1275 1001
1275 77
1275 81
1275 240
1275 273
1275 313
1275 331
1275 1408
1275 1562
1382 579
1382 674
1382 753
1382 832
1382 880
1382 916
1382 993
1382 1087
1382 1127
1382 1197
1382 1220
1382 1305
1382 68
1382 142
1382 244
1382 246
1382 313
1382 317
1382 350
1382 443
916 619
916 774
916 795
916 880
916 118
916 200
916 230
916 275
916 288
916 443
916 992
916 1193
916 1487
916 1226
916 1164
916 1005
1532 1077
1532 1093
1532 1100
1532 1127
1532 1226
1532 1315
1532 172
1532 275
1532 1564
578 575
578 313
578 599
578 1138
578 665
578 1326
1343 529
1343 637
1343 1226
1343 1261
1343 331
1220 816
1220 288
1095 597
1095 797
1095 12
1095 33
1095 202
1095 264
1095 1394
1095 1572
1248 533
1248 891
1248 943
1248 964
1248 121
1248 240
1248 1287
1248 1470
1486 880
1486 1124
1486 1125
1486 1536
998 229
998 240
998 1145
998 1187
1506 670
1506 1050
1506 1258
1506 1274
1506 1315
1506 1365
1506 1476
1506 15
1506 45
1506 127
1506 313
1506 317
1506 353
1506 400
1506 1554
748 1238
748 1282
1509 696
1509 701
1509 880
1509 898
1509 938
1509 1168
1509 229
1509 231
1509 382
1509 1569
880 548
880 656
880 795
880 14
880 22
880 188
880 225
880 230
880 297
880 317
880 402
880 437
880 1035
880 1308
880 1186
880 1566
880 1315
880 1260
880 1088
880 1256
880 1365
880 1369
880 993
880 999
880 1007
880 1427
391 544
391 571
391 634
391 638
391 656
391 672
391 674
391 727
391 744
391 845
391 879
391 938
391 1035
391 1078
391 1120
391 1127
391 1131
391 1422
391 1470
391 1566
391 7
391 168
391 212
391 231
391 268
391 272
391 283
391 317
391 338
391 390
547 519
547 345
547 353
547 410
547 1529
547 1037
547 910
547 701
547 1276
547 968
547 1226
547 728
547 1386
1014 736
1082 674
1082 843
1082 1080
1082 37
1082 84
1082 96
1082 200
1082 212
1082 415
1082 1572
1082 1240
701 696
701 91
701 110
701 194
701 240
701 382
701 837
701 938
701 856
1226 498
1226 512
1226 599
1226 638
1226 655
1226 672
1226 674
1226 711
1226 717
1226 725
1226 737
1226 752
1226 756
1226 782
1226 882
1226 883
1226 977
1226 992
1226 993
1226 1001
1226 1005
1226 1010
1226 1035
1226 1100
1226 1115
1226 1144
1226 22
1226 30
1226 66
1226 86
1226 107
1226 110
1226 151
1226 172
1226 173
1226 200
1226 204
1226 219
1226 229
1226 240
1226 273
1226 331
1226 345
1226 349
1226 370
1226 380
1226 382
1226 384
1226 1239
1226 1276
1226 1411
1226 1433
1226 1357
1226 1508
1226 1545
1226 1555
656 498
656 15
656 18
656 19
656 77
656 168
656 272
656 288
656 306
656 313
656 317
656 372
656 445
656 763
656 1240
656 1157
656 1288
656 1426
656 1055
656 687
656 1089
656 1093
656 1352
656 1227
656 1244
656 1147
656 1489
656 1115
656 1116
656 736
656 1246
656 795
656 775
656 879
491 1564
1564 1536
492 1425
492 504
1425 553
504 226
504 331
504 1491
504 1523
504 1132
8 635
8 782
8 894
8 1277
8 1293
8 80
8 408
494 1127
1127 553
1127 588
1127 602
1127 641
1127 663
1127 684
1127 711
1127 717
1127 756
1127 775
1127 781
1127 802
1127 860
1127 873
1127 918
1127 969
1127 999
1127 1077
1127 1078
1127 1115
1127 7
1127 37
1127 69
1127 85
1127 126
1127 168
1127 242
1127 272
1127 277
1127 278
1127 306
1127 312
1127 313
1127 315
1127 350
1127 369
1127 390
1127 413
1127 1162
1127 1168
1127 1192
1127 1225
1127 1310
1127 1330
1127 1350
1127 1357
1127 1392
1127 1395
1127 1401
1127 1507
1127 1533
1127 1543
1127 1560
1127 1572
1127 1128
1127 1130
495 127
495 130
495 240
495 1042
495 1316
495 944
127 551
127 721
127 1282
127 1490
127 117
127 130
240 613
240 620
240 674
240 753
240 795
240 868
240 898
240 1001
240 1030
240 1235
240 1448
240 1485
240 28
240 161
240 229
240 231
240 297
240 292
240 433
240 386
240 428
1042 769
1042 57
1042 409
1042 1342
1042 1240
1042 1344
1316 620
944 553
944 200
944 212
944 437
496 44
496 67
496 195
496 246
496 264
496 427
496 779
496 1312
496 1191
496 948
496 1470
496 1101
496 1468
496 597
44 914
44 936
44 1161
44 1365
44 1387
195 583
195 1437
195 1439
246 550
246 990
246 70
246 280
264 720
264 1201
264 1223
264 1240
264 1437
264 1454
264 32
264 200
427 844
427 1088
427 1161
779 1027
1312 914
1312 1124
1312 88
1312 193
1312 1420
1191 513
1191 670
1191 705
1191 743
1191 35
1191 62
1191 288
1191 349
1191 1201
1191 1204
948 178
948 188
948 222
948 338
948 1517
948 1106
1470 544
1470 571
1470 663
1470 672
1470 676
1470 698
1470 718
1470 744
1470 881
1470 914
1470 1131
1470 1365
1470 105
1470 168
1470 272
1470 283
1470 317
1470 390
1470 1476
1101 564
1101 605
1101 784
1101 927
1101 1038
1101 1088
1101 0
1101 348
1101 396
1101 410
1101 1230
1101 1308
1468 1451
597 283
497 162
497 189
497 208
497 225
497 633
497 887
497 773
497 1332
497 1351
162 651
162 1067
162 292
162 409
189 652
189 795
189 193
208 600
208 648
208 887
208 1456
208 205
208 243
208 313
208 425
225 805
225 1092
225 1515
225 2
225 217
887 651
887 172
887 375
887 398
773 678
773 94
773 326
773 1057
773 1551
773 1204
1332 1144
1351 546
1351 625
1351 1128
1351 150
1351 216
498 200
498 907
498 672
200 534
200 594
200 671
200 672
200 674
200 792
200 845
200 914
200 955
200 958
200 981
200 1035
200 1055
200 1076
200 1087
200 1436
200 1566
200 36
200 39
200 69
200 84
200 105
200 212
200 280
200 281
200 312
200 313
200 315
200 317
200 360
200 437
200 445
907 791
907 792
907 906
907 303
907 955
907 1365
672 499
672 576
672 589
672 610
672 651
672 9
672 18
672 39
672 49
672 66
672 69
672 70
672 86
672 105
672 213
672 244
672 280
672 281
672 312
672 313
672 315
672 317
672 340
672 358
672 382
672 445
672 674
672 1212
672 730
672 1239
672 782
672 850
672 1365
672 914
672 1422
672 920
672 1456
672 967
672 981
672 1035
672 1076
672 1087
499 28
499 338
499 914
499 1035
28 565
28 647
28 657
28 788
28 931
28 1223
28 1515
28 376
28 69
28 214
28 105
28 370
338 546
338 555
338 576
338 591
338 616
338 623
338 651
338 674
338 775
338 783
338 818
338 836
338 1027
338 1063
338 1107
338 1236
338 1319
338 1334
338 1370
338 1566
338 2
338 21
338 35
338 52
338 86
338 280
338 316
338 350
338 346
914 625
914 627
914 659
914 674
914 729
914 734
914 782
914 845
914 39
914 105
914 213
914 230
914 312
914 313
914 315
914 383
914 445
914 997
914 1076
914 1035
914 1036
914 1515
914 919
914 920
914 1563
914 1184
914 1577
914 1087
914 1230
914 981
914 982
914 1533
1035 520
1035 544
1035 546
1035 576
1035 602
1035 610
1035 651
1035 674
1035 692
1035 717
1035 730
1035 749
1035 756
1035 782
1035 845
1035 879
1035 892
1035 920
1035 967
1035 981
1035 39
1035 70
1035 105
1035 188
1035 213
1035 244
1035 280
1035 306
1035 313
1035 315
1035 317
1035 327
1035 331
1035 358
1035 376
1035 445
1035 1162
1035 1566
1035 1258
1035 1305
1035 1515
1035 1392
1035 1403
1035 1456
1035 1572
1035 1076
1035 1087
289 647
289 687
289 1083
289 1088
289 1168
289 1365
289 196
289 205
313 518
313 674
313 686
313 696
313 845
313 856
313 955
313 1087
313 1259
313 1276
313 1282
313 1348
313 1349
313 1352
313 1497
313 1511
313 1529
313 1571
313 9
313 24
313 84
313 110
313 168
313 171
313 205
313 211
313 212
313 213
313 219
313 303
313 346
313 329
313 380
313 392
313 415
313 416
313 417
400 729
400 1476
400 1558
400 29
400 102
400 205
400 332
501 147
501 564
501 1050
564 560
564 830
1050 508
1050 651
1050 161
502 205
502 235
502 503
502 1572
502 1385
205 602
205 643
205 684
205 805
205 1115
205 1221
205 1357
205 1427
205 1553
205 1571
205 69
205 224
205 280
205 312
205 315
205 348
205 353
205 230
235 565
235 651
235 687
235 813
235 959
235 1030
235 1223
235 1244
235 1246
235 1319
235 107
235 193
235 376
235 281
503 1072
503 687
1572 627
1572 723
1572 751
1572 761
1572 769
1572 783
1572 805
1572 821
1572 843
1572 934
1572 958
1572 1043
1572 1053
1572 1063
1572 1137
1572 1190
1572 1301
1572 1396
1572 1452
1572 1483
1572 15
1572 94
1572 222
1572 228
1572 294
1572 361
1572 377
1572 423
1385 756
1385 822
1385 999
1385 36
1385 413
1385 1507
1072 553
1072 445
687 586
687 647
687 163
687 1297
687 1556
687 813
687 1451
687 702
687 1223
687 1244
687 1246
226 736
226 1008
226 1271
226 1364
226 1365
226 371
331 558
331 705
331 736
331 756
331 826
331 1030
331 1080
331 1093
331 1130
331 1168
331 1186
331 1233
331 1352
331 1357
331 1427
331 1432
331 1521
331 1569
331 24
331 150
331 275
331 297
331 303
331 353
331 348
1491 553
1491 658
1491 860
1491 1067
1491 1077
1491 1132
1491 1365
1491 12
1491 57
1491 88
1491 219
1523 1175
1132 658
1132 15
1132 88
505 222
505 756
222 533
222 681
222 782
222 844
222 883
222 1001
222 1048
222 1106
222 1218
222 1566
222 2
222 52
222 70
222 193
222 196
222 273
222 279
222 281
222 415
756 508
756 627
756 212
756 317
756 320
756 920
756 1554
756 964
756 1521
756 1356
756 1233
98 358
98 368
999 652
999 844
999 52
999 112
999 213
999 228
999 1461
30 605
30 964
30 1147
30 1348
30 1387
30 1432
32 817
32 1315
32 437
35 1166
35 1177
35 1507
35 29
35 297
35 350
35 369
55 1466
55 24
55 340
55 56
69 674
69 822
69 920
69 1172
69 1288
69 1315
69 1483
69 210
69 425
69 197
69 332
69 336
69 88
78 537
78 975
78 1094
78 1145
78 1395
78 275
78 317
78 229
88 574
88 684
88 717
88 952
88 1005
88 1137
88 1146
88 1197
88 1446
88 1507
88 31
88 81
88 151
88 416
88 201
132 775
132 114
132 129
132 358
150 705
150 820
150 1265
150 1526
150 360
168 544
168 569
168 571
168 634
168 744
168 845
168 879
168 1078
168 1120
168 1131
168 1166
168 1422
168 1566
168 7
168 303
168 317
168 272
168 390
168 231
170 692
170 765
170 836
170 1324
170 1365
170 1517
170 52
170 94
170 112
170 303
170 188
187 724
187 726
187 727
187 825
187 1044
187 1264
187 15
187 165
213 525
213 594
213 674
213 708
213 801
213 844
213 879
213 955
213 1080
213 1118
213 1168
213 1240
213 1274
213 36
213 53
213 312
213 317
213 315
213 445
213 358
219 1353
219 315
230 526
230 619
230 670
230 705
230 1139
230 1186
230 1233
230 1308
230 1449
230 1569
230 411
230 297
233 868
233 425
283 698
283 727
283 744
283 1131
283 7
283 317
288 1053
288 411
288 425
291 647
291 717
291 934
292 718
312 674
312 845
312 955
312 1348
312 1349
312 84
312 171
312 212
312 329
312 415
315 518
315 674
315 717
315 736
315 845
315 955
315 1154
315 1348
315 1349
315 1415
315 1571
315 15
315 24
315 84
315 171
315 212
315 303
315 329
315 415
317 544
317 546
317 550
317 583
317 698
317 727
317 744
317 747
317 836
317 845
317 879
317 955
317 1005
317 1012
317 1115
317 1131
317 1252
317 1308
317 1315
317 1395
317 1422
317 1554
317 1577
317 7
317 212
317 231
317 272
317 303
317 382
317 390
317 416
317 437
317 360
335 845
335 1007
335 1076
335 1171
335 1259
335 18
335 66
335 250
335 360
335 339
335 359
339 579
339 668
339 718
339 845
339 1007
339 1287
339 1433
339 66
339 273
339 360
339 341
341 583
341 613
341 769
341 1007
341 1038
341 1043
341 1076
341 1383
341 45
341 360
372 700
372 868
372 36
372 108
372 306
372 425
382 674
382 1005
382 1359
382 429
396 397
397 600
397 784
397 105
397 361
415 605
415 651
415 725
415 736
415 774
415 781
415 836
415 1034
415 1100
415 1554
415 29
415 37
415 329
416 732
416 747
416 814
416 851
416 1197
416 1323
416 1372
416 1395
416 144
416 218
416 295
416 303
416 325
416 350
437 525
437 639
437 824
437 845
437 868
437 1059
437 1118
437 1123
437 1240
437 1411
437 1528
437 66
437 84
437 212
437 436
443 1107
443 381
1141 586
1141 4
1141 1441
1141 1411
1141 1223
1141 1451
1147 720
1147 179
1147 244
1147 266
1147 377
1147 380
1147 1287
1147 1300
1147 1238
1147 1500
1147 1259
641 254
641 825
641 1477
1308 843
1308 1121
1308 1170
1308 1390
1166 520
1166 544
1166 684
1166 728
1166 774
1166 851
1166 896
1166 927
1166 1016
1166 81
1166 105
1166 114
1166 128
1166 129
1166 433
1166 1263
1166 1522
1166 1289
1166 1167
1166 1252
1166 1387
1166 1487
1166 1369
1166 1533
1166 1408
683 1517
691 619
691 272
691 1186
691 816
696 599
696 670
696 110
696 229
696 433
696 1073
696 1006
696 975
696 721
696 1357
708 537
708 955
724 411
724 1264
724 1044
724 726
724 727
726 218
726 1044
726 727
726 1264
727 7
727 411
727 1044
727 744
727 1264
727 1131
1324 1268
1324 95
1324 383
1324 425
747 560
747 698
747 105
747 385
747 390
747 1010
747 1533
747 1445
747 1252
747 1508
747 1365
747 879
747 881
752 361
752 1293
752 1483
1262 581
1262 665
1262 667
1262 1019
1262 1261
1262 39
1262 92
1262 103
1262 257
1262 1296
1262 1559
1262 1560
1262 1326
1262 1277
1262 1387
1264 881
1264 1044
1264 218
1264 411
1268 583
1268 598
1268 1219
1268 27
1268 85
1268 95
1268 172
1268 217
1268 244
1269 544
1269 574
1269 879
1269 1038
1269 114
1269 1394
774 81
774 129
774 212
774 380
774 417
774 1176
774 1507
1288 303
784 136
784 172
784 374
784 1088
784 1474
784 971
784 1030
826 605
826 1476
826 1365
826 1240
826 1115
826 1500
829 81
829 983
829 1505
816 795
816 1305
845 594
845 674
845 66
845 218
845 272
845 320
845 358
845 390
845 1571
845 955
845 879
1363 651
1363 692
1363 825
1363 1239
1363 336
868 53
868 66
868 212
868 278
868 1139
868 1461
869 257
869 420
869 1125
869 876
1383 1007
1383 1038
1383 318
1383 359
1383 360
1383 1471
879 31
879 129
879 361
879 385
879 390
879 1157
879 1005
879 938
879 1115
879 1252
879 881
1387 713
1387 805
1387 1333
1387 278
1387 1541
883 638
883 349
883 1093
883 997
1395 836
1395 1056
1395 1162
1395 1197
1395 171
1395 196
1395 413
927 802
927 241
927 1402
1437 1439
1476 605
1476 718
1476 744
1476 1120
1476 1204
1476 167
1476 1553
971 107
971 358
971 1123
975 643
975 825
975 173
975 268
1488 785
1488 801
1488 1175
1488 81
992 605
992 161
992 1144
992 1508
992 1038
997 565
997 844
997 280
997 281
997 370
997 376
997 1107
997 1554
512 161
512 1516
512 1328
512 1219
512 596
512 732
512 1372
512 1507
515 952
515 912
1553 670
1553 769
1553 836
1553 1120
1553 19
1553 167
1553 268
1553 425
1553 1555
1554 938
1554 1005
1554 1012
1554 1107
1554 1315
1554 1365
1554 1415
1554 1427
1038 553
1038 571
1038 601
1038 1007
1038 105
1038 163
1038 243
1038 318
1038 359
1038 360
1038 1093
1038 1355
1038 1357
1038 1492
549 537
549 836
549 1131
549 1164
1063 751
1063 821
1063 843
1063 934
1063 1053
1063 211
1063 361
1063 1274
1575 520
1575 553
1575 751
1575 860
1575 938
1575 53
1575 328
562 425
562 596
562 969
562 1261
574 95
1088 677
1088 843
1088 1083
1088 19
1088 144
1088 268
1088 274
1088 1390
1088 1186
1088 1121
582 1018
582 1545
1093 685
1093 721
1093 795
1093 938
1093 12
1093 19
1093 112
1093 268
1093 1300
1093 1507
1093 1130
1551 520
1551 670
1551 217
1551 326
1551 327
598 984
598 1270
598 1432
1116 544
1116 605
1116 685
1116 1087
1116 1115
1116 12
1116 161
1116 1422
1116 1555
1120 544
1120 560
1120 785
1120 167
1120 173
1120 272
1120 280
1120 281
1120 389
1120 390
1120 1131
1121 410
1121 1326
1507 517
1507 544
1507 728
1507 956
1507 1115
1507 1167
1507 1219
1507 1310
1507 1408
1507 81
1507 85
1507 121
1507 161
1507 367
1507 369
508 92
508 181
508 306
508 1455
508 534
508 790
508 1053
508 1240
92 181
181 534
181 605
181 753
181 790
181 1053
181 1179
181 1455
181 12
181 306
181 445
181 348
306 553
306 651
306 655
306 671
306 674
306 685
306 720
306 769
306 891
306 964
306 1059
306 1202
306 1236
306 1240
306 1411
306 1483
306 1546
306 171
306 266
306 303
1455 534
1455 790
1455 1436
1455 18
534 520
534 56
534 94
534 1436
534 1198
534 790
534 1221
790 958
1053 751
1053 843
1053 934
1053 9
1053 211
1053 361
1053 1483
1240 544
1240 635
1240 713
1240 825
1240 920
1240 1034
1240 1066
1240 1177
1240 57
1240 84
1240 178
1240 1517
1240 1270
1240 1432
1240 1441
1240 1253
18 522
18 537
18 806
18 873
18 1348
18 1365
18 361
37 655
37 674
39 548
39 674
39 1087
39 1137
39 1320
172 1364
172 53
172 149
172 333
275 528
275 553
275 713
275 1384
275 1521
275 15
275 272
281 544
281 565
281 595
281 651
281 674
281 702
281 725
281 749
281 959
281 1106
281 1471
281 1535
281 1566
281 49
281 86
281 107
281 193
281 196
281 280
281 376
340 1005
340 1508
361 518
361 751
361 821
361 847
361 934
361 1115
361 1286
361 1301
361 1357
361 1369
361 1441
361 76
361 217
361 263
361 386
409 648
409 769
409 771
409 805
409 961
409 1111
409 1342
409 1371
409 57
409 60
409 425
648 513
648 610
648 2
648 43
648 62
648 121
648 152
648 266
648 296
648 297
648 324
648 370
648 384
648 771
648 651
648 1162
648 1293
648 805
648 1566
648 787
648 960
648 959
648 705
648 1342
648 1370
648 1176
648 744
648 878
651 511
651 514
651 525
651 526
651 43
651 57
651 84
651 86
651 121
651 257
651 259
651 368
651 425
651 428
651 705
651 713
651 1348
651 940
651 942
651 950
651 1107
651 966
651 769
651 1477
651 771
651 982
651 1047
651 1048
651 1566
652 671
652 1236
652 1349
671 558
671 52
671 105
671 188
671 346
671 445
671 1392
671 1034
671 1411
671 717
671 1365
671 753
717 583
717 600
717 685
717 781
717 938
717 850
717 967
717 1365
600 76
600 327
600 822
600 1102
985 1541
985 1067
1175 658
1175 842
844 525
844 604
844 839
844 36
844 383
844 404
844 1140
844 896
844 1210
844 1235
844 1131
844 881
511 327
511 544
511 1357
327 605
327 670
327 973
327 1168
327 1205
327 386
544 7
544 84
544 85
544 231
544 272
544 369
544 390
544 1493
544 1187
544 1422
544 1177
544 1107
544 956
544 571
544 960
544 1252
544 881
544 744
544 1131
1357 1005
1357 1130
1357 1177
1357 66
1357 117
1357 408
1357 1447
161 636
161 663
161 1067
161 1258
161 1348
161 1431
161 85
161 121
1516 218
1328 188
1219 830
1219 956
1219 1133
1219 27
1219 128
1219 250
596 126
596 403
596 1233
596 1274
596 1239
596 1569
596 1320
732 359
1372 851
513 105
513 705
513 613
105 520
105 546
105 553
105 586
105 593
105 670
105 674
105 763
105 802
105 891
105 964
105 967
105 1066
105 1087
105 1156
105 1177
105 1190
105 1202
105 1307
105 1365
105 1369
105 1392
105 1471
105 41
105 95
105 128
105 384
105 279
105 386
105 445
105 206
105 263
705 670
705 1010
705 769
613 938
613 1315
514 56
514 210
514 336
514 1137
514 720
514 1500
56 1436
210 920
210 336
336 920
1137 676
1137 1168
1137 1517
720 377
720 1441
1500 1456
952 536
952 817
952 942
952 70
952 136
952 320
952 1422
115 867
165 859
165 1392
199 782
199 929
199 1010
280 565
280 595
280 674
280 725
280 782
280 959
280 981
280 1012
280 1535
280 41
280 49
280 70
280 86
280 193
280 196
280 376
297 594
297 616
297 711
297 802
297 964
297 1170
297 1189
297 1410
297 1422
297 12
297 193
297 204
297 352
300 1168
404 1230
404 1453
404 244
655 84
655 1411
655 1055
655 1201
533 70
533 1340
533 616
533 1098
533 782
533 1184
783 81
783 86
783 423
783 1263
783 1394
783 1162
783 1290
783 1330
1566 670
1566 725
1566 769
1566 949
1566 1027
1566 1078
1566 1465
1566 1524
1566 272
1566 346
1061 782
942 782
942 15
1197 1128
1197 1293
1066 801
1066 178
1477 982
1477 1221
1477 1369
1477 2
1477 329
730 576
730 70
730 941
1369 1162
1369 188
872 873
1128 1041
517 43
517 329
43 620
43 1348
329 753
329 968
329 1188
329 45
329 85
329 377
518 157
157 1256
519 1289
519 830
830 653
830 663
830 1310
520 326
520 445
520 1010
520 1391
520 643
520 1454
520 725
520 860
326 860
445 553
445 584
445 586
445 674
445 753
445 759
445 761
445 824
445 839
445 870
445 950
445 1040
445 1190
445 1200
445 1293
445 1355
445 1392
445 1565
445 41
445 206
445 376
445 384
1010 775
1010 896
1010 934
1010 1001
1010 107
1010 386
1010 1151
1010 1161
1010 1065
1010 1365
1391 955
1391 968
643 49
643 768
1454 243
1454 1517
725 423
521 153
521 154
521 155
521 986
521 1366
153 986
153 1366
153 154
153 155
154 986
154 1366
154 155
155 795
155 986
155 1027
155 1366
986 1366
1366 772
316 892
316 1087
316 1434
316 1517
316 151
316 358
333 583
420 875
420 918
420 961
420 1029
420 1431
420 1484
420 259
420 325
420 425
1027 605
1027 2
1027 228
1027 346
1027 348
1027 1334
802 358
802 1401
524 1124
524 1125
1124 1559
1124 1125
1124 1536
1125 325
1125 1536
525 178
525 1059
525 1441
525 589
178 604
178 843
178 891
178 1225
178 1236
178 1403
178 52
178 68
178 394
178 266
1059 188
1059 1118
1059 1123
1059 1441
1441 832
1441 1392
1441 95
1441 188
1441 320
1441 377
589 569
589 53
589 425
589 1344
526 1233
1233 969
1233 380
1233 1569
527 797
797 1161
842 728
842 258
411 555
411 882
425 692
425 769
425 876
425 961
425 1041
425 1310
425 1342
425 1536
425 57
425 60
794 214
1031 553
653 551
653 555
653 1192
653 1188
653 1167
653 882
1508 214
532 353
353 647
353 1365
353 1533
353 218
70 1212
70 1318
70 196
1340 835
616 827
1098 29
1098 1184
782 546
782 769
782 151
782 273
782 818
782 949
782 1464
782 1087
782 1465
782 1001
1184 647
1184 977
1184 1087
1184 1131
1184 1221
1184 1326
94 820
94 1067
94 1107
1221 610
1221 769
1221 960
1221 257
81 1263
81 1290
81 1350
81 1408
81 369
85 537
85 710
85 956
85 369
126 1490
408 684
408 685
408 721
408 751
408 775
408 1115
408 1270
408 1515
408 188
1293 537
1293 553
1293 1056
1293 1115
537 66
537 414
537 896
537 1176
537 768
537 1364
1176 793
1176 827
1176 937
1176 49
1176 1524
1176 1381
1315 599
1315 695
1315 938
1315 9
1315 1415
1315 1365
1364 736
1364 371
536 303
536 665
536 958
536 1001
303 685
303 736
303 753
303 791
303 836
303 1115
303 1123
303 48
303 112
303 114
303 179
303 204
665 432
958 583
958 721
958 186
958 227
958 1086
958 1277
1001 558
1001 744
1001 994
1001 110
1001 254
1001 380
1001 1087
66 822
66 1118
66 1306
66 1427
66 398
66 84
896 685
896 1161
768 838
389 718
389 1260
389 1365
1403 647
1403 277
1403 1517
12 1252
22 1445
34 583
34 1415
34 428
48 702
76 593
76 678
76 77
77 593
77 685
77 918
77 1005
77 1352
77 410
77 242
140 1144
140 1365
140 1497
140 348
142 14
173 149
186 1086
256 647
256 736
256 1105
256 412
263 121
298 1252
328 678
328 955
328 1177
328 1390
328 320
328 359
390 569
390 628
390 634
390 647
390 684
390 744
390 938
390 1067
390 1115
390 1131
390 1252
390 1422
390 7
390 107
390 171
390 231
390 272
410 910
410 1276
410 1529
410 144
635 1344
659 825
686 20
686 194
686 969
686 1402
686 882
686 1352
686 1005
686 1070
734 568
734 257
744 698
744 7
744 151
744 216
744 243
744 272
744 1422
744 1253
744 1131
753 553
753 576
753 273
753 1392
753 781
792 906
827 68
827 928
1168 591
1168 605
1168 1086
1168 1434
1365 546
1365 558
1365 588
1365 647
1365 670
1365 791
1365 847
1365 850
1365 1036
1365 1157
1365 1158
1365 1334
1365 204
1365 254
1365 368
1365 1432
1365 1401
1427 1253
881 604
881 31
881 218
881 358
881 369
881 1544
881 1422
881 1260
906 1162
791 955
1521 243
1573 1180
558 188
558 795
558 969
558 1323
568 1512
1115 244
1115 1252
1115 1422
620 1083
1305 401
1170 692
1170 434
1170 1527
541 611
541 1162
611 1144
611 1067
1162 576
1162 749
1162 751
1162 771
1162 920
1162 934
1162 950
1162 1007
1162 19
1162 49
1162 174
1162 423
1162 1238
1162 1422
7 571
7 674
7 1131
7 272
84 684
84 36
231 1131
231 1422
231 121
231 272
272 569
272 634
272 772
272 938
272 1078
272 1131
272 1422
272 107
272 273
369 1310
369 110
1493 1252
1422 569
1422 718
1422 938
1422 1078
1422 1131
1422 36
1422 74
1422 218
1177 569
1177 808
1177 1007
1177 107
1177 358
1177 380
1107 1005
1107 1048
1107 171
1107 196
956 710
956 428
956 1529
956 1310
571 771
571 850
571 604
571 1131
960 771
960 49
960 1065
1252 29
1252 129
1131 698
1131 825
1131 1394
216 546
216 718
358 623
358 771
358 775
358 850
358 938
358 1083
358 1260
358 1406
358 244
771 610
771 266
771 1452
771 959
634 569
569 685
762 923
762 959
1341 820
850 772
850 843
1260 602
1260 1083
1260 171
546 49
546 112
546 1012
546 765
546 599
546 1067
546 982
546 990
49 674
49 793
49 1106
49 1362
49 1524
49 423
49 301
112 765
112 990
112 193
1012 53
1012 1456
1012 1087
1012 1106
1012 1535
1012 1471
765 144
765 990
765 836
599 350
599 1536
599 1188
1067 703
1067 851
1067 859
1067 978
1067 983
1067 984
1067 21
1067 1180
1067 1445
1067 1203
1067 1320
1067 1236
1067 1497
345 910
345 1529
1529 910
1529 1037
1529 1276
1529 1348
1529 1349
1037 910
910 1276
968 392
836 550
836 647
836 692
836 749
836 833
836 268
836 1144
836 1225
836 1005
550 29
550 95
550 934
29 681
29 964
29 1189
29 1295
29 1
95 938
95 1087
95 1392
95 1483
95 383
95 144
934 623
934 749
934 751
934 806
934 821
553 179
553 1392
553 759
553 761
553 638
553 950
553 1040
553 824
553 1078
553 1307
553 1434
553 1484
179 1181
179 1411
1392 584
1392 674
1392 795
1392 870
1392 277
1392 376
1392 1480
759 891
761 53
638 110
638 938
950 835
950 423
1040 206
1040 1555
824 670
824 212
1078 52
1078 277
1078 1130
1078 1409
1307 68
1484 151
1484 381
554 325
554 1561
554 1504
554 1505
325 814
325 909
325 937
325 1374
325 1459
325 1504
325 14
1561 1374
1504 864
1504 1560
1504 1536
1505 864
1505 401
1505 1560
555 781
781 171
781 1414
781 1490
781 1005
557 1201
557 841
1201 833
188 668
188 947
188 1157
188 1158
188 1350
188 1480
188 68
188 266
795 242
795 969
969 1569
969 1213
969 1157
242 171
413 1295
1544 1018
684 367
684 1270
684 685
684 721
684 936
1295 286
1447 932
1447 1033
1094 822
1094 133
1094 1213
751 749
751 53
751 1203
560 167
560 1016
565 107
565 193
565 196
565 376
107 1203
107 1354
107 376
107 193
193 1144
193 1414
193 26
193 376
193 196
196 1319
196 376
196 423
196 206
376 583
128 941
128 1043
128 1190
128 254
360 588
360 1007
360 1390
360 1401
360 121
360 250
428 685
428 15
1236 851
1236 36
1236 1517
1239 1047
1239 398
769 670
769 52
769 57
769 1452
769 918
769 1342
769 1111
1390 359
893 967
920 674
920 685
920 380
920 1483
1432 1100
1432 1287
1432 74
1432 114
1432 348
929 676
1571 273
1133 248
1512 1344
685 19
685 61
685 268
685 348
685 383
685 1270
685 1533
685 775
685 918
685 721
685 919
775 692
775 1034
380 1089
713 619
713 1270
713 1018
1263 1408
1263 1350
1263 1290
1350 1290
1350 1408
350 1129
801 36
801 978
801 1296
801 1158
593 1238
593 1005
707 1118
1326 814
1326 141
1326 144
581 1105
1105 908
1105 909
1105 959
1105 71
1105 103
1105 1559
1105 1374
583 156
583 278
278 1541
278 53
278 149
278 171
19 268
103 807
103 1253
103 1517
248 963
248 1405
248 1497
433 1048
667 1032
1188 736
1296 908
1296 175
814 72
817 385
875 257
891 692
977 647
977 736
1029 876
1087 674
1087 383
1087 1394
586 163
586 1244
586 1246
586 1223
586 813
586 1451
163 813
163 1223
163 1244
163 1246
163 1297
163 1451
163 1483
1244 813
1244 1223
1244 1297
1244 1556
1244 1451
1244 1246
1246 813
1246 1223
1246 1297
1246 1556
1223 743
1223 813
1223 149
1223 1556
1223 1451
1223 1297
813 647
813 1297
813 1451
1451 1287
1451 52
718 1011
718 821
718 743
718 1258
588 359
588 367
588 1401
359 1401
359 228
1401 1420
53 932
53 149
1344 1342
1238 749
1238 398
1005 736
594 996
1274 937
1274 1517
1320 702
1320 984
984 983
984 14
1270 721
1536 1471
1102 100
1102 378
1102 1103
601 1511
601 647
601 1379
1511 843
647 1297
602 206
602 384
602 1394
602 670
602 959
206 870
206 1483
384 870
1394 623
670 2
670 52
670 909
670 908
670 943
959 2
1173 908
1173 1576
605 244
605 286
605 628
605 941
605 964
244 1319
244 217
244 348
628 1076
941 838
398 1306
398 1355
1287 141
1007 1160
967 955
967 254
436 1033
608 788
788 191
788 1225
1297 1556
610 1048
1144 60
1144 1348
1144 1349
674 36
674 296
674 378
674 1076
1348 805
1348 808
1348 218
1355 839
1355 1225
1355 41
943 739
1515 831
1515 1047
1515 1205
1515 434
1541 229
619 110
110 1181
955 257
955 1118
2 1106
2 1334
2 151
2 212
15 806
15 981
15 1327
15 1487
15 273
86 859
228 332
386 809
386 1034
423 949
423 951
423 1524
627 692
1212 1318
749 257
749 1431
749 1253
1402 936
1402 375
1334 21
1370 1456
1265 825
1489 1056
623 1431
623 731
1431 825
1431 923
1431 61
1431 348
692 1464
692 1480
1230 11
351 149
1421 1218
1421 144
632 951
636 1483
1483 864
1483 9
1483 114
1483 175
637 371
637 736
371 1271
736 1480
736 1008
736 882
825 1522
825 1156
825 1449
825 1256
254 1190
254 1352
254 1449
908 227
908 1190
908 1286
993 1330
218 973
1464 818
62 1218
62 33
266 1517
1342 918
1342 919
1342 1111
52 1253
52 1517
52 68
57 918
57 1111
57 1371
57 60
257 1172
257 1420
1039 899
966 1371
1192 432
1192 1459
1411 1055
1411 1225
1055 812
763 1190
432 812
432 939
432 1558
1558 399
1527 806
1527 1213
1527 117
1080 36
1080 1381
909 227
1034 1445
9 785
36 679
36 978
36 1118
378 1103
676 159
1517 843
1517 1179
1517 1338
1517 1409
1517 11
1517 68
1517 394
721 385
721 1106
61 932
268 918
268 919
268 1335
268 348
348 1056
348 171
383 1030
383 217
1533 1070
918 932
1070 928
694 271
229 1145
837 1145
703 1445
1445 1161
1118 1158
102 1310
1433 859
1433 1346
839 41
1044 1418
873 171
171 1130
295 144
1359 1151
1359 72
1008 1406
243 1420
243 375
1253 1225
41 33
41 301
301 1474
1030 1498
833 1414
838 431
838 843
129 114
776 1570
1181 108
401 1444
1524 793
949 1330
949 1049
1345 111
1161 1360
806 117
117 1213
820 220
928 1300
983 119
1140 74
876 961
961 60
961 1371
894 1563
60 1371
149 963
1151 1152
1418 123
1301 141
1318 1218
