g_id,memetic_budget,node_scoring_function,number_of_nodes,memetic_runtime,memetic_pairwise_connectivity,memetic_sols,memetic_scores,,memetic_ANC
PPI_1,0.1,pairwise_connectivity,1377,60.01393533,0.765562759,"[8, 11, 13, 14, 20, 26, 54, 64, 66, 68, 78, 81, 83, 84, 88, 90, 106, 118, 135, 169, 179, 181, 184, 218, 221, 226, 227, 243, 263, 266, 294, 295, 296, 314, 318, 319, 325, 336, 359, 374, 394, 405, 421, 427, 431, 434, 435, 436, 447, 455, 462, 465, 467, 471, 478, 493, 513, 517, 518, 526, 534, 544, 556, 566, 589, 590, 600, 604, 635, 644, 654, 673, 683, 684, 696, 702, 717, 720, 728, 730, 733, 738, 747, 754, 759, 760, 776, 777, 793, 806, 809, 824, 843, 861, 865, 866, 898, 902, 909, 911, 912, 933, 936, 949, 961, 975, 979, 984, 1006, 1014, 1039, 1050, 1060, 1065, 1070, 1097, 1125, 1165, 1166, 1170, 1181, 1197, 1200, 1223, 1227, 1238, 1245, 1263, 1267, 1293, 1297, 1310, 1315, 1341, 1342, 1351, 1370]",,,
PPI_1,0.2,pairwise_connectivity,1377,60.00494361,0.556398984,"[4, 7, 8, 11, 13, 14, 20, 26, 37, 40, 42, 54, 64, 66, 68, 72, 75, 78, 81, 83, 85, 87, 88, 90, 106, 110, 118, 120, 134, 135, 136, 139, 144, 150, 160, 169, 174, 179, 181, 184, 189, 190, 191, 196, 200, 202, 203, 206, 208, 210, 211, 218, 219, 221, 226, 227, 230, 235, 243, 252, 263, 264, 266, 267, 268, 272, 274, 277, 288, 290, 294, 295, 296, 297, 298, 301, 302, 303, 309, 313, 314, 318, 319, 322, 325, 333, 346, 359, 370, 374, 375, 377, 383, 405, 413, 414, 416, 417, 421, 422, 423, 424, 434, 435, 436, 437, 440, 441, 442, 447, 451, 455, 462, 465, 467, 471, 473, 478, 481, 484, 486, 492, 496, 502, 513, 515, 517, 518, 526, 534, 543, 544, 550, 552, 556, 557, 558, 560, 564, 566, 575, 578, 589, 590, 600, 602, 604, 635, 636, 652, 654, 673, 675, 679, 682, 683, 684, 687, 689, 695, 696, 698, 702, 707, 717, 720, 728, 733, 735, 738, 746, 747, 754, 755, 758, 759, 760, 765, 771, 777, 778, 780, 790, 793, 794, 798, 806, 809, 816, 818, 824, 858, 859, 861, 865, 866, 867, 872, 889, 896, 898, 902, 906, 909, 911, 912, 933, 935, 949, 950, 952, 953, 961, 963, 965, 975, 976, 978, 979, 984, 1005, 1006, 1008, 1014, 1015, 1024, 1039, 1050, 1059, 1060, 1061, 1065, 1070, 1074, 1080, 1082, 1097, 1114, 1130, 1137, 1154, 1165, 1166, 1170, 1176, 1181, 1183, 1187, 1196, 1200, 1208, 1214, 1215, 1227, 1229, 1230, 1245, 1247, 1251, 1254, 1263, 1267, 1293, 1297, 1308, 1315, 1326, 1341, 1342, 1343, 1348, 1351, 1355, 1357, 1370]",,,
PPI_1,0.3,pairwise_connectivity,1377,60.00455189,0.229844495,"[1, 4, 7, 11, 13, 14, 15, 16, 19, 20, 24, 26, 28, 37, 40, 42, 44, 49, 50, 51, 54, 61, 64, 69, 70, 72, 75, 77, 78, 80, 85, 87, 88, 90, 95, 99, 106, 107, 110, 116, 118, 119, 128, 133, 134, 135, 136, 139, 142, 144, 145, 151, 153, 155, 156, 160, 161, 164, 169, 174, 179, 188, 189, 190, 191, 196, 198, 200, 202, 203, 206, 208, 210, 211, 212, 218, 219, 221, 226, 227, 228, 230, 232, 237, 239, 241, 243, 245, 247, 250, 252, 258, 259, 260, 263, 266, 267, 268, 272, 274, 276, 277, 283, 285, 287, 288, 294, 296, 297, 298, 299, 300, 301, 302, 303, 309, 314, 318, 322, 327, 328, 331, 333, 343, 349, 350, 354, 355, 358, 359, 360, 361, 368, 370, 372, 375, 377, 383, 397, 410, 411, 412, 413, 414, 417, 422, 423, 429, 434, 435, 436, 437, 440, 441, 442, 443, 447, 455, 457, 461, 462, 465, 466, 467, 471, 473, 478, 481, 485, 486, 487, 496, 498, 500, 502, 505, 509, 513, 515, 516, 517, 521, 525, 534, 544, 550, 552, 555, 556, 557, 558, 560, 561, 564, 566, 569, 573, 575, 577, 588, 589, 590, 598, 602, 606, 616, 625, 628, 633, 634, 635, 636, 642, 643, 649, 652, 654, 658, 666, 674, 675, 679, 681, 682, 683, 687, 689, 695, 702, 705, 711, 713, 715, 720, 732, 733, 735, 745, 746, 747, 755, 759, 765, 769, 771, 772, 777, 780, 781, 790, 793, 794, 804, 805, 806, 815, 818, 819, 820, 824, 826, 828, 835, 848, 854, 858, 859, 861, 863, 864, 865, 866, 867, 873, 880, 883, 888, 889, 894, 895, 896, 898, 902, 904, 905, 912, 913, 917, 918, 919, 924, 927, 933, 934, 935, 938, 940, 941, 943, 948, 949, 950, 952, 960, 963, 965, 969, 976, 977, 978, 979, 982, 984, 985, 987, 994, 997, 1000, 1002, 1005, 1008, 1009, 1014, 1015, 1025, 1026, 1034, 1037, 1044, 1046, 1048, 1050, 1055, 1056, 1059, 1060, 1061, 1062, 1063, 1065, 1066, 1070, 1074, 1076, 1077, 1080, 1085, 1087, 1097, 1099, 1109, 1110, 1124, 1130, 1137, 1141, 1145, 1150, 1152, 1163, 1165, 1166, 1173, 1174, 1178, 1179, 1183, 1185, 1186, 1192, 1196, 1200, 1204, 1207, 1214, 1215, 1217, 1222, 1223, 1227, 1228, 1229, 1230, 1233, 1234, 1245, 1246, 1247, 1251, 1252, 1254, 1257, 1258, 1263, 1264, 1267, 1270, 1291, 1293, 1294, 1297, 1308, 1315, 1326, 1329, 1332, 1341, 1342, 1346, 1348, 1355, 1357, 1370]",,,
PPI_1,0.4,pairwise_connectivity,1377,60.0048697,0.002798996,"[1, 4, 7, 11, 13, 14, 15, 16, 19, 20, 23, 24, 26, 31, 37, 38, 40, 42, 44, 47, 49, 50, 51, 54, 64, 66, 67, 69, 71, 72, 77, 78, 79, 80, 85, 87, 88, 89, 90, 91, 95, 96, 99, 104, 106, 107, 110, 116, 118, 119, 124, 128, 133, 134, 135, 136, 138, 142, 145, 150, 151, 153, 155, 156, 158, 160, 161, 164, 166, 169, 174, 179, 183, 189, 190, 191, 196, 197, 198, 200, 202, 203, 206, 208, 210, 211, 212, 215, 218, 219, 221, 224, 226, 227, 228, 230, 232, 233, 235, 236, 239, 240, 241, 242, 243, 245, 246, 247, 250, 252, 258, 259, 260, 263, 264, 265, 266, 267, 268, 272, 274, 276, 277, 280, 283, 284, 285, 288, 290, 294, 295, 296, 297, 298, 300, 301, 302, 303, 309, 314, 318, 322, 328, 329, 331, 333, 338, 343, 346, 349, 350, 353, 354, 355, 358, 359, 360, 361, 368, 370, 372, 374, 375, 377, 378, 382, 383, 388, 389, 412, 413, 414, 415, 417, 421, 422, 423, 427, 434, 435, 436, 437, 439, 440, 441, 442, 444, 447, 453, 455, 457, 460, 461, 463, 465, 466, 467, 470, 471, 473, 478, 481, 486, 487, 491, 494, 496, 498, 499, 500, 502, 505, 509, 512, 513, 514, 515, 516, 517, 520, 522, 525, 527, 530, 532, 534, 536, 544, 550, 551, 552, 553, 554, 555, 556, 557, 558, 560, 561, 564, 566, 571, 573, 575, 577, 578, 579, 583, 584, 589, 590, 594, 598, 602, 604, 609, 610, 611, 612, 616, 622, 625, 627, 633, 635, 636, 640, 641, 642, 643, 646, 647, 648, 649, 651, 652, 654, 658, 659, 666, 669, 670, 674, 675, 678, 679, 681, 682, 683, 687, 689, 695, 697, 698, 702, 705, 711, 717, 720, 730, 731, 732, 733, 735, 738, 739, 745, 746, 747, 748, 754, 755, 758, 759, 761, 764, 765, 767, 769, 771, 772, 774, 777, 780, 781, 784, 785, 787, 790, 793, 794, 803, 805, 806, 813, 815, 818, 819, 820, 823, 824, 826, 828, 831, 835, 848, 854, 858, 859, 861, 863, 864, 865, 866, 867, 869, 871, 872, 873, 874, 877, 879, 880, 881, 883, 888, 890, 893, 895, 896, 898, 900, 902, 904, 905, 909, 912, 917, 918, 919, 924, 933, 934, 935, 938, 939, 940, 941, 943, 948, 949, 950, 951, 952, 953, 958, 959, 960, 965, 966, 973, 975, 977, 978, 979, 982, 984, 987, 988, 992, 993, 994, 996, 997, 998, 999, 1000, 1002, 1005, 1008, 1009, 1014, 1015, 1016, 1025, 1026, 1029, 1034, 1035, 1037, 1038, 1041, 1044, 1046, 1048, 1050, 1054, 1055, 1056, 1059, 1060, 1061, 1062, 1065, 1067, 1070, 1071, 1074, 1076, 1077, 1080, 1082, 1085, 1087, 1088, 1089, 1094, 1095, 1097, 1099, 1106, 1109, 1110, 1130, 1137, 1138, 1141, 1142, 1145, 1150, 1151, 1152, 1153, 1157, 1158, 1162, 1163, 1165, 1166, 1168, 1173, 1174, 1177, 1178, 1182, 1183, 1185, 1186, 1188, 1192, 1196, 1200, 1204, 1207, 1208, 1214, 1215, 1216, 1217, 1222, 1227, 1228, 1229, 1230, 1231, 1233, 1234, 1245, 1246, 1247, 1248, 1251, 1252, 1253, 1257, 1258, 1260, 1263, 1264, 1267, 1270, 1274, 1284, 1290, 1291, 1292, 1293, 1294, 1296, 1297, 1307, 1308, 1315, 1318, 1323, 1327, 1328, 1332, 1337, 1341, 1342, 1346, 1348, 1352, 1355, 1357, 1359, 1361, 1370, 1373]",,,
PPI_10,0.1,pairwise_connectivity,2401,60.02602553,0.78524817,"[11, 17, 23, 25, 31, 38, 41, 45, 101, 105, 131, 135, 148, 151, 152, 169, 174, 196, 200, 214, 218, 232, 253, 254, 266, 272, 295, 298, 299, 302, 305, 311, 317, 324, 353, 360, 369, 380, 385, 397, 427, 431, 439, 455, 459, 464, 501, 507, 508, 510, 511, 515, 532, 546, 550, 557, 577, 580, 589, 604, 610, 616, 625, 626, 629, 634, 637, 638, 657, 661, 688, 691, 699, 700, 701, 703, 708, 711, 733, 735, 753, 757, 779, 790, 792, 796, 803, 805, 809, 819, 823, 828, 837, 839, 861, 867, 869, 882, 883, 888, 896, 901, 906, 923, 935, 951, 952, 953, 958, 959, 960, 965, 970, 981, 1016, 1041, 1043, 1063, 1066, 1069, 1079, 1104, 1110, 1117, 1203, 1222, 1228, 1234, 1244, 1246, 1247, 1251, 1260, 1279, 1284, 1291, 1293, 1298, 1309, 1311, 1313, 1348, 1367, 1372, 1373, 1380, 1394, 1396, 1397, 1410, 1427, 1449, 1459, 1469, 1500, 1513, 1516, 1522, 1530, 1537, 1545, 1556, 1558, 1560, 1561, 1562, 1566, 1589, 1597, 1611, 1618, 1624, 1639, 1663, 1664, 1670, 1690, 1696, 1699, 1702, 1703, 1704, 1716, 1718, 1720, 1721, 1730, 1742, 1744, 1747, 1749, 1754, 1776, 1780, 1785, 1789, 1827, 1828, 1841, 1858, 1861, 1873, 1895, 1906, 1908, 1919, 1933, 1939, 1948, 1953, 1980, 1986, 2007, 2009, 2039, 2042, 2060, 2068, 2073, 2093, 2125, 2133, 2154, 2170, 2177, 2178, 2183, 2184, 2194, 2251, 2252, 2260, 2287, 2303, 2307, 2343, 2350, 2351, 2372, 2392]",,,
PPI_10,0.2,pairwise_connectivity,2401,60.20595288,0.632637081,"[4, 11, 16, 17, 18, 23, 25, 26, 31, 32, 38, 41, 45, 52, 58, 59, 69, 73, 77, 78, 84, 90, 96, 97, 101, 105, 114, 131, 135, 144, 148, 151, 169, 174, 175, 196, 200, 204, 205, 209, 214, 217, 220, 229, 231, 232, 234, 247, 248, 253, 254, 259, 262, 263, 266, 268, 272, 276, 295, 298, 299, 302, 307, 309, 311, 317, 319, 324, 325, 326, 344, 350, 353, 357, 360, 365, 369, 380, 385, 392, 411, 422, 427, 431, 433, 446, 447, 448, 450, 451, 455, 457, 459, 461, 464, 469, 470, 471, 472, 473, 474, 489, 493, 494, 499, 501, 507, 508, 510, 511, 515, 517, 532, 536, 546, 550, 551, 553, 557, 568, 570, 571, 574, 577, 589, 594, 604, 610, 616, 625, 627, 629, 632, 637, 638, 656, 657, 666, 667, 688, 691, 699, 700, 703, 704, 705, 706, 708, 711, 713, 718, 721, 732, 733, 735, 746, 747, 748, 751, 753, 757, 777, 779, 790, 792, 793, 796, 803, 805, 808, 809, 819, 823, 825, 828, 837, 839, 840, 850, 861, 867, 869, 871, 882, 883, 888, 892, 896, 897, 901, 906, 907, 908, 917, 923, 931, 933, 935, 940, 950, 951, 952, 953, 955, 958, 959, 960, 964, 965, 970, 971, 972, 978, 981, 985, 990, 991, 997, 1002, 1005, 1007, 1016, 1026, 1041, 1043, 1045, 1063, 1066, 1069, 1071, 1084, 1088, 1089, 1104, 1108, 1110, 1117, 1124, 1126, 1147, 1150, 1154, 1158, 1160, 1163, 1175, 1178, 1182, 1186, 1197, 1198, 1203, 1204, 1206, 1222, 1228, 1234, 1244, 1246, 1251, 1254, 1258, 1259, 1260, 1275, 1276, 1277, 1278, 1284, 1292, 1303, 1309, 1311, 1313, 1341, 1343, 1344, 1348, 1362, 1363, 1367, 1372, 1373, 1380, 1384, 1396, 1397, 1406, 1410, 1414, 1415, 1416, 1426, 1427, 1435, 1442, 1449, 1456, 1464, 1469, 1473, 1483, 1487, 1492, 1493, 1494, 1495, 1498, 1500, 1513, 1518, 1520, 1522, 1526, 1528, 1530, 1533, 1537, 1538, 1545, 1556, 1558, 1560, 1561, 1562, 1565, 1566, 1571, 1575, 1589, 1591, 1594, 1605, 1606, 1607, 1610, 1611, 1615, 1618, 1624, 1637, 1639, 1646, 1655, 1660, 1663, 1664, 1666, 1670, 1676, 1681, 1684, 1685, 1687, 1690, 1696, 1702, 1703, 1704, 1706, 1716, 1718, 1719, 1720, 1721, 1730, 1742, 1744, 1747, 1749, 1751, 1752, 1754, 1759, 1760, 1762, 1776, 1780, 1789, 1794, 1810, 1817, 1822, 1826, 1827, 1828, 1831, 1839, 1841, 1848, 1852, 1855, 1858, 1861, 1873, 1879, 1883, 1895, 1906, 1908, 1910, 1916, 1919, 1921, 1925, 1932, 1933, 1934, 1939, 1948, 1953, 1962, 1977, 1978, 1980, 1982, 1986, 1990, 1993, 1998, 1999, 2007, 2009, 2018, 2023, 2029, 2039, 2042, 2048, 2060, 2068, 2073, 2075, 2082, 2085, 2088, 2090, 2093, 2096, 2125, 2131, 2132, 2153, 2154, 2157, 2161, 2167, 2170, 2172, 2177, 2178, 2183, 2184, 2190, 2194, 2199, 2216, 2227, 2238, 2251, 2252, 2253, 2257, 2259, 2279, 2284, 2287, 2288, 2303, 2307, 2318, 2330, 2343, 2344, 2350, 2351, 2361, 2372, 2376, 2392]",,,
PPI_10,0.3,pairwise_connectivity,2401,60.10927153,0.342770035,"[4, 8, 11, 16, 20, 23, 25, 26, 31, 32, 38, 41, 43, 44, 45, 55, 56, 58, 59, 63, 67, 69, 72, 73, 77, 80, 81, 83, 84, 86, 87, 90, 91, 100, 101, 105, 108, 117, 123, 129, 131, 135, 142, 144, 146, 148, 150, 151, 152, 153, 155, 162, 165, 169, 176, 182, 184, 196, 200, 201, 204, 206, 209, 214, 217, 218, 219, 229, 231, 232, 234, 235, 237, 239, 247, 248, 250, 254, 259, 261, 263, 264, 265, 266, 267, 268, 269, 272, 276, 277, 287, 295, 298, 299, 302, 305, 307, 310, 311, 314, 317, 319, 324, 325, 326, 330, 335, 336, 340, 341, 343, 344, 350, 353, 356, 357, 359, 360, 362, 369, 376, 386, 390, 392, 394, 397, 400, 402, 404, 409, 411, 417, 420, 427, 428, 432, 433, 437, 438, 445, 446, 447, 448, 449, 450, 451, 455, 457, 461, 464, 465, 469, 470, 471, 473, 474, 476, 478, 486, 490, 493, 494, 496, 499, 501, 507, 508, 510, 511, 515, 516, 517, 520, 527, 532, 533, 536, 544, 550, 551, 559, 566, 568, 573, 580, 589, 591, 593, 594, 598, 599, 600, 604, 605, 606, 609, 610, 616, 620, 621, 625, 626, 628, 629, 632, 634, 637, 638, 652, 656, 657, 662, 667, 668, 688, 689, 691, 693, 698, 700, 703, 704, 705, 706, 711, 713, 715, 721, 732, 733, 735, 736, 738, 740, 745, 746, 747, 748, 751, 752, 753, 754, 755, 757, 759, 766, 779, 781, 784, 787, 790, 792, 796, 800, 803, 805, 807, 809, 819, 825, 828, 829, 831, 834, 837, 839, 840, 841, 850, 855, 860, 864, 867, 869, 871, 874, 881, 882, 883, 886, 888, 890, 891, 892, 896, 897, 901, 909, 910, 911, 917, 923, 933, 935, 942, 950, 951, 952, 953, 954, 956, 957, 958, 959, 960, 964, 967, 970, 971, 972, 973, 978, 981, 982, 984, 986, 990, 991, 992, 997, 1005, 1008, 1015, 1016, 1019, 1020, 1028, 1029, 1032, 1036, 1038, 1041, 1043, 1044, 1046, 1048, 1053, 1063, 1066, 1067, 1069, 1071, 1074, 1082, 1084, 1087, 1088, 1089, 1099, 1102, 1110, 1112, 1117, 1123, 1124, 1126, 1140, 1141, 1142, 1145, 1147, 1154, 1157, 1158, 1160, 1163, 1164, 1171, 1185, 1186, 1196, 1197, 1198, 1203, 1206, 1210, 1211, 1216, 1222, 1228, 1229, 1233, 1234, 1244, 1245, 1246, 1247, 1248, 1254, 1258, 1259, 1260, 1261, 1263, 1276, 1277, 1278, 1279, 1284, 1288, 1296, 1301, 1302, 1303, 1305, 1309, 1311, 1316, 1317, 1324, 1326, 1329, 1331, 1332, 1338, 1341, 1343, 1348, 1357, 1360, 1367, 1369, 1371, 1372, 1373, 1374, 1375, 1377, 1388, 1391, 1396, 1397, 1403, 1405, 1406, 1409, 1410, 1414, 1415, 1418, 1419, 1420, 1426, 1427, 1429, 1435, 1437, 1440, 1441, 1449, 1453, 1456, 1464, 1469, 1473, 1476, 1479, 1482, 1483, 1485, 1487, 1491, 1492, 1493, 1494, 1497, 1499, 1500, 1501, 1513, 1514, 1517, 1518, 1520, 1522, 1525, 1526, 1530, 1537, 1538, 1540, 1541, 1545, 1549, 1553, 1556, 1558, 1560, 1561, 1562, 1568, 1575, 1576, 1578, 1580, 1587, 1589, 1591, 1596, 1605, 1606, 1607, 1610, 1611, 1613, 1618, 1623, 1624, 1625, 1630, 1637, 1639, 1643, 1646, 1655, 1660, 1663, 1664, 1666, 1670, 1676, 1678, 1686, 1687, 1690, 1694, 1696, 1702, 1703, 1706, 1716, 1718, 1719, 1720, 1730, 1733, 1742, 1744, 1747, 1751, 1752, 1754, 1768, 1776, 1780, 1783, 1789, 1793, 1794, 1796, 1798, 1800, 1806, 1810, 1822, 1823, 1825, 1827, 1828, 1831, 1833, 1839, 1840, 1841, 1847, 1852, 1855, 1857, 1858, 1859, 1861, 1862, 1866, 1869, 1870, 1873, 1875, 1876, 1879, 1883, 1891, 1895, 1897, 1899, 1901, 1903, 1906, 1908, 1910, 1914, 1915, 1916, 1919, 1925, 1929, 1932, 1933, 1934, 1939, 1942, 1946, 1948, 1953, 1962, 1967, 1969, 1975, 1978, 1980, 1982, 1983, 1986, 1989, 1990, 1993, 1998, 1999, 2002, 2007, 2009, 2018, 2026, 2035, 2039, 2042, 2048, 2049, 2054, 2060, 2062, 2063, 2069, 2073, 2084, 2085, 2088, 2091, 2093, 2096, 2097, 2100, 2102, 2103, 2104, 2114, 2117, 2125, 2128, 2131, 2132, 2133, 2136, 2139, 2145, 2149, 2150, 2153, 2157, 2158, 2160, 2161, 2163, 2167, 2169, 2176, 2177, 2178, 2184, 2185, 2188, 2190, 2194, 2199, 2200, 2208, 2209, 2226, 2227, 2229, 2237, 2251, 2252, 2253, 2257, 2259, 2269, 2276, 2277, 2284, 2287, 2290, 2292, 2293, 2294, 2303, 2307, 2310, 2318, 2322, 2327, 2330, 2332, 2333, 2341, 2342, 2343, 2344, 2345, 2346, 2347, 2350, 2351, 2356, 2361, 2362, 2366, 2372, 2373, 2392, 2395]",,,
PPI_10,0.4,pairwise_connectivity,2401,60.05599833,0.002985967,"[4, 8, 10, 11, 16, 23, 25, 26, 27, 31, 32, 38, 40, 41, 45, 52, 58, 63, 64, 66, 69, 72, 73, 76, 77, 78, 79, 80, 81, 83, 87, 90, 97, 101, 102, 105, 108, 112, 114, 115, 117, 122, 123, 124, 126, 129, 131, 132, 135, 137, 138, 141, 144, 149, 150, 151, 152, 153, 154, 155, 165, 168, 169, 173, 174, 176, 179, 180, 182, 184, 185, 188, 189, 190, 192, 196, 200, 201, 203, 204, 209, 214, 217, 218, 219, 229, 231, 232, 234, 236, 237, 239, 244, 247, 248, 250, 251, 252, 254, 260, 261, 263, 264, 265, 266, 267, 268, 269, 270, 272, 276, 277, 284, 287, 290, 292, 295, 298, 299, 301, 302, 305, 308, 309, 311, 314, 315, 319, 320, 323, 324, 325, 326, 328, 334, 340, 342, 343, 344, 348, 350, 352, 353, 356, 357, 359, 360, 361, 362, 369, 372, 373, 374, 375, 376, 386, 390, 392, 393, 394, 395, 397, 399, 403, 405, 408, 409, 410, 411, 414, 417, 420, 422, 424, 427, 428, 429, 435, 437, 438, 439, 440, 442, 443, 445, 446, 447, 448, 449, 450, 451, 452, 453, 455, 457, 460, 461, 464, 465, 469, 470, 471, 472, 473, 474, 478, 484, 486, 490, 491, 492, 493, 496, 499, 501, 507, 508, 510, 511, 513, 514, 515, 516, 517, 520, 527, 532, 535, 536, 537, 542, 548, 550, 551, 552, 553, 561, 563, 564, 566, 568, 571, 575, 582, 584, 586, 587, 590, 593, 594, 597, 598, 599, 600, 601, 603, 604, 605, 606, 609, 610, 612, 616, 617, 620, 622, 623, 624, 625, 626, 628, 632, 637, 638, 640, 642, 644, 652, 653, 654, 655, 656, 657, 664, 667, 668, 669, 674, 683, 687, 688, 689, 690, 691, 697, 698, 703, 704, 708, 711, 713, 715, 721, 725, 732, 733, 735, 736, 738, 744, 745, 746, 747, 750, 751, 752, 753, 759, 764, 765, 766, 769, 771, 773, 776, 779, 781, 784, 786, 788, 790, 792, 793, 796, 799, 800, 803, 806, 807, 816, 817, 825, 828, 829, 837, 839, 840, 841, 846, 850, 852, 853, 855, 860, 867, 869, 871, 881, 883, 887, 888, 890, 891, 894, 895, 896, 897, 899, 900, 901, 904, 906, 907, 909, 910, 911, 912, 913, 917, 918, 922, 923, 925, 927, 928, 929, 933, 935, 940, 942, 948, 949, 950, 951, 952, 953, 954, 956, 957, 958, 959, 960, 963, 964, 969, 970, 972, 978, 981, 984, 988, 990, 991, 992, 994, 995, 996, 997, 998, 1001, 1005, 1008, 1009, 1013, 1015, 1016, 1017, 1018, 1019, 1028, 1029, 1032, 1036, 1038, 1041, 1043, 1048, 1050, 1051, 1052, 1053, 1063, 1066, 1067, 1068, 1069, 1071, 1074, 1078, 1079, 1082, 1084, 1086, 1088, 1089, 1098, 1100, 1102, 1105, 1106, 1108, 1110, 1112, 1114, 1117, 1121, 1124, 1130, 1140, 1141, 1142, 1147, 1149, 1151, 1153, 1154, 1157, 1158, 1160, 1161, 1162, 1163, 1167, 1171, 1179, 1184, 1185, 1186, 1188, 1190, 1191, 1197, 1198, 1202, 1203, 1205, 1206, 1210, 1211, 1214, 1228, 1229, 1234, 1235, 1237, 1246, 1247, 1248, 1249, 1254, 1258, 1259, 1260, 1261, 1262, 1263, 1268, 1269, 1273, 1275, 1276, 1277, 1278, 1284, 1288, 1289, 1291, 1296, 1298, 1299, 1302, 1303, 1305, 1309, 1314, 1316, 1317, 1319, 1323, 1324, 1326, 1328, 1329, 1331, 1332, 1334, 1341, 1343, 1344, 1346, 1348, 1354, 1355, 1360, 1362, 1367, 1368, 1369, 1371, 1373, 1374, 1375, 1377, 1380, 1388, 1391, 1395, 1396, 1397, 1399, 1403, 1406, 1410, 1414, 1417, 1418, 1419, 1420, 1421, 1423, 1424, 1426, 1429, 1431, 1433, 1434, 1435, 1439, 1440, 1441, 1442, 1449, 1456, 1457, 1463, 1464, 1465, 1468, 1469, 1476, 1479, 1482, 1483, 1485, 1487, 1489, 1490, 1491, 1492, 1493, 1494, 1495, 1499, 1501, 1502, 1504, 1513, 1517, 1518, 1519, 1520, 1522, 1525, 1526, 1527, 1528, 1536, 1537, 1538, 1540, 1544, 1545, 1553, 1556, 1558, 1560, 1561, 1562, 1567, 1569, 1576, 1578, 1582, 1589, 1590, 1591, 1596, 1598, 1600, 1605, 1606, 1607, 1610, 1611, 1613, 1615, 1618, 1621, 1623, 1624, 1625, 1627, 1630, 1631, 1632, 1633, 1637, 1639, 1641, 1643, 1646, 1647, 1650, 1651, 1655, 1661, 1663, 1664, 1668, 1670, 1671, 1676, 1678, 1686, 1687, 1689, 1690, 1691, 1694, 1696, 1698, 1702, 1703, 1705, 1706, 1716, 1717, 1718, 1719, 1720, 1722, 1726, 1730, 1733, 1738, 1742, 1743, 1744, 1747, 1748, 1751, 1752, 1758, 1759, 1764, 1768, 1771, 1772, 1774, 1775, 1780, 1783, 1784, 1785, 1789, 1793, 1794, 1798, 1800, 1806, 1808, 1809, 1810, 1811, 1814, 1822, 1823, 1824, 1825, 1827, 1833, 1835, 1839, 1840, 1841, 1844, 1845, 1846, 1847, 1850, 1852, 1855, 1856, 1858, 1861, 1862, 1866, 1869, 1870, 1872, 1873, 1875, 1876, 1879, 1880, 1883, 1888, 1889, 1895, 1897, 1899, 1903, 1906, 1908, 1910, 1911, 1914, 1915, 1916, 1918, 1919, 1923, 1932, 1933, 1934, 1937, 1939, 1942, 1945, 1946, 1953, 1956, 1957, 1962, 1966, 1967, 1968, 1972, 1975, 1976, 1978, 1979, 1980, 1982, 1984, 1985, 1986, 1987, 1991, 1992, 1993, 1995, 1998, 1999, 2002, 2003, 2007, 2008, 2009, 2011, 2015, 2017, 2018, 2022, 2026, 2027, 2035, 2036, 2039, 2040, 2042, 2048, 2049, 2054, 2060, 2062, 2063, 2070, 2073, 2077, 2084, 2085, 2087, 2088, 2090, 2091, 2100, 2101, 2102, 2103, 2104, 2107, 2110, 2111, 2114, 2116, 2125, 2128, 2130, 2131, 2132, 2133, 2136, 2137, 2139, 2144, 2147, 2149, 2150, 2153, 2157, 2158, 2159, 2163, 2165, 2167, 2168, 2169, 2175, 2176, 2177, 2182, 2185, 2187, 2190, 2194, 2195, 2197, 2198, 2199, 2202, 2206, 2207, 2208, 2209, 2210, 2214, 2225, 2226, 2227, 2231, 2232, 2236, 2240, 2249, 2250, 2251, 2252, 2253, 2256, 2257, 2259, 2267, 2270, 2274, 2275, 2284, 2285, 2287, 2289, 2290, 2292, 2294, 2296, 2297, 2303, 2307, 2308, 2310, 2311, 2315, 2326, 2327, 2328, 2329, 2330, 2332, 2333, 2334, 2339, 2341, 2342, 2343, 2344, 2345, 2346, 2347, 2351, 2353, 2356, 2361, 2362, 2368, 2369, 2372, 2374, 2385, 2392, 2395, 2397]",,,
PPI_11,0.1,pairwise_connectivity,1878,60.01641726,0.779484847,"[16, 18, 19, 31, 68, 82, 86, 105, 109, 120, 122, 123, 124, 125, 162, 172, 175, 185, 188, 191, 202, 227, 232, 237, 246, 252, 273, 281, 288, 297, 298, 309, 318, 330, 345, 361, 363, 365, 383, 397, 404, 407, 408, 409, 413, 426, 429, 433, 438, 444, 471, 485, 489, 502, 503, 512, 525, 528, 556, 561, 562, 563, 568, 571, 574, 575, 583, 589, 590, 599, 605, 606, 624, 632, 635, 637, 646, 658, 662, 667, 669, 689, 691, 693, 699, 712, 722, 734, 758, 762, 763, 764, 765, 771, 795, 810, 821, 825, 827, 849, 892, 903, 906, 917, 928, 944, 954, 957, 971, 975, 980, 988, 994, 1021, 1032, 1034, 1082, 1088, 1104, 1108, 1115, 1130, 1131, 1155, 1165, 1178, 1181, 1192, 1203, 1210, 1218, 1225, 1232, 1238, 1268, 1279, 1282, 1305, 1311, 1320, 1323, 1324, 1330, 1340, 1342, 1343, 1351, 1355, 1361, 1363, 1382, 1384, 1387, 1392, 1409, 1419, 1420, 1447, 1449, 1451, 1475, 1487, 1493, 1503, 1505, 1527, 1570, 1597, 1609, 1620, 1624, 1626, 1689, 1701, 1706, 1712, 1718, 1758, 1780, 1787, 1791, 1806, 1824, 1838, 1843, 1851, 1869]",,,
PPI_11,0.2,pairwise_connectivity,1878,60.00494409,0.599714021,"[10, 11, 12, 15, 16, 18, 19, 31, 45, 46, 58, 68, 69, 82, 86, 92, 94, 98, 105, 109, 117, 118, 120, 122, 123, 124, 125, 142, 148, 162, 164, 169, 172, 175, 178, 185, 187, 188, 189, 191, 202, 206, 211, 212, 227, 232, 236, 237, 240, 246, 249, 252, 260, 261, 273, 276, 279, 281, 288, 297, 298, 302, 304, 330, 333, 345, 351, 356, 362, 363, 365, 366, 379, 380, 383, 391, 397, 402, 404, 405, 407, 408, 409, 413, 415, 426, 429, 430, 432, 433, 438, 444, 453, 463, 468, 471, 476, 482, 485, 489, 502, 503, 508, 512, 520, 525, 528, 553, 556, 557, 561, 562, 566, 568, 569, 571, 574, 575, 577, 581, 583, 588, 589, 590, 598, 599, 600, 605, 606, 624, 626, 629, 632, 635, 637, 646, 660, 662, 667, 669, 685, 689, 691, 693, 697, 699, 706, 708, 710, 712, 713, 722, 723, 724, 729, 734, 754, 758, 759, 762, 763, 764, 765, 767, 771, 780, 784, 785, 789, 795, 798, 810, 821, 825, 827, 830, 843, 849, 850, 866, 867, 876, 879, 880, 892, 897, 903, 906, 915, 916, 917, 921, 923, 924, 925, 928, 944, 945, 954, 957, 971, 975, 980, 988, 990, 994, 996, 1004, 1021, 1027, 1032, 1034, 1036, 1037, 1045, 1051, 1063, 1064, 1073, 1078, 1079, 1082, 1086, 1087, 1088, 1095, 1104, 1108, 1115, 1119, 1130, 1131, 1154, 1160, 1165, 1170, 1177, 1178, 1181, 1184, 1185, 1190, 1191, 1192, 1193, 1203, 1207, 1208, 1210, 1214, 1218, 1225, 1227, 1228, 1232, 1238, 1241, 1242, 1245, 1248, 1255, 1268, 1270, 1279, 1282, 1299, 1305, 1311, 1317, 1320, 1321, 1323, 1324, 1326, 1330, 1340, 1342, 1343, 1345, 1349, 1351, 1353, 1355, 1361, 1362, 1363, 1380, 1382, 1384, 1387, 1390, 1392, 1406, 1409, 1411, 1412, 1419, 1420, 1423, 1432, 1438, 1442, 1443, 1447, 1449, 1450, 1451, 1455, 1457, 1460, 1463, 1472, 1475, 1480, 1487, 1493, 1495, 1503, 1505, 1515, 1527, 1532, 1542, 1548, 1554, 1559, 1563, 1570, 1573, 1579, 1580, 1587, 1588, 1592, 1597, 1605, 1606, 1609, 1616, 1620, 1624, 1626, 1631, 1639, 1668, 1671, 1672, 1673, 1675, 1682, 1689, 1692, 1694, 1699, 1701, 1706, 1712, 1715, 1718, 1758, 1762, 1780, 1784, 1787, 1791, 1802, 1806, 1822, 1824, 1838, 1843, 1851, 1855, 1869, 1870]",,,
PPI_11,0.3,pairwise_connectivity,1878,60.01566601,0.274917096,"[6, 10, 11, 15, 16, 18, 19, 29, 45, 52, 55, 58, 61, 64, 65, 67, 68, 70, 71, 82, 86, 89, 93, 94, 98, 101, 103, 105, 109, 110, 113, 116, 122, 123, 124, 125, 126, 128, 131, 134, 143, 158, 162, 163, 165, 169, 172, 175, 176, 185, 187, 188, 189, 193, 200, 202, 206, 207, 208, 209, 210, 211, 212, 213, 218, 219, 229, 232, 234, 236, 237, 240, 244, 246, 249, 258, 259, 260, 267, 268, 269, 272, 273, 279, 281, 284, 285, 287, 288, 290, 297, 298, 302, 310, 315, 319, 327, 328, 330, 333, 340, 342, 345, 347, 350, 354, 355, 356, 358, 362, 363, 364, 365, 366, 368, 370, 373, 374, 376, 379, 380, 382, 383, 384, 389, 391, 393, 395, 396, 402, 404, 408, 409, 412, 413, 415, 419, 424, 429, 433, 438, 445, 452, 453, 458, 459, 471, 472, 473, 476, 480, 482, 485, 486, 489, 491, 495, 496, 500, 502, 503, 504, 508, 512, 514, 520, 521, 524, 525, 529, 531, 533, 534, 549, 552, 553, 556, 557, 561, 566, 567, 571, 574, 575, 577, 581, 584, 585, 588, 589, 590, 591, 592, 593, 597, 599, 600, 602, 603, 606, 624, 626, 629, 631, 635, 637, 638, 641, 644, 652, 660, 662, 667, 669, 671, 680, 684, 685, 689, 691, 693, 694, 699, 703, 704, 706, 708, 710, 712, 713, 718, 722, 723, 725, 729, 730, 734, 754, 756, 758, 759, 760, 762, 763, 764, 765, 767, 771, 780, 783, 789, 790, 795, 798, 800, 807, 808, 809, 810, 811, 816, 825, 830, 835, 846, 848, 849, 850, 853, 863, 864, 865, 866, 867, 875, 879, 892, 897, 898, 903, 915, 916, 921, 923, 924, 925, 927, 928, 929, 932, 944, 945, 954, 956, 957, 961, 962, 966, 968, 971, 974, 975, 980, 981, 988, 990, 993, 996, 1000, 1004, 1007, 1008, 1009, 1010, 1026, 1027, 1028, 1029, 1030, 1032, 1036, 1037, 1038, 1044, 1045, 1048, 1051, 1052, 1054, 1063, 1067, 1075, 1076, 1082, 1086, 1087, 1088, 1089, 1090, 1095, 1103, 1104, 1107, 1115, 1119, 1120, 1122, 1123, 1124, 1125, 1130, 1131, 1136, 1137, 1141, 1150, 1154, 1160, 1164, 1166, 1170, 1177, 1179, 1181, 1184, 1185, 1186, 1193, 1198, 1203, 1205, 1206, 1208, 1210, 1213, 1214, 1215, 1224, 1225, 1228, 1231, 1232, 1238, 1241, 1242, 1244, 1247, 1248, 1256, 1257, 1258, 1268, 1269, 1270, 1279, 1282, 1284, 1286, 1287, 1294, 1299, 1300, 1311, 1320, 1322, 1323, 1324, 1326, 1330, 1331, 1335, 1345, 1348, 1349, 1350, 1351, 1355, 1361, 1362, 1363, 1371, 1380, 1383, 1384, 1387, 1390, 1395, 1396, 1397, 1398, 1405, 1406, 1407, 1411, 1414, 1415, 1419, 1422, 1423, 1432, 1438, 1439, 1440, 1443, 1449, 1450, 1451, 1456, 1457, 1460, 1463, 1470, 1472, 1475, 1477, 1480, 1487, 1488, 1489, 1495, 1501, 1502, 1503, 1505, 1509, 1515, 1522, 1525, 1527, 1529, 1532, 1535, 1538, 1542, 1545, 1548, 1549, 1551, 1552, 1553, 1554, 1559, 1563, 1567, 1570, 1578, 1579, 1580, 1588, 1592, 1595, 1596, 1597, 1605, 1609, 1613, 1615, 1624, 1626, 1631, 1635, 1637, 1638, 1643, 1645, 1649, 1655, 1658, 1668, 1670, 1671, 1672, 1673, 1675, 1686, 1687, 1689, 1692, 1693, 1694, 1695, 1699, 1700, 1704, 1706, 1707, 1712, 1715, 1718, 1721, 1727, 1742, 1749, 1750, 1751, 1758, 1759, 1761, 1762, 1768, 1772, 1776, 1779, 1784, 1785, 1787, 1790, 1794, 1795, 1796, 1802, 1806, 1808, 1812, 1813, 1822, 1824, 1833, 1834, 1841, 1843, 1851, 1869]",,,
PPI_11,0.4,pairwise_connectivity,1878,60.01631117,0.002691879,"[6, 7, 10, 11, 16, 17, 18, 19, 29, 37, 45, 47, 50, 52, 58, 60, 61, 64, 65, 67, 69, 70, 71, 78, 82, 86, 91, 93, 94, 96, 97, 98, 99, 101, 103, 105, 106, 109, 113, 116, 122, 123, 124, 125, 126, 128, 131, 134, 137, 143, 144, 145, 148, 149, 158, 162, 163, 165, 169, 171, 172, 175, 176, 177, 185, 187, 188, 189, 193, 196, 200, 202, 207, 208, 209, 210, 211, 213, 218, 219, 224, 227, 229, 232, 234, 236, 237, 238, 239, 240, 243, 244, 246, 248, 249, 255, 258, 259, 260, 263, 267, 269, 272, 273, 277, 279, 281, 287, 288, 289, 290, 291, 297, 298, 299, 300, 302, 315, 316, 317, 319, 321, 327, 328, 329, 330, 333, 335, 336, 340, 342, 345, 347, 351, 354, 355, 356, 358, 360, 362, 363, 364, 365, 366, 368, 370, 373, 374, 376, 379, 380, 381, 382, 383, 384, 387, 389, 391, 393, 394, 395, 396, 402, 404, 405, 408, 409, 412, 413, 414, 415, 418, 419, 424, 429, 433, 438, 441, 445, 446, 449, 450, 451, 452, 453, 456, 458, 459, 463, 465, 469, 475, 476, 479, 480, 481, 482, 483, 484, 485, 486, 489, 495, 496, 500, 502, 503, 504, 508, 511, 512, 514, 515, 516, 517, 520, 521, 522, 523, 524, 525, 531, 534, 541, 549, 552, 553, 554, 555, 556, 561, 562, 566, 567, 571, 574, 575, 577, 581, 588, 589, 590, 591, 593, 597, 598, 599, 600, 603, 606, 611, 614, 616, 618, 621, 624, 626, 629, 631, 633, 635, 636, 637, 638, 641, 643, 644, 652, 660, 667, 669, 670, 673, 675, 676, 677, 678, 680, 684, 685, 689, 691, 693, 699, 703, 704, 705, 707, 708, 710, 712, 713, 717, 719, 722, 723, 725, 729, 730, 733, 734, 736, 738, 739, 753, 754, 756, 757, 758, 759, 760, 761, 762, 763, 764, 765, 766, 767, 770, 771, 775, 780, 783, 789, 790, 791, 792, 793, 794, 795, 798, 800, 807, 808, 809, 810, 811, 813, 821, 825, 827, 830, 833, 834, 835, 842, 843, 846, 847, 849, 850, 853, 861, 864, 866, 867, 868, 875, 877, 879, 882, 883, 884, 886, 889, 892, 896, 897, 903, 911, 912, 915, 916, 919, 921, 923, 924, 925, 926, 927, 928, 932, 935, 939, 940, 944, 945, 947, 948, 954, 956, 957, 961, 962, 964, 971, 975, 976, 977, 980, 981, 989, 990, 992, 993, 996, 1000, 1001, 1003, 1004, 1008, 1009, 1010, 1014, 1020, 1021, 1026, 1028, 1029, 1030, 1032, 1036, 1038, 1044, 1045, 1047, 1048, 1049, 1051, 1052, 1054, 1063, 1064, 1066, 1067, 1072, 1073, 1075, 1076, 1078, 1080, 1082, 1086, 1087, 1088, 1089, 1095, 1102, 1103, 1104, 1105, 1107, 1115, 1119, 1120, 1122, 1123, 1124, 1125, 1126, 1127, 1129, 1130, 1133, 1137, 1141, 1154, 1160, 1161, 1164, 1166, 1168, 1170, 1177, 1178, 1179, 1181, 1183, 1184, 1185, 1186, 1191, 1193, 1198, 1203, 1205, 1206, 1207, 1208, 1210, 1213, 1214, 1215, 1216, 1224, 1225, 1226, 1228, 1231, 1232, 1235, 1238, 1241, 1242, 1247, 1248, 1249, 1256, 1258, 1261, 1268, 1269, 1270, 1274, 1279, 1280, 1282, 1284, 1286, 1288, 1293, 1294, 1299, 1300, 1301, 1304, 1308, 1311, 1312, 1313, 1317, 1320, 1322, 1323, 1324, 1328, 1330, 1331, 1332, 1333, 1335, 1337, 1339, 1344, 1345, 1347, 1348, 1349, 1350, 1351, 1353, 1355, 1360, 1361, 1362, 1363, 1368, 1371, 1378, 1383, 1384, 1387, 1388, 1390, 1392, 1395, 1397, 1398, 1401, 1405, 1406, 1407, 1408, 1411, 1415, 1419, 1420, 1422, 1423, 1429, 1431, 1432, 1433, 1435, 1438, 1439, 1440, 1447, 1449, 1450, 1451, 1456, 1457, 1460, 1463, 1464, 1466, 1470, 1472, 1473, 1474, 1475, 1476, 1477, 1480, 1485, 1487, 1489, 1495, 1497, 1498, 1501, 1502, 1503, 1504, 1505, 1509, 1514, 1515, 1525, 1532, 1534, 1535, 1538, 1542, 1545, 1548, 1549, 1551, 1552, 1553, 1554, 1558, 1559, 1563, 1566, 1570, 1571, 1578, 1579, 1580, 1587, 1588, 1592, 1595, 1597, 1598, 1605, 1609, 1610, 1613, 1615, 1616, 1621, 1624, 1631, 1632, 1634, 1635, 1637, 1638, 1639, 1643, 1647, 1648, 1649, 1652, 1655, 1657, 1658, 1659, 1668, 1670, 1671, 1672, 1673, 1674, 1675, 1677, 1678, 1686, 1687, 1689, 1692, 1693, 1694, 1696, 1697, 1699, 1704, 1705, 1706, 1707, 1708, 1712, 1714, 1715, 1718, 1721, 1725, 1726, 1727, 1728, 1732, 1742, 1743, 1746, 1747, 1750, 1754, 1757, 1758, 1759, 1761, 1762, 1772, 1776, 1777, 1784, 1785, 1787, 1789, 1793, 1795, 1796, 1802, 1805, 1806, 1807, 1808, 1812, 1820, 1822, 1823, 1824, 1826, 1830, 1832, 1833, 1834, 1840, 1841, 1843, 1844, 1846, 1847, 1851, 1853, 1869, 1872, 1874]",,,
PPI_12,0.1,pairwise_connectivity,1819,60.00845575,0.782504403,"[7, 10, 16, 18, 19, 32, 61, 89, 113, 118, 122, 123, 156, 162, 178, 180, 181, 194, 208, 214, 215, 236, 241, 263, 270, 275, 284, 286, 301, 307, 314, 327, 331, 336, 348, 352, 357, 386, 390, 392, 394, 399, 407, 409, 413, 425, 430, 432, 461, 463, 478, 493, 499, 522, 525, 529, 530, 533, 545, 549, 558, 561, 577, 594, 604, 606, 618, 631, 636, 643, 653, 659, 662, 670, 678, 682, 700, 709, 712, 727, 728, 732, 733, 734, 745, 754, 759, 762, 764, 773, 780, 787, 790, 792, 806, 825, 848, 852, 886, 890, 895, 912, 922, 923, 928, 931, 941, 952, 959, 975, 988, 994, 1005, 1020, 1037, 1043, 1048, 1060, 1066, 1083, 1093, 1115, 1121, 1133, 1140, 1142, 1145, 1171, 1189, 1200, 1202, 1227, 1233, 1238, 1241, 1247, 1255, 1279, 1283, 1286, 1287, 1289, 1292, 1305, 1306, 1326, 1328, 1330, 1357, 1379, 1410, 1411, 1417, 1420, 1421, 1429, 1431, 1446, 1452, 1459, 1465, 1467, 1479, 1482, 1525, 1567, 1575, 1578, 1588, 1593, 1663, 1670, 1671, 1680, 1717, 1772, 1778, 1785, 1800, 1803, 1814]",,,
PPI_12,0.2,pairwise_connectivity,1819,60.01493359,0.610860617,"[7, 9, 10, 16, 18, 19, 24, 32, 49, 58, 66, 72, 89, 97, 102, 110, 111, 113, 114, 118, 121, 122, 123, 139, 140, 144, 156, 161, 162, 178, 180, 181, 182, 194, 202, 204, 206, 208, 209, 211, 214, 215, 224, 226, 230, 232, 236, 241, 247, 263, 270, 275, 284, 286, 291, 301, 304, 305, 307, 314, 319, 327, 331, 336, 341, 348, 349, 352, 357, 360, 364, 367, 379, 380, 386, 388, 390, 391, 392, 393, 394, 399, 407, 409, 412, 413, 425, 430, 432, 434, 441, 443, 446, 457, 461, 463, 465, 473, 478, 480, 483, 484, 493, 498, 499, 507, 522, 525, 528, 529, 533, 535, 537, 540, 545, 549, 550, 552, 553, 555, 558, 559, 561, 562, 564, 574, 577, 594, 596, 599, 602, 604, 606, 614, 615, 618, 629, 633, 636, 638, 643, 652, 653, 657, 659, 662, 670, 678, 680, 682, 692, 700, 708, 709, 712, 723, 727, 728, 729, 731, 732, 733, 734, 737, 739, 745, 753, 754, 759, 762, 764, 773, 775, 780, 787, 790, 792, 801, 806, 810, 815, 825, 828, 829, 839, 847, 848, 852, 857, 875, 881, 883, 886, 890, 891, 894, 895, 908, 912, 914, 922, 923, 928, 931, 941, 952, 953, 959, 965, 975, 976, 988, 991, 992, 994, 996, 1001, 1005, 1008, 1012, 1013, 1016, 1020, 1023, 1037, 1040, 1043, 1048, 1059, 1060, 1066, 1070, 1076, 1083, 1085, 1089, 1092, 1093, 1098, 1112, 1115, 1121, 1129, 1132, 1133, 1140, 1141, 1142, 1145, 1146, 1147, 1150, 1151, 1161, 1167, 1170, 1171, 1186, 1189, 1200, 1202, 1227, 1232, 1233, 1236, 1238, 1241, 1243, 1245, 1247, 1251, 1255, 1272, 1279, 1283, 1286, 1287, 1289, 1292, 1307, 1310, 1328, 1329, 1330, 1337, 1339, 1340, 1354, 1357, 1377, 1379, 1410, 1417, 1419, 1420, 1428, 1429, 1431, 1440, 1443, 1444, 1446, 1458, 1459, 1465, 1467, 1468, 1476, 1479, 1482, 1487, 1490, 1503, 1520, 1522, 1525, 1539, 1542, 1557, 1567, 1578, 1582, 1588, 1589, 1593, 1595, 1602, 1611, 1633, 1635, 1636, 1637, 1638, 1651, 1652, 1663, 1670, 1671, 1676, 1680, 1681, 1682, 1687, 1704, 1717, 1719, 1720, 1725, 1741, 1743, 1757, 1760, 1769, 1772, 1778, 1785, 1791, 1794, 1799, 1800, 1803, 1814, 1815]",,,
PPI_12,0.3,pairwise_connectivity,1819,60.0147984,0.343474727,"[5, 7, 9, 16, 18, 19, 24, 32, 42, 43, 49, 54, 55, 57, 58, 60, 66, 72, 81, 82, 86, 89, 95, 96, 97, 100, 102, 104, 110, 113, 114, 118, 119, 121, 122, 123, 124, 126, 130, 137, 140, 144, 148, 156, 161, 178, 180, 181, 182, 186, 195, 203, 204, 206, 207, 208, 209, 211, 214, 215, 221, 224, 226, 229, 230, 232, 233, 234, 236, 237, 245, 246, 247, 248, 255, 256, 257, 262, 263, 268, 270, 273, 274, 275, 278, 284, 285, 286, 287, 289, 291, 300, 301, 304, 307, 313, 314, 315, 316, 319, 323, 327, 328, 331, 335, 336, 343, 345, 349, 354, 356, 360, 361, 363, 364, 367, 373, 376, 379, 386, 388, 390, 391, 392, 393, 394, 396, 397, 398, 399, 406, 409, 412, 413, 420, 425, 427, 428, 430, 432, 434, 442, 450, 451, 455, 457, 460, 461, 463, 465, 473, 475, 476, 477, 478, 480, 483, 484, 493, 494, 498, 499, 503, 505, 507, 518, 521, 522, 525, 528, 532, 533, 535, 544, 545, 546, 550, 552, 553, 558, 559, 561, 562, 564, 568, 569, 570, 573, 577, 579, 586, 594, 596, 598, 599, 601, 602, 604, 606, 614, 615, 617, 624, 625, 626, 629, 631, 633, 636, 637, 643, 647, 649, 652, 655, 657, 659, 661, 662, 670, 677, 678, 680, 682, 690, 692, 696, 700, 709, 712, 715, 723, 724, 725, 727, 728, 730, 731, 732, 733, 734, 737, 739, 743, 745, 749, 753, 754, 757, 758, 759, 762, 763, 764, 771, 772, 773, 775, 780, 787, 790, 792, 801, 811, 815, 823, 828, 829, 837, 838, 839, 847, 848, 849, 852, 857, 870, 872, 874, 876, 881, 883, 884, 886, 887, 888, 890, 891, 895, 897, 912, 913, 918, 921, 922, 923, 928, 929, 933, 941, 945, 952, 953, 956, 959, 962, 969, 974, 975, 976, 984, 989, 994, 996, 998, 1001, 1002, 1003, 1005, 1006, 1008, 1011, 1012, 1013, 1014, 1016, 1020, 1021, 1023, 1027, 1034, 1043, 1046, 1047, 1048, 1049, 1054, 1058, 1059, 1060, 1066, 1076, 1079, 1081, 1083, 1084, 1087, 1089, 1092, 1093, 1100, 1112, 1115, 1119, 1127, 1130, 1133, 1139, 1140, 1142, 1143, 1144, 1145, 1146, 1147, 1150, 1153, 1164, 1165, 1167, 1170, 1171, 1174, 1183, 1184, 1186, 1189, 1193, 1195, 1196, 1200, 1201, 1202, 1206, 1209, 1215, 1217, 1227, 1228, 1229, 1233, 1236, 1238, 1240, 1241, 1245, 1246, 1247, 1251, 1254, 1255, 1257, 1258, 1269, 1272, 1279, 1286, 1287, 1289, 1292, 1293, 1301, 1307, 1308, 1310, 1311, 1315, 1320, 1321, 1326, 1328, 1329, 1330, 1331, 1336, 1337, 1340, 1342, 1353, 1354, 1357, 1361, 1376, 1377, 1384, 1389, 1392, 1402, 1406, 1407, 1411, 1419, 1420, 1426, 1428, 1431, 1443, 1444, 1445, 1446, 1447, 1449, 1452, 1459, 1461, 1464, 1465, 1467, 1468, 1474, 1475, 1476, 1479, 1482, 1485, 1487, 1493, 1496, 1503, 1512, 1513, 1520, 1522, 1524, 1525, 1529, 1539, 1540, 1542, 1547, 1548, 1557, 1564, 1567, 1578, 1579, 1582, 1584, 1588, 1589, 1593, 1595, 1601, 1602, 1603, 1605, 1611, 1623, 1626, 1633, 1635, 1636, 1637, 1638, 1651, 1652, 1655, 1656, 1657, 1663, 1665, 1670, 1671, 1672, 1673, 1676, 1680, 1682, 1687, 1688, 1696, 1711, 1717, 1720, 1730, 1732, 1734, 1739, 1741, 1744, 1746, 1756, 1760, 1769, 1772, 1774, 1778, 1780, 1782, 1790, 1794, 1795, 1799, 1800, 1814]",,,
PPI_12,0.4,pairwise_connectivity,1819,60.01400328,0.0031896,"[2, 5, 7, 9, 15, 16, 18, 19, 20, 24, 30, 32, 39, 41, 46, 49, 50, 54, 55, 58, 60, 62, 65, 70, 72, 82, 83, 86, 89, 93, 95, 96, 97, 98, 102, 104, 106, 108, 114, 119, 120, 121, 122, 123, 124, 125, 126, 134, 137, 140, 142, 143, 144, 145, 148, 149, 156, 157, 160, 161, 170, 175, 178, 180, 181, 182, 186, 190, 192, 193, 194, 195, 198, 200, 201, 203, 204, 206, 207, 208, 209, 211, 213, 214, 215, 217, 221, 224, 226, 230, 232, 233, 234, 236, 237, 238, 245, 246, 247, 248, 249, 255, 262, 263, 264, 268, 270, 274, 275, 278, 284, 285, 286, 287, 289, 291, 298, 300, 301, 303, 304, 305, 307, 308, 313, 314, 315, 316, 319, 323, 324, 327, 328, 331, 335, 336, 337, 338, 340, 341, 345, 347, 348, 349, 353, 354, 356, 357, 359, 360, 361, 362, 363, 364, 367, 373, 376, 377, 378, 379, 380, 383, 386, 388, 391, 392, 393, 394, 396, 397, 398, 399, 401, 406, 409, 413, 417, 420, 427, 430, 432, 434, 443, 450, 451, 455, 457, 458, 460, 461, 462, 463, 464, 465, 468, 469, 470, 473, 475, 476, 477, 478, 480, 483, 484, 486, 489, 493, 494, 495, 496, 498, 499, 505, 507, 518, 521, 522, 523, 524, 525, 532, 533, 535, 544, 545, 546, 549, 550, 553, 558, 559, 561, 562, 564, 567, 568, 569, 570, 571, 573, 577, 583, 586, 590, 591, 594, 596, 599, 601, 603, 604, 606, 608, 614, 615, 616, 617, 624, 629, 631, 636, 637, 643, 644, 646, 649, 652, 653, 655, 657, 659, 661, 662, 677, 678, 679, 681, 682, 684, 686, 688, 689, 690, 691, 692, 696, 699, 700, 701, 702, 703, 709, 712, 723, 724, 725, 726, 727, 728, 729, 730, 731, 732, 733, 734, 736, 737, 739, 743, 745, 747, 751, 753, 754, 756, 757, 758, 759, 760, 762, 763, 764, 767, 769, 771, 772, 773, 774, 775, 778, 782, 784, 790, 800, 801, 806, 809, 810, 811, 813, 815, 823, 828, 829, 834, 836, 838, 839, 843, 844, 845, 847, 848, 849, 852, 856, 857, 863, 866, 870, 872, 876, 878, 879, 881, 883, 884, 886, 887, 888, 891, 895, 898, 903, 912, 913, 915, 916, 923, 927, 928, 930, 931, 933, 936, 938, 939, 941, 944, 945, 953, 956, 959, 961, 962, 969, 971, 973, 974, 975, 976, 979, 984, 985, 988, 989, 991, 992, 994, 996, 1002, 1006, 1008, 1011, 1012, 1013, 1014, 1016, 1020, 1021, 1023, 1025, 1027, 1033, 1037, 1043, 1045, 1046, 1047, 1048, 1049, 1050, 1059, 1060, 1063, 1065, 1066, 1069, 1076, 1079, 1080, 1083, 1084, 1085, 1087, 1089, 1090, 1092, 1093, 1096, 1098, 1100, 1103, 1106, 1108, 1112, 1115, 1119, 1120, 1127, 1128, 1130, 1139, 1141, 1142, 1143, 1144, 1145, 1146, 1147, 1153, 1161, 1164, 1165, 1167, 1170, 1171, 1174, 1176, 1182, 1183, 1184, 1186, 1189, 1195, 1196, 1200, 1201, 1202, 1206, 1208, 1209, 1215, 1217, 1220, 1227, 1228, 1229, 1233, 1236, 1237, 1238, 1240, 1241, 1245, 1247, 1249, 1251, 1254, 1255, 1256, 1257, 1258, 1260, 1262, 1263, 1266, 1267, 1269, 1272, 1273, 1274, 1275, 1279, 1280, 1283, 1285, 1286, 1287, 1291, 1292, 1294, 1297, 1301, 1307, 1308, 1309, 1310, 1311, 1312, 1315, 1317, 1320, 1326, 1327, 1328, 1329, 1330, 1331, 1332, 1336, 1339, 1340, 1349, 1353, 1354, 1357, 1358, 1361, 1365, 1366, 1367, 1371, 1375, 1376, 1377, 1384, 1388, 1389, 1392, 1400, 1401, 1402, 1403, 1406, 1407, 1408, 1413, 1415, 1416, 1417, 1419, 1420, 1425, 1426, 1428, 1429, 1431, 1434, 1436, 1440, 1443, 1444, 1445, 1446, 1447, 1449, 1452, 1459, 1461, 1464, 1467, 1468, 1471, 1474, 1475, 1476, 1479, 1482, 1487, 1493, 1496, 1501, 1503, 1506, 1507, 1512, 1520, 1522, 1523, 1524, 1525, 1526, 1527, 1529, 1534, 1537, 1542, 1543, 1544, 1545, 1548, 1555, 1556, 1557, 1564, 1567, 1569, 1570, 1578, 1582, 1584, 1588, 1593, 1595, 1601, 1602, 1603, 1605, 1611, 1613, 1614, 1615, 1616, 1619, 1623, 1624, 1626, 1633, 1634, 1635, 1636, 1637, 1638, 1639, 1640, 1646, 1649, 1651, 1652, 1655, 1656, 1657, 1661, 1663, 1664, 1665, 1669, 1670, 1671, 1672, 1676, 1680, 1682, 1688, 1694, 1696, 1698, 1700, 1704, 1711, 1712, 1717, 1718, 1719, 1720, 1722, 1730, 1732, 1733, 1735, 1741, 1742, 1743, 1744, 1746, 1748, 1756, 1757, 1759, 1760, 1767, 1769, 1771, 1772, 1780, 1782, 1784, 1786, 1790, 1794, 1795, 1799, 1806, 1810, 1814]",,,
PPI_13,0.1,pairwise_connectivity,3480,60.29197121,0.759738951,"[17, 20, 29, 31, 33, 47, 60, 66, 69, 86, 104, 113, 114, 122, 124, 126, 137, 138, 143, 154, 158, 163, 174, 190, 202, 205, 213, 215, 218, 224, 226, 227, 228, 251, 256, 257, 265, 270, 278, 290, 314, 324, 341, 342, 361, 362, 390, 392, 396, 397, 411, 414, 424, 431, 438, 453, 466, 492, 501, 502, 513, 520, 521, 536, 539, 547, 556, 562, 572, 585, 594, 601, 614, 622, 646, 656, 659, 664, 665, 679, 694, 702, 705, 717, 728, 731, 732, 737, 742, 744, 750, 756, 778, 786, 794, 869, 874, 875, 888, 890, 894, 919, 923, 966, 969, 981, 982, 991, 1017, 1033, 1036, 1038, 1050, 1055, 1057, 1059, 1068, 1071, 1094, 1099, 1109, 1123, 1142, 1143, 1182, 1184, 1188, 1201, 1217, 1220, 1272, 1282, 1293, 1299, 1320, 1330, 1345, 1367, 1382, 1383, 1387, 1389, 1396, 1404, 1441, 1456, 1464, 1472, 1479, 1491, 1513, 1528, 1537, 1541, 1549, 1553, 1561, 1570, 1577, 1582, 1585, 1596, 1635, 1643, 1648, 1677, 1679, 1682, 1684, 1688, 1692, 1703, 1716, 1728, 1756, 1777, 1778, 1792, 1804, 1817, 1827, 1829, 1832, 1834, 1836, 1840, 1843, 1844, 1854, 1858, 1885, 1899, 1905, 1921, 1930, 1934, 1940, 1948, 1949, 1951, 1979, 1984, 1993, 2009, 2028, 2029, 2033, 2039, 2055, 2091, 2096, 2117, 2126, 2157, 2169, 2180, 2183, 2198, 2211, 2213, 2220, 2224, 2239, 2248, 2269, 2276, 2284, 2299, 2305, 2317, 2318, 2345, 2363, 2364, 2365, 2383, 2389, 2392, 2394, 2411, 2412, 2414, 2415, 2417, 2419, 2429, 2450, 2461, 2474, 2484, 2490, 2499, 2507, 2512, 2517, 2536, 2538, 2541, 2549, 2561, 2566, 2570, 2579, 2588, 2593, 2601, 2610, 2616, 2632, 2633, 2636, 2650, 2657, 2662, 2678, 2684, 2698, 2725, 2743, 2749, 2774, 2780, 2792, 2833, 2844, 2845, 2859, 2862, 2869, 2890, 2916, 2918, 2919, 2920, 2921, 2953, 2958, 2974, 2984, 2985, 3005, 3016, 3027, 3030, 3064, 3084, 3090, 3100, 3108, 3125, 3134, 3140, 3144, 3147, 3158, 3165, 3176, 3177, 3179, 3204, 3211, 3217, 3235, 3243, 3273, 3280, 3298, 3307, 3315, 3326, 3368, 3383, 3387, 3388, 3389, 3399, 3404, 3406, 3410, 3418, 3426, 3440, 3448, 3450, 3452, 3466, 3468, 3469]",,,
PPI_13,0.2,pairwise_connectivity,3480,61.10950422,0.579301258,"[9, 17, 20, 28, 29, 31, 33, 47, 49, 60, 63, 65, 66, 68, 69, 71, 78, 79, 86, 92, 93, 104, 113, 114, 116, 122, 124, 126, 129, 132, 137, 138, 143, 146, 154, 160, 161, 163, 190, 197, 202, 205, 213, 215, 216, 218, 224, 226, 227, 228, 251, 253, 256, 257, 265, 272, 278, 290, 292, 297, 300, 307, 313, 314, 317, 321, 324, 336, 342, 355, 361, 377, 387, 390, 392, 396, 397, 407, 414, 422, 424, 426, 437, 438, 439, 440, 444, 445, 449, 450, 453, 456, 459, 463, 466, 468, 472, 473, 475, 486, 492, 498, 501, 502, 513, 520, 521, 535, 536, 539, 541, 542, 547, 548, 562, 572, 573, 585, 590, 592, 594, 600, 601, 613, 614, 616, 618, 622, 635, 638, 639, 642, 646, 648, 650, 652, 655, 656, 659, 660, 664, 665, 677, 679, 681, 683, 685, 694, 699, 702, 705, 717, 719, 729, 731, 732, 736, 737, 739, 742, 750, 756, 771, 772, 774, 775, 778, 781, 785, 786, 794, 797, 805, 844, 850, 859, 867, 868, 869, 874, 875, 882, 887, 888, 889, 890, 892, 894, 895, 899, 910, 914, 916, 919, 920, 922, 923, 929, 932, 933, 937, 938, 950, 965, 969, 973, 981, 982, 991, 1012, 1017, 1028, 1033, 1036, 1038, 1039, 1050, 1051, 1055, 1057, 1059, 1060, 1067, 1068, 1070, 1071, 1076, 1079, 1089, 1092, 1094, 1099, 1107, 1109, 1117, 1118, 1119, 1122, 1123, 1127, 1130, 1143, 1160, 1167, 1180, 1182, 1184, 1188, 1201, 1217, 1220, 1232, 1234, 1235, 1248, 1249, 1252, 1266, 1268, 1277, 1279, 1282, 1285, 1289, 1293, 1294, 1299, 1310, 1318, 1319, 1320, 1329, 1330, 1341, 1343, 1345, 1346, 1349, 1350, 1361, 1362, 1364, 1366, 1367, 1368, 1369, 1382, 1383, 1387, 1389, 1396, 1399, 1404, 1425, 1429, 1441, 1442, 1443, 1444, 1456, 1459, 1464, 1472, 1478, 1479, 1481, 1491, 1492, 1509, 1512, 1513, 1525, 1526, 1528, 1529, 1531, 1533, 1537, 1541, 1546, 1549, 1551, 1553, 1568, 1582, 1585, 1587, 1592, 1595, 1596, 1599, 1610, 1613, 1617, 1635, 1642, 1643, 1644, 1648, 1656, 1657, 1661, 1679, 1681, 1688, 1692, 1693, 1702, 1703, 1711, 1716, 1719, 1720, 1726, 1728, 1737, 1743, 1752, 1755, 1756, 1759, 1769, 1777, 1778, 1781, 1785, 1786, 1787, 1789, 1792, 1810, 1817, 1818, 1827, 1828, 1829, 1831, 1832, 1834, 1836, 1840, 1843, 1844, 1867, 1868, 1870, 1876, 1881, 1897, 1899, 1916, 1921, 1922, 1930, 1931, 1934, 1935, 1940, 1946, 1947, 1948, 1949, 1951, 1965, 1979, 1980, 1984, 1991, 1993, 2003, 2009, 2012, 2024, 2028, 2029, 2036, 2037, 2039, 2040, 2044, 2054, 2055, 2061, 2082, 2084, 2086, 2091, 2096, 2099, 2104, 2106, 2108, 2111, 2117, 2126, 2128, 2145, 2150, 2151, 2165, 2169, 2171, 2172, 2173, 2174, 2180, 2183, 2184, 2194, 2196, 2198, 2202, 2204, 2206, 2213, 2220, 2224, 2233, 2239, 2248, 2262, 2269, 2276, 2279, 2284, 2288, 2291, 2299, 2300, 2305, 2317, 2318, 2320, 2321, 2330, 2337, 2345, 2347, 2356, 2363, 2364, 2365, 2378, 2380, 2383, 2389, 2392, 2394, 2400, 2407, 2411, 2412, 2413, 2414, 2415, 2417, 2419, 2429, 2430, 2453, 2461, 2469, 2477, 2478, 2484, 2490, 2492, 2495, 2499, 2501, 2503, 2507, 2510, 2512, 2514, 2517, 2536, 2538, 2541, 2543, 2549, 2551, 2554, 2556, 2561, 2566, 2572, 2573, 2579, 2588, 2593, 2601, 2608, 2610, 2616, 2632, 2633, 2636, 2647, 2650, 2654, 2657, 2659, 2662, 2671, 2678, 2684, 2686, 2691, 2695, 2698, 2708, 2718, 2725, 2743, 2746, 2752, 2766, 2773, 2774, 2775, 2780, 2786, 2790, 2801, 2803, 2827, 2833, 2846, 2848, 2853, 2855, 2857, 2859, 2862, 2869, 2883, 2887, 2890, 2896, 2901, 2903, 2904, 2908, 2916, 2920, 2921, 2923, 2926, 2938, 2949, 2953, 2955, 2957, 2958, 2959, 2965, 2966, 2970, 2974, 2984, 2985, 2991, 2996, 3005, 3016, 3020, 3027, 3028, 3030, 3031, 3044, 3045, 3057, 3063, 3064, 3066, 3072, 3073, 3084, 3090, 3100, 3103, 3108, 3109, 3111, 3112, 3116, 3119, 3120, 3125, 3134, 3135, 3140, 3142, 3144, 3147, 3158, 3165, 3169, 3176, 3177, 3179, 3190, 3204, 3209, 3211, 3217, 3235, 3243, 3254, 3258, 3265, 3267, 3268, 3273, 3280, 3298, 3299, 3301, 3306, 3307, 3309, 3313, 3315, 3317, 3319, 3326, 3328, 3332, 3335, 3348, 3351, 3365, 3368, 3373, 3375, 3383, 3386, 3387, 3389, 3392, 3399, 3400, 3404, 3406, 3410, 3411, 3418, 3426, 3440, 3444, 3450, 3452, 3468, 3469]",,,
PPI_13,0.3,pairwise_connectivity,3480,61.53026032,0.32378491,"[6, 14, 15, 17, 20, 29, 31, 33, 39, 47, 49, 53, 56, 57, 60, 63, 65, 66, 68, 69, 71, 78, 79, 85, 86, 92, 93, 97, 98, 103, 104, 112, 113, 114, 116, 121, 124, 125, 126, 129, 132, 134, 137, 138, 143, 154, 157, 160, 161, 162, 163, 174, 178, 182, 184, 190, 197, 202, 205, 206, 213, 215, 218, 219, 224, 226, 227, 228, 230, 232, 241, 251, 253, 256, 257, 258, 265, 266, 267, 272, 273, 278, 279, 281, 290, 292, 293, 296, 297, 298, 301, 309, 314, 315, 317, 321, 322, 324, 325, 326, 333, 336, 337, 340, 342, 343, 344, 348, 355, 361, 362, 367, 372, 374, 376, 377, 379, 383, 385, 386, 387, 390, 391, 392, 395, 396, 397, 407, 409, 412, 414, 422, 424, 426, 429, 430, 431, 437, 438, 442, 444, 445, 448, 450, 453, 456, 459, 468, 473, 474, 475, 476, 482, 486, 492, 496, 501, 502, 510, 513, 515, 517, 520, 521, 525, 527, 535, 536, 539, 541, 542, 545, 547, 548, 549, 550, 551, 559, 562, 563, 567, 572, 576, 581, 583, 585, 590, 592, 594, 598, 601, 602, 607, 618, 622, 629, 630, 635, 639, 642, 643, 646, 647, 648, 650, 652, 655, 656, 659, 660, 664, 665, 667, 668, 673, 677, 678, 679, 682, 683, 685, 694, 699, 701, 702, 705, 708, 713, 717, 718, 725, 729, 731, 732, 736, 737, 738, 739, 743, 747, 750, 756, 771, 772, 778, 785, 786, 794, 797, 803, 805, 806, 811, 818, 822, 829, 834, 837, 844, 850, 858, 859, 867, 869, 873, 874, 881, 882, 884, 886, 888, 889, 890, 894, 895, 899, 903, 910, 914, 916, 917, 919, 920, 922, 926, 927, 932, 933, 937, 938, 946, 950, 954, 962, 963, 966, 968, 969, 970, 973, 976, 982, 987, 989, 990, 991, 1009, 1016, 1017, 1020, 1028, 1036, 1037, 1038, 1044, 1050, 1051, 1055, 1056, 1057, 1059, 1060, 1067, 1068, 1070, 1071, 1076, 1079, 1084, 1086, 1089, 1092, 1094, 1098, 1099, 1101, 1104, 1107, 1109, 1111, 1118, 1119, 1120, 1121, 1122, 1123, 1124, 1130, 1143, 1144, 1146, 1157, 1160, 1167, 1169, 1174, 1176, 1177, 1180, 1182, 1184, 1188, 1192, 1194, 1197, 1201, 1216, 1217, 1220, 1221, 1222, 1225, 1229, 1232, 1234, 1235, 1243, 1248, 1249, 1253, 1266, 1270, 1277, 1279, 1280, 1282, 1285, 1289, 1293, 1294, 1300, 1314, 1318, 1319, 1320, 1323, 1329, 1330, 1338, 1341, 1343, 1345, 1346, 1349, 1350, 1361, 1362, 1364, 1366, 1367, 1368, 1369, 1374, 1376, 1377, 1380, 1382, 1383, 1387, 1389, 1397, 1399, 1404, 1406, 1423, 1425, 1426, 1427, 1428, 1429, 1433, 1436, 1441, 1442, 1443, 1444, 1448, 1450, 1456, 1457, 1458, 1464, 1471, 1472, 1477, 1478, 1479, 1486, 1491, 1492, 1498, 1499, 1512, 1513, 1515, 1518, 1521, 1524, 1528, 1529, 1530, 1531, 1533, 1534, 1537, 1541, 1543, 1546, 1549, 1551, 1552, 1553, 1554, 1555, 1557, 1565, 1568, 1569, 1575, 1582, 1585, 1587, 1589, 1592, 1595, 1596, 1600, 1617, 1619, 1630, 1631, 1634, 1635, 1636, 1639, 1642, 1643, 1644, 1645, 1648, 1649, 1650, 1656, 1657, 1677, 1678, 1679, 1681, 1688, 1690, 1692, 1693, 1697, 1702, 1704, 1705, 1711, 1714, 1715, 1719, 1720, 1728, 1730, 1736, 1737, 1742, 1747, 1752, 1755, 1756, 1758, 1759, 1764, 1767, 1769, 1778, 1781, 1785, 1786, 1787, 1791, 1792, 1802, 1810, 1811, 1817, 1818, 1825, 1827, 1828, 1829, 1831, 1832, 1834, 1836, 1840, 1843, 1844, 1850, 1852, 1858, 1865, 1869, 1876, 1878, 1881, 1886, 1892, 1898, 1899, 1903, 1905, 1908, 1912, 1916, 1917, 1921, 1922, 1929, 1930, 1931, 1932, 1933, 1934, 1935, 1937, 1939, 1940, 1942, 1946, 1948, 1949, 1951, 1952, 1959, 1961, 1962, 1979, 1980, 1984, 1991, 1993, 1997, 2003, 2008, 2009, 2012, 2014, 2018, 2027, 2028, 2029, 2036, 2040, 2042, 2043, 2044, 2055, 2058, 2060, 2061, 2068, 2069, 2082, 2084, 2086, 2091, 2093, 2096, 2099, 2104, 2111, 2117, 2128, 2136, 2137, 2142, 2145, 2150, 2151, 2161, 2163, 2165, 2169, 2170, 2171, 2172, 2173, 2174, 2180, 2181, 2183, 2184, 2187, 2198, 2202, 2203, 2204, 2206, 2209, 2211, 2213, 2217, 2220, 2222, 2224, 2231, 2233, 2235, 2237, 2238, 2239, 2244, 2246, 2248, 2259, 2262, 2267, 2269, 2270, 2273, 2275, 2276, 2278, 2279, 2283, 2285, 2286, 2288, 2289, 2291, 2296, 2297, 2299, 2302, 2304, 2305, 2315, 2316, 2317, 2318, 2320, 2321, 2325, 2327, 2329, 2330, 2336, 2337, 2340, 2342, 2345, 2347, 2348, 2356, 2365, 2376, 2378, 2383, 2386, 2389, 2392, 2393, 2394, 2397, 2400, 2402, 2407, 2408, 2411, 2412, 2413, 2414, 2415, 2417, 2419, 2425, 2426, 2429, 2430, 2431, 2432, 2437, 2441, 2453, 2454, 2459, 2460, 2461, 2463, 2467, 2469, 2477, 2478, 2479, 2484, 2490, 2492, 2495, 2497, 2499, 2501, 2502, 2503, 2504, 2506, 2507, 2512, 2514, 2516, 2517, 2523, 2527, 2536, 2538, 2541, 2543, 2548, 2549, 2551, 2554, 2556, 2559, 2560, 2561, 2562, 2568, 2572, 2579, 2581, 2584, 2588, 2592, 2593, 2607, 2608, 2610, 2614, 2616, 2632, 2633, 2636, 2641, 2642, 2644, 2645, 2648, 2650, 2654, 2656, 2657, 2659, 2662, 2668, 2672, 2673, 2678, 2680, 2684, 2687, 2694, 2697, 2698, 2700, 2701, 2706, 2707, 2713, 2718, 2730, 2740, 2743, 2745, 2746, 2753, 2754, 2755, 2759, 2760, 2761, 2762, 2766, 2774, 2775, 2778, 2780, 2790, 2803, 2819, 2827, 2833, 2834, 2844, 2845, 2846, 2848, 2850, 2853, 2855, 2857, 2858, 2859, 2860, 2862, 2864, 2866, 2869, 2870, 2874, 2877, 2883, 2887, 2890, 2896, 2900, 2901, 2903, 2904, 2908, 2913, 2915, 2917, 2920, 2922, 2923, 2925, 2929, 2938, 2944, 2956, 2958, 2959, 2965, 2974, 2983, 2984, 2985, 2991, 2996, 3005, 3010, 3012, 3014, 3016, 3020, 3021, 3027, 3030, 3031, 3034, 3036, 3038, 3039, 3041, 3042, 3044, 3045, 3048, 3057, 3063, 3064, 3065, 3066, 3068, 3072, 3073, 3078, 3084, 3097, 3099, 3100, 3103, 3105, 3108, 3109, 3111, 3112, 3119, 3120, 3122, 3125, 3132, 3133, 3134, 3135, 3136, 3139, 3140, 3142, 3143, 3144, 3156, 3158, 3165, 3169, 3173, 3176, 3177, 3179, 3200, 3201, 3204, 3209, 3210, 3211, 3215, 3229, 3231, 3232, 3233, 3235, 3243, 3248, 3253, 3254, 3255, 3258, 3264, 3265, 3268, 3271, 3273, 3280, 3288, 3298, 3299, 3301, 3305, 3306, 3307, 3308, 3310, 3313, 3315, 3317, 3319, 3326, 3328, 3332, 3335, 3342, 3348, 3351, 3352, 3354, 3355, 3357, 3363, 3364, 3365, 3366, 3368, 3373, 3374, 3375, 3376, 3379, 3383, 3387, 3392, 3394, 3395, 3399, 3400, 3401, 3404, 3406, 3410, 3411, 3413, 3418, 3426, 3427, 3439, 3440, 3444, 3450, 3452, 3454, 3465, 3468, 3469, 3470, 3479]",,,
PPI_13,0.4,pairwise_connectivity,3480,61.73572993,0.002246162,"[3, 10, 14, 15, 16, 17, 20, 24, 29, 31, 33, 34, 39, 41, 47, 53, 56, 57, 60, 63, 64, 65, 66, 69, 71, 74, 77, 78, 79, 85, 86, 88, 91, 92, 98, 101, 104, 109, 112, 114, 116, 117, 118, 121, 123, 124, 125, 126, 128, 132, 137, 142, 145, 146, 152, 154, 155, 161, 162, 163, 167, 169, 171, 172, 173, 176, 182, 183, 184, 187, 188, 189, 190, 191, 195, 197, 198, 202, 204, 205, 206, 208, 211, 213, 215, 218, 219, 224, 226, 227, 228, 229, 230, 232, 235, 241, 251, 252, 253, 256, 257, 263, 265, 267, 271, 272, 273, 275, 277, 278, 282, 284, 286, 290, 297, 300, 301, 309, 314, 317, 321, 322, 324, 325, 330, 333, 336, 337, 340, 342, 344, 349, 350, 353, 355, 359, 362, 365, 366, 367, 369, 372, 374, 376, 383, 384, 385, 387, 389, 390, 391, 392, 393, 394, 395, 396, 397, 398, 400, 402, 403, 412, 414, 417, 422, 426, 428, 429, 430, 431, 437, 438, 440, 443, 445, 448, 449, 450, 453, 456, 457, 459, 460, 461, 468, 469, 473, 474, 475, 478, 482, 485, 486, 490, 492, 496, 497, 499, 500, 501, 502, 505, 506, 509, 510, 512, 513, 518, 519, 520, 521, 522, 524, 525, 527, 529, 535, 536, 537, 539, 541, 542, 543, 545, 546, 547, 550, 555, 559, 562, 563, 569, 572, 573, 576, 577, 578, 580, 581, 584, 585, 588, 591, 592, 593, 594, 595, 597, 598, 600, 601, 607, 612, 618, 620, 621, 622, 623, 630, 632, 635, 636, 637, 638, 639, 642, 643, 646, 647, 648, 649, 650, 652, 655, 656, 658, 659, 660, 662, 664, 665, 668, 672, 673, 676, 677, 678, 679, 680, 681, 682, 683, 684, 686, 692, 694, 699, 700, 701, 704, 705, 706, 709, 713, 717, 718, 725, 731, 732, 736, 737, 738, 739, 742, 743, 746, 747, 748, 750, 751, 755, 759, 760, 771, 772, 774, 778, 781, 785, 786, 787, 788, 789, 794, 803, 804, 805, 806, 818, 820, 821, 822, 823, 829, 831, 834, 837, 844, 848, 854, 858, 859, 861, 863, 864, 865, 867, 873, 874, 876, 877, 878, 881, 882, 883, 884, 885, 887, 888, 889, 890, 892, 895, 897, 898, 902, 903, 904, 910, 914, 916, 917, 919, 920, 922, 926, 927, 931, 932, 933, 936, 937, 938, 940, 946, 949, 950, 952, 959, 960, 962, 963, 964, 965, 966, 968, 969, 970, 973, 988, 989, 990, 991, 993, 1004, 1009, 1012, 1015, 1017, 1019, 1020, 1027, 1028, 1031, 1032, 1033, 1036, 1038, 1040, 1044, 1050, 1055, 1057, 1059, 1062, 1067, 1068, 1070, 1071, 1073, 1076, 1079, 1084, 1089, 1091, 1092, 1094, 1097, 1098, 1099, 1101, 1104, 1107, 1109, 1116, 1117, 1118, 1119, 1120, 1122, 1123, 1124, 1125, 1126, 1133, 1144, 1146, 1147, 1154, 1157, 1159, 1160, 1167, 1169, 1173, 1174, 1176, 1178, 1180, 1182, 1184, 1185, 1188, 1192, 1193, 1194, 1195, 1197, 1198, 1201, 1203, 1207, 1213, 1216, 1221, 1225, 1229, 1232, 1234, 1235, 1236, 1237, 1248, 1249, 1250, 1251, 1260, 1262, 1264, 1265, 1266, 1268, 1269, 1274, 1278, 1279, 1280, 1285, 1287, 1289, 1293, 1294, 1297, 1314, 1319, 1320, 1323, 1329, 1330, 1335, 1338, 1339, 1341, 1343, 1345, 1348, 1349, 1350, 1358, 1360, 1361, 1362, 1366, 1367, 1368, 1369, 1370, 1376, 1377, 1380, 1382, 1383, 1386, 1387, 1389, 1393, 1399, 1400, 1403, 1404, 1406, 1413, 1414, 1425, 1427, 1428, 1429, 1430, 1434, 1435, 1436, 1437, 1440, 1441, 1442, 1443, 1444, 1448, 1450, 1454, 1455, 1456, 1458, 1462, 1464, 1471, 1476, 1478, 1479, 1481, 1482, 1484, 1485, 1486, 1487, 1490, 1491, 1492, 1498, 1501, 1505, 1508, 1512, 1513, 1515, 1517, 1518, 1521, 1522, 1524, 1526, 1528, 1530, 1531, 1534, 1541, 1543, 1545, 1546, 1549, 1552, 1553, 1555, 1557, 1560, 1562, 1567, 1568, 1569, 1571, 1572, 1575, 1580, 1582, 1585, 1586, 1587, 1588, 1590, 1592, 1595, 1596, 1598, 1600, 1601, 1609, 1613, 1615, 1617, 1619, 1620, 1627, 1628, 1630, 1633, 1634, 1635, 1637, 1638, 1639, 1640, 1642, 1643, 1644, 1645, 1646, 1647, 1648, 1649, 1654, 1656, 1657, 1659, 1661, 1666, 1676, 1677, 1678, 1679, 1681, 1682, 1684, 1686, 1690, 1692, 1693, 1695, 1697, 1698, 1702, 1704, 1708, 1711, 1714, 1715, 1716, 1717, 1719, 1724, 1728, 1730, 1732, 1735, 1736, 1737, 1739, 1742, 1744, 1752, 1755, 1756, 1758, 1760, 1761, 1764, 1768, 1769, 1778, 1781, 1782, 1785, 1786, 1787, 1789, 1791, 1792, 1795, 1802, 1810, 1811, 1817, 1818, 1823, 1827, 1828, 1829, 1831, 1832, 1836, 1840, 1841, 1843, 1844, 1846, 1850, 1858, 1865, 1866, 1867, 1868, 1869, 1870, 1876, 1878, 1889, 1890, 1894, 1896, 1898, 1899, 1903, 1908, 1909, 1912, 1916, 1917, 1920, 1921, 1922, 1925, 1926, 1928, 1929, 1930, 1931, 1932, 1933, 1935, 1937, 1938, 1939, 1942, 1948, 1949, 1951, 1955, 1959, 1961, 1962, 1965, 1968, 1970, 1978, 1981, 1984, 1987, 1991, 1992, 1993, 1994, 1995, 2003, 2008, 2009, 2012, 2013, 2014, 2018, 2019, 2023, 2024, 2025, 2027, 2028, 2029, 2031, 2037, 2039, 2044, 2051, 2055, 2057, 2061, 2064, 2068, 2069, 2073, 2079, 2080, 2082, 2084, 2086, 2091, 2092, 2093, 2094, 2099, 2103, 2104, 2107, 2110, 2111, 2114, 2117, 2119, 2128, 2135, 2136, 2140, 2141, 2142, 2145, 2151, 2161, 2162, 2163, 2165, 2167, 2168, 2169, 2170, 2171, 2172, 2173, 2174, 2177, 2179, 2180, 2182, 2183, 2184, 2187, 2188, 2192, 2196, 2198, 2202, 2203, 2204, 2205, 2206, 2209, 2211, 2213, 2216, 2217, 2218, 2220, 2222, 2231, 2233, 2235, 2237, 2238, 2239, 2242, 2244, 2246, 2248, 2256, 2258, 2259, 2261, 2262, 2265, 2268, 2270, 2273, 2276, 2278, 2279, 2283, 2285, 2286, 2287, 2289, 2291, 2293, 2297, 2299, 2300, 2302, 2305, 2317, 2318, 2319, 2320, 2325, 2327, 2328, 2329, 2330, 2333, 2336, 2337, 2339, 2340, 2342, 2345, 2347, 2350, 2353, 2354, 2356, 2358, 2359, 2362, 2364, 2365, 2366, 2369, 2370, 2373, 2375, 2376, 2380, 2383, 2386, 2389, 2390, 2392, 2394, 2397, 2400, 2401, 2402, 2407, 2411, 2412, 2413, 2414, 2415, 2417, 2419, 2425, 2427, 2429, 2430, 2431, 2432, 2436, 2437, 2441, 2444, 2445, 2447, 2452, 2453, 2457, 2459, 2460, 2461, 2463, 2467, 2473, 2474, 2477, 2478, 2479, 2480, 2484, 2492, 2493, 2495, 2497, 2499, 2500, 2501, 2502, 2503, 2504, 2506, 2507, 2511, 2512, 2516, 2517, 2521, 2524, 2526, 2527, 2531, 2536, 2537, 2538, 2541, 2543, 2544, 2545, 2548, 2549, 2551, 2556, 2560, 2561, 2562, 2567, 2568, 2573, 2575, 2576, 2577, 2580, 2581, 2583, 2585, 2591, 2593, 2595, 2608, 2614, 2616, 2620, 2621, 2624, 2626, 2627, 2628, 2629, 2632, 2636, 2641, 2642, 2643, 2644, 2645, 2646, 2647, 2648, 2654, 2655, 2656, 2657, 2661, 2662, 2669, 2670, 2672, 2673, 2678, 2679, 2680, 2682, 2684, 2685, 2686, 2689, 2691, 2694, 2695, 2696, 2697, 2698, 2700, 2701, 2704, 2706, 2707, 2708, 2709, 2710, 2713, 2721, 2728, 2730, 2733, 2740, 2743, 2745, 2747, 2750, 2753, 2754, 2755, 2757, 2759, 2760, 2762, 2766, 2769, 2771, 2773, 2774, 2775, 2780, 2786, 2790, 2791, 2795, 2799, 2803, 2807, 2808, 2809, 2810, 2813, 2819, 2825, 2830, 2833, 2834, 2839, 2845, 2846, 2848, 2853, 2854, 2855, 2857, 2859, 2860, 2861, 2862, 2866, 2867, 2868, 2869, 2870, 2871, 2877, 2879, 2880, 2881, 2882, 2887, 2889, 2890, 2892, 2900, 2903, 2904, 2908, 2913, 2918, 2919, 2920, 2921, 2923, 2926, 2929, 2930, 2934, 2935, 2938, 2941, 2942, 2943, 2945, 2952, 2956, 2957, 2958, 2959, 2965, 2969, 2970, 2974, 2976, 2977, 2985, 2988, 2991, 2995, 3005, 3006, 3010, 3012, 3013, 3014, 3016, 3018, 3020, 3021, 3022, 3030, 3034, 3035, 3036, 3037, 3039, 3041, 3043, 3044, 3045, 3046, 3048, 3052, 3055, 3056, 3063, 3064, 3068, 3069, 3070, 3072, 3073, 3077, 3078, 3079, 3080, 3084, 3088, 3092, 3095, 3097, 3098, 3099, 3100, 3103, 3105, 3108, 3109, 3110, 3111, 3112, 3114, 3118, 3121, 3122, 3124, 3132, 3133, 3134, 3135, 3136, 3141, 3142, 3144, 3145, 3148, 3156, 3158, 3159, 3161, 3162, 3165, 3169, 3175, 3176, 3179, 3183, 3187, 3200, 3201, 3204, 3205, 3206, 3209, 3210, 3211, 3212, 3213, 3215, 3225, 3229, 3231, 3232, 3233, 3235, 3240, 3243, 3244, 3248, 3253, 3254, 3264, 3266, 3268, 3271, 3280, 3283, 3288, 3298, 3299, 3301, 3302, 3304, 3306, 3307, 3308, 3310, 3311, 3313, 3315, 3317, 3318, 3319, 3326, 3327, 3328, 3330, 3332, 3333, 3335, 3336, 3338, 3342, 3344, 3348, 3351, 3352, 3354, 3355, 3358, 3360, 3363, 3364, 3366, 3368, 3372, 3373, 3374, 3379, 3382, 3383, 3386, 3387, 3389, 3392, 3395, 3398, 3399, 3400, 3401, 3404, 3406, 3407, 3410, 3411, 3412, 3413, 3417, 3418, 3421, 3422, 3426, 3427, 3430, 3431, 3433, 3438, 3439, 3440, 3444, 3450, 3452, 3455, 3459, 3467, 3469, 3473, 3474]",,,
PPI_14,0.1,pairwise_connectivity,2794,60.06886649,0.793236128,"[14, 24, 26, 37, 49, 50, 52, 79, 92, 96, 101, 114, 122, 126, 150, 157, 172, 174, 175, 177, 178, 180, 181, 198, 203, 224, 236, 241, 258, 263, 277, 281, 286, 327, 333, 341, 343, 351, 362, 367, 368, 402, 406, 407, 414, 421, 435, 438, 452, 460, 480, 495, 499, 520, 529, 552, 560, 582, 593, 598, 600, 602, 609, 624, 627, 636, 646, 651, 681, 684, 686, 702, 708, 711, 712, 714, 715, 718, 724, 747, 757, 787, 793, 828, 831, 832, 834, 840, 841, 845, 848, 869, 877, 880, 912, 933, 944, 945, 947, 956, 978, 979, 980, 983, 998, 1013, 1018, 1027, 1028, 1037, 1039, 1056, 1063, 1064, 1106, 1121, 1132, 1142, 1143, 1146, 1147, 1148, 1149, 1154, 1166, 1187, 1204, 1210, 1219, 1224, 1226, 1230, 1247, 1252, 1255, 1257, 1259, 1278, 1284, 1298, 1354, 1360, 1399, 1404, 1408, 1419, 1424, 1451, 1465, 1466, 1467, 1470, 1472, 1474, 1477, 1480, 1482, 1500, 1502, 1547, 1568, 1569, 1574, 1597, 1601, 1641, 1642, 1661, 1689, 1693, 1714, 1738, 1755, 1756, 1761, 1772, 1795, 1796, 1801, 1811, 1814, 1819, 1830, 1844, 1861, 1869, 1882, 1883, 1885, 1890, 1907, 1912, 1915, 1945, 1961, 1962, 1966, 1967, 1977, 1978, 1985, 1986, 1995, 2002, 2031, 2035, 2044, 2045, 2058, 2060, 2076, 2091, 2106, 2122, 2136, 2137, 2155, 2162, 2183, 2200, 2202, 2207, 2211, 2222, 2234, 2242, 2263, 2285, 2296, 2332, 2355, 2356, 2372, 2409, 2416, 2421, 2445, 2447, 2456, 2459, 2460, 2474, 2481, 2483, 2491, 2525, 2527, 2532, 2534, 2535, 2545, 2546, 2550, 2564, 2588, 2605, 2606, 2607, 2610, 2619, 2635, 2646, 2654, 2671, 2675, 2702, 2706, 2722, 2729, 2732, 2735, 2747, 2759, 2760, 2764, 2765, 2766, 2771, 2785]",,,
PPI_14,0.2,pairwise_connectivity,2794,60.58895588,0.625186395,"[7, 14, 16, 18, 24, 26, 37, 47, 49, 50, 52, 60, 64, 69, 70, 77, 78, 79, 84, 86, 88, 92, 96, 98, 99, 100, 101, 113, 114, 122, 126, 128, 129, 140, 147, 148, 150, 157, 158, 161, 172, 174, 175, 177, 178, 180, 181, 182, 198, 200, 203, 213, 214, 223, 224, 230, 231, 236, 241, 256, 258, 260, 263, 277, 281, 282, 286, 305, 309, 310, 314, 315, 319, 320, 333, 339, 341, 343, 351, 352, 366, 367, 371, 375, 382, 402, 405, 406, 407, 413, 414, 421, 425, 434, 435, 438, 457, 460, 478, 480, 495, 499, 500, 503, 504, 520, 528, 529, 532, 540, 551, 554, 560, 572, 575, 576, 578, 582, 586, 588, 593, 594, 595, 596, 598, 600, 606, 609, 624, 625, 627, 630, 631, 635, 636, 646, 650, 666, 672, 673, 675, 682, 684, 686, 691, 696, 702, 708, 711, 712, 713, 714, 717, 718, 720, 724, 742, 744, 747, 748, 749, 751, 757, 768, 780, 786, 787, 793, 794, 797, 803, 817, 827, 828, 831, 832, 840, 841, 845, 848, 851, 853, 856, 863, 877, 880, 881, 882, 887, 893, 897, 898, 903, 907, 918, 926, 927, 933, 944, 945, 947, 948, 972, 974, 978, 980, 983, 987, 989, 992, 998, 999, 1018, 1027, 1028, 1037, 1039, 1051, 1056, 1058, 1063, 1064, 1066, 1072, 1074, 1076, 1081, 1085, 1090, 1093, 1102, 1106, 1118, 1121, 1139, 1142, 1143, 1146, 1147, 1148, 1149, 1153, 1154, 1158, 1160, 1164, 1166, 1171, 1172, 1175, 1182, 1187, 1195, 1196, 1197, 1204, 1210, 1219, 1224, 1226, 1231, 1241, 1252, 1257, 1259, 1263, 1264, 1266, 1273, 1274, 1278, 1284, 1292, 1298, 1300, 1301, 1307, 1309, 1310, 1317, 1321, 1323, 1329, 1340, 1343, 1344, 1346, 1349, 1352, 1354, 1355, 1369, 1372, 1375, 1381, 1404, 1407, 1408, 1419, 1424, 1425, 1428, 1434, 1445, 1451, 1452, 1465, 1466, 1467, 1468, 1470, 1472, 1474, 1477, 1480, 1482, 1486, 1492, 1501, 1504, 1513, 1525, 1527, 1535, 1542, 1543, 1546, 1549, 1560, 1569, 1571, 1572, 1574, 1581, 1589, 1597, 1598, 1601, 1606, 1610, 1612, 1621, 1625, 1632, 1641, 1642, 1656, 1666, 1671, 1687, 1689, 1694, 1705, 1714, 1731, 1740, 1750, 1752, 1755, 1756, 1757, 1758, 1761, 1765, 1772, 1784, 1785, 1791, 1795, 1797, 1801, 1811, 1814, 1819, 1822, 1834, 1841, 1844, 1848, 1858, 1861, 1864, 1866, 1871, 1873, 1881, 1882, 1885, 1887, 1903, 1906, 1908, 1910, 1911, 1915, 1918, 1922, 1936, 1937, 1945, 1957, 1958, 1961, 1962, 1966, 1967, 1971, 1977, 1978, 1979, 1984, 1985, 1998, 2002, 2015, 2025, 2028, 2031, 2033, 2035, 2036, 2038, 2044, 2045, 2050, 2058, 2060, 2063, 2065, 2067, 2073, 2091, 2098, 2102, 2106, 2112, 2122, 2129, 2137, 2154, 2155, 2156, 2162, 2167, 2168, 2177, 2180, 2183, 2187, 2194, 2197, 2200, 2208, 2211, 2214, 2220, 2221, 2227, 2234, 2236, 2238, 2242, 2245, 2255, 2263, 2268, 2270, 2276, 2285, 2296, 2300, 2311, 2320, 2322, 2332, 2347, 2349, 2355, 2356, 2360, 2366, 2371, 2372, 2374, 2378, 2381, 2386, 2397, 2403, 2409, 2412, 2416, 2421, 2425, 2434, 2443, 2445, 2447, 2458, 2459, 2466, 2474, 2483, 2491, 2500, 2506, 2511, 2518, 2526, 2527, 2532, 2533, 2534, 2535, 2540, 2545, 2550, 2558, 2574, 2588, 2605, 2606, 2610, 2616, 2619, 2620, 2623, 2634, 2635, 2638, 2640, 2646, 2654, 2671, 2675, 2691, 2702, 2706, 2707, 2708, 2714, 2717, 2721, 2722, 2725, 2729, 2732, 2735, 2740, 2747, 2751, 2759, 2760, 2764, 2765, 2766, 2771, 2785]",,,
PPI_14,0.3,pairwise_connectivity,2794,60.79693532,0.380505128,"[5, 14, 16, 18, 24, 26, 27, 37, 49, 50, 52, 59, 60, 64, 65, 67, 69, 70, 75, 79, 85, 86, 88, 95, 96, 99, 100, 101, 102, 107, 108, 114, 120, 122, 123, 126, 128, 130, 147, 148, 150, 155, 157, 158, 161, 162, 170, 172, 173, 177, 178, 180, 181, 182, 184, 188, 198, 200, 202, 203, 207, 213, 214, 217, 223, 224, 227, 234, 236, 237, 241, 244, 245, 247, 251, 252, 258, 260, 263, 264, 265, 266, 277, 280, 281, 282, 286, 288, 300, 304, 305, 309, 310, 314, 315, 317, 318, 319, 323, 325, 327, 330, 339, 341, 343, 344, 345, 347, 351, 352, 355, 356, 360, 362, 364, 366, 367, 370, 371, 372, 375, 381, 382, 383, 386, 389, 393, 394, 401, 402, 405, 406, 407, 408, 414, 417, 420, 421, 425, 434, 435, 438, 440, 444, 457, 460, 464, 470, 478, 480, 483, 486, 490, 495, 497, 499, 503, 504, 512, 513, 520, 522, 524, 528, 529, 532, 533, 540, 549, 550, 552, 553, 554, 560, 572, 575, 576, 578, 582, 586, 590, 593, 594, 595, 596, 597, 598, 600, 601, 604, 605, 606, 609, 616, 624, 625, 627, 630, 635, 636, 637, 639, 643, 646, 650, 652, 664, 669, 673, 675, 678, 684, 686, 690, 691, 702, 703, 708, 711, 712, 713, 714, 718, 719, 720, 724, 728, 732, 738, 739, 740, 741, 742, 744, 745, 747, 748, 749, 751, 760, 761, 769, 780, 786, 787, 794, 797, 800, 801, 802, 803, 817, 827, 828, 829, 832, 836, 839, 840, 841, 845, 848, 851, 855, 856, 863, 864, 867, 869, 871, 876, 877, 880, 881, 882, 884, 887, 892, 893, 894, 895, 897, 898, 899, 901, 903, 914, 916, 926, 927, 933, 935, 937, 938, 941, 944, 945, 947, 948, 958, 959, 960, 963, 974, 975, 978, 980, 985, 987, 989, 994, 998, 999, 1013, 1025, 1026, 1027, 1028, 1030, 1034, 1036, 1037, 1039, 1040, 1051, 1056, 1058, 1063, 1064, 1071, 1072, 1074, 1076, 1077, 1081, 1085, 1090, 1091, 1092, 1093, 1098, 1102, 1106, 1117, 1118, 1120, 1121, 1130, 1132, 1137, 1138, 1139, 1142, 1143, 1146, 1147, 1148, 1149, 1153, 1156, 1158, 1160, 1164, 1166, 1168, 1170, 1171, 1175, 1176, 1177, 1180, 1187, 1191, 1195, 1204, 1210, 1211, 1214, 1215, 1219, 1224, 1226, 1228, 1231, 1234, 1241, 1252, 1255, 1257, 1258, 1259, 1261, 1262, 1263, 1264, 1276, 1278, 1280, 1282, 1284, 1295, 1298, 1299, 1302, 1307, 1309, 1321, 1323, 1327, 1328, 1340, 1343, 1349, 1352, 1355, 1358, 1363, 1364, 1368, 1369, 1371, 1373, 1375, 1385, 1389, 1401, 1404, 1408, 1410, 1414, 1419, 1424, 1425, 1428, 1432, 1433, 1434, 1435, 1445, 1451, 1455, 1465, 1466, 1468, 1469, 1470, 1472, 1474, 1477, 1480, 1482, 1486, 1488, 1497, 1500, 1501, 1502, 1503, 1504, 1509, 1511, 1513, 1518, 1522, 1524, 1526, 1527, 1530, 1533, 1535, 1539, 1543, 1545, 1546, 1549, 1558, 1560, 1561, 1565, 1568, 1570, 1571, 1572, 1574, 1575, 1585, 1598, 1601, 1606, 1608, 1610, 1612, 1618, 1621, 1622, 1625, 1632, 1633, 1636, 1641, 1642, 1643, 1649, 1654, 1656, 1662, 1664, 1665, 1666, 1671, 1674, 1677, 1680, 1687, 1689, 1693, 1696, 1705, 1708, 1709, 1710, 1724, 1728, 1731, 1734, 1737, 1740, 1745, 1748, 1750, 1752, 1753, 1755, 1756, 1757, 1758, 1761, 1765, 1767, 1768, 1784, 1785, 1786, 1787, 1791, 1795, 1797, 1799, 1801, 1809, 1810, 1811, 1814, 1819, 1826, 1827, 1828, 1830, 1833, 1834, 1837, 1840, 1841, 1843, 1844, 1845, 1846, 1848, 1849, 1851, 1853, 1858, 1859, 1861, 1865, 1868, 1871, 1880, 1882, 1884, 1885, 1892, 1894, 1899, 1900, 1903, 1904, 1905, 1909, 1910, 1911, 1915, 1918, 1923, 1924, 1926, 1929, 1936, 1939, 1942, 1945, 1957, 1958, 1962, 1966, 1967, 1971, 1973, 1977, 1978, 1980, 1985, 1998, 1999, 2001, 2002, 2003, 2018, 2019, 2025, 2026, 2028, 2030, 2031, 2033, 2034, 2035, 2036, 2038, 2041, 2043, 2044, 2045, 2049, 2058, 2060, 2063, 2065, 2066, 2067, 2069, 2070, 2073, 2079, 2080, 2081, 2082, 2086, 2094, 2099, 2101, 2102, 2106, 2110, 2114, 2119, 2122, 2125, 2127, 2135, 2137, 2138, 2139, 2143, 2149, 2150, 2152, 2154, 2155, 2158, 2160, 2161, 2162, 2166, 2168, 2177, 2180, 2183, 2187, 2188, 2194, 2197, 2200, 2207, 2211, 2221, 2234, 2236, 2238, 2243, 2244, 2245, 2251, 2252, 2255, 2263, 2264, 2270, 2276, 2280, 2285, 2290, 2296, 2300, 2302, 2311, 2313, 2318, 2320, 2322, 2324, 2332, 2333, 2339, 2342, 2345, 2347, 2349, 2351, 2355, 2356, 2360, 2361, 2366, 2367, 2371, 2372, 2378, 2386, 2397, 2399, 2403, 2407, 2409, 2411, 2412, 2421, 2425, 2433, 2434, 2441, 2443, 2447, 2449, 2453, 2458, 2459, 2461, 2463, 2474, 2478, 2482, 2483, 2488, 2491, 2501, 2506, 2507, 2512, 2515, 2518, 2524, 2526, 2527, 2528, 2531, 2533, 2535, 2536, 2545, 2550, 2555, 2558, 2560, 2578, 2588, 2593, 2603, 2605, 2606, 2607, 2610, 2611, 2612, 2616, 2618, 2619, 2623, 2626, 2631, 2635, 2638, 2640, 2646, 2647, 2650, 2654, 2660, 2663, 2671, 2672, 2675, 2678, 2680, 2683, 2684, 2685, 2689, 2690, 2691, 2693, 2698, 2702, 2706, 2707, 2708, 2715, 2717, 2719, 2721, 2722, 2725, 2727, 2728, 2729, 2733, 2735, 2740, 2747, 2753, 2755, 2759, 2760, 2764, 2766, 2771, 2776, 2785]",,,
PPI_14,0.4,pairwise_connectivity,2794,60.63003182,0.00447156,"[3, 5, 11, 13, 14, 16, 24, 26, 27, 28, 37, 41, 48, 49, 50, 54, 69, 70, 75, 77, 79, 82, 83, 85, 86, 88, 89, 91, 93, 94, 96, 98, 101, 102, 107, 113, 116, 120, 122, 123, 126, 129, 130, 134, 137, 138, 139, 143, 146, 147, 148, 155, 157, 158, 161, 162, 172, 173, 178, 180, 181, 182, 184, 185, 188, 191, 198, 199, 200, 202, 203, 210, 213, 214, 217, 218, 219, 221, 223, 224, 225, 233, 236, 237, 241, 242, 244, 245, 246, 247, 252, 256, 258, 260, 263, 265, 270, 276, 277, 280, 281, 282, 285, 286, 287, 288, 290, 296, 298, 300, 305, 310, 311, 312, 314, 315, 316, 317, 318, 320, 321, 323, 327, 330, 336, 339, 343, 344, 345, 347, 351, 352, 355, 356, 358, 360, 362, 363, 364, 367, 371, 372, 373, 375, 377, 381, 382, 383, 386, 389, 393, 395, 400, 402, 403, 404, 405, 406, 407, 408, 409, 410, 411, 413, 414, 418, 420, 421, 425, 434, 435, 436, 438, 439, 440, 441, 442, 443, 444, 453, 457, 460, 461, 463, 464, 465, 466, 470, 471, 477, 478, 479, 480, 483, 485, 486, 488, 490, 492, 495, 497, 498, 499, 500, 504, 509, 510, 511, 512, 513, 515, 516, 519, 520, 522, 524, 525, 527, 528, 529, 530, 531, 532, 533, 540, 543, 546, 547, 548, 549, 550, 551, 552, 554, 556, 565, 572, 574, 575, 576, 578, 582, 586, 590, 594, 595, 596, 597, 598, 600, 601, 604, 605, 606, 607, 609, 615, 624, 625, 630, 635, 636, 637, 638, 639, 642, 645, 650, 651, 652, 653, 656, 658, 666, 667, 669, 672, 673, 678, 686, 688, 692, 694, 696, 698, 699, 702, 707, 708, 711, 712, 714, 715, 717, 718, 719, 720, 721, 723, 724, 726, 727, 728, 731, 733, 738, 740, 741, 744, 745, 746, 747, 748, 749, 751, 756, 760, 761, 766, 769, 770, 777, 780, 781, 782, 783, 784, 786, 787, 797, 800, 801, 802, 803, 805, 812, 814, 817, 823, 827, 828, 829, 830, 832, 833, 840, 845, 848, 855, 856, 860, 867, 876, 877, 880, 881, 882, 885, 887, 891, 892, 893, 894, 895, 898, 899, 900, 901, 907, 908, 914, 916, 918, 920, 921, 923, 926, 927, 929, 930, 933, 935, 937, 938, 940, 941, 942, 944, 945, 947, 948, 955, 956, 957, 959, 960, 962, 963, 965, 966, 967, 972, 974, 978, 980, 985, 987, 989, 990, 998, 999, 1000, 1001, 1007, 1009, 1011, 1013, 1014, 1017, 1018, 1019, 1022, 1026, 1027, 1034, 1037, 1039, 1040, 1050, 1051, 1054, 1056, 1063, 1064, 1066, 1067, 1069, 1071, 1072, 1074, 1076, 1079, 1080, 1081, 1085, 1087, 1088, 1089, 1091, 1092, 1093, 1095, 1098, 1099, 1102, 1104, 1105, 1106, 1108, 1110, 1111, 1118, 1120, 1121, 1122, 1130, 1137, 1139, 1140, 1141, 1142, 1143, 1144, 1145, 1146, 1147, 1148, 1149, 1151, 1153, 1158, 1160, 1164, 1166, 1170, 1175, 1176, 1177, 1179, 1180, 1181, 1182, 1184, 1187, 1191, 1197, 1200, 1203, 1204, 1206, 1207, 1209, 1211, 1214, 1215, 1217, 1219, 1221, 1224, 1226, 1230, 1232, 1234, 1240, 1241, 1242, 1243, 1252, 1255, 1257, 1258, 1259, 1262, 1263, 1264, 1266, 1271, 1276, 1280, 1281, 1282, 1284, 1285, 1291, 1294, 1296, 1297, 1298, 1301, 1302, 1304, 1307, 1309, 1310, 1312, 1313, 1318, 1321, 1327, 1332, 1336, 1340, 1343, 1344, 1346, 1349, 1352, 1354, 1357, 1358, 1359, 1361, 1363, 1366, 1369, 1371, 1372, 1373, 1374, 1375, 1379, 1385, 1387, 1389, 1390, 1391, 1393, 1395, 1396, 1397, 1404, 1407, 1408, 1410, 1412, 1418, 1419, 1422, 1424, 1425, 1428, 1429, 1433, 1434, 1435, 1438, 1440, 1445, 1449, 1451, 1452, 1457, 1462, 1466, 1468, 1469, 1470, 1474, 1477, 1478, 1480, 1481, 1482, 1486, 1488, 1492, 1494, 1500, 1501, 1502, 1503, 1504, 1509, 1513, 1522, 1524, 1527, 1528, 1530, 1533, 1537, 1538, 1539, 1543, 1548, 1549, 1551, 1552, 1554, 1555, 1558, 1559, 1560, 1561, 1563, 1564, 1570, 1571, 1572, 1574, 1578, 1581, 1585, 1587, 1588, 1596, 1601, 1603, 1604, 1606, 1607, 1608, 1609, 1610, 1621, 1626, 1628, 1632, 1633, 1637, 1639, 1640, 1641, 1644, 1649, 1650, 1656, 1662, 1668, 1671, 1674, 1675, 1677, 1680, 1685, 1687, 1689, 1694, 1696, 1699, 1705, 1708, 1709, 1713, 1723, 1724, 1727, 1728, 1731, 1737, 1739, 1740, 1745, 1747, 1748, 1750, 1751, 1752, 1753, 1755, 1756, 1757, 1758, 1760, 1764, 1767, 1770, 1775, 1779, 1781, 1784, 1785, 1786, 1791, 1794, 1795, 1796, 1797, 1799, 1809, 1811, 1817, 1818, 1819, 1825, 1826, 1828, 1830, 1832, 1834, 1836, 1837, 1841, 1843, 1844, 1848, 1850, 1851, 1852, 1853, 1855, 1859, 1860, 1861, 1862, 1865, 1868, 1882, 1883, 1884, 1892, 1893, 1894, 1899, 1900, 1904, 1905, 1909, 1911, 1915, 1917, 1918, 1921, 1923, 1924, 1926, 1929, 1931, 1932, 1936, 1939, 1942, 1945, 1946, 1949, 1950, 1953, 1954, 1957, 1958, 1961, 1962, 1963, 1966, 1967, 1973, 1975, 1977, 1978, 1979, 1980, 1984, 1985, 1988, 1990, 1997, 1998, 2001, 2002, 2003, 2004, 2005, 2008, 2013, 2017, 2018, 2019, 2020, 2025, 2028, 2030, 2031, 2032, 2033, 2034, 2035, 2036, 2038, 2041, 2042, 2044, 2045, 2047, 2049, 2050, 2054, 2058, 2059, 2060, 2063, 2065, 2066, 2067, 2069, 2070, 2073, 2080, 2081, 2082, 2088, 2090, 2092, 2094, 2097, 2099, 2102, 2103, 2108, 2110, 2112, 2119, 2120, 2123, 2125, 2127, 2131, 2135, 2137, 2138, 2139, 2143, 2148, 2149, 2150, 2151, 2152, 2158, 2160, 2161, 2162, 2163, 2166, 2167, 2168, 2171, 2174, 2175, 2177, 2180, 2182, 2183, 2184, 2186, 2187, 2189, 2194, 2197, 2198, 2199, 2200, 2202, 2206, 2207, 2208, 2209, 2211, 2215, 2229, 2234, 2236, 2238, 2240, 2243, 2244, 2245, 2247, 2249, 2250, 2252, 2255, 2264, 2270, 2275, 2276, 2279, 2282, 2283, 2285, 2288, 2289, 2290, 2292, 2300, 2302, 2304, 2308, 2311, 2315, 2318, 2319, 2320, 2322, 2323, 2324, 2329, 2331, 2332, 2334, 2339, 2342, 2344, 2345, 2347, 2348, 2349, 2359, 2361, 2366, 2371, 2372, 2375, 2376, 2378, 2381, 2382, 2386, 2387, 2388, 2394, 2397, 2400, 2403, 2409, 2411, 2412, 2417, 2421, 2433, 2436, 2437, 2438, 2440, 2441, 2442, 2447, 2449, 2450, 2451, 2452, 2453, 2456, 2458, 2459, 2460, 2461, 2464, 2467, 2474, 2478, 2479, 2480, 2482, 2483, 2486, 2488, 2491, 2493, 2494, 2497, 2499, 2500, 2501, 2506, 2507, 2508, 2509, 2510, 2512, 2515, 2516, 2517, 2524, 2525, 2526, 2528, 2532, 2533, 2535, 2536, 2538, 2545, 2548, 2550, 2556, 2557, 2558, 2565, 2577, 2578, 2582, 2584, 2587, 2588, 2589, 2590, 2591, 2593, 2600, 2603, 2604, 2606, 2609, 2610, 2611, 2612, 2615, 2616, 2618, 2619, 2620, 2627, 2631, 2635, 2636, 2639, 2647, 2648, 2650, 2653, 2654, 2655, 2658, 2659, 2660, 2671, 2674, 2675, 2676, 2678, 2680, 2683, 2684, 2689, 2691, 2695, 2698, 2699, 2702, 2705, 2706, 2708, 2714, 2715, 2717, 2719, 2722, 2725, 2727, 2728, 2729, 2733, 2735, 2740, 2742, 2747, 2748, 2752, 2755, 2756, 2758, 2759, 2760, 2766, 2776, 2779, 2785, 2788]",,,
PPI_15,0.1,pairwise_connectivity,2326,60.0260694,0.778803315,"[9, 19, 21, 23, 39, 43, 71, 75, 81, 99, 119, 126, 131, 135, 144, 148, 149, 152, 167, 203, 216, 222, 236, 267, 293, 306, 340, 346, 350, 351, 359, 362, 363, 374, 397, 409, 412, 416, 432, 433, 435, 439, 447, 471, 488, 489, 493, 495, 496, 497, 503, 515, 517, 523, 532, 569, 579, 585, 591, 608, 635, 640, 641, 642, 645, 674, 677, 683, 686, 707, 714, 715, 727, 739, 741, 754, 774, 776, 789, 800, 806, 809, 817, 827, 832, 843, 845, 856, 862, 869, 874, 884, 885, 886, 887, 893, 894, 896, 910, 926, 927, 931, 932, 933, 934, 951, 989, 1002, 1006, 1008, 1010, 1029, 1032, 1035, 1056, 1084, 1111, 1113, 1121, 1157, 1174, 1189, 1193, 1204, 1205, 1210, 1216, 1218, 1224, 1264, 1297, 1319, 1324, 1325, 1351, 1361, 1365, 1391, 1403, 1411, 1413, 1438, 1442, 1455, 1457, 1465, 1468, 1478, 1479, 1482, 1488, 1504, 1515, 1521, 1523, 1530, 1553, 1561, 1568, 1582, 1588, 1596, 1598, 1607, 1617, 1621, 1622, 1629, 1659, 1665, 1667, 1669, 1671, 1680, 1695, 1700, 1705, 1716, 1726, 1739, 1769, 1778, 1784, 1788, 1801, 1805, 1817, 1825, 1834, 1844, 1846, 1849, 1855, 1860, 1866, 1873, 1894, 1895, 1901, 1918, 1943, 1949, 1953, 1990, 1995, 1998, 1999, 2018, 2039, 2047, 2058, 2087, 2095, 2117, 2139, 2153, 2156, 2172, 2177, 2198, 2216, 2234, 2256, 2261, 2268, 2273, 2276, 2280, 2288, 2299, 2300, 2318]",,,
PPI_15,0.2,pairwise_connectivity,2326,60.16863346,0.619638534,"[3, 9, 12, 19, 21, 23, 28, 32, 39, 41, 42, 43, 44, 45, 46, 50, 56, 71, 75, 81, 86, 99, 103, 116, 119, 126, 131, 135, 144, 145, 146, 148, 149, 152, 153, 155, 167, 187, 203, 207, 211, 216, 220, 221, 222, 224, 234, 236, 240, 249, 253, 256, 264, 265, 267, 268, 272, 277, 293, 300, 306, 309, 311, 319, 328, 331, 335, 339, 340, 346, 350, 351, 359, 362, 363, 367, 374, 379, 380, 383, 388, 395, 397, 409, 412, 416, 425, 432, 433, 434, 435, 436, 437, 439, 443, 447, 449, 461, 488, 489, 491, 493, 494, 495, 496, 497, 503, 515, 517, 522, 523, 532, 534, 539, 548, 562, 569, 570, 573, 579, 580, 581, 585, 587, 591, 593, 603, 608, 609, 612, 619, 622, 635, 641, 642, 644, 645, 673, 674, 677, 682, 683, 686, 688, 691, 693, 694, 695, 696, 700, 707, 712, 714, 715, 716, 720, 727, 728, 729, 731, 733, 735, 739, 741, 754, 758, 774, 776, 777, 784, 788, 789, 800, 809, 817, 838, 843, 845, 856, 862, 863, 868, 869, 874, 880, 881, 883, 884, 885, 886, 887, 890, 893, 894, 896, 906, 907, 910, 924, 925, 926, 927, 931, 932, 933, 934, 938, 943, 945, 951, 957, 962, 963, 968, 979, 989, 993, 1002, 1006, 1008, 1010, 1014, 1029, 1032, 1035, 1037, 1052, 1056, 1057, 1077, 1079, 1080, 1084, 1087, 1093, 1111, 1113, 1118, 1121, 1127, 1128, 1132, 1133, 1137, 1138, 1140, 1146, 1155, 1157, 1158, 1165, 1174, 1180, 1185, 1189, 1193, 1194, 1204, 1205, 1210, 1216, 1218, 1224, 1232, 1238, 1249, 1262, 1264, 1272, 1273, 1285, 1288, 1295, 1297, 1310, 1317, 1319, 1323, 1324, 1325, 1351, 1355, 1361, 1365, 1371, 1374, 1383, 1389, 1391, 1393, 1403, 1411, 1421, 1423, 1432, 1435, 1438, 1442, 1449, 1450, 1455, 1457, 1465, 1468, 1473, 1475, 1478, 1479, 1482, 1488, 1504, 1514, 1515, 1518, 1521, 1523, 1536, 1553, 1560, 1561, 1562, 1568, 1569, 1570, 1573, 1575, 1577, 1579, 1582, 1588, 1589, 1590, 1596, 1598, 1605, 1607, 1613, 1617, 1621, 1622, 1629, 1632, 1640, 1643, 1644, 1645, 1646, 1650, 1653, 1665, 1667, 1669, 1671, 1680, 1695, 1697, 1700, 1705, 1707, 1723, 1725, 1726, 1729, 1741, 1750, 1766, 1769, 1771, 1777, 1782, 1784, 1788, 1795, 1801, 1805, 1817, 1825, 1834, 1844, 1845, 1849, 1852, 1855, 1860, 1866, 1873, 1877, 1881, 1894, 1895, 1899, 1900, 1901, 1913, 1918, 1919, 1923, 1929, 1940, 1942, 1943, 1949, 1953, 1963, 1965, 1971, 1975, 1990, 1995, 1998, 1999, 2003, 2008, 2018, 2029, 2039, 2047, 2052, 2058, 2061, 2065, 2066, 2067, 2075, 2092, 2100, 2102, 2105, 2113, 2114, 2117, 2124, 2128, 2132, 2139, 2147, 2156, 2172, 2177, 2185, 2193, 2197, 2198, 2199, 2212, 2216, 2223, 2230, 2234, 2253, 2256, 2259, 2261, 2268, 2270, 2273, 2274, 2276, 2280, 2288, 2289, 2299, 2300, 2308, 2318]",,,
PPI_15,0.3,pairwise_connectivity,2326,60.06274414,0.338943414,"[3, 9, 12, 13, 19, 21, 23, 24, 32, 39, 40, 42, 43, 44, 49, 53, 56, 57, 61, 65, 69, 71, 74, 77, 81, 82, 83, 86, 88, 99, 103, 106, 112, 123, 124, 126, 130, 131, 132, 135, 141, 142, 144, 146, 148, 149, 151, 152, 153, 155, 157, 158, 159, 167, 171, 178, 180, 183, 187, 193, 203, 207, 209, 212, 216, 221, 222, 223, 224, 230, 231, 234, 236, 253, 255, 260, 263, 264, 265, 267, 268, 269, 271, 272, 277, 286, 293, 300, 304, 306, 308, 309, 315, 316, 319, 320, 321, 328, 330, 331, 334, 335, 339, 340, 343, 345, 346, 349, 350, 351, 359, 362, 363, 365, 367, 379, 380, 383, 391, 395, 397, 403, 405, 412, 416, 418, 419, 426, 429, 431, 432, 434, 435, 436, 437, 439, 440, 443, 447, 450, 452, 455, 457, 458, 460, 461, 464, 471, 476, 479, 480, 482, 485, 488, 491, 493, 494, 495, 496, 497, 503, 504, 505, 514, 517, 521, 522, 523, 530, 531, 532, 534, 536, 548, 550, 562, 566, 569, 570, 571, 573, 575, 579, 581, 585, 586, 587, 590, 591, 594, 598, 603, 605, 608, 609, 612, 614, 619, 622, 631, 634, 635, 637, 641, 642, 646, 651, 653, 665, 673, 674, 675, 677, 679, 686, 688, 691, 694, 695, 696, 700, 702, 707, 712, 714, 715, 716, 719, 720, 723, 727, 728, 729, 731, 733, 734, 735, 738, 742, 748, 750, 754, 756, 758, 769, 771, 772, 774, 776, 781, 784, 786, 787, 788, 791, 800, 801, 807, 809, 817, 827, 833, 837, 838, 843, 845, 847, 850, 852, 854, 856, 862, 866, 869, 874, 880, 881, 884, 885, 889, 890, 893, 894, 896, 906, 907, 910, 911, 917, 922, 924, 925, 926, 927, 928, 931, 932, 933, 934, 938, 943, 945, 949, 951, 953, 962, 963, 964, 966, 968, 969, 973, 976, 988, 989, 992, 993, 994, 998, 1002, 1006, 1008, 1010, 1012, 1014, 1018, 1029, 1032, 1034, 1035, 1037, 1039, 1052, 1054, 1056, 1057, 1066, 1067, 1070, 1072, 1074, 1079, 1080, 1083, 1084, 1089, 1090, 1093, 1100, 1109, 1111, 1112, 1113, 1121, 1124, 1127, 1128, 1129, 1130, 1132, 1138, 1140, 1142, 1147, 1156, 1157, 1158, 1161, 1169, 1174, 1175, 1176, 1177, 1179, 1185, 1189, 1192, 1193, 1194, 1197, 1198, 1204, 1205, 1206, 1208, 1210, 1212, 1216, 1218, 1233, 1234, 1235, 1244, 1248, 1251, 1256, 1257, 1258, 1262, 1265, 1268, 1273, 1279, 1283, 1285, 1288, 1295, 1297, 1302, 1310, 1317, 1319, 1323, 1324, 1325, 1340, 1350, 1351, 1358, 1364, 1365, 1369, 1371, 1372, 1374, 1377, 1380, 1382, 1383, 1384, 1385, 1389, 1391, 1397, 1403, 1404, 1411, 1421, 1423, 1435, 1438, 1441, 1442, 1443, 1449, 1450, 1451, 1457, 1458, 1459, 1464, 1468, 1472, 1474, 1475, 1478, 1479, 1482, 1486, 1488, 1493, 1494, 1495, 1496, 1498, 1504, 1509, 1515, 1518, 1521, 1522, 1523, 1529, 1530, 1535, 1536, 1540, 1553, 1555, 1559, 1561, 1568, 1569, 1570, 1573, 1575, 1577, 1579, 1580, 1582, 1588, 1589, 1592, 1597, 1598, 1603, 1607, 1613, 1618, 1621, 1622, 1624, 1629, 1645, 1646, 1649, 1651, 1656, 1659, 1667, 1668, 1669, 1671, 1680, 1682, 1685, 1691, 1695, 1696, 1697, 1700, 1702, 1703, 1705, 1708, 1710, 1723, 1726, 1729, 1733, 1741, 1748, 1750, 1760, 1763, 1766, 1770, 1771, 1772, 1775, 1777, 1779, 1780, 1784, 1788, 1794, 1795, 1801, 1806, 1810, 1813, 1816, 1817, 1822, 1825, 1834, 1835, 1840, 1842, 1843, 1844, 1845, 1847, 1850, 1851, 1852, 1855, 1860, 1863, 1866, 1868, 1871, 1873, 1881, 1885, 1889, 1891, 1894, 1895, 1899, 1900, 1901, 1903, 1905, 1907, 1909, 1911, 1915, 1917, 1918, 1919, 1921, 1923, 1925, 1926, 1931, 1935, 1940, 1942, 1943, 1945, 1949, 1952, 1953, 1954, 1957, 1961, 1962, 1966, 1967, 1971, 1972, 1976, 1986, 1990, 1995, 1998, 1999, 2004, 2008, 2018, 2019, 2025, 2029, 2036, 2037, 2044, 2047, 2050, 2052, 2058, 2061, 2063, 2066, 2067, 2075, 2078, 2085, 2086, 2089, 2092, 2095, 2102, 2105, 2113, 2117, 2122, 2125, 2127, 2128, 2131, 2139, 2147, 2156, 2172, 2173, 2174, 2177, 2181, 2192, 2197, 2198, 2199, 2212, 2216, 2218, 2219, 2223, 2230, 2234, 2237, 2238, 2243, 2245, 2247, 2256, 2259, 2261, 2268, 2269, 2270, 2273, 2274, 2277, 2280, 2284, 2288, 2289, 2292, 2293, 2295, 2296, 2299, 2300, 2308, 2311, 2318]",,,
PPI_15,0.4,pairwise_connectivity,2326,60.02822232,0.002656849,"[2, 3, 7, 9, 12, 18, 19, 21, 23, 24, 28, 32, 34, 35, 39, 40, 41, 42, 43, 55, 56, 61, 65, 69, 71, 73, 74, 75, 76, 77, 80, 86, 88, 92, 94, 95, 99, 100, 103, 106, 111, 112, 114, 115, 119, 121, 123, 124, 125, 130, 131, 132, 135, 139, 144, 149, 151, 152, 153, 155, 157, 158, 165, 167, 169, 171, 176, 180, 183, 184, 186, 187, 188, 193, 195, 198, 203, 204, 207, 209, 212, 216, 220, 221, 222, 223, 225, 228, 230, 231, 232, 234, 236, 240, 241, 242, 249, 253, 261, 262, 264, 265, 266, 267, 268, 269, 270, 272, 275, 277, 283, 286, 289, 290, 293, 298, 300, 303, 304, 306, 308, 309, 310, 313, 315, 318, 319, 320, 321, 325, 328, 330, 331, 334, 337, 339, 340, 343, 345, 346, 349, 350, 351, 352, 354, 357, 359, 360, 362, 363, 364, 365, 366, 367, 375, 379, 380, 382, 383, 385, 389, 390, 394, 395, 396, 397, 398, 399, 400, 403, 407, 412, 414, 418, 421, 424, 425, 426, 428, 429, 432, 433, 434, 435, 436, 437, 439, 441, 443, 445, 447, 449, 450, 452, 456, 457, 458, 459, 460, 461, 464, 469, 471, 476, 477, 478, 479, 480, 482, 485, 488, 491, 494, 495, 496, 497, 502, 503, 504, 505, 511, 514, 517, 518, 521, 522, 523, 524, 530, 534, 542, 545, 546, 548, 550, 553, 558, 565, 566, 567, 569, 572, 574, 575, 579, 580, 581, 582, 584, 585, 586, 587, 588, 590, 591, 593, 594, 598, 603, 605, 606, 607, 608, 609, 610, 612, 615, 619, 620, 622, 624, 627, 631, 635, 636, 637, 638, 639, 641, 642, 650, 651, 652, 654, 661, 668, 673, 674, 675, 676, 677, 682, 686, 694, 695, 696, 697, 700, 702, 711, 712, 713, 714, 715, 716, 719, 720, 722, 727, 728, 731, 732, 733, 734, 735, 741, 742, 747, 748, 753, 758, 762, 766, 768, 769, 771, 773, 774, 776, 777, 781, 782, 784, 787, 796, 798, 800, 804, 807, 809, 810, 811, 817, 818, 826, 827, 829, 830, 833, 837, 843, 845, 847, 848, 850, 853, 854, 856, 861, 862, 865, 867, 869, 870, 872, 874, 877, 880, 883, 884, 885, 886, 890, 891, 893, 894, 895, 896, 901, 907, 910, 911, 917, 922, 924, 926, 927, 928, 930, 931, 932, 933, 934, 937, 938, 942, 943, 945, 948, 951, 953, 956, 960, 962, 963, 964, 966, 967, 968, 970, 973, 976, 981, 982, 985, 988, 989, 990, 991, 992, 994, 996, 998, 1002, 1008, 1010, 1012, 1014, 1016, 1017, 1018, 1027, 1029, 1032, 1033, 1034, 1035, 1037, 1041, 1050, 1052, 1053, 1054, 1056, 1057, 1064, 1066, 1068, 1069, 1070, 1073, 1074, 1075, 1077, 1079, 1080, 1081, 1082, 1083, 1084, 1089, 1090, 1091, 1093, 1100, 1104, 1109, 1111, 1113, 1114, 1118, 1120, 1121, 1124, 1127, 1128, 1129, 1130, 1131, 1132, 1137, 1142, 1151, 1157, 1158, 1160, 1161, 1162, 1163, 1169, 1173, 1174, 1179, 1180, 1184, 1185, 1189, 1193, 1194, 1198, 1205, 1206, 1207, 1208, 1210, 1212, 1216, 1217, 1218, 1219, 1221, 1226, 1232, 1233, 1234, 1235, 1240, 1244, 1247, 1251, 1254, 1256, 1257, 1258, 1262, 1265, 1266, 1268, 1272, 1273, 1275, 1278, 1279, 1282, 1283, 1285, 1286, 1287, 1288, 1290, 1297, 1300, 1302, 1307, 1309, 1311, 1315, 1318, 1319, 1323, 1324, 1325, 1326, 1327, 1340, 1348, 1350, 1351, 1354, 1355, 1359, 1361, 1365, 1372, 1373, 1374, 1377, 1379, 1380, 1383, 1385, 1386, 1387, 1389, 1390, 1391, 1395, 1396, 1397, 1403, 1404, 1411, 1422, 1423, 1427, 1428, 1430, 1443, 1446, 1447, 1448, 1449, 1450, 1451, 1454, 1456, 1457, 1458, 1459, 1461, 1468, 1471, 1472, 1474, 1475, 1478, 1479, 1481, 1482, 1483, 1486, 1487, 1488, 1493, 1494, 1495, 1496, 1498, 1501, 1502, 1503, 1504, 1513, 1515, 1517, 1518, 1521, 1522, 1523, 1528, 1529, 1536, 1538, 1540, 1553, 1554, 1555, 1556, 1559, 1561, 1562, 1568, 1569, 1570, 1571, 1575, 1577, 1579, 1580, 1582, 1585, 1587, 1588, 1589, 1592, 1594, 1597, 1603, 1604, 1605, 1606, 1607, 1608, 1613, 1614, 1617, 1619, 1621, 1622, 1628, 1629, 1630, 1631, 1639, 1645, 1646, 1649, 1650, 1651, 1653, 1657, 1659, 1660, 1665, 1666, 1667, 1668, 1669, 1671, 1675, 1677, 1680, 1682, 1685, 1695, 1696, 1697, 1700, 1702, 1703, 1705, 1708, 1709, 1710, 1715, 1718, 1719, 1723, 1729, 1733, 1734, 1743, 1748, 1750, 1754, 1756, 1758, 1759, 1760, 1761, 1763, 1770, 1771, 1772, 1773, 1774, 1777, 1780, 1782, 1784, 1787, 1788, 1791, 1792, 1794, 1795, 1798, 1801, 1803, 1805, 1806, 1810, 1811, 1813, 1814, 1816, 1817, 1819, 1821, 1822, 1825, 1832, 1834, 1835, 1840, 1842, 1844, 1845, 1847, 1850, 1851, 1852, 1853, 1855, 1857, 1860, 1866, 1868, 1871, 1873, 1876, 1883, 1885, 1888, 1889, 1891, 1895, 1899, 1901, 1903, 1907, 1909, 1911, 1913, 1914, 1915, 1917, 1918, 1919, 1923, 1925, 1926, 1931, 1932, 1935, 1937, 1938, 1940, 1941, 1942, 1943, 1944, 1945, 1950, 1952, 1954, 1961, 1963, 1967, 1971, 1972, 1975, 1976, 1990, 1995, 1997, 1998, 2003, 2004, 2005, 2008, 2018, 2019, 2022, 2024, 2025, 2027, 2029, 2032, 2033, 2034, 2035, 2039, 2043, 2044, 2047, 2049, 2052, 2058, 2061, 2062, 2063, 2066, 2067, 2070, 2071, 2072, 2075, 2083, 2085, 2086, 2089, 2092, 2093, 2094, 2095, 2096, 2099, 2102, 2103, 2104, 2111, 2112, 2117, 2118, 2120, 2124, 2127, 2129, 2131, 2138, 2139, 2140, 2146, 2147, 2151, 2156, 2165, 2168, 2172, 2174, 2176, 2177, 2188, 2192, 2195, 2197, 2198, 2205, 2210, 2212, 2216, 2218, 2219, 2223, 2224, 2230, 2233, 2234, 2235, 2238, 2242, 2252, 2253, 2255, 2256, 2259, 2260, 2261, 2265, 2267, 2268, 2269, 2270, 2272, 2273, 2274, 2277, 2280, 2283, 2288, 2289, 2293, 2295, 2296, 2297, 2299, 2311, 2318, 2320]",,,
PPI_16,0.1,pairwise_connectivity,2650,60.04589438,0.773774499,"[10, 23, 25, 41, 45, 49, 51, 76, 79, 83, 86, 87, 92, 95, 115, 119, 142, 147, 160, 165, 168, 169, 170, 188, 194, 210, 211, 222, 243, 246, 259, 263, 265, 266, 273, 280, 304, 305, 338, 348, 351, 357, 382, 383, 391, 398, 402, 409, 412, 413, 427, 434, 443, 452, 458, 471, 501, 508, 517, 518, 538, 547, 555, 557, 560, 561, 564, 569, 574, 589, 598, 611, 616, 635, 668, 673, 678, 697, 700, 702, 719, 730, 737, 744, 793, 794, 798, 804, 811, 829, 835, 843, 850, 851, 878, 891, 907, 914, 918, 923, 935, 953, 956, 964, 973, 990, 995, 996, 1003, 1018, 1029, 1030, 1032, 1042, 1046, 1065, 1066, 1071, 1084, 1091, 1097, 1102, 1113, 1130, 1138, 1146, 1154, 1166, 1173, 1178, 1184, 1190, 1264, 1276, 1293, 1299, 1306, 1320, 1333, 1340, 1361, 1381, 1383, 1387, 1393, 1396, 1426, 1445, 1447, 1463, 1469, 1483, 1486, 1508, 1518, 1547, 1548, 1551, 1573, 1590, 1596, 1601, 1613, 1620, 1621, 1645, 1648, 1649, 1657, 1671, 1673, 1680, 1681, 1690, 1691, 1708, 1724, 1730, 1760, 1762, 1796, 1803, 1805, 1814, 1817, 1823, 1839, 1843, 1844, 1851, 1857, 1873, 1893, 1901, 1905, 1912, 1916, 1932, 1934, 1937, 1940, 1950, 1955, 1957, 1969, 1986, 2017, 2023, 2028, 2042, 2059, 2068, 2078, 2091, 2093, 2102, 2105, 2124, 2132, 2155, 2176, 2211, 2234, 2235, 2236, 2247, 2268, 2272, 2279, 2284, 2299, 2319, 2320, 2336, 2349, 2368, 2370, 2378, 2380, 2390, 2397, 2399, 2406, 2409, 2415, 2426, 2447, 2453, 2476, 2481, 2501, 2557, 2566, 2578, 2587, 2589, 2592, 2604, 2615, 2626, 2629, 2630, 2640, 2641, 2645]",,,
PPI_16,0.2,pairwise_connectivity,2650,60.35692525,0.605700446,"[10, 11, 14, 23, 25, 27, 35, 37, 41, 45, 49, 51, 53, 55, 59, 61, 76, 79, 83, 85, 86, 87, 89, 93, 95, 101, 102, 105, 115, 118, 119, 140, 142, 147, 151, 157, 160, 165, 166, 168, 169, 170, 180, 188, 194, 207, 210, 211, 222, 224, 228, 236, 243, 246, 259, 260, 263, 265, 271, 273, 283, 285, 294, 308, 311, 312, 329, 332, 337, 338, 339, 345, 348, 351, 355, 357, 361, 362, 382, 383, 391, 392, 398, 402, 409, 412, 413, 427, 434, 440, 442, 443, 448, 452, 458, 468, 471, 485, 490, 493, 494, 495, 498, 499, 501, 504, 505, 508, 511, 518, 521, 522, 525, 532, 538, 541, 547, 551, 552, 560, 561, 563, 564, 565, 566, 569, 572, 574, 588, 589, 592, 598, 612, 616, 632, 635, 655, 657, 658, 668, 673, 678, 694, 697, 700, 709, 710, 717, 721, 724, 737, 741, 744, 745, 753, 780, 784, 793, 794, 798, 802, 804, 807, 808, 811, 823, 827, 829, 832, 835, 842, 843, 850, 851, 865, 878, 880, 885, 888, 891, 897, 901, 905, 913, 914, 923, 935, 936, 938, 941, 956, 963, 964, 971, 973, 983, 990, 995, 996, 997, 998, 999, 1003, 1007, 1018, 1020, 1025, 1029, 1030, 1032, 1043, 1044, 1046, 1059, 1065, 1066, 1070, 1071, 1072, 1073, 1074, 1082, 1084, 1091, 1102, 1109, 1113, 1114, 1118, 1129, 1130, 1138, 1146, 1151, 1154, 1157, 1158, 1161, 1168, 1178, 1181, 1183, 1184, 1195, 1205, 1207, 1221, 1223, 1225, 1231, 1233, 1237, 1242, 1245, 1262, 1263, 1264, 1272, 1276, 1277, 1285, 1286, 1287, 1288, 1289, 1292, 1293, 1303, 1304, 1306, 1310, 1311, 1320, 1321, 1323, 1332, 1333, 1340, 1347, 1349, 1361, 1367, 1374, 1375, 1381, 1383, 1387, 1389, 1393, 1396, 1400, 1406, 1409, 1415, 1426, 1439, 1444, 1445, 1447, 1463, 1468, 1469, 1471, 1472, 1474, 1479, 1483, 1484, 1486, 1488, 1495, 1507, 1508, 1512, 1516, 1518, 1529, 1539, 1545, 1547, 1548, 1551, 1559, 1569, 1573, 1576, 1584, 1588, 1590, 1596, 1601, 1626, 1631, 1637, 1641, 1644, 1648, 1649, 1650, 1651, 1652, 1657, 1671, 1674, 1677, 1680, 1681, 1685, 1690, 1691, 1694, 1699, 1702, 1708, 1716, 1723, 1730, 1732, 1751, 1762, 1767, 1782, 1785, 1787, 1794, 1796, 1803, 1815, 1817, 1820, 1823, 1835, 1839, 1840, 1843, 1844, 1851, 1853, 1867, 1868, 1869, 1873, 1876, 1890, 1893, 1897, 1899, 1901, 1903, 1905, 1907, 1912, 1916, 1919, 1924, 1928, 1930, 1932, 1934, 1937, 1942, 1949, 1950, 1955, 1957, 1959, 1963, 1967, 1969, 1973, 1986, 1991, 1998, 2002, 2012, 2013, 2017, 2022, 2023, 2028, 2033, 2037, 2042, 2056, 2059, 2068, 2072, 2078, 2091, 2093, 2105, 2117, 2119, 2124, 2132, 2133, 2138, 2139, 2155, 2162, 2165, 2176, 2181, 2183, 2186, 2188, 2196, 2211, 2213, 2234, 2235, 2240, 2247, 2265, 2268, 2272, 2276, 2279, 2284, 2288, 2299, 2304, 2319, 2336, 2339, 2343, 2344, 2349, 2353, 2362, 2364, 2367, 2368, 2370, 2378, 2380, 2383, 2390, 2392, 2396, 2397, 2399, 2406, 2407, 2409, 2415, 2418, 2419, 2426, 2447, 2453, 2476, 2477, 2482, 2484, 2485, 2501, 2505, 2514, 2517, 2525, 2535, 2536, 2539, 2547, 2550, 2556, 2557, 2566, 2570, 2572, 2578, 2585, 2587, 2589, 2591, 2592, 2595, 2604, 2615, 2617, 2619, 2620, 2626, 2629, 2630, 2639, 2640, 2641, 2645]",,,
PPI_16,0.3,pairwise_connectivity,2650,60.34143162,0.365099719,"[10, 11, 14, 15, 19, 23, 25, 27, 28, 35, 41, 45, 49, 51, 53, 55, 59, 61, 65, 66, 71, 76, 79, 83, 86, 89, 92, 93, 95, 101, 102, 110, 115, 118, 119, 122, 132, 138, 140, 142, 143, 146, 147, 151, 157, 158, 160, 161, 165, 166, 168, 169, 170, 172, 173, 188, 189, 194, 200, 202, 203, 210, 211, 214, 222, 224, 228, 230, 232, 236, 237, 238, 243, 246, 247, 248, 250, 256, 259, 260, 263, 265, 266, 273, 280, 285, 287, 294, 295, 298, 299, 300, 302, 303, 304, 305, 308, 312, 313, 324, 327, 332, 337, 338, 342, 344, 347, 348, 351, 352, 355, 357, 361, 362, 363, 372, 373, 374, 378, 379, 382, 383, 391, 396, 398, 399, 401, 409, 410, 412, 413, 416, 428, 432, 434, 436, 437, 440, 443, 448, 450, 452, 455, 458, 462, 468, 471, 476, 477, 485, 486, 491, 492, 493, 494, 495, 496, 498, 499, 501, 504, 505, 508, 511, 514, 517, 518, 519, 520, 522, 523, 532, 536, 537, 538, 539, 540, 541, 542, 544, 547, 550, 551, 555, 560, 561, 563, 564, 565, 566, 569, 570, 572, 573, 574, 588, 589, 592, 593, 597, 598, 601, 606, 608, 611, 612, 616, 624, 625, 627, 631, 635, 644, 649, 650, 655, 657, 658, 662, 664, 668, 673, 674, 676, 678, 685, 691, 697, 698, 700, 702, 704, 705, 708, 709, 710, 712, 724, 730, 731, 732, 734, 736, 737, 745, 747, 752, 753, 780, 789, 792, 793, 798, 800, 802, 804, 807, 808, 810, 811, 812, 815, 822, 823, 827, 829, 831, 832, 833, 835, 841, 842, 843, 844, 845, 847, 849, 851, 855, 858, 864, 869, 871, 872, 878, 880, 883, 885, 889, 891, 897, 898, 912, 914, 920, 923, 924, 935, 936, 948, 952, 962, 963, 964, 965, 971, 973, 984, 988, 990, 995, 996, 997, 999, 1003, 1004, 1007, 1012, 1018, 1019, 1029, 1032, 1042, 1043, 1044, 1046, 1047, 1060, 1062, 1063, 1064, 1065, 1066, 1071, 1072, 1073, 1074, 1077, 1079, 1081, 1084, 1085, 1089, 1091, 1093, 1097, 1102, 1103, 1109, 1113, 1116, 1118, 1122, 1129, 1130, 1133, 1138, 1139, 1146, 1151, 1154, 1156, 1157, 1161, 1167, 1168, 1176, 1178, 1181, 1183, 1184, 1188, 1190, 1205, 1206, 1207, 1208, 1221, 1224, 1225, 1228, 1233, 1236, 1237, 1242, 1245, 1247, 1262, 1263, 1264, 1267, 1269, 1272, 1277, 1280, 1282, 1284, 1285, 1286, 1287, 1289, 1290, 1292, 1293, 1297, 1301, 1319, 1320, 1321, 1323, 1332, 1333, 1340, 1343, 1347, 1348, 1354, 1361, 1367, 1368, 1374, 1375, 1381, 1382, 1383, 1385, 1389, 1393, 1394, 1396, 1399, 1400, 1404, 1406, 1413, 1414, 1415, 1416, 1426, 1438, 1439, 1440, 1441, 1445, 1450, 1454, 1458, 1463, 1469, 1471, 1472, 1474, 1479, 1483, 1484, 1486, 1487, 1495, 1502, 1503, 1507, 1509, 1512, 1516, 1518, 1522, 1527, 1529, 1530, 1534, 1539, 1543, 1545, 1547, 1548, 1551, 1559, 1563, 1565, 1569, 1573, 1579, 1583, 1584, 1586, 1588, 1590, 1591, 1592, 1601, 1606, 1613, 1620, 1626, 1631, 1637, 1640, 1644, 1646, 1647, 1648, 1649, 1650, 1651, 1652, 1655, 1657, 1658, 1666, 1671, 1674, 1677, 1680, 1681, 1685, 1688, 1690, 1699, 1701, 1708, 1716, 1721, 1723, 1724, 1729, 1730, 1732, 1733, 1735, 1737, 1738, 1746, 1750, 1751, 1762, 1764, 1765, 1771, 1778, 1782, 1785, 1789, 1790, 1794, 1796, 1803, 1805, 1815, 1817, 1820, 1823, 1835, 1839, 1840, 1843, 1844, 1847, 1851, 1852, 1853, 1857, 1867, 1868, 1869, 1870, 1873, 1874, 1875, 1877, 1880, 1889, 1890, 1893, 1895, 1897, 1898, 1899, 1901, 1903, 1904, 1905, 1906, 1912, 1915, 1916, 1918, 1921, 1923, 1924, 1932, 1934, 1937, 1940, 1942, 1945, 1948, 1950, 1957, 1963, 1969, 1973, 1976, 1980, 1982, 1986, 1991, 1994, 1998, 2002, 2005, 2012, 2013, 2017, 2022, 2023, 2027, 2028, 2036, 2037, 2042, 2045, 2047, 2053, 2056, 2058, 2059, 2061, 2063, 2064, 2068, 2072, 2078, 2086, 2091, 2093, 2095, 2100, 2101, 2102, 2105, 2108, 2111, 2114, 2119, 2122, 2124, 2128, 2133, 2138, 2143, 2147, 2148, 2162, 2172, 2174, 2175, 2177, 2181, 2183, 2186, 2188, 2193, 2196, 2197, 2202, 2203, 2209, 2211, 2213, 2219, 2223, 2225, 2234, 2235, 2236, 2240, 2243, 2247, 2258, 2265, 2268, 2269, 2270, 2272, 2279, 2284, 2288, 2294, 2299, 2301, 2302, 2304, 2306, 2307, 2309, 2316, 2317, 2319, 2320, 2329, 2336, 2339, 2343, 2344, 2349, 2353, 2355, 2356, 2362, 2363, 2364, 2367, 2370, 2373, 2378, 2380, 2382, 2389, 2390, 2392, 2397, 2399, 2400, 2406, 2407, 2409, 2411, 2412, 2415, 2418, 2422, 2426, 2427, 2444, 2447, 2449, 2453, 2454, 2470, 2476, 2477, 2481, 2484, 2485, 2486, 2494, 2498, 2501, 2505, 2506, 2514, 2517, 2523, 2525, 2527, 2535, 2536, 2538, 2539, 2542, 2547, 2548, 2554, 2556, 2557, 2559, 2560, 2562, 2563, 2565, 2566, 2570, 2578, 2581, 2582, 2583, 2585, 2587, 2589, 2592, 2595, 2598, 2599, 2604, 2605, 2609, 2615, 2619, 2620, 2626, 2628, 2629, 2630, 2641, 2645]",,,
PPI_16,0.4,pairwise_connectivity,2650,60.08267355,0.003031059,"[0, 6, 10, 11, 14, 16, 22, 23, 25, 27, 28, 31, 35, 40, 45, 47, 49, 51, 53, 57, 65, 68, 71, 73, 76, 79, 83, 85, 86, 87, 88, 89, 90, 92, 95, 97, 101, 109, 115, 116, 119, 122, 126, 128, 130, 132, 138, 139, 140, 146, 147, 148, 151, 157, 160, 161, 163, 166, 168, 169, 170, 171, 173, 176, 188, 189, 190, 192, 193, 194, 199, 202, 205, 206, 208, 209, 210, 211, 216, 218, 220, 228, 229, 231, 232, 238, 243, 246, 249, 253, 259, 260, 263, 265, 266, 267, 268, 269, 271, 273, 279, 280, 281, 283, 285, 287, 296, 297, 299, 300, 302, 303, 305, 306, 307, 308, 312, 313, 314, 321, 324, 327, 329, 332, 337, 338, 341, 342, 344, 345, 346, 348, 351, 352, 353, 355, 357, 358, 361, 362, 363, 364, 366, 369, 373, 378, 381, 382, 383, 387, 388, 390, 391, 394, 395, 397, 398, 399, 401, 404, 409, 410, 412, 413, 414, 416, 417, 418, 422, 428, 432, 434, 436, 437, 438, 439, 440, 443, 449, 450, 451, 452, 455, 457, 458, 462, 465, 468, 470, 471, 472, 476, 477, 480, 482, 483, 485, 486, 488, 492, 493, 494, 495, 496, 498, 499, 501, 503, 504, 505, 508, 510, 511, 514, 516, 517, 518, 519, 520, 521, 522, 523, 525, 530, 532, 537, 538, 540, 541, 542, 544, 547, 551, 555, 560, 561, 563, 564, 565, 566, 569, 570, 572, 573, 574, 575, 580, 587, 588, 592, 597, 598, 600, 610, 611, 618, 622, 623, 624, 625, 631, 635, 640, 647, 649, 650, 652, 653, 655, 658, 661, 662, 663, 664, 667, 668, 669, 670, 672, 673, 674, 675, 676, 678, 680, 681, 684, 686, 691, 693, 694, 695, 696, 697, 698, 700, 702, 705, 706, 709, 710, 712, 717, 719, 720, 724, 727, 730, 731, 732, 733, 734, 736, 737, 745, 747, 749, 751, 752, 753, 755, 763, 765, 771, 773, 779, 780, 781, 782, 784, 793, 798, 807, 808, 812, 827, 829, 831, 832, 833, 835, 840, 841, 842, 843, 844, 846, 847, 848, 853, 862, 867, 869, 871, 872, 875, 878, 880, 883, 885, 886, 887, 889, 891, 892, 898, 900, 901, 904, 906, 907, 911, 912, 914, 916, 920, 923, 924, 932, 935, 936, 945, 947, 948, 949, 950, 952, 958, 962, 963, 964, 971, 973, 976, 990, 995, 996, 997, 998, 999, 1001, 1003, 1006, 1007, 1012, 1013, 1014, 1015, 1016, 1018, 1019, 1021, 1025, 1026, 1029, 1030, 1031, 1032, 1034, 1038, 1042, 1044, 1045, 1046, 1053, 1060, 1062, 1063, 1064, 1065, 1066, 1067, 1070, 1071, 1072, 1073, 1074, 1077, 1079, 1082, 1083, 1084, 1086, 1089, 1091, 1092, 1096, 1100, 1102, 1103, 1105, 1107, 1108, 1109, 1113, 1114, 1118, 1122, 1127, 1129, 1130, 1132, 1134, 1136, 1137, 1138, 1139, 1142, 1146, 1148, 1151, 1154, 1157, 1159, 1161, 1163, 1165, 1167, 1168, 1169, 1176, 1178, 1181, 1182, 1183, 1184, 1198, 1201, 1205, 1207, 1208, 1209, 1216, 1219, 1222, 1223, 1224, 1227, 1228, 1229, 1231, 1233, 1234, 1236, 1237, 1242, 1245, 1252, 1262, 1263, 1264, 1267, 1269, 1271, 1272, 1276, 1277, 1279, 1280, 1281, 1282, 1284, 1285, 1287, 1288, 1289, 1290, 1291, 1292, 1294, 1297, 1303, 1310, 1311, 1312, 1320, 1321, 1322, 1324, 1325, 1328, 1332, 1333, 1337, 1340, 1343, 1344, 1347, 1348, 1351, 1353, 1361, 1367, 1368, 1370, 1374, 1375, 1382, 1383, 1384, 1385, 1389, 1393, 1394, 1396, 1398, 1400, 1406, 1408, 1413, 1414, 1415, 1416, 1429, 1434, 1439, 1440, 1441, 1443, 1445, 1450, 1451, 1454, 1458, 1462, 1463, 1466, 1468, 1469, 1471, 1472, 1473, 1474, 1476, 1477, 1479, 1483, 1486, 1487, 1493, 1495, 1500, 1501, 1503, 1507, 1512, 1513, 1515, 1516, 1517, 1518, 1519, 1529, 1534, 1539, 1540, 1543, 1544, 1545, 1546, 1547, 1548, 1550, 1551, 1559, 1563, 1566, 1568, 1569, 1570, 1571, 1572, 1573, 1576, 1579, 1581, 1583, 1584, 1586, 1590, 1591, 1592, 1598, 1601, 1604, 1607, 1620, 1624, 1625, 1626, 1628, 1634, 1637, 1640, 1642, 1644, 1646, 1647, 1648, 1649, 1650, 1651, 1652, 1654, 1656, 1657, 1658, 1659, 1661, 1669, 1671, 1674, 1675, 1676, 1677, 1680, 1681, 1684, 1685, 1688, 1689, 1690, 1699, 1701, 1703, 1705, 1706, 1707, 1708, 1716, 1718, 1720, 1723, 1724, 1728, 1729, 1730, 1735, 1736, 1742, 1745, 1749, 1751, 1762, 1763, 1764, 1765, 1771, 1777, 1778, 1782, 1784, 1785, 1789, 1790, 1791, 1794, 1796, 1797, 1802, 1803, 1804, 1805, 1806, 1809, 1811, 1812, 1815, 1817, 1820, 1823, 1824, 1826, 1828, 1830, 1831, 1835, 1836, 1839, 1840, 1841, 1843, 1844, 1849, 1851, 1852, 1854, 1857, 1860, 1863, 1869, 1870, 1873, 1874, 1875, 1876, 1877, 1880, 1883, 1885, 1889, 1890, 1893, 1897, 1899, 1901, 1902, 1903, 1904, 1905, 1906, 1907, 1911, 1912, 1915, 1916, 1919, 1922, 1923, 1924, 1928, 1932, 1933, 1934, 1937, 1938, 1940, 1945, 1948, 1949, 1950, 1951, 1957, 1960, 1961, 1963, 1964, 1965, 1966, 1967, 1968, 1973, 1984, 1989, 1991, 1995, 1998, 2000, 2001, 2002, 2003, 2005, 2011, 2012, 2013, 2014, 2015, 2021, 2022, 2023, 2027, 2028, 2032, 2033, 2034, 2037, 2042, 2043, 2046, 2047, 2048, 2053, 2056, 2057, 2058, 2059, 2060, 2061, 2063, 2064, 2065, 2066, 2068, 2074, 2088, 2091, 2093, 2095, 2100, 2101, 2102, 2103, 2105, 2106, 2108, 2111, 2114, 2119, 2124, 2128, 2131, 2132, 2137, 2140, 2143, 2146, 2147, 2148, 2150, 2162, 2165, 2166, 2170, 2172, 2177, 2179, 2181, 2183, 2186, 2187, 2188, 2195, 2196, 2197, 2198, 2202, 2206, 2208, 2209, 2211, 2212, 2213, 2215, 2220, 2223, 2224, 2225, 2234, 2235, 2240, 2243, 2244, 2247, 2249, 2250, 2258, 2265, 2268, 2270, 2272, 2274, 2275, 2280, 2284, 2287, 2288, 2294, 2295, 2297, 2298, 2300, 2301, 2302, 2303, 2307, 2309, 2310, 2311, 2312, 2313, 2316, 2318, 2319, 2320, 2322, 2326, 2328, 2336, 2339, 2341, 2342, 2343, 2344, 2348, 2349, 2350, 2353, 2355, 2360, 2362, 2363, 2364, 2367, 2370, 2371, 2372, 2374, 2378, 2380, 2381, 2382, 2389, 2390, 2391, 2394, 2396, 2397, 2399, 2400, 2402, 2406, 2407, 2409, 2410, 2412, 2415, 2418, 2423, 2424, 2425, 2426, 2432, 2443, 2444, 2447, 2448, 2449, 2453, 2454, 2455, 2456, 2467, 2468, 2469, 2470, 2474, 2476, 2477, 2480, 2481, 2484, 2485, 2498, 2501, 2503, 2505, 2515, 2517, 2523, 2525, 2527, 2528, 2535, 2536, 2538, 2539, 2540, 2542, 2544, 2547, 2550, 2556, 2559, 2560, 2561, 2562, 2563, 2566, 2569, 2570, 2571, 2578, 2579, 2581, 2582, 2584, 2585, 2586, 2587, 2590, 2592, 2594, 2595, 2598, 2599, 2604, 2605, 2607, 2608, 2609, 2611, 2613, 2614, 2615, 2619, 2630, 2633, 2641, 2644, 2645]",,,
PPI_17,0.1,pairwise_connectivity,2815,60.06606126,0.785578587,"[14, 16, 24, 26, 49, 50, 79, 88, 92, 96, 100, 102, 115, 123, 127, 149, 151, 158, 170, 173, 178, 179, 181, 182, 199, 204, 214, 225, 233, 237, 243, 259, 261, 263, 271, 281, 282, 285, 286, 296, 309, 345, 347, 355, 356, 370, 371, 409, 410, 411, 418, 426, 440, 443, 453, 458, 466, 484, 486, 501, 505, 534, 535, 539, 566, 582, 588, 592, 596, 599, 602, 606, 615, 634, 643, 653, 657, 691, 693, 703, 715, 718, 719, 725, 731, 739, 749, 751, 754, 764, 767, 779, 787, 794, 800, 810, 835, 838, 839, 847, 849, 856, 885, 888, 901, 912, 941, 952, 953, 955, 967, 986, 988, 991, 1006, 1035, 1036, 1045, 1064, 1072, 1073, 1090, 1099, 1115, 1126, 1130, 1151, 1155, 1156, 1158, 1163, 1169, 1175, 1196, 1213, 1216, 1219, 1228, 1233, 1235, 1266, 1268, 1287, 1293, 1307, 1336, 1352, 1363, 1413, 1417, 1428, 1433, 1454, 1460, 1474, 1475, 1479, 1481, 1483, 1486, 1489, 1491, 1518, 1544, 1556, 1569, 1580, 1583, 1606, 1610, 1619, 1650, 1651, 1699, 1715, 1724, 1760, 1766, 1767, 1772, 1783, 1802, 1812, 1823, 1826, 1832, 1854, 1857, 1862, 1874, 1881, 1882, 1895, 1928, 1958, 1960, 1971, 1974, 1979, 1980, 1990, 1991, 1997, 2005, 2008, 2034, 2038, 2047, 2049, 2051, 2060, 2061, 2074, 2076, 2080, 2107, 2122, 2138, 2153, 2170, 2178, 2199, 2204, 2211, 2217, 2238, 2251, 2253, 2259, 2280, 2287, 2294, 2302, 2313, 2349, 2372, 2373, 2377, 2389, 2390, 2392, 2427, 2434, 2439, 2446, 2463, 2465, 2469, 2477, 2492, 2509, 2545, 2550, 2553, 2563, 2568, 2595, 2606, 2623, 2624, 2629, 2635, 2638, 2654, 2665, 2673, 2690, 2703, 2722, 2726, 2728, 2749, 2752, 2756, 2768, 2780, 2781, 2785, 2787, 2792, 2806]",,,
PPI_17,0.2,pairwise_connectivity,2815,60.62375569,0.619125662,"[7, 14, 16, 24, 26, 27, 37, 49, 50, 52, 54, 59, 60, 69, 75, 76, 79, 86, 92, 96, 99, 100, 101, 102, 103, 115, 122, 123, 127, 129, 148, 149, 151, 158, 162, 163, 171, 173, 178, 179, 181, 182, 183, 185, 186, 199, 204, 213, 214, 216, 225, 237, 242, 243, 245, 259, 261, 263, 266, 281, 282, 285, 286, 290, 296, 308, 309, 314, 319, 322, 323, 324, 327, 345, 347, 351, 355, 356, 366, 371, 375, 377, 379, 386, 406, 409, 410, 411, 417, 418, 426, 430, 440, 443, 453, 455, 466, 476, 484, 486, 492, 501, 505, 521, 526, 528, 530, 533, 534, 535, 538, 539, 558, 559, 566, 582, 584, 588, 592, 594, 596, 599, 601, 602, 603, 604, 606, 611, 615, 621, 631, 634, 637, 638, 643, 646, 653, 658, 659, 665, 676, 682, 685, 691, 693, 703, 707, 709, 710, 711, 715, 718, 719, 721, 725, 726, 731, 739, 745, 749, 754, 755, 756, 758, 764, 767, 768, 773, 787, 794, 800, 810, 824, 830, 835, 838, 839, 842, 847, 848, 849, 853, 855, 856, 864, 868, 871, 877, 879, 885, 888, 889, 890, 895, 901, 905, 910, 911, 912, 916, 935, 941, 943, 946, 952, 953, 955, 963, 964, 965, 971, 975, 982, 983, 986, 988, 991, 995, 999, 1006, 1007, 1009, 1026, 1029, 1034, 1035, 1036, 1039, 1045, 1047, 1048, 1064, 1072, 1073, 1081, 1089, 1090, 1094, 1099, 1100, 1101, 1103, 1107, 1115, 1126, 1127, 1130, 1131, 1135, 1149, 1151, 1152, 1155, 1156, 1157, 1158, 1163, 1167, 1173, 1175, 1180, 1184, 1185, 1189, 1196, 1213, 1219, 1222, 1228, 1233, 1235, 1239, 1240, 1250, 1261, 1264, 1266, 1268, 1270, 1275, 1280, 1287, 1289, 1291, 1293, 1304, 1307, 1316, 1322, 1330, 1336, 1352, 1353, 1355, 1358, 1361, 1363, 1364, 1372, 1378, 1380, 1384, 1399, 1400, 1413, 1416, 1417, 1427, 1428, 1433, 1434, 1443, 1444, 1447, 1454, 1460, 1466, 1468, 1474, 1475, 1476, 1479, 1481, 1483, 1486, 1489, 1491, 1495, 1499, 1509, 1513, 1518, 1529, 1531, 1536, 1542, 1544, 1551, 1552, 1567, 1569, 1570, 1577, 1579, 1580, 1581, 1583, 1603, 1605, 1606, 1607, 1610, 1615, 1617, 1619, 1621, 1627, 1634, 1641, 1644, 1650, 1651, 1657, 1699, 1715, 1719, 1741, 1744, 1750, 1760, 1766, 1767, 1768, 1769, 1772, 1783, 1795, 1800, 1802, 1806, 1812, 1823, 1826, 1832, 1847, 1854, 1857, 1859, 1860, 1861, 1862, 1871, 1874, 1881, 1895, 1898, 1912, 1917, 1918, 1928, 1931, 1950, 1952, 1958, 1962, 1970, 1971, 1974, 1975, 1979, 1980, 1990, 1991, 1997, 1998, 2008, 2010, 2015, 2016, 2032, 2038, 2042, 2047, 2049, 2051, 2052, 2057, 2060, 2061, 2074, 2076, 2079, 2081, 2083, 2085, 2089, 2091, 2097, 2102, 2105, 2107, 2122, 2126, 2138, 2153, 2170, 2171, 2172, 2178, 2181, 2196, 2199, 2204, 2211, 2217, 2219, 2228, 2231, 2238, 2239, 2251, 2253, 2255, 2259, 2280, 2287, 2293, 2302, 2313, 2317, 2328, 2332, 2335, 2339, 2341, 2343, 2349, 2350, 2362, 2364, 2366, 2372, 2373, 2377, 2383, 2388, 2389, 2390, 2403, 2421, 2427, 2434, 2437, 2439, 2443, 2448, 2463, 2465, 2476, 2477, 2492, 2493, 2500, 2501, 2509, 2510, 2524, 2543, 2544, 2545, 2550, 2552, 2553, 2558, 2563, 2568, 2573, 2575, 2576, 2596, 2605, 2606, 2611, 2623, 2624, 2629, 2635, 2638, 2654, 2659, 2665, 2669, 2673, 2677, 2690, 2695, 2703, 2704, 2711, 2722, 2726, 2727, 2728, 2734, 2735, 2741, 2742, 2745, 2749, 2752, 2756, 2761, 2768, 2769, 2779, 2780, 2781, 2785, 2786, 2787, 2792, 2794, 2806]",,,
PPI_17,0.3,pairwise_connectivity,2815,60.8768568,0.366726674,"[5, 11, 14, 16, 18, 24, 26, 27, 33, 37, 40, 47, 49, 50, 52, 54, 60, 64, 69, 70, 75, 79, 82, 85, 86, 88, 92, 95, 96, 99, 100, 102, 103, 108, 110, 113, 114, 115, 123, 124, 127, 129, 130, 148, 149, 151, 156, 158, 159, 162, 163, 170, 171, 173, 174, 176, 178, 179, 181, 182, 183, 185, 189, 199, 201, 204, 211, 213, 214, 215, 218, 224, 225, 232, 233, 237, 238, 243, 245, 247, 248, 249, 254, 261, 263, 266, 267, 268, 269, 280, 281, 284, 285, 286, 290, 292, 294, 296, 300, 304, 309, 313, 314, 318, 319, 323, 324, 327, 331, 334, 343, 345, 347, 348, 349, 350, 351, 355, 356, 359, 364, 366, 367, 368, 371, 375, 379, 381, 385, 386, 387, 393, 397, 404, 405, 406, 409, 410, 411, 415, 418, 426, 430, 439, 440, 441, 443, 445, 447, 448, 449, 453, 455, 458, 459, 463, 466, 470, 471, 476, 484, 486, 489, 492, 496, 501, 505, 509, 510, 518, 519, 525, 526, 528, 530, 534, 535, 538, 539, 541, 545, 546, 555, 556, 557, 558, 559, 560, 566, 578, 580, 581, 582, 584, 588, 591, 592, 596, 599, 600, 601, 602, 603, 604, 606, 611, 612, 615, 621, 629, 631, 632, 634, 637, 638, 642, 643, 646, 651, 653, 657, 658, 659, 663, 665, 667, 671, 676, 680, 682, 685, 691, 693, 697, 698, 709, 710, 715, 718, 719, 720, 721, 725, 726, 727, 730, 731, 735, 739, 745, 751, 752, 754, 755, 756, 758, 764, 766, 767, 773, 776, 787, 793, 794, 800, 801, 806, 808, 809, 810, 821, 824, 830, 835, 836, 839, 844, 847, 848, 853, 855, 856, 859, 861, 863, 864, 868, 872, 875, 879, 884, 885, 888, 889, 890, 893, 895, 901, 902, 905, 906, 907, 908, 910, 911, 916, 923, 926, 941, 943, 945, 946, 949, 952, 953, 955, 956, 963, 964, 967, 982, 986, 988, 993, 995, 997, 1006, 1007, 1008, 1025, 1033, 1034, 1035, 1036, 1042, 1045, 1047, 1048, 1052, 1058, 1059, 1062, 1064, 1066, 1072, 1073, 1075, 1081, 1085, 1086, 1089, 1090, 1094, 1099, 1100, 1101, 1102, 1104, 1107, 1108, 1115, 1126, 1127, 1129, 1130, 1139, 1146, 1148, 1149, 1150, 1151, 1152, 1155, 1156, 1157, 1158, 1162, 1163, 1165, 1167, 1169, 1170, 1173, 1175, 1179, 1180, 1184, 1185, 1186, 1189, 1191, 1196, 1200, 1204, 1212, 1213, 1219, 1223, 1226, 1228, 1230, 1233, 1235, 1237, 1239, 1243, 1250, 1261, 1264, 1266, 1267, 1268, 1270, 1271, 1272, 1273, 1275, 1285, 1287, 1289, 1290, 1291, 1293, 1304, 1307, 1308, 1316, 1318, 1321, 1322, 1323, 1330, 1336, 1337, 1349, 1352, 1353, 1355, 1358, 1361, 1364, 1367, 1370, 1372, 1378, 1380, 1381, 1382, 1384, 1388, 1394, 1398, 1399, 1410, 1413, 1417, 1419, 1427, 1428, 1433, 1434, 1442, 1443, 1444, 1447, 1454, 1460, 1464, 1466, 1474, 1475, 1477, 1478, 1479, 1483, 1486, 1487, 1489, 1491, 1495, 1506, 1510, 1511, 1512, 1513, 1515, 1518, 1522, 1529, 1536, 1539, 1542, 1544, 1546, 1552, 1554, 1555, 1558, 1563, 1564, 1567, 1568, 1569, 1570, 1579, 1580, 1581, 1583, 1584, 1590, 1594, 1598, 1605, 1607, 1610, 1615, 1617, 1619, 1621, 1630, 1631, 1634, 1640, 1641, 1642, 1650, 1651, 1666, 1672, 1674, 1675, 1676, 1681, 1683, 1697, 1699, 1701, 1715, 1719, 1733, 1734, 1741, 1744, 1747, 1748, 1750, 1755, 1760, 1763, 1764, 1766, 1767, 1768, 1769, 1771, 1772, 1776, 1779, 1783, 1786, 1795, 1796, 1797, 1802, 1805, 1806, 1808, 1810, 1812, 1820, 1822, 1823, 1824, 1826, 1830, 1832, 1839, 1843, 1847, 1850, 1853, 1854, 1857, 1858, 1859, 1861, 1863, 1864, 1866, 1871, 1874, 1878, 1881, 1884, 1886, 1893, 1895, 1897, 1898, 1912, 1913, 1916, 1917, 1918, 1922, 1924, 1928, 1931, 1937, 1939, 1949, 1952, 1955, 1958, 1970, 1971, 1974, 1975, 1976, 1979, 1980, 1984, 1990, 1991, 1993, 1998, 2010, 2011, 2015, 2016, 2017, 2032, 2033, 2034, 2038, 2041, 2042, 2044, 2049, 2050, 2051, 2052, 2054, 2057, 2060, 2061, 2074, 2076, 2079, 2081, 2083, 2085, 2086, 2089, 2095, 2096, 2097, 2098, 2102, 2113, 2117, 2118, 2122, 2126, 2130, 2138, 2141, 2143, 2153, 2155, 2166, 2170, 2177, 2178, 2183, 2184, 2193, 2196, 2199, 2204, 2205, 2211, 2214, 2216, 2217, 2219, 2224, 2225, 2226, 2228, 2238, 2244, 2251, 2253, 2255, 2261, 2267, 2281, 2285, 2287, 2293, 2297, 2302, 2306, 2307, 2317, 2321, 2332, 2335, 2337, 2339, 2341, 2343, 2349, 2350, 2356, 2362, 2364, 2366, 2372, 2373, 2376, 2378, 2383, 2385, 2388, 2389, 2391, 2395, 2398, 2403, 2415, 2417, 2421, 2427, 2430, 2439, 2443, 2451, 2452, 2454, 2461, 2463, 2465, 2471, 2474, 2476, 2477, 2478, 2492, 2493, 2496, 2498, 2500, 2501, 2509, 2514, 2517, 2518, 2519, 2524, 2525, 2527, 2530, 2533, 2542, 2543, 2544, 2545, 2546, 2551, 2553, 2554, 2563, 2568, 2573, 2576, 2595, 2596, 2606, 2607, 2611, 2621, 2622, 2623, 2624, 2629, 2631, 2633, 2634, 2635, 2637, 2638, 2642, 2645, 2649, 2650, 2653, 2654, 2657, 2665, 2666, 2669, 2670, 2673, 2674, 2677, 2679, 2690, 2691, 2695, 2696, 2698, 2703, 2704, 2705, 2711, 2713, 2718, 2720, 2722, 2726, 2728, 2734, 2735, 2737, 2741, 2742, 2745, 2747, 2748, 2749, 2752, 2756, 2761, 2763, 2768, 2769, 2780, 2781, 2785, 2787, 2792, 2806]",,,
PPI_17,0.4,pairwise_connectivity,2815,60.62954021,0.004197778,"[3, 11, 13, 14, 16, 23, 24, 26, 27, 28, 37, 40, 41, 44, 47, 48, 49, 50, 54, 67, 68, 69, 70, 75, 77, 79, 82, 83, 85, 86, 88, 89, 91, 93, 94, 96, 99, 102, 103, 104, 108, 116, 117, 121, 123, 124, 127, 130, 131, 135, 140, 142, 147, 148, 149, 150, 151, 155, 156, 158, 159, 162, 163, 167, 170, 173, 174, 179, 181, 182, 183, 185, 186, 189, 199, 200, 201, 203, 204, 205, 211, 214, 215, 218, 222, 223, 224, 225, 226, 229, 232, 234, 235, 237, 243, 246, 247, 249, 254, 259, 261, 263, 266, 267, 268, 273, 281, 282, 285, 286, 290, 291, 292, 294, 298, 300, 302, 304, 309, 315, 316, 318, 319, 320, 321, 322, 324, 325, 327, 331, 334, 340, 341, 343, 347, 348, 349, 351, 355, 356, 359, 360, 362, 364, 366, 367, 368, 371, 375, 376, 377, 378, 379, 381, 385, 386, 387, 390, 393, 397, 404, 406, 407, 408, 409, 410, 411, 412, 413, 414, 415, 417, 418, 423, 425, 426, 430, 439, 440, 441, 443, 444, 445, 446, 447, 448, 455, 459, 463, 466, 469, 471, 472, 476, 477, 483, 484, 485, 486, 489, 491, 492, 493, 494, 496, 501, 503, 504, 505, 506, 515, 516, 517, 518, 519, 521, 522, 526, 528, 530, 531, 533, 534, 535, 536, 537, 538, 539, 543, 546, 549, 552, 553, 554, 555, 556, 557, 558, 562, 569, 571, 578, 581, 582, 584, 588, 592, 596, 600, 601, 602, 603, 604, 606, 607, 610, 611, 612, 613, 615, 621, 632, 637, 638, 642, 643, 644, 646, 657, 658, 660, 665, 673, 674, 675, 676, 680, 685, 691, 701, 703, 705, 706, 707, 709, 712, 714, 715, 718, 719, 720, 721, 722, 724, 725, 726, 727, 728, 730, 731, 733, 735, 738, 739, 740, 745, 747, 748, 751, 752, 753, 754, 755, 756, 758, 763, 766, 767, 768, 773, 776, 777, 784, 787, 788, 789, 790, 791, 793, 794, 801, 804, 806, 807, 808, 809, 810, 812, 819, 821, 824, 830, 834, 835, 836, 837, 839, 841, 844, 848, 853, 856, 863, 864, 868, 875, 884, 885, 888, 889, 890, 893, 895, 899, 900, 901, 902, 903, 906, 907, 908, 909, 916, 921, 922, 923, 924, 929, 931, 934, 935, 938, 941, 943, 945, 946, 948, 949, 950, 952, 953, 955, 956, 963, 964, 965, 967, 968, 970, 971, 974, 975, 980, 986, 988, 993, 995, 998, 1006, 1007, 1008, 1009, 1015, 1017, 1019, 1021, 1022, 1025, 1026, 1030, 1034, 1042, 1045, 1047, 1048, 1058, 1060, 1062, 1064, 1072, 1073, 1076, 1078, 1080, 1081, 1083, 1085, 1089, 1094, 1096, 1097, 1098, 1100, 1101, 1102, 1103, 1104, 1107, 1108, 1111, 1115, 1117, 1120, 1127, 1129, 1130, 1131, 1139, 1146, 1148, 1149, 1150, 1151, 1152, 1153, 1154, 1155, 1156, 1157, 1158, 1162, 1167, 1169, 1175, 1180, 1184, 1185, 1186, 1188, 1189, 1190, 1191, 1196, 1200, 1204, 1209, 1212, 1213, 1214, 1215, 1216, 1218, 1220, 1223, 1224, 1226, 1228, 1233, 1237, 1239, 1243, 1250, 1251, 1252, 1261, 1264, 1266, 1267, 1268, 1270, 1271, 1272, 1273, 1275, 1283, 1285, 1289, 1290, 1291, 1293, 1294, 1299, 1300, 1303, 1305, 1306, 1307, 1309, 1310, 1311, 1313, 1316, 1318, 1319, 1320, 1321, 1322, 1327, 1330, 1336, 1341, 1345, 1349, 1352, 1353, 1355, 1357, 1358, 1361, 1363, 1364, 1367, 1368, 1370, 1372, 1378, 1380, 1381, 1382, 1383, 1384, 1388, 1394, 1396, 1398, 1399, 1402, 1405, 1406, 1413, 1415, 1416, 1417, 1418, 1421, 1427, 1428, 1433, 1434, 1437, 1438, 1442, 1443, 1444, 1447, 1454, 1460, 1461, 1471, 1475, 1476, 1477, 1478, 1479, 1481, 1483, 1489, 1490, 1491, 1495, 1503, 1508, 1509, 1510, 1511, 1512, 1513, 1518, 1520, 1522, 1524, 1527, 1529, 1531, 1533, 1534, 1536, 1537, 1539, 1542, 1546, 1547, 1548, 1551, 1552, 1554, 1556, 1557, 1558, 1560, 1563, 1564, 1567, 1568, 1569, 1570, 1572, 1573, 1579, 1580, 1583, 1584, 1587, 1590, 1594, 1597, 1598, 1605, 1610, 1611, 1612, 1613, 1615, 1616, 1617, 1618, 1621, 1627, 1630, 1635, 1637, 1641, 1642, 1645, 1646, 1648, 1649, 1650, 1651, 1653, 1659, 1660, 1666, 1672, 1676, 1678, 1681, 1683, 1684, 1685, 1690, 1694, 1697, 1699, 1704, 1705, 1706, 1709, 1715, 1718, 1719, 1723, 1733, 1737, 1738, 1741, 1747, 1749, 1750, 1755, 1757, 1758, 1760, 1762, 1763, 1764, 1766, 1767, 1768, 1769, 1771, 1775, 1776, 1778, 1781, 1792, 1795, 1796, 1797, 1798, 1802, 1805, 1806, 1807, 1808, 1810, 1820, 1823, 1826, 1829, 1830, 1831, 1832, 1838, 1839, 1841, 1843, 1845, 1847, 1849, 1850, 1854, 1856, 1857, 1861, 1863, 1865, 1866, 1868, 1872, 1873, 1874, 1875, 1881, 1886, 1894, 1895, 1896, 1897, 1905, 1906, 1907, 1909, 1912, 1913, 1915, 1917, 1918, 1922, 1924, 1928, 1930, 1931, 1934, 1936, 1937, 1939, 1940, 1942, 1944, 1945, 1949, 1952, 1955, 1958, 1959, 1962, 1963, 1966, 1967, 1970, 1971, 1974, 1975, 1976, 1979, 1980, 1986, 1990, 1991, 1992, 1993, 1997, 1998, 2001, 2008, 2010, 2011, 2015, 2016, 2017, 2018, 2019, 2022, 2028, 2032, 2035, 2038, 2041, 2044, 2046, 2047, 2048, 2049, 2050, 2051, 2052, 2054, 2057, 2058, 2059, 2060, 2061, 2063, 2065, 2066, 2070, 2075, 2076, 2079, 2081, 2082, 2083, 2085, 2086, 2095, 2096, 2097, 2098, 2104, 2106, 2108, 2109, 2110, 2113, 2115, 2118, 2119, 2126, 2136, 2141, 2143, 2147, 2151, 2153, 2154, 2155, 2156, 2159, 2164, 2165, 2166, 2167, 2168, 2169, 2170, 2174, 2176, 2177, 2178, 2182, 2183, 2184, 2187, 2190, 2191, 2193, 2196, 2198, 2199, 2200, 2201, 2204, 2211, 2214, 2215, 2216, 2217, 2223, 2224, 2225, 2226, 2228, 2232, 2233, 2246, 2251, 2253, 2255, 2257, 2260, 2261, 2262, 2264, 2266, 2267, 2269, 2272, 2281, 2287, 2292, 2293, 2296, 2298, 2299, 2302, 2306, 2307, 2309, 2317, 2319, 2321, 2325, 2328, 2329, 2332, 2334, 2335, 2336, 2337, 2339, 2340, 2341, 2343, 2348, 2349, 2350, 2351, 2356, 2357, 2358, 2359, 2360, 2362, 2364, 2365, 2366, 2373, 2376, 2378, 2379, 2383, 2389, 2392, 2393, 2395, 2398, 2399, 2400, 2403, 2405, 2406, 2412, 2415, 2421, 2424, 2427, 2429, 2430, 2435, 2436, 2439, 2442, 2451, 2454, 2455, 2458, 2459, 2460, 2463, 2465, 2467, 2468, 2469, 2470, 2471, 2472, 2474, 2476, 2477, 2478, 2479, 2482, 2485, 2492, 2496, 2498, 2500, 2501, 2504, 2505, 2506, 2509, 2511, 2512, 2515, 2517, 2518, 2519, 2522, 2524, 2525, 2526, 2528, 2530, 2533, 2534, 2535, 2542, 2543, 2544, 2546, 2551, 2553, 2554, 2556, 2558, 2563, 2568, 2569, 2574, 2575, 2576, 2583, 2595, 2596, 2600, 2602, 2605, 2606, 2607, 2608, 2609, 2611, 2618, 2621, 2622, 2623, 2624, 2627, 2629, 2631, 2634, 2635, 2637, 2638, 2639, 2644, 2646, 2650, 2654, 2655, 2666, 2667, 2669, 2670, 2671, 2672, 2674, 2677, 2678, 2679, 2682, 2690, 2693, 2695, 2696, 2698, 2700, 2703, 2704, 2710, 2711, 2715, 2718, 2719, 2722, 2725, 2726, 2728, 2735, 2739, 2745, 2747, 2748, 2749, 2753, 2756, 2758, 2761, 2763, 2768, 2769, 2773, 2774, 2776, 2777, 2780, 2781, 2783, 2787, 2797, 2803, 2806, 2809, 2811]",,,
PPI_18,0.1,pairwise_connectivity,3163,60.15735817,0.782201481,"[11, 15, 27, 29, 43, 53, 59, 100, 108, 117, 129, 138, 142, 166, 179, 180, 184, 196, 201, 202, 205, 206, 212, 221, 226, 231, 232, 252, 258, 266, 289, 297, 315, 324, 343, 386, 388, 399, 416, 427, 453, 458, 463, 472, 480, 481, 486, 494, 497, 498, 499, 503, 509, 515, 523, 528, 535, 541, 543, 544, 549, 559, 562, 565, 574, 595, 598, 603, 619, 622, 627, 632, 636, 644, 647, 653, 657, 663, 666, 668, 671, 673, 681, 705, 711, 712, 722, 726, 768, 786, 795, 800, 806, 813, 824, 837, 839, 840, 853, 854, 875, 884, 894, 917, 937, 959, 961, 981, 993, 1002, 1005, 1014, 1018, 1029, 1062, 1077, 1078, 1082, 1086, 1090, 1093, 1109, 1162, 1165, 1167, 1176, 1192, 1200, 1208, 1209, 1220, 1235, 1236, 1237, 1239, 1253, 1264, 1270, 1291, 1295, 1296, 1297, 1298, 1318, 1321, 1330, 1331, 1343, 1363, 1374, 1390, 1392, 1396, 1421, 1442, 1469, 1478, 1498, 1506, 1515, 1528, 1545, 1560, 1570, 1587, 1600, 1608, 1609, 1618, 1632, 1639, 1640, 1657, 1660, 1666, 1668, 1671, 1672, 1677, 1681, 1682, 1689, 1713, 1735, 1765, 1775, 1781, 1785, 1801, 1811, 1816, 1831, 1846, 1855, 1856, 1866, 1868, 1906, 1911, 1918, 1923, 1933, 1936, 1944, 1959, 1978, 1990, 2027, 2037, 2057, 2067, 2070, 2073, 2076, 2082, 2104, 2112, 2116, 2183, 2190, 2204, 2208, 2211, 2213, 2224, 2225, 2226, 2248, 2249, 2269, 2274, 2281, 2289, 2296, 2301, 2305, 2321, 2323, 2326, 2327, 2336, 2371, 2375, 2380, 2384, 2386, 2389, 2392, 2414, 2432, 2437, 2438, 2452, 2455, 2458, 2470, 2472, 2474, 2493, 2508, 2539, 2545, 2547, 2561, 2608, 2635, 2642, 2647, 2651, 2660, 2662, 2664, 2673, 2678, 2710, 2718, 2724, 2759, 2762, 2776, 2794, 2796, 2812, 2826, 2829, 2863, 2865, 2866, 2874, 2888, 2901, 2932, 2951, 2959, 2969, 2971, 2987, 3003, 3011, 3030, 3034, 3063, 3067, 3074, 3076, 3077, 3086, 3090, 3093, 3095, 3099, 3102, 3106, 3128, 3135, 3152]",,,
PPI_18,0.2,pairwise_connectivity,3163,60.84420252,0.607652774,"[7, 11, 15, 18, 19, 27, 29, 31, 43, 53, 55, 59, 60, 62, 64, 71, 82, 88, 96, 100, 104, 108, 110, 115, 117, 118, 120, 125, 126, 129, 133, 138, 142, 147, 158, 166, 170, 179, 180, 184, 193, 194, 196, 197, 201, 202, 204, 205, 206, 208, 212, 221, 226, 231, 232, 241, 242, 251, 252, 258, 266, 267, 271, 286, 289, 291, 294, 296, 303, 308, 313, 315, 316, 324, 326, 328, 338, 340, 343, 344, 348, 355, 356, 358, 366, 367, 369, 384, 386, 388, 391, 393, 398, 399, 416, 427, 435, 438, 451, 455, 458, 461, 462, 463, 472, 480, 481, 484, 486, 493, 494, 497, 498, 499, 501, 503, 509, 515, 523, 528, 535, 539, 541, 543, 549, 554, 559, 562, 565, 584, 585, 586, 588, 592, 595, 598, 599, 601, 603, 619, 621, 622, 624, 627, 631, 632, 636, 644, 647, 653, 657, 658, 666, 668, 670, 671, 672, 673, 679, 681, 698, 705, 706, 711, 712, 722, 726, 727, 729, 747, 750, 763, 768, 787, 789, 795, 800, 802, 806, 808, 813, 814, 818, 824, 836, 837, 839, 840, 841, 844, 849, 853, 854, 865, 875, 877, 884, 889, 890, 894, 896, 902, 904, 917, 932, 935, 937, 947, 951, 953, 959, 960, 961, 969, 971, 976, 980, 991, 993, 1002, 1005, 1014, 1015, 1018, 1019, 1029, 1053, 1054, 1062, 1068, 1071, 1078, 1082, 1086, 1093, 1096, 1107, 1109, 1115, 1117, 1121, 1128, 1133, 1134, 1135, 1138, 1139, 1141, 1158, 1162, 1164, 1167, 1169, 1173, 1176, 1183, 1198, 1199, 1200, 1208, 1209, 1211, 1216, 1219, 1220, 1225, 1226, 1236, 1237, 1239, 1240, 1241, 1253, 1255, 1263, 1264, 1266, 1270, 1285, 1287, 1291, 1295, 1296, 1297, 1298, 1303, 1310, 1312, 1318, 1321, 1325, 1330, 1331, 1338, 1343, 1362, 1363, 1370, 1371, 1374, 1385, 1390, 1392, 1395, 1396, 1397, 1408, 1421, 1426, 1434, 1435, 1442, 1449, 1453, 1455, 1469, 1475, 1478, 1479, 1480, 1481, 1485, 1492, 1493, 1498, 1506, 1513, 1514, 1515, 1518, 1520, 1526, 1528, 1538, 1545, 1550, 1552, 1560, 1564, 1586, 1587, 1600, 1608, 1609, 1612, 1615, 1618, 1619, 1622, 1632, 1639, 1640, 1645, 1646, 1657, 1660, 1662, 1666, 1668, 1671, 1672, 1673, 1677, 1681, 1682, 1688, 1690, 1705, 1706, 1708, 1713, 1727, 1732, 1735, 1737, 1753, 1755, 1757, 1765, 1769, 1770, 1771, 1775, 1776, 1779, 1780, 1781, 1782, 1785, 1801, 1811, 1816, 1823, 1824, 1831, 1846, 1855, 1856, 1866, 1868, 1870, 1879, 1880, 1887, 1899, 1906, 1911, 1918, 1920, 1924, 1933, 1935, 1936, 1944, 1955, 1959, 1973, 1975, 1977, 1978, 1990, 1995, 1996, 2006, 2009, 2010, 2017, 2018, 2020, 2027, 2030, 2037, 2057, 2063, 2065, 2068, 2072, 2073, 2076, 2080, 2082, 2094, 2108, 2112, 2116, 2118, 2123, 2135, 2139, 2141, 2142, 2161, 2164, 2165, 2183, 2187, 2190, 2202, 2204, 2208, 2211, 2213, 2214, 2224, 2225, 2231, 2232, 2246, 2248, 2249, 2252, 2267, 2274, 2281, 2282, 2285, 2289, 2292, 2294, 2296, 2299, 2301, 2305, 2321, 2323, 2326, 2330, 2336, 2339, 2363, 2371, 2375, 2380, 2386, 2387, 2389, 2403, 2415, 2426, 2432, 2437, 2444, 2447, 2452, 2455, 2459, 2460, 2466, 2469, 2470, 2472, 2474, 2483, 2485, 2493, 2508, 2513, 2517, 2525, 2530, 2532, 2534, 2539, 2545, 2547, 2549, 2552, 2561, 2596, 2599, 2601, 2608, 2609, 2625, 2635, 2641, 2642, 2647, 2651, 2660, 2662, 2664, 2670, 2673, 2675, 2688, 2694, 2702, 2710, 2713, 2724, 2739, 2747, 2756, 2759, 2762, 2765, 2771, 2776, 2794, 2798, 2802, 2803, 2807, 2812, 2826, 2829, 2835, 2836, 2842, 2846, 2849, 2855, 2856, 2857, 2862, 2863, 2865, 2888, 2897, 2901, 2924, 2929, 2931, 2932, 2949, 2951, 2957, 2959, 2960, 2965, 2969, 2970, 2971, 2973, 2979, 2986, 2987, 2992, 2994, 3003, 3005, 3010, 3011, 3019, 3023, 3030, 3031, 3034, 3041, 3045, 3063, 3067, 3069, 3074, 3075, 3077, 3082, 3085, 3086, 3090, 3093, 3095, 3099, 3100, 3102, 3106, 3110, 3128, 3132, 3139, 3152]",,,
PPI_18,0.3,pairwise_connectivity,3163,60.92559314,0.3571518,"[0, 7, 11, 15, 19, 24, 27, 29, 31, 32, 37, 42, 43, 46, 48, 51, 53, 56, 58, 59, 62, 64, 71, 75, 77, 82, 83, 88, 90, 96, 99, 101, 103, 104, 108, 110, 111, 115, 117, 118, 120, 122, 125, 129, 138, 142, 144, 145, 147, 154, 160, 162, 166, 170, 177, 179, 180, 184, 185, 193, 194, 196, 197, 199, 201, 202, 204, 205, 206, 208, 212, 220, 221, 226, 228, 231, 232, 240, 241, 251, 252, 255, 264, 266, 267, 270, 271, 276, 277, 282, 289, 291, 296, 309, 313, 315, 316, 322, 324, 326, 328, 332, 333, 337, 338, 342, 344, 349, 353, 354, 355, 356, 358, 361, 362, 365, 366, 367, 369, 384, 386, 388, 393, 397, 398, 399, 402, 408, 411, 412, 413, 415, 416, 421, 425, 427, 429, 430, 433, 434, 435, 438, 446, 447, 450, 451, 455, 457, 458, 461, 462, 463, 466, 472, 479, 480, 481, 484, 486, 493, 494, 497, 498, 499, 500, 502, 503, 515, 523, 525, 528, 532, 534, 535, 539, 541, 543, 549, 559, 562, 563, 564, 565, 574, 578, 584, 585, 586, 588, 589, 591, 592, 595, 598, 599, 601, 603, 607, 617, 619, 620, 621, 622, 623, 624, 627, 632, 635, 636, 637, 641, 643, 644, 646, 647, 649, 653, 657, 663, 666, 668, 669, 670, 671, 672, 673, 676, 677, 678, 679, 680, 681, 687, 699, 705, 706, 710, 711, 712, 719, 720, 722, 726, 727, 729, 735, 748, 750, 753, 768, 775, 781, 783, 789, 790, 793, 795, 800, 801, 802, 806, 808, 811, 813, 814, 819, 831, 832, 833, 836, 837, 839, 840, 841, 844, 845, 849, 850, 853, 854, 855, 865, 875, 877, 883, 884, 889, 894, 896, 898, 902, 904, 932, 933, 935, 937, 947, 951, 953, 954, 959, 960, 961, 964, 969, 971, 976, 980, 991, 993, 995, 997, 999, 1001, 1002, 1005, 1013, 1014, 1015, 1018, 1019, 1023, 1026, 1029, 1040, 1048, 1051, 1053, 1054, 1062, 1064, 1068, 1071, 1074, 1078, 1082, 1086, 1090, 1093, 1095, 1096, 1098, 1106, 1107, 1109, 1111, 1113, 1115, 1117, 1119, 1121, 1122, 1128, 1133, 1134, 1135, 1136, 1140, 1150, 1152, 1158, 1162, 1164, 1165, 1168, 1169, 1173, 1176, 1177, 1184, 1186, 1198, 1199, 1200, 1202, 1208, 1209, 1211, 1214, 1216, 1219, 1220, 1221, 1225, 1226, 1227, 1228, 1235, 1236, 1237, 1238, 1239, 1240, 1246, 1253, 1263, 1264, 1266, 1270, 1286, 1287, 1288, 1290, 1291, 1292, 1293, 1295, 1296, 1297, 1298, 1303, 1310, 1312, 1313, 1316, 1318, 1321, 1322, 1330, 1331, 1338, 1343, 1349, 1350, 1354, 1359, 1362, 1363, 1370, 1371, 1374, 1377, 1379, 1380, 1385, 1390, 1392, 1396, 1400, 1408, 1421, 1424, 1426, 1430, 1433, 1434, 1435, 1440, 1449, 1451, 1452, 1453, 1455, 1466, 1469, 1470, 1478, 1479, 1480, 1486, 1493, 1498, 1506, 1513, 1514, 1515, 1526, 1528, 1529, 1533, 1538, 1545, 1548, 1549, 1550, 1552, 1553, 1560, 1563, 1569, 1575, 1585, 1586, 1587, 1589, 1591, 1595, 1598, 1600, 1608, 1609, 1610, 1612, 1614, 1615, 1617, 1618, 1619, 1625, 1626, 1632, 1639, 1640, 1645, 1646, 1657, 1660, 1661, 1662, 1666, 1668, 1669, 1671, 1672, 1677, 1681, 1682, 1683, 1688, 1690, 1704, 1705, 1706, 1707, 1708, 1713, 1717, 1722, 1726, 1727, 1731, 1735, 1738, 1740, 1745, 1746, 1747, 1749, 1753, 1754, 1757, 1764, 1765, 1767, 1769, 1770, 1771, 1775, 1779, 1781, 1782, 1785, 1786, 1801, 1808, 1810, 1811, 1812, 1816, 1821, 1823, 1825, 1827, 1831, 1836, 1840, 1841, 1844, 1845, 1846, 1847, 1854, 1855, 1856, 1868, 1869, 1870, 1875, 1879, 1880, 1886, 1887, 1888, 1892, 1896, 1899, 1900, 1903, 1906, 1910, 1911, 1914, 1920, 1921, 1922, 1924, 1927, 1930, 1933, 1942, 1944, 1949, 1954, 1958, 1959, 1965, 1973, 1975, 1978, 1979, 1980, 1981, 1982, 1988, 1990, 1992, 1993, 1996, 2001, 2009, 2010, 2012, 2016, 2017, 2018, 2020, 2021, 2023, 2027, 2035, 2037, 2038, 2039, 2046, 2054, 2057, 2061, 2063, 2065, 2068, 2070, 2072, 2073, 2075, 2076, 2078, 2080, 2082, 2086, 2087, 2094, 2097, 2100, 2112, 2116, 2118, 2119, 2121, 2123, 2129, 2134, 2135, 2138, 2139, 2142, 2144, 2157, 2161, 2162, 2163, 2164, 2166, 2179, 2183, 2187, 2190, 2203, 2204, 2208, 2209, 2211, 2213, 2214, 2218, 2223, 2224, 2225, 2227, 2231, 2235, 2243, 2245, 2246, 2248, 2249, 2251, 2267, 2268, 2269, 2274, 2281, 2282, 2283, 2285, 2287, 2289, 2291, 2292, 2293, 2294, 2296, 2299, 2300, 2301, 2302, 2305, 2311, 2312, 2321, 2322, 2323, 2326, 2329, 2334, 2336, 2339, 2345, 2350, 2358, 2363, 2371, 2374, 2375, 2385, 2386, 2389, 2392, 2403, 2407, 2411, 2419, 2420, 2424, 2425, 2429, 2432, 2434, 2436, 2437, 2444, 2447, 2452, 2454, 2455, 2456, 2458, 2459, 2460, 2461, 2464, 2466, 2470, 2471, 2472, 2474, 2479, 2481, 2483, 2485, 2493, 2508, 2511, 2512, 2513, 2517, 2520, 2524, 2530, 2534, 2539, 2540, 2543, 2545, 2552, 2553, 2556, 2561, 2564, 2566, 2574, 2578, 2581, 2584, 2596, 2599, 2601, 2603, 2607, 2608, 2609, 2610, 2612, 2615, 2616, 2617, 2618, 2619, 2631, 2633, 2635, 2641, 2642, 2647, 2651, 2656, 2659, 2660, 2664, 2667, 2673, 2681, 2683, 2688, 2694, 2695, 2696, 2702, 2706, 2710, 2713, 2724, 2729, 2739, 2740, 2743, 2744, 2748, 2754, 2756, 2759, 2762, 2763, 2765, 2766, 2773, 2775, 2776, 2779, 2793, 2794, 2798, 2802, 2803, 2807, 2812, 2814, 2824, 2826, 2829, 2832, 2835, 2836, 2838, 2843, 2846, 2849, 2856, 2857, 2858, 2862, 2863, 2864, 2865, 2866, 2888, 2894, 2896, 2897, 2901, 2920, 2921, 2924, 2930, 2931, 2932, 2948, 2949, 2951, 2955, 2957, 2959, 2960, 2965, 2968, 2969, 2970, 2971, 2976, 2979, 2987, 2993, 2994, 3003, 3005, 3010, 3011, 3019, 3023, 3030, 3031, 3034, 3037, 3041, 3045, 3058, 3060, 3063, 3066, 3067, 3069, 3074, 3075, 3079, 3081, 3082, 3085, 3088, 3089, 3090, 3093, 3095, 3099, 3102, 3106, 3110, 3111, 3115, 3116, 3121, 3122, 3125, 3127, 3128, 3132, 3133, 3139, 3142, 3152]",,,
PPI_18,0.4,pairwise_connectivity,3163,61.10237741,0.002910702,"[0, 3, 7, 11, 12, 13, 15, 19, 27, 29, 31, 32, 37, 42, 43, 48, 50, 51, 53, 56, 57, 59, 62, 64, 66, 70, 71, 81, 82, 83, 85, 88, 90, 92, 96, 99, 101, 103, 104, 105, 107, 109, 110, 111, 114, 118, 122, 131, 137, 138, 139, 142, 145, 146, 147, 151, 154, 156, 158, 164, 166, 167, 168, 170, 171, 172, 177, 179, 180, 184, 185, 187, 189, 193, 196, 197, 202, 204, 205, 206, 208, 209, 212, 221, 226, 227, 228, 231, 232, 238, 241, 244, 245, 248, 251, 252, 253, 256, 257, 259, 261, 266, 267, 271, 275, 276, 283, 289, 291, 294, 296, 297, 302, 308, 309, 313, 315, 316, 322, 324, 328, 333, 337, 338, 340, 342, 344, 350, 351, 353, 354, 355, 356, 357, 358, 359, 360, 361, 362, 366, 367, 369, 372, 379, 384, 388, 390, 391, 392, 393, 397, 398, 399, 402, 403, 408, 411, 412, 413, 416, 421, 422, 423, 424, 425, 429, 430, 433, 434, 435, 438, 440, 447, 450, 451, 455, 456, 458, 460, 461, 462, 463, 466, 469, 472, 476, 477, 479, 480, 481, 483, 484, 487, 493, 494, 495, 497, 498, 499, 501, 502, 503, 506, 516, 520, 523, 524, 525, 528, 529, 530, 532, 534, 535, 540, 541, 542, 543, 545, 546, 548, 549, 554, 556, 559, 561, 562, 563, 564, 567, 568, 569, 571, 574, 575, 576, 577, 578, 580, 581, 584, 585, 586, 588, 589, 591, 592, 595, 597, 598, 599, 601, 603, 607, 610, 611, 616, 617, 618, 619, 620, 621, 622, 623, 624, 625, 626, 628, 632, 634, 636, 637, 643, 645, 646, 647, 649, 653, 654, 657, 663, 668, 669, 670, 671, 672, 673, 676, 677, 678, 679, 680, 681, 687, 688, 698, 699, 702, 705, 710, 711, 712, 713, 714, 715, 719, 720, 726, 728, 736, 739, 745, 746, 747, 748, 753, 778, 780, 783, 785, 786, 789, 792, 794, 795, 796, 799, 800, 801, 802, 803, 805, 806, 808, 809, 811, 814, 816, 819, 823, 824, 825, 831, 835, 836, 837, 838, 839, 840, 841, 844, 845, 848, 849, 850, 854, 855, 862, 865, 867, 874, 876, 877, 878, 879, 880, 881, 883, 884, 889, 898, 900, 901, 902, 903, 904, 906, 915, 918, 920, 926, 931, 932, 933, 935, 937, 943, 947, 953, 955, 959, 961, 969, 971, 973, 976, 980, 983, 985, 991, 993, 994, 995, 997, 999, 1002, 1004, 1005, 1008, 1012, 1013, 1014, 1015, 1016, 1018, 1019, 1020, 1021, 1022, 1040, 1043, 1047, 1050, 1053, 1054, 1058, 1062, 1064, 1067, 1068, 1070, 1071, 1072, 1074, 1078, 1079, 1082, 1085, 1086, 1087, 1090, 1094, 1095, 1098, 1099, 1104, 1111, 1115, 1117, 1119, 1121, 1122, 1123, 1133, 1134, 1135, 1136, 1137, 1145, 1147, 1149, 1151, 1152, 1155, 1156, 1158, 1159, 1162, 1163, 1164, 1169, 1171, 1173, 1176, 1177, 1181, 1189, 1193, 1199, 1200, 1202, 1208, 1209, 1211, 1214, 1216, 1219, 1220, 1221, 1224, 1226, 1232, 1234, 1235, 1236, 1238, 1239, 1240, 1242, 1246, 1247, 1250, 1252, 1253, 1255, 1259, 1264, 1266, 1267, 1269, 1270, 1272, 1279, 1284, 1286, 1287, 1288, 1289, 1290, 1291, 1292, 1293, 1294, 1295, 1296, 1297, 1298, 1301, 1302, 1303, 1310, 1312, 1315, 1316, 1318, 1321, 1324, 1328, 1330, 1331, 1332, 1334, 1336, 1337, 1338, 1343, 1350, 1352, 1359, 1362, 1363, 1364, 1366, 1367, 1369, 1372, 1374, 1376, 1377, 1379, 1380, 1385, 1387, 1390, 1392, 1395, 1396, 1398, 1400, 1403, 1404, 1407, 1408, 1409, 1410, 1411, 1421, 1424, 1425, 1426, 1427, 1428, 1430, 1434, 1435, 1437, 1439, 1440, 1445, 1447, 1449, 1451, 1453, 1455, 1462, 1465, 1467, 1468, 1469, 1471, 1472, 1473, 1475, 1478, 1479, 1480, 1481, 1482, 1483, 1484, 1485, 1490, 1492, 1493, 1495, 1498, 1502, 1506, 1509, 1513, 1514, 1518, 1520, 1522, 1526, 1528, 1529, 1531, 1533, 1534, 1538, 1543, 1544, 1545, 1548, 1549, 1550, 1551, 1552, 1556, 1558, 1560, 1563, 1566, 1568, 1569, 1570, 1572, 1575, 1576, 1585, 1586, 1587, 1589, 1590, 1591, 1593, 1595, 1599, 1600, 1608, 1609, 1612, 1613, 1615, 1616, 1617, 1618, 1619, 1622, 1626, 1630, 1632, 1637, 1639, 1640, 1645, 1646, 1654, 1657, 1661, 1662, 1664, 1666, 1668, 1671, 1672, 1677, 1678, 1681, 1682, 1688, 1690, 1694, 1696, 1701, 1704, 1705, 1706, 1707, 1708, 1713, 1717, 1722, 1723, 1726, 1731, 1733, 1735, 1738, 1740, 1746, 1747, 1749, 1753, 1754, 1755, 1756, 1757, 1760, 1761, 1764, 1765, 1767, 1768, 1769, 1770, 1774, 1776, 1777, 1781, 1782, 1785, 1789, 1793, 1799, 1801, 1802, 1804, 1810, 1816, 1817, 1819, 1821, 1822, 1823, 1824, 1825, 1827, 1831, 1836, 1840, 1841, 1842, 1845, 1846, 1847, 1850, 1851, 1852, 1853, 1854, 1855, 1856, 1858, 1866, 1870, 1880, 1881, 1883, 1885, 1887, 1888, 1889, 1891, 1892, 1896, 1900, 1901, 1903, 1906, 1908, 1911, 1914, 1920, 1922, 1924, 1927, 1928, 1933, 1934, 1942, 1944, 1945, 1949, 1950, 1954, 1959, 1965, 1969, 1970, 1971, 1973, 1975, 1976, 1977, 1978, 1979, 1980, 1981, 1982, 1989, 1990, 1992, 1993, 1996, 2004, 2006, 2009, 2010, 2011, 2012, 2016, 2017, 2020, 2021, 2022, 2023, 2025, 2033, 2035, 2037, 2039, 2041, 2042, 2045, 2046, 2053, 2054, 2057, 2061, 2063, 2064, 2068, 2070, 2073, 2075, 2076, 2080, 2083, 2084, 2085, 2087, 2090, 2094, 2095, 2097, 2099, 2100, 2112, 2116, 2117, 2118, 2119, 2123, 2125, 2126, 2128, 2129, 2131, 2134, 2135, 2138, 2139, 2141, 2142, 2144, 2148, 2151, 2152, 2156, 2157, 2160, 2162, 2163, 2164, 2168, 2169, 2170, 2172, 2174, 2175, 2179, 2184, 2187, 2190, 2191, 2193, 2194, 2197, 2198, 2203, 2204, 2208, 2211, 2213, 2214, 2220, 2222, 2224, 2225, 2226, 2227, 2228, 2231, 2232, 2235, 2245, 2246, 2249, 2251, 2252, 2253, 2254, 2255, 2258, 2263, 2267, 2268, 2270, 2274, 2282, 2285, 2287, 2289, 2290, 2291, 2292, 2293, 2294, 2296, 2300, 2301, 2305, 2308, 2311, 2312, 2316, 2321, 2322, 2323, 2326, 2329, 2330, 2333, 2334, 2339, 2343, 2344, 2345, 2346, 2349, 2356, 2357, 2358, 2365, 2367, 2368, 2369, 2375, 2379, 2386, 2387, 2392, 2394, 2398, 2400, 2403, 2405, 2406, 2407, 2408, 2411, 2419, 2420, 2421, 2429, 2430, 2432, 2436, 2437, 2443, 2444, 2446, 2447, 2448, 2452, 2453, 2454, 2455, 2459, 2460, 2466, 2469, 2470, 2471, 2472, 2473, 2474, 2478, 2479, 2480, 2481, 2483, 2485, 2488, 2489, 2493, 2495, 2499, 2508, 2511, 2513, 2515, 2518, 2519, 2520, 2524, 2525, 2527, 2530, 2539, 2540, 2545, 2549, 2551, 2552, 2555, 2557, 2561, 2564, 2565, 2566, 2569, 2574, 2579, 2581, 2584, 2589, 2592, 2593, 2594, 2596, 2601, 2603, 2605, 2606, 2607, 2608, 2612, 2615, 2616, 2617, 2618, 2624, 2625, 2626, 2628, 2629, 2631, 2633, 2634, 2635, 2636, 2637, 2645, 2649, 2651, 2660, 2662, 2664, 2668, 2670, 2673, 2674, 2675, 2678, 2679, 2681, 2683, 2684, 2688, 2692, 2695, 2696, 2697, 2698, 2702, 2705, 2706, 2710, 2712, 2713, 2720, 2724, 2728, 2729, 2736, 2739, 2740, 2743, 2744, 2746, 2748, 2752, 2754, 2755, 2759, 2762, 2766, 2767, 2768, 2771, 2773, 2775, 2776, 2777, 2779, 2784, 2786, 2793, 2794, 2798, 2799, 2800, 2802, 2803, 2806, 2807, 2808, 2809, 2812, 2814, 2816, 2817, 2822, 2824, 2825, 2826, 2829, 2832, 2833, 2835, 2836, 2837, 2838, 2840, 2843, 2846, 2847, 2848, 2854, 2855, 2856, 2857, 2858, 2862, 2863, 2866, 2869, 2874, 2882, 2884, 2888, 2895, 2896, 2897, 2900, 2901, 2908, 2920, 2921, 2924, 2925, 2927, 2930, 2931, 2932, 2934, 2948, 2949, 2950, 2951, 2953, 2955, 2957, 2959, 2960, 2961, 2964, 2965, 2968, 2969, 2983, 2987, 2988, 2993, 3002, 3003, 3005, 3007, 3008, 3011, 3014, 3015, 3016, 3019, 3021, 3022, 3023, 3030, 3033, 3034, 3035, 3037, 3041, 3042, 3050, 3055, 3059, 3063, 3066, 3068, 3074, 3075, 3079, 3081, 3084, 3085, 3086, 3088, 3089, 3090, 3093, 3096, 3099, 3102, 3106, 3110, 3115, 3116, 3121, 3122, 3125, 3126, 3127, 3128, 3132, 3139, 3142, 3145, 3149, 3152, 3155, 3157]",,,
PPI_19,0.1,pairwise_connectivity,3021,60.08409357,0.773902938,"[15, 16, 19, 29, 31, 42, 52, 58, 60, 63, 103, 107, 111, 125, 136, 140, 167, 174, 194, 195, 197, 198, 216, 220, 221, 231, 234, 242, 253, 270, 278, 283, 299, 305, 306, 343, 362, 370, 372, 383, 394, 399, 406, 440, 441, 442, 450, 458, 462, 473, 476, 482, 487, 492, 500, 512, 521, 536, 540, 546, 562, 594, 604, 626, 630, 632, 639, 642, 644, 647, 657, 674, 678, 681, 697, 703, 705, 725, 727, 738, 742, 765, 769, 775, 783, 791, 806, 808, 816, 825, 841, 846, 848, 857, 867, 898, 899, 912, 916, 919, 952, 970, 981, 1010, 1021, 1022, 1024, 1056, 1058, 1080, 1109, 1110, 1112, 1121, 1122, 1123, 1134, 1142, 1150, 1151, 1153, 1170, 1176, 1180, 1181, 1182, 1186, 1199, 1215, 1236, 1237, 1241, 1242, 1243, 1244, 1250, 1263, 1265, 1280, 1285, 1303, 1309, 1319, 1324, 1326, 1331, 1341, 1355, 1358, 1382, 1391, 1405, 1435, 1442, 1450, 1452, 1463, 1471, 1482, 1512, 1516, 1528, 1534, 1562, 1576, 1577, 1581, 1583, 1586, 1590, 1593, 1595, 1624, 1653, 1678, 1691, 1694, 1720, 1724, 1733, 1764, 1765, 1820, 1840, 1842, 1888, 1889, 1893, 1897, 1923, 1931, 1935, 1946, 1948, 1973, 1977, 1978, 1981, 1985, 1986, 2000, 2008, 2021, 2022, 2079, 2090, 2109, 2113, 2114, 2125, 2126, 2133, 2144, 2153, 2175, 2184, 2186, 2188, 2199, 2215, 2217, 2220, 2221, 2227, 2230, 2250, 2266, 2281, 2283, 2306, 2309, 2320, 2327, 2333, 2347, 2350, 2353, 2367, 2390, 2405, 2409, 2444, 2449, 2455, 2463, 2474, 2508, 2528, 2537, 2555, 2556, 2557, 2578, 2596, 2600, 2603, 2607, 2612, 2635, 2642, 2658, 2659, 2676, 2693, 2697, 2716, 2719, 2726, 2734, 2735, 2740, 2742, 2743, 2754, 2759, 2769, 2798, 2811, 2818, 2825, 2831, 2834, 2840, 2851, 2863, 2871, 2888, 2893, 2923, 2927, 2929, 2943, 2951, 2955, 2959, 2964, 2971, 2985, 2991, 2996, 3009, 3010]",,,
PPI_19,0.2,pairwise_connectivity,3021,60.84368896,0.606282897,"[8, 15, 16, 20, 22, 29, 31, 33, 42, 45, 52, 55, 57, 58, 60, 61, 69, 77, 78, 79, 88, 95, 96, 99, 103, 107, 111, 113, 118, 125, 136, 140, 151, 153, 156, 164, 167, 174, 175, 178, 186, 187, 189, 194, 195, 197, 198, 199, 202, 205, 216, 220, 221, 231, 241, 242, 249, 253, 254, 260, 264, 266, 275, 278, 280, 283, 299, 300, 305, 306, 315, 320, 331, 336, 343, 345, 354, 355, 370, 372, 374, 376, 382, 383, 392, 394, 399, 406, 408, 410, 417, 419, 429, 436, 437, 440, 441, 442, 445, 447, 450, 458, 461, 462, 472, 473, 476, 482, 487, 492, 500, 512, 519, 521, 527, 531, 536, 538, 540, 555, 562, 563, 567, 572, 575, 576, 582, 594, 604, 619, 625, 626, 630, 632, 639, 640, 641, 642, 643, 644, 647, 653, 657, 675, 678, 681, 687, 691, 697, 703, 704, 706, 721, 722, 732, 736, 738, 742, 746, 759, 765, 769, 771, 775, 776, 777, 783, 787, 791, 801, 803, 806, 808, 810, 816, 819, 830, 841, 846, 848, 852, 857, 867, 888, 895, 898, 899, 906, 908, 910, 911, 912, 916, 919, 929, 930, 938, 939, 952, 955, 963, 970, 980, 981, 991, 1003, 1004, 1010, 1021, 1022, 1024, 1042, 1053, 1056, 1058, 1061, 1065, 1067, 1069, 1080, 1081, 1085, 1104, 1110, 1112, 1113, 1115, 1118, 1121, 1122, 1123, 1137, 1140, 1142, 1150, 1151, 1153, 1161, 1163, 1165, 1166, 1171, 1176, 1180, 1181, 1182, 1185, 1186, 1199, 1212, 1215, 1216, 1234, 1236, 1237, 1241, 1242, 1243, 1244, 1250, 1255, 1257, 1263, 1265, 1272, 1273, 1274, 1280, 1285, 1290, 1302, 1303, 1309, 1310, 1312, 1319, 1324, 1326, 1355, 1358, 1360, 1365, 1368, 1369, 1385, 1389, 1391, 1405, 1406, 1409, 1420, 1429, 1432, 1437, 1442, 1450, 1452, 1458, 1461, 1463, 1467, 1471, 1482, 1484, 1490, 1500, 1512, 1515, 1516, 1519, 1520, 1527, 1528, 1531, 1534, 1535, 1544, 1551, 1556, 1562, 1563, 1568, 1576, 1577, 1581, 1583, 1585, 1586, 1590, 1593, 1595, 1601, 1616, 1617, 1618, 1624, 1644, 1647, 1651, 1653, 1661, 1662, 1665, 1678, 1679, 1680, 1686, 1690, 1691, 1693, 1694, 1702, 1706, 1710, 1720, 1724, 1729, 1731, 1733, 1735, 1741, 1744, 1745, 1755, 1764, 1765, 1790, 1799, 1801, 1820, 1827, 1832, 1835, 1836, 1840, 1842, 1864, 1867, 1884, 1885, 1887, 1888, 1889, 1890, 1893, 1897, 1905, 1917, 1923, 1929, 1931, 1933, 1935, 1943, 1946, 1948, 1955, 1956, 1967, 1977, 1978, 1981, 1985, 1986, 2000, 2001, 2017, 2021, 2022, 2024, 2025, 2041, 2044, 2045, 2047, 2048, 2058, 2065, 2080, 2084, 2090, 2100, 2105, 2109, 2113, 2114, 2115, 2123, 2125, 2126, 2136, 2148, 2169, 2175, 2178, 2179, 2181, 2184, 2186, 2187, 2188, 2191, 2199, 2215, 2217, 2220, 2222, 2224, 2227, 2230, 2245, 2248, 2250, 2256, 2266, 2270, 2278, 2281, 2283, 2299, 2306, 2309, 2319, 2320, 2321, 2327, 2333, 2342, 2347, 2350, 2354, 2361, 2365, 2367, 2373, 2380, 2390, 2405, 2408, 2410, 2414, 2423, 2442, 2444, 2447, 2449, 2453, 2463, 2474, 2478, 2481, 2494, 2504, 2508, 2511, 2512, 2513, 2514, 2528, 2530, 2537, 2541, 2547, 2555, 2556, 2557, 2566, 2568, 2573, 2582, 2593, 2596, 2600, 2603, 2607, 2612, 2617, 2623, 2626, 2627, 2630, 2631, 2635, 2642, 2644, 2652, 2655, 2657, 2658, 2676, 2677, 2685, 2693, 2697, 2701, 2715, 2719, 2726, 2734, 2735, 2740, 2742, 2743, 2749, 2754, 2759, 2766, 2767, 2769, 2784, 2785, 2788, 2798, 2811, 2815, 2818, 2825, 2826, 2831, 2833, 2834, 2835, 2838, 2840, 2842, 2845, 2846, 2851, 2856, 2863, 2871, 2880, 2888, 2889, 2893, 2901, 2902, 2904, 2906, 2910, 2923, 2926, 2927, 2928, 2929, 2935, 2938, 2942, 2943, 2946, 2951, 2955, 2959, 2962, 2971, 2982, 2985, 2989, 2990, 2991, 2996, 2998, 3009, 3010]",,,
PPI_19,0.3,pairwise_connectivity,3021,61.11028719,0.348013804,"[5, 8, 12, 16, 20, 29, 31, 33, 34, 42, 52, 54, 55, 57, 58, 60, 61, 63, 68, 69, 73, 74, 78, 79, 81, 84, 88, 89, 96, 99, 103, 106, 107, 111, 113, 114, 118, 125, 126, 136, 140, 142, 143, 144, 162, 164, 165, 167, 174, 175, 178, 179, 186, 187, 189, 192, 194, 195, 197, 198, 199, 201, 202, 216, 220, 221, 222, 231, 232, 235, 242, 253, 254, 260, 262, 264, 266, 278, 280, 283, 285, 286, 287, 299, 300, 303, 305, 306, 311, 315, 320, 326, 330, 331, 335, 336, 340, 341, 342, 343, 344, 346, 348, 349, 350, 354, 355, 358, 368, 370, 372, 374, 376, 378, 382, 383, 387, 392, 394, 395, 399, 403, 406, 407, 408, 410, 413, 415, 416, 417, 426, 427, 429, 436, 437, 440, 441, 442, 450, 457, 458, 462, 472, 473, 476, 478, 480, 482, 487, 497, 500, 501, 509, 512, 519, 521, 524, 526, 527, 531, 536, 540, 545, 554, 555, 556, 562, 563, 565, 567, 570, 571, 572, 573, 574, 575, 576, 578, 582, 583, 590, 593, 594, 595, 596, 600, 604, 607, 616, 618, 619, 620, 622, 626, 629, 630, 639, 640, 641, 642, 643, 644, 647, 653, 654, 657, 665, 674, 675, 678, 681, 686, 687, 690, 691, 695, 697, 703, 705, 706, 712, 718, 723, 726, 727, 729, 732, 736, 738, 742, 746, 748, 753, 759, 760, 763, 765, 769, 775, 776, 777, 780, 783, 787, 791, 797, 798, 803, 804, 806, 807, 808, 810, 816, 819, 820, 830, 841, 846, 847, 848, 852, 857, 858, 861, 863, 865, 867, 888, 894, 895, 896, 899, 906, 910, 911, 916, 918, 919, 923, 929, 930, 935, 938, 944, 951, 952, 955, 956, 957, 960, 962, 963, 965, 968, 969, 970, 971, 975, 977, 979, 980, 981, 984, 1000, 1003, 1004, 1010, 1012, 1015, 1017, 1021, 1022, 1024, 1027, 1034, 1038, 1041, 1045, 1050, 1052, 1053, 1056, 1058, 1063, 1065, 1067, 1069, 1070, 1080, 1081, 1082, 1096, 1101, 1102, 1109, 1110, 1111, 1115, 1118, 1121, 1122, 1123, 1129, 1134, 1136, 1137, 1140, 1142, 1144, 1150, 1151, 1153, 1154, 1159, 1161, 1165, 1166, 1170, 1171, 1177, 1178, 1180, 1181, 1182, 1185, 1191, 1195, 1199, 1201, 1211, 1212, 1215, 1216, 1224, 1231, 1233, 1235, 1236, 1237, 1238, 1241, 1242, 1243, 1244, 1247, 1249, 1250, 1252, 1255, 1257, 1258, 1261, 1263, 1265, 1268, 1269, 1273, 1274, 1275, 1278, 1280, 1285, 1290, 1294, 1302, 1303, 1309, 1310, 1312, 1314, 1315, 1317, 1319, 1324, 1326, 1331, 1334, 1341, 1344, 1352, 1355, 1358, 1360, 1362, 1365, 1367, 1368, 1369, 1371, 1382, 1385, 1387, 1389, 1391, 1402, 1405, 1406, 1409, 1414, 1416, 1418, 1419, 1420, 1429, 1437, 1442, 1449, 1450, 1452, 1453, 1455, 1458, 1461, 1464, 1467, 1470, 1471, 1472, 1473, 1478, 1480, 1481, 1482, 1484, 1488, 1490, 1494, 1498, 1499, 1512, 1514, 1515, 1516, 1519, 1528, 1534, 1535, 1538, 1543, 1544, 1546, 1555, 1556, 1562, 1563, 1566, 1568, 1576, 1577, 1580, 1581, 1585, 1586, 1590, 1591, 1593, 1594, 1595, 1599, 1601, 1612, 1616, 1617, 1618, 1619, 1624, 1626, 1629, 1638, 1644, 1645, 1647, 1649, 1651, 1655, 1657, 1662, 1667, 1673, 1674, 1677, 1678, 1679, 1680, 1683, 1684, 1686, 1690, 1691, 1692, 1694, 1695, 1700, 1702, 1706, 1710, 1721, 1722, 1724, 1725, 1729, 1731, 1733, 1735, 1741, 1744, 1745, 1748, 1749, 1755, 1759, 1763, 1764, 1765, 1779, 1780, 1787, 1797, 1799, 1806, 1809, 1810, 1813, 1817, 1819, 1820, 1827, 1832, 1836, 1838, 1840, 1841, 1845, 1861, 1864, 1867, 1869, 1881, 1884, 1885, 1886, 1887, 1888, 1889, 1890, 1893, 1897, 1900, 1905, 1908, 1914, 1917, 1918, 1919, 1920, 1922, 1923, 1925, 1928, 1929, 1931, 1932, 1933, 1935, 1938, 1943, 1946, 1948, 1953, 1955, 1956, 1967, 1969, 1971, 1978, 1981, 1983, 1985, 1988, 1997, 2000, 2001, 2003, 2005, 2021, 2022, 2024, 2025, 2028, 2032, 2034, 2040, 2041, 2044, 2045, 2047, 2051, 2053, 2058, 2068, 2073, 2080, 2082, 2084, 2087, 2090, 2094, 2104, 2105, 2109, 2113, 2114, 2115, 2119, 2121, 2125, 2126, 2127, 2132, 2133, 2148, 2152, 2153, 2154, 2156, 2165, 2169, 2175, 2178, 2179, 2181, 2183, 2184, 2186, 2187, 2188, 2189, 2191, 2195, 2199, 2206, 2215, 2217, 2220, 2222, 2224, 2227, 2230, 2245, 2249, 2250, 2253, 2256, 2265, 2266, 2269, 2270, 2274, 2281, 2283, 2284, 2288, 2294, 2299, 2306, 2309, 2313, 2314, 2315, 2316, 2319, 2327, 2332, 2333, 2340, 2342, 2347, 2350, 2354, 2355, 2361, 2364, 2365, 2366, 2367, 2369, 2375, 2376, 2378, 2380, 2390, 2398, 2405, 2409, 2414, 2415, 2422, 2423, 2426, 2428, 2433, 2438, 2442, 2444, 2446, 2449, 2453, 2460, 2463, 2467, 2478, 2481, 2483, 2487, 2490, 2494, 2497, 2498, 2500, 2503, 2504, 2507, 2509, 2512, 2513, 2514, 2521, 2526, 2528, 2530, 2536, 2537, 2540, 2541, 2542, 2548, 2553, 2555, 2556, 2557, 2559, 2563, 2566, 2573, 2585, 2587, 2588, 2593, 2596, 2597, 2600, 2603, 2612, 2617, 2626, 2627, 2630, 2631, 2637, 2640, 2642, 2644, 2647, 2648, 2652, 2654, 2655, 2657, 2658, 2659, 2676, 2677, 2684, 2685, 2693, 2697, 2704, 2705, 2712, 2713, 2715, 2716, 2723, 2725, 2726, 2732, 2734, 2735, 2741, 2742, 2743, 2754, 2759, 2767, 2769, 2784, 2787, 2788, 2797, 2798, 2799, 2811, 2815, 2817, 2818, 2819, 2822, 2825, 2827, 2831, 2833, 2834, 2835, 2838, 2847, 2850, 2851, 2854, 2856, 2863, 2864, 2867, 2871, 2875, 2877, 2880, 2888, 2889, 2893, 2896, 2901, 2902, 2903, 2906, 2910, 2917, 2921, 2923, 2926, 2927, 2928, 2929, 2935, 2936, 2940, 2941, 2942, 2943, 2946, 2948, 2949, 2951, 2959, 2964, 2971, 2978, 2982, 2985, 2989, 2990, 2991, 2996, 2999, 3010, 3014]",,,
PPI_19,0.4,pairwise_connectivity,3021,60.91215467,0.002999553,"[0, 3, 5, 8, 12, 14, 16, 20, 22, 29, 31, 33, 34, 39, 42, 47, 50, 52, 54, 55, 56, 57, 58, 60, 63, 78, 81, 84, 86, 88, 93, 95, 96, 98, 99, 100, 102, 104, 105, 106, 107, 110, 114, 118, 123, 126, 127, 134, 136, 137, 140, 143, 144, 149, 153, 154, 155, 160, 162, 163, 164, 165, 172, 174, 175, 178, 179, 183, 186, 189, 190, 195, 197, 198, 199, 200, 201, 202, 205, 208, 209, 216, 217, 218, 220, 221, 228, 229, 231, 232, 235, 237, 239, 241, 242, 246, 250, 251, 256, 260, 261, 263, 264, 266, 271, 278, 280, 283, 286, 291, 299, 301, 303, 305, 306, 311, 313, 314, 315, 319, 320, 321, 323, 326, 329, 331, 336, 337, 338, 340, 341, 342, 343, 344, 345, 346, 348, 349, 351, 354, 355, 357, 358, 365, 366, 368, 372, 373, 374, 375, 376, 382, 383, 385, 387, 388, 390, 392, 394, 396, 398, 399, 402, 403, 404, 405, 406, 407, 408, 410, 413, 415, 416, 417, 420, 423, 427, 429, 435, 437, 438, 439, 440, 441, 442, 444, 447, 449, 450, 454, 455, 457, 458, 462, 472, 473, 474, 476, 477, 478, 479, 480, 481, 482, 485, 487, 489, 493, 497, 500, 501, 502, 505, 506, 507, 511, 512, 518, 519, 520, 521, 523, 524, 526, 527, 531, 533, 536, 538, 540, 541, 552, 553, 554, 555, 556, 558, 559, 563, 565, 567, 568, 570, 571, 572, 574, 576, 578, 580, 583, 586, 590, 591, 592, 593, 594, 595, 596, 598, 600, 607, 609, 616, 618, 619, 620, 622, 626, 630, 636, 640, 641, 642, 643, 644, 647, 649, 652, 653, 654, 655, 657, 658, 664, 674, 675, 681, 686, 687, 688, 690, 693, 703, 704, 706, 707, 720, 721, 722, 723, 727, 732, 738, 742, 749, 751, 753, 755, 756, 759, 760, 764, 765, 768, 769, 770, 771, 772, 774, 775, 776, 777, 778, 780, 783, 785, 786, 787, 790, 791, 792, 797, 801, 803, 804, 805, 806, 807, 808, 810, 815, 816, 819, 820, 826, 830, 831, 836, 838, 839, 840, 841, 842, 843, 844, 845, 847, 848, 861, 864, 865, 866, 867, 869, 878, 880, 883, 888, 890, 894, 895, 896, 897, 898, 899, 901, 906, 911, 916, 919, 925, 929, 930, 935, 942, 944, 951, 952, 955, 956, 957, 960, 962, 963, 968, 969, 970, 971, 972, 975, 976, 977, 978, 979, 984, 985, 991, 992, 998, 1000, 1003, 1004, 1010, 1012, 1014, 1015, 1016, 1017, 1019, 1021, 1022, 1024, 1025, 1033, 1034, 1035, 1037, 1038, 1040, 1041, 1043, 1044, 1045, 1050, 1056, 1058, 1063, 1065, 1067, 1070, 1071, 1080, 1081, 1082, 1083, 1091, 1093, 1095, 1096, 1097, 1100, 1101, 1105, 1109, 1111, 1115, 1118, 1121, 1122, 1123, 1125, 1136, 1142, 1144, 1150, 1151, 1154, 1159, 1161, 1163, 1165, 1169, 1170, 1171, 1177, 1179, 1180, 1183, 1184, 1185, 1186, 1187, 1191, 1192, 1198, 1199, 1201, 1205, 1212, 1214, 1215, 1216, 1224, 1231, 1233, 1234, 1235, 1236, 1237, 1238, 1240, 1241, 1242, 1243, 1244, 1247, 1249, 1254, 1255, 1257, 1261, 1263, 1265, 1268, 1269, 1273, 1274, 1275, 1277, 1278, 1279, 1280, 1285, 1290, 1296, 1299, 1302, 1303, 1305, 1306, 1308, 1310, 1311, 1312, 1314, 1315, 1317, 1319, 1321, 1324, 1326, 1330, 1334, 1338, 1340, 1341, 1342, 1343, 1344, 1352, 1355, 1358, 1360, 1361, 1362, 1363, 1365, 1367, 1368, 1369, 1377, 1381, 1383, 1385, 1387, 1388, 1389, 1391, 1392, 1398, 1401, 1403, 1404, 1405, 1408, 1409, 1411, 1414, 1416, 1417, 1419, 1420, 1425, 1429, 1436, 1438, 1441, 1445, 1449, 1452, 1453, 1455, 1458, 1461, 1463, 1464, 1466, 1467, 1468, 1470, 1471, 1472, 1473, 1475, 1478, 1480, 1481, 1482, 1483, 1484, 1488, 1494, 1496, 1498, 1499, 1500, 1505, 1512, 1515, 1516, 1518, 1519, 1521, 1523, 1526, 1527, 1528, 1532, 1534, 1535, 1538, 1539, 1543, 1544, 1546, 1549, 1551, 1556, 1562, 1563, 1568, 1573, 1577, 1580, 1581, 1583, 1585, 1586, 1590, 1591, 1593, 1594, 1595, 1599, 1605, 1608, 1615, 1616, 1617, 1618, 1619, 1624, 1629, 1631, 1636, 1638, 1641, 1645, 1647, 1651, 1655, 1656, 1658, 1662, 1664, 1665, 1666, 1667, 1669, 1670, 1672, 1673, 1674, 1677, 1678, 1680, 1682, 1683, 1686, 1690, 1691, 1694, 1698, 1700, 1702, 1704, 1706, 1708, 1709, 1710, 1719, 1722, 1724, 1726, 1727, 1729, 1730, 1731, 1732, 1733, 1735, 1744, 1748, 1749, 1751, 1754, 1755, 1756, 1759, 1760, 1762, 1763, 1764, 1765, 1767, 1773, 1774, 1780, 1787, 1791, 1794, 1797, 1800, 1803, 1806, 1810, 1811, 1813, 1814, 1820, 1822, 1823, 1826, 1832, 1835, 1836, 1840, 1841, 1845, 1853, 1854, 1857, 1858, 1861, 1867, 1871, 1876, 1879, 1881, 1883, 1884, 1885, 1886, 1887, 1888, 1889, 1890, 1892, 1897, 1899, 1900, 1903, 1904, 1908, 1912, 1914, 1917, 1918, 1919, 1923, 1925, 1928, 1929, 1930, 1931, 1933, 1935, 1938, 1941, 1943, 1946, 1948, 1951, 1952, 1953, 1954, 1955, 1962, 1963, 1965, 1967, 1970, 1971, 1974, 1978, 1980, 1981, 1985, 1987, 1988, 1989, 1990, 1994, 1996, 1998, 1999, 2000, 2001, 2003, 2004, 2007, 2021, 2023, 2024, 2025, 2032, 2034, 2035, 2040, 2041, 2045, 2046, 2047, 2051, 2054, 2055, 2058, 2060, 2061, 2064, 2066, 2067, 2068, 2069, 2073, 2075, 2076, 2080, 2082, 2084, 2087, 2090, 2091, 2092, 2094, 2095, 2098, 2099, 2104, 2105, 2110, 2113, 2114, 2115, 2119, 2121, 2123, 2125, 2126, 2127, 2128, 2132, 2133, 2136, 2138, 2146, 2148, 2152, 2153, 2154, 2155, 2156, 2159, 2162, 2169, 2170, 2172, 2175, 2178, 2179, 2181, 2183, 2184, 2185, 2186, 2187, 2188, 2189, 2191, 2195, 2196, 2197, 2199, 2202, 2206, 2207, 2211, 2215, 2216, 2217, 2220, 2222, 2223, 2224, 2226, 2227, 2230, 2238, 2239, 2240, 2241, 2246, 2247, 2249, 2251, 2253, 2255, 2258, 2261, 2263, 2270, 2274, 2279, 2280, 2281, 2284, 2286, 2292, 2294, 2297, 2299, 2300, 2301, 2302, 2306, 2312, 2313, 2314, 2315, 2316, 2317, 2319, 2325, 2327, 2329, 2331, 2332, 2333, 2338, 2339, 2340, 2342, 2343, 2346, 2347, 2348, 2349, 2350, 2353, 2354, 2361, 2364, 2365, 2366, 2367, 2369, 2374, 2375, 2376, 2377, 2378, 2380, 2385, 2400, 2405, 2408, 2410, 2412, 2415, 2417, 2418, 2420, 2422, 2423, 2425, 2428, 2433, 2436, 2438, 2442, 2444, 2452, 2453, 2457, 2460, 2463, 2467, 2468, 2470, 2481, 2483, 2487, 2490, 2492, 2494, 2497, 2498, 2499, 2500, 2502, 2503, 2504, 2510, 2512, 2513, 2515, 2520, 2521, 2523, 2528, 2529, 2530, 2540, 2542, 2548, 2551, 2554, 2556, 2557, 2560, 2563, 2566, 2567, 2571, 2573, 2574, 2575, 2582, 2585, 2586, 2593, 2596, 2600, 2602, 2603, 2605, 2608, 2612, 2616, 2626, 2630, 2631, 2632, 2636, 2637, 2638, 2644, 2647, 2648, 2649, 2650, 2651, 2654, 2656, 2657, 2658, 2659, 2661, 2665, 2668, 2676, 2680, 2681, 2682, 2684, 2685, 2686, 2688, 2690, 2693, 2695, 2702, 2704, 2705, 2706, 2712, 2713, 2714, 2716, 2717, 2720, 2723, 2724, 2725, 2732, 2733, 2734, 2736, 2741, 2743, 2744, 2746, 2749, 2752, 2754, 2759, 2760, 2766, 2767, 2768, 2769, 2775, 2787, 2788, 2792, 2794, 2798, 2799, 2800, 2801, 2811, 2815, 2816, 2817, 2818, 2822, 2825, 2826, 2827, 2830, 2831, 2833, 2834, 2835, 2843, 2847, 2851, 2852, 2864, 2865, 2867, 2868, 2870, 2872, 2875, 2877, 2880, 2888, 2889, 2891, 2893, 2894, 2896, 2898, 2901, 2902, 2909, 2910, 2914, 2917, 2919, 2920, 2921, 2923, 2926, 2927, 2929, 2935, 2936, 2938, 2940, 2943, 2945, 2946, 2948, 2949, 2951, 2956, 2959, 2961, 2964, 2966, 2971, 2972, 2976, 2979, 2981, 2982, 2983, 2984, 2985, 2987, 2991, 2998, 3001, 3007, 3010, 3014]",,,
PPI_2,0.1,pairwise_connectivity,2263,60.03523302,0.784277699,"[5, 11, 21, 23, 40, 45, 49, 81, 87, 105, 109, 134, 152, 155, 156, 201, 214, 217, 234, 281, 306, 334, 339, 345, 361, 364, 365, 376, 382, 385, 400, 411, 416, 430, 431, 435, 480, 485, 488, 492, 494, 495, 496, 497, 498, 500, 503, 522, 532, 558, 569, 585, 589, 600, 605, 606, 609, 637, 666, 669, 675, 678, 689, 698, 703, 704, 714, 715, 722, 724, 742, 746, 754, 759, 775, 780, 793, 816, 825, 846, 854, 860, 865, 870, 878, 880, 883, 897, 915, 918, 919, 920, 921, 928, 936, 944, 956, 972, 990, 997, 1021, 1033, 1042, 1095, 1097, 1104, 1136, 1148, 1153, 1156, 1164, 1169, 1172, 1183, 1184, 1185, 1189, 1194, 1233, 1240, 1246, 1270, 1273, 1281, 1290, 1294, 1295, 1322, 1366, 1374, 1381, 1394, 1399, 1409, 1417, 1419, 1426, 1439, 1446, 1447, 1454, 1456, 1466, 1471, 1482, 1484, 1486, 1502, 1516, 1518, 1540, 1545, 1559, 1563, 1577, 1581, 1585, 1586, 1593, 1609, 1610, 1611, 1615, 1633, 1635, 1637, 1647, 1664, 1670, 1676, 1692, 1743, 1745, 1760, 1776, 1778, 1791, 1801, 1816, 1829, 1845, 1877, 1903, 1908, 1913, 1924, 1945, 1950, 1955, 1958, 1963, 1968, 1978, 2014, 2022, 2038, 2040, 2042, 2054, 2059, 2060, 2061, 2065, 2066, 2074, 2078, 2087, 2119, 2125, 2144, 2148, 2155, 2172, 2194, 2207, 2209, 2210, 2211, 2213, 2216, 2232, 2236, 2242, 2244, 2253, 2254]",,,
PPI_2,0.2,pairwise_connectivity,2263,60.19096541,0.616486115,"[13, 21, 23, 24, 32, 40, 45, 47, 49, 57, 58, 62, 63, 76, 78, 81, 86, 87, 95, 105, 109, 111, 112, 126, 134, 139, 146, 148, 149, 152, 153, 155, 156, 172, 178, 187, 201, 204, 206, 210, 214, 217, 220, 233, 234, 235, 250, 252, 260, 266, 269, 270, 271, 273, 277, 278, 292, 300, 304, 306, 309, 310, 318, 320, 331, 334, 339, 340, 345, 352, 354, 361, 364, 365, 376, 382, 385, 392, 398, 400, 411, 416, 418, 430, 432, 435, 438, 439, 441, 442, 443, 444, 447, 458, 459, 460, 461, 462, 464, 480, 485, 487, 488, 490, 494, 495, 496, 497, 498, 500, 501, 503, 505, 508, 514, 518, 522, 532, 539, 547, 550, 558, 561, 569, 570, 585, 589, 600, 602, 605, 606, 609, 616, 620, 630, 632, 637, 639, 644, 658, 666, 669, 673, 674, 675, 678, 681, 684, 687, 689, 693, 697, 703, 704, 705, 706, 713, 714, 715, 716, 724, 726, 733, 734, 742, 744, 746, 752, 754, 759, 760, 761, 775, 780, 782, 785, 793, 802, 809, 816, 825, 827, 835, 845, 846, 854, 855, 856, 860, 870, 880, 883, 893, 897, 910, 914, 915, 918, 919, 920, 921, 924, 928, 936, 941, 944, 956, 961, 971, 972, 980, 981, 987, 990, 997, 1000, 1001, 1021, 1023, 1028, 1038, 1042, 1043, 1061, 1062, 1064, 1065, 1067, 1072, 1080, 1087, 1095, 1097, 1104, 1109, 1111, 1114, 1115, 1129, 1133, 1137, 1142, 1145, 1148, 1153, 1156, 1164, 1169, 1172, 1173, 1183, 1184, 1185, 1189, 1194, 1199, 1213, 1214, 1233, 1238, 1240, 1241, 1245, 1246, 1262, 1265, 1270, 1271, 1273, 1284, 1287, 1288, 1290, 1293, 1294, 1295, 1318, 1322, 1326, 1335, 1340, 1341, 1342, 1344, 1346, 1357, 1360, 1366, 1368, 1374, 1377, 1381, 1396, 1399, 1409, 1412, 1418, 1419, 1420, 1424, 1426, 1439, 1446, 1447, 1451, 1454, 1456, 1459, 1466, 1467, 1471, 1477, 1479, 1482, 1484, 1486, 1489, 1499, 1502, 1516, 1518, 1525, 1531, 1535, 1537, 1539, 1543, 1545, 1559, 1563, 1567, 1577, 1581, 1582, 1585, 1586, 1593, 1599, 1602, 1605, 1609, 1610, 1611, 1615, 1616, 1633, 1635, 1637, 1639, 1646, 1647, 1662, 1664, 1667, 1676, 1680, 1692, 1696, 1722, 1725, 1734, 1736, 1743, 1745, 1757, 1760, 1765, 1773, 1776, 1777, 1778, 1784, 1791, 1796, 1800, 1801, 1806, 1824, 1829, 1845, 1848, 1855, 1872, 1874, 1877, 1885, 1901, 1903, 1905, 1908, 1913, 1914, 1922, 1924, 1927, 1930, 1941, 1945, 1950, 1955, 1960, 1963, 1968, 1978, 1982, 1989, 1995, 2014, 2022, 2028, 2042, 2051, 2059, 2060, 2061, 2065, 2066, 2072, 2074, 2078, 2082, 2087, 2119, 2120, 2125, 2129, 2144, 2146, 2148, 2155, 2162, 2171, 2173, 2179, 2183, 2194, 2198, 2207, 2209, 2210, 2211, 2213, 2216, 2220, 2231, 2232, 2236, 2237, 2242, 2244, 2253, 2254]",,,
PPI_2,0.3,pairwise_connectivity,2263,60.05594444,0.358406621,"[9, 13, 17, 20, 21, 23, 24, 25, 28, 32, 36, 40, 45, 48, 49, 53, 58, 62, 63, 66, 68, 72, 76, 78, 86, 87, 88, 95, 96, 101, 105, 109, 111, 112, 119, 125, 126, 127, 133, 134, 135, 139, 144, 145, 146, 147, 149, 151, 152, 154, 155, 156, 167, 168, 170, 179, 187, 188, 191, 201, 203, 205, 210, 214, 217, 218, 219, 230, 233, 234, 235, 237, 240, 242, 250, 252, 255, 263, 264, 265, 268, 269, 270, 271, 272, 273, 277, 278, 286, 292, 300, 304, 306, 309, 310, 311, 315, 318, 319, 320, 325, 330, 331, 334, 335, 337, 338, 339, 345, 346, 351, 352, 353, 354, 361, 362, 364, 365, 380, 382, 383, 385, 390, 391, 392, 400, 403, 411, 416, 418, 430, 431, 435, 437, 438, 439, 441, 442, 443, 444, 446, 447, 448, 451, 453, 457, 458, 459, 460, 461, 462, 463, 472, 476, 478, 479, 480, 482, 485, 487, 490, 494, 495, 496, 497, 498, 500, 501, 502, 503, 504, 505, 514, 518, 521, 522, 539, 547, 550, 561, 563, 569, 570, 571, 575, 576, 580, 581, 585, 587, 589, 596, 600, 602, 603, 605, 606, 607, 609, 612, 615, 616, 630, 632, 637, 638, 639, 644, 649, 665, 666, 669, 671, 673, 678, 679, 681, 684, 686, 687, 689, 690, 695, 698, 702, 703, 704, 705, 708, 710, 712, 713, 714, 715, 716, 718, 719, 720, 724, 725, 730, 737, 742, 744, 746, 747, 748, 749, 752, 754, 759, 760, 761, 762, 763, 775, 776, 778, 782, 785, 786, 793, 802, 803, 809, 815, 816, 823, 825, 827, 829, 832, 836, 845, 846, 847, 848, 850, 854, 855, 860, 863, 865, 869, 871, 874, 877, 878, 880, 893, 894, 897, 910, 911, 912, 913, 914, 915, 918, 919, 920, 921, 924, 926, 928, 934, 936, 940, 941, 944, 946, 949, 951, 955, 956, 961, 971, 972, 978, 981, 983, 990, 997, 999, 1001, 1003, 1007, 1021, 1022, 1023, 1026, 1028, 1033, 1040, 1041, 1042, 1043, 1053, 1054, 1057, 1061, 1064, 1065, 1067, 1072, 1079, 1082, 1087, 1095, 1097, 1100, 1104, 1108, 1109, 1110, 1111, 1113, 1114, 1115, 1117, 1119, 1122, 1129, 1133, 1137, 1139, 1143, 1148, 1153, 1156, 1158, 1169, 1172, 1173, 1183, 1184, 1185, 1189, 1191, 1194, 1197, 1205, 1207, 1213, 1214, 1215, 1223, 1227, 1233, 1236, 1238, 1241, 1243, 1246, 1251, 1259, 1262, 1265, 1266, 1270, 1271, 1273, 1281, 1284, 1290, 1292, 1293, 1294, 1295, 1299, 1304, 1305, 1314, 1315, 1317, 1322, 1324, 1335, 1340, 1342, 1343, 1346, 1348, 1354, 1355, 1356, 1360, 1362, 1364, 1366, 1367, 1368, 1374, 1388, 1396, 1399, 1402, 1404, 1409, 1412, 1418, 1419, 1420, 1423, 1425, 1426, 1427, 1428, 1439, 1442, 1443, 1446, 1447, 1451, 1452, 1454, 1456, 1463, 1464, 1466, 1470, 1471, 1474, 1477, 1479, 1481, 1482, 1484, 1485, 1486, 1492, 1500, 1502, 1505, 1516, 1518, 1526, 1530, 1531, 1535, 1537, 1539, 1543, 1545, 1552, 1559, 1567, 1577, 1578, 1582, 1585, 1586, 1593, 1599, 1602, 1604, 1611, 1612, 1615, 1616, 1619, 1621, 1627, 1633, 1635, 1637, 1638, 1639, 1646, 1647, 1652, 1654, 1662, 1664, 1667, 1670, 1674, 1675, 1676, 1685, 1686, 1689, 1690, 1692, 1696, 1699, 1711, 1713, 1719, 1722, 1725, 1728, 1730, 1731, 1732, 1735, 1736, 1740, 1743, 1745, 1754, 1757, 1760, 1763, 1765, 1770, 1773, 1774, 1776, 1778, 1780, 1782, 1784, 1791, 1796, 1798, 1800, 1801, 1804, 1805, 1806, 1810, 1811, 1812, 1822, 1824, 1827, 1829, 1832, 1836, 1840, 1842, 1845, 1848, 1855, 1859, 1868, 1870, 1872, 1874, 1877, 1882, 1885, 1892, 1901, 1903, 1905, 1908, 1913, 1914, 1922, 1927, 1930, 1931, 1934, 1935, 1936, 1943, 1945, 1950, 1955, 1958, 1960, 1963, 1968, 1978, 1980, 1982, 1983, 1988, 1991, 1994, 1995, 2013, 2014, 2019, 2021, 2022, 2028, 2031, 2036, 2037, 2038, 2042, 2044, 2045, 2051, 2054, 2058, 2059, 2060, 2061, 2062, 2066, 2067, 2072, 2074, 2078, 2087, 2110, 2111, 2112, 2120, 2125, 2126, 2128, 2129, 2141, 2144, 2146, 2147, 2153, 2155, 2162, 2171, 2172, 2173, 2175, 2179, 2185, 2194, 2206, 2207, 2209, 2210, 2211, 2213, 2216, 2220, 2224, 2231, 2232, 2236, 2237, 2242, 2244, 2253, 2254]",,,
PPI_2,0.4,pairwise_connectivity,2263,60.02640891,0.003213578,"[4, 9, 13, 21, 23, 24, 25, 28, 32, 36, 40, 43, 45, 62, 66, 67, 69, 72, 73, 76, 78, 79, 81, 83, 86, 87, 95, 96, 100, 101, 105, 109, 112, 115, 117, 118, 119, 125, 126, 127, 133, 134, 135, 138, 139, 142, 146, 147, 152, 154, 155, 156, 159, 167, 170, 172, 176, 179, 182, 186, 187, 188, 192, 193, 195, 198, 201, 202, 204, 205, 210, 214, 217, 219, 223, 230, 233, 234, 235, 238, 240, 242, 248, 250, 252, 262, 263, 265, 266, 267, 268, 269, 270, 271, 273, 275, 277, 278, 283, 286, 289, 292, 297, 300, 304, 306, 309, 310, 313, 318, 319, 320, 321, 325, 329, 331, 332, 334, 336, 337, 338, 339, 342, 344, 345, 349, 350, 351, 352, 353, 354, 357, 361, 362, 364, 365, 367, 368, 369, 377, 380, 382, 383, 384, 385, 386, 387, 390, 392, 397, 398, 399, 400, 401, 403, 406, 411, 416, 418, 425, 427, 429, 430, 431, 432, 434, 435, 437, 438, 439, 441, 442, 443, 444, 446, 447, 448, 453, 455, 458, 459, 460, 461, 462, 464, 470, 472, 476, 478, 479, 480, 482, 485, 486, 490, 494, 495, 496, 497, 498, 500, 501, 502, 503, 504, 505, 508, 514, 518, 521, 522, 524, 530, 535, 543, 544, 545, 546, 547, 550, 552, 554, 563, 564, 566, 569, 572, 574, 575, 576, 579, 580, 581, 584, 585, 587, 588, 589, 594, 595, 596, 600, 602, 603, 605, 606, 607, 609, 611, 615, 616, 620, 621, 623, 629, 630, 631, 632, 633, 634, 635, 636, 638, 639, 644, 646, 649, 663, 665, 666, 667, 668, 669, 671, 674, 678, 686, 687, 689, 690, 702, 703, 704, 705, 706, 708, 712, 713, 714, 715, 718, 719, 724, 726, 731, 735, 737, 739, 742, 744, 746, 747, 748, 750, 752, 754, 755, 759, 761, 762, 763, 764, 767, 771, 773, 775, 776, 778, 782, 784, 793, 794, 799, 801, 802, 803, 805, 806, 810, 814, 815, 816, 823, 825, 827, 829, 830, 838, 845, 846, 847, 849, 850, 852, 854, 858, 860, 862, 863, 864, 865, 869, 871, 874, 875, 877, 878, 880, 882, 893, 894, 896, 897, 898, 910, 912, 913, 914, 915, 916, 917, 918, 919, 920, 921, 924, 927, 928, 930, 934, 936, 937, 940, 942, 944, 946, 947, 948, 949, 950, 951, 956, 961, 968, 971, 972, 973, 975, 978, 979, 983, 986, 990, 992, 995, 997, 999, 1001, 1003, 1005, 1006, 1007, 1020, 1021, 1023, 1025, 1026, 1028, 1036, 1038, 1040, 1041, 1042, 1043, 1049, 1053, 1055, 1056, 1057, 1060, 1061, 1062, 1064, 1065, 1066, 1067, 1071, 1072, 1073, 1087, 1090, 1091, 1094, 1095, 1097, 1100, 1101, 1102, 1103, 1104, 1108, 1109, 1110, 1111, 1112, 1113, 1117, 1119, 1122, 1130, 1135, 1136, 1137, 1138, 1139, 1140, 1141, 1147, 1148, 1153, 1158, 1162, 1164, 1169, 1172, 1177, 1184, 1189, 1191, 1194, 1195, 1197, 1199, 1205, 1207, 1211, 1213, 1214, 1215, 1218, 1223, 1227, 1230, 1233, 1234, 1238, 1241, 1242, 1243, 1245, 1246, 1250, 1251, 1254, 1256, 1257, 1258, 1259, 1260, 1261, 1262, 1266, 1270, 1273, 1277, 1281, 1283, 1284, 1287, 1290, 1292, 1293, 1295, 1296, 1297, 1305, 1310, 1311, 1314, 1315, 1318, 1319, 1321, 1322, 1323, 1326, 1330, 1335, 1340, 1343, 1344, 1346, 1347, 1348, 1349, 1354, 1357, 1358, 1360, 1361, 1362, 1366, 1367, 1368, 1374, 1388, 1392, 1393, 1394, 1396, 1402, 1404, 1408, 1410, 1412, 1414, 1415, 1416, 1417, 1418, 1419, 1420, 1421, 1423, 1425, 1426, 1428, 1430, 1437, 1439, 1442, 1443, 1446, 1447, 1450, 1451, 1452, 1454, 1456, 1462, 1463, 1464, 1466, 1471, 1474, 1476, 1477, 1478, 1479, 1481, 1482, 1484, 1485, 1486, 1491, 1493, 1497, 1500, 1502, 1505, 1509, 1516, 1517, 1518, 1525, 1526, 1530, 1531, 1535, 1537, 1539, 1541, 1542, 1543, 1545, 1547, 1550, 1551, 1552, 1553, 1555, 1558, 1561, 1563, 1567, 1568, 1570, 1571, 1572, 1577, 1578, 1581, 1583, 1585, 1586, 1590, 1593, 1594, 1595, 1596, 1599, 1602, 1604, 1610, 1611, 1612, 1615, 1616, 1617, 1618, 1619, 1621, 1623, 1624, 1627, 1633, 1634, 1635, 1636, 1637, 1638, 1639, 1643, 1646, 1647, 1649, 1652, 1653, 1654, 1662, 1663, 1664, 1667, 1668, 1674, 1675, 1676, 1682, 1685, 1687, 1689, 1690, 1691, 1699, 1700, 1707, 1711, 1719, 1720, 1721, 1722, 1723, 1725, 1730, 1731, 1732, 1733, 1739, 1740, 1741, 1743, 1745, 1748, 1751, 1752, 1754, 1755, 1757, 1760, 1761, 1763, 1765, 1770, 1773, 1774, 1775, 1776, 1778, 1779, 1780, 1781, 1782, 1784, 1788, 1789, 1791, 1796, 1798, 1800, 1804, 1806, 1807, 1810, 1811, 1812, 1814, 1816, 1824, 1829, 1835, 1836, 1838, 1842, 1845, 1848, 1849, 1851, 1859, 1860, 1862, 1868, 1869, 1870, 1872, 1874, 1875, 1876, 1877, 1882, 1884, 1885, 1886, 1887, 1892, 1894, 1896, 1899, 1901, 1902, 1903, 1905, 1912, 1914, 1923, 1924, 1927, 1930, 1931, 1932, 1934, 1935, 1936, 1937, 1941, 1943, 1944, 1945, 1950, 1955, 1957, 1958, 1964, 1968, 1978, 1983, 1984, 1988, 1991, 1992, 1993, 1994, 1995, 1998, 2001, 2002, 2005, 2006, 2014, 2017, 2018, 2019, 2021, 2022, 2025, 2028, 2034, 2036, 2037, 2042, 2043, 2044, 2045, 2046, 2051, 2053, 2058, 2059, 2060, 2061, 2062, 2067, 2069, 2072, 2074, 2078, 2079, 2084, 2085, 2086, 2087, 2092, 2094, 2103, 2106, 2107, 2109, 2111, 2112, 2119, 2120, 2121, 2124, 2125, 2128, 2129, 2141, 2144, 2145, 2153, 2155, 2159, 2160, 2162, 2171, 2172, 2173, 2175, 2179, 2189, 2190, 2191, 2192, 2194, 2196, 2197, 2198, 2203, 2205, 2206, 2207, 2209, 2210, 2211, 2214, 2216, 2220, 2224, 2225, 2228, 2230, 2231, 2232, 2236, 2254, 2257]",,,
PPI_3,0.1,pairwise_connectivity,2339,60.05046797,0.782507619,"[7, 8, 11, 20, 21, 23, 29, 40, 44, 46, 54, 56, 58, 66, 74, 78, 81, 82, 87, 89, 90, 110, 138, 142, 151, 156, 160, 182, 196, 197, 209, 220, 223, 235, 241, 242, 285, 310, 320, 323, 347, 348, 355, 361, 364, 370, 372, 373, 377, 390, 403, 408, 414, 423, 426, 447, 451, 454, 467, 485, 497, 501, 503, 507, 512, 518, 525, 531, 543, 585, 598, 621, 633, 650, 663, 697, 704, 705, 709, 715, 720, 726, 736, 738, 746, 747, 754, 755, 782, 788, 790, 810, 816, 819, 826, 829, 851, 859, 881, 888, 900, 902, 911, 920, 923, 941, 944, 951, 956, 958, 972, 983, 990, 997, 1001, 1011, 1016, 1019, 1038, 1042, 1043, 1046, 1079, 1114, 1115, 1126, 1135, 1136, 1142, 1149, 1151, 1155, 1164, 1175, 1181, 1200, 1211, 1224, 1228, 1236, 1274, 1295, 1309, 1311, 1329, 1332, 1336, 1338, 1366, 1367, 1370, 1378, 1407, 1417, 1427, 1444, 1455, 1475, 1477, 1483, 1487, 1491, 1504, 1514, 1515, 1519, 1521, 1549, 1579, 1598, 1623, 1624, 1631, 1645, 1646, 1651, 1677, 1679, 1690, 1704, 1706, 1709, 1722, 1743, 1753, 1780, 1786, 1805, 1809, 1821, 1830, 1838, 1849, 1851, 1862, 1905, 1920, 1930, 1952, 1954, 1974, 1975, 1985, 2002, 2008, 2015, 2024, 2034, 2038, 2050, 2053, 2067, 2075, 2096, 2104, 2116, 2119, 2127, 2130, 2132, 2166, 2186, 2190, 2237, 2264, 2272, 2279, 2283, 2296, 2307, 2311, 2312, 2330]",,,
PPI_3,0.2,pairwise_connectivity,2339,60.19001579,0.623306358,"[7, 8, 11, 20, 21, 23, 30, 40, 44, 46, 54, 56, 60, 61, 74, 78, 80, 81, 82, 85, 89, 90, 97, 98, 110, 129, 137, 138, 142, 148, 151, 156, 157, 160, 161, 162, 163, 176, 182, 188, 189, 196, 197, 207, 209, 213, 214, 217, 220, 223, 235, 236, 239, 241, 242, 246, 260, 274, 276, 277, 282, 286, 296, 304, 309, 310, 320, 323, 324, 326, 330, 347, 348, 355, 360, 361, 363, 364, 370, 372, 373, 390, 393, 398, 403, 408, 409, 414, 423, 426, 431, 435, 438, 442, 445, 446, 447, 450, 451, 452, 454, 455, 461, 463, 465, 467, 469, 470, 471, 485, 487, 495, 497, 500, 501, 503, 504, 505, 507, 510, 512, 524, 525, 530, 531, 543, 544, 548, 557, 559, 562, 583, 585, 598, 618, 619, 621, 624, 626, 632, 633, 650, 654, 657, 663, 664, 671, 694, 697, 703, 704, 705, 709, 711, 715, 718, 719, 720, 726, 736, 737, 738, 739, 746, 747, 748, 751, 755, 758, 777, 779, 785, 788, 790, 800, 809, 816, 819, 826, 827, 838, 851, 857, 859, 861, 871, 881, 888, 900, 902, 909, 911, 917, 920, 921, 923, 924, 941, 944, 945, 946, 947, 951, 956, 958, 959, 967, 972, 973, 983, 989, 997, 999, 1011, 1016, 1019, 1021, 1038, 1042, 1043, 1046, 1063, 1064, 1071, 1075, 1079, 1085, 1087, 1091, 1096, 1099, 1114, 1115, 1117, 1119, 1122, 1126, 1127, 1133, 1134, 1135, 1136, 1139, 1141, 1142, 1146, 1149, 1155, 1164, 1167, 1175, 1181, 1188, 1189, 1198, 1200, 1211, 1212, 1219, 1224, 1228, 1245, 1246, 1247, 1248, 1261, 1266, 1272, 1274, 1289, 1295, 1297, 1300, 1308, 1309, 1311, 1325, 1328, 1330, 1332, 1336, 1338, 1342, 1347, 1349, 1364, 1366, 1367, 1369, 1370, 1378, 1385, 1388, 1395, 1397, 1401, 1407, 1413, 1417, 1427, 1441, 1444, 1452, 1455, 1456, 1457, 1458, 1460, 1462, 1475, 1478, 1482, 1483, 1487, 1491, 1498, 1500, 1504, 1514, 1515, 1516, 1519, 1521, 1523, 1533, 1535, 1547, 1549, 1551, 1552, 1554, 1563, 1569, 1573, 1574, 1577, 1579, 1580, 1587, 1597, 1598, 1601, 1604, 1615, 1619, 1623, 1624, 1627, 1631, 1632, 1645, 1646, 1647, 1648, 1651, 1674, 1677, 1679, 1681, 1690, 1696, 1704, 1706, 1709, 1712, 1721, 1722, 1727, 1729, 1730, 1743, 1753, 1758, 1765, 1780, 1785, 1786, 1791, 1799, 1805, 1809, 1820, 1821, 1829, 1833, 1838, 1846, 1847, 1849, 1851, 1860, 1862, 1881, 1891, 1899, 1905, 1920, 1928, 1930, 1938, 1950, 1952, 1954, 1959, 1974, 1975, 1985, 1986, 2002, 2005, 2008, 2015, 2020, 2024, 2030, 2034, 2036, 2038, 2040, 2050, 2053, 2067, 2074, 2075, 2083, 2096, 2104, 2106, 2109, 2114, 2116, 2118, 2119, 2127, 2130, 2132, 2153, 2157, 2160, 2166, 2179, 2186, 2189, 2190, 2192, 2193, 2194, 2199, 2216, 2237, 2241, 2248, 2257, 2264, 2268, 2272, 2276, 2279, 2280, 2281, 2283, 2296, 2297, 2307, 2311, 2312, 2330]",,,
PPI_3,0.3,pairwise_connectivity,2339,60.17088652,0.371358161,"[4, 7, 8, 11, 16, 20, 21, 23, 24, 26, 30, 32, 33, 35, 40, 44, 46, 48, 50, 53, 54, 56, 60, 61, 66, 74, 78, 80, 81, 85, 89, 91, 97, 98, 110, 115, 132, 137, 138, 142, 144, 148, 149, 151, 152, 156, 157, 159, 160, 161, 162, 163, 165, 176, 182, 194, 196, 197, 207, 209, 213, 217, 220, 223, 224, 226, 235, 236, 239, 241, 242, 248, 256, 260, 262, 263, 272, 273, 274, 275, 276, 277, 280, 282, 286, 287, 288, 294, 296, 299, 304, 309, 310, 314, 316, 318, 320, 323, 324, 325, 326, 328, 329, 330, 331, 333, 336, 341, 344, 347, 348, 355, 358, 360, 361, 370, 371, 372, 373, 375, 384, 390, 391, 393, 404, 405, 408, 411, 414, 418, 423, 426, 430, 431, 435, 436, 437, 438, 439, 442, 445, 446, 447, 450, 451, 454, 455, 458, 461, 463, 466, 467, 468, 469, 470, 471, 484, 485, 487, 490, 495, 496, 498, 501, 502, 503, 504, 505, 507, 509, 510, 511, 512, 524, 525, 527, 531, 544, 548, 557, 559, 562, 566, 570, 576, 583, 585, 593, 598, 599, 601, 615, 618, 619, 621, 622, 624, 626, 631, 632, 633, 635, 640, 650, 651, 652, 654, 656, 657, 664, 668, 669, 670, 671, 676, 694, 697, 703, 704, 709, 711, 712, 713, 715, 718, 719, 720, 724, 726, 729, 736, 737, 738, 739, 741, 745, 746, 747, 748, 751, 755, 768, 770, 771, 777, 782, 784, 788, 790, 791, 796, 797, 799, 800, 803, 805, 809, 810, 812, 815, 816, 817, 826, 827, 840, 842, 843, 847, 850, 851, 857, 859, 861, 863, 871, 881, 882, 884, 888, 889, 892, 900, 905, 911, 920, 921, 923, 924, 936, 938, 939, 941, 944, 945, 946, 947, 951, 953, 954, 956, 957, 958, 959, 961, 967, 972, 973, 974, 979, 983, 996, 997, 1000, 1005, 1011, 1013, 1016, 1019, 1021, 1028, 1029, 1037, 1038, 1040, 1042, 1043, 1046, 1048, 1061, 1062, 1063, 1064, 1075, 1078, 1079, 1082, 1083, 1085, 1087, 1090, 1091, 1096, 1099, 1114, 1115, 1117, 1119, 1122, 1125, 1127, 1130, 1133, 1134, 1135, 1136, 1138, 1139, 1141, 1142, 1146, 1147, 1149, 1151, 1155, 1163, 1164, 1165, 1167, 1170, 1175, 1181, 1184, 1188, 1189, 1193, 1205, 1211, 1219, 1220, 1221, 1224, 1226, 1228, 1231, 1238, 1246, 1247, 1248, 1255, 1261, 1265, 1266, 1267, 1268, 1270, 1272, 1277, 1281, 1285, 1289, 1295, 1297, 1299, 1302, 1304, 1308, 1309, 1311, 1325, 1328, 1330, 1332, 1336, 1338, 1340, 1342, 1347, 1349, 1358, 1362, 1364, 1366, 1367, 1369, 1378, 1382, 1384, 1385, 1388, 1390, 1395, 1396, 1397, 1401, 1403, 1405, 1407, 1408, 1413, 1417, 1421, 1422, 1433, 1438, 1441, 1444, 1449, 1450, 1452, 1455, 1456, 1457, 1458, 1460, 1462, 1463, 1464, 1470, 1472, 1475, 1478, 1479, 1482, 1483, 1487, 1489, 1491, 1498, 1500, 1504, 1509, 1514, 1515, 1516, 1519, 1520, 1521, 1523, 1524, 1527, 1533, 1535, 1545, 1549, 1551, 1556, 1563, 1567, 1569, 1573, 1574, 1575, 1577, 1579, 1580, 1587, 1594, 1597, 1598, 1601, 1604, 1615, 1616, 1623, 1624, 1627, 1631, 1637, 1647, 1648, 1651, 1652, 1655, 1658, 1661, 1663, 1666, 1667, 1668, 1673, 1674, 1675, 1677, 1679, 1680, 1681, 1688, 1689, 1690, 1693, 1696, 1704, 1706, 1709, 1712, 1717, 1722, 1729, 1746, 1753, 1756, 1758, 1765, 1769, 1775, 1776, 1777, 1780, 1785, 1786, 1791, 1797, 1799, 1805, 1808, 1809, 1815, 1820, 1821, 1823, 1825, 1828, 1830, 1831, 1833, 1838, 1843, 1845, 1846, 1847, 1849, 1851, 1853, 1859, 1860, 1862, 1865, 1868, 1871, 1874, 1876, 1879, 1881, 1884, 1891, 1893, 1896, 1899, 1905, 1911, 1914, 1920, 1926, 1928, 1930, 1934, 1936, 1937, 1938, 1943, 1944, 1952, 1954, 1959, 1965, 1972, 1974, 1975, 1982, 1985, 1986, 1995, 1997, 2002, 2008, 2012, 2015, 2020, 2024, 2029, 2030, 2036, 2037, 2038, 2040, 2042, 2049, 2050, 2055, 2067, 2073, 2074, 2075, 2083, 2090, 2091, 2096, 2098, 2099, 2104, 2106, 2108, 2113, 2114, 2116, 2118, 2119, 2120, 2127, 2128, 2130, 2132, 2136, 2153, 2157, 2160, 2165, 2166, 2179, 2182, 2186, 2187, 2190, 2192, 2193, 2194, 2199, 2206, 2210, 2216, 2219, 2225, 2229, 2237, 2238, 2240, 2241, 2248, 2261, 2264, 2273, 2275, 2276, 2277, 2278, 2279, 2280, 2281, 2283, 2288, 2289, 2291, 2296, 2297, 2301, 2307, 2311, 2312, 2314, 2319, 2330]",,,
PPI_3,0.4,pairwise_connectivity,2339,60.0356431,0.003305899,"[3, 7, 11, 19, 20, 21, 23, 24, 26, 30, 32, 33, 35, 40, 42, 44, 46, 50, 60, 61, 63, 66, 68, 71, 74, 77, 78, 80, 81, 83, 84, 85, 86, 88, 97, 105, 110, 111, 118, 120, 122, 130, 131, 132, 133, 137, 138, 139, 142, 148, 151, 152, 154, 157, 159, 160, 161, 162, 163, 165, 176, 177, 178, 181, 182, 186, 189, 191, 192, 194, 195, 196, 197, 203, 205, 209, 210, 213, 217, 218, 219, 220, 223, 225, 229, 235, 236, 239, 241, 242, 243, 246, 248, 256, 258, 260, 263, 270, 271, 273, 274, 276, 277, 278, 280, 282, 284, 286, 287, 288, 293, 296, 299, 301, 304, 309, 310, 313, 314, 316, 317, 318, 320, 323, 324, 325, 326, 328, 329, 330, 331, 334, 336, 339, 346, 347, 348, 352, 354, 355, 360, 361, 370, 371, 372, 373, 374, 375, 376, 377, 384, 388, 390, 391, 392, 393, 395, 396, 398, 399, 402, 405, 406, 407, 408, 411, 413, 414, 418, 420, 423, 425, 426, 430, 431, 435, 436, 437, 438, 439, 441, 444, 447, 448, 450, 451, 453, 455, 460, 461, 463, 466, 467, 468, 469, 470, 471, 473, 478, 484, 485, 486, 487, 490, 493, 496, 497, 498, 502, 503, 504, 505, 507, 508, 509, 510, 511, 512, 513, 518, 523, 524, 527, 531, 533, 537, 539, 543, 550, 554, 555, 556, 557, 562, 565, 576, 578, 580, 581, 582, 583, 586, 587, 589, 592, 593, 594, 595, 597, 598, 599, 600, 601, 602, 604, 608, 609, 610, 615, 617, 618, 619, 620, 621, 622, 624, 626, 632, 633, 635, 638, 640, 641, 647, 648, 649, 650, 651, 652, 653, 654, 656, 657, 664, 666, 667, 669, 670, 671, 673, 681, 693, 694, 695, 696, 697, 709, 712, 718, 719, 720, 721, 726, 736, 737, 738, 739, 741, 744, 745, 746, 747, 748, 750, 751, 755, 756, 761, 765, 766, 768, 770, 771, 773, 774, 777, 779, 781, 782, 784, 786, 788, 790, 797, 799, 800, 803, 804, 808, 809, 812, 815, 816, 817, 826, 827, 831, 835, 837, 838, 839, 840, 842, 843, 847, 850, 857, 859, 861, 863, 872, 874, 880, 881, 882, 883, 884, 886, 888, 891, 892, 894, 896, 897, 898, 900, 901, 905, 906, 909, 910, 911, 913, 915, 921, 922, 923, 924, 936, 938, 939, 941, 942, 943, 944, 945, 946, 947, 949, 951, 954, 956, 958, 961, 963, 966, 970, 972, 973, 975, 977, 978, 979, 983, 986, 988, 994, 996, 997, 999, 1001, 1003, 1004, 1005, 1008, 1011, 1016, 1019, 1021, 1023, 1026, 1028, 1029, 1037, 1038, 1040, 1041, 1042, 1043, 1045, 1046, 1048, 1057, 1060, 1061, 1063, 1064, 1065, 1074, 1076, 1077, 1078, 1081, 1082, 1083, 1085, 1087, 1088, 1090, 1091, 1096, 1104, 1114, 1117, 1118, 1119, 1121, 1122, 1126, 1130, 1131, 1132, 1133, 1136, 1137, 1138, 1139, 1140, 1141, 1149, 1151, 1154, 1155, 1163, 1164, 1165, 1167, 1168, 1169, 1171, 1175, 1179, 1181, 1184, 1188, 1189, 1192, 1197, 1200, 1205, 1206, 1211, 1219, 1220, 1222, 1226, 1228, 1229, 1231, 1233, 1238, 1240, 1245, 1246, 1247, 1248, 1251, 1258, 1261, 1263, 1264, 1266, 1267, 1268, 1272, 1277, 1278, 1281, 1285, 1288, 1289, 1292, 1294, 1295, 1297, 1298, 1300, 1302, 1308, 1311, 1312, 1314, 1317, 1323, 1325, 1328, 1332, 1333, 1336, 1337, 1338, 1339, 1349, 1354, 1355, 1358, 1359, 1362, 1363, 1364, 1365, 1366, 1370, 1378, 1385, 1387, 1388, 1389, 1390, 1391, 1395, 1398, 1399, 1401, 1403, 1407, 1408, 1409, 1410, 1417, 1420, 1422, 1432, 1433, 1436, 1437, 1438, 1444, 1451, 1452, 1455, 1456, 1457, 1460, 1462, 1463, 1464, 1466, 1475, 1478, 1479, 1480, 1482, 1483, 1486, 1487, 1489, 1498, 1500, 1503, 1504, 1509, 1510, 1512, 1513, 1515, 1516, 1519, 1520, 1521, 1526, 1531, 1534, 1537, 1549, 1550, 1551, 1556, 1562, 1563, 1567, 1569, 1573, 1575, 1576, 1577, 1579, 1580, 1582, 1583, 1585, 1586, 1587, 1588, 1589, 1591, 1594, 1597, 1598, 1601, 1604, 1605, 1608, 1610, 1611, 1615, 1619, 1621, 1623, 1624, 1631, 1632, 1634, 1637, 1639, 1645, 1647, 1648, 1651, 1652, 1653, 1654, 1655, 1658, 1663, 1666, 1667, 1673, 1675, 1677, 1678, 1679, 1680, 1681, 1682, 1686, 1689, 1690, 1696, 1700, 1704, 1705, 1706, 1709, 1710, 1712, 1714, 1720, 1721, 1722, 1729, 1731, 1732, 1733, 1735, 1736, 1737, 1738, 1743, 1748, 1751, 1756, 1758, 1762, 1765, 1767, 1768, 1769, 1775, 1776, 1777, 1778, 1784, 1785, 1786, 1790, 1791, 1796, 1797, 1799, 1800, 1802, 1805, 1809, 1815, 1818, 1819, 1820, 1821, 1823, 1825, 1826, 1827, 1828, 1830, 1834, 1835, 1845, 1847, 1849, 1851, 1855, 1858, 1859, 1860, 1861, 1862, 1863, 1865, 1876, 1881, 1887, 1890, 1892, 1893, 1896, 1899, 1900, 1902, 1909, 1911, 1914, 1918, 1920, 1921, 1924, 1925, 1926, 1928, 1929, 1930, 1931, 1936, 1937, 1938, 1939, 1943, 1944, 1947, 1949, 1950, 1952, 1953, 1954, 1955, 1956, 1963, 1964, 1965, 1972, 1974, 1975, 1977, 1979, 1982, 1983, 1985, 1986, 1987, 1995, 1998, 2002, 2008, 2010, 2011, 2020, 2023, 2024, 2029, 2032, 2033, 2035, 2036, 2037, 2040, 2042, 2043, 2044, 2045, 2046, 2049, 2051, 2053, 2055, 2058, 2060, 2067, 2070, 2071, 2072, 2073, 2074, 2075, 2080, 2083, 2089, 2090, 2091, 2094, 2096, 2097, 2098, 2100, 2104, 2106, 2107, 2108, 2113, 2114, 2115, 2118, 2120, 2122, 2130, 2131, 2132, 2137, 2138, 2139, 2144, 2156, 2157, 2160, 2161, 2162, 2166, 2167, 2168, 2179, 2180, 2181, 2182, 2185, 2186, 2187, 2189, 2190, 2192, 2193, 2203, 2206, 2207, 2209, 2217, 2219, 2220, 2225, 2229, 2230, 2237, 2238, 2240, 2241, 2242, 2245, 2248, 2259, 2260, 2261, 2264, 2266, 2267, 2272, 2273, 2275, 2276, 2277, 2279, 2280, 2281, 2284, 2286, 2289, 2291, 2296, 2297, 2301, 2303, 2305, 2306, 2307, 2311, 2322, 2330, 2333]",,,
PPI_4,0.1,pairwise_connectivity,1578,60.02382541,0.772513901,"[15, 16, 28, 29, 42, 49, 55, 58, 69, 88, 89, 97, 103, 106, 137, 138, 146, 149, 150, 158, 203, 215, 219, 240, 245, 251, 252, 257, 284, 297, 311, 314, 315, 353, 355, 357, 373, 382, 386, 420, 424, 426, 435, 437, 442, 445, 459, 497, 501, 507, 515, 516, 537, 539, 549, 566, 567, 578, 585, 596, 606, 617, 622, 629, 631, 648, 649, 650, 651, 656, 674, 686, 699, 701, 718, 719, 756, 760, 788, 789, 797, 811, 814, 838, 840, 844, 871, 888, 915, 916, 935, 958, 960, 962, 974, 1001, 1007, 1010, 1017, 1030, 1038, 1044, 1051, 1056, 1067, 1069, 1079, 1081, 1088, 1094, 1101, 1105, 1108, 1109, 1114, 1124, 1125, 1141, 1145, 1150, 1161, 1163, 1168, 1170, 1201, 1206, 1219, 1226, 1237, 1251, 1262, 1267, 1268, 1275, 1299, 1314, 1315, 1359, 1361, 1371, 1376, 1399, 1413, 1442, 1445, 1481, 1497, 1515, 1530, 1534, 1539, 1540, 1542, 1549, 1557, 1564, 1572]",,,
PPI_4,0.2,pairwise_connectivity,1578,60.01481295,0.577710354,"[8, 15, 16, 17, 18, 23, 28, 29, 40, 42, 43, 49, 55, 58, 69, 88, 89, 93, 103, 106, 127, 137, 138, 141, 146, 149, 150, 158, 164, 183, 184, 188, 193, 203, 205, 209, 215, 218, 219, 225, 230, 240, 245, 251, 252, 257, 270, 275, 284, 297, 313, 314, 315, 319, 325, 327, 329, 330, 331, 338, 339, 342, 350, 353, 354, 355, 357, 361, 366, 371, 372, 373, 379, 382, 386, 393, 395, 404, 411, 420, 424, 426, 435, 437, 438, 442, 444, 445, 449, 455, 459, 463, 467, 478, 484, 489, 496, 497, 501, 507, 512, 514, 516, 534, 537, 539, 549, 560, 566, 567, 568, 578, 583, 585, 587, 596, 599, 603, 606, 617, 618, 622, 629, 631, 640, 643, 644, 648, 649, 650, 651, 653, 656, 669, 670, 674, 685, 686, 692, 699, 701, 713, 716, 718, 719, 722, 735, 736, 748, 756, 760, 773, 777, 782, 784, 789, 801, 811, 814, 820, 825, 838, 840, 844, 852, 853, 854, 855, 859, 865, 867, 868, 871, 880, 888, 895, 897, 904, 908, 911, 914, 915, 916, 920, 929, 935, 936, 945, 949, 951, 952, 953, 958, 960, 962, 965, 974, 983, 991, 1002, 1003, 1004, 1007, 1009, 1010, 1017, 1021, 1023, 1026, 1030, 1038, 1044, 1045, 1046, 1056, 1067, 1069, 1074, 1079, 1081, 1088, 1094, 1095, 1096, 1101, 1105, 1108, 1109, 1114, 1118, 1122, 1124, 1125, 1134, 1141, 1143, 1145, 1150, 1162, 1163, 1166, 1168, 1170, 1181, 1192, 1195, 1199, 1201, 1206, 1207, 1208, 1214, 1219, 1225, 1226, 1237, 1239, 1240, 1251, 1262, 1266, 1267, 1268, 1275, 1280, 1292, 1299, 1303, 1314, 1315, 1320, 1321, 1325, 1334, 1343, 1344, 1351, 1361, 1365, 1371, 1376, 1383, 1387, 1392, 1399, 1413, 1420, 1428, 1430, 1435, 1436, 1437, 1442, 1445, 1457, 1475, 1481, 1483, 1497, 1503, 1507, 1515, 1519, 1520, 1530, 1534, 1539, 1540, 1542, 1549, 1550, 1557, 1558, 1564, 1572]",,,
PPI_4,0.3,pairwise_connectivity,1578,60.01819468,0.272004722,"[2, 5, 8, 15, 16, 17, 18, 23, 25, 28, 29, 33, 36, 37, 39, 40, 46, 47, 49, 54, 55, 58, 69, 77, 81, 82, 83, 86, 88, 89, 93, 99, 105, 106, 107, 110, 116, 122, 125, 127, 134, 138, 139, 144, 146, 149, 150, 151, 158, 161, 166, 167, 171, 172, 177, 180, 181, 182, 183, 184, 185, 187, 188, 193, 198, 200, 203, 205, 206, 208, 209, 215, 218, 222, 223, 230, 236, 237, 238, 239, 240, 243, 244, 245, 247, 251, 252, 253, 257, 264, 267, 270, 275, 282, 284, 287, 290, 292, 293, 297, 301, 303, 305, 306, 310, 312, 313, 314, 315, 319, 323, 327, 329, 330, 331, 335, 338, 339, 342, 348, 354, 355, 357, 358, 359, 360, 361, 363, 366, 369, 373, 379, 380, 382, 385, 387, 393, 398, 400, 411, 416, 419, 420, 424, 425, 426, 435, 437, 438, 440, 442, 443, 444, 445, 447, 449, 456, 458, 459, 463, 467, 476, 478, 482, 489, 496, 497, 501, 507, 508, 510, 514, 516, 531, 533, 534, 535, 536, 537, 539, 547, 549, 553, 559, 566, 567, 577, 583, 585, 596, 598, 599, 600, 602, 603, 606, 615, 617, 620, 622, 629, 631, 640, 642, 644, 645, 647, 648, 649, 650, 651, 652, 653, 655, 656, 669, 670, 671, 674, 684, 685, 686, 688, 690, 692, 696, 699, 701, 702, 706, 712, 713, 716, 718, 719, 722, 733, 735, 736, 747, 754, 755, 756, 760, 777, 778, 780, 781, 782, 784, 785, 789, 800, 801, 810, 811, 816, 819, 825, 827, 833, 840, 844, 848, 851, 853, 854, 855, 858, 865, 868, 871, 880, 885, 886, 888, 890, 897, 900, 904, 911, 914, 915, 916, 917, 920, 925, 927, 935, 937, 945, 952, 953, 955, 956, 957, 958, 959, 961, 962, 965, 969, 970, 974, 983, 988, 989, 999, 1002, 1003, 1004, 1009, 1010, 1017, 1021, 1023, 1024, 1026, 1027, 1028, 1034, 1035, 1038, 1044, 1045, 1046, 1052, 1066, 1067, 1069, 1071, 1074, 1075, 1079, 1088, 1095, 1096, 1101, 1102, 1108, 1109, 1114, 1118, 1120, 1121, 1122, 1127, 1134, 1136, 1141, 1143, 1144, 1147, 1150, 1157, 1159, 1162, 1163, 1166, 1168, 1177, 1184, 1185, 1190, 1191, 1196, 1199, 1206, 1207, 1208, 1211, 1214, 1215, 1216, 1217, 1219, 1223, 1225, 1226, 1231, 1232, 1237, 1239, 1249, 1250, 1251, 1253, 1254, 1255, 1262, 1266, 1272, 1273, 1280, 1285, 1287, 1292, 1293, 1294, 1298, 1299, 1300, 1303, 1308, 1309, 1310, 1311, 1313, 1314, 1315, 1318, 1321, 1325, 1336, 1337, 1344, 1348, 1357, 1361, 1365, 1376, 1378, 1382, 1387, 1388, 1389, 1390, 1392, 1395, 1397, 1399, 1401, 1412, 1413, 1423, 1424, 1428, 1429, 1430, 1435, 1450, 1457, 1463, 1469, 1470, 1471, 1475, 1481, 1482, 1483, 1491, 1494, 1501, 1503, 1506, 1507, 1508, 1515, 1517, 1519, 1520, 1530, 1539, 1540, 1542, 1547, 1549, 1550, 1557, 1564, 1566, 1569, 1572]",,,
PPI_4,0.4,pairwise_connectivity,1578,60.01487637,0.002158815,"[2, 5, 8, 15, 16, 17, 18, 23, 25, 28, 29, 36, 40, 41, 42, 47, 49, 50, 52, 53, 54, 57, 58, 66, 69, 76, 77, 78, 81, 82, 83, 88, 89, 90, 93, 95, 99, 105, 106, 107, 116, 122, 124, 125, 127, 128, 134, 138, 139, 146, 149, 150, 151, 157, 158, 161, 164, 166, 168, 170, 171, 177, 178, 180, 181, 182, 183, 184, 185, 187, 188, 190, 192, 193, 196, 198, 200, 203, 205, 209, 213, 215, 217, 218, 222, 223, 226, 229, 230, 232, 235, 236, 237, 238, 239, 240, 243, 244, 245, 246, 247, 248, 251, 252, 253, 254, 257, 264, 267, 268, 270, 272, 280, 281, 282, 283, 284, 287, 290, 293, 297, 303, 304, 305, 306, 308, 310, 312, 313, 314, 315, 317, 319, 323, 325, 327, 328, 329, 330, 331, 334, 335, 338, 339, 340, 341, 342, 350, 354, 355, 357, 358, 359, 360, 361, 363, 364, 366, 369, 371, 373, 380, 382, 387, 388, 390, 391, 393, 395, 400, 409, 410, 411, 415, 416, 418, 419, 420, 424, 425, 426, 432, 435, 437, 438, 440, 442, 444, 445, 447, 448, 450, 453, 456, 457, 458, 459, 467, 476, 478, 479, 482, 485, 489, 495, 496, 497, 498, 501, 507, 508, 510, 512, 514, 516, 520, 523, 525, 531, 533, 534, 535, 537, 539, 540, 544, 545, 546, 547, 553, 559, 566, 567, 572, 577, 578, 583, 585, 587, 596, 602, 603, 605, 606, 609, 610, 617, 620, 621, 622, 629, 630, 631, 640, 642, 643, 644, 645, 647, 648, 649, 650, 651, 652, 653, 655, 656, 664, 669, 670, 671, 672, 673, 674, 676, 680, 684, 685, 686, 687, 688, 689, 690, 692, 693, 696, 699, 701, 704, 706, 712, 713, 716, 717, 718, 719, 721, 722, 727, 730, 733, 735, 736, 742, 744, 745, 747, 750, 751, 754, 755, 756, 760, 769, 771, 772, 773, 774, 775, 777, 778, 780, 781, 782, 783, 784, 789, 795, 799, 800, 801, 804, 810, 811, 816, 819, 825, 827, 830, 836, 840, 843, 844, 845, 848, 852, 853, 854, 855, 858, 865, 868, 869, 871, 874, 879, 880, 881, 883, 884, 885, 886, 887, 888, 890, 895, 897, 900, 903, 904, 908, 911, 913, 914, 915, 916, 917, 925, 927, 932, 933, 934, 935, 938, 945, 949, 950, 951, 952, 953, 954, 955, 956, 957, 958, 962, 965, 969, 970, 974, 983, 987, 988, 989, 997, 999, 1000, 1001, 1002, 1003, 1004, 1007, 1009, 1010, 1012, 1017, 1020, 1021, 1022, 1023, 1024, 1025, 1026, 1027, 1028, 1035, 1038, 1040, 1045, 1046, 1052, 1053, 1054, 1059, 1067, 1068, 1069, 1071, 1074, 1075, 1079, 1081, 1082, 1085, 1087, 1088, 1093, 1094, 1095, 1096, 1097, 1099, 1101, 1102, 1105, 1107, 1108, 1109, 1114, 1115, 1120, 1122, 1124, 1126, 1127, 1131, 1134, 1136, 1141, 1142, 1143, 1144, 1147, 1149, 1150, 1161, 1162, 1163, 1166, 1168, 1175, 1176, 1177, 1181, 1183, 1185, 1191, 1196, 1199, 1206, 1207, 1208, 1209, 1211, 1214, 1215, 1216, 1217, 1218, 1221, 1223, 1224, 1225, 1226, 1231, 1232, 1237, 1238, 1239, 1240, 1245, 1248, 1249, 1250, 1251, 1252, 1254, 1255, 1260, 1262, 1266, 1268, 1269, 1270, 1272, 1273, 1275, 1280, 1285, 1291, 1293, 1294, 1298, 1299, 1303, 1304, 1308, 1309, 1311, 1313, 1314, 1315, 1320, 1321, 1325, 1326, 1329, 1336, 1337, 1344, 1348, 1351, 1357, 1358, 1361, 1365, 1367, 1368, 1376, 1378, 1382, 1385, 1387, 1388, 1389, 1392, 1393, 1395, 1397, 1399, 1400, 1401, 1403, 1412, 1416, 1422, 1423, 1424, 1428, 1429, 1430, 1431, 1432, 1435, 1436, 1441, 1443, 1450, 1451, 1456, 1457, 1462, 1463, 1467, 1469, 1470, 1475, 1476, 1481, 1482, 1483, 1491, 1494, 1501, 1503, 1504, 1505, 1506, 1507, 1509, 1515, 1517, 1519, 1520, 1530, 1532, 1534, 1536, 1538, 1539, 1540, 1542, 1547, 1549, 1550, 1552, 1553, 1554, 1566, 1572, 1574]",,,
PPI_5,0.1,pairwise_connectivity,1021,60.014395,0.750152316,"[10, 32, 43, 45, 60, 69, 81, 84, 97, 104, 108, 109, 111, 144, 203, 214, 217, 223, 233, 240, 245, 246, 255, 266, 273, 282, 286, 297, 300, 317, 318, 343, 345, 347, 351, 378, 389, 396, 398, 414, 421, 428, 438, 440, 481, 499, 520, 528, 541, 545, 559, 566, 575, 581, 604, 606, 616, 617, 628, 649, 661, 665, 687, 691, 692, 697, 702, 714, 721, 725, 730, 740, 746, 770, 774, 803, 804, 813, 819, 828, 833, 841, 846, 849, 864, 875, 881, 882, 884, 905, 910, 913, 930, 934, 950, 952, 955, 956, 965, 989, 993, 1011]",,,
PPI_5,0.2,pairwise_connectivity,1021,60.01284146,0.48621511,"[6, 10, 12, 18, 23, 25, 31, 32, 36, 39, 43, 45, 62, 69, 81, 84, 86, 90, 93, 98, 108, 111, 119, 123, 126, 128, 130, 135, 142, 144, 150, 158, 160, 166, 177, 187, 188, 189, 190, 198, 203, 207, 214, 231, 237, 240, 246, 247, 253, 258, 259, 266, 269, 273, 275, 277, 282, 286, 287, 292, 297, 303, 309, 314, 317, 335, 336, 338, 339, 342, 349, 351, 358, 368, 389, 396, 402, 411, 412, 414, 419, 421, 425, 428, 436, 440, 452, 461, 465, 474, 477, 481, 492, 498, 499, 520, 527, 536, 544, 545, 549, 556, 559, 564, 567, 568, 569, 570, 575, 581, 584, 588, 594, 599, 601, 605, 606, 609, 610, 615, 616, 617, 621, 624, 628, 629, 635, 639, 647, 649, 650, 652, 659, 661, 665, 679, 687, 691, 692, 697, 702, 706, 711, 717, 718, 719, 721, 725, 730, 733, 740, 743, 746, 750, 751, 758, 760, 770, 773, 774, 785, 801, 803, 813, 827, 828, 831, 841, 846, 847, 849, 850, 860, 875, 876, 877, 878, 881, 882, 884, 888, 898, 909, 910, 912, 923, 929, 930, 934, 937, 939, 946, 952, 955, 965, 982, 993, 999, 1007, 1008, 1011, 1014, 1017, 1019]",,,
PPI_5,0.3,pairwise_connectivity,1021,60.01465821,0.058647235,"[6, 12, 18, 20, 23, 31, 32, 35, 36, 38, 39, 44, 45, 47, 50, 51, 52, 61, 62, 64, 69, 75, 77, 79, 81, 84, 85, 86, 90, 91, 92, 98, 104, 108, 111, 112, 119, 120, 121, 122, 123, 125, 126, 139, 142, 143, 144, 146, 148, 150, 157, 164, 166, 169, 177, 180, 187, 188, 189, 202, 212, 213, 214, 218, 222, 230, 231, 232, 233, 234, 237, 238, 240, 241, 252, 253, 255, 258, 259, 269, 270, 271, 272, 273, 277, 280, 282, 286, 287, 291, 292, 294, 296, 297, 298, 300, 302, 304, 309, 313, 314, 317, 320, 330, 335, 336, 339, 341, 342, 346, 351, 352, 354, 356, 358, 359, 368, 371, 378, 383, 385, 386, 388, 389, 392, 411, 412, 414, 416, 418, 419, 421, 425, 427, 428, 433, 439, 440, 446, 461, 465, 467, 477, 480, 481, 482, 484, 492, 498, 514, 516, 522, 525, 527, 535, 536, 543, 544, 545, 548, 549, 556, 557, 559, 567, 568, 570, 575, 576, 580, 581, 583, 584, 588, 589, 595, 599, 610, 615, 616, 617, 621, 623, 624, 625, 628, 632, 633, 642, 644, 647, 649, 650, 652, 654, 656, 658, 662, 665, 679, 682, 687, 691, 692, 697, 699, 702, 705, 706, 709, 716, 717, 718, 719, 721, 730, 732, 733, 738, 740, 741, 742, 743, 745, 758, 759, 760, 763, 764, 765, 767, 770, 773, 774, 775, 776, 778, 782, 783, 790, 794, 801, 802, 803, 804, 808, 813, 827, 828, 838, 839, 840, 841, 846, 847, 849, 860, 861, 872, 875, 876, 877, 878, 880, 881, 882, 888, 892, 893, 896, 898, 905, 906, 909, 910, 911, 920, 923, 927, 928, 930, 932, 934, 935, 937, 939, 940, 946, 949, 950, 956, 957, 965, 966, 981, 982, 983, 984, 993, 999, 1001, 1002, 1008, 1011, 1013, 1019]",,,
PPI_5,0.4,pairwise_connectivity,1021,60.01462483,0.001615328,"[1, 5, 6, 8, 9, 10, 12, 15, 18, 20, 23, 31, 32, 35, 36, 38, 39, 43, 44, 45, 47, 48, 50, 51, 52, 59, 60, 61, 62, 64, 69, 72, 75, 79, 81, 84, 85, 86, 87, 90, 91, 92, 97, 98, 101, 104, 108, 109, 111, 112, 119, 120, 121, 123, 125, 126, 128, 129, 135, 137, 138, 139, 142, 143, 144, 146, 148, 150, 151, 153, 157, 166, 169, 174, 177, 183, 186, 187, 188, 189, 198, 202, 203, 207, 212, 213, 214, 218, 219, 222, 224, 230, 231, 232, 233, 234, 237, 238, 240, 241, 245, 246, 252, 253, 255, 258, 259, 266, 269, 270, 271, 272, 273, 277, 280, 282, 286, 287, 292, 294, 297, 298, 299, 300, 302, 303, 304, 308, 309, 312, 313, 314, 316, 317, 318, 320, 322, 323, 324, 325, 336, 338, 339, 341, 342, 346, 349, 351, 354, 358, 359, 361, 363, 366, 368, 376, 378, 382, 385, 386, 388, 389, 396, 402, 406, 411, 412, 414, 416, 418, 419, 421, 423, 426, 427, 428, 432, 433, 434, 440, 446, 452, 461, 464, 465, 467, 470, 474, 477, 480, 481, 482, 484, 486, 487, 491, 492, 493, 498, 514, 516, 521, 522, 523, 525, 527, 528, 529, 536, 540, 541, 543, 544, 545, 547, 548, 549, 554, 556, 557, 558, 559, 564, 567, 568, 570, 575, 580, 581, 583, 588, 589, 590, 599, 601, 604, 605, 606, 608, 610, 615, 616, 617, 620, 621, 623, 624, 625, 628, 632, 633, 635, 637, 642, 644, 647, 649, 650, 652, 654, 656, 658, 660, 661, 662, 664, 665, 667, 679, 682, 687, 691, 692, 697, 698, 699, 702, 704, 705, 706, 709, 716, 717, 718, 719, 721, 722, 725, 729, 730, 732, 733, 738, 740, 742, 743, 749, 751, 758, 759, 760, 763, 764, 766, 767, 770, 771, 773, 774, 775, 776, 778, 782, 783, 784, 785, 787, 788, 790, 794, 801, 802, 803, 804, 813, 814, 815, 823, 827, 828, 838, 839, 840, 841, 846, 847, 849, 850, 851, 860, 861, 862, 865, 872, 873, 875, 876, 877, 878, 880, 881, 882, 884, 887, 888, 889, 890, 893, 896, 898, 903, 905, 907, 909, 910, 911, 912, 915, 919, 920, 923, 925, 926, 928, 930, 934, 935, 937, 939, 940, 945, 946, 949, 950, 955, 956, 957, 959, 961, 965, 966, 980, 981, 982, 983, 984, 985, 989, 993, 997, 999, 1005, 1007, 1008, 1011, 1013, 1017, 1019]",,,
PPI_6,0.1,pairwise_connectivity,1823,60.0152688,0.777481756,"[15, 16, 28, 32, 47, 54, 62, 65, 77, 97, 98, 102, 109, 113, 116, 117, 118, 119, 159, 169, 172, 173, 186, 217, 232, 250, 275, 281, 284, 287, 289, 295, 307, 324, 338, 358, 361, 365, 377, 399, 402, 405, 406, 407, 419, 424, 425, 435, 439, 465, 474, 478, 480, 493, 498, 502, 517, 521, 547, 550, 558, 572, 573, 574, 580, 586, 588, 613, 615, 622, 627, 636, 648, 649, 663, 670, 682, 686, 694, 707, 708, 715, 723, 726, 744, 745, 746, 747, 752, 760, 774, 789, 803, 805, 821, 826, 827, 865, 868, 902, 909, 917, 933, 936, 961, 967, 997, 999, 1054, 1075, 1103, 1118, 1123, 1144, 1147, 1158, 1168, 1176, 1184, 1192, 1194, 1204, 1206, 1212, 1217, 1229, 1231, 1242, 1261, 1271, 1275, 1278, 1279, 1285, 1297, 1298, 1316, 1320, 1326, 1338, 1340, 1352, 1359, 1361, 1383, 1389, 1402, 1424, 1438, 1449, 1451, 1456, 1457, 1466, 1477, 1496, 1511, 1512, 1546, 1551, 1560, 1563, 1576, 1582, 1605, 1622, 1657, 1661, 1665, 1704, 1747, 1749, 1764, 1769, 1775, 1777, 1780, 1783, 1790, 1800, 1807, 1816]",,,
PPI_6,0.2,pairwise_connectivity,1823,60.00398469,0.588212232,"[9, 10, 15, 16, 17, 18, 23, 28, 32, 47, 49, 51, 52, 54, 62, 65, 69, 74, 77, 97, 98, 102, 107, 109, 113, 114, 115, 116, 117, 118, 119, 125, 136, 159, 167, 169, 172, 173, 175, 183, 187, 199, 212, 213, 216, 217, 222, 232, 235, 238, 247, 250, 251, 256, 270, 271, 272, 275, 280, 281, 287, 289, 295, 307, 310, 316, 322, 324, 338, 342, 357, 358, 361, 365, 368, 370, 373, 374, 375, 377, 378, 386, 387, 390, 398, 399, 402, 404, 405, 406, 407, 409, 413, 418, 419, 421, 424, 425, 435, 439, 440, 448, 457, 458, 459, 464, 465, 466, 470, 474, 478, 480, 486, 489, 491, 493, 494, 498, 502, 503, 517, 521, 522, 541, 547, 550, 557, 558, 563, 564, 572, 573, 574, 580, 581, 588, 589, 590, 613, 615, 622, 627, 636, 642, 648, 649, 662, 663, 668, 670, 672, 682, 686, 687, 692, 694, 707, 711, 715, 723, 726, 736, 740, 743, 744, 745, 746, 747, 749, 752, 758, 760, 765, 766, 769, 774, 788, 789, 795, 803, 805, 821, 824, 826, 827, 842, 844, 845, 855, 856, 865, 868, 872, 876, 888, 895, 900, 902, 905, 909, 917, 933, 936, 947, 958, 961, 963, 967, 978, 979, 980, 983, 984, 997, 1004, 1005, 1009, 1016, 1019, 1027, 1029, 1041, 1045, 1049, 1052, 1053, 1054, 1075, 1090, 1092, 1093, 1100, 1103, 1109, 1114, 1118, 1136, 1143, 1144, 1145, 1147, 1148, 1149, 1150, 1156, 1157, 1158, 1168, 1172, 1174, 1176, 1179, 1184, 1190, 1192, 1194, 1204, 1205, 1206, 1211, 1212, 1213, 1217, 1229, 1231, 1238, 1241, 1242, 1252, 1261, 1263, 1265, 1271, 1275, 1278, 1279, 1285, 1295, 1300, 1310, 1316, 1318, 1320, 1325, 1326, 1340, 1343, 1345, 1347, 1352, 1359, 1377, 1383, 1389, 1390, 1391, 1399, 1401, 1402, 1409, 1418, 1424, 1432, 1438, 1444, 1449, 1451, 1456, 1457, 1466, 1472, 1477, 1482, 1485, 1488, 1496, 1500, 1511, 1512, 1518, 1522, 1533, 1536, 1551, 1552, 1563, 1569, 1576, 1582, 1588, 1589, 1591, 1598, 1605, 1621, 1622, 1631, 1638, 1640, 1648, 1651, 1657, 1661, 1683, 1704, 1706, 1710, 1724, 1731, 1733, 1747, 1749, 1764, 1771, 1774, 1775, 1777, 1780, 1783, 1790, 1800, 1801, 1807, 1816]",,,
PPI_6,0.3,pairwise_connectivity,1823,60.01467943,0.330253361,"[2, 9, 10, 15, 16, 17, 18, 23, 25, 28, 32, 39, 41, 42, 45, 47, 49, 51, 52, 54, 59, 62, 65, 69, 77, 86, 92, 97, 98, 102, 103, 106, 107, 109, 113, 114, 116, 117, 118, 119, 120, 121, 125, 131, 136, 137, 141, 144, 152, 157, 159, 162, 167, 169, 172, 173, 174, 175, 183, 186, 187, 192, 199, 209, 210, 211, 212, 213, 216, 217, 222, 227, 232, 235, 238, 247, 251, 254, 255, 256, 257, 263, 270, 271, 272, 273, 275, 280, 281, 287, 288, 289, 290, 293, 295, 307, 308, 309, 310, 316, 320, 322, 324, 332, 338, 342, 345, 348, 351, 353, 357, 358, 362, 368, 370, 373, 374, 376, 377, 378, 383, 385, 386, 387, 390, 391, 398, 404, 405, 406, 407, 409, 410, 413, 418, 419, 421, 425, 433, 435, 440, 445, 448, 457, 458, 459, 464, 465, 470, 473, 474, 478, 479, 480, 489, 490, 491, 493, 494, 498, 499, 501, 502, 503, 504, 512, 513, 517, 521, 522, 540, 541, 543, 545, 550, 556, 557, 558, 563, 572, 573, 574, 575, 580, 581, 588, 589, 593, 596, 606, 609, 613, 615, 616, 621, 622, 623, 625, 636, 641, 642, 648, 649, 662, 668, 670, 672, 673, 675, 680, 682, 685, 686, 687, 688, 689, 690, 692, 694, 699, 701, 707, 711, 715, 722, 723, 726, 727, 736, 738, 739, 740, 741, 743, 744, 745, 746, 747, 749, 752, 758, 760, 769, 770, 772, 774, 776, 788, 789, 793, 795, 800, 803, 805, 809, 812, 821, 824, 826, 827, 839, 842, 844, 845, 853, 855, 858, 859, 863, 865, 868, 872, 888, 889, 895, 896, 898, 900, 902, 905, 909, 919, 920, 921, 925, 927, 932, 933, 934, 947, 958, 963, 966, 967, 972, 978, 979, 980, 983, 984, 990, 992, 994, 997, 1001, 1005, 1009, 1016, 1017, 1019, 1023, 1027, 1029, 1033, 1049, 1052, 1053, 1054, 1055, 1061, 1062, 1066, 1067, 1075, 1081, 1084, 1086, 1090, 1092, 1093, 1094, 1097, 1099, 1101, 1103, 1104, 1107, 1109, 1113, 1118, 1120, 1133, 1134, 1136, 1138, 1143, 1145, 1147, 1148, 1149, 1150, 1154, 1156, 1157, 1158, 1164, 1168, 1172, 1173, 1174, 1176, 1178, 1179, 1180, 1190, 1192, 1194, 1197, 1200, 1202, 1204, 1205, 1206, 1207, 1212, 1217, 1229, 1231, 1233, 1237, 1242, 1244, 1246, 1249, 1252, 1261, 1263, 1265, 1268, 1271, 1272, 1278, 1279, 1285, 1288, 1290, 1293, 1294, 1300, 1301, 1308, 1316, 1318, 1319, 1323, 1325, 1326, 1328, 1330, 1339, 1340, 1343, 1345, 1353, 1359, 1365, 1366, 1371, 1372, 1375, 1377, 1378, 1381, 1383, 1389, 1390, 1391, 1394, 1397, 1399, 1401, 1402, 1408, 1409, 1415, 1416, 1424, 1427, 1432, 1436, 1438, 1439, 1441, 1442, 1444, 1449, 1451, 1455, 1456, 1457, 1463, 1464, 1466, 1471, 1472, 1477, 1479, 1485, 1488, 1492, 1496, 1500, 1505, 1507, 1510, 1511, 1512, 1518, 1522, 1535, 1536, 1542, 1543, 1548, 1551, 1552, 1558, 1563, 1567, 1569, 1571, 1582, 1588, 1589, 1594, 1595, 1596, 1598, 1603, 1605, 1610, 1621, 1622, 1631, 1635, 1638, 1640, 1641, 1648, 1651, 1656, 1657, 1661, 1665, 1669, 1674, 1675, 1676, 1683, 1690, 1691, 1692, 1699, 1704, 1706, 1710, 1716, 1719, 1724, 1729, 1731, 1733, 1735, 1738, 1745, 1747, 1748, 1749, 1752, 1753, 1762, 1764, 1766, 1767, 1771, 1774, 1775, 1777, 1781, 1783, 1786, 1790, 1791, 1796, 1800, 1816]",,,
PPI_6,0.4,pairwise_connectivity,1823,60.01380253,0.002510575,"[2, 6, 7, 9, 14, 15, 16, 17, 18, 23, 25, 28, 30, 31, 32, 33, 36, 41, 42, 45, 47, 52, 54, 55, 57, 58, 61, 64, 65, 69, 74, 77, 78, 84, 85, 86, 90, 91, 92, 93, 97, 98, 99, 102, 109, 114, 116, 117, 119, 120, 121, 124, 125, 129, 131, 135, 137, 140, 141, 144, 145, 148, 152, 155, 159, 160, 167, 169, 172, 173, 174, 179, 182, 183, 186, 187, 190, 192, 196, 198, 199, 206, 207, 209, 210, 211, 212, 213, 214, 217, 219, 221, 222, 225, 227, 229, 232, 238, 241, 242, 246, 247, 251, 254, 255, 256, 259, 263, 265, 269, 270, 271, 272, 273, 275, 278, 280, 281, 283, 284, 287, 289, 290, 291, 295, 302, 306, 307, 308, 309, 310, 312, 316, 320, 321, 322, 324, 327, 330, 334, 338, 342, 345, 346, 347, 348, 350, 351, 353, 357, 358, 360, 362, 367, 368, 370, 373, 374, 375, 376, 377, 378, 381, 383, 385, 386, 387, 388, 389, 390, 391, 396, 398, 399, 404, 405, 406, 407, 409, 410, 411, 412, 413, 415, 416, 418, 421, 423, 425, 431, 433, 436, 440, 441, 443, 444, 446, 448, 462, 463, 464, 465, 467, 469, 470, 472, 473, 474, 477, 478, 479, 480, 486, 489, 491, 493, 494, 496, 498, 501, 502, 504, 507, 511, 512, 513, 514, 516, 517, 521, 540, 541, 546, 550, 556, 557, 558, 559, 563, 571, 572, 573, 574, 575, 577, 580, 581, 583, 588, 593, 597, 599, 601, 606, 609, 611, 613, 615, 616, 621, 622, 623, 624, 625, 628, 633, 634, 635, 640, 641, 642, 648, 649, 653, 655, 662, 663, 668, 670, 673, 680, 682, 684, 685, 687, 689, 692, 694, 697, 701, 702, 703, 707, 711, 714, 715, 717, 722, 723, 726, 727, 736, 738, 739, 740, 741, 743, 744, 745, 746, 747, 749, 752, 757, 758, 760, 765, 769, 770, 771, 772, 773, 774, 776, 781, 784, 786, 787, 788, 789, 790, 791, 792, 793, 795, 797, 800, 803, 805, 809, 811, 812, 821, 824, 825, 826, 827, 829, 835, 839, 842, 844, 845, 855, 858, 859, 861, 862, 863, 865, 866, 867, 868, 872, 877, 884, 885, 887, 888, 889, 890, 891, 893, 895, 896, 898, 899, 900, 901, 902, 903, 905, 909, 920, 921, 923, 924, 932, 933, 938, 941, 947, 949, 952, 958, 959, 963, 966, 967, 968, 972, 977, 978, 979, 980, 983, 984, 990, 991, 992, 994, 995, 997, 1000, 1001, 1005, 1008, 1009, 1011, 1012, 1016, 1017, 1018, 1019, 1022, 1029, 1031, 1033, 1037, 1039, 1040, 1041, 1045, 1049, 1051, 1052, 1053, 1054, 1055, 1063, 1066, 1071, 1074, 1075, 1078, 1086, 1090, 1093, 1094, 1095, 1096, 1097, 1098, 1099, 1101, 1102, 1103, 1107, 1109, 1113, 1114, 1116, 1118, 1120, 1128, 1132, 1133, 1134, 1143, 1144, 1145, 1146, 1148, 1149, 1150, 1155, 1156, 1157, 1158, 1160, 1164, 1168, 1169, 1171, 1172, 1173, 1174, 1176, 1178, 1179, 1180, 1182, 1189, 1190, 1192, 1194, 1197, 1202, 1203, 1204, 1205, 1206, 1212, 1215, 1229, 1230, 1231, 1233, 1236, 1237, 1238, 1242, 1244, 1246, 1249, 1251, 1252, 1259, 1261, 1265, 1266, 1268, 1269, 1271, 1272, 1275, 1277, 1278, 1279, 1285, 1286, 1287, 1290, 1292, 1293, 1294, 1297, 1299, 1300, 1304, 1305, 1308, 1310, 1316, 1317, 1318, 1319, 1323, 1325, 1326, 1328, 1330, 1338, 1339, 1340, 1343, 1345, 1347, 1353, 1355, 1360, 1362, 1365, 1366, 1372, 1375, 1377, 1378, 1381, 1383, 1389, 1390, 1391, 1394, 1397, 1398, 1399, 1400, 1406, 1408, 1409, 1412, 1415, 1416, 1420, 1422, 1424, 1425, 1426, 1427, 1432, 1435, 1436, 1437, 1438, 1439, 1441, 1444, 1445, 1448, 1449, 1451, 1455, 1456, 1457, 1458, 1462, 1463, 1464, 1465, 1466, 1472, 1477, 1479, 1484, 1488, 1491, 1492, 1496, 1500, 1504, 1506, 1508, 1510, 1511, 1512, 1516, 1517, 1518, 1522, 1528, 1535, 1536, 1544, 1548, 1549, 1551, 1552, 1556, 1558, 1559, 1560, 1563, 1569, 1571, 1572, 1578, 1582, 1587, 1588, 1593, 1594, 1595, 1596, 1598, 1599, 1603, 1605, 1607, 1609, 1619, 1621, 1622, 1626, 1627, 1633, 1635, 1638, 1640, 1641, 1642, 1644, 1648, 1649, 1650, 1656, 1658, 1661, 1663, 1665, 1669, 1675, 1676, 1682, 1683, 1687, 1690, 1691, 1693, 1698, 1699, 1703, 1704, 1705, 1706, 1716, 1719, 1720, 1722, 1729, 1731, 1735, 1736, 1738, 1747, 1749, 1752, 1762, 1764, 1766, 1767, 1769, 1771, 1773, 1774, 1775, 1777, 1781, 1783, 1786, 1790, 1791, 1795, 1796, 1797, 1798, 1809, 1816, 1818]",,,
PPI_7,0.1,pairwise_connectivity,2488,60.03624964,0.774209229,"[10, 15, 23, 25, 44, 48, 50, 58, 60, 78, 82, 85, 86, 94, 118, 141, 146, 159, 165, 167, 168, 169, 185, 191, 207, 208, 219, 224, 232, 237, 240, 258, 259, 304, 328, 330, 339, 342, 372, 373, 380, 386, 389, 396, 398, 399, 411, 418, 436, 442, 452, 455, 477, 483, 490, 499, 519, 528, 533, 539, 541, 543, 546, 551, 565, 573, 586, 591, 622, 639, 644, 646, 668, 671, 680, 699, 706, 712, 721, 749, 756, 757, 761, 767, 773, 789, 792, 795, 802, 809, 835, 846, 848, 862, 890, 916, 925, 942, 955, 968, 970, 980, 991, 993, 1011, 1015, 1016, 1017, 1018, 1022, 1027, 1043, 1054, 1070, 1084, 1089, 1092, 1094, 1112, 1118, 1167, 1172, 1175, 1191, 1192, 1203, 1204, 1220, 1228, 1235, 1244, 1257, 1263, 1284, 1295, 1302, 1308, 1314, 1322, 1361, 1363, 1378, 1384, 1401, 1420, 1424, 1430, 1458, 1459, 1462, 1470, 1484, 1499, 1505, 1510, 1521, 1542, 1552, 1554, 1555, 1561, 1575, 1583, 1591, 1606, 1617, 1618, 1623, 1625, 1655, 1685, 1687, 1694, 1707, 1713, 1724, 1728, 1732, 1733, 1740, 1755, 1761, 1788, 1790, 1801, 1817, 1819, 1822, 1835, 1842, 1857, 1869, 1874, 1885, 1898, 1904, 1909, 1923, 1940, 1949, 1958, 1970, 1972, 1983, 1997, 2028, 2056, 2078, 2100, 2101, 2113, 2131, 2134, 2145, 2150, 2164, 2168, 2184, 2199, 2229, 2237, 2249, 2251, 2254, 2256, 2265, 2271, 2273, 2281, 2301, 2307, 2327, 2332, 2335, 2349, 2381, 2385, 2401, 2410, 2415, 2420, 2429, 2434, 2444, 2455, 2459, 2478, 2479]",,,
PPI_7,0.2,pairwise_connectivity,2488,60.21388721,0.609151231,"[10, 11, 13, 14, 16, 23, 25, 27, 30, 34, 44, 48, 50, 52, 58, 60, 64, 65, 70, 78, 82, 84, 85, 86, 88, 92, 94, 100, 114, 117, 118, 121, 141, 146, 159, 164, 165, 167, 168, 169, 185, 190, 191, 198, 207, 208, 219, 220, 224, 229, 232, 234, 237, 240, 241, 252, 256, 258, 259, 264, 274, 278, 287, 292, 295, 297, 323, 328, 329, 333, 335, 337, 339, 342, 346, 348, 353, 369, 372, 373, 380, 386, 396, 398, 399, 402, 411, 415, 418, 421, 424, 426, 431, 436, 439, 442, 452, 455, 469, 477, 478, 479, 480, 482, 483, 487, 490, 493, 495, 498, 499, 503, 517, 519, 528, 529, 532, 533, 535, 539, 540, 541, 543, 546, 551, 557, 565, 573, 585, 591, 600, 604, 617, 622, 628, 630, 635, 639, 644, 646, 662, 665, 666, 668, 669, 671, 679, 680, 697, 699, 706, 712, 720, 721, 746, 749, 756, 757, 761, 763, 765, 767, 770, 771, 773, 777, 784, 787, 789, 792, 795, 801, 802, 805, 808, 809, 826, 829, 835, 840, 846, 848, 855, 857, 862, 869, 870, 871, 873, 877, 879, 880, 890, 891, 893, 910, 916, 923, 925, 927, 942, 948, 951, 955, 956, 959, 968, 970, 980, 990, 991, 993, 1007, 1009, 1011, 1012, 1015, 1016, 1017, 1018, 1022, 1027, 1029, 1038, 1043, 1044, 1054, 1070, 1077, 1084, 1089, 1092, 1093, 1095, 1112, 1115, 1117, 1118, 1133, 1139, 1151, 1154, 1155, 1163, 1166, 1170, 1172, 1175, 1191, 1192, 1203, 1204, 1211, 1212, 1213, 1214, 1220, 1225, 1226, 1228, 1230, 1235, 1239, 1240, 1244, 1245, 1257, 1263, 1266, 1270, 1284, 1289, 1290, 1295, 1302, 1303, 1308, 1309, 1310, 1314, 1315, 1334, 1343, 1347, 1348, 1355, 1356, 1361, 1363, 1374, 1378, 1384, 1387, 1389, 1392, 1398, 1399, 1401, 1415, 1424, 1428, 1430, 1432, 1441, 1450, 1456, 1458, 1459, 1462, 1470, 1479, 1480, 1484, 1499, 1501, 1505, 1510, 1521, 1537, 1548, 1551, 1552, 1553, 1554, 1555, 1556, 1561, 1575, 1580, 1582, 1583, 1587, 1591, 1595, 1606, 1611, 1617, 1618, 1623, 1625, 1627, 1644, 1655, 1660, 1671, 1678, 1685, 1687, 1694, 1696, 1707, 1710, 1713, 1724, 1726, 1728, 1729, 1732, 1733, 1740, 1742, 1755, 1756, 1761, 1763, 1765, 1778, 1779, 1783, 1784, 1786, 1788, 1790, 1792, 1800, 1801, 1806, 1807, 1809, 1817, 1819, 1822, 1825, 1827, 1835, 1840, 1857, 1869, 1874, 1881, 1885, 1897, 1898, 1903, 1904, 1909, 1917, 1923, 1928, 1937, 1940, 1942, 1944, 1949, 1958, 1970, 1972, 1981, 1983, 1989, 1997, 2002, 2008, 2012, 2017, 2024, 2028, 2051, 2054, 2056, 2064, 2069, 2078, 2080, 2085, 2092, 2100, 2101, 2106, 2109, 2113, 2115, 2131, 2134, 2138, 2145, 2150, 2154, 2156, 2164, 2168, 2171, 2174, 2177, 2181, 2199, 2215, 2223, 2224, 2229, 2231, 2237, 2239, 2242, 2251, 2253, 2254, 2256, 2257, 2263, 2265, 2267, 2271, 2273, 2279, 2281, 2301, 2307, 2323, 2327, 2332, 2334, 2335, 2349, 2352, 2353, 2360, 2363, 2381, 2382, 2385, 2401, 2410, 2413, 2415, 2420, 2427, 2429, 2431, 2434, 2444, 2455, 2459, 2460, 2465, 2478, 2479]",,,
PPI_7,0.3,pairwise_connectivity,2488,60.28998709,0.359837801,"[6, 10, 11, 14, 16, 19, 23, 25, 27, 34, 39, 42, 44, 48, 49, 50, 52, 54, 57, 58, 60, 64, 65, 70, 78, 81, 82, 84, 85, 88, 89, 91, 92, 94, 100, 104, 108, 114, 117, 118, 120, 138, 139, 141, 145, 146, 150, 156, 157, 159, 160, 164, 165, 167, 168, 169, 170, 171, 174, 185, 191, 198, 204, 205, 207, 208, 219, 220, 224, 232, 233, 237, 240, 241, 249, 252, 253, 256, 258, 259, 273, 278, 280, 291, 292, 295, 296, 297, 298, 301, 305, 306, 315, 320, 322, 323, 328, 329, 331, 333, 335, 336, 337, 339, 342, 343, 346, 348, 352, 353, 354, 357, 365, 368, 372, 373, 377, 380, 385, 386, 396, 398, 399, 402, 404, 412, 416, 418, 419, 421, 433, 434, 436, 439, 442, 446, 452, 455, 456, 460, 461, 466, 469, 470, 473, 476, 477, 478, 479, 480, 482, 483, 486, 487, 490, 492, 493, 495, 498, 499, 500, 501, 502, 503, 506, 513, 517, 518, 519, 522, 525, 528, 529, 532, 535, 539, 540, 541, 542, 543, 546, 547, 549, 550, 551, 564, 565, 568, 572, 573, 581, 585, 587, 589, 591, 604, 605, 608, 622, 623, 624, 628, 630, 635, 639, 640, 644, 645, 646, 647, 649, 662, 665, 668, 669, 671, 673, 676, 679, 680, 682, 686, 693, 699, 703, 705, 706, 713, 715, 720, 721, 746, 749, 752, 755, 756, 761, 763, 770, 771, 773, 782, 783, 787, 789, 791, 792, 795, 800, 801, 802, 803, 806, 811, 815, 819, 822, 826, 828, 835, 840, 846, 848, 854, 855, 857, 858, 861, 868, 871, 877, 879, 880, 883, 890, 891, 893, 915, 916, 923, 925, 927, 931, 933, 942, 947, 948, 949, 951, 953, 955, 956, 959, 962, 963, 968, 974, 980, 990, 991, 993, 994, 1007, 1009, 1010, 1011, 1012, 1014, 1015, 1016, 1017, 1018, 1022, 1024, 1027, 1028, 1029, 1030, 1032, 1035, 1037, 1043, 1044, 1050, 1054, 1058, 1063, 1069, 1070, 1073, 1074, 1078, 1084, 1089, 1092, 1094, 1102, 1110, 1112, 1115, 1117, 1118, 1122, 1124, 1139, 1140, 1151, 1154, 1159, 1161, 1163, 1165, 1166, 1167, 1172, 1175, 1191, 1192, 1194, 1196, 1199, 1200, 1204, 1207, 1211, 1212, 1213, 1214, 1215, 1216, 1217, 1219, 1220, 1223, 1228, 1230, 1235, 1244, 1245, 1247, 1256, 1257, 1263, 1266, 1269, 1270, 1271, 1281, 1284, 1289, 1290, 1294, 1295, 1296, 1302, 1303, 1304, 1305, 1306, 1310, 1314, 1315, 1317, 1324, 1332, 1333, 1334, 1343, 1350, 1355, 1356, 1357, 1361, 1363, 1366, 1374, 1378, 1384, 1386, 1387, 1389, 1391, 1392, 1393, 1394, 1398, 1399, 1401, 1402, 1407, 1414, 1415, 1419, 1421, 1424, 1428, 1429, 1430, 1434, 1439, 1441, 1450, 1456, 1458, 1459, 1464, 1470, 1474, 1476, 1477, 1480, 1482, 1483, 1484, 1487, 1490, 1491, 1493, 1495, 1497, 1498, 1499, 1505, 1507, 1510, 1513, 1534, 1537, 1545, 1548, 1551, 1552, 1553, 1554, 1555, 1556, 1559, 1561, 1562, 1575, 1578, 1582, 1583, 1586, 1587, 1589, 1591, 1598, 1600, 1602, 1605, 1606, 1611, 1614, 1617, 1618, 1619, 1623, 1624, 1625, 1627, 1631, 1637, 1639, 1642, 1644, 1655, 1657, 1664, 1670, 1671, 1675, 1677, 1682, 1685, 1687, 1688, 1694, 1696, 1697, 1703, 1706, 1707, 1710, 1713, 1724, 1729, 1732, 1733, 1736, 1740, 1741, 1742, 1743, 1746, 1749, 1757, 1758, 1761, 1762, 1763, 1765, 1768, 1778, 1779, 1780, 1788, 1790, 1791, 1792, 1793, 1797, 1800, 1801, 1808, 1809, 1817, 1819, 1822, 1825, 1827, 1830, 1833, 1835, 1842, 1857, 1860, 1866, 1867, 1869, 1870, 1872, 1874, 1878, 1881, 1883, 1885, 1893, 1894, 1895, 1898, 1902, 1903, 1904, 1908, 1909, 1915, 1917, 1918, 1920, 1923, 1927, 1928, 1929, 1934, 1939, 1940, 1942, 1943, 1944, 1949, 1958, 1965, 1967, 1970, 1972, 1980, 1981, 1983, 1985, 1989, 1997, 2000, 2002, 2005, 2007, 2012, 2014, 2017, 2028, 2034, 2043, 2045, 2051, 2054, 2056, 2058, 2062, 2069, 2070, 2073, 2078, 2080, 2085, 2091, 2098, 2101, 2109, 2110, 2113, 2124, 2131, 2134, 2138, 2145, 2150, 2154, 2159, 2166, 2168, 2171, 2173, 2174, 2180, 2181, 2182, 2192, 2199, 2202, 2204, 2206, 2207, 2215, 2223, 2224, 2227, 2229, 2230, 2232, 2237, 2239, 2241, 2249, 2251, 2253, 2254, 2256, 2257, 2263, 2265, 2266, 2271, 2272, 2281, 2298, 2301, 2307, 2308, 2310, 2321, 2323, 2326, 2327, 2328, 2330, 2331, 2332, 2334, 2335, 2338, 2342, 2349, 2352, 2353, 2360, 2363, 2364, 2369, 2371, 2372, 2381, 2384, 2385, 2386, 2388, 2393, 2401, 2406, 2407, 2410, 2413, 2415, 2420, 2423, 2424, 2425, 2426, 2427, 2428, 2429, 2431, 2434, 2437, 2439, 2444, 2445, 2449, 2450, 2454, 2455, 2459, 2460, 2465, 2467, 2478, 2479]",,,
PPI_7,0.4,pairwise_connectivity,2488,60.0459969,0.003014066,"[4, 6, 10, 14, 22, 23, 25, 27, 30, 34, 37, 39, 42, 44, 46, 48, 50, 56, 64, 67, 70, 72, 75, 78, 82, 84, 85, 87, 88, 89, 91, 94, 100, 101, 104, 108, 114, 115, 118, 121, 125, 127, 128, 129, 137, 138, 139, 140, 145, 146, 147, 150, 156, 159, 160, 162, 165, 167, 168, 170, 171, 174, 185, 186, 187, 190, 191, 196, 199, 202, 203, 205, 207, 208, 213, 215, 217, 219, 224, 225, 227, 228, 232, 234, 237, 240, 242, 246, 249, 252, 253, 256, 258, 259, 260, 264, 266, 273, 274, 276, 278, 282, 289, 290, 292, 293, 295, 296, 297, 298, 299, 301, 303, 305, 306, 307, 312, 315, 318, 320, 323, 328, 329, 332, 333, 335, 336, 337, 339, 342, 343, 344, 346, 348, 349, 351, 352, 353, 354, 355, 357, 360, 363, 368, 371, 372, 373, 376, 377, 379, 380, 385, 386, 396, 397, 398, 399, 400, 402, 403, 404, 412, 416, 418, 419, 420, 421, 422, 423, 424, 426, 427, 433, 434, 435, 436, 439, 441, 442, 446, 449, 452, 454, 455, 456, 466, 467, 469, 470, 472, 473, 476, 477, 479, 480, 482, 483, 485, 487, 490, 492, 493, 495, 498, 499, 500, 501, 502, 503, 504, 506, 511, 513, 518, 520, 521, 523, 525, 528, 529, 532, 535, 539, 540, 541, 542, 543, 546, 547, 548, 549, 550, 551, 552, 557, 563, 564, 568, 572, 573, 575, 585, 586, 587, 591, 593, 597, 598, 599, 600, 605, 608, 620, 622, 625, 626, 628, 631, 632, 634, 635, 639, 640, 641, 643, 644, 645, 647, 649, 651, 652, 657, 662, 664, 665, 666, 667, 668, 669, 671, 673, 679, 680, 682, 686, 688, 689, 693, 696, 699, 700, 701, 702, 703, 705, 706, 713, 715, 717, 719, 720, 721, 723, 730, 732, 739, 745, 746, 747, 748, 749, 752, 761, 770, 771, 773, 787, 789, 790, 791, 792, 793, 795, 799, 800, 801, 802, 803, 805, 806, 811, 819, 822, 824, 826, 828, 829, 832, 835, 837, 839, 840, 842, 844, 846, 848, 849, 855, 857, 858, 861, 863, 868, 869, 871, 873, 877, 879, 880, 887, 890, 891, 899, 901, 902, 903, 904, 905, 906, 907, 912, 915, 916, 923, 925, 927, 929, 938, 941, 942, 946, 947, 948, 949, 950, 951, 953, 955, 956, 958, 959, 960, 962, 964, 965, 966, 968, 969, 974, 975, 978, 979, 980, 982, 985, 991, 993, 1007, 1009, 1010, 1011, 1012, 1013, 1014, 1015, 1016, 1017, 1018, 1020, 1022, 1027, 1029, 1032, 1034, 1041, 1043, 1044, 1046, 1048, 1049, 1050, 1054, 1058, 1060, 1067, 1069, 1070, 1072, 1073, 1074, 1076, 1077, 1078, 1081, 1084, 1089, 1092, 1094, 1096, 1101, 1102, 1110, 1112, 1115, 1116, 1117, 1118, 1120, 1122, 1133, 1136, 1137, 1139, 1140, 1141, 1147, 1148, 1150, 1152, 1153, 1154, 1157, 1158, 1159, 1161, 1163, 1164, 1166, 1167, 1172, 1175, 1181, 1191, 1194, 1196, 1198, 1199, 1203, 1204, 1207, 1208, 1209, 1210, 1211, 1214, 1215, 1216, 1217, 1219, 1223, 1228, 1230, 1234, 1235, 1244, 1245, 1249, 1252, 1253, 1256, 1257, 1261, 1263, 1265, 1266, 1267, 1269, 1270, 1271, 1274, 1276, 1284, 1287, 1289, 1290, 1292, 1295, 1296, 1303, 1304, 1306, 1310, 1314, 1315, 1317, 1319, 1324, 1326, 1331, 1332, 1333, 1334, 1339, 1343, 1345, 1350, 1355, 1356, 1357, 1359, 1361, 1366, 1367, 1374, 1377, 1378, 1381, 1383, 1384, 1386, 1387, 1389, 1392, 1394, 1398, 1401, 1402, 1404, 1407, 1419, 1424, 1425, 1427, 1428, 1429, 1430, 1431, 1441, 1446, 1450, 1451, 1454, 1455, 1456, 1457, 1458, 1461, 1462, 1470, 1474, 1477, 1479, 1480, 1481, 1482, 1484, 1487, 1491, 1493, 1495, 1499, 1500, 1501, 1507, 1510, 1513, 1515, 1527, 1531, 1532, 1534, 1547, 1548, 1550, 1551, 1552, 1553, 1554, 1555, 1556, 1558, 1561, 1562, 1563, 1565, 1575, 1578, 1579, 1580, 1582, 1583, 1586, 1587, 1589, 1591, 1598, 1600, 1602, 1605, 1606, 1611, 1613, 1615, 1618, 1619, 1623, 1624, 1625, 1630, 1635, 1638, 1639, 1642, 1644, 1655, 1656, 1657, 1664, 1670, 1671, 1675, 1677, 1681, 1683, 1684, 1685, 1687, 1688, 1690, 1691, 1693, 1694, 1695, 1696, 1697, 1698, 1700, 1702, 1703, 1706, 1707, 1710, 1713, 1714, 1717, 1719, 1720, 1724, 1725, 1728, 1730, 1732, 1733, 1738, 1740, 1741, 1746, 1749, 1752, 1757, 1758, 1761, 1762, 1763, 1764, 1765, 1768, 1773, 1777, 1778, 1780, 1782, 1784, 1786, 1788, 1789, 1790, 1791, 1792, 1793, 1797, 1800, 1801, 1804, 1807, 1808, 1809, 1813, 1817, 1818, 1819, 1822, 1823, 1825, 1830, 1833, 1834, 1835, 1842, 1845, 1846, 1847, 1850, 1851, 1852, 1857, 1866, 1867, 1872, 1874, 1878, 1881, 1883, 1884, 1885, 1886, 1893, 1894, 1895, 1896, 1898, 1902, 1903, 1904, 1908, 1909, 1913, 1914, 1915, 1917, 1918, 1920, 1923, 1928, 1934, 1937, 1939, 1940, 1942, 1944, 1945, 1946, 1947, 1949, 1953, 1954, 1967, 1970, 1972, 1976, 1979, 1980, 1981, 1982, 1983, 1984, 1986, 1989, 1997, 2002, 2007, 2008, 2011, 2014, 2015, 2017, 2021, 2022, 2024, 2029, 2032, 2034, 2037, 2041, 2043, 2045, 2046, 2047, 2049, 2051, 2054, 2055, 2056, 2057, 2059, 2060, 2062, 2063, 2064, 2065, 2069, 2073, 2076, 2078, 2079, 2080, 2081, 2082, 2089, 2091, 2098, 2099, 2100, 2101, 2104, 2106, 2109, 2110, 2111, 2113, 2115, 2116, 2124, 2127, 2131, 2134, 2138, 2140, 2141, 2146, 2150, 2154, 2159, 2160, 2162, 2165, 2166, 2167, 2171, 2173, 2174, 2175, 2176, 2177, 2180, 2182, 2184, 2186, 2189, 2191, 2199, 2202, 2203, 2204, 2206, 2207, 2211, 2212, 2215, 2221, 2223, 2224, 2227, 2229, 2230, 2231, 2233, 2239, 2240, 2241, 2248, 2249, 2250, 2251, 2252, 2253, 2254, 2256, 2257, 2259, 2266, 2268, 2269, 2271, 2272, 2273, 2278, 2279, 2280, 2281, 2286, 2297, 2298, 2301, 2302, 2307, 2308, 2320, 2321, 2322, 2323, 2326, 2327, 2328, 2331, 2332, 2334, 2335, 2338, 2346, 2349, 2350, 2352, 2361, 2363, 2365, 2369, 2371, 2372, 2373, 2374, 2381, 2382, 2384, 2385, 2386, 2388, 2390, 2393, 2401, 2403, 2405, 2406, 2407, 2409, 2410, 2412, 2414, 2420, 2423, 2424, 2425, 2426, 2427, 2428, 2429, 2432, 2434, 2437, 2439, 2440, 2444, 2445, 2447, 2448, 2449, 2451, 2453, 2454, 2455, 2462, 2468, 2471, 2479, 2482]",,,
PPI_8,0.1,pairwise_connectivity,591,60.00555754,0.690299194,"[1, 6, 13, 20, 23, 24, 69, 77, 85, 90, 91, 108, 134, 145, 149, 163, 169, 182, 185, 186, 231, 232, 238, 256, 261, 282, 283, 288, 300, 320, 334, 364, 366, 369, 375, 380, 385, 386, 398, 402, 412, 417, 432, 433, 434, 439, 459, 460, 467, 473, 483, 486, 488, 517, 520, 524, 558, 566, 578]",,,
PPI_8,0.2,pairwise_connectivity,591,60.00572658,0.342351381,"[9, 10, 12, 13, 19, 23, 24, 25, 29, 50, 66, 69, 72, 77, 85, 89, 90, 91, 94, 99, 103, 104, 108, 109, 125, 134, 139, 140, 141, 143, 146, 150, 152, 158, 159, 164, 168, 169, 172, 173, 177, 179, 182, 185, 186, 197, 201, 207, 208, 211, 212, 223, 230, 232, 236, 277, 283, 288, 300, 304, 308, 320, 324, 326, 332, 333, 334, 340, 341, 351, 352, 353, 359, 364, 369, 375, 379, 380, 382, 385, 386, 398, 412, 417, 418, 430, 432, 433, 434, 441, 451, 452, 460, 463, 467, 488, 492, 498, 507, 516, 517, 519, 520, 524, 525, 529, 533, 537, 549, 555, 558, 563, 566, 575, 584, 586, 589, 590]",,,
PPI_8,0.3,pairwise_connectivity,591,60.00411773,0.02218947,"[4, 9, 10, 12, 17, 18, 19, 22, 23, 25, 27, 29, 34, 40, 47, 50, 53, 56, 57, 58, 63, 69, 73, 74, 77, 89, 91, 92, 94, 99, 102, 103, 108, 109, 114, 116, 122, 125, 134, 139, 140, 141, 146, 150, 158, 159, 168, 169, 172, 173, 175, 177, 179, 182, 185, 186, 187, 190, 197, 201, 207, 208, 211, 223, 226, 230, 232, 234, 239, 247, 252, 253, 259, 272, 277, 283, 285, 288, 297, 299, 300, 304, 306, 308, 314, 320, 323, 324, 332, 333, 340, 341, 342, 343, 349, 351, 352, 353, 357, 359, 363, 364, 367, 369, 370, 375, 379, 380, 382, 385, 398, 411, 412, 413, 417, 418, 420, 423, 427, 430, 431, 432, 433, 434, 441, 443, 451, 452, 456, 457, 458, 459, 460, 463, 467, 471, 472, 473, 476, 479, 482, 488, 492, 494, 495, 497, 498, 499, 504, 514, 516, 517, 518, 519, 520, 524, 527, 529, 537, 540, 544, 548, 549, 550, 553, 554, 555, 556, 558, 562, 563, 564, 566, 575, 584, 586, 590]",,,
PPI_8,0.4,pairwise_connectivity,591,60.00560331,0.002434949,"[4, 6, 9, 10, 12, 13, 17, 18, 19, 20, 22, 23, 24, 25, 27, 29, 33, 34, 36, 40, 41, 43, 47, 50, 51, 53, 56, 57, 58, 61, 63, 66, 69, 72, 73, 74, 77, 80, 89, 90, 91, 92, 94, 99, 102, 103, 108, 109, 110, 111, 116, 122, 125, 130, 134, 135, 139, 140, 141, 143, 146, 149, 150, 152, 157, 158, 159, 164, 168, 169, 172, 173, 175, 177, 182, 185, 186, 190, 197, 198, 199, 207, 211, 212, 213, 215, 223, 226, 231, 232, 234, 236, 237, 239, 242, 247, 251, 252, 253, 256, 257, 259, 267, 268, 277, 283, 285, 286, 288, 290, 297, 300, 304, 306, 314, 319, 320, 324, 328, 332, 333, 335, 340, 341, 342, 343, 351, 352, 353, 356, 357, 359, 361, 362, 363, 364, 368, 369, 370, 375, 379, 380, 382, 383, 385, 389, 390, 398, 400, 410, 411, 412, 413, 417, 418, 420, 423, 424, 430, 431, 432, 433, 434, 435, 439, 441, 442, 443, 446, 447, 449, 451, 452, 456, 457, 458, 459, 460, 463, 467, 471, 472, 473, 476, 482, 488, 490, 491, 492, 494, 495, 498, 499, 501, 504, 507, 512, 514, 516, 517, 518, 519, 520, 522, 524, 526, 527, 528, 529, 533, 536, 537, 538, 539, 540, 544, 548, 549, 550, 553, 554, 555, 556, 558, 562, 563, 564, 566, 571, 572, 573, 575, 584, 586, 589, 590]",,,
PPI_9,0.1,pairwise_connectivity,3312,60.43107319,0.804007484,"[6, 15, 30, 32, 33, 43, 56, 61, 71, 100, 132, 138, 142, 146, 175, 182, 202, 203, 205, 206, 224, 230, 236, 243, 247, 254, 255, 268, 291, 296, 300, 318, 336, 337, 338, 363, 370, 374, 384, 387, 403, 405, 409, 412, 425, 434, 439, 467, 481, 486, 493, 495, 502, 508, 519, 524, 535, 543, 567, 588, 594, 606, 633, 644, 653, 664, 674, 687, 691, 704, 706, 707, 713, 732, 742, 745, 750, 757, 764, 766, 794, 795, 800, 830, 842, 870, 871, 912, 934, 954, 962, 980, 983, 1003, 1020, 1063, 1078, 1087, 1091, 1101, 1104, 1108, 1120, 1136, 1148, 1150, 1182, 1184, 1185, 1196, 1198, 1209, 1210, 1219, 1233, 1237, 1243, 1262, 1264, 1266, 1267, 1268, 1269, 1270, 1276, 1280, 1291, 1304, 1307, 1335, 1336, 1337, 1343, 1356, 1383, 1388, 1408, 1435, 1436, 1441, 1443, 1462, 1475, 1478, 1482, 1512, 1525, 1526, 1527, 1534, 1535, 1549, 1553, 1560, 1563, 1574, 1576, 1580, 1589, 1615, 1623, 1647, 1650, 1667, 1670, 1683, 1696, 1716, 1719, 1722, 1724, 1728, 1733, 1735, 1736, 1758, 1766, 1781, 1789, 1793, 1796, 1797, 1814, 1843, 1850, 1874, 1885, 1908, 1909, 1914, 1918, 1919, 1940, 1961, 1975, 1978, 2012, 2053, 2059, 2085, 2094, 2104, 2116, 2118, 2124, 2128, 2146, 2149, 2152, 2158, 2169, 2175, 2181, 2190, 2195, 2198, 2204, 2256, 2259, 2260, 2266, 2278, 2291, 2292, 2303, 2307, 2311, 2322, 2323, 2324, 2327, 2332, 2344, 2350, 2353, 2354, 2360, 2369, 2377, 2381, 2393, 2397, 2398, 2409, 2411, 2414, 2416, 2425, 2429, 2439, 2466, 2475, 2476, 2484, 2489, 2491, 2519, 2531, 2540, 2543, 2567, 2568, 2570, 2580, 2584, 2585, 2609, 2611, 2626, 2654, 2658, 2662, 2699, 2701, 2723, 2732, 2759, 2777, 2789, 2799, 2813, 2823, 2829, 2832, 2837, 2846, 2853, 2858, 2862, 2868, 2884, 2886, 2901, 2902, 2907, 2923, 2932, 2944, 2950, 2960, 2966, 2974, 2981, 2993, 2994, 2999, 3002, 3005, 3032, 3062, 3085, 3091, 3093, 3104, 3108, 3123, 3162, 3169, 3172, 3185, 3203, 3208, 3219, 3224, 3228, 3241, 3244, 3260, 3261, 3300, 3307]",,,
PPI_9,0.2,pairwise_connectivity,3312,61.18462038,0.637557498,"[5, 6, 11, 15, 20, 21, 30, 32, 33, 43, 46, 56, 58, 61, 63, 67, 71, 72, 77, 100, 103, 108, 113, 118, 132, 138, 142, 146, 149, 157, 165, 175, 176, 180, 182, 186, 194, 195, 197, 199, 200, 202, 203, 205, 206, 223, 224, 230, 236, 243, 254, 255, 268, 275, 277, 291, 294, 296, 314, 316, 319, 321, 327, 334, 336, 338, 342, 349, 350, 355, 356, 363, 366, 369, 370, 374, 384, 387, 394, 398, 403, 408, 409, 412, 416, 417, 420, 421, 425, 432, 439, 441, 442, 448, 453, 465, 467, 471, 476, 477, 486, 491, 493, 495, 498, 500, 508, 519, 522, 524, 544, 551, 558, 565, 567, 573, 581, 588, 592, 594, 606, 611, 614, 617, 625, 628, 631, 633, 637, 640, 644, 653, 655, 656, 664, 668, 680, 683, 687, 691, 692, 703, 704, 705, 706, 708, 711, 713, 719, 732, 737, 742, 745, 750, 755, 764, 767, 778, 785, 786, 795, 800, 817, 818, 822, 823, 830, 831, 840, 842, 843, 850, 861, 865, 867, 870, 871, 877, 880, 905, 907, 912, 914, 918, 922, 923, 924, 934, 947, 954, 959, 962, 966, 969, 973, 974, 975, 980, 983, 985, 993, 995, 1000, 1003, 1007, 1011, 1016, 1020, 1025, 1029, 1034, 1040, 1041, 1044, 1046, 1055, 1070, 1078, 1087, 1095, 1101, 1104, 1108, 1116, 1118, 1120, 1136, 1137, 1140, 1148, 1150, 1152, 1153, 1161, 1164, 1165, 1166, 1170, 1178, 1184, 1196, 1198, 1200, 1209, 1210, 1213, 1226, 1227, 1228, 1230, 1233, 1235, 1236, 1237, 1243, 1245, 1253, 1255, 1262, 1268, 1270, 1272, 1274, 1280, 1282, 1289, 1291, 1292, 1293, 1304, 1307, 1323, 1326, 1328, 1329, 1334, 1335, 1336, 1337, 1342, 1343, 1348, 1349, 1356, 1363, 1364, 1365, 1369, 1377, 1407, 1408, 1409, 1423, 1425, 1435, 1436, 1441, 1443, 1446, 1447, 1462, 1464, 1465, 1475, 1478, 1480, 1482, 1485, 1509, 1512, 1525, 1526, 1527, 1535, 1536, 1549, 1553, 1560, 1563, 1568, 1570, 1574, 1580, 1582, 1589, 1607, 1613, 1617, 1623, 1641, 1642, 1646, 1647, 1654, 1662, 1663, 1670, 1679, 1683, 1689, 1696, 1697, 1703, 1705, 1716, 1718, 1719, 1722, 1724, 1728, 1730, 1733, 1735, 1736, 1742, 1754, 1760, 1762, 1766, 1777, 1781, 1785, 1789, 1793, 1796, 1797, 1798, 1800, 1802, 1809, 1812, 1814, 1821, 1827, 1829, 1832, 1836, 1840, 1841, 1843, 1850, 1869, 1870, 1871, 1874, 1881, 1883, 1888, 1894, 1897, 1907, 1908, 1909, 1914, 1918, 1919, 1932, 1935, 1936, 1939, 1940, 1952, 1954, 1957, 1961, 1963, 1971, 1973, 1975, 1978, 1992, 2000, 2001, 2004, 2009, 2010, 2012, 2022, 2043, 2052, 2053, 2054, 2055, 2056, 2059, 2064, 2066, 2077, 2080, 2082, 2085, 2088, 2093, 2098, 2104, 2116, 2129, 2132, 2141, 2143, 2146, 2149, 2151, 2152, 2158, 2163, 2166, 2175, 2176, 2181, 2190, 2195, 2198, 2203, 2206, 2214, 2215, 2216, 2219, 2221, 2222, 2240, 2248, 2256, 2259, 2260, 2278, 2283, 2291, 2292, 2293, 2299, 2303, 2304, 2307, 2311, 2318, 2323, 2327, 2332, 2344, 2353, 2354, 2359, 2360, 2367, 2368, 2369, 2372, 2377, 2379, 2381, 2390, 2392, 2393, 2409, 2411, 2414, 2416, 2418, 2424, 2425, 2429, 2451, 2457, 2465, 2466, 2470, 2475, 2476, 2484, 2489, 2491, 2501, 2511, 2519, 2520, 2531, 2534, 2540, 2543, 2547, 2555, 2556, 2558, 2564, 2567, 2568, 2570, 2571, 2572, 2581, 2582, 2584, 2594, 2604, 2609, 2611, 2626, 2638, 2649, 2654, 2658, 2660, 2662, 2663, 2668, 2670, 2672, 2688, 2698, 2719, 2722, 2723, 2728, 2732, 2736, 2745, 2752, 2759, 2760, 2763, 2764, 2770, 2775, 2777, 2786, 2789, 2796, 2799, 2801, 2807, 2813, 2823, 2824, 2829, 2832, 2837, 2839, 2846, 2853, 2858, 2868, 2871, 2872, 2881, 2884, 2886, 2890, 2898, 2901, 2907, 2923, 2931, 2932, 2944, 2950, 2959, 2961, 2963, 2964, 2970, 2971, 2973, 2974, 2993, 2994, 2999, 3000, 3001, 3002, 3005, 3017, 3018, 3023, 3034, 3035, 3062, 3068, 3082, 3085, 3091, 3093, 3099, 3104, 3106, 3108, 3123, 3128, 3129, 3130, 3137, 3143, 3158, 3162, 3165, 3169, 3172, 3178, 3179, 3180, 3185, 3203, 3207, 3208, 3209, 3213, 3219, 3222, 3223, 3224, 3227, 3228, 3235, 3237, 3238, 3241, 3244, 3275, 3279, 3280, 3300]",,,
PPI_9,0.3,pairwise_connectivity,3312,61.65434909,0.400906567,"[5, 6, 11, 15, 20, 22, 29, 30, 32, 33, 43, 45, 46, 56, 58, 61, 63, 65, 67, 70, 71, 72, 73, 75, 76, 78, 83, 84, 89, 95, 99, 100, 103, 108, 111, 112, 113, 117, 118, 123, 126, 141, 142, 146, 148, 149, 157, 160, 173, 175, 180, 182, 186, 194, 195, 197, 202, 203, 205, 206, 207, 219, 223, 224, 228, 230, 232, 235, 236, 243, 244, 245, 252, 254, 255, 258, 268, 269, 274, 275, 277, 280, 282, 291, 292, 294, 298, 300, 302, 314, 315, 318, 321, 327, 332, 334, 336, 338, 342, 343, 349, 350, 356, 360, 363, 365, 369, 370, 374, 379, 384, 387, 394, 398, 401, 403, 408, 409, 411, 412, 413, 416, 417, 420, 422, 424, 425, 433, 439, 441, 442, 446, 448, 449, 450, 451, 453, 454, 462, 465, 467, 471, 476, 477, 483, 486, 491, 492, 493, 495, 501, 508, 514, 518, 519, 522, 524, 530, 540, 543, 544, 551, 558, 561, 565, 567, 570, 574, 581, 588, 592, 594, 597, 603, 606, 607, 610, 611, 614, 615, 618, 620, 625, 628, 629, 633, 637, 640, 642, 644, 647, 648, 649, 650, 651, 652, 653, 655, 656, 657, 658, 664, 669, 679, 680, 687, 691, 695, 700, 703, 704, 705, 706, 708, 711, 712, 713, 718, 727, 729, 732, 736, 737, 743, 745, 747, 749, 750, 755, 756, 757, 758, 764, 765, 767, 768, 778, 782, 784, 786, 789, 790, 795, 800, 805, 810, 811, 817, 818, 819, 821, 823, 828, 830, 831, 835, 837, 842, 843, 850, 856, 858, 859, 860, 861, 862, 865, 866, 868, 870, 874, 875, 878, 880, 882, 884, 885, 889, 905, 911, 912, 913, 917, 922, 923, 924, 925, 926, 934, 948, 954, 959, 962, 969, 973, 974, 975, 980, 982, 983, 985, 990, 993, 995, 999, 1000, 1002, 1003, 1005, 1006, 1011, 1016, 1019, 1020, 1024, 1025, 1029, 1032, 1039, 1040, 1041, 1045, 1046, 1047, 1049, 1050, 1051, 1052, 1064, 1065, 1067, 1068, 1070, 1078, 1079, 1087, 1089, 1093, 1095, 1099, 1101, 1103, 1104, 1105, 1108, 1113, 1117, 1118, 1120, 1136, 1137, 1140, 1145, 1148, 1150, 1153, 1155, 1157, 1164, 1165, 1166, 1169, 1170, 1174, 1184, 1186, 1187, 1191, 1192, 1194, 1195, 1196, 1198, 1200, 1205, 1207, 1209, 1210, 1216, 1226, 1227, 1228, 1230, 1233, 1236, 1237, 1239, 1240, 1242, 1243, 1245, 1246, 1248, 1249, 1250, 1251, 1254, 1255, 1258, 1266, 1267, 1268, 1269, 1270, 1272, 1274, 1278, 1279, 1280, 1282, 1284, 1289, 1291, 1293, 1302, 1304, 1307, 1312, 1323, 1325, 1327, 1328, 1329, 1331, 1333, 1334, 1335, 1336, 1337, 1342, 1343, 1348, 1349, 1350, 1351, 1354, 1356, 1364, 1365, 1368, 1369, 1370, 1383, 1384, 1389, 1397, 1407, 1408, 1409, 1410, 1415, 1420, 1423, 1424, 1425, 1427, 1431, 1435, 1436, 1438, 1441, 1443, 1445, 1446, 1448, 1450, 1460, 1462, 1465, 1475, 1478, 1480, 1482, 1485, 1486, 1487, 1491, 1492, 1504, 1508, 1509, 1512, 1525, 1526, 1534, 1535, 1536, 1548, 1549, 1552, 1553, 1563, 1570, 1571, 1572, 1579, 1580, 1582, 1584, 1586, 1589, 1594, 1595, 1603, 1604, 1605, 1607, 1615, 1617, 1622, 1633, 1637, 1642, 1644, 1646, 1656, 1663, 1666, 1668, 1670, 1671, 1677, 1683, 1689, 1696, 1697, 1703, 1705, 1708, 1711, 1716, 1718, 1719, 1720, 1722, 1724, 1727, 1728, 1733, 1735, 1736, 1740, 1742, 1751, 1758, 1759, 1760, 1761, 1766, 1774, 1776, 1777, 1781, 1789, 1793, 1796, 1797, 1798, 1802, 1807, 1808, 1809, 1811, 1812, 1814, 1821, 1827, 1829, 1831, 1833, 1835, 1836, 1838, 1839, 1840, 1841, 1843, 1850, 1862, 1865, 1869, 1870, 1871, 1874, 1881, 1882, 1883, 1884, 1888, 1898, 1901, 1907, 1908, 1909, 1914, 1918, 1919, 1936, 1939, 1940, 1944, 1946, 1952, 1954, 1956, 1957, 1958, 1961, 1963, 1971, 1972, 1973, 1975, 1978, 1986, 1992, 2001, 2004, 2010, 2012, 2018, 2023, 2027, 2032, 2033, 2038, 2043, 2045, 2047, 2051, 2053, 2054, 2055, 2056, 2059, 2063, 2064, 2065, 2066, 2080, 2082, 2085, 2086, 2088, 2089, 2091, 2093, 2094, 2097, 2098, 2100, 2102, 2104, 2113, 2116, 2118, 2122, 2130, 2132, 2141, 2144, 2146, 2148, 2149, 2151, 2152, 2154, 2158, 2160, 2162, 2166, 2169, 2175, 2176, 2181, 2186, 2190, 2192, 2195, 2197, 2198, 2200, 2203, 2206, 2208, 2214, 2215, 2216, 2218, 2219, 2221, 2222, 2226, 2227, 2233, 2240, 2243, 2248, 2256, 2259, 2260, 2267, 2268, 2278, 2282, 2283, 2288, 2291, 2292, 2293, 2297, 2303, 2304, 2306, 2307, 2311, 2314, 2324, 2325, 2327, 2328, 2331, 2332, 2340, 2341, 2344, 2353, 2354, 2355, 2359, 2360, 2369, 2371, 2372, 2373, 2375, 2377, 2379, 2380, 2381, 2382, 2383, 2384, 2385, 2392, 2393, 2400, 2401, 2409, 2410, 2411, 2414, 2416, 2420, 2421, 2425, 2432, 2438, 2447, 2451, 2456, 2457, 2465, 2466, 2469, 2470, 2475, 2484, 2489, 2491, 2493, 2498, 2511, 2515, 2520, 2525, 2526, 2529, 2530, 2531, 2534, 2537, 2540, 2543, 2545, 2547, 2552, 2555, 2556, 2558, 2564, 2567, 2568, 2571, 2572, 2577, 2580, 2581, 2584, 2585, 2587, 2599, 2604, 2609, 2611, 2615, 2621, 2626, 2629, 2631, 2637, 2638, 2642, 2645, 2654, 2658, 2661, 2662, 2663, 2666, 2668, 2670, 2676, 2677, 2688, 2701, 2703, 2707, 2708, 2711, 2712, 2716, 2719, 2720, 2723, 2724, 2728, 2730, 2731, 2736, 2739, 2741, 2743, 2745, 2757, 2760, 2763, 2770, 2775, 2776, 2777, 2789, 2792, 2796, 2799, 2806, 2807, 2813, 2821, 2822, 2823, 2824, 2829, 2832, 2837, 2839, 2840, 2846, 2853, 2858, 2867, 2868, 2869, 2872, 2875, 2881, 2884, 2886, 2887, 2892, 2895, 2898, 2900, 2901, 2902, 2903, 2907, 2923, 2927, 2931, 2932, 2937, 2944, 2950, 2957, 2961, 2963, 2964, 2970, 2971, 2973, 2974, 2981, 2984, 2992, 2993, 2994, 2995, 2996, 2999, 3000, 3001, 3002, 3005, 3017, 3018, 3021, 3026, 3035, 3039, 3042, 3058, 3062, 3068, 3069, 3070, 3082, 3083, 3085, 3091, 3093, 3094, 3095, 3098, 3099, 3103, 3104, 3106, 3108, 3112, 3114, 3116, 3121, 3123, 3129, 3130, 3142, 3146, 3153, 3158, 3162, 3165, 3169, 3170, 3172, 3178, 3179, 3180, 3181, 3185, 3187, 3188, 3203, 3205, 3207, 3208, 3209, 3212, 3219, 3222, 3223, 3224, 3227, 3228, 3230, 3235, 3236, 3237, 3238, 3239, 3241, 3242, 3244, 3253, 3254, 3260, 3274, 3275, 3279, 3280, 3285, 3300, 3304]",,,
PPI_9,0.4,pairwise_connectivity,3312,61.93858862,0.006112164,"[5, 11, 15, 20, 30, 32, 33, 34, 37, 40, 43, 45, 46, 51, 56, 58, 59, 61, 63, 65, 67, 71, 72, 75, 79, 83, 86, 88, 89, 90, 92, 95, 99, 100, 102, 103, 104, 105, 107, 110, 111, 112, 113, 116, 119, 120, 123, 126, 131, 134, 141, 142, 143, 146, 149, 155, 160, 161, 163, 165, 166, 168, 169, 172, 173, 174, 175, 180, 182, 183, 186, 188, 190, 191, 194, 197, 198, 203, 205, 206, 207, 209, 210, 211, 214, 219, 224, 230, 231, 232, 235, 236, 242, 245, 247, 249, 250, 251, 252, 254, 255, 259, 261, 263, 268, 275, 279, 280, 282, 286, 291, 294, 298, 299, 300, 301, 306, 314, 315, 318, 319, 321, 325, 327, 329, 332, 334, 336, 337, 343, 345, 348, 350, 356, 357, 358, 360, 361, 362, 363, 364, 366, 368, 369, 370, 372, 374, 375, 379, 387, 390, 394, 398, 400, 401, 402, 403, 408, 409, 410, 411, 412, 413, 417, 420, 421, 422, 425, 432, 433, 434, 435, 438, 441, 442, 446, 448, 449, 450, 451, 453, 454, 458, 462, 465, 467, 472, 474, 475, 476, 477, 482, 483, 485, 486, 490, 491, 493, 495, 496, 499, 508, 509, 512, 514, 515, 516, 517, 518, 522, 524, 530, 532, 535, 536, 540, 543, 544, 545, 547, 551, 552, 553, 555, 558, 559, 563, 564, 565, 566, 567, 570, 574, 576, 581, 585, 588, 590, 591, 592, 594, 597, 600, 603, 604, 605, 606, 607, 610, 614, 615, 618, 620, 625, 627, 628, 629, 631, 633, 637, 640, 641, 642, 644, 647, 648, 649, 650, 651, 652, 653, 654, 655, 656, 658, 660, 667, 669, 675, 676, 679, 680, 687, 691, 695, 701, 703, 704, 705, 706, 708, 709, 710, 711, 712, 713, 714, 719, 727, 732, 736, 737, 738, 739, 740, 744, 745, 746, 748, 755, 756, 757, 765, 769, 775, 776, 777, 778, 782, 786, 788, 790, 805, 807, 809, 810, 812, 813, 814, 817, 818, 819, 820, 822, 823, 824, 827, 828, 829, 830, 831, 833, 834, 835, 837, 838, 839, 840, 843, 845, 849, 850, 851, 856, 858, 859, 861, 862, 865, 866, 868, 874, 875, 879, 882, 883, 884, 885, 889, 891, 895, 902, 903, 905, 906, 907, 908, 909, 911, 912, 917, 923, 924, 925, 931, 932, 933, 934, 936, 945, 954, 958, 959, 960, 961, 962, 965, 969, 973, 974, 976, 980, 984, 988, 990, 993, 995, 998, 1000, 1003, 1005, 1016, 1019, 1020, 1021, 1024, 1025, 1026, 1029, 1031, 1032, 1035, 1038, 1039, 1040, 1041, 1042, 1043, 1045, 1046, 1047, 1048, 1049, 1068, 1070, 1074, 1076, 1078, 1079, 1082, 1087, 1089, 1093, 1095, 1096, 1097, 1099, 1101, 1103, 1104, 1105, 1108, 1112, 1113, 1114, 1117, 1118, 1122, 1128, 1132, 1136, 1137, 1145, 1148, 1150, 1152, 1153, 1155, 1164, 1165, 1166, 1167, 1168, 1170, 1178, 1183, 1186, 1190, 1191, 1194, 1195, 1197, 1203, 1205, 1209, 1210, 1213, 1216, 1227, 1228, 1230, 1233, 1236, 1237, 1240, 1241, 1242, 1243, 1244, 1245, 1248, 1249, 1250, 1251, 1253, 1254, 1262, 1263, 1266, 1267, 1268, 1269, 1270, 1272, 1273, 1278, 1279, 1280, 1282, 1284, 1287, 1289, 1290, 1291, 1292, 1293, 1294, 1297, 1298, 1304, 1307, 1308, 1310, 1317, 1321, 1323, 1325, 1326, 1327, 1328, 1329, 1330, 1331, 1333, 1334, 1335, 1336, 1337, 1340, 1342, 1347, 1348, 1350, 1351, 1353, 1354, 1356, 1363, 1364, 1365, 1369, 1370, 1372, 1374, 1375, 1376, 1377, 1384, 1388, 1389, 1394, 1399, 1403, 1404, 1407, 1408, 1409, 1410, 1412, 1415, 1419, 1421, 1422, 1423, 1424, 1425, 1427, 1428, 1431, 1435, 1436, 1437, 1440, 1441, 1443, 1445, 1446, 1448, 1450, 1456, 1460, 1461, 1462, 1465, 1473, 1475, 1478, 1479, 1480, 1482, 1483, 1484, 1485, 1486, 1489, 1491, 1492, 1500, 1502, 1506, 1507, 1508, 1511, 1512, 1519, 1521, 1523, 1525, 1527, 1528, 1531, 1533, 1534, 1535, 1536, 1537, 1539, 1540, 1545, 1549, 1553, 1558, 1570, 1571, 1574, 1576, 1578, 1580, 1589, 1590, 1593, 1594, 1599, 1600, 1603, 1604, 1605, 1606, 1607, 1608, 1611, 1617, 1620, 1622, 1628, 1629, 1637, 1641, 1642, 1644, 1646, 1648, 1650, 1654, 1656, 1660, 1663, 1666, 1670, 1671, 1674, 1677, 1679, 1681, 1689, 1694, 1696, 1697, 1699, 1703, 1705, 1718, 1719, 1720, 1721, 1722, 1727, 1728, 1729, 1733, 1734, 1735, 1736, 1737, 1739, 1742, 1750, 1756, 1757, 1758, 1759, 1760, 1761, 1766, 1767, 1771, 1774, 1776, 1777, 1779, 1781, 1786, 1789, 1793, 1796, 1801, 1802, 1803, 1807, 1808, 1809, 1811, 1812, 1813, 1814, 1817, 1818, 1820, 1821, 1824, 1825, 1826, 1827, 1829, 1833, 1835, 1837, 1839, 1840, 1843, 1847, 1850, 1855, 1857, 1858, 1862, 1866, 1869, 1874, 1877, 1879, 1881, 1882, 1883, 1884, 1894, 1897, 1901, 1902, 1906, 1907, 1908, 1909, 1913, 1914, 1915, 1916, 1918, 1919, 1920, 1921, 1928, 1932, 1934, 1936, 1939, 1940, 1942, 1944, 1946, 1948, 1950, 1952, 1954, 1955, 1956, 1957, 1958, 1961, 1963, 1967, 1968, 1969, 1971, 1972, 1973, 1978, 1979, 1980, 1981, 1987, 1991, 1992, 1996, 1997, 2001, 2003, 2004, 2010, 2018, 2019, 2022, 2023, 2027, 2033, 2035, 2038, 2042, 2044, 2045, 2047, 2051, 2052, 2053, 2054, 2055, 2056, 2058, 2063, 2065, 2066, 2070, 2080, 2082, 2085, 2086, 2087, 2088, 2093, 2094, 2097, 2098, 2099, 2100, 2102, 2104, 2110, 2111, 2113, 2116, 2118, 2120, 2121, 2122, 2129, 2130, 2132, 2136, 2137, 2141, 2143, 2144, 2151, 2152, 2156, 2160, 2161, 2163, 2165, 2168, 2169, 2172, 2173, 2175, 2176, 2178, 2181, 2190, 2195, 2196, 2197, 2198, 2203, 2205, 2206, 2207, 2214, 2215, 2216, 2217, 2219, 2221, 2222, 2224, 2227, 2228, 2230, 2232, 2233, 2239, 2240, 2241, 2244, 2248, 2249, 2251, 2252, 2256, 2259, 2264, 2268, 2271, 2272, 2273, 2277, 2282, 2283, 2285, 2288, 2289, 2291, 2292, 2293, 2299, 2301, 2303, 2304, 2305, 2306, 2307, 2310, 2311, 2314, 2317, 2320, 2324, 2325, 2328, 2329, 2331, 2332, 2333, 2334, 2335, 2340, 2344, 2349, 2353, 2354, 2356, 2359, 2360, 2371, 2372, 2373, 2375, 2377, 2378, 2379, 2380, 2381, 2382, 2384, 2388, 2391, 2392, 2393, 2396, 2400, 2401, 2405, 2407, 2409, 2410, 2411, 2414, 2416, 2417, 2420, 2421, 2425, 2430, 2432, 2433, 2440, 2443, 2445, 2446, 2447, 2451, 2452, 2453, 2454, 2456, 2457, 2460, 2465, 2468, 2470, 2474, 2475, 2480, 2484, 2485, 2489, 2493, 2495, 2496, 2498, 2502, 2504, 2507, 2509, 2510, 2511, 2512, 2515, 2517, 2520, 2525, 2526, 2527, 2528, 2531, 2537, 2538, 2540, 2542, 2543, 2545, 2546, 2547, 2548, 2554, 2556, 2560, 2562, 2564, 2565, 2567, 2571, 2572, 2575, 2576, 2577, 2580, 2581, 2582, 2583, 2584, 2585, 2587, 2593, 2594, 2595, 2596, 2597, 2599, 2604, 2605, 2608, 2609, 2611, 2613, 2615, 2626, 2629, 2631, 2632, 2637, 2638, 2640, 2641, 2642, 2649, 2654, 2662, 2663, 2668, 2672, 2675, 2676, 2681, 2683, 2688, 2692, 2693, 2695, 2703, 2707, 2711, 2716, 2723, 2724, 2727, 2728, 2730, 2733, 2734, 2735, 2736, 2737, 2741, 2743, 2744, 2746, 2751, 2752, 2754, 2757, 2760, 2762, 2763, 2774, 2776, 2777, 2781, 2784, 2786, 2794, 2796, 2799, 2801, 2806, 2807, 2809, 2810, 2812, 2813, 2814, 2818, 2819, 2821, 2822, 2823, 2829, 2831, 2832, 2833, 2837, 2839, 2840, 2846, 2849, 2850, 2853, 2868, 2871, 2872, 2875, 2878, 2879, 2880, 2883, 2886, 2887, 2890, 2891, 2892, 2893, 2894, 2895, 2897, 2899, 2900, 2901, 2903, 2904, 2905, 2908, 2913, 2923, 2927, 2928, 2929, 2930, 2931, 2932, 2936, 2937, 2938, 2939, 2944, 2947, 2950, 2956, 2958, 2959, 2961, 2963, 2964, 2967, 2968, 2970, 2971, 2972, 2974, 2976, 2978, 2980, 2981, 2982, 2983, 2992, 2993, 2994, 2995, 2999, 3000, 3002, 3003, 3006, 3017, 3020, 3023, 3032, 3034, 3035, 3037, 3042, 3043, 3045, 3056, 3057, 3058, 3062, 3064, 3068, 3069, 3070, 3071, 3082, 3083, 3084, 3085, 3090, 3091, 3093, 3094, 3095, 3099, 3103, 3104, 3113, 3117, 3119, 3123, 3125, 3137, 3138, 3141, 3142, 3145, 3146, 3148, 3150, 3152, 3153, 3156, 3157, 3158, 3165, 3168, 3169, 3170, 3172, 3173, 3175, 3178, 3179, 3180, 3181, 3188, 3189, 3194, 3198, 3199, 3203, 3205, 3206, 3208, 3212, 3223, 3224, 3226, 3228, 3230, 3234, 3235, 3236, 3238, 3239, 3242, 3244, 3250, 3253, 3254, 3258, 3260, 3261, 3264, 3265, 3267, 3269, 3271, 3274, 3275, 3281, 3292, 3298, 3300, 3304, 3306, 3311]",,,
