exp_label,budget,number_of_nodes,nodes_removed,macnp_time,macnp_connectivity,gurobi_connectivity,hybrid_08_connectivity,removed_nodes,pairwise_connectivity
PPI_1,0.1,1377,137,5.030530691146851,0.7754718946080346,,,"[1, 8, 11, 13, 20, 26, 36, 64, 68, 78, 81, 83, 84, 88, 90, 118, 135, 169, 179, 181, 184, 190, 200, 218, 221, 227, 243, 263, 295, 296, 314, 318, 325, 346, 359, 374, 394, 405, 421, 431, 434, 435, 436, 441, 447, 455, 462, 465, 467, 470, 478, 513, 517, 518, 526, 534, 543, 544, 556, 566, 583, 590, 600, 635, 654, 673, 674, 684, 696, 702, 713, 720, 728, 730, 733, 738, 747, 754, 759, 760, 771, 776, 777, 783, 793, 806, 809, 817, 824, 843, 865, 866, 872, 896, 898, 902, 908, 909, 911, 912, 933, 936, 949, 961, 975, 979, 984, 1014, 1024, 1036, 1039, 1050, 1059, 1060, 1061, 1070, 1089, 1097, 1115, 1125, 1165, 1166, 1170, 1181, 1197, 1200, 1223, 1227, 1238, 1263, 1293, 1297, 1310, 1315, 1341, 1351, 1370]",
PPI_1,0.2,1377,275,5.133548021316528,0.5990544810772586,,,"[1, 7, 8, 11, 13, 19, 20, 26, 36, 64, 68, 72, 77, 78, 81, 83, 84, 85, 88, 90, 106, 107, 118, 120, 124, 135, 136, 149, 160, 169, 178, 179, 181, 184, 189, 190, 191, 196, 200, 203, 208, 210, 211, 218, 221, 226, 227, 230, 243, 247, 250, 263, 264, 268, 272, 274, 277, 278, 284, 288, 294, 295, 296, 297, 298, 301, 303, 314, 318, 319, 322, 325, 334, 336, 339, 346, 351, 359, 368, 374, 375, 377, 394, 405, 413, 414, 417, 421, 422, 424, 431, 434, 435, 436, 440, 441, 447, 448, 455, 457, 462, 465, 466, 467, 470, 471, 478, 486, 492, 493, 496, 513, 515, 516, 517, 518, 526, 534, 543, 544, 550, 556, 557, 558, 560, 566, 573, 575, 583, 589, 590, 600, 604, 635, 636, 652, 654, 658, 669, 671, 673, 674, 679, 682, 683, 684, 687, 689, 695, 696, 698, 702, 707, 713, 717, 720, 728, 730, 733, 738, 745, 746, 747, 754, 758, 759, 760, 765, 771, 777, 778, 790, 793, 798, 806, 809, 816, 818, 824, 827, 858, 861, 864, 865, 866, 867, 872, 873, 889, 896, 898, 900, 902, 906, 909, 911, 912, 933, 935, 936, 946, 949, 953, 961, 963, 965, 975, 976, 978, 979, 984, 985, 991, 992, 1000, 1005, 1006, 1008, 1014, 1033, 1034, 1039, 1050, 1056, 1059, 1060, 1061, 1063, 1065, 1070, 1074, 1089, 1096, 1097, 1114, 1115, 1125, 1126, 1137, 1138, 1142, 1154, 1156, 1165, 1166, 1168, 1170, 1181, 1186, 1187, 1197, 1200, 1208, 1223, 1227, 1228, 1230, 1245, 1247, 1262, 1263, 1267, 1293, 1297, 1308, 1310, 1315, 1326, 1327, 1341, 1348, 1351, 1355, 1357, 1370]",
PPI_1,0.3,1377,413,5.203495979309082,0.24737055277637743,,,"[1, 4, 7, 11, 13, 14, 15, 16, 19, 20, 24, 26, 37, 40, 42, 44, 49, 51, 54, 55, 61, 64, 66, 68, 69, 70, 72, 74, 75, 77, 78, 80, 83, 85, 87, 88, 95, 99, 106, 107, 110, 118, 119, 120, 121, 128, 134, 135, 139, 142, 144, 145, 151, 153, 156, 158, 161, 169, 174, 179, 181, 183, 188, 189, 190, 191, 196, 198, 200, 202, 203, 206, 208, 210, 211, 218, 219, 221, 226, 227, 228, 230, 237, 241, 243, 245, 247, 250, 252, 259, 260, 262, 266, 267, 268, 272, 274, 276, 277, 283, 284, 285, 288, 294, 296, 297, 298, 300, 301, 302, 303, 309, 314, 318, 322, 331, 333, 343, 349, 350, 354, 355, 359, 360, 361, 368, 370, 374, 375, 377, 379, 382, 383, 388, 411, 412, 413, 414, 417, 422, 423, 434, 435, 436, 437, 440, 441, 442, 447, 455, 457, 461, 462, 465, 466, 467, 471, 473, 478, 481, 485, 486, 492, 494, 496, 499, 500, 502, 505, 513, 515, 516, 517, 518, 520, 521, 525, 527, 534, 544, 550, 551, 552, 553, 554, 555, 556, 557, 558, 560, 561, 564, 566, 567, 569, 573, 575, 577, 578, 589, 590, 594, 600, 602, 606, 616, 625, 628, 633, 634, 635, 636, 642, 648, 649, 652, 654, 658, 666, 674, 675, 679, 681, 682, 683, 687, 689, 695, 696, 702, 705, 713, 720, 735, 739, 745, 746, 747, 755, 758, 759, 765, 769, 771, 772, 777, 778, 780, 781, 790, 793, 794, 804, 805, 806, 808, 815, 816, 818, 820, 824, 826, 835, 854, 858, 859, 861, 864, 865, 866, 867, 869, 873, 880, 883, 885, 888, 889, 894, 895, 896, 898, 901, 902, 904, 905, 912, 913, 918, 933, 934, 935, 938, 940, 941, 948, 949, 950, 952, 960, 963, 965, 966, 969, 978, 979, 982, 984, 985, 987, 994, 997, 1000, 1002, 1005, 1008, 1009, 1015, 1026, 1034, 1037, 1044, 1048, 1050, 1056, 1057, 1059, 1060, 1061, 1062, 1065, 1066, 1067, 1070, 1074, 1076, 1080, 1085, 1087, 1097, 1099, 1106, 1109, 1110, 1112, 1114, 1130, 1142, 1145, 1150, 1154, 1155, 1165, 1166, 1173, 1174, 1177, 1181, 1183, 1185, 1186, 1187, 1192, 1196, 1200, 1204, 1207, 1208, 1213, 1214, 1215, 1217, 1218, 1222, 1223, 1227, 1228, 1229, 1230, 1232, 1233, 1234, 1245, 1246, 1247, 1251, 1252, 1254, 1257, 1258, 1260, 1263, 1264, 1267, 1270, 1293, 1296, 1297, 1308, 1315, 1318, 1326, 1328, 1329, 1332, 1336, 1341, 1342, 1343, 1348, 1355, 1357, 1370]",
PPI_1,0.4,1377,550,5.160980939865112,0.0029863768514804523,,,"[1, 4, 7, 11, 13, 14, 15, 16, 19, 20, 22, 24, 26, 28, 31, 37, 38, 42, 44, 47, 49, 51, 54, 61, 64, 66, 67, 69, 71, 72, 77, 78, 79, 80, 85, 87, 88, 89, 90, 91, 95, 96, 99, 103, 104, 105, 106, 107, 110, 116, 118, 119, 124, 128, 129, 133, 134, 135, 136, 139, 142, 144, 145, 150, 151, 153, 155, 156, 158, 160, 161, 164, 166, 169, 174, 179, 181, 188, 189, 190, 191, 195, 196, 197, 198, 200, 202, 203, 206, 208, 210, 211, 215, 218, 219, 221, 224, 226, 227, 228, 230, 232, 235, 236, 237, 239, 240, 241, 242, 243, 245, 246, 247, 250, 252, 256, 258, 259, 260, 263, 265, 266, 267, 268, 271, 272, 274, 276, 277, 278, 280, 283, 285, 287, 288, 290, 294, 295, 296, 297, 298, 300, 301, 302, 303, 309, 314, 318, 322, 328, 329, 331, 333, 338, 343, 349, 350, 354, 355, 358, 359, 360, 361, 363, 367, 368, 370, 372, 374, 375, 377, 378, 382, 383, 388, 389, 393, 402, 410, 412, 413, 414, 415, 417, 419, 422, 423, 434, 435, 436, 437, 439, 440, 441, 442, 444, 447, 453, 455, 457, 460, 461, 463, 465, 466, 467, 470, 471, 473, 478, 481, 486, 487, 491, 494, 496, 498, 499, 500, 502, 505, 509, 512, 513, 514, 515, 516, 517, 520, 522, 523, 525, 530, 534, 536, 544, 550, 551, 552, 553, 554, 555, 556, 557, 558, 560, 561, 564, 566, 571, 573, 575, 577, 578, 583, 584, 587, 589, 590, 594, 598, 602, 604, 610, 612, 616, 622, 623, 625, 631, 632, 633, 634, 635, 636, 641, 642, 643, 648, 649, 651, 652, 654, 658, 666, 669, 670, 674, 675, 678, 679, 681, 682, 683, 687, 689, 695, 697, 698, 702, 705, 711, 715, 717, 720, 730, 732, 733, 735, 738, 739, 745, 746, 747, 748, 754, 755, 758, 759, 764, 765, 767, 769, 771, 772, 774, 777, 780, 781, 787, 790, 793, 794, 803, 805, 806, 813, 815, 818, 819, 820, 822, 824, 826, 828, 831, 835, 848, 854, 858, 859, 861, 863, 864, 865, 866, 867, 871, 872, 873, 874, 879, 881, 883, 885, 888, 895, 896, 898, 900, 902, 904, 905, 908, 912, 917, 918, 919, 924, 929, 933, 934, 935, 938, 939, 940, 941, 948, 949, 950, 952, 953, 958, 959, 960, 962, 965, 966, 969, 973, 975, 977, 978, 979, 982, 984, 987, 988, 992, 993, 994, 996, 997, 998, 999, 1000, 1002, 1005, 1008, 1009, 1014, 1015, 1016, 1018, 1025, 1026, 1029, 1033, 1034, 1035, 1037, 1038, 1044, 1046, 1048, 1050, 1054, 1055, 1056, 1059, 1060, 1061, 1062, 1065, 1067, 1070, 1071, 1074, 1076, 1080, 1082, 1085, 1087, 1088, 1089, 1095, 1097, 1099, 1106, 1109, 1110, 1114, 1130, 1133, 1137, 1138, 1141, 1142, 1145, 1150, 1151, 1152, 1153, 1155, 1156, 1157, 1162, 1163, 1165, 1166, 1173, 1174, 1177, 1178, 1181, 1182, 1183, 1185, 1186, 1188, 1192, 1196, 1200, 1204, 1207, 1208, 1211, 1214, 1215, 1216, 1217, 1227, 1228, 1229, 1230, 1231, 1232, 1233, 1234, 1245, 1246, 1247, 1251, 1252, 1253, 1257, 1258, 1260, 1261, 1263, 1264, 1270, 1271, 1274, 1284, 1286, 1290, 1291, 1292, 1293, 1296, 1297, 1307, 1308, 1315, 1318, 1323, 1326, 1327, 1332, 1337, 1341, 1342, 1346, 1348, 1352, 1355, 1359, 1370, 1373]",
PPI_10,0.1,2401,240,5.2707202434539795,0.8033964899652082,,,"[4, 11, 17, 22, 23, 25, 31, 37, 38, 41, 45, 58, 73, 84, 101, 105, 131, 135, 141, 148, 151, 158, 169, 174, 196, 200, 214, 218, 232, 238, 253, 254, 257, 266, 268, 284, 295, 298, 299, 302, 307, 311, 317, 324, 331, 341, 353, 357, 365, 369, 385, 397, 411, 427, 431, 439, 459, 464, 501, 507, 508, 511, 515, 532, 534, 546, 550, 565, 577, 589, 604, 616, 621, 625, 629, 638, 661, 676, 688, 691, 699, 700, 703, 708, 733, 735, 746, 757, 779, 790, 792, 796, 803, 805, 809, 819, 823, 828, 853, 861, 869, 883, 888, 896, 901, 906, 923, 935, 952, 953, 958, 959, 960, 965, 970, 1016, 1023, 1041, 1043, 1063, 1066, 1069, 1079, 1104, 1117, 1175, 1186, 1203, 1222, 1228, 1244, 1247, 1251, 1260, 1284, 1311, 1313, 1364, 1367, 1371, 1372, 1373, 1380, 1394, 1396, 1397, 1427, 1449, 1459, 1469, 1493, 1500, 1513, 1518, 1522, 1526, 1530, 1537, 1545, 1558, 1560, 1562, 1566, 1589, 1618, 1619, 1624, 1639, 1663, 1664, 1670, 1676, 1690, 1696, 1699, 1702, 1703, 1704, 1706, 1716, 1718, 1720, 1730, 1744, 1747, 1749, 1754, 1762, 1776, 1780, 1785, 1789, 1794, 1800, 1828, 1841, 1858, 1861, 1873, 1895, 1899, 1906, 1933, 1939, 1962, 1980, 1986, 1990, 2007, 2009, 2039, 2042, 2060, 2068, 2073, 2084, 2088, 2093, 2113, 2125, 2131, 2154, 2178, 2179, 2183, 2184, 2194, 2199, 2251, 2266, 2303, 2307, 2330, 2343, 2350, 2351, 2372, 2376, 2392, 2400]",
PPI_10,0.2,2401,480,5.631106376647949,0.6594189224362311,,,"[11, 16, 17, 18, 22, 23, 25, 26, 31, 32, 38, 41, 45, 69, 73, 77, 78, 80, 84, 85, 101, 105, 115, 131, 135, 141, 144, 147, 148, 150, 151, 152, 156, 169, 174, 176, 184, 196, 200, 203, 204, 214, 217, 219, 231, 232, 234, 239, 242, 248, 253, 254, 259, 261, 264, 266, 268, 272, 276, 295, 296, 298, 299, 302, 305, 309, 311, 313, 317, 324, 325, 326, 347, 349, 353, 357, 360, 369, 380, 390, 392, 400, 407, 409, 411, 427, 429, 431, 439, 446, 448, 450, 451, 453, 455, 459, 461, 464, 469, 470, 472, 474, 486, 494, 499, 500, 501, 502, 507, 508, 510, 511, 515, 517, 520, 532, 536, 546, 550, 557, 566, 577, 580, 584, 589, 600, 604, 616, 625, 626, 629, 632, 634, 637, 638, 652, 657, 660, 661, 668, 677, 680, 688, 691, 697, 699, 700, 703, 704, 705, 706, 708, 711, 713, 718, 732, 733, 735, 736, 746, 747, 751, 753, 757, 760, 767, 773, 779, 790, 792, 796, 800, 802, 805, 809, 819, 828, 842, 850, 858, 861, 867, 869, 882, 883, 887, 888, 892, 896, 901, 906, 911, 912, 923, 928, 933, 935, 946, 947, 951, 952, 953, 956, 958, 959, 960, 964, 965, 970, 971, 978, 981, 984, 985, 990, 997, 999, 1005, 1008, 1016, 1026, 1034, 1036, 1041, 1043, 1048, 1053, 1063, 1069, 1079, 1082, 1084, 1085, 1089, 1093, 1101, 1104, 1105, 1110, 1117, 1124, 1126, 1131, 1145, 1150, 1156, 1158, 1160, 1163, 1185, 1189, 1198, 1203, 1216, 1220, 1222, 1228, 1234, 1235, 1244, 1247, 1251, 1254, 1260, 1261, 1275, 1276, 1277, 1278, 1279, 1284, 1293, 1296, 1302, 1303, 1309, 1319, 1324, 1329, 1334, 1341, 1348, 1362, 1363, 1367, 1368, 1372, 1373, 1380, 1393, 1394, 1396, 1397, 1410, 1414, 1418, 1421, 1424, 1426, 1427, 1449, 1456, 1459, 1462, 1469, 1483, 1487, 1497, 1500, 1513, 1522, 1526, 1530, 1533, 1537, 1538, 1544, 1545, 1550, 1553, 1556, 1558, 1560, 1561, 1562, 1564, 1565, 1566, 1573, 1575, 1580, 1589, 1591, 1594, 1599, 1605, 1607, 1610, 1611, 1618, 1624, 1639, 1643, 1660, 1663, 1664, 1670, 1676, 1681, 1684, 1685, 1687, 1690, 1696, 1697, 1702, 1703, 1706, 1716, 1718, 1719, 1720, 1730, 1733, 1734, 1742, 1744, 1747, 1749, 1751, 1752, 1754, 1765, 1776, 1780, 1789, 1790, 1794, 1800, 1810, 1822, 1827, 1828, 1829, 1831, 1841, 1847, 1852, 1855, 1858, 1861, 1873, 1876, 1879, 1883, 1891, 1895, 1906, 1908, 1910, 1919, 1923, 1932, 1933, 1934, 1946, 1948, 1956, 1975, 1980, 1981, 1983, 1986, 1990, 1993, 1998, 2002, 2007, 2009, 2011, 2037, 2039, 2042, 2060, 2061, 2063, 2068, 2069, 2073, 2075, 2084, 2096, 2115, 2125, 2131, 2133, 2135, 2148, 2153, 2154, 2157, 2161, 2167, 2170, 2177, 2178, 2183, 2184, 2190, 2194, 2200, 2207, 2209, 2245, 2251, 2257, 2259, 2279, 2287, 2288, 2289, 2303, 2307, 2315, 2316, 2318, 2327, 2330, 2335, 2343, 2344, 2350, 2351, 2353, 2356, 2361, 2372, 2382, 2392, 2400]",
PPI_10,0.3,2401,720,6.043478727340698,0.38817738874252855,,,"[4, 8, 11, 14, 16, 18, 20, 22, 23, 25, 26, 30, 31, 32, 38, 40, 41, 43, 44, 45, 52, 58, 59, 63, 69, 73, 76, 77, 80, 82, 83, 84, 85, 90, 97, 101, 105, 108, 117, 122, 123, 129, 131, 132, 135, 141, 142, 144, 146, 148, 150, 151, 152, 153, 155, 157, 162, 165, 169, 174, 175, 176, 184, 196, 200, 202, 204, 206, 209, 214, 217, 218, 219, 229, 231, 232, 234, 235, 239, 242, 244, 247, 248, 250, 254, 258, 259, 261, 262, 264, 266, 267, 268, 269, 270, 272, 273, 276, 277, 287, 295, 298, 299, 302, 305, 307, 311, 314, 315, 317, 319, 324, 325, 326, 328, 330, 334, 342, 343, 344, 350, 353, 354, 357, 359, 360, 361, 362, 369, 374, 390, 392, 394, 397, 400, 404, 411, 417, 427, 429, 431, 432, 433, 437, 439, 440, 446, 448, 449, 450, 451, 453, 455, 461, 464, 465, 469, 470, 471, 474, 476, 477, 478, 486, 490, 493, 494, 496, 499, 501, 502, 507, 508, 510, 511, 515, 516, 517, 520, 527, 532, 533, 536, 537, 544, 550, 557, 559, 565, 566, 568, 571, 575, 577, 580, 581, 585, 589, 590, 591, 594, 598, 599, 600, 604, 606, 610, 612, 616, 620, 625, 626, 628, 629, 632, 637, 638, 640, 652, 656, 657, 660, 664, 667, 668, 688, 689, 691, 693, 697, 698, 703, 704, 705, 706, 708, 711, 713, 715, 718, 721, 724, 725, 733, 735, 736, 738, 743, 746, 747, 748, 751, 753, 754, 755, 757, 759, 764, 765, 779, 784, 787, 790, 791, 792, 793, 796, 800, 801, 805, 807, 816, 819, 825, 828, 832, 834, 837, 839, 840, 850, 855, 860, 861, 864, 867, 869, 871, 881, 882, 883, 886, 887, 888, 890, 892, 893, 894, 896, 901, 906, 907, 908, 909, 910, 911, 917, 923, 933, 935, 942, 948, 951, 952, 953, 957, 958, 959, 960, 964, 970, 971, 973, 978, 981, 984, 985, 986, 990, 991, 997, 1005, 1008, 1015, 1016, 1020, 1023, 1032, 1036, 1041, 1043, 1044, 1046, 1048, 1053, 1063, 1066, 1069, 1072, 1074, 1079, 1082, 1088, 1089, 1099, 1102, 1103, 1110, 1112, 1117, 1123, 1124, 1126, 1145, 1147, 1154, 1155, 1157, 1158, 1160, 1163, 1164, 1165, 1171, 1178, 1184, 1185, 1186, 1189, 1196, 1197, 1198, 1203, 1210, 1211, 1222, 1228, 1234, 1235, 1244, 1246, 1249, 1254, 1259, 1260, 1263, 1270, 1275, 1276, 1277, 1278, 1284, 1288, 1289, 1293, 1296, 1302, 1303, 1305, 1309, 1311, 1316, 1317, 1324, 1329, 1331, 1334, 1338, 1341, 1343, 1344, 1348, 1351, 1357, 1360, 1362, 1363, 1367, 1368, 1369, 1371, 1372, 1373, 1374, 1380, 1381, 1384, 1391, 1394, 1396, 1397, 1403, 1408, 1410, 1414, 1415, 1418, 1419, 1420, 1426, 1427, 1429, 1449, 1456, 1464, 1469, 1473, 1476, 1479, 1482, 1483, 1485, 1487, 1490, 1492, 1493, 1494, 1495, 1498, 1499, 1500, 1501, 1508, 1513, 1514, 1518, 1520, 1522, 1525, 1526, 1530, 1537, 1538, 1540, 1545, 1549, 1555, 1556, 1558, 1560, 1561, 1562, 1564, 1565, 1575, 1578, 1587, 1589, 1591, 1594, 1598, 1605, 1606, 1607, 1608, 1609, 1610, 1611, 1613, 1615, 1618, 1623, 1624, 1630, 1637, 1643, 1646, 1648, 1655, 1660, 1661, 1663, 1664, 1666, 1670, 1676, 1678, 1686, 1687, 1690, 1691, 1694, 1696, 1702, 1703, 1706, 1716, 1718, 1719, 1720, 1721, 1730, 1733, 1742, 1744, 1747, 1751, 1752, 1754, 1757, 1758, 1776, 1777, 1780, 1793, 1794, 1798, 1800, 1806, 1810, 1819, 1820, 1822, 1823, 1826, 1827, 1829, 1831, 1833, 1839, 1840, 1841, 1846, 1847, 1848, 1852, 1855, 1858, 1861, 1866, 1869, 1870, 1873, 1875, 1876, 1879, 1881, 1883, 1891, 1892, 1895, 1899, 1901, 1906, 1908, 1910, 1916, 1919, 1925, 1932, 1933, 1934, 1937, 1939, 1945, 1946, 1948, 1953, 1962, 1963, 1965, 1972, 1975, 1978, 1980, 1982, 1983, 1984, 1986, 1990, 1993, 1998, 2007, 2009, 2017, 2018, 2023, 2025, 2026, 2032, 2035, 2039, 2042, 2054, 2060, 2062, 2063, 2068, 2069, 2073, 2077, 2084, 2085, 2087, 2091, 2093, 2096, 2100, 2125, 2131, 2132, 2133, 2136, 2137, 2139, 2145, 2149, 2150, 2153, 2157, 2158, 2159, 2160, 2161, 2167, 2170, 2175, 2177, 2178, 2182, 2184, 2185, 2194, 2199, 2200, 2206, 2209, 2226, 2227, 2236, 2237, 2238, 2248, 2251, 2252, 2253, 2257, 2259, 2269, 2276, 2284, 2287, 2288, 2289, 2290, 2292, 2293, 2294, 2296, 2303, 2307, 2309, 2310, 2315, 2318, 2327, 2328, 2330, 2333, 2341, 2343, 2344, 2346, 2347, 2350, 2351, 2361, 2366, 2372, 2392]",
PPI_10,0.4,2401,960,6.259646654129028,0.003655833140565965,,,"[4, 8, 11, 16, 23, 25, 26, 27, 30, 31, 32, 38, 40, 41, 52, 56, 58, 63, 64, 66, 69, 72, 73, 76, 77, 78, 80, 83, 84, 85, 86, 87, 90, 91, 97, 99, 101, 102, 105, 108, 112, 115, 117, 121, 122, 123, 124, 129, 131, 132, 135, 144, 146, 149, 150, 151, 152, 153, 154, 155, 161, 165, 168, 169, 173, 174, 176, 179, 182, 183, 184, 185, 188, 190, 192, 200, 201, 203, 204, 206, 209, 214, 217, 218, 219, 228, 229, 231, 232, 234, 236, 237, 239, 244, 247, 248, 251, 252, 254, 260, 261, 263, 264, 265, 266, 267, 268, 269, 270, 272, 276, 277, 284, 287, 290, 292, 295, 298, 299, 301, 302, 305, 307, 308, 309, 311, 313, 314, 315, 319, 324, 325, 326, 328, 334, 336, 340, 342, 343, 344, 347, 348, 349, 350, 352, 353, 356, 359, 360, 362, 369, 370, 372, 374, 375, 380, 386, 390, 392, 393, 394, 395, 397, 399, 403, 405, 408, 409, 410, 411, 414, 417, 420, 422, 427, 432, 435, 437, 438, 439, 440, 442, 443, 445, 446, 447, 448, 449, 450, 451, 453, 455, 457, 460, 461, 464, 465, 466, 468, 469, 470, 471, 472, 473, 474, 477, 478, 484, 486, 490, 492, 493, 494, 496, 499, 501, 507, 508, 510, 511, 513, 514, 515, 516, 517, 520, 527, 532, 535, 536, 537, 550, 551, 552, 563, 564, 566, 568, 571, 573, 575, 582, 584, 586, 587, 589, 590, 593, 594, 597, 598, 599, 600, 601, 604, 605, 606, 609, 610, 612, 616, 617, 620, 622, 623, 625, 626, 628, 632, 636, 637, 638, 640, 644, 651, 652, 653, 654, 655, 656, 657, 662, 668, 669, 674, 683, 687, 688, 689, 690, 691, 698, 703, 711, 713, 715, 721, 725, 732, 733, 735, 736, 738, 740, 744, 745, 746, 747, 750, 751, 752, 753, 765, 766, 768, 769, 771, 773, 779, 781, 784, 786, 787, 788, 790, 791, 792, 793, 796, 800, 803, 806, 807, 809, 811, 816, 821, 825, 828, 829, 837, 839, 840, 841, 846, 850, 852, 855, 856, 860, 861, 867, 869, 871, 881, 883, 887, 888, 890, 891, 892, 894, 896, 899, 901, 904, 906, 907, 908, 909, 910, 911, 913, 917, 918, 922, 923, 925, 928, 929, 933, 935, 936, 942, 946, 948, 949, 950, 951, 952, 953, 954, 956, 957, 958, 959, 960, 963, 964, 969, 970, 972, 973, 978, 981, 984, 988, 990, 991, 992, 993, 994, 995, 996, 997, 1005, 1009, 1013, 1015, 1016, 1017, 1018, 1019, 1023, 1028, 1029, 1032, 1036, 1038, 1041, 1043, 1048, 1051, 1053, 1063, 1066, 1067, 1068, 1069, 1071, 1072, 1074, 1079, 1082, 1084, 1087, 1088, 1089, 1090, 1098, 1102, 1104, 1105, 1106, 1108, 1110, 1111, 1112, 1114, 1117, 1121, 1124, 1132, 1140, 1141, 1142, 1143, 1144, 1147, 1149, 1151, 1153, 1154, 1155, 1157, 1158, 1160, 1161, 1162, 1163, 1165, 1167, 1171, 1173, 1177, 1179, 1180, 1185, 1186, 1188, 1191, 1197, 1198, 1203, 1206, 1210, 1211, 1214, 1219, 1222, 1226, 1228, 1229, 1234, 1246, 1249, 1254, 1258, 1259, 1260, 1261, 1263, 1268, 1269, 1275, 1276, 1277, 1278, 1284, 1288, 1289, 1292, 1296, 1298, 1299, 1303, 1305, 1309, 1314, 1316, 1317, 1323, 1324, 1326, 1328, 1329, 1331, 1332, 1334, 1343, 1344, 1346, 1348, 1353, 1354, 1356, 1360, 1362, 1367, 1368, 1369, 1371, 1373, 1374, 1375, 1377, 1380, 1384, 1388, 1390, 1391, 1395, 1396, 1399, 1404, 1410, 1414, 1415, 1416, 1417, 1418, 1419, 1420, 1421, 1423, 1424, 1426, 1427, 1431, 1433, 1434, 1435, 1439, 1440, 1441, 1442, 1443, 1445, 1449, 1456, 1457, 1458, 1464, 1465, 1468, 1469, 1471, 1476, 1479, 1482, 1483, 1484, 1485, 1487, 1490, 1491, 1492, 1493, 1494, 1495, 1499, 1500, 1502, 1504, 1513, 1517, 1518, 1519, 1520, 1522, 1525, 1526, 1527, 1528, 1529, 1536, 1537, 1538, 1540, 1542, 1543, 1544, 1545, 1553, 1558, 1560, 1561, 1562, 1564, 1567, 1568, 1569, 1576, 1578, 1589, 1590, 1591, 1596, 1598, 1600, 1605, 1606, 1607, 1609, 1610, 1611, 1613, 1615, 1618, 1620, 1623, 1624, 1625, 1627, 1631, 1632, 1633, 1637, 1643, 1646, 1647, 1650, 1655, 1656, 1660, 1661, 1663, 1664, 1668, 1670, 1671, 1672, 1673, 1676, 1678, 1680, 1686, 1687, 1689, 1690, 1691, 1694, 1696, 1698, 1702, 1703, 1705, 1706, 1716, 1717, 1718, 1719, 1720, 1722, 1726, 1730, 1731, 1733, 1738, 1742, 1743, 1744, 1747, 1748, 1751, 1752, 1754, 1757, 1759, 1760, 1764, 1768, 1771, 1772, 1774, 1775, 1780, 1783, 1784, 1789, 1793, 1794, 1798, 1806, 1808, 1809, 1810, 1811, 1814, 1818, 1820, 1822, 1823, 1824, 1825, 1827, 1833, 1837, 1839, 1840, 1841, 1844, 1846, 1847, 1852, 1855, 1856, 1858, 1862, 1866, 1869, 1870, 1872, 1873, 1875, 1876, 1879, 1880, 1881, 1883, 1889, 1897, 1899, 1901, 1903, 1906, 1908, 1909, 1910, 1914, 1915, 1916, 1918, 1919, 1921, 1929, 1932, 1933, 1934, 1939, 1945, 1946, 1953, 1955, 1956, 1957, 1962, 1966, 1967, 1968, 1969, 1972, 1978, 1979, 1980, 1982, 1983, 1985, 1986, 1989, 1991, 1992, 1993, 1998, 2000, 2002, 2007, 2009, 2017, 2018, 2026, 2027, 2032, 2035, 2036, 2040, 2042, 2048, 2049, 2054, 2060, 2062, 2063, 2069, 2070, 2073, 2077, 2084, 2085, 2087, 2088, 2090, 2091, 2093, 2096, 2100, 2101, 2102, 2103, 2104, 2107, 2109, 2110, 2111, 2113, 2114, 2125, 2128, 2130, 2131, 2132, 2133, 2135, 2136, 2137, 2138, 2139, 2145, 2147, 2149, 2150, 2153, 2155, 2157, 2158, 2159, 2160, 2163, 2165, 2166, 2167, 2175, 2176, 2177, 2178, 2179, 2182, 2184, 2185, 2187, 2190, 2194, 2195, 2197, 2199, 2200, 2207, 2208, 2209, 2214, 2226, 2227, 2231, 2232, 2236, 2249, 2250, 2251, 2252, 2253, 2257, 2259, 2269, 2274, 2284, 2285, 2287, 2289, 2290, 2292, 2293, 2294, 2296, 2297, 2303, 2306, 2307, 2308, 2310, 2311, 2315, 2316, 2318, 2326, 2327, 2328, 2329, 2330, 2332, 2333, 2334, 2339, 2342, 2343, 2344, 2345, 2346, 2347, 2351, 2353, 2356, 2361, 2362, 2368, 2372, 2385, 2387, 2392, 2395, 2397]",
PPI_11,0.1,1878,187,5.129363298416138,0.7983882650579643,,,"[16, 18, 19, 34, 61, 82, 86, 105, 109, 120, 122, 123, 124, 125, 162, 172, 185, 188, 191, 202, 218, 227, 232, 237, 239, 246, 252, 273, 281, 297, 298, 309, 318, 330, 345, 363, 365, 397, 402, 404, 407, 408, 409, 413, 426, 429, 433, 438, 471, 485, 499, 502, 512, 520, 525, 528, 541, 556, 562, 563, 568, 574, 575, 583, 588, 589, 590, 598, 605, 606, 615, 624, 632, 635, 637, 645, 646, 658, 685, 687, 689, 691, 699, 712, 713, 722, 725, 734, 758, 762, 763, 764, 765, 795, 798, 810, 821, 825, 827, 849, 892, 903, 906, 917, 921, 924, 928, 944, 954, 957, 971, 980, 988, 994, 1009, 1011, 1012, 1021, 1028, 1034, 1060, 1086, 1088, 1094, 1102, 1104, 1108, 1115, 1119, 1130, 1131, 1155, 1160, 1165, 1181, 1184, 1185, 1192, 1203, 1210, 1218, 1221, 1225, 1232, 1238, 1245, 1268, 1282, 1305, 1311, 1320, 1323, 1324, 1330, 1351, 1355, 1363, 1392, 1409, 1420, 1447, 1451, 1452, 1475, 1493, 1527, 1548, 1570, 1597, 1609, 1626, 1635, 1689, 1701, 1708, 1712, 1718, 1758, 1787, 1806, 1824, 1836, 1838, 1843, 1851, 1860, 1869]",
PPI_11,0.2,1878,375,5.309634208679199,0.6257480600273044,,,"[11, 18, 19, 29, 31, 32, 53, 58, 61, 67, 68, 71, 82, 86, 92, 96, 98, 105, 109, 113, 120, 122, 124, 125, 126, 148, 159, 162, 172, 175, 176, 185, 187, 188, 189, 193, 198, 202, 206, 213, 218, 227, 232, 237, 240, 246, 252, 257, 260, 264, 273, 275, 276, 279, 281, 288, 289, 297, 298, 304, 309, 315, 319, 330, 333, 340, 345, 351, 356, 362, 363, 365, 366, 374, 376, 379, 380, 383, 384, 391, 393, 397, 404, 405, 407, 408, 409, 413, 418, 424, 426, 429, 430, 433, 438, 444, 453, 459, 460, 463, 468, 471, 472, 476, 480, 485, 489, 500, 501, 502, 503, 504, 508, 512, 520, 525, 528, 529, 541, 553, 556, 557, 560, 561, 562, 566, 568, 569, 571, 574, 575, 581, 583, 588, 589, 590, 596, 599, 606, 624, 629, 632, 635, 637, 645, 646, 658, 660, 662, 664, 665, 667, 669, 672, 685, 689, 691, 693, 699, 703, 710, 712, 713, 723, 724, 734, 744, 758, 762, 763, 764, 765, 767, 771, 780, 784, 789, 790, 795, 810, 811, 821, 825, 827, 843, 846, 849, 850, 853, 857, 864, 867, 880, 892, 903, 906, 915, 917, 921, 924, 925, 927, 928, 943, 944, 954, 957, 959, 966, 971, 975, 980, 981, 988, 994, 996, 1004, 1008, 1009, 1021, 1027, 1028, 1032, 1036, 1054, 1060, 1063, 1064, 1072, 1076, 1082, 1086, 1087, 1088, 1102, 1104, 1106, 1108, 1113, 1115, 1122, 1130, 1131, 1137, 1155, 1160, 1162, 1165, 1177, 1178, 1181, 1184, 1185, 1190, 1192, 1198, 1203, 1208, 1210, 1215, 1216, 1218, 1222, 1225, 1228, 1232, 1238, 1241, 1242, 1251, 1255, 1256, 1268, 1270, 1279, 1282, 1299, 1305, 1311, 1317, 1320, 1323, 1324, 1326, 1330, 1335, 1340, 1342, 1343, 1345, 1348, 1351, 1355, 1361, 1362, 1363, 1372, 1382, 1384, 1387, 1390, 1392, 1407, 1409, 1411, 1419, 1420, 1429, 1432, 1441, 1443, 1444, 1451, 1460, 1472, 1475, 1477, 1487, 1493, 1495, 1505, 1515, 1522, 1527, 1548, 1554, 1563, 1564, 1570, 1573, 1580, 1587, 1592, 1598, 1605, 1606, 1609, 1620, 1624, 1626, 1633, 1635, 1660, 1671, 1673, 1675, 1689, 1692, 1694, 1697, 1699, 1701, 1706, 1707, 1712, 1715, 1718, 1758, 1759, 1762, 1780, 1787, 1791, 1792, 1795, 1802, 1806, 1809, 1812, 1822, 1824, 1832, 1838, 1851, 1869]",
PPI_11,0.3,1878,563,5.488634347915649,0.3126354960617162,,,"[3, 6, 10, 11, 16, 18, 19, 31, 43, 45, 46, 49, 53, 55, 57, 58, 61, 64, 67, 68, 82, 86, 89, 92, 94, 96, 97, 98, 101, 103, 105, 109, 113, 116, 120, 122, 123, 124, 125, 126, 128, 131, 134, 137, 143, 144, 148, 162, 163, 165, 169, 172, 175, 176, 185, 187, 188, 189, 191, 193, 202, 206, 208, 210, 211, 212, 213, 216, 218, 219, 227, 232, 236, 237, 240, 246, 249, 252, 258, 260, 263, 267, 269, 272, 273, 276, 279, 281, 285, 287, 288, 290, 297, 298, 299, 300, 301, 302, 310, 315, 319, 327, 328, 330, 333, 336, 345, 347, 356, 360, 362, 363, 364, 365, 366, 368, 370, 371, 373, 374, 376, 379, 380, 381, 382, 383, 384, 391, 393, 396, 402, 404, 405, 408, 409, 412, 413, 414, 415, 424, 426, 429, 433, 438, 445, 452, 453, 459, 471, 475, 476, 482, 485, 486, 489, 496, 500, 502, 503, 504, 508, 512, 516, 520, 521, 524, 525, 529, 541, 549, 552, 554, 556, 557, 560, 561, 566, 567, 571, 574, 575, 577, 581, 588, 589, 590, 591, 592, 593, 597, 598, 599, 600, 602, 606, 624, 626, 629, 632, 635, 636, 637, 641, 644, 660, 662, 667, 669, 680, 684, 687, 689, 691, 693, 697, 699, 703, 704, 706, 708, 710, 712, 713, 722, 723, 725, 729, 734, 739, 754, 756, 758, 759, 760, 762, 763, 764, 765, 767, 771, 779, 780, 781, 783, 789, 790, 791, 793, 794, 795, 798, 800, 807, 808, 810, 821, 825, 830, 835, 843, 846, 849, 850, 864, 866, 867, 876, 879, 892, 897, 903, 915, 916, 917, 921, 923, 924, 925, 926, 927, 928, 932, 935, 944, 945, 954, 956, 957, 958, 961, 962, 966, 969, 975, 980, 981, 988, 990, 993, 994, 996, 999, 1004, 1008, 1009, 1010, 1012, 1018, 1021, 1026, 1028, 1029, 1032, 1036, 1038, 1040, 1044, 1045, 1048, 1051, 1052, 1054, 1057, 1063, 1064, 1072, 1073, 1075, 1076, 1082, 1086, 1087, 1088, 1089, 1095, 1099, 1102, 1103, 1104, 1107, 1115, 1119, 1120, 1121, 1122, 1123, 1124, 1125, 1129, 1130, 1131, 1136, 1137, 1141, 1154, 1161, 1162, 1164, 1165, 1166, 1168, 1170, 1176, 1177, 1179, 1181, 1184, 1185, 1186, 1187, 1190, 1191, 1193, 1198, 1203, 1205, 1206, 1207, 1208, 1210, 1213, 1214, 1215, 1218, 1224, 1225, 1228, 1232, 1235, 1238, 1241, 1242, 1243, 1247, 1248, 1255, 1256, 1258, 1267, 1268, 1270, 1279, 1282, 1283, 1284, 1287, 1288, 1296, 1299, 1311, 1317, 1323, 1324, 1326, 1330, 1331, 1345, 1349, 1350, 1351, 1355, 1360, 1361, 1362, 1363, 1364, 1367, 1371, 1383, 1384, 1387, 1388, 1390, 1392, 1396, 1398, 1406, 1407, 1409, 1414, 1415, 1419, 1423, 1432, 1435, 1437, 1438, 1439, 1443, 1447, 1449, 1450, 1451, 1457, 1460, 1463, 1470, 1475, 1476, 1477, 1487, 1489, 1493, 1495, 1502, 1503, 1505, 1509, 1513, 1515, 1522, 1525, 1532, 1533, 1534, 1535, 1538, 1542, 1545, 1546, 1548, 1551, 1554, 1559, 1563, 1564, 1570, 1573, 1579, 1580, 1587, 1588, 1597, 1605, 1609, 1611, 1613, 1624, 1626, 1631, 1632, 1635, 1638, 1639, 1643, 1645, 1649, 1652, 1655, 1668, 1670, 1671, 1672, 1673, 1675, 1684, 1686, 1687, 1689, 1692, 1693, 1694, 1695, 1696, 1697, 1699, 1700, 1704, 1705, 1706, 1708, 1712, 1715, 1718, 1721, 1727, 1742, 1749, 1750, 1758, 1762, 1777, 1784, 1785, 1787, 1790, 1795, 1796, 1802, 1805, 1806, 1808, 1812, 1813, 1822, 1824, 1830, 1833, 1838, 1840, 1843, 1851, 1869]",
PPI_11,0.4,1878,751,5.699763298034668,0.003096921833062517,,,"[1, 6, 7, 8, 10, 11, 16, 18, 19, 29, 37, 45, 46, 50, 52, 57, 58, 60, 61, 64, 65, 67, 68, 69, 70, 71, 78, 82, 83, 86, 91, 93, 94, 96, 97, 98, 99, 100, 101, 103, 105, 106, 109, 113, 122, 123, 124, 125, 126, 128, 134, 137, 143, 144, 145, 147, 148, 149, 158, 162, 163, 165, 169, 172, 175, 176, 177, 182, 185, 187, 188, 189, 191, 193, 196, 199, 200, 202, 206, 207, 208, 209, 210, 211, 212, 213, 218, 219, 224, 227, 229, 232, 234, 236, 237, 238, 239, 240, 243, 246, 248, 249, 255, 257, 258, 259, 260, 263, 267, 269, 272, 273, 276, 279, 280, 281, 285, 287, 288, 290, 297, 298, 299, 300, 302, 310, 315, 316, 317, 319, 321, 327, 328, 329, 330, 333, 336, 340, 342, 345, 347, 351, 354, 355, 356, 358, 360, 362, 363, 364, 365, 366, 368, 370, 373, 374, 376, 379, 380, 381, 382, 383, 384, 389, 393, 396, 402, 404, 408, 409, 412, 413, 414, 415, 418, 424, 429, 433, 438, 445, 446, 449, 450, 451, 452, 453, 456, 459, 460, 463, 465, 467, 469, 476, 479, 480, 481, 482, 483, 485, 486, 489, 491, 495, 496, 500, 501, 502, 503, 504, 508, 510, 511, 512, 514, 515, 516, 517, 520, 521, 522, 523, 524, 525, 529, 531, 534, 541, 549, 552, 553, 554, 555, 556, 557, 561, 562, 566, 571, 574, 575, 577, 581, 588, 589, 590, 591, 592, 593, 597, 598, 599, 600, 603, 606, 614, 616, 618, 621, 622, 624, 626, 629, 631, 633, 635, 637, 638, 641, 643, 644, 648, 652, 660, 667, 669, 670, 676, 677, 678, 680, 684, 685, 689, 691, 693, 699, 703, 704, 706, 707, 708, 710, 712, 717, 718, 719, 722, 723, 724, 725, 729, 730, 733, 734, 736, 737, 738, 739, 754, 756, 757, 758, 759, 760, 761, 762, 763, 764, 765, 766, 767, 771, 780, 783, 785, 789, 790, 791, 792, 793, 794, 795, 798, 800, 805, 807, 809, 810, 811, 813, 816, 818, 821, 825, 827, 830, 833, 835, 842, 843, 846, 847, 848, 849, 850, 851, 853, 855, 863, 864, 866, 867, 868, 875, 879, 881, 882, 883, 884, 886, 889, 892, 896, 897, 903, 911, 912, 913, 915, 916, 917, 919, 921, 923, 924, 925, 926, 927, 928, 932, 935, 937, 939, 940, 941, 944, 945, 947, 948, 954, 956, 957, 961, 964, 969, 971, 975, 977, 980, 981, 990, 993, 996, 1000, 1001, 1004, 1006, 1007, 1008, 1009, 1010, 1014, 1020, 1021, 1023, 1026, 1028, 1029, 1032, 1036, 1037, 1038, 1040, 1044, 1045, 1047, 1048, 1051, 1052, 1054, 1063, 1064, 1067, 1073, 1075, 1078, 1082, 1086, 1087, 1088, 1089, 1095, 1102, 1103, 1104, 1107, 1115, 1119, 1120, 1121, 1122, 1123, 1124, 1125, 1126, 1130, 1133, 1136, 1137, 1141, 1154, 1160, 1164, 1165, 1168, 1170, 1179, 1181, 1184, 1185, 1186, 1191, 1198, 1203, 1205, 1206, 1207, 1208, 1210, 1213, 1214, 1216, 1218, 1224, 1225, 1226, 1228, 1231, 1232, 1234, 1235, 1238, 1241, 1242, 1247, 1248, 1249, 1256, 1261, 1268, 1269, 1270, 1272, 1274, 1279, 1280, 1282, 1284, 1286, 1288, 1293, 1294, 1296, 1299, 1300, 1301, 1304, 1311, 1312, 1313, 1314, 1320, 1321, 1322, 1323, 1324, 1328, 1330, 1331, 1332, 1333, 1335, 1337, 1339, 1344, 1345, 1347, 1348, 1349, 1350, 1351, 1353, 1355, 1360, 1361, 1362, 1363, 1364, 1368, 1371, 1378, 1382, 1383, 1384, 1387, 1390, 1392, 1395, 1397, 1398, 1401, 1405, 1406, 1407, 1408, 1411, 1415, 1419, 1422, 1423, 1429, 1431, 1432, 1435, 1438, 1439, 1440, 1441, 1444, 1446, 1447, 1449, 1450, 1451, 1456, 1457, 1460, 1463, 1464, 1466, 1470, 1472, 1473, 1474, 1475, 1476, 1477, 1480, 1484, 1485, 1487, 1489, 1490, 1495, 1497, 1498, 1501, 1502, 1503, 1504, 1505, 1509, 1514, 1515, 1525, 1529, 1532, 1534, 1535, 1538, 1542, 1545, 1548, 1549, 1550, 1551, 1552, 1553, 1554, 1558, 1559, 1560, 1563, 1566, 1570, 1571, 1578, 1579, 1580, 1587, 1592, 1595, 1597, 1605, 1609, 1613, 1615, 1616, 1618, 1621, 1624, 1631, 1632, 1634, 1635, 1637, 1638, 1643, 1645, 1647, 1648, 1649, 1652, 1655, 1656, 1657, 1658, 1659, 1668, 1670, 1671, 1672, 1673, 1675, 1677, 1678, 1684, 1686, 1687, 1689, 1692, 1693, 1696, 1697, 1699, 1704, 1705, 1706, 1708, 1712, 1714, 1715, 1718, 1721, 1727, 1732, 1742, 1743, 1746, 1754, 1757, 1758, 1759, 1761, 1762, 1772, 1776, 1777, 1783, 1784, 1785, 1787, 1790, 1793, 1795, 1796, 1802, 1806, 1807, 1808, 1812, 1820, 1822, 1823, 1824, 1826, 1830, 1832, 1833, 1834, 1840, 1841, 1843, 1844, 1846, 1847, 1851, 1869, 1872, 1874]",
PPI_12,0.1,1819,181,5.139154434204102,0.8141378068073242,,,"[7, 10, 16, 18, 19, 32, 97, 113, 118, 120, 121, 122, 123, 150, 156, 170, 178, 181, 182, 184, 193, 197, 208, 215, 236, 241, 270, 275, 284, 301, 307, 314, 327, 331, 336, 341, 348, 352, 376, 380, 386, 390, 394, 407, 409, 411, 413, 425, 428, 436, 442, 461, 463, 468, 478, 481, 499, 525, 529, 530, 545, 549, 558, 561, 576, 577, 594, 604, 606, 636, 643, 653, 659, 662, 670, 678, 682, 699, 700, 712, 728, 732, 733, 734, 739, 745, 759, 762, 773, 776, 780, 787, 792, 820, 825, 828, 848, 891, 912, 922, 923, 928, 931, 941, 952, 959, 994, 1005, 1016, 1020, 1037, 1038, 1040, 1043, 1060, 1066, 1070, 1092, 1093, 1098, 1116, 1121, 1133, 1148, 1167, 1189, 1200, 1202, 1227, 1233, 1234, 1238, 1251, 1255, 1275, 1279, 1283, 1286, 1287, 1292, 1311, 1326, 1328, 1330, 1379, 1400, 1402, 1410, 1411, 1417, 1420, 1421, 1446, 1467, 1468, 1479, 1482, 1487, 1525, 1534, 1542, 1575, 1596, 1637, 1641, 1670, 1676, 1680, 1717, 1719, 1720, 1723, 1727, 1757, 1772, 1775, 1778, 1785, 1799, 1800, 1814]",
PPI_12,0.2,1819,363,5.3201117515563965,0.6445630829651449,,,"[7, 10, 16, 18, 19, 24, 32, 54, 61, 72, 76, 82, 86, 89, 97, 113, 114, 118, 121, 122, 123, 134, 144, 156, 158, 160, 178, 180, 181, 194, 197, 202, 203, 206, 208, 209, 214, 215, 236, 237, 241, 246, 262, 263, 270, 275, 284, 286, 291, 301, 304, 307, 314, 319, 327, 331, 336, 341, 348, 349, 354, 356, 357, 358, 360, 362, 376, 380, 386, 388, 390, 391, 392, 393, 394, 399, 406, 407, 409, 412, 413, 425, 430, 432, 442, 451, 457, 461, 463, 473, 475, 477, 478, 483, 489, 493, 498, 499, 503, 507, 522, 525, 528, 529, 530, 533, 535, 537, 540, 545, 546, 549, 550, 553, 558, 561, 563, 571, 573, 574, 577, 585, 594, 596, 604, 606, 615, 617, 618, 626, 629, 631, 633, 636, 643, 649, 652, 653, 656, 657, 659, 661, 662, 670, 678, 682, 692, 695, 700, 709, 712, 727, 728, 732, 733, 734, 737, 745, 754, 759, 762, 764, 767, 773, 775, 780, 787, 790, 792, 793, 801, 806, 815, 825, 828, 829, 848, 852, 864, 875, 881, 883, 887, 890, 891, 893, 894, 895, 908, 912, 922, 923, 927, 928, 931, 933, 941, 952, 953, 959, 974, 975, 976, 988, 993, 994, 996, 1001, 1002, 1005, 1012, 1013, 1020, 1021, 1023, 1037, 1040, 1043, 1048, 1050, 1052, 1060, 1066, 1070, 1076, 1080, 1081, 1083, 1089, 1090, 1092, 1093, 1098, 1107, 1115, 1121, 1128, 1133, 1139, 1140, 1142, 1145, 1146, 1147, 1151, 1164, 1167, 1170, 1171, 1183, 1186, 1189, 1196, 1200, 1202, 1227, 1229, 1233, 1238, 1241, 1243, 1246, 1251, 1255, 1272, 1279, 1283, 1286, 1287, 1289, 1292, 1301, 1305, 1306, 1320, 1326, 1328, 1330, 1331, 1339, 1349, 1357, 1364, 1365, 1372, 1376, 1379, 1388, 1402, 1410, 1411, 1417, 1420, 1421, 1427, 1429, 1443, 1446, 1452, 1458, 1459, 1465, 1467, 1468, 1476, 1479, 1482, 1487, 1493, 1495, 1499, 1500, 1503, 1520, 1525, 1534, 1542, 1545, 1548, 1552, 1567, 1578, 1579, 1588, 1589, 1593, 1595, 1611, 1622, 1624, 1626, 1633, 1637, 1639, 1653, 1663, 1670, 1671, 1676, 1680, 1681, 1688, 1717, 1719, 1727, 1736, 1741, 1746, 1757, 1765, 1772, 1774, 1778, 1785, 1786, 1790, 1794, 1799, 1800, 1801, 1803, 1814, 1815]",
PPI_12,0.3,1819,545,5.530930995941162,0.36235619391269713,,,"[5, 7, 9, 12, 13, 16, 18, 19, 24, 32, 42, 49, 54, 57, 58, 60, 65, 66, 72, 73, 82, 86, 89, 92, 95, 97, 102, 110, 111, 113, 114, 116, 118, 119, 121, 122, 123, 124, 126, 130, 134, 140, 144, 155, 156, 160, 161, 178, 180, 181, 182, 186, 193, 194, 195, 202, 203, 204, 206, 207, 208, 209, 214, 215, 221, 224, 226, 230, 235, 236, 238, 246, 247, 248, 249, 255, 256, 257, 263, 268, 270, 273, 274, 275, 278, 284, 285, 286, 287, 289, 290, 291, 295, 300, 301, 304, 307, 314, 315, 316, 319, 323, 327, 331, 336, 341, 343, 346, 347, 348, 349, 354, 357, 360, 362, 363, 364, 367, 373, 376, 379, 380, 386, 388, 390, 391, 392, 393, 394, 396, 397, 398, 399, 401, 406, 409, 413, 420, 425, 427, 428, 432, 434, 441, 446, 451, 455, 457, 461, 463, 465, 473, 475, 477, 478, 480, 481, 484, 493, 498, 499, 503, 507, 515, 518, 521, 522, 525, 528, 532, 533, 535, 537, 540, 544, 546, 549, 550, 552, 553, 558, 559, 561, 562, 564, 568, 569, 570, 571, 574, 577, 579, 582, 585, 586, 590, 594, 596, 598, 599, 601, 602, 604, 606, 614, 615, 618, 629, 631, 633, 636, 643, 649, 652, 655, 657, 659, 661, 662, 677, 678, 680, 682, 687, 690, 692, 699, 700, 708, 709, 712, 724, 725, 727, 728, 730, 731, 732, 733, 734, 736, 737, 739, 741, 743, 744, 745, 747, 749, 753, 754, 757, 759, 762, 764, 771, 773, 774, 775, 778, 780, 787, 790, 792, 800, 801, 806, 809, 811, 823, 826, 828, 829, 848, 849, 852, 870, 872, 875, 876, 879, 881, 883, 884, 886, 887, 888, 890, 891, 893, 895, 897, 908, 912, 914, 922, 923, 928, 933, 941, 945, 952, 953, 959, 962, 965, 974, 975, 976, 981, 987, 988, 989, 991, 994, 996, 998, 1001, 1002, 1005, 1008, 1011, 1012, 1013, 1014, 1016, 1020, 1021, 1023, 1034, 1043, 1046, 1048, 1052, 1054, 1058, 1059, 1060, 1066, 1069, 1076, 1081, 1082, 1083, 1084, 1085, 1089, 1090, 1092, 1093, 1112, 1119, 1122, 1132, 1133, 1139, 1140, 1141, 1142, 1144, 1145, 1146, 1147, 1150, 1164, 1165, 1167, 1170, 1171, 1172, 1174, 1183, 1184, 1186, 1187, 1189, 1193, 1195, 1201, 1202, 1206, 1208, 1209, 1213, 1215, 1217, 1227, 1229, 1233, 1236, 1238, 1240, 1241, 1243, 1244, 1246, 1247, 1251, 1255, 1257, 1258, 1269, 1272, 1279, 1286, 1287, 1289, 1292, 1301, 1307, 1308, 1310, 1315, 1320, 1321, 1326, 1328, 1329, 1330, 1331, 1337, 1339, 1340, 1354, 1357, 1364, 1366, 1367, 1376, 1377, 1379, 1384, 1389, 1394, 1402, 1406, 1407, 1408, 1409, 1413, 1415, 1416, 1417, 1420, 1425, 1426, 1428, 1431, 1440, 1443, 1446, 1449, 1452, 1459, 1461, 1464, 1465, 1467, 1468, 1474, 1475, 1476, 1479, 1482, 1487, 1490, 1493, 1496, 1500, 1503, 1507, 1520, 1522, 1523, 1524, 1525, 1526, 1530, 1534, 1539, 1540, 1542, 1545, 1547, 1548, 1557, 1564, 1567, 1578, 1582, 1588, 1589, 1590, 1593, 1595, 1601, 1602, 1605, 1611, 1616, 1622, 1623, 1633, 1635, 1636, 1638, 1651, 1652, 1655, 1657, 1663, 1670, 1671, 1676, 1680, 1682, 1683, 1688, 1696, 1704, 1717, 1718, 1720, 1722, 1723, 1730, 1740, 1741, 1744, 1746, 1755, 1760, 1761, 1765, 1769, 1772, 1774, 1775, 1778, 1785, 1790, 1794, 1795, 1799, 1814]",
PPI_12,0.4,1819,727,5.591846942901611,0.003527025983487945,,,"[2, 5, 7, 9, 15, 16, 18, 19, 20, 24, 30, 32, 39, 41, 44, 46, 49, 50, 54, 55, 58, 60, 62, 64, 65, 70, 72, 77, 82, 83, 86, 89, 93, 95, 96, 97, 98, 102, 104, 106, 108, 113, 114, 119, 120, 121, 122, 123, 124, 125, 126, 131, 134, 137, 140, 142, 143, 144, 145, 148, 149, 156, 157, 160, 161, 170, 175, 178, 180, 181, 182, 186, 190, 192, 193, 194, 195, 198, 200, 201, 203, 204, 205, 206, 207, 208, 209, 211, 213, 214, 215, 217, 221, 224, 226, 230, 234, 236, 237, 238, 239, 245, 246, 247, 248, 249, 252, 255, 262, 263, 264, 268, 270, 273, 274, 275, 276, 278, 284, 285, 286, 287, 289, 291, 298, 300, 301, 303, 304, 305, 307, 308, 313, 314, 316, 319, 323, 324, 327, 328, 331, 335, 336, 337, 338, 340, 341, 345, 347, 348, 349, 353, 354, 357, 359, 360, 361, 362, 363, 364, 367, 373, 376, 377, 378, 379, 380, 386, 388, 391, 392, 393, 394, 396, 397, 398, 399, 401, 406, 409, 413, 417, 420, 427, 430, 432, 434, 443, 451, 455, 457, 460, 461, 462, 463, 464, 465, 468, 469, 470, 473, 475, 476, 477, 478, 480, 483, 484, 486, 489, 493, 494, 495, 496, 498, 499, 505, 507, 511, 518, 521, 522, 523, 524, 525, 532, 533, 535, 540, 544, 545, 549, 550, 558, 559, 561, 562, 563, 564, 567, 568, 569, 570, 571, 573, 577, 583, 586, 590, 591, 594, 596, 599, 601, 603, 604, 606, 608, 613, 614, 615, 617, 624, 626, 629, 631, 636, 637, 640, 643, 645, 646, 649, 652, 653, 655, 657, 659, 661, 662, 664, 670, 677, 678, 679, 681, 682, 684, 686, 688, 689, 690, 691, 692, 696, 699, 700, 701, 702, 709, 712, 723, 725, 726, 727, 728, 729, 730, 731, 732, 733, 734, 736, 738, 739, 743, 745, 747, 751, 753, 754, 756, 757, 758, 759, 760, 762, 763, 764, 769, 771, 772, 773, 774, 775, 778, 782, 784, 790, 800, 801, 806, 810, 811, 813, 815, 823, 828, 829, 834, 836, 838, 839, 843, 844, 845, 847, 848, 849, 852, 856, 857, 863, 866, 870, 872, 873, 875, 876, 879, 881, 883, 884, 886, 887, 888, 891, 894, 895, 898, 903, 904, 909, 912, 913, 916, 923, 928, 930, 933, 936, 938, 939, 944, 945, 953, 954, 955, 956, 959, 961, 962, 969, 971, 973, 974, 975, 976, 979, 984, 989, 991, 992, 994, 996, 1002, 1003, 1006, 1008, 1011, 1012, 1013, 1014, 1016, 1020, 1021, 1023, 1025, 1027, 1030, 1033, 1037, 1043, 1045, 1046, 1047, 1048, 1049, 1050, 1059, 1060, 1063, 1065, 1066, 1069, 1076, 1079, 1082, 1083, 1084, 1085, 1087, 1089, 1090, 1092, 1093, 1096, 1098, 1100, 1102, 1106, 1108, 1112, 1115, 1119, 1120, 1127, 1128, 1130, 1133, 1139, 1141, 1142, 1143, 1144, 1145, 1146, 1147, 1153, 1161, 1164, 1165, 1167, 1170, 1171, 1174, 1176, 1182, 1183, 1184, 1186, 1189, 1195, 1196, 1201, 1202, 1206, 1208, 1209, 1215, 1217, 1227, 1228, 1229, 1233, 1236, 1238, 1240, 1241, 1245, 1247, 1249, 1251, 1254, 1255, 1256, 1257, 1258, 1260, 1262, 1266, 1267, 1272, 1274, 1275, 1276, 1279, 1280, 1283, 1285, 1286, 1287, 1291, 1292, 1301, 1307, 1308, 1309, 1310, 1311, 1312, 1315, 1317, 1320, 1326, 1327, 1328, 1329, 1330, 1331, 1332, 1336, 1339, 1340, 1342, 1349, 1353, 1354, 1357, 1358, 1366, 1367, 1371, 1375, 1376, 1377, 1384, 1387, 1389, 1392, 1400, 1401, 1402, 1403, 1406, 1407, 1408, 1409, 1413, 1416, 1417, 1419, 1420, 1424, 1425, 1426, 1428, 1431, 1434, 1436, 1440, 1443, 1444, 1445, 1446, 1449, 1452, 1459, 1464, 1467, 1468, 1471, 1475, 1476, 1479, 1482, 1487, 1493, 1496, 1500, 1501, 1503, 1506, 1507, 1511, 1512, 1518, 1520, 1522, 1523, 1524, 1525, 1526, 1527, 1529, 1534, 1536, 1537, 1542, 1543, 1544, 1545, 1548, 1555, 1556, 1560, 1564, 1567, 1569, 1570, 1578, 1582, 1584, 1588, 1593, 1595, 1601, 1602, 1603, 1605, 1613, 1614, 1615, 1616, 1619, 1623, 1624, 1626, 1633, 1634, 1635, 1636, 1637, 1638, 1639, 1640, 1649, 1651, 1652, 1655, 1656, 1657, 1661, 1663, 1664, 1665, 1669, 1670, 1671, 1672, 1673, 1676, 1680, 1682, 1688, 1694, 1696, 1700, 1704, 1711, 1712, 1713, 1717, 1718, 1719, 1720, 1722, 1730, 1732, 1733, 1735, 1739, 1741, 1743, 1744, 1746, 1748, 1756, 1757, 1759, 1760, 1767, 1769, 1771, 1772, 1778, 1780, 1782, 1786, 1790, 1791, 1794, 1795, 1799, 1806, 1810, 1814]",
PPI_13,0.1,3480,348,5.7288103103637695,0.784431261071973,,,"[14, 17, 20, 29, 31, 33, 47, 49, 50, 60, 66, 69, 78, 104, 113, 114, 126, 127, 143, 154, 158, 163, 189, 190, 197, 202, 205, 213, 218, 226, 227, 228, 234, 251, 256, 257, 265, 270, 278, 284, 290, 314, 324, 341, 342, 361, 397, 414, 424, 438, 453, 466, 473, 492, 501, 502, 513, 520, 521, 536, 539, 547, 550, 556, 562, 572, 585, 586, 590, 594, 601, 614, 622, 646, 656, 659, 660, 661, 664, 665, 671, 679, 683, 695, 702, 705, 714, 717, 731, 737, 744, 750, 756, 765, 778, 786, 854, 874, 875, 888, 890, 894, 919, 923, 946, 962, 969, 981, 982, 985, 1005, 1030, 1033, 1036, 1038, 1050, 1055, 1057, 1059, 1062, 1065, 1071, 1094, 1109, 1117, 1123, 1142, 1143, 1182, 1184, 1188, 1201, 1217, 1220, 1221, 1282, 1293, 1299, 1320, 1330, 1345, 1367, 1382, 1383, 1387, 1404, 1437, 1441, 1452, 1464, 1471, 1472, 1479, 1488, 1491, 1513, 1518, 1528, 1549, 1565, 1582, 1585, 1596, 1605, 1635, 1646, 1650, 1679, 1688, 1692, 1703, 1728, 1730, 1756, 1759, 1777, 1779, 1792, 1804, 1827, 1829, 1832, 1834, 1836, 1840, 1842, 1843, 1854, 1892, 1899, 1901, 1921, 1930, 1934, 1946, 1951, 1979, 1993, 2028, 2029, 2033, 2036, 2039, 2086, 2091, 2094, 2096, 2115, 2117, 2123, 2126, 2157, 2169, 2180, 2202, 2220, 2224, 2237, 2239, 2248, 2269, 2276, 2284, 2290, 2299, 2305, 2317, 2318, 2383, 2389, 2392, 2394, 2411, 2412, 2414, 2415, 2417, 2419, 2429, 2430, 2450, 2474, 2477, 2484, 2490, 2499, 2507, 2512, 2517, 2536, 2538, 2549, 2561, 2580, 2588, 2590, 2601, 2610, 2615, 2632, 2633, 2636, 2641, 2657, 2660, 2662, 2667, 2678, 2684, 2698, 2713, 2725, 2743, 2746, 2749, 2774, 2833, 2853, 2859, 2869, 2904, 2916, 2918, 2919, 2921, 2937, 2943, 2953, 2957, 2958, 2970, 2974, 2983, 2984, 2985, 2988, 3005, 3016, 3027, 3030, 3045, 3064, 3082, 3084, 3090, 3099, 3100, 3108, 3111, 3119, 3125, 3134, 3140, 3144, 3158, 3165, 3177, 3179, 3233, 3235, 3243, 3268, 3273, 3280, 3298, 3307, 3309, 3315, 3317, 3348, 3368, 3383, 3387, 3388, 3389, 3404, 3406, 3410, 3418, 3426, 3440, 3443, 3448, 3450, 3452, 3466, 3468, 3469]",
PPI_13,0.2,3480,696,6.558762073516846,0.6677353472024319,,,"[6, 11, 17, 20, 25, 29, 31, 33, 47, 49, 50, 60, 66, 69, 70, 71, 78, 79, 86, 92, 98, 101, 104, 109, 113, 114, 116, 120, 126, 129, 133, 137, 138, 143, 154, 160, 163, 174, 179, 182, 190, 198, 202, 205, 213, 215, 218, 221, 222, 224, 226, 227, 228, 235, 241, 251, 256, 257, 265, 266, 270, 271, 275, 277, 278, 290, 291, 297, 311, 314, 317, 324, 340, 341, 342, 344, 361, 365, 372, 377, 383, 387, 397, 411, 412, 414, 424, 427, 438, 439, 444, 453, 457, 473, 482, 497, 501, 502, 513, 515, 520, 521, 536, 539, 541, 547, 556, 562, 568, 572, 585, 592, 594, 598, 601, 614, 618, 620, 622, 630, 645, 646, 647, 648, 652, 656, 659, 661, 664, 665, 667, 673, 677, 679, 683, 685, 689, 695, 702, 703, 704, 705, 717, 719, 721, 731, 732, 734, 737, 738, 742, 743, 744, 747, 750, 756, 767, 778, 781, 786, 788, 797, 803, 806, 821, 844, 863, 865, 868, 874, 875, 886, 888, 890, 894, 895, 899, 916, 919, 920, 923, 932, 938, 945, 954, 962, 969, 970, 979, 981, 982, 991, 1001, 1007, 1008, 1010, 1033, 1036, 1038, 1042, 1046, 1050, 1052, 1055, 1057, 1059, 1062, 1065, 1070, 1071, 1075, 1079, 1082, 1086, 1094, 1099, 1109, 1119, 1123, 1124, 1142, 1143, 1144, 1147, 1157, 1166, 1167, 1174, 1178, 1179, 1182, 1184, 1188, 1191, 1194, 1199, 1201, 1205, 1217, 1220, 1232, 1248, 1249, 1252, 1256, 1266, 1279, 1282, 1285, 1293, 1294, 1299, 1315, 1318, 1320, 1323, 1325, 1329, 1330, 1343, 1344, 1345, 1349, 1361, 1362, 1364, 1366, 1367, 1369, 1382, 1383, 1385, 1387, 1389, 1396, 1399, 1402, 1404, 1425, 1429, 1437, 1441, 1453, 1456, 1460, 1464, 1470, 1471, 1472, 1477, 1478, 1479, 1491, 1504, 1509, 1513, 1525, 1526, 1528, 1529, 1537, 1541, 1543, 1544, 1546, 1549, 1553, 1554, 1555, 1570, 1577, 1582, 1585, 1587, 1589, 1591, 1592, 1595, 1596, 1600, 1606, 1613, 1617, 1635, 1636, 1643, 1644, 1648, 1657, 1662, 1673, 1679, 1682, 1683, 1684, 1688, 1692, 1696, 1702, 1711, 1714, 1719, 1728, 1754, 1756, 1777, 1778, 1785, 1790, 1791, 1792, 1802, 1804, 1810, 1827, 1829, 1832, 1834, 1836, 1840, 1843, 1844, 1848, 1865, 1870, 1876, 1877, 1890, 1891, 1896, 1897, 1899, 1909, 1916, 1921, 1922, 1930, 1932, 1933, 1934, 1946, 1951, 1952, 1962, 1979, 1984, 1993, 1994, 1997, 2003, 2009, 2022, 2028, 2029, 2031, 2036, 2039, 2040, 2042, 2045, 2055, 2060, 2068, 2084, 2090, 2091, 2096, 2097, 2104, 2108, 2111, 2113, 2115, 2119, 2124, 2126, 2145, 2147, 2151, 2155, 2157, 2169, 2173, 2180, 2183, 2184, 2198, 2203, 2207, 2208, 2212, 2213, 2214, 2220, 2223, 2224, 2233, 2239, 2248, 2250, 2267, 2269, 2274, 2276, 2284, 2286, 2294, 2299, 2305, 2306, 2317, 2318, 2320, 2321, 2325, 2336, 2340, 2345, 2347, 2357, 2361, 2365, 2383, 2389, 2392, 2394, 2411, 2412, 2413, 2414, 2415, 2417, 2419, 2421, 2426, 2429, 2430, 2437, 2440, 2446, 2450, 2459, 2460, 2461, 2464, 2468, 2477, 2478, 2484, 2490, 2498, 2499, 2500, 2501, 2503, 2507, 2512, 2517, 2520, 2524, 2527, 2536, 2538, 2541, 2546, 2549, 2551, 2556, 2561, 2568, 2572, 2579, 2583, 2586, 2588, 2593, 2601, 2608, 2610, 2616, 2625, 2626, 2632, 2633, 2636, 2648, 2650, 2657, 2658, 2662, 2665, 2676, 2678, 2684, 2686, 2689, 2696, 2698, 2700, 2711, 2725, 2730, 2740, 2743, 2745, 2752, 2755, 2770, 2773, 2774, 2784, 2792, 2801, 2832, 2833, 2841, 2845, 2846, 2848, 2853, 2854, 2858, 2859, 2862, 2869, 2872, 2876, 2878, 2889, 2890, 2900, 2908, 2916, 2917, 2918, 2919, 2920, 2921, 2923, 2924, 2938, 2953, 2955, 2958, 2965, 2973, 2974, 2984, 2985, 2991, 2996, 3005, 3016, 3023, 3027, 3030, 3033, 3038, 3064, 3068, 3071, 3073, 3084, 3089, 3090, 3092, 3100, 3108, 3114, 3116, 3120, 3122, 3123, 3125, 3133, 3134, 3140, 3142, 3144, 3147, 3158, 3163, 3165, 3168, 3169, 3174, 3176, 3177, 3179, 3183, 3187, 3200, 3204, 3217, 3225, 3235, 3243, 3248, 3253, 3254, 3255, 3261, 3265, 3268, 3271, 3273, 3279, 3280, 3281, 3287, 3295, 3298, 3299, 3307, 3313, 3315, 3319, 3324, 3326, 3327, 3331, 3332, 3342, 3348, 3355, 3368, 3373, 3374, 3375, 3383, 3386, 3387, 3388, 3389, 3398, 3399, 3404, 3406, 3407, 3410, 3413, 3418, 3426, 3429, 3438, 3440, 3442, 3444, 3450, 3452, 3453, 3454, 3456, 3465, 3468, 3469]",
PPI_13,0.3,3480,1044,7.566396951675415,0.4756452662492456,,,"[0, 6, 10, 17, 20, 21, 29, 31, 33, 38, 39, 43, 47, 49, 53, 56, 57, 60, 62, 64, 66, 68, 69, 77, 78, 79, 84, 86, 87, 90, 91, 92, 93, 97, 98, 100, 104, 113, 114, 115, 116, 122, 124, 126, 129, 137, 138, 143, 144, 151, 153, 154, 161, 163, 170, 179, 182, 185, 190, 197, 202, 205, 206, 212, 213, 215, 216, 217, 218, 224, 226, 227, 228, 231, 232, 251, 252, 253, 256, 257, 265, 266, 269, 272, 273, 278, 280, 284, 290, 292, 297, 299, 301, 302, 305, 307, 309, 311, 314, 317, 322, 324, 326, 336, 337, 340, 342, 344, 350, 351, 361, 362, 365, 367, 372, 376, 377, 379, 382, 383, 386, 387, 390, 392, 393, 396, 397, 403, 407, 412, 414, 417, 424, 429, 430, 431, 437, 438, 439, 442, 444, 445, 450, 453, 459, 463, 464, 468, 473, 475, 482, 486, 490, 492, 496, 497, 500, 501, 502, 504, 513, 515, 520, 521, 525, 535, 536, 537, 539, 541, 545, 547, 548, 549, 550, 558, 562, 563, 572, 576, 585, 586, 589, 592, 594, 596, 597, 598, 601, 603, 614, 618, 622, 632, 638, 642, 643, 646, 647, 648, 652, 655, 656, 659, 661, 664, 665, 666, 668, 673, 677, 678, 679, 680, 681, 683, 685, 689, 694, 699, 702, 704, 705, 706, 709, 713, 717, 718, 725, 731, 732, 737, 738, 739, 742, 743, 747, 750, 756, 758, 767, 774, 778, 781, 783, 785, 786, 787, 794, 797, 803, 805, 806, 811, 816, 821, 824, 825, 826, 828, 834, 844, 850, 862, 869, 874, 875, 882, 884, 888, 889, 890, 891, 894, 895, 910, 914, 916, 919, 920, 922, 926, 932, 933, 940, 946, 949, 952, 959, 962, 966, 968, 969, 970, 972, 973, 977, 980, 981, 982, 989, 990, 991, 999, 1011, 1017, 1033, 1036, 1038, 1039, 1050, 1051, 1055, 1056, 1057, 1059, 1060, 1062, 1064, 1068, 1070, 1071, 1073, 1076, 1078, 1079, 1082, 1086, 1089, 1092, 1094, 1099, 1102, 1104, 1107, 1109, 1111, 1114, 1118, 1119, 1122, 1123, 1124, 1125, 1127, 1130, 1143, 1144, 1146, 1155, 1160, 1167, 1170, 1176, 1177, 1180, 1182, 1184, 1188, 1194, 1197, 1198, 1201, 1203, 1217, 1220, 1229, 1232, 1234, 1235, 1248, 1249, 1253, 1255, 1272, 1277, 1279, 1280, 1282, 1285, 1289, 1293, 1294, 1307, 1310, 1311, 1314, 1317, 1318, 1319, 1320, 1323, 1327, 1329, 1330, 1331, 1332, 1345, 1346, 1350, 1360, 1361, 1362, 1363, 1364, 1367, 1368, 1370, 1374, 1377, 1382, 1383, 1387, 1389, 1392, 1393, 1396, 1398, 1399, 1401, 1402, 1404, 1406, 1424, 1425, 1429, 1430, 1439, 1440, 1441, 1442, 1443, 1444, 1455, 1456, 1457, 1458, 1459, 1462, 1464, 1471, 1472, 1478, 1479, 1491, 1495, 1498, 1509, 1512, 1513, 1518, 1520, 1521, 1524, 1525, 1526, 1528, 1529, 1533, 1534, 1537, 1538, 1541, 1543, 1546, 1549, 1551, 1552, 1553, 1560, 1568, 1575, 1582, 1584, 1585, 1587, 1589, 1592, 1593, 1595, 1596, 1597, 1600, 1610, 1613, 1616, 1617, 1619, 1620, 1627, 1632, 1633, 1635, 1643, 1644, 1648, 1650, 1653, 1655, 1656, 1657, 1661, 1662, 1674, 1677, 1679, 1681, 1682, 1684, 1688, 1692, 1693, 1702, 1705, 1711, 1714, 1715, 1716, 1719, 1728, 1730, 1736, 1737, 1747, 1752, 1754, 1755, 1756, 1759, 1768, 1777, 1778, 1785, 1786, 1787, 1792, 1802, 1810, 1815, 1817, 1827, 1828, 1829, 1831, 1832, 1834, 1835, 1836, 1840, 1843, 1844, 1854, 1858, 1863, 1867, 1868, 1876, 1878, 1881, 1885, 1890, 1896, 1897, 1899, 1903, 1905, 1914, 1916, 1921, 1922, 1929, 1930, 1931, 1932, 1933, 1934, 1942, 1946, 1947, 1948, 1949, 1951, 1958, 1961, 1964, 1967, 1969, 1975, 1978, 1979, 1980, 1981, 1984, 1988, 1991, 1993, 1994, 1996, 1997, 1998, 2003, 2007, 2009, 2012, 2018, 2019, 2023, 2024, 2028, 2029, 2034, 2036, 2039, 2040, 2042, 2043, 2044, 2049, 2053, 2054, 2055, 2060, 2064, 2068, 2069, 2073, 2079, 2081, 2082, 2084, 2086, 2091, 2093, 2096, 2104, 2106, 2108, 2111, 2117, 2126, 2132, 2136, 2140, 2142, 2150, 2151, 2164, 2165, 2169, 2170, 2171, 2172, 2173, 2174, 2176, 2178, 2179, 2180, 2181, 2183, 2184, 2189, 2192, 2198, 2202, 2203, 2204, 2209, 2211, 2213, 2218, 2220, 2224, 2228, 2231, 2237, 2239, 2244, 2245, 2246, 2248, 2259, 2266, 2267, 2268, 2269, 2273, 2276, 2278, 2283, 2284, 2285, 2286, 2288, 2297, 2299, 2300, 2302, 2305, 2315, 2317, 2318, 2320, 2321, 2325, 2327, 2328, 2330, 2333, 2337, 2344, 2345, 2347, 2348, 2349, 2354, 2356, 2360, 2364, 2365, 2368, 2369, 2372, 2376, 2379, 2383, 2386, 2389, 2392, 2393, 2394, 2400, 2407, 2411, 2412, 2413, 2414, 2415, 2417, 2419, 2423, 2429, 2432, 2433, 2437, 2441, 2452, 2459, 2460, 2461, 2467, 2477, 2478, 2479, 2484, 2485, 2490, 2498, 2499, 2501, 2503, 2504, 2506, 2507, 2510, 2512, 2516, 2517, 2519, 2520, 2521, 2526, 2536, 2538, 2541, 2543, 2544, 2548, 2549, 2551, 2556, 2557, 2560, 2561, 2562, 2568, 2579, 2580, 2588, 2592, 2593, 2595, 2598, 2599, 2601, 2610, 2616, 2618, 2620, 2622, 2627, 2632, 2633, 2636, 2644, 2647, 2648, 2650, 2653, 2654, 2655, 2656, 2657, 2659, 2661, 2662, 2672, 2673, 2678, 2680, 2681, 2682, 2684, 2686, 2691, 2695, 2696, 2698, 2699, 2700, 2704, 2706, 2707, 2708, 2714, 2725, 2731, 2733, 2739, 2740, 2743, 2745, 2746, 2752, 2755, 2759, 2766, 2768, 2771, 2774, 2775, 2780, 2786, 2797, 2798, 2803, 2804, 2812, 2814, 2816, 2826, 2827, 2833, 2834, 2841, 2845, 2846, 2848, 2853, 2858, 2859, 2862, 2864, 2866, 2869, 2870, 2872, 2877, 2887, 2890, 2894, 2896, 2900, 2901, 2904, 2908, 2913, 2916, 2918, 2919, 2920, 2923, 2925, 2926, 2938, 2955, 2956, 2958, 2959, 2960, 2965, 2969, 2970, 2971, 2974, 2978, 2984, 2985, 2986, 2991, 2996, 3005, 3006, 3020, 3021, 3024, 3026, 3027, 3030, 3031, 3033, 3034, 3041, 3043, 3044, 3045, 3051, 3056, 3057, 3059, 3063, 3064, 3066, 3068, 3072, 3073, 3078, 3081, 3084, 3090, 3096, 3099, 3100, 3101, 3103, 3106, 3108, 3109, 3111, 3116, 3120, 3122, 3133, 3134, 3135, 3139, 3140, 3142, 3143, 3144, 3147, 3156, 3158, 3165, 3173, 3176, 3177, 3179, 3180, 3183, 3200, 3204, 3211, 3215, 3231, 3233, 3235, 3243, 3248, 3253, 3254, 3255, 3257, 3264, 3268, 3271, 3273, 3277, 3280, 3287, 3288, 3293, 3294, 3298, 3299, 3306, 3307, 3314, 3315, 3317, 3318, 3319, 3326, 3332, 3336, 3338, 3346, 3348, 3355, 3357, 3358, 3368, 3373, 3374, 3375, 3379, 3383, 3387, 3389, 3398, 3399, 3404, 3406, 3410, 3413, 3414, 3417, 3418, 3421, 3426, 3427, 3437, 3440, 3444, 3449, 3450, 3452, 3454, 3459, 3465, 3468, 3469, 3474, 3479]",
PPI_13,0.4,3480,1392,8.458356380462646,0.07268173531825367,,,"[0, 3, 5, 10, 14, 15, 16, 17, 20, 22, 29, 31, 33, 34, 39, 41, 46, 47, 57, 60, 63, 64, 65, 66, 68, 69, 70, 71, 76, 79, 81, 85, 86, 91, 92, 97, 98, 101, 103, 104, 105, 109, 112, 114, 116, 118, 121, 123, 124, 125, 126, 127, 128, 129, 132, 137, 146, 149, 152, 154, 155, 157, 160, 161, 162, 163, 167, 169, 170, 171, 173, 174, 176, 178, 182, 183, 184, 187, 188, 191, 195, 197, 198, 203, 205, 206, 207, 211, 213, 215, 216, 217, 218, 219, 222, 224, 226, 227, 228, 229, 230, 231, 232, 235, 241, 249, 251, 252, 253, 256, 257, 258, 265, 267, 271, 272, 273, 275, 278, 279, 282, 286, 290, 297, 298, 299, 300, 301, 311, 314, 317, 321, 322, 324, 325, 333, 335, 336, 337, 340, 342, 344, 348, 353, 355, 359, 362, 366, 372, 375, 376, 379, 383, 384, 385, 387, 389, 390, 391, 392, 393, 395, 396, 397, 400, 402, 403, 414, 417, 426, 428, 429, 430, 431, 437, 438, 440, 443, 444, 445, 448, 449, 450, 452, 453, 456, 459, 462, 468, 469, 473, 474, 475, 476, 478, 482, 484, 486, 487, 490, 492, 496, 497, 498, 500, 501, 502, 510, 512, 513, 518, 520, 521, 522, 524, 525, 526, 527, 535, 536, 538, 539, 541, 542, 543, 545, 546, 547, 548, 551, 555, 558, 559, 563, 569, 572, 573, 574, 576, 577, 578, 581, 584, 585, 587, 588, 591, 592, 594, 596, 597, 598, 600, 601, 602, 607, 612, 618, 621, 622, 628, 630, 635, 636, 637, 638, 639, 642, 643, 646, 647, 648, 650, 652, 656, 657, 659, 660, 662, 664, 665, 668, 673, 676, 677, 678, 679, 680, 681, 682, 683, 684, 685, 686, 694, 701, 702, 703, 704, 705, 706, 708, 709, 713, 716, 717, 718, 725, 731, 732, 736, 737, 738, 739, 742, 743, 746, 747, 748, 750, 759, 767, 771, 772, 775, 778, 779, 785, 786, 787, 788, 791, 794, 795, 803, 804, 805, 806, 811, 814, 818, 820, 821, 823, 828, 829, 834, 844, 853, 858, 859, 861, 867, 869, 873, 874, 876, 878, 881, 882, 883, 884, 888, 889, 890, 891, 892, 895, 896, 898, 903, 910, 911, 913, 915, 916, 917, 918, 919, 920, 922, 926, 927, 933, 936, 937, 938, 940, 946, 947, 949, 950, 959, 962, 963, 964, 966, 968, 969, 973, 976, 982, 987, 988, 989, 990, 991, 1016, 1017, 1027, 1028, 1033, 1034, 1036, 1038, 1044, 1050, 1055, 1056, 1057, 1059, 1060, 1062, 1067, 1068, 1070, 1071, 1073, 1076, 1078, 1079, 1084, 1089, 1092, 1094, 1097, 1098, 1099, 1100, 1101, 1103, 1104, 1107, 1109, 1111, 1116, 1117, 1118, 1119, 1120, 1121, 1122, 1123, 1125, 1130, 1132, 1133, 1143, 1144, 1146, 1147, 1149, 1150, 1157, 1159, 1160, 1167, 1169, 1173, 1174, 1175, 1176, 1177, 1178, 1180, 1182, 1184, 1185, 1188, 1192, 1193, 1194, 1196, 1197, 1198, 1201, 1203, 1207, 1213, 1216, 1217, 1220, 1221, 1225, 1229, 1235, 1236, 1237, 1247, 1248, 1249, 1250, 1251, 1253, 1254, 1255, 1258, 1262, 1264, 1265, 1266, 1268, 1269, 1270, 1279, 1285, 1289, 1293, 1294, 1297, 1300, 1314, 1319, 1320, 1323, 1329, 1330, 1333, 1335, 1337, 1338, 1339, 1341, 1343, 1345, 1346, 1349, 1358, 1361, 1362, 1366, 1367, 1368, 1376, 1377, 1380, 1382, 1383, 1385, 1387, 1389, 1395, 1396, 1399, 1404, 1408, 1413, 1414, 1416, 1421, 1425, 1426, 1427, 1428, 1429, 1430, 1434, 1436, 1437, 1440, 1441, 1442, 1443, 1444, 1449, 1450, 1455, 1456, 1457, 1458, 1460, 1461, 1462, 1464, 1471, 1478, 1479, 1481, 1484, 1486, 1490, 1491, 1492, 1498, 1501, 1502, 1508, 1509, 1512, 1513, 1515, 1516, 1517, 1518, 1520, 1522, 1524, 1525, 1528, 1529, 1531, 1533, 1534, 1537, 1541, 1543, 1546, 1549, 1551, 1552, 1553, 1555, 1557, 1561, 1565, 1567, 1568, 1569, 1571, 1572, 1575, 1582, 1585, 1587, 1589, 1591, 1592, 1595, 1596, 1598, 1600, 1601, 1609, 1610, 1615, 1617, 1619, 1629, 1630, 1634, 1635, 1636, 1638, 1639, 1641, 1642, 1643, 1644, 1645, 1648, 1649, 1650, 1656, 1657, 1659, 1661, 1666, 1667, 1673, 1677, 1678, 1679, 1681, 1682, 1683, 1684, 1687, 1692, 1693, 1695, 1697, 1698, 1702, 1704, 1708, 1709, 1711, 1714, 1715, 1716, 1719, 1721, 1724, 1728, 1730, 1735, 1736, 1738, 1742, 1744, 1747, 1752, 1754, 1755, 1758, 1759, 1761, 1764, 1768, 1769, 1778, 1780, 1781, 1784, 1785, 1786, 1788, 1789, 1791, 1792, 1793, 1795, 1808, 1810, 1811, 1817, 1818, 1825, 1827, 1828, 1829, 1830, 1831, 1832, 1836, 1841, 1843, 1844, 1846, 1850, 1852, 1858, 1863, 1865, 1866, 1867, 1868, 1869, 1870, 1876, 1883, 1890, 1894, 1898, 1899, 1903, 1908, 1909, 1912, 1916, 1917, 1920, 1922, 1925, 1928, 1929, 1930, 1931, 1932, 1933, 1934, 1935, 1937, 1939, 1942, 1943, 1948, 1950, 1951, 1952, 1955, 1959, 1961, 1962, 1965, 1969, 1970, 1972, 1978, 1980, 1982, 1984, 1991, 1992, 1993, 1994, 1995, 1997, 1998, 2008, 2009, 2012, 2013, 2014, 2017, 2018, 2019, 2023, 2024, 2027, 2028, 2029, 2031, 2036, 2039, 2044, 2049, 2051, 2054, 2055, 2057, 2058, 2060, 2061, 2064, 2068, 2069, 2070, 2073, 2076, 2080, 2084, 2085, 2086, 2088, 2090, 2091, 2093, 2096, 2100, 2102, 2103, 2104, 2107, 2111, 2114, 2117, 2119, 2128, 2136, 2140, 2142, 2145, 2148, 2150, 2151, 2153, 2161, 2162, 2163, 2165, 2167, 2168, 2169, 2170, 2171, 2172, 2173, 2174, 2180, 2181, 2182, 2183, 2186, 2187, 2188, 2192, 2198, 2202, 2203, 2204, 2206, 2212, 2213, 2216, 2217, 2218, 2220, 2222, 2224, 2231, 2233, 2235, 2237, 2238, 2239, 2246, 2248, 2259, 2262, 2265, 2267, 2268, 2269, 2270, 2273, 2276, 2278, 2279, 2280, 2281, 2283, 2285, 2286, 2289, 2291, 2293, 2296, 2297, 2298, 2299, 2300, 2302, 2303, 2305, 2308, 2315, 2316, 2317, 2319, 2320, 2321, 2325, 2327, 2328, 2329, 2330, 2333, 2336, 2337, 2339, 2340, 2341, 2342, 2345, 2347, 2350, 2352, 2353, 2356, 2358, 2359, 2364, 2365, 2366, 2371, 2373, 2375, 2376, 2378, 2380, 2383, 2386, 2389, 2390, 2392, 2393, 2394, 2397, 2400, 2402, 2407, 2408, 2411, 2412, 2413, 2414, 2415, 2417, 2419, 2423, 2425, 2429, 2430, 2431, 2436, 2437, 2441, 2447, 2452, 2453, 2454, 2457, 2459, 2460, 2461, 2463, 2467, 2477, 2478, 2479, 2480, 2484, 2490, 2492, 2495, 2497, 2499, 2501, 2502, 2503, 2504, 2506, 2507, 2510, 2511, 2512, 2516, 2517, 2521, 2524, 2526, 2527, 2529, 2536, 2537, 2538, 2541, 2543, 2545, 2548, 2549, 2551, 2554, 2556, 2559, 2560, 2561, 2562, 2568, 2573, 2575, 2576, 2579, 2580, 2581, 2583, 2593, 2607, 2608, 2610, 2612, 2614, 2616, 2620, 2621, 2624, 2626, 2627, 2628, 2629, 2632, 2635, 2636, 2641, 2642, 2643, 2644, 2645, 2647, 2648, 2650, 2652, 2655, 2656, 2657, 2661, 2662, 2668, 2669, 2670, 2673, 2674, 2678, 2680, 2682, 2684, 2685, 2686, 2689, 2691, 2694, 2695, 2696, 2697, 2698, 2700, 2701, 2706, 2707, 2710, 2715, 2728, 2733, 2740, 2743, 2745, 2746, 2750, 2752, 2753, 2755, 2757, 2759, 2760, 2762, 2763, 2764, 2766, 2770, 2771, 2773, 2774, 2775, 2778, 2780, 2786, 2790, 2803, 2808, 2809, 2810, 2811, 2813, 2814, 2817, 2819, 2825, 2827, 2830, 2833, 2834, 2839, 2844, 2845, 2846, 2848, 2850, 2853, 2855, 2857, 2858, 2859, 2860, 2861, 2862, 2868, 2869, 2871, 2877, 2878, 2880, 2881, 2882, 2883, 2887, 2890, 2891, 2892, 2900, 2901, 2903, 2904, 2908, 2920, 2926, 2927, 2928, 2929, 2934, 2938, 2941, 2952, 2956, 2958, 2965, 2969, 2970, 2974, 2976, 2977, 2985, 2986, 2991, 2995, 2996, 2997, 3000, 3005, 3006, 3010, 3012, 3014, 3016, 3020, 3021, 3027, 3028, 3030, 3034, 3036, 3038, 3039, 3041, 3042, 3043, 3044, 3045, 3046, 3049, 3052, 3056, 3063, 3064, 3068, 3069, 3070, 3072, 3073, 3077, 3078, 3079, 3080, 3084, 3088, 3091, 3092, 3093, 3097, 3098, 3099, 3100, 3103, 3105, 3106, 3108, 3109, 3110, 3111, 3114, 3118, 3120, 3121, 3122, 3124, 3130, 3131, 3133, 3134, 3136, 3141, 3142, 3143, 3144, 3145, 3147, 3148, 3150, 3156, 3158, 3159, 3161, 3165, 3166, 3169, 3173, 3174, 3175, 3176, 3179, 3187, 3189, 3200, 3201, 3204, 3206, 3209, 3210, 3211, 3213, 3215, 3229, 3231, 3232, 3233, 3235, 3236, 3240, 3243, 3244, 3246, 3247, 3248, 3253, 3254, 3258, 3264, 3265, 3268, 3271, 3273, 3280, 3283, 3284, 3286, 3297, 3298, 3299, 3301, 3306, 3307, 3310, 3313, 3317, 3318, 3319, 3326, 3328, 3330, 3332, 3333, 3335, 3336, 3338, 3340, 3342, 3348, 3351, 3352, 3354, 3355, 3357, 3360, 3363, 3364, 3365, 3366, 3368, 3372, 3374, 3375, 3379, 3383, 3387, 3392, 3399, 3400, 3401, 3404, 3406, 3407, 3408, 3410, 3411, 3412, 3413, 3417, 3418, 3421, 3422, 3426, 3427, 3433, 3434, 3436, 3439, 3440, 3441, 3444, 3445, 3447, 3450, 3452, 3454, 3459, 3461, 3462, 3463, 3467, 3469, 3474, 3479]",
PPI_14,0.1,2794,279,5.444366455078125,0.796782392360238,,,"[14, 24, 26, 37, 49, 50, 76, 79, 88, 92, 96, 101, 114, 115, 122, 126, 150, 157, 169, 172, 174, 175, 177, 178, 180, 181, 192, 198, 203, 224, 236, 241, 258, 273, 277, 281, 304, 324, 327, 341, 343, 351, 352, 367, 405, 406, 407, 414, 421, 435, 438, 452, 460, 480, 495, 499, 520, 529, 560, 582, 593, 596, 600, 603, 609, 624, 627, 630, 636, 646, 650, 671, 684, 686, 702, 708, 711, 712, 718, 722, 724, 742, 744, 747, 749, 757, 787, 793, 828, 832, 841, 845, 848, 854, 868, 877, 893, 908, 912, 926, 933, 944, 945, 947, 978, 980, 983, 987, 998, 1027, 1028, 1037, 1039, 1056, 1064, 1106, 1121, 1142, 1147, 1154, 1160, 1166, 1187, 1204, 1210, 1219, 1224, 1226, 1230, 1247, 1252, 1257, 1259, 1278, 1284, 1298, 1323, 1369, 1375, 1399, 1404, 1408, 1419, 1424, 1432, 1442, 1445, 1451, 1465, 1466, 1470, 1472, 1477, 1480, 1482, 1490, 1501, 1502, 1535, 1544, 1547, 1550, 1571, 1574, 1601, 1606, 1610, 1618, 1641, 1642, 1689, 1714, 1742, 1747, 1755, 1756, 1761, 1772, 1781, 1801, 1811, 1814, 1819, 1830, 1834, 1841, 1844, 1848, 1861, 1869, 1882, 1900, 1915, 1945, 1961, 1962, 1966, 1967, 1977, 1978, 1985, 2002, 2006, 2025, 2028, 2031, 2035, 2044, 2045, 2058, 2060, 2063, 2064, 2065, 2097, 2106, 2120, 2122, 2136, 2137, 2155, 2162, 2180, 2200, 2203, 2211, 2221, 2234, 2235, 2242, 2263, 2270, 2284, 2285, 2289, 2296, 2314, 2355, 2356, 2360, 2372, 2409, 2416, 2445, 2447, 2451, 2459, 2474, 2491, 2525, 2527, 2532, 2534, 2535, 2545, 2550, 2574, 2588, 2600, 2605, 2606, 2610, 2619, 2635, 2646, 2654, 2671, 2702, 2706, 2729, 2732, 2735, 2747, 2759, 2760, 2764, 2766, 2771, 2785]",
PPI_14,0.2,2794,558,5.946349382400513,0.6610266015135688,,,"[14, 16, 24, 26, 37, 42, 47, 48, 49, 50, 52, 60, 65, 69, 70, 72, 79, 86, 87, 92, 96, 98, 99, 100, 101, 114, 122, 126, 145, 148, 150, 157, 158, 161, 172, 175, 177, 178, 180, 181, 182, 184, 198, 203, 204, 207, 213, 224, 236, 237, 241, 247, 255, 258, 260, 263, 264, 277, 281, 282, 294, 309, 310, 314, 319, 320, 327, 333, 339, 340, 341, 343, 351, 352, 353, 367, 371, 402, 405, 406, 407, 414, 421, 425, 435, 436, 438, 439, 453, 460, 472, 473, 475, 478, 480, 485, 495, 498, 499, 509, 512, 520, 529, 532, 544, 547, 549, 554, 560, 566, 578, 582, 586, 588, 593, 594, 595, 596, 597, 598, 600, 601, 605, 609, 615, 627, 636, 639, 644, 646, 650, 658, 659, 664, 669, 678, 684, 686, 691, 696, 703, 704, 708, 711, 712, 713, 718, 720, 724, 726, 738, 747, 748, 749, 751, 757, 766, 769, 772, 777, 780, 786, 787, 793, 803, 828, 831, 832, 839, 840, 841, 848, 863, 867, 877, 880, 881, 887, 890, 893, 896, 897, 904, 912, 926, 927, 933, 944, 945, 947, 956, 958, 964, 971, 974, 978, 980, 983, 987, 989, 994, 998, 1001, 1007, 1013, 1027, 1028, 1037, 1039, 1055, 1056, 1063, 1064, 1072, 1076, 1077, 1090, 1093, 1094, 1098, 1106, 1117, 1118, 1121, 1137, 1139, 1142, 1143, 1146, 1147, 1148, 1149, 1154, 1158, 1160, 1162, 1164, 1166, 1171, 1175, 1176, 1183, 1187, 1204, 1210, 1217, 1219, 1224, 1226, 1231, 1232, 1237, 1241, 1257, 1258, 1259, 1263, 1264, 1278, 1279, 1284, 1298, 1307, 1309, 1313, 1321, 1323, 1333, 1343, 1344, 1346, 1352, 1354, 1358, 1371, 1375, 1388, 1390, 1391, 1404, 1408, 1419, 1424, 1425, 1434, 1435, 1442, 1445, 1451, 1460, 1465, 1466, 1467, 1468, 1470, 1472, 1474, 1477, 1480, 1481, 1482, 1486, 1490, 1493, 1500, 1501, 1502, 1504, 1527, 1533, 1535, 1537, 1543, 1548, 1549, 1555, 1561, 1567, 1569, 1571, 1572, 1573, 1574, 1585, 1594, 1597, 1598, 1601, 1606, 1608, 1610, 1612, 1621, 1632, 1635, 1640, 1641, 1642, 1645, 1650, 1656, 1662, 1664, 1671, 1681, 1683, 1687, 1689, 1705, 1709, 1723, 1724, 1726, 1735, 1737, 1740, 1745, 1755, 1756, 1757, 1758, 1760, 1761, 1765, 1772, 1775, 1778, 1784, 1786, 1790, 1793, 1797, 1801, 1807, 1811, 1812, 1814, 1819, 1820, 1830, 1834, 1841, 1844, 1848, 1854, 1861, 1869, 1871, 1879, 1882, 1884, 1899, 1906, 1915, 1917, 1937, 1944, 1945, 1948, 1955, 1958, 1961, 1966, 1967, 1977, 1978, 1983, 1984, 2001, 2020, 2025, 2026, 2028, 2031, 2033, 2034, 2035, 2038, 2042, 2044, 2045, 2047, 2058, 2060, 2063, 2065, 2069, 2070, 2073, 2083, 2091, 2092, 2093, 2106, 2122, 2132, 2137, 2138, 2154, 2155, 2156, 2162, 2168, 2176, 2177, 2183, 2187, 2189, 2194, 2197, 2200, 2201, 2202, 2204, 2211, 2221, 2222, 2234, 2236, 2238, 2242, 2250, 2263, 2270, 2285, 2296, 2300, 2311, 2332, 2347, 2349, 2355, 2356, 2360, 2361, 2372, 2378, 2392, 2397, 2403, 2409, 2416, 2421, 2425, 2430, 2443, 2445, 2447, 2456, 2458, 2459, 2462, 2467, 2474, 2481, 2482, 2485, 2488, 2491, 2506, 2510, 2515, 2518, 2526, 2527, 2532, 2535, 2540, 2545, 2550, 2558, 2570, 2588, 2593, 2605, 2606, 2610, 2616, 2618, 2619, 2623, 2631, 2634, 2635, 2638, 2640, 2646, 2650, 2654, 2663, 2665, 2669, 2671, 2672, 2675, 2683, 2692, 2702, 2706, 2708, 2717, 2719, 2721, 2722, 2725, 2727, 2729, 2732, 2735, 2740, 2747, 2756, 2759, 2760, 2764, 2766, 2771, 2785]",
PPI_14,0.3,2794,838,6.598592519760132,0.4527005894382293,,,"[5, 14, 16, 20, 23, 24, 26, 27, 37, 49, 50, 52, 54, 60, 64, 69, 70, 75, 79, 82, 86, 96, 98, 99, 100, 101, 102, 104, 107, 112, 114, 115, 120, 122, 126, 129, 130, 138, 147, 148, 150, 157, 158, 161, 162, 166, 167, 170, 172, 173, 175, 177, 178, 180, 181, 182, 185, 191, 193, 194, 198, 200, 202, 203, 212, 213, 217, 222, 223, 224, 225, 230, 231, 236, 241, 242, 245, 247, 252, 256, 258, 260, 263, 264, 266, 270, 272, 276, 277, 278, 280, 281, 282, 286, 288, 292, 295, 300, 304, 305, 310, 313, 314, 315, 317, 318, 319, 320, 323, 327, 339, 341, 343, 347, 351, 352, 360, 362, 363, 364, 367, 371, 372, 375, 376, 382, 383, 389, 393, 402, 405, 406, 407, 411, 414, 419, 420, 421, 425, 426, 434, 435, 438, 440, 442, 445, 457, 460, 464, 470, 471, 472, 478, 480, 484, 486, 490, 495, 499, 500, 509, 511, 512, 513, 520, 522, 524, 525, 528, 529, 530, 531, 532, 535, 539, 540, 543, 548, 549, 550, 551, 552, 560, 576, 578, 582, 586, 590, 593, 594, 595, 596, 597, 598, 600, 605, 606, 609, 614, 615, 624, 625, 627, 630, 635, 636, 639, 644, 646, 650, 652, 658, 659, 668, 669, 673, 675, 678, 682, 684, 686, 690, 696, 702, 703, 707, 708, 711, 712, 718, 720, 724, 738, 741, 745, 747, 748, 749, 751, 757, 759, 760, 761, 766, 780, 782, 786, 787, 794, 802, 803, 817, 828, 829, 831, 832, 833, 839, 840, 841, 845, 848, 851, 853, 855, 856, 858, 867, 871, 874, 876, 877, 880, 881, 882, 885, 893, 894, 895, 897, 899, 900, 902, 903, 904, 908, 914, 915, 923, 924, 926, 933, 935, 937, 938, 939, 941, 944, 945, 946, 947, 956, 959, 963, 964, 974, 978, 980, 985, 987, 989, 998, 999, 1013, 1017, 1019, 1025, 1026, 1027, 1028, 1030, 1034, 1035, 1037, 1039, 1046, 1052, 1056, 1057, 1058, 1063, 1064, 1066, 1067, 1072, 1076, 1079, 1080, 1081, 1085, 1090, 1091, 1092, 1093, 1094, 1095, 1098, 1101, 1106, 1117, 1118, 1121, 1122, 1130, 1136, 1137, 1139, 1140, 1142, 1143, 1146, 1147, 1148, 1149, 1153, 1158, 1160, 1164, 1166, 1171, 1172, 1175, 1176, 1182, 1187, 1203, 1204, 1205, 1210, 1215, 1219, 1224, 1226, 1230, 1231, 1232, 1234, 1241, 1252, 1255, 1257, 1259, 1261, 1262, 1263, 1264, 1266, 1278, 1280, 1284, 1295, 1298, 1299, 1301, 1307, 1308, 1309, 1313, 1315, 1321, 1328, 1329, 1336, 1340, 1343, 1344, 1346, 1349, 1352, 1354, 1355, 1358, 1361, 1363, 1364, 1369, 1371, 1372, 1375, 1381, 1385, 1390, 1391, 1404, 1408, 1418, 1419, 1424, 1425, 1428, 1433, 1434, 1435, 1445, 1451, 1455, 1465, 1466, 1467, 1470, 1472, 1474, 1477, 1480, 1482, 1486, 1490, 1493, 1500, 1501, 1502, 1503, 1504, 1506, 1510, 1518, 1522, 1528, 1530, 1533, 1535, 1537, 1539, 1543, 1544, 1545, 1549, 1550, 1555, 1558, 1560, 1561, 1565, 1568, 1570, 1571, 1572, 1574, 1585, 1587, 1589, 1597, 1598, 1601, 1602, 1606, 1607, 1608, 1610, 1612, 1618, 1621, 1625, 1632, 1641, 1642, 1645, 1650, 1652, 1656, 1665, 1666, 1670, 1671, 1673, 1674, 1675, 1681, 1683, 1687, 1689, 1700, 1703, 1705, 1709, 1713, 1716, 1735, 1737, 1738, 1740, 1745, 1748, 1750, 1753, 1755, 1756, 1757, 1758, 1759, 1760, 1761, 1764, 1765, 1768, 1772, 1784, 1785, 1786, 1791, 1794, 1795, 1797, 1799, 1801, 1804, 1806, 1809, 1810, 1811, 1812, 1814, 1819, 1826, 1827, 1830, 1833, 1834, 1840, 1841, 1843, 1844, 1845, 1848, 1853, 1858, 1859, 1861, 1864, 1866, 1882, 1884, 1885, 1894, 1895, 1899, 1900, 1903, 1904, 1905, 1915, 1918, 1924, 1931, 1936, 1937, 1939, 1945, 1953, 1957, 1958, 1961, 1962, 1966, 1967, 1977, 1978, 1981, 1984, 1985, 1997, 1998, 1999, 2002, 2005, 2011, 2017, 2018, 2019, 2020, 2026, 2030, 2031, 2033, 2034, 2035, 2036, 2038, 2041, 2042, 2043, 2044, 2045, 2049, 2058, 2060, 2063, 2065, 2067, 2069, 2070, 2073, 2081, 2091, 2093, 2094, 2099, 2101, 2102, 2106, 2110, 2114, 2119, 2122, 2127, 2129, 2133, 2135, 2136, 2137, 2139, 2143, 2148, 2149, 2150, 2153, 2154, 2155, 2161, 2162, 2164, 2167, 2168, 2176, 2177, 2180, 2182, 2183, 2187, 2188, 2194, 2197, 2198, 2200, 2202, 2204, 2206, 2207, 2211, 2221, 2227, 2234, 2236, 2238, 2243, 2244, 2245, 2250, 2259, 2263, 2264, 2268, 2270, 2272, 2276, 2280, 2285, 2290, 2296, 2300, 2302, 2308, 2311, 2313, 2315, 2318, 2320, 2322, 2324, 2326, 2329, 2332, 2334, 2339, 2340, 2341, 2347, 2348, 2349, 2353, 2355, 2356, 2360, 2362, 2366, 2368, 2371, 2372, 2374, 2376, 2378, 2386, 2392, 2396, 2397, 2403, 2407, 2409, 2410, 2412, 2416, 2417, 2421, 2424, 2425, 2433, 2441, 2443, 2445, 2447, 2453, 2456, 2458, 2459, 2474, 2482, 2483, 2491, 2494, 2506, 2507, 2510, 2515, 2518, 2524, 2525, 2526, 2527, 2528, 2535, 2536, 2540, 2545, 2550, 2555, 2558, 2562, 2573, 2574, 2577, 2578, 2588, 2593, 2605, 2606, 2610, 2616, 2618, 2619, 2620, 2625, 2635, 2638, 2646, 2650, 2654, 2671, 2675, 2682, 2683, 2684, 2685, 2690, 2700, 2702, 2706, 2707, 2708, 2715, 2717, 2721, 2722, 2725, 2729, 2732, 2735, 2740, 2747, 2748, 2758, 2759, 2760, 2764, 2765, 2766, 2771, 2773, 2785]",
PPI_14,0.4,2794,1117,7.175294399261475,0.01792466658981617,,,"[3, 11, 13, 14, 16, 20, 24, 26, 27, 37, 41, 44, 50, 53, 65, 67, 68, 69, 75, 77, 79, 83, 85, 86, 88, 89, 91, 93, 94, 96, 98, 99, 101, 102, 107, 112, 113, 120, 122, 123, 126, 129, 130, 137, 139, 142, 146, 147, 148, 149, 151, 155, 157, 158, 161, 162, 169, 173, 175, 178, 180, 181, 182, 184, 185, 188, 198, 199, 200, 202, 203, 210, 211, 213, 214, 217, 221, 223, 224, 225, 228, 231, 233, 236, 241, 242, 244, 245, 247, 252, 258, 260, 263, 265, 270, 277, 278, 280, 281, 282, 284, 286, 288, 294, 295, 298, 300, 305, 311, 312, 314, 315, 316, 317, 318, 319, 320, 321, 322, 323, 327, 330, 336, 337, 339, 343, 344, 345, 347, 351, 352, 355, 356, 358, 360, 363, 364, 367, 371, 372, 373, 374, 375, 377, 381, 382, 383, 386, 393, 394, 400, 402, 403, 404, 405, 406, 407, 408, 409, 411, 413, 414, 420, 421, 425, 434, 435, 436, 438, 439, 440, 442, 443, 449, 453, 457, 460, 462, 463, 464, 465, 468, 470, 471, 477, 478, 480, 482, 483, 485, 486, 490, 492, 495, 497, 498, 499, 500, 509, 510, 511, 512, 513, 515, 516, 520, 522, 524, 525, 527, 528, 529, 531, 532, 533, 535, 540, 543, 546, 547, 548, 549, 550, 551, 552, 556, 563, 565, 572, 574, 575, 576, 578, 582, 586, 590, 594, 595, 596, 597, 598, 600, 601, 604, 605, 606, 609, 624, 625, 630, 635, 636, 637, 638, 639, 642, 650, 651, 652, 653, 656, 660, 662, 669, 672, 673, 676, 678, 684, 686, 692, 694, 696, 699, 702, 706, 707, 708, 711, 712, 713, 714, 715, 717, 718, 720, 721, 723, 724, 726, 727, 728, 731, 732, 733, 738, 741, 744, 745, 746, 747, 748, 749, 751, 756, 760, 761, 766, 769, 770, 777, 778, 780, 781, 782, 783, 786, 787, 794, 799, 800, 801, 802, 803, 805, 812, 814, 823, 827, 828, 829, 830, 832, 836, 840, 845, 848, 853, 855, 856, 860, 864, 867, 871, 876, 877, 879, 880, 881, 882, 884, 885, 887, 891, 892, 893, 894, 895, 898, 899, 900, 901, 903, 916, 918, 921, 923, 926, 927, 930, 933, 935, 937, 938, 940, 942, 943, 944, 945, 947, 948, 956, 957, 959, 960, 962, 963, 964, 966, 967, 972, 978, 980, 985, 987, 990, 998, 999, 1000, 1001, 1004, 1006, 1009, 1013, 1014, 1016, 1017, 1018, 1022, 1026, 1034, 1037, 1039, 1040, 1050, 1054, 1056, 1058, 1063, 1064, 1067, 1069, 1071, 1072, 1074, 1076, 1077, 1079, 1080, 1081, 1085, 1086, 1088, 1091, 1092, 1093, 1095, 1098, 1099, 1101, 1102, 1106, 1108, 1111, 1118, 1120, 1121, 1130, 1135, 1137, 1138, 1139, 1140, 1141, 1142, 1143, 1144, 1145, 1146, 1147, 1148, 1149, 1151, 1153, 1158, 1160, 1161, 1163, 1164, 1166, 1171, 1175, 1176, 1177, 1178, 1179, 1180, 1181, 1182, 1187, 1191, 1193, 1195, 1197, 1200, 1203, 1204, 1205, 1207, 1209, 1211, 1212, 1214, 1215, 1217, 1219, 1223, 1224, 1230, 1234, 1238, 1240, 1241, 1242, 1243, 1252, 1255, 1257, 1258, 1259, 1262, 1263, 1264, 1266, 1271, 1276, 1277, 1278, 1280, 1281, 1282, 1284, 1285, 1291, 1292, 1294, 1296, 1297, 1298, 1301, 1302, 1304, 1307, 1309, 1310, 1312, 1313, 1318, 1320, 1321, 1327, 1332, 1336, 1339, 1340, 1343, 1346, 1348, 1349, 1352, 1354, 1358, 1359, 1361, 1363, 1364, 1369, 1371, 1372, 1373, 1374, 1375, 1379, 1385, 1387, 1389, 1390, 1396, 1397, 1404, 1407, 1408, 1412, 1414, 1418, 1419, 1422, 1424, 1425, 1427, 1428, 1429, 1433, 1434, 1438, 1451, 1457, 1462, 1466, 1467, 1468, 1469, 1470, 1474, 1477, 1478, 1480, 1481, 1482, 1483, 1484, 1486, 1492, 1494, 1500, 1501, 1502, 1503, 1504, 1509, 1513, 1515, 1518, 1528, 1530, 1531, 1533, 1537, 1538, 1539, 1543, 1544, 1545, 1549, 1552, 1555, 1558, 1559, 1560, 1561, 1563, 1564, 1570, 1571, 1574, 1578, 1581, 1585, 1587, 1588, 1589, 1590, 1596, 1601, 1602, 1603, 1604, 1606, 1607, 1608, 1609, 1610, 1612, 1618, 1621, 1625, 1626, 1632, 1633, 1636, 1637, 1638, 1639, 1640, 1641, 1642, 1644, 1649, 1650, 1656, 1662, 1665, 1666, 1668, 1671, 1674, 1677, 1680, 1684, 1685, 1687, 1689, 1691, 1694, 1696, 1697, 1703, 1705, 1708, 1709, 1713, 1723, 1724, 1727, 1728, 1731, 1737, 1739, 1740, 1745, 1747, 1748, 1750, 1751, 1752, 1753, 1754, 1755, 1756, 1757, 1758, 1760, 1764, 1765, 1767, 1770, 1775, 1781, 1784, 1785, 1786, 1791, 1794, 1795, 1797, 1809, 1811, 1814, 1817, 1818, 1819, 1825, 1826, 1828, 1830, 1836, 1837, 1841, 1843, 1844, 1848, 1852, 1853, 1854, 1855, 1859, 1860, 1861, 1862, 1865, 1868, 1871, 1881, 1882, 1883, 1884, 1885, 1892, 1894, 1896, 1899, 1900, 1902, 1904, 1905, 1909, 1911, 1912, 1913, 1914, 1915, 1918, 1921, 1923, 1924, 1926, 1929, 1931, 1936, 1937, 1939, 1942, 1945, 1946, 1949, 1954, 1955, 1957, 1958, 1961, 1962, 1966, 1967, 1973, 1975, 1977, 1978, 1979, 1980, 1981, 1984, 1985, 1988, 1990, 1991, 1997, 1998, 2001, 2002, 2003, 2005, 2008, 2013, 2017, 2018, 2020, 2025, 2026, 2028, 2030, 2031, 2032, 2033, 2034, 2035, 2036, 2042, 2043, 2044, 2045, 2047, 2049, 2050, 2054, 2059, 2060, 2063, 2065, 2066, 2067, 2069, 2070, 2073, 2079, 2080, 2081, 2082, 2087, 2090, 2092, 2094, 2097, 2099, 2102, 2114, 2119, 2120, 2125, 2127, 2131, 2135, 2137, 2138, 2139, 2140, 2143, 2148, 2149, 2150, 2151, 2152, 2153, 2154, 2158, 2160, 2161, 2162, 2167, 2168, 2171, 2174, 2175, 2177, 2178, 2180, 2182, 2183, 2184, 2187, 2194, 2197, 2199, 2200, 2206, 2207, 2208, 2209, 2211, 2216, 2223, 2227, 2229, 2236, 2238, 2240, 2243, 2244, 2245, 2247, 2250, 2255, 2264, 2268, 2270, 2276, 2279, 2282, 2285, 2289, 2290, 2292, 2297, 2300, 2302, 2304, 2308, 2311, 2315, 2317, 2318, 2319, 2320, 2322, 2323, 2324, 2325, 2330, 2331, 2332, 2333, 2334, 2339, 2342, 2347, 2348, 2349, 2359, 2360, 2361, 2366, 2372, 2376, 2378, 2379, 2381, 2382, 2386, 2387, 2388, 2389, 2391, 2394, 2397, 2403, 2409, 2411, 2412, 2414, 2418, 2421, 2433, 2436, 2437, 2438, 2440, 2441, 2442, 2443, 2444, 2445, 2447, 2449, 2450, 2451, 2452, 2454, 2456, 2458, 2459, 2461, 2464, 2467, 2474, 2478, 2480, 2482, 2483, 2486, 2488, 2491, 2493, 2494, 2497, 2499, 2500, 2504, 2506, 2507, 2508, 2509, 2510, 2511, 2512, 2514, 2515, 2516, 2517, 2524, 2525, 2526, 2527, 2528, 2533, 2535, 2536, 2538, 2540, 2545, 2550, 2551, 2557, 2558, 2560, 2565, 2567, 2574, 2577, 2578, 2580, 2582, 2584, 2587, 2588, 2589, 2590, 2591, 2593, 2600, 2603, 2604, 2605, 2606, 2609, 2610, 2612, 2615, 2616, 2618, 2619, 2627, 2630, 2635, 2636, 2646, 2647, 2648, 2650, 2651, 2652, 2653, 2655, 2658, 2659, 2660, 2663, 2671, 2672, 2674, 2675, 2678, 2680, 2683, 2684, 2690, 2691, 2693, 2695, 2698, 2702, 2705, 2706, 2708, 2714, 2715, 2719, 2722, 2725, 2727, 2728, 2729, 2733, 2735, 2737, 2740, 2742, 2747, 2748, 2752, 2755, 2756, 2759, 2760, 2762, 2766, 2776, 2785, 2788]",
PPI_15,0.1,2326,232,5.231226444244385,0.783023504463644,,,"[9, 19, 21, 28, 39, 43, 45, 71, 75, 81, 99, 114, 119, 126, 131, 135, 144, 148, 149, 152, 155, 167, 203, 216, 220, 222, 234, 249, 267, 293, 306, 313, 330, 340, 346, 350, 353, 359, 362, 363, 374, 397, 409, 412, 416, 432, 439, 447, 471, 488, 489, 491, 493, 495, 515, 517, 523, 532, 534, 579, 585, 591, 608, 640, 642, 644, 645, 677, 682, 683, 686, 707, 714, 715, 727, 739, 741, 754, 774, 776, 784, 789, 800, 806, 809, 817, 818, 827, 832, 843, 845, 856, 862, 869, 874, 884, 885, 886, 887, 893, 894, 896, 910, 926, 927, 932, 943, 951, 988, 989, 1002, 1006, 1008, 1029, 1035, 1056, 1084, 1121, 1146, 1155, 1157, 1174, 1185, 1193, 1204, 1205, 1210, 1216, 1218, 1224, 1260, 1297, 1319, 1324, 1325, 1351, 1361, 1365, 1391, 1403, 1411, 1413, 1421, 1432, 1438, 1449, 1450, 1455, 1457, 1465, 1468, 1470, 1479, 1488, 1504, 1515, 1521, 1523, 1553, 1561, 1568, 1582, 1588, 1596, 1598, 1607, 1617, 1621, 1622, 1629, 1665, 1667, 1669, 1680, 1697, 1700, 1716, 1726, 1739, 1769, 1777, 1778, 1784, 1788, 1795, 1801, 1805, 1817, 1825, 1844, 1845, 1846, 1849, 1855, 1860, 1866, 1894, 1895, 1901, 1918, 1929, 1943, 1949, 1953, 1990, 1995, 1998, 1999, 2008, 2039, 2047, 2058, 2087, 2095, 2117, 2124, 2139, 2153, 2156, 2172, 2185, 2198, 2216, 2256, 2261, 2268, 2270, 2273, 2276, 2280, 2299, 2318]",
PPI_15,0.2,2326,465,5.5886077880859375,0.6383988259289433,,,"[3, 9, 12, 19, 21, 23, 28, 32, 39, 40, 43, 45, 56, 57, 61, 71, 74, 75, 81, 82, 99, 102, 103, 119, 126, 131, 135, 141, 144, 148, 149, 150, 152, 153, 155, 157, 165, 167, 180, 200, 203, 216, 220, 222, 223, 231, 234, 236, 239, 249, 251, 256, 259, 264, 267, 288, 293, 295, 306, 309, 315, 335, 339, 340, 346, 350, 359, 362, 363, 380, 383, 397, 409, 412, 416, 425, 432, 433, 435, 439, 447, 450, 457, 459, 471, 479, 480, 488, 489, 491, 493, 494, 495, 496, 497, 503, 505, 515, 517, 522, 523, 532, 534, 536, 542, 571, 579, 585, 587, 591, 593, 603, 606, 608, 616, 634, 635, 636, 640, 641, 642, 644, 645, 647, 675, 677, 682, 683, 686, 688, 691, 694, 695, 696, 707, 712, 714, 715, 727, 728, 729, 731, 733, 741, 754, 758, 766, 769, 771, 772, 774, 776, 782, 784, 789, 800, 801, 804, 806, 809, 817, 819, 826, 832, 838, 845, 856, 859, 862, 863, 869, 874, 883, 884, 885, 886, 887, 893, 894, 896, 907, 910, 911, 917, 926, 927, 931, 932, 933, 934, 943, 945, 951, 957, 962, 963, 968, 981, 989, 1002, 1006, 1008, 1010, 1029, 1032, 1035, 1050, 1052, 1056, 1066, 1084, 1093, 1111, 1113, 1118, 1121, 1126, 1130, 1132, 1138, 1150, 1155, 1157, 1158, 1174, 1177, 1180, 1184, 1185, 1187, 1189, 1193, 1202, 1204, 1205, 1210, 1216, 1218, 1224, 1225, 1232, 1233, 1234, 1235, 1238, 1239, 1250, 1257, 1264, 1266, 1273, 1297, 1306, 1309, 1315, 1319, 1323, 1324, 1325, 1351, 1355, 1361, 1365, 1369, 1371, 1372, 1373, 1383, 1391, 1396, 1401, 1403, 1411, 1413, 1423, 1424, 1432, 1438, 1442, 1449, 1450, 1451, 1455, 1456, 1457, 1464, 1465, 1468, 1478, 1479, 1482, 1486, 1488, 1495, 1496, 1504, 1513, 1515, 1518, 1521, 1523, 1525, 1551, 1553, 1555, 1559, 1561, 1568, 1569, 1570, 1573, 1574, 1582, 1588, 1589, 1596, 1598, 1603, 1605, 1613, 1617, 1618, 1621, 1622, 1629, 1644, 1645, 1649, 1651, 1660, 1665, 1667, 1669, 1671, 1680, 1697, 1700, 1702, 1705, 1716, 1717, 1719, 1720, 1725, 1726, 1729, 1739, 1760, 1763, 1766, 1772, 1776, 1777, 1778, 1784, 1788, 1795, 1796, 1801, 1805, 1806, 1816, 1817, 1823, 1825, 1826, 1834, 1844, 1845, 1849, 1852, 1855, 1860, 1866, 1868, 1869, 1873, 1881, 1894, 1895, 1900, 1901, 1909, 1915, 1916, 1918, 1919, 1927, 1940, 1943, 1949, 1953, 1961, 1963, 1965, 1975, 1984, 1990, 1995, 1999, 2003, 2007, 2008, 2018, 2019, 2027, 2029, 2039, 2047, 2052, 2058, 2075, 2085, 2087, 2089, 2091, 2092, 2100, 2114, 2117, 2122, 2124, 2139, 2147, 2156, 2172, 2173, 2174, 2176, 2177, 2179, 2181, 2194, 2198, 2199, 2212, 2216, 2218, 2223, 2230, 2232, 2233, 2234, 2235, 2237, 2254, 2256, 2261, 2265, 2268, 2270, 2273, 2274, 2276, 2280, 2288, 2289, 2293, 2296, 2299, 2300, 2308, 2313, 2314, 2318]",
PPI_15,0.3,2326,697,5.849750995635986,0.38827199876923635,,,"[3, 9, 12, 13, 14, 19, 21, 23, 24, 28, 32, 34, 35, 39, 42, 43, 44, 46, 49, 50, 63, 65, 70, 71, 74, 78, 80, 81, 86, 88, 92, 99, 103, 116, 119, 123, 124, 126, 131, 132, 135, 141, 142, 144, 146, 148, 149, 151, 152, 153, 155, 167, 171, 178, 179, 185, 187, 203, 207, 209, 212, 216, 220, 221, 222, 223, 224, 231, 234, 236, 240, 242, 249, 253, 255, 256, 263, 267, 269, 270, 271, 273, 277, 286, 290, 293, 295, 298, 300, 303, 304, 305, 306, 309, 311, 313, 315, 319, 321, 322, 325, 328, 330, 335, 339, 340, 346, 349, 350, 351, 354, 359, 362, 363, 374, 380, 383, 388, 393, 395, 397, 403, 407, 412, 416, 418, 425, 429, 432, 433, 434, 435, 437, 439, 443, 445, 447, 457, 458, 459, 460, 461, 464, 471, 476, 479, 482, 485, 488, 489, 491, 493, 494, 495, 496, 497, 503, 505, 509, 514, 515, 517, 522, 523, 529, 530, 532, 534, 536, 539, 546, 548, 550, 554, 563, 568, 569, 570, 571, 573, 575, 579, 581, 585, 586, 587, 591, 593, 603, 605, 606, 608, 609, 610, 612, 616, 619, 620, 622, 634, 635, 641, 642, 644, 646, 647, 649, 650, 653, 654, 673, 674, 675, 677, 681, 683, 686, 688, 691, 694, 695, 696, 700, 702, 706, 707, 712, 714, 715, 727, 728, 729, 733, 735, 741, 742, 747, 748, 756, 758, 766, 771, 772, 774, 776, 777, 781, 784, 787, 788, 789, 796, 798, 800, 809, 815, 817, 818, 822, 826, 827, 830, 832, 837, 838, 841, 843, 845, 847, 852, 856, 862, 863, 865, 866, 867, 869, 870, 874, 878, 880, 881, 883, 884, 885, 887, 890, 893, 894, 896, 906, 907, 910, 917, 922, 925, 926, 927, 928, 931, 932, 933, 934, 935, 938, 942, 943, 945, 949, 951, 953, 957, 962, 963, 965, 966, 968, 973, 976, 979, 988, 989, 1002, 1008, 1010, 1014, 1018, 1029, 1032, 1034, 1035, 1037, 1050, 1052, 1054, 1055, 1056, 1057, 1066, 1067, 1071, 1074, 1077, 1079, 1080, 1082, 1083, 1084, 1089, 1090, 1093, 1109, 1111, 1113, 1118, 1121, 1124, 1125, 1127, 1128, 1129, 1130, 1132, 1140, 1146, 1156, 1157, 1163, 1169, 1174, 1175, 1177, 1180, 1185, 1189, 1193, 1194, 1204, 1205, 1210, 1212, 1216, 1217, 1218, 1221, 1232, 1233, 1234, 1235, 1238, 1248, 1249, 1251, 1252, 1256, 1257, 1258, 1260, 1261, 1262, 1268, 1272, 1273, 1279, 1285, 1287, 1288, 1297, 1302, 1306, 1307, 1310, 1315, 1316, 1317, 1318, 1319, 1323, 1324, 1325, 1329, 1350, 1351, 1355, 1363, 1365, 1369, 1371, 1372, 1373, 1374, 1377, 1380, 1383, 1384, 1389, 1391, 1395, 1396, 1397, 1403, 1409, 1411, 1412, 1418, 1421, 1423, 1424, 1428, 1432, 1435, 1438, 1442, 1443, 1447, 1449, 1450, 1451, 1457, 1459, 1464, 1468, 1471, 1472, 1474, 1475, 1478, 1479, 1482, 1483, 1486, 1488, 1491, 1495, 1496, 1498, 1504, 1509, 1513, 1515, 1518, 1521, 1522, 1523, 1530, 1535, 1536, 1551, 1553, 1554, 1555, 1556, 1559, 1561, 1562, 1568, 1569, 1570, 1573, 1577, 1579, 1582, 1588, 1589, 1592, 1596, 1598, 1600, 1603, 1605, 1607, 1613, 1617, 1618, 1621, 1622, 1629, 1644, 1645, 1646, 1651, 1653, 1659, 1665, 1667, 1668, 1669, 1671, 1680, 1695, 1696, 1697, 1700, 1702, 1703, 1705, 1709, 1719, 1723, 1726, 1748, 1750, 1760, 1763, 1766, 1769, 1771, 1773, 1777, 1780, 1784, 1787, 1788, 1794, 1795, 1801, 1806, 1810, 1816, 1817, 1821, 1825, 1834, 1844, 1845, 1846, 1847, 1849, 1850, 1852, 1855, 1856, 1860, 1866, 1868, 1873, 1875, 1876, 1885, 1894, 1895, 1899, 1900, 1901, 1903, 1911, 1915, 1916, 1917, 1918, 1919, 1921, 1923, 1926, 1930, 1932, 1938, 1940, 1942, 1943, 1954, 1957, 1961, 1962, 1963, 1965, 1966, 1971, 1975, 1990, 1992, 1995, 1998, 1999, 2003, 2004, 2008, 2012, 2018, 2019, 2024, 2025, 2027, 2029, 2037, 2039, 2047, 2052, 2058, 2062, 2063, 2066, 2067, 2075, 2077, 2092, 2095, 2102, 2105, 2114, 2116, 2117, 2124, 2127, 2128, 2131, 2139, 2140, 2142, 2147, 2151, 2156, 2172, 2173, 2176, 2177, 2181, 2185, 2194, 2197, 2198, 2199, 2209, 2212, 2216, 2218, 2219, 2223, 2230, 2234, 2235, 2237, 2242, 2249, 2253, 2255, 2256, 2261, 2265, 2268, 2269, 2270, 2273, 2274, 2277, 2280, 2286, 2288, 2289, 2293, 2295, 2296, 2299, 2300, 2306, 2308, 2318]",
PPI_15,0.4,2326,930,6.258063793182373,0.0026825235439709976,,,"[2, 3, 7, 8, 9, 12, 18, 19, 21, 23, 24, 28, 32, 34, 35, 39, 40, 41, 42, 43, 44, 45, 55, 56, 61, 65, 69, 71, 73, 74, 75, 76, 77, 80, 81, 86, 88, 92, 94, 95, 99, 100, 103, 111, 112, 119, 121, 123, 124, 125, 130, 131, 132, 135, 139, 141, 144, 149, 151, 152, 153, 155, 156, 157, 158, 165, 167, 169, 171, 176, 178, 180, 183, 185, 186, 187, 188, 193, 195, 198, 203, 207, 209, 212, 216, 220, 222, 223, 228, 230, 231, 232, 234, 236, 240, 242, 248, 249, 253, 260, 261, 262, 264, 265, 267, 268, 269, 270, 272, 275, 277, 283, 284, 286, 289, 290, 293, 300, 303, 304, 306, 309, 311, 313, 315, 318, 319, 320, 321, 328, 330, 331, 334, 337, 339, 340, 343, 345, 346, 349, 350, 351, 352, 354, 357, 359, 360, 362, 363, 364, 366, 367, 375, 379, 380, 381, 382, 383, 385, 389, 390, 394, 395, 396, 397, 398, 400, 403, 407, 412, 414, 421, 424, 425, 426, 428, 429, 432, 433, 434, 435, 436, 437, 439, 440, 441, 443, 445, 447, 449, 450, 452, 456, 457, 458, 459, 460, 461, 464, 469, 471, 476, 478, 479, 480, 482, 485, 488, 489, 491, 494, 495, 496, 497, 502, 503, 504, 505, 514, 517, 518, 521, 522, 523, 524, 530, 534, 535, 542, 545, 546, 548, 550, 565, 566, 567, 569, 570, 571, 572, 575, 578, 579, 580, 581, 582, 584, 585, 586, 587, 588, 590, 591, 593, 594, 598, 603, 605, 606, 607, 608, 609, 610, 612, 615, 619, 620, 622, 624, 627, 631, 635, 636, 637, 638, 639, 641, 642, 650, 651, 652, 654, 661, 668, 673, 674, 675, 676, 677, 681, 682, 686, 694, 695, 696, 697, 700, 702, 707, 711, 712, 714, 715, 716, 719, 720, 722, 727, 728, 733, 734, 735, 741, 747, 748, 753, 758, 762, 766, 769, 771, 772, 773, 774, 776, 777, 781, 782, 784, 787, 796, 798, 800, 804, 807, 809, 810, 811, 817, 818, 825, 827, 829, 833, 837, 843, 845, 847, 848, 850, 854, 856, 861, 862, 863, 865, 867, 868, 869, 872, 877, 879, 883, 884, 885, 890, 891, 893, 895, 896, 898, 901, 906, 907, 910, 911, 917, 922, 924, 925, 926, 927, 928, 930, 931, 932, 933, 934, 937, 938, 942, 943, 945, 949, 951, 953, 956, 960, 962, 963, 964, 966, 967, 968, 969, 970, 973, 976, 981, 985, 988, 989, 990, 991, 992, 996, 998, 1002, 1004, 1008, 1010, 1012, 1014, 1017, 1018, 1027, 1029, 1032, 1033, 1034, 1035, 1037, 1039, 1041, 1050, 1052, 1054, 1056, 1057, 1064, 1066, 1069, 1070, 1073, 1074, 1075, 1077, 1079, 1080, 1081, 1083, 1084, 1089, 1090, 1093, 1100, 1104, 1109, 1111, 1113, 1114, 1118, 1120, 1121, 1124, 1125, 1127, 1128, 1129, 1130, 1131, 1132, 1137, 1142, 1157, 1158, 1159, 1160, 1161, 1162, 1163, 1169, 1173, 1174, 1179, 1180, 1181, 1184, 1185, 1189, 1193, 1194, 1198, 1205, 1206, 1208, 1212, 1216, 1217, 1218, 1219, 1221, 1226, 1232, 1233, 1234, 1235, 1240, 1244, 1248, 1251, 1254, 1256, 1257, 1258, 1260, 1262, 1265, 1266, 1267, 1268, 1270, 1272, 1273, 1275, 1278, 1279, 1282, 1283, 1285, 1286, 1287, 1288, 1290, 1297, 1300, 1302, 1307, 1309, 1311, 1315, 1318, 1319, 1323, 1324, 1325, 1326, 1327, 1343, 1348, 1350, 1351, 1354, 1355, 1361, 1365, 1369, 1370, 1372, 1373, 1374, 1377, 1379, 1380, 1383, 1385, 1386, 1387, 1389, 1390, 1391, 1395, 1396, 1397, 1400, 1403, 1411, 1423, 1427, 1428, 1430, 1437, 1438, 1441, 1442, 1443, 1446, 1447, 1448, 1449, 1450, 1451, 1452, 1454, 1456, 1457, 1459, 1461, 1468, 1471, 1472, 1474, 1475, 1478, 1479, 1481, 1482, 1483, 1486, 1491, 1493, 1494, 1495, 1496, 1498, 1501, 1503, 1504, 1513, 1515, 1517, 1518, 1521, 1522, 1523, 1524, 1528, 1529, 1535, 1536, 1538, 1539, 1540, 1543, 1553, 1554, 1555, 1556, 1559, 1561, 1562, 1564, 1568, 1569, 1570, 1575, 1577, 1579, 1580, 1582, 1588, 1589, 1592, 1594, 1597, 1603, 1604, 1605, 1606, 1607, 1608, 1609, 1613, 1614, 1617, 1618, 1619, 1621, 1622, 1624, 1628, 1629, 1630, 1631, 1632, 1639, 1645, 1646, 1649, 1650, 1651, 1653, 1657, 1659, 1660, 1665, 1666, 1667, 1668, 1669, 1671, 1675, 1677, 1680, 1682, 1685, 1686, 1691, 1695, 1696, 1697, 1700, 1702, 1703, 1705, 1708, 1709, 1710, 1715, 1719, 1722, 1723, 1729, 1733, 1734, 1741, 1743, 1748, 1750, 1754, 1756, 1758, 1759, 1760, 1761, 1763, 1770, 1771, 1772, 1773, 1774, 1775, 1777, 1780, 1782, 1784, 1787, 1788, 1791, 1792, 1794, 1795, 1798, 1801, 1805, 1806, 1810, 1813, 1814, 1816, 1817, 1819, 1821, 1822, 1825, 1834, 1835, 1840, 1842, 1844, 1845, 1847, 1850, 1851, 1852, 1853, 1855, 1857, 1860, 1864, 1865, 1866, 1868, 1871, 1873, 1879, 1885, 1888, 1889, 1891, 1895, 1899, 1901, 1903, 1907, 1909, 1911, 1913, 1914, 1915, 1917, 1918, 1919, 1921, 1924, 1925, 1926, 1931, 1932, 1935, 1940, 1942, 1943, 1952, 1954, 1957, 1961, 1967, 1971, 1972, 1975, 1976, 1982, 1990, 1992, 1995, 1997, 1998, 2003, 2005, 2008, 2018, 2022, 2024, 2025, 2027, 2029, 2032, 2033, 2034, 2035, 2036, 2039, 2042, 2043, 2044, 2047, 2049, 2052, 2058, 2061, 2063, 2066, 2067, 2070, 2071, 2072, 2075, 2083, 2085, 2086, 2089, 2092, 2093, 2094, 2095, 2096, 2099, 2102, 2103, 2104, 2111, 2112, 2118, 2120, 2124, 2127, 2129, 2131, 2132, 2138, 2139, 2140, 2146, 2147, 2151, 2156, 2165, 2168, 2172, 2174, 2177, 2188, 2192, 2195, 2197, 2198, 2210, 2212, 2216, 2218, 2219, 2221, 2223, 2224, 2230, 2233, 2235, 2238, 2242, 2247, 2252, 2253, 2254, 2255, 2256, 2259, 2260, 2261, 2265, 2267, 2268, 2269, 2270, 2273, 2274, 2277, 2280, 2283, 2284, 2288, 2289, 2292, 2294, 2295, 2296, 2306, 2311, 2318, 2320]",
PPI_16,0.1,2650,265,5.359990119934082,0.7968127840389458,,,"[10, 11, 14, 15, 23, 25, 27, 41, 45, 49, 51, 76, 83, 86, 87, 94, 95, 115, 119, 142, 147, 160, 165, 166, 168, 169, 170, 194, 198, 204, 211, 222, 228, 243, 263, 265, 273, 309, 311, 331, 338, 339, 348, 349, 382, 383, 391, 398, 409, 412, 413, 427, 434, 443, 452, 454, 458, 468, 471, 495, 501, 508, 518, 523, 538, 547, 557, 560, 564, 569, 574, 588, 589, 598, 631, 635, 668, 673, 697, 700, 737, 744, 745, 747, 794, 798, 811, 829, 832, 843, 851, 878, 884, 891, 914, 918, 923, 924, 935, 951, 964, 973, 990, 995, 996, 1003, 1018, 1029, 1030, 1032, 1038, 1046, 1065, 1066, 1071, 1084, 1091, 1102, 1113, 1119, 1130, 1146, 1154, 1158, 1178, 1181, 1183, 1184, 1193, 1264, 1276, 1280, 1284, 1320, 1332, 1333, 1340, 1361, 1366, 1381, 1383, 1387, 1393, 1396, 1404, 1426, 1447, 1463, 1469, 1486, 1495, 1512, 1516, 1518, 1547, 1548, 1551, 1564, 1573, 1590, 1591, 1601, 1613, 1645, 1648, 1671, 1673, 1681, 1685, 1690, 1691, 1697, 1708, 1723, 1730, 1762, 1765, 1766, 1787, 1796, 1803, 1814, 1817, 1823, 1830, 1843, 1844, 1851, 1873, 1893, 1901, 1902, 1903, 1905, 1906, 1912, 1916, 1932, 1934, 1937, 1950, 1969, 1986, 2023, 2028, 2042, 2045, 2059, 2075, 2091, 2105, 2141, 2153, 2155, 2176, 2177, 2182, 2214, 2234, 2236, 2238, 2247, 2268, 2272, 2279, 2289, 2299, 2319, 2336, 2344, 2349, 2351, 2368, 2370, 2380, 2397, 2399, 2409, 2415, 2422, 2426, 2443, 2453, 2476, 2501, 2509, 2536, 2557, 2566, 2574, 2578, 2587, 2589, 2592, 2604, 2605, 2615, 2619, 2620, 2626, 2629, 2631, 2640, 2641, 2645]",
PPI_16,0.2,2650,530,5.791263103485107,0.6490352337788383,,,"[5, 10, 11, 15, 16, 23, 25, 35, 37, 40, 41, 45, 47, 49, 51, 59, 61, 63, 65, 66, 68, 72, 76, 83, 86, 87, 89, 93, 94, 95, 102, 110, 112, 115, 119, 140, 142, 147, 151, 153, 160, 165, 166, 167, 168, 169, 170, 171, 180, 188, 191, 194, 203, 208, 210, 211, 222, 228, 236, 243, 246, 259, 265, 270, 273, 274, 275, 280, 282, 294, 304, 311, 312, 313, 324, 332, 337, 338, 342, 345, 348, 351, 352, 357, 362, 382, 383, 391, 398, 409, 412, 413, 414, 427, 428, 434, 443, 446, 448, 449, 450, 452, 458, 468, 471, 474, 477, 485, 493, 494, 495, 496, 498, 499, 501, 504, 505, 508, 517, 518, 521, 522, 532, 536, 538, 547, 551, 552, 557, 560, 561, 564, 566, 569, 574, 588, 589, 595, 598, 631, 633, 635, 644, 657, 663, 668, 669, 673, 678, 696, 697, 698, 700, 702, 709, 710, 734, 737, 744, 745, 752, 753, 784, 793, 794, 798, 804, 808, 811, 815, 829, 833, 842, 843, 844, 851, 865, 869, 878, 889, 891, 898, 905, 914, 918, 923, 935, 954, 959, 962, 963, 964, 973, 990, 994, 995, 996, 997, 1003, 1018, 1020, 1029, 1030, 1032, 1033, 1039, 1043, 1044, 1046, 1048, 1056, 1065, 1066, 1071, 1072, 1073, 1074, 1084, 1085, 1087, 1088, 1091, 1097, 1102, 1113, 1129, 1130, 1146, 1151, 1154, 1158, 1167, 1178, 1183, 1184, 1205, 1206, 1207, 1220, 1225, 1233, 1242, 1245, 1263, 1264, 1266, 1267, 1269, 1275, 1276, 1277, 1284, 1285, 1289, 1292, 1293, 1301, 1303, 1306, 1319, 1320, 1321, 1332, 1333, 1340, 1343, 1347, 1348, 1349, 1361, 1367, 1368, 1375, 1381, 1382, 1383, 1387, 1389, 1393, 1396, 1400, 1415, 1417, 1426, 1432, 1433, 1438, 1440, 1447, 1457, 1458, 1461, 1463, 1469, 1471, 1474, 1480, 1482, 1483, 1486, 1498, 1502, 1507, 1508, 1512, 1516, 1517, 1518, 1522, 1529, 1545, 1547, 1548, 1551, 1559, 1569, 1573, 1578, 1580, 1581, 1584, 1590, 1591, 1592, 1596, 1601, 1606, 1613, 1628, 1631, 1640, 1648, 1649, 1650, 1651, 1652, 1657, 1659, 1666, 1671, 1674, 1677, 1680, 1681, 1684, 1690, 1691, 1699, 1701, 1702, 1706, 1708, 1724, 1729, 1730, 1732, 1738, 1744, 1751, 1760, 1762, 1764, 1793, 1794, 1796, 1799, 1801, 1802, 1803, 1805, 1817, 1823, 1835, 1839, 1840, 1843, 1844, 1847, 1851, 1867, 1868, 1869, 1870, 1873, 1877, 1880, 1893, 1898, 1901, 1903, 1905, 1906, 1912, 1916, 1932, 1934, 1937, 1942, 1946, 1950, 1966, 1969, 1973, 1977, 1986, 1991, 2002, 2012, 2013, 2017, 2023, 2025, 2028, 2036, 2037, 2042, 2047, 2053, 2056, 2059, 2061, 2068, 2069, 2072, 2078, 2080, 2091, 2093, 2095, 2096, 2105, 2111, 2119, 2123, 2124, 2132, 2143, 2155, 2173, 2174, 2175, 2176, 2177, 2183, 2186, 2188, 2202, 2211, 2213, 2219, 2229, 2234, 2235, 2240, 2243, 2247, 2260, 2265, 2268, 2270, 2272, 2279, 2284, 2288, 2299, 2301, 2304, 2316, 2317, 2319, 2334, 2336, 2337, 2343, 2349, 2355, 2364, 2370, 2378, 2392, 2397, 2398, 2399, 2404, 2405, 2406, 2409, 2411, 2415, 2418, 2422, 2426, 2444, 2447, 2453, 2470, 2474, 2476, 2484, 2485, 2494, 2501, 2505, 2506, 2517, 2527, 2535, 2539, 2542, 2557, 2565, 2566, 2570, 2578, 2585, 2586, 2587, 2589, 2592, 2604, 2605, 2608, 2615, 2619, 2626, 2629, 2630, 2640, 2641, 2645]",
PPI_16,0.3,2650,795,6.391766786575317,0.4048668719487551,,,"[4, 6, 10, 11, 14, 15, 23, 25, 28, 31, 35, 41, 45, 47, 49, 50, 51, 53, 58, 59, 61, 65, 66, 70, 71, 76, 79, 82, 83, 85, 86, 87, 89, 92, 93, 95, 101, 102, 106, 110, 115, 118, 119, 121, 122, 132, 138, 140, 142, 146, 147, 151, 157, 160, 165, 166, 168, 169, 170, 171, 173, 176, 188, 193, 194, 207, 208, 210, 211, 222, 228, 231, 236, 238, 243, 246, 248, 249, 259, 260, 263, 265, 266, 273, 280, 281, 285, 298, 299, 300, 302, 303, 304, 305, 308, 312, 313, 324, 329, 332, 337, 338, 342, 344, 345, 346, 347, 348, 351, 352, 355, 357, 361, 363, 373, 381, 382, 383, 386, 387, 391, 397, 398, 400, 401, 409, 412, 413, 416, 418, 432, 434, 440, 443, 448, 450, 452, 455, 458, 462, 468, 471, 476, 480, 485, 486, 490, 492, 493, 496, 498, 499, 501, 504, 505, 508, 511, 517, 518, 519, 524, 525, 532, 536, 537, 538, 541, 547, 550, 551, 552, 555, 560, 561, 563, 564, 565, 566, 569, 572, 574, 581, 588, 589, 592, 597, 598, 608, 611, 612, 616, 618, 620, 625, 630, 635, 640, 644, 646, 649, 655, 657, 658, 662, 668, 669, 673, 674, 676, 678, 685, 686, 691, 694, 697, 698, 700, 702, 706, 708, 709, 710, 717, 724, 730, 734, 736, 737, 738, 743, 744, 745, 747, 749, 750, 751, 752, 753, 756, 780, 781, 782, 783, 789, 792, 793, 798, 799, 800, 802, 807, 808, 810, 811, 815, 822, 823, 827, 829, 831, 832, 833, 834, 835, 841, 842, 843, 844, 847, 848, 849, 851, 862, 865, 869, 871, 878, 880, 883, 885, 889, 891, 897, 900, 905, 911, 912, 914, 920, 923, 924, 932, 935, 936, 948, 949, 952, 962, 963, 964, 965, 968, 971, 973, 978, 990, 992, 993, 994, 995, 996, 997, 999, 1003, 1004, 1007, 1018, 1020, 1029, 1030, 1032, 1042, 1043, 1044, 1045, 1046, 1047, 1049, 1060, 1063, 1064, 1065, 1066, 1070, 1071, 1072, 1073, 1074, 1079, 1081, 1084, 1087, 1091, 1094, 1096, 1102, 1103, 1113, 1114, 1118, 1122, 1129, 1130, 1134, 1138, 1139, 1142, 1146, 1151, 1154, 1156, 1157, 1158, 1159, 1161, 1163, 1167, 1168, 1178, 1183, 1184, 1188, 1190, 1201, 1205, 1207, 1208, 1219, 1221, 1224, 1228, 1231, 1233, 1236, 1237, 1242, 1245, 1247, 1252, 1261, 1262, 1263, 1264, 1267, 1269, 1272, 1277, 1284, 1285, 1286, 1287, 1288, 1290, 1292, 1293, 1297, 1303, 1306, 1319, 1320, 1321, 1333, 1340, 1343, 1346, 1347, 1348, 1350, 1353, 1354, 1361, 1367, 1368, 1374, 1381, 1383, 1389, 1393, 1394, 1396, 1398, 1400, 1408, 1413, 1414, 1415, 1416, 1426, 1432, 1434, 1438, 1439, 1440, 1441, 1445, 1450, 1457, 1458, 1463, 1466, 1469, 1471, 1474, 1477, 1478, 1483, 1484, 1486, 1493, 1502, 1503, 1507, 1509, 1512, 1516, 1518, 1522, 1529, 1530, 1539, 1540, 1545, 1547, 1548, 1551, 1559, 1563, 1564, 1565, 1569, 1571, 1573, 1578, 1579, 1583, 1584, 1586, 1589, 1590, 1592, 1598, 1601, 1606, 1613, 1620, 1626, 1628, 1632, 1634, 1637, 1640, 1642, 1644, 1647, 1648, 1649, 1650, 1651, 1652, 1657, 1658, 1659, 1666, 1671, 1674, 1675, 1676, 1677, 1678, 1680, 1681, 1685, 1688, 1690, 1694, 1697, 1699, 1701, 1705, 1706, 1708, 1721, 1722, 1723, 1724, 1730, 1736, 1737, 1738, 1744, 1746, 1749, 1751, 1760, 1762, 1764, 1765, 1771, 1778, 1782, 1785, 1790, 1794, 1796, 1797, 1802, 1803, 1805, 1817, 1820, 1823, 1835, 1839, 1840, 1843, 1844, 1851, 1854, 1857, 1860, 1869, 1870, 1873, 1874, 1875, 1877, 1889, 1891, 1893, 1897, 1899, 1901, 1903, 1905, 1906, 1907, 1912, 1915, 1916, 1919, 1921, 1923, 1924, 1928, 1932, 1934, 1937, 1938, 1940, 1942, 1945, 1950, 1957, 1968, 1969, 1971, 1973, 1974, 1976, 1983, 1984, 1986, 1989, 1991, 1995, 1998, 1999, 2000, 2002, 2005, 2017, 2021, 2022, 2023, 2027, 2028, 2037, 2042, 2044, 2047, 2057, 2058, 2059, 2063, 2068, 2072, 2078, 2086, 2088, 2091, 2093, 2095, 2101, 2102, 2105, 2111, 2119, 2122, 2124, 2128, 2133, 2138, 2142, 2147, 2148, 2155, 2172, 2176, 2177, 2181, 2183, 2186, 2188, 2191, 2196, 2197, 2202, 2203, 2204, 2206, 2209, 2211, 2213, 2215, 2232, 2235, 2243, 2247, 2250, 2258, 2260, 2265, 2268, 2269, 2272, 2279, 2284, 2294, 2297, 2299, 2301, 2304, 2307, 2309, 2317, 2319, 2320, 2329, 2336, 2339, 2344, 2349, 2353, 2362, 2363, 2364, 2367, 2370, 2373, 2376, 2378, 2380, 2382, 2383, 2389, 2390, 2392, 2396, 2397, 2399, 2403, 2406, 2409, 2410, 2411, 2415, 2416, 2418, 2422, 2426, 2439, 2444, 2447, 2453, 2454, 2467, 2468, 2470, 2476, 2477, 2480, 2481, 2484, 2485, 2489, 2494, 2498, 2501, 2505, 2506, 2513, 2514, 2517, 2521, 2526, 2527, 2535, 2539, 2540, 2542, 2547, 2548, 2551, 2556, 2557, 2563, 2566, 2572, 2578, 2581, 2582, 2584, 2585, 2586, 2587, 2589, 2592, 2595, 2598, 2599, 2604, 2605, 2610, 2614, 2615, 2616, 2619, 2626, 2628, 2629, 2630, 2640, 2641, 2642, 2645]",
PPI_16,0.4,2650,1060,6.897470712661743,0.00320442032685404,,,"[0, 4, 6, 10, 14, 18, 22, 23, 25, 27, 28, 31, 35, 40, 45, 47, 49, 51, 53, 55, 57, 65, 71, 73, 76, 79, 83, 85, 86, 88, 89, 92, 95, 101, 109, 115, 116, 119, 122, 126, 128, 130, 132, 133, 138, 139, 140, 146, 147, 148, 151, 155, 157, 158, 160, 161, 163, 166, 168, 169, 170, 171, 172, 173, 176, 188, 189, 190, 193, 194, 199, 202, 205, 206, 208, 210, 211, 216, 218, 228, 229, 231, 232, 236, 238, 243, 246, 247, 249, 253, 256, 259, 260, 263, 265, 266, 267, 269, 271, 273, 281, 283, 285, 287, 296, 297, 299, 300, 302, 303, 305, 306, 307, 308, 312, 313, 314, 321, 324, 327, 329, 332, 337, 338, 340, 341, 342, 344, 345, 346, 348, 351, 352, 355, 357, 358, 361, 362, 363, 364, 366, 369, 373, 378, 381, 382, 383, 386, 387, 388, 390, 391, 395, 396, 397, 398, 401, 404, 409, 410, 412, 413, 416, 417, 422, 428, 432, 434, 435, 436, 437, 438, 439, 442, 443, 449, 450, 451, 452, 455, 457, 458, 460, 462, 465, 468, 470, 471, 472, 480, 482, 483, 485, 486, 488, 489, 494, 495, 496, 498, 499, 500, 501, 503, 505, 508, 510, 511, 514, 516, 517, 518, 519, 520, 521, 522, 524, 525, 532, 537, 539, 540, 541, 542, 544, 547, 550, 551, 552, 555, 560, 561, 563, 564, 565, 566, 569, 570, 571, 572, 573, 574, 575, 580, 587, 588, 592, 593, 597, 598, 601, 610, 614, 616, 618, 620, 622, 623, 624, 625, 630, 631, 635, 647, 649, 652, 653, 655, 658, 661, 662, 663, 664, 667, 668, 669, 670, 672, 673, 674, 675, 676, 678, 680, 681, 684, 686, 691, 694, 695, 696, 697, 698, 700, 702, 704, 705, 709, 710, 712, 717, 719, 720, 725, 727, 730, 731, 732, 733, 734, 736, 737, 745, 747, 749, 751, 752, 753, 755, 763, 773, 779, 780, 781, 782, 785, 793, 798, 799, 807, 808, 811, 812, 822, 827, 829, 830, 831, 832, 833, 835, 840, 841, 842, 843, 844, 846, 847, 848, 853, 861, 862, 865, 867, 869, 871, 872, 874, 875, 878, 880, 882, 883, 885, 886, 887, 889, 890, 891, 892, 897, 898, 900, 901, 904, 907, 911, 914, 916, 920, 923, 924, 935, 936, 945, 947, 948, 949, 950, 952, 953, 958, 962, 963, 964, 971, 973, 976, 988, 990, 995, 996, 997, 998, 999, 1001, 1003, 1006, 1007, 1012, 1014, 1015, 1016, 1018, 1019, 1021, 1025, 1026, 1029, 1030, 1031, 1032, 1034, 1037, 1038, 1044, 1045, 1046, 1053, 1060, 1062, 1063, 1064, 1065, 1066, 1070, 1071, 1072, 1073, 1074, 1077, 1078, 1079, 1082, 1083, 1084, 1086, 1089, 1091, 1092, 1096, 1100, 1102, 1103, 1104, 1105, 1107, 1108, 1109, 1113, 1114, 1118, 1120, 1127, 1129, 1130, 1133, 1134, 1136, 1138, 1139, 1142, 1146, 1151, 1157, 1159, 1161, 1163, 1164, 1165, 1167, 1168, 1169, 1176, 1178, 1181, 1182, 1183, 1184, 1186, 1188, 1201, 1205, 1207, 1208, 1209, 1216, 1219, 1222, 1223, 1224, 1227, 1228, 1229, 1231, 1233, 1234, 1235, 1236, 1237, 1242, 1245, 1252, 1262, 1263, 1264, 1269, 1271, 1272, 1276, 1277, 1280, 1281, 1282, 1284, 1287, 1288, 1289, 1290, 1291, 1292, 1297, 1303, 1306, 1310, 1312, 1320, 1321, 1322, 1325, 1328, 1332, 1333, 1337, 1340, 1343, 1347, 1348, 1351, 1353, 1361, 1365, 1367, 1368, 1374, 1375, 1382, 1383, 1384, 1385, 1389, 1393, 1394, 1396, 1398, 1400, 1406, 1408, 1413, 1414, 1415, 1416, 1417, 1422, 1426, 1434, 1439, 1440, 1441, 1443, 1445, 1450, 1451, 1454, 1458, 1462, 1463, 1466, 1469, 1471, 1472, 1473, 1474, 1477, 1479, 1483, 1484, 1486, 1487, 1490, 1493, 1495, 1496, 1501, 1502, 1503, 1507, 1512, 1513, 1515, 1516, 1517, 1518, 1519, 1529, 1534, 1535, 1538, 1539, 1540, 1543, 1544, 1545, 1546, 1547, 1548, 1550, 1551, 1559, 1563, 1566, 1568, 1569, 1570, 1571, 1573, 1576, 1579, 1581, 1583, 1584, 1586, 1590, 1591, 1592, 1593, 1598, 1601, 1604, 1605, 1607, 1620, 1621, 1624, 1625, 1626, 1628, 1634, 1636, 1637, 1640, 1642, 1644, 1646, 1647, 1648, 1649, 1650, 1651, 1652, 1654, 1658, 1659, 1661, 1669, 1671, 1674, 1675, 1676, 1677, 1680, 1681, 1684, 1685, 1686, 1688, 1689, 1690, 1699, 1701, 1705, 1706, 1708, 1716, 1718, 1720, 1723, 1724, 1728, 1729, 1730, 1735, 1742, 1745, 1749, 1751, 1762, 1763, 1764, 1771, 1775, 1777, 1778, 1785, 1789, 1791, 1796, 1797, 1802, 1803, 1804, 1805, 1806, 1809, 1811, 1812, 1815, 1817, 1820, 1823, 1824, 1826, 1828, 1830, 1831, 1835, 1836, 1839, 1841, 1843, 1844, 1851, 1852, 1853, 1857, 1860, 1863, 1867, 1869, 1870, 1873, 1874, 1875, 1876, 1877, 1880, 1882, 1885, 1889, 1890, 1892, 1893, 1897, 1899, 1901, 1902, 1903, 1904, 1905, 1906, 1911, 1912, 1913, 1915, 1916, 1919, 1922, 1923, 1924, 1928, 1930, 1932, 1933, 1934, 1937, 1938, 1940, 1945, 1948, 1949, 1950, 1956, 1957, 1961, 1963, 1964, 1965, 1966, 1967, 1968, 1976, 1984, 1989, 1991, 1995, 1998, 2000, 2001, 2002, 2003, 2005, 2012, 2013, 2014, 2015, 2017, 2019, 2021, 2022, 2023, 2027, 2028, 2033, 2034, 2036, 2037, 2042, 2043, 2047, 2048, 2053, 2056, 2057, 2058, 2059, 2061, 2063, 2064, 2065, 2066, 2068, 2073, 2074, 2086, 2088, 2091, 2093, 2095, 2097, 2100, 2101, 2102, 2105, 2106, 2111, 2114, 2119, 2124, 2131, 2132, 2137, 2139, 2140, 2143, 2146, 2147, 2148, 2150, 2159, 2162, 2165, 2166, 2170, 2172, 2173, 2177, 2181, 2182, 2183, 2186, 2187, 2188, 2195, 2196, 2198, 2202, 2206, 2208, 2209, 2211, 2212, 2213, 2223, 2225, 2232, 2234, 2235, 2240, 2243, 2247, 2249, 2250, 2251, 2256, 2258, 2261, 2265, 2268, 2272, 2274, 2275, 2280, 2284, 2294, 2295, 2297, 2298, 2300, 2301, 2302, 2303, 2307, 2309, 2310, 2311, 2312, 2313, 2316, 2317, 2318, 2319, 2320, 2322, 2326, 2328, 2336, 2339, 2341, 2343, 2344, 2345, 2348, 2349, 2350, 2353, 2355, 2356, 2357, 2360, 2362, 2363, 2364, 2367, 2370, 2371, 2372, 2374, 2378, 2380, 2381, 2382, 2389, 2390, 2392, 2393, 2394, 2396, 2397, 2399, 2400, 2402, 2406, 2407, 2410, 2412, 2415, 2416, 2418, 2424, 2426, 2432, 2443, 2444, 2447, 2448, 2449, 2452, 2453, 2454, 2456, 2467, 2468, 2469, 2470, 2474, 2476, 2477, 2480, 2481, 2484, 2485, 2498, 2501, 2503, 2506, 2515, 2517, 2523, 2525, 2526, 2527, 2528, 2535, 2536, 2538, 2539, 2540, 2542, 2544, 2547, 2548, 2550, 2556, 2559, 2560, 2561, 2562, 2563, 2564, 2565, 2566, 2569, 2570, 2571, 2578, 2579, 2581, 2582, 2584, 2585, 2586, 2587, 2590, 2592, 2595, 2598, 2599, 2604, 2605, 2608, 2609, 2611, 2613, 2614, 2615, 2630, 2633, 2641, 2644, 2645]",
PPI_17,0.1,2815,281,5.470012903213501,0.7982193062623099,,,"[14, 17, 24, 26, 49, 50, 52, 69, 79, 92, 96, 100, 102, 115, 123, 127, 147, 151, 158, 170, 173, 178, 181, 182, 199, 204, 214, 225, 233, 237, 243, 259, 261, 281, 285, 319, 337, 340, 345, 347, 355, 356, 357, 371, 399, 409, 410, 411, 418, 426, 430, 440, 443, 453, 458, 466, 483, 486, 501, 505, 510, 518, 535, 555, 558, 566, 588, 592, 599, 602, 606, 615, 634, 643, 653, 680, 691, 693, 695, 717, 719, 725, 731, 739, 754, 755, 764, 794, 800, 810, 839, 847, 848, 849, 856, 871, 890, 901, 912, 920, 935, 941, 952, 953, 955, 986, 988, 991, 1006, 1007, 1035, 1036, 1045, 1064, 1066, 1072, 1073, 1099, 1115, 1130, 1151, 1155, 1156, 1163, 1167, 1175, 1183, 1196, 1213, 1219, 1233, 1235, 1240, 1256, 1266, 1268, 1287, 1293, 1296, 1307, 1363, 1378, 1413, 1417, 1428, 1432, 1433, 1434, 1454, 1460, 1474, 1475, 1479, 1481, 1486, 1489, 1491, 1495, 1518, 1552, 1577, 1594, 1606, 1650, 1651, 1668, 1699, 1723, 1724, 1767, 1768, 1772, 1779, 1785, 1794, 1809, 1812, 1823, 1826, 1832, 1854, 1857, 1862, 1874, 1882, 1892, 1895, 1903, 1928, 1955, 1958, 1974, 1979, 1980, 1990, 1991, 2038, 2047, 2049, 2051, 2060, 2061, 2074, 2076, 2113, 2116, 2122, 2123, 2138, 2155, 2164, 2178, 2196, 2199, 2217, 2229, 2238, 2251, 2259, 2280, 2281, 2291, 2294, 2302, 2313, 2364, 2365, 2372, 2373, 2377, 2381, 2389, 2403, 2406, 2427, 2434, 2463, 2465, 2467, 2476, 2477, 2492, 2501, 2509, 2536, 2545, 2550, 2551, 2553, 2563, 2568, 2591, 2606, 2615, 2623, 2624, 2629, 2634, 2638, 2654, 2665, 2673, 2690, 2703, 2722, 2726, 2728, 2734, 2749, 2752, 2756, 2761, 2768, 2778, 2780, 2781, 2785, 2787, 2792, 2806, 2811]",
PPI_17,0.2,2815,563,5.973731279373169,0.659584096430795,,,"[14, 16, 19, 24, 26, 27, 33, 37, 49, 50, 52, 57, 63, 69, 79, 86, 92, 96, 99, 100, 102, 115, 123, 127, 147, 149, 151, 158, 162, 170, 171, 173, 174, 175, 176, 177, 178, 179, 181, 182, 183, 199, 204, 206, 214, 222, 224, 225, 231, 237, 242, 243, 257, 258, 261, 263, 267, 281, 282, 284, 285, 286, 296, 304, 308, 309, 314, 323, 340, 343, 345, 347, 353, 355, 356, 371, 375, 379, 381, 384, 386, 389, 397, 406, 409, 410, 411, 415, 418, 425, 426, 429, 430, 431, 439, 440, 443, 453, 458, 462, 466, 472, 484, 486, 501, 505, 516, 526, 530, 534, 535, 538, 539, 543, 556, 557, 558, 561, 566, 578, 582, 583, 584, 588, 592, 594, 596, 597, 599, 601, 602, 604, 606, 615, 631, 632, 634, 638, 643, 653, 665, 679, 689, 691, 693, 710, 715, 718, 719, 724, 725, 726, 727, 731, 739, 749, 753, 754, 756, 757, 761, 764, 767, 776, 787, 794, 800, 801, 810, 835, 838, 839, 842, 848, 849, 855, 856, 860, 863, 864, 866, 871, 879, 883, 885, 888, 889, 901, 902, 905, 907, 911, 912, 915, 917, 922, 935, 941, 952, 953, 955, 963, 982, 983, 986, 988, 991, 993, 995, 997, 1006, 1007, 1011, 1015, 1034, 1035, 1036, 1042, 1045, 1047, 1064, 1066, 1072, 1073, 1075, 1081, 1082, 1084, 1087, 1090, 1094, 1097, 1098, 1099, 1102, 1115, 1123, 1126, 1127, 1129, 1130, 1131, 1149, 1150, 1151, 1152, 1154, 1155, 1156, 1157, 1158, 1162, 1163, 1167, 1168, 1173, 1175, 1180, 1184, 1191, 1196, 1213, 1219, 1228, 1233, 1235, 1239, 1240, 1250, 1257, 1265, 1266, 1267, 1268, 1287, 1291, 1293, 1300, 1307, 1308, 1318, 1327, 1330, 1332, 1336, 1349, 1352, 1363, 1364, 1366, 1384, 1394, 1399, 1400, 1413, 1415, 1417, 1427, 1428, 1433, 1434, 1437, 1443, 1454, 1460, 1461, 1468, 1474, 1475, 1476, 1479, 1481, 1483, 1486, 1489, 1491, 1493, 1495, 1498, 1513, 1518, 1520, 1521, 1536, 1542, 1544, 1545, 1546, 1547, 1548, 1552, 1555, 1569, 1577, 1578, 1580, 1581, 1583, 1592, 1595, 1598, 1606, 1610, 1615, 1616, 1617, 1619, 1627, 1628, 1630, 1634, 1639, 1641, 1650, 1651, 1653, 1666, 1670, 1681, 1699, 1704, 1708, 1710, 1715, 1717, 1719, 1724, 1738, 1747, 1751, 1760, 1766, 1767, 1768, 1769, 1772, 1783, 1789, 1798, 1801, 1802, 1812, 1823, 1824, 1825, 1826, 1832, 1853, 1854, 1856, 1857, 1861, 1862, 1866, 1874, 1875, 1881, 1895, 1900, 1902, 1915, 1928, 1957, 1958, 1971, 1974, 1979, 1980, 1990, 1991, 1998, 2015, 2016, 2034, 2035, 2038, 2041, 2044, 2047, 2049, 2050, 2051, 2060, 2061, 2074, 2076, 2079, 2081, 2084, 2085, 2089, 2107, 2113, 2122, 2126, 2138, 2153, 2170, 2171, 2172, 2178, 2182, 2193, 2199, 2204, 2211, 2217, 2218, 2228, 2238, 2239, 2244, 2247, 2251, 2253, 2255, 2259, 2262, 2272, 2280, 2285, 2287, 2292, 2293, 2294, 2297, 2302, 2313, 2314, 2335, 2348, 2349, 2364, 2366, 2372, 2373, 2377, 2380, 2388, 2389, 2390, 2391, 2398, 2403, 2421, 2427, 2434, 2437, 2439, 2443, 2448, 2457, 2461, 2463, 2465, 2470, 2474, 2476, 2477, 2487, 2492, 2496, 2509, 2519, 2524, 2533, 2534, 2536, 2543, 2544, 2545, 2550, 2553, 2558, 2563, 2568, 2576, 2578, 2585, 2598, 2606, 2611, 2623, 2624, 2629, 2635, 2638, 2641, 2642, 2648, 2654, 2657, 2665, 2673, 2676, 2690, 2691, 2695, 2700, 2704, 2711, 2722, 2726, 2727, 2728, 2729, 2734, 2735, 2737, 2742, 2745, 2749, 2752, 2756, 2758, 2761, 2768, 2780, 2781, 2785, 2787, 2792, 2806]",
PPI_17,0.3,2815,844,6.60385274887085,0.49518011161846776,,,"[5, 11, 12, 14, 16, 20, 24, 26, 27, 37, 48, 49, 50, 52, 54, 60, 64, 65, 69, 70, 72, 74, 75, 79, 82, 86, 88, 92, 96, 99, 100, 101, 102, 103, 108, 114, 115, 117, 123, 124, 126, 127, 130, 148, 149, 151, 158, 159, 162, 163, 168, 170, 171, 173, 178, 179, 181, 182, 183, 184, 185, 186, 189, 192, 199, 201, 203, 204, 213, 214, 220, 224, 225, 229, 230, 232, 237, 238, 242, 243, 247, 261, 263, 266, 268, 277, 281, 284, 285, 286, 290, 292, 294, 296, 299, 302, 304, 309, 314, 318, 319, 322, 327, 328, 329, 331, 341, 343, 345, 347, 350, 351, 355, 356, 360, 364, 366, 371, 375, 376, 379, 383, 386, 387, 389, 397, 406, 409, 410, 411, 415, 418, 423, 424, 425, 426, 428, 429, 430, 440, 441, 443, 449, 453, 455, 459, 463, 466, 476, 480, 484, 486, 496, 501, 505, 509, 517, 518, 521, 526, 528, 530, 534, 535, 538, 539, 545, 546, 549, 555, 556, 558, 560, 566, 572, 578, 581, 584, 586, 587, 588, 592, 594, 596, 599, 600, 601, 602, 603, 604, 606, 611, 612, 615, 619, 622, 631, 634, 637, 643, 646, 650, 653, 657, 658, 659, 660, 663, 673, 676, 677, 682, 685, 691, 693, 697, 698, 703, 709, 710, 715, 718, 719, 720, 721, 722, 724, 725, 726, 727, 730, 731, 739, 749, 751, 754, 755, 756, 758, 764, 767, 773, 776, 787, 793, 794, 800, 801, 806, 808, 809, 810, 828, 830, 835, 836, 838, 839, 842, 844, 846, 847, 848, 849, 853, 855, 856, 859, 861, 863, 864, 875, 879, 885, 889, 890, 893, 895, 899, 901, 903, 905, 906, 908, 909, 911, 912, 916, 923, 924, 937, 940, 941, 943, 945, 946, 949, 952, 953, 955, 963, 972, 986, 988, 991, 992, 993, 995, 1000, 1006, 1007, 1011, 1013, 1023, 1025, 1029, 1034, 1035, 1036, 1042, 1044, 1045, 1047, 1048, 1059, 1060, 1064, 1066, 1068, 1070, 1072, 1073, 1075, 1078, 1081, 1083, 1085, 1086, 1088, 1089, 1090, 1094, 1095, 1099, 1100, 1101, 1107, 1115, 1117, 1126, 1127, 1130, 1131, 1141, 1146, 1148, 1150, 1151, 1152, 1155, 1156, 1157, 1158, 1160, 1162, 1167, 1169, 1172, 1173, 1175, 1177, 1180, 1184, 1185, 1186, 1187, 1190, 1191, 1192, 1194, 1196, 1197, 1212, 1213, 1215, 1219, 1223, 1225, 1228, 1233, 1235, 1237, 1250, 1261, 1264, 1266, 1268, 1270, 1272, 1273, 1287, 1289, 1291, 1293, 1294, 1297, 1304, 1305, 1307, 1309, 1316, 1317, 1318, 1323, 1326, 1330, 1336, 1341, 1349, 1352, 1353, 1355, 1358, 1361, 1363, 1364, 1370, 1372, 1378, 1380, 1381, 1382, 1384, 1385, 1390, 1394, 1400, 1406, 1410, 1413, 1417, 1419, 1428, 1433, 1434, 1437, 1441, 1442, 1443, 1447, 1451, 1452, 1454, 1460, 1461, 1464, 1466, 1468, 1473, 1474, 1475, 1476, 1477, 1479, 1481, 1486, 1489, 1491, 1495, 1501, 1504, 1510, 1511, 1512, 1513, 1515, 1518, 1522, 1526, 1531, 1532, 1536, 1537, 1541, 1542, 1544, 1549, 1551, 1552, 1555, 1556, 1558, 1564, 1567, 1569, 1570, 1572, 1573, 1577, 1579, 1580, 1581, 1583, 1590, 1591, 1594, 1597, 1605, 1606, 1607, 1610, 1616, 1617, 1619, 1621, 1627, 1630, 1631, 1634, 1639, 1641, 1642, 1645, 1650, 1651, 1652, 1660, 1666, 1672, 1674, 1675, 1676, 1681, 1683, 1685, 1687, 1694, 1697, 1699, 1715, 1718, 1719, 1744, 1745, 1747, 1750, 1755, 1760, 1763, 1766, 1767, 1768, 1769, 1776, 1783, 1792, 1795, 1796, 1797, 1802, 1805, 1806, 1808, 1812, 1815, 1823, 1825, 1826, 1832, 1838, 1839, 1843, 1845, 1847, 1849, 1854, 1857, 1859, 1861, 1862, 1871, 1874, 1878, 1884, 1886, 1895, 1896, 1897, 1898, 1907, 1912, 1915, 1917, 1918, 1924, 1926, 1928, 1936, 1939, 1940, 1942, 1949, 1950, 1955, 1958, 1962, 1963, 1970, 1971, 1974, 1975, 1979, 1980, 1990, 1991, 1993, 1997, 1998, 2001, 2010, 2015, 2016, 2017, 2033, 2034, 2038, 2041, 2042, 2044, 2047, 2049, 2051, 2054, 2057, 2060, 2061, 2062, 2074, 2076, 2079, 2081, 2082, 2083, 2089, 2096, 2098, 2101, 2107, 2110, 2113, 2114, 2117, 2122, 2126, 2138, 2151, 2153, 2155, 2159, 2166, 2168, 2170, 2171, 2177, 2178, 2183, 2184, 2188, 2192, 2193, 2194, 2196, 2199, 2204, 2209, 2211, 2212, 2214, 2215, 2217, 2224, 2225, 2228, 2230, 2235, 2238, 2251, 2253, 2256, 2259, 2262, 2272, 2281, 2285, 2287, 2289, 2293, 2297, 2302, 2309, 2313, 2317, 2319, 2325, 2328, 2334, 2335, 2336, 2337, 2339, 2351, 2356, 2362, 2364, 2366, 2372, 2373, 2377, 2378, 2380, 2383, 2389, 2393, 2394, 2395, 2396, 2403, 2415, 2420, 2421, 2424, 2427, 2430, 2431, 2434, 2439, 2443, 2450, 2451, 2452, 2454, 2460, 2461, 2462, 2463, 2465, 2466, 2474, 2476, 2477, 2478, 2487, 2492, 2496, 2500, 2501, 2509, 2518, 2524, 2525, 2527, 2532, 2533, 2536, 2544, 2545, 2550, 2551, 2552, 2553, 2556, 2558, 2563, 2568, 2574, 2576, 2592, 2595, 2596, 2606, 2609, 2611, 2618, 2622, 2623, 2624, 2629, 2630, 2631, 2635, 2638, 2639, 2642, 2645, 2646, 2649, 2654, 2657, 2659, 2665, 2669, 2670, 2673, 2676, 2690, 2691, 2693, 2695, 2703, 2704, 2716, 2720, 2722, 2726, 2728, 2734, 2735, 2737, 2740, 2741, 2742, 2744, 2745, 2747, 2748, 2749, 2752, 2756, 2761, 2768, 2769, 2773, 2775, 2776, 2780, 2781, 2783, 2785, 2786, 2787, 2788, 2792, 2800, 2806]",
PPI_17,0.4,2815,1126,7.250137567520142,0.022139351645298965,,,"[3, 5, 11, 13, 14, 16, 24, 26, 27, 28, 33, 37, 41, 47, 49, 50, 52, 54, 60, 64, 67, 69, 75, 77, 79, 82, 83, 85, 86, 88, 91, 94, 95, 96, 97, 99, 100, 101, 102, 103, 108, 109, 113, 114, 116, 117, 120, 121, 123, 124, 127, 130, 131, 135, 138, 140, 147, 148, 149, 152, 156, 158, 159, 162, 163, 167, 170, 171, 173, 174, 177, 179, 181, 182, 183, 185, 186, 189, 199, 200, 201, 203, 204, 211, 214, 215, 218, 222, 224, 225, 226, 229, 234, 237, 243, 244, 246, 247, 248, 249, 254, 261, 263, 266, 268, 273, 281, 284, 285, 286, 290, 292, 293, 299, 300, 302, 304, 309, 314, 315, 316, 318, 319, 320, 321, 322, 324, 325, 326, 327, 331, 334, 340, 347, 348, 349, 351, 355, 356, 360, 364, 366, 367, 368, 371, 375, 376, 377, 378, 379, 381, 385, 386, 387, 390, 393, 397, 398, 404, 406, 407, 408, 409, 410, 411, 412, 413, 415, 417, 418, 422, 423, 425, 426, 430, 439, 440, 441, 443, 444, 445, 446, 447, 448, 449, 455, 459, 463, 466, 468, 469, 470, 471, 474, 476, 477, 478, 483, 484, 485, 486, 488, 489, 492, 494, 496, 498, 501, 503, 504, 505, 506, 510, 515, 516, 517, 518, 519, 521, 522, 525, 526, 528, 530, 531, 533, 534, 535, 537, 539, 546, 549, 552, 553, 554, 555, 556, 557, 558, 560, 566, 569, 571, 577, 578, 581, 582, 584, 588, 592, 596, 600, 601, 602, 603, 604, 606, 607, 610, 611, 612, 613, 615, 622, 631, 632, 634, 637, 642, 643, 644, 646, 649, 657, 659, 663, 673, 674, 676, 679, 680, 685, 693, 699, 701, 703, 705, 709, 712, 713, 714, 715, 718, 719, 720, 721, 722, 724, 725, 726, 727, 728, 730, 731, 733, 735, 738, 740, 745, 748, 751, 752, 753, 754, 755, 756, 758, 764, 767, 768, 773, 776, 777, 784, 787, 789, 790, 793, 794, 801, 804, 807, 808, 809, 810, 812, 819, 821, 824, 830, 834, 835, 836, 839, 841, 844, 847, 848, 853, 863, 864, 868, 872, 875, 879, 880, 884, 885, 888, 889, 890, 892, 893, 895, 899, 900, 901, 902, 903, 906, 907, 908, 909, 911, 924, 928, 929, 931, 934, 935, 938, 941, 943, 945, 946, 948, 949, 950, 952, 953, 954, 955, 963, 964, 965, 967, 968, 970, 971, 974, 975, 988, 993, 995, 998, 1004, 1006, 1007, 1008, 1009, 1012, 1017, 1019, 1021, 1022, 1025, 1026, 1030, 1033, 1034, 1035, 1042, 1045, 1047, 1048, 1058, 1062, 1064, 1066, 1072, 1073, 1076, 1078, 1081, 1083, 1085, 1088, 1089, 1090, 1094, 1097, 1100, 1101, 1102, 1104, 1107, 1108, 1111, 1114, 1115, 1117, 1127, 1129, 1130, 1131, 1139, 1144, 1146, 1148, 1149, 1150, 1151, 1152, 1153, 1154, 1155, 1156, 1157, 1158, 1161, 1162, 1166, 1167, 1169, 1172, 1173, 1175, 1179, 1184, 1185, 1186, 1187, 1189, 1190, 1191, 1196, 1200, 1202, 1206, 1209, 1212, 1213, 1214, 1216, 1218, 1220, 1221, 1223, 1224, 1226, 1228, 1230, 1233, 1235, 1239, 1243, 1247, 1249, 1250, 1251, 1252, 1261, 1264, 1266, 1267, 1268, 1271, 1272, 1273, 1275, 1279, 1280, 1285, 1289, 1290, 1291, 1293, 1294, 1300, 1303, 1305, 1306, 1307, 1310, 1311, 1313, 1316, 1318, 1319, 1320, 1321, 1322, 1327, 1328, 1329, 1330, 1336, 1341, 1345, 1349, 1352, 1353, 1355, 1358, 1361, 1366, 1367, 1368, 1370, 1371, 1372, 1373, 1378, 1380, 1381, 1382, 1383, 1384, 1388, 1394, 1396, 1398, 1399, 1400, 1402, 1405, 1413, 1415, 1416, 1417, 1419, 1420, 1421, 1423, 1426, 1428, 1431, 1433, 1434, 1437, 1438, 1441, 1442, 1443, 1444, 1447, 1449, 1454, 1458, 1460, 1461, 1466, 1468, 1471, 1475, 1477, 1478, 1479, 1481, 1483, 1486, 1489, 1490, 1491, 1495, 1497, 1501, 1506, 1509, 1510, 1511, 1512, 1515, 1518, 1520, 1522, 1524, 1527, 1531, 1533, 1537, 1539, 1542, 1546, 1548, 1552, 1553, 1556, 1557, 1558, 1560, 1561, 1564, 1567, 1568, 1569, 1570, 1572, 1573, 1579, 1580, 1583, 1584, 1587, 1590, 1594, 1597, 1598, 1605, 1607, 1610, 1611, 1612, 1613, 1615, 1616, 1617, 1618, 1621, 1627, 1630, 1635, 1637, 1641, 1642, 1645, 1646, 1647, 1648, 1649, 1650, 1651, 1655, 1659, 1660, 1666, 1672, 1676, 1678, 1681, 1684, 1685, 1687, 1690, 1694, 1695, 1699, 1701, 1704, 1706, 1709, 1713, 1715, 1718, 1719, 1723, 1733, 1734, 1737, 1741, 1747, 1749, 1750, 1755, 1757, 1758, 1760, 1762, 1763, 1764, 1765, 1766, 1767, 1768, 1769, 1771, 1776, 1778, 1781, 1786, 1792, 1795, 1796, 1797, 1802, 1805, 1806, 1807, 1808, 1810, 1818, 1820, 1823, 1826, 1829, 1830, 1831, 1832, 1838, 1839, 1841, 1843, 1845, 1849, 1850, 1854, 1856, 1857, 1860, 1861, 1863, 1865, 1866, 1867, 1872, 1874, 1875, 1878, 1881, 1884, 1886, 1894, 1895, 1896, 1897, 1898, 1905, 1906, 1907, 1912, 1913, 1915, 1917, 1918, 1922, 1924, 1925, 1926, 1928, 1930, 1931, 1936, 1937, 1939, 1942, 1945, 1949, 1950, 1952, 1955, 1958, 1959, 1962, 1967, 1970, 1971, 1974, 1975, 1976, 1979, 1980, 1986, 1990, 1991, 1992, 1993, 1997, 1998, 2001, 2010, 2011, 2015, 2016, 2017, 2018, 2019, 2022, 2032, 2033, 2034, 2035, 2038, 2041, 2044, 2046, 2047, 2049, 2050, 2051, 2052, 2054, 2058, 2060, 2061, 2063, 2065, 2066, 2070, 2075, 2076, 2079, 2081, 2082, 2083, 2085, 2086, 2089, 2095, 2096, 2097, 2098, 2106, 2108, 2110, 2113, 2115, 2118, 2119, 2130, 2135, 2139, 2141, 2143, 2147, 2151, 2153, 2154, 2155, 2156, 2159, 2164, 2165, 2166, 2167, 2168, 2176, 2177, 2178, 2179, 2180, 2183, 2184, 2187, 2190, 2191, 2193, 2194, 2198, 2199, 2200, 2201, 2204, 2205, 2206, 2211, 2214, 2215, 2216, 2217, 2219, 2221, 2223, 2224, 2226, 2228, 2244, 2246, 2251, 2253, 2255, 2257, 2261, 2262, 2264, 2265, 2266, 2272, 2276, 2281, 2285, 2287, 2292, 2293, 2296, 2299, 2302, 2306, 2307, 2309, 2317, 2319, 2321, 2325, 2329, 2332, 2335, 2336, 2337, 2339, 2340, 2341, 2342, 2348, 2349, 2351, 2356, 2359, 2362, 2364, 2366, 2376, 2378, 2379, 2383, 2387, 2388, 2389, 2392, 2393, 2395, 2398, 2399, 2400, 2403, 2404, 2405, 2412, 2415, 2418, 2421, 2424, 2427, 2428, 2429, 2430, 2439, 2451, 2454, 2455, 2456, 2458, 2459, 2460, 2461, 2462, 2463, 2465, 2467, 2468, 2469, 2470, 2471, 2474, 2476, 2477, 2478, 2479, 2492, 2496, 2497, 2498, 2500, 2501, 2504, 2506, 2509, 2511, 2515, 2517, 2518, 2519, 2524, 2525, 2526, 2527, 2528, 2529, 2530, 2532, 2533, 2543, 2544, 2546, 2551, 2553, 2554, 2556, 2563, 2568, 2569, 2574, 2575, 2576, 2583, 2595, 2596, 2600, 2602, 2605, 2606, 2607, 2608, 2609, 2611, 2621, 2622, 2623, 2624, 2627, 2629, 2630, 2631, 2634, 2635, 2637, 2638, 2639, 2646, 2650, 2654, 2655, 2658, 2666, 2667, 2669, 2670, 2671, 2672, 2674, 2677, 2678, 2679, 2682, 2686, 2690, 2691, 2693, 2695, 2696, 2698, 2700, 2703, 2704, 2706, 2711, 2718, 2719, 2722, 2725, 2726, 2728, 2734, 2735, 2739, 2745, 2747, 2748, 2749, 2753, 2756, 2758, 2761, 2763, 2768, 2769, 2774, 2776, 2777, 2780, 2781, 2783, 2787, 2797, 2799, 2806, 2809]",
PPI_18,0.1,3163,316,5.58830451965332,0.7865573876509677,,,"[11, 15, 18, 27, 29, 43, 53, 59, 100, 113, 129, 138, 142, 166, 169, 179, 196, 198, 199, 201, 202, 205, 206, 208, 212, 221, 226, 231, 232, 243, 252, 258, 266, 289, 313, 324, 362, 386, 388, 399, 416, 427, 458, 463, 472, 476, 480, 485, 486, 494, 497, 498, 499, 503, 509, 515, 523, 525, 528, 535, 541, 543, 549, 559, 562, 565, 595, 603, 614, 619, 622, 627, 636, 644, 647, 653, 657, 666, 668, 670, 671, 676, 681, 705, 711, 712, 722, 726, 728, 731, 743, 768, 795, 800, 806, 813, 824, 837, 839, 841, 853, 875, 884, 894, 917, 925, 937, 959, 961, 964, 971, 981, 993, 1002, 1014, 1015, 1018, 1019, 1029, 1062, 1070, 1078, 1082, 1093, 1096, 1109, 1119, 1141, 1162, 1165, 1167, 1176, 1177, 1183, 1199, 1200, 1203, 1208, 1209, 1220, 1237, 1239, 1253, 1264, 1270, 1291, 1292, 1295, 1297, 1298, 1318, 1321, 1331, 1338, 1363, 1374, 1390, 1392, 1421, 1442, 1469, 1475, 1498, 1506, 1515, 1528, 1560, 1587, 1600, 1608, 1615, 1639, 1640, 1645, 1657, 1660, 1662, 1666, 1668, 1671, 1672, 1677, 1681, 1713, 1735, 1742, 1747, 1765, 1775, 1776, 1781, 1785, 1801, 1811, 1816, 1823, 1825, 1846, 1855, 1856, 1866, 1868, 1906, 1911, 1936, 1944, 1959, 1978, 1990, 2016, 2020, 2023, 2027, 2037, 2057, 2067, 2070, 2073, 2076, 2080, 2082, 2104, 2112, 2116, 2118, 2144, 2163, 2171, 2179, 2183, 2204, 2208, 2211, 2213, 2224, 2225, 2248, 2274, 2281, 2289, 2291, 2293, 2296, 2301, 2305, 2321, 2323, 2326, 2327, 2329, 2371, 2380, 2386, 2387, 2389, 2432, 2437, 2452, 2455, 2458, 2470, 2471, 2472, 2493, 2508, 2526, 2539, 2545, 2547, 2549, 2561, 2635, 2641, 2651, 2660, 2662, 2673, 2689, 2710, 2718, 2724, 2739, 2759, 2762, 2776, 2777, 2794, 2812, 2826, 2830, 2842, 2846, 2863, 2864, 2865, 2901, 2941, 2951, 2959, 2971, 2987, 3005, 3010, 3011, 3034, 3063, 3067, 3085, 3086, 3090, 3093, 3095, 3099, 3106, 3128, 3152]",
PPI_18,0.2,3163,632,6.226152420043945,0.6818302066236377,,,"[0, 11, 15, 17, 27, 29, 31, 37, 40, 43, 48, 53, 55, 56, 58, 59, 63, 64, 68, 70, 77, 88, 94, 97, 100, 101, 115, 117, 120, 125, 129, 138, 142, 151, 159, 160, 162, 166, 170, 179, 180, 184, 185, 196, 198, 199, 201, 202, 205, 206, 212, 218, 221, 226, 231, 232, 241, 251, 252, 258, 266, 271, 289, 297, 298, 306, 312, 313, 315, 316, 322, 324, 326, 337, 353, 356, 358, 366, 369, 384, 386, 388, 393, 398, 399, 400, 401, 402, 411, 413, 416, 421, 425, 427, 430, 432, 438, 455, 458, 461, 462, 463, 468, 472, 480, 481, 482, 486, 494, 497, 498, 499, 503, 509, 515, 519, 523, 528, 530, 535, 540, 541, 543, 549, 551, 554, 556, 559, 562, 565, 574, 577, 588, 591, 595, 598, 603, 619, 622, 623, 624, 627, 632, 635, 636, 642, 644, 647, 653, 657, 658, 666, 668, 671, 673, 676, 681, 698, 699, 705, 711, 712, 722, 724, 726, 737, 739, 768, 789, 795, 800, 802, 803, 806, 807, 813, 816, 824, 837, 839, 840, 841, 845, 848, 853, 875, 877, 884, 885, 890, 891, 894, 896, 901, 903, 904, 917, 932, 936, 937, 941, 947, 954, 956, 959, 961, 966, 971, 975, 976, 986, 993, 999, 1002, 1014, 1015, 1018, 1019, 1029, 1036, 1048, 1054, 1062, 1066, 1068, 1078, 1082, 1089, 1093, 1106, 1109, 1113, 1117, 1119, 1124, 1125, 1138, 1139, 1158, 1162, 1165, 1167, 1176, 1177, 1198, 1199, 1200, 1207, 1208, 1209, 1218, 1220, 1225, 1233, 1235, 1236, 1237, 1239, 1241, 1249, 1253, 1255, 1263, 1264, 1270, 1286, 1288, 1291, 1292, 1295, 1296, 1297, 1298, 1318, 1321, 1324, 1328, 1330, 1331, 1338, 1363, 1370, 1374, 1375, 1385, 1390, 1392, 1396, 1400, 1403, 1407, 1408, 1416, 1421, 1424, 1426, 1434, 1435, 1442, 1443, 1447, 1449, 1453, 1469, 1474, 1478, 1479, 1481, 1491, 1498, 1506, 1513, 1514, 1515, 1518, 1520, 1526, 1528, 1529, 1545, 1550, 1554, 1560, 1563, 1570, 1575, 1576, 1587, 1595, 1600, 1608, 1609, 1612, 1615, 1631, 1632, 1639, 1640, 1641, 1648, 1650, 1657, 1660, 1663, 1666, 1668, 1671, 1672, 1677, 1681, 1682, 1692, 1708, 1713, 1716, 1718, 1733, 1735, 1738, 1747, 1752, 1765, 1775, 1779, 1780, 1781, 1782, 1785, 1801, 1811, 1812, 1815, 1816, 1821, 1823, 1827, 1843, 1845, 1846, 1852, 1855, 1856, 1866, 1868, 1879, 1880, 1886, 1899, 1906, 1911, 1917, 1920, 1936, 1938, 1940, 1944, 1959, 1975, 1978, 1979, 1980, 1981, 1982, 1985, 1990, 2006, 2008, 2009, 2016, 2017, 2018, 2020, 2021, 2027, 2030, 2037, 2044, 2046, 2057, 2062, 2065, 2067, 2070, 2073, 2076, 2080, 2082, 2100, 2104, 2108, 2111, 2112, 2116, 2118, 2119, 2120, 2123, 2134, 2144, 2150, 2161, 2162, 2163, 2174, 2183, 2190, 2196, 2203, 2204, 2208, 2211, 2213, 2224, 2225, 2226, 2227, 2230, 2247, 2248, 2249, 2252, 2258, 2263, 2274, 2281, 2283, 2284, 2289, 2291, 2293, 2296, 2301, 2305, 2321, 2323, 2324, 2326, 2327, 2329, 2336, 2350, 2353, 2371, 2375, 2376, 2380, 2386, 2387, 2389, 2392, 2407, 2414, 2424, 2426, 2432, 2437, 2438, 2439, 2446, 2447, 2452, 2455, 2458, 2459, 2460, 2470, 2472, 2479, 2484, 2485, 2493, 2498, 2508, 2511, 2513, 2517, 2524, 2528, 2530, 2532, 2539, 2540, 2545, 2547, 2552, 2561, 2565, 2566, 2585, 2591, 2596, 2601, 2603, 2605, 2608, 2609, 2624, 2633, 2634, 2639, 2647, 2651, 2657, 2660, 2662, 2664, 2673, 2702, 2710, 2711, 2713, 2718, 2724, 2729, 2735, 2739, 2741, 2751, 2753, 2759, 2760, 2762, 2776, 2777, 2783, 2793, 2794, 2796, 2812, 2826, 2829, 2834, 2839, 2842, 2846, 2863, 2865, 2874, 2888, 2897, 2901, 2911, 2913, 2924, 2930, 2932, 2949, 2951, 2959, 2963, 2964, 2965, 2971, 2976, 2979, 2980, 2987, 2993, 3003, 3005, 3011, 3019, 3024, 3030, 3034, 3035, 3045, 3048, 3063, 3066, 3067, 3074, 3075, 3076, 3077, 3081, 3086, 3090, 3093, 3095, 3099, 3101, 3102, 3104, 3106, 3108, 3128, 3132, 3135, 3139, 3147, 3152]",
PPI_18,0.3,3163,948,7.011937379837036,0.43990448632853524,,,"[6, 11, 15, 19, 20, 22, 24, 27, 29, 30, 31, 43, 51, 53, 55, 56, 59, 62, 64, 66, 68, 69, 71, 77, 82, 83, 85, 99, 100, 101, 102, 103, 104, 106, 107, 108, 110, 111, 115, 117, 118, 120, 122, 125, 128, 129, 131, 138, 142, 155, 160, 164, 166, 170, 171, 173, 179, 180, 184, 185, 193, 194, 195, 196, 197, 198, 199, 201, 202, 204, 205, 206, 208, 209, 212, 220, 221, 226, 228, 231, 232, 241, 242, 245, 251, 252, 257, 258, 259, 266, 271, 272, 273, 276, 277, 282, 289, 291, 294, 296, 298, 309, 313, 315, 316, 324, 326, 332, 338, 344, 348, 352, 353, 354, 356, 357, 358, 359, 361, 365, 366, 384, 386, 388, 392, 398, 399, 402, 408, 411, 413, 416, 421, 429, 433, 434, 435, 436, 437, 438, 445, 447, 451, 455, 456, 457, 458, 461, 462, 463, 466, 469, 472, 480, 481, 484, 486, 493, 494, 497, 498, 499, 503, 512, 515, 516, 523, 528, 534, 535, 541, 543, 549, 554, 559, 562, 563, 565, 568, 574, 583, 585, 586, 588, 589, 591, 592, 594, 595, 598, 599, 601, 603, 607, 614, 616, 618, 619, 620, 621, 622, 624, 625, 627, 632, 635, 636, 641, 644, 647, 653, 654, 656, 657, 663, 666, 668, 669, 670, 671, 672, 673, 676, 679, 681, 686, 687, 698, 699, 700, 704, 705, 706, 710, 711, 712, 714, 715, 719, 720, 722, 726, 727, 729, 735, 741, 748, 750, 753, 755, 761, 768, 775, 778, 789, 791, 792, 795, 800, 802, 806, 808, 813, 814, 818, 819, 824, 836, 837, 839, 840, 841, 844, 848, 849, 850, 853, 854, 862, 865, 869, 875, 877, 878, 884, 889, 894, 896, 900, 902, 903, 904, 906, 917, 926, 932, 935, 937, 940, 947, 950, 951, 953, 956, 959, 960, 961, 964, 969, 971, 973, 976, 980, 985, 993, 999, 1002, 1005, 1013, 1014, 1015, 1018, 1019, 1021, 1026, 1028, 1029, 1030, 1038, 1039, 1040, 1050, 1051, 1053, 1054, 1062, 1064, 1067, 1074, 1076, 1078, 1082, 1085, 1086, 1088, 1089, 1090, 1093, 1095, 1098, 1109, 1115, 1117, 1119, 1125, 1128, 1133, 1134, 1135, 1137, 1138, 1139, 1143, 1152, 1158, 1159, 1160, 1162, 1163, 1164, 1165, 1167, 1169, 1173, 1176, 1177, 1183, 1184, 1198, 1199, 1200, 1202, 1208, 1209, 1211, 1216, 1219, 1220, 1225, 1226, 1228, 1235, 1236, 1237, 1238, 1239, 1241, 1246, 1253, 1255, 1263, 1264, 1266, 1270, 1272, 1288, 1290, 1291, 1292, 1294, 1295, 1296, 1297, 1298, 1303, 1304, 1310, 1312, 1318, 1321, 1325, 1330, 1331, 1335, 1338, 1343, 1350, 1359, 1363, 1370, 1371, 1374, 1377, 1379, 1385, 1390, 1392, 1395, 1396, 1397, 1400, 1408, 1421, 1424, 1426, 1430, 1433, 1434, 1435, 1437, 1439, 1449, 1453, 1455, 1469, 1471, 1478, 1479, 1480, 1483, 1484, 1485, 1486, 1487, 1492, 1493, 1497, 1498, 1499, 1502, 1506, 1514, 1515, 1526, 1528, 1529, 1533, 1534, 1536, 1538, 1540, 1545, 1547, 1548, 1550, 1551, 1552, 1560, 1563, 1564, 1568, 1569, 1570, 1571, 1575, 1579, 1586, 1587, 1589, 1591, 1600, 1608, 1609, 1612, 1613, 1615, 1618, 1619, 1622, 1632, 1634, 1639, 1640, 1645, 1646, 1651, 1657, 1660, 1662, 1666, 1668, 1669, 1671, 1672, 1673, 1677, 1681, 1682, 1688, 1690, 1695, 1705, 1706, 1707, 1708, 1713, 1717, 1722, 1726, 1732, 1733, 1735, 1738, 1740, 1742, 1745, 1747, 1753, 1755, 1757, 1765, 1768, 1769, 1770, 1775, 1776, 1779, 1780, 1781, 1782, 1785, 1796, 1801, 1804, 1811, 1812, 1816, 1818, 1821, 1822, 1823, 1825, 1827, 1836, 1840, 1841, 1845, 1846, 1855, 1856, 1868, 1870, 1879, 1880, 1885, 1886, 1888, 1889, 1899, 1903, 1906, 1910, 1911, 1914, 1915, 1919, 1920, 1924, 1933, 1937, 1941, 1944, 1958, 1959, 1971, 1973, 1975, 1978, 1979, 1980, 1982, 1990, 1992, 1993, 1996, 2001, 2006, 2009, 2010, 2012, 2013, 2016, 2017, 2018, 2020, 2023, 2027, 2035, 2037, 2038, 2039, 2043, 2054, 2057, 2061, 2063, 2064, 2065, 2072, 2073, 2076, 2080, 2082, 2086, 2094, 2097, 2099, 2101, 2108, 2112, 2115, 2116, 2118, 2123, 2129, 2134, 2135, 2138, 2139, 2142, 2144, 2153, 2156, 2161, 2162, 2163, 2164, 2171, 2175, 2179, 2183, 2187, 2190, 2192, 2201, 2203, 2204, 2208, 2211, 2213, 2214, 2224, 2225, 2226, 2229, 2232, 2243, 2246, 2248, 2249, 2251, 2252, 2253, 2255, 2259, 2267, 2269, 2274, 2281, 2282, 2285, 2287, 2289, 2291, 2292, 2293, 2294, 2296, 2299, 2300, 2301, 2303, 2305, 2310, 2312, 2320, 2321, 2322, 2323, 2326, 2329, 2334, 2336, 2339, 2345, 2346, 2353, 2358, 2363, 2364, 2371, 2375, 2386, 2389, 2392, 2400, 2405, 2407, 2411, 2417, 2420, 2424, 2425, 2430, 2432, 2434, 2437, 2444, 2446, 2447, 2452, 2453, 2454, 2455, 2456, 2458, 2459, 2460, 2466, 2470, 2471, 2472, 2474, 2479, 2480, 2491, 2493, 2508, 2511, 2512, 2517, 2520, 2525, 2526, 2530, 2534, 2538, 2539, 2540, 2543, 2545, 2552, 2556, 2561, 2565, 2566, 2574, 2579, 2581, 2584, 2596, 2599, 2601, 2603, 2605, 2607, 2608, 2609, 2611, 2616, 2617, 2621, 2622, 2624, 2633, 2635, 2640, 2641, 2642, 2645, 2647, 2651, 2652, 2656, 2659, 2660, 2664, 2667, 2673, 2675, 2681, 2683, 2688, 2689, 2694, 2697, 2702, 2706, 2710, 2713, 2724, 2729, 2739, 2743, 2744, 2747, 2755, 2756, 2759, 2762, 2763, 2765, 2775, 2776, 2794, 2795, 2802, 2803, 2807, 2809, 2812, 2813, 2825, 2826, 2829, 2835, 2837, 2838, 2844, 2846, 2855, 2856, 2857, 2862, 2863, 2864, 2865, 2869, 2874, 2881, 2885, 2888, 2889, 2897, 2901, 2920, 2921, 2924, 2930, 2931, 2932, 2948, 2949, 2951, 2955, 2957, 2959, 2960, 2961, 2964, 2965, 2969, 2970, 2971, 2976, 2979, 2983, 2987, 2993, 2994, 3002, 3003, 3005, 3010, 3011, 3019, 3023, 3030, 3032, 3033, 3034, 3035, 3037, 3042, 3043, 3045, 3050, 3060, 3063, 3067, 3069, 3071, 3074, 3075, 3081, 3085, 3086, 3088, 3090, 3093, 3095, 3099, 3102, 3106, 3110, 3111, 3115, 3116, 3121, 3125, 3128, 3130, 3132, 3134, 3139, 3151, 3152, 3153]",
PPI_18,0.4,3163,1265,7.78301215171814,0.006050816190835399,,,"[0, 5, 7, 11, 13, 15, 17, 19, 26, 27, 29, 31, 32, 37, 42, 43, 46, 48, 51, 53, 55, 56, 57, 59, 64, 68, 71, 78, 82, 85, 88, 90, 92, 96, 99, 101, 103, 104, 105, 110, 111, 114, 115, 116, 118, 122, 128, 132, 136, 137, 138, 139, 142, 144, 145, 146, 151, 154, 156, 158, 167, 168, 170, 171, 172, 173, 174, 177, 179, 180, 184, 185, 187, 189, 193, 196, 197, 202, 204, 205, 206, 208, 209, 212, 220, 221, 222, 226, 227, 228, 231, 232, 238, 239, 241, 244, 245, 248, 251, 252, 253, 256, 257, 259, 261, 266, 271, 275, 276, 283, 289, 291, 294, 296, 297, 302, 309, 311, 313, 315, 316, 322, 324, 326, 328, 332, 333, 335, 337, 338, 342, 344, 349, 350, 351, 353, 354, 355, 356, 357, 358, 359, 361, 362, 366, 367, 369, 372, 379, 384, 388, 390, 391, 393, 397, 398, 399, 402, 404, 408, 411, 412, 413, 416, 421, 422, 423, 429, 430, 433, 434, 435, 440, 447, 448, 450, 455, 456, 458, 460, 461, 462, 463, 466, 469, 471, 472, 476, 477, 478, 479, 480, 483, 484, 487, 493, 494, 495, 497, 498, 499, 500, 501, 502, 503, 511, 516, 520, 523, 525, 528, 529, 532, 534, 535, 540, 541, 542, 543, 544, 545, 546, 548, 549, 554, 556, 559, 561, 562, 563, 564, 568, 571, 574, 575, 576, 577, 578, 580, 581, 584, 585, 586, 588, 589, 591, 592, 595, 597, 598, 599, 601, 603, 607, 610, 611, 616, 617, 618, 619, 620, 621, 622, 623, 624, 625, 628, 634, 636, 637, 643, 646, 647, 649, 653, 654, 657, 663, 668, 669, 670, 671, 672, 673, 676, 677, 678, 679, 680, 681, 698, 699, 705, 708, 710, 711, 712, 713, 718, 719, 726, 729, 732, 735, 736, 745, 746, 747, 748, 752, 753, 758, 768, 778, 780, 783, 787, 789, 792, 793, 794, 795, 796, 800, 801, 802, 803, 805, 806, 808, 809, 811, 812, 814, 816, 817, 818, 819, 823, 825, 831, 836, 837, 838, 839, 840, 841, 844, 845, 849, 850, 853, 854, 855, 862, 865, 867, 874, 876, 877, 878, 879, 880, 881, 883, 884, 889, 895, 898, 901, 902, 903, 904, 906, 913, 915, 920, 926, 931, 932, 933, 934, 935, 937, 943, 947, 951, 953, 959, 961, 969, 971, 973, 980, 985, 991, 993, 995, 997, 999, 1002, 1004, 1005, 1006, 1008, 1012, 1013, 1014, 1015, 1016, 1018, 1019, 1021, 1023, 1029, 1038, 1040, 1047, 1050, 1053, 1054, 1062, 1064, 1067, 1068, 1070, 1071, 1072, 1074, 1078, 1079, 1082, 1085, 1086, 1090, 1094, 1095, 1098, 1099, 1106, 1109, 1111, 1115, 1117, 1119, 1122, 1123, 1128, 1133, 1134, 1135, 1136, 1137, 1139, 1141, 1145, 1147, 1149, 1150, 1151, 1152, 1154, 1155, 1158, 1159, 1164, 1165, 1169, 1171, 1173, 1176, 1177, 1181, 1193, 1199, 1200, 1202, 1206, 1208, 1209, 1211, 1214, 1216, 1219, 1220, 1224, 1225, 1226, 1232, 1235, 1236, 1238, 1239, 1240, 1242, 1246, 1247, 1249, 1250, 1252, 1253, 1255, 1266, 1268, 1270, 1272, 1279, 1281, 1286, 1287, 1288, 1289, 1290, 1291, 1292, 1293, 1294, 1295, 1296, 1297, 1298, 1301, 1302, 1303, 1306, 1310, 1312, 1315, 1316, 1318, 1321, 1324, 1330, 1331, 1332, 1333, 1334, 1336, 1337, 1338, 1350, 1352, 1359, 1362, 1363, 1364, 1365, 1368, 1369, 1372, 1374, 1376, 1377, 1379, 1380, 1385, 1390, 1392, 1395, 1396, 1400, 1403, 1405, 1407, 1408, 1409, 1411, 1420, 1421, 1424, 1425, 1426, 1428, 1429, 1433, 1434, 1435, 1437, 1439, 1440, 1445, 1447, 1448, 1449, 1451, 1453, 1455, 1465, 1467, 1468, 1469, 1472, 1473, 1475, 1478, 1479, 1480, 1481, 1482, 1483, 1484, 1485, 1492, 1493, 1498, 1502, 1509, 1513, 1514, 1518, 1520, 1522, 1526, 1528, 1529, 1531, 1533, 1534, 1538, 1539, 1543, 1544, 1545, 1548, 1549, 1550, 1551, 1552, 1554, 1556, 1560, 1563, 1565, 1568, 1569, 1570, 1572, 1575, 1576, 1586, 1587, 1588, 1589, 1590, 1592, 1593, 1599, 1600, 1604, 1606, 1608, 1609, 1611, 1612, 1613, 1614, 1615, 1616, 1617, 1618, 1619, 1622, 1624, 1626, 1632, 1637, 1639, 1640, 1645, 1646, 1654, 1657, 1662, 1664, 1666, 1668, 1671, 1672, 1677, 1678, 1681, 1682, 1687, 1688, 1690, 1693, 1694, 1704, 1705, 1706, 1707, 1713, 1717, 1719, 1722, 1726, 1733, 1735, 1738, 1740, 1746, 1747, 1749, 1753, 1756, 1757, 1760, 1763, 1764, 1765, 1767, 1768, 1769, 1770, 1773, 1774, 1776, 1777, 1781, 1785, 1789, 1793, 1799, 1800, 1801, 1804, 1810, 1814, 1816, 1817, 1819, 1821, 1822, 1823, 1824, 1825, 1831, 1836, 1837, 1840, 1841, 1844, 1845, 1846, 1847, 1850, 1851, 1852, 1853, 1854, 1855, 1856, 1858, 1870, 1881, 1883, 1885, 1888, 1891, 1892, 1896, 1901, 1903, 1905, 1906, 1911, 1913, 1914, 1915, 1920, 1924, 1927, 1928, 1933, 1934, 1942, 1944, 1945, 1949, 1950, 1954, 1959, 1965, 1969, 1970, 1971, 1973, 1975, 1976, 1977, 1978, 1979, 1980, 1981, 1982, 1985, 1992, 1993, 1995, 1996, 2006, 2009, 2010, 2011, 2012, 2016, 2017, 2020, 2021, 2022, 2023, 2025, 2027, 2030, 2033, 2035, 2037, 2039, 2041, 2042, 2043, 2045, 2046, 2053, 2054, 2057, 2061, 2063, 2064, 2065, 2068, 2070, 2075, 2076, 2077, 2078, 2080, 2083, 2084, 2085, 2087, 2090, 2094, 2095, 2097, 2099, 2100, 2108, 2112, 2115, 2116, 2117, 2118, 2119, 2123, 2125, 2126, 2128, 2129, 2131, 2134, 2135, 2139, 2142, 2144, 2148, 2151, 2152, 2153, 2154, 2156, 2157, 2160, 2162, 2163, 2164, 2165, 2168, 2169, 2172, 2174, 2175, 2179, 2183, 2184, 2187, 2190, 2191, 2193, 2194, 2197, 2198, 2200, 2203, 2204, 2208, 2211, 2213, 2214, 2220, 2222, 2224, 2225, 2226, 2227, 2231, 2232, 2235, 2238, 2245, 2246, 2249, 2251, 2252, 2253, 2254, 2255, 2258, 2263, 2267, 2268, 2269, 2270, 2274, 2282, 2283, 2285, 2287, 2289, 2290, 2291, 2292, 2293, 2294, 2296, 2300, 2301, 2303, 2305, 2308, 2311, 2312, 2316, 2322, 2323, 2326, 2329, 2330, 2333, 2334, 2339, 2343, 2344, 2345, 2346, 2352, 2356, 2357, 2358, 2365, 2368, 2370, 2375, 2377, 2379, 2380, 2385, 2386, 2387, 2392, 2394, 2398, 2400, 2403, 2405, 2406, 2407, 2408, 2411, 2419, 2420, 2421, 2422, 2426, 2428, 2430, 2432, 2434, 2437, 2440, 2441, 2442, 2443, 2444, 2446, 2447, 2452, 2453, 2454, 2455, 2459, 2460, 2461, 2464, 2465, 2466, 2467, 2469, 2470, 2471, 2472, 2474, 2476, 2478, 2479, 2480, 2481, 2483, 2485, 2489, 2493, 2495, 2499, 2508, 2512, 2513, 2515, 2518, 2519, 2520, 2522, 2523, 2524, 2525, 2527, 2530, 2534, 2539, 2540, 2545, 2551, 2552, 2555, 2556, 2557, 2561, 2564, 2565, 2566, 2569, 2575, 2579, 2581, 2584, 2589, 2599, 2601, 2602, 2603, 2605, 2606, 2607, 2608, 2612, 2615, 2616, 2617, 2618, 2624, 2628, 2633, 2634, 2635, 2636, 2637, 2639, 2645, 2647, 2649, 2651, 2659, 2664, 2670, 2673, 2674, 2679, 2681, 2683, 2688, 2692, 2695, 2696, 2698, 2702, 2705, 2706, 2710, 2712, 2713, 2716, 2718, 2720, 2724, 2729, 2739, 2740, 2743, 2744, 2745, 2748, 2752, 2754, 2755, 2759, 2762, 2766, 2767, 2768, 2770, 2771, 2773, 2775, 2776, 2777, 2779, 2784, 2785, 2786, 2793, 2794, 2798, 2799, 2800, 2802, 2803, 2806, 2807, 2809, 2812, 2814, 2816, 2817, 2822, 2825, 2826, 2829, 2832, 2835, 2836, 2837, 2838, 2840, 2843, 2846, 2854, 2855, 2856, 2857, 2858, 2862, 2863, 2865, 2866, 2869, 2875, 2882, 2884, 2888, 2889, 2894, 2895, 2896, 2897, 2900, 2901, 2908, 2920, 2921, 2923, 2924, 2925, 2931, 2932, 2934, 2948, 2949, 2951, 2953, 2955, 2957, 2959, 2960, 2961, 2964, 2965, 2968, 2969, 2983, 2987, 2988, 3002, 3003, 3005, 3006, 3008, 3010, 3011, 3014, 3016, 3019, 3021, 3022, 3023, 3030, 3031, 3033, 3034, 3035, 3037, 3041, 3042, 3048, 3050, 3055, 3059, 3060, 3061, 3063, 3066, 3068, 3075, 3077, 3079, 3084, 3085, 3088, 3089, 3090, 3093, 3096, 3099, 3100, 3101, 3102, 3106, 3110, 3111, 3115, 3116, 3120, 3121, 3123, 3124, 3125, 3126, 3127, 3128, 3130, 3132, 3134, 3142, 3149, 3152, 3155, 3157]",
PPI_19,0.1,3021,302,5.5202295780181885,0.7862481363939097,,,"[16, 21, 29, 31, 33, 52, 54, 58, 103, 107, 111, 113, 118, 125, 136, 140, 167, 174, 189, 195, 197, 198, 199, 216, 220, 221, 231, 234, 242, 253, 260, 278, 280, 296, 305, 336, 343, 370, 372, 376, 382, 383, 384, 385, 394, 395, 399, 410, 440, 441, 442, 450, 458, 473, 476, 482, 487, 492, 496, 512, 521, 525, 536, 540, 567, 571, 572, 596, 604, 616, 626, 639, 642, 647, 657, 674, 678, 681, 687, 697, 703, 724, 736, 738, 742, 750, 765, 769, 775, 783, 791, 806, 807, 816, 846, 848, 857, 867, 899, 906, 912, 916, 919, 930, 952, 956, 970, 979, 1010, 1021, 1022, 1024, 1056, 1058, 1061, 1071, 1080, 1110, 1112, 1121, 1142, 1151, 1176, 1199, 1204, 1215, 1237, 1241, 1242, 1250, 1255, 1263, 1265, 1276, 1285, 1303, 1309, 1311, 1312, 1324, 1326, 1348, 1355, 1358, 1360, 1376, 1391, 1405, 1414, 1442, 1450, 1478, 1482, 1512, 1516, 1528, 1534, 1535, 1547, 1562, 1576, 1577, 1581, 1583, 1586, 1590, 1593, 1595, 1603, 1610, 1624, 1626, 1654, 1678, 1688, 1689, 1690, 1691, 1724, 1729, 1748, 1764, 1765, 1781, 1820, 1826, 1832, 1836, 1840, 1842, 1867, 1888, 1893, 1897, 1931, 1935, 1946, 1948, 1955, 1971, 1973, 1978, 1981, 1986, 2000, 2008, 2021, 2022, 2055, 2090, 2113, 2114, 2115, 2125, 2126, 2133, 2153, 2175, 2177, 2184, 2199, 2215, 2217, 2221, 2227, 2240, 2266, 2281, 2283, 2319, 2327, 2333, 2347, 2350, 2353, 2367, 2390, 2394, 2405, 2408, 2414, 2425, 2444, 2446, 2455, 2463, 2474, 2478, 2508, 2537, 2541, 2556, 2557, 2573, 2596, 2599, 2600, 2603, 2635, 2642, 2644, 2658, 2676, 2697, 2715, 2734, 2735, 2740, 2743, 2754, 2758, 2759, 2769, 2798, 2805, 2811, 2818, 2825, 2834, 2840, 2851, 2863, 2871, 2876, 2888, 2923, 2927, 2928, 2929, 2935, 2937, 2938, 2951, 2955, 2959, 2971, 2985, 2989, 2991, 2996, 3009, 3010]",
PPI_19,0.2,3021,604,6.147956609725952,0.6622571355766411,,,"[7, 15, 16, 21, 29, 31, 42, 52, 54, 58, 61, 69, 78, 79, 88, 89, 92, 96, 99, 103, 107, 111, 113, 124, 125, 135, 136, 140, 142, 151, 158, 167, 174, 178, 186, 189, 194, 195, 196, 197, 198, 199, 205, 210, 216, 220, 221, 231, 242, 253, 254, 260, 263, 270, 278, 280, 297, 299, 303, 305, 306, 325, 331, 335, 341, 343, 345, 346, 350, 352, 354, 355, 368, 370, 372, 374, 376, 382, 383, 392, 394, 399, 403, 412, 416, 427, 429, 436, 440, 441, 442, 444, 450, 458, 461, 462, 465, 473, 476, 482, 487, 492, 500, 501, 512, 514, 521, 527, 536, 540, 562, 563, 572, 575, 576, 581, 594, 596, 604, 626, 630, 639, 642, 643, 644, 647, 653, 657, 674, 678, 681, 685, 686, 687, 688, 697, 698, 703, 706, 732, 736, 738, 742, 744, 746, 760, 763, 765, 768, 769, 775, 776, 783, 791, 800, 803, 806, 807, 810, 815, 816, 819, 825, 841, 846, 848, 857, 867, 873, 879, 895, 898, 899, 901, 906, 909, 910, 911, 912, 916, 917, 919, 925, 928, 929, 938, 941, 950, 952, 955, 956, 957, 958, 962, 963, 964, 970, 974, 978, 981, 1003, 1004, 1010, 1011, 1021, 1022, 1023, 1024, 1025, 1034, 1053, 1056, 1058, 1061, 1063, 1067, 1070, 1075, 1080, 1085, 1098, 1110, 1112, 1121, 1122, 1123, 1142, 1146, 1150, 1151, 1156, 1176, 1177, 1182, 1199, 1211, 1212, 1215, 1226, 1227, 1230, 1232, 1234, 1236, 1237, 1241, 1242, 1243, 1244, 1250, 1255, 1263, 1265, 1269, 1271, 1273, 1274, 1281, 1283, 1285, 1293, 1303, 1309, 1319, 1324, 1326, 1330, 1331, 1344, 1355, 1358, 1360, 1368, 1371, 1379, 1391, 1405, 1414, 1415, 1420, 1426, 1429, 1442, 1449, 1450, 1452, 1455, 1458, 1461, 1463, 1467, 1477, 1478, 1481, 1482, 1483, 1484, 1500, 1512, 1515, 1516, 1519, 1523, 1527, 1528, 1534, 1535, 1538, 1544, 1551, 1556, 1562, 1563, 1568, 1573, 1576, 1577, 1581, 1583, 1585, 1586, 1590, 1593, 1595, 1615, 1616, 1617, 1619, 1624, 1644, 1653, 1662, 1667, 1669, 1678, 1679, 1680, 1686, 1688, 1689, 1691, 1694, 1695, 1710, 1718, 1720, 1724, 1729, 1730, 1731, 1733, 1735, 1744, 1747, 1755, 1764, 1765, 1775, 1780, 1787, 1806, 1809, 1820, 1825, 1832, 1840, 1842, 1852, 1861, 1868, 1887, 1888, 1889, 1890, 1893, 1897, 1901, 1905, 1914, 1917, 1918, 1923, 1931, 1935, 1940, 1946, 1948, 1951, 1955, 1956, 1967, 1970, 1971, 1973, 1977, 1978, 1981, 1986, 1997, 2000, 2003, 2007, 2008, 2021, 2022, 2024, 2027, 2065, 2066, 2068, 2090, 2091, 2102, 2109, 2113, 2114, 2115, 2125, 2126, 2133, 2144, 2153, 2168, 2169, 2175, 2179, 2184, 2186, 2188, 2199, 2200, 2201, 2215, 2217, 2220, 2222, 2227, 2230, 2245, 2250, 2252, 2256, 2266, 2281, 2283, 2291, 2298, 2299, 2306, 2309, 2313, 2319, 2320, 2321, 2325, 2327, 2333, 2340, 2342, 2343, 2347, 2350, 2353, 2367, 2369, 2380, 2390, 2394, 2400, 2405, 2408, 2410, 2412, 2414, 2419, 2428, 2436, 2444, 2461, 2463, 2474, 2477, 2478, 2481, 2483, 2508, 2513, 2528, 2530, 2532, 2534, 2536, 2537, 2541, 2542, 2543, 2555, 2556, 2557, 2558, 2561, 2566, 2570, 2573, 2596, 2600, 2603, 2607, 2612, 2613, 2617, 2619, 2623, 2627, 2628, 2631, 2632, 2635, 2640, 2642, 2644, 2657, 2658, 2676, 2677, 2685, 2693, 2697, 2707, 2710, 2712, 2713, 2715, 2716, 2719, 2723, 2729, 2733, 2734, 2735, 2740, 2741, 2742, 2743, 2748, 2749, 2754, 2759, 2767, 2769, 2784, 2788, 2798, 2811, 2812, 2815, 2818, 2822, 2825, 2826, 2831, 2833, 2834, 2835, 2840, 2841, 2851, 2863, 2871, 2881, 2882, 2888, 2891, 2893, 2896, 2901, 2906, 2910, 2923, 2927, 2928, 2929, 2935, 2936, 2938, 2942, 2945, 2946, 2948, 2951, 2952, 2955, 2959, 2966, 2971, 2979, 2985, 2989, 2991, 2996, 2998, 2999, 3009, 3010]",
PPI_19,0.3,3021,906,6.823478937149048,0.487728997944582,,,"[8, 12, 13, 15, 16, 18, 29, 31, 33, 42, 52, 55, 57, 58, 60, 61, 63, 69, 73, 74, 78, 79, 84, 88, 96, 103, 107, 110, 111, 112, 113, 118, 119, 136, 140, 142, 144, 151, 153, 156, 160, 164, 165, 167, 174, 175, 178, 186, 187, 189, 194, 195, 197, 198, 199, 204, 205, 209, 216, 220, 221, 224, 225, 230, 231, 232, 241, 242, 245, 252, 253, 254, 260, 263, 264, 265, 272, 273, 276, 278, 280, 283, 299, 303, 305, 306, 311, 313, 315, 320, 326, 329, 330, 331, 333, 336, 339, 341, 342, 343, 344, 345, 346, 349, 354, 368, 370, 372, 373, 374, 376, 378, 382, 383, 388, 389, 392, 394, 395, 396, 399, 402, 404, 406, 408, 410, 415, 416, 419, 423, 436, 437, 438, 440, 441, 442, 444, 447, 449, 450, 458, 459, 462, 473, 476, 479, 482, 487, 497, 500, 502, 505, 509, 511, 512, 515, 519, 521, 522, 524, 536, 540, 549, 555, 562, 563, 567, 571, 572, 575, 576, 582, 591, 593, 594, 596, 597, 604, 616, 619, 622, 626, 629, 630, 632, 636, 639, 641, 642, 643, 644, 647, 649, 653, 657, 661, 664, 674, 678, 681, 682, 687, 688, 696, 697, 703, 704, 705, 706, 713, 714, 716, 723, 727, 732, 738, 742, 746, 752, 760, 765, 768, 769, 771, 775, 776, 777, 780, 783, 784, 785, 787, 791, 797, 806, 807, 808, 810, 816, 818, 819, 826, 830, 841, 846, 847, 848, 852, 857, 861, 867, 883, 887, 890, 891, 895, 898, 899, 901, 902, 906, 910, 911, 912, 916, 918, 919, 923, 925, 928, 929, 933, 937, 938, 942, 946, 952, 955, 956, 957, 963, 970, 972, 975, 980, 985, 989, 990, 991, 1003, 1004, 1008, 1010, 1012, 1015, 1017, 1021, 1022, 1023, 1024, 1033, 1034, 1037, 1038, 1041, 1052, 1053, 1056, 1058, 1061, 1062, 1063, 1065, 1067, 1069, 1075, 1080, 1081, 1086, 1087, 1100, 1101, 1102, 1104, 1109, 1110, 1112, 1113, 1118, 1121, 1122, 1123, 1130, 1134, 1137, 1138, 1140, 1142, 1150, 1151, 1153, 1154, 1157, 1163, 1165, 1166, 1169, 1170, 1171, 1176, 1177, 1178, 1180, 1181, 1182, 1184, 1185, 1192, 1199, 1202, 1212, 1215, 1217, 1226, 1235, 1236, 1237, 1241, 1242, 1243, 1244, 1250, 1255, 1257, 1261, 1263, 1265, 1266, 1269, 1273, 1274, 1278, 1280, 1283, 1285, 1290, 1294, 1302, 1303, 1305, 1307, 1309, 1310, 1312, 1316, 1319, 1321, 1324, 1326, 1330, 1331, 1332, 1337, 1341, 1355, 1358, 1360, 1363, 1368, 1371, 1381, 1382, 1383, 1384, 1385, 1386, 1387, 1388, 1390, 1391, 1397, 1402, 1405, 1406, 1407, 1414, 1416, 1419, 1422, 1432, 1438, 1442, 1444, 1449, 1450, 1452, 1453, 1455, 1458, 1461, 1463, 1464, 1467, 1471, 1472, 1473, 1475, 1477, 1478, 1480, 1481, 1482, 1484, 1485, 1494, 1496, 1506, 1510, 1512, 1516, 1519, 1520, 1521, 1523, 1528, 1534, 1535, 1538, 1544, 1551, 1556, 1560, 1562, 1563, 1566, 1568, 1576, 1577, 1579, 1580, 1581, 1583, 1585, 1586, 1590, 1593, 1595, 1599, 1601, 1603, 1604, 1614, 1616, 1617, 1618, 1619, 1624, 1625, 1626, 1629, 1633, 1638, 1641, 1644, 1651, 1653, 1655, 1658, 1661, 1662, 1664, 1668, 1672, 1678, 1679, 1680, 1686, 1688, 1689, 1691, 1694, 1704, 1706, 1710, 1712, 1720, 1721, 1724, 1729, 1730, 1731, 1732, 1733, 1735, 1741, 1744, 1749, 1764, 1765, 1766, 1778, 1780, 1799, 1800, 1801, 1805, 1806, 1809, 1813, 1814, 1817, 1820, 1823, 1832, 1838, 1840, 1842, 1845, 1858, 1861, 1865, 1866, 1867, 1868, 1871, 1881, 1884, 1885, 1887, 1888, 1889, 1890, 1893, 1895, 1897, 1901, 1905, 1917, 1918, 1920, 1923, 1924, 1926, 1929, 1931, 1935, 1938, 1945, 1946, 1948, 1954, 1955, 1963, 1965, 1971, 1977, 1978, 1981, 1985, 1986, 1988, 1994, 1997, 2000, 2005, 2007, 2021, 2022, 2025, 2028, 2037, 2041, 2044, 2045, 2046, 2047, 2050, 2051, 2055, 2058, 2063, 2065, 2066, 2068, 2069, 2080, 2082, 2090, 2092, 2098, 2101, 2104, 2105, 2109, 2110, 2113, 2114, 2115, 2125, 2126, 2127, 2128, 2129, 2132, 2133, 2141, 2148, 2152, 2153, 2154, 2169, 2171, 2173, 2175, 2177, 2178, 2179, 2181, 2184, 2186, 2187, 2188, 2191, 2199, 2209, 2215, 2217, 2220, 2222, 2224, 2225, 2227, 2230, 2238, 2239, 2240, 2241, 2250, 2252, 2253, 2256, 2261, 2266, 2270, 2278, 2281, 2283, 2290, 2291, 2297, 2299, 2301, 2303, 2306, 2307, 2309, 2314, 2319, 2320, 2327, 2331, 2332, 2333, 2338, 2342, 2347, 2348, 2349, 2350, 2354, 2355, 2361, 2364, 2365, 2367, 2368, 2369, 2380, 2381, 2387, 2390, 2398, 2399, 2401, 2405, 2408, 2409, 2410, 2414, 2418, 2420, 2421, 2428, 2430, 2433, 2438, 2444, 2446, 2447, 2449, 2452, 2453, 2454, 2463, 2467, 2468, 2474, 2478, 2481, 2485, 2490, 2494, 2498, 2500, 2504, 2507, 2508, 2510, 2511, 2513, 2514, 2519, 2520, 2528, 2530, 2531, 2532, 2536, 2537, 2541, 2555, 2556, 2557, 2563, 2566, 2573, 2585, 2593, 2595, 2596, 2597, 2600, 2603, 2607, 2610, 2612, 2617, 2623, 2627, 2628, 2630, 2631, 2640, 2642, 2644, 2651, 2652, 2654, 2655, 2657, 2658, 2659, 2676, 2678, 2680, 2682, 2685, 2687, 2691, 2693, 2696, 2697, 2701, 2712, 2713, 2715, 2716, 2717, 2723, 2726, 2733, 2734, 2735, 2740, 2743, 2744, 2746, 2749, 2754, 2759, 2761, 2764, 2767, 2768, 2769, 2770, 2777, 2781, 2782, 2784, 2785, 2787, 2798, 2799, 2811, 2815, 2816, 2817, 2818, 2819, 2822, 2825, 2831, 2834, 2835, 2838, 2840, 2844, 2850, 2851, 2855, 2856, 2863, 2864, 2871, 2872, 2881, 2888, 2889, 2893, 2896, 2901, 2902, 2903, 2906, 2921, 2923, 2927, 2928, 2929, 2934, 2935, 2936, 2943, 2946, 2951, 2955, 2956, 2959, 2964, 2971, 2982, 2985, 2989, 2990, 2991, 2992, 2994, 2996, 2999, 3001, 3007, 3009, 3010, 3011, 3020]",
PPI_19,0.4,3021,1208,7.552260398864746,0.008229137368210217,,,"[0, 5, 12, 14, 16, 20, 29, 31, 33, 34, 39, 42, 47, 50, 52, 54, 55, 56, 57, 58, 63, 69, 77, 78, 79, 81, 84, 86, 88, 92, 93, 95, 96, 99, 100, 102, 103, 104, 105, 106, 107, 108, 110, 113, 114, 118, 123, 127, 134, 136, 137, 140, 143, 144, 149, 153, 155, 158, 162, 163, 164, 165, 166, 167, 172, 174, 175, 178, 179, 183, 186, 190, 195, 197, 198, 199, 201, 202, 205, 208, 213, 216, 217, 218, 220, 221, 228, 231, 232, 235, 236, 237, 239, 240, 241, 242, 243, 246, 248, 250, 251, 253, 260, 263, 264, 265, 266, 271, 278, 280, 283, 285, 286, 291, 299, 303, 305, 306, 308, 311, 313, 320, 321, 323, 326, 331, 336, 337, 338, 340, 341, 342, 343, 344, 346, 348, 349, 354, 355, 358, 365, 368, 372, 373, 374, 375, 376, 382, 383, 387, 388, 392, 395, 396, 399, 402, 403, 404, 405, 407, 410, 415, 416, 417, 420, 423, 427, 428, 434, 435, 437, 438, 439, 440, 441, 442, 444, 445, 447, 450, 454, 457, 458, 462, 472, 473, 474, 476, 477, 478, 479, 480, 481, 487, 489, 493, 497, 500, 501, 503, 505, 506, 507, 511, 512, 518, 519, 520, 521, 524, 526, 527, 531, 536, 538, 539, 540, 541, 549, 552, 553, 554, 555, 556, 558, 559, 562, 565, 567, 568, 571, 572, 574, 576, 580, 583, 586, 588, 590, 591, 592, 593, 594, 595, 596, 598, 599, 600, 608, 609, 616, 619, 620, 623, 626, 630, 636, 640, 641, 642, 643, 644, 647, 649, 652, 653, 654, 657, 658, 663, 674, 675, 678, 681, 686, 687, 688, 689, 690, 693, 695, 703, 704, 710, 716, 720, 722, 723, 727, 732, 749, 753, 755, 759, 760, 762, 763, 764, 765, 768, 769, 770, 771, 772, 774, 775, 776, 777, 778, 780, 783, 785, 787, 790, 791, 792, 797, 799, 800, 803, 804, 806, 807, 808, 810, 816, 819, 820, 826, 830, 831, 839, 841, 842, 843, 844, 845, 847, 848, 852, 858, 861, 864, 865, 866, 867, 869, 877, 878, 880, 888, 890, 894, 895, 896, 897, 899, 906, 910, 911, 916, 918, 919, 929, 930, 935, 942, 951, 952, 953, 955, 956, 957, 960, 963, 965, 968, 969, 970, 971, 975, 976, 977, 978, 979, 980, 984, 989, 991, 992, 994, 998, 1003, 1004, 1010, 1012, 1014, 1015, 1017, 1019, 1021, 1022, 1024, 1025, 1033, 1034, 1035, 1037, 1038, 1041, 1044, 1045, 1050, 1052, 1058, 1063, 1065, 1067, 1069, 1070, 1071, 1080, 1081, 1082, 1083, 1086, 1093, 1095, 1096, 1097, 1100, 1102, 1105, 1109, 1110, 1118, 1121, 1122, 1123, 1125, 1136, 1142, 1150, 1151, 1153, 1154, 1156, 1159, 1161, 1163, 1164, 1165, 1169, 1170, 1171, 1177, 1179, 1183, 1184, 1185, 1186, 1187, 1191, 1192, 1195, 1198, 1199, 1201, 1202, 1204, 1205, 1211, 1212, 1215, 1216, 1224, 1229, 1231, 1233, 1234, 1235, 1236, 1237, 1238, 1240, 1241, 1242, 1243, 1244, 1247, 1249, 1255, 1257, 1263, 1265, 1268, 1273, 1274, 1275, 1277, 1278, 1279, 1280, 1285, 1290, 1292, 1296, 1302, 1303, 1304, 1306, 1308, 1310, 1311, 1312, 1314, 1315, 1317, 1319, 1321, 1324, 1326, 1330, 1334, 1335, 1340, 1341, 1342, 1343, 1344, 1352, 1353, 1355, 1358, 1360, 1361, 1362, 1363, 1364, 1365, 1367, 1368, 1369, 1371, 1375, 1377, 1381, 1383, 1384, 1385, 1387, 1388, 1389, 1391, 1392, 1397, 1398, 1401, 1404, 1405, 1408, 1409, 1411, 1414, 1416, 1417, 1418, 1419, 1420, 1425, 1429, 1431, 1436, 1441, 1445, 1449, 1452, 1453, 1455, 1457, 1458, 1461, 1463, 1464, 1467, 1468, 1470, 1472, 1478, 1480, 1481, 1482, 1483, 1484, 1488, 1494, 1496, 1498, 1499, 1500, 1502, 1505, 1506, 1512, 1515, 1516, 1517, 1520, 1521, 1523, 1526, 1527, 1528, 1532, 1534, 1535, 1537, 1538, 1539, 1543, 1544, 1546, 1549, 1556, 1560, 1562, 1563, 1568, 1577, 1579, 1580, 1581, 1585, 1586, 1590, 1591, 1593, 1594, 1595, 1597, 1599, 1601, 1605, 1608, 1614, 1615, 1616, 1617, 1618, 1619, 1624, 1627, 1629, 1633, 1634, 1638, 1641, 1645, 1647, 1649, 1651, 1655, 1656, 1657, 1658, 1662, 1663, 1666, 1667, 1669, 1670, 1673, 1674, 1677, 1678, 1679, 1680, 1682, 1683, 1684, 1686, 1687, 1690, 1691, 1694, 1695, 1698, 1700, 1702, 1706, 1708, 1709, 1710, 1719, 1721, 1722, 1724, 1725, 1727, 1729, 1730, 1731, 1732, 1733, 1735, 1741, 1744, 1748, 1749, 1751, 1754, 1755, 1760, 1762, 1763, 1764, 1765, 1773, 1774, 1780, 1787, 1789, 1790, 1791, 1794, 1797, 1800, 1803, 1806, 1810, 1811, 1813, 1814, 1820, 1822, 1823, 1824, 1832, 1835, 1836, 1840, 1841, 1845, 1853, 1854, 1857, 1858, 1861, 1867, 1869, 1871, 1876, 1877, 1878, 1879, 1881, 1883, 1884, 1885, 1886, 1887, 1888, 1889, 1890, 1892, 1896, 1897, 1899, 1900, 1901, 1903, 1904, 1908, 1914, 1917, 1918, 1919, 1923, 1925, 1928, 1929, 1930, 1931, 1933, 1935, 1943, 1946, 1948, 1951, 1952, 1953, 1954, 1955, 1962, 1963, 1965, 1967, 1969, 1971, 1974, 1978, 1980, 1981, 1982, 1985, 1987, 1989, 1990, 1994, 1997, 1998, 1999, 2000, 2001, 2003, 2004, 2007, 2015, 2021, 2022, 2023, 2024, 2025, 2032, 2034, 2035, 2037, 2040, 2041, 2045, 2046, 2047, 2051, 2053, 2054, 2055, 2057, 2058, 2060, 2061, 2064, 2066, 2067, 2068, 2069, 2073, 2075, 2076, 2080, 2082, 2084, 2090, 2091, 2094, 2095, 2098, 2099, 2104, 2105, 2107, 2110, 2113, 2114, 2115, 2121, 2125, 2126, 2127, 2128, 2129, 2132, 2133, 2136, 2138, 2146, 2148, 2152, 2153, 2154, 2155, 2156, 2159, 2165, 2169, 2170, 2172, 2173, 2175, 2178, 2179, 2181, 2183, 2184, 2185, 2186, 2187, 2188, 2189, 2191, 2195, 2197, 2199, 2206, 2207, 2211, 2216, 2217, 2220, 2222, 2223, 2224, 2226, 2227, 2234, 2238, 2239, 2240, 2241, 2247, 2249, 2251, 2253, 2258, 2261, 2270, 2279, 2280, 2286, 2288, 2292, 2294, 2297, 2299, 2300, 2301, 2302, 2306, 2309, 2312, 2313, 2314, 2315, 2316, 2319, 2320, 2323, 2325, 2327, 2331, 2332, 2333, 2338, 2339, 2340, 2342, 2343, 2346, 2347, 2348, 2350, 2354, 2359, 2360, 2361, 2364, 2365, 2366, 2367, 2369, 2374, 2375, 2376, 2377, 2378, 2380, 2385, 2398, 2400, 2405, 2408, 2410, 2412, 2417, 2418, 2420, 2421, 2422, 2423, 2425, 2428, 2435, 2438, 2444, 2447, 2452, 2453, 2457, 2463, 2467, 2468, 2470, 2477, 2478, 2481, 2483, 2487, 2490, 2491, 2492, 2494, 2497, 2498, 2499, 2500, 2502, 2503, 2504, 2507, 2510, 2511, 2512, 2513, 2515, 2520, 2522, 2523, 2528, 2529, 2530, 2537, 2540, 2541, 2542, 2544, 2548, 2554, 2555, 2556, 2557, 2560, 2561, 2563, 2566, 2567, 2573, 2574, 2575, 2579, 2582, 2585, 2586, 2589, 2593, 2596, 2597, 2600, 2602, 2603, 2608, 2609, 2612, 2616, 2626, 2630, 2631, 2632, 2637, 2638, 2642, 2644, 2647, 2648, 2649, 2650, 2651, 2652, 2654, 2655, 2656, 2657, 2658, 2659, 2661, 2665, 2667, 2668, 2676, 2680, 2681, 2682, 2684, 2685, 2688, 2690, 2693, 2695, 2702, 2704, 2705, 2706, 2712, 2713, 2714, 2717, 2718, 2720, 2723, 2725, 2733, 2734, 2736, 2741, 2743, 2744, 2746, 2754, 2759, 2760, 2765, 2766, 2767, 2769, 2770, 2775, 2777, 2787, 2788, 2792, 2794, 2798, 2799, 2800, 2801, 2811, 2812, 2815, 2816, 2817, 2818, 2822, 2825, 2827, 2829, 2830, 2831, 2833, 2834, 2836, 2843, 2847, 2851, 2852, 2863, 2864, 2865, 2867, 2868, 2872, 2875, 2876, 2877, 2880, 2888, 2893, 2894, 2896, 2898, 2901, 2902, 2910, 2912, 2914, 2919, 2920, 2921, 2923, 2926, 2927, 2935, 2936, 2940, 2942, 2946, 2948, 2949, 2951, 2956, 2959, 2961, 2964, 2966, 2967, 2971, 2972, 2975, 2976, 2977, 2981, 2982, 2984, 2985, 2987, 2991, 2998, 3001, 3007, 3010, 3014]",
PPI_2,0.1,2263,226,5.218994855880737,0.8079348361790182,,,"[21, 23, 28, 40, 45, 49, 58, 81, 105, 109, 112, 134, 152, 155, 156, 201, 210, 214, 227, 234, 270, 281, 292, 306, 312, 313, 318, 334, 339, 345, 361, 364, 365, 382, 385, 390, 397, 400, 415, 416, 430, 435, 438, 480, 485, 494, 496, 497, 498, 500, 515, 522, 525, 532, 539, 558, 585, 589, 600, 605, 612, 637, 666, 669, 675, 678, 681, 687, 689, 691, 703, 704, 715, 724, 742, 751, 754, 775, 780, 785, 793, 794, 809, 816, 825, 846, 854, 860, 880, 883, 897, 915, 919, 920, 921, 936, 944, 955, 956, 972, 983, 990, 997, 1021, 1097, 1148, 1153, 1169, 1172, 1177, 1183, 1185, 1189, 1194, 1216, 1238, 1239, 1240, 1246, 1268, 1290, 1293, 1294, 1295, 1322, 1335, 1366, 1374, 1381, 1391, 1398, 1409, 1417, 1419, 1426, 1439, 1447, 1456, 1466, 1471, 1482, 1483, 1484, 1486, 1487, 1502, 1516, 1545, 1547, 1559, 1563, 1577, 1581, 1585, 1586, 1593, 1609, 1610, 1615, 1630, 1633, 1635, 1637, 1647, 1667, 1676, 1680, 1692, 1707, 1734, 1740, 1743, 1745, 1746, 1765, 1773, 1776, 1784, 1791, 1801, 1806, 1812, 1831, 1850, 1855, 1872, 1877, 1913, 1915, 1924, 1927, 1955, 1959, 1963, 1968, 1972, 2014, 2025, 2040, 2042, 2054, 2059, 2061, 2066, 2074, 2078, 2082, 2083, 2087, 2100, 2105, 2125, 2131, 2144, 2178, 2194, 2210, 2211, 2213, 2216, 2232, 2236, 2242, 2244, 2253, 2254]",
PPI_2,0.2,2263,452,5.533794403076172,0.6472246034820969,,,"[5, 11, 13, 14, 15, 21, 23, 24, 32, 40, 45, 47, 49, 53, 62, 76, 78, 81, 86, 87, 89, 95, 105, 109, 134, 144, 146, 151, 152, 155, 156, 164, 167, 170, 180, 187, 199, 201, 210, 214, 217, 230, 233, 234, 235, 240, 252, 256, 260, 263, 270, 271, 275, 277, 281, 292, 294, 300, 305, 306, 309, 310, 313, 318, 319, 331, 334, 339, 342, 345, 349, 354, 361, 364, 365, 376, 382, 385, 390, 391, 392, 400, 411, 416, 430, 435, 438, 439, 441, 443, 444, 458, 459, 460, 461, 462, 475, 480, 485, 487, 488, 490, 494, 495, 496, 498, 500, 522, 529, 532, 535, 539, 558, 561, 569, 575, 585, 589, 600, 602, 605, 606, 608, 609, 612, 616, 624, 632, 637, 641, 649, 666, 669, 674, 675, 678, 681, 682, 684, 687, 689, 696, 703, 704, 705, 710, 714, 715, 716, 721, 722, 724, 731, 733, 737, 742, 746, 752, 754, 755, 756, 759, 761, 762, 766, 775, 780, 785, 789, 793, 794, 802, 804, 816, 825, 827, 840, 846, 850, 854, 860, 865, 869, 870, 878, 880, 883, 892, 894, 897, 915, 918, 919, 920, 921, 924, 928, 936, 944, 955, 956, 961, 965, 971, 972, 979, 980, 981, 985, 990, 997, 999, 1021, 1023, 1028, 1034, 1038, 1039, 1042, 1043, 1065, 1072, 1087, 1095, 1097, 1108, 1111, 1112, 1114, 1115, 1129, 1133, 1136, 1137, 1139, 1148, 1153, 1169, 1172, 1173, 1177, 1178, 1183, 1184, 1185, 1189, 1194, 1213, 1214, 1215, 1223, 1238, 1240, 1246, 1258, 1259, 1262, 1270, 1271, 1273, 1279, 1284, 1287, 1288, 1290, 1293, 1294, 1295, 1298, 1299, 1310, 1314, 1322, 1326, 1335, 1346, 1347, 1348, 1355, 1360, 1362, 1365, 1366, 1368, 1374, 1381, 1394, 1399, 1408, 1409, 1411, 1412, 1418, 1419, 1420, 1426, 1428, 1439, 1442, 1446, 1447, 1450, 1451, 1454, 1456, 1466, 1471, 1479, 1482, 1484, 1486, 1487, 1502, 1506, 1515, 1516, 1518, 1519, 1521, 1525, 1538, 1540, 1541, 1545, 1559, 1563, 1567, 1577, 1581, 1585, 1586, 1593, 1594, 1599, 1607, 1609, 1610, 1611, 1613, 1615, 1616, 1619, 1621, 1631, 1633, 1635, 1637, 1639, 1646, 1647, 1652, 1654, 1664, 1667, 1670, 1675, 1676, 1680, 1692, 1696, 1722, 1734, 1735, 1736, 1743, 1745, 1751, 1755, 1760, 1762, 1765, 1768, 1776, 1778, 1780, 1784, 1785, 1790, 1791, 1796, 1801, 1804, 1806, 1818, 1824, 1827, 1829, 1845, 1855, 1872, 1877, 1884, 1892, 1899, 1901, 1903, 1908, 1913, 1924, 1925, 1930, 1934, 1950, 1955, 1958, 1963, 1968, 1972, 1978, 1990, 2014, 2017, 2028, 2042, 2051, 2054, 2059, 2061, 2065, 2066, 2074, 2076, 2078, 2087, 2110, 2112, 2125, 2129, 2135, 2144, 2146, 2148, 2155, 2172, 2194, 2197, 2203, 2207, 2209, 2210, 2211, 2213, 2216, 2222, 2224, 2232, 2235, 2236, 2237, 2242, 2253, 2254]",
PPI_2,0.3,2263,678,5.893689155578613,0.3861812127584998,,,"[4, 5, 9, 13, 14, 15, 21, 23, 24, 25, 28, 32, 36, 40, 45, 48, 49, 58, 62, 63, 66, 72, 76, 78, 83, 86, 87, 88, 95, 101, 105, 109, 111, 112, 117, 119, 127, 133, 134, 139, 144, 146, 147, 151, 152, 154, 155, 156, 159, 170, 172, 173, 178, 179, 184, 198, 199, 201, 203, 204, 205, 210, 214, 217, 219, 230, 233, 234, 235, 242, 252, 262, 263, 264, 266, 268, 269, 270, 271, 272, 273, 277, 278, 292, 300, 304, 305, 306, 309, 310, 315, 318, 319, 320, 328, 329, 334, 338, 339, 340, 345, 351, 352, 353, 354, 361, 364, 365, 366, 369, 382, 385, 390, 392, 397, 398, 400, 401, 403, 406, 411, 413, 416, 418, 424, 429, 430, 431, 432, 435, 437, 438, 439, 441, 442, 443, 444, 447, 448, 453, 455, 458, 459, 460, 461, 462, 472, 476, 479, 480, 485, 487, 488, 490, 494, 495, 496, 497, 498, 500, 501, 503, 505, 509, 514, 518, 519, 522, 535, 539, 547, 550, 558, 561, 563, 569, 570, 576, 579, 581, 585, 589, 601, 602, 605, 606, 607, 609, 612, 615, 616, 630, 632, 637, 638, 639, 644, 646, 649, 665, 666, 667, 669, 673, 678, 679, 681, 684, 686, 687, 689, 690, 693, 697, 698, 702, 703, 704, 705, 706, 708, 710, 713, 714, 715, 716, 724, 725, 734, 737, 742, 744, 746, 747, 749, 752, 754, 755, 759, 760, 761, 762, 764, 765, 773, 775, 776, 782, 785, 789, 793, 801, 802, 803, 804, 809, 815, 820, 823, 825, 827, 829, 832, 838, 844, 845, 846, 847, 848, 849, 850, 854, 855, 860, 863, 865, 869, 870, 871, 874, 878, 880, 883, 893, 894, 898, 910, 913, 914, 915, 918, 919, 920, 921, 924, 926, 928, 930, 936, 937, 938, 944, 946, 947, 949, 951, 955, 956, 972, 983, 990, 992, 995, 997, 1000, 1001, 1003, 1007, 1020, 1021, 1022, 1023, 1025, 1026, 1033, 1038, 1040, 1042, 1043, 1058, 1061, 1064, 1065, 1066, 1067, 1072, 1073, 1079, 1080, 1087, 1095, 1097, 1100, 1104, 1108, 1109, 1110, 1111, 1113, 1114, 1115, 1117, 1119, 1122, 1135, 1136, 1137, 1139, 1141, 1148, 1153, 1156, 1172, 1173, 1177, 1183, 1184, 1185, 1189, 1191, 1194, 1207, 1213, 1214, 1215, 1227, 1232, 1234, 1238, 1241, 1243, 1245, 1246, 1247, 1248, 1251, 1258, 1259, 1260, 1262, 1266, 1269, 1270, 1271, 1273, 1277, 1281, 1284, 1287, 1290, 1293, 1294, 1295, 1314, 1315, 1317, 1322, 1325, 1326, 1330, 1335, 1340, 1341, 1342, 1343, 1346, 1348, 1350, 1351, 1354, 1355, 1356, 1360, 1362, 1366, 1368, 1374, 1377, 1378, 1388, 1393, 1394, 1396, 1400, 1408, 1409, 1410, 1412, 1416, 1418, 1419, 1420, 1424, 1426, 1427, 1428, 1434, 1439, 1443, 1446, 1447, 1451, 1452, 1454, 1456, 1463, 1464, 1466, 1471, 1477, 1479, 1481, 1484, 1485, 1486, 1488, 1491, 1496, 1499, 1500, 1502, 1505, 1514, 1516, 1518, 1519, 1521, 1525, 1530, 1531, 1535, 1537, 1538, 1539, 1541, 1543, 1545, 1550, 1552, 1559, 1567, 1568, 1577, 1580, 1581, 1582, 1585, 1586, 1588, 1593, 1602, 1609, 1610, 1611, 1612, 1613, 1615, 1619, 1621, 1627, 1633, 1635, 1637, 1638, 1646, 1647, 1649, 1652, 1653, 1658, 1662, 1664, 1667, 1668, 1670, 1674, 1675, 1676, 1686, 1692, 1709, 1713, 1722, 1725, 1728, 1730, 1732, 1733, 1734, 1740, 1743, 1745, 1751, 1757, 1760, 1765, 1773, 1774, 1776, 1778, 1780, 1784, 1791, 1796, 1798, 1800, 1801, 1805, 1806, 1812, 1818, 1822, 1824, 1827, 1829, 1832, 1840, 1845, 1848, 1860, 1862, 1868, 1872, 1874, 1877, 1882, 1884, 1885, 1886, 1892, 1893, 1899, 1901, 1903, 1905, 1912, 1914, 1922, 1923, 1927, 1930, 1934, 1943, 1950, 1955, 1958, 1960, 1963, 1968, 1972, 1978, 1979, 1980, 1982, 1983, 1988, 1991, 1995, 2006, 2014, 2017, 2019, 2021, 2022, 2028, 2031, 2036, 2037, 2042, 2044, 2045, 2049, 2051, 2053, 2054, 2058, 2059, 2060, 2061, 2062, 2065, 2066, 2067, 2072, 2074, 2078, 2087, 2103, 2110, 2113, 2118, 2125, 2129, 2137, 2141, 2144, 2146, 2147, 2155, 2158, 2159, 2162, 2171, 2172, 2175, 2179, 2187, 2190, 2191, 2194, 2197, 2205, 2206, 2209, 2210, 2211, 2214, 2216, 2220, 2224, 2225, 2232, 2236, 2237, 2242, 2244, 2253, 2254]",
PPI_2,0.4,2263,905,6.115729331970215,0.004038406647254242,,,"[4, 9, 13, 21, 22, 23, 24, 25, 28, 32, 36, 40, 42, 43, 45, 61, 62, 66, 67, 69, 72, 73, 75, 76, 78, 79, 82, 86, 87, 88, 89, 95, 101, 105, 109, 112, 115, 117, 118, 119, 125, 126, 127, 133, 134, 135, 138, 139, 146, 147, 148, 149, 152, 154, 155, 156, 159, 167, 169, 170, 172, 176, 179, 181, 182, 183, 186, 187, 188, 189, 192, 195, 201, 202, 204, 205, 210, 214, 217, 223, 230, 234, 235, 238, 240, 242, 248, 250, 252, 255, 262, 263, 265, 266, 267, 268, 269, 270, 271, 273, 277, 278, 283, 286, 289, 292, 297, 300, 304, 306, 308, 309, 310, 313, 318, 319, 320, 321, 325, 329, 332, 334, 336, 337, 338, 339, 342, 345, 349, 350, 351, 352, 353, 354, 357, 361, 362, 364, 365, 366, 367, 368, 369, 377, 380, 382, 383, 384, 385, 386, 387, 390, 392, 397, 398, 399, 400, 403, 404, 406, 411, 416, 418, 425, 427, 429, 430, 431, 432, 434, 435, 437, 438, 439, 441, 442, 443, 444, 445, 446, 448, 453, 455, 458, 459, 460, 461, 462, 463, 464, 470, 471, 472, 476, 479, 480, 482, 485, 486, 490, 495, 496, 497, 498, 500, 501, 502, 503, 504, 505, 514, 518, 521, 522, 528, 530, 535, 536, 539, 541, 542, 544, 545, 546, 547, 550, 564, 566, 569, 573, 574, 575, 576, 579, 580, 581, 584, 585, 587, 589, 594, 596, 600, 602, 603, 605, 606, 607, 609, 611, 614, 615, 616, 620, 623, 629, 632, 633, 634, 635, 636, 638, 639, 646, 648, 649, 663, 665, 666, 667, 668, 669, 671, 674, 678, 686, 687, 689, 690, 702, 703, 704, 705, 706, 708, 710, 712, 713, 714, 715, 716, 719, 724, 726, 731, 734, 735, 737, 739, 742, 744, 746, 747, 748, 749, 752, 754, 755, 759, 761, 762, 764, 767, 771, 776, 778, 782, 784, 790, 793, 794, 801, 802, 810, 814, 815, 816, 823, 825, 827, 829, 830, 832, 838, 845, 846, 847, 849, 850, 852, 854, 858, 860, 862, 863, 865, 869, 871, 874, 875, 877, 878, 880, 882, 893, 894, 896, 897, 898, 905, 910, 912, 913, 914, 915, 916, 917, 918, 919, 920, 921, 923, 924, 927, 928, 930, 934, 936, 937, 940, 944, 946, 948, 949, 950, 951, 956, 961, 963, 968, 971, 972, 973, 974, 975, 978, 979, 983, 986, 990, 992, 995, 997, 1003, 1006, 1007, 1020, 1021, 1023, 1025, 1026, 1028, 1033, 1036, 1037, 1038, 1040, 1042, 1043, 1050, 1053, 1055, 1056, 1057, 1059, 1060, 1061, 1062, 1064, 1065, 1066, 1067, 1071, 1072, 1073, 1087, 1090, 1092, 1094, 1095, 1101, 1102, 1104, 1108, 1109, 1110, 1111, 1112, 1113, 1117, 1122, 1127, 1130, 1136, 1137, 1138, 1139, 1141, 1142, 1147, 1148, 1153, 1154, 1155, 1158, 1162, 1169, 1172, 1173, 1177, 1180, 1184, 1189, 1191, 1194, 1195, 1197, 1199, 1205, 1207, 1212, 1213, 1214, 1215, 1218, 1223, 1227, 1230, 1233, 1234, 1238, 1241, 1242, 1243, 1246, 1250, 1251, 1256, 1258, 1259, 1260, 1261, 1262, 1266, 1270, 1273, 1277, 1281, 1283, 1284, 1287, 1290, 1292, 1293, 1294, 1295, 1296, 1305, 1310, 1311, 1314, 1315, 1317, 1319, 1320, 1321, 1322, 1323, 1325, 1326, 1330, 1335, 1340, 1343, 1344, 1346, 1347, 1348, 1349, 1350, 1354, 1356, 1357, 1360, 1362, 1366, 1367, 1368, 1371, 1374, 1388, 1392, 1393, 1394, 1396, 1402, 1404, 1408, 1410, 1412, 1414, 1415, 1416, 1418, 1419, 1420, 1421, 1423, 1426, 1427, 1428, 1430, 1434, 1439, 1442, 1443, 1446, 1447, 1450, 1451, 1452, 1454, 1463, 1464, 1466, 1469, 1471, 1474, 1476, 1477, 1478, 1479, 1481, 1482, 1485, 1486, 1488, 1492, 1493, 1497, 1500, 1502, 1505, 1509, 1516, 1517, 1518, 1525, 1526, 1528, 1530, 1531, 1533, 1535, 1537, 1539, 1541, 1543, 1545, 1546, 1547, 1550, 1551, 1552, 1555, 1557, 1558, 1561, 1563, 1567, 1568, 1570, 1571, 1572, 1577, 1581, 1583, 1585, 1586, 1590, 1593, 1594, 1595, 1599, 1602, 1604, 1609, 1610, 1611, 1612, 1615, 1616, 1617, 1618, 1619, 1621, 1623, 1624, 1627, 1628, 1629, 1633, 1634, 1635, 1636, 1637, 1638, 1639, 1643, 1646, 1647, 1649, 1652, 1653, 1654, 1662, 1663, 1664, 1667, 1668, 1674, 1675, 1676, 1682, 1685, 1687, 1689, 1690, 1691, 1694, 1696, 1699, 1700, 1707, 1711, 1719, 1720, 1721, 1722, 1723, 1725, 1730, 1731, 1732, 1733, 1738, 1739, 1740, 1741, 1743, 1744, 1745, 1748, 1751, 1752, 1754, 1757, 1760, 1761, 1763, 1765, 1769, 1770, 1773, 1774, 1775, 1776, 1778, 1780, 1781, 1782, 1784, 1789, 1790, 1791, 1796, 1798, 1800, 1804, 1805, 1806, 1807, 1810, 1811, 1812, 1816, 1824, 1829, 1835, 1836, 1838, 1842, 1845, 1847, 1848, 1849, 1851, 1859, 1860, 1862, 1868, 1869, 1870, 1872, 1873, 1874, 1876, 1877, 1881, 1882, 1884, 1885, 1886, 1887, 1892, 1894, 1896, 1899, 1901, 1902, 1903, 1912, 1914, 1922, 1924, 1926, 1927, 1930, 1931, 1934, 1935, 1936, 1941, 1943, 1945, 1950, 1955, 1957, 1958, 1959, 1964, 1968, 1978, 1980, 1982, 1983, 1984, 1986, 1988, 1991, 1992, 1993, 1994, 1995, 2001, 2002, 2005, 2006, 2014, 2017, 2019, 2021, 2022, 2028, 2034, 2036, 2037, 2041, 2042, 2043, 2044, 2046, 2051, 2052, 2058, 2059, 2060, 2062, 2066, 2067, 2072, 2074, 2078, 2079, 2082, 2084, 2085, 2087, 2092, 2094, 2102, 2103, 2106, 2107, 2109, 2110, 2111, 2112, 2113, 2119, 2120, 2124, 2125, 2128, 2129, 2141, 2144, 2145, 2153, 2155, 2159, 2162, 2163, 2171, 2172, 2175, 2179, 2189, 2190, 2191, 2192, 2194, 2196, 2197, 2198, 2203, 2205, 2206, 2207, 2209, 2210, 2211, 2214, 2216, 2217, 2220, 2224, 2225, 2227, 2230, 2231, 2232, 2236, 2254, 2257]",
PPI_3,0.1,2339,233,5.259782075881958,0.7994004236284521,,,"[4, 7, 11, 20, 21, 40, 44, 46, 54, 57, 74, 78, 80, 81, 82, 85, 89, 90, 110, 127, 138, 142, 148, 151, 156, 160, 176, 182, 196, 197, 220, 223, 235, 241, 280, 285, 310, 316, 320, 347, 348, 354, 355, 361, 364, 370, 372, 373, 384, 390, 403, 408, 414, 423, 443, 445, 451, 467, 485, 501, 503, 507, 512, 524, 525, 531, 559, 598, 618, 621, 663, 664, 676, 697, 704, 705, 709, 715, 717, 720, 736, 738, 746, 747, 754, 755, 777, 788, 790, 791, 810, 816, 826, 829, 836, 851, 859, 881, 888, 900, 909, 911, 923, 941, 944, 956, 958, 972, 983, 997, 1011, 1016, 1019, 1038, 1040, 1043, 1046, 1085, 1113, 1115, 1126, 1142, 1149, 1152, 1155, 1164, 1175, 1181, 1197, 1200, 1224, 1228, 1236, 1274, 1295, 1309, 1329, 1330, 1332, 1336, 1338, 1366, 1367, 1370, 1391, 1406, 1407, 1413, 1417, 1427, 1444, 1450, 1475, 1478, 1483, 1487, 1491, 1493, 1496, 1504, 1506, 1515, 1519, 1521, 1549, 1573, 1575, 1579, 1584, 1594, 1598, 1604, 1615, 1619, 1623, 1624, 1631, 1635, 1651, 1677, 1679, 1690, 1692, 1696, 1704, 1706, 1722, 1753, 1780, 1786, 1805, 1821, 1833, 1838, 1849, 1851, 1905, 1920, 1938, 1954, 1965, 1974, 1975, 1985, 2008, 2015, 2024, 2034, 2050, 2067, 2075, 2085, 2096, 2104, 2116, 2119, 2127, 2130, 2132, 2157, 2166, 2186, 2193, 2208, 2264, 2272, 2279, 2283, 2296, 2307, 2312, 2317, 2330]",
PPI_3,0.2,2339,467,5.629977226257324,0.668804560840905,,,"[7, 8, 11, 16, 20, 21, 23, 26, 29, 30, 40, 44, 46, 47, 48, 50, 54, 56, 66, 71, 74, 78, 80, 81, 82, 85, 87, 89, 91, 98, 110, 135, 137, 138, 150, 151, 156, 160, 161, 182, 196, 197, 209, 214, 216, 217, 220, 223, 235, 241, 242, 246, 249, 276, 277, 282, 287, 304, 310, 314, 318, 319, 320, 323, 324, 326, 329, 330, 347, 348, 352, 355, 360, 361, 363, 364, 370, 372, 373, 375, 383, 390, 393, 396, 398, 400, 403, 408, 409, 410, 414, 418, 421, 423, 426, 431, 442, 447, 451, 455, 467, 468, 470, 473, 484, 485, 501, 502, 503, 504, 505, 507, 510, 512, 519, 525, 527, 530, 531, 543, 548, 556, 562, 564, 573, 574, 575, 583, 585, 593, 598, 601, 618, 621, 626, 632, 633, 638, 650, 652, 654, 660, 663, 671, 679, 694, 697, 703, 704, 705, 709, 715, 718, 719, 720, 726, 729, 736, 738, 741, 745, 746, 747, 748, 755, 779, 782, 788, 790, 800, 803, 810, 819, 826, 827, 829, 833, 835, 840, 850, 851, 852, 857, 859, 861, 871, 880, 881, 888, 892, 896, 900, 901, 909, 911, 920, 923, 936, 939, 941, 944, 951, 956, 958, 959, 972, 976, 979, 983, 997, 1005, 1011, 1016, 1019, 1021, 1038, 1042, 1043, 1046, 1048, 1055, 1057, 1060, 1063, 1064, 1074, 1079, 1087, 1091, 1095, 1096, 1098, 1114, 1115, 1117, 1119, 1126, 1127, 1133, 1142, 1146, 1147, 1149, 1150, 1152, 1155, 1164, 1174, 1175, 1181, 1185, 1187, 1189, 1193, 1200, 1211, 1224, 1228, 1254, 1261, 1265, 1266, 1272, 1274, 1282, 1295, 1297, 1298, 1302, 1304, 1308, 1309, 1311, 1319, 1325, 1329, 1332, 1336, 1338, 1349, 1355, 1366, 1367, 1368, 1370, 1378, 1385, 1388, 1390, 1394, 1395, 1397, 1398, 1407, 1416, 1417, 1421, 1427, 1432, 1437, 1444, 1456, 1457, 1462, 1475, 1477, 1483, 1487, 1489, 1491, 1498, 1504, 1511, 1515, 1516, 1519, 1521, 1533, 1540, 1549, 1552, 1554, 1556, 1563, 1569, 1573, 1579, 1598, 1601, 1604, 1615, 1618, 1623, 1624, 1631, 1632, 1634, 1637, 1645, 1646, 1647, 1648, 1651, 1652, 1660, 1672, 1674, 1677, 1679, 1681, 1689, 1690, 1692, 1695, 1704, 1706, 1712, 1718, 1722, 1727, 1729, 1743, 1753, 1758, 1762, 1763, 1765, 1769, 1780, 1784, 1785, 1786, 1791, 1796, 1799, 1805, 1809, 1818, 1821, 1822, 1828, 1831, 1833, 1838, 1843, 1846, 1847, 1849, 1851, 1853, 1860, 1862, 1876, 1879, 1891, 1896, 1905, 1928, 1930, 1935, 1939, 1952, 1954, 1974, 1979, 1983, 1985, 1997, 2008, 2015, 2017, 2023, 2024, 2036, 2038, 2039, 2042, 2050, 2053, 2067, 2073, 2074, 2075, 2096, 2098, 2104, 2108, 2109, 2113, 2114, 2116, 2118, 2119, 2126, 2127, 2128, 2130, 2132, 2157, 2166, 2169, 2179, 2186, 2190, 2216, 2219, 2227, 2237, 2239, 2248, 2264, 2268, 2269, 2272, 2279, 2281, 2283, 2288, 2296, 2303, 2306, 2307, 2310, 2311, 2312, 2324, 2330]",
PPI_3,0.3,2339,701,6.001396417617798,0.376378661045735,,,"[4, 7, 8, 11, 20, 21, 23, 30, 40, 44, 46, 48, 56, 60, 61, 66, 74, 77, 78, 80, 81, 85, 89, 91, 97, 98, 102, 110, 131, 132, 134, 137, 138, 139, 142, 148, 149, 151, 152, 156, 157, 159, 160, 161, 162, 163, 176, 182, 189, 196, 197, 209, 213, 214, 217, 218, 220, 224, 226, 234, 235, 236, 239, 241, 242, 248, 255, 260, 263, 268, 269, 272, 273, 274, 276, 277, 280, 281, 282, 286, 287, 296, 301, 304, 309, 310, 312, 314, 317, 318, 320, 323, 324, 326, 328, 329, 330, 331, 336, 339, 347, 348, 352, 355, 360, 361, 363, 370, 372, 373, 375, 377, 390, 393, 396, 405, 406, 408, 411, 414, 418, 423, 426, 430, 431, 435, 438, 439, 442, 444, 445, 446, 447, 450, 451, 453, 455, 458, 461, 466, 467, 469, 470, 471, 473, 484, 485, 487, 490, 496, 498, 501, 502, 503, 504, 505, 507, 508, 510, 511, 512, 524, 525, 527, 531, 544, 557, 561, 562, 574, 576, 579, 583, 585, 593, 594, 598, 599, 601, 602, 605, 615, 618, 619, 621, 622, 624, 626, 629, 632, 633, 638, 640, 642, 644, 648, 650, 654, 656, 657, 664, 666, 670, 671, 693, 694, 697, 704, 705, 709, 711, 713, 718, 719, 720, 729, 730, 736, 737, 738, 739, 741, 744, 745, 746, 747, 748, 751, 755, 756, 757, 764, 768, 770, 777, 782, 784, 788, 790, 791, 797, 799, 803, 808, 809, 812, 815, 816, 817, 820, 826, 827, 829, 838, 843, 850, 851, 857, 859, 861, 863, 865, 867, 871, 874, 879, 881, 884, 888, 889, 892, 895, 900, 905, 909, 911, 920, 921, 923, 924, 936, 937, 938, 939, 941, 943, 944, 945, 946, 947, 951, 953, 956, 957, 958, 959, 961, 964, 966, 972, 973, 979, 983, 986, 997, 1000, 1001, 1004, 1005, 1011, 1013, 1016, 1019, 1020, 1021, 1029, 1037, 1038, 1042, 1043, 1046, 1048, 1063, 1064, 1075, 1078, 1079, 1085, 1087, 1089, 1090, 1091, 1096, 1099, 1114, 1115, 1117, 1119, 1122, 1124, 1125, 1127, 1130, 1133, 1134, 1135, 1136, 1137, 1138, 1139, 1141, 1142, 1146, 1147, 1149, 1154, 1155, 1163, 1164, 1165, 1170, 1175, 1181, 1184, 1185, 1188, 1189, 1192, 1193, 1200, 1203, 1205, 1210, 1211, 1219, 1220, 1224, 1226, 1228, 1231, 1245, 1246, 1247, 1248, 1255, 1261, 1266, 1267, 1268, 1274, 1281, 1285, 1289, 1295, 1297, 1302, 1308, 1309, 1311, 1312, 1317, 1325, 1328, 1330, 1332, 1336, 1337, 1338, 1342, 1349, 1358, 1362, 1364, 1366, 1367, 1370, 1376, 1378, 1382, 1384, 1385, 1388, 1389, 1390, 1391, 1397, 1398, 1399, 1401, 1403, 1407, 1413, 1417, 1420, 1422, 1432, 1441, 1444, 1449, 1450, 1452, 1455, 1456, 1457, 1458, 1460, 1461, 1462, 1464, 1470, 1475, 1478, 1482, 1483, 1486, 1487, 1489, 1491, 1498, 1500, 1503, 1504, 1509, 1510, 1511, 1513, 1514, 1515, 1516, 1517, 1519, 1520, 1521, 1523, 1524, 1527, 1533, 1535, 1547, 1549, 1551, 1552, 1556, 1563, 1567, 1569, 1574, 1575, 1577, 1579, 1580, 1587, 1588, 1597, 1598, 1601, 1604, 1615, 1616, 1619, 1623, 1624, 1627, 1631, 1632, 1634, 1637, 1639, 1647, 1648, 1651, 1652, 1655, 1658, 1663, 1666, 1667, 1668, 1677, 1679, 1681, 1682, 1686, 1689, 1690, 1693, 1696, 1704, 1706, 1709, 1712, 1717, 1721, 1722, 1729, 1743, 1746, 1753, 1758, 1765, 1767, 1769, 1775, 1776, 1777, 1779, 1780, 1784, 1785, 1786, 1791, 1797, 1799, 1805, 1808, 1809, 1815, 1818, 1819, 1820, 1821, 1823, 1825, 1831, 1838, 1843, 1845, 1847, 1849, 1851, 1859, 1860, 1862, 1868, 1871, 1876, 1879, 1881, 1887, 1891, 1893, 1896, 1900, 1902, 1905, 1906, 1911, 1920, 1924, 1926, 1928, 1930, 1933, 1934, 1936, 1938, 1939, 1943, 1949, 1950, 1952, 1954, 1959, 1965, 1972, 1975, 1979, 1982, 1985, 1986, 1995, 2002, 2008, 2010, 2011, 2015, 2020, 2024, 2029, 2030, 2036, 2038, 2040, 2042, 2043, 2046, 2049, 2050, 2051, 2067, 2070, 2073, 2074, 2075, 2079, 2083, 2096, 2097, 2104, 2106, 2108, 2113, 2114, 2116, 2118, 2119, 2120, 2127, 2128, 2130, 2132, 2153, 2157, 2160, 2165, 2166, 2179, 2180, 2182, 2185, 2186, 2187, 2190, 2192, 2193, 2194, 2206, 2210, 2216, 2219, 2225, 2228, 2237, 2240, 2241, 2248, 2249, 2257, 2261, 2264, 2268, 2273, 2275, 2277, 2278, 2279, 2280, 2281, 2283, 2291, 2292, 2296, 2297, 2306, 2307, 2311, 2312, 2314, 2330, 2331, 2333]",
PPI_3,0.4,2339,935,6.245604753494263,0.0036470485508261702,,,"[3, 4, 7, 11, 19, 20, 21, 23, 24, 26, 30, 32, 33, 35, 40, 42, 44, 46, 50, 52, 56, 60, 68, 71, 74, 77, 78, 80, 81, 83, 85, 88, 91, 97, 105, 110, 111, 115, 118, 120, 121, 122, 130, 131, 132, 133, 134, 137, 138, 139, 142, 146, 148, 151, 152, 154, 157, 158, 159, 160, 162, 163, 165, 176, 177, 178, 181, 182, 186, 189, 191, 192, 194, 195, 196, 200, 203, 209, 212, 213, 217, 218, 220, 223, 225, 229, 232, 234, 235, 236, 239, 241, 242, 243, 244, 246, 248, 256, 260, 262, 270, 271, 273, 274, 275, 276, 277, 278, 280, 282, 284, 286, 288, 293, 296, 299, 301, 304, 309, 310, 312, 313, 314, 316, 317, 318, 320, 323, 324, 326, 328, 329, 330, 331, 334, 336, 339, 346, 347, 348, 351, 352, 354, 355, 358, 360, 361, 362, 370, 371, 372, 373, 374, 376, 377, 383, 384, 388, 390, 391, 392, 393, 395, 396, 398, 399, 405, 406, 407, 408, 411, 413, 414, 418, 420, 423, 425, 426, 430, 435, 436, 437, 438, 439, 441, 444, 445, 447, 448, 450, 451, 453, 454, 455, 460, 461, 463, 465, 466, 467, 468, 469, 470, 471, 473, 478, 483, 484, 486, 487, 488, 490, 493, 496, 498, 502, 503, 504, 505, 507, 508, 509, 510, 511, 512, 513, 523, 524, 527, 528, 531, 537, 539, 543, 546, 550, 554, 555, 556, 557, 562, 568, 574, 576, 578, 580, 581, 582, 583, 587, 589, 592, 593, 594, 595, 597, 598, 599, 600, 601, 602, 604, 605, 610, 615, 618, 619, 621, 622, 624, 626, 632, 633, 638, 640, 641, 647, 650, 651, 652, 653, 654, 656, 657, 663, 664, 666, 670, 671, 673, 681, 684, 688, 693, 694, 695, 696, 697, 700, 709, 711, 715, 718, 719, 724, 726, 729, 734, 736, 737, 738, 739, 741, 744, 745, 746, 747, 748, 750, 751, 755, 756, 760, 761, 766, 768, 770, 771, 774, 777, 779, 781, 782, 784, 786, 788, 790, 791, 796, 797, 799, 800, 802, 803, 809, 812, 815, 816, 826, 827, 835, 837, 838, 839, 840, 841, 842, 847, 850, 857, 859, 861, 863, 874, 880, 881, 882, 883, 884, 886, 888, 889, 891, 892, 894, 895, 896, 897, 898, 900, 901, 905, 906, 909, 910, 911, 913, 915, 921, 923, 924, 936, 938, 939, 941, 942, 943, 944, 945, 946, 947, 949, 951, 954, 956, 958, 961, 963, 972, 973, 975, 977, 978, 979, 983, 986, 994, 996, 997, 1001, 1003, 1004, 1005, 1008, 1011, 1016, 1019, 1021, 1028, 1029, 1037, 1038, 1040, 1041, 1042, 1043, 1046, 1048, 1057, 1060, 1061, 1063, 1064, 1074, 1076, 1077, 1078, 1081, 1082, 1083, 1085, 1087, 1088, 1089, 1090, 1091, 1096, 1099, 1104, 1114, 1117, 1118, 1119, 1121, 1122, 1126, 1127, 1129, 1130, 1131, 1133, 1136, 1137, 1138, 1139, 1140, 1141, 1149, 1151, 1154, 1164, 1165, 1169, 1171, 1175, 1181, 1184, 1188, 1189, 1192, 1203, 1205, 1206, 1211, 1214, 1219, 1220, 1222, 1224, 1226, 1228, 1231, 1238, 1245, 1246, 1247, 1248, 1251, 1255, 1261, 1267, 1268, 1272, 1277, 1278, 1281, 1284, 1285, 1286, 1288, 1289, 1294, 1295, 1297, 1298, 1299, 1300, 1302, 1308, 1309, 1311, 1312, 1314, 1317, 1324, 1326, 1328, 1332, 1333, 1334, 1336, 1337, 1338, 1339, 1349, 1354, 1355, 1358, 1359, 1362, 1363, 1364, 1365, 1366, 1369, 1370, 1378, 1382, 1385, 1387, 1388, 1389, 1390, 1392, 1395, 1399, 1401, 1403, 1407, 1408, 1409, 1412, 1417, 1420, 1422, 1432, 1433, 1436, 1437, 1444, 1451, 1452, 1455, 1456, 1457, 1458, 1460, 1463, 1464, 1466, 1470, 1478, 1479, 1480, 1482, 1483, 1486, 1487, 1489, 1496, 1498, 1500, 1502, 1503, 1504, 1509, 1510, 1512, 1515, 1516, 1519, 1520, 1521, 1531, 1534, 1549, 1550, 1551, 1556, 1560, 1562, 1563, 1567, 1569, 1573, 1574, 1575, 1576, 1577, 1579, 1580, 1582, 1583, 1585, 1586, 1587, 1588, 1591, 1593, 1594, 1597, 1598, 1601, 1604, 1605, 1610, 1611, 1615, 1619, 1620, 1621, 1623, 1624, 1631, 1632, 1634, 1637, 1639, 1647, 1648, 1651, 1652, 1653, 1654, 1655, 1658, 1663, 1666, 1667, 1668, 1673, 1675, 1677, 1678, 1679, 1680, 1681, 1682, 1686, 1689, 1690, 1693, 1696, 1704, 1705, 1706, 1709, 1710, 1712, 1717, 1720, 1721, 1722, 1728, 1729, 1731, 1732, 1733, 1735, 1736, 1737, 1738, 1743, 1746, 1748, 1751, 1756, 1758, 1762, 1765, 1766, 1767, 1768, 1769, 1770, 1775, 1776, 1777, 1778, 1780, 1782, 1784, 1785, 1786, 1790, 1791, 1794, 1796, 1797, 1799, 1802, 1805, 1806, 1808, 1809, 1810, 1813, 1815, 1818, 1819, 1820, 1821, 1823, 1825, 1826, 1827, 1828, 1830, 1834, 1835, 1843, 1845, 1847, 1849, 1851, 1853, 1855, 1858, 1859, 1860, 1861, 1862, 1863, 1868, 1872, 1876, 1879, 1881, 1887, 1890, 1892, 1893, 1896, 1899, 1900, 1902, 1909, 1911, 1914, 1918, 1921, 1922, 1924, 1926, 1928, 1929, 1930, 1936, 1937, 1938, 1939, 1943, 1944, 1947, 1948, 1949, 1950, 1952, 1954, 1956, 1957, 1963, 1965, 1974, 1975, 1977, 1979, 1982, 1983, 1985, 1986, 1987, 1995, 1998, 2002, 2008, 2010, 2011, 2020, 2023, 2029, 2032, 2036, 2037, 2042, 2043, 2044, 2045, 2049, 2051, 2053, 2055, 2058, 2060, 2067, 2070, 2071, 2073, 2074, 2076, 2080, 2083, 2089, 2090, 2091, 2094, 2096, 2097, 2098, 2106, 2107, 2108, 2113, 2114, 2115, 2116, 2117, 2118, 2119, 2120, 2122, 2127, 2130, 2131, 2138, 2139, 2144, 2157, 2159, 2160, 2161, 2166, 2167, 2169, 2179, 2180, 2182, 2185, 2186, 2187, 2189, 2190, 2192, 2193, 2203, 2206, 2207, 2209, 2217, 2219, 2220, 2225, 2227, 2228, 2229, 2230, 2237, 2238, 2241, 2242, 2245, 2248, 2249, 2259, 2260, 2261, 2264, 2266, 2267, 2272, 2273, 2275, 2276, 2277, 2278, 2279, 2280, 2281, 2284, 2286, 2289, 2291, 2296, 2297, 2300, 2301, 2302, 2305, 2306, 2307, 2311, 2316, 2322, 2330, 2333]",
PPI_4,0.1,1578,157,5.068638801574707,0.7849282889454956,,,"[15, 16, 28, 29, 42, 49, 55, 58, 69, 88, 89, 103, 106, 126, 138, 146, 149, 158, 188, 203, 215, 219, 240, 251, 252, 257, 284, 297, 311, 315, 325, 353, 355, 357, 366, 373, 379, 382, 386, 420, 424, 426, 435, 437, 442, 445, 458, 459, 463, 473, 484, 497, 501, 504, 507, 515, 516, 537, 539, 549, 557, 566, 567, 578, 585, 596, 606, 617, 622, 629, 631, 649, 650, 651, 656, 686, 699, 701, 718, 719, 756, 760, 788, 789, 797, 811, 838, 840, 843, 844, 873, 915, 916, 935, 962, 974, 1001, 1007, 1017, 1030, 1038, 1044, 1051, 1056, 1067, 1069, 1079, 1088, 1094, 1101, 1105, 1108, 1109, 1114, 1124, 1125, 1141, 1145, 1150, 1151, 1162, 1163, 1168, 1170, 1192, 1206, 1219, 1226, 1251, 1262, 1267, 1268, 1275, 1285, 1299, 1314, 1315, 1371, 1376, 1399, 1413, 1425, 1442, 1445, 1481, 1497, 1515, 1519, 1530, 1534, 1539, 1540, 1542, 1554, 1557, 1564, 1572]",
PPI_4,0.2,1578,315,5.205894947052002,0.6155695505255643,,,"[15, 16, 17, 18, 23, 28, 29, 30, 36, 37, 40, 42, 43, 44, 49, 55, 58, 66, 69, 83, 88, 89, 93, 97, 103, 106, 126, 127, 137, 138, 143, 144, 146, 149, 150, 158, 175, 181, 184, 188, 193, 203, 215, 218, 219, 223, 225, 237, 240, 245, 251, 252, 257, 284, 286, 297, 313, 314, 315, 325, 327, 329, 330, 331, 341, 343, 350, 353, 354, 355, 357, 361, 366, 372, 373, 378, 379, 382, 386, 393, 398, 416, 420, 424, 426, 432, 435, 437, 442, 445, 449, 458, 459, 463, 466, 473, 478, 482, 484, 485, 489, 495, 496, 497, 501, 507, 508, 512, 515, 516, 519, 534, 537, 539, 549, 558, 559, 560, 566, 567, 568, 577, 578, 583, 585, 587, 596, 600, 606, 607, 617, 618, 622, 629, 630, 631, 648, 649, 650, 651, 656, 667, 669, 670, 674, 685, 686, 699, 701, 706, 713, 718, 719, 721, 722, 735, 748, 756, 760, 773, 775, 778, 780, 784, 788, 789, 797, 801, 804, 811, 814, 825, 830, 838, 840, 844, 851, 852, 853, 854, 855, 858, 871, 880, 885, 888, 890, 894, 908, 914, 915, 916, 935, 937, 945, 949, 953, 958, 960, 962, 965, 974, 983, 988, 991, 1001, 1002, 1003, 1007, 1009, 1010, 1017, 1021, 1023, 1024, 1027, 1030, 1038, 1044, 1045, 1051, 1056, 1067, 1068, 1069, 1079, 1080, 1081, 1088, 1094, 1096, 1101, 1102, 1105, 1108, 1109, 1114, 1118, 1124, 1125, 1132, 1134, 1141, 1145, 1150, 1162, 1163, 1166, 1168, 1170, 1176, 1177, 1181, 1182, 1192, 1199, 1201, 1206, 1218, 1219, 1226, 1237, 1250, 1251, 1262, 1267, 1268, 1275, 1292, 1299, 1303, 1314, 1315, 1325, 1337, 1343, 1344, 1351, 1359, 1361, 1365, 1371, 1376, 1397, 1399, 1413, 1420, 1428, 1433, 1435, 1437, 1442, 1445, 1447, 1450, 1451, 1455, 1470, 1481, 1497, 1503, 1507, 1515, 1519, 1520, 1524, 1530, 1534, 1539, 1540, 1542, 1549, 1557, 1564, 1572]",
PPI_4,0.3,1578,473,5.293861627578735,0.33401042691324023,,,"[8, 15, 16, 17, 18, 23, 25, 28, 29, 36, 37, 39, 40, 43, 46, 47, 49, 55, 58, 69, 83, 86, 88, 89, 93, 98, 103, 105, 106, 107, 110, 116, 121, 124, 127, 134, 138, 144, 146, 149, 150, 161, 164, 171, 177, 179, 180, 181, 182, 183, 184, 185, 187, 188, 193, 198, 200, 203, 205, 206, 209, 213, 215, 218, 219, 222, 223, 225, 229, 235, 236, 238, 239, 240, 243, 244, 245, 251, 252, 253, 255, 257, 267, 275, 280, 282, 284, 287, 290, 292, 293, 297, 303, 305, 306, 310, 312, 313, 314, 315, 316, 317, 319, 323, 325, 327, 329, 330, 331, 332, 335, 338, 339, 342, 343, 350, 354, 355, 357, 358, 359, 360, 361, 366, 372, 373, 379, 380, 382, 386, 387, 393, 395, 411, 416, 419, 420, 424, 426, 428, 435, 437, 438, 440, 442, 444, 445, 455, 458, 459, 463, 467, 478, 482, 484, 489, 495, 496, 497, 501, 507, 508, 510, 512, 514, 516, 519, 533, 534, 536, 537, 539, 540, 544, 549, 554, 559, 560, 566, 567, 572, 583, 585, 596, 599, 600, 602, 603, 606, 607, 615, 617, 622, 629, 631, 640, 642, 643, 644, 645, 648, 649, 650, 651, 653, 656, 658, 664, 666, 669, 670, 672, 673, 674, 684, 685, 686, 690, 692, 696, 699, 701, 702, 713, 716, 718, 719, 722, 728, 729, 733, 735, 736, 745, 748, 751, 754, 755, 756, 760, 773, 777, 778, 780, 782, 784, 789, 797, 800, 801, 810, 811, 812, 825, 827, 838, 840, 844, 848, 852, 853, 854, 855, 858, 867, 871, 876, 880, 885, 887, 888, 890, 895, 897, 900, 901, 911, 914, 915, 916, 917, 932, 935, 945, 949, 950, 951, 952, 953, 954, 957, 958, 959, 962, 965, 970, 974, 984, 988, 989, 991, 997, 999, 1001, 1002, 1003, 1004, 1007, 1009, 1010, 1017, 1021, 1023, 1024, 1026, 1027, 1028, 1030, 1035, 1038, 1044, 1045, 1046, 1048, 1056, 1067, 1069, 1074, 1075, 1078, 1079, 1082, 1088, 1094, 1095, 1096, 1101, 1102, 1105, 1108, 1109, 1114, 1118, 1122, 1127, 1134, 1136, 1141, 1143, 1144, 1145, 1147, 1150, 1159, 1162, 1163, 1166, 1168, 1176, 1185, 1190, 1195, 1199, 1201, 1206, 1207, 1208, 1211, 1214, 1215, 1218, 1219, 1225, 1226, 1231, 1232, 1237, 1239, 1240, 1241, 1249, 1251, 1252, 1255, 1262, 1266, 1272, 1273, 1275, 1279, 1280, 1285, 1287, 1292, 1294, 1298, 1299, 1303, 1304, 1308, 1311, 1313, 1314, 1315, 1321, 1325, 1326, 1337, 1343, 1344, 1351, 1357, 1361, 1364, 1365, 1367, 1371, 1376, 1378, 1382, 1387, 1388, 1392, 1397, 1399, 1401, 1402, 1412, 1413, 1423, 1424, 1425, 1427, 1428, 1429, 1430, 1431, 1435, 1437, 1442, 1445, 1450, 1457, 1463, 1470, 1481, 1483, 1486, 1488, 1491, 1497, 1503, 1506, 1507, 1513, 1515, 1517, 1519, 1520, 1527, 1530, 1534, 1536, 1539, 1540, 1542, 1547, 1549, 1554, 1557, 1558, 1564, 1572]",
PPI_4,0.4,1578,631,5.345198392868042,0.0022949963275593786,,,"[2, 5, 8, 15, 16, 17, 18, 23, 25, 28, 29, 36, 40, 41, 42, 47, 49, 50, 52, 53, 54, 57, 58, 66, 69, 70, 76, 77, 78, 79, 81, 82, 83, 88, 89, 90, 93, 95, 99, 100, 101, 105, 106, 107, 110, 113, 116, 122, 124, 125, 127, 134, 138, 139, 144, 146, 149, 150, 151, 157, 158, 161, 164, 166, 168, 170, 171, 176, 177, 178, 180, 181, 182, 183, 184, 185, 188, 190, 192, 193, 196, 198, 200, 203, 205, 209, 213, 215, 217, 218, 222, 223, 226, 230, 232, 235, 236, 237, 238, 239, 240, 243, 244, 245, 247, 248, 251, 252, 253, 254, 257, 264, 267, 268, 270, 272, 276, 280, 281, 282, 283, 284, 287, 290, 293, 297, 303, 304, 305, 306, 308, 310, 312, 313, 314, 315, 317, 319, 323, 325, 327, 328, 329, 330, 331, 335, 338, 339, 340, 341, 342, 350, 354, 355, 357, 358, 359, 360, 361, 363, 364, 366, 369, 371, 373, 380, 382, 387, 388, 390, 391, 393, 395, 400, 409, 410, 411, 413, 415, 416, 418, 419, 420, 423, 424, 425, 426, 432, 435, 437, 438, 440, 442, 444, 445, 447, 450, 453, 454, 456, 457, 458, 459, 467, 476, 478, 479, 482, 485, 489, 495, 496, 497, 498, 507, 508, 510, 512, 514, 516, 520, 523, 525, 531, 533, 534, 535, 536, 537, 539, 540, 544, 545, 546, 547, 553, 559, 564, 566, 567, 572, 577, 578, 583, 585, 587, 596, 600, 602, 603, 605, 606, 609, 614, 617, 621, 622, 629, 630, 631, 640, 642, 643, 644, 645, 647, 648, 649, 650, 651, 652, 653, 655, 656, 660, 666, 669, 670, 671, 672, 673, 674, 676, 680, 684, 685, 686, 687, 688, 689, 690, 692, 693, 696, 699, 701, 704, 706, 712, 713, 716, 717, 718, 719, 721, 722, 727, 733, 735, 736, 744, 745, 746, 747, 749, 751, 754, 755, 756, 760, 769, 771, 773, 774, 775, 777, 778, 780, 781, 782, 783, 784, 789, 795, 799, 800, 801, 804, 810, 811, 816, 819, 825, 827, 830, 836, 840, 843, 844, 845, 848, 852, 853, 854, 855, 858, 859, 865, 868, 869, 871, 874, 879, 880, 881, 883, 885, 886, 887, 888, 890, 895, 897, 900, 904, 908, 911, 913, 914, 915, 916, 917, 925, 927, 932, 933, 934, 935, 938, 941, 945, 952, 953, 954, 955, 956, 957, 958, 962, 965, 969, 970, 972, 974, 983, 987, 988, 989, 997, 999, 1000, 1002, 1003, 1004, 1007, 1009, 1010, 1012, 1017, 1020, 1021, 1022, 1023, 1024, 1025, 1026, 1027, 1028, 1035, 1038, 1044, 1045, 1046, 1052, 1053, 1054, 1056, 1059, 1067, 1068, 1069, 1071, 1074, 1075, 1079, 1081, 1082, 1083, 1087, 1088, 1091, 1093, 1094, 1095, 1096, 1097, 1099, 1101, 1105, 1107, 1108, 1109, 1114, 1115, 1120, 1122, 1126, 1127, 1131, 1134, 1136, 1141, 1142, 1143, 1144, 1147, 1149, 1150, 1161, 1162, 1163, 1166, 1168, 1175, 1176, 1177, 1181, 1183, 1185, 1191, 1196, 1197, 1199, 1206, 1207, 1208, 1209, 1211, 1214, 1215, 1216, 1217, 1219, 1221, 1223, 1224, 1225, 1226, 1231, 1232, 1237, 1238, 1239, 1240, 1245, 1248, 1249, 1250, 1251, 1252, 1254, 1255, 1262, 1266, 1268, 1269, 1272, 1273, 1275, 1280, 1285, 1291, 1294, 1298, 1299, 1303, 1304, 1308, 1309, 1311, 1313, 1314, 1315, 1320, 1321, 1325, 1326, 1329, 1336, 1337, 1339, 1344, 1348, 1351, 1357, 1358, 1361, 1365, 1366, 1367, 1368, 1376, 1378, 1382, 1387, 1388, 1389, 1392, 1393, 1399, 1400, 1403, 1412, 1416, 1420, 1422, 1423, 1424, 1428, 1429, 1430, 1431, 1432, 1435, 1436, 1441, 1443, 1450, 1451, 1457, 1462, 1463, 1467, 1469, 1470, 1475, 1476, 1481, 1482, 1483, 1491, 1494, 1500, 1501, 1503, 1505, 1506, 1507, 1509, 1513, 1515, 1517, 1519, 1520, 1530, 1532, 1534, 1536, 1538, 1539, 1541, 1542, 1547, 1549, 1550, 1552, 1553, 1554, 1566, 1572, 1574]",
PPI_5,0.1,1021,102,5.0151207447052,0.750157057140351,,,"[10, 32, 43, 45, 60, 69, 81, 97, 108, 109, 111, 144, 150, 158, 214, 217, 223, 233, 240, 245, 246, 250, 255, 266, 273, 282, 286, 297, 300, 303, 317, 318, 322, 339, 343, 351, 378, 389, 396, 414, 421, 428, 438, 440, 481, 528, 541, 545, 559, 566, 575, 581, 604, 616, 617, 628, 647, 649, 652, 661, 665, 687, 691, 692, 697, 702, 706, 714, 721, 725, 730, 740, 760, 770, 774, 803, 804, 813, 819, 828, 833, 841, 846, 849, 864, 875, 876, 881, 882, 884, 905, 910, 913, 930, 950, 952, 955, 956, 965, 989, 993, 1011]",
PPI_5,0.2,1021,204,5.028071165084839,0.5146158830729354,,,"[1, 6, 10, 18, 23, 31, 32, 43, 45, 48, 59, 61, 62, 69, 79, 81, 84, 86, 90, 98, 104, 108, 109, 111, 119, 121, 123, 126, 130, 135, 137, 144, 150, 158, 175, 177, 187, 188, 189, 193, 203, 214, 217, 224, 231, 233, 235, 237, 240, 245, 246, 253, 255, 258, 266, 269, 273, 277, 282, 286, 287, 291, 297, 300, 314, 317, 320, 322, 329, 336, 339, 342, 351, 352, 368, 370, 378, 389, 402, 414, 418, 421, 423, 428, 436, 438, 440, 461, 465, 469, 477, 481, 482, 486, 492, 498, 520, 527, 528, 536, 544, 545, 556, 558, 559, 566, 569, 575, 581, 583, 584, 588, 590, 594, 599, 604, 606, 615, 616, 617, 621, 628, 629, 635, 647, 649, 650, 652, 661, 665, 676, 678, 681, 687, 691, 692, 697, 699, 702, 706, 712, 715, 717, 718, 719, 721, 730, 740, 743, 746, 749, 760, 770, 773, 774, 775, 797, 803, 804, 813, 823, 828, 833, 841, 846, 849, 850, 860, 864, 873, 875, 876, 877, 878, 880, 881, 882, 884, 888, 898, 905, 909, 910, 913, 919, 920, 923, 930, 934, 937, 939, 946, 950, 952, 955, 956, 965, 970, 982, 993, 999, 1007, 1011, 1014]",
PPI_5,0.3,1021,306,5.036534786224365,0.08987874870227812,,,"[6, 12, 18, 20, 23, 31, 32, 35, 36, 38, 39, 44, 45, 47, 50, 52, 59, 61, 62, 64, 69, 75, 77, 79, 81, 84, 85, 86, 90, 91, 92, 98, 104, 108, 109, 111, 112, 119, 120, 121, 123, 125, 126, 129, 142, 143, 144, 146, 148, 150, 157, 164, 166, 169, 177, 187, 188, 189, 202, 203, 212, 213, 214, 218, 222, 231, 232, 233, 234, 237, 238, 240, 241, 252, 253, 258, 259, 262, 269, 270, 271, 272, 273, 277, 280, 282, 286, 287, 291, 292, 294, 297, 302, 304, 308, 309, 313, 314, 317, 318, 320, 325, 330, 335, 336, 338, 339, 341, 342, 346, 349, 351, 352, 356, 358, 359, 368, 376, 383, 385, 386, 388, 389, 396, 411, 412, 414, 416, 418, 419, 421, 425, 427, 428, 432, 433, 439, 440, 446, 452, 461, 464, 467, 477, 480, 482, 484, 492, 498, 514, 516, 522, 525, 527, 535, 536, 540, 543, 544, 545, 548, 549, 556, 559, 567, 568, 570, 571, 575, 576, 577, 580, 581, 583, 584, 588, 589, 595, 599, 601, 602, 606, 608, 610, 612, 615, 616, 617, 621, 624, 625, 627, 628, 632, 633, 637, 642, 644, 647, 649, 650, 652, 654, 656, 662, 665, 677, 679, 682, 691, 692, 697, 699, 702, 705, 706, 709, 716, 717, 718, 719, 721, 730, 733, 738, 740, 741, 742, 743, 745, 758, 760, 763, 764, 765, 767, 770, 773, 774, 775, 778, 783, 790, 801, 802, 803, 804, 813, 814, 815, 828, 838, 839, 840, 841, 846, 847, 849, 851, 860, 865, 873, 875, 876, 877, 878, 881, 882, 884, 888, 892, 896, 898, 905, 907, 909, 910, 911, 920, 923, 927, 928, 930, 934, 935, 937, 939, 940, 945, 946, 949, 950, 956, 957, 965, 981, 982, 983, 984, 989, 993, 999, 1007, 1008, 1011, 1019]",
PPI_5,0.4,1021,408,5.012272596359253,0.0016259902547207028,,,"[1, 6, 8, 10, 12, 15, 18, 20, 23, 30, 31, 32, 35, 36, 38, 39, 43, 44, 45, 47, 48, 50, 51, 52, 59, 60, 61, 62, 64, 69, 72, 75, 79, 81, 84, 85, 86, 87, 90, 91, 92, 97, 98, 101, 104, 108, 109, 111, 112, 119, 120, 121, 122, 123, 125, 126, 128, 129, 135, 137, 138, 139, 142, 143, 144, 146, 148, 150, 151, 153, 157, 160, 166, 169, 174, 177, 186, 187, 188, 189, 198, 202, 203, 207, 212, 213, 214, 218, 219, 222, 224, 230, 231, 232, 233, 234, 237, 238, 240, 241, 245, 246, 252, 253, 255, 258, 259, 266, 269, 270, 271, 272, 273, 277, 280, 282, 286, 287, 292, 294, 297, 298, 299, 300, 302, 303, 304, 308, 309, 312, 313, 314, 316, 317, 318, 320, 322, 323, 324, 325, 336, 338, 339, 341, 342, 346, 349, 351, 354, 358, 359, 361, 363, 366, 368, 376, 378, 385, 386, 388, 389, 396, 402, 406, 412, 414, 416, 418, 419, 421, 423, 426, 427, 428, 432, 433, 440, 446, 452, 461, 464, 465, 467, 470, 474, 477, 480, 481, 482, 484, 486, 487, 491, 492, 493, 495, 498, 514, 516, 521, 522, 523, 525, 527, 528, 529, 536, 540, 541, 543, 544, 545, 547, 548, 549, 554, 556, 557, 558, 559, 564, 567, 568, 569, 570, 575, 577, 580, 581, 583, 588, 589, 590, 599, 601, 604, 605, 606, 608, 610, 615, 616, 617, 620, 621, 623, 624, 625, 628, 632, 633, 635, 637, 642, 644, 647, 649, 650, 652, 654, 656, 658, 660, 661, 664, 665, 667, 679, 682, 687, 691, 692, 697, 698, 699, 702, 704, 705, 706, 709, 716, 717, 718, 719, 721, 722, 725, 729, 730, 732, 733, 738, 740, 742, 743, 749, 751, 758, 759, 760, 763, 764, 766, 767, 770, 771, 773, 774, 775, 776, 778, 782, 783, 784, 785, 787, 788, 790, 794, 801, 802, 803, 804, 813, 814, 815, 823, 827, 828, 838, 839, 840, 841, 846, 847, 849, 850, 851, 860, 861, 862, 865, 872, 873, 875, 876, 877, 878, 880, 881, 882, 884, 887, 888, 889, 893, 896, 898, 903, 905, 907, 909, 910, 911, 912, 915, 919, 920, 923, 925, 926, 928, 930, 932, 934, 935, 937, 938, 939, 940, 945, 946, 949, 950, 955, 956, 957, 959, 965, 966, 967, 980, 981, 982, 983, 984, 985, 989, 993, 997, 999, 1005, 1007, 1008, 1011, 1013, 1017, 1019]",
PPI_6,0.1,1823,182,5.101498603820801,0.803490584265989,,,"[15, 16, 28, 32, 47, 53, 54, 65, 77, 97, 98, 109, 113, 116, 117, 118, 119, 134, 159, 169, 173, 182, 186, 201, 232, 250, 251, 256, 275, 281, 285, 287, 289, 316, 324, 338, 354, 358, 365, 386, 402, 405, 406, 409, 418, 419, 425, 435, 439, 465, 478, 480, 493, 498, 499, 502, 506, 517, 521, 522, 547, 550, 557, 558, 572, 574, 586, 588, 613, 615, 621, 622, 627, 634, 636, 648, 649, 663, 670, 682, 685, 686, 694, 707, 715, 716, 723, 726, 734, 739, 745, 752, 760, 777, 789, 798, 803, 805, 817, 821, 826, 827, 861, 868, 885, 909, 917, 933, 961, 962, 967, 997, 999, 1017, 1053, 1054, 1061, 1075, 1118, 1123, 1140, 1144, 1147, 1151, 1168, 1176, 1184, 1192, 1194, 1204, 1206, 1217, 1229, 1231, 1252, 1261, 1271, 1275, 1278, 1279, 1285, 1292, 1307, 1316, 1320, 1326, 1338, 1340, 1347, 1352, 1383, 1389, 1412, 1438, 1439, 1449, 1451, 1456, 1466, 1477, 1485, 1496, 1511, 1512, 1533, 1546, 1551, 1605, 1622, 1657, 1661, 1665, 1704, 1708, 1764, 1777, 1780, 1782, 1783, 1800, 1807, 1816]",
PPI_6,0.2,1823,364,5.277091026306152,0.6452011120607064,,,"[10, 12, 15, 16, 17, 23, 28, 29, 30, 32, 33, 35, 40, 47, 48, 54, 56, 58, 61, 62, 65, 69, 71, 77, 97, 98, 102, 106, 109, 113, 116, 117, 118, 119, 130, 142, 159, 163, 167, 169, 172, 173, 174, 183, 186, 187, 191, 192, 199, 210, 232, 235, 242, 243, 250, 251, 252, 256, 265, 268, 270, 271, 272, 275, 279, 280, 281, 283, 284, 287, 289, 295, 307, 309, 310, 316, 324, 330, 338, 350, 351, 353, 357, 358, 361, 365, 377, 378, 383, 385, 387, 399, 402, 404, 405, 406, 407, 409, 410, 413, 418, 419, 421, 423, 425, 435, 436, 438, 439, 441, 446, 454, 458, 463, 465, 470, 474, 478, 480, 489, 493, 494, 498, 499, 502, 515, 516, 517, 520, 521, 522, 534, 540, 545, 546, 547, 550, 557, 558, 566, 572, 573, 574, 575, 580, 588, 593, 594, 606, 609, 613, 615, 621, 622, 625, 627, 635, 636, 642, 644, 646, 648, 649, 650, 663, 668, 670, 672, 673, 682, 685, 686, 687, 692, 694, 699, 702, 707, 708, 715, 719, 722, 723, 726, 744, 745, 746, 747, 752, 760, 774, 789, 803, 805, 817, 821, 824, 826, 827, 844, 845, 855, 856, 868, 876, 891, 896, 900, 902, 917, 920, 921, 933, 936, 941, 947, 961, 963, 967, 969, 980, 984, 990, 997, 999, 1001, 1009, 1019, 1029, 1041, 1045, 1054, 1075, 1086, 1089, 1093, 1097, 1100, 1114, 1118, 1123, 1136, 1144, 1147, 1148, 1149, 1153, 1154, 1155, 1156, 1168, 1172, 1174, 1176, 1184, 1192, 1193, 1194, 1196, 1202, 1204, 1205, 1206, 1212, 1217, 1229, 1231, 1233, 1237, 1238, 1241, 1252, 1261, 1263, 1265, 1271, 1275, 1278, 1279, 1285, 1295, 1297, 1298, 1300, 1308, 1316, 1320, 1325, 1326, 1338, 1339, 1340, 1343, 1352, 1355, 1360, 1366, 1383, 1386, 1387, 1389, 1391, 1394, 1397, 1402, 1409, 1424, 1438, 1439, 1444, 1449, 1451, 1455, 1456, 1457, 1466, 1472, 1477, 1485, 1488, 1496, 1507, 1511, 1512, 1543, 1544, 1560, 1563, 1576, 1580, 1582, 1588, 1593, 1605, 1622, 1648, 1651, 1657, 1660, 1661, 1665, 1669, 1704, 1706, 1731, 1745, 1747, 1752, 1757, 1763, 1764, 1769, 1774, 1775, 1777, 1780, 1783, 1786, 1789, 1790, 1793, 1800, 1807, 1816]",
PPI_6,0.3,1823,546,5.474042177200317,0.37699791095411217,,,"[2, 9, 10, 12, 15, 16, 17, 18, 23, 28, 32, 33, 35, 39, 45, 47, 49, 51, 52, 54, 62, 63, 65, 69, 77, 82, 84, 86, 90, 92, 97, 98, 102, 106, 109, 113, 114, 116, 117, 118, 119, 120, 121, 125, 131, 135, 136, 142, 144, 157, 159, 162, 167, 169, 172, 174, 175, 182, 183, 186, 187, 190, 199, 210, 211, 212, 213, 216, 217, 222, 227, 232, 235, 238, 242, 243, 247, 248, 250, 251, 255, 256, 257, 270, 271, 272, 273, 275, 278, 279, 280, 281, 287, 288, 289, 290, 293, 295, 307, 308, 309, 310, 315, 316, 322, 324, 327, 329, 330, 332, 334, 338, 342, 351, 353, 355, 357, 358, 361, 362, 368, 370, 373, 374, 375, 376, 377, 378, 385, 386, 387, 390, 391, 397, 398, 402, 404, 405, 406, 407, 409, 411, 412, 413, 418, 419, 423, 424, 425, 435, 438, 440, 448, 458, 464, 465, 470, 473, 474, 478, 480, 489, 491, 493, 494, 496, 498, 499, 501, 502, 510, 512, 516, 517, 521, 522, 534, 541, 543, 545, 546, 550, 551, 556, 557, 558, 563, 564, 567, 572, 573, 574, 575, 577, 580, 581, 588, 593, 596, 597, 606, 609, 612, 613, 615, 621, 622, 625, 627, 635, 636, 641, 642, 648, 649, 654, 662, 663, 668, 670, 672, 673, 680, 682, 685, 686, 687, 690, 692, 694, 695, 697, 707, 711, 713, 715, 722, 723, 726, 727, 736, 739, 740, 744, 745, 746, 747, 749, 752, 758, 760, 763, 769, 770, 773, 774, 776, 781, 783, 788, 789, 792, 795, 800, 803, 805, 811, 812, 821, 824, 825, 826, 827, 836, 842, 844, 845, 855, 856, 859, 863, 865, 866, 868, 872, 877, 884, 886, 888, 895, 896, 898, 900, 902, 903, 905, 909, 920, 921, 924, 933, 934, 942, 947, 951, 961, 963, 965, 967, 969, 972, 977, 978, 979, 980, 982, 983, 984, 990, 992, 997, 1001, 1004, 1005, 1006, 1008, 1009, 1011, 1014, 1016, 1019, 1027, 1029, 1041, 1045, 1049, 1052, 1053, 1054, 1061, 1075, 1086, 1090, 1092, 1093, 1094, 1095, 1097, 1099, 1100, 1103, 1109, 1111, 1112, 1114, 1118, 1120, 1129, 1134, 1136, 1144, 1147, 1148, 1149, 1150, 1156, 1157, 1158, 1168, 1169, 1171, 1172, 1173, 1174, 1176, 1179, 1180, 1182, 1184, 1190, 1192, 1194, 1202, 1204, 1205, 1206, 1211, 1212, 1217, 1229, 1231, 1237, 1238, 1242, 1244, 1252, 1261, 1263, 1265, 1268, 1271, 1272, 1275, 1278, 1279, 1281, 1285, 1290, 1293, 1297, 1298, 1299, 1300, 1308, 1310, 1316, 1318, 1319, 1320, 1325, 1326, 1328, 1330, 1339, 1340, 1343, 1345, 1347, 1353, 1359, 1364, 1366, 1372, 1377, 1383, 1389, 1390, 1391, 1394, 1397, 1398, 1401, 1402, 1406, 1409, 1416, 1424, 1427, 1436, 1438, 1439, 1444, 1449, 1451, 1455, 1456, 1457, 1466, 1471, 1472, 1477, 1479, 1485, 1488, 1491, 1496, 1500, 1501, 1507, 1510, 1511, 1512, 1518, 1522, 1523, 1528, 1533, 1536, 1543, 1544, 1551, 1552, 1558, 1563, 1569, 1576, 1582, 1588, 1589, 1593, 1594, 1598, 1603, 1605, 1607, 1621, 1622, 1633, 1634, 1635, 1636, 1638, 1640, 1642, 1648, 1651, 1657, 1658, 1661, 1665, 1669, 1674, 1676, 1683, 1690, 1691, 1692, 1698, 1704, 1706, 1708, 1719, 1722, 1724, 1731, 1735, 1745, 1747, 1749, 1752, 1764, 1767, 1769, 1774, 1775, 1777, 1780, 1783, 1786, 1789, 1790, 1791, 1800, 1801, 1807, 1816]",
PPI_6,0.4,1823,729,5.628133773803711,0.0027079420142472207,,,"[2, 6, 7, 9, 10, 14, 15, 16, 17, 18, 23, 25, 28, 30, 31, 32, 36, 41, 45, 47, 52, 54, 55, 57, 58, 61, 62, 64, 65, 69, 77, 78, 84, 85, 86, 90, 91, 92, 93, 95, 97, 98, 99, 102, 103, 104, 106, 109, 111, 114, 116, 117, 119, 120, 121, 124, 125, 129, 131, 135, 137, 140, 141, 143, 144, 145, 146, 148, 152, 159, 160, 167, 169, 172, 173, 174, 179, 183, 186, 187, 190, 192, 195, 196, 198, 199, 206, 207, 208, 209, 210, 211, 212, 213, 214, 216, 217, 219, 221, 222, 225, 227, 229, 232, 238, 241, 242, 246, 247, 248, 251, 254, 255, 256, 259, 263, 265, 269, 270, 271, 272, 273, 275, 278, 280, 281, 283, 287, 288, 289, 290, 291, 293, 295, 302, 306, 307, 308, 309, 310, 312, 316, 320, 321, 322, 323, 324, 327, 330, 334, 338, 342, 345, 346, 347, 348, 350, 351, 353, 355, 357, 358, 360, 362, 367, 368, 370, 373, 374, 375, 376, 377, 378, 383, 385, 386, 387, 389, 390, 391, 396, 398, 399, 404, 405, 406, 407, 409, 410, 411, 412, 413, 415, 416, 418, 421, 423, 425, 431, 433, 440, 441, 443, 444, 446, 448, 451, 461, 462, 464, 465, 467, 469, 470, 472, 473, 474, 477, 478, 479, 486, 489, 491, 493, 494, 496, 498, 501, 502, 504, 507, 512, 513, 514, 516, 517, 521, 530, 537, 540, 541, 543, 546, 550, 557, 558, 559, 563, 571, 572, 573, 574, 575, 577, 580, 581, 583, 588, 593, 597, 599, 601, 606, 609, 611, 613, 615, 616, 621, 622, 623, 625, 633, 635, 640, 641, 642, 648, 649, 653, 662, 663, 668, 670, 672, 680, 682, 685, 686, 687, 689, 692, 694, 695, 697, 701, 702, 707, 711, 715, 717, 722, 723, 726, 727, 736, 738, 739, 740, 741, 743, 744, 745, 746, 747, 749, 751, 752, 757, 758, 760, 765, 769, 770, 771, 772, 773, 774, 776, 781, 782, 786, 787, 788, 789, 790, 791, 792, 793, 795, 797, 800, 803, 805, 809, 811, 812, 821, 824, 825, 826, 827, 829, 839, 842, 844, 845, 852, 853, 855, 858, 859, 861, 863, 865, 866, 867, 868, 872, 884, 886, 887, 888, 889, 891, 894, 895, 898, 899, 900, 902, 905, 909, 919, 920, 921, 923, 924, 932, 933, 938, 941, 944, 947, 949, 952, 958, 959, 963, 966, 967, 968, 972, 977, 978, 979, 980, 983, 990, 991, 992, 994, 995, 997, 1000, 1001, 1005, 1008, 1009, 1011, 1012, 1016, 1017, 1018, 1019, 1022, 1029, 1031, 1033, 1037, 1039, 1040, 1041, 1045, 1049, 1051, 1052, 1053, 1054, 1055, 1063, 1066, 1071, 1074, 1075, 1078, 1086, 1092, 1093, 1094, 1095, 1096, 1097, 1098, 1099, 1101, 1102, 1107, 1109, 1113, 1114, 1116, 1118, 1128, 1132, 1133, 1134, 1143, 1145, 1146, 1148, 1149, 1150, 1151, 1155, 1156, 1158, 1160, 1164, 1168, 1171, 1172, 1173, 1174, 1176, 1178, 1179, 1180, 1182, 1184, 1189, 1190, 1192, 1194, 1197, 1200, 1202, 1203, 1204, 1205, 1206, 1211, 1212, 1215, 1229, 1230, 1231, 1233, 1236, 1237, 1238, 1242, 1244, 1246, 1249, 1251, 1252, 1259, 1265, 1266, 1268, 1269, 1271, 1272, 1275, 1277, 1278, 1279, 1285, 1286, 1287, 1288, 1290, 1292, 1293, 1294, 1296, 1297, 1299, 1300, 1304, 1305, 1308, 1310, 1311, 1316, 1317, 1318, 1319, 1323, 1325, 1326, 1328, 1330, 1338, 1339, 1340, 1343, 1345, 1347, 1352, 1353, 1354, 1355, 1360, 1362, 1365, 1366, 1371, 1372, 1375, 1377, 1378, 1381, 1389, 1390, 1391, 1392, 1394, 1397, 1398, 1399, 1402, 1406, 1408, 1409, 1412, 1415, 1416, 1420, 1422, 1424, 1425, 1427, 1432, 1433, 1435, 1436, 1437, 1438, 1439, 1441, 1444, 1445, 1448, 1449, 1451, 1455, 1456, 1457, 1462, 1463, 1464, 1466, 1472, 1477, 1479, 1484, 1488, 1491, 1492, 1496, 1500, 1506, 1508, 1510, 1511, 1512, 1516, 1517, 1518, 1522, 1528, 1529, 1530, 1535, 1536, 1544, 1548, 1549, 1551, 1552, 1558, 1559, 1560, 1563, 1569, 1571, 1572, 1578, 1582, 1588, 1593, 1594, 1595, 1596, 1598, 1599, 1600, 1605, 1607, 1609, 1621, 1622, 1626, 1627, 1633, 1635, 1638, 1639, 1640, 1641, 1642, 1644, 1648, 1649, 1655, 1656, 1658, 1661, 1663, 1665, 1669, 1675, 1676, 1682, 1683, 1687, 1690, 1691, 1693, 1698, 1699, 1700, 1703, 1704, 1705, 1706, 1716, 1719, 1720, 1729, 1731, 1735, 1736, 1738, 1745, 1747, 1749, 1752, 1762, 1764, 1766, 1767, 1769, 1771, 1774, 1775, 1777, 1781, 1783, 1786, 1790, 1791, 1795, 1796, 1809, 1816, 1818]",
PPI_7,0.1,2488,248,5.296976089477539,0.7947716614560072,,,"[10, 15, 23, 25, 33, 44, 48, 50, 52, 54, 78, 82, 85, 86, 92, 94, 114, 116, 118, 141, 146, 159, 164, 167, 168, 169, 191, 208, 219, 232, 237, 258, 259, 287, 293, 304, 305, 329, 339, 372, 373, 374, 380, 386, 396, 398, 399, 411, 418, 424, 436, 442, 452, 455, 477, 483, 490, 499, 507, 519, 528, 529, 539, 541, 551, 564, 565, 573, 589, 591, 622, 639, 640, 641, 644, 646, 668, 671, 699, 705, 706, 712, 713, 721, 749, 756, 757, 761, 768, 770, 773, 787, 789, 793, 795, 801, 802, 809, 846, 848, 871, 879, 890, 910, 916, 923, 925, 942, 948, 955, 959, 968, 980, 993, 1011, 1012, 1015, 1018, 1027, 1043, 1044, 1054, 1070, 1084, 1092, 1112, 1118, 1192, 1203, 1204, 1228, 1235, 1240, 1244, 1257, 1263, 1270, 1284, 1295, 1302, 1308, 1314, 1333, 1336, 1361, 1363, 1384, 1401, 1420, 1430, 1458, 1459, 1482, 1484, 1499, 1510, 1521, 1542, 1549, 1552, 1561, 1575, 1583, 1591, 1595, 1606, 1617, 1625, 1632, 1655, 1687, 1707, 1713, 1724, 1732, 1733, 1740, 1753, 1757, 1758, 1761, 1783, 1788, 1801, 1817, 1819, 1822, 1835, 1840, 1869, 1874, 1881, 1885, 1903, 1904, 1909, 1923, 1929, 1940, 1949, 1960, 1970, 1997, 2012, 2028, 2047, 2055, 2066, 2088, 2100, 2113, 2120, 2124, 2134, 2138, 2145, 2150, 2164, 2199, 2205, 2229, 2237, 2242, 2251, 2254, 2256, 2265, 2271, 2281, 2307, 2327, 2332, 2335, 2345, 2349, 2406, 2410, 2420, 2429, 2431, 2434, 2444, 2445, 2455, 2461, 2465, 2478, 2479]",
PPI_7,0.2,2488,497,5.62633752822876,0.6449419372099069,,,"[5, 10, 14, 23, 25, 27, 30, 34, 39, 42, 44, 48, 50, 52, 60, 64, 65, 67, 78, 82, 84, 85, 86, 88, 92, 94, 103, 114, 118, 141, 146, 156, 159, 164, 165, 167, 168, 169, 171, 185, 191, 197, 207, 208, 213, 219, 220, 224, 232, 237, 240, 241, 247, 252, 258, 259, 264, 273, 274, 287, 292, 298, 304, 305, 323, 328, 329, 335, 339, 342, 343, 346, 347, 348, 353, 354, 372, 373, 380, 386, 396, 398, 399, 402, 404, 411, 412, 418, 421, 424, 426, 431, 432, 436, 442, 452, 455, 460, 473, 478, 479, 482, 483, 490, 493, 499, 503, 504, 517, 518, 519, 528, 529, 532, 533, 539, 541, 542, 543, 546, 549, 551, 556, 564, 565, 569, 573, 583, 586, 587, 591, 599, 619, 622, 628, 630, 639, 641, 644, 646, 668, 671, 672, 674, 680, 695, 699, 703, 705, 706, 712, 713, 721, 749, 754, 756, 757, 761, 763, 767, 768, 770, 771, 772, 773, 783, 787, 789, 792, 795, 801, 802, 803, 808, 809, 822, 826, 835, 840, 844, 846, 848, 849, 869, 870, 871, 879, 889, 890, 891, 893, 896, 910, 916, 923, 925, 927, 937, 942, 948, 955, 956, 959, 960, 966, 968, 970, 980, 990, 991, 993, 994, 1009, 1011, 1012, 1014, 1015, 1016, 1017, 1022, 1027, 1038, 1043, 1044, 1050, 1054, 1058, 1063, 1070, 1074, 1081, 1084, 1092, 1094, 1102, 1112, 1115, 1117, 1118, 1124, 1126, 1139, 1140, 1151, 1152, 1155, 1168, 1172, 1183, 1191, 1192, 1199, 1203, 1204, 1211, 1213, 1214, 1216, 1228, 1230, 1235, 1244, 1245, 1247, 1255, 1257, 1263, 1267, 1282, 1284, 1289, 1295, 1296, 1298, 1302, 1303, 1308, 1310, 1314, 1318, 1322, 1333, 1355, 1356, 1361, 1363, 1374, 1375, 1378, 1381, 1384, 1389, 1394, 1398, 1399, 1401, 1410, 1424, 1428, 1430, 1439, 1441, 1450, 1458, 1459, 1460, 1470, 1476, 1484, 1499, 1510, 1521, 1532, 1537, 1542, 1546, 1549, 1551, 1552, 1553, 1554, 1555, 1556, 1561, 1575, 1582, 1583, 1587, 1588, 1591, 1595, 1606, 1617, 1618, 1619, 1623, 1625, 1644, 1655, 1657, 1658, 1673, 1683, 1685, 1687, 1694, 1696, 1707, 1713, 1723, 1724, 1728, 1729, 1732, 1733, 1740, 1742, 1746, 1749, 1754, 1761, 1762, 1765, 1768, 1782, 1783, 1785, 1788, 1790, 1791, 1792, 1793, 1800, 1801, 1808, 1809, 1810, 1817, 1818, 1819, 1822, 1827, 1835, 1840, 1842, 1844, 1857, 1868, 1869, 1874, 1881, 1885, 1893, 1898, 1903, 1904, 1907, 1909, 1915, 1917, 1922, 1923, 1928, 1940, 1944, 1952, 1958, 1970, 1972, 1983, 1997, 2002, 2008, 2012, 2017, 2028, 2034, 2039, 2045, 2056, 2058, 2063, 2076, 2078, 2080, 2085, 2093, 2100, 2101, 2111, 2113, 2117, 2124, 2131, 2134, 2138, 2145, 2152, 2154, 2160, 2164, 2168, 2171, 2173, 2181, 2184, 2190, 2199, 2207, 2210, 2224, 2229, 2237, 2238, 2240, 2242, 2249, 2251, 2254, 2256, 2263, 2265, 2271, 2281, 2298, 2301, 2305, 2307, 2327, 2328, 2332, 2335, 2342, 2349, 2351, 2353, 2378, 2381, 2385, 2410, 2413, 2414, 2415, 2420, 2427, 2429, 2431, 2434, 2444, 2455, 2459, 2460, 2465, 2467, 2478, 2479, 2480]",
PPI_7,0.3,2488,746,6.166911602020264,0.40388588581855445,,,"[6, 10, 11, 14, 16, 23, 25, 27, 30, 34, 37, 44, 48, 50, 52, 54, 58, 60, 64, 65, 70, 76, 78, 82, 84, 85, 88, 91, 92, 94, 97, 100, 105, 114, 117, 118, 120, 138, 139, 141, 145, 146, 147, 150, 156, 157, 159, 160, 164, 165, 167, 168, 169, 170, 185, 189, 190, 191, 198, 207, 208, 215, 219, 220, 224, 227, 232, 233, 237, 240, 241, 243, 252, 253, 256, 258, 259, 261, 264, 266, 273, 274, 278, 287, 291, 292, 295, 296, 297, 298, 299, 301, 305, 306, 315, 318, 320, 323, 328, 329, 331, 333, 335, 336, 337, 338, 339, 342, 343, 346, 348, 352, 354, 355, 357, 360, 363, 372, 373, 377, 380, 386, 396, 398, 399, 402, 411, 412, 415, 416, 418, 420, 421, 424, 426, 436, 439, 442, 452, 455, 456, 461, 470, 477, 478, 479, 480, 482, 483, 486, 487, 493, 498, 499, 501, 503, 505, 506, 517, 522, 523, 525, 528, 529, 531, 532, 533, 535, 539, 540, 541, 542, 543, 546, 549, 550, 551, 558, 564, 565, 568, 573, 581, 586, 587, 589, 591, 598, 604, 605, 617, 622, 623, 628, 630, 635, 639, 644, 645, 646, 647, 662, 665, 666, 668, 669, 671, 673, 679, 680, 682, 686, 693, 699, 703, 705, 706, 713, 717, 720, 721, 746, 747, 749, 752, 755, 756, 761, 765, 770, 771, 773, 777, 782, 783, 787, 789, 790, 791, 792, 794, 795, 800, 801, 802, 803, 806, 808, 811, 812, 822, 823, 826, 828, 829, 835, 837, 840, 846, 848, 849, 854, 857, 861, 868, 869, 870, 871, 873, 877, 879, 880, 890, 891, 893, 902, 915, 916, 917, 923, 925, 927, 931, 933, 942, 947, 948, 949, 951, 953, 955, 956, 959, 968, 970, 980, 990, 991, 993, 994, 1007, 1009, 1010, 1011, 1012, 1013, 1014, 1015, 1016, 1017, 1018, 1022, 1027, 1032, 1038, 1043, 1044, 1045, 1048, 1050, 1054, 1058, 1060, 1066, 1069, 1070, 1071, 1076, 1077, 1078, 1081, 1084, 1089, 1092, 1094, 1102, 1110, 1112, 1115, 1116, 1117, 1118, 1122, 1124, 1139, 1140, 1151, 1154, 1155, 1161, 1163, 1166, 1167, 1172, 1175, 1181, 1191, 1192, 1194, 1196, 1199, 1200, 1202, 1204, 1207, 1208, 1211, 1212, 1213, 1214, 1216, 1217, 1219, 1220, 1223, 1228, 1230, 1235, 1239, 1244, 1245, 1247, 1249, 1252, 1256, 1257, 1263, 1266, 1267, 1270, 1275, 1284, 1289, 1290, 1295, 1296, 1298, 1302, 1303, 1304, 1306, 1310, 1314, 1315, 1324, 1331, 1332, 1333, 1335, 1350, 1354, 1355, 1356, 1357, 1359, 1361, 1363, 1366, 1370, 1374, 1378, 1384, 1386, 1387, 1389, 1392, 1393, 1394, 1398, 1399, 1401, 1402, 1415, 1419, 1421, 1424, 1426, 1428, 1429, 1430, 1434, 1441, 1449, 1450, 1451, 1454, 1458, 1459, 1460, 1462, 1464, 1465, 1468, 1470, 1473, 1474, 1475, 1476, 1477, 1479, 1480, 1482, 1484, 1490, 1493, 1497, 1499, 1500, 1507, 1510, 1513, 1514, 1521, 1534, 1537, 1542, 1545, 1548, 1551, 1552, 1553, 1554, 1555, 1556, 1561, 1562, 1563, 1575, 1578, 1580, 1582, 1583, 1587, 1591, 1600, 1602, 1606, 1611, 1613, 1616, 1617, 1618, 1619, 1620, 1623, 1624, 1625, 1628, 1632, 1637, 1639, 1644, 1655, 1657, 1658, 1664, 1670, 1671, 1675, 1677, 1683, 1684, 1685, 1686, 1687, 1688, 1693, 1694, 1696, 1699, 1703, 1706, 1707, 1710, 1713, 1724, 1728, 1729, 1732, 1733, 1736, 1740, 1742, 1746, 1749, 1755, 1756, 1757, 1758, 1761, 1762, 1763, 1765, 1773, 1777, 1778, 1779, 1780, 1784, 1786, 1788, 1790, 1792, 1793, 1799, 1800, 1801, 1806, 1807, 1809, 1817, 1819, 1822, 1825, 1830, 1833, 1835, 1842, 1848, 1851, 1860, 1869, 1872, 1874, 1881, 1885, 1893, 1894, 1896, 1898, 1903, 1904, 1908, 1909, 1915, 1917, 1923, 1927, 1928, 1934, 1937, 1939, 1940, 1944, 1949, 1958, 1965, 1970, 1972, 1974, 1980, 1981, 1983, 1989, 1997, 2000, 2002, 2005, 2008, 2012, 2017, 2021, 2022, 2024, 2028, 2029, 2051, 2054, 2056, 2058, 2069, 2070, 2071, 2076, 2078, 2080, 2082, 2085, 2090, 2091, 2098, 2099, 2101, 2104, 2106, 2109, 2111, 2113, 2115, 2122, 2124, 2126, 2131, 2134, 2136, 2138, 2150, 2154, 2159, 2162, 2168, 2171, 2181, 2184, 2199, 2204, 2206, 2207, 2209, 2215, 2223, 2224, 2227, 2229, 2232, 2237, 2239, 2242, 2249, 2251, 2252, 2253, 2254, 2256, 2257, 2263, 2265, 2266, 2267, 2271, 2273, 2281, 2293, 2298, 2301, 2307, 2308, 2323, 2327, 2328, 2330, 2332, 2334, 2335, 2336, 2349, 2352, 2353, 2360, 2363, 2371, 2372, 2381, 2382, 2384, 2385, 2388, 2393, 2394, 2398, 2401, 2402, 2407, 2410, 2413, 2415, 2425, 2427, 2428, 2429, 2431, 2434, 2436, 2437, 2439, 2444, 2445, 2450, 2451, 2455, 2459, 2460, 2465, 2467, 2478, 2479]",
PPI_7,0.4,2488,995,6.452355146408081,0.003354348891789926,,,"[4, 6, 10, 13, 14, 16, 22, 23, 25, 27, 28, 30, 34, 37, 39, 42, 44, 46, 48, 50, 54, 56, 61, 64, 65, 70, 72, 75, 78, 81, 82, 84, 85, 87, 88, 91, 92, 94, 100, 101, 105, 108, 113, 114, 115, 118, 121, 125, 127, 129, 130, 131, 137, 138, 139, 140, 142, 145, 146, 147, 150, 156, 159, 160, 165, 167, 168, 170, 171, 174, 185, 186, 189, 190, 191, 196, 199, 202, 203, 205, 206, 207, 208, 209, 213, 215, 224, 225, 227, 228, 234, 237, 240, 242, 246, 249, 252, 253, 256, 258, 259, 260, 261, 262, 264, 266, 272, 273, 276, 278, 280, 289, 290, 291, 292, 293, 294, 295, 296, 298, 299, 301, 302, 305, 306, 307, 312, 315, 318, 320, 323, 328, 329, 332, 333, 335, 336, 337, 339, 342, 343, 346, 348, 349, 351, 352, 353, 354, 357, 360, 363, 364, 368, 371, 372, 373, 376, 377, 379, 380, 385, 386, 396, 397, 398, 399, 400, 402, 403, 404, 412, 416, 418, 419, 420, 421, 422, 424, 426, 427, 433, 434, 435, 436, 439, 441, 442, 446, 449, 452, 454, 455, 456, 460, 461, 466, 467, 469, 470, 472, 476, 477, 479, 480, 482, 483, 485, 487, 490, 492, 493, 495, 498, 499, 500, 501, 502, 503, 506, 511, 513, 518, 521, 522, 523, 525, 528, 529, 532, 535, 539, 540, 541, 542, 543, 546, 547, 548, 549, 550, 551, 552, 563, 564, 568, 569, 572, 573, 574, 585, 586, 593, 598, 599, 600, 604, 605, 609, 620, 622, 623, 625, 628, 632, 634, 635, 638, 639, 640, 641, 643, 644, 645, 647, 649, 651, 652, 655, 657, 662, 664, 665, 666, 667, 668, 669, 671, 673, 679, 680, 682, 686, 688, 689, 693, 696, 699, 700, 701, 702, 703, 705, 706, 713, 715, 717, 719, 720, 721, 723, 730, 732, 739, 745, 746, 747, 748, 749, 752, 761, 770, 771, 773, 774, 787, 789, 791, 792, 793, 795, 799, 800, 801, 802, 803, 805, 806, 808, 811, 818, 819, 824, 826, 828, 829, 832, 835, 837, 839, 840, 842, 844, 846, 848, 854, 855, 857, 858, 861, 863, 868, 869, 871, 873, 876, 877, 879, 880, 890, 891, 899, 901, 902, 903, 906, 907, 912, 915, 923, 925, 927, 929, 931, 937, 941, 942, 946, 947, 948, 949, 950, 953, 955, 958, 959, 962, 964, 965, 966, 968, 969, 971, 974, 975, 978, 979, 980, 982, 984, 985, 989, 991, 992, 993, 1007, 1009, 1010, 1011, 1012, 1014, 1015, 1016, 1017, 1018, 1022, 1027, 1029, 1032, 1034, 1036, 1037, 1041, 1043, 1044, 1046, 1048, 1049, 1050, 1051, 1054, 1058, 1060, 1062, 1067, 1069, 1070, 1072, 1074, 1076, 1077, 1078, 1081, 1084, 1089, 1092, 1094, 1096, 1099, 1101, 1102, 1110, 1112, 1115, 1116, 1117, 1118, 1119, 1120, 1122, 1133, 1134, 1136, 1137, 1139, 1140, 1141, 1148, 1150, 1152, 1153, 1154, 1157, 1158, 1159, 1161, 1163, 1164, 1166, 1167, 1172, 1175, 1177, 1181, 1191, 1194, 1196, 1198, 1199, 1203, 1207, 1208, 1209, 1211, 1212, 1214, 1215, 1216, 1217, 1218, 1219, 1223, 1228, 1230, 1235, 1243, 1244, 1245, 1246, 1248, 1249, 1252, 1256, 1257, 1261, 1263, 1266, 1270, 1271, 1274, 1276, 1284, 1289, 1290, 1295, 1296, 1303, 1304, 1305, 1306, 1310, 1314, 1315, 1317, 1319, 1324, 1326, 1331, 1332, 1333, 1334, 1335, 1339, 1345, 1347, 1350, 1352, 1355, 1356, 1357, 1361, 1366, 1367, 1370, 1373, 1374, 1377, 1378, 1381, 1383, 1384, 1386, 1387, 1388, 1389, 1392, 1394, 1398, 1399, 1401, 1402, 1407, 1414, 1419, 1424, 1425, 1427, 1428, 1429, 1430, 1431, 1441, 1450, 1451, 1454, 1455, 1456, 1457, 1458, 1461, 1462, 1470, 1477, 1479, 1480, 1481, 1482, 1483, 1484, 1487, 1489, 1491, 1493, 1495, 1499, 1500, 1501, 1502, 1504, 1507, 1510, 1513, 1515, 1527, 1531, 1532, 1534, 1540, 1547, 1548, 1550, 1551, 1552, 1553, 1554, 1555, 1556, 1558, 1560, 1561, 1562, 1563, 1565, 1575, 1578, 1579, 1580, 1582, 1583, 1586, 1587, 1589, 1591, 1600, 1602, 1605, 1606, 1611, 1613, 1615, 1618, 1619, 1623, 1624, 1625, 1630, 1635, 1638, 1642, 1644, 1655, 1656, 1657, 1664, 1670, 1671, 1675, 1677, 1681, 1682, 1683, 1684, 1685, 1687, 1688, 1690, 1691, 1693, 1694, 1695, 1696, 1697, 1700, 1702, 1703, 1706, 1707, 1710, 1713, 1717, 1719, 1720, 1724, 1728, 1730, 1732, 1733, 1738, 1740, 1741, 1743, 1746, 1749, 1757, 1758, 1761, 1762, 1763, 1764, 1765, 1768, 1773, 1777, 1778, 1780, 1784, 1786, 1788, 1789, 1790, 1791, 1792, 1793, 1797, 1800, 1801, 1804, 1808, 1809, 1813, 1815, 1817, 1818, 1819, 1822, 1823, 1825, 1830, 1834, 1835, 1841, 1842, 1845, 1846, 1847, 1850, 1851, 1852, 1857, 1867, 1872, 1874, 1878, 1881, 1883, 1884, 1885, 1893, 1894, 1895, 1896, 1902, 1903, 1904, 1908, 1909, 1914, 1915, 1917, 1918, 1920, 1923, 1924, 1927, 1928, 1934, 1937, 1939, 1940, 1942, 1944, 1945, 1946, 1947, 1949, 1954, 1967, 1970, 1972, 1974, 1976, 1979, 1980, 1981, 1982, 1983, 1984, 1986, 1989, 1997, 2002, 2007, 2008, 2011, 2014, 2017, 2021, 2022, 2024, 2029, 2032, 2034, 2037, 2041, 2043, 2046, 2049, 2051, 2054, 2055, 2056, 2062, 2063, 2064, 2065, 2069, 2070, 2073, 2074, 2075, 2076, 2078, 2079, 2080, 2082, 2089, 2090, 2091, 2098, 2100, 2101, 2104, 2106, 2109, 2110, 2111, 2113, 2115, 2122, 2124, 2131, 2134, 2138, 2140, 2141, 2146, 2150, 2159, 2160, 2162, 2165, 2166, 2167, 2173, 2174, 2175, 2176, 2177, 2180, 2182, 2184, 2186, 2189, 2191, 2199, 2202, 2204, 2205, 2206, 2207, 2208, 2211, 2212, 2215, 2217, 2221, 2223, 2224, 2227, 2229, 2230, 2231, 2233, 2237, 2239, 2240, 2241, 2249, 2250, 2252, 2253, 2254, 2256, 2257, 2259, 2263, 2266, 2268, 2269, 2271, 2272, 2273, 2279, 2281, 2286, 2297, 2298, 2301, 2302, 2307, 2308, 2309, 2310, 2320, 2321, 2322, 2323, 2326, 2327, 2328, 2331, 2332, 2334, 2335, 2346, 2349, 2352, 2361, 2363, 2369, 2371, 2373, 2374, 2381, 2382, 2384, 2385, 2386, 2388, 2390, 2393, 2401, 2403, 2405, 2407, 2410, 2412, 2413, 2414, 2420, 2421, 2423, 2424, 2426, 2427, 2428, 2429, 2432, 2434, 2436, 2437, 2439, 2444, 2445, 2447, 2448, 2449, 2451, 2453, 2454, 2455, 2459, 2462, 2471, 2479, 2482]",
PPI_8,0.1,591,59,5.0072009563446045,0.6871840618495391,,,"[9, 13, 20, 23, 24, 29, 66, 69, 77, 91, 108, 134, 149, 163, 169, 182, 186, 207, 223, 231, 232, 248, 256, 283, 287, 300, 320, 348, 351, 364, 369, 375, 380, 385, 398, 402, 417, 430, 432, 433, 434, 439, 455, 459, 460, 467, 473, 486, 488, 490, 520, 524, 536, 540, 558, 566, 586, 589, 590]",
PPI_8,0.2,591,118,5.0168633460998535,0.40740674382771347,,,"[9, 10, 12, 13, 20, 23, 24, 29, 36, 51, 56, 57, 66, 69, 72, 77, 90, 91, 92, 94, 99, 108, 109, 125, 134, 139, 140, 141, 146, 149, 159, 168, 169, 172, 173, 175, 177, 180, 182, 184, 185, 186, 190, 207, 208, 211, 220, 223, 232, 236, 253, 256, 272, 277, 278, 283, 287, 288, 300, 304, 314, 320, 324, 332, 334, 340, 341, 342, 351, 352, 359, 364, 369, 375, 380, 382, 385, 386, 398, 411, 412, 417, 418, 420, 430, 432, 433, 434, 451, 452, 455, 458, 460, 463, 467, 473, 488, 495, 507, 516, 517, 520, 524, 525, 526, 529, 533, 538, 549, 553, 554, 555, 556, 558, 563, 566, 586, 590]",
PPI_8,0.3,591,177,5.0040693283081055,0.022505292954813957,,,"[4, 9, 10, 12, 13, 17, 19, 23, 24, 25, 29, 34, 47, 50, 53, 56, 57, 58, 69, 73, 77, 89, 90, 91, 92, 94, 99, 102, 103, 104, 108, 109, 114, 116, 122, 134, 135, 139, 140, 141, 146, 150, 158, 159, 168, 169, 172, 173, 175, 176, 177, 179, 182, 185, 186, 190, 197, 201, 207, 211, 213, 223, 226, 230, 232, 234, 246, 247, 252, 253, 254, 259, 267, 277, 283, 285, 288, 297, 299, 300, 304, 306, 308, 314, 320, 323, 324, 328, 332, 333, 340, 341, 342, 343, 349, 351, 352, 353, 357, 359, 363, 364, 369, 375, 379, 380, 382, 385, 398, 410, 411, 412, 413, 417, 418, 421, 423, 430, 431, 432, 433, 434, 437, 441, 442, 443, 451, 452, 455, 456, 457, 458, 459, 463, 467, 471, 472, 473, 476, 482, 488, 492, 494, 495, 497, 498, 509, 514, 516, 517, 518, 519, 520, 524, 525, 529, 533, 537, 539, 540, 544, 549, 550, 553, 554, 555, 556, 558, 562, 563, 566, 571, 572, 575, 584, 586, 590]",
PPI_8,0.4,591,236,5.0019211769104,0.0024349486751014562,,,"[4, 6, 9, 10, 12, 13, 17, 18, 19, 20, 22, 23, 24, 25, 27, 29, 33, 34, 36, 40, 41, 43, 47, 50, 51, 53, 56, 57, 58, 61, 63, 66, 69, 72, 73, 74, 77, 80, 89, 90, 91, 92, 94, 99, 102, 103, 108, 109, 110, 111, 116, 122, 125, 130, 134, 135, 139, 140, 141, 143, 146, 149, 150, 152, 158, 159, 164, 167, 168, 169, 172, 173, 175, 177, 182, 185, 186, 190, 197, 198, 199, 207, 211, 212, 213, 215, 223, 226, 230, 231, 232, 234, 236, 237, 239, 247, 251, 252, 253, 256, 257, 259, 267, 268, 277, 283, 285, 286, 288, 290, 297, 300, 304, 306, 309, 314, 319, 320, 324, 328, 332, 333, 335, 340, 341, 342, 343, 351, 352, 353, 357, 359, 361, 362, 363, 364, 368, 369, 370, 375, 379, 380, 382, 383, 385, 389, 390, 398, 400, 411, 412, 413, 417, 418, 420, 423, 424, 430, 431, 432, 433, 434, 435, 439, 441, 442, 443, 446, 447, 449, 451, 452, 456, 457, 458, 459, 460, 463, 465, 467, 471, 472, 473, 476, 479, 482, 488, 490, 491, 492, 494, 495, 498, 499, 504, 507, 512, 514, 516, 517, 518, 519, 520, 522, 524, 526, 527, 528, 529, 533, 536, 537, 538, 539, 540, 544, 548, 549, 550, 553, 554, 555, 556, 558, 562, 563, 564, 566, 571, 572, 573, 575, 584, 586, 589, 590]",
PPI_9,0.1,3312,331,5.668132305145264,0.8300883222377068,,,"[4, 6, 15, 20, 30, 31, 32, 33, 43, 46, 56, 61, 65, 67, 71, 89, 102, 132, 138, 146, 155, 160, 175, 197, 202, 203, 205, 221, 224, 230, 236, 243, 247, 255, 263, 268, 288, 289, 291, 296, 300, 311, 314, 327, 331, 334, 336, 354, 369, 370, 374, 384, 386, 387, 390, 391, 408, 409, 412, 416, 425, 439, 446, 467, 476, 477, 486, 493, 495, 497, 508, 519, 524, 525, 535, 551, 563, 567, 585, 599, 614, 622, 625, 633, 636, 653, 664, 674, 687, 704, 705, 707, 711, 713, 732, 742, 745, 750, 766, 790, 795, 800, 818, 842, 848, 870, 871, 883, 891, 907, 912, 930, 934, 953, 954, 962, 977, 980, 983, 1003, 1063, 1064, 1087, 1093, 1095, 1101, 1104, 1108, 1113, 1120, 1148, 1152, 1196, 1198, 1219, 1233, 1237, 1249, 1250, 1254, 1262, 1268, 1270, 1274, 1276, 1284, 1291, 1293, 1307, 1335, 1336, 1349, 1356, 1363, 1370, 1408, 1428, 1435, 1436, 1441, 1443, 1462, 1475, 1478, 1502, 1509, 1525, 1527, 1535, 1540, 1553, 1560, 1580, 1617, 1623, 1641, 1647, 1656, 1662, 1670, 1683, 1696, 1716, 1719, 1724, 1728, 1730, 1733, 1735, 1736, 1764, 1789, 1793, 1801, 1812, 1814, 1830, 1843, 1850, 1860, 1899, 1908, 1909, 1910, 1915, 1918, 1919, 1922, 1940, 1955, 1961, 1978, 1987, 1992, 1994, 2012, 2044, 2059, 2064, 2080, 2085, 2096, 2104, 2115, 2116, 2137, 2146, 2149, 2152, 2154, 2158, 2181, 2190, 2195, 2211, 2221, 2256, 2259, 2260, 2293, 2307, 2311, 2322, 2323, 2327, 2332, 2340, 2344, 2347, 2350, 2353, 2354, 2360, 2377, 2393, 2409, 2411, 2414, 2425, 2429, 2444, 2466, 2475, 2476, 2484, 2489, 2491, 2492, 2517, 2531, 2543, 2547, 2584, 2587, 2609, 2611, 2626, 2658, 2660, 2662, 2671, 2694, 2716, 2720, 2724, 2732, 2759, 2770, 2777, 2813, 2818, 2823, 2832, 2837, 2853, 2868, 2880, 2884, 2886, 2901, 2907, 2923, 2950, 2984, 2993, 2999, 3002, 3011, 3023, 3062, 3085, 3091, 3093, 3104, 3108, 3112, 3123, 3162, 3171, 3185, 3203, 3208, 3213, 3219, 3224, 3228, 3241, 3244, 3292, 3298, 3300]",
PPI_9,0.2,3312,662,6.410555362701416,0.7208601323390101,,,"[3, 6, 11, 15, 30, 32, 37, 43, 46, 56, 58, 61, 67, 71, 78, 86, 96, 97, 99, 100, 103, 108, 111, 113, 117, 132, 138, 142, 144, 146, 148, 165, 172, 175, 182, 183, 197, 199, 200, 202, 203, 205, 206, 214, 220, 221, 224, 225, 230, 236, 242, 243, 245, 247, 255, 256, 258, 268, 275, 277, 287, 288, 291, 292, 296, 300, 309, 310, 314, 316, 318, 319, 333, 334, 336, 338, 350, 351, 355, 363, 365, 370, 372, 374, 387, 394, 398, 403, 408, 409, 412, 415, 417, 422, 425, 428, 439, 441, 444, 448, 454, 461, 467, 472, 478, 486, 487, 491, 493, 495, 496, 498, 508, 514, 519, 522, 524, 526, 530, 534, 535, 544, 551, 567, 583, 588, 594, 597, 603, 619, 623, 625, 627, 633, 640, 644, 652, 653, 656, 659, 664, 668, 669, 674, 680, 687, 691, 700, 703, 704, 706, 707, 708, 713, 726, 727, 732, 736, 737, 738, 740, 742, 745, 750, 755, 757, 758, 765, 766, 770, 774, 782, 784, 787, 789, 794, 795, 800, 801, 804, 820, 821, 823, 828, 830, 839, 842, 843, 845, 852, 859, 861, 865, 870, 871, 879, 883, 886, 898, 900, 905, 912, 916, 925, 931, 934, 954, 962, 966, 973, 974, 975, 980, 983, 990, 993, 995, 996, 999, 1003, 1006, 1011, 1016, 1020, 1022, 1025, 1040, 1041, 1046, 1052, 1054, 1055, 1063, 1070, 1079, 1085, 1087, 1096, 1098, 1099, 1101, 1104, 1108, 1120, 1121, 1136, 1148, 1150, 1152, 1171, 1181, 1182, 1184, 1185, 1186, 1196, 1198, 1205, 1209, 1210, 1220, 1230, 1232, 1233, 1237, 1262, 1268, 1270, 1274, 1278, 1280, 1284, 1289, 1291, 1292, 1307, 1311, 1318, 1321, 1323, 1328, 1329, 1334, 1335, 1336, 1348, 1356, 1364, 1365, 1369, 1370, 1382, 1397, 1408, 1428, 1435, 1436, 1441, 1443, 1446, 1447, 1451, 1455, 1462, 1475, 1480, 1482, 1483, 1485, 1486, 1488, 1504, 1509, 1512, 1525, 1527, 1534, 1535, 1536, 1547, 1552, 1553, 1560, 1563, 1570, 1580, 1583, 1585, 1591, 1597, 1601, 1604, 1608, 1613, 1617, 1621, 1625, 1641, 1642, 1643, 1689, 1696, 1703, 1708, 1712, 1716, 1718, 1719, 1722, 1724, 1728, 1733, 1735, 1736, 1737, 1742, 1744, 1757, 1758, 1759, 1766, 1768, 1777, 1789, 1793, 1804, 1807, 1812, 1814, 1826, 1836, 1843, 1850, 1851, 1856, 1861, 1866, 1869, 1874, 1888, 1895, 1908, 1909, 1916, 1918, 1919, 1936, 1940, 1941, 1952, 1961, 1966, 1968, 1971, 1973, 1974, 1978, 1992, 2004, 2016, 2027, 2047, 2051, 2053, 2056, 2059, 2078, 2082, 2084, 2085, 2088, 2094, 2100, 2104, 2116, 2118, 2122, 2124, 2128, 2142, 2143, 2148, 2149, 2152, 2158, 2159, 2162, 2175, 2181, 2184, 2185, 2190, 2191, 2195, 2196, 2206, 2214, 2216, 2222, 2223, 2237, 2238, 2240, 2248, 2251, 2252, 2256, 2259, 2260, 2267, 2278, 2282, 2291, 2292, 2295, 2300, 2303, 2305, 2307, 2311, 2322, 2323, 2327, 2332, 2340, 2344, 2348, 2350, 2353, 2354, 2355, 2358, 2360, 2369, 2371, 2373, 2377, 2378, 2379, 2380, 2381, 2382, 2385, 2393, 2409, 2411, 2414, 2415, 2416, 2417, 2418, 2421, 2424, 2425, 2429, 2434, 2439, 2443, 2450, 2452, 2462, 2466, 2475, 2476, 2478, 2481, 2484, 2489, 2491, 2513, 2516, 2520, 2527, 2531, 2536, 2540, 2543, 2547, 2549, 2551, 2555, 2562, 2564, 2567, 2570, 2574, 2581, 2584, 2585, 2606, 2609, 2611, 2616, 2619, 2622, 2623, 2625, 2626, 2631, 2633, 2654, 2658, 2660, 2662, 2668, 2679, 2698, 2701, 2705, 2717, 2723, 2724, 2728, 2730, 2731, 2737, 2741, 2745, 2770, 2775, 2777, 2781, 2784, 2785, 2796, 2800, 2806, 2813, 2823, 2832, 2837, 2839, 2840, 2853, 2856, 2868, 2871, 2874, 2881, 2882, 2884, 2886, 2888, 2898, 2899, 2901, 2902, 2907, 2908, 2910, 2917, 2923, 2950, 2951, 2960, 2961, 2963, 2964, 2965, 2970, 2971, 2973, 2974, 2981, 2983, 2984, 2993, 2994, 2998, 2999, 3002, 3004, 3005, 3021, 3023, 3037, 3042, 3060, 3062, 3067, 3085, 3091, 3093, 3104, 3108, 3123, 3137, 3141, 3142, 3143, 3146, 3151, 3158, 3162, 3169, 3170, 3171, 3172, 3176, 3185, 3194, 3203, 3207, 3208, 3209, 3212, 3219, 3224, 3228, 3238, 3241, 3244, 3260, 3271, 3272, 3273, 3275, 3279, 3281, 3288, 3290, 3300]",
PPI_9,0.3,3312,993,7.311899662017822,0.5348427161896641,,,"[5, 6, 11, 15, 19, 22, 30, 32, 33, 34, 43, 45, 46, 48, 49, 51, 56, 61, 63, 65, 67, 71, 72, 75, 78, 86, 88, 89, 100, 103, 107, 108, 111, 113, 116, 117, 118, 120, 121, 123, 125, 130, 132, 138, 142, 146, 157, 161, 164, 165, 168, 172, 173, 175, 176, 179, 180, 182, 183, 186, 197, 198, 202, 203, 205, 206, 207, 209, 219, 223, 224, 225, 230, 232, 236, 243, 246, 248, 250, 252, 255, 256, 261, 268, 275, 283, 284, 286, 291, 294, 299, 314, 316, 318, 321, 327, 332, 336, 338, 340, 342, 343, 345, 349, 350, 352, 356, 359, 360, 363, 365, 366, 368, 369, 370, 374, 375, 379, 381, 384, 387, 390, 394, 398, 403, 408, 409, 411, 412, 414, 416, 417, 421, 422, 425, 431, 432, 439, 441, 442, 444, 447, 448, 449, 450, 453, 456, 465, 467, 469, 471, 476, 477, 479, 480, 486, 491, 493, 495, 496, 499, 500, 508, 517, 519, 521, 522, 524, 526, 527, 528, 531, 543, 544, 546, 547, 558, 560, 561, 563, 565, 566, 567, 573, 585, 588, 592, 594, 598, 603, 609, 611, 612, 614, 618, 625, 626, 628, 629, 631, 633, 637, 640, 642, 644, 651, 652, 653, 656, 658, 659, 664, 668, 669, 673, 679, 680, 683, 684, 687, 690, 691, 698, 701, 702, 703, 704, 705, 706, 709, 711, 713, 719, 723, 725, 727, 732, 737, 738, 741, 742, 745, 750, 755, 756, 758, 764, 765, 773, 777, 778, 782, 788, 789, 790, 795, 800, 804, 805, 810, 814, 817, 818, 823, 824, 828, 830, 834, 835, 842, 843, 848, 850, 857, 859, 860, 861, 866, 870, 871, 874, 880, 882, 884, 891, 894, 896, 905, 907, 911, 912, 913, 915, 917, 922, 923, 924, 925, 930, 934, 935, 954, 959, 960, 962, 966, 973, 974, 975, 980, 983, 987, 990, 992, 993, 999, 1000, 1002, 1003, 1004, 1013, 1015, 1016, 1019, 1020, 1025, 1029, 1035, 1037, 1039, 1040, 1041, 1044, 1046, 1050, 1051, 1055, 1056, 1064, 1065, 1068, 1069, 1070, 1076, 1078, 1079, 1087, 1093, 1101, 1104, 1105, 1108, 1112, 1113, 1115, 1120, 1121, 1131, 1136, 1137, 1146, 1148, 1150, 1152, 1157, 1161, 1164, 1165, 1166, 1170, 1174, 1181, 1182, 1183, 1184, 1189, 1193, 1194, 1195, 1196, 1198, 1200, 1203, 1205, 1207, 1209, 1210, 1216, 1218, 1226, 1228, 1233, 1236, 1237, 1240, 1243, 1245, 1248, 1249, 1253, 1254, 1255, 1262, 1268, 1269, 1270, 1271, 1280, 1282, 1284, 1287, 1289, 1291, 1292, 1293, 1296, 1303, 1304, 1307, 1308, 1322, 1323, 1324, 1325, 1328, 1329, 1332, 1334, 1335, 1336, 1337, 1338, 1342, 1343, 1347, 1348, 1350, 1351, 1356, 1364, 1365, 1368, 1369, 1370, 1372, 1377, 1384, 1389, 1402, 1407, 1408, 1410, 1418, 1420, 1423, 1424, 1425, 1432, 1435, 1436, 1441, 1442, 1443, 1445, 1446, 1448, 1450, 1460, 1462, 1465, 1473, 1475, 1476, 1478, 1479, 1480, 1482, 1485, 1487, 1490, 1491, 1492, 1501, 1506, 1508, 1511, 1512, 1521, 1524, 1525, 1533, 1534, 1535, 1536, 1539, 1541, 1542, 1549, 1553, 1556, 1560, 1563, 1569, 1570, 1571, 1574, 1579, 1580, 1582, 1584, 1586, 1589, 1600, 1603, 1604, 1605, 1607, 1613, 1617, 1621, 1622, 1623, 1641, 1642, 1647, 1648, 1653, 1656, 1663, 1666, 1668, 1670, 1683, 1689, 1696, 1697, 1703, 1708, 1716, 1719, 1722, 1724, 1728, 1733, 1735, 1736, 1737, 1746, 1754, 1757, 1758, 1759, 1761, 1766, 1770, 1774, 1776, 1777, 1778, 1781, 1784, 1785, 1786, 1787, 1789, 1793, 1796, 1797, 1800, 1807, 1809, 1812, 1814, 1820, 1827, 1829, 1831, 1832, 1836, 1837, 1838, 1840, 1843, 1844, 1850, 1866, 1869, 1871, 1873, 1874, 1878, 1881, 1888, 1894, 1901, 1907, 1908, 1909, 1910, 1913, 1918, 1919, 1921, 1927, 1932, 1936, 1939, 1940, 1952, 1954, 1957, 1958, 1961, 1968, 1973, 1975, 1978, 1987, 1992, 1996, 2000, 2001, 2002, 2004, 2005, 2010, 2012, 2019, 2021, 2023, 2028, 2032, 2041, 2045, 2047, 2051, 2052, 2053, 2054, 2055, 2056, 2059, 2064, 2066, 2082, 2085, 2086, 2088, 2093, 2094, 2097, 2098, 2100, 2104, 2111, 2113, 2116, 2118, 2129, 2130, 2133, 2138, 2139, 2141, 2143, 2144, 2146, 2148, 2149, 2151, 2152, 2153, 2158, 2172, 2173, 2175, 2176, 2179, 2181, 2190, 2191, 2195, 2197, 2198, 2203, 2205, 2214, 2215, 2216, 2218, 2219, 2221, 2222, 2227, 2240, 2242, 2247, 2248, 2256, 2259, 2260, 2264, 2267, 2268, 2282, 2283, 2291, 2292, 2293, 2297, 2303, 2304, 2307, 2310, 2311, 2325, 2327, 2328, 2332, 2335, 2338, 2343, 2344, 2350, 2352, 2353, 2354, 2360, 2362, 2369, 2371, 2373, 2377, 2379, 2381, 2384, 2390, 2393, 2406, 2408, 2409, 2410, 2411, 2414, 2416, 2420, 2425, 2429, 2440, 2449, 2457, 2463, 2465, 2466, 2469, 2470, 2475, 2476, 2481, 2484, 2489, 2491, 2495, 2502, 2507, 2515, 2517, 2520, 2522, 2529, 2530, 2531, 2540, 2543, 2547, 2548, 2553, 2555, 2556, 2557, 2558, 2562, 2564, 2566, 2567, 2568, 2569, 2570, 2572, 2581, 2582, 2584, 2587, 2594, 2595, 2596, 2598, 2599, 2609, 2611, 2613, 2626, 2629, 2631, 2634, 2637, 2638, 2639, 2646, 2654, 2658, 2660, 2661, 2662, 2663, 2664, 2666, 2668, 2672, 2676, 2688, 2699, 2700, 2703, 2705, 2706, 2716, 2718, 2719, 2720, 2721, 2723, 2724, 2728, 2730, 2731, 2732, 2736, 2743, 2748, 2750, 2752, 2754, 2757, 2759, 2760, 2762, 2763, 2775, 2777, 2779, 2781, 2786, 2789, 2796, 2797, 2799, 2800, 2802, 2806, 2807, 2808, 2812, 2813, 2814, 2821, 2823, 2824, 2829, 2832, 2837, 2839, 2840, 2846, 2853, 2868, 2871, 2878, 2881, 2882, 2884, 2886, 2889, 2890, 2898, 2901, 2907, 2923, 2927, 2929, 2932, 2939, 2944, 2950, 2951, 2961, 2963, 2964, 2968, 2970, 2971, 2973, 2981, 2984, 2992, 2993, 2994, 2996, 2999, 3001, 3002, 3005, 3010, 3011, 3018, 3024, 3031, 3035, 3042, 3043, 3054, 3058, 3062, 3067, 3068, 3080, 3085, 3091, 3092, 3093, 3094, 3095, 3099, 3104, 3105, 3108, 3114, 3116, 3117, 3119, 3121, 3123, 3124, 3136, 3137, 3138, 3146, 3158, 3160, 3165, 3168, 3169, 3172, 3178, 3179, 3180, 3185, 3188, 3200, 3203, 3207, 3208, 3209, 3211, 3214, 3219, 3222, 3223, 3224, 3227, 3228, 3229, 3230, 3235, 3238, 3239, 3241, 3242, 3244, 3246, 3250, 3253, 3258, 3260, 3266, 3274, 3275, 3279, 3280, 3281, 3288, 3300, 3308]",
PPI_9,0.4,3312,1324,8.275718927383423,0.1394122156188262,,,"[0, 5, 11, 15, 18, 20, 22, 29, 30, 32, 33, 34, 37, 43, 45, 46, 48, 54, 56, 61, 63, 64, 65, 67, 70, 71, 72, 83, 88, 89, 92, 95, 99, 100, 103, 105, 107, 111, 112, 113, 116, 117, 119, 120, 123, 126, 128, 134, 140, 141, 142, 143, 144, 145, 146, 149, 160, 161, 163, 168, 169, 172, 173, 174, 175, 180, 182, 183, 186, 190, 191, 194, 195, 196, 197, 199, 203, 205, 206, 207, 209, 210, 211, 214, 219, 223, 224, 230, 232, 235, 236, 243, 244, 245, 250, 251, 252, 254, 255, 263, 267, 268, 274, 275, 277, 280, 281, 282, 286, 291, 294, 299, 300, 301, 302, 310, 314, 315, 318, 319, 321, 327, 329, 334, 336, 340, 342, 343, 346, 347, 348, 349, 350, 351, 356, 357, 359, 360, 361, 362, 363, 364, 365, 366, 368, 369, 370, 372, 374, 375, 379, 387, 390, 391, 394, 398, 401, 402, 403, 408, 409, 411, 412, 413, 415, 416, 417, 418, 420, 421, 422, 424, 425, 432, 433, 434, 441, 442, 446, 448, 449, 450, 451, 453, 454, 458, 462, 467, 471, 472, 473, 475, 476, 477, 483, 486, 487, 491, 493, 495, 496, 499, 508, 509, 514, 515, 516, 517, 518, 521, 522, 530, 532, 536, 538, 540, 543, 544, 545, 547, 551, 555, 558, 560, 563, 564, 565, 567, 570, 571, 573, 574, 575, 577, 581, 588, 590, 592, 594, 596, 603, 605, 606, 607, 610, 614, 615, 617, 618, 620, 625, 626, 627, 628, 629, 631, 633, 637, 641, 642, 644, 649, 650, 651, 652, 653, 654, 655, 656, 657, 658, 660, 664, 669, 676, 678, 679, 680, 687, 690, 691, 695, 700, 701, 703, 704, 705, 706, 708, 709, 710, 711, 712, 713, 718, 719, 725, 727, 729, 732, 736, 737, 738, 740, 744, 745, 747, 755, 756, 757, 758, 763, 764, 767, 768, 769, 773, 777, 778, 782, 785, 786, 788, 789, 795, 800, 805, 810, 811, 812, 817, 818, 820, 821, 822, 823, 824, 828, 829, 830, 834, 837, 840, 843, 850, 851, 856, 858, 859, 861, 862, 863, 865, 866, 868, 874, 875, 878, 879, 882, 884, 885, 889, 891, 894, 895, 903, 905, 906, 907, 909, 911, 912, 917, 923, 924, 925, 926, 930, 933, 934, 947, 954, 959, 960, 962, 969, 973, 974, 976, 980, 983, 985, 988, 990, 993, 995, 999, 1000, 1002, 1005, 1007, 1009, 1014, 1016, 1019, 1020, 1022, 1024, 1025, 1026, 1028, 1029, 1032, 1034, 1039, 1040, 1041, 1042, 1044, 1046, 1047, 1048, 1049, 1050, 1051, 1056, 1065, 1068, 1069, 1070, 1071, 1076, 1077, 1078, 1079, 1087, 1089, 1092, 1093, 1095, 1096, 1101, 1102, 1104, 1105, 1108, 1112, 1113, 1117, 1118, 1122, 1124, 1127, 1128, 1132, 1136, 1137, 1140, 1145, 1148, 1150, 1155, 1157, 1161, 1164, 1165, 1166, 1168, 1182, 1183, 1184, 1186, 1187, 1190, 1191, 1194, 1195, 1196, 1197, 1200, 1201, 1205, 1209, 1210, 1213, 1216, 1218, 1226, 1227, 1228, 1230, 1233, 1235, 1236, 1237, 1238, 1239, 1240, 1241, 1242, 1243, 1244, 1245, 1248, 1249, 1250, 1254, 1255, 1258, 1262, 1263, 1264, 1266, 1267, 1269, 1270, 1273, 1274, 1277, 1278, 1280, 1282, 1284, 1287, 1289, 1291, 1292, 1293, 1302, 1304, 1306, 1307, 1310, 1312, 1317, 1321, 1323, 1324, 1325, 1326, 1327, 1328, 1329, 1330, 1331, 1332, 1333, 1334, 1335, 1336, 1337, 1342, 1345, 1348, 1350, 1351, 1353, 1354, 1356, 1358, 1365, 1368, 1369, 1370, 1372, 1375, 1377, 1383, 1384, 1387, 1389, 1397, 1403, 1404, 1407, 1408, 1409, 1411, 1412, 1416, 1419, 1421, 1422, 1423, 1424, 1425, 1427, 1428, 1431, 1435, 1436, 1441, 1443, 1444, 1445, 1446, 1448, 1450, 1453, 1460, 1461, 1462, 1465, 1475, 1478, 1479, 1480, 1482, 1483, 1484, 1485, 1486, 1487, 1491, 1492, 1499, 1502, 1504, 1505, 1506, 1507, 1508, 1509, 1511, 1512, 1519, 1522, 1523, 1525, 1529, 1534, 1535, 1536, 1537, 1539, 1540, 1546, 1548, 1549, 1551, 1552, 1553, 1557, 1563, 1566, 1569, 1570, 1571, 1573, 1574, 1575, 1576, 1579, 1580, 1588, 1589, 1590, 1592, 1594, 1603, 1604, 1605, 1607, 1608, 1609, 1611, 1613, 1617, 1619, 1622, 1627, 1633, 1641, 1644, 1646, 1648, 1650, 1654, 1656, 1662, 1663, 1666, 1668, 1669, 1670, 1671, 1674, 1675, 1677, 1689, 1696, 1697, 1699, 1703, 1705, 1708, 1710, 1716, 1717, 1718, 1719, 1720, 1722, 1724, 1727, 1728, 1735, 1736, 1737, 1739, 1741, 1742, 1754, 1757, 1758, 1759, 1760, 1761, 1766, 1767, 1771, 1772, 1775, 1776, 1779, 1781, 1782, 1784, 1786, 1789, 1793, 1796, 1797, 1802, 1803, 1807, 1808, 1809, 1811, 1814, 1821, 1824, 1825, 1827, 1829, 1830, 1831, 1833, 1835, 1836, 1838, 1839, 1840, 1843, 1844, 1846, 1850, 1857, 1858, 1859, 1860, 1862, 1865, 1866, 1871, 1872, 1874, 1877, 1881, 1882, 1883, 1884, 1885, 1888, 1894, 1897, 1901, 1902, 1905, 1907, 1908, 1909, 1914, 1916, 1918, 1920, 1927, 1928, 1935, 1936, 1939, 1940, 1942, 1946, 1947, 1948, 1952, 1954, 1955, 1956, 1957, 1958, 1961, 1963, 1965, 1966, 1967, 1973, 1975, 1977, 1978, 1980, 1981, 1983, 1987, 1992, 2000, 2001, 2002, 2004, 2008, 2010, 2018, 2023, 2027, 2030, 2032, 2033, 2034, 2035, 2038, 2041, 2042, 2044, 2045, 2047, 2051, 2052, 2053, 2054, 2055, 2056, 2063, 2064, 2065, 2066, 2069, 2077, 2080, 2085, 2086, 2087, 2088, 2089, 2093, 2094, 2097, 2098, 2100, 2101, 2102, 2104, 2109, 2110, 2113, 2116, 2118, 2120, 2121, 2122, 2130, 2132, 2136, 2139, 2140, 2141, 2143, 2149, 2151, 2152, 2153, 2154, 2155, 2156, 2160, 2165, 2169, 2172, 2173, 2174, 2175, 2176, 2178, 2179, 2181, 2183, 2190, 2192, 2193, 2194, 2195, 2196, 2197, 2198, 2203, 2205, 2206, 2207, 2211, 2214, 2215, 2216, 2219, 2221, 2222, 2224, 2227, 2228, 2231, 2232, 2233, 2235, 2239, 2240, 2241, 2242, 2244, 2246, 2248, 2252, 2256, 2259, 2260, 2264, 2267, 2268, 2270, 2271, 2272, 2277, 2282, 2283, 2288, 2289, 2291, 2292, 2293, 2297, 2303, 2304, 2306, 2307, 2311, 2314, 2324, 2325, 2326, 2327, 2328, 2331, 2332, 2335, 2340, 2344, 2346, 2349, 2353, 2354, 2359, 2360, 2369, 2371, 2372, 2373, 2375, 2377, 2379, 2380, 2381, 2382, 2384, 2385, 2387, 2388, 2390, 2392, 2393, 2400, 2401, 2407, 2409, 2410, 2411, 2414, 2416, 2420, 2421, 2424, 2425, 2429, 2432, 2433, 2439, 2445, 2446, 2447, 2449, 2451, 2452, 2453, 2454, 2456, 2457, 2460, 2466, 2470, 2474, 2475, 2480, 2484, 2485, 2488, 2489, 2491, 2492, 2493, 2495, 2498, 2502, 2504, 2507, 2508, 2509, 2510, 2511, 2515, 2516, 2519, 2520, 2524, 2525, 2526, 2527, 2530, 2531, 2538, 2540, 2543, 2546, 2547, 2548, 2552, 2554, 2556, 2560, 2564, 2565, 2567, 2571, 2572, 2577, 2580, 2581, 2582, 2583, 2584, 2585, 2587, 2590, 2593, 2594, 2595, 2599, 2605, 2609, 2614, 2615, 2626, 2629, 2631, 2635, 2637, 2638, 2642, 2644, 2645, 2649, 2654, 2655, 2660, 2661, 2662, 2663, 2666, 2668, 2675, 2676, 2684, 2688, 2692, 2693, 2700, 2703, 2707, 2723, 2724, 2727, 2728, 2730, 2731, 2734, 2736, 2737, 2739, 2743, 2744, 2751, 2754, 2757, 2760, 2763, 2770, 2774, 2775, 2776, 2777, 2781, 2783, 2784, 2786, 2787, 2790, 2793, 2796, 2799, 2801, 2806, 2807, 2810, 2813, 2814, 2821, 2823, 2824, 2829, 2831, 2832, 2833, 2834, 2837, 2839, 2840, 2849, 2853, 2858, 2862, 2868, 2871, 2872, 2873, 2875, 2879, 2880, 2881, 2884, 2886, 2887, 2890, 2892, 2893, 2894, 2895, 2897, 2898, 2899, 2900, 2901, 2902, 2903, 2904, 2923, 2926, 2927, 2929, 2931, 2932, 2936, 2937, 2939, 2944, 2947, 2950, 2953, 2956, 2958, 2959, 2961, 2963, 2964, 2967, 2968, 2970, 2971, 2973, 2974, 2976, 2981, 2982, 2983, 2986, 2989, 2992, 2993, 2994, 2995, 3000, 3001, 3002, 3006, 3007, 3011, 3016, 3017, 3021, 3023, 3026, 3031, 3033, 3035, 3042, 3043, 3056, 3057, 3058, 3062, 3064, 3068, 3069, 3070, 3079, 3082, 3085, 3090, 3091, 3093, 3095, 3097, 3099, 3103, 3104, 3112, 3114, 3117, 3119, 3123, 3128, 3130, 3137, 3141, 3142, 3143, 3144, 3146, 3148, 3152, 3157, 3158, 3165, 3169, 3172, 3175, 3178, 3179, 3180, 3181, 3185, 3187, 3188, 3189, 3191, 3194, 3197, 3198, 3199, 3201, 3203, 3205, 3207, 3208, 3212, 3219, 3223, 3226, 3228, 3229, 3230, 3231, 3234, 3235, 3236, 3238, 3239, 3241, 3242, 3244, 3250, 3253, 3254, 3256, 3260, 3261, 3267, 3274, 3275, 3276, 3279, 3281, 3292, 3294, 3295, 3300, 3301, 3306]",
